side,entry_time,entry_price,stop,target,timeout,target_updates,stop_updates,s1_prob,s2_prob,tp,sl,horizon,matched_pattern,exit_time,exit_price,exit_reason,pnl,source,pattern
1,2025-06-20 20:49:00+00:00,3369.33,3354.33,3389.33,2025-06-20 21:14:00+00:00,11,0,0.9953859448432922,0.9953859448432922,20.0,15.0,15,reversal_fvg_long,2025-06-22 22:02:00+00:00,3383.28,timeout,13.950000000000273,pattern,reversal_fvg_long
1,2025-10-14 16:34:00+00:00,4129.75,4114.75,4149.75,2025-10-14 16:49:00+00:00,0,0,0.949909508228302,0.949909508228302,20.0,15.0,15,uptrend_retrace,2025-10-14 16:48:00+00:00,4149.75,target_hit,20.0,pattern,uptrend_retrace
1,2025-10-16 22:06:00+00:00,4333.5,4318.5,4353.5,2025-10-16 22:21:00+00:00,0,0,0.9788186550140381,0.9788186550140381,20.0,15.0,15,uptrend_retrace,2025-10-16 22:09:00+00:00,4353.5,target_hit,20.0,pattern,uptrend_retrace
1,2025-10-16 22:15:00+00:00,4350.17,4335.17,4370.17,2025-10-16 22:30:00+00:00,0,0,0.9584357142448425,0.9584357142448425,20.0,15.0,15,uptrend_retrace,2025-10-16 22:18:00+00:00,4370.17,target_hit,20.0,pattern,uptrend_retrace
1,2025-10-16 23:02:00+00:00,4343.01,4328.01,4363.01,2025-10-16 23:17:00+00:00,0,0,0.9758272171020508,0.9758272171020508,20.0,15.0,15,uptrend_retrace,2025-10-16 23:08:00+00:00,4363.01,target_hit,20.0,pattern,uptrend_retrace
1,2025-10-16 23:37:00+00:00,4353.22,4338.22,4377.45,2025-10-16 23:52:00+00:00,1,0,0.972502589225769,0.972502589225769,20.0,15.0,15,uptrend_retrace,2025-10-16 23:50:00+00:00,4377.45,target_hit,24.229999999999563,pattern,uptrend_retrace
-1,2025-10-17 01:18:00+00:00,4327.63,4357.63,4276.68,2025-10-17 02:09:00+00:00,14,0,0.9857146143913269,0.014285385608673096,40.0,30.0,30,reversal_fvg_short,2025-10-17 02:09:00+00:00,4331.0,timeout,-3.369999999999891,pattern,reversal_fvg_short
1,2025-10-17 02:24:00+00:00,4324.89,4309.89,4344.89,2025-10-17 02:39:00+00:00,0,0,0.9783726334571838,0.9783726334571838,20.0,15.0,15,uptrend_retrace,2025-10-17 02:31:00+00:00,4344.89,target_hit,20.0,pattern,uptrend_retrace
1,2025-10-17 03:02:00+00:00,4340.25,4325.25,4360.25,2025-10-17 03:17:00+00:00,0,0,0.9827837944030762,0.9827837944030762,20.0,15.0,15,uptrend_retrace,2025-10-17 03:15:00+00:00,4360.25,target_hit,20.0,pattern,uptrend_retrace
-1,2025-10-17 06:35:00+00:00,4350.68,4380.68,4310.68,2025-10-17 06:50:00+00:00,0,0,0.6644464135169983,0.3355535864830017,40.0,30.0,15,downtrend_retrace,2025-10-17 06:50:00+00:00,4362.11,timeout,-11.429999999999382,pattern,downtrend_retrace
-1,2025-10-17 07:06:00+00:00,4353.2,4383.2,4313.12,2025-10-17 07:32:00+00:00,1,0,0.9751767516136169,0.024823248386383057,40.0,30.0,15,downtrend_retrace,2025-10-17 07:20:00+00:00,4313.12,target_hit,40.07999999999993,pattern,downtrend_retrace
-1,2025-10-17 13:21:00+00:00,4309.8,4339.8,4218.89,2025-10-17 14:17:00+00:00,24,0,0.9946576952934265,0.005342304706573486,40.0,30.0,15,reversal_fvg_short,2025-10-17 14:14:00+00:00,4218.89,target_hit,90.90999999999985,pattern,reversal_fvg_short
1,2025-10-17 17:56:00+00:00,4220.83,4205.83,4241.7,2025-10-17 18:16:00+00:00,6,0,0.9870296716690063,0.9870296716690063,20.0,15.0,15,uptrend_retrace,2025-10-17 18:11:00+00:00,4241.7,target_hit,20.86999999999989,pattern,uptrend_retrace
1,2025-10-20 14:01:00+00:00,4296.05,4281.05,4334.55,2025-10-20 14:28:00+00:00,13,0,0.992542028427124,0.992542028427124,20.0,15.0,15,uptrend_retrace,2025-10-20 14:20:00+00:00,4334.55,target_hit,38.5,pattern,uptrend_retrace
-1,2025-10-21 07:58:00+00:00,4301.93,4331.93,4249.08,2025-10-21 08:17:00+00:00,5,0,0.9796939492225647,0.020306050777435303,40.0,30.0,15,reversal_fvg_short,2025-10-21 08:14:00+00:00,4249.08,target_hit,52.850000000000364,pattern,reversal_fvg_short
-1,2025-10-21 12:02:00+00:00,4256.04,4286.04,4213.66,2025-10-21 12:18:00+00:00,2,0,0.988074004650116,0.011925995349884033,40.0,30.0,15,downtrend_retrace,2025-10-21 12:18:00+00:00,4229.04,timeout,27.0,pattern,downtrend_retrace
-1,2025-10-21 13:37:00+00:00,4208.49,4238.49,4140.17,2025-10-21 14:03:00+00:00,9,0,0.9908209443092346,0.00917905569076538,40.0,30.0,15,reversal_fvg_short,2025-10-21 14:03:00+00:00,4167.92,timeout,40.56999999999971,pattern,reversal_fvg_short
-1,2025-10-21 14:04:00+00:00,4167.65,4197.65,4088.0200000000004,2025-10-21 14:52:00+00:00,28,0,0.8808686137199402,0.11913138628005981,40.0,30.0,15,reversal_fvg_short,2025-10-21 14:45:00+00:00,4088.0200000000004,target_hit,79.6299999999992,pattern,reversal_fvg_short
1,2025-10-21 14:50:00+00:00,4113.77,4098.77,4149.68,2025-10-21 15:21:00+00:00,14,0,0.9932635426521301,0.9932635426521301,20.0,15.0,15,uptrend_retrace,2025-10-21 15:11:00+00:00,4149.68,target_hit,35.909999999999854,pattern,uptrend_retrace
1,2025-10-21 15:32:00+00:00,4127.27,4112.27,4148.76,2025-10-21 15:55:00+00:00,8,0,0.9907021522521973,0.9907021522521973,20.0,15.0,15,uptrend_retrace,2025-10-21 15:55:00+00:00,4144.63,timeout,17.359999999999673,pattern,uptrend_retrace
-1,2025-10-21 23:51:00+00:00,4105.52,4135.52,4015.28,2025-10-22 00:35:00+00:00,7,0,0.959243893623352,0.04075610637664795,40.0,30.0,30,breakthrough_short,2025-10-22 00:10:00+00:00,4015.28,target_hit,90.24000000000024,pattern,breakthrough_short
1,2025-10-22 00:15:00+00:00,4038.21,4023.21,4090.77,2025-10-22 00:49:00+00:00,18,0,0.988854169845581,0.988854169845581,20.0,15.0,15,uptrend_retrace,2025-10-22 00:48:00+00:00,4090.77,target_hit,52.559999999999945,pattern,uptrend_retrace
1,2025-10-22 00:56:00+00:00,4077.44,4062.44,4105.33,2025-10-22 01:17:00+00:00,7,0,0.9891772866249084,0.9891772866249084,20.0,15.0,15,uptrend_retrace,2025-10-22 01:06:00+00:00,4105.33,target_hit,27.889999999999873,pattern,uptrend_retrace
1,2025-10-22 01:55:00+00:00,4091.73,4076.73,4118.03,2025-10-22 02:19:00+00:00,10,0,0.5809149146080017,0.5809149146080017,20.0,15.0,15,uptrend_retrace,2025-10-22 02:13:00+00:00,4118.03,target_hit,26.299999999999727,pattern,uptrend_retrace
1,2025-10-22 03:23:00+00:00,4112.86,4097.86,4134.25,2025-10-22 03:43:00+00:00,2,0,0.9746522903442383,0.9746522903442383,20.0,15.0,15,uptrend_retrace,2025-10-22 03:37:00+00:00,4134.25,target_hit,21.390000000000327,pattern,uptrend_retrace
-1,2025-10-22 07:58:00+00:00,4131.22,4161.22,4072.7200000000003,2025-10-22 08:23:00+00:00,11,0,0.9977771639823914,0.0022228360176086426,40.0,30.0,15,downtrend_retrace,2025-10-22 08:15:00+00:00,4072.7200000000003,target_hit,58.5,pattern,downtrend_retrace
-1,2025-10-22 10:31:00+00:00,4086.06,4116.0599999999995,4046.06,2025-10-22 10:46:00+00:00,0,0,0.9842779040336609,0.01572209596633911,40.0,30.0,15,downtrend_retrace,2025-10-22 10:43:00+00:00,4046.06,target_hit,40.0,pattern,downtrend_retrace
-1,2025-10-22 10:49:00+00:00,4055.25,4085.25,4010.61,2025-10-22 11:07:00+00:00,4,0,0.992171049118042,0.007828950881958008,40.0,30.0,15,downtrend_retrace,2025-10-22 11:07:00+00:00,4035.46,timeout,19.789999999999964,pattern,downtrend_retrace
1,2025-10-22 13:02:00+00:00,4049.16,4034.16,4069.16,2025-10-22 13:17:00+00:00,0,0,0.9784851670265198,0.9784851670265198,20.0,15.0,15,uptrend_retrace,2025-10-22 13:17:00+00:00,4066.45,timeout,17.289999999999964,pattern,uptrend_retrace
1,2025-10-22 13:24:00+00:00,4058.57,4043.57,4080.53,2025-10-22 13:50:00+00:00,12,0,0.5958729982376099,0.5958729982376099,20.0,15.0,15,uptrend_retrace,2025-10-22 13:39:00+00:00,4080.53,target_hit,21.960000000000036,pattern,uptrend_retrace
1,2025-10-22 16:27:00+00:00,4042.2,4027.2,4063.88,2025-10-22 16:44:00+00:00,2,0,0.9681743383407593,0.9681743383407593,20.0,15.0,15,uptrend_retrace,2025-10-22 16:33:00+00:00,4063.88,target_hit,21.68000000000029,pattern,uptrend_retrace
1,2025-10-24 12:52:00+00:00,4078.86,4063.86,4104.4400000000005,2025-10-24 13:16:00+00:00,10,0,0.9883636236190796,0.9883636236190796,20.0,15.0,15,uptrend_retrace,2025-10-24 13:07:00+00:00,4104.4400000000005,target_hit,25.580000000000382,pattern,uptrend_retrace
1,2025-10-24 13:59:00+00:00,4107.59,4092.59,4128.06,2025-10-24 14:20:00+00:00,7,0,0.9910308122634888,0.9910308122634888,20.0,15.0,15,uptrend_retrace,2025-10-24 14:12:00+00:00,4128.06,target_hit,20.470000000000255,pattern,uptrend_retrace
-1,2025-10-27 13:43:00+00:00,4023.93,4053.93,3983.93,2025-10-27 13:58:00+00:00,0,0,0.6858682632446289,0.3141317367553711,40.0,30.0,15,downtrend_retrace,2025-10-27 13:58:00+00:00,4021.01,timeout,2.919999999999618,pattern,downtrend_retrace
-1,2025-10-27 14:00:00+00:00,4021.89,4051.89,3956.35,2025-10-27 14:31:00+00:00,2,0,0.5853976011276245,0.4146023988723755,40.0,30.0,15,reversal_fvg_short,2025-10-27 14:31:00+00:00,3992.66,timeout,29.230000000000018,pattern,reversal_fvg_short
1,2025-10-29 08:01:00+00:00,4002.38,3987.38,4026.8,2025-10-29 08:22:00+00:00,2,0,0.6869845986366272,0.6869845986366272,20.0,15.0,15,reversal_fvg_long,2025-10-29 08:22:00+00:00,4007.38,timeout,5.0,pattern,reversal_fvg_long
1,2025-10-30 04:32:00+00:00,3963.74,3948.74,3984.12,2025-10-30 04:48:00+00:00,2,0,0.5971225500106812,0.5971225500106812,20.0,15.0,15,reversal_fvg_long,2025-10-30 04:48:00+00:00,3974.53,timeout,10.790000000000418,pattern,reversal_fvg_long
1,2025-10-30 09:06:00+00:00,3993.4,3978.4,4016.36,2025-10-30 09:24:00+00:00,4,0,0.5746020078659058,0.5746020078659058,20.0,15.0,15,reversal_fvg_long,2025-10-30 09:24:00+00:00,4000.56,timeout,7.1599999999998545,pattern,reversal_fvg_long
1,2025-11-18 08:41:00+00:00,4038.75,4023.75,4060.39,2025-11-18 09:10:00+00:00,3,0,0.6363400220870972,0.6363400220870972,20.0,15.0,15,reversal_fvg_long,2025-11-18 09:10:00+00:00,4032.39,timeout,-6.360000000000127,pattern,reversal_fvg_long
1,2025-11-18 13:38:00+00:00,4066.7,4051.7,4088.94,2025-11-18 14:11:00+00:00,15,0,0.71199631690979,0.71199631690979,20.0,15.0,15,reversal_fvg_long,2025-11-18 14:11:00+00:00,4072.04,timeout,5.3400000000001455,pattern,reversal_fvg_long
1,2025-11-21 12:32:00+00:00,4060.96,4045.96,4090.26,2025-11-21 13:04:00+00:00,11,0,0.5729401707649231,0.5729401707649231,20.0,15.0,15,reversal_fvg_long,2025-11-21 13:04:00+00:00,4059.92,timeout,-1.0399999999999636,pattern,reversal_fvg_long
1,2025-12-01 01:59:00+00:00,4253.55,4238.55,4273.55,2025-12-01 02:14:00+00:00,0,0,0.7026159763336182,0.7026159763336182,20.0,15.0,15,reversal_fvg_long,2025-12-01 02:14:00+00:00,4248.05,timeout,-5.5,pattern,reversal_fvg_long
1,2025-12-01 05:24:00+00:00,4220.35,4205.35,4240.44,2025-12-01 05:44:00+00:00,4,0,0.6799901127815247,0.6799901127815247,20.0,15.0,15,reversal_fvg_long,2025-12-01 05:44:00+00:00,4224.14,timeout,3.7899999999999636,pattern,reversal_fvg_long
1,2025-12-17 13:34:00+00:00,4333.96,4318.96,4353.96,2025-12-17 13:49:00+00:00,0,0,0.6693411469459534,0.6693411469459534,20.0,15.0,15,reversal_fvg_long,2025-12-17 13:49:00+00:00,4333.65,timeout,-0.3100000000004002,pattern,reversal_fvg_long
1,2025-12-29 00:49:00+00:00,4504.97,4489.97,4524.97,2025-12-29 01:18:00+00:00,3,0,0.7310349941253662,0.7310349941253662,20.0,15.0,15,uptrend_retrace,2025-12-29 01:18:00+00:00,4513.52,timeout,8.550000000000182,pattern,uptrend_retrace
1,2025-12-29 15:36:00+00:00,4333.6,4318.6,4354.62,2025-12-29 15:52:00+00:00,2,0,0.7640061974525452,0.7640061974525452,20.0,15.0,15,uptrend_retrace,2025-12-29 15:52:00+00:00,4326.98,timeout,-6.6200000000008,pattern,uptrend_retrace
-1,2026-01-05 13:30:00+00:00,4399.5,4429.5,4359.5,2026-01-05 13:45:00+00:00,0,0,0.6778790950775146,0.32212090492248535,40.0,30.0,15,reversal_fvg_short,2026-01-05 13:45:00+00:00,4413.84,timeout,-14.340000000000146,pattern,reversal_fvg_short
-1,2026-01-07 01:36:00+00:00,4465.63,4495.63,4425.63,2026-01-07 01:51:00+00:00,1,0,0.6287710666656494,0.3712289333343506,40.0,30.0,15,reversal_fvg_short,2026-01-07 01:51:00+00:00,4467.96,timeout,-2.3299999999999272,pattern,reversal_fvg_short
-1,2026-01-08 06:07:00+00:00,4418.09,4448.09,4378.09,2026-01-08 06:23:00+00:00,1,0,0.6661505699157715,0.3338494300842285,40.0,30.0,15,reversal_fvg_short,2026-01-08 06:23:00+00:00,4423.55,timeout,-5.460000000000036,pattern,reversal_fvg_short
-1,2026-01-14 08:36:00+00:00,4630.41,4660.41,4590.41,2026-01-14 09:00:00+00:00,4,0,0.6100029349327087,0.38999706506729126,40.0,30.0,15,reversal_fvg_short,2026-01-14 09:00:00+00:00,4634.74,timeout,-4.329999999999927,pattern,reversal_fvg_short
-1,2026-01-14 10:06:00+00:00,4631.84,4661.84,4591.73,2026-01-14 10:58:00+00:00,17,0,0.647548258304596,0.35245174169540405,40.0,30.0,15,reversal_fvg_short,2026-01-14 10:58:00+00:00,4632.78,timeout,-0.9399999999995998,pattern,reversal_fvg_short
-1,2026-01-14 21:52:00+00:00,4625.17,4655.17,4585.17,2026-01-14 22:07:00+00:00,0,0,0.6375125646591187,0.36248743534088135,40.0,30.0,15,reversal_fvg_short,2026-01-14 23:01:00+00:00,4626.9,timeout,-1.7299999999995634,pattern,reversal_fvg_short
-1,2026-01-15 03:15:00+00:00,4591.04,4621.04,4547.44,2026-01-15 03:47:00+00:00,3,0,0.638759434223175,0.36124056577682495,40.0,30.0,15,reversal_fvg_short,2026-01-15 03:47:00+00:00,4593.05,timeout,-2.0100000000002183,pattern,reversal_fvg_short
-1,2026-01-21 14:12:00+00:00,4845.92,4875.92,4783.14,2026-01-21 16:15:00+00:00,25,0,0.7278268933296204,0.27217310667037964,40.0,30.0,30,downtrend_retrace,2026-01-21 16:15:00+00:00,4852.17,timeout,-6.25,pattern,downtrend_retrace
1,2026-01-26 00:16:00+00:00,5039.84,5024.84,5070.62,2026-01-26 00:55:00+00:00,16,0,0.8998563289642334,0.8998563289642334,20.0,15.0,15,reversal_fvg_long,2026-01-26 00:55:00+00:00,5045.91,timeout,6.069999999999709,pattern,reversal_fvg_long
1,2026-01-27 19:58:00+00:00,5099.34,5079.34,5139.34,2026-01-27 20:13:00+00:00,0,0,0.9852188229560852,0.9852188229560852,40.0,20.0,15,breakthrough_long,2026-01-27 20:11:00+00:00,5139.34,target_hit,40.0,pattern,breakthrough_long
1,2026-01-27 21:39:00+00:00,5180.85,5165.85,5209.76,2026-01-27 22:05:00+00:00,12,0,0.6008421778678894,0.6008421778678894,20.0,15.0,15,reversal_fvg_long,2026-01-27 23:01:00+00:00,5175.63,timeout,-5.220000000000255,pattern,reversal_fvg_long
1,2026-01-28 01:46:00+00:00,5220.26,5205.26,5243.92,2026-01-28 02:10:00+00:00,10,0,0.6097973585128784,0.6097973585128784,20.0,15.0,15,reversal_fvg_long,2026-01-28 01:59:00+00:00,5205.26,stop_loss,-15.0,pattern,reversal_fvg_long
1,2026-01-28 02:28:00+00:00,5220.06,5205.06,5249.61,2026-01-28 02:57:00+00:00,14,0,0.5875964760780334,0.5875964760780334,20.0,15.0,15,reversal_fvg_long,2026-01-28 02:57:00+00:00,5229.95,timeout,9.889999999999418,pattern,reversal_fvg_long
1,2026-01-28 05:42:00+00:00,5266.29,5251.29,5286.29,2026-01-28 05:58:00+00:00,2,0,0.7161465287208557,0.7161465287208557,20.0,15.0,15,reversal_fvg_long,2026-01-28 05:58:00+00:00,5262.39,timeout,-3.899999999999636,pattern,reversal_fvg_long
1,2026-01-28 08:01:00+00:00,5290.21,5275.21,5318.06,2026-01-28 08:25:00+00:00,10,0,0.7414271831512451,0.7414271831512451,20.0,15.0,15,reversal_fvg_long,2026-01-28 08:25:00+00:00,5295.18,timeout,4.970000000000255,pattern,reversal_fvg_long
1,2026-01-28 08:31:00+00:00,5300.87,5285.87,5330.92,2026-01-28 08:52:00+00:00,7,0,0.7125948667526245,0.7125948667526245,20.0,15.0,15,reversal_fvg_long,2026-01-28 08:45:00+00:00,5285.87,stop_loss,-15.0,pattern,reversal_fvg_long
1,2026-01-28 21:49:00+00:00,5400.83,5380.83,5457.32,2026-01-28 22:12:00+00:00,7,0,0.986814022064209,0.986814022064209,40.0,20.0,15,breakthrough_long,2026-01-28 23:01:00+00:00,5450.9,timeout,50.06999999999971,pattern,breakthrough_long
1,2026-01-28 23:03:00+00:00,5442.64,5422.64,5492.44,2026-01-28 23:24:00+00:00,3,0,0.9955322742462158,0.9955322742462158,40.0,20.0,15,breakthrough_long,2026-01-28 23:19:00+00:00,5492.44,target_hit,49.79999999999927,pattern,breakthrough_long
1,2026-01-28 23:25:00+00:00,5484.57,5464.57,5551.47,2026-01-28 23:50:00+00:00,5,0,0.9911432266235352,0.9911432266235352,40.0,20.0,15,breakthrough_long,2026-01-28 23:38:00+00:00,5551.47,target_hit,66.90000000000055,pattern,breakthrough_long
1,2026-01-29 00:19:00+00:00,5487.01,5472.01,5507.01,2026-01-29 00:34:00+00:00,0,0,0.5808440446853638,0.5808440446853638,20.0,15.0,15,uptrend_retrace,2026-01-29 00:20:00+00:00,5472.01,stop_loss,-15.0,pattern,uptrend_retrace
1,2026-01-29 01:05:00+00:00,5468.83,5453.83,5499.64,2026-01-29 01:22:00+00:00,3,0,0.6205884218215942,0.6205884218215942,20.0,15.0,15,uptrend_retrace,2026-01-29 01:09:00+00:00,5453.83,stop_loss,-15.0,pattern,uptrend_retrace
1,2026-01-29 01:15:00+00:00,5480.12,5465.12,5513.98,2026-01-29 01:36:00+00:00,4,0,0.6092023849487305,0.6092023849487305,20.0,15.0,15,uptrend_retrace,2026-01-29 01:24:00+00:00,5513.98,target_hit,33.85999999999967,pattern,uptrend_retrace
-1,2026-01-29 07:29:00+00:00,5538.21,5568.21,5498.21,2026-01-29 07:44:00+00:00,0,0,0.6344939470291138,0.36550605297088623,40.0,30.0,15,downtrend_retrace,2026-01-29 07:44:00+00:00,5549.54,timeout,-11.329999999999927,pattern,downtrend_retrace
-1,2026-01-29 08:06:00+00:00,5527.63,5557.63,5487.63,2026-01-29 08:24:00+00:00,1,0,0.6816641092300415,0.3183358907699585,40.0,30.0,15,downtrend_retrace,2026-01-29 08:24:00+00:00,5530.5,timeout,-2.869999999999891,pattern,downtrend_retrace
1,2026-01-29 14:49:00+00:00,5507.38,5492.38,5535.92,2026-01-29 15:13:00+00:00,9,0,0.850183367729187,0.850183367729187,20.0,15.0,15,uptrend_retrace,2026-01-29 15:00:00+00:00,5492.38,stop_loss,-15.0,pattern,uptrend_retrace
1,2026-01-29 15:24:00+00:00,5329.53,5314.53,5349.53,2026-01-29 15:39:00+00:00,0,0,0.7249573469161987,0.7249573469161987,20.0,15.0,15,uptrend_retrace,2026-01-29 15:24:00+00:00,5314.53,stop_loss,-15.0,pattern,uptrend_retrace
1,2026-01-29 15:33:00+00:00,5148.29,5133.29,5168.29,2026-01-29 15:48:00+00:00,0,0,0.7713139057159424,0.7713139057159424,20.0,15.0,15,uptrend_retrace,2026-01-29 15:33:00+00:00,5133.29,stop_loss,-15.0,pattern,uptrend_retrace
1,2026-01-29 15:34:00+00:00,5175.79,5160.79,5195.79,2026-01-29 15:49:00+00:00,0,0,0.6714004874229431,0.6714004874229431,20.0,15.0,15,uptrend_retrace,2026-01-29 15:34:00+00:00,5160.79,stop_loss,-15.0,pattern,uptrend_retrace
1,2026-01-29 15:35:00+00:00,5163.58,5148.58,5183.58,2026-01-29 15:50:00+00:00,0,0,0.7434912323951721,0.7434912323951721,20.0,15.0,15,uptrend_retrace,2026-01-29 15:35:00+00:00,5148.58,stop_loss,-15.0,pattern,uptrend_retrace
1,2026-01-29 15:38:00+00:00,5178.59,5163.59,5198.59,2026-01-29 15:53:00+00:00,0,0,0.789557933807373,0.789557933807373,20.0,15.0,15,uptrend_retrace,2026-01-29 15:38:00+00:00,5198.59,target_hit,20.0,pattern,uptrend_retrace
1,2026-01-29 15:41:00+00:00,5179.39,5164.39,5199.39,2026-01-29 15:56:00+00:00,0,0,0.8007181882858276,0.8007181882858276,20.0,15.0,15,uptrend_retrace,2026-01-29 15:41:00+00:00,5164.39,stop_loss,-15.0,pattern,uptrend_retrace
1,2026-01-29 15:42:00+00:00,5164.11,5149.11,5184.11,2026-01-29 15:57:00+00:00,0,0,0.608527660369873,0.608527660369873,20.0,15.0,15,uptrend_retrace,2026-01-29 15:42:00+00:00,5149.11,stop_loss,-15.0,pattern,uptrend_retrace
1,2026-01-29 15:46:00+00:00,5164.87,5149.87,5188.95,2026-01-29 16:01:00+00:00,1,0,0.6871530413627625,0.6871530413627625,20.0,15.0,15,uptrend_retrace,2026-01-29 15:47:00+00:00,5149.87,stop_loss,-15.0,pattern,uptrend_retrace
1,2026-01-29 15:48:00+00:00,5157.92,5142.92,5177.92,2026-01-29 16:03:00+00:00,0,0,0.8316641449928284,0.8316641449928284,20.0,15.0,15,uptrend_retrace,2026-01-29 15:48:00+00:00,5177.92,target_hit,20.0,pattern,uptrend_retrace
1,2026-01-29 15:49:00+00:00,5164.65,5149.65,5186.02,2026-01-29 16:04:00+00:00,1,0,0.651727557182312,0.651727557182312,20.0,15.0,15,uptrend_retrace,2026-01-29 15:50:00+00:00,5186.02,target_hit,21.3700000000008,pattern,uptrend_retrace
1,2026-01-29 20:49:00+00:00,5364.35,5344.35,5404.35,2026-01-29 21:04:00+00:00,0,0,0.9892938137054443,0.9892938137054443,40.0,20.0,15,breakthrough_long,2026-01-29 20:57:00+00:00,5404.35,target_hit,40.0,pattern,breakthrough_long
1,2026-01-30 01:17:00+00:00,5329.86,5314.86,5349.86,2026-01-30 01:32:00+00:00,0,0,0.6568850874900818,0.6568850874900818,20.0,15.0,15,uptrend_retrace,2026-01-30 01:23:00+00:00,5349.86,target_hit,20.0,pattern,uptrend_retrace
1,2026-01-30 02:25:00+00:00,5163.5,5148.5,5183.5,2026-01-30 02:40:00+00:00,0,0,0.5687984824180603,0.5687984824180603,20.0,15.0,15,uptrend_retrace,2026-01-30 02:25:00+00:00,5183.5,target_hit,20.0,pattern,uptrend_retrace
1,2026-01-30 02:32:00+00:00,5145.0,5130.0,5187.5,2026-01-30 02:48:00+00:00,2,0,0.6165390610694885,0.6165390610694885,20.0,15.0,15,uptrend_retrace,2026-01-30 02:36:00+00:00,5187.5,target_hit,42.5,pattern,uptrend_retrace
1,2026-01-30 08:38:00+00:00,5084.98,5069.98,5137.75,2026-01-30 09:22:00+00:00,12,0,0.715117335319519,0.715117335319519,20.0,15.0,15,uptrend_retrace,2026-01-30 09:08:00+00:00,5069.98,stop_loss,-15.0,pattern,uptrend_retrace
1,2026-01-30 09:16:00+00:00,5047.75,5032.75,5088.35,2026-01-30 09:41:00+00:00,6,0,0.833699107170105,0.833699107170105,20.0,15.0,15,uptrend_retrace,2026-01-30 09:28:00+00:00,5032.75,stop_loss,-15.0,pattern,uptrend_retrace
1,2026-01-30 09:32:00+00:00,5055.99,5040.99,5082.1,2026-01-30 09:48:00+00:00,2,0,0.9077113270759583,0.9077113270759583,20.0,15.0,15,uptrend_retrace,2026-01-30 09:38:00+00:00,5040.99,stop_loss,-15.0,pattern,uptrend_retrace
1,2026-01-30 09:48:00+00:00,4991.55,4976.55,5011.55,2026-01-30 10:03:00+00:00,1,0,0.8598280549049377,0.8598280549049377,20.0,15.0,15,uptrend_retrace,2026-01-30 09:49:00+00:00,4976.55,stop_loss,-15.0,pattern,uptrend_retrace
1,2026-01-30 09:50:00+00:00,4982.69,4967.69,5002.69,2026-01-30 10:05:00+00:00,0,0,0.8204291462898254,0.8204291462898254,20.0,15.0,15,uptrend_retrace,2026-01-30 09:50:00+00:00,4967.69,stop_loss,-15.0,pattern,uptrend_retrace
1,2026-01-30 09:53:00+00:00,4985.34,4970.34,5008.2,2026-01-30 10:09:00+00:00,2,0,0.9116067290306091,0.9116067290306091,20.0,15.0,15,uptrend_retrace,2026-01-30 09:57:00+00:00,5008.2,target_hit,22.859999999999673,pattern,uptrend_retrace
1,2026-01-30 09:59:00+00:00,5009.3,4994.3,5033.94,2026-01-30 10:14:00+00:00,1,0,0.7275198698043823,0.7275198698043823,20.0,15.0,15,uptrend_retrace,2026-01-30 10:00:00+00:00,5033.94,target_hit,24.639999999999418,pattern,uptrend_retrace
1,2026-01-30 13:25:00+00:00,5026.25,5011.25,5052.2,2026-01-30 13:42:00+00:00,3,0,0.6089168787002563,0.6089168787002563,20.0,15.0,15,uptrend_retrace,2026-01-30 13:31:00+00:00,5011.25,stop_loss,-15.0,pattern,uptrend_retrace
1,2026-01-30 13:37:00+00:00,5032.5,5017.5,5058.31,2026-01-30 14:01:00+00:00,4,0,0.7976653575897217,0.7976653575897217,20.0,15.0,15,uptrend_retrace,2026-01-30 13:47:00+00:00,5017.5,stop_loss,-15.0,pattern,uptrend_retrace
1,2026-01-30 13:48:00+00:00,5006.94,4991.94,5037.98,2026-01-30 14:07:00+00:00,5,0,0.9144055843353271,0.9144055843353271,20.0,15.0,15,uptrend_retrace,2026-01-30 14:01:00+00:00,5037.98,target_hit,31.039999999999964,pattern,uptrend_retrace
1,2026-01-30 15:08:00+00:00,5013.55,4998.55,5033.55,2026-01-30 15:23:00+00:00,0,0,0.5872164368629456,0.5872164368629456,20.0,15.0,15,uptrend_retrace,2026-01-30 15:08:00+00:00,4998.55,stop_loss,-15.0,pattern,uptrend_retrace
1,2026-01-30 15:11:00+00:00,5011.85,4996.85,5031.85,2026-01-30 15:26:00+00:00,0,0,0.8602694869041443,0.8602694869041443,20.0,15.0,15,uptrend_retrace,2026-01-30 15:11:00+00:00,5031.85,target_hit,20.0,pattern,uptrend_retrace
1,2026-01-30 15:12:00+00:00,5036.5,5021.5,5056.52,2026-01-30 15:29:00+00:00,3,0,0.7046741843223572,0.7046741843223572,20.0,15.0,15,uptrend_retrace,2026-01-30 15:18:00+00:00,5056.52,target_hit,20.020000000000437,pattern,uptrend_retrace
1,2026-02-01 23:06:00+00:00,4820.3,4805.3,4843.37,2026-02-01 23:24:00+00:00,4,0,0.6488005518913269,0.6488005518913269,20.0,15.0,15,uptrend_retrace,2026-02-01 23:10:00+00:00,4805.3,stop_loss,-15.0,pattern,uptrend_retrace
1,2026-02-01 23:26:00+00:00,4737.45,4722.45,4761.8,2026-02-01 23:42:00+00:00,2,0,0.7263997197151184,0.7263997197151184,20.0,15.0,15,uptrend_retrace,2026-02-01 23:28:00+00:00,4722.45,stop_loss,-15.0,pattern,uptrend_retrace
1,2026-02-01 23:29:00+00:00,4726.5,4711.5,4798.35,2026-02-02 00:14:00+00:00,28,0,0.7483652830123901,0.7483652830123901,20.0,15.0,15,uptrend_retrace,2026-02-02 00:08:00+00:00,4798.35,target_hit,71.85000000000036,pattern,uptrend_retrace
1,2026-02-02 00:27:00+00:00,4844.91,4829.91,4864.91,2026-02-02 00:42:00+00:00,0,0,0.5504679679870605,0.5504679679870605,20.0,15.0,15,uptrend_retrace,2026-02-02 00:30:00+00:00,4829.91,stop_loss,-15.0,pattern,uptrend_retrace
1,2026-02-02 00:43:00+00:00,4827.54,4812.54,4847.54,2026-02-02 00:58:00+00:00,0,0,0.6994963884353638,0.6994963884353638,20.0,15.0,15,uptrend_retrace,2026-02-02 00:43:00+00:00,4812.54,stop_loss,-15.0,pattern,uptrend_retrace
1,2026-02-02 00:48:00+00:00,4783.81,4768.81,4817.79,2026-02-02 01:09:00+00:00,5,0,0.6875002384185791,0.6875002384185791,20.0,15.0,15,uptrend_retrace,2026-02-02 00:56:00+00:00,4768.81,stop_loss,-15.0,pattern,uptrend_retrace
1,2026-02-02 00:59:00+00:00,4782.4,4767.4,4802.4,2026-02-02 01:14:00+00:00,0,0,0.6096123456954956,0.6096123456954956,20.0,15.0,15,uptrend_retrace,2026-02-02 00:59:00+00:00,4767.4,stop_loss,-15.0,pattern,uptrend_retrace
1,2026-02-02 01:00:00+00:00,4767.25,4752.25,4787.25,2026-02-02 01:15:00+00:00,0,0,0.6038790941238403,0.6038790941238403,20.0,15.0,15,uptrend_retrace,2026-02-02 01:00:00+00:00,4752.25,stop_loss,-15.0,pattern,uptrend_retrace
1,2026-02-02 01:01:00+00:00,4738.2,4723.2,4758.2,2026-02-02 01:16:00+00:00,0,0,0.683495819568634,0.683495819568634,20.0,15.0,15,uptrend_retrace,2026-02-02 01:01:00+00:00,4758.2,target_hit,20.0,pattern,uptrend_retrace
1,2026-02-02 01:02:00+00:00,4749.06,4734.06,4769.06,2026-02-02 01:17:00+00:00,0,0,0.6238324642181396,0.6238324642181396,20.0,15.0,15,uptrend_retrace,2026-02-02 01:02:00+00:00,4769.06,target_hit,20.0,pattern,uptrend_retrace
1,2026-02-02 01:04:00+00:00,4773.6,4758.6,4793.6,2026-02-02 01:19:00+00:00,0,0,0.6980093717575073,0.6980093717575073,20.0,15.0,15,uptrend_retrace,2026-02-02 01:04:00+00:00,4758.6,stop_loss,-15.0,pattern,uptrend_retrace
1,2026-02-02 01:05:00+00:00,4756.63,4741.63,4783.2,2026-02-02 01:20:00+00:00,1,0,0.789114236831665,0.789114236831665,20.0,15.0,15,uptrend_retrace,2026-02-02 01:06:00+00:00,4741.63,stop_loss,-15.0,pattern,uptrend_retrace
1,2026-02-02 01:07:00+00:00,4750.43,4735.43,4770.43,2026-02-02 01:22:00+00:00,0,0,0.8865019679069519,0.8865019679069519,20.0,15.0,15,uptrend_retrace,2026-02-02 01:07:00+00:00,4735.43,stop_loss,-15.0,pattern,uptrend_retrace
1,2026-02-02 01:08:00+00:00,4702.35,4687.35,4734.01,2026-02-02 01:23:00+00:00,1,0,0.6873803734779358,0.6873803734779358,20.0,15.0,15,reversal_fvg_long,2026-02-02 01:09:00+00:00,4687.35,stop_loss,-15.0,pattern,reversal_fvg_long
1,2026-02-02 01:10:00+00:00,4656.0,4641.0,4676.0,2026-02-02 01:25:00+00:00,0,0,0.705540120601654,0.705540120601654,20.0,15.0,15,reversal_fvg_long,2026-02-02 01:10:00+00:00,4641.0,stop_loss,-15.0,pattern,reversal_fvg_long
1,2026-02-02 01:21:00+00:00,4703.19,4688.19,4723.19,2026-02-02 01:36:00+00:00,0,0,0.8611533641815186,0.8611533641815186,20.0,15.0,15,uptrend_retrace,2026-02-02 01:21:00+00:00,4688.19,stop_loss,-15.0,pattern,uptrend_retrace
1,2026-02-02 01:22:00+00:00,4692.0,4677.0,4712.0,2026-02-02 01:37:00+00:00,1,0,0.8505153059959412,0.8505153059959412,20.0,15.0,15,uptrend_retrace,2026-02-02 01:23:00+00:00,4677.0,stop_loss,-15.0,pattern,uptrend_retrace
1,2026-02-02 01:24:00+00:00,4648.8,4633.8,4668.8,2026-02-02 01:39:00+00:00,0,0,0.6728557348251343,0.6728557348251343,20.0,15.0,15,uptrend_retrace,2026-02-02 01:24:00+00:00,4668.8,target_hit,20.0,pattern,uptrend_retrace
1,2026-02-02 01:25:00+00:00,4675.23,4660.23,4695.23,2026-02-02 01:40:00+00:00,0,0,0.8531800508499146,0.8531800508499146,20.0,15.0,15,uptrend_retrace,2026-02-02 01:25:00+00:00,4660.23,stop_loss,-15.0,pattern,uptrend_retrace
1,2026-02-02 01:26:00+00:00,4662.08,4647.08,4682.08,2026-02-02 01:41:00+00:00,0,0,0.8128112554550171,0.8128112554550171,20.0,15.0,15,uptrend_retrace,2026-02-02 01:26:00+00:00,4682.08,target_hit,20.0,pattern,uptrend_retrace
1,2026-02-02 01:27:00+00:00,4690.37,4675.37,4723.71,2026-02-02 01:44:00+00:00,3,0,0.8416996598243713,0.8416996598243713,20.0,15.0,15,uptrend_retrace,2026-02-02 01:30:00+00:00,4675.37,stop_loss,-15.0,pattern,uptrend_retrace
1,2026-02-02 01:31:00+00:00,4677.42,4662.42,4764.65,2026-02-02 02:45:00+00:00,58,0,0.8823040127754211,0.8823040127754211,20.0,15.0,15,uptrend_retrace,2026-02-02 02:32:00+00:00,4764.65,target_hit,87.22999999999956,pattern,uptrend_retrace
1,2026-02-02 02:49:00+00:00,4737.23,4722.23,4757.23,2026-02-02 03:04:00+00:00,0,0,0.5939738154411316,0.5939738154411316,20.0,15.0,15,uptrend_retrace,2026-02-02 02:49:00+00:00,4722.23,stop_loss,-15.0,pattern,uptrend_retrace
1,2026-02-02 02:50:00+00:00,4729.4,4714.4,4753.0,2026-02-02 03:11:00+00:00,7,0,0.664409875869751,0.664409875869751,20.0,15.0,15,uptrend_retrace,2026-02-02 02:57:00+00:00,4714.4,stop_loss,-15.0,pattern,uptrend_retrace
1,2026-02-02 03:00:00+00:00,4711.65,4696.65,4747.44,2026-02-02 03:28:00+00:00,10,0,0.5706364512443542,0.5706364512443542,20.0,15.0,15,uptrend_retrace,2026-02-02 03:14:00+00:00,4696.65,stop_loss,-15.0,pattern,uptrend_retrace
1,2026-02-02 03:15:00+00:00,4693.25,4678.25,4713.25,2026-02-02 03:30:00+00:00,0,0,0.7209011912345886,0.7209011912345886,20.0,15.0,15,uptrend_retrace,2026-02-02 03:15:00+00:00,4678.25,stop_loss,-15.0,pattern,uptrend_retrace
1,2026-02-02 03:16:00+00:00,4674.1,4659.1,4744.42,2026-02-02 03:49:00+00:00,19,0,0.6732867956161499,0.6732867956161499,20.0,15.0,15,uptrend_retrace,2026-02-02 03:35:00+00:00,4659.1,stop_loss,-15.0,pattern,uptrend_retrace
1,2026-02-02 03:36:00+00:00,4659.1,4644.1,4687.98,2026-02-02 03:54:00+00:00,4,0,0.7239267230033875,0.7239267230033875,20.0,15.0,15,uptrend_retrace,2026-02-02 03:40:00+00:00,4644.1,stop_loss,-15.0,pattern,uptrend_retrace
1,2026-02-02 03:42:00+00:00,4651.28,4636.28,4706.69,2026-02-02 04:14:00+00:00,18,0,0.6591396331787109,0.6591396331787109,20.0,15.0,15,uptrend_retrace,2026-02-02 04:01:00+00:00,4636.28,stop_loss,-15.0,pattern,uptrend_retrace
1,2026-02-02 04:02:00+00:00,4620.35,4605.35,4640.35,2026-02-02 04:18:00+00:00,2,0,0.8608892560005188,0.8608892560005188,20.0,15.0,15,uptrend_retrace,2026-02-02 04:05:00+00:00,4605.35,stop_loss,-15.0,pattern,uptrend_retrace
1,2026-02-02 04:06:00+00:00,4619.46,4604.46,4692.45,2026-02-02 04:32:00+00:00,11,0,0.8133932948112488,0.8133932948112488,20.0,15.0,15,uptrend_retrace,2026-02-02 04:19:00+00:00,4692.45,target_hit,72.98999999999978,pattern,uptrend_retrace
1,2026-02-02 04:22:00+00:00,4683.84,4668.84,4711.1,2026-02-02 04:53:00+00:00,16,0,0.6122861504554749,0.6122861504554749,20.0,15.0,15,uptrend_retrace,2026-02-02 04:39:00+00:00,4668.84,stop_loss,-15.0,pattern,uptrend_retrace
1,2026-02-02 04:40:00+00:00,4668.05,4653.05,4698.0,2026-02-02 04:57:00+00:00,3,0,0.7485918998718262,0.7485918998718262,20.0,15.0,15,uptrend_retrace,2026-02-02 04:45:00+00:00,4698.0,target_hit,29.949999999999818,pattern,uptrend_retrace
1,2026-02-02 05:05:00+00:00,4690.81,4675.81,4710.81,2026-02-02 05:20:00+00:00,1,0,0.6107112765312195,0.6107112765312195,20.0,15.0,15,uptrend_retrace,2026-02-02 05:06:00+00:00,4675.81,stop_loss,-15.0,pattern,uptrend_retrace
1,2026-02-02 05:15:00+00:00,4663.13,4648.13,4693.2,2026-02-02 05:44:00+00:00,15,0,0.6104332804679871,0.6104332804679871,20.0,15.0,15,uptrend_retrace,2026-02-02 05:30:00+00:00,4648.13,stop_loss,-15.0,pattern,uptrend_retrace
1,2026-02-02 05:31:00+00:00,4635.96,4620.96,4655.96,2026-02-02 05:46:00+00:00,0,0,0.6134686470031738,0.6134686470031738,20.0,15.0,15,uptrend_retrace,2026-02-02 05:31:00+00:00,4620.96,stop_loss,-15.0,pattern,uptrend_retrace
1,2026-02-02 05:33:00+00:00,4633.02,4618.02,4661.96,2026-02-02 05:50:00+00:00,3,0,0.828850507736206,0.828850507736206,20.0,15.0,15,uptrend_retrace,2026-02-02 05:36:00+00:00,4618.02,stop_loss,-15.0,pattern,uptrend_retrace
-1,2026-02-02 05:40:00+00:00,4623.19,4653.19,4583.19,2026-02-02 05:55:00+00:00,0,0,0.6728599667549133,0.32714003324508667,40.0,30.0,15,downtrend_retrace,2026-02-02 05:44:00+00:00,4583.19,target_hit,40.0,pattern,downtrend_retrace
1,2026-02-02 05:56:00+00:00,4541.21,4526.21,4561.21,2026-02-02 06:11:00+00:00,1,0,0.5973132252693176,0.5973132252693176,20.0,15.0,15,uptrend_retrace,2026-02-02 05:57:00+00:00,4526.21,stop_loss,-15.0,pattern,uptrend_retrace
1,2026-02-02 05:58:00+00:00,4540.85,4525.85,4560.85,2026-02-02 06:13:00+00:00,0,0,0.8091415166854858,0.8091415166854858,20.0,15.0,15,uptrend_retrace,2026-02-02 05:58:00+00:00,4560.85,target_hit,20.0,pattern,uptrend_retrace
1,2026-02-02 06:00:00+00:00,4549.82,4534.82,4569.82,2026-02-02 06:15:00+00:00,0,0,0.7735722064971924,0.7735722064971924,20.0,15.0,15,uptrend_retrace,2026-02-02 06:00:00+00:00,4569.82,target_hit,20.0,pattern,uptrend_retrace
1,2026-02-02 06:01:00+00:00,4569.62,4554.62,4589.62,2026-02-02 06:16:00+00:00,1,0,0.7170506119728088,0.7170506119728088,20.0,15.0,15,uptrend_retrace,2026-02-02 06:02:00+00:00,4554.62,stop_loss,-15.0,pattern,uptrend_retrace
1,2026-02-02 06:03:00+00:00,4553.3,4538.3,4583.9,2026-02-02 06:20:00+00:00,3,0,0.8306879997253418,0.8306879997253418,20.0,15.0,15,uptrend_retrace,2026-02-02 06:06:00+00:00,4538.3,stop_loss,-15.0,pattern,uptrend_retrace
1,2026-02-02 06:07:00+00:00,4536.96,4521.96,4556.96,2026-02-02 06:22:00+00:00,0,0,0.916894793510437,0.916894793510437,20.0,15.0,15,uptrend_retrace,2026-02-02 06:08:00+00:00,4521.96,stop_loss,-15.0,pattern,uptrend_retrace
1,2026-02-02 06:09:00+00:00,4535.65,4520.65,4555.65,2026-02-02 06:24:00+00:00,0,0,0.9137110710144043,0.9137110710144043,20.0,15.0,15,uptrend_retrace,2026-02-02 06:09:00+00:00,4555.65,target_hit,20.0,pattern,uptrend_retrace
1,2026-02-02 06:10:00+00:00,4551.85,4536.85,4576.95,2026-02-02 06:27:00+00:00,3,0,0.7666813731193542,0.7666813731193542,20.0,15.0,15,uptrend_retrace,2026-02-02 06:13:00+00:00,4536.85,stop_loss,-15.0,pattern,uptrend_retrace
1,2026-02-02 06:14:00+00:00,4534.8,4519.8,4564.35,2026-02-02 06:31:00+00:00,3,0,0.8655296564102173,0.8655296564102173,20.0,15.0,15,uptrend_retrace,2026-02-02 06:17:00+00:00,4519.8,stop_loss,-15.0,pattern,uptrend_retrace
1,2026-02-02 06:20:00+00:00,4531.19,4516.19,4551.19,2026-02-02 06:35:00+00:00,0,0,0.8512014150619507,0.8512014150619507,20.0,15.0,15,uptrend_retrace,2026-02-02 06:20:00+00:00,4516.19,stop_loss,-15.0,pattern,uptrend_retrace
-1,2026-02-02 06:21:00+00:00,4507.67,4537.67,4412.65,2026-02-02 06:42:00+00:00,6,0,0.9427287578582764,0.05727124214172363,40.0,30.0,15,reversal_fvg_short,2026-02-02 06:38:00+00:00,4412.65,target_hit,95.02000000000044,pattern,reversal_fvg_short
1,2026-02-02 06:43:00+00:00,4440.92,4425.92,4504.79,2026-02-02 07:09:00+00:00,11,0,0.7013372182846069,0.7013372182846069,20.0,15.0,15,uptrend_retrace,2026-02-02 06:56:00+00:00,4504.79,target_hit,63.86999999999989,pattern,uptrend_retrace
1,2026-02-02 07:01:00+00:00,4506.75,4491.75,4526.75,2026-02-02 07:16:00+00:00,0,0,0.5577447414398193,0.5577447414398193,20.0,15.0,15,uptrend_retrace,2026-02-02 07:02:00+00:00,4526.75,target_hit,20.0,pattern,uptrend_retrace
1,2026-02-02 07:17:00+00:00,4536.69,4521.69,4568.75,2026-02-02 07:39:00+00:00,7,0,0.7283527255058289,0.7283527255058289,20.0,15.0,15,uptrend_retrace,2026-02-02 07:25:00+00:00,4568.75,target_hit,32.0600000000004,pattern,uptrend_retrace
1,2026-02-02 07:27:00+00:00,4571.35,4556.35,4592.56,2026-02-02 07:43:00+00:00,2,0,0.5707196593284607,0.5707196593284607,20.0,15.0,15,uptrend_retrace,2026-02-02 07:29:00+00:00,4556.35,stop_loss,-15.0,pattern,uptrend_retrace
1,2026-02-02 07:30:00+00:00,4562.79,4547.79,4582.79,2026-02-02 07:45:00+00:00,1,0,0.7470102906227112,0.7470102906227112,20.0,15.0,15,uptrend_retrace,2026-02-02 07:31:00+00:00,4547.79,stop_loss,-15.0,pattern,uptrend_retrace
1,2026-02-02 07:32:00+00:00,4538.9,4523.9,4566.36,2026-02-02 07:51:00+00:00,5,0,0.7166930437088013,0.7166930437088013,20.0,15.0,15,uptrend_retrace,2026-02-02 07:37:00+00:00,4566.36,target_hit,27.460000000000036,pattern,uptrend_retrace
1,2026-02-02 07:39:00+00:00,4562.1,4547.1,4588.3,2026-02-02 07:54:00+00:00,1,0,0.5634593367576599,0.5634593367576599,20.0,15.0,15,uptrend_retrace,2026-02-02 07:41:00+00:00,4588.3,target_hit,26.199999999999818,pattern,uptrend_retrace
1,2026-02-02 07:43:00+00:00,4572.17,4557.17,4592.17,2026-02-02 07:58:00+00:00,1,0,0.6425354480743408,0.6425354480743408,20.0,15.0,15,uptrend_retrace,2026-02-02 07:45:00+00:00,4592.17,target_hit,20.0,pattern,uptrend_retrace
1,2026-02-02 08:01:00+00:00,4577.44,4562.44,4624.3,2026-02-02 08:23:00+00:00,8,0,0.9167602062225342,0.9167602062225342,20.0,15.0,15,uptrend_retrace,2026-02-02 08:09:00+00:00,4624.3,target_hit,46.86000000000058,pattern,uptrend_retrace
1,2026-02-02 08:13:00+00:00,4611.0,4596.0,4642.35,2026-02-02 08:33:00+00:00,6,0,0.7684329748153687,0.7684329748153687,20.0,15.0,15,uptrend_retrace,2026-02-02 08:20:00+00:00,4642.35,target_hit,31.350000000000364,pattern,uptrend_retrace
1,2026-02-02 08:26:00+00:00,4630.77,4615.77,4654.8,2026-02-02 08:49:00+00:00,4,0,0.594697892665863,0.594697892665863,20.0,15.0,15,uptrend_retrace,2026-02-02 08:36:00+00:00,4615.77,stop_loss,-15.0,pattern,uptrend_retrace
1,2026-02-02 08:38:00+00:00,4617.97,4602.97,4656.9,2026-02-02 09:00:00+00:00,5,0,0.5982638597488403,0.5982638597488403,20.0,15.0,15,uptrend_retrace,2026-02-02 09:00:00+00:00,4638.8,timeout,20.829999999999927,pattern,uptrend_retrace
1,2026-02-02 09:03:00+00:00,4618.67,4603.67,4638.67,2026-02-02 09:18:00+00:00,1,0,0.5874230861663818,0.5874230861663818,20.0,15.0,15,uptrend_retrace,2026-02-02 09:11:00+00:00,4638.67,target_hit,20.0,pattern,uptrend_retrace
1,2026-02-02 09:48:00+00:00,4706.35,4691.35,4749.9,2026-02-02 10:29:00+00:00,10,0,0.9093440771102905,0.9093440771102905,20.0,15.0,15,reversal_fvg_long,2026-02-02 10:21:00+00:00,4691.35,stop_loss,-15.0,pattern,reversal_fvg_long
1,2026-02-02 10:24:00+00:00,4689.05,4674.05,4711.16,2026-02-02 10:40:00+00:00,2,0,0.5761998891830444,0.5761998891830444,20.0,15.0,15,uptrend_retrace,2026-02-02 10:27:00+00:00,4674.05,stop_loss,-15.0,pattern,uptrend_retrace
1,2026-02-02 13:40:00+00:00,4689.45,4674.45,4709.45,2026-02-02 13:55:00+00:00,0,0,0.5969957113265991,0.5969957113265991,20.0,15.0,15,uptrend_retrace,2026-02-02 13:41:00+00:00,4674.45,stop_loss,-15.0,pattern,uptrend_retrace
-1,2026-02-02 13:44:00+00:00,4677.33,4707.33,4637.33,2026-02-02 13:59:00+00:00,1,0,0.582560122013092,0.41743987798690796,40.0,30.0,15,downtrend_retrace,2026-02-02 13:45:00+00:00,4707.33,stop_loss,-30.0,pattern,downtrend_retrace
-1,2026-02-02 15:02:00+00:00,4699.98,4729.98,4659.98,2026-02-02 15:17:00+00:00,0,0,0.7747417092323303,0.22525829076766968,40.0,30.0,15,downtrend_retrace,2026-02-02 15:04:00+00:00,4729.98,stop_loss,-30.0,pattern,downtrend_retrace
-1,2026-02-02 15:14:00+00:00,4697.04,4727.04,4657.04,2026-02-02 15:29:00+00:00,0,0,0.7571423053741455,0.2428576946258545,40.0,30.0,15,downtrend_retrace,2026-02-02 15:17:00+00:00,4727.04,stop_loss,-30.0,pattern,downtrend_retrace
-1,2026-02-02 15:44:00+00:00,4674.75,4704.75,4588.25,2026-02-02 16:13:00+00:00,13,0,0.6733494997024536,0.3266505002975464,40.0,30.0,15,downtrend_retrace,2026-02-02 16:13:00+00:00,4694.61,timeout,-19.859999999999673,pattern,downtrend_retrace
1,2026-02-02 16:31:00+00:00,4679.32,4664.32,4699.32,2026-02-02 16:46:00+00:00,0,0,0.6250249743461609,0.6250249743461609,20.0,15.0,15,uptrend_retrace,2026-02-02 16:31:00+00:00,4664.32,stop_loss,-15.0,pattern,uptrend_retrace
1,2026-02-02 16:32:00+00:00,4663.99,4648.99,4683.99,2026-02-02 16:47:00+00:00,1,0,0.6459122896194458,0.6459122896194458,20.0,15.0,15,uptrend_retrace,2026-02-02 16:33:00+00:00,4648.99,stop_loss,-15.0,pattern,uptrend_retrace
1,2026-02-02 18:16:00+00:00,4635.52,4620.52,4655.52,2026-02-02 18:33:00+00:00,3,0,0.6474635004997253,0.6474635004997253,20.0,15.0,15,uptrend_retrace,2026-02-02 18:19:00+00:00,4620.52,stop_loss,-15.0,pattern,uptrend_retrace
-1,2026-02-02 18:20:00+00:00,4624.29,4654.29,4584.29,2026-02-02 18:35:00+00:00,0,0,0.6978553533554077,0.3021446466445923,40.0,30.0,15,downtrend_retrace,2026-02-02 18:31:00+00:00,4654.29,stop_loss,-30.0,pattern,downtrend_retrace
1,2026-02-02 18:54:00+00:00,4655.77,4640.77,4678.14,2026-02-02 19:15:00+00:00,6,0,0.6634404063224792,0.6634404063224792,20.0,15.0,15,uptrend_retrace,2026-02-02 19:01:00+00:00,4640.77,stop_loss,-15.0,pattern,uptrend_retrace
1,2026-02-02 19:04:00+00:00,4643.76,4628.76,4681.21,2026-02-02 19:54:00+00:00,28,0,0.6823811531066895,0.6823811531066895,20.0,15.0,15,uptrend_retrace,2026-02-02 19:40:00+00:00,4681.21,target_hit,37.44999999999982,pattern,uptrend_retrace
1,2026-02-02 19:43:00+00:00,4692.69,4677.69,4712.69,2026-02-02 19:58:00+00:00,0,0,0.6434680223464966,0.6434680223464966,20.0,15.0,15,uptrend_retrace,2026-02-02 19:51:00+00:00,4712.69,target_hit,20.0,pattern,uptrend_retrace
1,2026-02-02 20:34:00+00:00,4658.4,4643.4,4711.46,2026-02-02 22:14:00+00:00,63,0,0.5554972290992737,0.5554972290992737,20.0,15.0,15,uptrend_retrace,2026-02-02 23:01:00+00:00,4690.13,timeout,31.730000000000473,pattern,uptrend_retrace
1,2026-02-02 23:30:00+00:00,4738.07,4723.07,4758.07,2026-02-02 23:45:00+00:00,1,0,0.622027575969696,0.622027575969696,20.0,15.0,15,uptrend_retrace,2026-02-02 23:31:00+00:00,4723.07,stop_loss,-15.0,pattern,uptrend_retrace
1,2026-02-02 23:32:00+00:00,4725.81,4710.81,4770.45,2026-02-03 00:03:00+00:00,15,0,0.6861445307731628,0.6861445307731628,20.0,15.0,15,uptrend_retrace,2026-02-02 23:52:00+00:00,4770.45,target_hit,44.63999999999942,pattern,uptrend_retrace
1,2026-02-03 00:17:00+00:00,4795.83,4780.83,4846.54,2026-02-03 01:13:00+00:00,29,0,0.6233944296836853,0.6233944296836853,20.0,15.0,15,uptrend_retrace,2026-02-03 00:59:00+00:00,4780.83,stop_loss,-15.0,pattern,uptrend_retrace
1,2026-02-03 01:00:00+00:00,4780.46,4765.46,4804.83,2026-02-03 01:16:00+00:00,2,0,0.7100391387939453,0.7100391387939453,20.0,15.0,15,uptrend_retrace,2026-02-03 01:02:00+00:00,4804.83,target_hit,24.36999999999989,pattern,uptrend_retrace
1,2026-02-03 01:13:00+00:00,4822.58,4807.58,4874.33,2026-02-03 01:44:00+00:00,14,0,0.7327404618263245,0.7327404618263245,20.0,15.0,15,reversal_fvg_long,2026-02-03 01:44:00+00:00,4845.63,timeout,23.050000000000182,pattern,reversal_fvg_long
1,2026-02-03 02:27:00+00:00,4765.52,4750.52,4801.76,2026-02-03 02:57:00+00:00,13,0,0.6194638013839722,0.6194638013839722,20.0,15.0,15,uptrend_retrace,2026-02-03 02:45:00+00:00,4750.52,stop_loss,-15.0,pattern,uptrend_retrace
1,2026-02-03 02:48:00+00:00,4757.13,4742.13,4790.71,2026-02-03 03:09:00+00:00,5,0,0.6374262571334839,0.6374262571334839,20.0,15.0,15,uptrend_retrace,2026-02-03 03:04:00+00:00,4790.71,target_hit,33.57999999999993,pattern,uptrend_retrace
1,2026-02-03 03:11:00+00:00,4769.0,4754.0,4797.27,2026-02-03 03:40:00+00:00,14,0,0.5628581643104553,0.5628581643104553,20.0,15.0,15,uptrend_retrace,2026-02-03 03:26:00+00:00,4754.0,stop_loss,-15.0,pattern,uptrend_retrace
1,2026-02-03 03:28:00+00:00,4763.7,4748.7,4800.27,2026-02-03 03:45:00+00:00,3,0,0.6522892117500305,0.6522892117500305,20.0,15.0,15,uptrend_retrace,2026-02-03 03:38:00+00:00,4800.27,target_hit,36.57000000000062,pattern,uptrend_retrace
1,2026-02-03 08:06:00+00:00,4901.77,4886.77,4929.35,2026-02-03 08:22:00+00:00,2,0,0.6041978597640991,0.6041978597640991,20.0,15.0,15,uptrend_retrace,2026-02-03 08:12:00+00:00,4929.35,target_hit,27.579999999999927,pattern,uptrend_retrace
1,2026-02-03 08:13:00+00:00,4932.12,4917.12,4960.19,2026-02-03 08:58:00+00:00,25,0,0.7646967172622681,0.7646967172622681,20.0,15.0,15,reversal_fvg_long,2026-02-03 08:58:00+00:00,4918.63,timeout,-13.489999999999782,pattern,reversal_fvg_long
1,2026-02-03 09:28:00+00:00,4895.69,4880.69,4915.69,2026-02-03 09:45:00+00:00,3,0,0.7097756862640381,0.7097756862640381,20.0,15.0,15,uptrend_retrace,2026-02-03 09:39:00+00:00,4915.69,target_hit,20.0,pattern,uptrend_retrace
1,2026-02-03 09:58:00+00:00,4915.95,4900.95,4935.95,2026-02-03 10:13:00+00:00,0,0,0.5933747291564941,0.5933747291564941,20.0,15.0,15,uptrend_retrace,2026-02-03 10:13:00+00:00,4927.18,timeout,11.230000000000473,pattern,uptrend_retrace
1,2026-02-03 13:20:00+00:00,4918.67,4903.67,4944.15,2026-02-03 13:39:00+00:00,5,0,0.5577728748321533,0.5577728748321533,20.0,15.0,15,uptrend_retrace,2026-02-03 13:39:00+00:00,4930.49,timeout,11.819999999999709,pattern,uptrend_retrace
1,2026-02-03 14:51:00+00:00,4921.62,4906.62,4946.05,2026-02-03 15:16:00+00:00,8,0,0.6189526915550232,0.6189526915550232,20.0,15.0,15,uptrend_retrace,2026-02-03 15:02:00+00:00,4906.62,stop_loss,-15.0,pattern,uptrend_retrace
1,2026-02-03 15:03:00+00:00,4916.2,4901.2,4944.06,2026-02-03 15:22:00+00:00,4,0,0.6393061280250549,0.6393061280250549,20.0,15.0,15,uptrend_retrace,2026-02-03 15:11:00+00:00,4944.06,target_hit,27.860000000000582,pattern,uptrend_retrace
1,2026-02-03 17:34:00+00:00,4965.08,4950.08,4985.08,2026-02-03 17:51:00+00:00,2,0,0.5946998000144958,0.5946998000144958,20.0,15.0,15,uptrend_retrace,2026-02-03 17:37:00+00:00,4950.08,stop_loss,-15.0,pattern,uptrend_retrace
-1,2026-02-03 17:44:00+00:00,4918.47,4948.47,4876.59,2026-02-03 18:00:00+00:00,2,0,0.6765648126602173,0.3234351873397827,40.0,30.0,15,downtrend_retrace,2026-02-03 18:00:00+00:00,4932.51,timeout,-14.039999999999964,pattern,downtrend_retrace
1,2026-02-03 18:13:00+00:00,4953.65,4938.65,4973.65,2026-02-03 18:28:00+00:00,0,0,0.5971605181694031,0.5971605181694031,20.0,15.0,15,uptrend_retrace,2026-02-03 18:18:00+00:00,4938.65,stop_loss,-15.0,pattern,uptrend_retrace
-1,2026-02-03 18:30:00+00:00,4908.88,4938.88,4846.31,2026-02-03 19:23:00+00:00,27,0,0.6370684504508972,0.3629315495491028,40.0,30.0,15,reversal_fvg_short,2026-02-03 19:23:00+00:00,4927.4,timeout,-18.519999999999527,pattern,reversal_fvg_short
1,2026-02-03 19:31:00+00:00,4926.04,4911.04,4967.6,2026-02-03 20:06:00+00:00,16,0,0.6744123697280884,0.6744123697280884,20.0,15.0,15,uptrend_retrace,2026-02-03 20:01:00+00:00,4911.04,stop_loss,-15.0,pattern,uptrend_retrace
1,2026-02-03 20:15:00+00:00,4921.57,4906.57,4983.21,2026-02-03 21:53:00+00:00,44,0,0.6314232349395752,0.6314232349395752,20.0,15.0,15,uptrend_retrace,2026-02-03 21:53:00+00:00,4945.36,timeout,23.789999999999964,pattern,uptrend_retrace
1,2026-02-03 23:06:00+00:00,4948.75,4933.75,4968.75,2026-02-03 23:21:00+00:00,0,0,0.5578846335411072,0.5578846335411072,20.0,15.0,15,uptrend_retrace,2026-02-03 23:07:00+00:00,4933.75,stop_loss,-15.0,pattern,uptrend_retrace
1,2026-02-04 00:38:00+00:00,4993.25,4978.25,5084.38,2026-02-04 02:26:00+00:00,42,0,0.8226184248924255,0.8226184248924255,20.0,15.0,15,reversal_fvg_long,2026-02-04 02:26:00+00:00,5062.4,timeout,69.14999999999964,pattern,reversal_fvg_long
1,2026-02-04 03:03:00+00:00,5040.19,5025.19,5065.4,2026-02-04 03:22:00+00:00,2,0,0.5776207447052002,0.5776207447052002,20.0,15.0,15,uptrend_retrace,2026-02-04 03:22:00+00:00,5046.06,timeout,5.8700000000008,pattern,uptrend_retrace
1,2026-02-04 13:34:00+00:00,5052.52,5037.52,5073.03,2026-02-04 13:55:00+00:00,5,0,0.5546753406524658,0.5546753406524658,20.0,15.0,15,uptrend_retrace,2026-02-04 13:43:00+00:00,5037.52,stop_loss,-15.0,pattern,uptrend_retrace
1,2026-02-04 13:52:00+00:00,5052.48,5037.48,5074.16,2026-02-04 14:17:00+00:00,2,0,0.767455518245697,0.767455518245697,20.0,15.0,15,uptrend_retrace,2026-02-04 14:09:00+00:00,5037.48,stop_loss,-15.0,pattern,uptrend_retrace
1,2026-02-04 14:15:00+00:00,5048.46,5033.46,5068.46,2026-02-04 14:31:00+00:00,2,0,0.6298378109931946,0.6298378109931946,20.0,15.0,15,uptrend_retrace,2026-02-04 14:25:00+00:00,5033.46,stop_loss,-15.0,pattern,uptrend_retrace
-1,2026-02-04 14:37:00+00:00,5017.15,5047.15,4919.9,2026-02-04 15:42:00+00:00,32,0,0.6093397736549377,0.39066022634506226,40.0,30.0,15,downtrend_retrace,2026-02-04 15:34:00+00:00,4919.9,target_hit,97.25,pattern,downtrend_retrace
-1,2026-02-04 15:38:00+00:00,4912.54,4942.54,4871.82,2026-02-04 15:54:00+00:00,2,0,0.7684733867645264,0.23152661323547363,40.0,30.0,15,downtrend_retrace,2026-02-04 15:44:00+00:00,4942.54,stop_loss,-30.0,pattern,downtrend_retrace
1,2026-02-04 15:45:00+00:00,4944.43,4929.43,4968.74,2026-02-04 16:11:00+00:00,12,0,0.7165810465812683,0.7165810465812683,20.0,15.0,15,uptrend_retrace,2026-02-04 15:57:00+00:00,4929.43,stop_loss,-15.0,pattern,uptrend_retrace
1,2026-02-04 15:58:00+00:00,4920.13,4905.13,4943.81,2026-02-04 16:16:00+00:00,3,0,0.6335724592208862,0.6335724592208862,20.0,15.0,15,uptrend_retrace,2026-02-04 16:02:00+00:00,4905.13,stop_loss,-15.0,pattern,uptrend_retrace
-1,2026-02-04 16:03:00+00:00,4902.93,4932.93,4862.93,2026-02-04 16:22:00+00:00,3,0,0.9234555959701538,0.07654440402984619,40.0,30.0,15,downtrend_retrace,2026-02-04 16:12:00+00:00,4932.93,stop_loss,-30.0,pattern,downtrend_retrace
-1,2026-02-04 16:20:00+00:00,4914.1,4944.1,4856.98,2026-02-04 17:00:00+00:00,13,0,0.6285347938537598,0.37146520614624023,40.0,30.0,15,downtrend_retrace,2026-02-04 16:48:00+00:00,4856.98,target_hit,57.1200000000008,pattern,downtrend_retrace
1,2026-02-04 16:51:00+00:00,4885.83,4870.83,4945.31,2026-02-04 19:20:00+00:00,97,0,0.8741591572761536,0.8741591572761536,20.0,15.0,15,uptrend_retrace,2026-02-04 19:12:00+00:00,4945.31,target_hit,59.48000000000047,pattern,uptrend_retrace
1,2026-02-04 19:22:00+00:00,4929.12,4914.12,4958.11,2026-02-04 19:49:00+00:00,12,0,0.7311848402023315,0.7311848402023315,20.0,15.0,15,uptrend_retrace,2026-02-04 19:49:00+00:00,4938.12,timeout,9.0,pattern,uptrend_retrace
1,2026-02-04 19:55:00+00:00,4938.1,4923.1,4964.41,2026-02-04 20:25:00+00:00,16,0,0.670669436454773,0.670669436454773,20.0,15.0,15,uptrend_retrace,2026-02-04 20:11:00+00:00,4923.1,stop_loss,-15.0,pattern,uptrend_retrace
1,2026-02-04 20:12:00+00:00,4925.08,4910.08,4967.94,2026-02-04 21:22:00+00:00,35,0,0.6731197237968445,0.6731197237968445,20.0,15.0,15,uptrend_retrace,2026-02-04 21:22:00+00:00,4950.11,timeout,25.029999999999745,pattern,uptrend_retrace
-1,2026-02-05 02:00:00+00:00,4958.39,4988.39,4918.39,2026-02-05 02:15:00+00:00,0,0,0.822432279586792,0.177567720413208,40.0,30.0,15,downtrend_retrace,2026-02-05 02:14:00+00:00,4918.39,target_hit,40.0,pattern,downtrend_retrace
-1,2026-02-05 02:19:00+00:00,4914.34,4944.34,4867.1,2026-02-05 02:58:00+00:00,12,0,0.7398908734321594,0.2601091265678406,40.0,30.0,15,downtrend_retrace,2026-02-05 02:47:00+00:00,4867.1,target_hit,47.23999999999978,pattern,downtrend_retrace
-1,2026-02-05 02:51:00+00:00,4842.83,4872.83,4774.77,2026-02-05 03:17:00+00:00,2,0,0.7477766871452332,0.25222331285476685,40.0,30.0,15,downtrend_retrace,2026-02-05 03:17:00+00:00,4855.7,timeout,-12.86999999999989,pattern,downtrend_retrace
1,2026-02-05 03:18:00+00:00,4855.35,4840.35,4897.33,2026-02-05 03:50:00+00:00,15,0,0.7366511821746826,0.7366511821746826,20.0,15.0,15,uptrend_retrace,2026-02-05 03:36:00+00:00,4840.35,stop_loss,-15.0,pattern,uptrend_retrace
1,2026-02-05 03:38:00+00:00,4854.04,4839.04,4900.57,2026-02-05 04:32:00+00:00,35,0,0.6243545413017273,0.6243545413017273,20.0,15.0,15,uptrend_retrace,2026-02-05 04:32:00+00:00,4885.02,timeout,30.980000000000473,pattern,uptrend_retrace
1,2026-02-05 04:38:00+00:00,4877.69,4862.69,4906.45,2026-02-05 05:03:00+00:00,8,0,0.7469314336776733,0.7469314336776733,20.0,15.0,15,uptrend_retrace,2026-02-05 05:00:00+00:00,4862.69,stop_loss,-15.0,pattern,uptrend_retrace
1,2026-02-05 05:15:00+00:00,4852.58,4837.58,4884.1,2026-02-05 05:46:00+00:00,15,0,0.5813091397285461,0.5813091397285461,20.0,15.0,15,uptrend_retrace,2026-02-05 05:32:00+00:00,4837.58,stop_loss,-15.0,pattern,uptrend_retrace
1,2026-02-05 05:33:00+00:00,4835.24,4820.24,4883.58,2026-02-05 05:56:00+00:00,9,0,0.590323269367218,0.590323269367218,20.0,15.0,15,uptrend_retrace,2026-02-05 05:43:00+00:00,4883.58,target_hit,48.340000000000146,pattern,uptrend_retrace
1,2026-02-05 09:15:00+00:00,4863.56,4848.56,4887.24,2026-02-05 09:36:00+00:00,4,0,0.6911130547523499,0.6911130547523499,20.0,15.0,15,uptrend_retrace,2026-02-05 09:36:00+00:00,4877.88,timeout,14.319999999999709,pattern,uptrend_retrace
-1,2026-02-05 09:52:00+00:00,4868.56,4898.56,4813.68,2026-02-05 10:11:00+00:00,2,0,0.7903343439102173,0.20966565608978271,40.0,30.0,15,reversal_fvg_short,2026-02-05 10:11:00+00:00,4862.35,timeout,6.210000000000036,pattern,reversal_fvg_short
-1,2026-02-05 10:28:00+00:00,4852.58,4882.58,4812.58,2026-02-05 10:43:00+00:00,0,0,0.8494384288787842,0.15056157112121582,40.0,30.0,15,reversal_fvg_short,2026-02-05 10:43:00+00:00,4873.52,timeout,-20.94000000000051,pattern,reversal_fvg_short
1,2026-02-05 12:28:00+00:00,4844.37,4829.37,4884.34,2026-02-05 13:14:00+00:00,19,0,0.6134331226348877,0.6134331226348877,20.0,15.0,15,uptrend_retrace,2026-02-05 13:01:00+00:00,4829.37,stop_loss,-15.0,pattern,uptrend_retrace
-1,2026-02-05 13:02:00+00:00,4827.1,4857.1,4771.36,2026-02-05 13:29:00+00:00,12,0,0.8487713932991028,0.15122860670089722,40.0,30.0,15,downtrend_retrace,2026-02-05 13:23:00+00:00,4857.1,stop_loss,-30.0,pattern,downtrend_retrace
1,2026-02-05 13:38:00+00:00,4850.56,4835.56,4874.35,2026-02-05 13:53:00+00:00,1,0,0.6583086848258972,0.6583086848258972,20.0,15.0,15,uptrend_retrace,2026-02-05 13:40:00+00:00,4835.56,stop_loss,-15.0,pattern,uptrend_retrace
-1,2026-02-05 13:44:00+00:00,4830.46,4860.46,4773.46,2026-02-05 14:51:00+00:00,31,0,0.6834939122200012,0.3165060877799988,40.0,30.0,15,downtrend_retrace,2026-02-05 14:40:00+00:00,4860.46,stop_loss,-30.0,pattern,downtrend_retrace
1,2026-02-05 14:57:00+00:00,4851.1,4836.1,4871.1,2026-02-05 15:14:00+00:00,3,0,0.6172564029693604,0.6172564029693604,20.0,15.0,15,uptrend_retrace,2026-02-05 15:01:00+00:00,4836.1,stop_loss,-15.0,pattern,uptrend_retrace
-1,2026-02-05 15:15:00+00:00,4828.06,4858.06,4760.64,2026-02-05 16:14:00+00:00,36,0,0.8170334100723267,0.18296658992767334,40.0,30.0,15,downtrend_retrace,2026-02-05 16:14:00+00:00,4821.06,timeout,7.0,pattern,downtrend_retrace
1,2026-02-05 17:08:00+00:00,4875.78,4860.78,4902.11,2026-02-05 17:37:00+00:00,10,0,0.612414538860321,0.612414538860321,20.0,15.0,15,uptrend_retrace,2026-02-05 17:23:00+00:00,4860.78,stop_loss,-15.0,pattern,uptrend_retrace
1,2026-02-05 18:39:00+00:00,4861.58,4846.58,4886.99,2026-02-05 19:09:00+00:00,6,0,0.5615934729576111,0.5615934729576111,20.0,15.0,15,uptrend_retrace,2026-02-05 19:05:00+00:00,4846.58,stop_loss,-15.0,pattern,uptrend_retrace
1,2026-02-05 19:08:00+00:00,4865.31,4850.31,4885.31,2026-02-05 19:28:00+00:00,6,0,0.5960308909416199,0.5960308909416199,20.0,15.0,15,uptrend_retrace,2026-02-05 19:14:00+00:00,4850.31,stop_loss,-15.0,pattern,uptrend_retrace
1,2026-02-05 19:15:00+00:00,4851.15,4836.15,4878.26,2026-02-05 19:47:00+00:00,18,0,0.5853864550590515,0.5853864550590515,20.0,15.0,15,uptrend_retrace,2026-02-05 19:33:00+00:00,4836.15,stop_loss,-15.0,pattern,uptrend_retrace
-1,2026-02-05 21:50:00+00:00,4770.31,4800.31,4730.31,2026-02-05 22:11:00+00:00,2,0,0.6218599081039429,0.37814009189605713,40.0,30.0,15,downtrend_retrace,2026-02-05 23:01:00+00:00,4762.1,timeout,8.210000000000036,pattern,downtrend_retrace
-1,2026-02-05 23:16:00+00:00,4763.86,4793.86,4723.86,2026-02-05 23:46:00+00:00,1,0,0.7061288952827454,0.29387110471725464,40.0,30.0,30,breakthrough_short,2026-02-05 23:46:00+00:00,4727.02,timeout,36.839999999999236,pattern,breakthrough_short
-1,2026-02-05 23:47:00+00:00,4727.23,4757.23,4677.28,2026-02-06 00:10:00+00:00,3,0,0.7612325549125671,0.23876744508743286,40.0,30.0,15,downtrend_retrace,2026-02-06 00:10:00+00:00,4696.54,timeout,30.6899999999996,pattern,downtrend_retrace
-1,2026-02-06 00:20:00+00:00,4671.26,4701.26,4631.26,2026-02-06 00:37:00+00:00,3,0,0.8567962646484375,0.1432037353515625,40.0,30.0,15,downtrend_retrace,2026-02-06 00:24:00+00:00,4701.26,stop_loss,-30.0,pattern,downtrend_retrace
-1,2026-02-06 00:25:00+00:00,4703.31,4733.31,4663.31,2026-02-06 00:40:00+00:00,0,0,0.6874703168869019,0.31252968311309814,40.0,30.0,15,downtrend_retrace,2026-02-06 00:34:00+00:00,4733.31,stop_loss,-30.0,pattern,downtrend_retrace
-1,2026-02-06 00:51:00+00:00,4755.15,4785.15,4705.48,2026-02-06 01:15:00+00:00,5,0,0.6043659448623657,0.3956340551376343,40.0,30.0,15,downtrend_retrace,2026-02-06 01:02:00+00:00,4705.48,target_hit,49.67000000000007,pattern,downtrend_retrace
1,2026-02-06 01:03:00+00:00,4696.02,4681.02,4716.02,2026-02-06 01:18:00+00:00,0,0,0.6762023568153381,0.6762023568153381,20.0,15.0,15,uptrend_retrace,2026-02-06 01:03:00+00:00,4716.02,target_hit,20.0,pattern,uptrend_retrace
-1,2026-02-06 01:16:00+00:00,4760.8,4790.8,4708.23,2026-02-06 01:31:00+00:00,1,0,0.6262003779411316,0.3737996220588684,40.0,30.0,15,downtrend_retrace,2026-02-06 01:23:00+00:00,4708.23,target_hit,52.57000000000062,pattern,downtrend_retrace
1,2026-02-06 01:24:00+00:00,4708.85,4693.85,4752.27,2026-02-06 01:57:00+00:00,9,0,0.6229115724563599,0.6229115724563599,20.0,15.0,15,uptrend_retrace,2026-02-06 01:48:00+00:00,4752.27,target_hit,43.42000000000007,pattern,uptrend_retrace
1,2026-02-06 03:42:00+00:00,4808.65,4793.65,4839.5,2026-02-06 04:03:00+00:00,7,0,0.6393030881881714,0.6393030881881714,20.0,15.0,15,uptrend_retrace,2026-02-06 04:03:00+00:00,4825.48,timeout,16.829999999999927,pattern,uptrend_retrace
-1,2026-02-06 08:02:00+00:00,4831.04,4861.04,4791.04,2026-02-06 08:19:00+00:00,1,0,0.6445711851119995,0.3554288148880005,40.0,30.0,15,downtrend_retrace,2026-02-06 08:19:00+00:00,4855.24,timeout,-24.199999999999818,pattern,downtrend_retrace
1,2026-02-06 08:20:00+00:00,4855.13,4840.13,4875.13,2026-02-06 08:35:00+00:00,0,0,0.5747630596160889,0.5747630596160889,20.0,15.0,15,uptrend_retrace,2026-02-06 08:31:00+00:00,4875.13,target_hit,20.0,pattern,uptrend_retrace
1,2026-02-06 09:39:00+00:00,4862.79,4847.79,4883.71,2026-02-06 09:58:00+00:00,5,0,0.5537344217300415,0.5537344217300415,20.0,15.0,15,uptrend_retrace,2026-02-06 09:58:00+00:00,4869.85,timeout,7.0600000000004,pattern,uptrend_retrace
1,2026-02-06 13:32:00+00:00,4927.22,4912.22,4957.02,2026-02-06 13:56:00+00:00,10,0,0.6265931129455566,0.6265931129455566,20.0,15.0,15,reversal_fvg_long,2026-02-06 13:56:00+00:00,4923.61,timeout,-3.610000000000582,pattern,reversal_fvg_long
1,2026-02-06 14:10:00+00:00,4923.54,4908.54,4943.96,2026-02-06 14:35:00+00:00,11,0,0.7069051265716553,0.7069051265716553,20.0,15.0,15,uptrend_retrace,2026-02-06 14:23:00+00:00,4908.54,stop_loss,-15.0,pattern,uptrend_retrace
1,2026-02-06 14:24:00+00:00,4905.03,4890.03,4925.27,2026-02-06 14:44:00+00:00,4,0,0.5898407697677612,0.5898407697677612,20.0,15.0,15,uptrend_retrace,2026-02-06 14:32:00+00:00,4925.27,target_hit,20.24000000000069,pattern,uptrend_retrace
1,2026-02-06 14:42:00+00:00,4927.81,4912.81,4956.62,2026-02-06 15:03:00+00:00,6,0,0.5780266523361206,0.5780266523361206,20.0,15.0,15,uptrend_retrace,2026-02-06 15:00:00+00:00,4956.62,target_hit,28.80999999999949,pattern,uptrend_retrace
1,2026-02-09 00:49:00+00:00,5013.86,4998.86,5033.94,2026-02-09 01:04:00+00:00,1,0,0.6422128081321716,0.6422128081321716,20.0,15.0,15,uptrend_retrace,2026-02-09 01:01:00+00:00,5033.94,target_hit,20.079999999999927,pattern,uptrend_retrace
1,2026-02-09 23:34:00+00:00,5022.77,5007.77,5056.19,2026-02-09 23:58:00+00:00,7,0,0.6735531687736511,0.6735531687736511,20.0,15.0,15,uptrend_retrace,2026-02-09 23:58:00+00:00,5033.53,timeout,10.759999999999309,pattern,uptrend_retrace
1,2026-02-11 11:10:00+00:00,5094.56,5079.56,5127.4,2026-02-11 11:46:00+00:00,10,0,0.5716490745544434,0.5716490745544434,20.0,15.0,15,reversal_fvg_long,2026-02-11 11:46:00+00:00,5112.08,timeout,17.519999999999527,pattern,reversal_fvg_long
1,2026-02-11 11:48:00+00:00,5114.37,5099.37,5135.12,2026-02-11 12:10:00+00:00,8,0,0.5637111663818359,0.5637111663818359,20.0,15.0,15,reversal_fvg_long,2026-02-11 12:09:00+00:00,5099.37,stop_loss,-15.0,pattern,reversal_fvg_long
1,2026-02-12 16:31:00+00:00,4915.92,4900.92,4997.98,2026-02-12 18:14:00+00:00,76,0,0.6998682022094727,0.6998682022094727,20.0,15.0,15,uptrend_retrace,2026-02-12 18:14:00+00:00,4934.26,timeout,18.340000000000146,pattern,uptrend_retrace
1,2026-02-12 18:21:00+00:00,4919.54,4904.54,4951.0,2026-02-12 18:42:00+00:00,7,0,0.5880336165428162,0.5880336165428162,20.0,15.0,15,uptrend_retrace,2026-02-12 18:42:00+00:00,4943.02,timeout,23.480000000000473,pattern,uptrend_retrace
1,2026-02-12 23:31:00+00:00,4917.2,4902.2,4937.2,2026-02-12 23:46:00+00:00,0,0,0.5942175388336182,0.5942175388336182,20.0,15.0,15,uptrend_retrace,2026-02-12 23:46:00+00:00,4908.62,timeout,-8.579999999999927,pattern,uptrend_retrace
1,2026-02-13 00:32:00+00:00,4944.23,4929.23,4964.86,2026-02-13 00:48:00+00:00,1,0,0.6057911515235901,0.6057911515235901,20.0,15.0,15,reversal_fvg_long,2026-02-13 00:48:00+00:00,4935.67,timeout,-8.55999999999949,pattern,reversal_fvg_long
1,2026-02-13 01:01:00+00:00,4945.31,4930.31,4986.37,2026-02-13 01:29:00+00:00,13,0,0.6383519768714905,0.6383519768714905,20.0,15.0,15,reversal_fvg_long,2026-02-13 01:29:00+00:00,4969.81,timeout,24.5,pattern,reversal_fvg_long
1,2026-02-13 01:31:00+00:00,4969.58,4954.58,5001.96,2026-02-13 02:02:00+00:00,8,0,0.6022610664367676,0.6022610664367676,20.0,15.0,15,reversal_fvg_long,2026-02-13 02:02:00+00:00,4977.27,timeout,7.690000000000509,pattern,reversal_fvg_long
1,2026-02-13 14:02:00+00:00,4991.52,4976.52,5017.31,2026-02-13 14:25:00+00:00,6,0,0.653196394443512,0.653196394443512,20.0,15.0,15,reversal_fvg_long,2026-02-13 14:25:00+00:00,5004.37,timeout,12.849999999999454,pattern,reversal_fvg_long
1,2026-02-13 16:47:00+00:00,5018.85,5003.85,5038.85,2026-02-13 17:02:00+00:00,0,0,0.5708783268928528,0.5708783268928528,20.0,15.0,15,uptrend_retrace,2026-02-13 17:02:00+00:00,5012.81,timeout,-6.039999999999964,pattern,uptrend_retrace
-1,2026-02-17 14:03:00+00:00,4858.4,4888.4,4818.4,2026-02-17 14:18:00+00:00,1,0,0.5630711913108826,0.43692880868911743,40.0,30.0,15,downtrend_retrace,2026-02-17 14:08:00+00:00,4888.4,stop_loss,-30.0,pattern,downtrend_retrace
1,2026-02-17 14:18:00+00:00,4892.64,4877.64,4919.42,2026-02-17 14:53:00+00:00,12,0,0.6236105561256409,0.6236105561256409,20.0,15.0,15,uptrend_retrace,2026-02-17 14:39:00+00:00,4877.64,stop_loss,-15.0,pattern,uptrend_retrace
1,2026-02-17 14:42:00+00:00,4879.98,4864.98,4899.98,2026-02-17 15:02:00+00:00,4,0,0.5992737412452698,0.5992737412452698,20.0,15.0,15,uptrend_retrace,2026-02-17 14:49:00+00:00,4864.98,stop_loss,-15.0,pattern,uptrend_retrace
1,2026-02-17 14:52:00+00:00,4872.07,4857.07,4896.0,2026-02-17 15:12:00+00:00,3,0,0.6840647459030151,0.6840647459030151,20.0,15.0,15,uptrend_retrace,2026-02-17 15:00:00+00:00,4857.07,stop_loss,-15.0,pattern,uptrend_retrace
-1,2026-02-17 15:01:00+00:00,4853.79,4883.79,4812.8,2026-02-17 15:30:00+00:00,4,0,0.6002753376960754,0.39972466230392456,40.0,30.0,15,downtrend_retrace,2026-02-17 15:30:00+00:00,4859.24,timeout,-5.449999999999818,pattern,downtrend_retrace
-1,2026-02-17 23:59:00+00:00,4859.23,4889.23,4819.04,2026-02-18 00:14:00+00:00,1,0,0.7251264452934265,0.2748735547065735,40.0,30.0,15,downtrend_retrace,2026-02-18 00:14:00+00:00,4864.82,timeout,-5.5900000000001455,pattern,downtrend_retrace
1,2026-02-23 00:06:00+00:00,5143.87,5128.87,5163.87,2026-02-23 00:34:00+00:00,6,0,0.6229717135429382,0.6229717135429382,20.0,15.0,15,uptrend_retrace,2026-02-23 00:20:00+00:00,5128.87,stop_loss,-15.0,pattern,uptrend_retrace
1,2026-02-23 20:58:00+00:00,5234.95,5219.95,5257.22,2026-02-23 21:20:00+00:00,8,0,0.6362607479095459,0.6362607479095459,20.0,15.0,15,reversal_fvg_long,2026-02-23 21:20:00+00:00,5230.75,timeout,-4.199999999999818,pattern,reversal_fvg_long
-1,2026-02-24 13:40:00+00:00,5138.67,5168.67,5098.67,2026-02-24 13:55:00+00:00,1,0,0.7207192778587341,0.27928072214126587,40.0,30.0,15,reversal_fvg_short,2026-02-24 13:55:00+00:00,5131.58,timeout,7.0900000000001455,pattern,reversal_fvg_short
1,2026-03-01 23:08:00+00:00,5341.94,5326.94,5385.06,2026-03-01 23:46:00+00:00,15,0,0.5623034238815308,0.5623034238815308,20.0,15.0,15,uptrend_retrace,2026-03-01 23:41:00+00:00,5385.06,target_hit,43.1200000000008,pattern,uptrend_retrace
1,2026-03-02 00:19:00+00:00,5361.78,5346.78,5391.15,2026-03-02 01:06:00+00:00,28,0,0.7050551176071167,0.7050551176071167,20.0,15.0,15,uptrend_retrace,2026-03-02 00:53:00+00:00,5346.78,stop_loss,-15.0,pattern,uptrend_retrace
1,2026-03-02 00:55:00+00:00,5345.33,5330.33,5367.58,2026-03-02 01:14:00+00:00,2,0,0.6454922556877136,0.6454922556877136,20.0,15.0,15,uptrend_retrace,2026-03-02 01:00:00+00:00,5330.33,stop_loss,-15.0,pattern,uptrend_retrace
1,2026-03-02 01:04:00+00:00,5316.88,5301.88,5336.88,2026-03-02 01:19:00+00:00,0,0,0.5729401707649231,0.5729401707649231,20.0,15.0,15,uptrend_retrace,2026-03-02 01:12:00+00:00,5336.88,target_hit,20.0,pattern,uptrend_retrace
1,2026-03-02 01:21:00+00:00,5327.18,5312.18,5353.26,2026-03-02 01:43:00+00:00,8,0,0.587591290473938,0.587591290473938,20.0,15.0,15,uptrend_retrace,2026-03-02 01:29:00+00:00,5312.18,stop_loss,-15.0,pattern,uptrend_retrace
1,2026-03-02 01:30:00+00:00,5307.19,5292.19,5354.37,2026-03-02 02:35:00+00:00,24,0,0.8416396975517273,0.8416396975517273,20.0,15.0,15,uptrend_retrace,2026-03-02 02:35:00+00:00,5334.47,timeout,27.280000000000655,pattern,uptrend_retrace
-1,2026-03-02 14:02:00+00:00,5385.36,5415.36,5345.33,2026-03-02 14:20:00+00:00,3,0,0.5874632596969604,0.41253674030303955,40.0,30.0,15,downtrend_retrace,2026-03-02 14:20:00+00:00,5367.06,timeout,18.299999999999272,pattern,downtrend_retrace
1,2026-03-02 14:38:00+00:00,5338.75,5323.75,5361.32,2026-03-02 15:05:00+00:00,4,0,0.6575409770011902,0.6575409770011902,20.0,15.0,15,uptrend_retrace,2026-03-02 14:52:00+00:00,5323.75,stop_loss,-15.0,pattern,uptrend_retrace
1,2026-03-02 14:55:00+00:00,5337.68,5322.68,5357.68,2026-03-02 15:10:00+00:00,0,0,0.6536740660667419,0.6536740660667419,20.0,15.0,15,uptrend_retrace,2026-03-02 15:00:00+00:00,5322.68,stop_loss,-15.0,pattern,uptrend_retrace
1,2026-03-02 16:07:00+00:00,5292.23,5277.23,5321.57,2026-03-02 16:32:00+00:00,7,0,0.7933153510093689,0.7933153510093689,20.0,15.0,15,uptrend_retrace,2026-03-02 16:32:00+00:00,5304.61,timeout,12.38000000000011,pattern,uptrend_retrace
1,2026-03-02 16:52:00+00:00,5294.35,5279.35,5320.27,2026-03-02 17:19:00+00:00,11,0,0.5711028575897217,0.5711028575897217,20.0,15.0,15,uptrend_retrace,2026-03-02 17:19:00+00:00,5296.13,timeout,1.7799999999997453,pattern,uptrend_retrace
1,2026-03-03 01:03:00+00:00,5361.33,5346.33,5388.02,2026-03-03 01:29:00+00:00,5,0,0.5688555836677551,0.5688555836677551,20.0,15.0,15,reversal_fvg_long,2026-03-03 01:29:00+00:00,5376.5,timeout,15.170000000000073,pattern,reversal_fvg_long
1,2026-03-03 01:31:00+00:00,5373.25,5358.25,5396.94,2026-03-03 01:56:00+00:00,7,0,0.7664773464202881,0.7664773464202881,20.0,15.0,15,reversal_fvg_long,2026-03-03 01:46:00+00:00,5358.25,stop_loss,-15.0,pattern,reversal_fvg_long
1,2026-03-03 02:03:00+00:00,5343.99,5328.99,5377.18,2026-03-03 02:43:00+00:00,7,0,0.6094536185264587,0.6094536185264587,20.0,15.0,15,uptrend_retrace,2026-03-03 02:43:00+00:00,5361.0,timeout,17.01000000000022,pattern,uptrend_retrace
1,2026-03-03 09:33:00+00:00,5263.83,5248.83,5295.82,2026-03-03 10:08:00+00:00,15,0,0.5506316423416138,0.5506316423416138,20.0,15.0,15,uptrend_retrace,2026-03-03 10:08:00+00:00,5272.4,timeout,8.569999999999709,pattern,uptrend_retrace
1,2026-03-03 10:47:00+00:00,5256.82,5241.82,5276.82,2026-03-03 11:02:00+00:00,0,0,0.5556425452232361,0.5556425452232361,20.0,15.0,15,uptrend_retrace,2026-03-03 10:53:00+00:00,5241.82,stop_loss,-15.0,pattern,uptrend_retrace
1,2026-03-03 11:11:00+00:00,5198.47,5183.47,5229.24,2026-03-03 11:31:00+00:00,6,0,0.8187200427055359,0.8187200427055359,20.0,15.0,15,uptrend_retrace,2026-03-03 11:17:00+00:00,5183.47,stop_loss,-15.0,pattern,uptrend_retrace
1,2026-03-03 11:19:00+00:00,5197.99,5182.99,5225.56,2026-03-03 11:38:00+00:00,5,0,0.7677375078201294,0.7677375078201294,20.0,15.0,15,uptrend_retrace,2026-03-03 11:25:00+00:00,5182.99,stop_loss,-15.0,pattern,uptrend_retrace
1,2026-03-03 11:43:00+00:00,5110.5,5095.5,5194.44,2026-03-03 12:22:00+00:00,25,0,0.862926721572876,0.862926721572876,20.0,15.0,15,uptrend_retrace,2026-03-03 12:17:00+00:00,5194.44,target_hit,83.9399999999996,pattern,uptrend_retrace
1,2026-03-03 12:21:00+00:00,5187.23,5172.23,5209.17,2026-03-03 12:37:00+00:00,1,0,0.5789827108383179,0.5789827108383179,20.0,15.0,15,uptrend_retrace,2026-03-03 12:30:00+00:00,5209.17,target_hit,21.94000000000051,pattern,uptrend_retrace
1,2026-03-03 12:33:00+00:00,5193.33,5178.33,5228.52,2026-03-03 13:05:00+00:00,13,0,0.610605776309967,0.610605776309967,20.0,15.0,15,uptrend_retrace,2026-03-03 13:03:00+00:00,5178.33,stop_loss,-15.0,pattern,uptrend_retrace
1,2026-03-03 13:08:00+00:00,5159.4,5144.4,5204.57,2026-03-03 13:59:00+00:00,37,0,0.5811811089515686,0.5811811089515686,20.0,15.0,15,uptrend_retrace,2026-03-03 13:45:00+00:00,5144.4,stop_loss,-15.0,pattern,uptrend_retrace
1,2026-03-03 13:46:00+00:00,5138.72,5123.72,5191.25,2026-03-03 14:45:00+00:00,38,0,0.7938575744628906,0.7938575744628906,20.0,15.0,15,uptrend_retrace,2026-03-03 14:31:00+00:00,5123.72,stop_loss,-15.0,pattern,uptrend_retrace
1,2026-03-03 14:32:00+00:00,5117.18,5102.18,5143.02,2026-03-03 14:50:00+00:00,4,0,0.8979483842849731,0.8979483842849731,20.0,15.0,15,uptrend_retrace,2026-03-03 14:36:00+00:00,5102.18,stop_loss,-15.0,pattern,uptrend_retrace
1,2026-03-03 14:37:00+00:00,5112.01,5097.01,5147.98,2026-03-03 14:55:00+00:00,4,0,0.9101652503013611,0.9101652503013611,20.0,15.0,15,uptrend_retrace,2026-03-03 14:41:00+00:00,5097.01,stop_loss,-15.0,pattern,uptrend_retrace
-1,2026-03-03 14:46:00+00:00,5060.38,5090.38,5016.54,2026-03-03 15:04:00+00:00,1,0,0.6005370616912842,0.3994629383087158,40.0,30.0,15,reversal_fvg_short,2026-03-03 14:52:00+00:00,5016.54,target_hit,43.840000000000146,pattern,reversal_fvg_short
-1,2026-03-03 14:53:00+00:00,5035.49,5065.49,4995.49,2026-03-03 15:08:00+00:00,0,0,0.6635116338729858,0.33648836612701416,40.0,30.0,15,reversal_fvg_short,2026-03-03 15:00:00+00:00,5065.49,stop_loss,-30.0,pattern,reversal_fvg_short
1,2026-03-03 15:01:00+00:00,5051.58,5036.58,5080.75,2026-03-03 15:18:00+00:00,3,0,0.9377009272575378,0.9377009272575378,20.0,15.0,15,uptrend_retrace,2026-03-03 15:04:00+00:00,5036.58,stop_loss,-15.0,pattern,uptrend_retrace
1,2026-03-03 15:06:00+00:00,5047.42,5032.42,5076.65,2026-03-03 15:24:00+00:00,4,0,0.9109586477279663,0.9109586477279663,20.0,15.0,15,uptrend_retrace,2026-03-03 15:13:00+00:00,5032.42,stop_loss,-15.0,pattern,uptrend_retrace
-1,2026-03-03 15:17:00+00:00,5008.14,5038.14,4964.12,2026-03-03 15:32:00+00:00,1,0,0.63015216588974,0.36984783411026,40.0,30.0,15,reversal_fvg_short,2026-03-03 15:21:00+00:00,5038.14,stop_loss,-30.0,pattern,reversal_fvg_short
1,2026-03-03 15:22:00+00:00,5044.69,5029.69,5089.9,2026-03-03 16:00:00+00:00,24,0,0.8518248200416565,0.8518248200416565,20.0,15.0,15,uptrend_retrace,2026-03-03 15:57:00+00:00,5089.9,target_hit,45.210000000000036,pattern,uptrend_retrace
1,2026-03-03 16:35:00+00:00,5111.25,5096.25,5131.25,2026-03-03 16:50:00+00:00,0,0,0.5789852142333984,0.5789852142333984,20.0,15.0,15,uptrend_retrace,2026-03-03 16:37:00+00:00,5131.25,target_hit,20.0,pattern,uptrend_retrace
1,2026-03-03 17:15:00+00:00,5098.89,5083.89,5126.82,2026-03-03 17:38:00+00:00,9,0,0.5649946928024292,0.5649946928024292,20.0,15.0,15,uptrend_retrace,2026-03-03 17:29:00+00:00,5083.89,stop_loss,-15.0,pattern,uptrend_retrace
1,2026-03-03 18:40:00+00:00,5132.88,5117.88,5166.21,2026-03-03 19:20:00+00:00,23,0,0.6273430585861206,0.6273430585861206,20.0,15.0,15,reversal_fvg_long,2026-03-03 19:11:00+00:00,5117.88,stop_loss,-15.0,pattern,reversal_fvg_long
1,2026-03-03 19:18:00+00:00,5104.13,5089.13,5145.27,2026-03-03 20:23:00+00:00,38,0,0.647375226020813,0.647375226020813,20.0,15.0,15,uptrend_retrace,2026-03-03 20:23:00+00:00,5126.06,timeout,21.93000000000029,pattern,uptrend_retrace
1,2026-03-03 23:19:00+00:00,5117.06,5102.06,5140.91,2026-03-03 23:37:00+00:00,2,0,0.5573186278343201,0.5573186278343201,20.0,15.0,15,uptrend_retrace,2026-03-03 23:37:00+00:00,5125.25,timeout,8.1899999999996,pattern,uptrend_retrace
1,2026-03-04 01:16:00+00:00,5154.48,5139.48,5196.52,2026-03-04 02:13:00+00:00,30,0,0.9167354702949524,0.9167354702949524,20.0,15.0,15,reversal_fvg_long,2026-03-04 02:13:00+00:00,5188.96,timeout,34.48000000000047,pattern,reversal_fvg_long
1,2026-03-04 03:05:00+00:00,5144.62,5129.62,5164.62,2026-03-04 03:20:00+00:00,1,0,0.569595217704773,0.569595217704773,20.0,15.0,15,uptrend_retrace,2026-03-04 03:20:00+00:00,5161.48,timeout,16.859999999999673,pattern,uptrend_retrace
-1,2026-03-04 15:14:00+00:00,5139.98,5169.98,5094.94,2026-03-04 15:29:00+00:00,1,0,0.6240316033363342,0.37596839666366577,40.0,30.0,15,reversal_fvg_short,2026-03-04 15:29:00+00:00,5156.08,timeout,-16.100000000000364,pattern,reversal_fvg_short
1,2026-03-05 00:50:00+00:00,5176.79,5161.79,5204.58,2026-03-05 01:29:00+00:00,7,0,0.5700320601463318,0.5700320601463318,20.0,15.0,15,reversal_fvg_long,2026-03-05 01:29:00+00:00,5177.31,timeout,0.5200000000004366,pattern,reversal_fvg_long
1,2026-03-05 13:48:00+00:00,5120.81,5105.81,5144.44,2026-03-05 14:30:00+00:00,11,0,0.7047678828239441,0.7047678828239441,20.0,15.0,15,uptrend_retrace,2026-03-05 14:17:00+00:00,5105.81,stop_loss,-15.0,pattern,uptrend_retrace
1,2026-03-05 14:59:00+00:00,5109.29,5094.29,5136.56,2026-03-05 15:18:00+00:00,3,0,0.69291090965271,0.69291090965271,20.0,15.0,15,uptrend_retrace,2026-03-05 15:06:00+00:00,5094.29,stop_loss,-15.0,pattern,uptrend_retrace
1,2026-03-05 15:19:00+00:00,5093.21,5078.21,5113.21,2026-03-05 15:34:00+00:00,0,0,0.8338775634765625,0.8338775634765625,20.0,15.0,15,uptrend_retrace,2026-03-05 15:23:00+00:00,5078.21,stop_loss,-15.0,pattern,uptrend_retrace
1,2026-03-05 15:32:00+00:00,5091.31,5076.31,5113.1,2026-03-05 15:49:00+00:00,2,0,0.6675987839698792,0.6675987839698792,20.0,15.0,15,uptrend_retrace,2026-03-05 15:49:00+00:00,5088.49,timeout,-2.8200000000006185,pattern,uptrend_retrace
1,2026-03-06 14:22:00+00:00,5095.17,5080.17,5115.17,2026-03-06 14:37:00+00:00,0,0,0.6040891408920288,0.6040891408920288,20.0,15.0,15,uptrend_retrace,2026-03-06 14:31:00+00:00,5115.17,target_hit,20.0,pattern,uptrend_retrace
1,2026-03-06 14:36:00+00:00,5093.68,5078.68,5120.33,2026-03-06 15:07:00+00:00,8,0,0.554068922996521,0.554068922996521,20.0,15.0,15,uptrend_retrace,2026-03-06 14:57:00+00:00,5120.33,target_hit,26.649999999999636,pattern,uptrend_retrace
-1,2026-03-08 22:42:00+00:00,5116.12,5146.12,5055.12,2026-03-08 23:40:00+00:00,4,0,0.6820724010467529,0.31792759895324707,40.0,30.0,30,breakthrough_short,2026-03-08 23:40:00+00:00,5070.7,timeout,45.42000000000007,pattern,breakthrough_short
1,2026-03-08 23:46:00+00:00,5077.51,5062.51,5097.51,2026-03-09 00:01:00+00:00,0,0,0.7259997725486755,0.7259997725486755,20.0,15.0,15,uptrend_retrace,2026-03-08 23:47:00+00:00,5062.51,stop_loss,-15.0,pattern,uptrend_retrace
1,2026-03-08 23:58:00+00:00,5075.65,5060.65,5095.83,2026-03-09 00:14:00+00:00,2,0,0.7800999283790588,0.7800999283790588,20.0,15.0,15,uptrend_retrace,2026-03-09 00:02:00+00:00,5060.65,stop_loss,-15.0,pattern,uptrend_retrace
-1,2026-03-09 00:03:00+00:00,5060.38,5090.38,4994.23,2026-03-09 00:35:00+00:00,11,0,0.5852745771408081,0.4147254228591919,40.0,30.0,15,reversal_fvg_short,2026-03-09 00:35:00+00:00,5057.34,timeout,3.0399999999999636,pattern,reversal_fvg_short
-1,2026-03-09 00:48:00+00:00,5039.37,5069.37,4999.37,2026-03-09 01:12:00+00:00,6,0,0.6360459923744202,0.36395400762557983,40.0,30.0,15,downtrend_retrace,2026-03-09 01:12:00+00:00,5069.37,stop_loss,-30.0,pattern,downtrend_retrace
1,2026-03-09 01:27:00+00:00,5077.19,5062.19,5097.19,2026-03-09 01:44:00+00:00,3,0,0.6082372665405273,0.6082372665405273,20.0,15.0,15,uptrend_retrace,2026-03-09 01:44:00+00:00,5080.1,timeout,2.910000000000764,pattern,uptrend_retrace
-1,2026-03-09 11:00:00+00:00,5088.04,5118.04,5048.04,2026-03-09 11:15:00+00:00,0,0,0.5996101498603821,0.4003898501396179,40.0,30.0,15,reversal_fvg_short,2026-03-09 11:15:00+00:00,5091.49,timeout,-3.449999999999818,pattern,reversal_fvg_short
-1,2026-03-09 14:09:00+00:00,5069.77,5099.77,5022.48,2026-03-09 14:27:00+00:00,3,0,0.7678483128547668,0.23215168714523315,40.0,30.0,15,reversal_fvg_short,2026-03-09 14:27:00+00:00,5078.15,timeout,-8.3799999999992,pattern,reversal_fvg_short
1,2026-03-10 01:34:00+00:00,5158.85,5143.85,5189.06,2026-03-10 02:01:00+00:00,9,0,0.7371273636817932,0.7371273636817932,20.0,15.0,15,reversal_fvg_long,2026-03-10 02:01:00+00:00,5182.87,timeout,24.019999999999527,pattern,reversal_fvg_long
1,2026-03-10 13:01:00+00:00,5194.74,5179.74,5234.54,2026-03-10 13:34:00+00:00,13,0,0.7586043477058411,0.7586043477058411,20.0,15.0,15,reversal_fvg_long,2026-03-10 13:34:00+00:00,5213.27,timeout,18.530000000000655,pattern,reversal_fvg_long
1,2026-03-10 14:14:00+00:00,5193.95,5178.95,5217.23,2026-03-10 14:30:00+00:00,2,0,0.5639135837554932,0.5639135837554932,20.0,15.0,15,uptrend_retrace,2026-03-10 14:30:00+00:00,5210.84,timeout,16.890000000000327,pattern,uptrend_retrace
1,2026-03-13 01:04:00+00:00,5118.23,5103.23,5139.15,2026-03-13 01:19:00+00:00,1,0,0.5584399700164795,0.5584399700164795,20.0,15.0,15,reversal_fvg_long,2026-03-13 01:19:00+00:00,5115.77,timeout,-2.459999999999127,pattern,reversal_fvg_long
1,2026-03-13 12:50:00+00:00,5121.52,5106.52,5141.52,2026-03-13 13:10:00+00:00,2,0,0.6003373861312866,0.6003373861312866,20.0,15.0,15,reversal_fvg_long,2026-03-13 13:10:00+00:00,5111.23,timeout,-10.290000000000873,pattern,reversal_fvg_long
1,2026-03-16 01:00:00+00:00,5026.43,5011.43,5046.43,2026-03-16 01:15:00+00:00,0,0,0.5705340504646301,0.5705340504646301,20.0,15.0,15,reversal_fvg_long,2026-03-16 01:10:00+00:00,5011.43,stop_loss,-15.0,pattern,reversal_fvg_long
1,2026-03-16 01:14:00+00:00,4995.02,4980.02,5015.02,2026-03-16 01:29:00+00:00,1,0,0.8577254414558411,0.8577254414558411,20.0,15.0,15,reversal_fvg_long,2026-03-16 01:29:00+00:00,4988.01,timeout,-7.010000000000218,pattern,reversal_fvg_long
1,2026-03-16 13:16:00+00:00,5028.47,5013.47,5049.46,2026-03-16 13:41:00+00:00,11,0,0.8074044585227966,0.8074044585227966,20.0,15.0,15,reversal_fvg_long,2026-03-16 13:41:00+00:00,5024.47,timeout,-4.0,pattern,reversal_fvg_long
-1,2026-03-18 22:32:00+00:00,4812.63,4842.63,4771.61,2026-03-18 22:48:00+00:00,2,0,0.6142348647117615,0.3857651352882385,40.0,30.0,15,downtrend_retrace,2026-03-18 22:48:00+00:00,4837.05,timeout,-24.420000000000073,pattern,downtrend_retrace
-1,2026-03-19 08:24:00+00:00,4729.99,4759.99,4648.74,2026-03-19 09:05:00+00:00,25,0,0.611757755279541,0.388242244720459,40.0,30.0,15,downtrend_retrace,2026-03-19 09:05:00+00:00,4712.73,timeout,17.26000000000022,pattern,downtrend_retrace
-1,2026-03-19 10:25:00+00:00,4679.37,4709.37,4637.9,2026-03-19 11:05:00+00:00,23,0,0.7122282981872559,0.28777170181274414,40.0,30.0,15,downtrend_retrace,2026-03-19 11:05:00+00:00,4689.04,timeout,-9.670000000000073,pattern,downtrend_retrace
-1,2026-03-19 11:46:00+00:00,4662.76,4692.76,4622.76,2026-03-19 12:01:00+00:00,0,0,0.623515248298645,0.376484751701355,40.0,30.0,15,downtrend_retrace,2026-03-19 12:01:00+00:00,4643.28,timeout,19.480000000000473,pattern,downtrend_retrace
-1,2026-03-19 12:02:00+00:00,4642.56,4672.56,4484.73,2026-03-19 13:30:00+00:00,45,0,0.7204098701477051,0.2795901298522949,40.0,30.0,15,downtrend_retrace,2026-03-19 13:30:00+00:00,4570.04,timeout,72.52000000000044,pattern,downtrend_retrace
1,2026-03-19 13:31:00+00:00,4569.97,4554.97,4601.02,2026-03-19 13:50:00+00:00,5,0,0.9062340259552002,0.9062340259552002,20.0,15.0,15,uptrend_retrace,2026-03-19 13:36:00+00:00,4554.97,stop_loss,-15.0,pattern,uptrend_retrace
1,2026-03-19 13:37:00+00:00,4562.64,4547.64,4589.67,2026-03-19 13:54:00+00:00,3,0,0.8779093027114868,0.8779093027114868,20.0,15.0,15,uptrend_retrace,2026-03-19 13:40:00+00:00,4547.64,stop_loss,-15.0,pattern,uptrend_retrace
1,2026-03-19 13:41:00+00:00,4550.68,4535.68,4641.0,2026-03-19 14:14:00+00:00,19,0,0.8873100876808167,0.8873100876808167,20.0,15.0,15,uptrend_retrace,2026-03-19 14:01:00+00:00,4641.0,target_hit,90.31999999999971,pattern,uptrend_retrace
1,2026-03-19 14:07:00+00:00,4625.24,4610.24,4654.96,2026-03-19 14:31:00+00:00,9,0,0.6191141605377197,0.6191141605377197,20.0,15.0,15,uptrend_retrace,2026-03-19 14:17:00+00:00,4610.24,stop_loss,-15.0,pattern,uptrend_retrace
1,2026-03-19 14:18:00+00:00,4618.4,4603.4,4638.4,2026-03-19 14:35:00+00:00,3,0,0.7323586344718933,0.7323586344718933,20.0,15.0,15,uptrend_retrace,2026-03-19 14:21:00+00:00,4603.4,stop_loss,-15.0,pattern,uptrend_retrace
1,2026-03-19 14:22:00+00:00,4604.75,4589.75,4632.5,2026-03-19 14:42:00+00:00,6,0,0.8227538466453552,0.8227538466453552,20.0,15.0,15,uptrend_retrace,2026-03-19 14:28:00+00:00,4589.75,stop_loss,-15.0,pattern,uptrend_retrace
1,2026-03-19 14:29:00+00:00,4589.67,4574.67,4644.98,2026-03-19 15:47:00+00:00,52,0,0.7354385852813721,0.7354385852813721,20.0,15.0,15,uptrend_retrace,2026-03-19 15:33:00+00:00,4574.67,stop_loss,-15.0,pattern,uptrend_retrace
1,2026-03-19 15:34:00+00:00,4574.9,4559.9,4599.76,2026-03-19 15:58:00+00:00,2,0,0.6319543719291687,0.6319543719291687,20.0,15.0,15,uptrend_retrace,2026-03-19 15:56:00+00:00,4599.76,target_hit,24.860000000000582,pattern,uptrend_retrace
1,2026-03-19 16:52:00+00:00,4586.31,4571.31,4606.31,2026-03-19 17:08:00+00:00,1,0,0.5525962710380554,0.5525962710380554,20.0,15.0,15,uptrend_retrace,2026-03-19 17:08:00+00:00,4582.95,timeout,-3.360000000000582,pattern,uptrend_retrace
1,2026-03-19 17:35:00+00:00,4606.62,4591.62,4626.62,2026-03-19 17:53:00+00:00,3,0,0.5899356603622437,0.5899356603622437,20.0,15.0,15,uptrend_retrace,2026-03-19 17:52:00+00:00,4626.62,target_hit,20.0,pattern,uptrend_retrace
1,2026-03-19 19:16:00+00:00,4654.93,4639.93,4678.15,2026-03-19 19:39:00+00:00,9,0,0.878232479095459,0.878232479095459,20.0,15.0,15,uptrend_retrace,2026-03-19 19:25:00+00:00,4639.93,stop_loss,-15.0,pattern,uptrend_retrace
1,2026-03-19 19:26:00+00:00,4639.01,4624.01,4676.34,2026-03-19 20:29:00+00:00,24,0,0.6003480553627014,0.6003480553627014,20.0,15.0,15,reversal_fvg_long,2026-03-19 20:29:00+00:00,4657.23,timeout,18.219999999999345,pattern,reversal_fvg_long
1,2026-03-19 20:31:00+00:00,4658.49,4643.49,4681.75,2026-03-19 21:07:00+00:00,10,0,0.6508636474609375,0.6508636474609375,20.0,15.0,15,reversal_fvg_long,2026-03-19 22:01:00+00:00,4657.42,timeout,-1.069999999999709,pattern,reversal_fvg_long
1,2026-03-20 03:23:00+00:00,4733.42,4718.42,4753.42,2026-03-20 03:38:00+00:00,1,0,0.5686454176902771,0.5686454176902771,20.0,15.0,15,reversal_fvg_long,2026-03-20 03:38:00+00:00,4727.94,timeout,-5.480000000000473,pattern,reversal_fvg_long
1,2026-03-20 08:46:00+00:00,4693.66,4678.66,4715.36,2026-03-20 09:14:00+00:00,6,0,0.599471926689148,0.599471926689148,20.0,15.0,15,uptrend_retrace,2026-03-20 09:14:00+00:00,4693.84,timeout,0.18000000000029104,pattern,uptrend_retrace
1,2026-03-20 12:45:00+00:00,4670.57,4655.57,4695.85,2026-03-20 13:20:00+00:00,8,0,0.6031763553619385,0.6031763553619385,20.0,15.0,15,uptrend_retrace,2026-03-20 13:10:00+00:00,4655.57,stop_loss,-15.0,pattern,uptrend_retrace
-1,2026-03-20 14:21:00+00:00,4570.13,4600.13,4519.6,2026-03-20 14:41:00+00:00,2,0,0.6066789627075195,0.39332103729248047,40.0,30.0,15,reversal_fvg_short,2026-03-20 14:41:00+00:00,4572.52,timeout,-2.3900000000003274,pattern,reversal_fvg_short
-1,2026-03-20 14:55:00+00:00,4554.76,4584.76,4514.76,2026-03-20 15:10:00+00:00,0,0,0.5891573429107666,0.4108426570892334,40.0,30.0,15,reversal_fvg_short,2026-03-20 15:10:00+00:00,4565.71,timeout,-10.949999999999818,pattern,reversal_fvg_short
1,2026-03-20 17:06:00+00:00,4576.1,4561.1,4596.1,2026-03-20 17:21:00+00:00,0,0,0.6407605409622192,0.6407605409622192,20.0,15.0,15,uptrend_retrace,2026-03-20 17:07:00+00:00,4596.1,target_hit,20.0,pattern,uptrend_retrace
1,2026-03-20 17:10:00+00:00,4591.18,4576.18,4611.18,2026-03-20 17:29:00+00:00,4,0,0.6256986856460571,0.6256986856460571,20.0,15.0,15,uptrend_retrace,2026-03-20 17:15:00+00:00,4576.18,stop_loss,-15.0,pattern,uptrend_retrace
1,2026-03-20 17:16:00+00:00,4576.71,4561.71,4598.71,2026-03-20 17:45:00+00:00,11,0,0.5848348736763,0.5848348736763,20.0,15.0,15,uptrend_retrace,2026-03-20 17:32:00+00:00,4561.71,stop_loss,-15.0,pattern,uptrend_retrace
1,2026-03-22 23:12:00+00:00,4491.79,4476.79,4515.81,2026-03-22 23:50:00+00:00,19,0,0.5819025635719299,0.5819025635719299,20.0,15.0,15,uptrend_retrace,2026-03-22 23:36:00+00:00,4476.79,stop_loss,-15.0,pattern,uptrend_retrace
-1,2026-03-22 23:37:00+00:00,4478.33,4508.33,4420.69,2026-03-23 00:14:00+00:00,9,0,0.6121231317520142,0.38787686824798584,40.0,30.0,15,downtrend_retrace,2026-03-23 00:14:00+00:00,4436.98,timeout,41.350000000000364,pattern,downtrend_retrace
1,2026-03-23 00:24:00+00:00,4436.52,4421.52,4461.68,2026-03-23 00:45:00+00:00,4,0,0.7704326510429382,0.7704326510429382,20.0,15.0,15,uptrend_retrace,2026-03-23 00:32:00+00:00,4421.52,stop_loss,-15.0,pattern,uptrend_retrace
-1,2026-03-23 00:35:00+00:00,4401.2,4431.2,4295.46,2026-03-23 01:15:00+00:00,14,0,0.795284628868103,0.20471537113189697,40.0,30.0,15,downtrend_retrace,2026-03-23 01:15:00+00:00,4424.86,timeout,-23.659999999999854,pattern,downtrend_retrace
1,2026-03-23 01:21:00+00:00,4423.27,4408.27,4443.27,2026-03-23 01:36:00+00:00,1,0,0.6823758482933044,0.6823758482933044,20.0,15.0,15,uptrend_retrace,2026-03-23 01:22:00+00:00,4443.27,target_hit,20.0,pattern,uptrend_retrace
1,2026-03-23 01:25:00+00:00,4432.31,4417.31,4452.31,2026-03-23 01:44:00+00:00,5,0,0.5952159762382507,0.5952159762382507,20.0,15.0,15,uptrend_retrace,2026-03-23 01:30:00+00:00,4417.31,stop_loss,-15.0,pattern,uptrend_retrace
1,2026-03-23 01:35:00+00:00,4442.17,4427.17,4465.62,2026-03-23 02:00:00+00:00,10,0,0.5757684111595154,0.5757684111595154,20.0,15.0,15,uptrend_retrace,2026-03-23 01:46:00+00:00,4427.17,stop_loss,-15.0,pattern,uptrend_retrace
1,2026-03-23 01:47:00+00:00,4428.27,4413.27,4448.27,2026-03-23 02:02:00+00:00,1,0,0.7121021747589111,0.7121021747589111,20.0,15.0,15,uptrend_retrace,2026-03-23 01:48:00+00:00,4413.27,stop_loss,-15.0,pattern,uptrend_retrace
1,2026-03-23 01:49:00+00:00,4418.35,4403.35,4438.35,2026-03-23 02:10:00+00:00,7,0,0.7906087636947632,0.7906087636947632,20.0,15.0,15,uptrend_retrace,2026-03-23 01:56:00+00:00,4403.35,stop_loss,-15.0,pattern,uptrend_retrace
1,2026-03-23 01:58:00+00:00,4391.46,4376.46,4437.65,2026-03-23 02:51:00+00:00,39,0,0.8455497622489929,0.8455497622489929,20.0,15.0,15,uptrend_retrace,2026-03-23 02:37:00+00:00,4376.46,stop_loss,-15.0,pattern,uptrend_retrace
1,2026-03-23 02:38:00+00:00,4374.18,4359.18,4405.23,2026-03-23 03:07:00+00:00,15,0,0.7923993468284607,0.7923993468284607,20.0,15.0,15,uptrend_retrace,2026-03-23 02:53:00+00:00,4359.18,stop_loss,-15.0,pattern,uptrend_retrace
1,2026-03-23 02:54:00+00:00,4357.82,4342.82,4393.17,2026-03-23 03:50:00+00:00,38,0,0.8629410862922668,0.8629410862922668,20.0,15.0,15,uptrend_retrace,2026-03-23 03:40:00+00:00,4342.82,stop_loss,-15.0,pattern,uptrend_retrace
-1,2026-03-23 06:02:00+00:00,4302.55,4332.55,4233.5,2026-03-23 06:41:00+00:00,11,0,0.6295211315155029,0.37047886848449707,40.0,30.0,15,reversal_fvg_short,2026-03-23 06:31:00+00:00,4233.5,target_hit,69.05000000000018,pattern,reversal_fvg_short
1,2026-03-23 06:50:00+00:00,4207.35,4192.35,4248.42,2026-03-23 07:15:00+00:00,11,0,0.68062424659729,0.68062424659729,20.0,15.0,15,uptrend_retrace,2026-03-23 07:01:00+00:00,4192.35,stop_loss,-15.0,pattern,uptrend_retrace
-1,2026-03-23 07:02:00+00:00,4191.38,4221.38,4135.63,2026-03-23 07:20:00+00:00,3,0,0.698637068271637,0.30136293172836304,40.0,30.0,15,downtrend_retrace,2026-03-23 07:08:00+00:00,4135.63,target_hit,55.75,pattern,downtrend_retrace
-1,2026-03-23 07:10:00+00:00,4158.44,4188.44,4103.36,2026-03-23 07:27:00+00:00,2,0,0.6298925876617432,0.37010741233825684,40.0,30.0,15,downtrend_retrace,2026-03-23 07:20:00+00:00,4103.36,target_hit,55.07999999999993,pattern,downtrend_retrace
1,2026-03-23 07:25:00+00:00,4130.71,4115.71,4150.71,2026-03-23 07:40:00+00:00,0,0,0.6895959377288818,0.6895959377288818,20.0,15.0,15,uptrend_retrace,2026-03-23 07:25:00+00:00,4115.71,stop_loss,-15.0,pattern,uptrend_retrace
1,2026-03-23 07:29:00+00:00,4137.23,4122.23,4200.42,2026-03-23 07:52:00+00:00,9,0,0.6585692763328552,0.6585692763328552,20.0,15.0,15,uptrend_retrace,2026-03-23 07:38:00+00:00,4200.42,target_hit,63.19000000000051,pattern,uptrend_retrace
1,2026-03-23 07:40:00+00:00,4180.25,4165.25,4208.56,2026-03-23 07:55:00+00:00,1,0,0.7234300971031189,0.7234300971031189,20.0,15.0,15,uptrend_retrace,2026-03-23 07:41:00+00:00,4208.56,target_hit,28.3100000000004,pattern,uptrend_retrace
1,2026-03-23 07:43:00+00:00,4191.04,4176.04,4268.37,2026-03-23 08:46:00+00:00,47,0,0.6932891011238098,0.6932891011238098,20.0,15.0,15,uptrend_retrace,2026-03-23 08:35:00+00:00,4268.37,target_hit,77.32999999999993,pattern,uptrend_retrace
1,2026-03-23 08:36:00+00:00,4256.02,4241.02,4276.02,2026-03-23 08:52:00+00:00,2,0,0.730165958404541,0.730165958404541,20.0,15.0,15,uptrend_retrace,2026-03-23 08:38:00+00:00,4241.02,stop_loss,-15.0,pattern,uptrend_retrace
1,2026-03-23 08:39:00+00:00,4241.58,4226.58,4277.98,2026-03-23 09:05:00+00:00,11,0,0.8211284279823303,0.8211284279823303,20.0,15.0,15,uptrend_retrace,2026-03-23 08:51:00+00:00,4226.58,stop_loss,-15.0,pattern,uptrend_retrace
1,2026-03-23 08:52:00+00:00,4232.84,4217.84,4283.21,2026-03-23 09:28:00+00:00,22,0,0.8947001099586487,0.8947001099586487,20.0,15.0,15,uptrend_retrace,2026-03-23 09:16:00+00:00,4283.21,target_hit,50.36999999999989,pattern,uptrend_retrace
1,2026-03-23 09:33:00+00:00,4287.26,4272.26,4307.26,2026-03-23 09:50:00+00:00,3,0,0.5598812103271484,0.5598812103271484,20.0,15.0,15,uptrend_retrace,2026-03-23 09:36:00+00:00,4272.26,stop_loss,-15.0,pattern,uptrend_retrace
1,2026-03-23 09:37:00+00:00,4267.42,4252.42,4287.42,2026-03-23 09:53:00+00:00,2,0,0.660148024559021,0.660148024559021,20.0,15.0,15,uptrend_retrace,2026-03-23 09:39:00+00:00,4252.42,stop_loss,-15.0,pattern,uptrend_retrace
1,2026-03-23 10:39:00+00:00,4249.71,4234.71,4280.23,2026-03-23 11:02:00+00:00,5,0,0.6846223473548889,0.6846223473548889,20.0,15.0,15,uptrend_retrace,2026-03-23 10:50:00+00:00,4280.23,target_hit,30.519999999999527,pattern,uptrend_retrace
1,2026-03-23 11:02:00+00:00,4290.48,4275.48,4310.48,2026-03-23 11:18:00+00:00,2,0,0.5865058302879333,0.5865058302879333,20.0,15.0,15,uptrend_retrace,2026-03-23 11:05:00+00:00,4310.48,target_hit,20.0,pattern,uptrend_retrace
1,2026-03-23 11:56:00+00:00,4389.9,4374.9,4409.9,2026-03-23 12:11:00+00:00,1,0,0.5552008152008057,0.5552008152008057,20.0,15.0,15,uptrend_retrace,2026-03-23 11:57:00+00:00,4374.9,stop_loss,-15.0,pattern,uptrend_retrace
1,2026-03-23 11:58:00+00:00,4366.85,4351.85,4389.89,2026-03-23 12:17:00+00:00,4,0,0.5992117524147034,0.5992117524147034,20.0,15.0,15,uptrend_retrace,2026-03-23 12:03:00+00:00,4351.85,stop_loss,-15.0,pattern,uptrend_retrace
1,2026-03-23 12:04:00+00:00,4361.25,4346.25,4381.25,2026-03-23 12:19:00+00:00,1,0,0.5823858380317688,0.5823858380317688,20.0,15.0,15,uptrend_retrace,2026-03-23 12:05:00+00:00,4346.25,stop_loss,-15.0,pattern,uptrend_retrace
1,2026-03-23 12:06:00+00:00,4345.16,4330.16,4375.04,2026-03-23 12:23:00+00:00,3,0,0.6951069831848145,0.6951069831848145,20.0,15.0,15,uptrend_retrace,2026-03-23 12:10:00+00:00,4375.04,target_hit,29.88000000000011,pattern,uptrend_retrace
1,2026-03-23 12:15:00+00:00,4353.58,4338.58,4385.64,2026-03-23 12:30:00+00:00,1,0,0.6254911422729492,0.6254911422729492,20.0,15.0,15,uptrend_retrace,2026-03-23 12:17:00+00:00,4385.64,target_hit,32.0600000000004,pattern,uptrend_retrace
1,2026-03-23 12:18:00+00:00,4391.18,4376.18,4425.02,2026-03-23 12:44:00+00:00,12,0,0.5702918171882629,0.5702918171882629,20.0,15.0,15,uptrend_retrace,2026-03-23 12:30:00+00:00,4376.18,stop_loss,-15.0,pattern,uptrend_retrace
1,2026-03-23 12:31:00+00:00,4382.87,4367.87,4469.06,2026-03-23 13:01:00+00:00,14,0,0.852935791015625,0.852935791015625,20.0,15.0,15,uptrend_retrace,2026-03-23 12:50:00+00:00,4469.06,target_hit,86.19000000000051,pattern,uptrend_retrace
1,2026-03-23 13:03:00+00:00,4442.87,4427.87,4472.85,2026-03-23 13:33:00+00:00,7,0,0.5591477155685425,0.5591477155685425,20.0,15.0,15,uptrend_retrace,2026-03-23 13:19:00+00:00,4427.87,stop_loss,-15.0,pattern,uptrend_retrace
1,2026-03-23 13:22:00+00:00,4427.27,4412.27,4447.27,2026-03-23 13:39:00+00:00,3,0,0.6118599772453308,0.6118599772453308,20.0,15.0,15,uptrend_retrace,2026-03-23 13:25:00+00:00,4412.27,stop_loss,-15.0,pattern,uptrend_retrace
1,2026-03-23 13:26:00+00:00,4407.32,4392.32,4444.58,2026-03-23 13:53:00+00:00,11,0,0.7787326574325562,0.7787326574325562,20.0,15.0,15,uptrend_retrace,2026-03-23 13:41:00+00:00,4444.58,target_hit,37.26000000000022,pattern,uptrend_retrace
1,2026-03-23 14:00:00+00:00,4454.33,4439.33,4502.02,2026-03-23 14:30:00+00:00,11,0,0.5677415132522583,0.5677415132522583,20.0,15.0,15,uptrend_retrace,2026-03-23 14:24:00+00:00,4502.02,target_hit,47.69000000000051,pattern,uptrend_retrace
1,2026-03-23 15:19:00+00:00,4434.54,4419.54,4476.72,2026-03-23 15:51:00+00:00,9,0,0.7503520250320435,0.7503520250320435,20.0,15.0,15,uptrend_retrace,2026-03-23 15:37:00+00:00,4419.54,stop_loss,-15.0,pattern,uptrend_retrace
1,2026-03-23 15:38:00+00:00,4421.19,4406.19,4441.19,2026-03-23 15:58:00+00:00,6,0,0.6097882390022278,0.6097882390022278,20.0,15.0,15,uptrend_retrace,2026-03-23 15:44:00+00:00,4406.19,stop_loss,-15.0,pattern,uptrend_retrace
1,2026-03-23 15:45:00+00:00,4408.52,4393.52,4428.52,2026-03-23 16:01:00+00:00,2,0,0.5948830842971802,0.5948830842971802,20.0,15.0,15,uptrend_retrace,2026-03-23 15:52:00+00:00,4393.52,stop_loss,-15.0,pattern,uptrend_retrace
1,2026-03-23 16:02:00+00:00,4374.71,4359.71,4395.4,2026-03-23 16:18:00+00:00,2,0,0.5887009501457214,0.5887009501457214,20.0,15.0,15,uptrend_retrace,2026-03-23 16:05:00+00:00,4359.71,stop_loss,-15.0,pattern,uptrend_retrace
1,2026-03-23 16:07:00+00:00,4370.73,4355.73,4406.57,2026-03-23 16:27:00+00:00,2,0,0.762340784072876,0.762340784072876,20.0,15.0,15,uptrend_retrace,2026-03-23 16:25:00+00:00,4355.73,stop_loss,-15.0,pattern,uptrend_retrace
1,2026-03-23 16:47:00+00:00,4381.95,4366.95,4401.95,2026-03-23 17:11:00+00:00,1,0,0.6036169528961182,0.6036169528961182,20.0,15.0,15,uptrend_retrace,2026-03-23 17:09:00+00:00,4401.95,target_hit,20.0,pattern,uptrend_retrace
1,2026-03-23 17:21:00+00:00,4389.84,4374.84,4421.63,2026-03-23 17:40:00+00:00,4,0,0.6114727258682251,0.6114727258682251,20.0,15.0,15,uptrend_retrace,2026-03-23 17:31:00+00:00,4421.63,target_hit,31.789999999999964,pattern,uptrend_retrace
1,2026-03-23 18:22:00+00:00,4416.44,4401.44,4456.48,2026-03-23 18:48:00+00:00,11,0,0.5574588179588318,0.5574588179588318,20.0,15.0,15,uptrend_retrace,2026-03-23 18:41:00+00:00,4456.48,target_hit,40.039999999999964,pattern,uptrend_retrace
1,2026-03-23 19:16:00+00:00,4405.82,4390.82,4433.2,2026-03-23 20:14:00+00:00,26,0,0.5839556455612183,0.5839556455612183,20.0,15.0,15,uptrend_retrace,2026-03-23 20:00:00+00:00,4390.82,stop_loss,-15.0,pattern,uptrend_retrace
1,2026-03-23 20:01:00+00:00,4385.85,4370.85,4433.28,2026-03-23 20:59:00+00:00,36,0,0.7185506820678711,0.7185506820678711,20.0,15.0,15,uptrend_retrace,2026-03-23 20:59:00+00:00,4408.0,timeout,22.149999999999636,pattern,uptrend_retrace
1,2026-03-24 00:16:00+00:00,4418.9,4403.9,4438.9,2026-03-24 00:31:00+00:00,1,0,0.6383270621299744,0.6383270621299744,20.0,15.0,15,uptrend_retrace,2026-03-24 00:18:00+00:00,4403.9,stop_loss,-15.0,pattern,uptrend_retrace
-1,2026-03-24 00:35:00+00:00,4372.24,4402.24,4332.24,2026-03-24 01:05:00+00:00,0,0,0.5860389471054077,0.4139610528945923,40.0,30.0,30,breakthrough_short,2026-03-24 00:40:00+00:00,4332.24,target_hit,40.0,pattern,breakthrough_short
1,2026-03-24 00:48:00+00:00,4367.69,4352.69,4402.7,2026-03-24 01:17:00+00:00,14,0,0.7797529697418213,0.7797529697418213,20.0,15.0,15,uptrend_retrace,2026-03-24 01:05:00+00:00,4352.69,stop_loss,-15.0,pattern,uptrend_retrace
-1,2026-03-24 01:06:00+00:00,4356.52,4386.52,4296.37,2026-03-24 01:32:00+00:00,7,0,0.7057629227638245,0.29423707723617554,40.0,30.0,15,reversal_fvg_short,2026-03-24 01:32:00+00:00,4356.71,timeout,-0.18999999999959982,pattern,reversal_fvg_short
1,2026-03-24 01:35:00+00:00,4360.54,4345.54,4383.18,2026-03-24 01:51:00+00:00,2,0,0.7166727781295776,0.7166727781295776,20.0,15.0,15,uptrend_retrace,2026-03-24 01:41:00+00:00,4345.54,stop_loss,-15.0,pattern,uptrend_retrace
-1,2026-03-24 01:43:00+00:00,4329.65,4359.65,4272.97,2026-03-24 02:35:00+00:00,16,0,0.8764613270759583,0.12353867292404175,40.0,30.0,15,downtrend_retrace,2026-03-24 02:30:00+00:00,4359.65,stop_loss,-30.0,pattern,downtrend_retrace
1,2026-03-24 02:51:00+00:00,4356.47,4341.47,4385.2,2026-03-24 03:50:00+00:00,26,0,0.6284494400024414,0.6284494400024414,20.0,15.0,15,uptrend_retrace,2026-03-24 03:36:00+00:00,4341.47,stop_loss,-15.0,pattern,uptrend_retrace
1,2026-03-24 03:38:00+00:00,4339.54,4324.54,4369.2,2026-03-24 04:12:00+00:00,18,0,0.6413605213165283,0.6413605213165283,20.0,15.0,15,uptrend_retrace,2026-03-24 04:12:00+00:00,4348.89,timeout,9.350000000000364,pattern,uptrend_retrace
1,2026-03-24 04:13:00+00:00,4349.36,4334.36,4369.36,2026-03-24 04:32:00+00:00,3,0,0.5647726655006409,0.5647726655006409,20.0,15.0,15,uptrend_retrace,2026-03-24 04:19:00+00:00,4334.36,stop_loss,-15.0,pattern,uptrend_retrace
1,2026-03-24 05:57:00+00:00,4351.06,4336.06,4388.95,2026-03-24 06:31:00+00:00,14,0,0.5805791020393372,0.5805791020393372,20.0,15.0,15,uptrend_retrace,2026-03-24 06:22:00+00:00,4388.95,target_hit,37.88999999999942,pattern,uptrend_retrace
1,2026-03-24 06:39:00+00:00,4386.56,4371.56,4406.56,2026-03-24 07:03:00+00:00,2,0,0.5680524706840515,0.5680524706840515,20.0,15.0,15,uptrend_retrace,2026-03-24 07:00:00+00:00,4406.56,target_hit,20.0,pattern,uptrend_retrace
1,2026-03-24 07:43:00+00:00,4401.4,4386.4,4428.9,2026-03-24 08:02:00+00:00,5,0,0.6087266206741333,0.6087266206741333,20.0,15.0,15,uptrend_retrace,2026-03-24 07:52:00+00:00,4428.9,target_hit,27.5,pattern,uptrend_retrace
1,2026-03-24 08:03:00+00:00,4415.48,4400.48,4437.6,2026-03-24 08:31:00+00:00,12,0,0.5850583910942078,0.5850583910942078,20.0,15.0,15,uptrend_retrace,2026-03-24 08:20:00+00:00,4400.48,stop_loss,-15.0,pattern,uptrend_retrace
1,2026-03-24 08:22:00+00:00,4397.81,4382.81,4423.75,2026-03-24 08:55:00+00:00,17,0,0.5607306361198425,0.5607306361198425,20.0,15.0,15,uptrend_retrace,2026-03-24 08:55:00+00:00,4407.96,timeout,10.149999999999636,pattern,uptrend_retrace
1,2026-03-24 11:23:00+00:00,4417.48,4402.48,4447.57,2026-03-24 12:03:00+00:00,19,0,0.5533633232116699,0.5533633232116699,20.0,15.0,15,uptrend_retrace,2026-03-24 11:53:00+00:00,4402.48,stop_loss,-15.0,pattern,uptrend_retrace
-1,2026-03-24 11:57:00+00:00,4402.87,4432.87,4362.87,2026-03-24 12:12:00+00:00,1,0,0.5859678387641907,0.4140321612358093,40.0,30.0,15,downtrend_retrace,2026-03-24 12:12:00+00:00,4416.48,timeout,-13.609999999999673,pattern,downtrend_retrace
1,2026-03-24 12:13:00+00:00,4416.7,4401.7,4445.25,2026-03-24 12:37:00+00:00,10,0,0.572131335735321,0.572131335735321,20.0,15.0,15,uptrend_retrace,2026-03-24 12:23:00+00:00,4401.7,stop_loss,-15.0,pattern,uptrend_retrace
1,2026-03-24 12:29:00+00:00,4405.6,4390.6,4426.75,2026-03-24 12:45:00+00:00,1,0,0.5828229188919067,0.5828229188919067,20.0,15.0,15,uptrend_retrace,2026-03-24 12:33:00+00:00,4390.6,stop_loss,-15.0,pattern,uptrend_retrace
-1,2026-03-24 12:35:00+00:00,4383.52,4413.52,4315.01,2026-03-24 14:01:00+00:00,39,0,0.600797176361084,0.399202823638916,40.0,30.0,15,reversal_fvg_short,2026-03-24 14:01:00+00:00,4385.15,timeout,-1.6299999999991996,pattern,reversal_fvg_short
1,2026-03-24 14:17:00+00:00,4389.63,4374.63,4433.31,2026-03-24 15:04:00+00:00,10,0,0.6064240336418152,0.6064240336418152,20.0,15.0,15,uptrend_retrace,2026-03-24 14:52:00+00:00,4433.31,target_hit,43.68000000000029,pattern,uptrend_retrace
1,2026-03-24 15:18:00+00:00,4407.87,4392.87,4443.46,2026-03-24 16:02:00+00:00,16,0,0.588108479976654,0.588108479976654,20.0,15.0,15,uptrend_retrace,2026-03-24 16:02:00+00:00,4407.93,timeout,0.06000000000040018,pattern,uptrend_retrace
1,2026-03-24 17:06:00+00:00,4394.56,4379.56,4418.91,2026-03-24 17:49:00+00:00,14,0,0.5719416737556458,0.5719416737556458,20.0,15.0,15,uptrend_retrace,2026-03-24 17:35:00+00:00,4379.56,stop_loss,-15.0,pattern,uptrend_retrace
1,2026-03-24 20:39:00+00:00,4470.79,4455.79,4492.3,2026-03-24 20:55:00+00:00,2,0,0.6198365688323975,0.6198365688323975,20.0,15.0,15,uptrend_retrace,2026-03-24 20:41:00+00:00,4455.79,stop_loss,-15.0,pattern,uptrend_retrace
1,2026-03-24 20:43:00+00:00,4453.45,4438.45,4501.02,2026-03-24 21:14:00+00:00,17,0,0.5928179621696472,0.5928179621696472,20.0,15.0,15,reversal_fvg_long,2026-03-24 22:01:00+00:00,4474.73,timeout,21.279999999999745,pattern,reversal_fvg_long
1,2026-03-24 23:42:00+00:00,4535.9,4520.9,4589.62,2026-03-25 00:59:00+00:00,42,0,0.7652285099029541,0.7652285099029541,20.0,15.0,15,reversal_fvg_long,2026-03-25 00:59:00+00:00,4562.73,timeout,26.829999999999927,pattern,reversal_fvg_long
1,2026-03-25 01:07:00+00:00,4568.65,4553.65,4610.69,2026-03-25 01:59:00+00:00,34,0,0.6316801905632019,0.6316801905632019,20.0,15.0,15,reversal_fvg_long,2026-03-25 01:59:00+00:00,4595.08,timeout,26.43000000000029,pattern,reversal_fvg_long
1,2026-03-25 11:31:00+00:00,4584.13,4569.13,4604.13,2026-03-25 11:47:00+00:00,2,0,0.642524778842926,0.642524778842926,20.0,15.0,15,reversal_fvg_long,2026-03-25 11:47:00+00:00,4573.14,timeout,-10.989999999999782,pattern,reversal_fvg_long
1,2026-03-25 13:17:00+00:00,4556.93,4541.93,4589.18,2026-03-25 14:03:00+00:00,20,0,0.5812604427337646,0.5812604427337646,20.0,15.0,15,uptrend_retrace,2026-03-25 13:52:00+00:00,4541.93,stop_loss,-15.0,pattern,uptrend_retrace
1,2026-03-25 14:27:00+00:00,4554.57,4539.57,4582.7,2026-03-25 14:51:00+00:00,2,0,0.6639989614486694,0.6639989614486694,20.0,15.0,15,uptrend_retrace,2026-03-25 14:51:00+00:00,4574.94,timeout,20.36999999999989,pattern,uptrend_retrace
1,2026-03-25 15:19:00+00:00,4542.76,4527.76,4584.79,2026-03-25 15:50:00+00:00,10,0,0.937882125377655,0.937882125377655,20.0,15.0,15,uptrend_retrace,2026-03-25 15:50:00+00:00,4559.88,timeout,17.11999999999989,pattern,uptrend_retrace
1,2026-03-25 19:54:00+00:00,4519.38,4504.38,4539.39,2026-03-25 20:10:00+00:00,2,0,0.6225817799568176,0.6225817799568176,20.0,15.0,15,uptrend_retrace,2026-03-25 20:01:00+00:00,4539.39,target_hit,20.01000000000022,pattern,uptrend_retrace
-1,2026-03-25 23:40:00+00:00,4493.98,4523.98,4453.98,2026-03-25 23:58:00+00:00,3,0,0.5841663479804993,0.41583365201950073,40.0,30.0,15,downtrend_retrace,2026-03-25 23:58:00+00:00,4497.81,timeout,-3.8300000000008367,pattern,downtrend_retrace
1,2026-03-26 00:58:00+00:00,4534.12,4519.12,4561.96,2026-03-26 01:29:00+00:00,17,0,0.591776430606842,0.591776430606842,20.0,15.0,15,reversal_fvg_long,2026-03-26 01:29:00+00:00,4534.29,timeout,0.17000000000007276,pattern,reversal_fvg_long
-1,2026-03-26 08:19:00+00:00,4438.22,4468.22,4373.38,2026-03-26 09:07:00+00:00,33,0,0.5576282739639282,0.4423717260360718,40.0,30.0,15,downtrend_retrace,2026-03-26 09:07:00+00:00,4427.33,timeout,10.890000000000327,pattern,downtrend_retrace
-1,2026-03-26 11:51:00+00:00,4421.04,4451.04,4381.04,2026-03-26 12:22:00+00:00,4,0,0.5812429189682007,0.4187570810317993,40.0,30.0,15,downtrend_retrace,2026-03-26 12:22:00+00:00,4440.44,timeout,-19.399999999999636,pattern,downtrend_retrace
1,2026-03-26 20:12:00+00:00,4386.52,4371.52,4406.52,2026-03-26 20:27:00+00:00,0,0,0.6342859268188477,0.6342859268188477,20.0,15.0,15,uptrend_retrace,2026-03-26 20:13:00+00:00,4406.52,target_hit,20.0,pattern,uptrend_retrace
1,2026-03-26 20:25:00+00:00,4400.34,4385.34,4439.88,2026-03-26 21:04:00+00:00,24,0,0.623839259147644,0.623839259147644,20.0,15.0,15,uptrend_retrace,2026-03-26 20:51:00+00:00,4385.34,stop_loss,-15.0,pattern,uptrend_retrace
1,2026-03-26 22:58:00+00:00,4407.85,4392.85,4427.85,2026-03-26 23:13:00+00:00,1,0,0.6652539372444153,0.6652539372444153,20.0,15.0,15,uptrend_retrace,2026-03-26 23:08:00+00:00,4392.85,stop_loss,-15.0,pattern,uptrend_retrace
1,2026-03-27 02:04:00+00:00,4431.32,4416.32,4456.87,2026-03-27 02:26:00+00:00,5,0,0.6262703537940979,0.6262703537940979,20.0,15.0,15,reversal_fvg_long,2026-03-27 02:26:00+00:00,4427.81,timeout,-3.509999999999309,pattern,reversal_fvg_long
1,2026-03-27 14:55:00+00:00,4489.18,4474.18,4532.73,2026-03-27 15:23:00+00:00,6,0,0.6039762496948242,0.6039762496948242,20.0,15.0,15,reversal_fvg_long,2026-03-27 15:14:00+00:00,4532.73,target_hit,43.54999999999927,pattern,reversal_fvg_long
1,2026-03-27 15:16:00+00:00,4525.64,4510.64,4547.25,2026-03-27 15:32:00+00:00,2,0,0.6083848476409912,0.6083848476409912,20.0,15.0,15,reversal_fvg_long,2026-03-27 15:21:00+00:00,4547.25,target_hit,21.609999999999673,pattern,reversal_fvg_long
1,2026-03-27 15:30:00+00:00,4543.68,4528.68,4565.27,2026-03-27 15:52:00+00:00,5,0,0.6005826592445374,0.6005826592445374,20.0,15.0,15,uptrend_retrace,2026-03-27 15:41:00+00:00,4528.68,stop_loss,-15.0,pattern,uptrend_retrace
1,2026-03-27 17:17:00+00:00,4502.37,4487.37,4522.37,2026-03-27 17:41:00+00:00,10,0,0.7348839640617371,0.7348839640617371,20.0,15.0,15,uptrend_retrace,2026-03-27 17:27:00+00:00,4487.37,stop_loss,-15.0,pattern,uptrend_retrace
1,2026-03-27 17:28:00+00:00,4488.05,4473.05,4516.7,2026-03-27 18:05:00+00:00,19,0,0.7411635518074036,0.7411635518074036,20.0,15.0,15,uptrend_retrace,2026-03-27 18:05:00+00:00,4493.82,timeout,5.769999999999527,pattern,uptrend_retrace
1,2026-03-29 22:25:00+00:00,4507.04,4492.04,4528.44,2026-03-29 22:53:00+00:00,3,0,0.5696272850036621,0.5696272850036621,20.0,15.0,15,uptrend_retrace,2026-03-29 22:44:00+00:00,4492.04,stop_loss,-15.0,pattern,uptrend_retrace
-1,2026-03-29 23:33:00+00:00,4460.58,4490.58,4386.04,2026-03-30 01:27:00+00:00,29,0,0.7657451629638672,0.2342548370361328,40.0,30.0,30,downtrend_retrace,2026-03-30 01:27:00+00:00,4454.23,timeout,6.350000000000364,pattern,downtrend_retrace
1,2026-03-30 01:28:00+00:00,4454.47,4439.47,4486.4,2026-03-30 02:10:00+00:00,6,0,0.68204265832901,0.68204265832901,20.0,15.0,15,uptrend_retrace,2026-03-30 02:10:00+00:00,4469.83,timeout,15.359999999999673,pattern,uptrend_retrace
1,2026-03-30 03:04:00+00:00,4491.64,4476.64,4518.62,2026-03-30 03:21:00+00:00,2,0,0.6822690367698669,0.6822690367698669,20.0,15.0,15,reversal_fvg_long,2026-03-30 03:21:00+00:00,4511.5,timeout,19.859999999999673,pattern,reversal_fvg_long
1,2026-03-31 01:15:00+00:00,4544.63,4529.63,4617.88,2026-03-31 01:55:00+00:00,19,0,0.6668290495872498,0.6668290495872498,20.0,15.0,15,reversal_fvg_long,2026-03-31 01:43:00+00:00,4617.88,target_hit,73.25,pattern,reversal_fvg_long
1,2026-03-31 01:46:00+00:00,4611.52,4596.52,4631.52,2026-03-31 02:01:00+00:00,0,0,0.6789183616638184,0.6789183616638184,20.0,15.0,15,reversal_fvg_long,2026-03-31 01:50:00+00:00,4596.52,stop_loss,-15.0,pattern,reversal_fvg_long
1,2026-03-31 01:53:00+00:00,4610.64,4595.64,4631.54,2026-03-31 02:15:00+00:00,5,0,0.5795578956604004,0.5795578956604004,20.0,15.0,15,uptrend_retrace,2026-03-31 02:01:00+00:00,4595.64,stop_loss,-15.0,pattern,uptrend_retrace
1,2026-03-31 02:02:00+00:00,4595.75,4580.75,4617.46,2026-03-31 02:24:00+00:00,6,0,0.6211080551147461,0.6211080551147461,20.0,15.0,15,uptrend_retrace,2026-03-31 02:24:00+00:00,4584.98,timeout,-10.770000000000437,pattern,uptrend_retrace
1,2026-03-31 11:50:00+00:00,4585.49,4570.49,4605.49,2026-03-31 12:05:00+00:00,1,0,0.676617443561554,0.676617443561554,20.0,15.0,15,reversal_fvg_long,2026-03-31 12:05:00+00:00,4584.91,timeout,-0.5799999999999272,pattern,reversal_fvg_long
1,2026-03-31 14:17:00+00:00,4609.61,4594.61,4640.27,2026-03-31 14:47:00+00:00,15,0,0.6394093632698059,0.6394093632698059,20.0,15.0,15,reversal_fvg_long,2026-03-31 14:47:00+00:00,4606.67,timeout,-2.9399999999996,pattern,reversal_fvg_long
1,2026-03-31 15:06:00+00:00,4616.14,4601.14,4640.0,2026-03-31 15:37:00+00:00,10,0,0.6324177980422974,0.6324177980422974,20.0,15.0,15,uptrend_retrace,2026-03-31 15:37:00+00:00,4616.59,timeout,0.4499999999998181,pattern,uptrend_retrace
1,2026-03-31 17:02:00+00:00,4644.32,4629.32,4672.51,2026-03-31 17:51:00+00:00,11,0,0.666344165802002,0.666344165802002,20.0,15.0,15,reversal_fvg_long,2026-03-31 17:51:00+00:00,4663.03,timeout,18.710000000000036,pattern,reversal_fvg_long
1,2026-04-01 00:25:00+00:00,4714.88,4699.88,4741.71,2026-04-01 00:48:00+00:00,7,0,0.6013839840888977,0.6013839840888977,20.0,15.0,15,reversal_fvg_long,2026-04-01 00:37:00+00:00,4699.88,stop_loss,-15.0,pattern,reversal_fvg_long
1,2026-04-01 01:07:00+00:00,4691.67,4676.67,4720.51,2026-04-01 01:37:00+00:00,5,0,0.7066980600357056,0.7066980600357056,20.0,15.0,15,uptrend_retrace,2026-04-01 01:37:00+00:00,4697.23,timeout,5.559999999999491,pattern,uptrend_retrace
1,2026-04-01 06:49:00+00:00,4727.67,4712.67,4747.67,2026-04-01 07:04:00+00:00,1,0,0.5512863993644714,0.5512863993644714,20.0,15.0,15,reversal_fvg_long,2026-04-01 07:04:00+00:00,4722.5,timeout,-5.170000000000073,pattern,reversal_fvg_long
1,2026-04-01 11:46:00+00:00,4759.45,4744.45,4779.45,2026-04-01 12:01:00+00:00,1,0,0.6362259387969971,0.6362259387969971,20.0,15.0,15,reversal_fvg_long,2026-04-01 12:01:00+00:00,4752.4,timeout,-7.050000000000182,pattern,reversal_fvg_long
-1,2026-04-02 01:18:00+00:00,4730.08,4760.08,4657.33,2026-04-02 01:59:00+00:00,4,0,0.8842372298240662,0.11576277017593384,40.0,30.0,30,downtrend_retrace,2026-04-02 01:32:00+00:00,4657.33,target_hit,72.75,pattern,downtrend_retrace
-1,2026-04-02 01:34:00+00:00,4663.28,4693.28,4623.28,2026-04-02 01:50:00+00:00,1,0,0.6213258504867554,0.37867414951324463,40.0,30.0,15,downtrend_retrace,2026-04-02 01:36:00+00:00,4693.28,stop_loss,-30.0,pattern,downtrend_retrace
1,2026-04-02 01:37:00+00:00,4686.19,4671.19,4730.45,2026-04-02 02:45:00+00:00,41,0,0.7813326716423035,0.7813326716423035,20.0,15.0,15,uptrend_retrace,2026-04-02 02:32:00+00:00,4671.19,stop_loss,-15.0,pattern,uptrend_retrace
-1,2026-04-02 02:44:00+00:00,4678.14,4708.14,4635.96,2026-04-02 03:02:00+00:00,2,0,0.5911422967910767,0.40885770320892334,40.0,30.0,15,downtrend_retrace,2026-04-02 03:02:00+00:00,4681.71,timeout,-3.569999999999709,pattern,downtrend_retrace
-1,2026-04-02 05:52:00+00:00,4597.6,4627.6,4536.23,2026-04-02 06:41:00+00:00,18,0,0.5953314304351807,0.40466856956481934,40.0,30.0,15,downtrend_retrace,2026-04-02 06:41:00+00:00,4588.75,timeout,8.850000000000364,pattern,downtrend_retrace
-1,2026-04-02 11:53:00+00:00,4602.89,4632.89,4556.44,2026-04-02 12:17:00+00:00,6,0,0.6131789684295654,0.38682103157043457,40.0,30.0,15,reversal_fvg_short,2026-04-02 12:17:00+00:00,4612.39,timeout,-9.5,pattern,reversal_fvg_short
1,2026-04-02 13:01:00+00:00,4585.3,4570.3,4605.3,2026-04-02 13:17:00+00:00,1,0,0.94200199842453,0.94200199842453,20.0,15.0,15,reversal_fvg_long,2026-04-02 13:05:00+00:00,4605.3,target_hit,20.0,pattern,reversal_fvg_long
-1,2026-04-02 13:14:00+00:00,4591.13,4621.13,4547.62,2026-04-02 13:37:00+00:00,8,0,0.5669318437576294,0.4330681562423706,40.0,30.0,15,downtrend_retrace,2026-04-02 13:37:00+00:00,4593.77,timeout,-2.6400000000003274,pattern,downtrend_retrace
1,2026-04-02 13:48:00+00:00,4620.48,4605.48,4640.48,2026-04-02 14:03:00+00:00,0,0,0.6483683586120605,0.6483683586120605,20.0,15.0,15,uptrend_retrace,2026-04-02 13:53:00+00:00,4640.48,target_hit,20.0,pattern,uptrend_retrace
1,2026-04-02 13:56:00+00:00,4633.69,4618.69,4707.21,2026-04-02 14:52:00+00:00,19,0,0.6456894874572754,0.6456894874572754,20.0,15.0,15,reversal_fvg_long,2026-04-02 14:52:00+00:00,4683.74,timeout,50.05000000000018,pattern,reversal_fvg_long
1,2026-04-05 22:59:00+00:00,4644.83,4629.83,4665.4,2026-04-05 23:21:00+00:00,5,0,0.5871090888977051,0.5871090888977051,20.0,15.0,15,uptrend_retrace,2026-04-05 23:09:00+00:00,4629.83,stop_loss,-15.0,pattern,uptrend_retrace
-1,2026-04-05 23:27:00+00:00,4615.56,4645.56,4573.46,2026-04-05 23:52:00+00:00,3,0,0.7951033115386963,0.2048966884613037,40.0,30.0,15,downtrend_retrace,2026-04-05 23:52:00+00:00,4618.07,timeout,-2.509999999999309,pattern,downtrend_retrace
1,2026-04-06 02:32:00+00:00,4661.73,4646.73,4681.73,2026-04-06 02:47:00+00:00,0,0,0.6151561737060547,0.6151561737060547,20.0,15.0,15,reversal_fvg_long,2026-04-06 02:35:00+00:00,4646.73,stop_loss,-15.0,pattern,reversal_fvg_long
1,2026-04-07 08:32:00+00:00,4684.1,4669.1,4706.24,2026-04-07 08:53:00+00:00,6,0,0.7156231999397278,0.7156231999397278,20.0,15.0,15,reversal_fvg_long,2026-04-07 08:53:00+00:00,4683.02,timeout,-1.0799999999999272,pattern,reversal_fvg_long
1,2026-04-07 19:54:00+00:00,4698.94,4683.94,4733.48,2026-04-07 20:49:00+00:00,22,0,0.6101537346839905,0.6101537346839905,20.0,15.0,15,reversal_fvg_long,2026-04-07 20:49:00+00:00,4712.58,timeout,13.640000000000327,pattern,reversal_fvg_long
1,2026-04-07 20:52:00+00:00,4711.23,4696.23,4731.23,2026-04-07 21:08:00+00:00,1,0,0.5509803295135498,0.5509803295135498,20.0,15.0,15,reversal_fvg_long,2026-04-07 22:01:00+00:00,4731.23,target_hit,20.0,pattern,reversal_fvg_long
1,2026-04-07 22:04:00+00:00,4735.97,4720.97,4769.04,2026-04-07 22:45:00+00:00,20,0,0.7848681211471558,0.7848681211471558,20.0,15.0,15,uptrend_retrace,2026-04-07 22:32:00+00:00,4720.97,stop_loss,-15.0,pattern,uptrend_retrace
1,2026-04-07 22:42:00+00:00,4775.34,4755.34,4815.34,2026-04-07 22:57:00+00:00,0,0,0.5665098428726196,0.5665098428726196,40.0,20.0,15,breakthrough_long,2026-04-07 22:56:00+00:00,4815.34,target_hit,40.0,pattern,breakthrough_long
1,2026-04-07 23:02:00+00:00,4811.49,4796.49,4847.1,2026-04-07 23:39:00+00:00,11,0,0.5567416548728943,0.5567416548728943,20.0,15.0,15,uptrend_retrace,2026-04-07 23:39:00+00:00,4810.06,timeout,-1.4299999999993815,pattern,uptrend_retrace
1,2026-04-08 00:13:00+00:00,4838.58,4823.58,4859.62,2026-04-08 00:39:00+00:00,9,0,0.5800690054893494,0.5800690054893494,20.0,15.0,15,uptrend_retrace,2026-04-08 00:25:00+00:00,4823.58,stop_loss,-15.0,pattern,uptrend_retrace
1,2026-04-08 01:00:00+00:00,4817.84,4802.84,4837.84,2026-04-08 01:23:00+00:00,9,0,0.5895394682884216,0.5895394682884216,20.0,15.0,15,uptrend_retrace,2026-04-08 01:19:00+00:00,4802.84,stop_loss,-15.0,pattern,uptrend_retrace
1,2026-04-08 01:20:00+00:00,4803.36,4788.36,4825.25,2026-04-08 01:46:00+00:00,11,0,0.6047593355178833,0.6047593355178833,20.0,15.0,15,uptrend_retrace,2026-04-08 01:32:00+00:00,4788.36,stop_loss,-15.0,pattern,uptrend_retrace
1,2026-04-08 12:23:00+00:00,4775.91,4760.91,4798.74,2026-04-08 12:41:00+00:00,3,0,0.774779200553894,0.774779200553894,20.0,15.0,15,reversal_fvg_long,2026-04-08 12:41:00+00:00,4796.57,timeout,20.659999999999854,pattern,reversal_fvg_long
-1,2026-04-08 13:58:00+00:00,4779.26,4809.26,4737.72,2026-04-08 14:14:00+00:00,2,0,0.5829263925552368,0.4170736074447632,40.0,30.0,15,downtrend_retrace,2026-04-08 14:14:00+00:00,4780.65,timeout,-1.389999999999418,pattern,downtrend_retrace
-1,2026-04-08 14:20:00+00:00,4773.71,4803.71,4731.48,2026-04-08 14:43:00+00:00,2,0,0.5715349316596985,0.4284650683403015,40.0,30.0,15,downtrend_retrace,2026-04-08 14:43:00+00:00,4762.0,timeout,11.710000000000036,pattern,downtrend_retrace
-1,2026-04-08 14:48:00+00:00,4754.96,4784.96,4706.07,2026-04-08 15:16:00+00:00,5,0,0.6056725382804871,0.39432746171951294,40.0,30.0,15,downtrend_retrace,2026-04-08 15:16:00+00:00,4751.2,timeout,3.7600000000002183,pattern,downtrend_retrace
1,2026-04-09 13:32:00+00:00,4755.7,4740.7,4796.36,2026-04-09 14:41:00+00:00,21,0,0.5771021246910095,0.5771021246910095,20.0,15.0,15,reversal_fvg_long,2026-04-09 14:41:00+00:00,4756.79,timeout,1.0900000000001455,pattern,reversal_fvg_long
1,2026-04-13 13:16:00+00:00,4736.46,4721.46,4756.46,2026-04-13 13:31:00+00:00,1,0,0.7439483404159546,0.7439483404159546,20.0,15.0,15,reversal_fvg_long,2026-04-13 13:31:00+00:00,4733.6,timeout,-2.8599999999996726,pattern,reversal_fvg_long
1,2026-04-17 14:05:00+00:00,4876.6,4861.6,4896.6,2026-04-17 14:26:00+00:00,5,0,0.6451932787895203,0.6451932787895203,20.0,15.0,15,uptrend_retrace,2026-04-17 14:12:00+00:00,4861.6,stop_loss,-15.0,pattern,uptrend_retrace
1,2026-04-17 14:22:00+00:00,4874.59,4859.59,4896.31,2026-04-17 14:54:00+00:00,6,0,0.6123778820037842,0.6123778820037842,20.0,15.0,15,uptrend_retrace,2026-04-17 14:54:00+00:00,4876.25,timeout,1.6599999999998545,pattern,uptrend_retrace
1,2026-04-20 12:24:00+00:00,4815.19,4800.19,4835.19,2026-04-20 12:39:00+00:00,0,0,0.5597836971282959,0.5597836971282959,20.0,15.0,15,reversal_fvg_long,2026-04-20 12:38:00+00:00,4800.19,stop_loss,-15.0,pattern,reversal_fvg_long
1,2026-04-20 13:41:00+00:00,4820.3,4805.3,4840.3,2026-04-20 13:56:00+00:00,0,0,0.5611564517021179,0.5611564517021179,20.0,15.0,15,reversal_fvg_long,2026-04-20 13:56:00+00:00,4821.83,timeout,1.5299999999997453,pattern,reversal_fvg_long
-1,2026-04-21 13:07:00+00:00,4771.89,4801.89,4731.89,2026-04-21 13:22:00+00:00,1,0,0.5676402449607849,0.4323597550392151,40.0,30.0,15,reversal_fvg_short,2026-04-21 13:22:00+00:00,4770.38,timeout,1.5100000000002183,pattern,reversal_fvg_short
1,2026-05-01 12:32:00+00:00,4599.41,4584.41,4619.41,2026-05-01 12:47:00+00:00,0,0,0.5501295328140259,0.5501295328140259,20.0,15.0,15,reversal_fvg_long,2026-05-01 12:47:00+00:00,4592.79,timeout,-6.619999999999891,pattern,reversal_fvg_long
-1,2026-05-04 16:09:00+00:00,4510.09,4540.09,4469.63,2026-05-04 16:24:00+00:00,1,0,0.5922355651855469,0.4077644348144531,40.0,30.0,15,reversal_fvg_short,2026-05-04 16:24:00+00:00,4521.79,timeout,-11.699999999999818,pattern,reversal_fvg_short
1,2026-05-06 00:25:00+00:00,4602.75,4587.75,4629.16,2026-05-06 00:51:00+00:00,12,0,0.6451759934425354,0.6451759934425354,20.0,15.0,15,reversal_fvg_long,2026-05-06 00:51:00+00:00,4610.66,timeout,7.9099999999998545,pattern,reversal_fvg_long
1,2026-05-06 01:01:00+00:00,4617.0,4602.0,4639.22,2026-05-06 01:21:00+00:00,6,0,0.5884509086608887,0.5884509086608887,20.0,15.0,15,reversal_fvg_long,2026-05-06 01:21:00+00:00,4617.37,timeout,0.36999999999989086,pattern,reversal_fvg_long
1,2026-05-08 13:36:00+00:00,4742.14,4727.14,4762.14,2026-05-08 13:55:00+00:00,2,0,0.5678327679634094,0.5678327679634094,20.0,15.0,15,reversal_fvg_long,2026-05-08 13:55:00+00:00,4743.7,timeout,1.5599999999994907,pattern,reversal_fvg_long
1,2026-05-11 13:04:00+00:00,4706.29,4691.29,4748.24,2026-05-11 13:36:00+00:00,16,0,0.6884322166442871,0.6884322166442871,20.0,15.0,15,reversal_fvg_long,2026-05-11 13:36:00+00:00,4737.87,timeout,31.579999999999927,pattern,reversal_fvg_long
1,2026-05-12 00:18:00+00:00,4773.44,4758.44,4793.44,2026-05-12 00:33:00+00:00,1,0,0.5798673033714294,0.5798673033714294,20.0,15.0,15,reversal_fvg_long,2026-05-12 00:23:00+00:00,4758.44,stop_loss,-15.0,pattern,reversal_fvg_long
-1,2026-05-12 14:37:00+00:00,4680.94,4710.94,4640.94,2026-05-12 14:52:00+00:00,0,0,0.5865518450737,0.41344815492630005,40.0,30.0,15,downtrend_retrace,2026-05-12 14:52:00+00:00,4675.35,timeout,5.589999999999236,pattern,downtrend_retrace
1,2026-05-15 14:15:00+00:00,4543.84,4528.84,4578.48,2026-05-15 14:41:00+00:00,5,0,0.6114532947540283,0.6114532947540283,20.0,15.0,15,uptrend_retrace,2026-05-15 14:41:00+00:00,4551.55,timeout,7.710000000000036,pattern,uptrend_retrace
-1,2026-05-18 00:36:00+00:00,4499.27,4529.27,4448.78,2026-05-18 01:32:00+00:00,8,0,0.6362273693084717,0.3637726306915283,40.0,30.0,30,downtrend_retrace,2026-05-18 01:32:00+00:00,4509.65,timeout,-10.3799999999992,pattern,downtrend_retrace
-1,2026-05-19 13:36:00+00:00,4474.86,4504.86,4434.86,2026-05-19 13:51:00+00:00,0,0,0.5644658803939819,0.43553411960601807,40.0,30.0,15,downtrend_retrace,2026-05-19 13:51:00+00:00,4492.68,timeout,-17.82000000000062,pattern,downtrend_retrace
1,2026-05-20 14:38:00+00:00,4517.42,4502.42,4554.61,2026-05-20 15:14:00+00:00,15,0,0.64933842420578,0.64933842420578,20.0,15.0,15,reversal_fvg_long,2026-05-20 15:14:00+00:00,4524.36,timeout,6.9399999999996,pattern,reversal_fvg_long
1,2026-05-20 15:16:00+00:00,4544.46,4529.46,4571.88,2026-05-20 15:35:00+00:00,3,0,0.7423374056816101,0.7423374056816101,20.0,15.0,15,reversal_fvg_long,2026-05-20 15:29:00+00:00,4529.46,stop_loss,-15.0,pattern,reversal_fvg_long
1,2026-05-27 13:11:00+00:00,4416.98,4401.98,4439.63,2026-05-27 13:42:00+00:00,8,0,0.5968790054321289,0.5968790054321289,20.0,15.0,15,reversal_fvg_long,2026-05-27 13:28:00+00:00,4401.98,stop_loss,-15.0,pattern,reversal_fvg_long
1,2026-05-28 14:31:00+00:00,4467.09,4452.09,4498.79,2026-05-28 15:22:00+00:00,17,0,0.851937472820282,0.851937472820282,20.0,15.0,15,reversal_fvg_long,2026-05-28 15:22:00+00:00,4472.3,timeout,5.210000000000036,pattern,reversal_fvg_long
-1,2026-06-01 13:17:00+00:00,4481.38,4511.38,4428.34,2026-06-01 13:37:00+00:00,4,0,0.6718522310256958,0.3281477689743042,40.0,30.0,15,breakthrough_short,2026-06-01 13:37:00+00:00,4472.29,timeout,9.090000000000146,pattern,breakthrough_short
1,2026-06-03 23:52:00+00:00,4458.78,4443.78,4479.48,2026-06-04 00:07:00+00:00,1,0,0.5530081987380981,0.5530081987380981,20.0,15.0,15,reversal_fvg_long,2026-06-04 00:07:00+00:00,4455.53,timeout,-3.25,pattern,reversal_fvg_long
1,2026-06-04 01:33:00+00:00,4465.6,4450.6,4487.1,2026-06-04 02:14:00+00:00,10,0,0.6406618356704712,0.6406618356704712,20.0,15.0,15,reversal_fvg_long,2026-06-04 02:14:00+00:00,4462.98,timeout,-2.6200000000008004,pattern,reversal_fvg_long
1,2026-06-04 11:46:00+00:00,4494.19,4479.19,4522.69,2026-06-04 12:07:00+00:00,6,0,0.6953125596046448,0.6953125596046448,20.0,15.0,15,reversal_fvg_long,2026-06-04 12:07:00+00:00,4502.28,timeout,8.090000000000146,pattern,reversal_fvg_long
1,2026-06-08 11:27:00+00:00,4328.03,4313.03,4352.79,2026-06-08 11:48:00+00:00,4,0,0.6083706617355347,0.6083706617355347,20.0,15.0,15,reversal_fvg_long,2026-06-08 11:48:00+00:00,4321.67,timeout,-6.359999999999673,pattern,reversal_fvg_long
1,2026-06-08 12:03:00+00:00,4332.1,4317.1,4352.1,2026-06-08 12:18:00+00:00,1,0,0.5841221809387207,0.5841221809387207,20.0,15.0,15,reversal_fvg_long,2026-06-08 12:18:00+00:00,4324.81,timeout,-7.289999999999964,pattern,reversal_fvg_long
1,2026-06-10 12:31:00+00:00,4169.06,4154.06,4189.06,2026-06-10 12:46:00+00:00,0,0,0.7251325249671936,0.7251325249671936,20.0,15.0,15,uptrend_retrace,2026-06-10 12:32:00+00:00,4154.06,stop_loss,-15.0,pattern,uptrend_retrace
1,2026-06-10 12:33:00+00:00,4162.63,4147.63,4186.47,2026-06-10 13:01:00+00:00,8,0,0.8040551543235779,0.8040551543235779,20.0,15.0,15,uptrend_retrace,2026-06-10 12:56:00+00:00,4147.63,stop_loss,-15.0,pattern,uptrend_retrace
1,2026-06-10 13:38:00+00:00,4162.09,4147.09,4186.14,2026-06-10 13:55:00+00:00,3,0,0.7164174914360046,0.7164174914360046,20.0,15.0,15,uptrend_retrace,2026-06-10 13:49:00+00:00,4186.14,target_hit,24.050000000000182,pattern,uptrend_retrace
1,2026-06-10 14:01:00+00:00,4175.26,4160.26,4197.1,2026-06-10 14:21:00+00:00,6,0,0.782602071762085,0.782602071762085,20.0,15.0,15,uptrend_retrace,2026-06-10 14:21:00+00:00,4164.97,timeout,-10.289999999999964,pattern,uptrend_retrace
1,2026-06-11 00:04:00+00:00,4045.54,4030.54,4068.47,2026-06-11 00:26:00+00:00,8,0,0.6986362338066101,0.6986362338066101,20.0,15.0,15,reversal_fvg_long,2026-06-11 00:17:00+00:00,4068.47,target_hit,22.929999999999836,pattern,reversal_fvg_long
1,2026-06-11 00:36:00+00:00,4068.8,4053.8,4105.530000000001,2026-06-11 01:27:00+00:00,20,0,0.6083559989929199,0.6083559989929199,20.0,15.0,15,breakthrough_long,2026-06-11 01:25:00+00:00,4105.530000000001,target_hit,36.73000000000047,pattern,breakthrough_long
1,2026-06-11 01:31:00+00:00,4106.02,4091.0200000000004,4133.51,2026-06-11 02:01:00+00:00,8,0,0.7430460453033447,0.7430460453033447,20.0,15.0,15,reversal_fvg_long,2026-06-11 02:01:00+00:00,4098.66,timeout,-7.360000000000582,pattern,reversal_fvg_long
-1,2026-06-11 12:31:00+00:00,4071.96,4101.96,4021.1,2026-06-11 12:49:00+00:00,3,0,0.6112825870513916,0.3887174129486084,40.0,30.0,15,downtrend_retrace,2026-06-11 12:49:00+00:00,4077.9,timeout,-5.940000000000055,pattern,downtrend_retrace
-1,2026-06-11 14:14:00+00:00,4057.78,4087.78,4017.78,2026-06-11 14:30:00+00:00,2,0,0.5893247723579407,0.4106752276420593,40.0,30.0,15,downtrend_retrace,2026-06-11 14:30:00+00:00,4073.17,timeout,-15.389999999999873,pattern,downtrend_retrace
1,2026-06-11 19:40:00+00:00,4208.62,4193.62,4228.62,2026-06-11 19:55:00+00:00,0,0,0.6280434727668762,0.6280434727668762,20.0,15.0,15,uptrend_retrace,2026-06-11 19:55:00+00:00,4212.38,timeout,3.7600000000002183,pattern,uptrend_retrace
1,2026-06-11 23:01:00+00:00,4244.94,4229.94,4264.94,2026-06-11 23:17:00+00:00,2,0,0.6459982991218567,0.6459982991218567,20.0,15.0,15,uptrend_retrace,2026-06-11 23:03:00+00:00,4229.94,stop_loss,-15.0,pattern,uptrend_retrace
-1,2026-06-12 01:08:00+00:00,4189.15,4219.15,4149.14,2026-06-12 01:27:00+00:00,3,0,0.6400961875915527,0.35990381240844727,40.0,30.0,15,downtrend_retrace,2026-06-12 01:27:00+00:00,4181.88,timeout,7.269999999999527,pattern,downtrend_retrace
1,2026-06-12 08:31:00+00:00,4215.03,4200.03,4238.48,2026-06-12 08:56:00+00:00,3,0,0.5997570753097534,0.5997570753097534,20.0,15.0,15,uptrend_retrace,2026-06-12 08:56:00+00:00,4223.84,timeout,8.8100000000004,pattern,uptrend_retrace
-1,2026-06-12 13:44:00+00:00,4188.04,4218.04,4148.04,2026-06-12 14:09:00+00:00,8,0,0.6628796458244324,0.3371203541755676,40.0,30.0,15,downtrend_retrace,2026-06-12 14:09:00+00:00,4198.59,timeout,-10.550000000000182,pattern,downtrend_retrace
1,2026-06-15 00:33:00+00:00,4299.56,4284.56,4325.7,2026-06-15 00:51:00+00:00,4,0,0.6548897624015808,0.6548897624015808,20.0,15.0,15,reversal_fvg_long,2026-06-15 00:51:00+00:00,4293.79,timeout,-5.770000000000437,pattern,reversal_fvg_long
1,2026-06-15 01:46:00+00:00,4316.86,4301.86,4337.69,2026-06-15 02:11:00+00:00,8,0,0.6888784170150757,0.6888784170150757,20.0,15.0,15,reversal_fvg_long,2026-06-15 02:11:00+00:00,4322.01,timeout,5.150000000000546,pattern,reversal_fvg_long
1,2026-06-15 08:04:00+00:00,4327.69,4312.69,4348.19,2026-06-15 08:22:00+00:00,4,0,0.5721031427383423,0.5721031427383423,20.0,15.0,15,reversal_fvg_long,2026-06-15 08:22:00+00:00,4328.98,timeout,1.2899999999999636,pattern,reversal_fvg_long
1,2026-06-15 08:34:00+00:00,4340.52,4325.52,4364.86,2026-06-15 08:55:00+00:00,7,0,0.635356605052948,0.635356605052948,20.0,15.0,15,reversal_fvg_long,2026-06-15 08:55:00+00:00,4336.63,timeout,-3.8900000000003274,pattern,reversal_fvg_long
1,2026-06-17 18:35:00+00:00,4271.27,4256.27,4291.27,2026-06-17 18:50:00+00:00,0,0,0.591137707233429,0.591137707233429,20.0,15.0,15,reversal_fvg_long,2026-06-17 18:36:00+00:00,4291.27,target_hit,20.0,pattern,reversal_fvg_long
1,2026-06-17 18:39:00+00:00,4302.17,4287.17,4323.15,2026-06-17 18:55:00+00:00,2,0,0.6247904896736145,0.6247904896736145,20.0,15.0,15,uptrend_retrace,2026-06-17 18:44:00+00:00,4323.15,target_hit,20.979999999999563,pattern,uptrend_retrace
1,2026-06-18 00:04:00+00:00,4291.04,4276.04,4318.6,2026-06-18 00:29:00+00:00,11,0,0.571635365486145,0.571635365486145,20.0,15.0,15,reversal_fvg_long,2026-06-18 00:29:00+00:00,4300.38,timeout,9.340000000000146,pattern,reversal_fvg_long
1,2026-06-18 00:31:00+00:00,4305.11,4290.11,4347.72,2026-06-18 01:42:00+00:00,45,0,0.5534545183181763,0.5534545183181763,20.0,15.0,15,reversal_fvg_long,2026-06-18 01:42:00+00:00,4320.07,timeout,14.960000000000036,pattern,reversal_fvg_long
1,2026-06-18 13:56:00+00:00,4254.61,4239.61,4274.83,2026-06-18 14:18:00+00:00,4,0,0.5592790842056274,0.5592790842056274,20.0,15.0,15,reversal_fvg_long,2026-06-18 14:04:00+00:00,4239.61,stop_loss,-15.0,pattern,reversal_fvg_long
1,2026-06-18 14:06:00+00:00,4242.66,4227.66,4265.54,2026-06-18 14:28:00+00:00,8,0,0.6947723627090454,0.6947723627090454,20.0,15.0,15,reversal_fvg_long,2026-06-18 14:28:00+00:00,4249.83,timeout,7.170000000000073,pattern,reversal_fvg_long
-1,2025-10-26 22:08:00+00:00,4083.13,4108.13,4053.13,2025-10-26 22:39:00+00:00,1,0,0.6000117063522339,0.08764805644750595,30.0,25.0,30,energetic,2025-10-26 22:14:00+00:00,4108.13,stop_loss,-25.0,energetic,energetic
-1,2025-10-26 22:48:00+00:00,4072.3,4097.3,4042.3,2025-10-26 23:18:00+00:00,0,0,0.540145218372345,0.024087639525532722,30.0,25.0,30,energetic,2025-10-26 23:18:00+00:00,4085.65,timeout,-13.349999999999909,energetic,energetic
-1,2025-10-27 08:56:00+00:00,4029.11,4054.11,3999.11,2025-10-27 09:29:00+00:00,1,0,0.6483521461486816,0.06763479858636856,30.0,25.0,30,energetic,2025-10-27 09:29:00+00:00,4037.84,timeout,-8.730000000000018,energetic,energetic
-1,2025-10-27 13:32:00+00:00,4022.88,4047.88,3992.88,2025-10-27 14:10:00+00:00,4,0,0.5097270011901855,0.016144881024956703,30.0,25.0,30,energetic,2025-10-27 13:43:00+00:00,4021.18,pattern_priority,1.7000000000002728,energetic,energetic
-1,2025-10-28 13:42:00+00:00,3916.28,3941.28,3886.28,2025-10-28 14:16:00+00:00,2,0,0.5208233594894409,0.02868313528597355,30.0,25.0,30,energetic,2025-10-28 14:00:00+00:00,3941.28,stop_loss,-25.0,energetic,energetic
-1,2025-11-14 14:34:00+00:00,4033.61,4058.61,4003.61,2025-11-14 15:04:00+00:00,0,0,0.7051846981048584,0.12891854345798492,30.0,25.0,30,energetic,2025-11-14 14:37:00+00:00,4058.61,stop_loss,-25.0,energetic,energetic
1,2025-11-20 13:07:00+00:00,4093.53,4068.53,4123.530000000001,2025-11-20 13:37:00+00:00,0,0,0.5689619183540344,0.9588411450386047,30.0,25.0,30,energetic,2025-11-20 13:30:00+00:00,4068.53,stop_loss,-25.0,energetic,energetic
-1,2025-12-29 00:24:00+00:00,4495.4,4520.4,4458.24,2025-12-29 01:14:00+00:00,2,0,0.5542600750923157,0.01211546640843153,30.0,25.0,30,energetic,2025-12-29 00:49:00+00:00,4504.29,pattern_priority,-8.890000000000327,energetic,energetic
-1,2025-12-29 13:43:00+00:00,4427.77,4452.77,4387.38,2025-12-29 14:23:00+00:00,1,0,0.5427679419517517,0.01519303023815155,30.0,25.0,30,energetic,2025-12-29 14:06:00+00:00,4387.38,target_hit,40.39000000000033,energetic,energetic
1,2025-12-29 14:31:00+00:00,4370.06,4345.06,4416.45,2025-12-29 15:07:00+00:00,3,0,0.5953216552734375,0.8600595593452454,30.0,25.0,30,energetic,2025-12-29 14:48:00+00:00,4376.4,reverse_signal,6.339999999999236,energetic,energetic
-1,2025-12-29 14:49:00+00:00,4376.22,4401.22,4313.46,2025-12-29 15:32:00+00:00,2,0,0.5886699557304382,0.44415029883384705,30.0,25.0,30,energetic,2025-12-29 15:11:00+00:00,4336.1,reverse_signal,40.11999999999989,energetic,energetic
1,2025-12-29 15:12:00+00:00,4336.24,4311.24,4366.24,2025-12-29 15:42:00+00:00,0,0,0.5344784259796143,0.7479764223098755,30.0,25.0,30,energetic,2025-12-29 15:22:00+00:00,4311.24,stop_loss,-25.0,energetic,energetic
-1,2025-12-31 05:51:00+00:00,4303.27,4328.27,4248.82,2025-12-31 06:31:00+00:00,3,0,0.6171365976333618,0.013115771114826202,30.0,25.0,30,energetic,2025-12-31 06:31:00+00:00,4309.82,timeout,-6.549999999999272,energetic,energetic
-1,2026-01-20 15:24:00+00:00,4731.98,4756.98,4701.98,2026-01-20 15:54:00+00:00,0,0,0.6182705163955688,0.2842923700809479,30.0,25.0,30,energetic,2026-01-20 15:54:00+00:00,4736.84,timeout,-4.860000000000582,energetic,energetic
-1,2026-01-21 23:07:00+00:00,4809.29,4834.29,4748.65,2026-01-22 00:29:00+00:00,2,0,0.6854535937309265,0.03092155046761036,30.0,25.0,30,energetic,2026-01-22 00:29:00+00:00,4783.45,timeout,25.840000000000146,energetic,energetic
-1,2026-01-28 15:09:00+00:00,5253.2,5278.2,5212.2,2026-01-28 15:48:00+00:00,6,0,0.6635381579399109,0.2070474773645401,30.0,25.0,30,energetic,2026-01-28 15:36:00+00:00,5278.2,stop_loss,-25.0,energetic,energetic
1,2026-01-29 03:05:00+00:00,5515.42,5490.42,5545.42,2026-01-29 03:35:00+00:00,0,0,0.55861896276474,0.7666053771972656,30.0,25.0,30,energetic,2026-01-29 03:35:00+00:00,5536.84,timeout,21.420000000000073,energetic,energetic
-1,2026-01-29 08:47:00+00:00,5497.0,5522.0,5467.0,2026-01-29 09:32:00+00:00,3,0,0.6078144907951355,0.398269921541214,30.0,25.0,30,energetic,2026-01-29 09:32:00+00:00,5515.4,timeout,-18.399999999999636,energetic,energetic
1,2026-01-29 14:37:00+00:00,5507.2,5482.2,5537.2,2026-01-29 15:07:00+00:00,0,0,0.5472738742828369,0.6363475918769836,30.0,25.0,30,energetic,2026-01-29 14:39:00+00:00,5537.2,target_hit,30.0,energetic,energetic
-1,2026-01-29 14:48:00+00:00,5494.77,5519.77,5464.77,2026-01-29 15:18:00+00:00,0,0,0.7468284964561462,0.057336028665304184,30.0,25.0,30,energetic,2026-01-29 14:49:00+00:00,5516.17,pattern_priority,-21.399999999999636,energetic,energetic
-1,2026-01-29 15:01:00+00:00,5485.83,5510.83,5455.83,2026-01-29 15:31:00+00:00,0,0,0.6393170356750488,0.05992238223552704,30.0,25.0,30,energetic,2026-01-29 15:02:00+00:00,5455.83,target_hit,30.0,energetic,energetic
1,2026-01-29 15:05:00+00:00,5458.75,5433.75,5488.75,2026-01-29 15:36:00+00:00,1,0,0.6076672077178955,0.7869911789894104,30.0,25.0,30,energetic,2026-01-29 15:07:00+00:00,5433.75,stop_loss,-25.0,energetic,energetic
1,2026-01-29 15:15:00+00:00,5383.74,5358.74,5413.74,2026-01-29 15:45:00+00:00,0,0,0.7298058271408081,0.9370555877685547,30.0,25.0,30,energetic,2026-01-29 15:15:00+00:00,5358.74,stop_loss,-25.0,energetic,energetic
1,2026-01-29 15:16:00+00:00,5356.63,5331.63,5386.63,2026-01-29 15:46:00+00:00,0,0,0.7843946814537048,0.9796637296676636,30.0,25.0,30,energetic,2026-01-29 15:16:00+00:00,5331.63,stop_loss,-25.0,energetic,energetic
1,2026-01-29 15:17:00+00:00,5325.98,5300.98,5355.98,2026-01-29 15:47:00+00:00,0,0,0.7948437929153442,0.9818097352981567,30.0,25.0,30,energetic,2026-01-29 15:17:00+00:00,5300.98,stop_loss,-25.0,energetic,energetic
1,2026-01-29 15:18:00+00:00,5297.67,5272.67,5327.67,2026-01-29 15:48:00+00:00,0,0,0.6236111521720886,0.9072988033294678,30.0,25.0,30,energetic,2026-01-29 15:18:00+00:00,5327.67,target_hit,30.0,energetic,energetic
1,2026-01-29 15:19:00+00:00,5341.46,5316.46,5371.46,2026-01-29 15:49:00+00:00,0,0,0.7786276936531067,0.976166844367981,30.0,25.0,30,energetic,2026-01-29 15:19:00+00:00,5316.46,stop_loss,-25.0,energetic,energetic
1,2026-01-29 15:21:00+00:00,5350.83,5325.83,5390.76,2026-01-29 15:52:00+00:00,2,0,0.8066710233688354,0.9758742451667786,30.0,25.0,30,energetic,2026-01-29 15:24:00+00:00,5325.83,stop_loss,-25.0,energetic,energetic
1,2026-01-29 15:25:00+00:00,5296.6,5271.6,5335.16,2026-01-29 15:55:00+00:00,1,0,0.7830346822738647,0.8487377166748047,30.0,25.0,30,energetic,2026-01-29 15:26:00+00:00,5271.6,stop_loss,-25.0,energetic,energetic
1,2026-01-29 15:27:00+00:00,5258.54,5233.54,5288.54,2026-01-29 15:57:00+00:00,0,0,0.6658560037612915,0.9830387830734253,30.0,25.0,30,energetic,2026-01-29 15:27:00+00:00,5233.54,stop_loss,-25.0,energetic,energetic
1,2026-01-29 15:28:00+00:00,5133.33,5108.33,5163.33,2026-01-29 15:58:00+00:00,0,0,0.5573228001594543,0.956901490688324,30.0,25.0,30,energetic,2026-01-29 15:28:00+00:00,5108.33,stop_loss,-25.0,energetic,energetic
1,2026-01-29 15:32:00+00:00,5185.89,5160.89,5215.89,2026-01-29 16:02:00+00:00,0,0,0.5833617448806763,0.7408536672592163,30.0,25.0,30,energetic,2026-01-29 15:32:00+00:00,5160.89,stop_loss,-25.0,energetic,energetic
1,2026-01-29 15:39:00+00:00,5212.03,5187.03,5242.03,2026-01-29 16:09:00+00:00,0,0,0.7849871516227722,0.79962158203125,30.0,25.0,30,energetic,2026-01-29 15:40:00+00:00,5187.03,stop_loss,-25.0,energetic,energetic
1,2026-01-30 01:12:00+00:00,5331.21,5306.21,5374.6,2026-01-30 01:42:00+00:00,1,0,0.642936646938324,0.9873955845832825,30.0,25.0,30,energetic,2026-01-30 01:14:00+00:00,5306.21,stop_loss,-25.0,energetic,energetic
1,2026-01-30 01:58:00+00:00,5313.1,5288.1,5343.1,2026-01-30 02:28:00+00:00,0,0,0.5084179639816284,0.9051771759986877,30.0,25.0,30,energetic,2026-01-30 02:00:00+00:00,5288.1,stop_loss,-25.0,energetic,energetic
1,2026-01-30 09:46:00+00:00,4967.01,4942.01,4997.01,2026-01-30 10:16:00+00:00,0,0,0.5865356922149658,0.6990968585014343,30.0,25.0,30,energetic,2026-01-30 09:48:00+00:00,4982.44,pattern_priority,15.429999999999382,energetic,energetic
-1,2026-01-30 13:03:00+00:00,5087.37,5112.37,5054.35,2026-01-30 13:33:00+00:00,1,0,0.735964834690094,0.32904893159866333,30.0,25.0,30,energetic,2026-01-30 13:18:00+00:00,5054.35,target_hit,33.01999999999953,energetic,energetic
-1,2026-01-30 13:20:00+00:00,5072.57,5097.57,5042.57,2026-01-30 13:50:00+00:00,0,0,0.5243135094642639,0.17404945194721222,30.0,25.0,30,energetic,2026-01-30 13:23:00+00:00,5042.57,target_hit,30.0,energetic,energetic
-1,2026-01-30 14:55:00+00:00,5049.77,5074.77,4974.12,2026-01-30 15:31:00+00:00,5,0,0.5932503938674927,0.19543331861495972,30.0,25.0,30,energetic,2026-01-30 15:02:00+00:00,4992.29,reverse_signal,57.48000000000047,energetic,energetic
1,2026-01-30 15:03:00+00:00,4991.23,4966.23,5035.52,2026-01-30 15:39:00+00:00,5,0,0.8978573679924011,0.634655237197876,30.0,25.0,30,energetic,2026-01-30 15:11:00+00:00,5035.52,target_hit,44.29000000000087,energetic,energetic
1,2026-02-01 23:04:00+00:00,4835.73,4810.73,4865.73,2026-02-01 23:34:00+00:00,0,0,0.8814470171928406,0.7620173692703247,30.0,25.0,30,energetic,2026-02-01 23:06:00+00:00,4819.0,pattern_priority,-16.729999999999563,energetic,energetic
1,2026-02-01 23:12:00+00:00,4714.98,4689.98,4744.98,2026-02-01 23:42:00+00:00,0,0,0.9087555408477783,0.6099579930305481,30.0,25.0,30,energetic,2026-02-01 23:12:00+00:00,4744.98,target_hit,30.0,energetic,energetic
1,2026-02-01 23:14:00+00:00,4768.33,4743.33,4798.33,2026-02-01 23:44:00+00:00,0,0,0.9138370156288147,0.7009359002113342,30.0,25.0,30,energetic,2026-02-01 23:14:00+00:00,4743.33,stop_loss,-25.0,energetic,energetic
1,2026-02-01 23:19:00+00:00,4703.7,4678.7,4746.4,2026-02-01 23:49:00+00:00,1,0,0.8327621221542358,0.9208075404167175,30.0,25.0,30,energetic,2026-02-01 23:26:00+00:00,4741.55,pattern_priority,37.850000000000364,energetic,energetic
1,2026-02-02 00:09:00+00:00,4808.17,4783.17,4849.25,2026-02-02 00:39:00+00:00,1,0,0.7647046446800232,0.8635466694831848,30.0,25.0,30,energetic,2026-02-02 00:11:00+00:00,4833.94,reverse_signal,25.769999999999527,energetic,energetic
-1,2026-02-02 00:12:00+00:00,4834.25,4859.25,4793.33,2026-02-02 00:47:00+00:00,6,0,0.623767077922821,0.38314685225486755,30.0,25.0,30,energetic,2026-02-02 00:18:00+00:00,4859.25,stop_loss,-25.0,energetic,energetic
-1,2026-02-02 00:19:00+00:00,4868.34,4893.34,4826.58,2026-02-02 00:54:00+00:00,5,0,0.7466912269592285,0.1385001838207245,30.0,25.0,30,energetic,2026-02-02 00:27:00+00:00,4850.91,pattern_priority,17.43000000000029,energetic,energetic
1,2026-02-02 00:31:00+00:00,4833.05,4808.05,4863.05,2026-02-02 01:02:00+00:00,1,0,0.6780281066894531,0.5995684862136841,30.0,25.0,30,energetic,2026-02-02 00:34:00+00:00,4819.17,reverse_signal,-13.88000000000011,energetic,energetic
-1,2026-02-02 00:35:00+00:00,4819.65,4844.65,4789.65,2026-02-02 01:05:00+00:00,0,0,0.6320953965187073,0.4494272768497467,30.0,25.0,30,energetic,2026-02-02 00:36:00+00:00,4844.65,stop_loss,-25.0,energetic,energetic
-1,2026-02-02 00:42:00+00:00,4830.6,4855.6,4773.84,2026-02-02 01:14:00+00:00,2,0,0.5777208209037781,0.06056252866983414,30.0,25.0,30,energetic,2026-02-02 00:48:00+00:00,4792.53,pattern_priority,38.07000000000062,energetic,energetic
1,2026-02-02 00:57:00+00:00,4766.38,4741.38,4796.38,2026-02-02 01:27:00+00:00,0,0,0.9543669819831848,0.5742026567459106,30.0,25.0,30,energetic,2026-02-02 01:00:00+00:00,4741.38,stop_loss,-25.0,energetic,energetic
1,2026-02-02 01:11:00+00:00,4586.52,4561.52,4616.52,2026-02-02 01:41:00+00:00,0,0,0.8806774616241455,0.9609729647636414,30.0,25.0,30,energetic,2026-02-02 01:11:00+00:00,4616.52,target_hit,30.0,energetic,energetic
1,2026-02-02 01:16:00+00:00,4669.58,4644.58,4699.58,2026-02-02 01:46:00+00:00,0,0,0.8747934699058533,0.8597545623779297,30.0,25.0,30,energetic,2026-02-02 01:17:00+00:00,4699.58,target_hit,30.0,energetic,energetic
-1,2026-02-02 02:33:00+00:00,4768.08,4793.08,4713.06,2026-02-02 03:17:00+00:00,8,0,0.9001639485359192,0.18143470585346222,30.0,25.0,30,energetic,2026-02-02 02:50:00+00:00,4727.21,pattern_priority,40.86999999999989,energetic,energetic
-1,2026-02-02 02:58:00+00:00,4703.93,4728.93,4673.93,2026-02-02 03:28:00+00:00,0,0,0.7843268513679504,0.41813144087791443,30.0,25.0,30,energetic,2026-02-02 03:00:00+00:00,4727.69,pattern_priority,-23.75999999999931,energetic,energetic
-1,2026-02-02 04:47:00+00:00,4703.94,4728.94,4673.94,2026-02-02 05:17:00+00:00,0,0,0.9032464623451233,0.12029708176851273,30.0,25.0,30,energetic,2026-02-02 04:56:00+00:00,4673.94,target_hit,30.0,energetic,energetic
1,2026-02-02 05:12:00+00:00,4667.52,4642.52,4697.52,2026-02-02 05:42:00+00:00,1,0,0.9095677733421326,0.6182579398155212,30.0,25.0,30,energetic,2026-02-02 05:15:00+00:00,4657.83,pattern_priority,-9.69000000000051,energetic,energetic
1,2026-02-02 05:37:00+00:00,4615.54,4590.54,4645.54,2026-02-02 06:07:00+00:00,1,0,0.9309034943580627,0.7183778285980225,30.0,25.0,30,energetic,2026-02-02 05:40:00+00:00,4612.37,pattern_priority,-3.1700000000000728,energetic,energetic
1,2026-02-02 05:45:00+00:00,4576.42,4551.42,4606.42,2026-02-02 06:16:00+00:00,2,0,0.8078188896179199,0.8766500353813171,30.0,25.0,30,energetic,2026-02-02 05:48:00+00:00,4551.42,stop_loss,-25.0,energetic,energetic
1,2026-02-02 05:49:00+00:00,4548.75,4523.75,4578.75,2026-02-02 06:21:00+00:00,1,0,0.8457937836647034,0.9133380651473999,30.0,25.0,30,energetic,2026-02-02 05:52:00+00:00,4523.75,stop_loss,-25.0,energetic,energetic
1,2026-02-02 05:53:00+00:00,4516.35,4491.35,4553.51,2026-02-02 06:23:00+00:00,1,0,0.7611991763114929,0.9109230041503906,30.0,25.0,30,energetic,2026-02-02 05:56:00+00:00,4531.27,pattern_priority,14.920000000000073,energetic,energetic
-1,2026-02-02 06:18:00+00:00,4523.3,4548.3,4493.3,2026-02-02 06:48:00+00:00,0,0,0.8666002154350281,0.35681143403053284,30.0,25.0,30,energetic,2026-02-02 06:21:00+00:00,4489.12,pattern_priority,34.18000000000029,energetic,energetic
1,2026-02-02 06:39:00+00:00,4407.45,4382.45,4461.35,2026-02-02 07:11:00+00:00,2,0,0.6621541380882263,0.8803268074989319,30.0,25.0,30,energetic,2026-02-02 06:43:00+00:00,4428.86,pattern_priority,21.409999999999854,energetic,energetic
1,2026-02-02 06:57:00+00:00,4509.58,4484.58,4548.75,2026-02-02 07:27:00+00:00,1,0,0.7634299397468567,0.7648102045059204,30.0,25.0,30,energetic,2026-02-02 07:01:00+00:00,4511.71,pattern_priority,2.130000000000109,energetic,energetic
1,2026-02-02 07:03:00+00:00,4525.97,4500.97,4566.75,2026-02-02 07:33:00+00:00,1,0,0.9073632955551147,0.7219420075416565,30.0,25.0,30,energetic,2026-02-02 07:09:00+00:00,4553.38,reverse_signal,27.409999999999854,energetic,energetic
-1,2026-02-02 07:10:00+00:00,4553.55,4578.55,4523.55,2026-02-02 07:40:00+00:00,0,0,0.5038078427314758,0.43437209725379944,30.0,25.0,30,energetic,2026-02-02 07:17:00+00:00,4539.0,pattern_priority,14.550000000000182,energetic,energetic
-1,2026-02-02 07:46:00+00:00,4597.29,4622.29,4564.1,2026-02-02 08:21:00+00:00,3,0,0.7468571662902832,0.13454119861125946,30.0,25.0,30,energetic,2026-02-02 08:01:00+00:00,4576.31,pattern_priority,20.979999999999563,energetic,energetic
-1,2026-02-02 08:10:00+00:00,4618.27,4643.27,4588.27,2026-02-02 08:40:00+00:00,0,0,0.8929110169410706,0.04667508974671364,30.0,25.0,30,energetic,2026-02-02 08:13:00+00:00,4610.94,pattern_priority,7.330000000000837,energetic,energetic
-1,2026-02-02 08:21:00+00:00,4642.02,4667.02,4612.02,2026-02-02 08:51:00+00:00,1,0,0.6999997496604919,0.08512233197689056,30.0,25.0,30,energetic,2026-02-02 08:26:00+00:00,4629.05,pattern_priority,12.970000000000255,energetic,energetic
-1,2026-02-02 09:12:00+00:00,4649.94,4674.94,4619.94,2026-02-02 09:42:00+00:00,0,0,0.7507660388946533,0.09065518528223038,30.0,25.0,30,energetic,2026-02-02 09:26:00+00:00,4674.94,stop_loss,-25.0,energetic,energetic
-1,2026-02-02 09:27:00+00:00,4672.97,4697.97,4642.97,2026-02-02 09:57:00+00:00,1,0,0.9250163435935974,0.2690894305706024,30.0,25.0,30,energetic,2026-02-02 09:28:00+00:00,4697.97,stop_loss,-25.0,energetic,energetic
-1,2026-02-02 09:29:00+00:00,4693.63,4718.63,4660.4,2026-02-02 10:06:00+00:00,2,0,0.9334038496017456,0.19504612684249878,30.0,25.0,30,energetic,2026-02-02 09:48:00+00:00,4714.9,pattern_priority,-21.269999999999527,energetic,energetic
-1,2026-02-02 10:22:00+00:00,4690.39,4715.39,4660.39,2026-02-02 10:52:00+00:00,0,0,0.8283678889274597,0.09457094222307205,30.0,25.0,30,energetic,2026-02-02 10:24:00+00:00,4691.41,pattern_priority,-1.019999999999527,energetic,energetic
-1,2026-02-02 10:42:00+00:00,4677.97,4702.97,4637.7,2026-02-02 11:16:00+00:00,1,0,0.8693941235542297,0.0640113577246666,30.0,25.0,30,energetic,2026-02-02 10:55:00+00:00,4702.97,stop_loss,-25.0,energetic,energetic
-1,2026-02-02 11:14:00+00:00,4742.03,4767.03,4712.03,2026-02-02 11:55:00+00:00,3,0,0.7088441252708435,0.1651977300643921,30.0,25.0,30,energetic,2026-02-02 11:36:00+00:00,4767.03,stop_loss,-25.0,energetic,energetic
-1,2026-02-02 11:37:00+00:00,4768.52,4793.52,4720.91,2026-02-02 12:50:00+00:00,9,0,0.6566884517669678,0.23196646571159363,30.0,25.0,30,energetic,2026-02-02 12:43:00+00:00,4793.52,stop_loss,-25.0,energetic,energetic
-1,2026-02-02 12:46:00+00:00,4805.02,4830.02,4746.13,2026-02-02 13:28:00+00:00,9,0,0.6550434827804565,0.2537689507007599,30.0,25.0,30,energetic,2026-02-02 13:00:00+00:00,4746.13,target_hit,58.89000000000033,energetic,energetic
1,2026-02-02 13:02:00+00:00,4740.2,4715.2,4821.9,2026-02-02 14:01:00+00:00,20,0,0.5250786542892456,0.8565257787704468,30.0,25.0,30,energetic,2026-02-02 13:32:00+00:00,4715.2,stop_loss,-25.0,energetic,energetic
1,2026-02-02 13:34:00+00:00,4708.68,4683.68,4738.68,2026-02-02 14:06:00+00:00,1,0,0.8763132095336914,0.771884560585022,30.0,25.0,30,energetic,2026-02-02 13:39:00+00:00,4683.68,stop_loss,-25.0,energetic,energetic
1,2026-02-02 13:42:00+00:00,4676.0,4651.0,4706.0,2026-02-02 14:12:00+00:00,0,0,0.5830057859420776,0.7377145886421204,30.0,25.0,30,energetic,2026-02-02 13:44:00+00:00,4685.63,pattern_priority,9.63000000000011,energetic,energetic
1,2026-02-02 13:46:00+00:00,4708.76,4683.76,4758.15,2026-02-02 14:52:00+00:00,19,0,0.7945317029953003,0.6210428476333618,30.0,25.0,30,energetic,2026-02-02 14:23:00+00:00,4683.76,stop_loss,-25.0,energetic,energetic
-1,2026-02-02 14:26:00+00:00,4697.79,4722.79,4667.79,2026-02-02 14:57:00+00:00,2,0,0.8688221573829651,0.4108065068721771,30.0,25.0,30,energetic,2026-02-02 14:28:00+00:00,4722.79,stop_loss,-25.0,energetic,energetic
-1,2026-02-02 14:29:00+00:00,4722.86,4747.86,4692.86,2026-02-02 15:02:00+00:00,2,0,0.8267883658409119,0.3720167279243469,30.0,25.0,30,energetic,2026-02-02 14:33:00+00:00,4747.86,stop_loss,-25.0,energetic,energetic
-1,2026-02-02 14:34:00+00:00,4748.35,4773.35,4718.35,2026-02-02 15:06:00+00:00,2,0,0.8257742524147034,0.21887962520122528,30.0,25.0,30,energetic,2026-02-02 14:37:00+00:00,4773.35,stop_loss,-25.0,energetic,energetic
-1,2026-02-02 14:38:00+00:00,4778.19,4803.19,4746.94,2026-02-02 15:12:00+00:00,4,0,0.8039814829826355,0.1933470219373703,30.0,25.0,30,energetic,2026-02-02 14:45:00+00:00,4746.94,target_hit,31.25,energetic,energetic
-1,2026-02-02 14:47:00+00:00,4754.14,4779.14,4724.14,2026-02-02 15:17:00+00:00,0,0,0.7574267387390137,0.37882232666015625,30.0,25.0,30,energetic,2026-02-02 14:48:00+00:00,4744.2,reverse_signal,9.94000000000051,energetic,energetic
1,2026-02-02 14:49:00+00:00,4744.63,4719.63,4774.63,2026-02-02 15:21:00+00:00,1,0,0.6682746410369873,0.5813051462173462,30.0,25.0,30,energetic,2026-02-02 14:54:00+00:00,4719.63,stop_loss,-25.0,energetic,energetic
1,2026-02-02 14:55:00+00:00,4719.19,4694.19,4749.19,2026-02-02 15:30:00+00:00,3,0,0.6165255308151245,0.8181717991828918,30.0,25.0,30,energetic,2026-02-02 15:01:00+00:00,4694.19,stop_loss,-25.0,energetic,energetic
-1,2026-02-02 15:07:00+00:00,4736.25,4761.25,4702.95,2026-02-02 15:39:00+00:00,1,0,0.7718753218650818,0.2913086712360382,30.0,25.0,30,energetic,2026-02-02 15:13:00+00:00,4702.95,target_hit,33.30000000000018,energetic,energetic
-1,2026-02-02 15:18:00+00:00,4710.31,4735.31,4680.31,2026-02-02 15:48:00+00:00,0,0,0.9183135628700256,0.4172477722167969,30.0,25.0,30,energetic,2026-02-02 15:21:00+00:00,4710.73,reverse_signal,-0.41999999999916326,energetic,energetic
1,2026-02-02 15:22:00+00:00,4710.65,4685.65,4741.8,2026-02-02 15:56:00+00:00,2,0,0.8612995743751526,0.5552968978881836,30.0,25.0,30,energetic,2026-02-02 15:28:00+00:00,4685.65,stop_loss,-25.0,energetic,energetic
1,2026-02-02 15:29:00+00:00,4677.92,4652.92,4707.92,2026-02-02 15:59:00+00:00,0,0,0.8679168224334717,0.7481666803359985,30.0,25.0,30,energetic,2026-02-02 15:30:00+00:00,4652.92,stop_loss,-25.0,energetic,energetic
1,2026-02-02 15:31:00+00:00,4657.63,4632.63,4733.61,2026-02-02 16:12:00+00:00,6,0,0.8563675284385681,0.7097868323326111,30.0,25.0,30,energetic,2026-02-02 15:44:00+00:00,4675.58,pattern_priority,17.949999999999818,energetic,energetic
-1,2026-02-02 16:14:00+00:00,4694.3,4719.3,4637.52,2026-02-02 16:59:00+00:00,11,0,0.6147481799125671,0.22434581816196442,30.0,25.0,30,energetic,2026-02-02 16:32:00+00:00,4652.17,pattern_priority,42.13000000000011,energetic,energetic
-1,2026-02-02 16:37:00+00:00,4661.12,4686.12,4631.12,2026-02-02 17:09:00+00:00,2,0,0.7772949934005737,0.06533090025186539,30.0,25.0,30,energetic,2026-02-02 16:40:00+00:00,4686.12,stop_loss,-25.0,energetic,energetic
-1,2026-02-02 16:44:00+00:00,4687.12,4712.12,4627.37,2026-02-02 17:38:00+00:00,12,0,0.8758960366249084,0.05716599151492119,30.0,25.0,30,energetic,2026-02-02 17:09:00+00:00,4712.12,stop_loss,-25.0,energetic,energetic
-1,2026-02-02 17:10:00+00:00,4712.38,4737.38,4672.5,2026-02-02 17:45:00+00:00,5,0,0.819639265537262,0.11324477940797806,30.0,25.0,30,energetic,2026-02-02 17:20:00+00:00,4672.5,target_hit,39.88000000000011,energetic,energetic
-1,2026-02-02 17:21:00+00:00,4669.4,4694.4,4617.83,2026-02-02 18:43:00+00:00,9,0,0.8142361044883728,0.3575811982154846,30.0,25.0,30,energetic,2026-02-02 18:16:00+00:00,4634.23,pattern_priority,35.17000000000007,energetic,energetic
-1,2026-02-02 18:32:00+00:00,4649.25,4674.25,4611.2,2026-02-02 19:12:00+00:00,4,0,0.9140466451644897,0.03977018967270851,30.0,25.0,30,energetic,2026-02-02 18:54:00+00:00,4651.55,pattern_priority,-2.300000000000182,energetic,energetic
-1,2026-02-02 19:41:00+00:00,4679.37,4704.37,4649.37,2026-02-02 20:11:00+00:00,0,0,0.742342472076416,0.31529659032821655,30.0,25.0,30,energetic,2026-02-02 19:43:00+00:00,4696.94,pattern_priority,-17.56999999999971,energetic,energetic
-1,2026-02-02 19:54:00+00:00,4691.4,4716.4,4661.4,2026-02-02 20:24:00+00:00,0,0,0.743172287940979,0.41930535435676575,30.0,25.0,30,energetic,2026-02-02 20:09:00+00:00,4694.67,reverse_signal,-3.2700000000004366,energetic,energetic
1,2026-02-02 20:10:00+00:00,4694.83,4669.83,4726.54,2026-02-02 20:41:00+00:00,1,0,0.8866954445838928,0.651195228099823,30.0,25.0,30,energetic,2026-02-02 20:21:00+00:00,4669.83,stop_loss,-25.0,energetic,energetic
-1,2026-02-02 20:27:00+00:00,4669.08,4694.08,4639.08,2026-02-02 20:57:00+00:00,0,0,0.8778789043426514,0.2683139145374298,30.0,25.0,30,energetic,2026-02-02 20:34:00+00:00,4666.24,pattern_priority,2.8400000000001455,energetic,energetic
1,2026-02-02 23:03:00+00:00,4700.08,4675.08,4730.08,2026-02-02 23:33:00+00:00,0,0,0.8342257738113403,0.9482599496841431,30.0,25.0,30,energetic,2026-02-02 23:18:00+00:00,4730.08,target_hit,30.0,energetic,energetic
-1,2026-02-02 23:53:00+00:00,4769.42,4794.42,4739.42,2026-02-03 00:31:00+00:00,1,0,0.7737888693809509,0.37998244166374207,30.0,25.0,30,energetic,2026-02-03 00:04:00+00:00,4794.42,stop_loss,-25.0,energetic,energetic
-1,2026-02-03 00:06:00+00:00,4783.42,4808.42,4753.42,2026-02-03 00:36:00+00:00,0,0,0.8488886952400208,0.1805589497089386,30.0,25.0,30,energetic,2026-02-03 00:17:00+00:00,4801.9,pattern_priority,-18.479999999999563,energetic,energetic
-1,2026-02-03 01:03:00+00:00,4810.63,4835.63,4780.63,2026-02-03 01:41:00+00:00,1,0,0.7635525465011597,0.2050403207540512,30.0,25.0,30,energetic,2026-02-03 01:13:00+00:00,4827.75,pattern_priority,-17.11999999999989,energetic,energetic
-1,2026-02-03 01:49:00+00:00,4832.81,4857.81,4752.4,2026-02-03 02:48:00+00:00,6,0,0.6015397906303406,0.21911224722862244,30.0,25.0,30,energetic,2026-02-03 02:27:00+00:00,4765.48,pattern_priority,67.33000000000084,energetic,energetic
-1,2026-02-03 06:40:00+00:00,4874.83,4899.83,4844.83,2026-02-03 07:10:00+00:00,1,0,0.5255812406539917,0.18886500597000122,30.0,25.0,30,energetic,2026-02-03 07:10:00+00:00,4885.88,timeout,-11.050000000000182,energetic,energetic
-1,2026-02-03 07:15:00+00:00,4893.05,4918.05,4854.69,2026-02-03 08:01:00+00:00,4,0,0.66648930311203,0.17083054780960083,30.0,25.0,30,energetic,2026-02-03 07:33:00+00:00,4918.05,stop_loss,-25.0,energetic,energetic
-1,2026-02-03 07:34:00+00:00,4920.93,4945.93,4881.13,2026-02-03 08:31:00+00:00,3,0,0.5584178566932678,0.10799169540405273,30.0,25.0,30,energetic,2026-02-03 08:06:00+00:00,4905.22,pattern_priority,15.710000000000036,energetic,energetic
-1,2026-02-03 08:59:00+00:00,4918.87,4943.87,4881.46,2026-02-03 09:40:00+00:00,4,0,0.5417506098747253,0.15006566047668457,30.0,25.0,30,energetic,2026-02-03 09:28:00+00:00,4893.96,pattern_priority,24.909999999999854,energetic,energetic
-1,2026-02-03 11:01:00+00:00,4898.35,4923.35,4859.79,2026-02-03 12:03:00+00:00,6,0,0.6084296107292175,0.16194990277290344,30.0,25.0,30,energetic,2026-02-03 12:00:00+00:00,4923.35,stop_loss,-25.0,energetic,energetic
-1,2026-02-03 12:01:00+00:00,4924.02,4949.02,4894.02,2026-02-03 12:32:00+00:00,1,0,0.8543345928192139,0.09318336099386215,30.0,25.0,30,energetic,2026-02-03 12:25:00+00:00,4894.02,target_hit,30.0,energetic,energetic
-1,2026-02-03 12:30:00+00:00,4902.45,4927.45,4872.45,2026-02-03 13:00:00+00:00,0,0,0.5173102021217346,0.14426958560943604,30.0,25.0,30,energetic,2026-02-03 13:00:00+00:00,4916.78,timeout,-14.329999999999927,energetic,energetic
-1,2026-02-03 13:02:00+00:00,4909.15,4934.15,4874.28,2026-02-03 13:44:00+00:00,5,0,0.7130549550056458,0.10511220246553421,30.0,25.0,30,energetic,2026-02-03 13:20:00+00:00,4920.4,pattern_priority,-11.25,energetic,energetic
-1,2026-02-03 13:41:00+00:00,4936.27,4961.27,4890.5,2026-02-03 14:31:00+00:00,7,0,0.7844746112823486,0.1737261414527893,30.0,25.0,30,energetic,2026-02-03 14:31:00+00:00,4916.73,timeout,19.540000000000873,energetic,energetic
-1,2026-02-03 14:34:00+00:00,4901.77,4926.77,4871.77,2026-02-03 15:15:00+00:00,1,0,0.6230267882347107,0.1334841102361679,30.0,25.0,30,energetic,2026-02-03 14:51:00+00:00,4919.81,pattern_priority,-18.039999999999964,energetic,energetic
-1,2026-02-03 15:12:00+00:00,4945.97,4970.97,4886.62,2026-02-03 16:25:00+00:00,13,0,0.806901216506958,0.029482178390026093,30.0,25.0,30,energetic,2026-02-03 16:17:00+00:00,4970.97,stop_loss,-25.0,energetic,energetic
-1,2026-02-03 16:39:00+00:00,4991.54,5016.54,4956.24,2026-02-03 17:10:00+00:00,1,0,0.5473546981811523,0.255561500787735,30.0,25.0,30,energetic,2026-02-03 16:53:00+00:00,4956.24,target_hit,35.30000000000018,energetic,energetic
-1,2026-02-03 17:02:00+00:00,4956.17,4981.17,4924.1,2026-02-03 17:34:00+00:00,2,0,0.5727871060371399,0.13640107214450836,30.0,25.0,30,energetic,2026-02-03 17:11:00+00:00,4924.1,target_hit,32.06999999999971,energetic,energetic
-1,2026-02-03 17:17:00+00:00,4950.79,4975.79,4918.33,2026-02-03 17:57:00+00:00,5,0,0.5039088129997253,0.08329223096370697,30.0,25.0,30,energetic,2026-02-03 17:34:00+00:00,4955.52,pattern_priority,-4.730000000000473,energetic,energetic
-1,2026-02-03 17:41:00+00:00,4936.42,4961.42,4906.42,2026-02-03 18:11:00+00:00,0,0,0.6881230473518372,0.34350889921188354,30.0,25.0,30,energetic,2026-02-03 17:44:00+00:00,4922.25,pattern_priority,14.170000000000073,energetic,energetic
-1,2026-02-03 18:01:00+00:00,4931.85,4956.85,4900.5,2026-02-03 18:40:00+00:00,8,0,0.7021705508232117,0.19269153475761414,30.0,25.0,30,energetic,2026-02-03 18:13:00+00:00,4944.41,pattern_priority,-12.55999999999949,energetic,energetic
-1,2026-02-03 18:21:00+00:00,4944.33,4969.33,4892.94,2026-02-03 18:54:00+00:00,2,0,0.7272512912750244,0.28287607431411743,30.0,25.0,30,energetic,2026-02-03 18:30:00+00:00,4917.38,pattern_priority,26.949999999999818,energetic,energetic
-1,2026-02-03 20:02:00+00:00,4914.44,4939.44,4884.44,2026-02-03 20:32:00+00:00,0,0,0.522666335105896,0.2710093855857849,30.0,25.0,30,energetic,2026-02-03 20:15:00+00:00,4916.42,pattern_priority,-1.980000000000473,energetic,energetic
-1,2026-02-03 23:08:00+00:00,4911.25,4936.25,4881.25,2026-02-03 23:38:00+00:00,0,0,0.7716295123100281,0.41295671463012695,30.0,25.0,30,energetic,2026-02-03 23:12:00+00:00,4936.25,stop_loss,-25.0,energetic,energetic
-1,2026-02-04 13:44:00+00:00,5035.16,5060.16,5005.16,2026-02-04 14:16:00+00:00,1,0,0.7114971876144409,0.25242677330970764,30.0,25.0,30,energetic,2026-02-04 13:52:00+00:00,5054.41,pattern_priority,-19.25,energetic,energetic
-1,2026-02-04 14:11:00+00:00,5043.33,5068.33,5010.52,2026-02-04 14:41:00+00:00,1,0,0.5086849331855774,0.12541259825229645,30.0,25.0,30,energetic,2026-02-04 14:15:00+00:00,5047.1,pattern_priority,-3.7700000000004366,energetic,energetic
-1,2026-02-04 14:33:00+00:00,5004.56,5029.56,4974.56,2026-02-04 15:05:00+00:00,2,0,0.7651702165603638,0.3725731074810028,30.0,25.0,30,energetic,2026-02-04 14:37:00+00:00,4998.69,pattern_priority,5.8700000000008,energetic,energetic
1,2026-02-04 15:35:00+00:00,4921.71,4896.71,4951.71,2026-02-04 16:05:00+00:00,1,0,0.8059882521629333,0.8019524812698364,30.0,25.0,30,energetic,2026-02-04 15:36:00+00:00,4896.71,stop_loss,-25.0,energetic,energetic
1,2026-02-04 15:37:00+00:00,4900.6,4875.6,4930.6,2026-02-04 16:07:00+00:00,0,0,0.8904740810394287,0.8314340710639954,30.0,25.0,30,energetic,2026-02-04 15:38:00+00:00,4911.57,pattern_priority,10.969999999999345,energetic,energetic
-1,2026-02-04 16:17:00+00:00,4921.17,4946.17,4891.17,2026-02-04 16:48:00+00:00,1,0,0.8729123473167419,0.37657198309898376,30.0,25.0,30,energetic,2026-02-04 16:20:00+00:00,4910.36,pattern_priority,10.8100000000004,energetic,energetic
1,2026-02-04 16:49:00+00:00,4864.29,4839.29,4894.29,2026-02-04 17:19:00+00:00,0,0,0.740222692489624,0.6729617118835449,30.0,25.0,30,energetic,2026-02-04 16:51:00+00:00,4886.33,pattern_priority,22.039999999999964,energetic,energetic
-1,2026-02-04 19:13:00+00:00,4944.58,4969.58,4911.97,2026-02-04 19:46:00+00:00,1,0,0.7159302830696106,0.27109166979789734,30.0,25.0,30,energetic,2026-02-04 19:22:00+00:00,4922.77,pattern_priority,21.80999999999949,energetic,energetic
1,2026-02-04 19:54:00+00:00,4949.67,4924.67,4979.67,2026-02-04 20:24:00+00:00,0,0,0.6868666410446167,0.8460543751716614,30.0,25.0,30,energetic,2026-02-04 19:55:00+00:00,4939.01,pattern_priority,-10.659999999999854,energetic,energetic
-1,2026-02-05 01:13:00+00:00,4978.67,5003.67,4945.67,2026-02-05 01:43:00+00:00,1,0,0.7213667035102844,0.22251161932945251,30.0,25.0,30,energetic,2026-02-05 01:15:00+00:00,4956.23,reverse_signal,22.44000000000051,energetic,energetic
1,2026-02-05 01:16:00+00:00,4955.17,4930.17,4989.17,2026-02-05 01:55:00+00:00,5,0,0.8257333040237427,0.6136346459388733,30.0,25.0,30,energetic,2026-02-05 01:35:00+00:00,4976.86,reverse_signal,21.6899999999996,energetic,energetic
-1,2026-02-05 01:36:00+00:00,4977.25,5002.25,4947.25,2026-02-05 02:06:00+00:00,0,0,0.7983371019363403,0.39981895685195923,30.0,25.0,30,energetic,2026-02-05 01:40:00+00:00,4969.01,reverse_signal,8.239999999999782,energetic,energetic
1,2026-02-05 01:41:00+00:00,4968.74,4943.74,4998.74,2026-02-05 02:11:00+00:00,0,0,0.827231764793396,0.788787841796875,30.0,25.0,30,energetic,2026-02-05 02:00:00+00:00,4951.73,pattern_priority,-17.01000000000022,energetic,energetic
1,2026-02-05 02:15:00+00:00,4915.0,4890.0,4945.0,2026-02-05 02:46:00+00:00,2,0,0.9542350769042969,0.7547966837882996,30.0,25.0,30,energetic,2026-02-05 02:19:00+00:00,4908.45,pattern_priority,-6.550000000000182,energetic,energetic
1,2026-02-05 02:48:00+00:00,4842.15,4817.15,4882.98,2026-02-05 03:19:00+00:00,2,0,0.8323216438293457,0.6071866750717163,30.0,25.0,30,energetic,2026-02-05 02:51:00+00:00,4815.08,pattern_priority,-27.06999999999971,energetic,energetic
-1,2026-02-05 05:44:00+00:00,4886.79,4911.79,4856.79,2026-02-05 06:16:00+00:00,1,0,0.8789107203483582,0.16538982093334198,30.0,25.0,30,energetic,2026-02-05 06:08:00+00:00,4911.79,stop_loss,-25.0,energetic,energetic
-1,2026-02-05 06:29:00+00:00,4929.17,4954.17,4899.17,2026-02-05 06:59:00+00:00,0,0,0.5809887051582336,0.12502427399158478,30.0,25.0,30,energetic,2026-02-05 06:55:00+00:00,4899.17,target_hit,30.0,energetic,energetic
-1,2026-02-05 07:26:00+00:00,4931.01,4956.01,4901.01,2026-02-05 07:56:00+00:00,0,0,0.6009583473205566,0.1416584998369217,30.0,25.0,30,energetic,2026-02-05 07:41:00+00:00,4901.01,target_hit,30.0,energetic,energetic
-1,2026-02-05 07:42:00+00:00,4900.52,4925.52,4870.52,2026-02-05 08:12:00+00:00,0,0,0.5046427249908447,0.30764585733413696,30.0,25.0,30,energetic,2026-02-05 08:03:00+00:00,4925.52,stop_loss,-25.0,energetic,energetic
-1,2026-02-05 08:12:00+00:00,4936.04,4961.04,4906.04,2026-02-05 08:42:00+00:00,0,0,0.5055510997772217,0.17190980911254883,30.0,25.0,30,energetic,2026-02-05 08:42:00+00:00,4920.97,timeout,15.069999999999709,energetic,energetic
-1,2026-02-05 09:06:00+00:00,4878.81,4903.81,4835.61,2026-02-05 09:42:00+00:00,2,0,0.5246555805206299,0.3633747398853302,30.0,25.0,30,energetic,2026-02-05 09:15:00+00:00,4866.44,pattern_priority,12.3700000000008,energetic,energetic
-1,2026-02-05 12:01:00+00:00,4871.2,4896.2,4793.23,2026-02-05 12:56:00+00:00,7,0,0.5026853680610657,0.021419763565063477,30.0,25.0,30,energetic,2026-02-05 12:28:00+00:00,4844.73,pattern_priority,26.470000000000255,energetic,energetic
1,2026-02-05 13:28:00+00:00,4856.45,4831.45,4886.45,2026-02-05 13:58:00+00:00,0,0,0.8978940844535828,0.5763500332832336,30.0,25.0,30,energetic,2026-02-05 13:32:00+00:00,4863.99,reverse_signal,7.539999999999964,energetic,energetic
-1,2026-02-05 13:33:00+00:00,4864.41,4889.41,4834.41,2026-02-05 14:03:00+00:00,0,0,0.8231765031814575,0.4274696409702301,30.0,25.0,30,energetic,2026-02-05 13:38:00+00:00,4854.6,pattern_priority,9.80999999999949,energetic,energetic
-1,2026-02-05 13:41:00+00:00,4844.33,4869.33,4804.29,2026-02-05 14:12:00+00:00,1,0,0.9204344153404236,0.2524718642234802,30.0,25.0,30,energetic,2026-02-05 13:44:00+00:00,4825.52,pattern_priority,18.80999999999949,energetic,energetic
-1,2026-02-05 14:41:00+00:00,4861.71,4886.71,4818.1,2026-02-05 15:23:00+00:00,7,0,0.6465734839439392,0.19260604679584503,30.0,25.0,30,energetic,2026-02-05 14:57:00+00:00,4840.17,pattern_priority,21.539999999999964,energetic,energetic
1,2026-02-05 15:02:00+00:00,4830.94,4805.94,4860.94,2026-02-05 15:32:00+00:00,0,0,0.8360706567764282,0.602741539478302,30.0,25.0,30,energetic,2026-02-05 15:07:00+00:00,4834.52,reverse_signal,3.5800000000008367,energetic,energetic
-1,2026-02-05 15:08:00+00:00,4834.05,4859.05,4804.05,2026-02-05 15:38:00+00:00,0,0,0.8907795548439026,0.4475061297416687,30.0,25.0,30,energetic,2026-02-05 15:15:00+00:00,4833.08,pattern_priority,0.9700000000002547,energetic,energetic
-1,2026-02-05 16:20:00+00:00,4837.77,4862.77,4807.77,2026-02-05 16:57:00+00:00,3,0,0.6236147284507751,0.34040895104408264,30.0,25.0,30,energetic,2026-02-05 16:38:00+00:00,4862.77,stop_loss,-25.0,energetic,energetic
-1,2026-02-05 16:46:00+00:00,4874.18,4899.18,4844.18,2026-02-05 17:19:00+00:00,1,0,0.5771717429161072,0.139661967754364,30.0,25.0,30,energetic,2026-02-05 16:50:00+00:00,4899.18,stop_loss,-25.0,energetic,energetic
-1,2026-02-05 16:51:00+00:00,4899.03,4924.03,4847.19,2026-02-05 17:33:00+00:00,5,0,0.8667052388191223,0.2181462049484253,30.0,25.0,30,energetic,2026-02-05 17:08:00+00:00,4876.32,pattern_priority,22.710000000000036,energetic,energetic
-1,2026-02-05 17:25:00+00:00,4873.98,4898.98,4843.98,2026-02-05 17:55:00+00:00,0,0,0.5800491571426392,0.14584708213806152,30.0,25.0,30,energetic,2026-02-05 17:55:00+00:00,4876.0,timeout,-2.0200000000004366,energetic,energetic
-1,2026-02-05 18:25:00+00:00,4865.07,4890.07,4835.07,2026-02-05 18:57:00+00:00,1,0,0.5344841480255127,0.07192011177539825,30.0,25.0,30,energetic,2026-02-05 18:39:00+00:00,4860.02,pattern_priority,5.049999999999272,energetic,energetic
-1,2026-02-05 19:34:00+00:00,4832.0,4857.0,4802.0,2026-02-05 20:06:00+00:00,1,0,0.5789839029312134,0.26791781187057495,30.0,25.0,30,energetic,2026-02-05 20:06:00+00:00,4825.56,timeout,6.4399999999996,energetic,energetic
-1,2026-02-05 21:35:00+00:00,4768.41,4793.41,4735.37,2026-02-05 22:05:00+00:00,1,0,0.7298252582550049,0.3845750689506531,30.0,25.0,30,energetic,2026-02-05 21:42:00+00:00,4773.63,reverse_signal,-5.220000000000255,energetic,energetic
1,2026-02-05 21:43:00+00:00,4773.45,4748.45,4803.45,2026-02-05 22:13:00+00:00,0,0,0.8603949546813965,0.5945495963096619,30.0,25.0,30,energetic,2026-02-05 21:50:00+00:00,4760.96,pattern_priority,-12.489999999999782,energetic,energetic
1,2026-02-06 00:11:00+00:00,4696.83,4671.83,4726.83,2026-02-06 00:44:00+00:00,1,0,0.9237169623374939,0.8446984887123108,30.0,25.0,30,energetic,2026-02-06 00:15:00+00:00,4671.83,stop_loss,-25.0,energetic,energetic
1,2026-02-06 00:16:00+00:00,4675.65,4650.65,4705.65,2026-02-06 00:48:00+00:00,3,0,0.9349523782730103,0.7317123413085938,30.0,25.0,30,energetic,2026-02-06 00:20:00+00:00,4677.54,pattern_priority,1.8900000000003274,energetic,energetic
1,2026-02-06 00:39:00+00:00,4737.55,4712.55,4788.49,2026-02-06 01:12:00+00:00,2,0,0.8158213496208191,0.6511061191558838,30.0,25.0,30,energetic,2026-02-06 00:51:00+00:00,4754.35,pattern_priority,16.800000000000182,energetic,energetic
-1,2026-02-06 01:04:00+00:00,4733.81,4758.81,4703.81,2026-02-06 01:36:00+00:00,2,0,0.7720852494239807,0.33455148339271545,30.0,25.0,30,energetic,2026-02-06 01:08:00+00:00,4758.81,stop_loss,-25.0,energetic,energetic
-1,2026-02-06 02:31:00+00:00,4825.47,4850.47,4792.69,2026-02-06 03:34:00+00:00,4,0,0.7607507109642029,0.164110004901886,30.0,25.0,30,energetic,2026-02-06 03:34:00+00:00,4819.44,timeout,6.030000000000655,energetic,energetic
-1,2026-02-06 06:00:00+00:00,4897.35,4922.35,4867.35,2026-02-06 06:30:00+00:00,0,0,0.5226065516471863,0.17946717143058777,30.0,25.0,30,energetic,2026-02-06 06:13:00+00:00,4867.35,target_hit,30.0,energetic,energetic
1,2026-02-06 09:04:00+00:00,4849.05,4824.05,4879.05,2026-02-06 09:34:00+00:00,0,0,0.575388491153717,0.6805792450904846,30.0,25.0,30,energetic,2026-02-06 09:34:00+00:00,4866.15,timeout,17.099999999999454,energetic,energetic
-1,2026-02-06 13:02:00+00:00,4923.77,4948.77,4893.77,2026-02-06 13:32:00+00:00,0,0,0.5712049007415771,0.16095376014709473,30.0,25.0,30,energetic,2026-02-06 13:32:00+00:00,4926.41,pattern_priority,-2.639999999999418,energetic,energetic
-1,2026-02-06 14:38:00+00:00,4945.44,4970.44,4915.44,2026-02-06 15:08:00+00:00,0,0,0.6666150093078613,0.09689988195896149,30.0,25.0,30,energetic,2026-02-06 14:42:00+00:00,4928.13,pattern_priority,17.30999999999949,energetic,energetic
-1,2026-02-06 15:02:00+00:00,4948.29,4973.29,4906.05,2026-02-06 16:15:00+00:00,11,0,0.5518260598182678,0.04987743869423866,30.0,25.0,30,energetic,2026-02-06 16:15:00+00:00,4937.56,timeout,10.729999999999563,energetic,energetic
1,2026-02-08 23:26:00+00:00,5009.0,4984.0,5072.25,2026-02-09 00:07:00+00:00,6,0,0.7426090836524963,0.837053120136261,30.0,25.0,30,energetic,2026-02-09 00:07:00+00:00,5040.2,timeout,31.199999999999818,energetic,energetic
-1,2026-02-09 01:09:00+00:00,5019.58,5044.58,4989.58,2026-02-09 01:39:00+00:00,0,0,0.5741704106330872,0.4149414896965027,30.0,25.0,30,energetic,2026-02-09 01:36:00+00:00,4989.58,target_hit,30.0,energetic,energetic
-1,2026-02-09 01:37:00+00:00,4986.63,5011.63,4956.63,2026-02-09 02:07:00+00:00,0,0,0.8762128949165344,0.09574593603610992,30.0,25.0,30,energetic,2026-02-09 01:45:00+00:00,5011.63,stop_loss,-25.0,energetic,energetic
-1,2026-02-09 02:01:00+00:00,4979.25,5004.25,4943.73,2026-02-09 02:32:00+00:00,1,0,0.8484373092651367,0.1126493290066719,30.0,25.0,30,energetic,2026-02-09 02:32:00+00:00,5004.25,stop_loss,-25.0,energetic,energetic
-1,2026-02-09 23:24:00+00:00,5011.56,5036.56,4981.56,2026-02-10 00:00:00+00:00,1,0,0.6985631585121155,0.3884359896183014,30.0,25.0,30,energetic,2026-02-09 23:34:00+00:00,5022.98,pattern_priority,-11.419999999999163,energetic,energetic
-1,2026-02-11 13:31:00+00:00,5020.7,5045.7,4990.7,2026-02-11 14:01:00+00:00,0,0,0.7166441679000854,0.3182356655597687,30.0,25.0,30,energetic,2026-02-11 13:31:00+00:00,5045.7,stop_loss,-25.0,energetic,energetic
-1,2026-02-11 13:38:00+00:00,5056.85,5081.85,5026.85,2026-02-11 14:08:00+00:00,0,0,0.5982011556625366,0.3897475302219391,30.0,25.0,30,energetic,2026-02-11 13:39:00+00:00,5064.85,reverse_signal,-8.0,energetic,energetic
1,2026-02-11 13:40:00+00:00,5065.02,5040.02,5095.02,2026-02-11 14:10:00+00:00,0,0,0.6538876295089722,0.5569269061088562,30.0,25.0,30,energetic,2026-02-11 13:41:00+00:00,5065.33,reverse_signal,0.3099999999994907,energetic,energetic
-1,2026-02-11 13:42:00+00:00,5065.07,5090.07,5029.23,2026-02-11 14:18:00+00:00,4,0,0.5684535503387451,0.40505027770996094,30.0,25.0,30,energetic,2026-02-11 14:18:00+00:00,5080.47,timeout,-15.400000000000546,energetic,energetic
-1,2026-02-11 15:25:00+00:00,5049.76,5074.76,5017.38,2026-02-11 15:58:00+00:00,3,0,0.681713879108429,0.11172118037939072,30.0,25.0,30,energetic,2026-02-11 15:58:00+00:00,5060.03,timeout,-10.269999999999527,energetic,energetic
1,2026-02-12 16:13:00+00:00,5010.05,4985.05,5040.05,2026-02-12 16:43:00+00:00,0,0,0.551362931728363,0.704663097858429,30.0,25.0,30,energetic,2026-02-12 16:13:00+00:00,4985.05,stop_loss,-25.0,energetic,energetic
1,2026-02-12 16:14:00+00:00,4991.37,4966.37,5021.37,2026-02-12 16:44:00+00:00,0,0,0.6671443581581116,0.8283016085624695,30.0,25.0,30,energetic,2026-02-12 16:14:00+00:00,4966.37,stop_loss,-25.0,energetic,energetic
1,2026-02-12 16:18:00+00:00,4921.17,4896.17,4957.23,2026-02-12 16:53:00+00:00,3,0,0.5003926157951355,0.9221999049186707,30.0,25.0,30,energetic,2026-02-12 16:26:00+00:00,4896.17,stop_loss,-25.0,energetic,energetic
1,2026-02-12 16:30:00+00:00,4897.96,4872.96,4927.96,2026-02-12 17:00:00+00:00,0,0,0.5310644507408142,0.9601834416389465,30.0,25.0,30,energetic,2026-02-12 16:31:00+00:00,4928.23,pattern_priority,30.269999999999527,energetic,energetic
-1,2026-02-12 18:19:00+00:00,4912.96,4937.96,4878.16,2026-02-12 18:49:00+00:00,1,0,0.5958530306816101,0.2743421792984009,30.0,25.0,30,energetic,2026-02-12 18:21:00+00:00,4924.82,pattern_priority,-11.859999999999673,energetic,energetic
1,2026-02-12 18:45:00+00:00,4940.93,4915.93,4970.93,2026-02-12 19:15:00+00:00,1,0,0.5114936232566833,0.6259847283363342,30.0,25.0,30,energetic,2026-02-12 19:15:00+00:00,4934.7,timeout,-6.230000000000473,energetic,energetic
-1,2026-02-13 13:40:00+00:00,4992.24,5017.24,4962.24,2026-02-13 14:10:00+00:00,0,0,0.5795930027961731,0.37891992926597595,30.0,25.0,30,energetic,2026-02-13 14:02:00+00:00,4992.13,pattern_priority,0.10999999999967258,energetic,energetic
-1,2026-02-13 14:42:00+00:00,4966.35,4991.35,4936.35,2026-02-13 15:12:00+00:00,0,0,0.5494956970214844,0.3404250144958496,30.0,25.0,30,energetic,2026-02-13 14:44:00+00:00,4991.35,stop_loss,-25.0,energetic,energetic
-1,2026-02-13 14:46:00+00:00,4998.13,5023.13,4968.13,2026-02-13 15:31:00+00:00,3,0,0.5316100716590881,0.09622468799352646,30.0,25.0,30,energetic,2026-02-13 15:31:00+00:00,5008.93,timeout,-10.800000000000182,energetic,energetic
-1,2026-02-13 19:08:00+00:00,5044.16,5069.16,5014.16,2026-02-13 19:38:00+00:00,0,0,0.8301004767417908,0.10235987603664398,30.0,25.0,30,energetic,2026-02-13 19:38:00+00:00,5039.99,timeout,4.170000000000073,energetic,energetic
-1,2026-02-17 05:33:00+00:00,4871.9,4896.9,4841.9,2026-02-17 06:03:00+00:00,0,0,0.7144565582275391,0.41435307264328003,30.0,25.0,30,energetic,2026-02-17 05:53:00+00:00,4896.9,stop_loss,-25.0,energetic,energetic
-1,2026-02-17 13:59:00+00:00,4876.0,4901.0,4846.0,2026-02-17 14:29:00+00:00,0,0,0.6000272035598755,0.38033828139305115,30.0,25.0,30,energetic,2026-02-17 14:01:00+00:00,4846.0,target_hit,30.0,energetic,energetic
-1,2026-02-17 14:02:00+00:00,4852.65,4877.65,4822.65,2026-02-17 14:32:00+00:00,0,0,0.5321438312530518,0.24727357923984528,30.0,25.0,30,energetic,2026-02-17 14:03:00+00:00,4863.52,pattern_priority,-10.8700000000008,energetic,energetic
-1,2026-02-17 14:09:00+00:00,4893.16,4918.16,4863.16,2026-02-17 14:42:00+00:00,1,0,0.660591185092926,0.22675274312496185,30.0,25.0,30,energetic,2026-02-17 14:18:00+00:00,4893.89,pattern_priority,-0.7300000000004729,energetic,energetic
-1,2026-02-17 15:35:00+00:00,4853.5,4878.5,4823.5,2026-02-17 16:20:00+00:00,2,0,0.539099931716919,0.42707663774490356,30.0,25.0,30,energetic,2026-02-17 15:57:00+00:00,4878.5,stop_loss,-25.0,energetic,energetic
-1,2026-02-17 18:57:00+00:00,4908.1,4933.1,4878.1,2026-02-17 19:27:00+00:00,0,0,0.5296165347099304,0.28900790214538574,30.0,25.0,30,energetic,2026-02-17 19:27:00+00:00,4888.42,timeout,19.68000000000029,energetic,energetic
1,2026-02-18 19:29:00+00:00,4981.21,4956.21,5011.21,2026-02-18 19:59:00+00:00,0,0,0.5034228563308716,0.5827755928039551,30.0,25.0,30,energetic,2026-02-18 19:59:00+00:00,4980.56,timeout,-0.6499999999996362,energetic,energetic
-1,2026-02-20 15:06:00+00:00,5013.06,5038.06,4983.06,2026-02-20 15:36:00+00:00,0,0,0.5636419653892517,0.4233958125114441,30.0,25.0,30,energetic,2026-02-20 15:10:00+00:00,5011.69,reverse_signal,1.3700000000008004,energetic,energetic
1,2026-02-20 15:11:00+00:00,5012.39,4987.39,5042.39,2026-02-20 15:41:00+00:00,0,0,0.6437923312187195,0.5862293839454651,30.0,25.0,30,energetic,2026-02-20 15:18:00+00:00,5042.39,target_hit,30.0,energetic,energetic
-1,2026-02-24 00:02:00+00:00,5219.58,5244.58,5189.58,2026-02-24 00:32:00+00:00,0,0,0.5070751309394836,0.10584502667188644,30.0,25.0,30,energetic,2026-02-24 00:32:00+00:00,5230.96,timeout,-11.38000000000011,energetic,energetic
-1,2026-02-24 01:04:00+00:00,5207.42,5232.42,5127.77,2026-02-24 01:45:00+00:00,8,0,0.6170163750648499,0.12086251378059387,30.0,25.0,30,energetic,2026-02-24 01:16:00+00:00,5148.53,reverse_signal,58.89000000000033,energetic,energetic
1,2026-02-24 01:17:00+00:00,5148.04,5123.04,5204.9,2026-02-24 02:10:00+00:00,13,0,0.6628872156143188,0.5850657224655151,30.0,25.0,30,energetic,2026-02-24 02:10:00+00:00,5168.24,timeout,20.199999999999818,energetic,energetic
-1,2026-02-24 14:14:00+00:00,5098.53,5123.53,5068.53,2026-02-24 14:56:00+00:00,3,0,0.5505499243736267,0.14210467040538788,30.0,25.0,30,energetic,2026-02-24 14:30:00+00:00,5123.53,stop_loss,-25.0,energetic,energetic
-1,2026-02-24 15:06:00+00:00,5131.17,5156.17,5101.17,2026-02-24 15:36:00+00:00,0,0,0.5121148228645325,0.06751345098018646,30.0,25.0,30,energetic,2026-02-24 15:36:00+00:00,5141.84,timeout,-10.670000000000073,energetic,energetic
1,2026-03-01 23:05:00+00:00,5358.2,5333.2,5398.42,2026-03-01 23:36:00+00:00,2,0,0.7886742949485779,0.8548994064331055,30.0,25.0,30,energetic,2026-03-01 23:07:00+00:00,5333.2,stop_loss,-25.0,energetic,energetic
-1,2026-03-02 01:02:00+00:00,5331.63,5356.63,5301.63,2026-03-02 01:32:00+00:00,0,0,0.6502737402915955,0.20067602396011353,30.0,25.0,30,energetic,2026-03-02 01:04:00+00:00,5330.1,pattern_priority,1.5299999999997453,energetic,energetic
1,2026-03-02 14:26:00+00:00,5329.73,5304.73,5363.19,2026-03-02 15:06:00+00:00,8,0,0.7460306286811829,0.7496537566184998,30.0,25.0,30,energetic,2026-03-02 14:38:00+00:00,5344.46,pattern_priority,14.730000000000473,energetic,energetic
-1,2026-03-02 15:13:00+00:00,5330.47,5355.47,5300.47,2026-03-02 15:43:00+00:00,0,0,0.5945277214050293,0.3036746680736542,30.0,25.0,30,energetic,2026-03-02 15:43:00+00:00,5340.96,timeout,-10.489999999999782,energetic,energetic
-1,2026-03-02 16:01:00+00:00,5288.58,5313.58,5258.58,2026-03-02 16:31:00+00:00,0,0,0.8628411293029785,0.39778977632522583,30.0,25.0,30,energetic,2026-03-02 16:01:00+00:00,5269.6,reverse_signal,18.979999999999563,energetic,energetic
1,2026-03-02 16:02:00+00:00,5269.37,5244.37,5310.56,2026-03-02 16:35:00+00:00,1,0,0.6980201601982117,0.6079736948013306,30.0,25.0,30,energetic,2026-03-02 16:07:00+00:00,5281.94,pattern_priority,12.569999999999709,energetic,energetic
-1,2026-03-02 16:34:00+00:00,5300.22,5325.22,5270.22,2026-03-02 17:04:00+00:00,0,0,0.5071150064468384,0.3885028064250946,30.0,25.0,30,energetic,2026-03-02 16:52:00+00:00,5294.2,pattern_priority,6.020000000000437,energetic,energetic
-1,2026-03-03 09:26:00+00:00,5248.27,5273.27,5210.48,2026-03-03 09:58:00+00:00,2,0,0.7886278629302979,0.3163246810436249,30.0,25.0,30,energetic,2026-03-03 09:33:00+00:00,5269.8,pattern_priority,-21.529999999999745,energetic,energetic
-1,2026-03-03 10:10:00+00:00,5275.56,5300.56,5222.69,2026-03-03 11:15:00+00:00,3,0,0.5218040943145752,0.08549028635025024,30.0,25.0,30,energetic,2026-03-03 10:47:00+00:00,5254.18,pattern_priority,21.38000000000011,energetic,energetic
-1,2026-03-03 10:56:00+00:00,5252.58,5277.58,5206.66,2026-03-03 11:36:00+00:00,3,0,0.5798988342285156,0.18809525668621063,30.0,25.0,30,energetic,2026-03-03 11:07:00+00:00,5206.66,target_hit,45.92000000000007,energetic,energetic
-1,2026-03-03 11:08:00+00:00,5213.05,5238.05,5158.67,2026-03-03 11:38:00+00:00,1,0,0.8253109455108643,0.3907046318054199,30.0,25.0,30,energetic,2026-03-03 11:09:00+00:00,5171.71,reverse_signal,41.340000000000146,energetic,energetic
1,2026-03-03 11:10:00+00:00,5171.67,5146.67,5201.67,2026-03-03 11:40:00+00:00,0,0,0.8273174166679382,0.7546300292015076,30.0,25.0,30,energetic,2026-03-03 11:11:00+00:00,5192.69,pattern_priority,21.019999999999527,energetic,energetic
1,2026-03-03 11:18:00+00:00,5188.27,5163.27,5218.27,2026-03-03 11:48:00+00:00,0,0,0.723223865032196,0.6281043291091919,30.0,25.0,30,energetic,2026-03-03 11:19:00+00:00,5204.38,pattern_priority,16.109999999999673,energetic,energetic
-1,2026-03-03 11:26:00+00:00,5185.37,5210.37,5155.37,2026-03-03 11:56:00+00:00,0,0,0.591305136680603,0.3362366259098053,30.0,25.0,30,energetic,2026-03-03 11:27:00+00:00,5168.75,reverse_signal,16.61999999999989,energetic,energetic
1,2026-03-03 11:28:00+00:00,5168.41,5143.41,5198.41,2026-03-03 11:58:00+00:00,0,0,0.6332009434700012,0.6517915725708008,30.0,25.0,30,energetic,2026-03-03 11:29:00+00:00,5143.41,stop_loss,-25.0,energetic,energetic
1,2026-03-03 11:30:00+00:00,5127.66,5102.66,5157.66,2026-03-03 12:00:00+00:00,0,0,0.8425827622413635,0.8634185194969177,30.0,25.0,30,energetic,2026-03-03 11:31:00+00:00,5102.66,stop_loss,-25.0,energetic,energetic
1,2026-03-03 11:32:00+00:00,5102.86,5077.86,5132.86,2026-03-03 12:02:00+00:00,0,0,0.7997612953186035,0.9212146401405334,30.0,25.0,30,energetic,2026-03-03 11:32:00+00:00,5077.86,stop_loss,-25.0,energetic,energetic
1,2026-03-03 11:33:00+00:00,5080.52,5055.52,5166.55,2026-03-03 12:08:00+00:00,5,0,0.6496280431747437,0.927130401134491,30.0,25.0,30,energetic,2026-03-03 11:43:00+00:00,5114.61,pattern_priority,34.089999999999236,energetic,energetic
-1,2026-03-03 12:18:00+00:00,5186.46,5211.46,5156.46,2026-03-03 12:49:00+00:00,2,0,0.6202302575111389,0.2428705245256424,30.0,25.0,30,energetic,2026-03-03 12:21:00+00:00,5188.17,pattern_priority,-1.7100000000000364,energetic,energetic
1,2026-03-03 14:42:00+00:00,5086.37,5061.37,5116.37,2026-03-03 15:14:00+00:00,2,0,0.8522726893424988,0.8139638304710388,30.0,25.0,30,energetic,2026-03-03 14:45:00+00:00,5061.37,stop_loss,-25.0,energetic,energetic
1,2026-03-03 15:05:00+00:00,5033.25,5008.25,5063.25,2026-03-03 15:35:00+00:00,0,0,0.7864508628845215,0.9093421697616577,30.0,25.0,30,energetic,2026-03-03 15:06:00+00:00,5056.4,pattern_priority,23.149999999999636,energetic,energetic
1,2026-03-03 15:14:00+00:00,5029.3,5004.3,5070.35,2026-03-03 15:45:00+00:00,2,0,0.7592359781265259,0.8207427263259888,30.0,25.0,30,energetic,2026-03-03 15:17:00+00:00,5003.87,pattern_priority,-25.43000000000029,energetic,energetic
1,2026-03-03 15:58:00+00:00,5092.08,5067.08,5145.29,2026-03-03 16:43:00+00:00,7,0,0.658993661403656,0.8584936857223511,30.0,25.0,30,energetic,2026-03-03 16:27:00+00:00,5115.36,reverse_signal,23.279999999999745,energetic,energetic
-1,2026-03-03 16:28:00+00:00,5115.11,5140.11,5085.11,2026-03-03 16:58:00+00:00,0,0,0.5344722867012024,0.24460847675800323,30.0,25.0,30,energetic,2026-03-03 16:35:00+00:00,5113.05,pattern_priority,2.0599999999994907,energetic,energetic
-1,2026-03-03 16:48:00+00:00,5109.34,5134.34,5060.33,2026-03-03 17:43:00+00:00,7,0,0.5888328552246094,0.22241121530532837,30.0,25.0,30,energetic,2026-03-03 17:15:00+00:00,5102.85,pattern_priority,6.489999999999782,energetic,energetic
-1,2026-03-03 17:41:00+00:00,5085.67,5110.67,5055.67,2026-03-03 18:11:00+00:00,0,0,0.5083423852920532,0.2042839080095291,30.0,25.0,30,energetic,2026-03-03 18:11:00+00:00,5099.94,timeout,-14.269999999999527,energetic,energetic
-1,2026-03-03 20:39:00+00:00,5111.56,5136.56,5081.56,2026-03-03 21:09:00+00:00,0,0,0.5097595453262329,0.3665664494037628,30.0,25.0,30,energetic,2026-03-03 20:41:00+00:00,5104.29,reverse_signal,7.270000000000437,energetic,energetic
1,2026-03-03 20:42:00+00:00,5104.25,5079.25,5135.6,2026-03-03 21:20:00+00:00,2,0,0.5180888175964355,0.5795814990997314,30.0,25.0,30,energetic,2026-03-03 21:20:00+00:00,5095.87,timeout,-8.38000000000011,energetic,energetic
-1,2026-03-04 15:06:00+00:00,5145.34,5170.34,5113.58,2026-03-04 15:41:00+00:00,1,0,0.5856322646141052,0.15932121872901917,30.0,25.0,30,energetic,2026-03-04 15:14:00+00:00,5135.19,pattern_priority,10.150000000000546,energetic,energetic
-1,2026-03-05 14:40:00+00:00,5098.22,5123.22,5067.75,2026-03-05 15:21:00+00:00,5,0,0.5932796597480774,0.26216503977775574,30.0,25.0,30,energetic,2026-03-05 14:59:00+00:00,5102.56,pattern_priority,-4.3400000000001455,energetic,energetic
-1,2026-03-05 15:08:00+00:00,5087.54,5112.54,5030.73,2026-03-05 15:43:00+00:00,3,0,0.5309682488441467,0.2646859288215637,30.0,25.0,30,energetic,2026-03-05 15:19:00+00:00,5087.5,pattern_priority,0.03999999999996362,energetic,energetic
-1,2026-03-05 15:28:00+00:00,5073.25,5098.25,5043.25,2026-03-05 15:58:00+00:00,1,0,0.6281917095184326,0.24007108807563782,30.0,25.0,30,energetic,2026-03-05 15:32:00+00:00,5088.4,pattern_priority,-15.149999999999636,energetic,energetic
-1,2026-03-05 16:32:00+00:00,5064.37,5089.37,5034.37,2026-03-05 17:09:00+00:00,1,0,0.516359806060791,0.11856123805046082,30.0,25.0,30,energetic,2026-03-05 17:09:00+00:00,5086.9,timeout,-22.529999999999745,energetic,energetic
-1,2026-03-05 17:37:00+00:00,5058.12,5083.12,5028.12,2026-03-05 18:11:00+00:00,2,0,0.6462862491607666,0.09400500357151031,30.0,25.0,30,energetic,2026-03-05 18:11:00+00:00,5070.38,timeout,-12.260000000000218,energetic,energetic
1,2026-03-06 13:31:00+00:00,5119.35,5094.35,5160.16,2026-03-06 14:13:00+00:00,6,0,0.5369001030921936,0.6534770727157593,30.0,25.0,30,energetic,2026-03-06 13:56:00+00:00,5094.35,stop_loss,-25.0,energetic,energetic
-1,2026-03-06 15:04:00+00:00,5145.35,5170.35,5115.26,2026-03-06 15:50:00+00:00,8,0,0.6887131333351135,0.32142317295074463,30.0,25.0,30,energetic,2026-03-06 15:26:00+00:00,5170.35,stop_loss,-25.0,energetic,energetic
-1,2026-03-08 22:07:00+00:00,5149.29,5174.29,5119.29,2026-03-08 22:37:00+00:00,0,0,0.5102503299713135,0.37916189432144165,30.0,25.0,30,energetic,2026-03-08 22:07:00+00:00,5119.29,target_hit,30.0,energetic,energetic
-1,2026-03-08 22:08:00+00:00,5143.75,5168.75,5107.16,2026-03-08 22:38:00+00:00,1,0,0.6234531998634338,0.42760536074638367,30.0,25.0,30,energetic,2026-03-08 22:10:00+00:00,5168.75,stop_loss,-25.0,energetic,energetic
-1,2026-03-08 22:16:00+00:00,5144.16,5169.16,5099.17,2026-03-08 23:10:00+00:00,8,0,0.6330202221870422,0.4095269441604614,30.0,25.0,30,energetic,2026-03-08 22:42:00+00:00,5123.82,pattern_priority,20.340000000000146,energetic,energetic
-1,2026-03-08 23:43:00+00:00,5046.04,5071.04,5016.04,2026-03-09 00:13:00+00:00,1,0,0.7623578906059265,0.28065067529678345,30.0,25.0,30,energetic,2026-03-08 23:44:00+00:00,5071.04,stop_loss,-25.0,energetic,energetic
-1,2026-03-08 23:45:00+00:00,5073.35,5098.35,5043.35,2026-03-09 00:15:00+00:00,0,0,0.8285517692565918,0.181758850812912,30.0,25.0,30,energetic,2026-03-08 23:46:00+00:00,5067.74,pattern_priority,5.610000000000582,energetic,energetic
-1,2026-03-08 23:48:00+00:00,5059.89,5084.89,5029.89,2026-03-09 00:25:00+00:00,3,0,0.8863013386726379,0.18425852060317993,30.0,25.0,30,energetic,2026-03-08 23:58:00+00:00,5075.35,pattern_priority,-15.460000000000036,energetic,energetic
-1,2026-03-09 01:20:00+00:00,5078.25,5103.25,5048.25,2026-03-09 01:52:00+00:00,2,0,0.53450608253479,0.3502727448940277,30.0,25.0,30,energetic,2026-03-09 01:27:00+00:00,5075.09,pattern_priority,3.1599999999998545,energetic,energetic
-1,2026-03-09 02:02:00+00:00,5068.31,5093.31,5025.98,2026-03-09 02:35:00+00:00,4,0,0.5148911476135254,0.279645174741745,30.0,25.0,30,energetic,2026-03-09 02:10:00+00:00,5093.31,stop_loss,-25.0,energetic,energetic
-1,2026-03-09 02:11:00+00:00,5093.43,5118.43,5063.43,2026-03-09 02:41:00+00:00,0,0,0.5199072360992432,0.14121724665164948,30.0,25.0,30,energetic,2026-03-09 02:41:00+00:00,5089.54,timeout,3.8900000000003274,energetic,energetic
-1,2026-03-09 13:42:00+00:00,5083.46,5108.46,5041.22,2026-03-09 14:36:00+00:00,6,0,0.5180283784866333,0.33107784390449524,30.0,25.0,30,energetic,2026-03-09 14:09:00+00:00,5075.26,pattern_priority,8.199999999999818,energetic,energetic
-1,2026-03-09 14:29:00+00:00,5083.52,5108.52,5053.52,2026-03-09 15:01:00+00:00,1,0,0.5320219397544861,0.20425544679164886,30.0,25.0,30,energetic,2026-03-09 14:44:00+00:00,5108.52,stop_loss,-25.0,energetic,energetic
-1,2026-03-12 20:34:00+00:00,5067.72,5092.72,5037.72,2026-03-12 21:04:00+00:00,0,0,0.5203384757041931,0.39747247099876404,30.0,25.0,30,energetic,2026-03-12 22:01:00+00:00,5075.06,timeout,-7.3400000000001455,energetic,energetic
-1,2026-03-13 16:04:00+00:00,5030.27,5055.27,5000.27,2026-03-13 16:34:00+00:00,0,0,0.5703150629997253,0.40158000588417053,30.0,25.0,30,energetic,2026-03-13 16:34:00+00:00,5045.03,timeout,-14.759999999999309,energetic,energetic
-1,2026-03-15 23:23:00+00:00,4977.09,5002.09,4947.09,2026-03-15 23:53:00+00:00,1,0,0.5914933681488037,0.09346616268157959,30.0,25.0,30,energetic,2026-03-15 23:53:00+00:00,4986.12,timeout,-9.029999999999745,energetic,energetic
-1,2026-03-17 06:03:00+00:00,5012.03,5037.03,4982.03,2026-03-17 06:33:00+00:00,0,0,0.5150863528251648,0.1746717393398285,30.0,25.0,30,energetic,2026-03-17 06:33:00+00:00,5015.12,timeout,-3.0900000000001455,energetic,energetic
-1,2026-03-18 12:13:00+00:00,4910.49,4935.49,4877.01,2026-03-18 12:43:00+00:00,1,0,0.6474940776824951,0.3478693664073944,30.0,25.0,30,energetic,2026-03-18 12:16:00+00:00,4903.19,reverse_signal,7.300000000000182,energetic,energetic
1,2026-03-18 12:17:00+00:00,4903.28,4878.28,4933.28,2026-03-18 12:48:00+00:00,1,0,0.5746878981590271,0.6300182938575745,30.0,25.0,30,energetic,2026-03-18 12:23:00+00:00,4904.07,reverse_signal,0.7899999999999636,energetic,energetic
-1,2026-03-18 12:24:00+00:00,4904.02,4929.02,4862.74,2026-03-18 13:00:00+00:00,3,0,0.504120409488678,0.41530442237854004,30.0,25.0,30,energetic,2026-03-18 12:32:00+00:00,4889.7,reverse_signal,14.320000000000618,energetic,energetic
1,2026-03-18 12:33:00+00:00,4889.67,4864.67,4919.67,2026-03-18 13:07:00+00:00,1,0,0.7335399985313416,0.607172429561615,30.0,25.0,30,energetic,2026-03-18 12:40:00+00:00,4888.72,reverse_signal,-0.9499999999998181,energetic,energetic
-1,2026-03-18 12:41:00+00:00,4888.71,4913.71,4849.76,2026-03-18 13:27:00+00:00,3,0,0.529369056224823,0.26742976903915405,30.0,25.0,30,energetic,2026-03-18 13:00:00+00:00,4861.71,reverse_signal,27.0,energetic,energetic
1,2026-03-18 13:01:00+00:00,4861.87,4836.87,4891.87,2026-03-18 13:47:00+00:00,2,0,0.6073216199874878,0.7443279027938843,30.0,25.0,30,energetic,2026-03-18 13:18:00+00:00,4836.87,stop_loss,-25.0,energetic,energetic
1,2026-03-18 13:43:00+00:00,4882.32,4857.32,4912.32,2026-03-18 14:17:00+00:00,4,0,0.6010345816612244,0.6118007302284241,30.0,25.0,30,energetic,2026-03-18 13:54:00+00:00,4871.56,reverse_signal,-10.759999999999309,energetic,energetic
-1,2026-03-18 13:55:00+00:00,4871.57,4896.57,4838.06,2026-03-18 14:50:00+00:00,6,0,0.7947556972503662,0.4229873716831207,30.0,25.0,30,energetic,2026-03-18 14:50:00+00:00,4866.08,timeout,5.489999999999782,energetic,energetic
-1,2026-03-18 22:22:00+00:00,4806.88,4831.88,4776.88,2026-03-18 22:52:00+00:00,0,0,0.5870296359062195,0.08185504376888275,30.0,25.0,30,energetic,2026-03-18 22:32:00+00:00,4811.86,pattern_priority,-4.979999999999563,energetic,energetic
-1,2026-03-19 06:38:00+00:00,4795.98,4820.98,4765.98,2026-03-19 07:08:00+00:00,0,0,0.5062956809997559,0.17367865145206451,30.0,25.0,30,energetic,2026-03-19 06:47:00+00:00,4765.98,target_hit,30.0,energetic,energetic
1,2026-03-19 06:51:00+00:00,4752.77,4727.77,4794.13,2026-03-19 07:27:00+00:00,1,0,0.6414306163787842,0.775394856929779,30.0,25.0,30,energetic,2026-03-19 07:27:00+00:00,4761.32,timeout,8.549999999999272,energetic,energetic
-1,2026-03-19 07:45:00+00:00,4739.46,4764.46,4701.43,2026-03-19 08:30:00+00:00,2,0,0.5390511751174927,0.2781943678855896,30.0,25.0,30,energetic,2026-03-19 08:14:00+00:00,4701.43,target_hit,38.029999999999745,energetic,energetic
-1,2026-03-19 08:23:00+00:00,4733.51,4758.51,4703.51,2026-03-19 08:53:00+00:00,0,0,0.5159445405006409,0.13658832013607025,30.0,25.0,30,energetic,2026-03-19 08:24:00+00:00,4731.2,pattern_priority,2.3100000000004,energetic,energetic
1,2026-03-19 09:14:00+00:00,4689.1,4664.1,4719.1,2026-03-19 09:44:00+00:00,0,0,0.6204234957695007,0.6717079281806946,30.0,25.0,30,energetic,2026-03-19 09:22:00+00:00,4719.1,target_hit,30.0,energetic,energetic
-1,2026-03-19 09:33:00+00:00,4722.86,4747.86,4668.94,2026-03-19 10:34:00+00:00,11,0,0.6679314970970154,0.31259021162986755,30.0,25.0,30,energetic,2026-03-19 10:17:00+00:00,4689.77,reverse_signal,33.089999999999236,energetic,energetic
1,2026-03-19 10:18:00+00:00,4689.85,4664.85,4719.85,2026-03-19 10:51:00+00:00,1,0,0.8014051914215088,0.7204099893569946,30.0,25.0,30,energetic,2026-03-19 10:25:00+00:00,4682.63,pattern_priority,-7.220000000000255,energetic,energetic
-1,2026-03-19 11:08:00+00:00,4686.89,4711.89,4641.18,2026-03-19 12:11:00+00:00,12,0,0.7442638278007507,0.20298010110855103,30.0,25.0,30,energetic,2026-03-19 11:46:00+00:00,4657.44,pattern_priority,29.450000000000728,energetic,energetic
-1,2026-03-19 15:57:00+00:00,4608.42,4633.42,4555.49,2026-03-19 17:13:00+00:00,21,0,0.8266705274581909,0.3066070079803467,30.0,25.0,30,energetic,2026-03-19 16:52:00+00:00,4578.72,pattern_priority,29.699999999999818,energetic,energetic
1,2026-03-19 17:09:00+00:00,4583.0,4558.0,4613.0,2026-03-19 17:39:00+00:00,0,0,0.5307902693748474,0.5870180726051331,30.0,25.0,30,energetic,2026-03-19 17:25:00+00:00,4613.0,target_hit,30.0,energetic,energetic
1,2026-03-19 17:31:00+00:00,4612.89,4587.89,4642.89,2026-03-19 18:01:00+00:00,0,0,0.5161437392234802,0.5634610056877136,30.0,25.0,30,energetic,2026-03-19 17:35:00+00:00,4600.97,pattern_priority,-11.920000000000073,energetic,energetic
-1,2026-03-19 17:53:00+00:00,4627.56,4652.56,4582.99,2026-03-19 18:47:00+00:00,3,0,0.6481773853302002,0.2588001787662506,30.0,25.0,30,energetic,2026-03-19 18:47:00+00:00,4611.91,timeout,15.650000000000546,energetic,energetic
-1,2026-03-19 19:01:00+00:00,4635.99,4660.99,4605.33,2026-03-19 19:40:00+00:00,6,0,0.5886367559432983,0.43551579117774963,30.0,25.0,30,energetic,2026-03-19 19:11:00+00:00,4660.99,stop_loss,-25.0,energetic,energetic
-1,2026-03-19 19:12:00+00:00,4660.5,4685.5,4627.07,2026-03-19 19:44:00+00:00,1,0,0.7974916100502014,0.3449997305870056,30.0,25.0,30,energetic,2026-03-19 19:16:00+00:00,4651.16,pattern_priority,9.340000000000146,energetic,energetic
1,2026-03-20 01:12:00+00:00,4659.05,4634.05,4689.05,2026-03-20 01:42:00+00:00,0,0,0.6614686846733093,0.6439234018325806,30.0,25.0,30,energetic,2026-03-20 01:12:00+00:00,4655.15,reverse_signal,-3.9000000000005457,energetic,energetic
-1,2026-03-20 01:13:00+00:00,4655.18,4680.18,4622.08,2026-03-20 01:44:00+00:00,1,0,0.6808469295501709,0.3965695798397064,30.0,25.0,30,energetic,2026-03-20 01:40:00+00:00,4680.18,stop_loss,-25.0,energetic,energetic
1,2026-03-20 13:12:00+00:00,4664.56,4639.56,4694.56,2026-03-20 13:43:00+00:00,2,0,0.5644593834877014,0.7878923416137695,30.0,25.0,30,energetic,2026-03-20 13:35:00+00:00,4639.56,stop_loss,-25.0,energetic,energetic
1,2026-03-20 13:37:00+00:00,4656.85,4631.85,4686.85,2026-03-20 14:07:00+00:00,0,0,0.6089639067649841,0.8260425329208374,30.0,25.0,30,energetic,2026-03-20 13:51:00+00:00,4631.85,stop_loss,-25.0,energetic,energetic
1,2026-03-20 13:52:00+00:00,4631.43,4606.43,4661.43,2026-03-20 14:22:00+00:00,0,0,0.6307703256607056,0.7669280767440796,30.0,25.0,30,energetic,2026-03-20 14:08:00+00:00,4606.43,stop_loss,-25.0,energetic,energetic
1,2026-03-20 14:09:00+00:00,4601.23,4576.23,4631.23,2026-03-20 14:44:00+00:00,2,0,0.5133419632911682,0.7329868674278259,30.0,25.0,30,energetic,2026-03-20 14:15:00+00:00,4576.23,stop_loss,-25.0,energetic,energetic
1,2026-03-20 14:16:00+00:00,4579.36,4554.36,4609.36,2026-03-20 14:49:00+00:00,3,0,0.764266312122345,0.8681984543800354,30.0,25.0,30,energetic,2026-03-20 14:21:00+00:00,4571.86,pattern_priority,-7.5,energetic,energetic
1,2026-03-20 14:42:00+00:00,4571.9,4546.9,4606.41,2026-03-20 15:19:00+00:00,5,0,0.8427140116691589,0.7442982792854309,30.0,25.0,30,energetic,2026-03-20 14:55:00+00:00,4560.97,pattern_priority,-10.929999999999382,energetic,energetic
1,2026-03-20 15:25:00+00:00,4561.6,4536.6,4601.63,2026-03-20 16:33:00+00:00,18,0,0.5043293833732605,0.7222645282745361,30.0,25.0,30,energetic,2026-03-20 16:19:00+00:00,4601.63,target_hit,40.029999999999745,energetic,energetic
1,2026-03-20 18:56:00+00:00,4485.67,4460.67,4543.19,2026-03-20 19:50:00+00:00,15,0,0.5806326866149902,0.8838796019554138,30.0,25.0,30,energetic,2026-03-20 19:50:00+00:00,4509.42,timeout,23.75,energetic,energetic
1,2026-03-20 20:06:00+00:00,4496.61,4471.61,4532.21,2026-03-20 20:39:00+00:00,1,0,0.5033056139945984,0.7949767112731934,30.0,25.0,30,energetic,2026-03-20 20:39:00+00:00,4502.71,timeout,6.100000000000364,energetic,energetic
-1,2026-03-22 22:02:00+00:00,4477.15,4502.15,4426.92,2026-03-22 22:36:00+00:00,4,0,0.6244319677352905,0.22889159619808197,30.0,25.0,30,energetic,2026-03-22 22:07:00+00:00,4502.15,stop_loss,-25.0,energetic,energetic
-1,2026-03-22 22:08:00+00:00,4505.12,4530.12,4475.12,2026-03-22 22:40:00+00:00,2,0,0.6505645513534546,0.38432246446609497,30.0,25.0,30,energetic,2026-03-22 22:11:00+00:00,4500.17,reverse_signal,4.949999999999818,energetic,energetic
1,2026-03-22 22:12:00+00:00,4500.0,4475.0,4530.0,2026-03-22 22:42:00+00:00,0,0,0.696574866771698,0.6233578324317932,30.0,25.0,30,energetic,2026-03-22 22:14:00+00:00,4507.4,reverse_signal,7.399999999999636,energetic,energetic
-1,2026-03-22 22:15:00+00:00,4507.96,4532.96,4477.96,2026-03-22 22:56:00+00:00,5,0,0.7832781076431274,0.35565185546875,30.0,25.0,30,energetic,2026-03-22 22:28:00+00:00,4532.96,stop_loss,-25.0,energetic,energetic
-1,2026-03-22 22:29:00+00:00,4532.88,4557.88,4502.88,2026-03-22 22:59:00+00:00,0,0,0.8814394474029541,0.36962899565696716,30.0,25.0,30,energetic,2026-03-22 22:32:00+00:00,4515.89,reverse_signal,16.98999999999978,energetic,energetic
1,2026-03-22 22:33:00+00:00,4515.94,4490.94,4545.94,2026-03-22 23:03:00+00:00,0,0,0.8144375085830688,0.6068581938743591,30.0,25.0,30,energetic,2026-03-22 22:36:00+00:00,4506.79,reverse_signal,-9.149999999999636,energetic,energetic
-1,2026-03-22 22:37:00+00:00,4507.1,4532.1,4477.01,2026-03-22 23:16:00+00:00,2,0,0.7749099135398865,0.43507203459739685,30.0,25.0,30,energetic,2026-03-22 23:12:00+00:00,4490.81,pattern_priority,16.289999999999964,energetic,energetic
1,2026-03-23 00:15:00+00:00,4436.96,4411.96,4466.96,2026-03-23 00:45:00+00:00,0,0,0.7826588749885559,0.7308511734008789,30.0,25.0,30,energetic,2026-03-23 00:15:00+00:00,4411.96,stop_loss,-25.0,energetic,energetic
1,2026-03-23 00:16:00+00:00,4416.43,4391.43,4462.29,2026-03-23 00:51:00+00:00,3,0,0.8853303790092468,0.9178023338317871,30.0,25.0,30,energetic,2026-03-23 00:24:00+00:00,4440.31,pattern_priority,23.88000000000011,energetic,energetic
1,2026-03-23 01:16:00+00:00,4424.89,4399.89,4454.89,2026-03-23 01:46:00+00:00,0,0,0.8027173280715942,0.7788716554641724,30.0,25.0,30,energetic,2026-03-23 01:18:00+00:00,4430.52,reverse_signal,5.630000000000109,energetic,energetic
-1,2026-03-23 01:19:00+00:00,4430.44,4455.44,4400.44,2026-03-23 01:49:00+00:00,0,0,0.7688114047050476,0.4067520201206207,30.0,25.0,30,energetic,2026-03-23 01:21:00+00:00,4423.16,pattern_priority,7.279999999999745,energetic,energetic
-1,2026-03-23 01:32:00+00:00,4444.81,4469.81,4414.81,2026-03-23 02:03:00+00:00,1,0,0.7704839110374451,0.27827024459838867,30.0,25.0,30,energetic,2026-03-23 01:35:00+00:00,4435.99,pattern_priority,8.820000000000618,energetic,energetic
1,2026-03-23 03:41:00+00:00,4338.63,4313.63,4368.63,2026-03-23 04:11:00+00:00,0,0,0.6230323314666748,0.6443362832069397,30.0,25.0,30,energetic,2026-03-23 04:00:00+00:00,4368.63,target_hit,30.0,energetic,energetic
1,2026-03-23 04:01:00+00:00,4368.3,4343.3,4400.1,2026-03-23 04:36:00+00:00,2,0,0.5524932742118835,0.6890013813972473,30.0,25.0,30,energetic,2026-03-23 04:36:00+00:00,4374.75,timeout,6.449999999999818,energetic,energetic
-1,2026-03-23 04:37:00+00:00,4374.73,4399.73,4344.73,2026-03-23 05:07:00+00:00,0,0,0.5365215539932251,0.4273189604282379,30.0,25.0,30,energetic,2026-03-23 04:52:00+00:00,4355.09,reverse_signal,19.639999999999418,energetic,energetic
1,2026-03-23 04:53:00+00:00,4355.3,4330.3,4404.6,2026-03-23 05:58:00+00:00,7,0,0.5576949119567871,0.7026206851005554,30.0,25.0,30,energetic,2026-03-23 05:30:00+00:00,4330.3,stop_loss,-25.0,energetic,energetic
1,2026-03-23 05:31:00+00:00,4331.92,4306.92,4361.92,2026-03-23 06:01:00+00:00,0,0,0.5611010789871216,0.5701338648796082,30.0,25.0,30,energetic,2026-03-23 05:42:00+00:00,4324.04,reverse_signal,-7.880000000000109,energetic,energetic
-1,2026-03-23 05:43:00+00:00,4323.98,4348.98,4293.98,2026-03-23 06:13:00+00:00,0,0,0.6334208250045776,0.4408307373523712,30.0,25.0,30,energetic,2026-03-23 05:52:00+00:00,4307.9,reverse_signal,16.079999999999927,energetic,energetic
1,2026-03-23 05:53:00+00:00,4307.96,4282.96,4349.79,2026-03-23 06:26:00+00:00,1,0,0.5035725831985474,0.5734139680862427,30.0,25.0,30,energetic,2026-03-23 06:02:00+00:00,4293.62,pattern_priority,-14.340000000000146,energetic,energetic
1,2026-03-23 06:33:00+00:00,4226.87,4201.87,4267.46,2026-03-23 07:12:00+00:00,5,0,0.8048656582832336,0.8986110687255859,30.0,25.0,30,energetic,2026-03-23 06:43:00+00:00,4201.87,stop_loss,-25.0,energetic,energetic
1,2026-03-23 06:44:00+00:00,4197.9,4172.9,4227.9,2026-03-23 07:16:00+00:00,3,0,0.8097906112670898,0.927337110042572,30.0,25.0,30,energetic,2026-03-23 06:47:00+00:00,4172.9,stop_loss,-25.0,energetic,energetic
1,2026-03-23 06:48:00+00:00,4170.75,4145.75,4222.52,2026-03-23 07:18:00+00:00,1,0,0.6712985038757324,0.9428034424781799,30.0,25.0,30,energetic,2026-03-23 06:50:00+00:00,4217.77,pattern_priority,47.02000000000044,energetic,energetic
1,2026-03-23 07:09:00+00:00,4144.16,4119.16,4174.16,2026-03-23 07:39:00+00:00,0,0,0.6845109462738037,0.9524174332618713,30.0,25.0,30,energetic,2026-03-23 07:10:00+00:00,4164.46,pattern_priority,20.300000000000182,energetic,energetic
1,2026-03-23 07:21:00+00:00,4111.46,4086.46,4152.27,2026-03-23 07:55:00+00:00,4,0,0.7947878837585449,0.9778427481651306,30.0,25.0,30,energetic,2026-03-23 07:29:00+00:00,4136.4,pattern_priority,24.9399999999996,energetic,energetic
1,2026-03-23 07:42:00+00:00,4202.63,4177.63,4232.63,2026-03-23 08:12:00+00:00,0,0,0.8393851518630981,0.9442675709724426,30.0,25.0,30,energetic,2026-03-23 07:43:00+00:00,4201.33,pattern_priority,-1.300000000000182,energetic,energetic
-1,2026-03-23 09:17:00+00:00,4288.06,4313.06,4254.89,2026-03-23 10:01:00+00:00,6,0,0.8320557475090027,0.2988755702972412,30.0,25.0,30,energetic,2026-03-23 09:33:00+00:00,4285.73,pattern_priority,2.3300000000008367,energetic,energetic
1,2026-03-23 09:42:00+00:00,4246.36,4221.36,4276.36,2026-03-23 10:16:00+00:00,3,0,0.5319631695747375,0.5902048945426941,30.0,25.0,30,energetic,2026-03-23 09:52:00+00:00,4243.42,reverse_signal,-2.9399999999996,energetic,energetic
-1,2026-03-23 09:53:00+00:00,4243.46,4268.46,4212.49,2026-03-23 10:26:00+00:00,2,0,0.7640707492828369,0.3133164048194885,30.0,25.0,30,energetic,2026-03-23 10:09:00+00:00,4262.08,reverse_signal,-18.61999999999989,energetic,energetic
1,2026-03-23 10:10:00+00:00,4262.6,4237.6,4303.93,2026-03-23 10:50:00+00:00,8,0,0.8071604371070862,0.657964289188385,30.0,25.0,30,energetic,2026-03-23 10:35:00+00:00,4266.02,reverse_signal,3.4200000000000728,energetic,energetic
-1,2026-03-23 10:36:00+00:00,4266.05,4291.05,4236.05,2026-03-23 11:06:00+00:00,0,0,0.7866009473800659,0.3515920042991638,30.0,25.0,30,energetic,2026-03-23 10:39:00+00:00,4246.94,pattern_priority,19.110000000000582,energetic,energetic
-1,2026-03-23 10:51:00+00:00,4276.98,4301.98,4246.98,2026-03-23 11:21:00+00:00,0,0,0.8689549565315247,0.4323338270187378,30.0,25.0,30,energetic,2026-03-23 10:59:00+00:00,4269.42,reverse_signal,7.559999999999491,energetic,energetic
1,2026-03-23 11:00:00+00:00,4269.35,4244.35,4299.35,2026-03-23 11:30:00+00:00,0,0,0.677550196647644,0.6071603298187256,30.0,25.0,30,energetic,2026-03-23 11:02:00+00:00,4289.34,pattern_priority,19.98999999999978,energetic,energetic
1,2026-03-23 11:06:00+00:00,4338.61,4313.61,4368.61,2026-03-23 11:36:00+00:00,0,0,0.867686927318573,0.6333891153335571,30.0,25.0,30,energetic,2026-03-23 11:06:00+00:00,4368.61,target_hit,30.0,energetic,energetic
-1,2026-03-23 11:07:00+00:00,4378.77,4403.77,4348.77,2026-03-23 11:37:00+00:00,0,0,0.8152564167976379,0.2962911128997803,30.0,25.0,30,energetic,2026-03-23 11:07:00+00:00,4403.77,stop_loss,-25.0,energetic,energetic
-1,2026-03-23 11:08:00+00:00,4416.92,4441.92,4386.92,2026-03-23 11:38:00+00:00,0,0,0.7518711090087891,0.1846923977136612,30.0,25.0,30,energetic,2026-03-23 11:08:00+00:00,4386.92,target_hit,30.0,energetic,energetic
-1,2026-03-23 11:09:00+00:00,4398.44,4423.44,4368.44,2026-03-23 11:39:00+00:00,1,0,0.7650431394577026,0.24229411780834198,30.0,25.0,30,energetic,2026-03-23 11:10:00+00:00,4423.44,stop_loss,-25.0,energetic,energetic
-1,2026-03-23 11:11:00+00:00,4438.05,4463.05,4408.05,2026-03-23 11:41:00+00:00,0,0,0.691038191318512,0.2154834270477295,30.0,25.0,30,energetic,2026-03-23 11:11:00+00:00,4463.05,stop_loss,-25.0,energetic,energetic
-1,2026-03-23 11:12:00+00:00,4428.83,4453.83,4398.83,2026-03-23 11:42:00+00:00,1,0,0.8215804696083069,0.22664271295070648,30.0,25.0,30,energetic,2026-03-23 11:14:00+00:00,4453.83,stop_loss,-25.0,energetic,energetic
-1,2026-03-23 11:15:00+00:00,4456.86,4481.86,4426.86,2026-03-23 11:45:00+00:00,0,0,0.799720048904419,0.21065662801265717,30.0,25.0,30,energetic,2026-03-23 11:15:00+00:00,4426.86,target_hit,30.0,energetic,energetic
-1,2026-03-23 11:16:00+00:00,4418.78,4443.78,4332.47,2026-03-23 12:22:00+00:00,28,0,0.7881386876106262,0.2109513282775879,30.0,25.0,30,energetic,2026-03-23 11:56:00+00:00,4377.98,pattern_priority,40.80000000000018,energetic,energetic
-1,2026-03-23 12:11:00+00:00,4374.94,4399.94,4333.29,2026-03-23 12:43:00+00:00,2,0,0.791153073310852,0.22018642723560333,30.0,25.0,30,energetic,2026-03-23 12:15:00+00:00,4365.89,pattern_priority,9.049999999999272,energetic,energetic
-1,2026-03-23 12:52:00+00:00,4474.44,4499.44,4423.52,2026-03-23 13:31:00+00:00,7,0,0.7512081265449524,0.15627457201480865,30.0,25.0,30,energetic,2026-03-23 13:03:00+00:00,4453.1,pattern_priority,21.339999999999236,energetic,energetic
-1,2026-03-23 13:21:00+00:00,4435.24,4460.24,4405.24,2026-03-23 13:51:00+00:00,0,0,0.6827544569969177,0.12331748753786087,30.0,25.0,30,energetic,2026-03-23 13:22:00+00:00,4422.41,pattern_priority,12.829999999999927,energetic,energetic
-1,2026-03-23 13:42:00+00:00,4442.08,4467.08,4412.08,2026-03-23 14:22:00+00:00,4,0,0.8301160335540771,0.11556082218885422,30.0,25.0,30,energetic,2026-03-23 13:53:00+00:00,4467.08,stop_loss,-25.0,energetic,energetic
-1,2026-03-23 13:54:00+00:00,4463.08,4488.08,4415.83,2026-03-23 14:27:00+00:00,3,0,0.823386013507843,0.0654788687825203,30.0,25.0,30,energetic,2026-03-23 14:00:00+00:00,4466.02,pattern_priority,-2.9400000000005093,energetic,energetic
-1,2026-03-23 14:25:00+00:00,4504.35,4529.35,4431.79,2026-03-23 15:42:00+00:00,39,0,0.8697770237922668,0.11042231321334839,30.0,25.0,30,energetic,2026-03-23 15:18:00+00:00,4431.79,target_hit,72.5600000000004,energetic,energetic
1,2026-03-23 15:56:00+00:00,4371.25,4346.25,4401.25,2026-03-23 16:26:00+00:00,1,0,0.6911805868148804,0.7444144487380981,30.0,25.0,30,energetic,2026-03-23 16:02:00+00:00,4375.15,pattern_priority,3.899999999999636,energetic,energetic
1,2026-03-23 16:06:00+00:00,4359.09,4334.09,4389.09,2026-03-23 16:36:00+00:00,0,0,0.5909051895141602,0.8937677145004272,30.0,25.0,30,energetic,2026-03-23 16:07:00+00:00,4372.5,pattern_priority,13.409999999999854,energetic,energetic
1,2026-03-23 16:26:00+00:00,4363.38,4338.38,4402.84,2026-03-23 17:01:00+00:00,4,0,0.6444595456123352,0.8212457299232483,30.0,25.0,30,energetic,2026-03-23 16:38:00+00:00,4380.28,reverse_signal,16.899999999999636,energetic,energetic
-1,2026-03-23 16:39:00+00:00,4380.25,4405.25,4346.15,2026-03-23 17:11:00+00:00,2,0,0.7093119025230408,0.41848286986351013,30.0,25.0,30,energetic,2026-03-23 16:47:00+00:00,4383.39,pattern_priority,-3.1400000000003274,energetic,energetic
-1,2026-03-23 17:10:00+00:00,4396.53,4421.53,4362.18,2026-03-23 17:46:00+00:00,3,0,0.7323368191719055,0.22545480728149414,30.0,25.0,30,energetic,2026-03-23 17:21:00+00:00,4395.4,pattern_priority,1.1300000000001091,energetic,energetic
-1,2026-03-23 17:32:00+00:00,4422.89,4447.89,4377.42,2026-03-23 18:47:00+00:00,19,0,0.7804939150810242,0.09388179332017899,30.0,25.0,30,energetic,2026-03-23 18:22:00+00:00,4411.05,pattern_priority,11.840000000000146,energetic,energetic
-1,2026-03-23 18:42:00+00:00,4455.35,4480.35,4419.25,2026-03-23 19:24:00+00:00,6,0,0.7275946140289307,0.15477126836776733,30.0,25.0,30,energetic,2026-03-23 19:13:00+00:00,4419.25,target_hit,36.100000000000364,energetic,energetic
-1,2026-03-23 22:04:00+00:00,4406.73,4431.73,4345.73,2026-03-23 23:01:00+00:00,11,0,0.5272647142410278,0.29614144563674927,30.0,25.0,30,energetic,2026-03-23 23:01:00+00:00,4427.6,timeout,-20.8700000000008,energetic,energetic
-1,2026-03-24 00:21:00+00:00,4405.17,4430.17,4375.17,2026-03-24 00:51:00+00:00,0,0,0.5448285341262817,0.1037672758102417,30.0,25.0,30,energetic,2026-03-24 00:28:00+00:00,4375.17,target_hit,30.0,energetic,energetic
1,2026-03-24 00:41:00+00:00,4343.86,4318.86,4389.0,2026-03-24 01:16:00+00:00,4,0,0.822517454624176,0.892267644405365,30.0,25.0,30,energetic,2026-03-24 00:48:00+00:00,4364.17,pattern_priority,20.3100000000004,energetic,energetic
-1,2026-03-24 02:33:00+00:00,4364.56,4389.56,4332.56,2026-03-24 03:18:00+00:00,4,0,0.6877521872520447,0.4318048059940338,30.0,25.0,30,energetic,2026-03-24 02:51:00+00:00,4355.66,pattern_priority,8.900000000000546,energetic,energetic
-1,2026-03-24 04:23:00+00:00,4332.09,4357.09,4302.09,2026-03-24 04:53:00+00:00,0,0,0.5024580955505371,0.4341464340686798,30.0,25.0,30,energetic,2026-03-24 04:53:00+00:00,4347.23,timeout,-15.139999999999418,energetic,energetic
1,2026-03-24 05:17:00+00:00,4340.96,4315.96,4397.97,2026-03-24 06:15:00+00:00,7,0,0.51694655418396,0.6192526817321777,30.0,25.0,30,energetic,2026-03-24 05:46:00+00:00,4363.32,reverse_signal,22.359999999999673,energetic,energetic
-1,2026-03-24 05:47:00+00:00,4363.33,4388.33,4333.33,2026-03-24 06:17:00+00:00,1,0,0.5795114040374756,0.42825576663017273,30.0,25.0,30,energetic,2026-03-24 05:57:00+00:00,4346.21,pattern_priority,17.11999999999989,energetic,energetic
-1,2026-03-24 06:26:00+00:00,4393.28,4418.28,4354.57,2026-03-24 07:07:00+00:00,2,0,0.5729518532752991,0.1338328719139099,30.0,25.0,30,energetic,2026-03-24 06:39:00+00:00,4392.97,pattern_priority,0.3099999999994907,energetic,energetic
-1,2026-03-24 11:04:00+00:00,4414.94,4439.94,4375.13,2026-03-24 11:48:00+00:00,1,0,0.5245605111122131,0.13958601653575897,30.0,25.0,30,energetic,2026-03-24 11:23:00+00:00,4413.83,pattern_priority,1.1099999999996726,energetic,energetic
-1,2026-03-24 11:54:00+00:00,4391.9,4416.9,4361.9,2026-03-24 12:24:00+00:00,0,0,0.6096990704536438,0.30117133259773254,30.0,25.0,30,energetic,2026-03-24 11:57:00+00:00,4403.83,pattern_priority,-11.930000000000291,energetic,energetic
-1,2026-03-24 12:25:00+00:00,4400.99,4425.99,4370.99,2026-03-24 12:55:00+00:00,0,0,0.657703161239624,0.17485709488391876,30.0,25.0,30,energetic,2026-03-24 12:29:00+00:00,4402.96,pattern_priority,-1.9700000000002547,energetic,energetic
-1,2026-03-24 12:34:00+00:00,4377.72,4402.72,4347.72,2026-03-24 13:04:00+00:00,0,0,0.5590158700942993,0.3660076856613159,30.0,25.0,30,energetic,2026-03-24 12:35:00+00:00,4388.86,pattern_priority,-11.139999999999418,energetic,energetic
-1,2026-03-24 14:53:00+00:00,4422.19,4447.19,4391.78,2026-03-24 15:25:00+00:00,3,0,0.5715844035148621,0.0976022407412529,30.0,25.0,30,energetic,2026-03-24 15:18:00+00:00,4410.6,pattern_priority,11.589999999999236,energetic,energetic
1,2026-03-24 20:24:00+00:00,4436.63,4411.63,4466.63,2026-03-24 20:54:00+00:00,0,0,0.5222800970077515,0.5895652174949646,30.0,25.0,30,energetic,2026-03-24 20:24:00+00:00,4466.63,target_hit,30.0,energetic,energetic
1,2026-03-24 20:26:00+00:00,4475.29,4450.29,4505.29,2026-03-24 20:58:00+00:00,1,0,0.6369270086288452,0.6207590103149414,30.0,25.0,30,energetic,2026-03-24 20:29:00+00:00,4450.29,stop_loss,-25.0,energetic,energetic
1,2026-03-24 22:06:00+00:00,4485.43,4460.43,4515.43,2026-03-24 22:36:00+00:00,0,0,0.6200282573699951,0.6992225646972656,30.0,25.0,30,energetic,2026-03-24 22:30:00+00:00,4460.43,stop_loss,-25.0,energetic,energetic
1,2026-03-24 23:40:00+00:00,4546.32,4521.32,4576.32,2026-03-25 00:10:00+00:00,1,0,0.5804427862167358,0.6242509484291077,30.0,25.0,30,energetic,2026-03-24 23:42:00+00:00,4536.94,pattern_priority,-9.38000000000011,energetic,energetic
-1,2026-03-25 11:24:00+00:00,4581.6,4606.6,4551.6,2026-03-25 11:54:00+00:00,0,0,0.6396589875221252,0.33530211448669434,30.0,25.0,30,energetic,2026-03-25 11:31:00+00:00,4582.79,pattern_priority,-1.1899999999995998,energetic,energetic
-1,2026-03-25 12:29:00+00:00,4542.28,4567.28,4512.28,2026-03-25 12:59:00+00:00,0,0,0.5123340487480164,0.2574741840362549,30.0,25.0,30,energetic,2026-03-25 12:59:00+00:00,4544.43,timeout,-2.1500000000005457,energetic,energetic
-1,2026-03-25 14:00:00+00:00,4544.84,4569.84,4512.28,2026-03-25 14:37:00+00:00,4,0,0.7136342525482178,0.2977885603904724,30.0,25.0,30,energetic,2026-03-25 14:27:00+00:00,4559.58,pattern_priority,-14.739999999999782,energetic,energetic
1,2026-03-25 20:41:00+00:00,4498.88,4473.88,4535.37,2026-03-25 21:11:00+00:00,1,0,0.5134506225585938,0.798460841178894,30.0,25.0,30,energetic,2026-03-25 22:01:00+00:00,4513.99,timeout,15.109999999999673,energetic,energetic
-1,2026-03-25 23:38:00+00:00,4491.89,4516.89,4461.89,2026-03-26 00:08:00+00:00,0,0,0.5539534687995911,0.06669513881206512,30.0,25.0,30,energetic,2026-03-25 23:40:00+00:00,4493.37,pattern_priority,-1.4799999999995634,energetic,energetic
-1,2026-03-26 05:54:00+00:00,4463.92,4488.92,4433.92,2026-03-26 06:24:00+00:00,0,0,0.560438334941864,0.22490891814231873,30.0,25.0,30,energetic,2026-03-26 05:58:00+00:00,4446.52,reverse_signal,17.399999999999636,energetic,energetic
1,2026-03-26 05:59:00+00:00,4446.5,4421.5,4476.5,2026-03-26 06:37:00+00:00,4,0,0.5142198801040649,0.6889817714691162,30.0,25.0,30,energetic,2026-03-26 06:10:00+00:00,4433.26,reverse_signal,-13.239999999999782,energetic,energetic
-1,2026-03-26 06:11:00+00:00,4432.81,4457.81,4402.81,2026-03-26 06:41:00+00:00,0,0,0.6082686185836792,0.43463581800460815,30.0,25.0,30,energetic,2026-03-26 06:41:00+00:00,4441.85,timeout,-9.039999999999964,energetic,energetic
-1,2026-03-26 08:16:00+00:00,4441.77,4466.77,4405.6,2026-03-26 08:47:00+00:00,2,0,0.6289463043212891,0.14410759508609772,30.0,25.0,30,energetic,2026-03-26 08:19:00+00:00,4443.2,pattern_priority,-1.4299999999993815,energetic,energetic
-1,2026-03-26 10:04:00+00:00,4419.62,4444.62,4389.62,2026-03-26 10:36:00+00:00,1,0,0.5358880162239075,0.21438919007778168,30.0,25.0,30,energetic,2026-03-26 10:26:00+00:00,4444.62,stop_loss,-25.0,energetic,energetic
-1,2026-03-26 10:41:00+00:00,4435.15,4460.15,4402.08,2026-03-26 11:12:00+00:00,1,0,0.5128918886184692,0.18501177430152893,30.0,25.0,30,energetic,2026-03-26 11:12:00+00:00,4442.44,timeout,-7.289999999999964,energetic,energetic
-1,2026-03-26 12:57:00+00:00,4429.77,4454.77,4399.77,2026-03-26 14:09:00+00:00,6,0,0.6439974904060364,0.16113625466823578,30.0,25.0,30,energetic,2026-03-26 13:42:00+00:00,4439.0,reverse_signal,-9.229999999999563,energetic,energetic
1,2026-03-26 13:43:00+00:00,4438.8,4413.8,4468.8,2026-03-26 14:13:00+00:00,0,0,0.6236176490783691,0.5548241138458252,30.0,25.0,30,energetic,2026-03-26 13:43:00+00:00,4443.52,reverse_signal,4.720000000000255,energetic,energetic
-1,2026-03-26 13:44:00+00:00,4443.7,4468.7,4413.7,2026-03-26 14:14:00+00:00,0,0,0.6765722036361694,0.43852776288986206,30.0,25.0,30,energetic,2026-03-26 14:11:00+00:00,4438.87,reverse_signal,4.829999999999927,energetic,energetic
1,2026-03-26 14:12:00+00:00,4438.79,4413.79,4468.79,2026-03-26 14:42:00+00:00,0,0,0.6985021829605103,0.6098979115486145,30.0,25.0,30,energetic,2026-03-26 14:12:00+00:00,4442.6,reverse_signal,3.8100000000004,energetic,energetic
-1,2026-03-26 14:13:00+00:00,4442.26,4467.26,4412.26,2026-03-26 14:45:00+00:00,1,0,0.5922256112098694,0.4356333613395691,30.0,25.0,30,energetic,2026-03-26 14:22:00+00:00,4467.26,stop_loss,-25.0,energetic,energetic
-1,2026-03-26 14:23:00+00:00,4469.08,4494.08,4419.34,2026-03-26 15:31:00+00:00,14,0,0.5277735590934753,0.24405135214328766,30.0,25.0,30,energetic,2026-03-26 15:31:00+00:00,4442.93,timeout,26.149999999999636,energetic,energetic
1,2026-03-26 16:31:00+00:00,4387.46,4362.46,4418.27,2026-03-26 17:10:00+00:00,3,0,0.5562052130699158,0.7634265422821045,30.0,25.0,30,energetic,2026-03-26 17:10:00+00:00,4396.27,timeout,8.8100000000004,energetic,energetic
-1,2026-03-26 20:15:00+00:00,4396.75,4421.75,4362.82,2026-03-26 20:52:00+00:00,4,0,0.5456034541130066,0.26675814390182495,30.0,25.0,30,energetic,2026-03-26 20:25:00+00:00,4399.85,pattern_priority,-3.100000000000364,energetic,energetic
-1,2026-03-26 20:52:00+00:00,4380.68,4405.68,4350.68,2026-03-26 21:22:00+00:00,0,0,0.5801172852516174,0.4057919383049011,30.0,25.0,30,energetic,2026-03-26 20:53:00+00:00,4376.74,reverse_signal,3.9400000000005093,energetic,energetic
1,2026-03-26 20:54:00+00:00,4376.79,4351.79,4406.79,2026-03-26 21:24:00+00:00,0,0,0.5553456544876099,0.5670323371887207,30.0,25.0,30,energetic,2026-03-26 22:01:00+00:00,4384.15,timeout,7.359999999999673,energetic,energetic
-1,2026-03-26 22:03:00+00:00,4387.56,4412.56,4357.56,2026-03-26 22:33:00+00:00,0,0,0.5566108822822571,0.22746539115905762,30.0,25.0,30,energetic,2026-03-26 22:33:00+00:00,4407.33,timeout,-19.769999999999527,energetic,energetic
-1,2026-03-27 14:13:00+00:00,4456.58,4481.58,4426.58,2026-03-27 15:17:00+00:00,4,0,0.6284254193305969,0.3044608533382416,30.0,25.0,30,energetic,2026-03-27 14:50:00+00:00,4481.58,stop_loss,-25.0,energetic,energetic
-1,2026-03-27 14:51:00+00:00,4484.05,4509.05,4454.05,2026-03-27 15:21:00+00:00,1,0,0.5136424899101257,0.2792808413505554,30.0,25.0,30,energetic,2026-03-27 14:55:00+00:00,4499.09,pattern_priority,-15.039999999999964,energetic,energetic
1,2026-03-29 22:13:00+00:00,4485.85,4460.85,4526.76,2026-03-29 22:47:00+00:00,3,0,0.6671000123023987,0.8033543825149536,30.0,25.0,30,energetic,2026-03-29 22:25:00+00:00,4504.37,pattern_priority,18.519999999999527,energetic,energetic
-1,2026-03-29 22:45:00+00:00,4493.71,4518.71,4440.27,2026-03-29 23:40:00+00:00,3,0,0.517487645149231,0.24633924663066864,30.0,25.0,30,energetic,2026-03-29 23:33:00+00:00,4461.41,pattern_priority,32.30000000000018,energetic,energetic
-1,2026-03-30 11:43:00+00:00,4546.92,4571.92,4516.92,2026-03-30 12:13:00+00:00,0,0,0.5813888907432556,0.18548902869224548,30.0,25.0,30,energetic,2026-03-30 11:47:00+00:00,4571.92,stop_loss,-25.0,energetic,energetic
-1,2026-03-30 12:31:00+00:00,4569.59,4594.59,4539.59,2026-03-30 13:01:00+00:00,0,0,0.5738086104393005,0.23303543031215668,30.0,25.0,30,energetic,2026-03-30 13:01:00+00:00,4573.98,timeout,-4.389999999999418,energetic,energetic
-1,2026-03-30 13:03:00+00:00,4576.58,4601.58,4534.78,2026-03-30 13:50:00+00:00,4,0,0.5961413383483887,0.4204179048538208,30.0,25.0,30,energetic,2026-03-30 13:35:00+00:00,4550.31,reverse_signal,26.269999999999527,energetic,energetic
1,2026-03-30 13:36:00+00:00,4549.94,4524.94,4579.94,2026-03-30 14:06:00+00:00,0,0,0.5313918590545654,0.5586082339286804,30.0,25.0,30,energetic,2026-03-30 13:58:00+00:00,4524.94,stop_loss,-25.0,energetic,energetic
-1,2026-03-30 14:22:00+00:00,4513.01,4538.01,4483.01,2026-03-30 14:52:00+00:00,0,0,0.5476202368736267,0.37191036343574524,30.0,25.0,30,energetic,2026-03-30 14:47:00+00:00,4538.01,stop_loss,-25.0,energetic,energetic
-1,2026-03-31 00:21:00+00:00,4491.15,4516.15,4456.26,2026-03-31 00:55:00+00:00,3,0,0.6889519095420837,0.2312576025724411,30.0,25.0,30,energetic,2026-03-31 00:34:00+00:00,4516.15,stop_loss,-25.0,energetic,energetic
-1,2026-03-31 13:59:00+00:00,4605.88,4630.88,4575.88,2026-03-31 14:29:00+00:00,0,0,0.5042100548744202,0.3697414994239807,30.0,25.0,30,energetic,2026-03-31 14:00:00+00:00,4616.66,reverse_signal,-10.779999999999745,energetic,energetic
1,2026-03-31 14:01:00+00:00,4616.54,4591.54,4651.58,2026-03-31 14:32:00+00:00,1,0,0.5402351021766663,0.6219013929367065,30.0,25.0,30,energetic,2026-03-31 14:17:00+00:00,4608.06,pattern_priority,-8.479999999999563,energetic,energetic
-1,2026-03-31 16:41:00+00:00,4639.6,4664.6,4609.6,2026-03-31 17:13:00+00:00,2,0,0.5549579858779907,0.29968029260635376,30.0,25.0,30,energetic,2026-03-31 17:02:00+00:00,4649.73,pattern_priority,-10.1299999999992,energetic,energetic
1,2026-04-01 01:02:00+00:00,4702.07,4677.07,4738.33,2026-04-01 01:35:00+00:00,3,0,0.5055384039878845,0.6654154658317566,30.0,25.0,30,energetic,2026-04-01 01:07:00+00:00,4699.69,pattern_priority,-2.380000000000109,energetic,energetic
-1,2026-04-01 12:45:00+00:00,4747.88,4772.88,4697.98,2026-04-01 13:22:00+00:00,2,0,0.5510774850845337,0.13816915452480316,30.0,25.0,30,energetic,2026-04-01 13:22:00+00:00,4733.16,timeout,14.720000000000255,energetic,energetic
-1,2026-04-01 14:01:00+00:00,4729.34,4754.34,4699.34,2026-04-01 14:41:00+00:00,1,0,0.5472890138626099,0.14002515375614166,30.0,25.0,30,energetic,2026-04-01 14:22:00+00:00,4754.34,stop_loss,-25.0,energetic,energetic
-1,2026-04-02 01:01:00+00:00,4772.38,4797.38,4707.42,2026-04-02 01:46:00+00:00,10,0,0.530487596988678,0.1574234962463379,30.0,25.0,30,energetic,2026-04-02 01:18:00+00:00,4730.56,pattern_priority,41.81999999999971,energetic,energetic
1,2026-04-02 01:33:00+00:00,4664.0,4639.0,4694.0,2026-04-02 02:03:00+00:00,0,0,0.8438851833343506,0.7905046939849854,30.0,25.0,30,energetic,2026-04-02 01:34:00+00:00,4682.78,pattern_priority,18.779999999999745,energetic,energetic
-1,2026-04-02 02:33:00+00:00,4672.19,4697.19,4638.96,2026-04-02 03:08:00+00:00,1,0,0.549858570098877,0.4483683109283447,30.0,25.0,30,energetic,2026-04-02 02:44:00+00:00,4676.21,pattern_priority,-4.020000000000437,energetic,energetic
-1,2026-04-02 05:31:00+00:00,4669.23,4694.23,4587.12,2026-04-02 06:16:00+00:00,6,0,0.6112958788871765,0.20753113925457,30.0,25.0,30,energetic,2026-04-02 05:49:00+00:00,4591.84,reverse_signal,77.38999999999942,energetic,energetic
1,2026-04-02 05:50:00+00:00,4591.48,4566.48,4630.71,2026-04-02 06:20:00+00:00,1,0,0.6099938154220581,0.6387020349502563,30.0,25.0,30,energetic,2026-04-02 05:52:00+00:00,4603.15,pattern_priority,11.670000000000073,energetic,energetic
-1,2026-04-02 06:45:00+00:00,4587.64,4612.64,4557.64,2026-04-02 07:29:00+00:00,4,0,0.5579115748405457,0.20772600173950195,30.0,25.0,30,energetic,2026-04-02 07:09:00+00:00,4612.64,stop_loss,-25.0,energetic,energetic
-1,2026-04-02 08:50:00+00:00,4627.42,4652.42,4589.18,2026-04-02 09:28:00+00:00,1,0,0.5630249381065369,0.38777098059654236,30.0,25.0,30,energetic,2026-04-02 09:28:00+00:00,4623.34,timeout,4.079999999999927,energetic,energetic
-1,2026-04-02 10:07:00+00:00,4628.66,4653.66,4598.66,2026-04-02 10:37:00+00:00,0,0,0.5459603667259216,0.19684314727783203,30.0,25.0,30,energetic,2026-04-02 10:37:00+00:00,4618.47,timeout,10.1899999999996,energetic,energetic
-1,2026-04-02 10:43:00+00:00,4627.03,4652.03,4594.27,2026-04-02 11:25:00+00:00,3,0,0.5719864368438721,0.41264551877975464,30.0,25.0,30,energetic,2026-04-02 11:25:00+00:00,4629.54,timeout,-2.5100000000002183,energetic,energetic
-1,2026-04-02 11:30:00+00:00,4614.82,4639.82,4584.82,2026-04-02 12:00:00+00:00,0,0,0.5078535079956055,0.4221728444099426,30.0,25.0,30,energetic,2026-04-02 11:31:00+00:00,4611.52,reverse_signal,3.2999999999992724,energetic,energetic
1,2026-04-02 11:32:00+00:00,4611.51,4586.51,4641.51,2026-04-02 12:12:00+00:00,1,0,0.574093222618103,0.5749709606170654,30.0,25.0,30,energetic,2026-04-02 11:53:00+00:00,4601.47,pattern_priority,-10.039999999999964,energetic,energetic
-1,2026-04-02 12:21:00+00:00,4615.27,4640.27,4585.27,2026-04-02 12:51:00+00:00,1,0,0.6368070840835571,0.2848874628543854,30.0,25.0,30,energetic,2026-04-02 12:51:00+00:00,4619.59,timeout,-4.319999999999709,energetic,energetic
-1,2026-04-02 12:54:00+00:00,4622.67,4647.67,4576.23,2026-04-02 13:28:00+00:00,2,0,0.5330566763877869,0.19256308674812317,30.0,25.0,30,energetic,2026-04-02 13:01:00+00:00,4596.91,pattern_priority,25.76000000000022,energetic,energetic
1,2026-04-02 13:06:00+00:00,4605.77,4580.77,4635.77,2026-04-02 13:38:00+00:00,1,0,0.8269635438919067,0.8497993350028992,30.0,25.0,30,energetic,2026-04-02 13:14:00+00:00,4587.37,pattern_priority,-18.400000000000546,energetic,energetic
1,2026-04-02 13:39:00+00:00,4597.2,4572.2,4632.19,2026-04-02 14:14:00+00:00,4,0,0.8044870495796204,0.7495560050010681,30.0,25.0,30,energetic,2026-04-02 13:48:00+00:00,4628.97,pattern_priority,31.770000000000437,energetic,energetic
-1,2026-04-02 14:53:00+00:00,4683.92,4708.92,4645.78,2026-04-02 15:43:00+00:00,8,0,0.736953616142273,0.24307169020175934,30.0,25.0,30,energetic,2026-04-02 15:20:00+00:00,4663.82,reverse_signal,20.100000000000364,energetic,energetic
1,2026-04-02 15:21:00+00:00,4664.27,4639.27,4704.64,2026-04-02 15:59:00+00:00,4,0,0.5376511216163635,0.7274262309074402,30.0,25.0,30,energetic,2026-04-02 15:59:00+00:00,4661.3,timeout,-2.9700000000002547,energetic,energetic
1,2026-04-05 22:07:00+00:00,4632.81,4607.81,4662.81,2026-04-05 22:42:00+00:00,3,0,0.6032562255859375,0.572300136089325,30.0,25.0,30,energetic,2026-04-05 22:42:00+00:00,4641.36,timeout,8.549999999999272,energetic,energetic
1,2026-04-05 22:54:00+00:00,4648.52,4623.52,4678.52,2026-04-05 23:24:00+00:00,0,0,0.7307867407798767,0.6934473514556885,30.0,25.0,30,energetic,2026-04-05 22:54:00+00:00,4623.52,stop_loss,-25.0,energetic,energetic
-1,2026-04-05 22:55:00+00:00,4631.43,4656.43,4601.43,2026-04-05 23:25:00+00:00,0,0,0.866125226020813,0.39503657817840576,30.0,25.0,30,energetic,2026-04-05 22:59:00+00:00,4645.56,pattern_priority,-14.13000000000011,energetic,energetic
-1,2026-04-06 14:05:00+00:00,4669.69,4694.69,4639.69,2026-04-06 14:35:00+00:00,0,0,0.5821166038513184,0.26012858748435974,30.0,25.0,30,energetic,2026-04-06 14:35:00+00:00,4694.69,stop_loss,-25.0,energetic,energetic
-1,2026-04-07 02:02:00+00:00,4626.2,4651.2,4596.2,2026-04-07 02:32:00+00:00,0,0,0.5012993216514587,0.28703945875167847,30.0,25.0,30,energetic,2026-04-07 02:32:00+00:00,4637.75,timeout,-11.550000000000182,energetic,energetic
-1,2026-04-07 05:31:00+00:00,4626.67,4651.67,4596.67,2026-04-07 06:16:00+00:00,3,0,0.7272132039070129,0.3381684422492981,30.0,25.0,30,energetic,2026-04-07 06:16:00+00:00,4645.82,timeout,-19.149999999999636,energetic,energetic
-1,2026-04-07 14:07:00+00:00,4610.09,4635.09,4579.96,2026-04-07 14:47:00+00:00,3,0,0.5641335844993591,0.1417611539363861,30.0,25.0,30,energetic,2026-04-07 14:23:00+00:00,4635.09,stop_loss,-25.0,energetic,energetic
1,2026-04-07 22:03:00+00:00,4737.38,4712.38,4767.38,2026-04-07 22:33:00+00:00,0,0,0.7464035749435425,0.7666817903518677,30.0,25.0,30,energetic,2026-04-07 22:04:00+00:00,4743.75,pattern_priority,6.369999999999891,energetic,energetic
1,2026-04-07 22:35:00+00:00,4761.81,4736.81,4809.15,2026-04-07 23:10:00+00:00,1,0,0.5355606079101562,0.6870152950286865,30.0,25.0,30,energetic,2026-04-07 22:42:00+00:00,4776.08,pattern_priority,14.269999999999527,energetic,energetic
-1,2026-04-08 00:01:00+00:00,4841.13,4866.13,4811.13,2026-04-08 00:33:00+00:00,2,0,0.5444343686103821,0.43086671829223633,30.0,25.0,30,energetic,2026-04-08 00:13:00+00:00,4839.87,pattern_priority,1.2600000000002183,energetic,energetic
-1,2026-04-08 13:35:00+00:00,4783.03,4808.03,4748.0,2026-04-08 14:08:00+00:00,1,0,0.5787121653556824,0.23143281042575836,30.0,25.0,30,energetic,2026-04-08 13:58:00+00:00,4779.69,pattern_priority,3.3400000000001455,energetic,energetic
1,2026-04-12 22:08:00+00:00,4678.58,4653.58,4709.27,2026-04-12 22:54:00+00:00,7,0,0.5400393009185791,0.8369244337081909,30.0,25.0,30,energetic,2026-04-12 22:25:00+00:00,4653.58,stop_loss,-25.0,energetic,energetic
1,2026-04-12 22:26:00+00:00,4650.73,4625.73,4685.58,2026-04-12 23:03:00+00:00,4,0,0.632858395576477,0.8284198641777039,30.0,25.0,30,energetic,2026-04-12 23:03:00+00:00,4659.95,timeout,9.220000000000255,energetic,energetic
-1,2026-04-14 10:42:00+00:00,4758.5,4783.5,4728.5,2026-04-14 11:12:00+00:00,0,0,0.5671762228012085,0.24714455008506775,30.0,25.0,30,energetic,2026-04-14 11:12:00+00:00,4776.5,timeout,-18.0,energetic,energetic
1,2026-04-19 22:07:00+00:00,4783.05,4758.05,4817.8,2026-04-19 22:40:00+00:00,1,0,0.5462947487831116,0.8044450283050537,30.0,25.0,30,energetic,2026-04-19 22:40:00+00:00,4783.31,timeout,0.2600000000002183,energetic,energetic
-1,2026-04-19 23:44:00+00:00,4750.77,4775.77,4715.71,2026-04-20 00:24:00+00:00,2,0,0.6181455254554749,0.24244630336761475,30.0,25.0,30,energetic,2026-04-20 00:24:00+00:00,4763.11,timeout,-12.339999999999236,energetic,energetic
1,2026-04-21 20:11:00+00:00,4693.69,4668.69,4723.69,2026-04-21 20:41:00+00:00,0,0,0.600477397441864,0.8866061568260193,30.0,25.0,30,energetic,2026-04-21 20:41:00+00:00,4712.2,timeout,18.51000000000022,energetic,energetic
-1,2026-04-28 11:37:00+00:00,4581.23,4606.23,4546.4,2026-04-28 12:07:00+00:00,1,0,0.5766330361366272,0.07059497386217117,30.0,25.0,30,energetic,2026-04-28 12:07:00+00:00,4570.39,timeout,10.839999999999236,energetic,energetic
-1,2026-04-28 13:32:00+00:00,4573.0,4598.0,4536.08,2026-04-28 14:36:00+00:00,6,0,0.5062565207481384,0.3505459129810333,30.0,25.0,30,energetic,2026-04-28 14:36:00+00:00,4565.24,timeout,7.760000000000218,energetic,energetic
-1,2026-04-28 14:42:00+00:00,4564.15,4589.15,4534.15,2026-04-28 15:12:00+00:00,0,0,0.5314177870750427,0.1051989272236824,30.0,25.0,30,energetic,2026-04-28 15:12:00+00:00,4574.68,timeout,-10.530000000000655,energetic,energetic
-1,2026-04-29 13:41:00+00:00,4518.8,4543.8,4488.8,2026-04-29 14:20:00+00:00,1,0,0.5433230400085449,0.06264191120862961,30.0,25.0,30,energetic,2026-04-29 14:20:00+00:00,4533.98,timeout,-15.179999999999382,energetic,energetic
1,2026-04-30 08:06:00+00:00,4622.79,4597.79,4652.79,2026-04-30 08:36:00+00:00,0,0,0.5187335014343262,0.7017360925674438,30.0,25.0,30,energetic,2026-04-30 08:36:00+00:00,4614.76,timeout,-8.029999999999745,energetic,energetic
-1,2026-05-06 08:51:00+00:00,4695.53,4720.53,4665.53,2026-05-06 09:21:00+00:00,0,0,0.5251074433326721,0.41146767139434814,30.0,25.0,30,energetic,2026-05-06 09:21:00+00:00,4696.04,timeout,-0.5100000000002183,energetic,energetic
-1,2026-05-06 13:16:00+00:00,4687.06,4712.06,4657.06,2026-05-06 14:04:00+00:00,2,0,0.5286606550216675,0.20298531651496887,30.0,25.0,30,energetic,2026-05-06 14:04:00+00:00,4706.08,timeout,-19.019999999999527,energetic,energetic
-1,2026-05-06 14:16:00+00:00,4717.05,4742.05,4687.05,2026-05-06 14:46:00+00:00,0,0,0.6202287673950195,0.385349839925766,30.0,25.0,30,energetic,2026-05-06 14:46:00+00:00,4709.52,timeout,7.529999999999745,energetic,energetic
1,2026-05-11 01:01:00+00:00,4677.96,4652.96,4707.96,2026-05-11 01:31:00+00:00,0,0,0.56732577085495,0.5692875981330872,30.0,25.0,30,energetic,2026-05-11 01:31:00+00:00,4694.37,timeout,16.409999999999854,energetic,energetic
-1,2026-05-15 00:26:00+00:00,4632.0,4657.0,4593.11,2026-05-15 01:03:00+00:00,2,0,0.5966727137565613,0.3426259458065033,30.0,25.0,30,energetic,2026-05-15 01:03:00+00:00,4626.23,timeout,5.770000000000437,energetic,energetic
1,2026-05-15 01:17:00+00:00,4619.33,4594.33,4649.33,2026-05-15 01:47:00+00:00,0,0,0.5336071252822876,0.5746814608573914,30.0,25.0,30,energetic,2026-05-15 01:47:00+00:00,4617.88,timeout,-1.449999999999818,energetic,energetic
-1,2026-05-15 05:19:00+00:00,4584.39,4609.39,4528.81,2026-05-15 06:29:00+00:00,12,0,0.5184284448623657,0.07721858471632004,30.0,25.0,30,energetic,2026-05-15 06:29:00+00:00,4575.19,timeout,9.200000000000728,energetic,energetic
-1,2026-05-15 13:13:00+00:00,4544.05,4569.05,4482.41,2026-05-15 14:30:00+00:00,8,0,0.5207083225250244,0.05124898627400398,30.0,25.0,30,energetic,2026-05-15 14:15:00+00:00,4545.66,pattern_priority,-1.6099999999996726,energetic,energetic
-1,2026-05-19 13:08:00+00:00,4516.96,4541.96,4462.48,2026-05-19 13:59:00+00:00,3,0,0.5248674154281616,0.2753193974494934,30.0,25.0,30,energetic,2026-05-19 13:31:00+00:00,4470.94,reverse_signal,46.02000000000044,energetic,energetic
1,2026-05-19 13:32:00+00:00,4471.12,4446.12,4512.9,2026-05-19 14:02:00+00:00,1,0,0.7352761030197144,0.7304186224937439,30.0,25.0,30,energetic,2026-05-19 13:36:00+00:00,4482.73,pattern_priority,11.609999999999673,energetic,energetic
-1,2026-05-19 13:56:00+00:00,4508.37,4533.37,4455.68,2026-05-19 14:51:00+00:00,6,0,0.5062434077262878,0.14699484407901764,30.0,25.0,30,energetic,2026-05-19 14:51:00+00:00,4492.16,timeout,16.210000000000036,energetic,energetic
-1,2026-05-20 01:30:00+00:00,4473.3,4498.3,4430.79,2026-05-20 02:08:00+00:00,3,0,0.5233856439590454,0.25514572858810425,30.0,25.0,30,energetic,2026-05-20 02:08:00+00:00,4481.23,timeout,-7.9299999999993815,energetic,energetic
-1,2026-05-26 11:37:00+00:00,4514.55,4539.55,4476.83,2026-05-26 12:12:00+00:00,2,0,0.5386768579483032,0.1087569072842598,30.0,25.0,30,energetic,2026-05-26 12:12:00+00:00,4511.5,timeout,3.050000000000182,energetic,energetic
-1,2026-05-27 13:01:00+00:00,4430.35,4455.35,4384.51,2026-05-27 13:39:00+00:00,6,0,0.502271831035614,0.12490130960941315,30.0,25.0,30,energetic,2026-05-27 13:11:00+00:00,4419.88,pattern_priority,10.470000000000255,energetic,energetic
-1,2026-05-27 13:31:00+00:00,4411.82,4436.82,4381.82,2026-05-27 14:01:00+00:00,1,0,0.658713161945343,0.12192369997501373,30.0,25.0,30,energetic,2026-05-27 14:01:00+00:00,4432.81,timeout,-20.99000000000069,energetic,energetic
1,2026-05-28 14:13:00+00:00,4454.49,4429.49,4484.49,2026-05-28 14:43:00+00:00,0,0,0.5174077153205872,0.6778479814529419,30.0,25.0,30,energetic,2026-05-28 14:15:00+00:00,4455.92,reverse_signal,1.430000000000291,energetic,energetic
-1,2026-05-28 14:16:00+00:00,4455.63,4480.63,4425.63,2026-05-28 14:46:00+00:00,0,0,0.5289767384529114,0.42929980158805847,30.0,25.0,30,energetic,2026-05-28 14:31:00+00:00,4463.72,pattern_priority,-8.090000000000146,energetic,energetic
-1,2026-06-03 13:43:00+00:00,4435.51,4460.51,4397.27,2026-06-03 14:15:00+00:00,2,0,0.6030176281929016,0.06618228554725647,30.0,25.0,30,energetic,2026-06-03 14:15:00+00:00,4453.22,timeout,-17.710000000000036,energetic,energetic
-1,2026-06-05 12:52:00+00:00,4427.83,4452.83,4386.96,2026-06-05 13:24:00+00:00,2,0,0.6090994477272034,0.3684951663017273,30.0,25.0,30,energetic,2026-06-05 13:01:00+00:00,4416.85,reverse_signal,10.979999999999563,energetic,energetic
1,2026-06-05 13:02:00+00:00,4416.87,4391.87,4446.87,2026-06-05 13:32:00+00:00,1,0,0.6856437921524048,0.6138352155685425,30.0,25.0,30,energetic,2026-06-05 13:06:00+00:00,4410.08,reverse_signal,-6.789999999999964,energetic,energetic
-1,2026-06-05 13:07:00+00:00,4410.36,4435.36,4349.51,2026-06-05 14:26:00+00:00,14,0,0.7546707987785339,0.30190104246139526,30.0,25.0,30,energetic,2026-06-05 13:59:00+00:00,4365.77,reverse_signal,44.589999999999236,energetic,energetic
1,2026-06-05 14:00:00+00:00,4365.74,4340.74,4408.09,2026-06-05 14:32:00+00:00,2,0,0.7315003871917725,0.6007483005523682,30.0,25.0,30,energetic,2026-06-05 14:04:00+00:00,4372.17,reverse_signal,6.430000000000291,energetic,energetic
-1,2026-06-05 14:05:00+00:00,4372.18,4397.18,4342.18,2026-06-05 14:35:00+00:00,0,0,0.609330952167511,0.42201894521713257,30.0,25.0,30,energetic,2026-06-05 14:06:00+00:00,4367.76,reverse_signal,4.420000000000073,energetic,energetic
1,2026-06-05 14:07:00+00:00,4367.67,4342.67,4397.67,2026-06-05 14:37:00+00:00,0,0,0.6633183360099792,0.6340406537055969,30.0,25.0,30,energetic,2026-06-05 14:11:00+00:00,4367.69,reverse_signal,0.019999999999527063,energetic,energetic
-1,2026-06-05 14:12:00+00:00,4367.7,4392.7,4324.24,2026-06-05 14:55:00+00:00,2,0,0.5125258564949036,0.381026029586792,30.0,25.0,30,energetic,2026-06-05 14:55:00+00:00,4365.01,timeout,2.6899999999996,energetic,energetic
-1,2026-06-08 01:32:00+00:00,4311.2,4336.2,4281.2,2026-06-08 02:04:00+00:00,1,0,0.5733044743537903,0.39290598034858704,30.0,25.0,30,energetic,2026-06-08 02:04:00+00:00,4323.06,timeout,-11.860000000000582,energetic,energetic
-1,2026-06-08 05:35:00+00:00,4286.84,4311.84,4244.58,2026-06-08 06:21:00+00:00,6,0,0.7152063250541687,0.0737396851181984,30.0,25.0,30,energetic,2026-06-08 06:21:00+00:00,4308.3,timeout,-21.460000000000036,energetic,energetic
1,2026-06-09 14:04:00+00:00,4327.87,4302.87,4357.87,2026-06-09 14:48:00+00:00,3,0,0.560649037361145,0.7481885552406311,30.0,25.0,30,energetic,2026-06-09 14:36:00+00:00,4306.47,reverse_signal,-21.399999999999636,energetic,energetic
-1,2026-06-09 14:37:00+00:00,4306.35,4331.35,4252.01,2026-06-09 15:16:00+00:00,3,0,0.5601681470870972,0.39257410168647766,30.0,25.0,30,energetic,2026-06-09 15:16:00+00:00,4295.19,timeout,11.160000000000764,energetic,energetic
-1,2026-06-10 01:02:00+00:00,4203.35,4228.35,4164.52,2026-06-10 01:37:00+00:00,1,0,0.5029353499412537,0.3523273468017578,30.0,25.0,30,energetic,2026-06-10 01:11:00+00:00,4201.18,reverse_signal,2.1700000000000728,energetic,energetic
1,2026-06-10 01:12:00+00:00,4200.94,4175.94,4233.82,2026-06-10 01:42:00+00:00,1,0,0.5192402601242065,0.6065510511398315,30.0,25.0,30,energetic,2026-06-10 01:42:00+00:00,4187.82,timeout,-13.11999999999989,energetic,energetic
-1,2026-06-10 08:09:00+00:00,4167.68,4192.68,4133.79,2026-06-10 08:43:00+00:00,1,0,0.5150079727172852,0.15973134338855743,30.0,25.0,30,energetic,2026-06-10 08:43:00+00:00,4177.0,timeout,-9.319999999999709,energetic,energetic
-1,2026-06-10 11:04:00+00:00,4162.29,4187.29,4107.27,2026-06-10 12:42:00+00:00,7,0,0.531805694103241,0.24224911630153656,30.0,25.0,30,energetic,2026-06-10 12:31:00+00:00,4155.96,pattern_priority,6.329999999999927,energetic,energetic
1,2026-06-10 12:57:00+00:00,4144.91,4119.91,4184.67,2026-06-10 13:31:00+00:00,1,0,0.640557587146759,0.6296949982643127,30.0,25.0,30,energetic,2026-06-10 13:15:00+00:00,4142.28,reverse_signal,-2.630000000000109,energetic,energetic
-1,2026-06-10 13:16:00+00:00,4141.98,4166.98,4105.79,2026-06-10 14:02:00+00:00,5,0,0.5216048359870911,0.1651972234249115,30.0,25.0,30,energetic,2026-06-10 13:38:00+00:00,4164.85,pattern_priority,-22.8700000000008,energetic,energetic
1,2026-06-10 15:03:00+00:00,4132.9,4107.9,4162.9,2026-06-10 15:33:00+00:00,1,0,0.5065305829048157,0.8054074048995972,30.0,25.0,30,energetic,2026-06-10 15:33:00+00:00,4124.4,timeout,-8.5,energetic,energetic
-1,2026-06-10 23:14:00+00:00,4024.57,4049.57,3994.57,2026-06-10 23:50:00+00:00,3,0,0.6998528242111206,0.3986365497112274,30.0,25.0,30,energetic,2026-06-10 23:25:00+00:00,4049.57,stop_loss,-25.0,energetic,energetic
-1,2026-06-11 00:01:00+00:00,4057.01,4082.01,4022.75,2026-06-11 00:32:00+00:00,1,0,0.5414432287216187,0.22778044641017914,30.0,25.0,30,energetic,2026-06-11 00:04:00+00:00,4044.02,pattern_priority,12.990000000000236,energetic,energetic
1,2026-06-11 13:46:00+00:00,4082.97,4057.97,4119.95,2026-06-11 14:35:00+00:00,3,0,0.5603638291358948,0.6442176103591919,30.0,25.0,30,energetic,2026-06-11 14:10:00+00:00,4057.97,stop_loss,-25.0,energetic,energetic
1,2026-06-11 14:11:00+00:00,4057.79,4032.79,4087.79,2026-06-11 14:42:00+00:00,1,0,0.5879291892051697,0.606643557548523,30.0,25.0,30,energetic,2026-06-11 14:14:00+00:00,4060.87,pattern_priority,3.0799999999999272,energetic,energetic
-1,2026-06-12 00:09:00+00:00,4216.69,4241.69,4179.71,2026-06-12 00:45:00+00:00,1,0,0.6537880301475525,0.3109016418457031,30.0,25.0,30,energetic,2026-06-12 00:45:00+00:00,4207.44,timeout,9.25,energetic,energetic
-1,2026-06-12 01:03:00+00:00,4191.96,4216.96,4158.17,2026-06-12 01:36:00+00:00,2,0,0.6403166651725769,0.3166325092315674,30.0,25.0,30,energetic,2026-06-12 01:08:00+00:00,4189.39,pattern_priority,2.569999999999709,energetic,energetic
-1,2026-06-12 14:10:00+00:00,4198.04,4223.04,4168.04,2026-06-12 14:40:00+00:00,0,0,0.5288307070732117,0.38250917196273804,30.0,25.0,30,energetic,2026-06-12 14:40:00+00:00,4192.03,timeout,6.010000000000218,energetic,energetic
1,2026-06-14 22:03:00+00:00,4288.83,4263.83,4335.77,2026-06-14 22:58:00+00:00,4,0,0.6695113778114319,0.7570127844810486,30.0,25.0,30,energetic,2026-06-14 22:58:00+00:00,4288.73,timeout,-0.1000000000003638,energetic,energetic
-1,2026-06-17 18:23:00+00:00,4298.41,4323.41,4249.96,2026-06-17 19:03:00+00:00,1,0,0.5003753304481506,0.36337578296661377,30.0,25.0,30,energetic,2026-06-17 18:35:00+00:00,4280.23,pattern_priority,18.18000000000029,energetic,energetic
-1,2026-06-17 18:37:00+00:00,4295.4,4320.4,4265.4,2026-06-17 19:07:00+00:00,0,0,0.5492760539054871,0.37755286693573,30.0,25.0,30,energetic,2026-06-17 18:39:00+00:00,4303.4,pattern_priority,-8.0,energetic,energetic
1,2026-06-17 18:48:00+00:00,4328.31,4303.31,4358.31,2026-06-17 19:18:00+00:00,0,0,0.518733024597168,0.5671799778938293,30.0,25.0,30,energetic,2026-06-17 18:55:00+00:00,4303.31,stop_loss,-25.0,energetic,energetic
-1,2026-06-17 18:56:00+00:00,4296.77,4321.77,4234.91,2026-06-17 19:44:00+00:00,6,0,0.5293962359428406,0.34705090522766113,30.0,25.0,30,energetic,2026-06-17 19:17:00+00:00,4243.7,reverse_signal,53.07000000000062,energetic,energetic
1,2026-06-17 19:18:00+00:00,4243.85,4218.85,4273.85,2026-06-17 20:04:00+00:00,7,0,0.554233193397522,0.7036297917366028,30.0,25.0,30,energetic,2026-06-17 19:38:00+00:00,4218.85,stop_loss,-25.0,energetic,energetic
1,2026-06-17 19:39:00+00:00,4220.07,4195.07,4260.77,2026-06-17 20:11:00+00:00,2,0,0.5759621858596802,0.6777664422988892,30.0,25.0,30,energetic,2026-06-17 20:11:00+00:00,4254.02,timeout,33.95000000000073,energetic,energetic
-1,2026-06-18 12:40:00+00:00,4242.46,4267.46,4212.46,2026-06-18 13:10:00+00:00,0,0,0.5424575209617615,0.32609519362449646,30.0,25.0,30,energetic,2026-06-18 13:10:00+00:00,4254.3,timeout,-11.840000000000146,energetic,energetic
-1,2026-06-18 14:30:00+00:00,4244.35,4269.35,4214.35,2026-06-18 15:00:00+00:00,0,0,0.5106399059295654,0.4078250527381897,30.0,25.0,30,energetic,2026-06-18 15:00:00+00:00,4254.73,timeout,-10.3799999999992,energetic,energetic
