{
  "weak_cell_definition": "cells with at least 5 trades and negative total_pnl in all.time_distribution.session_heatmaps; aggregate uses union of trades that fall into any weak cell",
  "weak_cells_count": 21,
  "baseline": {
    "trades": 1415,
    "total_pnl": 6504.070000000004,
    "avg_trade": 4.596515901060074,
    "avg_day": 91.60661971830991,
    "positive_days_pct": 67.6056338028169,
    "max_drawdown": -177.08999999999924
  },
  "removed_union": {
    "trades": 296,
    "total_pnl": -513.2200000000003,
    "avg_trade": -1.7338513513513523,
    "win_rate_pct": 37.16216216216216
  },
  "kept_direct_filter_only": {
    "trades": 1119,
    "total_pnl": 7017.2900000000045,
    "avg_trade": 6.271036639857019,
    "win_rate_pct": 50.04468275245755
  },
  "delta_kept_minus_baseline": {
    "trades": -296,
    "total_pnl": 513.2200000000003,
    "avg_trade": 1.6745207387969456
  },
  "filtered_csv": "/Users/alpha/Desktop/python/AlphaGold/runtime/_tmp_backtest_trades_best_base_without_weak_periods.csv"
}
