entry_time,exit_time,pnl,side,source,matched_pattern,pattern,exit_reason,entry_price,exit_price
2024-07-01 14:30:00+00:00,2024-07-01 14:45:00+00:00,30.0,1,long_retrace,,long_ret,tp,8165.0,8195.0
2024-07-02 15:00:00+00:00,2024-07-02 15:30:00+00:00,30.0,1,long_retrace,,long_ret,tp,8297.1,8327.1
2024-07-03 14:40:00+00:00,2024-07-03 16:10:00+00:00,10.699999999998909,-1,short_impulse,,si,timeout,,
2024-07-05 14:15:00+00:00,2024-07-05 14:30:00+00:00,-15.0,1,long_retrace,,long_ret,sl,8349.9,8334.9
2024-07-08 14:15:00+00:00,2024-07-08 15:30:00+00:00,-15.0,1,long_retrace,,long_ret,sl,8225.3,8210.3
2024-07-09 15:30:00+00:00,2024-07-09 15:45:00+00:00,30.0,-1,ret_short,,ret_short,tp,8142.6,8112.6
2024-07-10 13:45:00+00:00,2024-07-10 14:00:00+00:00,-15.0,-1,ret_short,,ret_short,sl,8074.8,8089.8
2024-07-11 13:45:00+00:00,2024-07-11 14:00:00+00:00,-15.0,1,long_retrace,,long_ret,sl,8126.6,8111.6
2024-07-11 14:15:00+00:00,2024-07-11 14:30:00+00:00,30.0,1,ret,,ret,tp,8118.9,8148.9
2024-07-11 14:30:00+00:00,2024-07-11 15:15:00+00:00,-15.0,1,long_retrace,,long_ret,sl,8178.8,8163.8
2024-07-11 15:15:00+00:00,2024-07-11 16:15:00+00:00,-15.0,1,ret,,ret,sl,8174.0,8159.0
2024-07-12 14:00:00+00:00,2024-07-12 14:30:00+00:00,-15.0,1,long_retrace,,long_ret,sl,8228.2,8213.2
2024-07-15 15:30:00+00:00,2024-07-15 15:45:00+00:00,-15.0,1,long_retrace,,long_ret,sl,8124.2,8109.2
2024-07-17 15:45:00+00:00,2024-07-17 18:30:00+00:00,-7.100000000000364,-1,ret_short,,ret_short,ny_close,8157.2,8164.3
2024-07-18 15:00:00+00:00,2024-07-18 15:15:00+00:00,30.0,1,long_retrace,,long_ret,tp,8120.7,8150.7
2024-07-18 15:15:00+00:00,2024-07-18 16:00:00+00:00,30.0,1,long_retrace,,long_ret,tp,8155.2,8185.2
2024-07-19 13:45:00+00:00,2024-07-19 14:15:00+00:00,30.0,-1,ret_short,,ret_short,tp,8103.6,8073.6
2024-07-19 14:30:00+00:00,2024-07-19 15:00:00+00:00,30.0,-1,ret_short,,ret_short,tp,8085.9,8055.9
2024-07-22 15:30:00+00:00,2024-07-22 18:00:00+00:00,30.0,-1,ret_short,,ret_short,tp,7837.4,7807.4
2024-07-23 16:00:00+00:00,2024-07-23 16:15:00+00:00,-15.0,1,long_retrace,,long_ret,sl,7686.9,7671.9
2024-07-23 16:15:00+00:00,2024-07-23 16:45:00+00:00,30.0,1,ret,,ret,tp,7667.0,7697.0
2024-07-24 15:38:00+00:00,2024-07-24 17:08:00+00:00,4.900000000000546,-1,short_impulse,,si,timeout,,
2024-07-25 14:00:00+00:00,2024-07-25 14:15:00+00:00,-15.0,-1,ret_short,,ret_short,sl,7657.6,7672.6
2024-07-25 14:45:00+00:00,2024-07-25 15:00:00+00:00,-15.0,-1,ret_short,,ret_short,sl,7715.4,7730.4
2024-07-25 15:15:00+00:00,2024-07-25 15:30:00+00:00,-15.0,-1,ret_short,,ret_short,sl,7760.9,7775.9
2024-07-25 15:45:00+00:00,2024-07-25 16:45:00+00:00,-15.0,-1,ret_short,,ret_short,sl,7799.0,7814.0
2024-07-26 15:30:00+00:00,2024-07-26 16:00:00+00:00,30.0,1,long_retrace,,long_ret,tp,7657.6,7687.6
2024-07-26 16:00:00+00:00,2024-07-26 16:30:00+00:00,-15.0,-1,ret_short,,ret_short,sl,7693.6,7708.6
2024-07-29 13:10:00+00:00,2024-07-29 13:36:00+00:00,-80.0,-1,short_impulse,,si,sl,,
2024-07-29 14:09:00+00:00,2024-07-29 15:00:00+00:00,120.0,-1,short_impulse,,si,tp,,
2024-07-30 13:00:00+00:00,2024-07-30 13:30:00+00:00,30.0,-1,ret_short,,ret_short,tp,7496.5,7466.5
2024-07-31 12:45:00+00:00,2024-07-31 13:00:00+00:00,-15.0,1,ret,,ret,sl,7673.7,7658.7
2024-07-31 14:00:00+00:00,2024-07-31 14:30:00+00:00,30.0,-1,ret_short,,ret_short,tp,7695.9,7665.9
2024-07-31 14:45:00+00:00,2024-07-31 15:00:00+00:00,-15.0,-1,ret_short,,ret_short,sl,7658.8,7673.8
2024-07-31 15:30:00+00:00,2024-07-31 16:30:00+00:00,30.0,1,long_retrace,,long_ret,tp,7702.6,7732.6
2024-08-02 14:45:00+00:00,2024-08-02 15:00:00+00:00,-15.0,1,long_retrace,,long_ret,sl,7344.9,7329.9
2024-08-05 12:15:00+00:00,2024-08-05 12:45:00+00:00,-15.0,-1,ret_short,,ret_short,sl,7190.4,7205.4
2024-08-05 15:00:00+00:00,2024-08-05 15:15:00+00:00,30.0,-1,ret_short,,ret_short,tp,7294.3,7264.3
2024-08-05 15:45:00+00:00,2024-08-05 16:00:00+00:00,-15.0,-1,ret_short,,ret_short,sl,7265.3,7280.3
2024-08-05 16:15:00+00:00,2024-08-05 16:30:00+00:00,30.0,-1,ret_short,,ret_short,tp,7310.9,7280.9
2024-08-06 10:15:00+00:00,2024-08-06 10:45:00+00:00,-15.0,-1,ret_short,,ret_short,sl,7288.9,7303.9
2024-08-06 12:15:00+00:00,2024-08-06 12:30:00+00:00,-15.0,1,long_retrace,,long_ret,sl,7213.9,7198.9
2024-08-06 12:30:00+00:00,2024-08-06 12:45:00+00:00,-15.0,1,ret,,ret,sl,7202.4,7187.4
2024-08-06 13:30:00+00:00,2024-08-06 13:45:00+00:00,30.0,1,long_retrace,,long_ret,tp,7251.5,7281.5
2024-08-06 13:45:00+00:00,2024-08-06 14:00:00+00:00,30.0,1,long_retrace,,long_ret,tp,7287.5,7317.5
2024-08-06 14:00:00+00:00,2024-08-06 14:15:00+00:00,-15.0,1,long_retrace,,long_ret,sl,7308.2,7293.2
2024-08-06 14:30:00+00:00,2024-08-06 14:45:00+00:00,-15.0,1,long_retrace,,long_ret,sl,7334.5,7319.5
2024-08-06 15:15:00+00:00,2024-08-06 15:30:00+00:00,-15.0,-1,ret_short,,ret_short,sl,7281.4,7296.4
2024-08-07 15:30:00+00:00,2024-08-07 16:00:00+00:00,-15.0,1,ret,,ret,sl,7492.9,7477.9
2024-08-08 08:15:00+00:00,2024-08-08 09:15:00+00:00,-15.0,1,ret,,ret,sl,7438.6,7423.6
2024-08-08 12:30:00+00:00,2024-08-08 13:00:00+00:00,-15.0,1,long_retrace,,long_ret,sl,7482.6,7467.6
2024-08-08 13:00:00+00:00,2024-08-08 13:15:00+00:00,-15.0,1,ret,,ret,sl,7471.6,7456.6
2024-08-08 14:00:00+00:00,2024-08-08 14:15:00+00:00,30.0,1,ret,,ret,tp,7454.2,7484.2
2024-08-09 14:00:00+00:00,2024-08-09 14:30:00+00:00,30.0,1,long_retrace,,long_ret,tp,7545.5,7575.5
2024-08-13 11:00:00+00:00,2024-08-13 12:00:00+00:00,30.0,-1,ret_short,,ret_short,tp,7854.5,7824.5
2024-08-13 14:30:00+00:00,2024-08-13 15:00:00+00:00,30.0,-1,ret_short,,ret_short,tp,7770.9,7740.9
2024-08-13 15:30:00+00:00,2024-08-13 16:00:00+00:00,30.0,-1,ret_short,,ret_short,tp,7734.6,7704.6
2024-08-14 14:31:00+00:00,2024-08-14 16:01:00+00:00,-0.0999999999994543,-1,short_impulse,,si,timeout,,
2024-08-15 13:00:00+00:00,2024-08-15 13:30:00+00:00,-15.0,-1,ret_short,,ret_short,sl,7691.6,7706.6
2024-08-15 13:45:00+00:00,2024-08-15 14:00:00+00:00,-15.0,1,ret,,ret,sl,7705.1,7690.1
2024-08-15 14:00:00+00:00,2024-08-15 14:30:00+00:00,30.0,1,ret,,ret,tp,7676.8,7706.8
2024-08-15 14:30:00+00:00,2024-08-15 15:15:00+00:00,-15.0,-1,ret_short,,ret_short,sl,7731.5,7746.5
2024-08-16 12:00:00+00:00,2024-08-16 12:45:00+00:00,30.0,1,long_retrace,,long_ret,tp,7516.3,7546.3
2024-08-16 13:15:00+00:00,2024-08-16 13:45:00+00:00,30.0,1,long_retrace,,long_ret,tp,7571.0,7601.0
2024-08-16 14:45:00+00:00,2024-08-16 15:15:00+00:00,-15.0,-1,ret_short,,ret_short,sl,7560.7,7575.7
2024-08-16 15:15:00+00:00,2024-08-16 15:30:00+00:00,-15.0,-1,ret_short,,ret_short,sl,7576.1,7591.1
2024-08-19 08:30:00+00:00,2024-08-19 09:15:00+00:00,30.0,-1,ret_short,,ret_short,tp,7523.2,7493.2
2024-08-19 14:45:00+00:00,2024-08-19 15:00:00+00:00,-15.0,-1,ret_short,,ret_short,sl,7522.3,7537.3
2024-08-20 08:45:00+00:00,2024-08-20 09:15:00+00:00,30.0,-1,ret_short,,ret_short,tp,7317.2,7287.2
2024-08-20 09:45:00+00:00,2024-08-20 10:00:00+00:00,-15.0,-1,ret_short,,ret_short,sl,7352.1,7367.1
2024-08-20 16:00:00+00:00,2024-08-20 16:30:00+00:00,30.0,-1,ret_short,,ret_short,tp,7351.4,7321.4
2024-08-21 14:52:00+00:00,2024-08-21 16:00:00+00:00,120.0,-1,short_impulse,,si,tp,,
2024-08-21 16:15:00+00:00,2024-08-21 16:30:00+00:00,-15.0,1,long_retrace,,long_ret,sl,7233.3,7218.3
2024-08-22 13:45:00+00:00,2024-08-22 14:00:00+00:00,-15.0,-1,ret_short,,ret_short,sl,7251.0,7266.0
2024-08-22 14:00:00+00:00,2024-08-22 14:15:00+00:00,30.0,-1,ret_short,,ret_short,tp,7267.9,7237.9
2024-08-22 14:15:00+00:00,2024-08-22 14:45:00+00:00,30.0,1,ret,,ret,tp,7244.9,7274.9
2024-08-22 14:45:00+00:00,2024-08-22 15:15:00+00:00,-15.0,-1,ret_short,,ret_short,sl,7297.7,7312.7
2024-08-23 14:30:00+00:00,2024-08-23 14:45:00+00:00,30.0,-1,ret_short,,ret_short,tp,7464.6,7434.6
2024-08-23 15:15:00+00:00,2024-08-23 15:30:00+00:00,-15.0,-1,ret_short,,ret_short,sl,7454.9,7469.9
2024-08-27 14:45:00+00:00,2024-08-27 15:00:00+00:00,-15.0,-1,ret_short,,ret_short,sl,7595.0,7610.0
2024-08-28 08:30:00+00:00,2024-08-28 09:00:00+00:00,-15.0,-1,ret_short,,ret_short,sl,7464.4,7479.4
2024-08-28 14:45:00+00:00,2024-08-28 15:00:00+00:00,-15.0,-1,ret_short,,ret_short,sl,7483.8,7498.8
2024-08-28 15:13:00+00:00,2024-08-28 16:43:00+00:00,30.699999999999815,-1,short_impulse,,si,timeout,,
2024-08-29 13:15:00+00:00,2024-08-29 13:30:00+00:00,-15.0,-1,ret_short,,ret_short,sl,7563.7,7578.7
2024-08-29 13:45:00+00:00,2024-08-29 14:00:00+00:00,-15.0,-1,ret_short,,ret_short,sl,7626.9,7641.9
2024-08-29 14:14:00+00:00,2024-08-29 15:44:00+00:00,90.80000000000018,-1,short_impulse,,si,timeout,,
2024-08-29 15:45:00+00:00,2024-08-29 16:15:00+00:00,30.0,1,long_retrace,,long_ret,tp,7534.2,7564.2
2024-08-30 13:45:00+00:00,2024-08-30 14:00:00+00:00,-15.0,1,ret,,ret,sl,7351.4,7336.4
2024-08-30 14:00:00+00:00,2024-08-30 14:30:00+00:00,-15.0,1,long_retrace,,long_ret,sl,7361.9,7346.9
2024-09-02 15:45:00+00:00,2024-09-02 22:00:00+00:00,62.60000000000037,-1,ret_short,,ret_short,ny_close,7384.5,7321.9
2024-09-03 14:30:00+00:00,2024-09-03 14:45:00+00:00,30.0,-1,ret_short,,ret_short,tp,7043.2,7013.2
2024-09-03 15:00:00+00:00,2024-09-03 15:15:00+00:00,30.0,-1,ret_short,,ret_short,tp,7056.8,7026.8
2024-09-03 15:30:00+00:00,2024-09-03 16:00:00+00:00,-15.0,-1,ret_short,,ret_short,sl,7029.7,7044.7
2024-09-04 10:45:00+00:00,2024-09-04 11:00:00+00:00,30.0,-1,ret_short,,ret_short,tp,7088.4,7058.4
2024-09-04 11:01:00+00:00,2024-09-04 12:31:00+00:00,70.89999999999964,-1,short_impulse,,si,timeout,,
2024-09-04 12:45:00+00:00,2024-09-04 13:00:00+00:00,30.0,-1,ret_short,,ret_short,tp,6992.4,6962.4
2024-09-04 13:00:00+00:00,2024-09-04 13:15:00+00:00,-15.0,1,ret,,ret,sl,6962.2,6947.2
2024-09-04 14:00:00+00:00,2024-09-04 14:15:00+00:00,-15.0,1,ret,,ret,sl,6920.3,6905.3
2024-09-04 14:30:00+00:00,2024-09-04 14:45:00+00:00,30.0,-1,ret_short,,ret_short,tp,7027.5,6997.5
2024-09-04 15:00:00+00:00,2024-09-04 15:15:00+00:00,30.0,-1,ret_short,,ret_short,tp,6984.9,6954.9
2024-09-04 15:30:00+00:00,2024-09-04 17:15:00+00:00,30.0,-1,ret_short,,ret_short,tp,6956.6,6926.6
2024-09-05 14:05:00+00:00,2024-09-05 15:35:00+00:00,25.900000000000546,-1,short_impulse,,si,timeout,,
2024-09-05 16:15:00+00:00,2024-09-05 16:45:00+00:00,30.0,-1,ret_short,,ret_short,tp,6914.3,6884.3
2024-09-06 08:45:00+00:00,2024-09-06 09:45:00+00:00,30.0,1,long_retrace,,long_ret,tp,6879.2,6909.2
2024-09-06 14:00:00+00:00,2024-09-06 14:15:00+00:00,-15.0,1,ret,,ret,sl,6925.7,6910.7
2024-09-09 13:45:00+00:00,2024-09-09 14:00:00+00:00,30.0,1,long_retrace,,long_ret,tp,6720.7,6750.7
2024-09-09 14:00:00+00:00,2024-09-09 14:15:00+00:00,-15.0,1,long_retrace,,long_ret,sl,6758.6,6743.6
2024-09-09 14:15:00+00:00,2024-09-09 14:30:00+00:00,30.0,1,long_retrace,,long_ret,tp,6769.6,6799.6
2024-09-09 14:45:00+00:00,2024-09-09 15:00:00+00:00,-15.0,1,long_retrace,,long_ret,sl,6798.2,6783.2
2024-09-09 15:00:00+00:00,2024-09-09 15:15:00+00:00,-15.0,1,ret,,ret,sl,6776.2,6761.2
2024-09-10 09:30:00+00:00,2024-09-10 13:30:00+00:00,29.100000000000364,1,wr90,,wr90,structure_change,6745.9,6775.0
2024-09-10 13:33:00+00:00,2024-09-10 14:07:00+00:00,120.0,-1,short_impulse,,si,tp,,
2024-09-11 08:30:00+00:00,2024-09-11 08:45:00+00:00,30.0,1,ret,,ret,tp,6637.1,6667.1
2024-09-11 13:00:00+00:00,2024-09-11 13:15:00+00:00,30.0,1,ret,,ret,tp,6637.1,6667.1
2024-09-11 15:00:00+00:00,2024-09-11 15:15:00+00:00,-15.0,1,long_retrace,,long_ret,sl,6605.0,6590.0
2024-09-12 14:15:00+00:00,2024-09-12 14:30:00+00:00,-15.0,1,ret,,ret,sl,6785.1,6770.1
2024-09-13 13:30:00+00:00,2024-09-13 13:45:00+00:00,30.0,1,long_retrace,,long_ret,tp,6896.8,6926.8
2024-09-16 13:15:00+00:00,2024-09-16 13:45:00+00:00,30.0,1,ret,,ret,tp,6915.9,6945.9
2024-09-18 15:15:00+00:00,2024-09-18 15:30:00+00:00,-15.0,1,ret,,ret,sl,6998.5,6983.5
2024-09-18 16:15:00+00:00,2024-09-18 16:45:00+00:00,30.0,1,ret,,ret,tp,6938.0,6968.0
2024-09-19 13:30:00+00:00,2024-09-19 13:45:00+00:00,-15.0,1,long_retrace,,long_ret,sl,7070.0,7055.0
2024-09-19 14:15:00+00:00,2024-09-19 14:30:00+00:00,-15.0,1,long_retrace,,long_ret,sl,7078.0,7063.0
2024-09-19 14:30:00+00:00,2024-09-19 14:45:00+00:00,-15.0,1,ret,,ret,sl,7059.0,7044.0
2024-09-19 15:00:00+00:00,2024-09-19 15:15:00+00:00,30.0,1,long_retrace,,long_ret,tp,7078.9,7108.9
2024-09-20 13:35:00+00:00,2024-09-20 15:05:00+00:00,-66.39999999999964,-1,short_impulse,,si,timeout,,
2024-09-23 07:30:00+00:00,2024-09-23 08:15:00+00:00,-15.0,1,long_retrace,,long_ret,sl,7106.5,7091.5
2024-09-23 14:42:00+00:00,2024-09-23 15:56:00+00:00,120.0,-1,short_impulse,,si,tp,,
2024-09-23 16:45:00+00:00,2024-09-23 18:30:00+00:00,38.10000000000037,1,wr90,,wr90,ny_close,6991.9,7030.0
2024-09-24 15:00:00+00:00,2024-09-24 15:30:00+00:00,-15.0,1,ret,,ret,sl,7122.9,7107.9
2024-09-24 15:45:00+00:00,2024-09-24 18:30:00+00:00,12.900000000000546,1,wr90,,wr90,ny_close,7139.2,7152.1
2024-09-25 12:30:00+00:00,2024-09-25 12:45:00+00:00,-15.0,-1,ret_short,,ret_short,sl,7011.4,7026.4
2024-09-25 13:00:00+00:00,2024-09-25 13:15:00+00:00,-15.0,-1,ret_short,,ret_short,sl,7033.4,7048.4
2024-09-25 13:30:00+00:00,2024-09-25 13:45:00+00:00,-15.0,-1,ret_short,,ret_short,sl,7062.4,7077.4
2024-09-25 14:30:00+00:00,2024-09-25 14:45:00+00:00,30.0,-1,ret_short,,ret_short,tp,7065.8,7035.8
2024-09-25 16:45:00+00:00,2024-09-25 17:15:00+00:00,30.0,-1,ret_short,,ret_short,tp,6973.6,6943.6
2024-09-26 07:45:00+00:00,2024-09-26 08:00:00+00:00,-15.0,-1,ret_short,,ret_short,sl,6808.8,6823.8
2024-09-26 08:45:00+00:00,2024-09-26 09:00:00+00:00,-15.0,-1,ret_short,,ret_short,sl,6817.1,6832.1
2024-09-26 09:30:00+00:00,2024-09-26 10:30:00+00:00,30.0,-1,ret_short,,ret_short,tp,6856.8,6826.8
2024-09-26 11:15:00+00:00,2024-09-26 11:45:00+00:00,30.0,-1,ret_short,,ret_short,tp,6779.2,6749.2
2024-09-26 12:30:00+00:00,2024-09-26 13:00:00+00:00,30.0,-1,ret_short,,ret_short,tp,6799.3,6769.3
2024-09-26 13:15:00+00:00,2024-09-26 13:30:00+00:00,30.0,-1,ret_short,,ret_short,tp,6745.0,6715.0
2024-09-26 13:45:00+00:00,2024-09-26 14:00:00+00:00,-15.0,-1,ret_short,,ret_short,sl,6729.4,6744.4
2024-09-26 14:00:00+00:00,2024-09-26 14:15:00+00:00,-15.0,-1,ret_short,,ret_short,sl,6743.4,6758.4
2024-09-26 14:15:00+00:00,2024-09-26 14:30:00+00:00,-15.0,-1,ret_short,,ret_short,sl,6785.7,6800.7
2024-09-26 14:45:00+00:00,2024-09-26 15:00:00+00:00,-15.0,-1,ret_short,,ret_short,sl,6798.3,6813.3
2024-09-26 15:15:00+00:00,2024-09-26 15:30:00+00:00,30.0,-1,ret_short,,ret_short,tp,6830.1,6800.1
2024-09-26 15:45:00+00:00,2024-09-26 16:15:00+00:00,30.0,-1,ret_short,,ret_short,tp,6816.9,6786.9
2024-09-27 08:00:00+00:00,2024-09-27 08:30:00+00:00,30.0,-1,ret_short,,ret_short,tp,6793.8,6763.8
2024-09-27 14:00:00+00:00,2024-09-27 14:15:00+00:00,-15.0,-1,ret_short,,ret_short,sl,6751.6,6766.6
2024-09-27 14:15:00+00:00,2024-09-27 14:30:00+00:00,-15.0,-1,ret_short,,ret_short,sl,6771.0,6786.0
2024-09-27 16:00:00+00:00,2024-09-27 16:15:00+00:00,30.0,-1,ret_short,,ret_short,tp,6831.6,6801.6
2024-09-27 16:26:00+00:00,2024-09-27 17:56:00+00:00,42.599999999999454,-1,short_impulse,,si,timeout,,
2024-09-30 10:30:00+00:00,2024-09-30 10:45:00+00:00,314.5,1,wr90,,wr90,swing_break,6810.8,7125.3
2024-09-30 14:30:00+00:00,2024-09-30 14:45:00+00:00,-15.0,-1,ret_short,,ret_short,sl,6843.6,6858.6
2024-09-30 14:45:00+00:00,2024-09-30 15:00:00+00:00,-15.0,-1,ret_short,,ret_short,sl,6862.3,6877.3
2024-10-01 09:30:00+00:00,2024-10-01 09:45:00+00:00,-15.0,-1,ret_short,,ret_short,sl,6681.9,6696.9
2024-10-01 10:00:00+00:00,2024-10-01 10:15:00+00:00,-15.0,-1,ret_short,,ret_short,sl,6733.3,6748.3
2024-10-01 10:30:00+00:00,2024-10-01 11:00:00+00:00,-15.0,-1,ret_short,,ret_short,sl,6761.2,6776.2
2024-10-01 12:15:00+00:00,2024-10-01 12:30:00+00:00,-15.0,1,ret,,ret,sl,6733.0,6718.0
2024-10-01 13:00:00+00:00,2024-10-01 13:15:00+00:00,-15.0,-1,ret_short,,ret_short,sl,6717.9,6732.9
2024-10-01 13:15:00+00:00,2024-10-01 13:30:00+00:00,-15.0,-1,ret_short,,ret_short,sl,6747.4,6762.4
2024-10-01 13:59:00+00:00,2024-10-01 15:09:00+00:00,-80.0,-1,short_impulse,,si,sl,,
2024-10-01 15:28:00+00:00,2024-10-01 16:58:00+00:00,-4.199999999999818,-1,short_impulse,,si,timeout,,
2024-10-01 16:59:00+00:00,2024-10-01 17:56:00+00:00,120.0,-1,short_impulse,,si,tp,,
2024-10-02 07:30:00+00:00,2024-10-02 07:45:00+00:00,30.0,-1,ret_short,,ret_short,tp,7159.6,7129.6
2024-10-02 07:45:00+00:00,2024-10-02 08:00:00+00:00,-15.0,1,ret,,ret,sl,7136.2,7121.2
2024-10-02 08:00:00+00:00,2024-10-02 08:15:00+00:00,30.0,1,ret,,ret,tp,7111.1,7141.1
2024-10-02 09:30:00+00:00,2024-10-02 10:00:00+00:00,30.0,1,ret,,ret,tp,7144.9,7174.9
2024-10-02 10:00:00+00:00,2024-10-02 10:45:00+00:00,-15.0,-1,ret_short,,ret_short,sl,7184.5,7199.5
2024-10-02 13:15:00+00:00,2024-10-02 13:30:00+00:00,-15.0,-1,ret_short,,ret_short,sl,7194.2,7209.2
2024-10-02 14:31:00+00:00,2024-10-02 15:18:00+00:00,120.0,-1,short_impulse,,si,tp,,
2024-10-02 16:00:00+00:00,2024-10-02 17:00:00+00:00,-15.0,1,long_retrace,,long_ret,sl,6997.0,6982.0
2024-10-03 09:00:00+00:00,2024-10-03 09:30:00+00:00,-15.0,-1,ret_short,,ret_short,sl,7081.6,7096.6
2024-10-03 09:45:00+00:00,2024-10-03 10:00:00+00:00,30.0,1,ret,,ret,tp,7113.3,7143.3
2024-10-03 10:00:00+00:00,2024-10-03 11:00:00+00:00,30.0,1,long_retrace,,long_ret,tp,7135.7,7165.7
2024-10-03 12:30:00+00:00,2024-10-03 13:00:00+00:00,30.0,1,long_retrace,,long_ret,tp,7143.0,7173.0
2024-10-03 14:22:00+00:00,2024-10-03 15:52:00+00:00,-4.600000000000364,-1,short_impulse,,si,timeout,,
2024-10-03 16:00:00+00:00,2024-10-03 16:30:00+00:00,-15.0,-1,ret_short,,ret_short,sl,7312.7,7327.7
2024-10-04 12:45:00+00:00,2024-10-04 13:00:00+00:00,-15.0,1,long_retrace,,long_ret,sl,7402.2,7387.2
2024-10-04 13:30:00+00:00,2024-10-04 14:00:00+00:00,30.0,1,ret,,ret,tp,7385.9,7415.9
2024-10-04 14:00:00+00:00,2024-10-04 14:30:00+00:00,-15.0,1,long_retrace,,long_ret,sl,7415.3,7400.3
2024-10-04 14:45:00+00:00,2024-10-04 15:00:00+00:00,30.0,1,ret,,ret,tp,7403.6,7433.6
2024-10-04 15:15:00+00:00,2024-10-04 15:30:00+00:00,30.0,1,ret,,ret,tp,7404.4,7434.4
2024-10-07 07:30:00+00:00,2024-10-07 08:00:00+00:00,-15.0,-1,ret_short,,ret_short,sl,7478.9,7493.9
2024-10-07 09:15:00+00:00,2024-10-07 09:45:00+00:00,30.0,-1,ret_short,,ret_short,tp,7573.6,7543.6
2024-10-07 13:00:00+00:00,2024-10-07 18:30:00+00:00,174.60000000000036,1,wr90,,wr90,ny_close,7512.4,7687.0
2024-10-08 08:30:00+00:00,2024-10-08 08:45:00+00:00,-15.0,1,long_retrace,,long_ret,sl,7529.7,7514.7
2024-10-08 15:30:00+00:00,2024-10-08 15:45:00+00:00,-15.0,-1,ret_short,,ret_short,sl,7328.5,7343.5
2024-10-09 07:45:00+00:00,2024-10-09 08:00:00+00:00,-15.0,1,long_retrace,,long_ret,sl,7372.3,7357.3
2024-10-09 10:30:00+00:00,2024-10-09 11:00:00+00:00,30.0,-1,ret_short,,ret_short,tp,7310.6,7280.6
2024-10-09 12:00:00+00:00,2024-10-09 12:15:00+00:00,30.0,-1,ret_short,,ret_short,tp,7332.1,7302.1
2024-10-09 13:45:00+00:00,2024-10-09 14:00:00+00:00,-15.0,-1,ret_short,,ret_short,sl,7174.6,7189.6
2024-10-09 14:30:00+00:00,2024-10-09 18:30:00+00:00,103.5,1,wr90,,wr90,ny_close,7193.8,7297.3
2024-10-10 12:00:00+00:00,2024-10-10 12:30:00+00:00,-15.0,1,long_retrace,,long_ret,sl,7376.3,7361.3
2024-10-10 13:15:00+00:00,2024-10-10 13:30:00+00:00,-15.0,1,long_retrace,,long_ret,sl,7385.9,7370.9
2024-10-10 13:45:00+00:00,2024-10-10 14:00:00+00:00,-15.0,1,long_retrace,,long_ret,sl,7382.8,7367.8
2024-10-10 14:00:00+00:00,2024-10-10 14:15:00+00:00,30.0,1,long_retrace,,long_ret,tp,7407.5,7437.5
2024-10-10 15:45:00+00:00,2024-10-10 16:00:00+00:00,-15.0,-1,ret_short,,ret_short,sl,7491.2,7506.2
2024-10-11 09:30:00+00:00,2024-10-11 10:00:00+00:00,30.0,-1,ret_short,,ret_short,tp,7492.2,7462.2
2024-10-11 13:30:00+00:00,2024-10-11 14:00:00+00:00,30.0,-1,ret_short,,ret_short,tp,7493.5,7463.5
2024-10-11 14:15:00+00:00,2024-10-11 14:45:00+00:00,-15.0,-1,ret_short,,ret_short,sl,7523.4,7538.4
2024-10-11 15:16:00+00:00,2024-10-11 16:46:00+00:00,3.300000000000182,-1,short_impulse,,si,timeout,,
2024-10-14 15:45:00+00:00,2024-10-14 16:30:00+00:00,-15.0,-1,ret_short,,ret_short,sl,7332.1,7347.1
2024-10-15 08:15:00+00:00,2024-10-15 09:00:00+00:00,30.0,-1,ret_short,,ret_short,tp,7030.7,7000.7
2024-10-15 10:00:00+00:00,2024-10-15 10:15:00+00:00,-15.0,-1,ret_short,,ret_short,sl,6965.9,6980.9
2024-10-15 13:45:00+00:00,2024-10-15 14:00:00+00:00,-15.0,-1,ret_short,,ret_short,sl,6994.3,7009.3
2024-10-15 16:00:00+00:00,2024-10-15 16:15:00+00:00,-15.0,-1,ret_short,,ret_short,sl,6963.9,6978.9
2024-10-15 16:15:00+00:00,2024-10-15 16:30:00+00:00,30.0,1,long_retrace,,long_ret,tp,6995.5,7025.5
2024-10-16 08:00:00+00:00,2024-10-16 08:15:00+00:00,-15.0,1,long_retrace,,long_ret,sl,7036.8,7021.8
2024-10-16 15:15:00+00:00,2024-10-16 15:45:00+00:00,-15.0,-1,ret_short,,ret_short,sl,6973.2,6988.2
2024-10-17 13:00:00+00:00,2024-10-17 13:15:00+00:00,-15.0,1,ret,,ret,sl,6988.2,6973.2
2024-10-17 13:30:00+00:00,2024-10-17 13:45:00+00:00,30.0,1,long_retrace,,long_ret,tp,6998.7,7028.7
2024-10-17 15:00:00+00:00,2024-10-17 15:15:00+00:00,-15.0,1,ret,,ret,sl,7000.7,6985.7
2024-10-18 09:00:00+00:00,2024-10-18 10:00:00+00:00,30.0,-1,ret_short,,ret_short,tp,7041.1,7011.1
2024-10-18 15:30:00+00:00,2024-10-18 16:00:00+00:00,30.0,1,long_retrace,,long_ret,tp,6853.5,6883.5
2024-10-18 16:00:00+00:00,2024-10-18 16:30:00+00:00,-15.0,1,long_retrace,,long_ret,sl,6932.5,6917.5
2024-10-22 09:15:00+00:00,2024-10-22 09:30:00+00:00,-15.0,-1,ret_short,,ret_short,sl,7064.4,7079.4
2024-10-22 14:30:00+00:00,2024-10-22 14:45:00+00:00,-15.0,-1,ret_short,,ret_short,sl,7114.1,7129.1
2024-10-22 15:15:00+00:00,2024-10-22 16:00:00+00:00,-15.0,-1,ret_short,,ret_short,sl,7173.0,7188.0
2024-10-23 16:45:00+00:00,2024-10-23 18:30:00+00:00,7.0,1,wr90,,wr90,ny_close,7063.6,7070.6
2024-10-24 12:00:00+00:00,2024-10-24 13:00:00+00:00,-15.0,1,long_retrace,,long_ret,sl,7120.2,7105.2
2024-10-24 16:15:00+00:00,2024-10-24 16:45:00+00:00,-30.0,1,wr90,,wr90,swing_break,7016.4,6986.4
2024-10-25 15:30:00+00:00,2024-10-25 16:00:00+00:00,30.0,-1,ret_short,,ret_short,tp,7168.1,7138.1
2024-10-28 15:45:00+00:00,2024-10-28 16:00:00+00:00,-15.0,-1,ret_short,,ret_short,sl,6784.0,6799.0
2024-10-29 13:45:00+00:00,2024-10-29 14:30:00+00:00,-15.0,1,long_retrace,,long_ret,sl,6752.1,6737.1
2024-10-29 15:30:00+00:00,2024-10-29 15:45:00+00:00,-15.0,-1,ret_short,,ret_short,sl,6683.2,6698.2
2024-10-29 15:45:00+00:00,2024-10-29 18:30:00+00:00,9.800000000000182,1,wr90,,wr90,ny_close,6703.4,6713.2
2024-10-30 14:00:00+00:00,2024-10-30 14:15:00+00:00,-15.0,1,long_retrace,,long_ret,sl,6817.1,6802.1
2024-11-01 14:45:00+00:00,2024-11-01 15:00:00+00:00,-15.0,1,long_retrace,,long_ret,sl,7020.0,7005.0
2024-11-04 14:30:00+00:00,2024-11-04 14:45:00+00:00,30.0,-1,ret_short,,ret_short,tp,7135.7,7105.7
2024-11-04 15:00:00+00:00,2024-11-04 15:30:00+00:00,-15.0,1,ret,,ret,sl,7089.9,7074.9
2024-11-06 10:30:00+00:00,2024-11-06 12:15:00+00:00,30.0,-1,ret_short,,ret_short,tp,7093.1,7063.1
2024-11-06 13:45:00+00:00,2024-11-06 16:15:00+00:00,206.69999999999985,1,wr90,,wr90,structure_change,6990.6,7197.3
2024-11-06 16:15:00+00:00,2024-11-06 16:30:00+00:00,30.0,-1,ret_short,,ret_short,tp,7197.3,7167.3
2024-11-07 12:00:00+00:00,2024-11-07 18:45:00+00:00,157.60000000000036,1,wr90,,wr90,structure_change,7075.4,7233.0
2024-11-08 15:30:00+00:00,2024-11-08 16:00:00+00:00,30.0,-1,ret_short,,ret_short,tp,7025.7,6995.7
2024-11-12 16:15:00+00:00,2024-11-12 18:45:00+00:00,-30.0,1,wr90,,wr90,swing_break,6831.1,6801.1
2024-11-13 14:15:00+00:00,2024-11-13 14:30:00+00:00,-15.0,1,ret,,ret,sl,6751.6,6736.6
2024-11-13 15:15:00+00:00,2024-11-13 18:00:00+00:00,105.19999999999982,1,wr90,,wr90,structure_change,6750.0,6855.2
2024-11-15 15:45:00+00:00,2024-11-15 16:00:00+00:00,-15.0,-1,ret_short,,ret_short,sl,6823.8,6838.8
2024-11-15 16:00:00+00:00,2024-11-15 16:30:00+00:00,30.0,-1,ret_short,,ret_short,tp,6840.1,6810.1
2024-11-18 08:45:00+00:00,2024-11-18 09:00:00+00:00,-15.0,1,long_retrace,,long_ret,sl,6693.1,6678.1
2024-11-19 15:32:00+00:00,2024-11-19 17:02:00+00:00,-30.799999999999272,-1,short_impulse,,si,timeout,,
2024-11-20 15:30:00+00:00,2024-11-20 17:30:00+00:00,-30.0,1,wr90,,wr90,swing_break,6926.4,6896.4
2024-11-21 14:36:00+00:00,2024-11-21 16:06:00+00:00,-33.600000000000364,-1,short_impulse,,si,timeout,,
2024-11-21 16:29:00+00:00,2024-11-21 17:59:00+00:00,31.100000000000364,-1,short_impulse,,si,timeout,,
2024-11-22 09:15:00+00:00,2024-11-22 10:00:00+00:00,-15.0,-1,ret_short,,ret_short,sl,7020.1,7035.1
2024-11-22 14:00:00+00:00,2024-11-22 14:30:00+00:00,-15.0,-1,ret_short,,ret_short,sl,7006.6,7021.6
2024-11-22 14:30:00+00:00,2024-11-22 14:45:00+00:00,-15.0,-1,ret_short,,ret_short,sl,7037.3,7052.3
2024-11-22 15:00:00+00:00,2024-11-22 15:30:00+00:00,-15.0,-1,ret_short,,ret_short,sl,7075.7,7090.7
2024-11-22 16:00:00+00:00,2024-11-22 17:00:00+00:00,30.0,1,ret,,ret,tp,7066.0,7096.0
2024-11-25 13:56:00+00:00,2024-11-25 15:26:00+00:00,108.89999999999964,-1,short_impulse,,si,timeout,,
2024-11-25 16:30:00+00:00,2024-11-25 16:45:00+00:00,-30.0,1,wr90,,wr90,swing_break,6944.4,6914.4
2024-11-26 14:46:00+00:00,2024-11-26 16:16:00+00:00,22.899999999999636,-1,short_impulse,,si,timeout,,
2024-11-29 16:30:00+00:00,2024-11-29 16:45:00+00:00,-15.0,1,ret,,ret,sl,6894.5,6879.5
2024-12-02 15:15:00+00:00,2024-12-02 15:30:00+00:00,30.0,-1,ret_short,,ret_short,tp,6861.5,6831.5
2024-12-02 17:30:00+00:00,2024-12-02 19:30:00+00:00,9.800000000000182,1,wr90,,wr90,ny_close,6789.8,6799.6
2024-12-05 11:41:00+00:00,2024-12-05 13:11:00+00:00,-39.80000000000018,-1,short_impulse,,si,timeout,,
2024-12-05 15:45:00+00:00,2024-12-05 16:15:00+00:00,30.0,-1,ret_short,,ret_short,tp,6863.5,6833.5
2024-12-05 16:30:00+00:00,2024-12-05 16:45:00+00:00,-15.0,-1,ret_short,,ret_short,sl,6826.0,6841.0
2024-12-11 15:30:00+00:00,2024-12-11 15:45:00+00:00,30.0,1,ret,,ret,tp,6888.9,6918.9
2024-12-12 16:30:00+00:00,2024-12-12 17:30:00+00:00,72.59999999999945,1,wr90,,wr90,structure_change,6924.8,6997.4
2024-12-18 14:45:00+00:00,2024-12-18 15:45:00+00:00,30.0,1,ret,,ret,tp,7028.6,7058.6
2024-12-30 16:30:00+00:00,2024-12-30 17:00:00+00:00,-15.0,-1,ret_short,,ret_short,sl,7099.4,7114.4
2025-01-06 16:00:00+00:00,2025-01-06 16:15:00+00:00,-15.0,1,long_retrace,,long_ret,sl,7390.5,7375.5
2025-01-10 09:15:00+00:00,2025-01-10 09:30:00+00:00,-15.0,-1,ret_short,,ret_short,sl,7490.5,7505.5
2025-01-10 12:00:00+00:00,2025-01-10 12:15:00+00:00,-15.0,1,ret,,ret,sl,7577.3,7562.3
2025-01-10 12:45:00+00:00,2025-01-10 13:15:00+00:00,-15.0,-1,ret_short,,ret_short,sl,7599.7,7614.7
2025-01-10 14:15:00+00:00,2025-01-10 14:30:00+00:00,30.0,-1,ret_short,,ret_short,tp,7703.4,7673.4
2025-01-10 14:30:00+00:00,2025-01-10 15:00:00+00:00,-15.0,1,ret,,ret,sl,7642.2,7627.2
2025-01-10 16:30:00+00:00,2025-01-10 19:30:00+00:00,75.40000000000055,1,wr90,,wr90,ny_close,7535.2,7610.6
2025-01-13 14:15:00+00:00,2025-01-13 15:15:00+00:00,30.0,1,long_retrace,,long_ret,tp,7685.3,7715.3
2025-01-13 15:15:00+00:00,2025-01-13 15:45:00+00:00,30.0,1,long_retrace,,long_ret,tp,7711.5,7741.5
2025-01-13 15:45:00+00:00,2025-01-13 16:00:00+00:00,30.0,1,long_retrace,,long_ret,tp,7744.0,7774.0
2025-01-13 16:15:00+00:00,2025-01-13 17:00:00+00:00,30.0,1,ret,,ret,tp,7761.3,7791.3
2025-01-13 17:45:00+00:00,2025-01-13 18:00:00+00:00,-15.0,-1,ret_short,,ret_short,sl,7779.9,7794.9
2025-01-14 14:09:00+00:00,2025-01-14 15:39:00+00:00,10.399999999999636,-1,short_impulse,,si,timeout,,
2025-01-15 09:30:00+00:00,2025-01-15 10:00:00+00:00,30.0,1,long_retrace,,long_ret,tp,7664.0,7694.0
2025-01-15 16:15:00+00:00,2025-01-15 16:30:00+00:00,30.0,-1,ret_short,,ret_short,tp,7840.7,7810.7
2025-01-15 16:45:00+00:00,2025-01-15 17:00:00+00:00,-15.0,-1,ret_short,,ret_short,sl,7834.9,7849.9
2025-01-15 17:15:00+00:00,2025-01-15 17:45:00+00:00,30.0,1,ret,,ret,tp,7828.0,7858.0
2025-01-16 15:45:00+00:00,2025-01-16 16:00:00+00:00,30.0,-1,ret_short,,ret_short,tp,7804.5,7774.5
2025-01-17 16:45:00+00:00,2025-01-17 17:00:00+00:00,-15.0,1,long_retrace,,long_ret,sl,7780.6,7765.6
2025-01-20 14:00:00+00:00,2025-01-20 14:30:00+00:00,-15.0,-1,ret_short,,ret_short,sl,7628.7,7643.7
2025-01-20 16:30:00+00:00,2025-01-21 01:00:00+00:00,62.599999999999454,1,wr90,,wr90,ny_close,7621.3,7683.9
2025-01-22 15:00:00+00:00,2025-01-22 15:15:00+00:00,-15.0,-1,ret_short,,ret_short,sl,7556.8,7571.8
2025-01-22 16:15:00+00:00,2025-01-22 16:45:00+00:00,-15.0,-1,ret_short,,ret_short,sl,7563.6,7578.6
2025-01-22 16:45:00+00:00,2025-01-22 17:00:00+00:00,-15.0,-1,ret_short,,ret_short,sl,7578.5,7593.5
2025-01-22 17:15:00+00:00,2025-01-22 18:00:00+00:00,30.0,-1,ret_short,,ret_short,tp,7599.3,7569.3
2025-01-23 16:45:00+00:00,2025-01-23 17:00:00+00:00,-15.0,-1,ret_short,,ret_short,sl,7471.4,7486.4
2025-01-23 17:30:00+00:00,2025-01-23 18:00:00+00:00,30.0,-1,ret_short,,ret_short,tp,7508.1,7478.1
2025-01-24 14:51:00+00:00,2025-01-24 16:21:00+00:00,26.400000000000546,-1,short_impulse,,si,timeout,,
2025-01-24 17:15:00+00:00,2025-01-24 19:30:00+00:00,18.399999999999636,1,wr90,,wr90,ny_close,7428.8,7447.2
2025-01-27 17:15:00+00:00,2025-01-27 19:30:00+00:00,26.099999999999454,1,wr90,,wr90,ny_close,7269.8,7295.9
2025-01-28 14:00:00+00:00,2025-01-28 14:15:00+00:00,-15.0,-1,ret_short,,ret_short,sl,7393.5,7408.5
2025-01-28 14:15:00+00:00,2025-01-28 14:30:00+00:00,-15.0,1,ret,,ret,sl,7377.0,7362.0
2025-01-28 14:32:00+00:00,2025-01-28 16:02:00+00:00,42.70000000000073,-1,short_impulse,,si,timeout,,
2025-01-29 15:00:00+00:00,2025-01-29 15:15:00+00:00,-15.0,1,long_retrace,,long_ret,sl,7337.5,7322.5
2025-01-29 15:15:00+00:00,2025-01-29 15:45:00+00:00,30.0,1,ret,,ret,tp,7315.4,7345.4
2025-01-29 16:30:00+00:00,2025-01-29 17:00:00+00:00,30.0,-1,ret_short,,ret_short,tp,7328.7,7298.7
2025-02-03 10:30:00+00:00,2025-02-03 10:45:00+00:00,-15.0,1,ret,,ret,sl,7365.1,7350.1
2025-02-03 13:05:00+00:00,2025-02-03 14:35:00+00:00,61.19999999999982,-1,short_impulse,,si,timeout,,
2025-02-03 15:45:00+00:00,2025-02-03 16:00:00+00:00,30.0,1,ret,,ret,tp,7215.2,7245.2
2025-02-03 16:00:00+00:00,2025-02-03 19:30:00+00:00,45.5,1,wr90,,wr90,ny_close,7234.8,7280.3
2025-02-04 15:00:00+00:00,2025-02-04 15:15:00+00:00,-15.0,-1,ret_short,,ret_short,sl,7274.7,7289.7
2025-02-04 15:15:00+00:00,2025-02-04 15:45:00+00:00,30.0,-1,ret_short,,ret_short,tp,7296.7,7266.7
2025-02-04 16:45:00+00:00,2025-02-04 17:15:00+00:00,30.0,-1,ret_short,,ret_short,tp,7268.5,7238.5
2025-02-06 15:00:00+00:00,2025-02-06 15:15:00+00:00,30.0,1,long_retrace,,long_ret,tp,7073.7,7103.7
2025-02-06 15:45:00+00:00,2025-02-06 16:00:00+00:00,-15.0,-1,ret_short,,ret_short,sl,7114.9,7129.9
2025-02-07 16:02:00+00:00,2025-02-07 17:32:00+00:00,-1.300000000000182,-1,short_impulse,,si,timeout,,
2025-02-11 15:30:00+00:00,2025-02-11 15:45:00+00:00,-15.0,1,long_retrace,,long_ret,sl,7302.0,7287.0
2025-02-13 11:00:00+00:00,2025-02-13 19:30:00+00:00,76.39999999999964,1,wr90,,wr90,ny_close,7044.8,7121.2
2025-02-14 12:00:00+00:00,2025-02-14 12:30:00+00:00,30.0,1,ret,,ret,tp,7154.7,7184.7
2025-02-18 14:15:00+00:00,2025-02-18 14:30:00+00:00,-15.0,1,long_retrace,,long_ret,sl,7152.5,7137.5
2025-02-18 14:30:00+00:00,2025-02-18 15:00:00+00:00,30.0,1,ret,,ret,tp,7125.0,7155.0
2025-02-26 16:00:00+00:00,2025-02-26 17:15:00+00:00,30.0,-1,ret_short,,ret_short,tp,6893.6,6863.6
2025-02-26 17:30:00+00:00,2025-02-26 17:45:00+00:00,-15.0,-1,ret_short,,ret_short,sl,6865.2,6880.2
2025-03-03 14:30:00+00:00,2025-03-03 14:45:00+00:00,-15.0,1,ret,,ret,sl,6972.3,6957.3
2025-03-04 13:00:00+00:00,2025-03-04 14:45:00+00:00,-30.0,1,wr90,,wr90,swing_break,6729.3,6699.3
2025-03-05 15:00:00+00:00,2025-03-05 15:30:00+00:00,30.0,-1,ret_short,,ret_short,tp,6604.1,6574.1
2025-03-05 17:00:00+00:00,2025-03-05 19:30:00+00:00,56.099999999999454,1,wr90,,wr90,ny_close,6549.8,6605.9
2025-03-06 09:00:00+00:00,2025-03-06 10:00:00+00:00,-15.0,1,long_retrace,,long_ret,sl,6640.0,6625.0
2025-03-06 15:08:00+00:00,2025-03-06 16:38:00+00:00,63.80000000000018,-1,short_impulse,,si,timeout,,
2025-03-06 17:00:00+00:00,2025-03-06 17:15:00+00:00,30.0,1,long_retrace,,long_ret,tp,6557.5,6587.5
2025-03-06 17:15:00+00:00,2025-03-06 17:30:00+00:00,-30.0,1,wr90,,wr90,swing_break,6612.2,6582.2
2025-03-06 17:45:00+00:00,2025-03-06 19:30:00+00:00,24.600000000000364,1,long_retrace,,long_ret,ny_close,6609.4,6634.0
2025-03-07 14:00:00+00:00,2025-03-07 14:15:00+00:00,30.0,1,long_retrace,,long_ret,tp,6705.9,6735.9
2025-03-07 17:00:00+00:00,2025-03-07 18:30:00+00:00,-15.0,1,ret,,ret,sl,6677.4,6662.4
2025-03-10 13:02:00+00:00,2025-03-10 14:32:00+00:00,79.89999999999964,-1,short_impulse,,si,timeout,,
2025-03-10 15:45:00+00:00,2025-03-10 16:00:00+00:00,-12.400000000000546,1,wr90,,wr90,swing_break,6641.6,6629.2
2025-03-12 13:53:00+00:00,2025-03-12 15:23:00+00:00,-19.800000000000185,-1,short_impulse,,si,timeout,,
2025-03-13 16:00:00+00:00,2025-03-13 16:30:00+00:00,-15.0,1,long_retrace,,long_ret,sl,6672.9,6657.9
2025-03-27 13:35:00+00:00,2025-03-27 15:05:00+00:00,-60.0,-1,short_impulse,,si,timeout,,
2025-03-28 16:30:00+00:00,2025-03-28 18:30:00+00:00,4.800000000000182,1,wr90,,wr90,ny_close,6912.8,6917.6
2025-03-31 08:00:00+00:00,2025-03-31 08:15:00+00:00,30.0,-1,ret_short,,ret_short,tp,6994.9,6964.9
2025-04-03 07:15:00+00:00,2025-04-03 07:30:00+00:00,-15.0,-1,ret_short,,ret_short,sl,6902.1,6917.1
2025-04-03 07:30:00+00:00,2025-04-03 07:45:00+00:00,-15.0,-1,ret_short,,ret_short,sl,6917.1,6932.1
2025-04-03 13:15:00+00:00,2025-04-03 13:30:00+00:00,-15.0,-1,ret_short,,ret_short,sl,6646.4,6661.4
2025-04-03 13:30:00+00:00,2025-04-03 13:45:00+00:00,30.0,-1,ret_short,,ret_short,tp,6683.0,6653.0
2025-04-03 15:15:00+00:00,2025-04-03 18:30:00+00:00,42.5,1,wr90,,wr90,ny_close,6625.6,6668.1
2025-04-04 09:30:00+00:00,2025-04-04 10:00:00+00:00,30.0,1,ret,,ret,tp,6428.5,6458.5
2025-04-04 11:45:00+00:00,2025-04-04 12:00:00+00:00,30.0,-1,ret_short,,ret_short,tp,6153.7,6123.7
2025-04-04 12:15:00+00:00,2025-04-04 12:30:00+00:00,-15.0,-1,ret_short,,ret_short,sl,6198.2,6213.2
2025-04-04 12:30:00+00:00,2025-04-04 12:45:00+00:00,-15.0,1,ret,,ret,sl,6183.7,6168.7
2025-04-04 12:45:00+00:00,2025-04-04 13:00:00+00:00,30.0,1,ret,,ret,tp,6169.2,6199.2
2025-04-04 14:45:00+00:00,2025-04-04 15:00:00+00:00,-15.0,-1,ret_short,,ret_short,sl,6109.0,6124.0
2025-04-07 10:00:00+00:00,2025-04-07 10:15:00+00:00,-15.0,-1,ret_short,,ret_short,sl,5991.2,6006.2
2025-04-07 10:30:00+00:00,2025-04-07 11:00:00+00:00,-15.0,-1,ret_short,,ret_short,sl,6019.4,6034.4
2025-04-07 11:15:00+00:00,2025-04-07 11:45:00+00:00,30.0,-1,ret_short,,ret_short,tp,6046.6,6016.6
2025-04-07 13:45:00+00:00,2025-04-07 14:00:00+00:00,-15.0,-1,ret_short,,ret_short,sl,6115.6,6130.6
2025-04-07 15:30:00+00:00,2025-04-07 15:45:00+00:00,30.0,-1,ret_short,,ret_short,tp,6081.7,6051.7
2025-04-07 16:15:00+00:00,2025-04-07 16:30:00+00:00,-15.0,-1,ret_short,,ret_short,sl,6073.2,6088.2
2025-04-08 08:15:00+00:00,2025-04-08 16:30:00+00:00,-30.0,1,wr90,,wr90,swing_break,6047.3,6017.3
2025-04-09 09:00:00+00:00,2025-04-09 09:15:00+00:00,30.0,-1,ret_short,,ret_short,tp,5762.8,5732.8
2025-04-09 12:00:00+00:00,2025-04-09 12:15:00+00:00,30.0,-1,ret_short,,ret_short,tp,5596.5,5566.5
2025-04-09 13:15:00+00:00,2025-04-09 13:30:00+00:00,-15.0,-1,ret_short,,ret_short,sl,5677.5,5692.5
2025-04-09 15:15:00+00:00,2025-04-09 15:30:00+00:00,-15.0,-1,ret_short,,ret_short,sl,5677.9,5692.9
2025-04-09 16:15:00+00:00,2025-04-09 16:30:00+00:00,-15.0,-1,ret_short,,ret_short,sl,5709.6,5724.6
2025-04-10 08:15:00+00:00,2025-04-10 08:30:00+00:00,-15.0,1,long_retrace,,long_ret,sl,6049.3,6034.3
2025-04-10 14:00:00+00:00,2025-04-10 14:15:00+00:00,-15.0,-1,ret_short,,ret_short,sl,5898.6,5913.6
2025-04-10 15:15:00+00:00,2025-04-10 15:30:00+00:00,-15.0,-1,ret_short,,ret_short,sl,5954.9,5969.9
2025-04-11 13:30:00+00:00,2025-04-11 14:00:00+00:00,-15.0,1,long_retrace,,long_ret,sl,5986.7,5971.7
2025-04-11 14:30:00+00:00,2025-04-11 14:45:00+00:00,-15.0,1,long_retrace,,long_ret,sl,5984.8,5969.8
2025-04-11 14:45:00+00:00,2025-04-11 15:00:00+00:00,30.0,1,ret,,ret,tp,5971.4,6001.4
2025-04-11 15:15:00+00:00,2025-04-11 15:45:00+00:00,30.0,1,long_retrace,,long_ret,tp,5992.3,6022.3
2025-04-14 16:30:00+00:00,2025-04-14 18:30:00+00:00,55.89999999999963,1,wr90,,wr90,ny_close,6058.5,6114.4
2025-04-16 08:30:00+00:00,2025-04-16 08:45:00+00:00,30.0,-1,ret_short,,ret_short,tp,6164.9,6134.9
2025-04-16 14:30:00+00:00,2025-04-16 15:00:00+00:00,30.0,-1,ret_short,,ret_short,tp,6219.3,6189.3
2025-04-17 16:30:00+00:00,2025-04-17 17:00:00+00:00,-15.0,1,ret,,ret,sl,6410.0,6395.0
2025-04-21 14:00:00+00:00,2025-04-21 14:15:00+00:00,30.0,-1,ret_short,,ret_short,tp,6243.9,6213.9
2025-04-23 13:15:00+00:00,2025-04-23 13:30:00+00:00,30.0,1,ret,,ret,tp,6312.5,6342.5
2025-04-23 13:40:00+00:00,2025-04-23 14:11:00+00:00,120.0,-1,short_impulse,,si,tp,,
2025-04-23 14:30:00+00:00,2025-04-23 14:45:00+00:00,30.0,-1,ret_short,,ret_short,tp,6258.0,6228.0
2025-04-23 16:15:00+00:00,2025-04-23 16:30:00+00:00,-15.0,-1,ret_short,,ret_short,sl,6234.9,6249.9
2025-04-24 15:00:00+00:00,2025-04-24 15:15:00+00:00,-15.0,1,ret,,ret,sl,6236.1,6221.1
2025-04-24 15:15:00+00:00,2025-04-24 16:15:00+00:00,30.0,1,ret,,ret,tp,6222.0,6252.0
2025-04-25 11:00:00+00:00,2025-04-25 11:30:00+00:00,-15.0,1,long_retrace,,long_ret,sl,6190.9,6175.9
2025-04-25 13:00:00+00:00,2025-04-25 18:30:00+00:00,80.70000000000073,1,wr90,,wr90,ny_close,6216.9,6297.6
2025-04-29 09:15:00+00:00,2025-04-29 09:30:00+00:00,-15.0,-1,ret_short,,ret_short,sl,6105.1,6120.1
2025-04-29 15:00:00+00:00,2025-04-29 15:15:00+00:00,-15.0,-1,ret_short,,ret_short,sl,6073.1,6088.1
2025-05-01 11:00:00+00:00,2025-05-01 18:30:00+00:00,238.90000000000057,1,wr90,,wr90,ny_close,5659.7,5898.6
2025-05-02 14:15:00+00:00,2025-05-02 14:45:00+00:00,30.0,-1,ret_short,,ret_short,tp,5840.8,5810.8
2025-05-02 15:15:00+00:00,2025-05-02 15:30:00+00:00,-15.0,1,ret,,ret,sl,5804.0,5789.0
2025-05-02 15:30:00+00:00,2025-05-02 15:45:00+00:00,30.0,1,ret,,ret,tp,5793.6,5823.6
2025-05-02 16:00:00+00:00,2025-05-02 16:30:00+00:00,30.0,1,ret,,ret,tp,5798.9,5828.9
2025-05-05 14:30:00+00:00,2025-05-05 15:00:00+00:00,30.0,-1,ret_short,,ret_short,tp,5672.4,5642.4
2025-05-05 15:45:00+00:00,2025-05-05 18:30:00+00:00,18.800000000000185,1,wr90,,wr90,ny_close,5668.8,5687.6
2025-05-06 13:51:00+00:00,2025-05-06 15:21:00+00:00,-41.0,-1,short_impulse,,si,timeout,,
2025-05-08 13:15:00+00:00,2025-05-08 13:30:00+00:00,30.0,1,ret,,ret,tp,5871.8,5901.8
2025-05-09 14:30:00+00:00,2025-05-09 18:30:00+00:00,44.599999999999454,1,wr90,,wr90,ny_close,6022.1,6066.7
2025-05-12 14:30:00+00:00,2025-05-12 15:00:00+00:00,-15.0,1,ret,,ret,sl,6222.4,6207.4
2025-05-13 14:34:00+00:00,2025-05-13 16:04:00+00:00,-62.79999999999927,-1,short_impulse,,si,timeout,,
2025-05-14 14:37:00+00:00,2025-05-14 16:07:00+00:00,-15.300000000000182,-1,short_impulse,,si,timeout,,
2025-05-15 07:15:00+00:00,2025-05-15 08:15:00+00:00,-15.0,-1,ret_short,,ret_short,sl,6077.7,6092.7
2025-05-15 13:45:00+00:00,2025-05-15 15:15:00+00:00,10.399999999999636,-1,short_impulse,,si,timeout,,
2025-05-15 15:15:00+00:00,2025-05-15 15:45:00+00:00,-15.0,-1,ret_short,,ret_short,sl,6093.1,6108.1
2025-05-16 09:00:00+00:00,2025-05-16 09:15:00+00:00,-15.0,1,long_retrace,,long_ret,sl,6123.6,6108.6
2025-05-19 16:45:00+00:00,2025-05-19 18:15:00+00:00,25.300000000000185,-1,short_impulse,,si,timeout,,
2025-05-21 14:15:00+00:00,2025-05-21 14:30:00+00:00,30.0,-1,ret_short,,ret_short,tp,6251.8,6221.8
2025-05-21 16:30:00+00:00,2025-05-21 16:45:00+00:00,-15.0,-1,ret_short,,ret_short,sl,6173.0,6188.0
2025-05-23 12:15:00+00:00,2025-05-23 12:30:00+00:00,-15.0,1,long_retrace,,long_ret,sl,6054.2,6039.2
2025-05-23 12:30:00+00:00,2025-05-23 13:00:00+00:00,-15.0,1,ret,,ret,sl,6042.2,6027.2
2025-05-23 13:00:00+00:00,2025-05-23 13:15:00+00:00,30.0,1,ret,,ret,tp,6027.0,6057.0
2025-05-23 13:15:00+00:00,2025-05-23 13:30:00+00:00,30.0,1,long_retrace,,long_ret,tp,6069.7,6099.7
2025-05-23 13:30:00+00:00,2025-05-23 13:45:00+00:00,-15.0,1,long_retrace,,long_ret,sl,6098.7,6083.7
2025-05-23 14:45:00+00:00,2025-05-23 15:15:00+00:00,30.0,1,ret,,ret,tp,6140.4,6170.4
2025-05-27 16:00:00+00:00,2025-05-27 18:30:00+00:00,25.5,1,wr90,,wr90,ny_close,6052.2,6077.7
2025-05-29 14:45:00+00:00,2025-05-29 17:45:00+00:00,-30.0,1,wr90,,wr90,swing_break,6093.1,6063.1
2025-05-30 11:57:00+00:00,2025-05-30 13:27:00+00:00,5.899999999999636,-1,short_impulse,,si,timeout,,
2025-05-30 13:45:00+00:00,2025-05-30 14:00:00+00:00,30.0,1,ret,,ret,tp,6001.9,6031.9
2025-05-30 14:15:00+00:00,2025-05-30 14:30:00+00:00,-15.0,-1,ret_short,,ret_short,sl,6030.2,6045.2
2025-05-30 16:30:00+00:00,2025-05-30 17:00:00+00:00,30.0,1,long_retrace,,long_ret,tp,5984.2,6014.2
2025-06-02 13:31:00+00:00,2025-06-02 15:01:00+00:00,27.800000000000185,-1,short_impulse,,si,timeout,,
2025-06-04 13:00:00+00:00,2025-06-04 13:30:00+00:00,-15.0,1,long_retrace,,long_ret,sl,6300.6,6285.6
2025-06-04 13:38:00+00:00,2025-06-04 15:08:00+00:00,11.699999999999818,-1,short_impulse,,si,timeout,,
2025-06-04 15:18:00+00:00,2025-06-04 16:48:00+00:00,-24.899999999999636,-1,short_impulse,,si,timeout,,
2025-06-06 14:16:00+00:00,2025-06-06 15:46:00+00:00,-44.60000000000037,-1,short_impulse,,si,timeout,,
2025-06-09 14:00:00+00:00,2025-06-09 18:30:00+00:00,48.30000000000018,1,wr90,,wr90,ny_close,6412.3,6460.6
2025-06-11 09:45:00+00:00,2025-06-11 10:00:00+00:00,-15.0,-1,ret_short,,ret_short,sl,6484.7,6499.7
2025-06-11 10:00:00+00:00,2025-06-11 11:45:00+00:00,-15.0,-1,ret_short,,ret_short,sl,6507.2,6522.2
2025-06-11 15:00:00+00:00,2025-06-11 15:15:00+00:00,30.0,1,ret,,ret,tp,6532.1,6562.1
2025-06-12 13:30:00+00:00,2025-06-12 14:00:00+00:00,30.0,1,long_retrace,,long_ret,tp,6637.4,6667.4
2025-06-12 16:00:00+00:00,2025-06-12 16:15:00+00:00,-15.0,1,ret,,ret,sl,6708.1,6693.1
2025-06-12 16:45:00+00:00,2025-06-12 18:15:00+00:00,-15.0,1,long_retrace,,long_ret,sl,6713.1,6698.1
2025-06-13 08:30:00+00:00,2025-06-13 08:45:00+00:00,-15.0,1,long_retrace,,long_ret,sl,7190.9,7175.9
2025-06-13 09:15:00+00:00,2025-06-13 09:30:00+00:00,30.0,1,ret,,ret,tp,7112.5,7142.5
2025-06-13 11:30:00+00:00,2025-06-13 11:45:00+00:00,-15.0,1,ret,,ret,sl,7157.8,7142.8
2025-06-13 11:45:00+00:00,2025-06-13 12:00:00+00:00,-15.0,-1,ret_short,,ret_short,sl,7178.8,7193.8
2025-06-13 12:30:00+00:00,2025-06-13 12:45:00+00:00,-15.0,-1,ret_short,,ret_short,sl,7226.2,7241.2
2025-06-13 13:45:00+00:00,2025-06-13 14:00:00+00:00,30.0,1,ret,,ret,tp,7121.3,7151.3
2025-06-13 14:00:00+00:00,2025-06-13 14:15:00+00:00,-15.0,-1,ret_short,,ret_short,sl,7146.0,7161.0
2025-06-13 14:15:00+00:00,2025-06-13 14:30:00+00:00,30.0,-1,ret_short,,ret_short,tp,7181.6,7151.6
2025-06-13 14:30:00+00:00,2025-06-13 14:45:00+00:00,-15.0,1,ret,,ret,sl,7139.9,7124.9
2025-06-13 15:00:00+00:00,2025-06-13 15:15:00+00:00,-15.0,-1,ret_short,,ret_short,sl,7089.1,7104.1
2025-06-13 16:00:00+00:00,2025-06-13 16:30:00+00:00,30.0,1,ret,,ret,tp,7051.7,7081.7
2025-06-13 16:30:00+00:00,2025-06-13 17:00:00+00:00,-15.0,-1,ret_short,,ret_short,sl,7088.2,7103.2
2025-06-16 08:30:00+00:00,2025-06-16 08:45:00+00:00,30.0,-1,ret_short,,ret_short,tp,7134.7,7104.7
2025-06-16 10:15:00+00:00,2025-06-16 10:45:00+00:00,-15.0,1,ret,,ret,sl,7108.3,7093.3
2025-06-16 11:00:00+00:00,2025-06-16 11:15:00+00:00,-15.0,-1,ret_short,,ret_short,sl,7082.4,7097.4
2025-06-16 13:00:00+00:00,2025-06-16 13:15:00+00:00,30.0,-1,ret_short,,ret_short,tp,7065.1,7035.1
2025-06-16 14:30:00+00:00,2025-06-16 14:45:00+00:00,-15.0,-1,ret_short,,ret_short,sl,6878.5,6893.5
2025-06-16 15:45:00+00:00,2025-06-16 16:00:00+00:00,30.0,-1,ret_short,,ret_short,tp,6989.4,6959.4
2025-06-17 07:00:00+00:00,2025-06-17 07:15:00+00:00,30.0,1,long_retrace,,long_ret,tp,7059.6,7089.6
2025-06-17 08:00:00+00:00,2025-06-17 08:15:00+00:00,-15.0,1,long_retrace,,long_ret,sl,7145.6,7130.6
2025-06-17 08:15:00+00:00,2025-06-17 08:45:00+00:00,-15.0,1,ret,,ret,sl,7124.0,7109.0
2025-06-17 11:30:00+00:00,2025-06-17 12:30:00+00:00,-15.0,1,ret,,ret,sl,7178.5,7163.5
2025-06-17 12:45:00+00:00,2025-06-17 13:00:00+00:00,30.0,1,long_retrace,,long_ret,tp,7157.4,7187.4
2025-06-17 14:00:00+00:00,2025-06-17 14:15:00+00:00,30.0,1,ret,,ret,tp,7206.6,7236.6
2025-06-17 15:15:00+00:00,2025-06-17 15:30:00+00:00,-15.0,1,long_retrace,,long_ret,sl,7245.5,7230.5
2025-06-18 10:00:00+00:00,2025-06-18 10:15:00+00:00,-15.0,1,long_retrace,,long_ret,sl,7315.9,7300.9
2025-06-18 11:00:00+00:00,2025-06-18 11:15:00+00:00,30.0,1,ret,,ret,tp,7333.6,7363.6
2025-06-18 11:30:00+00:00,2025-06-18 11:45:00+00:00,-15.0,1,ret,,ret,sl,7341.0,7326.0
2025-06-18 15:00:00+00:00,2025-06-18 15:15:00+00:00,-15.0,1,ret,,ret,sl,7198.5,7183.5
2025-06-18 16:15:00+00:00,2025-06-18 16:30:00+00:00,-15.0,-1,ret_short,,ret_short,sl,7265.4,7280.4
2025-06-18 16:30:00+00:00,2025-06-18 16:45:00+00:00,30.0,1,ret,,ret,tp,7257.4,7287.4
2025-06-18 16:45:00+00:00,2025-06-18 17:00:00+00:00,30.0,1,long_retrace,,long_ret,tp,7292.5,7322.5
2025-06-19 09:45:00+00:00,2025-06-19 10:15:00+00:00,30.0,1,long_retrace,,long_ret,tp,7373.2,7403.2
2025-06-20 11:45:00+00:00,2025-06-20 13:15:00+00:00,-34.29999999999927,-1,short_impulse,,si,timeout,,
2025-06-20 13:15:00+00:00,2025-06-20 13:30:00+00:00,-15.0,1,ret,,ret,sl,7312.5,7297.5
2025-06-20 14:15:00+00:00,2025-06-20 14:45:00+00:00,30.0,1,ret,,ret,tp,7330.5,7360.5
2025-06-20 15:06:00+00:00,2025-06-20 16:36:00+00:00,-9.5,-1,short_impulse,,si,timeout,,
2025-06-23 07:15:00+00:00,2025-06-23 07:45:00+00:00,-15.0,1,long_retrace,,long_ret,sl,7418.3,7403.3
2025-06-23 08:45:00+00:00,2025-06-23 11:30:00+00:00,60.5,1,wr90,,wr90,structure_change,7360.5,7421.0
2025-06-23 12:30:00+00:00,2025-06-23 12:45:00+00:00,30.0,1,ret,,ret,tp,7323.4,7353.4
2025-06-23 12:45:00+00:00,2025-06-23 13:00:00+00:00,-15.0,-1,ret_short,,ret_short,sl,7355.8,7370.8
2025-06-23 14:30:00+00:00,2025-06-23 14:45:00+00:00,-15.0,1,long_retrace,,long_ret,sl,7299.6,7284.6
2025-06-23 15:00:00+00:00,2025-06-23 15:15:00+00:00,30.0,1,ret,,ret,tp,7277.2,7307.2
2025-06-23 15:15:00+00:00,2025-06-23 15:30:00+00:00,-15.0,-1,ret_short,,ret_short,sl,7290.5,7305.5
2025-06-23 15:30:00+00:00,2025-06-23 15:45:00+00:00,-15.0,-1,ret_short,,ret_short,sl,7339.7,7354.7
2025-06-23 16:15:00+00:00,2025-06-23 16:30:00+00:00,30.0,-1,ret_short,,ret_short,tp,7394.4,7364.4
2025-06-24 07:00:00+00:00,2025-06-24 07:15:00+00:00,-15.0,-1,ret_short,,ret_short,sl,6577.9,6592.9
2025-06-24 07:30:00+00:00,2025-06-24 07:45:00+00:00,30.0,1,long_retrace,,long_ret,tp,6627.3,6657.3
2025-06-24 08:45:00+00:00,2025-06-24 09:00:00+00:00,-15.0,-1,ret_short,,ret_short,sl,6606.6,6621.6
2025-06-24 09:00:00+00:00,2025-06-24 10:00:00+00:00,-15.0,-1,ret_short,,ret_short,sl,6618.8,6633.8
2025-06-24 10:45:00+00:00,2025-06-24 11:15:00+00:00,30.0,-1,ret_short,,ret_short,tp,6642.4,6612.4
2025-06-24 12:15:00+00:00,2025-06-24 12:30:00+00:00,30.0,-1,ret_short,,ret_short,tp,6575.9,6545.9
2025-06-24 14:30:00+00:00,2025-06-24 14:45:00+00:00,-15.0,-1,ret_short,,ret_short,sl,6526.0,6541.0
2025-06-24 15:00:00+00:00,2025-06-24 15:15:00+00:00,30.0,-1,ret_short,,ret_short,tp,6524.0,6494.0
2025-06-25 13:45:00+00:00,2025-06-25 14:15:00+00:00,30.0,1,ret,,ret,tp,6464.7,6494.7
2025-06-25 15:00:00+00:00,2025-06-25 15:15:00+00:00,-15.0,1,long_retrace,,long_ret,sl,6522.5,6507.5
2025-06-25 16:30:00+00:00,2025-06-25 16:45:00+00:00,-15.0,1,ret,,ret,sl,6551.0,6536.0
2025-06-26 14:15:00+00:00,2025-06-26 14:30:00+00:00,-15.0,-1,ret_short,,ret_short,sl,6558.4,6573.4
2025-07-02 14:30:00+00:00,2025-07-02 18:30:00+00:00,138.30000000000018,1,wr90,,wr90,ny_close,6520.7,6659.0
2025-07-03 14:34:00+00:00,2025-07-03 16:04:00+00:00,-0.8000000000001819,-1,short_impulse,,si,timeout,,
2025-07-07 08:30:00+00:00,2025-07-07 08:45:00+00:00,-15.0,-1,ret_short,,ret_short,sl,6601.0,6616.0
2025-07-10 11:39:00+00:00,2025-07-10 13:09:00+00:00,54.5,-1,short_impulse,,si,timeout,,
2025-07-10 13:45:00+00:00,2025-07-10 14:00:00+00:00,-15.0,-1,ret_short,,ret_short,sl,6607.6,6622.6
2025-07-10 14:00:00+00:00,2025-07-10 14:45:00+00:00,30.0,-1,ret_short,,ret_short,tp,6641.2,6611.2
2025-07-11 13:30:00+00:00,2025-07-11 14:15:00+00:00,-15.0,-1,ret_short,,ret_short,sl,6695.6,6710.6
2025-07-17 13:15:00+00:00,2025-07-17 14:30:00+00:00,-15.0,1,ret,,ret,sl,6549.0,6534.0
2025-07-18 16:00:00+00:00,2025-07-18 16:15:00+00:00,-15.0,1,ret,,ret,sl,6638.1,6623.1
2025-07-22 13:41:00+00:00,2025-07-22 15:11:00+00:00,-11.600000000000364,-1,short_impulse,,si,timeout,,
2025-07-30 11:30:00+00:00,2025-07-30 18:30:00+00:00,123.80000000000018,1,wr90,,wr90,ny_close,6856.3,6980.1
2025-07-31 14:00:00+00:00,2025-07-31 14:30:00+00:00,30.0,-1,ret_short,,ret_short,tp,6941.6,6911.6
2025-07-31 16:00:00+00:00,2025-07-31 18:30:00+00:00,26.800000000000185,1,wr90,,wr90,ny_close,6861.5,6888.3
2025-08-01 12:46:00+00:00,2025-08-01 14:00:00+00:00,120.0,-1,short_impulse,,si,tp,,
2025-08-04 09:00:00+00:00,2025-08-04 10:15:00+00:00,30.0,-1,ret_short,,ret_short,tp,6613.9,6583.9
2025-08-04 13:15:00+00:00,2025-08-04 18:30:00+00:00,37.19999999999982,1,wr90,,wr90,ny_close,6524.3,6561.5
2025-08-05 07:06:00+00:00,2025-08-05 08:36:00+00:00,-12.0,-1,short_impulse,,si,timeout,,
2025-08-05 12:30:00+00:00,2025-08-05 13:15:00+00:00,-15.0,-1,ret_short,,ret_short,sl,6488.4,6503.4
2025-08-05 16:31:00+00:00,2025-08-05 18:01:00+00:00,3.600000000000364,-1,short_impulse,,si,timeout,,
2025-08-06 12:23:00+00:00,2025-08-06 13:53:00+00:00,-40.19999999999982,-1,short_impulse,,si,timeout,,
2025-08-06 16:30:00+00:00,2025-08-06 16:45:00+00:00,-15.0,-1,ret_short,,ret_short,sl,6475.8,6490.8
2025-08-07 08:01:00+00:00,2025-08-07 09:31:00+00:00,-16.400000000000546,-1,short_impulse,,si,timeout,,
2025-08-08 14:09:00+00:00,2025-08-08 15:25:00+00:00,-80.0,-1,short_impulse,,si,sl,,
2025-08-08 15:30:00+00:00,2025-08-08 15:45:00+00:00,-15.0,-1,ret_short,,ret_short,sl,6360.1,6375.1
2025-08-11 15:15:00+00:00,2025-08-11 15:30:00+00:00,-15.0,-1,ret_short,,ret_short,sl,6339.9,6354.9
2025-08-13 14:31:00+00:00,2025-08-13 16:01:00+00:00,79.0,-1,short_impulse,,si,timeout,,
2025-08-13 16:45:00+00:00,2025-08-13 18:30:00+00:00,21.099999999999454,1,wr90,,wr90,ny_close,6172.3,6193.4
2025-08-14 13:15:00+00:00,2025-08-14 13:45:00+00:00,30.0,-1,ret_short,,ret_short,tp,6297.0,6267.0
2025-08-21 14:00:00+00:00,2025-08-21 18:30:00+00:00,51.60000000000037,1,wr90,,wr90,ny_close,6288.0,6339.6
2025-08-26 12:15:00+00:00,2025-08-26 14:45:00+00:00,13.5,1,wr90,,wr90,structure_change,6363.8,6377.3
2025-08-26 15:04:00+00:00,2025-08-26 16:34:00+00:00,7.5,-1,short_impulse,,si,timeout,,
2025-09-02 13:00:00+00:00,2025-09-02 18:00:00+00:00,71.19999999999982,1,wr90,,wr90,structure_change,6465.5,6536.7
2025-09-03 15:30:00+00:00,2025-09-03 17:45:00+00:00,-24.5,1,wr90,,wr90,swing_break,6384.5,6360.0
2025-09-05 12:54:00+00:00,2025-09-05 14:24:00+00:00,7.599999999999454,-1,short_impulse,,si,timeout,,
2025-09-05 16:30:00+00:00,2025-09-05 18:30:00+00:00,25.0,1,wr90,,wr90,ny_close,6149.9,6174.9
2025-09-08 14:00:00+00:00,2025-09-08 18:45:00+00:00,3.899999999999636,1,wr90,,wr90,ny_close,6203.1,6207.0
2025-09-09 13:09:00+00:00,2025-09-09 14:39:00+00:00,-19.600000000000364,-1,short_impulse,,si,timeout,,
2025-09-10 14:31:00+00:00,2025-09-10 15:50:00+00:00,-80.0,-1,short_impulse,,si,sl,,
2025-09-12 12:35:00+00:00,2025-09-12 14:05:00+00:00,10.100000000000364,-1,short_impulse,,si,timeout,,
2025-09-17 14:37:00+00:00,2025-09-17 16:07:00+00:00,-18.399999999999636,-1,short_impulse,,si,timeout,,
2025-09-22 13:30:00+00:00,2025-09-22 18:30:00+00:00,38.69999999999982,1,wr90,,wr90,ny_close,6192.8,6231.5
2025-09-26 14:15:00+00:00,2025-09-26 14:45:00+00:00,30.0,1,ret,,ret,tp,6576.6,6606.6
2025-09-30 15:51:00+00:00,2025-09-30 17:21:00+00:00,5.300000000000182,-1,short_impulse,,si,timeout,,
2025-10-01 10:00:00+00:00,2025-10-01 10:15:00+00:00,-15.0,-1,ret_short,,ret_short,sl,6210.2,6225.2
2025-10-02 13:30:00+00:00,2025-10-02 14:00:00+00:00,-15.0,-1,ret_short,,ret_short,sl,6141.4,6156.4
2025-10-06 14:00:00+00:00,2025-10-06 14:45:00+00:00,-15.0,1,ret,,ret,sl,6142.4,6127.4
2025-10-07 14:00:00+00:00,2025-10-07 14:45:00+00:00,30.0,1,ret,,ret,tp,6114.7,6144.7
2025-10-09 14:31:00+00:00,2025-10-09 16:01:00+00:00,15.5,-1,short_impulse,,si,timeout,,
2025-10-10 12:51:00+00:00,2025-10-10 14:21:00+00:00,33.0,-1,short_impulse,,si,timeout,,
2025-10-10 15:30:00+00:00,2025-10-10 15:45:00+00:00,30.0,-1,ret_short,,ret_short,tp,5922.7,5892.7
2025-10-13 13:15:00+00:00,2025-10-13 13:30:00+00:00,-30.0,1,wr90,,wr90,swing_break,5928.1,5898.1
2025-10-13 13:45:00+00:00,2025-10-13 15:15:00+00:00,-15.0,1,long_retrace,,long_ret,sl,5946.2,5931.2
2025-10-14 08:45:00+00:00,2025-10-14 09:00:00+00:00,-15.0,1,long_retrace,,long_ret,sl,5800.6,5785.6
2025-10-16 15:45:00+00:00,2025-10-16 16:00:00+00:00,-15.0,-1,ret_short,,ret_short,sl,5770.3,5785.3
2025-10-16 16:00:00+00:00,2025-10-16 16:30:00+00:00,30.0,-1,ret_short,,ret_short,tp,5791.3,5761.3
2025-10-21 16:42:00+00:00,2025-10-21 18:12:00+00:00,23.199999999999815,-1,short_impulse,,si,timeout,,
2025-10-23 11:15:00+00:00,2025-10-23 11:30:00+00:00,-15.0,1,ret,,ret,sl,6167.5,6152.5
2025-10-23 11:30:00+00:00,2025-10-23 12:45:00+00:00,30.0,1,ret,,ret,tp,6138.7,6168.7
2025-10-23 13:45:00+00:00,2025-10-23 14:00:00+00:00,-15.0,1,long_retrace,,long_ret,sl,6162.5,6147.5
2025-10-23 16:00:00+00:00,2025-10-23 17:00:00+00:00,-15.0,1,ret,,ret,sl,6182.9,6167.9
2025-10-27 08:30:00+00:00,2025-10-27 10:00:00+00:00,20.099999999999454,-1,short_impulse,,si,timeout,,
2025-10-27 15:41:00+00:00,2025-10-27 17:11:00+00:00,-4.599999999999454,-1,short_impulse,,si,timeout,,
2025-10-28 08:45:00+00:00,2025-10-28 14:00:00+00:00,19.099999999999454,1,wr90,,wr90,structure_change,6013.1,6032.2
2025-10-28 14:41:00+00:00,2025-10-28 16:11:00+00:00,14.0,-1,short_impulse,,si,timeout,,
2025-11-05 15:00:00+00:00,2025-11-05 16:15:00+00:00,21.199999999999815,1,wr90,,wr90,structure_change,6013.8,6035.0
2025-11-06 15:45:00+00:00,2025-11-06 19:30:00+00:00,22.5,1,wr90,,wr90,ny_close,5906.4,5928.9
2025-11-10 17:00:00+00:00,2025-11-10 19:30:00+00:00,44.10000000000037,1,wr90,,wr90,ny_close,5957.0,6001.1
2025-11-14 12:00:00+00:00,2025-11-14 12:15:00+00:00,-15.0,1,long_retrace,,long_ret,sl,5963.0,5948.0
2025-11-14 12:15:00+00:00,2025-11-14 13:45:00+00:00,30.0,1,ret,,ret,tp,5945.9,5975.9
2025-11-21 11:00:00+00:00,2025-11-21 12:45:00+00:00,68.39999999999964,1,wr90,,wr90,structure_change,5776.5,5844.9
2025-11-21 12:45:00+00:00,2025-11-21 14:00:00+00:00,30.0,-1,ret_short,,ret_short,tp,5844.9,5814.9
2025-11-21 15:00:00+00:00,2025-11-21 15:30:00+00:00,-15.0,1,long_retrace,,long_ret,sl,5760.8,5745.8
2025-11-21 15:30:00+00:00,2025-11-21 16:00:00+00:00,-30.0,1,wr90,,wr90,swing_break,5775.7,5745.7
2025-11-24 10:15:00+00:00,2025-11-24 13:00:00+00:00,40.60000000000037,1,wr90,,wr90,structure_change,5762.2,5802.8
2025-11-25 16:15:00+00:00,2025-11-25 19:30:00+00:00,20.700000000000728,1,wr90,,wr90,ny_close,5748.9,5769.6
2025-12-01 14:15:00+00:00,2025-12-01 19:30:00+00:00,29.0,1,wr90,,wr90,ny_close,5895.8,5924.8
2025-12-10 16:30:00+00:00,2025-12-10 19:30:00+00:00,64.60000000000036,1,wr90,,wr90,ny_close,5783.0,5847.6
2025-12-11 16:01:00+00:00,2025-12-11 17:31:00+00:00,-20.199999999999815,-1,short_impulse,,si,timeout,,
2025-12-15 16:45:00+00:00,2025-12-15 19:30:00+00:00,10.800000000000182,1,wr90,,wr90,ny_close,5647.5,5658.3
2025-12-16 14:01:00+00:00,2025-12-16 15:31:00+00:00,43.29999999999927,-1,short_impulse,,si,timeout,,
2025-12-16 15:45:00+00:00,2025-12-16 19:30:00+00:00,5.400000000000546,1,wr90,,wr90,ny_close,5516.4,5521.8
2026-01-02 15:30:00+00:00,2026-01-02 19:30:00+00:00,41.39999999999963,1,wr90,,wr90,ny_close,5680.1,5721.5
2026-01-05 15:00:00+00:00,2026-01-05 15:30:00+00:00,30.0,1,ret,,ret,tp,5754.0,5784.0
2026-01-05 15:30:00+00:00,2026-01-05 15:45:00+00:00,-15.0,-1,ret_short,,ret_short,sl,5809.1,5824.1
2026-01-05 15:45:00+00:00,2026-01-05 16:30:00+00:00,30.0,-1,ret_short,,ret_short,tp,5824.1,5794.1
2026-01-07 13:27:00+00:00,2026-01-07 14:57:00+00:00,21.300000000000185,-1,short_impulse,,si,timeout,,
2026-01-09 09:45:00+00:00,2026-01-09 17:00:00+00:00,163.39999999999964,1,wr90,,wr90,structure_change,5783.6,5947.0
2026-01-13 09:45:00+00:00,2026-01-13 10:30:00+00:00,-15.0,1,ret,,ret,sl,6037.8,6022.8
2026-01-13 14:15:00+00:00,2026-01-13 14:30:00+00:00,30.0,1,long_retrace,,long_ret,tp,6032.7,6062.7
2026-01-13 15:00:00+00:00,2026-01-13 16:15:00+00:00,30.0,1,long_retrace,,long_ret,tp,6092.3,6122.3
2026-01-20 14:15:00+00:00,2026-01-20 14:30:00+00:00,-15.0,-1,ret_short,,ret_short,sl,6022.7,6037.7
2026-01-21 09:00:00+00:00,2026-01-21 09:15:00+00:00,-15.0,-1,ret_short,,ret_short,sl,5956.2,5971.2
2026-01-22 10:30:00+00:00,2026-01-22 10:45:00+00:00,40.0,1,wr90,,wr90,swing_break,6001.5,6041.5
2026-01-22 14:45:00+00:00,2026-01-22 16:00:00+00:00,-15.0,-1,ret_short,,ret_short,sl,5971.8,5986.8
2026-01-23 14:00:00+00:00,2026-01-23 14:30:00+00:00,30.0,1,ret,,ret,tp,6089.2,6119.2
2026-01-27 13:45:00+00:00,2026-01-27 14:00:00+00:00,30.0,-1,ret_short,,ret_short,tp,6170.4,6140.4
2026-01-28 10:30:00+00:00,2026-01-28 19:30:00+00:00,90.19999999999982,1,wr90,,wr90,ny_close,6215.7,6305.9
2026-01-29 15:00:00+00:00,2026-01-29 15:15:00+00:00,-15.0,1,ret,,ret,sl,6510.5,6495.5
2026-01-29 15:45:00+00:00,2026-01-29 16:00:00+00:00,-15.0,1,long_retrace,,long_ret,sl,6530.5,6515.5
2026-01-29 16:30:00+00:00,2026-01-29 16:45:00+00:00,-15.0,1,ret,,ret,sl,6504.6,6489.6
2026-01-29 17:15:00+00:00,2026-01-29 17:45:00+00:00,-15.0,1,long_retrace,,long_ret,sl,6542.0,6527.0
2026-01-30 09:00:00+00:00,2026-01-30 09:30:00+00:00,-15.0,-1,ret_short,,ret_short,sl,6477.5,6492.5
2026-01-30 15:45:00+00:00,2026-01-30 16:00:00+00:00,-15.0,-1,ret_short,,ret_short,sl,6544.4,6559.4
2026-01-30 16:00:00+00:00,2026-01-30 16:15:00+00:00,-15.0,-1,ret_short,,ret_short,sl,6557.8,6572.8
2026-01-30 17:00:00+00:00,2026-01-30 17:15:00+00:00,30.0,-1,ret_short,,ret_short,tp,6561.7,6531.7
2026-01-30 17:15:00+00:00,2026-01-30 17:30:00+00:00,-15.0,1,ret,,ret,sl,6450.5,6435.5
2026-02-02 15:00:00+00:00,2026-02-02 15:15:00+00:00,30.0,-1,ret_short,,ret_short,tp,6222.6,6192.6
2026-02-03 10:15:00+00:00,2026-02-03 11:30:00+00:00,-15.0,-1,ret_short,,ret_short,sl,6201.8,6216.8
2026-02-03 17:16:00+00:00,2026-02-03 18:46:00+00:00,11.0,-1,short_impulse,,si,timeout,,
2026-02-04 14:00:00+00:00,2026-02-04 14:30:00+00:00,-15.0,-1,ret_short,,ret_short,sl,6299.5,6314.5
2026-02-04 17:15:00+00:00,2026-02-04 17:30:00+00:00,30.0,-1,ret_short,,ret_short,tp,6444.2,6414.2
2026-02-04 17:32:00+00:00,2026-02-04 19:02:00+00:00,-7.199999999999818,-1,short_impulse,,si,timeout,,
2026-02-05 12:00:00+00:00,2026-02-05 12:15:00+00:00,-15.0,1,ret,,ret,sl,6427.4,6412.4
2026-02-05 12:45:00+00:00,2026-02-05 13:00:00+00:00,30.0,-1,ret_short,,ret_short,tp,6360.5,6330.5
2026-02-05 14:15:00+00:00,2026-02-05 14:45:00+00:00,-15.0,-1,ret_short,,ret_short,sl,6331.1,6346.1
2026-02-05 14:45:00+00:00,2026-02-05 15:15:00+00:00,30.0,-1,ret_short,,ret_short,tp,6338.3,6308.3
2026-02-05 15:45:00+00:00,2026-02-05 19:30:00+00:00,7.199999999999818,1,wr90,,wr90,ny_close,6289.1,6296.3
2026-02-06 09:21:00+00:00,2026-02-06 10:51:00+00:00,101.60000000000036,-1,short_impulse,,si,timeout,,
2026-02-06 11:51:00+00:00,2026-02-06 13:21:00+00:00,-10.0,-1,short_impulse,,si,timeout,,
2026-02-06 13:40:00+00:00,2026-02-06 14:58:00+00:00,-80.0,-1,short_impulse,,si,sl,,
2026-02-06 15:00:00+00:00,2026-02-06 15:30:00+00:00,-15.0,1,long_retrace,,long_ret,sl,6369.0,6354.0
2026-02-06 15:38:00+00:00,2026-02-06 17:08:00+00:00,-52.900000000000546,-1,short_impulse,,si,timeout,,
2026-02-09 11:50:00+00:00,2026-02-09 13:20:00+00:00,3.0,-1,short_impulse,,si,timeout,,
2026-02-11 12:42:00+00:00,2026-02-11 14:12:00+00:00,-55.10000000000037,-1,short_impulse,,si,timeout,,
2026-02-11 17:26:00+00:00,2026-02-11 18:56:00+00:00,32.20000000000073,-1,short_impulse,,si,timeout,,
2026-02-12 09:22:00+00:00,2026-02-12 10:52:00+00:00,5.0,-1,short_impulse,,si,timeout,,
2026-02-13 11:45:00+00:00,2026-02-13 13:00:00+00:00,30.0,1,long_retrace,,long_ret,tp,6231.3,6261.3
2026-02-17 16:15:00+00:00,2026-02-17 17:15:00+00:00,-30.0,1,wr90,,wr90,swing_break,6216.4,6186.4
2026-02-19 09:15:00+00:00,2026-02-19 10:45:00+00:00,30.0,1,ret,,ret,tp,6575.1,6605.1
2026-02-19 13:53:00+00:00,2026-02-19 15:23:00+00:00,8.699999999999818,-1,short_impulse,,si,timeout,,
2026-02-20 12:00:00+00:00,2026-02-20 12:30:00+00:00,-15.0,1,long_retrace,,long_ret,sl,6619.5,6604.5
2026-02-20 15:00:00+00:00,2026-02-20 15:30:00+00:00,-15.0,1,ret,,ret,sl,6617.8,6602.8
2026-02-24 16:00:00+00:00,2026-02-24 16:45:00+00:00,-15.0,1,long_retrace,,long_ret,sl,6604.3,6589.3
2026-02-25 15:31:00+00:00,2026-02-25 17:01:00+00:00,-10.5,-1,short_impulse,,si,timeout,,
2026-02-26 13:15:00+00:00,2026-02-26 13:30:00+00:00,-15.0,-1,ret_short,,ret_short,sl,6410.2,6425.2
2026-02-26 14:45:00+00:00,2026-02-26 15:00:00+00:00,-15.0,-1,ret_short,,ret_short,sl,6467.8,6482.8
2026-02-26 15:00:00+00:00,2026-02-26 15:15:00+00:00,-15.0,-1,ret_short,,ret_short,sl,6523.7,6538.7
2026-02-26 15:15:00+00:00,2026-02-26 15:30:00+00:00,-15.0,-1,ret_short,,ret_short,sl,6559.1,6574.1
2026-02-26 15:30:00+00:00,2026-02-26 15:45:00+00:00,-15.0,-1,ret_short,,ret_short,sl,6616.5,6631.5
2026-02-26 15:45:00+00:00,2026-02-26 16:00:00+00:00,-15.0,-1,ret_short,,ret_short,sl,6643.0,6658.0
2026-02-26 16:45:00+00:00,2026-02-26 17:00:00+00:00,-15.0,-1,ret_short,,ret_short,sl,6637.9,6652.9
2026-02-27 14:30:00+00:00,2026-02-27 14:45:00+00:00,-15.0,1,ret,,ret,sl,6712.3,6697.3
2026-02-27 17:45:00+00:00,2026-02-27 18:45:00+00:00,30.0,1,long_retrace,,long_ret,tp,6674.9,6704.9
2026-03-02 09:45:00+00:00,2026-03-02 10:00:00+00:00,30.0,-1,ret_short,,ret_short,tp,7222.1,7192.1
2026-03-02 10:45:00+00:00,2026-03-02 11:00:00+00:00,-15.0,1,long_retrace,,long_ret,sl,7186.9,7171.9
2026-03-02 11:00:00+00:00,2026-03-02 11:15:00+00:00,-15.0,1,long_retrace,,long_ret,sl,7199.2,7184.2
2026-03-02 11:45:00+00:00,2026-03-02 12:00:00+00:00,-15.0,-1,ret_short,,ret_short,sl,7175.7,7190.7
2026-03-02 12:15:00+00:00,2026-03-02 12:30:00+00:00,-15.0,-1,ret_short,,ret_short,sl,7254.5,7269.5
2026-03-02 13:15:00+00:00,2026-03-02 13:30:00+00:00,-15.0,-1,ret_short,,ret_short,sl,7212.2,7227.2
2026-03-02 15:00:00+00:00,2026-03-02 15:15:00+00:00,-15.0,-1,ret_short,,ret_short,sl,7123.0,7138.0
2026-03-02 15:15:00+00:00,2026-03-02 15:30:00+00:00,30.0,-1,ret_short,,ret_short,tp,7146.8,7116.8
2026-03-02 16:30:00+00:00,2026-03-02 16:45:00+00:00,30.0,-1,ret_short,,ret_short,tp,7109.3,7079.3
2026-03-02 17:00:00+00:00,2026-03-02 17:15:00+00:00,-15.0,1,ret,,ret,sl,7045.9,7030.9
2026-03-03 09:15:00+00:00,2026-03-03 09:30:00+00:00,30.0,1,ret,,ret,tp,7456.7,7486.7
2026-03-03 11:00:00+00:00,2026-03-03 11:15:00+00:00,30.0,1,long_retrace,,long_ret,tp,7653.8,7683.8
2026-03-03 11:15:00+00:00,2026-03-03 11:30:00+00:00,-15.0,1,ret,,ret,sl,7632.7,7617.7
2026-03-03 11:45:00+00:00,2026-03-03 12:00:00+00:00,30.0,1,long_retrace,,long_ret,tp,7687.2,7717.2
2026-03-03 14:00:00+00:00,2026-03-03 14:15:00+00:00,30.0,1,long_retrace,,long_ret,tp,7692.3,7722.3
2026-03-03 16:45:00+00:00,2026-03-03 17:00:00+00:00,30.0,1,long_retrace,,long_ret,tp,7548.2,7578.2
2026-03-04 08:00:00+00:00,2026-03-04 08:15:00+00:00,30.0,1,ret,,ret,tp,7570.0,7600.0
2026-03-04 08:15:00+00:00,2026-03-04 08:30:00+00:00,-15.0,-1,ret_short,,ret_short,sl,7616.3,7631.3
2026-03-04 08:30:00+00:00,2026-03-04 08:45:00+00:00,30.0,-1,ret_short,,ret_short,tp,7657.4,7627.4
2026-03-04 09:45:00+00:00,2026-03-04 10:00:00+00:00,30.0,-1,ret_short,,ret_short,tp,7616.1,7586.1
2026-03-04 10:08:00+00:00,2026-03-04 11:18:00+00:00,120.0,-1,short_impulse,,si,tp,,
2026-03-04 11:30:00+00:00,2026-03-04 11:45:00+00:00,-15.0,-1,ret_short,,ret_short,sl,7447.4,7462.4
2026-03-04 15:00:00+00:00,2026-03-04 15:15:00+00:00,30.0,1,ret,,ret,tp,7333.3,7363.3
2026-03-04 15:15:00+00:00,2026-03-04 15:30:00+00:00,30.0,1,long_retrace,,long_ret,tp,7358.8,7388.8
2026-03-04 15:30:00+00:00,2026-03-04 15:45:00+00:00,-15.0,1,long_retrace,,long_ret,sl,7381.8,7366.8
2026-03-04 16:15:00+00:00,2026-03-04 16:30:00+00:00,-15.0,1,ret,,ret,sl,7336.1,7321.1
2026-03-04 16:45:00+00:00,2026-03-04 17:00:00+00:00,30.0,1,long_retrace,,long_ret,tp,7368.8,7398.8
2026-03-04 17:00:00+00:00,2026-03-04 17:15:00+00:00,30.0,1,long_retrace,,long_ret,tp,7399.9,7429.9
2026-03-05 08:15:00+00:00,2026-03-05 08:30:00+00:00,-15.0,1,long_retrace,,long_ret,sl,7697.9,7682.9
2026-03-05 14:00:00+00:00,2026-03-05 14:15:00+00:00,-15.0,-1,ret_short,,ret_short,sl,7700.9,7715.9
2026-03-05 15:15:00+00:00,2026-03-05 15:30:00+00:00,-15.0,-1,ret_short,,ret_short,sl,7787.4,7802.4
2026-03-05 16:00:00+00:00,2026-03-05 16:15:00+00:00,-15.0,-1,ret_short,,ret_short,sl,7862.0,7877.0
2026-03-05 17:00:00+00:00,2026-03-05 17:15:00+00:00,-15.0,-1,ret_short,,ret_short,sl,7858.8,7873.8
2026-03-05 17:45:00+00:00,2026-03-05 18:00:00+00:00,30.0,-1,ret_short,,ret_short,tp,7873.8,7843.8
2026-03-06 08:45:00+00:00,2026-03-06 09:00:00+00:00,30.0,1,ret,,ret,tp,8008.7,8038.7
2026-03-06 12:45:00+00:00,2026-03-06 13:00:00+00:00,-15.0,1,ret,,ret,sl,8455.4,8440.4
2026-03-06 15:15:00+00:00,2026-03-06 15:30:00+00:00,-15.0,1,long_retrace,,long_ret,sl,8698.5,8683.5
2026-03-06 16:30:00+00:00,2026-03-06 16:45:00+00:00,30.0,1,long_retrace,,long_ret,tp,8717.0,8747.0
2026-03-09 07:15:00+00:00,2026-03-09 07:30:00+00:00,30.0,1,ret,,ret,tp,9948.1,9978.1
2026-03-09 08:15:00+00:00,2026-03-09 08:30:00+00:00,-15.0,1,long_retrace,,long_ret,sl,10257.7,10242.7
2026-03-09 10:00:00+00:00,2026-03-09 10:15:00+00:00,30.0,1,long_retrace,,long_ret,tp,9908.5,9938.5
2026-03-09 10:15:00+00:00,2026-03-09 10:30:00+00:00,30.0,1,long_retrace,,long_ret,tp,9963.2,9993.2
2026-03-09 14:30:00+00:00,2026-03-09 14:45:00+00:00,30.0,1,ret,,ret,tp,9759.8,9789.8
2026-03-09 15:30:00+00:00,2026-03-09 15:45:00+00:00,-15.0,1,long_retrace,,long_ret,sl,9425.1,9410.1
2026-03-10 08:00:00+00:00,2026-03-10 08:15:00+00:00,-30.0,1,wr90,,wr90,swing_break,8561.9,8531.9
2026-03-10 08:45:00+00:00,2026-03-10 09:00:00+00:00,-15.0,1,long_retrace,,long_ret,sl,8705.9,8690.9
2026-03-10 09:00:00+00:00,2026-03-10 09:15:00+00:00,30.0,1,ret,,ret,tp,8569.4,8599.4
2026-03-10 10:00:00+00:00,2026-03-10 10:15:00+00:00,30.0,1,long_retrace,,long_ret,tp,8690.3,8720.3
2026-03-10 10:15:00+00:00,2026-03-10 10:30:00+00:00,30.0,1,ret,,ret,tp,8635.6,8665.6
2026-03-10 12:15:00+00:00,2026-03-10 12:30:00+00:00,30.0,-1,ret_short,,ret_short,tp,8883.6,8853.6
2026-03-10 14:15:00+00:00,2026-03-10 14:30:00+00:00,-15.0,1,ret,,ret,sl,8486.5,8471.5
2026-03-10 16:15:00+00:00,2026-03-10 16:30:00+00:00,-15.0,1,ret,,ret,sl,8327.5,8312.5
2026-03-11 07:30:00+00:00,2026-03-11 07:45:00+00:00,30.0,-1,ret_short,,ret_short,tp,8470.8,8440.8
2026-03-11 08:15:00+00:00,2026-03-11 08:30:00+00:00,30.0,-1,ret_short,,ret_short,tp,8488.5,8458.5
2026-03-11 09:15:00+00:00,2026-03-11 09:30:00+00:00,30.0,-1,ret_short,,ret_short,tp,8748.1,8718.1
2026-03-11 09:45:00+00:00,2026-03-11 10:00:00+00:00,30.0,-1,ret_short,,ret_short,tp,8758.8,8728.8
2026-03-11 14:15:00+00:00,2026-03-11 14:30:00+00:00,-15.0,1,long_retrace,,long_ret,sl,8578.7,8563.7
2026-03-11 15:15:00+00:00,2026-03-11 15:30:00+00:00,-15.0,1,long_retrace,,long_ret,sl,8651.5,8636.5
2026-03-11 15:45:00+00:00,2026-03-11 16:00:00+00:00,30.0,1,long_retrace,,long_ret,tp,8661.4,8691.4
2026-03-11 16:45:00+00:00,2026-03-11 17:00:00+00:00,-15.0,1,ret,,ret,sl,8621.4,8606.4
2026-03-12 08:00:00+00:00,2026-03-12 18:30:00+00:00,498.0,1,wr90,,wr90,ny_close,9012.0,9510.0
2026-03-13 07:15:00+00:00,2026-03-13 07:30:00+00:00,30.0,1,ret,,ret,tp,9582.2,9612.2
2026-03-13 08:15:00+00:00,2026-03-13 08:30:00+00:00,-15.0,1,ret,,ret,sl,9619.3,9604.3
2026-03-13 08:45:00+00:00,2026-03-13 09:00:00+00:00,-15.0,1,ret,,ret,sl,9483.4,9468.4
2026-03-13 09:15:00+00:00,2026-03-13 09:30:00+00:00,-15.0,-1,ret_short,,ret_short,sl,9506.2,9521.2
2026-03-13 11:00:00+00:00,2026-03-13 11:15:00+00:00,30.0,-1,ret_short,,ret_short,tp,9406.5,9376.5
2026-03-13 11:30:00+00:00,2026-03-13 11:45:00+00:00,-15.0,1,ret,,ret,sl,9319.3,9304.3
2026-03-13 12:15:00+00:00,2026-03-13 12:30:00+00:00,-15.0,-1,ret_short,,ret_short,sl,9312.6,9327.6
2026-03-13 13:45:00+00:00,2026-03-13 14:00:00+00:00,-15.0,-1,ret_short,,ret_short,sl,9342.3,9357.3
2026-03-13 14:30:00+00:00,2026-03-13 14:45:00+00:00,-15.0,-1,ret_short,,ret_short,sl,9410.7,9425.7
2026-03-13 14:45:00+00:00,2026-03-13 15:00:00+00:00,-15.0,-1,ret_short,,ret_short,sl,9450.1,9465.1
2026-03-16 07:15:00+00:00,2026-03-16 07:30:00+00:00,-15.0,-1,ret_short,,ret_short,sl,9894.6,9909.6
2026-03-16 09:45:00+00:00,2026-03-16 10:00:00+00:00,-15.0,1,long_retrace,,long_ret,sl,9795.7,9780.7
2026-03-16 14:15:00+00:00,2026-03-16 16:30:00+00:00,133.39999999999964,1,wr90,,wr90,structure_change,9339.0,9472.4
2026-03-17 08:00:00+00:00,2026-03-17 08:15:00+00:00,30.0,1,long_retrace,,long_ret,tp,9677.8,9707.8
2026-03-17 09:15:00+00:00,2026-03-17 09:30:00+00:00,30.0,1,ret,,ret,tp,9535.6,9565.6
2026-03-17 11:30:00+00:00,2026-03-17 11:45:00+00:00,-15.0,1,long_retrace,,long_ret,sl,9636.2,9621.2
2026-03-17 15:00:00+00:00,2026-03-17 15:15:00+00:00,30.0,1,long_retrace,,long_ret,tp,9401.5,9431.5
2026-03-17 15:15:00+00:00,2026-03-17 15:30:00+00:00,30.0,1,long_retrace,,long_ret,tp,9424.8,9454.8
2026-03-17 16:15:00+00:00,2026-03-17 16:30:00+00:00,30.0,1,ret,,ret,tp,9375.5,9405.5
2026-03-17 16:30:00+00:00,2026-03-17 16:45:00+00:00,30.0,1,long_retrace,,long_ret,tp,9426.5,9456.5
2026-03-18 13:00:00+00:00,2026-03-18 13:15:00+00:00,30.0,-1,ret_short,,ret_short,tp,9772.9,9742.9
2026-03-18 14:30:00+00:00,2026-03-18 14:45:00+00:00,30.0,-1,ret_short,,ret_short,tp,9835.3,9805.3
2026-03-18 15:15:00+00:00,2026-03-18 15:30:00+00:00,30.0,-1,ret_short,,ret_short,tp,9831.3,9801.3
2026-03-18 15:30:00+00:00,2026-03-18 15:45:00+00:00,-15.0,1,ret,,ret,sl,9799.5,9784.5
2026-03-18 16:45:00+00:00,2026-03-18 17:00:00+00:00,-15.0,-1,ret_short,,ret_short,sl,9710.6,9725.6
2026-03-19 07:45:00+00:00,2026-03-19 08:00:00+00:00,-15.0,1,long_retrace,,long_ret,sl,9681.8,9666.8
2026-03-19 08:00:00+00:00,2026-03-19 08:15:00+00:00,30.0,1,ret,,ret,tp,9621.1,9651.1
2026-03-19 08:15:00+00:00,2026-03-19 08:30:00+00:00,30.0,1,long_retrace,,long_ret,tp,9645.4,9675.4
2026-03-19 09:30:00+00:00,2026-03-19 09:45:00+00:00,-15.0,1,ret,,ret,sl,9707.0,9692.0
2026-03-19 10:00:00+00:00,2026-03-19 10:15:00+00:00,30.0,-1,ret_short,,ret_short,tp,9556.1,9526.1
2026-03-19 11:00:00+00:00,2026-03-19 11:15:00+00:00,-15.0,-1,ret_short,,ret_short,sl,9664.9,9679.9
2026-03-19 15:30:00+00:00,2026-03-19 15:45:00+00:00,30.0,-1,ret_short,,ret_short,tp,9873.0,9843.0
2026-03-19 15:52:00+00:00,2026-03-19 16:02:00+00:00,120.0,-1,short_impulse,,si,tp,,
2026-03-19 16:30:00+00:00,2026-03-19 16:45:00+00:00,-15.0,1,ret,,ret,sl,9731.8,9716.8
2026-03-20 07:00:00+00:00,2026-03-20 07:15:00+00:00,30.0,-1,ret_short,,ret_short,tp,9467.6,9437.6
2026-03-20 12:30:00+00:00,2026-03-20 12:45:00+00:00,30.0,1,long_retrace,,long_ret,tp,9481.5,9511.5
2026-03-20 13:00:00+00:00,2026-03-20 13:15:00+00:00,30.0,1,long_retrace,,long_ret,tp,9524.2,9554.2
2026-03-20 15:00:00+00:00,2026-03-20 15:15:00+00:00,30.0,1,ret,,ret,tp,9634.6,9664.6
2026-03-20 15:15:00+00:00,2026-03-20 15:30:00+00:00,-15.0,1,long_retrace,,long_ret,sl,9666.2,9651.2
2026-03-20 15:30:00+00:00,2026-03-20 15:45:00+00:00,30.0,1,ret,,ret,tp,9637.1,9667.1
2026-03-23 07:15:00+00:00,2026-03-23 07:30:00+00:00,-15.0,-1,ret_short,,ret_short,sl,10108.5,10123.5
2026-03-23 07:45:00+00:00,2026-03-23 08:00:00+00:00,-15.0,1,ret,,ret,sl,10076.5,10061.5
2026-03-23 13:00:00+00:00,2026-03-23 13:15:00+00:00,-15.0,-1,ret_short,,ret_short,sl,8984.2,8999.2
2026-03-23 14:15:00+00:00,2026-03-23 14:30:00+00:00,30.0,-1,ret_short,,ret_short,tp,8910.3,8880.3
2026-03-23 14:30:00+00:00,2026-03-23 14:45:00+00:00,30.0,-1,ret_short,,ret_short,tp,8981.6,8951.6
2026-03-23 15:30:00+00:00,2026-03-23 15:45:00+00:00,-15.0,-1,ret_short,,ret_short,sl,8827.2,8842.2
2026-03-23 16:00:00+00:00,2026-03-23 16:15:00+00:00,-15.0,-1,ret_short,,ret_short,sl,9042.7,9057.7
2026-03-24 09:00:00+00:00,2026-03-24 09:15:00+00:00,-15.0,1,long_retrace,,long_ret,sl,9081.4,9066.4
2026-03-24 09:15:00+00:00,2026-03-24 09:30:00+00:00,-15.0,1,long_retrace,,long_ret,sl,9092.4,9077.4
2026-03-24 09:30:00+00:00,2026-03-24 09:45:00+00:00,-15.0,1,ret,,ret,sl,9025.4,9010.4
2026-03-24 09:45:00+00:00,2026-03-24 10:00:00+00:00,-15.0,1,ret,,ret,sl,9007.2,8992.2
2026-03-24 10:00:00+00:00,2026-03-24 10:15:00+00:00,30.0,1,ret,,ret,tp,8926.2,8956.2
2026-03-24 10:15:00+00:00,2026-03-24 10:30:00+00:00,-15.0,1,long_retrace,,long_ret,sl,8975.5,8960.5
2026-03-24 11:15:00+00:00,2026-03-24 11:30:00+00:00,30.0,1,long_retrace,,long_ret,tp,9024.3,9054.3
2026-03-24 11:30:00+00:00,2026-03-24 11:45:00+00:00,30.0,1,long_retrace,,long_ret,tp,9052.7,9082.7
2026-03-24 12:00:00+00:00,2026-03-24 12:15:00+00:00,30.0,1,long_retrace,,long_ret,tp,9110.6,9140.6
2026-03-24 12:30:00+00:00,2026-03-24 12:45:00+00:00,30.0,1,long_retrace,,long_ret,tp,9144.9,9174.9
2026-03-24 15:15:00+00:00,2026-03-24 15:30:00+00:00,30.0,1,ret,,ret,tp,9074.1,9104.1
2026-03-24 16:00:00+00:00,2026-03-24 16:15:00+00:00,-15.0,1,long_retrace,,long_ret,sl,9208.0,9193.0
2026-03-25 08:45:00+00:00,2026-03-25 09:00:00+00:00,30.0,-1,ret_short,,ret_short,tp,8724.8,8694.8
2026-03-25 09:15:00+00:00,2026-03-25 09:30:00+00:00,-15.0,-1,ret_short,,ret_short,sl,8785.2,8800.2
2026-03-25 09:30:00+00:00,2026-03-25 09:45:00+00:00,30.0,-1,ret_short,,ret_short,tp,8812.7,8782.7
2026-03-25 10:15:00+00:00,2026-03-25 10:30:00+00:00,-15.0,-1,ret_short,,ret_short,sl,8729.3,8744.3
2026-03-25 10:30:00+00:00,2026-03-25 10:45:00+00:00,30.0,-1,ret_short,,ret_short,tp,8738.9,8708.9
2026-03-25 11:15:00+00:00,2026-03-25 11:30:00+00:00,-15.0,-1,ret_short,,ret_short,sl,8646.6,8661.6
2026-03-25 11:30:00+00:00,2026-03-25 11:45:00+00:00,-15.0,-1,ret_short,,ret_short,sl,8680.8,8695.8
2026-03-25 13:00:00+00:00,2026-03-25 13:15:00+00:00,-15.0,1,ret,,ret,sl,8729.6,8714.6
2026-03-25 13:30:00+00:00,2026-03-25 13:45:00+00:00,-15.0,-1,ret_short,,ret_short,sl,8761.7,8776.7
2026-03-25 13:45:00+00:00,2026-03-25 14:00:00+00:00,-15.0,-1,ret_short,,ret_short,sl,8824.2,8839.2
2026-03-25 14:30:00+00:00,2026-03-25 14:45:00+00:00,30.0,-1,ret_short,,ret_short,tp,8837.4,8807.4
2026-03-25 14:45:00+00:00,2026-03-25 15:00:00+00:00,-15.0,-1,ret_short,,ret_short,sl,8854.8,8869.8
2026-03-25 15:00:00+00:00,2026-03-25 15:15:00+00:00,-15.0,-1,ret_short,,ret_short,sl,8905.4,8920.4
2026-03-25 15:30:00+00:00,2026-03-25 15:45:00+00:00,-15.0,-1,ret_short,,ret_short,sl,8918.9,8933.9
2026-03-25 15:45:00+00:00,2026-03-25 16:00:00+00:00,-15.0,-1,ret_short,,ret_short,sl,8982.7,8997.7
2026-03-25 16:30:00+00:00,2026-03-25 16:45:00+00:00,-15.0,-1,ret_short,,ret_short,sl,8967.5,8982.5
2026-03-26 07:15:00+00:00,2026-03-26 07:30:00+00:00,-15.0,-1,ret_short,,ret_short,sl,9245.6,9260.6
2026-03-26 11:15:00+00:00,2026-03-26 11:30:00+00:00,-15.0,-1,ret_short,,ret_short,sl,9298.9,9313.9
2026-03-26 11:30:00+00:00,2026-03-26 11:45:00+00:00,-15.0,-1,ret_short,,ret_short,sl,9351.4,9366.4
2026-03-26 14:00:00+00:00,2026-03-26 14:15:00+00:00,30.0,1,ret,,ret,tp,9208.7,9238.7
2026-03-26 14:15:00+00:00,2026-03-26 14:30:00+00:00,30.0,1,long_retrace,,long_ret,tp,9244.9,9274.9
2026-03-26 14:30:00+00:00,2026-03-26 14:45:00+00:00,30.0,1,long_retrace,,long_ret,tp,9298.4,9328.4
2026-03-26 15:00:00+00:00,2026-03-26 15:15:00+00:00,-15.0,1,long_retrace,,long_ret,sl,9351.2,9336.2
2026-03-26 15:15:00+00:00,2026-03-26 15:30:00+00:00,30.0,1,ret,,ret,tp,9338.9,9368.9
2026-03-27 07:15:00+00:00,2026-03-27 07:30:00+00:00,-15.0,-1,ret_short,,ret_short,sl,9432.0,9447.0
2026-03-27 09:45:00+00:00,2026-03-27 10:00:00+00:00,-15.0,-1,ret_short,,ret_short,sl,9528.2,9543.2
2026-03-27 10:15:00+00:00,2026-03-27 10:30:00+00:00,30.0,1,long_retrace,,long_ret,tp,9556.0,9586.0
2026-03-27 10:30:00+00:00,2026-03-27 10:45:00+00:00,-15.0,-1,ret_short,,ret_short,sl,9581.4,9596.4
2026-03-27 10:45:00+00:00,2026-03-27 11:00:00+00:00,-15.0,-1,ret_short,,ret_short,sl,9617.7,9632.7
2026-03-27 11:15:00+00:00,2026-03-27 11:30:00+00:00,-15.0,1,ret,,ret,sl,9586.0,9571.0
2026-03-27 12:00:00+00:00,2026-03-27 12:15:00+00:00,-15.0,-1,ret_short,,ret_short,sl,9606.5,9621.5
2026-03-27 13:15:00+00:00,2026-03-27 13:30:00+00:00,30.0,1,ret,,ret,tp,9600.6,9630.6
2026-03-27 13:30:00+00:00,2026-03-27 13:45:00+00:00,-15.0,-1,ret_short,,ret_short,sl,9638.3,9653.3
2026-03-27 13:45:00+00:00,2026-03-27 14:00:00+00:00,30.0,-1,ret_short,,ret_short,tp,9675.7,9645.7
2026-03-27 14:00:00+00:00,2026-03-27 14:15:00+00:00,30.0,1,ret,,ret,tp,9614.3,9644.3
2026-03-27 14:15:00+00:00,2026-03-27 14:30:00+00:00,-15.0,-1,ret_short,,ret_short,sl,9689.1,9704.1
2026-03-27 15:30:00+00:00,2026-03-27 15:45:00+00:00,-15.0,-1,ret_short,,ret_short,sl,9654.1,9669.1
2026-03-27 16:00:00+00:00,2026-03-27 16:15:00+00:00,-15.0,-1,ret_short,,ret_short,sl,9711.4,9726.4
2026-03-27 16:30:00+00:00,2026-03-27 16:45:00+00:00,-15.0,-1,ret_short,,ret_short,sl,9728.6,9743.6
2026-03-27 16:45:00+00:00,2026-03-27 17:00:00+00:00,30.0,-1,ret_short,,ret_short,tp,9760.6,9730.6
2026-03-30 12:00:00+00:00,2026-03-30 12:15:00+00:00,-15.0,1,long_retrace,,long_ret,sl,9939.6,9924.6
2026-03-30 12:15:00+00:00,2026-03-30 12:30:00+00:00,-15.0,1,ret,,ret,sl,9907.1,9892.1
2026-03-30 12:30:00+00:00,2026-03-30 12:45:00+00:00,30.0,1,ret,,ret,tp,9867.3,9897.3
2026-03-30 13:15:00+00:00,2026-03-30 13:30:00+00:00,30.0,1,long_retrace,,long_ret,tp,9977.5,10007.5
2026-03-30 13:45:00+00:00,2026-03-30 14:00:00+00:00,-15.0,1,ret,,ret,sl,10036.6,10021.6
2026-03-30 14:15:00+00:00,2026-03-30 14:30:00+00:00,30.0,1,ret,,ret,tp,9976.7,10006.7
2026-03-30 15:15:00+00:00,2026-03-30 15:30:00+00:00,30.0,1,ret,,ret,tp,10016.0,10046.0
2026-03-30 15:30:00+00:00,2026-03-30 15:45:00+00:00,30.0,1,ret,,ret,tp,9946.9,9976.9
2026-03-31 07:00:00+00:00,2026-03-31 07:15:00+00:00,-15.0,-1,ret_short,,ret_short,sl,10089.9,10104.9
2026-03-31 09:30:00+00:00,2026-03-31 09:45:00+00:00,-15.0,-1,ret_short,,ret_short,sl,10070.1,10085.1
2026-03-31 09:45:00+00:00,2026-03-31 10:00:00+00:00,30.0,-1,ret_short,,ret_short,tp,10169.0,10139.0
2026-03-31 12:00:00+00:00,2026-03-31 12:15:00+00:00,-15.0,1,long_retrace,,long_ret,sl,10141.3,10126.3
2026-03-31 13:15:00+00:00,2026-03-31 13:30:00+00:00,-15.0,1,long_retrace,,long_ret,sl,10119.3,10104.3
2026-03-31 14:00:00+00:00,2026-03-31 14:15:00+00:00,30.0,1,ret,,ret,tp,9973.0,10003.0
2026-04-01 08:00:00+00:00,2026-04-01 08:15:00+00:00,30.0,-1,ret_short,,ret_short,tp,9582.7,9552.7
2026-04-01 08:15:00+00:00,2026-04-01 08:30:00+00:00,30.0,-1,ret_short,,ret_short,tp,9611.1,9581.1
2026-04-01 08:45:00+00:00,2026-04-01 09:00:00+00:00,-15.0,-1,ret_short,,ret_short,sl,9624.0,9639.0
2026-04-01 10:15:00+00:00,2026-04-01 10:30:00+00:00,30.0,-1,ret_short,,ret_short,tp,9720.1,9690.1
2026-04-01 11:45:00+00:00,2026-04-01 12:00:00+00:00,30.0,-1,ret_short,,ret_short,tp,9566.3,9536.3
2026-04-01 12:15:00+00:00,2026-04-01 12:30:00+00:00,30.0,-1,ret_short,,ret_short,tp,9626.2,9596.2
2026-04-01 15:00:00+00:00,2026-04-01 15:15:00+00:00,-15.0,-1,ret_short,,ret_short,sl,9589.7,9604.7
2026-04-01 15:15:00+00:00,2026-04-01 15:30:00+00:00,30.0,-1,ret_short,,ret_short,tp,9653.7,9623.7
2026-04-01 16:00:00+00:00,2026-04-01 16:15:00+00:00,30.0,-1,ret_short,,ret_short,tp,9702.5,9672.5
2026-04-02 07:30:00+00:00,2026-04-02 08:00:00+00:00,30.0,1,ret,,ret,tp,10232.0,10262.0
2026-04-02 08:30:00+00:00,2026-04-02 09:00:00+00:00,-15.0,-1,ret_short,,ret_short,sl,10298.7,10313.7
2026-04-02 09:00:00+00:00,2026-04-02 09:30:00+00:00,30.0,1,ret,,ret,tp,10292.8,10322.8
2026-04-02 09:30:00+00:00,2026-04-02 09:45:00+00:00,30.0,-1,ret_short,,ret_short,tp,10351.7,10321.7
2026-04-02 10:00:00+00:00,2026-04-02 10:15:00+00:00,-15.0,-1,ret_short,,ret_short,sl,10339.7,10354.7
2026-04-02 10:15:00+00:00,2026-04-02 10:30:00+00:00,30.0,-1,ret_short,,ret_short,tp,10362.3,10332.3
2026-04-02 11:00:00+00:00,2026-04-02 11:15:00+00:00,-15.0,-1,ret_short,,ret_short,sl,10396.0,10411.0
2026-04-02 11:45:00+00:00,2026-04-02 12:00:00+00:00,-15.0,-1,ret_short,,ret_short,sl,10470.5,10485.5
2026-04-02 12:00:00+00:00,2026-04-02 12:15:00+00:00,30.0,-1,ret_short,,ret_short,tp,10515.5,10485.5
2026-04-02 13:02:00+00:00,2026-04-02 13:12:00+00:00,-80.0,-1,short_impulse,,si,sl,,
2026-04-06 08:00:00+00:00,2026-04-06 08:15:00+00:00,-15.0,-1,ret_short,,ret_short,sl,10252.2,10267.2
2026-04-06 09:30:00+00:00,2026-04-06 09:45:00+00:00,-15.0,-1,ret_short,,ret_short,sl,10236.0,10251.0
2026-04-06 11:00:00+00:00,2026-04-06 11:15:00+00:00,-15.0,-1,ret_short,,ret_short,sl,10307.3,10322.3
2026-04-06 13:30:00+00:00,2026-04-06 13:45:00+00:00,30.0,-1,ret_short,,ret_short,tp,10465.2,10435.2
2026-04-06 16:15:00+00:00,2026-04-06 16:30:00+00:00,30.0,-1,ret_short,,ret_short,tp,10376.9,10346.9
2026-04-07 09:45:00+00:00,2026-04-07 10:00:00+00:00,30.0,-1,ret_short,,ret_short,tp,10420.0,10390.0
2026-04-07 11:30:00+00:00,2026-04-07 11:45:00+00:00,30.0,1,ret,,ret,tp,10576.8,10606.8
2026-04-07 11:45:00+00:00,2026-04-07 12:00:00+00:00,-15.0,-1,ret_short,,ret_short,sl,10658.3,10673.3
2026-04-07 12:30:00+00:00,2026-04-07 12:45:00+00:00,30.0,-1,ret_short,,ret_short,tp,10626.5,10596.5
2026-04-07 13:30:00+00:00,2026-04-07 13:45:00+00:00,30.0,-1,ret_short,,ret_short,tp,10670.8,10640.8
2026-04-07 13:45:00+00:00,2026-04-07 14:00:00+00:00,-15.0,-1,ret_short,,ret_short,sl,10684.7,10699.7
2026-04-07 14:45:00+00:00,2026-04-07 15:00:00+00:00,-15.0,-1,ret_short,,ret_short,sl,10704.1,10719.1
2026-04-07 15:11:00+00:00,2026-04-07 15:30:00+00:00,120.0,-1,short_impulse,,si,tp,,
2026-04-07 15:30:00+00:00,2026-04-07 15:45:00+00:00,-15.0,1,ret,,ret,sl,10651.7,10636.7
2026-04-07 16:00:00+00:00,2026-04-07 16:15:00+00:00,30.0,-1,ret_short,,ret_short,tp,10605.6,10575.6
2026-04-07 16:45:00+00:00,2026-04-07 17:00:00+00:00,30.0,-1,ret_short,,ret_short,tp,10615.4,10585.4
2026-04-08 09:45:00+00:00,2026-04-08 10:00:00+00:00,-15.0,1,ret,,ret,sl,8978.1,8963.1
2026-04-08 10:45:00+00:00,2026-04-08 11:00:00+00:00,30.0,-1,ret_short,,ret_short,tp,8987.0,8957.0
2026-04-08 12:15:00+00:00,2026-04-08 12:30:00+00:00,-30.0,1,wr90,,wr90,swing_break,8921.9,8891.9
2026-04-08 13:15:00+00:00,2026-04-08 13:30:00+00:00,-15.0,-1,ret_short,,ret_short,sl,8814.3,8829.3
2026-04-08 15:15:00+00:00,2026-04-08 15:30:00+00:00,30.0,-1,ret_short,,ret_short,tp,9124.4,9094.4
2026-04-09 08:15:00+00:00,2026-04-09 08:30:00+00:00,-15.0,1,long_retrace,,long_ret,sl,9352.5,9337.5
2026-04-09 09:45:00+00:00,2026-04-09 10:00:00+00:00,30.0,1,long_retrace,,long_ret,tp,9331.1,9361.1
2026-04-09 11:30:00+00:00,2026-04-09 11:45:00+00:00,-15.0,1,ret,,ret,sl,9396.7,9381.7
2026-04-09 12:00:00+00:00,2026-04-09 12:15:00+00:00,-15.0,1,long_retrace,,long_ret,sl,9409.6,9394.6
2026-04-09 12:15:00+00:00,2026-04-09 12:30:00+00:00,30.0,1,ret,,ret,tp,9391.7,9421.7
2026-04-09 13:15:00+00:00,2026-04-09 13:30:00+00:00,30.0,1,ret,,ret,tp,9397.4,9427.4
2026-04-09 14:00:00+00:00,2026-04-09 14:15:00+00:00,30.0,1,ret,,ret,tp,9481.0,9511.0
2026-04-09 16:30:00+00:00,2026-04-09 16:45:00+00:00,30.0,1,long_retrace,,long_ret,tp,9257.6,9287.6
2026-04-10 07:45:00+00:00,2026-04-10 08:00:00+00:00,-15.0,1,ret,,ret,sl,9405.0,9390.0
2026-04-10 11:30:00+00:00,2026-04-10 12:00:00+00:00,30.0,1,ret,,ret,tp,9253.7,9283.7
2026-04-10 12:45:00+00:00,2026-04-10 13:00:00+00:00,-15.0,1,long_retrace,,long_ret,sl,9270.9,9255.9
2026-04-10 13:15:00+00:00,2026-04-10 13:30:00+00:00,-15.0,-1,ret_short,,ret_short,sl,9265.1,9280.1
2026-04-10 13:30:00+00:00,2026-04-10 13:45:00+00:00,30.0,-1,ret_short,,ret_short,tp,9301.3,9271.3
2026-04-10 14:00:00+00:00,2026-04-10 14:15:00+00:00,-15.0,1,ret,,ret,sl,9260.0,9245.0
2026-04-10 15:00:00+00:00,2026-04-10 15:15:00+00:00,-15.0,-1,ret_short,,ret_short,sl,9298.1,9313.1
2026-04-10 15:45:00+00:00,2026-04-10 16:00:00+00:00,30.0,-1,ret_short,,ret_short,tp,9381.1,9351.1
2026-04-10 16:00:00+00:00,2026-04-10 16:15:00+00:00,-15.0,1,ret,,ret,sl,9363.0,9348.0
2026-04-13 07:00:00+00:00,2026-04-13 07:15:00+00:00,-15.0,-1,ret_short,,ret_short,sl,9706.9,9721.9
2026-04-13 07:45:00+00:00,2026-04-13 08:00:00+00:00,-15.0,1,long_retrace,,long_ret,sl,9739.5,9724.5
2026-04-13 08:00:00+00:00,2026-04-13 08:15:00+00:00,-15.0,1,long_retrace,,long_ret,sl,9765.2,9750.2
2026-04-13 09:15:00+00:00,2026-04-13 10:15:00+00:00,-15.0,-1,ret_short,,ret_short,sl,9808.9,9823.9
2026-04-13 11:15:00+00:00,2026-04-13 11:45:00+00:00,-15.0,-1,ret_short,,ret_short,sl,9757.4,9772.4
2026-04-13 11:45:00+00:00,2026-04-13 12:00:00+00:00,30.0,-1,ret_short,,ret_short,tp,9785.8,9755.8
2026-04-13 14:15:00+00:00,2026-04-13 14:30:00+00:00,30.0,-1,ret_short,,ret_short,tp,9603.9,9573.9
2026-04-13 15:30:00+00:00,2026-04-13 15:45:00+00:00,-15.0,-1,ret_short,,ret_short,sl,9708.3,9723.3
2026-04-14 09:15:00+00:00,2026-04-14 09:30:00+00:00,-15.0,-1,ret_short,,ret_short,sl,9303.0,9318.0
2026-04-14 10:30:00+00:00,2026-04-14 10:45:00+00:00,-15.0,-1,ret_short,,ret_short,sl,9340.5,9355.5
2026-04-14 11:00:00+00:00,2026-04-14 11:30:00+00:00,30.0,-1,ret_short,,ret_short,tp,9352.3,9322.3
2026-04-14 11:58:00+00:00,2026-04-14 13:28:00+00:00,82.0,-1,short_impulse,,si,timeout,,
2026-04-14 15:00:00+00:00,2026-04-14 15:15:00+00:00,30.0,-1,ret_short,,ret_short,tp,9069.1,9039.1
2026-04-15 07:00:00+00:00,2026-04-15 07:15:00+00:00,30.0,1,long_retrace,,long_ret,tp,8881.5,8911.5
2026-04-15 07:15:00+00:00,2026-04-15 07:30:00+00:00,-15.0,1,long_retrace,,long_ret,sl,8914.1,8899.1
2026-04-15 07:30:00+00:00,2026-04-15 07:45:00+00:00,-15.0,1,ret,,ret,sl,8878.3,8863.3
2026-04-15 07:45:00+00:00,2026-04-15 08:00:00+00:00,30.0,1,ret,,ret,tp,8863.7,8893.7
2026-04-15 08:45:00+00:00,2026-04-15 09:00:00+00:00,30.0,1,ret,,ret,tp,8937.1,8967.1
2026-04-15 09:00:00+00:00,2026-04-15 09:15:00+00:00,30.0,-1,ret_short,,ret_short,tp,9009.8,8979.8
2026-04-15 09:45:00+00:00,2026-04-15 10:00:00+00:00,-15.0,1,ret,,ret,sl,9002.7,8987.7
2026-04-15 10:15:00+00:00,2026-04-15 10:30:00+00:00,30.0,-1,ret_short,,ret_short,tp,9058.3,9028.3
2026-04-15 10:30:00+00:00,2026-04-15 10:45:00+00:00,-15.0,1,ret,,ret,sl,9037.0,9022.0
2026-04-15 11:00:00+00:00,2026-04-15 11:15:00+00:00,-15.0,1,ret,,ret,sl,9025.1,9010.1
2026-04-15 13:30:00+00:00,2026-04-15 13:45:00+00:00,-15.0,1,long_retrace,,long_ret,sl,8882.4,8867.4
2026-04-15 13:45:00+00:00,2026-04-15 14:00:00+00:00,-15.0,1,ret,,ret,sl,8868.0,8853.0
2026-04-15 14:15:00+00:00,2026-04-15 14:30:00+00:00,30.0,1,ret,,ret,tp,8837.1,8867.1
2026-04-15 14:45:00+00:00,2026-04-15 15:00:00+00:00,30.0,1,long_retrace,,long_ret,tp,8960.9,8990.9
2026-04-15 16:15:00+00:00,2026-04-15 16:30:00+00:00,-15.0,1,ret,,ret,sl,8920.1,8905.1
2026-04-16 11:15:00+00:00,2026-04-16 11:45:00+00:00,30.0,-1,ret_short,,ret_short,tp,8906.8,8876.8
2026-04-16 12:15:00+00:00,2026-04-16 12:30:00+00:00,30.0,1,long_retrace,,long_ret,tp,8907.5,8937.5
2026-04-16 12:45:00+00:00,2026-04-16 13:00:00+00:00,-15.0,1,long_retrace,,long_ret,sl,8971.3,8956.3
2026-04-16 13:15:00+00:00,2026-04-16 13:30:00+00:00,30.0,1,ret,,ret,tp,8933.9,8963.9
2026-04-16 14:30:00+00:00,2026-04-16 14:45:00+00:00,30.0,1,ret,,ret,tp,9065.1,9095.1
2026-04-16 15:45:00+00:00,2026-04-16 16:00:00+00:00,30.0,1,ret,,ret,tp,9071.7,9101.7
2026-04-16 16:00:00+00:00,2026-04-16 16:15:00+00:00,-15.0,1,long_retrace,,long_ret,sl,9097.5,9082.5
2026-04-16 16:15:00+00:00,2026-04-16 16:30:00+00:00,30.0,1,ret,,ret,tp,9076.3,9106.3
2026-04-17 10:15:00+00:00,2026-04-17 10:30:00+00:00,-15.0,-1,ret_short,,ret_short,sl,8803.9,8818.9
2026-04-17 10:30:00+00:00,2026-04-17 10:45:00+00:00,-15.0,1,long_retrace,,long_ret,sl,8840.1,8825.1
2026-04-17 12:00:00+00:00,2026-04-17 12:15:00+00:00,-15.0,1,ret,,ret,sl,8790.8,8775.8
2026-04-17 12:30:00+00:00,2026-04-17 12:45:00+00:00,30.0,-1,ret_short,,ret_short,tp,8717.6,8687.6
2026-04-17 14:45:00+00:00,2026-04-17 15:00:00+00:00,-15.0,-1,ret_short,,ret_short,sl,8021.1,8036.1
2026-04-17 15:00:00+00:00,2026-04-17 15:15:00+00:00,-15.0,-1,ret_short,,ret_short,sl,8081.7,8096.7
2026-04-17 15:15:00+00:00,2026-04-17 15:30:00+00:00,30.0,-1,ret_short,,ret_short,tp,8170.9,8140.9
2026-04-17 16:15:00+00:00,2026-04-17 16:30:00+00:00,30.0,-1,ret_short,,ret_short,tp,8193.3,8163.299999999999
2026-04-20 07:15:00+00:00,2026-04-20 07:30:00+00:00,-15.0,-1,ret_short,,ret_short,sl,8732.4,8747.4
2026-04-20 09:45:00+00:00,2026-04-20 10:00:00+00:00,30.0,-1,ret_short,,ret_short,tp,8761.3,8731.3
2026-04-20 10:30:00+00:00,2026-04-20 10:45:00+00:00,-15.0,-1,ret_short,,ret_short,sl,8735.3,8750.3
2026-04-20 10:45:00+00:00,2026-04-20 11:00:00+00:00,-15.0,-1,ret_short,,ret_short,sl,8748.8,8763.8
2026-04-20 12:30:00+00:00,2026-04-20 12:45:00+00:00,30.0,-1,ret_short,,ret_short,tp,8726.5,8696.5
2026-04-20 15:45:00+00:00,2026-04-20 16:00:00+00:00,-15.0,-1,ret_short,,ret_short,sl,8733.0,8748.0
2026-04-21 08:00:00+00:00,2026-04-21 08:15:00+00:00,-15.0,1,long_retrace,,long_ret,sl,8662.3,8647.3
2026-04-21 08:30:00+00:00,2026-04-21 08:45:00+00:00,30.0,1,ret,,ret,tp,8602.9,8632.9
2026-04-21 08:45:00+00:00,2026-04-21 09:00:00+00:00,30.0,1,long_retrace,,long_ret,tp,8677.0,8707.0
2026-04-21 09:15:00+00:00,2026-04-21 09:30:00+00:00,-15.0,1,ret,,ret,sl,8680.1,8665.1
2026-04-21 09:45:00+00:00,2026-04-21 10:00:00+00:00,-15.0,1,ret,,ret,sl,8667.8,8652.8
2026-04-21 10:00:00+00:00,2026-04-21 10:30:00+00:00,-15.0,1,ret,,ret,sl,8650.9,8635.9
2026-04-21 10:45:00+00:00,2026-04-21 11:00:00+00:00,30.0,1,long_retrace,,long_ret,tp,8662.2,8692.2
2026-04-21 12:15:00+00:00,2026-04-21 12:30:00+00:00,30.0,1,ret,,ret,tp,8719.8,8749.8
2026-04-22 07:45:00+00:00,2026-04-22 08:00:00+00:00,30.0,1,long_retrace,,long_ret,tp,8919.3,8949.3
2026-04-22 09:30:00+00:00,2026-04-22 09:45:00+00:00,-15.0,-1,ret_short,,ret_short,sl,9022.2,9037.2
2026-04-22 11:00:00+00:00,2026-04-22 11:15:00+00:00,-15.0,-1,ret_short,,ret_short,sl,9018.8,9033.8
2026-04-22 11:30:00+00:00,2026-04-22 11:45:00+00:00,30.0,-1,ret_short,,ret_short,tp,9031.1,9001.1
2026-04-22 12:15:00+00:00,2026-04-22 12:30:00+00:00,-15.0,-1,ret_short,,ret_short,sl,9027.7,9042.7
2026-04-22 12:30:00+00:00,2026-04-22 12:45:00+00:00,-15.0,-1,ret_short,,ret_short,sl,9072.5,9087.5
2026-04-22 12:45:00+00:00,2026-04-22 13:00:00+00:00,30.0,-1,ret_short,,ret_short,tp,9119.5,9089.5
2026-04-22 14:00:00+00:00,2026-04-22 14:15:00+00:00,-15.0,1,ret,,ret,sl,9123.8,9108.8
2026-04-22 15:08:00+00:00,2026-04-22 15:35:00+00:00,-80.0,-1,short_impulse,,si,sl,,
2026-04-23 07:00:00+00:00,2026-04-23 07:15:00+00:00,30.0,1,ret,,ret,tp,9387.9,9417.9
2026-04-23 08:30:00+00:00,2026-04-23 09:00:00+00:00,-15.0,-1,ret_short,,ret_short,sl,9454.8,9469.8
2026-04-23 12:45:00+00:00,2026-04-23 18:30:00+00:00,269.0,1,wr90,,wr90,ny_close,9281.5,9550.5
2026-04-24 07:00:00+00:00,2026-04-24 07:15:00+00:00,-15.0,1,ret,,ret,sl,9570.1,9555.1
2026-04-24 07:30:00+00:00,2026-04-24 07:45:00+00:00,-15.0,-1,ret_short,,ret_short,sl,9599.0,9614.0
2026-04-24 08:16:00+00:00,2026-04-24 09:46:00+00:00,-20.200000000000728,-1,short_impulse,,si,timeout,,
2026-04-24 11:30:00+00:00,2026-04-24 11:45:00+00:00,30.0,1,long_retrace,,long_ret,tp,9397.1,9427.1
2026-04-24 13:30:00+00:00,2026-04-24 13:45:00+00:00,30.0,-1,ret_short,,ret_short,tp,9469.8,9439.8
2026-04-24 14:45:00+00:00,2026-04-24 15:00:00+00:00,-15.0,-1,ret_short,,ret_short,sl,9440.8,9455.8
2026-04-27 10:30:00+00:00,2026-04-27 10:45:00+00:00,-15.0,1,ret,,ret,sl,9431.7,9416.7
2026-04-27 12:30:00+00:00,2026-04-27 12:45:00+00:00,-15.0,-1,ret_short,,ret_short,sl,9509.0,9524.0
2026-04-27 13:30:00+00:00,2026-04-27 13:45:00+00:00,-15.0,1,long_retrace,,long_ret,sl,9521.7,9506.7
2026-04-27 13:45:00+00:00,2026-04-27 14:00:00+00:00,30.0,1,ret,,ret,tp,9458.0,9488.0
2026-04-27 14:00:00+00:00,2026-04-27 14:15:00+00:00,-15.0,-1,ret_short,,ret_short,sl,9480.8,9495.8
2026-04-27 14:15:00+00:00,2026-04-27 14:30:00+00:00,30.0,-1,ret_short,,ret_short,tp,9503.3,9473.3
2026-04-27 14:45:00+00:00,2026-04-27 15:00:00+00:00,-15.0,-1,ret_short,,ret_short,sl,9548.3,9563.3
2026-04-27 15:00:00+00:00,2026-04-27 15:15:00+00:00,-15.0,-1,ret_short,,ret_short,sl,9582.1,9597.1
2026-04-27 15:15:00+00:00,2026-04-27 15:30:00+00:00,-15.0,1,ret,,ret,sl,9570.0,9555.0
2026-04-27 15:30:00+00:00,2026-04-27 15:45:00+00:00,-15.0,1,ret,,ret,sl,9547.1,9532.1
2026-04-27 15:45:00+00:00,2026-04-27 16:45:00+00:00,30.0,1,ret,,ret,tp,9500.0,9530.0
2026-04-28 08:15:00+00:00,2026-04-28 08:30:00+00:00,30.0,1,ret,,ret,tp,9699.7,9729.7
2026-04-28 11:30:00+00:00,2026-04-28 11:45:00+00:00,30.0,1,ret,,ret,tp,9913.5,9943.5
2026-04-28 12:00:00+00:00,2026-04-28 12:15:00+00:00,-15.0,1,ret,,ret,sl,9903.7,9888.7
2026-04-28 12:45:00+00:00,2026-04-28 13:00:00+00:00,30.0,1,ret,,ret,tp,9799.9,9829.9
2026-04-28 13:00:00+00:00,2026-04-28 13:15:00+00:00,-15.0,1,long_retrace,,long_ret,sl,9885.8,9870.8
2026-04-28 14:00:00+00:00,2026-04-28 14:15:00+00:00,-15.0,1,long_retrace,,long_ret,sl,9861.5,9846.5
2026-04-28 14:15:00+00:00,2026-04-28 14:30:00+00:00,30.0,1,ret,,ret,tp,9849.9,9879.9
2026-04-28 14:45:00+00:00,2026-04-28 15:00:00+00:00,30.0,1,ret,,ret,tp,9791.6,9821.6
2026-04-28 15:30:00+00:00,2026-04-28 15:45:00+00:00,-15.0,1,long_retrace,,long_ret,sl,9834.8,9819.8
2026-04-28 16:15:00+00:00,2026-04-28 16:30:00+00:00,-15.0,1,ret,,ret,sl,9818.6,9803.6
2026-04-29 08:00:00+00:00,2026-04-29 08:15:00+00:00,-15.0,-1,ret_short,,ret_short,sl,10091.9,10106.9
2026-04-29 08:15:00+00:00,2026-04-29 08:30:00+00:00,-15.0,-1,ret_short,,ret_short,sl,10124.1,10139.1
2026-04-29 08:45:00+00:00,2026-04-29 09:00:00+00:00,-15.0,-1,ret_short,,ret_short,sl,10182.2,10197.2
2026-04-29 09:15:00+00:00,2026-04-29 09:30:00+00:00,-15.0,1,ret,,ret,sl,10175.0,10160.0
2026-04-29 10:00:00+00:00,2026-04-29 10:15:00+00:00,-15.0,1,ret,,ret,sl,10169.4,10154.4
2026-04-29 11:45:00+00:00,2026-04-29 12:00:00+00:00,-15.0,1,long_retrace,,long_ret,sl,10171.3,10156.3
2026-04-29 12:00:00+00:00,2026-04-29 12:15:00+00:00,30.0,1,ret,,ret,tp,10143.8,10173.8
2026-04-29 13:15:00+00:00,2026-04-29 13:30:00+00:00,-15.0,-1,ret_short,,ret_short,sl,10279.9,10294.9
2026-04-29 13:30:00+00:00,2026-04-29 13:45:00+00:00,-15.0,-1,ret_short,,ret_short,sl,10306.4,10321.4
2026-04-29 15:15:00+00:00,2026-04-29 15:30:00+00:00,-15.0,-1,ret_short,,ret_short,sl,10364.8,10379.8
2026-04-29 15:30:00+00:00,2026-04-29 15:45:00+00:00,-15.0,-1,ret_short,,ret_short,sl,10387.3,10402.3
2026-04-29 16:45:00+00:00,2026-04-29 17:00:00+00:00,-15.0,-1,ret_short,,ret_short,sl,10496.5,10511.5
2026-04-30 08:00:00+00:00,2026-04-30 08:15:00+00:00,30.0,1,ret,,ret,tp,10573.3,10603.3
2026-04-30 08:45:00+00:00,2026-04-30 09:00:00+00:00,30.0,1,long_retrace,,long_ret,tp,10571.8,10601.8
2026-04-30 10:45:00+00:00,2026-04-30 11:00:00+00:00,-15.0,1,ret,,ret,sl,10421.7,10406.7
2026-04-30 11:45:00+00:00,2026-04-30 13:00:00+00:00,-30.0,1,wr90,,wr90,swing_break,10244.5,10214.5
2026-04-30 13:00:00+00:00,2026-04-30 13:15:00+00:00,30.0,1,ret,,ret,tp,10207.8,10237.8
2026-04-30 13:15:00+00:00,2026-04-30 13:30:00+00:00,-15.0,-1,ret_short,,ret_short,sl,10246.5,10261.5
2026-04-30 15:00:00+00:00,2026-04-30 15:15:00+00:00,-15.0,1,ret,,ret,sl,10274.8,10259.8
2026-04-30 16:15:00+00:00,2026-04-30 16:30:00+00:00,-15.0,-1,ret_short,,ret_short,sl,10256.5,10271.5
2026-05-01 11:00:00+00:00,2026-05-01 11:15:00+00:00,-15.0,1,ret,,ret,sl,10283.3,10268.3
2026-05-01 13:15:00+00:00,2026-05-01 13:30:00+00:00,-15.0,1,ret,,ret,sl,10067.6,10052.6
2026-05-01 14:15:00+00:00,2026-05-01 14:30:00+00:00,-15.0,-1,ret_short,,ret_short,sl,9867.3,9882.3
2026-05-01 14:30:00+00:00,2026-05-01 14:45:00+00:00,-15.0,-1,ret_short,,ret_short,sl,9958.8,9973.8
2026-05-01 15:30:00+00:00,2026-05-01 15:45:00+00:00,30.0,1,ret,,ret,tp,9928.8,9958.8
2026-05-01 16:15:00+00:00,2026-05-01 16:30:00+00:00,30.0,-1,ret_short,,ret_short,tp,10044.0,10014.0
2026-05-04 07:45:00+00:00,2026-05-04 08:00:00+00:00,-15.0,-1,ret_short,,ret_short,sl,10075.6,10090.6
2026-05-04 08:15:00+00:00,2026-05-04 08:30:00+00:00,-15.0,1,ret,,ret,sl,10106.0,10091.0
2026-05-04 08:30:00+00:00,2026-05-04 09:00:00+00:00,-15.0,1,ret,,ret,sl,10058.9,10043.9
2026-05-04 09:00:00+00:00,2026-05-04 09:15:00+00:00,30.0,1,ret,,ret,tp,10009.5,10039.5
2026-05-04 09:15:00+00:00,2026-05-04 09:30:00+00:00,-15.0,1,long_retrace,,long_ret,sl,10061.0,10046.0
2026-05-04 09:30:00+00:00,2026-05-04 10:00:00+00:00,30.0,1,ret,,ret,tp,10029.7,10059.7
2026-05-04 11:15:00+00:00,2026-05-04 11:30:00+00:00,30.0,1,ret,,ret,tp,10242.4,10272.4
2026-05-04 12:00:00+00:00,2026-05-04 12:15:00+00:00,-15.0,1,ret,,ret,sl,10076.6,10061.6
2026-05-04 12:30:00+00:00,2026-05-04 12:45:00+00:00,30.0,1,ret,,ret,tp,10001.5,10031.5
2026-05-04 12:45:00+00:00,2026-05-04 13:00:00+00:00,30.0,1,long_retrace,,long_ret,tp,10022.3,10052.3
2026-05-04 14:30:00+00:00,2026-05-04 18:30:00+00:00,333.89999999999964,1,wr90,,wr90,ny_close,10037.5,10371.4
2026-05-05 07:15:00+00:00,2026-05-05 07:30:00+00:00,30.0,-1,ret_short,,ret_short,tp,10219.6,10189.6
2026-05-05 09:00:00+00:00,2026-05-05 09:15:00+00:00,30.0,-1,ret_short,,ret_short,tp,10202.2,10172.2
2026-05-05 11:00:00+00:00,2026-05-05 11:15:00+00:00,30.0,-1,ret_short,,ret_short,tp,10264.8,10234.8
2026-05-06 08:15:00+00:00,2026-05-06 08:30:00+00:00,30.0,-1,ret_short,,ret_short,tp,9697.8,9667.8
2026-05-06 11:30:00+00:00,2026-05-06 11:45:00+00:00,-15.0,-1,ret_short,,ret_short,sl,8976.6,8991.6
2026-05-06 11:45:00+00:00,2026-05-06 12:00:00+00:00,-15.0,-1,ret_short,,ret_short,sl,9079.8,9094.8
2026-05-06 12:00:00+00:00,2026-05-06 12:15:00+00:00,30.0,-1,ret_short,,ret_short,tp,9295.4,9265.4
2026-05-06 14:15:00+00:00,2026-05-06 14:30:00+00:00,30.0,-1,ret_short,,ret_short,tp,9347.8,9317.8
2026-05-06 16:30:00+00:00,2026-05-06 16:45:00+00:00,-15.0,-1,ret_short,,ret_short,sl,9298.2,9313.2
2026-05-07 09:00:00+00:00,2026-05-07 09:15:00+00:00,30.0,-1,ret_short,,ret_short,tp,9109.4,9079.4
2026-05-07 12:45:00+00:00,2026-05-07 13:00:00+00:00,-15.0,-1,ret_short,,ret_short,sl,8874.2,8889.2
2026-05-07 13:00:00+00:00,2026-05-07 13:15:00+00:00,30.0,-1,ret_short,,ret_short,tp,8981.3,8951.3
2026-05-07 14:15:00+00:00,2026-05-07 14:30:00+00:00,-15.0,-1,ret_short,,ret_short,sl,8905.1,8920.1
2026-05-07 15:00:00+00:00,2026-05-07 15:15:00+00:00,-15.0,-1,ret_short,,ret_short,sl,8980.1,8995.1
2026-05-07 15:45:00+00:00,2026-05-07 16:00:00+00:00,-15.0,-1,ret_short,,ret_short,sl,9121.9,9136.9
2026-05-07 16:00:00+00:00,2026-05-07 16:15:00+00:00,-15.0,-1,ret_short,,ret_short,sl,9197.1,9212.1
2026-05-08 09:30:00+00:00,2026-05-08 09:45:00+00:00,30.0,1,long_retrace,,long_ret,tp,9231.0,9261.0
2026-05-08 10:15:00+00:00,2026-05-08 10:30:00+00:00,-15.0,1,ret,,ret,sl,9232.5,9217.5
2026-05-08 11:15:00+00:00,2026-05-08 11:30:00+00:00,30.0,1,ret,,ret,tp,9237.6,9267.6
2026-05-08 11:30:00+00:00,2026-05-08 11:45:00+00:00,-15.0,1,long_retrace,,long_ret,sl,9271.9,9256.9
2026-05-08 14:15:00+00:00,2026-05-08 14:30:00+00:00,30.0,1,long_retrace,,long_ret,tp,9322.4,9352.4
2026-05-08 14:45:00+00:00,2026-05-08 15:00:00+00:00,30.0,1,long_retrace,,long_ret,tp,9314.3,9344.3
2026-05-08 15:30:00+00:00,2026-05-08 15:45:00+00:00,-15.0,1,long_retrace,,long_ret,sl,9364.6,9349.6
2026-05-08 16:00:00+00:00,2026-05-08 16:15:00+00:00,-15.0,1,long_retrace,,long_ret,sl,9351.4,9336.4
2026-05-08 16:15:00+00:00,2026-05-08 16:30:00+00:00,30.0,1,ret,,ret,tp,9332.7,9362.7
2026-05-11 07:00:00+00:00,2026-05-11 07:15:00+00:00,-15.0,1,long_retrace,,long_ret,sl,9639.0,9624.0
2026-05-11 08:15:00+00:00,2026-05-11 08:30:00+00:00,-15.0,1,long_retrace,,long_ret,sl,9507.2,9492.2
2026-05-11 09:00:00+00:00,2026-05-11 09:15:00+00:00,-15.0,1,ret,,ret,sl,9497.6,9482.6
2026-05-11 09:45:00+00:00,2026-05-11 10:00:00+00:00,-15.0,1,long_retrace,,long_ret,sl,9541.9,9526.9
2026-05-11 10:15:00+00:00,2026-05-11 10:30:00+00:00,-15.0,1,long_retrace,,long_ret,sl,9499.4,9484.4
2026-05-11 10:30:00+00:00,2026-05-11 10:45:00+00:00,-15.0,1,long_retrace,,long_ret,sl,9509.7,9494.7
2026-05-11 10:45:00+00:00,2026-05-11 11:00:00+00:00,-15.0,1,long_retrace,,long_ret,sl,9530.5,9515.5
2026-05-11 11:00:00+00:00,2026-05-11 11:45:00+00:00,30.0,1,ret,,ret,tp,9520.7,9550.7
2026-05-11 12:00:00+00:00,2026-05-11 12:15:00+00:00,-15.0,1,long_retrace,,long_ret,sl,9590.2,9575.2
2026-05-11 12:30:00+00:00,2026-05-11 12:45:00+00:00,-15.0,-1,ret_short,,ret_short,sl,9520.1,9535.1
2026-05-11 14:00:00+00:00,2026-05-11 16:45:00+00:00,224.1999999999989,1,wr90,,wr90,structure_change,9446.6,9670.8
2026-05-12 07:15:00+00:00,2026-05-12 07:45:00+00:00,30.0,1,ret,,ret,tp,9759.3,9789.3
2026-05-12 08:45:00+00:00,2026-05-12 09:00:00+00:00,30.0,1,ret,,ret,tp,9812.2,9842.2
2026-05-12 09:45:00+00:00,2026-05-12 10:00:00+00:00,-15.0,1,ret,,ret,sl,9837.4,9822.4
2026-05-12 11:15:00+00:00,2026-05-12 12:00:00+00:00,30.0,1,ret,,ret,tp,9853.1,9883.1
2026-05-12 12:00:00+00:00,2026-05-12 12:15:00+00:00,30.0,1,long_retrace,,long_ret,tp,9879.9,9909.9
2026-05-12 12:30:00+00:00,2026-05-12 12:45:00+00:00,-15.0,1,ret,,ret,sl,9867.1,9852.1
2026-05-12 12:45:00+00:00,2026-05-12 13:00:00+00:00,30.0,1,ret,,ret,tp,9820.0,9850.0
2026-05-12 13:15:00+00:00,2026-05-12 13:30:00+00:00,30.0,1,long_retrace,,long_ret,tp,9904.5,9934.5
2026-05-12 13:45:00+00:00,2026-05-12 14:00:00+00:00,-15.0,1,long_retrace,,long_ret,sl,9916.7,9901.7
2026-05-12 14:00:00+00:00,2026-05-12 14:15:00+00:00,30.0,1,ret,,ret,tp,9886.4,9916.4
2026-05-12 14:15:00+00:00,2026-05-12 14:30:00+00:00,-15.0,1,long_retrace,,long_ret,sl,9919.9,9904.9
2026-05-12 14:30:00+00:00,2026-05-12 14:45:00+00:00,30.0,1,ret,,ret,tp,9880.8,9910.8
2026-05-12 14:45:00+00:00,2026-05-12 15:00:00+00:00,-15.0,1,long_retrace,,long_ret,sl,9922.9,9907.9
2026-05-12 15:30:00+00:00,2026-05-12 15:45:00+00:00,30.0,1,ret,,ret,tp,9867.4,9897.4
2026-05-12 15:45:00+00:00,2026-05-12 16:00:00+00:00,-15.0,1,long_retrace,,long_ret,sl,9892.5,9877.5
2026-05-12 16:00:00+00:00,2026-05-12 16:15:00+00:00,30.0,1,ret,,ret,tp,9873.2,9903.2
2026-05-12 16:15:00+00:00,2026-05-12 17:00:00+00:00,-15.0,1,long_retrace,,long_ret,sl,9903.0,9888.0
2026-05-13 07:15:00+00:00,2026-05-13 07:45:00+00:00,30.0,1,ret,,ret,tp,9790.6,9820.6
2026-05-13 08:45:00+00:00,2026-05-13 09:00:00+00:00,30.0,1,ret,,ret,tp,9873.1,9903.1
2026-05-13 09:15:00+00:00,2026-05-13 09:45:00+00:00,-15.0,1,ret,,ret,sl,9862.5,9847.5
2026-05-13 09:45:00+00:00,2026-05-13 10:15:00+00:00,30.0,1,ret,,ret,tp,9845.9,9875.9
2026-05-13 11:00:00+00:00,2026-05-13 11:15:00+00:00,-15.0,1,ret,,ret,sl,9921.4,9906.4
2026-05-13 11:15:00+00:00,2026-05-13 11:30:00+00:00,-15.0,1,ret,,ret,sl,9911.3,9896.3
2026-05-13 11:30:00+00:00,2026-05-13 12:00:00+00:00,-15.0,1,ret,,ret,sl,9887.6,9872.6
2026-05-13 12:45:00+00:00,2026-05-13 13:00:00+00:00,-15.0,1,ret,,ret,sl,9911.2,9896.2
2026-05-13 13:15:00+00:00,2026-05-13 13:30:00+00:00,-15.0,1,long_retrace,,long_ret,sl,9914.2,9899.2
2026-05-13 13:30:00+00:00,2026-05-13 13:45:00+00:00,30.0,1,ret,,ret,tp,9886.5,9916.5
2026-05-13 13:45:00+00:00,2026-05-13 14:00:00+00:00,30.0,1,long_retrace,,long_ret,tp,9927.8,9957.8
2026-05-14 07:45:00+00:00,2026-05-14 08:00:00+00:00,-15.0,-1,ret_short,,ret_short,sl,9837.7,9852.7
2026-05-14 09:15:00+00:00,2026-05-14 09:45:00+00:00,30.0,-1,ret_short,,ret_short,tp,9814.6,9784.6
2026-05-14 10:30:00+00:00,2026-05-14 10:45:00+00:00,30.0,-1,ret_short,,ret_short,tp,9768.7,9738.7
2026-05-14 11:15:00+00:00,2026-05-14 11:45:00+00:00,-15.0,1,ret,,ret,sl,9727.9,9712.9
2026-05-14 12:15:00+00:00,2026-05-14 12:30:00+00:00,-15.0,1,long_retrace,,long_ret,sl,9692.4,9677.4
2026-05-14 12:30:00+00:00,2026-05-14 12:45:00+00:00,-15.0,1,long_retrace,,long_ret,sl,9704.4,9689.4
2026-05-14 12:45:00+00:00,2026-05-14 13:00:00+00:00,30.0,1,ret,,ret,tp,9677.5,9707.5
2026-05-14 14:00:00+00:00,2026-05-14 14:15:00+00:00,30.0,1,long_retrace,,long_ret,tp,9761.2,9791.2
2026-05-14 15:00:00+00:00,2026-05-14 15:15:00+00:00,-15.0,1,long_retrace,,long_ret,sl,9733.3,9718.3
2026-05-14 15:45:00+00:00,2026-05-14 16:00:00+00:00,-15.0,1,long_retrace,,long_ret,sl,9732.4,9717.4
2026-05-14 16:00:00+00:00,2026-05-14 16:15:00+00:00,-15.0,1,ret,,ret,sl,9701.4,9686.4
2026-05-14 16:15:00+00:00,2026-05-14 17:00:00+00:00,30.0,1,long_retrace,,long_ret,tp,9721.3,9751.3
2026-05-15 08:15:00+00:00,2026-05-15 08:30:00+00:00,-15.0,-1,ret_short,,ret_short,sl,10099.6,10114.6
2026-05-15 09:30:00+00:00,2026-05-15 09:45:00+00:00,-15.0,-1,ret_short,,ret_short,sl,10104.9,10119.9
2026-05-15 09:45:00+00:00,2026-05-15 10:00:00+00:00,30.0,-1,ret_short,,ret_short,tp,10132.7,10102.7
2026-05-15 11:15:00+00:00,2026-05-15 11:30:00+00:00,30.0,1,long_retrace,,long_ret,tp,10020.6,10050.6
2026-05-15 11:30:00+00:00,2026-05-15 11:45:00+00:00,30.0,1,long_retrace,,long_ret,tp,10037.8,10067.8
2026-05-15 11:45:00+00:00,2026-05-15 12:15:00+00:00,-15.0,1,long_retrace,,long_ret,sl,10061.1,10046.1
2026-05-15 12:45:00+00:00,2026-05-15 13:00:00+00:00,-15.0,1,ret,,ret,sl,10039.0,10024.0
2026-05-15 13:00:00+00:00,2026-05-15 13:15:00+00:00,-15.0,1,ret,,ret,sl,10003.1,9988.1
2026-05-15 13:45:00+00:00,2026-05-15 14:00:00+00:00,-15.0,1,long_retrace,,long_ret,sl,10042.3,10027.3
2026-05-15 14:00:00+00:00,2026-05-15 14:15:00+00:00,30.0,1,ret,,ret,tp,9996.2,10026.2
2026-05-15 14:30:00+00:00,2026-05-15 14:45:00+00:00,30.0,1,long_retrace,,long_ret,tp,10068.0,10098.0
2026-05-15 15:15:00+00:00,2026-05-15 15:30:00+00:00,30.0,1,ret,,ret,tp,10065.3,10095.3
2026-05-15 16:00:00+00:00,2026-05-15 16:15:00+00:00,-15.0,1,ret,,ret,sl,10135.7,10120.7
2026-05-15 16:15:00+00:00,2026-05-15 17:00:00+00:00,-15.0,1,ret,,ret,sl,10120.5,10105.5
2026-05-18 07:45:00+00:00,2026-05-18 08:00:00+00:00,-15.0,1,long_retrace,,long_ret,sl,10230.0,10215.0
2026-05-18 08:45:00+00:00,2026-05-18 09:00:00+00:00,30.0,1,ret,,ret,tp,10193.7,10223.7
2026-05-18 09:00:00+00:00,2026-05-18 09:15:00+00:00,30.0,1,long_retrace,,long_ret,tp,10217.3,10247.3
2026-05-18 09:45:00+00:00,2026-05-18 10:30:00+00:00,30.0,1,long_retrace,,long_ret,tp,10229.6,10259.6
2026-05-18 10:45:00+00:00,2026-05-18 11:00:00+00:00,30.0,1,long_retrace,,long_ret,tp,10252.3,10282.3
2026-05-18 12:00:00+00:00,2026-05-18 12:15:00+00:00,-15.0,-1,ret_short,,ret_short,sl,10137.0,10152.0
2026-05-18 14:15:00+00:00,2026-05-18 14:30:00+00:00,-15.0,-1,ret_short,,ret_short,sl,10139.0,10154.0
2026-05-18 14:30:00+00:00,2026-05-18 14:45:00+00:00,-15.0,-1,ret_short,,ret_short,sl,10206.7,10221.7
2026-05-18 15:15:00+00:00,2026-05-18 15:30:00+00:00,30.0,-1,ret_short,,ret_short,tp,10302.2,10272.2
2026-05-19 07:00:00+00:00,2026-05-19 07:45:00+00:00,-15.0,1,ret,,ret,sl,10350.3,10335.3
2026-05-19 10:00:00+00:00,2026-05-19 10:30:00+00:00,30.0,1,long_retrace,,long_ret,tp,10298.6,10328.6
2026-05-19 10:45:00+00:00,2026-05-19 11:00:00+00:00,30.0,1,ret,,ret,tp,10336.3,10366.3
2026-05-19 11:30:00+00:00,2026-05-19 12:00:00+00:00,-15.0,1,ret,,ret,sl,10369.0,10354.0
2026-05-19 12:00:00+00:00,2026-05-19 12:15:00+00:00,-15.0,1,ret,,ret,sl,10350.8,10335.8
2026-05-19 12:45:00+00:00,2026-05-19 13:00:00+00:00,-15.0,1,long_retrace,,long_ret,sl,10343.0,10328.0
2026-05-19 13:30:00+00:00,2026-05-19 13:45:00+00:00,-15.0,1,ret,,ret,sl,10403.0,10388.0
2026-05-19 15:45:00+00:00,2026-05-19 16:15:00+00:00,-15.0,1,long_retrace,,long_ret,sl,10373.0,10358.0
2026-05-20 07:00:00+00:00,2026-05-20 07:15:00+00:00,30.0,-1,ret_short,,ret_short,tp,10283.9,10253.9
2026-05-20 08:15:00+00:00,2026-05-20 08:30:00+00:00,-15.0,1,ret,,ret,sl,10259.8,10244.8
2026-05-20 09:00:00+00:00,2026-05-20 09:15:00+00:00,-15.0,-1,ret_short,,ret_short,sl,10229.0,10244.0
2026-05-20 09:30:00+00:00,2026-05-20 09:45:00+00:00,-15.0,-1,ret_short,,ret_short,sl,10233.6,10248.6
2026-05-20 10:45:00+00:00,2026-05-20 11:00:00+00:00,-15.0,-1,ret_short,,ret_short,sl,10127.8,10142.8
2026-05-20 11:00:00+00:00,2026-05-20 11:15:00+00:00,-15.0,-1,ret_short,,ret_short,sl,10172.8,10187.8
2026-05-20 12:45:00+00:00,2026-05-20 13:00:00+00:00,30.0,-1,ret_short,,ret_short,tp,10144.0,10114.0
2026-05-20 13:15:00+00:00,2026-05-20 13:30:00+00:00,-15.0,-1,ret_short,,ret_short,sl,10179.5,10194.5
2026-05-20 13:45:00+00:00,2026-05-20 14:00:00+00:00,30.0,-1,ret_short,,ret_short,tp,10204.8,10174.8
2026-05-21 08:30:00+00:00,2026-05-21 08:45:00+00:00,30.0,-1,ret_short,,ret_short,tp,9906.5,9876.5
2026-05-21 08:45:00+00:00,2026-05-21 09:00:00+00:00,-15.0,1,ret,,ret,sl,9824.2,9809.2
2026-05-21 11:30:00+00:00,2026-05-21 12:00:00+00:00,-15.0,-1,ret_short,,ret_short,sl,10026.8,10041.8
2026-05-21 13:00:00+00:00,2026-05-21 13:15:00+00:00,-15.0,-1,ret_short,,ret_short,sl,10146.6,10161.6
2026-05-21 14:00:00+00:00,2026-05-21 14:15:00+00:00,30.0,-1,ret_short,,ret_short,tp,10085.0,10055.0
2026-05-21 14:30:00+00:00,2026-05-21 14:45:00+00:00,-15.0,-1,ret_short,,ret_short,sl,10073.3,10088.3
2026-05-21 14:45:00+00:00,2026-05-21 15:00:00+00:00,-15.0,-1,ret_short,,ret_short,sl,10101.1,10116.1
2026-05-22 07:45:00+00:00,2026-05-22 08:00:00+00:00,-15.0,1,ret,,ret,sl,9811.6,9796.6
2026-05-22 08:00:00+00:00,2026-05-22 08:15:00+00:00,-15.0,1,long_retrace,,long_ret,sl,9825.6,9810.6
2026-05-22 13:15:00+00:00,2026-05-22 13:30:00+00:00,30.0,1,long_retrace,,long_ret,tp,9624.2,9654.2
2026-05-22 15:45:00+00:00,2026-05-22 16:00:00+00:00,-15.0,-1,ret_short,,ret_short,sl,9668.5,9683.5
2026-05-25 08:00:00+00:00,2026-05-25 08:15:00+00:00,-15.0,-1,ret_short,,ret_short,sl,9132.6,9147.6
2026-05-25 08:15:00+00:00,2026-05-25 08:30:00+00:00,30.0,-1,ret_short,,ret_short,tp,9183.1,9153.1
2026-05-25 09:15:00+00:00,2026-05-25 09:30:00+00:00,30.0,-1,ret_short,,ret_short,tp,9123.7,9093.7
2026-05-25 11:15:00+00:00,2026-05-25 11:30:00+00:00,30.0,-1,ret_short,,ret_short,tp,9063.6,9033.6
2026-05-25 12:15:00+00:00,2026-05-25 12:30:00+00:00,-15.0,-1,ret_short,,ret_short,sl,9031.8,9046.8
2026-05-25 12:30:00+00:00,2026-05-25 12:45:00+00:00,-15.0,-1,ret_short,,ret_short,sl,9056.1,9071.1
2026-05-25 12:45:00+00:00,2026-05-25 13:00:00+00:00,-15.0,-1,ret_short,,ret_short,sl,9088.9,9103.9
2026-05-25 14:00:00+00:00,2026-05-25 14:15:00+00:00,30.0,-1,ret_short,,ret_short,tp,9093.1,9063.1
2026-05-25 14:30:00+00:00,2026-05-25 14:45:00+00:00,-15.0,-1,ret_short,,ret_short,sl,9076.5,9091.5
2026-05-25 15:45:00+00:00,2026-05-25 16:00:00+00:00,-15.0,-1,ret_short,,ret_short,sl,9053.8,9068.8
2026-05-26 07:15:00+00:00,2026-05-26 07:30:00+00:00,30.0,1,ret,,ret,tp,9170.0,9200.0
2026-05-26 07:45:00+00:00,2026-05-26 08:00:00+00:00,-15.0,1,ret,,ret,sl,9189.4,9174.4
2026-05-26 08:45:00+00:00,2026-05-26 09:00:00+00:00,-15.0,1,ret,,ret,sl,9259.3,9244.3
2026-05-26 11:00:00+00:00,2026-05-26 11:15:00+00:00,-15.0,1,long_retrace,,long_ret,sl,9177.4,9162.4
2026-05-26 13:15:00+00:00,2026-05-26 13:30:00+00:00,-15.0,1,long_retrace,,long_ret,sl,9237.3,9222.3
2026-05-27 09:00:00+00:00,2026-05-27 09:15:00+00:00,-15.0,1,ret,,ret,sl,8932.8,8917.8
2026-05-27 10:15:00+00:00,2026-05-27 10:30:00+00:00,-15.0,1,long_retrace,,long_ret,sl,8958.9,8943.9
2026-05-27 11:15:00+00:00,2026-05-27 11:30:00+00:00,-15.0,1,long_retrace,,long_ret,sl,8994.9,8979.9
2026-05-27 12:30:00+00:00,2026-05-27 12:45:00+00:00,30.0,1,long_retrace,,long_ret,tp,8800.1,8830.1
2026-05-27 13:15:00+00:00,2026-05-27 13:30:00+00:00,-15.0,-1,ret_short,,ret_short,sl,8895.8,8910.8
2026-05-27 14:00:00+00:00,2026-05-27 14:15:00+00:00,30.0,-1,ret_short,,ret_short,tp,8915.9,8885.9
2026-05-27 14:15:00+00:00,2026-05-27 14:30:00+00:00,30.0,1,ret,,ret,tp,8888.8,8918.8
2026-05-27 14:30:00+00:00,2026-05-27 14:45:00+00:00,-15.0,-1,ret_short,,ret_short,sl,8990.2,9005.2
2026-05-27 16:00:00+00:00,2026-05-27 16:15:00+00:00,30.0,-1,ret_short,,ret_short,tp,8951.1,8921.1
2026-05-27 16:45:00+00:00,2026-05-27 17:00:00+00:00,-15.0,-1,ret_short,,ret_short,sl,8914.2,8929.2
2026-05-28 07:15:00+00:00,2026-05-28 07:30:00+00:00,-15.0,1,long_retrace,,long_ret,sl,9047.2,9032.2
2026-05-28 10:00:00+00:00,2026-05-28 10:15:00+00:00,30.0,1,ret,,ret,tp,8934.8,8964.8
2026-05-28 10:15:00+00:00,2026-05-28 10:30:00+00:00,30.0,1,long_retrace,,long_ret,tp,8952.5,8982.5
2026-05-28 10:30:00+00:00,2026-05-28 10:45:00+00:00,30.0,1,long_retrace,,long_ret,tp,9004.9,9034.9
2026-05-28 11:00:00+00:00,2026-05-28 11:15:00+00:00,-15.0,1,long_retrace,,long_ret,sl,9048.3,9033.3
2026-05-28 13:00:00+00:00,2026-05-28 13:15:00+00:00,-15.0,-1,ret_short,,ret_short,sl,9008.0,9023.0
2026-05-28 13:15:00+00:00,2026-05-28 13:30:00+00:00,-15.0,-1,ret_short,,ret_short,sl,9019.5,9034.5
2026-05-28 15:00:00+00:00,2026-05-28 15:15:00+00:00,-15.0,-1,ret_short,,ret_short,sl,8900.0,8915.0
2026-05-28 15:30:00+00:00,2026-05-28 16:00:00+00:00,30.0,-1,ret_short,,ret_short,tp,8924.3,8894.3
2026-05-29 08:30:00+00:00,2026-05-29 08:45:00+00:00,30.0,-1,ret_short,,ret_short,tp,8819.1,8789.1
2026-05-29 10:15:00+00:00,2026-05-29 10:30:00+00:00,30.0,-1,ret_short,,ret_short,tp,8703.0,8673.0
2026-05-29 10:45:00+00:00,2026-05-29 11:00:00+00:00,-15.0,-1,ret_short,,ret_short,sl,8670.9,8685.9
2026-05-29 11:30:00+00:00,2026-05-29 11:45:00+00:00,-15.0,-1,ret_short,,ret_short,sl,8700.6,8715.6
2026-05-29 12:00:00+00:00,2026-05-29 12:30:00+00:00,30.0,-1,ret_short,,ret_short,tp,8723.6,8693.6
2026-05-29 13:00:00+00:00,2026-05-29 13:15:00+00:00,-15.0,-1,ret_short,,ret_short,sl,8678.4,8693.4
2026-05-29 14:15:00+00:00,2026-05-29 14:30:00+00:00,-15.0,-1,ret_short,,ret_short,sl,8769.6,8784.6
2026-05-29 15:15:00+00:00,2026-05-29 15:30:00+00:00,-15.0,-1,ret_short,,ret_short,sl,8653.4,8668.4
2026-05-29 15:30:00+00:00,2026-05-29 15:45:00+00:00,-15.0,-1,ret_short,,ret_short,sl,8679.3,8694.3
2026-05-29 16:00:00+00:00,2026-05-29 16:15:00+00:00,30.0,-1,ret_short,,ret_short,tp,8708.2,8678.2
2026-06-01 13:15:00+00:00,2026-06-01 13:30:00+00:00,30.0,-1,ret_short,,ret_short,tp,9145.4,9115.4
2026-06-01 13:30:00+00:00,2026-06-01 13:45:00+00:00,-15.0,-1,ret_short,,ret_short,sl,9185.9,9200.9
2026-06-01 13:45:00+00:00,2026-06-01 14:00:00+00:00,30.0,-1,ret_short,,ret_short,tp,9294.2,9264.2
2026-06-02 13:15:00+00:00,2026-06-02 13:30:00+00:00,-15.0,-1,ret_short,,ret_short,sl,9083.5,9098.5
2026-06-05 14:15:00+00:00,2026-06-05 15:00:00+00:00,-30.0,1,wr90,,wr90,swing_break,8992.0,8962.0
2026-06-08 14:00:00+00:00,2026-06-08 17:30:00+00:00,-30.0,1,wr90,,wr90,swing_break,9003.4,8973.4
2026-06-09 08:45:00+00:00,2026-06-09 09:00:00+00:00,30.0,-1,ret_short,,ret_short,tp,8815.0,8785.0
2026-06-09 10:00:00+00:00,2026-06-09 10:45:00+00:00,30.0,-1,ret_short,,ret_short,tp,8821.7,8791.7
2026-06-09 11:00:00+00:00,2026-06-09 11:15:00+00:00,-15.0,-1,ret_short,,ret_short,sl,8807.1,8822.1
2026-06-09 14:00:00+00:00,2026-06-09 14:15:00+00:00,-30.0,1,wr90,,wr90,swing_break,8700.0,8670.0
2026-06-09 14:30:00+00:00,2026-06-09 14:45:00+00:00,30.0,-1,ret_short,,ret_short,tp,8703.0,8673.0
2026-06-10 07:15:00+00:00,2026-06-10 07:30:00+00:00,-15.0,-1,ret_short,,ret_short,sl,8710.5,8725.5
2026-06-10 08:00:00+00:00,2026-06-10 08:15:00+00:00,-15.0,-1,ret_short,,ret_short,sl,8747.5,8762.5
2026-06-10 09:30:00+00:00,2026-06-10 09:45:00+00:00,-15.0,1,long_retrace,,long_ret,sl,8732.6,8717.6
2026-06-10 09:45:00+00:00,2026-06-10 10:00:00+00:00,30.0,1,ret,,ret,tp,8688.0,8718.0
2026-06-10 10:00:00+00:00,2026-06-10 10:15:00+00:00,-15.0,1,long_retrace,,long_ret,sl,8724.5,8709.5
2026-06-10 10:15:00+00:00,2026-06-10 10:30:00+00:00,-15.0,1,ret,,ret,sl,8709.5,8694.5
2026-06-10 10:30:00+00:00,2026-06-10 11:00:00+00:00,30.0,1,ret,,ret,tp,8678.3,8708.3
2026-06-10 13:00:00+00:00,2026-06-10 13:15:00+00:00,-15.0,1,long_retrace,,long_ret,sl,8844.5,8829.5
2026-06-10 13:15:00+00:00,2026-06-10 13:30:00+00:00,-15.0,1,ret,,ret,sl,8828.8,8813.8
2026-06-10 13:45:00+00:00,2026-06-10 14:00:00+00:00,-15.0,1,long_retrace,,long_ret,sl,8867.7,8852.7
2026-06-10 15:00:00+00:00,2026-06-10 15:15:00+00:00,-15.0,1,ret,,ret,sl,8865.5,8850.5
2026-06-10 15:15:00+00:00,2026-06-10 15:30:00+00:00,30.0,1,ret,,ret,tp,8850.4,8880.4
2026-06-10 15:30:00+00:00,2026-06-10 15:45:00+00:00,30.0,1,long_retrace,,long_ret,tp,8887.0,8917.0
2026-06-10 16:30:00+00:00,2026-06-10 17:00:00+00:00,-15.0,1,long_retrace,,long_ret,sl,8989.6,8974.6
2026-06-11 09:15:00+00:00,2026-06-11 09:30:00+00:00,30.0,1,ret,,ret,tp,8826.9,8856.9
2026-06-11 11:45:00+00:00,2026-06-11 12:15:00+00:00,30.0,1,long_retrace,,long_ret,tp,8796.2,8826.2
2026-06-11 13:00:00+00:00,2026-06-11 13:15:00+00:00,-15.0,-1,ret_short,,ret_short,sl,8926.0,8941.0
2026-06-11 14:15:00+00:00,2026-06-11 14:45:00+00:00,-15.0,1,long_retrace,,long_ret,sl,8897.1,8882.1
2026-06-11 15:45:00+00:00,2026-06-11 16:00:00+00:00,-15.0,1,ret,,ret,sl,8967.4,8952.4
2026-06-12 07:00:00+00:00,2026-06-12 07:15:00+00:00,30.0,-1,ret_short,,ret_short,tp,8514.9,8484.9
2026-06-12 08:45:00+00:00,2026-06-12 09:15:00+00:00,-30.0,1,wr90,,wr90,swing_break,8277.2,8247.2
2026-06-12 10:15:00+00:00,2026-06-12 10:30:00+00:00,-15.0,-1,ret_short,,ret_short,sl,8376.0,8391.0
2026-06-12 13:45:00+00:00,2026-06-12 14:00:00+00:00,30.0,-1,ret_short,,ret_short,tp,8580.3,8550.3
2026-06-12 14:53:00+00:00,2026-06-12 15:21:00+00:00,120.0,-1,short_impulse,,si,tp,,
2026-06-12 16:15:00+00:00,2026-06-12 16:45:00+00:00,-15.0,-1,ret_short,,ret_short,sl,8363.7,8378.7
2026-06-16 12:45:00+00:00,2026-06-16 13:00:00+00:00,30.0,1,long_retrace,,long_ret,tp,7658.0,7688.0
2026-06-16 13:00:00+00:00,2026-06-16 13:15:00+00:00,-15.0,-1,ret_short,,ret_short,sl,7680.7,7695.7
2026-06-16 13:30:00+00:00,2026-06-16 13:45:00+00:00,-15.0,-1,ret_short,,ret_short,sl,7717.1,7732.1
2026-06-16 14:00:00+00:00,2026-06-16 14:15:00+00:00,30.0,-1,ret_short,,ret_short,tp,7707.0,7677.0
2026-06-16 15:00:00+00:00,2026-06-16 15:15:00+00:00,-15.0,1,long_retrace,,long_ret,sl,7655.7,7640.7
2026-06-16 16:15:00+00:00,2026-06-16 16:30:00+00:00,-15.0,1,ret,,ret,sl,7521.1,7506.1
2026-06-18 07:00:00+00:00,2026-06-18 07:15:00+00:00,-15.0,-1,ret_short,,ret_short,sl,7439.7,7454.7
2026-06-18 07:30:00+00:00,2026-06-18 07:45:00+00:00,30.0,1,ret,,ret,tp,7431.1,7461.1
2026-06-18 08:30:00+00:00,2026-06-18 09:00:00+00:00,30.0,1,ret,,ret,tp,7407.7,7437.7
2026-06-18 09:45:00+00:00,2026-06-18 10:00:00+00:00,30.0,1,ret,,ret,tp,7380.8,7410.8
2026-06-18 10:00:00+00:00,2026-06-18 10:15:00+00:00,30.0,1,long_retrace,,long_ret,tp,7404.7,7434.7
2026-06-18 10:15:00+00:00,2026-06-18 10:30:00+00:00,30.0,1,long_retrace,,long_ret,tp,7433.7,7463.7
2026-06-18 10:30:00+00:00,2026-06-18 10:45:00+00:00,-15.0,-1,ret_short,,ret_short,sl,7490.6,7505.6
2026-06-18 10:45:00+00:00,2026-06-18 11:00:00+00:00,-15.0,1,ret,,ret,sl,7470.5,7455.5
2026-06-18 11:15:00+00:00,2026-06-18 11:45:00+00:00,30.0,-1,ret_short,,ret_short,tp,7486.0,7456.0
2026-06-18 11:45:00+00:00,2026-06-18 12:00:00+00:00,30.0,-1,ret_short,,ret_short,tp,7475.1,7445.1
2026-06-18 12:15:00+00:00,2026-06-18 12:30:00+00:00,-15.0,-1,ret_short,,ret_short,sl,7460.8,7475.8
2026-06-18 14:30:00+00:00,2026-06-18 15:15:00+00:00,30.0,-1,ret_short,,ret_short,tp,7354.0,7324.0
2026-06-19 13:15:00+00:00,2026-06-19 13:45:00+00:00,30.0,1,long_retrace,,long_ret,tp,7578.1,7608.1
2026-06-19 16:45:00+00:00,2026-06-21 22:00:00+00:00,104.90000000000056,1,ret,,ret,ny_close,7665.2,7770.1
2026-06-22 07:45:00+00:00,2026-06-22 08:00:00+00:00,30.0,1,ret,,ret,tp,7563.2,7593.2
2026-06-22 14:30:00+00:00,2026-06-22 14:45:00+00:00,30.0,-1,ret_short,,ret_short,tp,7418.5,7388.5
2026-06-22 16:15:00+00:00,2026-06-22 17:30:00+00:00,-30.0,1,wr90,,wr90,swing_break,7368.4,7338.4
2026-06-23 12:30:00+00:00,2026-06-23 12:45:00+00:00,-15.0,-1,ret_short,,ret_short,sl,7334.8,7349.8
2026-06-24 14:00:00+00:00,2026-06-24 14:15:00+00:00,-15.0,-1,ret_short,,ret_short,sl,6992.7,7007.7
2026-06-24 14:15:00+00:00,2026-06-24 14:45:00+00:00,-30.0,1,wr90,,wr90,swing_break,7019.2,6989.2
2026-06-24 15:15:00+00:00,2026-06-24 15:30:00+00:00,30.0,1,long_retrace,,long_ret,tp,6999.9,7029.9
2026-06-24 15:45:00+00:00,2026-06-24 16:00:00+00:00,-15.0,1,long_retrace,,long_ret,sl,7044.9,7029.9
2026-06-24 16:15:00+00:00,2026-06-24 16:30:00+00:00,30.0,1,long_retrace,,long_ret,tp,7060.2,7090.2
2026-06-26 08:00:00+00:00,2026-06-26 08:15:00+00:00,30.0,-1,ret_short,,ret_short,tp,7007.2,6977.2
2026-06-26 10:30:00+00:00,2026-06-26 11:00:00+00:00,30.0,1,long_retrace,,long_ret,tp,6938.2,6968.2
2026-06-26 12:00:00+00:00,2026-06-26 12:15:00+00:00,-15.0,1,ret,,ret,sl,6974.8,6959.8
2026-06-26 12:30:00+00:00,2026-06-26 12:45:00+00:00,-15.0,1,ret,,ret,sl,6949.3,6934.3
