2026-05-14 20:02:36,529 | INFO | --- AlphaGold v13 Bot Startup ---
2026-05-14 20:02:36,529 | INFO | Execution Config: {
  "tp": 40.0,
  "sl": 25.0,
  "horizon": 45,
  "s1_threshold": 0.5,
  "s2_threshold": 0.55,
  "spread_default": 0.25,
  "size": 1.0,
  "take_profit_pct": 0.8
}
2026-05-14 20:02:36,530 | INFO | Target Config: {
  "tp": 20.0,
  "sl": 10.0,
  "horizon": 45,
  "er_threshold": 0.3,
  "move_threshold": 10.0
}
2026-05-14 20:02:36,530 | INFO | Filter Config: {
  "min_bar_move": 3.0,
  "min_volume": 250
}
2026-05-14 20:02:37,406 | INFO | Performing cache warmup (syncing latest from IG and loading 2500 bars from DB)...
2026-05-14 20:02:40,676 | INFO | Cache warmed up with 2500 rows from database.
2026-05-14 20:02:40,676 | INFO | Bot execution loop started.
2026-05-14 20:03:05,407 | INFO | Polling IG (stream update)...
2026-05-14 20:03:05,769 | INFO | [2026-05-14 12:03:00+00:00] Bar filtered (move=0.14, vol=39.0) — thresholds move>3.0, vol>250
2026-05-14 20:03:30,537 | INFO | Account Update: Equity=624.64, P&L=0.0
2026-05-14 20:03:30,537 | INFO | Polling IG (stream update)...
2026-05-14 20:03:30,836 | INFO | [2026-05-14 12:03:00+00:00] Bar filtered (move=0.23, vol=147.0) — thresholds move>3.0, vol>250
2026-05-14 20:04:05,299 | INFO | Polling IG (stream update)...
2026-05-14 20:04:05,664 | INFO | [2026-05-14 12:04:00+00:00] Bar filtered (move=0.38, vol=34.0) — thresholds move>3.0, vol>250
2026-05-14 20:04:30,425 | INFO | Account Update: Equity=624.64, P&L=0.0
2026-05-14 20:04:30,426 | INFO | Polling IG (stream update)...
2026-05-14 20:04:30,745 | INFO | [2026-05-14 12:04:00+00:00] Bar filtered (move=0.87, vol=157.0) — thresholds move>3.0, vol>250
2026-05-14 20:05:05,204 | INFO | Polling IG (stream update)...
2026-05-14 20:05:05,522 | INFO | [2026-05-14 12:05:00+00:00] Bar filtered (move=1.90, vol=34.0) — thresholds move>3.0, vol>250
2026-05-14 20:05:30,803 | INFO | Account Update: Equity=624.64, P&L=0.0
2026-05-14 20:05:30,803 | INFO | Polling IG (stream update)...
2026-05-14 20:05:31,187 | INFO | [2026-05-14 12:05:00+00:00] Bar filtered (move=1.53, vol=169.0) — thresholds move>3.0, vol>250
2026-05-14 20:06:05,161 | INFO | Polling IG (stream update)...
2026-05-14 20:06:05,491 | INFO | [2026-05-14 12:06:00+00:00] Bar filtered (move=0.39, vol=39.0) — thresholds move>3.0, vol>250
2026-05-14 20:06:30,821 | INFO | Account Update: Equity=624.64, P&L=0.0
2026-05-14 20:06:30,821 | INFO | Polling IG (stream update)...
2026-05-14 20:06:31,208 | INFO | [2026-05-14 12:06:00+00:00] Bar filtered (move=0.17, vol=146.0) — thresholds move>3.0, vol>250
2026-05-14 20:07:05,176 | INFO | Polling IG (stream update)...
2026-05-14 20:07:05,498 | INFO | [2026-05-14 12:07:00+00:00] Bar filtered (move=0.35, vol=33.0) — thresholds move>3.0, vol>250
2026-05-14 20:07:30,745 | INFO | Account Update: Equity=624.64, P&L=0.0
2026-05-14 20:07:30,745 | INFO | Polling IG (stream update)...
2026-05-14 20:07:31,094 | INFO | [2026-05-14 12:07:00+00:00] Bar filtered (move=1.08, vol=157.0) — thresholds move>3.0, vol>250
2026-05-14 20:08:05,033 | INFO | Polling IG (stream update)...
2026-05-14 20:08:05,394 | INFO | [2026-05-14 12:08:00+00:00] Bar filtered (move=0.01, vol=19.0) — thresholds move>3.0, vol>250
2026-05-14 20:08:30,680 | INFO | Account Update: Equity=624.64, P&L=0.0
2026-05-14 20:08:30,681 | INFO | Polling IG (stream update)...
2026-05-14 20:08:31,003 | INFO | [2026-05-14 12:08:00+00:00] Bar filtered (move=0.32, vol=122.0) — thresholds move>3.0, vol>250
2026-05-14 20:09:05,481 | INFO | Polling IG (stream update)...
2026-05-14 20:09:06,466 | INFO | [2026-05-14 12:09:00+00:00] Bar filtered (move=0.14, vol=17.0) — thresholds move>3.0, vol>250
2026-05-14 20:09:30,694 | INFO | Account Update: Equity=624.64, P&L=0.0
2026-05-14 20:09:30,694 | INFO | Polling IG (stream update)...
2026-05-14 20:09:30,999 | INFO | [2026-05-14 12:09:00+00:00] Bar filtered (move=0.01, vol=74.0) — thresholds move>3.0, vol>250
2026-05-14 20:10:05,447 | INFO | Polling IG (stream update)...
2026-05-14 20:10:05,789 | INFO | [2026-05-14 12:10:00+00:00] Bar filtered (move=0.35, vol=20.0) — thresholds move>3.0, vol>250
2026-05-14 20:10:30,512 | INFO | Account Update: Equity=624.64, P&L=0.0
2026-05-14 20:10:30,512 | INFO | Polling IG (stream update)...
2026-05-14 20:10:30,806 | INFO | [2026-05-14 12:10:00+00:00] Bar filtered (move=0.01, vol=137.0) — thresholds move>3.0, vol>250
2026-05-14 20:11:05,284 | INFO | Polling IG (stream update)...
2026-05-14 20:11:05,593 | INFO | [2026-05-14 12:11:00+00:00] Bar filtered (move=0.15, vol=32.0) — thresholds move>3.0, vol>250
2026-05-14 20:11:30,831 | INFO | Account Update: Equity=624.64, P&L=0.0
2026-05-14 20:11:30,831 | INFO | Polling IG (stream update)...
2026-05-14 20:11:31,131 | INFO | [2026-05-14 12:11:00+00:00] Bar filtered (move=0.84, vol=116.0) — thresholds move>3.0, vol>250
2026-05-14 20:12:05,079 | INFO | Polling IG (stream update)...
2026-05-14 20:12:05,590 | INFO | [2026-05-14 12:12:00+00:00] Bar filtered (move=0.05, vol=18.0) — thresholds move>3.0, vol>250
2026-05-14 20:12:30,917 | INFO | Account Update: Equity=624.64, P&L=0.0
2026-05-14 20:12:30,917 | INFO | Polling IG (stream update)...
2026-05-14 20:12:31,224 | INFO | [2026-05-14 12:12:00+00:00] Bar filtered (move=0.23, vol=92.0) — thresholds move>3.0, vol>250
2026-05-14 20:13:05,186 | INFO | Polling IG (stream update)...
2026-05-14 20:13:05,491 | INFO | [2026-05-14 12:13:00+00:00] Bar filtered (move=0.45, vol=36.0) — thresholds move>3.0, vol>250
2026-05-14 20:13:30,718 | INFO | Account Update: Equity=624.64, P&L=0.0
2026-05-14 20:13:30,718 | INFO | Polling IG (stream update)...
2026-05-14 20:13:31,050 | INFO | [2026-05-14 12:13:00+00:00] Bar filtered (move=0.97, vol=190.0) — thresholds move>3.0, vol>250
2026-05-14 20:14:05,018 | INFO | Polling IG (stream update)...
2026-05-14 20:14:05,379 | INFO | [2026-05-14 12:14:00+00:00] Bar filtered (move=0.51, vol=29.0) — thresholds move>3.0, vol>250
2026-05-14 20:14:30,613 | INFO | Account Update: Equity=624.64, P&L=0.0
2026-05-14 20:14:30,613 | INFO | Polling IG (stream update)...
2026-05-14 20:14:31,001 | INFO | [2026-05-14 12:14:00+00:00] Bar filtered (move=0.00, vol=165.0) — thresholds move>3.0, vol>250
2026-05-14 20:15:05,469 | INFO | Polling IG (stream update)...
2026-05-14 20:15:05,790 | INFO | [2026-05-14 12:15:00+00:00] Bar filtered (move=0.36, vol=34.0) — thresholds move>3.0, vol>250
2026-05-14 20:15:30,542 | INFO | Account Update: Equity=624.64, P&L=0.0
2026-05-14 20:15:30,543 | INFO | Polling IG (stream update)...
2026-05-14 20:15:30,876 | INFO | [2026-05-14 12:15:00+00:00] Bar filtered (move=1.81, vol=153.0) — thresholds move>3.0, vol>250
2026-05-14 20:16:05,357 | INFO | Polling IG (stream update)...
2026-05-14 20:16:05,715 | INFO | [2026-05-14 12:16:00+00:00] Bar filtered (move=0.15, vol=43.0) — thresholds move>3.0, vol>250
2026-05-14 20:16:30,478 | INFO | Account Update: Equity=624.64, P&L=0.0
2026-05-14 20:16:30,479 | INFO | Polling IG (stream update)...
2026-05-14 20:16:30,807 | INFO | [2026-05-14 12:16:00+00:00] Bar filtered (move=1.10, vol=174.0) — thresholds move>3.0, vol>250
2026-05-14 20:17:05,279 | INFO | Polling IG (stream update)...
2026-05-14 20:17:05,621 | INFO | [2026-05-14 12:17:00+00:00] Bar filtered (move=0.48, vol=18.0) — thresholds move>3.0, vol>250
2026-05-14 20:17:30,839 | INFO | Account Update: Equity=624.64, P&L=0.0
2026-05-14 20:17:30,839 | INFO | Polling IG (stream update)...
2026-05-14 20:17:31,147 | INFO | [2026-05-14 12:17:00+00:00] Bar filtered (move=1.44, vol=108.0) — thresholds move>3.0, vol>250
2026-05-14 20:18:05,130 | INFO | Polling IG (stream update)...
2026-05-14 20:18:05,442 | INFO | [2026-05-14 12:18:00+00:00] Bar filtered (move=0.07, vol=18.0) — thresholds move>3.0, vol>250
2026-05-14 20:18:30,675 | INFO | Account Update: Equity=624.64, P&L=0.0
2026-05-14 20:18:30,675 | INFO | Polling IG (stream update)...
2026-05-14 20:18:31,019 | INFO | [2026-05-14 12:18:00+00:00] Bar filtered (move=0.15, vol=108.0) — thresholds move>3.0, vol>250
2026-05-14 20:19:04,836 | INFO | --- AlphaGold v13 Bot Startup ---
2026-05-14 20:19:04,836 | INFO | Execution Config: {
  "tp": 40.0,
  "sl": 25.0,
  "horizon": 45,
  "s1_threshold": 0.5,
  "s2_threshold": 0.55,
  "spread_default": 0.25,
  "size": 2.0,
  "take_profit_pct": 0.8
}
2026-05-14 20:19:04,837 | INFO | Target Config: {
  "tp": 20.0,
  "sl": 10.0,
  "horizon": 45,
  "er_threshold": 0.3,
  "move_threshold": 10.0
}
2026-05-14 20:19:04,837 | INFO | Filter Config: {
  "min_bar_move": 3.0,
  "min_volume": 250
}
2026-05-14 20:19:05,530 | INFO | Performing cache warmup (syncing latest from IG and loading 2500 bars from DB)...
2026-05-14 20:19:08,797 | INFO | Cache warmed up with 2500 rows from database.
2026-05-14 20:19:08,798 | INFO | Bot execution loop started.
2026-05-14 20:19:30,856 | INFO | Account Update: Equity=624.64, P&L=0.0
2026-05-14 20:19:30,857 | INFO | Polling IG (stream update)...
2026-05-14 20:19:31,199 | INFO | [2026-05-14 12:19:00+00:00] Bar filtered (move=0.38, vol=144.0) — thresholds move>3.0, vol>250
2026-05-14 20:20:05,156 | INFO | Polling IG (stream update)...
2026-05-14 20:20:05,484 | INFO | [2026-05-14 12:20:00+00:00] Bar filtered (move=1.04, vol=39.0) — thresholds move>3.0, vol>250
2026-05-14 20:20:30,779 | INFO | Account Update: Equity=624.64, P&L=0.0
2026-05-14 20:20:30,779 | INFO | Polling IG (stream update)...
2026-05-14 20:20:31,086 | INFO | [2026-05-14 12:20:00+00:00] Bar filtered (move=2.40, vol=209.0) — thresholds move>3.0, vol>250
2026-05-14 20:21:05,056 | INFO | Polling IG (stream update)...
2026-05-14 20:21:07,065 | INFO | [2026-05-14 12:21:00+00:00] Bar filtered (move=1.11, vol=55.0) — thresholds move>3.0, vol>250
2026-05-14 20:21:30,793 | INFO | Account Update: Equity=624.64, P&L=0.0
2026-05-14 20:21:30,793 | INFO | Polling IG (stream update)...
2026-05-14 20:21:31,107 | INFO | [2026-05-14 12:21:00+00:00] Bar filtered (move=1.09, vol=202.0) — thresholds move>3.0, vol>250
2026-05-14 20:22:05,082 | INFO | Polling IG (stream update)...
2026-05-14 20:22:05,393 | INFO | [2026-05-14 12:22:00+00:00] Bar filtered (move=0.76, vol=31.0) — thresholds move>3.0, vol>250
2026-05-14 20:22:30,654 | INFO | Account Update: Equity=624.64, P&L=0.0
2026-05-14 20:22:30,654 | INFO | Polling IG (stream update)...
2026-05-14 20:22:30,965 | INFO | [2026-05-14 12:22:00+00:00] Bar filtered (move=1.09, vol=172.0) — thresholds move>3.0, vol>250
2026-05-14 20:23:25,139 | INFO | --- AlphaGold v13 Bot Startup ---
2026-05-14 20:23:25,139 | INFO | Execution Config: {
  "tp": 40.0,
  "sl": 25.0,
  "horizon": 45,
  "s1_threshold": 0.5,
  "s2_threshold": 0.55,
  "spread_default": 0.25,
  "size": 2.0,
  "take_profit_pct": 0.8
}
2026-05-14 20:23:25,139 | INFO | Target Config: {
  "tp": 20.0,
  "sl": 10.0,
  "horizon": 45,
  "er_threshold": 0.3,
  "move_threshold": 10.0
}
2026-05-14 20:23:25,139 | INFO | Filter Config: {
  "min_bar_move": 3.0,
  "min_volume": 250
}
2026-05-14 20:23:25,927 | INFO | Performing cache warmup (syncing latest from IG and loading 2500 bars from DB)...
2026-05-14 20:23:29,495 | INFO | Cache warmed up with 2500 rows from database.
2026-05-14 20:23:29,495 | INFO | Bot execution loop started.
2026-05-14 20:23:30,352 | INFO | Account Update: Equity=624.64, P&L=0.0
2026-05-14 20:23:30,352 | INFO | Polling IG (stream update)...
2026-05-14 20:23:30,708 | INFO | [2026-05-14 12:23:00+00:00] Bar filtered (move=1.56, vol=155.0) — thresholds move>3.0, vol>250
2026-05-14 20:24:05,178 | INFO | Polling IG (stream update)...
2026-05-14 20:24:05,514 | INFO | [2026-05-14 12:24:00+00:00] Bar filtered (move=0.08, vol=24.0) — thresholds move>3.0, vol>250
2026-05-14 20:24:30,739 | INFO | Account Update: Equity=624.64, P&L=0.0
2026-05-14 20:24:30,739 | INFO | Polling IG (stream update)...
2026-05-14 20:24:31,049 | INFO | [2026-05-14 12:24:00+00:00] Bar filtered (move=0.52, vol=105.0) — thresholds move>3.0, vol>250
2026-05-14 20:25:05,030 | INFO | Polling IG (stream update)...
2026-05-14 20:25:05,370 | INFO | [2026-05-14 12:25:00+00:00] Bar filtered (move=0.08, vol=24.0) — thresholds move>3.0, vol>250
2026-05-14 20:25:30,600 | INFO | Account Update: Equity=624.64, P&L=0.0
2026-05-14 20:25:30,600 | INFO | Polling IG (stream update)...
2026-05-14 20:25:30,913 | INFO | [2026-05-14 12:25:00+00:00] Bar filtered (move=0.33, vol=109.0) — thresholds move>3.0, vol>250
2026-05-14 20:26:05,382 | INFO | Polling IG (stream update)...
2026-05-14 20:26:05,698 | INFO | [2026-05-14 12:26:00+00:00] Bar filtered (move=0.38, vol=23.0) — thresholds move>3.0, vol>250
2026-05-14 20:26:30,573 | INFO | Account Update: Equity=624.64, P&L=0.0
2026-05-14 20:26:30,574 | INFO | Polling IG (stream update)...
2026-05-14 20:26:30,897 | INFO | [2026-05-14 12:26:00+00:00] Bar filtered (move=0.87, vol=107.0) — thresholds move>3.0, vol>250
2026-05-14 20:27:05,350 | INFO | Polling IG (stream update)...
2026-05-14 20:27:05,671 | INFO | [2026-05-14 12:27:00+00:00] Bar filtered (move=0.10, vol=27.0) — thresholds move>3.0, vol>250
2026-05-14 20:27:30,413 | INFO | Account Update: Equity=624.64, P&L=0.0
2026-05-14 20:27:30,414 | INFO | Polling IG (stream update)...
2026-05-14 20:27:30,779 | INFO | [2026-05-14 12:27:00+00:00] Bar filtered (move=0.42, vol=105.0) — thresholds move>3.0, vol>250
2026-05-14 20:28:05,249 | INFO | Polling IG (stream update)...
2026-05-14 20:28:05,617 | INFO | [2026-05-14 12:28:00+00:00] Bar filtered (move=0.11, vol=14.0) — thresholds move>3.0, vol>250
2026-05-14 20:28:30,833 | INFO | Account Update: Equity=624.64, P&L=0.0
2026-05-14 20:28:30,834 | INFO | Polling IG (stream update)...
2026-05-14 20:28:31,143 | INFO | [2026-05-14 12:28:00+00:00] Bar filtered (move=0.03, vol=74.0) — thresholds move>3.0, vol>250
2026-05-14 20:29:05,098 | INFO | Polling IG (stream update)...
2026-05-14 20:29:05,404 | INFO | [2026-05-14 12:29:00+00:00] Bar filtered (move=0.09, vol=21.0) — thresholds move>3.0, vol>250
2026-05-14 20:29:30,621 | INFO | Account Update: Equity=624.64, P&L=0.0
2026-05-14 20:29:30,622 | INFO | Polling IG (stream update)...
2026-05-14 20:29:31,038 | INFO | [2026-05-14 12:29:00+00:00] Bar filtered (move=0.29, vol=96.0) — thresholds move>3.0, vol>250
2026-05-14 20:30:05,094 | INFO | Polling IG (stream update)...
2026-05-14 20:30:05,426 | INFO | [2026-05-14 12:30:00+00:00] Bar filtered (move=0.50, vol=30.0) — thresholds move>3.0, vol>250
2026-05-14 20:30:30,861 | INFO | Account Update: Equity=624.64, P&L=0.0
2026-05-14 20:30:30,862 | INFO | Polling IG (stream update)...
2026-05-14 20:30:31,186 | INFO | [2026-05-14 12:30:00+00:00] Bar filtered (move=1.13, vol=175.0) — thresholds move>3.0, vol>250
2026-05-14 20:31:05,326 | INFO | Polling IG (stream update)...
2026-05-14 20:31:05,649 | INFO | [2026-05-14 12:31:00+00:00] Bar filtered (move=0.64, vol=40.0) — thresholds move>3.0, vol>250
2026-05-14 20:31:30,664 | INFO | Account Update: Equity=624.64, P&L=0.0
2026-05-14 20:31:30,664 | INFO | Polling IG (stream update)...
2026-05-14 20:31:31,025 | INFO | [2026-05-14 12:31:00+00:00] Bar filtered (move=0.80, vol=210.0) — thresholds move>3.0, vol>250
2026-05-14 20:32:05,208 | INFO | Polling IG (stream update)...
2026-05-14 20:32:05,517 | INFO | [2026-05-14 12:32:00+00:00] Bar filtered (move=0.50, vol=34.0) — thresholds move>3.0, vol>250
2026-05-14 20:32:30,374 | INFO | Account Update: Equity=624.64, P&L=0.0
2026-05-14 20:32:30,375 | INFO | Polling IG (stream update)...
2026-05-14 20:32:30,694 | INFO | [2026-05-14 12:32:00+00:00] Bar filtered (move=0.51, vol=160.0) — thresholds move>3.0, vol>250
2026-05-14 20:33:05,398 | INFO | Polling IG (stream update)...
2026-05-14 20:33:05,708 | INFO | [2026-05-14 12:33:00+00:00] Bar filtered (move=0.14, vol=27.0) — thresholds move>3.0, vol>250
2026-05-14 20:33:30,627 | INFO | Account Update: Equity=624.64, P&L=0.0
2026-05-14 20:33:30,628 | INFO | Polling IG (stream update)...
2026-05-14 20:33:30,967 | INFO | [2026-05-14 12:33:00+00:00] Bar filtered (move=2.19, vol=150.0) — thresholds move>3.0, vol>250
2026-05-14 20:34:05,150 | INFO | Polling IG (stream update)...
2026-05-14 20:34:05,487 | INFO | [2026-05-14 12:34:00+00:00] Bar filtered (move=0.26, vol=38.0) — thresholds move>3.0, vol>250
2026-05-14 20:34:30,369 | INFO | Account Update: Equity=624.64, P&L=0.0
2026-05-14 20:34:30,371 | INFO | Polling IG (stream update)...
2026-05-14 20:34:30,674 | INFO | [2026-05-14 12:34:00+00:00] Bar filtered (move=0.30, vol=157.0) — thresholds move>3.0, vol>250
2026-05-14 20:35:05,391 | INFO | Polling IG (stream update)...
2026-05-14 20:35:05,699 | INFO | [2026-05-14 12:35:00+00:00] Bar filtered (move=0.08, vol=27.0) — thresholds move>3.0, vol>250
2026-05-14 20:35:30,596 | INFO | Account Update: Equity=624.64, P&L=0.0
2026-05-14 20:35:30,597 | INFO | Polling IG (stream update)...
2026-05-14 20:35:30,963 | INFO | [2026-05-14 12:35:00+00:00] Bar filtered (move=0.85, vol=171.0) — thresholds move>3.0, vol>250
2026-05-14 20:36:05,130 | INFO | Polling IG (stream update)...
2026-05-14 20:36:05,495 | INFO | [2026-05-14 12:36:00+00:00] Bar filtered (move=0.56, vol=48.0) — thresholds move>3.0, vol>250
2026-05-14 20:36:30,479 | INFO | Account Update: Equity=624.64, P&L=0.0
2026-05-14 20:36:30,480 | INFO | Polling IG (stream update)...
2026-05-14 20:36:30,827 | INFO | [2026-05-14 12:36:00+00:00] Bar filtered (move=0.66, vol=224.0) — thresholds move>3.0, vol>250
2026-05-14 20:37:05,018 | INFO | Polling IG (stream update)...
2026-05-14 20:37:05,322 | INFO | [2026-05-14 12:37:00+00:00] Bar filtered (move=0.75, vol=35.0) — thresholds move>3.0, vol>250
2026-05-14 20:37:30,743 | INFO | Account Update: Equity=624.64, P&L=0.0
2026-05-14 20:37:30,744 | INFO | Polling IG (stream update)...
2026-05-14 20:37:31,447 | INFO | [2026-05-14 12:37:00+00:00] Bar filtered (move=1.36, vol=167.0) — thresholds move>3.0, vol>250
2026-05-14 20:38:05,085 | INFO | Polling IG (stream update)...
2026-05-14 20:38:05,406 | INFO | [2026-05-14 12:38:00+00:00] Bar filtered (move=0.89, vol=37.0) — thresholds move>3.0, vol>250
2026-05-14 20:38:30,813 | INFO | Account Update: Equity=624.64, P&L=0.0
2026-05-14 20:38:30,814 | INFO | Polling IG (stream update)...
2026-05-14 20:38:31,114 | INFO | [2026-05-14 12:38:00+00:00] Bar filtered (move=0.77, vol=164.0) — thresholds move>3.0, vol>250
2026-05-14 20:39:05,303 | INFO | Polling IG (stream update)...
2026-05-14 20:39:05,608 | INFO | [2026-05-14 12:39:00+00:00] Bar filtered (move=0.81, vol=37.0) — thresholds move>3.0, vol>250
2026-05-14 20:39:30,494 | INFO | Account Update: Equity=624.64, P&L=0.0
2026-05-14 20:39:30,495 | INFO | Polling IG (stream update)...
2026-05-14 20:39:30,799 | INFO | [2026-05-14 12:39:00+00:00] Bar filtered (move=1.19, vol=165.0) — thresholds move>3.0, vol>250
2026-05-14 20:40:05,052 | INFO | Polling IG (stream update)...
2026-05-14 20:40:05,411 | INFO | [2026-05-14 12:40:00+00:00] Bar filtered (move=0.39, vol=39.0) — thresholds move>3.0, vol>250
2026-05-14 20:40:30,802 | INFO | Account Update: Equity=624.64, P&L=0.0
2026-05-14 20:40:30,803 | INFO | Polling IG (stream update)...
2026-05-14 20:40:31,105 | INFO | [2026-05-14 12:40:00+00:00] Bar filtered (move=1.77, vol=167.0) — thresholds move>3.0, vol>250
2026-05-14 20:41:05,324 | INFO | Polling IG (stream update)...
2026-05-14 20:41:05,686 | INFO | [2026-05-14 12:41:00+00:00] Bar filtered (move=0.40, vol=25.0) — thresholds move>3.0, vol>250
2026-05-14 20:41:30,561 | INFO | Account Update: Equity=624.64, P&L=0.0
2026-05-14 20:41:30,562 | INFO | Polling IG (stream update)...
2026-05-14 20:41:30,863 | INFO | [2026-05-14 12:41:00+00:00] Bar filtered (move=0.70, vol=112.0) — thresholds move>3.0, vol>250
2026-05-14 20:42:05,024 | INFO | Polling IG (stream update)...
2026-05-14 20:42:06,377 | INFO | [2026-05-14 12:42:00+00:00] Bar filtered (move=0.08, vol=19.0) — thresholds move>3.0, vol>250
2026-05-14 20:42:30,757 | INFO | Account Update: Equity=624.64, P&L=0.0
2026-05-14 20:42:30,758 | INFO | Polling IG (stream update)...
2026-05-14 20:42:31,094 | INFO | [2026-05-14 12:42:00+00:00] Bar filtered (move=2.28, vol=94.0) — thresholds move>3.0, vol>250
2026-05-14 20:43:05,285 | INFO | Polling IG (stream update)...
2026-05-14 20:43:05,602 | INFO | [2026-05-14 12:43:00+00:00] Bar filtered (move=0.28, vol=16.0) — thresholds move>3.0, vol>250
2026-05-14 20:43:30,473 | INFO | Account Update: Equity=624.64, P&L=0.0
2026-05-14 20:43:30,474 | INFO | Polling IG (stream update)...
2026-05-14 20:43:30,785 | INFO | [2026-05-14 12:43:00+00:00] Bar filtered (move=1.38, vol=115.0) — thresholds move>3.0, vol>250
2026-05-14 20:44:05,481 | INFO | Polling IG (stream update)...
2026-05-14 20:44:05,866 | INFO | [2026-05-14 12:44:00+00:00] Bar filtered (move=0.38, vol=17.0) — thresholds move>3.0, vol>250
2026-05-14 20:44:30,763 | INFO | Account Update: Equity=624.64, P&L=0.0
2026-05-14 20:44:30,764 | INFO | Polling IG (stream update)...
2026-05-14 20:44:31,459 | INFO | [2026-05-14 12:44:00+00:00] Bar filtered (move=1.85, vol=193.0) — thresholds move>3.0, vol>250
2026-05-14 20:45:05,106 | INFO | Polling IG (stream update)...
2026-05-14 20:45:05,442 | INFO | [2026-05-14 12:45:00+00:00] Bar filtered (move=1.08, vol=54.0) — thresholds move>3.0, vol>250
2026-05-14 20:45:30,340 | INFO | Account Update: Equity=624.64, P&L=0.0
2026-05-14 20:45:30,341 | INFO | Polling IG (stream update)...
2026-05-14 20:45:30,652 | INFO | [2026-05-14 12:45:00+00:00] Bar filtered (move=1.18, vol=218.0) — thresholds move>3.0, vol>250
2026-05-14 20:46:05,357 | INFO | Polling IG (stream update)...
2026-05-14 20:46:05,703 | INFO | [2026-05-14 12:46:00+00:00] Bar filtered (move=0.52, vol=24.0) — thresholds move>3.0, vol>250
2026-05-14 20:46:30,577 | INFO | Account Update: Equity=624.64, P&L=0.0
2026-05-14 20:46:30,579 | INFO | Polling IG (stream update)...
2026-05-14 20:46:30,874 | INFO | [2026-05-14 12:46:00+00:00] Bar filtered (move=0.41, vol=128.0) — thresholds move>3.0, vol>250
2026-05-14 20:47:05,097 | INFO | Polling IG (stream update)...
2026-05-14 20:47:05,393 | INFO | [2026-05-14 12:47:00+00:00] Bar filtered (move=0.02, vol=30.0) — thresholds move>3.0, vol>250
2026-05-14 20:47:30,782 | INFO | Account Update: Equity=624.64, P&L=0.0
2026-05-14 20:47:30,783 | INFO | Polling IG (stream update)...
2026-05-14 20:47:31,096 | INFO | [2026-05-14 12:47:00+00:00] Bar filtered (move=0.18, vol=128.0) — thresholds move>3.0, vol>250
2026-05-14 20:48:05,213 | INFO | Polling IG (stream update)...
2026-05-14 20:48:05,572 | INFO | [2026-05-14 12:48:00+00:00] Bar filtered (move=0.06, vol=25.0) — thresholds move>3.0, vol>250
2026-05-14 20:48:30,439 | INFO | Account Update: Equity=624.64, P&L=0.0
2026-05-14 20:48:30,441 | INFO | Polling IG (stream update)...
2026-05-14 20:48:30,745 | INFO | [2026-05-14 12:48:00+00:00] Bar filtered (move=0.01, vol=111.0) — thresholds move>3.0, vol>250
2026-05-14 20:49:05,407 | INFO | Polling IG (stream update)...
2026-05-14 20:49:05,730 | INFO | [2026-05-14 12:49:00+00:00] Bar filtered (move=0.16, vol=26.0) — thresholds move>3.0, vol>250
2026-05-14 20:49:30,629 | INFO | Account Update: Equity=624.64, P&L=0.0
2026-05-14 20:49:30,629 | INFO | Polling IG (stream update)...
2026-05-14 20:49:30,932 | INFO | [2026-05-14 12:49:00+00:00] Bar filtered (move=0.60, vol=122.0) — thresholds move>3.0, vol>250
2026-05-14 20:50:05,102 | INFO | Polling IG (stream update)...
2026-05-14 20:50:05,406 | INFO | [2026-05-14 12:50:00+00:00] Bar filtered (move=0.04, vol=43.0) — thresholds move>3.0, vol>250
2026-05-14 20:50:30,823 | INFO | Account Update: Equity=624.64, P&L=0.0
2026-05-14 20:50:30,824 | INFO | Polling IG (stream update)...
2026-05-14 20:50:31,123 | INFO | [2026-05-14 12:50:00+00:00] Bar filtered (move=1.00, vol=143.0) — thresholds move>3.0, vol>250
2026-05-14 20:51:05,329 | INFO | Polling IG (stream update)...
2026-05-14 20:51:05,629 | INFO | [2026-05-14 12:51:00+00:00] Bar filtered (move=0.21, vol=23.0) — thresholds move>3.0, vol>250
2026-05-14 20:51:30,539 | INFO | Account Update: Equity=624.64, P&L=0.0
2026-05-14 20:51:30,539 | INFO | Polling IG (stream update)...
2026-05-14 20:51:30,852 | INFO | [2026-05-14 12:51:00+00:00] Bar filtered (move=1.19, vol=143.0) — thresholds move>3.0, vol>250
2026-05-14 20:52:05,045 | INFO | Polling IG (stream update)...
2026-05-14 20:52:05,359 | INFO | [2026-05-14 12:52:00+00:00] Bar filtered (move=0.24, vol=19.0) — thresholds move>3.0, vol>250
2026-05-14 20:52:30,772 | INFO | Account Update: Equity=624.64, P&L=0.0
2026-05-14 20:52:30,773 | INFO | Polling IG (stream update)...
2026-05-14 20:52:31,078 | INFO | [2026-05-14 12:52:00+00:00] Bar filtered (move=0.53, vol=114.0) — thresholds move>3.0, vol>250
2026-05-14 20:53:05,240 | INFO | Polling IG (stream update)...
2026-05-14 20:53:05,544 | INFO | [2026-05-14 12:53:00+00:00] Bar filtered (move=0.17, vol=26.0) — thresholds move>3.0, vol>250
2026-05-14 20:53:30,413 | INFO | Account Update: Equity=624.64, P&L=0.0
2026-05-14 20:53:30,414 | INFO | Polling IG (stream update)...
2026-05-14 20:53:30,739 | INFO | [2026-05-14 12:53:00+00:00] Bar filtered (move=0.19, vol=107.0) — thresholds move>3.0, vol>250
2026-05-14 20:54:05,437 | INFO | Polling IG (stream update)...
2026-05-14 20:54:05,774 | INFO | [2026-05-14 12:54:00+00:00] Bar filtered (move=0.68, vol=27.0) — thresholds move>3.0, vol>250
2026-05-14 20:54:30,648 | INFO | Account Update: Equity=624.64, P&L=0.0
2026-05-14 20:54:30,648 | INFO | Polling IG (stream update)...
2026-05-14 20:54:30,947 | INFO | [2026-05-14 12:54:00+00:00] Bar filtered (move=0.40, vol=162.0) — thresholds move>3.0, vol>250
2026-05-14 20:55:05,149 | INFO | Polling IG (stream update)...
2026-05-14 20:55:06,468 | INFO | [2026-05-14 12:55:00+00:00] Bar filtered (move=0.23, vol=28.0) — thresholds move>3.0, vol>250
2026-05-14 20:55:30,845 | INFO | Account Update: Equity=624.64, P&L=0.0
2026-05-14 20:55:30,846 | INFO | Polling IG (stream update)...
2026-05-14 20:55:31,180 | INFO | [2026-05-14 12:55:00+00:00] Bar filtered (move=0.38, vol=133.0) — thresholds move>3.0, vol>250
2026-05-14 20:56:05,367 | INFO | Polling IG (stream update)...
2026-05-14 20:56:05,672 | INFO | [2026-05-14 12:56:00+00:00] Bar filtered (move=0.26, vol=31.0) — thresholds move>3.0, vol>250
2026-05-14 20:56:30,545 | INFO | Account Update: Equity=624.64, P&L=0.0
2026-05-14 20:56:30,546 | INFO | Polling IG (stream update)...
2026-05-14 20:56:30,849 | INFO | [2026-05-14 12:56:00+00:00] Bar filtered (move=0.38, vol=118.0) — thresholds move>3.0, vol>250
2026-05-14 20:57:05,011 | INFO | Polling IG (stream update)...
2026-05-14 20:57:05,353 | INFO | [2026-05-14 12:57:00+00:00] Bar filtered (move=0.24, vol=20.0) — thresholds move>3.0, vol>250
2026-05-14 20:57:30,770 | INFO | Account Update: Equity=624.64, P&L=0.0
2026-05-14 20:57:30,771 | INFO | Polling IG (stream update)...
2026-05-14 20:57:31,082 | INFO | [2026-05-14 12:57:00+00:00] Bar filtered (move=0.03, vol=114.0) — thresholds move>3.0, vol>250
2026-05-14 20:58:05,242 | INFO | Polling IG (stream update)...
2026-05-14 20:58:05,542 | INFO | [2026-05-14 12:58:00+00:00] Bar filtered (move=0.21, vol=24.0) — thresholds move>3.0, vol>250
2026-05-14 20:58:30,422 | INFO | Account Update: Equity=624.64, P&L=0.0
2026-05-14 20:58:30,423 | INFO | Polling IG (stream update)...
2026-05-14 20:58:30,740 | INFO | [2026-05-14 12:58:00+00:00] Bar filtered (move=0.43, vol=73.0) — thresholds move>3.0, vol>250
2026-05-14 20:59:05,454 | INFO | Polling IG (stream update)...
2026-05-14 20:59:05,770 | INFO | [2026-05-14 12:59:00+00:00] Bar filtered (move=0.60, vol=40.0) — thresholds move>3.0, vol>250
2026-05-14 20:59:30,680 | INFO | Account Update: Equity=624.64, P&L=0.0
2026-05-14 20:59:30,681 | INFO | Polling IG (stream update)...
2026-05-14 20:59:31,008 | INFO | [2026-05-14 12:59:00+00:00] Bar filtered (move=1.44, vol=141.0) — thresholds move>3.0, vol>250
2026-05-14 21:00:05,221 | INFO | Polling IG (stream update)...
2026-05-14 21:00:05,532 | INFO | [2026-05-14 13:00:00+00:00] Bar filtered (move=1.41, vol=48.0) — thresholds move>3.0, vol>250
2026-05-14 21:00:30,412 | INFO | Account Update: Equity=624.64, P&L=0.0
2026-05-14 21:00:30,413 | INFO | Polling IG (stream update)...
2026-05-14 21:00:30,719 | INFO | [2026-05-14 13:00:00+00:00] Bar filtered (move=0.98, vol=229.0) — thresholds move>3.0, vol>250
2026-05-14 21:01:05,394 | INFO | Polling IG (stream update)...
2026-05-14 21:01:05,729 | INFO | [2026-05-14 13:01:00+00:00] Bar filtered (move=0.93, vol=41.0) — thresholds move>3.0, vol>250
2026-05-14 21:01:30,601 | INFO | Account Update: Equity=624.64, P&L=0.0
2026-05-14 21:01:30,602 | INFO | Polling IG (stream update)...
2026-05-14 21:01:30,937 | INFO | [2026-05-14 13:01:00+00:00] Bar filtered (move=0.39, vol=240.0) — thresholds move>3.0, vol>250
2026-05-14 21:02:05,073 | INFO | Polling IG (stream update)...
2026-05-14 21:02:05,371 | INFO | [2026-05-14 13:02:00+00:00] Bar filtered (move=0.28, vol=39.0) — thresholds move>3.0, vol>250
2026-05-14 21:02:30,752 | INFO | Account Update: Equity=624.64, P&L=0.0
2026-05-14 21:02:30,753 | INFO | Polling IG (stream update)...
2026-05-14 21:02:31,053 | INFO | [2026-05-14 13:02:00+00:00] Bar filtered (move=0.39, vol=180.0) — thresholds move>3.0, vol>250
2026-05-14 21:03:05,231 | INFO | Polling IG (stream update)...
2026-05-14 21:03:05,543 | INFO | [2026-05-14 13:03:00+00:00] Bar filtered (move=0.66, vol=44.0) — thresholds move>3.0, vol>250
2026-05-14 21:03:30,430 | INFO | Account Update: Equity=624.64, P&L=0.0
2026-05-14 21:03:30,431 | INFO | Polling IG (stream update)...
2026-05-14 21:03:30,738 | INFO | [2026-05-14 13:03:00+00:00] Bar filtered (move=0.60, vol=256.0) — thresholds move>3.0, vol>250
2026-05-14 21:04:05,397 | INFO | Polling IG (stream update)...
2026-05-14 21:04:05,715 | INFO | [2026-05-14 13:04:00+00:00] Bar filtered (move=0.06, vol=47.0) — thresholds move>3.0, vol>250
2026-05-14 21:04:30,614 | INFO | Account Update: Equity=624.64, P&L=0.0
2026-05-14 21:04:30,614 | INFO | Polling IG (stream update)...
2026-05-14 21:04:30,921 | INFO | [2026-05-14 13:04:00+00:00] Bar filtered (move=0.43, vol=211.0) — thresholds move>3.0, vol>250
2026-05-14 21:05:05,134 | INFO | Polling IG (stream update)...
2026-05-14 21:05:05,480 | INFO | [2026-05-14 13:05:00+00:00] Bar filtered (move=0.70, vol=35.0) — thresholds move>3.0, vol>250
2026-05-14 21:05:30,859 | INFO | Account Update: Equity=624.64, P&L=0.0
2026-05-14 21:05:30,860 | INFO | Polling IG (stream update)...
2026-05-14 21:05:31,173 | INFO | [2026-05-14 13:05:00+00:00] Bar filtered (move=0.51, vol=171.0) — thresholds move>3.0, vol>250
2026-05-14 21:06:05,367 | INFO | Polling IG (stream update)...
2026-05-14 21:06:05,681 | INFO | [2026-05-14 13:06:00+00:00] Bar filtered (move=0.17, vol=29.0) — thresholds move>3.0, vol>250
2026-05-14 21:06:30,572 | INFO | Account Update: Equity=624.64, P&L=0.0
2026-05-14 21:06:30,573 | INFO | Polling IG (stream update)...
2026-05-14 21:06:30,918 | INFO | [2026-05-14 13:06:00+00:00] Bar filtered (move=1.41, vol=142.0) — thresholds move>3.0, vol>250
2026-05-14 21:07:05,092 | INFO | Polling IG (stream update)...
2026-05-14 21:07:05,395 | INFO | [2026-05-14 13:07:00+00:00] Bar filtered (move=0.23, vol=27.0) — thresholds move>3.0, vol>250
2026-05-14 21:07:30,781 | INFO | Account Update: Equity=624.64, P&L=0.0
2026-05-14 21:07:30,782 | INFO | Polling IG (stream update)...
2026-05-14 21:07:31,084 | INFO | [2026-05-14 13:07:00+00:00] Bar filtered (move=0.54, vol=138.0) — thresholds move>3.0, vol>250
2026-05-14 21:08:05,237 | INFO | Polling IG (stream update)...
2026-05-14 21:08:05,570 | INFO | [2026-05-14 13:08:00+00:00] Bar filtered (move=0.25, vol=36.0) — thresholds move>3.0, vol>250
2026-05-14 21:08:30,526 | INFO | Account Update: Equity=624.64, P&L=0.0
2026-05-14 21:08:30,526 | INFO | Polling IG (stream update)...
2026-05-14 21:08:30,832 | INFO | [2026-05-14 13:08:00+00:00] Bar filtered (move=1.18, vol=174.0) — thresholds move>3.0, vol>250
2026-05-14 21:09:05,042 | INFO | Polling IG (stream update)...
2026-05-14 21:09:05,473 | INFO | [2026-05-14 13:09:00+00:00] Bar filtered (move=0.87, vol=37.0) — thresholds move>3.0, vol>250
2026-05-14 21:09:30,407 | INFO | Account Update: Equity=624.64, P&L=0.0
2026-05-14 21:09:30,408 | INFO | Polling IG (stream update)...
2026-05-14 21:09:30,743 | INFO | [2026-05-14 13:09:00+00:00] Bar filtered (move=1.25, vol=198.0) — thresholds move>3.0, vol>250
2026-05-14 21:10:05,440 | INFO | Polling IG (stream update)...
2026-05-14 21:10:05,788 | INFO | [2026-05-14 13:10:00+00:00] Bar filtered (move=1.64, vol=41.0) — thresholds move>3.0, vol>250
2026-05-14 21:10:30,676 | INFO | Account Update: Equity=624.64, P&L=0.0
2026-05-14 21:10:30,678 | INFO | Polling IG (stream update)...
2026-05-14 21:10:31,002 | INFO | [2026-05-14 13:10:00+00:00] Bar filtered (move=2.58, vol=184.0) — thresholds move>3.0, vol>250
2026-05-14 21:11:05,206 | INFO | Polling IG (stream update)...
2026-05-14 21:11:05,605 | INFO | [2026-05-14 13:11:00+00:00] Bar filtered (move=0.14, vol=37.0) — thresholds move>3.0, vol>250
2026-05-14 21:11:30,524 | INFO | Account Update: Equity=624.64, P&L=0.0
2026-05-14 21:11:30,525 | INFO | Polling IG (stream update)...
2026-05-14 21:11:30,834 | INFO | [2026-05-14 13:11:00+00:00] Bar filtered (move=0.73, vol=205.0) — thresholds move>3.0, vol>250
2026-05-14 21:12:05,497 | INFO | Polling IG (stream update)...
2026-05-14 21:12:05,870 | INFO | [2026-05-14 13:12:00+00:00] Bar filtered (move=1.03, vol=28.0) — thresholds move>3.0, vol>250
2026-05-14 21:12:30,744 | INFO | Account Update: Equity=624.64, P&L=0.0
2026-05-14 21:12:30,744 | INFO | Polling IG (stream update)...
2026-05-14 21:12:31,054 | INFO | [2026-05-14 13:12:00+00:00] Bar filtered (move=0.27, vol=164.0) — thresholds move>3.0, vol>250
2026-05-14 21:13:05,258 | INFO | Polling IG (stream update)...
2026-05-14 21:13:05,560 | INFO | [2026-05-14 13:13:00+00:00] Bar filtered (move=0.15, vol=33.0) — thresholds move>3.0, vol>250
2026-05-14 21:13:30,416 | INFO | Account Update: Equity=624.64, P&L=0.0
2026-05-14 21:13:30,417 | INFO | Polling IG (stream update)...
2026-05-14 21:13:30,716 | INFO | [2026-05-14 13:13:00+00:00] Bar filtered (move=0.01, vol=169.0) — thresholds move>3.0, vol>250
2026-05-14 21:14:05,432 | INFO | Polling IG (stream update)...
2026-05-14 21:14:05,736 | INFO | [2026-05-14 13:14:00+00:00] Bar filtered (move=0.72, vol=30.0) — thresholds move>3.0, vol>250
2026-05-14 21:14:30,650 | INFO | Account Update: Equity=624.64, P&L=0.0
2026-05-14 21:14:30,651 | INFO | Polling IG (stream update)...
2026-05-14 21:14:30,980 | INFO | [2026-05-14 13:14:00+00:00] Bar filtered (move=0.00, vol=124.0) — thresholds move>3.0, vol>250
2026-05-14 21:15:05,161 | INFO | Polling IG (stream update)...
2026-05-14 21:15:05,498 | INFO | [2026-05-14 13:15:00+00:00] Bar filtered (move=0.59, vol=36.0) — thresholds move>3.0, vol>250
2026-05-14 21:15:30,454 | INFO | Account Update: Equity=624.64, P&L=0.0
2026-05-14 21:15:30,455 | INFO | Polling IG (stream update)...
2026-05-14 21:15:30,813 | INFO | [2026-05-14 13:15:00+00:00] Bar filtered (move=1.00, vol=162.0) — thresholds move>3.0, vol>250
2026-05-14 21:16:05,493 | INFO | Polling IG (stream update)...
2026-05-14 21:16:05,823 | INFO | [2026-05-14 13:16:00+00:00] Bar filtered (move=1.57, vol=41.0) — thresholds move>3.0, vol>250
2026-05-14 21:16:30,675 | INFO | Account Update: Equity=624.64, P&L=0.0
2026-05-14 21:16:30,676 | INFO | Polling IG (stream update)...
2026-05-14 21:16:30,981 | INFO | [2026-05-14 13:16:00+00:00] Bar filtered (move=1.07, vol=173.0) — thresholds move>3.0, vol>250
2026-05-14 21:17:05,179 | INFO | Polling IG (stream update)...
2026-05-14 21:17:05,484 | INFO | [2026-05-14 13:17:00+00:00] Bar filtered (move=0.11, vol=39.0) — thresholds move>3.0, vol>250
2026-05-14 21:17:30,381 | INFO | Account Update: Equity=624.64, P&L=0.0
2026-05-14 21:17:30,382 | INFO | Polling IG (stream update)...
2026-05-14 21:17:30,684 | INFO | [2026-05-14 13:17:00+00:00] Bar filtered (move=0.90, vol=196.0) — thresholds move>3.0, vol>250
2026-05-14 21:18:05,371 | INFO | Polling IG (stream update)...
2026-05-14 21:18:05,676 | INFO | [2026-05-14 13:18:00+00:00] Bar filtered (move=0.90, vol=34.0) — thresholds move>3.0, vol>250
2026-05-14 21:18:30,529 | INFO | Account Update: Equity=624.64, P&L=0.0
2026-05-14 21:18:30,530 | INFO | Polling IG (stream update)...
2026-05-14 21:18:30,992 | INFO | [2026-05-14 13:18:00+00:00] Bar filtered (move=1.42, vol=195.0) — thresholds move>3.0, vol>250
2026-05-14 21:19:05,180 | INFO | Polling IG (stream update)...
2026-05-14 21:19:05,484 | INFO | [2026-05-14 13:19:00+00:00] Bar filtered (move=0.29, vol=60.0) — thresholds move>3.0, vol>250
2026-05-14 21:19:30,366 | INFO | Account Update: Equity=624.64, P&L=0.0
2026-05-14 21:19:30,367 | INFO | Polling IG (stream update)...
2026-05-14 21:19:30,711 | INFO | [2026-05-14 13:19:00+00:00] Bar filtered (move=2.41, vol=260.0) — thresholds move>3.0, vol>250
2026-05-14 21:20:05,435 | INFO | Polling IG (stream update)...
2026-05-14 21:20:05,740 | INFO | [2026-05-14 13:20:00+00:00] Bar filtered (move=0.53, vol=53.0) — thresholds move>3.0, vol>250
2026-05-14 21:20:30,633 | INFO | Account Update: Equity=624.64, P&L=0.0
2026-05-14 21:20:30,633 | INFO | Polling IG (stream update)...
2026-05-14 21:20:30,955 | INFO | [2026-05-14 13:20:00+00:00] Bar filtered (move=0.08, vol=254.0) — thresholds move>3.0, vol>250
2026-05-14 21:21:05,152 | INFO | Polling IG (stream update)...
2026-05-14 21:21:05,457 | INFO | [2026-05-14 13:21:00+00:00] Bar filtered (move=0.69, vol=32.0) — thresholds move>3.0, vol>250
2026-05-14 21:21:30,864 | INFO | Account Update: Equity=624.64, P&L=0.0
2026-05-14 21:21:30,865 | INFO | Polling IG (stream update)...
2026-05-14 21:21:31,260 | INFO | [2026-05-14 13:21:00+00:00] Bar filtered (move=0.66, vol=237.0) — thresholds move>3.0, vol>250
2026-05-14 21:22:05,479 | INFO | Polling IG (stream update)...
2026-05-14 21:22:05,880 | INFO | [2026-05-14 13:22:00+00:00] Bar filtered (move=0.89, vol=47.0) — thresholds move>3.0, vol>250
2026-05-14 21:22:30,814 | INFO | Account Update: Equity=624.64, P&L=0.0
2026-05-14 21:22:30,815 | INFO | Polling IG (stream update)...
2026-05-14 21:22:31,136 | INFO | [2026-05-14 13:22:00+00:00] Bar filtered (move=3.12, vol=210.0) — thresholds move>3.0, vol>250
2026-05-14 21:23:05,311 | INFO | Polling IG (stream update)...
2026-05-14 21:23:05,619 | INFO | [2026-05-14 13:23:00+00:00] Bar filtered (move=1.32, vol=37.0) — thresholds move>3.0, vol>250
2026-05-14 21:23:30,539 | INFO | Account Update: Equity=624.64, P&L=0.0
2026-05-14 21:23:30,539 | INFO | Polling IG (stream update)...
2026-05-14 21:23:30,842 | INFO | [2026-05-14 13:23:00+00:00] Bar filtered (move=0.11, vol=202.0) — thresholds move>3.0, vol>250
2026-05-14 21:24:05,052 | INFO | Polling IG (stream update)...
2026-05-14 21:24:05,358 | INFO | [2026-05-14 13:24:00+00:00] Bar filtered (move=0.62, vol=40.0) — thresholds move>3.0, vol>250
2026-05-14 21:24:30,754 | INFO | Account Update: Equity=624.64, P&L=0.0
2026-05-14 21:24:30,756 | INFO | Polling IG (stream update)...
2026-05-14 21:24:31,087 | INFO | [2026-05-14 13:24:00+00:00] Bar filtered (move=0.44, vol=216.0) — thresholds move>3.0, vol>250
2026-05-14 21:25:05,278 | INFO | Polling IG (stream update)...
2026-05-14 21:25:05,588 | INFO | [2026-05-14 13:25:00+00:00] Bar filtered (move=1.00, vol=37.0) — thresholds move>3.0, vol>250
2026-05-14 21:25:30,519 | INFO | Account Update: Equity=624.64, P&L=0.0
2026-05-14 21:25:30,521 | INFO | Polling IG (stream update)...
2026-05-14 21:25:30,827 | INFO | [2026-05-14 13:25:00+00:00] Bar filtered (move=0.60, vol=179.0) — thresholds move>3.0, vol>250
2026-05-14 21:26:05,491 | INFO | Polling IG (stream update)...
2026-05-14 21:26:05,850 | INFO | [2026-05-14 13:26:00+00:00] Bar filtered (move=0.36, vol=29.0) — thresholds move>3.0, vol>250
2026-05-14 21:26:30,756 | INFO | Account Update: Equity=624.64, P&L=0.0
2026-05-14 21:26:30,757 | INFO | Polling IG (stream update)...
2026-05-14 21:26:31,070 | INFO | [2026-05-14 13:26:00+00:00] Bar filtered (move=0.28, vol=180.0) — thresholds move>3.0, vol>250
2026-05-14 21:27:05,258 | INFO | Polling IG (stream update)...
2026-05-14 21:27:05,619 | INFO | [2026-05-14 13:27:00+00:00] Bar filtered (move=0.66, vol=36.0) — thresholds move>3.0, vol>250
2026-05-14 21:27:30,537 | INFO | Account Update: Equity=624.64, P&L=0.0
2026-05-14 21:27:30,539 | INFO | Polling IG (stream update)...
2026-05-14 21:27:30,866 | INFO | [2026-05-14 13:27:00+00:00] Bar filtered (move=0.78, vol=214.0) — thresholds move>3.0, vol>250
2026-05-14 21:28:05,091 | INFO | Polling IG (stream update)...
2026-05-14 21:28:05,424 | INFO | [2026-05-14 13:28:00+00:00] Bar filtered (move=0.02, vol=41.0) — thresholds move>3.0, vol>250
2026-05-14 21:28:30,804 | INFO | Account Update: Equity=624.64, P&L=0.0
2026-05-14 21:28:30,805 | INFO | Polling IG (stream update)...
2026-05-14 21:28:31,112 | INFO | [2026-05-14 13:28:00+00:00] Bar filtered (move=1.11, vol=217.0) — thresholds move>3.0, vol>250
2026-05-14 21:29:05,257 | INFO | Polling IG (stream update)...
2026-05-14 21:29:05,712 | INFO | [2026-05-14 13:29:00+00:00] Bar filtered (move=1.22, vol=37.0) — thresholds move>3.0, vol>250
2026-05-14 21:29:30,609 | INFO | Account Update: Equity=624.64, P&L=0.0
2026-05-14 21:29:30,610 | INFO | Polling IG (stream update)...
2026-05-14 21:29:30,928 | INFO | [2026-05-14 13:29:00+00:00] Bar filtered (move=1.10, vol=202.0) — thresholds move>3.0, vol>250
2026-05-14 21:30:05,122 | INFO | Polling IG (stream update)...
2026-05-14 21:30:06,178 | INFO | [2026-05-14 13:30:00+00:00] Bar filtered (move=2.92, vol=76.0) — thresholds move>3.0, vol>250
2026-05-14 21:30:30,557 | INFO | Account Update: Equity=624.64, P&L=0.0
2026-05-14 21:30:30,558 | INFO | Polling IG (stream update)...
2026-05-14 21:30:31,053 | INFO | [2026-05-14 13:30:00+00:00] Bar filtered (move=1.41, vol=309.0) — thresholds move>3.0, vol>250
2026-05-14 21:31:05,235 | INFO | Polling IG (stream update)...
2026-05-14 21:31:05,580 | INFO | [2026-05-14 13:31:00+00:00] Bar filtered (move=2.60, vol=59.0) — thresholds move>3.0, vol>250
2026-05-14 21:31:30,458 | INFO | Account Update: Equity=624.64, P&L=0.0
2026-05-14 21:31:30,459 | INFO | Polling IG (stream update)...
2026-05-14 21:31:30,768 | INFO | [2026-05-14 13:31:00+00:00] Bar filtered (move=0.16, vol=293.0) — thresholds move>3.0, vol>250
2026-05-14 21:32:05,486 | INFO | Polling IG (stream update)...
2026-05-14 21:32:05,795 | INFO | [2026-05-14 13:32:00+00:00] Bar filtered (move=1.24, vol=54.0) — thresholds move>3.0, vol>250
2026-05-14 21:32:30,694 | INFO | Account Update: Equity=624.64, P&L=0.0
2026-05-14 21:32:30,695 | INFO | Polling IG (stream update)...
2026-05-14 21:32:31,002 | INFO | [2026-05-14 13:32:00+00:00] Bar filtered (move=1.80, vol=239.0) — thresholds move>3.0, vol>250
2026-05-14 21:33:05,148 | INFO | Polling IG (stream update)...
2026-05-14 21:33:05,508 | INFO | [2026-05-14 13:33:00+00:00] Bar filtered (move=0.05, vol=38.0) — thresholds move>3.0, vol>250
2026-05-14 21:33:30,393 | INFO | Account Update: Equity=624.64, P&L=0.0
2026-05-14 21:33:30,394 | INFO | Polling IG (stream update)...
2026-05-14 21:33:30,707 | INFO | [2026-05-14 13:33:00+00:00] Bar filtered (move=2.35, vol=226.0) — thresholds move>3.0, vol>250
2026-05-14 21:34:05,386 | INFO | Polling IG (stream update)...
2026-05-14 21:34:05,689 | INFO | [2026-05-14 13:34:00+00:00] Bar filtered (move=0.34, vol=53.0) — thresholds move>3.0, vol>250
2026-05-14 21:34:30,566 | INFO | Account Update: Equity=624.64, P&L=0.0
2026-05-14 21:34:30,568 | INFO | Polling IG (stream update)...
2026-05-14 21:34:30,929 | INFO | [2026-05-14 13:34:00+00:00] Bar filtered (move=1.23, vol=238.0) — thresholds move>3.0, vol>250
2026-05-14 21:35:05,113 | INFO | Polling IG (stream update)...
2026-05-14 21:35:05,417 | INFO | [2026-05-14 13:35:00+00:00] Bar filtered (move=0.18, vol=51.0) — thresholds move>3.0, vol>250
2026-05-14 21:35:30,804 | INFO | Account Update: Equity=624.64, P&L=0.0
2026-05-14 21:35:30,805 | INFO | Polling IG (stream update)...
2026-05-14 21:35:31,152 | INFO | [2026-05-14 13:35:00+00:00] Bar filtered (move=2.67, vol=269.0) — thresholds move>3.0, vol>250
2026-05-14 21:36:05,354 | INFO | Polling IG (stream update)...
2026-05-14 21:36:05,650 | INFO | [2026-05-14 13:36:00+00:00] Bar filtered (move=1.75, vol=50.0) — thresholds move>3.0, vol>250
2026-05-14 21:36:30,563 | INFO | Account Update: Equity=624.64, P&L=0.0
2026-05-14 21:36:30,564 | INFO | Polling IG (stream update)...
2026-05-14 21:36:30,881 | INFO | [2026-05-14 13:36:00+00:00] Bar filtered (move=1.91, vol=283.0) — thresholds move>3.0, vol>250
2026-05-14 21:37:05,103 | INFO | Polling IG (stream update)...
2026-05-14 21:37:05,411 | INFO | [2026-05-14 13:37:00+00:00] Bar filtered (move=1.99, vol=48.0) — thresholds move>3.0, vol>250
2026-05-14 21:37:30,829 | INFO | Account Update: Equity=624.64, P&L=0.0
2026-05-14 21:37:30,830 | INFO | Polling IG (stream update)...
2026-05-14 21:37:31,136 | INFO | [2026-05-14 13:37:00+00:00] Bar filtered (move=0.10, vol=261.0) — thresholds move>3.0, vol>250
2026-05-14 21:38:05,347 | INFO | Polling IG (stream update)...
2026-05-14 21:38:05,677 | INFO | [2026-05-14 13:38:00+00:00] Bar filtered (move=1.43, vol=52.0) — thresholds move>3.0, vol>250
2026-05-14 21:38:30,576 | INFO | Account Update: Equity=624.64, P&L=0.0
2026-05-14 21:38:30,577 | INFO | Polling IG (stream update)...
2026-05-14 21:38:30,923 | INFO | [2026-05-14 13:38:00+00:00] Bar filtered (move=2.83, vol=265.0) — thresholds move>3.0, vol>250
2026-05-14 21:39:05,096 | INFO | Polling IG (stream update)...
2026-05-14 21:39:05,406 | INFO | [2026-05-14 13:39:00+00:00] Bar filtered (move=1.07, vol=41.0) — thresholds move>3.0, vol>250
2026-05-14 21:39:31,196 | INFO | Account Update: Equity=624.64, P&L=0.0
2026-05-14 21:39:31,197 | INFO | Polling IG (stream update)...
2026-05-14 21:39:31,518 | INFO | [2026-05-14 13:39:00+00:00] Bar filtered (move=0.15, vol=245.0) — thresholds move>3.0, vol>250
2026-05-14 21:40:05,194 | INFO | Polling IG (stream update)...
2026-05-14 21:40:05,512 | INFO | [2026-05-14 13:40:00+00:00] Bar filtered (move=2.08, vol=41.0) — thresholds move>3.0, vol>250
2026-05-14 21:40:30,416 | INFO | Account Update: Equity=624.64, P&L=0.0
2026-05-14 21:40:30,417 | INFO | Polling IG (stream update)...
2026-05-14 21:40:30,742 | INFO | [2026-05-14 13:40:00+00:00] Bar filtered (move=5.11, vol=244.0) — thresholds move>3.0, vol>250
2026-05-14 21:41:05,440 | INFO | Polling IG (stream update)...
2026-05-14 21:41:05,778 | INFO | [2026-05-14 13:41:00+00:00] Bar filtered (move=1.67, vol=65.0) — thresholds move>3.0, vol>250
2026-05-14 21:41:30,679 | INFO | Account Update: Equity=624.64, P&L=0.0
2026-05-14 21:41:30,681 | INFO | Polling IG (stream update)...
2026-05-14 21:41:30,992 | INFO | [2026-05-14 13:41:00+00:00] Bar filtered (move=0.22, vol=255.0) — thresholds move>3.0, vol>250
2026-05-14 21:42:05,193 | INFO | Polling IG (stream update)...
2026-05-14 21:42:05,533 | INFO | [2026-05-14 13:42:00+00:00] Bar filtered (move=1.56, vol=36.0) — thresholds move>3.0, vol>250
2026-05-14 21:42:30,413 | INFO | Account Update: Equity=624.64, P&L=0.0
2026-05-14 21:42:30,415 | INFO | Polling IG (stream update)...
2026-05-14 21:42:31,010 | INFO | [2026-05-14 13:42:00+00:00] S1=0.3092 S2=None Thresh=0.550 Signal=0 Losses=0
2026-05-14 21:43:05,177 | INFO | Polling IG (stream update)...
2026-05-14 21:43:05,482 | INFO | [2026-05-14 13:43:00+00:00] Bar filtered (move=0.19, vol=47.0) — thresholds move>3.0, vol>250
2026-05-14 21:43:30,372 | INFO | Account Update: Equity=624.64, P&L=0.0
2026-05-14 21:43:30,374 | INFO | Polling IG (stream update)...
2026-05-14 21:43:30,909 | INFO | [2026-05-14 13:43:00+00:00] S1=0.3203 S2=None Thresh=0.550 Signal=0 Losses=0
2026-05-14 21:44:05,098 | INFO | Polling IG (stream update)...
2026-05-14 21:44:05,417 | INFO | [2026-05-14 13:44:00+00:00] Bar filtered (move=1.71, vol=52.0) — thresholds move>3.0, vol>250
2026-05-14 21:44:30,826 | INFO | Account Update: Equity=624.64, P&L=0.0
2026-05-14 21:44:30,827 | INFO | Polling IG (stream update)...
2026-05-14 21:44:31,136 | INFO | [2026-05-14 13:44:00+00:00] Bar filtered (move=0.23, vol=284.0) — thresholds move>3.0, vol>250
2026-05-14 21:45:05,354 | INFO | Polling IG (stream update)...
2026-05-14 21:45:05,724 | INFO | [2026-05-14 13:45:00+00:00] Bar filtered (move=0.04, vol=52.0) — thresholds move>3.0, vol>250
2026-05-14 21:45:30,614 | INFO | Account Update: Equity=624.64, P&L=0.0
2026-05-14 21:45:30,615 | INFO | Polling IG (stream update)...
2026-05-14 21:45:31,100 | INFO | [2026-05-14 13:45:00+00:00] S1=0.3274 S2=None Thresh=0.550 Signal=0 Losses=0
2026-05-14 21:46:05,320 | INFO | Polling IG (stream update)...
2026-05-14 21:46:05,628 | INFO | [2026-05-14 13:46:00+00:00] Bar filtered (move=0.21, vol=53.0) — thresholds move>3.0, vol>250
2026-05-14 21:46:30,499 | INFO | Account Update: Equity=624.64, P&L=0.0
2026-05-14 21:46:30,500 | INFO | Polling IG (stream update)...
2026-05-14 21:46:30,803 | INFO | [2026-05-14 13:46:00+00:00] Bar filtered (move=0.36, vol=278.0) — thresholds move>3.0, vol>250
2026-05-14 21:47:05,024 | INFO | Polling IG (stream update)...
2026-05-14 21:47:05,339 | INFO | [2026-05-14 13:47:00+00:00] Bar filtered (move=0.03, vol=63.0) — thresholds move>3.0, vol>250
2026-05-14 21:47:30,782 | INFO | Account Update: Equity=624.64, P&L=0.0
2026-05-14 21:47:30,783 | INFO | Polling IG (stream update)...
2026-05-14 21:47:31,096 | INFO | [2026-05-14 13:47:00+00:00] Bar filtered (move=2.07, vol=330.0) — thresholds move>3.0, vol>250
2026-05-14 21:48:05,286 | INFO | Polling IG (stream update)...
2026-05-14 21:48:05,609 | INFO | [2026-05-14 13:48:00+00:00] Bar filtered (move=1.57, vol=52.0) — thresholds move>3.0, vol>250
2026-05-14 21:48:30,527 | INFO | Account Update: Equity=624.64, P&L=0.0
2026-05-14 21:48:30,527 | INFO | Polling IG (stream update)...
2026-05-14 21:48:30,826 | INFO | [2026-05-14 13:48:00+00:00] Bar filtered (move=0.75, vol=290.0) — thresholds move>3.0, vol>250
2026-05-14 21:49:05,506 | INFO | Polling IG (stream update)...
2026-05-14 21:49:05,810 | INFO | [2026-05-14 13:49:00+00:00] Bar filtered (move=0.46, vol=54.0) — thresholds move>3.0, vol>250
2026-05-14 21:49:30,691 | INFO | Account Update: Equity=624.64, P&L=0.0
2026-05-14 21:49:30,692 | INFO | Polling IG (stream update)...
2026-05-14 21:49:31,015 | INFO | [2026-05-14 13:49:00+00:00] Bar filtered (move=2.12, vol=226.0) — thresholds move>3.0, vol>250
2026-05-14 21:50:05,169 | INFO | Polling IG (stream update)...
2026-05-14 21:50:05,453 | INFO | [2026-05-14 13:50:00+00:00] Bar filtered (move=0.38, vol=48.0) — thresholds move>3.0, vol>250
2026-05-14 21:50:30,342 | INFO | Account Update: Equity=624.64, P&L=0.0
2026-05-14 21:50:30,343 | INFO | Polling IG (stream update)...
2026-05-14 21:50:30,659 | INFO | [2026-05-14 13:50:00+00:00] Bar filtered (move=0.30, vol=267.0) — thresholds move>3.0, vol>250
2026-05-14 21:51:05,348 | INFO | Polling IG (stream update)...
2026-05-14 21:51:05,652 | INFO | [2026-05-14 13:51:00+00:00] Bar filtered (move=0.36, vol=55.0) — thresholds move>3.0, vol>250
2026-05-14 21:51:30,509 | INFO | Account Update: Equity=624.64, P&L=0.0
2026-05-14 21:51:30,510 | INFO | Polling IG (stream update)...
2026-05-14 21:51:30,836 | INFO | [2026-05-14 13:51:00+00:00] Bar filtered (move=1.47, vol=271.0) — thresholds move>3.0, vol>250
2026-05-14 21:52:05,011 | INFO | Polling IG (stream update)...
2026-05-14 21:52:05,310 | INFO | [2026-05-14 13:52:00+00:00] Bar filtered (move=2.08, vol=52.0) — thresholds move>3.0, vol>250
2026-05-14 21:52:30,699 | INFO | Account Update: Equity=624.64, P&L=0.0
2026-05-14 21:52:30,700 | INFO | Polling IG (stream update)...
2026-05-14 21:52:31,003 | INFO | [2026-05-14 13:52:00+00:00] Bar filtered (move=2.38, vol=279.0) — thresholds move>3.0, vol>250
2026-05-14 21:53:05,201 | INFO | Polling IG (stream update)...
2026-05-14 21:53:05,526 | INFO | [2026-05-14 13:53:00+00:00] Bar filtered (move=0.22, vol=52.0) — thresholds move>3.0, vol>250
2026-05-14 21:53:30,416 | INFO | Account Update: Equity=624.64, P&L=0.0
2026-05-14 21:53:30,417 | INFO | Polling IG (stream update)...
2026-05-14 21:53:30,761 | INFO | [2026-05-14 13:53:00+00:00] Bar filtered (move=1.59, vol=217.0) — thresholds move>3.0, vol>250
2026-05-14 21:54:05,452 | INFO | Polling IG (stream update)...
2026-05-14 21:54:05,789 | INFO | [2026-05-14 13:54:00+00:00] Bar filtered (move=1.44, vol=47.0) — thresholds move>3.0, vol>250
2026-05-14 21:54:30,638 | INFO | Account Update: Equity=624.64, P&L=0.0
2026-05-14 21:54:30,639 | INFO | Polling IG (stream update)...
2026-05-14 21:54:30,975 | INFO | [2026-05-14 13:54:00+00:00] Bar filtered (move=2.16, vol=217.0) — thresholds move>3.0, vol>250
2026-05-14 21:55:05,163 | INFO | Polling IG (stream update)...
2026-05-14 21:55:05,494 | INFO | [2026-05-14 13:55:00+00:00] Bar filtered (move=0.20, vol=41.0) — thresholds move>3.0, vol>250
2026-05-14 21:55:30,417 | INFO | Account Update: Equity=624.64, P&L=0.0
2026-05-14 21:55:30,418 | INFO | Polling IG (stream update)...
2026-05-14 21:55:30,726 | INFO | [2026-05-14 13:55:00+00:00] Bar filtered (move=0.77, vol=206.0) — thresholds move>3.0, vol>250
2026-05-14 21:56:05,435 | INFO | Polling IG (stream update)...
2026-05-14 21:56:05,735 | INFO | [2026-05-14 13:56:00+00:00] Bar filtered (move=0.41, vol=38.0) — thresholds move>3.0, vol>250
2026-05-14 21:56:30,699 | INFO | Account Update: Equity=624.64, P&L=0.0
2026-05-14 21:56:30,700 | INFO | Polling IG (stream update)...
2026-05-14 21:56:31,088 | INFO | [2026-05-14 13:56:00+00:00] Bar filtered (move=0.08, vol=211.0) — thresholds move>3.0, vol>250
2026-05-14 21:57:05,229 | INFO | Polling IG (stream update)...
2026-05-14 21:57:05,569 | INFO | [2026-05-14 13:57:00+00:00] Bar filtered (move=0.63, vol=41.0) — thresholds move>3.0, vol>250
2026-05-14 21:57:30,465 | INFO | Account Update: Equity=624.64, P&L=0.0
2026-05-14 21:57:30,466 | INFO | Polling IG (stream update)...
2026-05-14 21:57:30,772 | INFO | [2026-05-14 13:57:00+00:00] Bar filtered (move=1.13, vol=238.0) — thresholds move>3.0, vol>250
2026-05-14 21:58:05,469 | INFO | Polling IG (stream update)...
2026-05-14 21:58:05,774 | INFO | [2026-05-14 13:58:00+00:00] Bar filtered (move=0.63, vol=48.0) — thresholds move>3.0, vol>250
2026-05-14 21:58:30,651 | INFO | Account Update: Equity=624.64, P&L=0.0
2026-05-14 21:58:30,652 | INFO | Polling IG (stream update)...
2026-05-14 21:58:30,970 | INFO | [2026-05-14 13:58:00+00:00] Bar filtered (move=2.45, vol=211.0) — thresholds move>3.0, vol>250
2026-05-14 21:59:05,134 | INFO | Polling IG (stream update)...
2026-05-14 21:59:05,444 | INFO | [2026-05-14 13:59:00+00:00] Bar filtered (move=0.56, vol=40.0) — thresholds move>3.0, vol>250
2026-05-14 21:59:30,352 | INFO | Account Update: Equity=624.64, P&L=0.0
2026-05-14 21:59:30,353 | INFO | Polling IG (stream update)...
2026-05-14 21:59:30,677 | INFO | [2026-05-14 13:59:00+00:00] Bar filtered (move=1.27, vol=226.0) — thresholds move>3.0, vol>250
2026-05-14 22:00:05,319 | INFO | Polling IG (stream update)...
2026-05-14 22:00:05,631 | INFO | [2026-05-14 14:00:00+00:00] Bar filtered (move=1.20, vol=69.0) — thresholds move>3.0, vol>250
2026-05-14 22:00:30,550 | INFO | Account Update: Equity=624.64, P&L=0.0
2026-05-14 22:00:30,551 | INFO | Polling IG (stream update)...
2026-05-14 22:00:30,877 | INFO | [2026-05-14 14:00:00+00:00] Bar filtered (move=1.01, vol=302.0) — thresholds move>3.0, vol>250
2026-05-14 22:01:05,077 | INFO | Polling IG (stream update)...
2026-05-14 22:01:05,436 | INFO | [2026-05-14 14:01:00+00:00] Bar filtered (move=0.14, vol=49.0) — thresholds move>3.0, vol>250
2026-05-14 22:01:30,847 | INFO | Account Update: Equity=624.64, P&L=0.0
2026-05-14 22:01:30,848 | INFO | Polling IG (stream update)...
2026-05-14 22:01:31,327 | INFO | [2026-05-14 14:01:00+00:00] S1=0.3274 S2=None Thresh=0.550 Signal=0 Losses=0
2026-05-14 22:02:05,009 | INFO | Polling IG (stream update)...
2026-05-14 22:02:05,313 | INFO | [2026-05-14 14:02:00+00:00] Bar filtered (move=0.60, vol=44.0) — thresholds move>3.0, vol>250
2026-05-14 22:02:30,687 | INFO | Account Update: Equity=624.64, P&L=0.0
2026-05-14 22:02:30,688 | INFO | Polling IG (stream update)...
2026-05-14 22:02:30,985 | INFO | [2026-05-14 14:02:00+00:00] Bar filtered (move=1.99, vol=255.0) — thresholds move>3.0, vol>250
2026-05-14 22:03:05,173 | INFO | Polling IG (stream update)...
2026-05-14 22:03:05,478 | INFO | [2026-05-14 14:03:00+00:00] Bar filtered (move=1.05, vol=48.0) — thresholds move>3.0, vol>250
2026-05-14 22:03:30,430 | INFO | Account Update: Equity=624.64, P&L=0.0
2026-05-14 22:03:30,432 | INFO | Polling IG (stream update)...
2026-05-14 22:03:30,756 | INFO | [2026-05-14 14:03:00+00:00] Bar filtered (move=0.01, vol=270.0) — thresholds move>3.0, vol>250
2026-05-14 22:04:05,431 | INFO | Polling IG (stream update)...
2026-05-14 22:04:05,792 | INFO | [2026-05-14 14:04:00+00:00] Bar filtered (move=0.37, vol=38.0) — thresholds move>3.0, vol>250
2026-05-14 22:04:30,597 | INFO | Account Update: Equity=624.64, P&L=0.0
2026-05-14 22:04:30,598 | INFO | Polling IG (stream update)...
2026-05-14 22:04:30,906 | INFO | [2026-05-14 14:04:00+00:00] Bar filtered (move=2.18, vol=247.0) — thresholds move>3.0, vol>250
2026-05-14 22:05:05,384 | INFO | Polling IG (stream update)...
2026-05-14 22:05:05,698 | INFO | [2026-05-14 14:05:00+00:00] Bar filtered (move=0.30, vol=42.0) — thresholds move>3.0, vol>250
2026-05-14 22:05:30,452 | INFO | Account Update: Equity=624.64, P&L=0.0
2026-05-14 22:05:30,453 | INFO | Polling IG (stream update)...
2026-05-14 22:05:30,804 | INFO | [2026-05-14 14:05:00+00:00] Bar filtered (move=1.06, vol=198.0) — thresholds move>3.0, vol>250
2026-05-14 22:06:05,268 | INFO | Polling IG (stream update)...
2026-05-14 22:06:05,552 | INFO | [2026-05-14 14:06:00+00:00] Bar filtered (move=1.11, vol=44.0) — thresholds move>3.0, vol>250
2026-05-14 22:06:30,808 | INFO | Account Update: Equity=624.64, P&L=0.0
2026-05-14 22:06:30,809 | INFO | Polling IG (stream update)...
2026-05-14 22:06:31,126 | INFO | [2026-05-14 14:06:00+00:00] Bar filtered (move=0.63, vol=228.0) — thresholds move>3.0, vol>250
2026-05-14 22:07:05,069 | INFO | Polling IG (stream update)...
2026-05-14 22:07:05,382 | INFO | [2026-05-14 14:07:00+00:00] Bar filtered (move=0.61, vol=40.0) — thresholds move>3.0, vol>250
2026-05-14 22:07:30,612 | INFO | Account Update: Equity=624.64, P&L=0.0
2026-05-14 22:07:30,613 | INFO | Polling IG (stream update)...
2026-05-14 22:07:30,976 | INFO | [2026-05-14 14:07:00+00:00] Bar filtered (move=1.78, vol=214.0) — thresholds move>3.0, vol>250
2026-05-14 22:08:05,434 | INFO | Polling IG (stream update)...
2026-05-14 22:08:05,737 | INFO | [2026-05-14 14:08:00+00:00] Bar filtered (move=0.00, vol=39.0) — thresholds move>3.0, vol>250
2026-05-14 22:08:30,483 | INFO | Account Update: Equity=624.64, P&L=0.0
2026-05-14 22:08:30,484 | INFO | Polling IG (stream update)...
2026-05-14 22:08:30,793 | INFO | [2026-05-14 14:08:00+00:00] Bar filtered (move=2.40, vol=207.0) — thresholds move>3.0, vol>250
2026-05-14 22:09:05,268 | INFO | Polling IG (stream update)...
2026-05-14 22:09:05,621 | INFO | [2026-05-14 14:09:00+00:00] Bar filtered (move=1.19, vol=51.0) — thresholds move>3.0, vol>250
2026-05-14 22:09:30,428 | INFO | Account Update: Equity=624.64, P&L=0.0
2026-05-14 22:09:30,429 | INFO | Polling IG (stream update)...
2026-05-14 22:09:30,775 | INFO | [2026-05-14 14:09:00+00:00] Bar filtered (move=2.28, vol=238.0) — thresholds move>3.0, vol>250
2026-05-14 22:10:05,476 | INFO | Polling IG (stream update)...
2026-05-14 22:10:05,783 | INFO | [2026-05-14 14:10:00+00:00] Bar filtered (move=0.75, vol=39.0) — thresholds move>3.0, vol>250
2026-05-14 22:10:30,713 | INFO | Account Update: Equity=624.64, P&L=0.0
2026-05-14 22:10:30,714 | INFO | Polling IG (stream update)...
2026-05-14 22:10:31,016 | INFO | [2026-05-14 14:10:00+00:00] Bar filtered (move=0.36, vol=209.0) — thresholds move>3.0, vol>250
2026-05-14 22:11:05,197 | INFO | Polling IG (stream update)...
2026-05-14 22:11:05,531 | INFO | [2026-05-14 14:11:00+00:00] Bar filtered (move=0.80, vol=48.0) — thresholds move>3.0, vol>250
2026-05-14 22:11:30,420 | INFO | Account Update: Equity=624.64, P&L=0.0
2026-05-14 22:11:30,421 | INFO | Polling IG (stream update)...
2026-05-14 22:11:30,762 | INFO | [2026-05-14 14:11:00+00:00] Bar filtered (move=0.70, vol=243.0) — thresholds move>3.0, vol>250
2026-05-14 22:12:05,507 | INFO | Polling IG (stream update)...
2026-05-14 22:12:05,829 | INFO | [2026-05-14 14:12:00+00:00] Bar filtered (move=0.09, vol=43.0) — thresholds move>3.0, vol>250
2026-05-14 22:12:30,763 | INFO | Account Update: Equity=624.64, P&L=0.0
2026-05-14 22:12:30,764 | INFO | Polling IG (stream update)...
2026-05-14 22:12:31,098 | INFO | [2026-05-14 14:12:00+00:00] Bar filtered (move=1.11, vol=234.0) — thresholds move>3.0, vol>250
2026-05-14 22:13:05,268 | INFO | Polling IG (stream update)...
2026-05-14 22:13:05,696 | INFO | [2026-05-14 14:13:00+00:00] Bar filtered (move=0.47, vol=46.0) — thresholds move>3.0, vol>250
2026-05-14 22:13:30,609 | INFO | Account Update: Equity=624.64, P&L=0.0
2026-05-14 22:13:30,610 | INFO | Polling IG (stream update)...
2026-05-14 22:13:30,931 | INFO | [2026-05-14 14:13:00+00:00] Bar filtered (move=2.04, vol=223.0) — thresholds move>3.0, vol>250
2026-05-14 22:14:05,108 | INFO | Polling IG (stream update)...
2026-05-14 22:14:05,441 | INFO | [2026-05-14 14:14:00+00:00] Bar filtered (move=0.16, vol=42.0) — thresholds move>3.0, vol>250
2026-05-14 22:14:30,839 | INFO | Account Update: Equity=624.64, P&L=0.0
2026-05-14 22:14:30,840 | INFO | Polling IG (stream update)...
2026-05-14 22:14:31,144 | INFO | [2026-05-14 14:14:00+00:00] Bar filtered (move=1.04, vol=218.0) — thresholds move>3.0, vol>250
2026-05-14 22:15:05,320 | INFO | Polling IG (stream update)...
2026-05-14 22:15:05,741 | INFO | [2026-05-14 14:15:00+00:00] Bar filtered (move=0.02, vol=32.0) — thresholds move>3.0, vol>250
2026-05-14 22:15:30,609 | INFO | Account Update: Equity=624.64, P&L=0.0
2026-05-14 22:15:30,610 | INFO | Polling IG (stream update)...
2026-05-14 22:15:30,963 | INFO | [2026-05-14 14:15:00+00:00] Bar filtered (move=0.28, vol=198.0) — thresholds move>3.0, vol>250
2026-05-14 22:16:05,117 | INFO | Polling IG (stream update)...
2026-05-14 22:16:05,419 | INFO | [2026-05-14 14:16:00+00:00] Bar filtered (move=0.02, vol=37.0) — thresholds move>3.0, vol>250
2026-05-14 22:16:30,819 | INFO | Account Update: Equity=624.64, P&L=0.0
2026-05-14 22:16:30,820 | INFO | Polling IG (stream update)...
2026-05-14 22:16:31,161 | INFO | [2026-05-14 14:16:00+00:00] Bar filtered (move=0.31, vol=203.0) — thresholds move>3.0, vol>250
2026-05-14 22:17:05,344 | INFO | Polling IG (stream update)...
2026-05-14 22:17:05,652 | INFO | [2026-05-14 14:17:00+00:00] Bar filtered (move=0.19, vol=61.0) — thresholds move>3.0, vol>250
2026-05-14 22:17:30,524 | INFO | Account Update: Equity=624.64, P&L=0.0
2026-05-14 22:17:30,525 | INFO | Polling IG (stream update)...
2026-05-14 22:17:30,940 | INFO | [2026-05-14 14:17:00+00:00] Bar filtered (move=0.24, vol=279.0) — thresholds move>3.0, vol>250
2026-05-14 22:18:05,097 | INFO | Polling IG (stream update)...
2026-05-14 22:18:05,414 | INFO | [2026-05-14 14:18:00+00:00] Bar filtered (move=0.07, vol=28.0) — thresholds move>3.0, vol>250
2026-05-14 22:18:30,841 | INFO | Account Update: Equity=624.64, P&L=0.0
2026-05-14 22:18:30,842 | INFO | Polling IG (stream update)...
2026-05-14 22:18:31,142 | INFO | [2026-05-14 14:18:00+00:00] Bar filtered (move=0.43, vol=235.0) — thresholds move>3.0, vol>250
2026-05-14 22:19:05,308 | INFO | Polling IG (stream update)...
2026-05-14 22:19:05,633 | INFO | [2026-05-14 14:19:00+00:00] Bar filtered (move=0.14, vol=41.0) — thresholds move>3.0, vol>250
2026-05-14 22:19:30,500 | INFO | Account Update: Equity=624.64, P&L=0.0
2026-05-14 22:19:30,501 | INFO | Polling IG (stream update)...
2026-05-14 22:19:30,812 | INFO | [2026-05-14 14:19:00+00:00] Bar filtered (move=0.76, vol=198.0) — thresholds move>3.0, vol>250
2026-05-14 22:20:05,499 | INFO | Polling IG (stream update)...
2026-05-14 22:20:05,821 | INFO | [2026-05-14 14:20:00+00:00] Bar filtered (move=1.95, vol=47.0) — thresholds move>3.0, vol>250
2026-05-14 22:20:30,715 | INFO | Account Update: Equity=624.64, P&L=0.0
2026-05-14 22:20:30,716 | INFO | Polling IG (stream update)...
2026-05-14 22:20:31,030 | INFO | [2026-05-14 14:20:00+00:00] Bar filtered (move=2.95, vol=242.0) — thresholds move>3.0, vol>250
2026-05-14 22:21:05,208 | INFO | Polling IG (stream update)...
2026-05-14 22:21:05,512 | INFO | [2026-05-14 14:21:00+00:00] Bar filtered (move=0.29, vol=51.0) — thresholds move>3.0, vol>250
2026-05-14 22:21:30,428 | INFO | Account Update: Equity=624.64, P&L=0.0
2026-05-14 22:21:30,428 | INFO | Polling IG (stream update)...
2026-05-14 22:21:30,750 | INFO | [2026-05-14 14:21:00+00:00] Bar filtered (move=0.33, vol=219.0) — thresholds move>3.0, vol>250
2026-05-14 22:22:05,454 | INFO | Polling IG (stream update)...
2026-05-14 22:22:05,854 | INFO | [2026-05-14 14:22:00+00:00] Bar filtered (move=1.16, vol=45.0) — thresholds move>3.0, vol>250
2026-05-14 22:22:30,736 | INFO | Account Update: Equity=624.64, P&L=0.0
2026-05-14 22:22:30,737 | INFO | Polling IG (stream update)...
2026-05-14 22:22:31,088 | INFO | [2026-05-14 14:22:00+00:00] Bar filtered (move=2.39, vol=224.0) — thresholds move>3.0, vol>250
2026-05-14 22:23:05,260 | INFO | Polling IG (stream update)...
2026-05-14 22:23:05,575 | INFO | [2026-05-14 14:23:00+00:00] Bar filtered (move=0.96, vol=40.0) — thresholds move>3.0, vol>250
2026-05-14 22:23:30,489 | INFO | Account Update: Equity=624.64, P&L=0.0
2026-05-14 22:23:30,490 | INFO | Polling IG (stream update)...
2026-05-14 22:23:30,852 | INFO | [2026-05-14 14:23:00+00:00] Bar filtered (move=1.49, vol=186.0) — thresholds move>3.0, vol>250
2026-05-14 22:24:05,011 | INFO | Polling IG (stream update)...
2026-05-14 22:24:05,315 | INFO | [2026-05-14 14:24:00+00:00] Bar filtered (move=0.14, vol=43.0) — thresholds move>3.0, vol>250
2026-05-14 22:24:30,701 | INFO | Account Update: Equity=624.64, P&L=0.0
2026-05-14 22:24:30,701 | INFO | Polling IG (stream update)...
2026-05-14 22:24:30,994 | INFO | [2026-05-14 14:24:00+00:00] Bar filtered (move=1.35, vol=184.0) — thresholds move>3.0, vol>250
2026-05-14 22:25:05,195 | INFO | Polling IG (stream update)...
2026-05-14 22:25:05,627 | INFO | [2026-05-14 14:25:00+00:00] Bar filtered (move=0.89, vol=34.0) — thresholds move>3.0, vol>250
2026-05-14 22:25:30,555 | INFO | Account Update: Equity=624.64, P&L=0.0
2026-05-14 22:25:30,556 | INFO | Polling IG (stream update)...
2026-05-14 22:25:30,950 | INFO | [2026-05-14 14:25:00+00:00] Bar filtered (move=1.14, vol=191.0) — thresholds move>3.0, vol>250
2026-05-14 22:26:05,104 | INFO | Polling IG (stream update)...
2026-05-14 22:26:05,889 | INFO | [2026-05-14 14:26:00+00:00] Bar filtered (move=1.05, vol=63.0) — thresholds move>3.0, vol>250
2026-05-14 22:26:30,736 | INFO | Account Update: Equity=624.64, P&L=0.0
2026-05-14 22:26:30,738 | INFO | Polling IG (stream update)...
2026-05-14 22:26:31,049 | INFO | [2026-05-14 14:26:00+00:00] Bar filtered (move=1.37, vol=277.0) — thresholds move>3.0, vol>250
2026-05-14 22:27:05,270 | INFO | Polling IG (stream update)...
2026-05-14 22:27:05,642 | INFO | [2026-05-14 14:27:00+00:00] Bar filtered (move=0.17, vol=42.0) — thresholds move>3.0, vol>250
2026-05-14 22:27:30,554 | INFO | Account Update: Equity=624.64, P&L=0.0
2026-05-14 22:27:30,556 | INFO | Polling IG (stream update)...
2026-05-14 22:27:30,897 | INFO | [2026-05-14 14:27:00+00:00] Bar filtered (move=1.01, vol=213.0) — thresholds move>3.0, vol>250
2026-05-14 22:28:05,041 | INFO | Polling IG (stream update)...
2026-05-14 22:28:05,350 | INFO | [2026-05-14 14:28:00+00:00] Bar filtered (move=0.24, vol=35.0) — thresholds move>3.0, vol>250
2026-05-14 22:28:30,743 | INFO | Account Update: Equity=624.64, P&L=0.0
2026-05-14 22:28:30,744 | INFO | Polling IG (stream update)...
2026-05-14 22:28:31,075 | INFO | [2026-05-14 14:28:00+00:00] Bar filtered (move=0.39, vol=206.0) — thresholds move>3.0, vol>250
2026-05-14 22:29:05,271 | INFO | Polling IG (stream update)...
2026-05-14 22:29:05,582 | INFO | [2026-05-14 14:29:00+00:00] Bar filtered (move=0.20, vol=33.0) — thresholds move>3.0, vol>250
2026-05-14 22:29:30,622 | INFO | Account Update: Equity=624.64, P&L=0.0
2026-05-14 22:29:30,623 | INFO | Polling IG (stream update)...
2026-05-14 22:29:30,989 | INFO | [2026-05-14 14:29:00+00:00] Bar filtered (move=2.43, vol=202.0) — thresholds move>3.0, vol>250
2026-05-14 22:30:05,166 | INFO | Polling IG (stream update)...
2026-05-14 22:30:05,486 | INFO | [2026-05-14 14:30:00+00:00] Bar filtered (move=0.23, vol=34.0) — thresholds move>3.0, vol>250
2026-05-14 22:30:30,380 | INFO | Account Update: Equity=624.64, P&L=0.0
2026-05-14 22:30:30,381 | INFO | Polling IG (stream update)...
2026-05-14 22:30:30,689 | INFO | [2026-05-14 14:30:00+00:00] Bar filtered (move=1.28, vol=211.0) — thresholds move>3.0, vol>250
2026-05-14 22:31:05,422 | INFO | Polling IG (stream update)...
2026-05-14 22:31:05,742 | INFO | [2026-05-14 14:31:00+00:00] Bar filtered (move=1.01, vol=38.0) — thresholds move>3.0, vol>250
2026-05-14 22:31:30,627 | INFO | Account Update: Equity=624.64, P&L=0.0
2026-05-14 22:31:30,628 | INFO | Polling IG (stream update)...
2026-05-14 22:31:30,941 | INFO | [2026-05-14 14:31:00+00:00] Bar filtered (move=1.23, vol=170.0) — thresholds move>3.0, vol>250
2026-05-14 22:32:05,087 | INFO | Polling IG (stream update)...
2026-05-14 22:32:05,425 | INFO | [2026-05-14 14:32:00+00:00] Bar filtered (move=0.53, vol=33.0) — thresholds move>3.0, vol>250
2026-05-14 22:32:30,352 | INFO | Account Update: Equity=624.64, P&L=0.0
2026-05-14 22:32:30,353 | INFO | Polling IG (stream update)...
2026-05-14 22:32:30,653 | INFO | [2026-05-14 14:32:00+00:00] Bar filtered (move=0.64, vol=180.0) — thresholds move>3.0, vol>250
2026-05-14 22:33:05,293 | INFO | Polling IG (stream update)...
2026-05-14 22:33:05,611 | INFO | [2026-05-14 14:33:00+00:00] Bar filtered (move=0.46, vol=44.0) — thresholds move>3.0, vol>250
2026-05-14 22:33:30,561 | INFO | Account Update: Equity=624.64, P&L=0.0
2026-05-14 22:33:30,562 | INFO | Polling IG (stream update)...
2026-05-14 22:33:30,863 | INFO | [2026-05-14 14:33:00+00:00] Bar filtered (move=1.12, vol=191.0) — thresholds move>3.0, vol>250
2026-05-14 22:34:05,024 | INFO | Polling IG (stream update)...
2026-05-14 22:34:05,331 | INFO | [2026-05-14 14:34:00+00:00] Bar filtered (move=0.18, vol=33.0) — thresholds move>3.0, vol>250
2026-05-14 22:34:30,712 | INFO | Account Update: Equity=624.64, P&L=0.0
2026-05-14 22:34:30,713 | INFO | Polling IG (stream update)...
2026-05-14 22:34:31,032 | INFO | [2026-05-14 14:34:00+00:00] Bar filtered (move=0.22, vol=175.0) — thresholds move>3.0, vol>250
2026-05-14 22:35:05,249 | INFO | Polling IG (stream update)...
2026-05-14 22:35:05,558 | INFO | [2026-05-14 14:35:00+00:00] Bar filtered (move=1.43, vol=37.0) — thresholds move>3.0, vol>250
2026-05-14 22:35:30,447 | INFO | Account Update: Equity=624.64, P&L=0.0
2026-05-14 22:35:30,449 | INFO | Polling IG (stream update)...
2026-05-14 22:35:30,749 | INFO | [2026-05-14 14:35:00+00:00] Bar filtered (move=0.95, vol=201.0) — thresholds move>3.0, vol>250
2026-05-14 22:36:05,466 | INFO | Polling IG (stream update)...
2026-05-14 22:36:05,771 | INFO | [2026-05-14 14:36:00+00:00] Bar filtered (move=0.27, vol=34.0) — thresholds move>3.0, vol>250
2026-05-14 22:36:30,653 | INFO | Account Update: Equity=624.64, P&L=0.0
2026-05-14 22:36:30,653 | INFO | Polling IG (stream update)...
2026-05-14 22:36:30,983 | INFO | [2026-05-14 14:36:00+00:00] Bar filtered (move=1.21, vol=166.0) — thresholds move>3.0, vol>250
2026-05-14 22:37:05,139 | INFO | Polling IG (stream update)...
2026-05-14 22:37:05,457 | INFO | [2026-05-14 14:37:00+00:00] Bar filtered (move=1.00, vol=36.0) — thresholds move>3.0, vol>250
2026-05-14 22:37:30,363 | INFO | Account Update: Equity=624.64, P&L=0.0
2026-05-14 22:37:30,364 | INFO | Polling IG (stream update)...
2026-05-14 22:37:30,680 | INFO | [2026-05-14 14:37:00+00:00] Bar filtered (move=1.00, vol=187.0) — thresholds move>3.0, vol>250
2026-05-14 22:38:05,347 | INFO | Polling IG (stream update)...
2026-05-14 22:38:05,677 | INFO | [2026-05-14 14:38:00+00:00] Bar filtered (move=0.26, vol=38.0) — thresholds move>3.0, vol>250
2026-05-14 22:38:30,549 | INFO | Account Update: Equity=624.64, P&L=0.0
2026-05-14 22:38:30,550 | INFO | Polling IG (stream update)...
2026-05-14 22:38:30,865 | INFO | [2026-05-14 14:38:00+00:00] Bar filtered (move=0.14, vol=200.0) — thresholds move>3.0, vol>250
2026-05-14 22:39:05,084 | INFO | Polling IG (stream update)...
2026-05-14 22:39:05,392 | INFO | [2026-05-14 14:39:00+00:00] Bar filtered (move=0.64, vol=39.0) — thresholds move>3.0, vol>250
2026-05-14 22:39:30,811 | INFO | Account Update: Equity=624.64, P&L=0.0
2026-05-14 22:39:30,812 | INFO | Polling IG (stream update)...
2026-05-14 22:39:31,161 | INFO | [2026-05-14 14:39:00+00:00] Bar filtered (move=0.01, vol=171.0) — thresholds move>3.0, vol>250
2026-05-14 22:40:05,365 | INFO | Polling IG (stream update)...
2026-05-14 22:40:05,672 | INFO | [2026-05-14 14:40:00+00:00] Bar filtered (move=1.06, vol=38.0) — thresholds move>3.0, vol>250
2026-05-14 22:40:30,581 | INFO | Account Update: Equity=624.64, P&L=0.0
2026-05-14 22:40:30,582 | INFO | Polling IG (stream update)...
2026-05-14 22:40:30,879 | INFO | [2026-05-14 14:40:00+00:00] Bar filtered (move=1.19, vol=209.0) — thresholds move>3.0, vol>250
2026-05-14 22:41:05,067 | INFO | Polling IG (stream update)...
2026-05-14 22:41:05,404 | INFO | [2026-05-14 14:41:00+00:00] Bar filtered (move=0.05, vol=34.0) — thresholds move>3.0, vol>250
2026-05-14 22:41:30,782 | INFO | Account Update: Equity=624.64, P&L=0.0
2026-05-14 22:41:30,784 | INFO | Polling IG (stream update)...
2026-05-14 22:41:31,095 | INFO | [2026-05-14 14:41:00+00:00] Bar filtered (move=0.14, vol=198.0) — thresholds move>3.0, vol>250
2026-05-14 22:42:05,256 | INFO | Polling IG (stream update)...
2026-05-14 22:42:05,595 | INFO | [2026-05-14 14:42:00+00:00] Bar filtered (move=0.16, vol=35.0) — thresholds move>3.0, vol>250
2026-05-14 22:42:30,531 | INFO | Account Update: Equity=624.64, P&L=0.0
2026-05-14 22:42:30,532 | INFO | Polling IG (stream update)...
2026-05-14 22:42:30,843 | INFO | [2026-05-14 14:42:00+00:00] Bar filtered (move=0.97, vol=188.0) — thresholds move>3.0, vol>250
2026-05-14 22:43:05,013 | INFO | Polling IG (stream update)...
2026-05-14 22:43:05,342 | INFO | [2026-05-14 14:43:00+00:00] Bar filtered (move=0.75, vol=40.0) — thresholds move>3.0, vol>250
2026-05-14 22:43:30,773 | INFO | Account Update: Equity=624.64, P&L=0.0
2026-05-14 22:43:30,775 | INFO | Polling IG (stream update)...
2026-05-14 22:43:31,084 | INFO | [2026-05-14 14:43:00+00:00] Bar filtered (move=2.22, vol=192.0) — thresholds move>3.0, vol>250
2026-05-14 22:44:05,202 | INFO | Polling IG (stream update)...
2026-05-14 22:44:05,541 | INFO | [2026-05-14 14:44:00+00:00] Bar filtered (move=0.07, vol=39.0) — thresholds move>3.0, vol>250
2026-05-14 22:44:30,420 | INFO | Account Update: Equity=624.64, P&L=0.0
2026-05-14 22:44:30,421 | INFO | Polling IG (stream update)...
2026-05-14 22:44:30,744 | INFO | [2026-05-14 14:44:00+00:00] Bar filtered (move=0.50, vol=195.0) — thresholds move>3.0, vol>250
2026-05-14 22:45:05,409 | INFO | Polling IG (stream update)...
2026-05-14 22:45:05,721 | INFO | [2026-05-14 14:45:00+00:00] Bar filtered (move=1.65, vol=45.0) — thresholds move>3.0, vol>250
2026-05-14 22:45:30,599 | INFO | Account Update: Equity=624.64, P&L=0.0
2026-05-14 22:45:30,600 | INFO | Polling IG (stream update)...
2026-05-14 22:45:30,904 | INFO | [2026-05-14 14:45:00+00:00] Bar filtered (move=1.19, vol=214.0) — thresholds move>3.0, vol>250
2026-05-14 22:46:05,040 | INFO | Polling IG (stream update)...
2026-05-14 22:46:05,392 | INFO | [2026-05-14 14:46:00+00:00] Bar filtered (move=0.39, vol=30.0) — thresholds move>3.0, vol>250
2026-05-14 22:46:30,780 | INFO | Account Update: Equity=624.64, P&L=0.0
2026-05-14 22:46:30,780 | INFO | Polling IG (stream update)...
2026-05-14 22:46:31,096 | INFO | [2026-05-14 14:46:00+00:00] Bar filtered (move=0.20, vol=172.0) — thresholds move>3.0, vol>250
2026-05-14 22:47:05,299 | INFO | Polling IG (stream update)...
2026-05-14 22:47:05,623 | INFO | [2026-05-14 14:47:00+00:00] Bar filtered (move=1.35, vol=43.0) — thresholds move>3.0, vol>250
2026-05-14 22:47:30,510 | INFO | Account Update: Equity=624.64, P&L=0.0
2026-05-14 22:47:30,511 | INFO | Polling IG (stream update)...
2026-05-14 22:47:30,860 | INFO | [2026-05-14 14:47:00+00:00] Bar filtered (move=1.74, vol=219.0) — thresholds move>3.0, vol>250
2026-05-14 22:48:05,041 | INFO | Polling IG (stream update)...
2026-05-14 22:48:05,478 | INFO | [2026-05-14 14:48:00+00:00] Bar filtered (move=0.56, vol=31.0) — thresholds move>3.0, vol>250
2026-05-14 22:48:30,365 | INFO | Account Update: Equity=624.64, P&L=0.0
2026-05-14 22:48:30,366 | INFO | Polling IG (stream update)...
2026-05-14 22:48:30,697 | INFO | [2026-05-14 14:48:00+00:00] Bar filtered (move=0.14, vol=183.0) — thresholds move>3.0, vol>250
2026-05-14 22:49:05,384 | INFO | Polling IG (stream update)...
2026-05-14 22:49:05,728 | INFO | [2026-05-14 14:49:00+00:00] Bar filtered (move=0.86, vol=38.0) — thresholds move>3.0, vol>250
2026-05-14 22:49:30,598 | INFO | Account Update: Equity=624.64, P&L=0.0
2026-05-14 22:49:30,599 | INFO | Polling IG (stream update)...
2026-05-14 22:49:30,914 | INFO | [2026-05-14 14:49:00+00:00] Bar filtered (move=1.79, vol=197.0) — thresholds move>3.0, vol>250
2026-05-14 22:50:05,081 | INFO | Polling IG (stream update)...
2026-05-14 22:50:05,401 | INFO | [2026-05-14 14:50:00+00:00] Bar filtered (move=0.25, vol=37.0) — thresholds move>3.0, vol>250
2026-05-14 22:50:30,852 | INFO | Account Update: Equity=624.64, P&L=0.0
2026-05-14 22:50:30,853 | INFO | Polling IG (stream update)...
2026-05-14 22:50:31,163 | INFO | [2026-05-14 14:50:00+00:00] Bar filtered (move=0.01, vol=204.0) — thresholds move>3.0, vol>250
2026-05-14 22:51:05,342 | INFO | Polling IG (stream update)...
2026-05-14 22:51:05,649 | INFO | [2026-05-14 14:51:00+00:00] Bar filtered (move=0.13, vol=37.0) — thresholds move>3.0, vol>250
2026-05-14 22:51:30,549 | INFO | Account Update: Equity=624.64, P&L=0.0
2026-05-14 22:51:30,550 | INFO | Polling IG (stream update)...
2026-05-14 22:51:30,860 | INFO | [2026-05-14 14:51:00+00:00] Bar filtered (move=0.88, vol=215.0) — thresholds move>3.0, vol>250
2026-05-14 22:52:05,029 | INFO | Polling IG (stream update)...
2026-05-14 22:52:05,338 | INFO | [2026-05-14 14:52:00+00:00] Bar filtered (move=0.54, vol=27.0) — thresholds move>3.0, vol>250
2026-05-14 22:52:30,769 | INFO | Account Update: Equity=624.64, P&L=0.0
2026-05-14 22:52:30,769 | INFO | Polling IG (stream update)...
2026-05-14 22:52:31,078 | INFO | [2026-05-14 14:52:00+00:00] Bar filtered (move=2.39, vol=180.0) — thresholds move>3.0, vol>250
2026-05-14 22:53:05,241 | INFO | Polling IG (stream update)...
2026-05-14 22:53:05,557 | INFO | [2026-05-14 14:53:00+00:00] Bar filtered (move=0.38, vol=23.0) — thresholds move>3.0, vol>250
2026-05-14 22:53:30,427 | INFO | Account Update: Equity=624.64, P&L=0.0
2026-05-14 22:53:30,428 | INFO | Polling IG (stream update)...
2026-05-14 22:53:30,735 | INFO | [2026-05-14 14:53:00+00:00] Bar filtered (move=1.23, vol=203.0) — thresholds move>3.0, vol>250
2026-05-14 22:54:05,418 | INFO | Polling IG (stream update)...
2026-05-14 22:54:05,787 | INFO | [2026-05-14 14:54:00+00:00] Bar filtered (move=0.13, vol=34.0) — thresholds move>3.0, vol>250
2026-05-14 22:54:30,704 | INFO | Account Update: Equity=624.64, P&L=0.0
2026-05-14 22:54:30,706 | INFO | Polling IG (stream update)...
2026-05-14 22:54:31,016 | INFO | [2026-05-14 14:54:00+00:00] Bar filtered (move=2.37, vol=241.0) — thresholds move>3.0, vol>250
2026-05-14 22:55:05,186 | INFO | Polling IG (stream update)...
2026-05-14 22:55:05,507 | INFO | [2026-05-14 14:55:00+00:00] Bar filtered (move=0.53, vol=43.0) — thresholds move>3.0, vol>250
2026-05-14 22:55:30,421 | INFO | Account Update: Equity=624.64, P&L=0.0
2026-05-14 22:55:30,422 | INFO | Polling IG (stream update)...
2026-05-14 22:55:30,731 | INFO | [2026-05-14 14:55:00+00:00] Bar filtered (move=0.27, vol=192.0) — thresholds move>3.0, vol>250
2026-05-14 22:56:05,421 | INFO | Polling IG (stream update)...
2026-05-14 22:56:05,738 | INFO | [2026-05-14 14:56:00+00:00] Bar filtered (move=0.05, vol=50.0) — thresholds move>3.0, vol>250
2026-05-14 22:56:30,603 | INFO | Account Update: Equity=624.64, P&L=0.0
2026-05-14 22:56:30,604 | INFO | Polling IG (stream update)...
2026-05-14 22:56:30,901 | INFO | [2026-05-14 14:56:00+00:00] Bar filtered (move=2.12, vol=202.0) — thresholds move>3.0, vol>250
2026-05-14 22:57:05,081 | INFO | Polling IG (stream update)...
2026-05-14 22:57:05,404 | INFO | [2026-05-14 14:57:00+00:00] Bar filtered (move=0.12, vol=36.0) — thresholds move>3.0, vol>250
2026-05-14 22:57:30,809 | INFO | Account Update: Equity=624.64, P&L=0.0
2026-05-14 22:57:30,810 | INFO | Polling IG (stream update)...
2026-05-14 22:57:31,140 | INFO | [2026-05-14 14:57:00+00:00] Bar filtered (move=0.92, vol=168.0) — thresholds move>3.0, vol>250
2026-05-14 22:58:05,344 | INFO | Polling IG (stream update)...
2026-05-14 22:58:05,658 | INFO | [2026-05-14 14:58:00+00:00] Bar filtered (move=0.26, vol=33.0) — thresholds move>3.0, vol>250
2026-05-14 22:58:30,561 | INFO | Account Update: Equity=624.64, P&L=0.0
2026-05-14 22:58:30,562 | INFO | Polling IG (stream update)...
2026-05-14 22:58:30,929 | INFO | [2026-05-14 14:58:00+00:00] Bar filtered (move=0.41, vol=185.0) — thresholds move>3.0, vol>250
2026-05-14 22:59:05,129 | INFO | Polling IG (stream update)...
2026-05-14 22:59:05,446 | INFO | [2026-05-14 14:59:00+00:00] Bar filtered (move=0.95, vol=44.0) — thresholds move>3.0, vol>250
2026-05-14 22:59:30,814 | INFO | Account Update: Equity=624.64, P&L=0.0
2026-05-14 22:59:30,815 | INFO | Polling IG (stream update)...
2026-05-14 22:59:31,140 | INFO | [2026-05-14 14:59:00+00:00] Bar filtered (move=2.57, vol=230.0) — thresholds move>3.0, vol>250
2026-05-14 23:00:05,334 | INFO | Polling IG (stream update)...
2026-05-14 23:00:05,768 | INFO | [2026-05-14 15:00:00+00:00] Bar filtered (move=0.57, vol=61.0) — thresholds move>3.0, vol>250
2026-05-14 23:00:30,625 | INFO | Account Update: Equity=624.64, P&L=0.0
2026-05-14 23:00:30,626 | INFO | Polling IG (stream update)...
2026-05-14 23:00:30,927 | INFO | [2026-05-14 15:00:00+00:00] Bar filtered (move=0.64, vol=282.0) — thresholds move>3.0, vol>250
2026-05-14 23:01:05,135 | INFO | Polling IG (stream update)...
2026-05-14 23:01:05,437 | INFO | [2026-05-14 15:01:00+00:00] Bar filtered (move=0.29, vol=45.0) — thresholds move>3.0, vol>250
2026-05-14 23:01:30,838 | INFO | Account Update: Equity=624.64, P&L=0.0
2026-05-14 23:01:30,839 | INFO | Polling IG (stream update)...
2026-05-14 23:01:31,152 | INFO | [2026-05-14 15:01:00+00:00] Bar filtered (move=0.58, vol=219.0) — thresholds move>3.0, vol>250
2026-05-14 23:02:05,291 | INFO | Polling IG (stream update)...
2026-05-14 23:02:05,650 | INFO | [2026-05-14 15:02:00+00:00] Bar filtered (move=0.78, vol=53.0) — thresholds move>3.0, vol>250
2026-05-14 23:02:30,513 | INFO | Account Update: Equity=624.64, P&L=0.0
2026-05-14 23:02:30,514 | INFO | Polling IG (stream update)...
2026-05-14 23:02:30,812 | INFO | [2026-05-14 15:02:00+00:00] Bar filtered (move=0.67, vol=225.0) — thresholds move>3.0, vol>250
2026-05-14 23:03:05,473 | INFO | Polling IG (stream update)...
2026-05-14 23:03:05,779 | INFO | [2026-05-14 15:03:00+00:00] Bar filtered (move=0.52, vol=41.0) — thresholds move>3.0, vol>250
2026-05-14 23:03:30,666 | INFO | Account Update: Equity=624.64, P&L=0.0
2026-05-14 23:03:30,667 | INFO | Polling IG (stream update)...
2026-05-14 23:03:30,978 | INFO | [2026-05-14 15:03:00+00:00] Bar filtered (move=0.42, vol=173.0) — thresholds move>3.0, vol>250
2026-05-14 23:04:05,120 | INFO | Polling IG (stream update)...
2026-05-14 23:04:05,431 | INFO | [2026-05-14 15:04:00+00:00] Bar filtered (move=0.56, vol=26.0) — thresholds move>3.0, vol>250
2026-05-14 23:04:30,833 | INFO | Account Update: Equity=624.64, P&L=0.0
2026-05-14 23:04:30,834 | INFO | Polling IG (stream update)...
2026-05-14 23:04:31,196 | INFO | [2026-05-14 15:04:00+00:00] Bar filtered (move=2.96, vol=225.0) — thresholds move>3.0, vol>250
2026-05-14 23:05:05,383 | INFO | Polling IG (stream update)...
2026-05-14 23:05:05,694 | INFO | [2026-05-14 15:05:00+00:00] Bar filtered (move=0.03, vol=44.0) — thresholds move>3.0, vol>250
2026-05-14 23:05:30,594 | INFO | Account Update: Equity=624.64, P&L=0.0
2026-05-14 23:05:30,595 | INFO | Polling IG (stream update)...
2026-05-14 23:05:30,906 | INFO | [2026-05-14 15:05:00+00:00] Bar filtered (move=0.83, vol=193.0) — thresholds move>3.0, vol>250
2026-05-14 23:06:05,081 | INFO | Polling IG (stream update)...
2026-05-14 23:06:05,390 | INFO | [2026-05-14 15:06:00+00:00] Bar filtered (move=0.08, vol=30.0) — thresholds move>3.0, vol>250
2026-05-14 23:06:30,794 | INFO | Account Update: Equity=624.64, P&L=0.0
2026-05-14 23:06:30,794 | INFO | Polling IG (stream update)...
2026-05-14 23:06:31,163 | INFO | [2026-05-14 15:06:00+00:00] Bar filtered (move=0.24, vol=175.0) — thresholds move>3.0, vol>250
2026-05-14 23:07:05,384 | INFO | Polling IG (stream update)...
2026-05-14 23:07:05,700 | INFO | [2026-05-14 15:07:00+00:00] Bar filtered (move=0.29, vol=42.0) — thresholds move>3.0, vol>250
2026-05-14 23:07:30,585 | INFO | Account Update: Equity=624.64, P&L=0.0
2026-05-14 23:07:30,586 | INFO | Polling IG (stream update)...
2026-05-14 23:07:30,907 | INFO | [2026-05-14 15:07:00+00:00] Bar filtered (move=0.76, vol=183.0) — thresholds move>3.0, vol>250
2026-05-14 23:08:05,079 | INFO | Polling IG (stream update)...
2026-05-14 23:08:05,477 | INFO | [2026-05-14 15:08:00+00:00] Bar filtered (move=0.08, vol=30.0) — thresholds move>3.0, vol>250
2026-05-14 23:08:30,472 | INFO | Account Update: Equity=624.64, P&L=0.0
2026-05-14 23:08:30,473 | INFO | Polling IG (stream update)...
2026-05-14 23:08:30,782 | INFO | [2026-05-14 15:08:00+00:00] Bar filtered (move=1.46, vol=156.0) — thresholds move>3.0, vol>250
2026-05-14 23:09:05,470 | INFO | Polling IG (stream update)...
2026-05-14 23:09:05,824 | INFO | [2026-05-14 15:09:00+00:00] Bar filtered (move=0.70, vol=28.0) — thresholds move>3.0, vol>250
2026-05-14 23:09:30,711 | INFO | Account Update: Equity=624.64, P&L=0.0
2026-05-14 23:09:30,712 | INFO | Polling IG (stream update)...
2026-05-14 23:09:31,020 | INFO | [2026-05-14 15:09:00+00:00] Bar filtered (move=0.22, vol=164.0) — thresholds move>3.0, vol>250
2026-05-14 23:10:05,197 | INFO | Polling IG (stream update)...
2026-05-14 23:10:05,498 | INFO | [2026-05-14 15:10:00+00:00] Bar filtered (move=0.25, vol=31.0) — thresholds move>3.0, vol>250
2026-05-14 23:10:30,484 | INFO | Account Update: Equity=624.64, P&L=0.0
2026-05-14 23:10:30,485 | INFO | Polling IG (stream update)...
2026-05-14 23:10:30,791 | INFO | [2026-05-14 15:10:00+00:00] Bar filtered (move=1.26, vol=167.0) — thresholds move>3.0, vol>250
2026-05-14 23:11:05,463 | INFO | Polling IG (stream update)...
2026-05-14 23:11:05,775 | INFO | [2026-05-14 15:11:00+00:00] Bar filtered (move=0.04, vol=45.0) — thresholds move>3.0, vol>250
2026-05-14 23:11:30,751 | INFO | Account Update: Equity=624.64, P&L=0.0
2026-05-14 23:11:30,752 | INFO | Polling IG (stream update)...
2026-05-14 23:11:31,079 | INFO | [2026-05-14 15:11:00+00:00] Bar filtered (move=0.70, vol=177.0) — thresholds move>3.0, vol>250
2026-05-14 23:12:05,227 | INFO | Polling IG (stream update)...
2026-05-14 23:12:05,541 | INFO | [2026-05-14 15:12:00+00:00] Bar filtered (move=0.07, vol=38.0) — thresholds move>3.0, vol>250
2026-05-14 23:12:30,395 | INFO | Account Update: Equity=624.64, P&L=0.0
2026-05-14 23:12:30,397 | INFO | Polling IG (stream update)...
2026-05-14 23:12:30,717 | INFO | [2026-05-14 15:12:00+00:00] Bar filtered (move=0.66, vol=174.0) — thresholds move>3.0, vol>250
2026-05-14 23:13:05,378 | INFO | Polling IG (stream update)...
2026-05-14 23:13:05,714 | INFO | [2026-05-14 15:13:00+00:00] Bar filtered (move=0.17, vol=35.0) — thresholds move>3.0, vol>250
2026-05-14 23:13:30,587 | INFO | Account Update: Equity=624.64, P&L=0.0
2026-05-14 23:13:30,588 | INFO | Polling IG (stream update)...
2026-05-14 23:13:30,915 | INFO | [2026-05-14 15:13:00+00:00] Bar filtered (move=0.50, vol=170.0) — thresholds move>3.0, vol>250
2026-05-14 23:14:05,095 | INFO | Polling IG (stream update)...
2026-05-14 23:14:05,405 | INFO | [2026-05-14 15:14:00+00:00] Bar filtered (move=0.63, vol=47.0) — thresholds move>3.0, vol>250
2026-05-14 23:14:30,807 | INFO | Account Update: Equity=624.64, P&L=0.0
2026-05-14 23:14:30,807 | INFO | Polling IG (stream update)...
2026-05-14 23:14:31,114 | INFO | [2026-05-14 15:14:00+00:00] Bar filtered (move=0.02, vol=192.0) — thresholds move>3.0, vol>250
2026-05-14 23:15:05,352 | INFO | Polling IG (stream update)...
2026-05-14 23:15:05,670 | INFO | [2026-05-14 15:15:00+00:00] Bar filtered (move=0.45, vol=29.0) — thresholds move>3.0, vol>250
2026-05-14 23:15:30,550 | INFO | Account Update: Equity=624.64, P&L=0.0
2026-05-14 23:15:30,551 | INFO | Polling IG (stream update)...
2026-05-14 23:15:30,864 | INFO | [2026-05-14 15:15:00+00:00] Bar filtered (move=0.24, vol=171.0) — thresholds move>3.0, vol>250
2026-05-14 23:16:05,090 | INFO | Polling IG (stream update)...
2026-05-14 23:16:05,551 | INFO | [2026-05-14 15:16:00+00:00] Bar filtered (move=0.56, vol=31.0) — thresholds move>3.0, vol>250
2026-05-14 23:16:30,465 | INFO | Account Update: Equity=624.64, P&L=0.0
2026-05-14 23:16:30,466 | INFO | Polling IG (stream update)...
2026-05-14 23:16:30,825 | INFO | [2026-05-14 15:16:00+00:00] Bar filtered (move=0.64, vol=142.0) — thresholds move>3.0, vol>250
2026-05-14 23:17:05,505 | INFO | Polling IG (stream update)...
2026-05-14 23:17:05,995 | INFO | [2026-05-14 15:17:00+00:00] Bar filtered (move=0.36, vol=23.0) — thresholds move>3.0, vol>250
2026-05-14 23:17:30,352 | INFO | Account Update: Equity=624.64, P&L=0.0
2026-05-14 23:17:30,353 | INFO | Polling IG (stream update)...
2026-05-14 23:17:30,666 | INFO | [2026-05-14 15:17:00+00:00] Bar filtered (move=0.81, vol=118.0) — thresholds move>3.0, vol>250
2026-05-14 23:18:05,359 | INFO | Polling IG (stream update)...
2026-05-14 23:18:05,815 | INFO | [2026-05-14 15:18:00+00:00] Bar filtered (move=0.07, vol=21.0) — thresholds move>3.0, vol>250
2026-05-14 23:18:30,722 | INFO | Account Update: Equity=624.64, P&L=0.0
2026-05-14 23:18:30,723 | INFO | Polling IG (stream update)...
2026-05-14 23:18:31,061 | INFO | [2026-05-14 15:18:00+00:00] Bar filtered (move=1.05, vol=133.0) — thresholds move>3.0, vol>250
2026-05-14 23:19:05,225 | INFO | Polling IG (stream update)...
2026-05-14 23:19:05,584 | INFO | [2026-05-14 15:19:00+00:00] Bar filtered (move=0.02, vol=16.0) — thresholds move>3.0, vol>250
2026-05-14 23:19:30,465 | INFO | Account Update: Equity=624.64, P&L=0.0
2026-05-14 23:19:30,465 | INFO | Polling IG (stream update)...
2026-05-14 23:19:30,792 | INFO | [2026-05-14 15:19:00+00:00] Bar filtered (move=0.10, vol=153.0) — thresholds move>3.0, vol>250
2026-05-14 23:20:05,463 | INFO | Polling IG (stream update)...
2026-05-14 23:20:05,778 | INFO | [2026-05-14 15:20:00+00:00] Bar filtered (move=0.71, vol=31.0) — thresholds move>3.0, vol>250
2026-05-14 23:20:30,645 | INFO | Account Update: Equity=624.64, P&L=0.0
2026-05-14 23:20:30,645 | INFO | Polling IG (stream update)...
2026-05-14 23:20:31,007 | INFO | [2026-05-14 15:20:00+00:00] Bar filtered (move=1.08, vol=154.0) — thresholds move>3.0, vol>250
2026-05-14 23:21:05,184 | INFO | Polling IG (stream update)...
2026-05-14 23:21:05,492 | INFO | [2026-05-14 15:21:00+00:00] Bar filtered (move=0.94, vol=29.0) — thresholds move>3.0, vol>250
2026-05-14 23:21:30,840 | INFO | Account Update: Equity=624.64, P&L=0.0
2026-05-14 23:21:30,841 | INFO | Polling IG (stream update)...
2026-05-14 23:21:31,175 | INFO | [2026-05-14 15:21:00+00:00] Bar filtered (move=0.93, vol=194.0) — thresholds move>3.0, vol>250
2026-05-14 23:22:05,382 | INFO | Polling IG (stream update)...
2026-05-14 23:22:05,712 | INFO | [2026-05-14 15:22:00+00:00] Bar filtered (move=0.58, vol=34.0) — thresholds move>3.0, vol>250
2026-05-14 23:22:30,622 | INFO | Account Update: Equity=624.64, P&L=0.0
2026-05-14 23:22:30,623 | INFO | Polling IG (stream update)...
2026-05-14 23:22:30,947 | INFO | [2026-05-14 15:22:00+00:00] Bar filtered (move=0.80, vol=151.0) — thresholds move>3.0, vol>250
2026-05-14 23:23:05,142 | INFO | Polling IG (stream update)...
2026-05-14 23:23:05,453 | INFO | [2026-05-14 15:23:00+00:00] Bar filtered (move=0.01, vol=34.0) — thresholds move>3.0, vol>250
2026-05-14 23:23:30,351 | INFO | Account Update: Equity=624.64, P&L=0.0
2026-05-14 23:23:30,352 | INFO | Polling IG (stream update)...
2026-05-14 23:23:30,662 | INFO | [2026-05-14 15:23:00+00:00] Bar filtered (move=1.01, vol=157.0) — thresholds move>3.0, vol>250
2026-05-14 23:24:05,349 | INFO | Polling IG (stream update)...
2026-05-14 23:24:05,659 | INFO | [2026-05-14 15:24:00+00:00] Bar filtered (move=0.06, vol=31.0) — thresholds move>3.0, vol>250
2026-05-14 23:24:30,528 | INFO | Account Update: Equity=624.64, P&L=0.0
2026-05-14 23:24:30,529 | INFO | Polling IG (stream update)...
2026-05-14 23:24:30,870 | INFO | [2026-05-14 15:24:00+00:00] Bar filtered (move=0.66, vol=105.0) — thresholds move>3.0, vol>250
2026-05-14 23:25:05,086 | INFO | Polling IG (stream update)...
2026-05-14 23:25:05,393 | INFO | [2026-05-14 15:25:00+00:00] Bar filtered (move=0.06, vol=21.0) — thresholds move>3.0, vol>250
2026-05-14 23:25:30,819 | INFO | Account Update: Equity=624.64, P&L=0.0
2026-05-14 23:25:30,820 | INFO | Polling IG (stream update)...
2026-05-14 23:25:31,127 | INFO | [2026-05-14 15:25:00+00:00] Bar filtered (move=0.44, vol=111.0) — thresholds move>3.0, vol>250
2026-05-14 23:26:05,324 | INFO | Polling IG (stream update)...
2026-05-14 23:26:05,678 | INFO | [2026-05-14 15:26:00+00:00] Bar filtered (move=0.09, vol=23.0) — thresholds move>3.0, vol>250
2026-05-14 23:26:30,608 | INFO | Account Update: Equity=624.64, P&L=0.0
2026-05-14 23:26:30,610 | INFO | Polling IG (stream update)...
2026-05-14 23:26:30,953 | INFO | [2026-05-14 15:26:00+00:00] Bar filtered (move=0.23, vol=111.0) — thresholds move>3.0, vol>250
2026-05-14 23:27:05,117 | INFO | Polling IG (stream update)...
2026-05-14 23:27:05,437 | INFO | [2026-05-14 15:27:00+00:00] Bar filtered (move=0.06, vol=20.0) — thresholds move>3.0, vol>250
2026-05-14 23:27:30,865 | INFO | Account Update: Equity=624.64, P&L=0.0
2026-05-14 23:27:30,865 | INFO | Polling IG (stream update)...
2026-05-14 23:27:31,234 | INFO | [2026-05-14 15:27:00+00:00] Bar filtered (move=0.27, vol=141.0) — thresholds move>3.0, vol>250
2026-05-14 23:28:05,375 | INFO | Polling IG (stream update)...
2026-05-14 23:28:05,690 | INFO | [2026-05-14 15:28:00+00:00] Bar filtered (move=0.07, vol=24.0) — thresholds move>3.0, vol>250
2026-05-14 23:28:30,594 | INFO | Account Update: Equity=624.64, P&L=0.0
2026-05-14 23:28:30,595 | INFO | Polling IG (stream update)...
2026-05-14 23:28:30,931 | INFO | [2026-05-14 15:28:00+00:00] Bar filtered (move=0.19, vol=124.0) — thresholds move>3.0, vol>250
2026-05-14 23:29:05,138 | INFO | Polling IG (stream update)...
2026-05-14 23:29:05,456 | INFO | [2026-05-14 15:29:00+00:00] Bar filtered (move=0.68, vol=25.0) — thresholds move>3.0, vol>250
2026-05-14 23:29:30,787 | INFO | Account Update: Equity=624.64, P&L=0.0
2026-05-14 23:29:30,788 | INFO | Polling IG (stream update)...
2026-05-14 23:29:31,096 | INFO | [2026-05-14 15:29:00+00:00] Bar filtered (move=0.11, vol=124.0) — thresholds move>3.0, vol>250
2026-05-14 23:30:05,291 | INFO | Polling IG (stream update)...
2026-05-14 23:30:05,599 | INFO | [2026-05-14 15:30:00+00:00] Bar filtered (move=0.23, vol=40.0) — thresholds move>3.0, vol>250
2026-05-14 23:30:30,551 | INFO | Account Update: Equity=624.64, P&L=0.0
2026-05-14 23:30:30,552 | INFO | Polling IG (stream update)...
2026-05-14 23:30:30,954 | INFO | [2026-05-14 15:30:00+00:00] Bar filtered (move=1.09, vol=159.0) — thresholds move>3.0, vol>250
2026-05-14 23:31:05,197 | INFO | Polling IG (stream update)...
2026-05-14 23:31:05,532 | INFO | [2026-05-14 15:31:00+00:00] Bar filtered (move=0.19, vol=25.0) — thresholds move>3.0, vol>250
2026-05-14 23:31:30,409 | INFO | Account Update: Equity=624.64, P&L=0.0
2026-05-14 23:31:30,410 | INFO | Polling IG (stream update)...
2026-05-14 23:31:30,754 | INFO | [2026-05-14 15:31:00+00:00] Bar filtered (move=0.35, vol=142.0) — thresholds move>3.0, vol>250
2026-05-14 23:32:05,441 | INFO | Polling IG (stream update)...
2026-05-14 23:32:05,768 | INFO | [2026-05-14 15:32:00+00:00] Bar filtered (move=0.19, vol=26.0) — thresholds move>3.0, vol>250
2026-05-14 23:32:30,698 | INFO | Account Update: Equity=624.64, P&L=0.0
2026-05-14 23:32:30,699 | INFO | Polling IG (stream update)...
2026-05-14 23:32:31,007 | INFO | [2026-05-14 15:32:00+00:00] Bar filtered (move=0.09, vol=125.0) — thresholds move>3.0, vol>250
2026-05-14 23:33:05,210 | INFO | Polling IG (stream update)...
2026-05-14 23:33:05,548 | INFO | [2026-05-14 15:33:00+00:00] Bar filtered (move=1.51, vol=33.0) — thresholds move>3.0, vol>250
2026-05-14 23:33:30,414 | INFO | Account Update: Equity=624.64, P&L=0.0
2026-05-14 23:33:30,415 | INFO | Polling IG (stream update)...
2026-05-14 23:33:30,809 | INFO | [2026-05-14 15:33:00+00:00] Bar filtered (move=2.61, vol=142.0) — thresholds move>3.0, vol>250
2026-05-14 23:34:05,011 | INFO | Polling IG (stream update)...
2026-05-14 23:34:05,334 | INFO | [2026-05-14 15:34:00+00:00] Bar filtered (move=0.51, vol=24.0) — thresholds move>3.0, vol>250
2026-05-14 23:34:30,715 | INFO | Account Update: Equity=624.64, P&L=0.0
2026-05-14 23:34:30,716 | INFO | Polling IG (stream update)...
2026-05-14 23:34:31,052 | INFO | [2026-05-14 15:34:00+00:00] Bar filtered (move=0.76, vol=135.0) — thresholds move>3.0, vol>250
2026-05-14 23:35:05,241 | INFO | Polling IG (stream update)...
2026-05-14 23:35:05,569 | INFO | [2026-05-14 15:35:00+00:00] Bar filtered (move=0.15, vol=30.0) — thresholds move>3.0, vol>250
2026-05-14 23:35:30,417 | INFO | Account Update: Equity=624.64, P&L=0.0
2026-05-14 23:35:30,418 | INFO | Polling IG (stream update)...
2026-05-14 23:35:30,766 | INFO | [2026-05-14 15:35:00+00:00] Bar filtered (move=0.97, vol=172.0) — thresholds move>3.0, vol>250
2026-05-14 23:36:05,485 | INFO | Polling IG (stream update)...
2026-05-14 23:36:05,805 | INFO | [2026-05-14 15:36:00+00:00] Bar filtered (move=0.18, vol=28.0) — thresholds move>3.0, vol>250
2026-05-14 23:36:30,733 | INFO | Account Update: Equity=624.64, P&L=0.0
2026-05-14 23:36:30,734 | INFO | Polling IG (stream update)...
2026-05-14 23:36:31,042 | INFO | [2026-05-14 15:36:00+00:00] Bar filtered (move=0.42, vol=132.0) — thresholds move>3.0, vol>250
2026-05-14 23:37:05,206 | INFO | Polling IG (stream update)...
2026-05-14 23:37:05,592 | INFO | [2026-05-14 15:37:00+00:00] Bar filtered (move=0.19, vol=21.0) — thresholds move>3.0, vol>250
2026-05-14 23:37:30,495 | INFO | Account Update: Equity=624.64, P&L=0.0
2026-05-14 23:37:30,496 | INFO | Polling IG (stream update)...
2026-05-14 23:37:30,825 | INFO | [2026-05-14 15:37:00+00:00] Bar filtered (move=1.73, vol=152.0) — thresholds move>3.0, vol>250
2026-05-14 23:38:05,053 | INFO | Polling IG (stream update)...
2026-05-14 23:38:05,357 | INFO | [2026-05-14 15:38:00+00:00] Bar filtered (move=0.04, vol=24.0) — thresholds move>3.0, vol>250
2026-05-14 23:38:30,813 | INFO | Account Update: Equity=624.64, P&L=0.0
2026-05-14 23:38:30,814 | INFO | Polling IG (stream update)...
2026-05-14 23:38:31,152 | INFO | [2026-05-14 15:38:00+00:00] Bar filtered (move=0.59, vol=124.0) — thresholds move>3.0, vol>250
2026-05-14 23:39:05,352 | INFO | Polling IG (stream update)...
2026-05-14 23:39:06,115 | INFO | [2026-05-14 15:39:00+00:00] Bar filtered (move=0.01, vol=35.0) — thresholds move>3.0, vol>250
2026-05-14 23:39:30,505 | INFO | Account Update: Equity=624.64, P&L=0.0
2026-05-14 23:39:30,506 | INFO | Polling IG (stream update)...
2026-05-14 23:39:30,859 | INFO | [2026-05-14 15:39:00+00:00] Bar filtered (move=0.61, vol=141.0) — thresholds move>3.0, vol>250
2026-05-14 23:40:05,080 | INFO | Polling IG (stream update)...
2026-05-14 23:40:05,391 | INFO | [2026-05-14 15:40:00+00:00] Bar filtered (move=0.23, vol=24.0) — thresholds move>3.0, vol>250
2026-05-14 23:40:30,778 | INFO | Account Update: Equity=624.64, P&L=0.0
2026-05-14 23:40:30,780 | INFO | Polling IG (stream update)...
2026-05-14 23:40:31,085 | INFO | [2026-05-14 15:40:00+00:00] Bar filtered (move=0.27, vol=152.0) — thresholds move>3.0, vol>250
2026-05-14 23:41:05,278 | INFO | Polling IG (stream update)...
2026-05-14 23:41:05,578 | INFO | [2026-05-14 15:41:00+00:00] Bar filtered (move=0.42, vol=32.0) — thresholds move>3.0, vol>250
2026-05-14 23:41:30,447 | INFO | Account Update: Equity=624.64, P&L=0.0
2026-05-14 23:41:30,448 | INFO | Polling IG (stream update)...
2026-05-14 23:41:30,781 | INFO | [2026-05-14 15:41:00+00:00] Bar filtered (move=0.03, vol=153.0) — thresholds move>3.0, vol>250
2026-05-14 23:42:05,456 | INFO | Polling IG (stream update)...
2026-05-14 23:42:05,888 | INFO | [2026-05-14 15:42:00+00:00] Bar filtered (move=0.80, vol=49.0) — thresholds move>3.0, vol>250
2026-05-14 23:42:30,803 | INFO | Account Update: Equity=624.64, P&L=0.0
2026-05-14 23:42:30,805 | INFO | Polling IG (stream update)...
2026-05-14 23:42:31,116 | INFO | [2026-05-14 15:42:00+00:00] Bar filtered (move=0.69, vol=185.0) — thresholds move>3.0, vol>250
2026-05-14 23:43:05,289 | INFO | Polling IG (stream update)...
2026-05-14 23:43:05,601 | INFO | [2026-05-14 15:43:00+00:00] Bar filtered (move=0.17, vol=22.0) — thresholds move>3.0, vol>250
2026-05-14 23:43:30,507 | INFO | Account Update: Equity=624.64, P&L=0.0
2026-05-14 23:43:30,508 | INFO | Polling IG (stream update)...
2026-05-14 23:43:30,830 | INFO | [2026-05-14 15:43:00+00:00] Bar filtered (move=0.76, vol=125.0) — thresholds move>3.0, vol>250
2026-05-14 23:44:05,493 | INFO | Polling IG (stream update)...
2026-05-14 23:44:05,807 | INFO | [2026-05-14 15:44:00+00:00] Bar filtered (move=0.36, vol=20.0) — thresholds move>3.0, vol>250
2026-05-14 23:44:30,643 | INFO | Account Update: Equity=624.64, P&L=0.0
2026-05-14 23:44:30,645 | INFO | Polling IG (stream update)...
2026-05-14 23:44:30,958 | INFO | [2026-05-14 15:44:00+00:00] Bar filtered (move=0.30, vol=104.0) — thresholds move>3.0, vol>250
2026-05-14 23:45:05,131 | INFO | Polling IG (stream update)...
2026-05-14 23:45:05,500 | INFO | [2026-05-14 15:45:00+00:00] Bar filtered (move=0.40, vol=33.0) — thresholds move>3.0, vol>250
2026-05-14 23:45:30,405 | INFO | Account Update: Equity=624.64, P&L=0.0
2026-05-14 23:45:30,406 | INFO | Polling IG (stream update)...
2026-05-14 23:45:30,735 | INFO | [2026-05-14 15:45:00+00:00] Bar filtered (move=1.03, vol=150.0) — thresholds move>3.0, vol>250
2026-05-14 23:46:05,410 | INFO | Polling IG (stream update)...
2026-05-14 23:46:05,712 | INFO | [2026-05-14 15:46:00+00:00] Bar filtered (move=0.29, vol=24.0) — thresholds move>3.0, vol>250
2026-05-14 23:46:30,598 | INFO | Account Update: Equity=624.64, P&L=0.0
2026-05-14 23:46:30,599 | INFO | Polling IG (stream update)...
2026-05-14 23:46:30,911 | INFO | [2026-05-14 15:46:00+00:00] Bar filtered (move=0.35, vol=118.0) — thresholds move>3.0, vol>250
2026-05-14 23:47:05,074 | INFO | Polling IG (stream update)...
2026-05-14 23:47:05,397 | INFO | [2026-05-14 15:47:00+00:00] Bar filtered (move=0.40, vol=23.0) — thresholds move>3.0, vol>250
2026-05-14 23:47:30,781 | INFO | Account Update: Equity=624.64, P&L=0.0
2026-05-14 23:47:30,782 | INFO | Polling IG (stream update)...
2026-05-14 23:47:31,092 | INFO | [2026-05-14 15:47:00+00:00] Bar filtered (move=0.15, vol=116.0) — thresholds move>3.0, vol>250
2026-05-14 23:48:05,247 | INFO | Polling IG (stream update)...
2026-05-14 23:48:05,554 | INFO | [2026-05-14 15:48:00+00:00] Bar filtered (move=0.30, vol=12.0) — thresholds move>3.0, vol>250
2026-05-14 23:48:30,452 | INFO | Account Update: Equity=624.64, P&L=0.0
2026-05-14 23:48:30,453 | INFO | Polling IG (stream update)...
2026-05-14 23:48:30,759 | INFO | [2026-05-14 15:48:00+00:00] Bar filtered (move=0.19, vol=107.0) — thresholds move>3.0, vol>250
2026-05-14 23:49:05,465 | INFO | Polling IG (stream update)...
2026-05-14 23:49:05,815 | INFO | [2026-05-14 15:49:00+00:00] Bar filtered (move=0.24, vol=22.0) — thresholds move>3.0, vol>250
2026-05-14 23:49:30,755 | INFO | Account Update: Equity=624.64, P&L=0.0
2026-05-14 23:49:30,756 | INFO | Polling IG (stream update)...
2026-05-14 23:49:31,085 | INFO | [2026-05-14 15:49:00+00:00] Bar filtered (move=0.81, vol=125.0) — thresholds move>3.0, vol>250
2026-05-14 23:50:05,263 | INFO | Polling IG (stream update)...
2026-05-14 23:50:05,583 | INFO | [2026-05-14 15:50:00+00:00] Bar filtered (move=0.69, vol=30.0) — thresholds move>3.0, vol>250
2026-05-14 23:50:30,516 | INFO | Account Update: Equity=624.64, P&L=0.0
2026-05-14 23:50:30,517 | INFO | Polling IG (stream update)...
2026-05-14 23:50:30,822 | INFO | [2026-05-14 15:50:00+00:00] Bar filtered (move=1.94, vol=138.0) — thresholds move>3.0, vol>250
2026-05-14 23:51:05,485 | INFO | Polling IG (stream update)...
2026-05-14 23:51:05,800 | INFO | [2026-05-14 15:51:00+00:00] Bar filtered (move=0.15, vol=27.0) — thresholds move>3.0, vol>250
2026-05-14 23:51:30,672 | INFO | Account Update: Equity=624.64, P&L=0.0
2026-05-14 23:51:30,674 | INFO | Polling IG (stream update)...
2026-05-14 23:51:31,000 | INFO | [2026-05-14 15:51:00+00:00] Bar filtered (move=0.25, vol=141.0) — thresholds move>3.0, vol>250
2026-05-14 23:52:05,188 | INFO | Polling IG (stream update)...
2026-05-14 23:52:05,504 | INFO | [2026-05-14 15:52:00+00:00] Bar filtered (move=0.17, vol=30.0) — thresholds move>3.0, vol>250
2026-05-14 23:52:30,374 | INFO | Account Update: Equity=624.64, P&L=0.0
2026-05-14 23:52:30,375 | INFO | Polling IG (stream update)...
2026-05-14 23:52:30,682 | INFO | [2026-05-14 15:52:00+00:00] Bar filtered (move=0.20, vol=134.0) — thresholds move>3.0, vol>250
2026-05-14 23:53:05,383 | INFO | Polling IG (stream update)...
2026-05-14 23:53:05,723 | INFO | [2026-05-14 15:53:00+00:00] Bar filtered (move=0.27, vol=31.0) — thresholds move>3.0, vol>250
2026-05-14 23:53:30,625 | INFO | Account Update: Equity=624.64, P&L=0.0
2026-05-14 23:53:30,626 | INFO | Polling IG (stream update)...
2026-05-14 23:53:30,938 | INFO | [2026-05-14 15:53:00+00:00] Bar filtered (move=0.00, vol=125.0) — thresholds move>3.0, vol>250
2026-05-14 23:54:05,078 | INFO | Polling IG (stream update)...
2026-05-14 23:54:05,380 | INFO | [2026-05-14 15:54:00+00:00] Bar filtered (move=0.49, vol=29.0) — thresholds move>3.0, vol>250
2026-05-14 23:54:30,776 | INFO | Account Update: Equity=624.64, P&L=0.0
2026-05-14 23:54:30,777 | INFO | Polling IG (stream update)...
2026-05-14 23:54:31,086 | INFO | [2026-05-14 15:54:00+00:00] Bar filtered (move=0.78, vol=138.0) — thresholds move>3.0, vol>250
2026-05-14 23:55:05,243 | INFO | Polling IG (stream update)...
2026-05-14 23:55:05,538 | INFO | [2026-05-14 15:55:00+00:00] Bar filtered (move=0.45, vol=22.0) — thresholds move>3.0, vol>250
2026-05-14 23:55:30,463 | INFO | Account Update: Equity=624.64, P&L=0.0
2026-05-14 23:55:30,464 | INFO | Polling IG (stream update)...
2026-05-14 23:55:30,766 | INFO | [2026-05-14 15:55:00+00:00] Bar filtered (move=0.70, vol=134.0) — thresholds move>3.0, vol>250
2026-05-14 23:56:05,423 | INFO | Polling IG (stream update)...
2026-05-14 23:56:05,841 | INFO | [2026-05-14 15:56:00+00:00] Bar filtered (move=0.60, vol=37.0) — thresholds move>3.0, vol>250
2026-05-14 23:56:30,679 | INFO | Account Update: Equity=624.64, P&L=0.0
2026-05-14 23:56:30,680 | INFO | Polling IG (stream update)...
2026-05-14 23:56:30,982 | INFO | [2026-05-14 15:56:00+00:00] Bar filtered (move=0.53, vol=157.0) — thresholds move>3.0, vol>250
2026-05-14 23:57:05,152 | INFO | Polling IG (stream update)...
2026-05-14 23:57:05,459 | INFO | [2026-05-14 15:57:00+00:00] Bar filtered (move=0.06, vol=19.0) — thresholds move>3.0, vol>250
2026-05-14 23:57:30,377 | INFO | Account Update: Equity=624.64, P&L=0.0
2026-05-14 23:57:30,377 | INFO | Polling IG (stream update)...
2026-05-14 23:57:30,697 | INFO | [2026-05-14 15:57:00+00:00] Bar filtered (move=0.34, vol=122.0) — thresholds move>3.0, vol>250
2026-05-14 23:58:05,383 | INFO | Polling IG (stream update)...
2026-05-14 23:58:06,741 | INFO | [2026-05-14 15:58:00+00:00] Bar filtered (move=0.18, vol=21.0) — thresholds move>3.0, vol>250
2026-05-14 23:58:30,589 | INFO | Account Update: Equity=624.64, P&L=0.0
2026-05-14 23:58:30,590 | INFO | Polling IG (stream update)...
2026-05-14 23:58:30,903 | INFO | [2026-05-14 15:58:00+00:00] Bar filtered (move=0.11, vol=94.0) — thresholds move>3.0, vol>250
2026-05-14 23:59:05,033 | INFO | Polling IG (stream update)...
2026-05-14 23:59:05,344 | INFO | [2026-05-14 15:59:00+00:00] Bar filtered (move=0.01, vol=10.0) — thresholds move>3.0, vol>250
2026-05-14 23:59:30,727 | INFO | Account Update: Equity=624.64, P&L=0.0
2026-05-14 23:59:30,728 | INFO | Polling IG (stream update)...
2026-05-14 23:59:31,041 | INFO | [2026-05-14 15:59:00+00:00] Bar filtered (move=0.05, vol=87.0) — thresholds move>3.0, vol>250
2026-05-15 00:00:05,223 | INFO | Polling IG (stream update)...
2026-05-15 00:00:05,546 | INFO | [2026-05-14 16:00:00+00:00] Bar filtered (move=0.99, vol=23.0) — thresholds move>3.0, vol>250
2026-05-15 00:00:30,437 | INFO | Account Update: Equity=624.64, P&L=0.0
2026-05-15 00:00:30,438 | INFO | Polling IG (stream update)...
2026-05-15 00:00:30,756 | INFO | [2026-05-14 16:00:00+00:00] Bar filtered (move=0.89, vol=144.0) — thresholds move>3.0, vol>250
2026-05-15 00:01:05,404 | INFO | Polling IG (stream update)...
2026-05-15 00:01:05,716 | INFO | [2026-05-14 16:01:00+00:00] Bar filtered (move=0.46, vol=28.0) — thresholds move>3.0, vol>250
2026-05-15 00:01:30,560 | INFO | Account Update: Equity=624.64, P&L=0.0
2026-05-15 00:01:30,561 | INFO | Polling IG (stream update)...
2026-05-15 00:01:30,879 | INFO | [2026-05-14 16:01:00+00:00] Bar filtered (move=0.36, vol=143.0) — thresholds move>3.0, vol>250
2026-05-15 00:02:05,041 | INFO | Polling IG (stream update)...
2026-05-15 00:02:05,393 | INFO | [2026-05-14 16:02:00+00:00] Bar filtered (move=0.17, vol=19.0) — thresholds move>3.0, vol>250
2026-05-15 00:02:30,811 | INFO | Account Update: Equity=624.64, P&L=0.0
2026-05-15 00:02:30,812 | INFO | Polling IG (stream update)...
2026-05-15 00:02:31,209 | INFO | [2026-05-14 16:02:00+00:00] Bar filtered (move=1.24, vol=139.0) — thresholds move>3.0, vol>250
2026-05-15 00:03:05,395 | INFO | Polling IG (stream update)...
2026-05-15 00:03:05,833 | INFO | [2026-05-14 16:03:00+00:00] Bar filtered (move=0.72, vol=25.0) — thresholds move>3.0, vol>250
2026-05-15 00:03:30,768 | INFO | Account Update: Equity=624.64, P&L=0.0
2026-05-15 00:03:30,769 | INFO | Polling IG (stream update)...
2026-05-15 00:03:31,081 | INFO | [2026-05-14 16:03:00+00:00] Bar filtered (move=1.15, vol=176.0) — thresholds move>3.0, vol>250
2026-05-15 00:04:05,262 | INFO | Polling IG (stream update)...
2026-05-15 00:04:05,567 | INFO | [2026-05-14 16:04:00+00:00] Bar filtered (move=0.54, vol=23.0) — thresholds move>3.0, vol>250
2026-05-15 00:04:30,496 | INFO | Account Update: Equity=624.64, P&L=0.0
2026-05-15 00:04:30,497 | INFO | Polling IG (stream update)...
2026-05-15 00:04:30,816 | INFO | [2026-05-14 16:04:00+00:00] Bar filtered (move=0.71, vol=132.0) — thresholds move>3.0, vol>250
2026-05-15 00:05:05,033 | INFO | Polling IG (stream update)...
2026-05-15 00:05:05,337 | INFO | [2026-05-14 16:05:00+00:00] Bar filtered (move=0.02, vol=32.0) — thresholds move>3.0, vol>250
2026-05-15 00:05:30,821 | INFO | Account Update: Equity=624.64, P&L=0.0
2026-05-15 00:05:30,822 | INFO | Polling IG (stream update)...
2026-05-15 00:05:31,187 | INFO | [2026-05-14 16:05:00+00:00] Bar filtered (move=1.80, vol=155.0) — thresholds move>3.0, vol>250
2026-05-15 00:06:05,373 | INFO | Polling IG (stream update)...
2026-05-15 00:06:05,677 | INFO | [2026-05-14 16:06:00+00:00] Bar filtered (move=0.09, vol=35.0) — thresholds move>3.0, vol>250
2026-05-15 00:06:30,530 | INFO | Account Update: Equity=624.64, P&L=0.0
2026-05-15 00:06:30,532 | INFO | Polling IG (stream update)...
2026-05-15 00:06:30,838 | INFO | [2026-05-14 16:06:00+00:00] Bar filtered (move=0.22, vol=168.0) — thresholds move>3.0, vol>250
2026-05-15 00:07:05,013 | INFO | Polling IG (stream update)...
2026-05-15 00:07:05,408 | INFO | [2026-05-14 16:07:00+00:00] Bar filtered (move=1.57, vol=29.0) — thresholds move>3.0, vol>250
2026-05-15 00:07:30,845 | INFO | Account Update: Equity=624.64, P&L=0.0
2026-05-15 00:07:30,846 | INFO | Polling IG (stream update)...
2026-05-15 00:07:31,160 | INFO | [2026-05-14 16:07:00+00:00] Bar filtered (move=1.96, vol=185.0) — thresholds move>3.0, vol>250
2026-05-15 00:08:05,323 | INFO | Polling IG (stream update)...
2026-05-15 00:08:05,632 | INFO | [2026-05-14 16:08:00+00:00] Bar filtered (move=0.19, vol=28.0) — thresholds move>3.0, vol>250
2026-05-15 00:08:30,540 | INFO | Account Update: Equity=624.64, P&L=0.0
2026-05-15 00:08:30,541 | INFO | Polling IG (stream update)...
2026-05-15 00:08:30,845 | INFO | [2026-05-14 16:08:00+00:00] Bar filtered (move=0.45, vol=157.0) — thresholds move>3.0, vol>250
2026-05-15 00:09:05,040 | INFO | Polling IG (stream update)...
2026-05-15 00:09:05,349 | INFO | [2026-05-14 16:09:00+00:00] Bar filtered (move=0.54, vol=22.0) — thresholds move>3.0, vol>250
2026-05-15 00:09:30,720 | INFO | Account Update: Equity=624.64, P&L=0.0
2026-05-15 00:09:30,721 | INFO | Polling IG (stream update)...
2026-05-15 00:09:31,024 | INFO | [2026-05-14 16:09:00+00:00] Bar filtered (move=0.89, vol=149.0) — thresholds move>3.0, vol>250
2026-05-15 00:10:05,223 | INFO | Polling IG (stream update)...
2026-05-15 00:10:05,529 | INFO | [2026-05-14 16:10:00+00:00] Bar filtered (move=0.09, vol=20.0) — thresholds move>3.0, vol>250
2026-05-15 00:10:30,405 | INFO | Account Update: Equity=624.64, P&L=0.0
2026-05-15 00:10:30,406 | INFO | Polling IG (stream update)...
2026-05-15 00:10:30,742 | INFO | [2026-05-14 16:10:00+00:00] Bar filtered (move=1.72, vol=163.0) — thresholds move>3.0, vol>250
2026-05-15 00:11:05,440 | INFO | Polling IG (stream update)...
2026-05-15 00:11:05,775 | INFO | [2026-05-14 16:11:00+00:00] Bar filtered (move=0.54, vol=30.0) — thresholds move>3.0, vol>250
2026-05-15 00:11:30,649 | INFO | Account Update: Equity=624.64, P&L=0.0
2026-05-15 00:11:30,651 | INFO | Polling IG (stream update)...
2026-05-15 00:11:30,961 | INFO | [2026-05-14 16:11:00+00:00] Bar filtered (move=0.27, vol=134.0) — thresholds move>3.0, vol>250
2026-05-15 00:12:05,126 | INFO | Polling IG (stream update)...
2026-05-15 00:12:05,437 | INFO | [2026-05-14 16:12:00+00:00] Bar filtered (move=1.24, vol=35.0) — thresholds move>3.0, vol>250
2026-05-15 00:12:30,838 | INFO | Account Update: Equity=624.64, P&L=0.0
2026-05-15 00:12:30,840 | INFO | Polling IG (stream update)...
2026-05-15 00:12:31,203 | INFO | [2026-05-14 16:12:00+00:00] Bar filtered (move=1.23, vol=164.0) — thresholds move>3.0, vol>250
2026-05-15 00:13:05,374 | INFO | Polling IG (stream update)...
2026-05-15 00:13:05,685 | INFO | [2026-05-14 16:13:00+00:00] Bar filtered (move=0.20, vol=20.0) — thresholds move>3.0, vol>250
2026-05-15 00:13:30,579 | INFO | Account Update: Equity=624.64, P&L=0.0
2026-05-15 00:13:30,580 | INFO | Polling IG (stream update)...
2026-05-15 00:13:30,942 | INFO | [2026-05-14 16:13:00+00:00] Bar filtered (move=0.97, vol=130.0) — thresholds move>3.0, vol>250
2026-05-15 00:14:05,120 | INFO | Polling IG (stream update)...
2026-05-15 00:14:05,423 | INFO | [2026-05-14 16:14:00+00:00] Bar filtered (move=0.09, vol=20.0) — thresholds move>3.0, vol>250
2026-05-15 00:14:30,846 | INFO | Account Update: Equity=624.64, P&L=0.0
2026-05-15 00:14:30,847 | INFO | Polling IG (stream update)...
2026-05-15 00:14:31,159 | INFO | [2026-05-14 16:14:00+00:00] Bar filtered (move=0.05, vol=108.0) — thresholds move>3.0, vol>250
2026-05-15 00:15:05,356 | INFO | Polling IG (stream update)...
2026-05-15 00:15:05,827 | INFO | [2026-05-14 16:15:00+00:00] Bar filtered (move=0.19, vol=26.0) — thresholds move>3.0, vol>250
2026-05-15 00:15:30,689 | INFO | Account Update: Equity=624.64, P&L=0.0
2026-05-15 00:15:30,690 | INFO | Polling IG (stream update)...
2026-05-15 00:15:30,996 | INFO | [2026-05-14 16:15:00+00:00] Bar filtered (move=0.49, vol=136.0) — thresholds move>3.0, vol>250
2026-05-15 00:16:05,213 | INFO | Polling IG (stream update)...
2026-05-15 00:16:05,512 | INFO | [2026-05-14 16:16:00+00:00] Bar filtered (move=0.07, vol=22.0) — thresholds move>3.0, vol>250
2026-05-15 00:16:30,564 | INFO | Account Update: Equity=624.64, P&L=0.0
2026-05-15 00:16:30,565 | INFO | Polling IG (stream update)...
2026-05-15 00:16:30,951 | INFO | [2026-05-14 16:16:00+00:00] Bar filtered (move=0.66, vol=143.0) — thresholds move>3.0, vol>250
2026-05-15 00:17:05,115 | INFO | Polling IG (stream update)...
2026-05-15 00:17:05,451 | INFO | [2026-05-14 16:17:00+00:00] Bar filtered (move=0.11, vol=29.0) — thresholds move>3.0, vol>250
2026-05-15 00:17:30,830 | INFO | Account Update: Equity=624.64, P&L=0.0
2026-05-15 00:17:30,831 | INFO | Polling IG (stream update)...
2026-05-15 00:17:31,198 | INFO | [2026-05-14 16:17:00+00:00] Bar filtered (move=0.26, vol=118.0) — thresholds move>3.0, vol>250
2026-05-15 00:18:05,344 | INFO | Polling IG (stream update)...
2026-05-15 00:18:05,652 | INFO | [2026-05-14 16:18:00+00:00] Bar filtered (move=0.07, vol=21.0) — thresholds move>3.0, vol>250
2026-05-15 00:18:30,643 | INFO | Account Update: Equity=624.64, P&L=0.0
2026-05-15 00:18:30,644 | INFO | Polling IG (stream update)...
2026-05-15 00:18:30,965 | INFO | [2026-05-14 16:18:00+00:00] Bar filtered (move=0.38, vol=92.0) — thresholds move>3.0, vol>250
2026-05-15 00:19:05,146 | INFO | Polling IG (stream update)...
2026-05-15 00:19:05,486 | INFO | [2026-05-14 16:19:00+00:00] Bar filtered (move=0.55, vol=17.0) — thresholds move>3.0, vol>250
2026-05-15 00:19:30,811 | INFO | Account Update: Equity=624.64, P&L=0.0
2026-05-15 00:19:30,813 | INFO | Polling IG (stream update)...
2026-05-15 00:19:31,132 | INFO | [2026-05-14 16:19:00+00:00] Bar filtered (move=1.00, vol=121.0) — thresholds move>3.0, vol>250
2026-05-15 00:20:05,329 | INFO | Polling IG (stream update)...
2026-05-15 00:20:05,643 | INFO | [2026-05-14 16:20:00+00:00] Bar filtered (move=0.02, vol=20.0) — thresholds move>3.0, vol>250
2026-05-15 00:20:30,529 | INFO | Account Update: Equity=624.64, P&L=0.0
2026-05-15 00:20:30,531 | INFO | Polling IG (stream update)...
2026-05-15 00:20:30,869 | INFO | [2026-05-14 16:20:00+00:00] Bar filtered (move=0.70, vol=134.0) — thresholds move>3.0, vol>250
2026-05-15 00:21:05,043 | INFO | Polling IG (stream update)...
2026-05-15 00:21:05,353 | INFO | [2026-05-14 16:21:00+00:00] Bar filtered (move=0.27, vol=14.0) — thresholds move>3.0, vol>250
2026-05-15 00:21:30,750 | INFO | Account Update: Equity=624.64, P&L=0.0
2026-05-15 00:21:30,751 | INFO | Polling IG (stream update)...
2026-05-15 00:21:31,065 | INFO | [2026-05-14 16:21:00+00:00] Bar filtered (move=1.78, vol=117.0) — thresholds move>3.0, vol>250
2026-05-15 00:22:05,250 | INFO | Polling IG (stream update)...
2026-05-15 00:22:05,583 | INFO | [2026-05-14 16:22:00+00:00] Bar filtered (move=0.06, vol=23.0) — thresholds move>3.0, vol>250
2026-05-15 00:22:30,514 | INFO | Account Update: Equity=624.64, P&L=0.0
2026-05-15 00:22:30,515 | INFO | Polling IG (stream update)...
2026-05-15 00:22:30,898 | INFO | [2026-05-14 16:22:00+00:00] Bar filtered (move=2.74, vol=155.0) — thresholds move>3.0, vol>250
2026-05-15 00:23:05,111 | INFO | Polling IG (stream update)...
2026-05-15 00:23:05,420 | INFO | [2026-05-14 16:23:00+00:00] Bar filtered (move=0.27, vol=18.0) — thresholds move>3.0, vol>250
2026-05-15 00:23:30,841 | INFO | Account Update: Equity=624.64, P&L=0.0
2026-05-15 00:23:30,842 | INFO | Polling IG (stream update)...
2026-05-15 00:23:31,237 | INFO | [2026-05-14 16:23:00+00:00] Bar filtered (move=0.31, vol=106.0) — thresholds move>3.0, vol>250
2026-05-15 00:24:05,322 | INFO | Polling IG (stream update)...
2026-05-15 00:24:05,634 | INFO | [2026-05-14 16:24:00+00:00] Bar filtered (move=0.22, vol=23.0) — thresholds move>3.0, vol>250
2026-05-15 00:24:30,531 | INFO | Account Update: Equity=624.64, P&L=0.0
2026-05-15 00:24:30,532 | INFO | Polling IG (stream update)...
2026-05-15 00:24:30,834 | INFO | [2026-05-14 16:24:00+00:00] Bar filtered (move=0.73, vol=109.0) — thresholds move>3.0, vol>250
2026-05-15 00:25:05,019 | INFO | Polling IG (stream update)...
2026-05-15 00:25:05,344 | INFO | [2026-05-14 16:25:00+00:00] Bar filtered (move=0.16, vol=33.0) — thresholds move>3.0, vol>250
2026-05-15 00:25:30,743 | INFO | Account Update: Equity=624.64, P&L=0.0
2026-05-15 00:25:30,744 | INFO | Polling IG (stream update)...
2026-05-15 00:25:31,058 | INFO | [2026-05-14 16:25:00+00:00] Bar filtered (move=0.85, vol=135.0) — thresholds move>3.0, vol>250
2026-05-15 00:26:05,235 | INFO | Polling IG (stream update)...
2026-05-15 00:26:05,536 | INFO | [2026-05-14 16:26:00+00:00] Bar filtered (move=0.00, vol=26.0) — thresholds move>3.0, vol>250
2026-05-15 00:26:30,406 | INFO | Account Update: Equity=624.64, P&L=0.0
2026-05-15 00:26:30,407 | INFO | Polling IG (stream update)...
2026-05-15 00:26:30,706 | INFO | [2026-05-14 16:26:00+00:00] Bar filtered (move=0.23, vol=163.0) — thresholds move>3.0, vol>250
2026-05-15 00:27:05,350 | INFO | Polling IG (stream update)...
2026-05-15 00:27:05,656 | INFO | [2026-05-14 16:27:00+00:00] Bar filtered (move=0.34, vol=26.0) — thresholds move>3.0, vol>250
2026-05-15 00:27:30,548 | INFO | Account Update: Equity=624.64, P&L=0.0
2026-05-15 00:27:30,549 | INFO | Polling IG (stream update)...
2026-05-15 00:27:30,858 | INFO | [2026-05-14 16:27:00+00:00] Bar filtered (move=0.67, vol=132.0) — thresholds move>3.0, vol>250
2026-05-15 00:28:05,030 | INFO | Polling IG (stream update)...
2026-05-15 00:28:05,353 | INFO | [2026-05-14 16:28:00+00:00] Bar filtered (move=0.18, vol=23.0) — thresholds move>3.0, vol>250
2026-05-15 00:28:30,690 | INFO | Account Update: Equity=624.64, P&L=0.0
2026-05-15 00:28:30,691 | INFO | Polling IG (stream update)...
2026-05-15 00:28:30,990 | INFO | [2026-05-14 16:28:00+00:00] Bar filtered (move=0.89, vol=136.0) — thresholds move>3.0, vol>250
2026-05-15 00:29:05,182 | INFO | Polling IG (stream update)...
2026-05-15 00:29:05,498 | INFO | [2026-05-14 16:29:00+00:00] Bar filtered (move=0.19, vol=34.0) — thresholds move>3.0, vol>250
2026-05-15 00:29:32,453 | INFO | Account Update: Equity=624.64, P&L=0.0
2026-05-15 00:29:32,454 | INFO | Polling IG (stream update)...
2026-05-15 00:29:32,858 | INFO | [2026-05-14 16:29:00+00:00] Bar filtered (move=0.39, vol=128.0) — thresholds move>3.0, vol>250
2026-05-15 00:30:05,016 | INFO | Polling IG (stream update)...
2026-05-15 00:30:05,321 | INFO | [2026-05-14 16:30:00+00:00] Bar filtered (move=0.67, vol=26.0) — thresholds move>3.0, vol>250
2026-05-15 00:30:30,708 | INFO | Account Update: Equity=624.64, P&L=0.0
2026-05-15 00:30:30,709 | INFO | Polling IG (stream update)...
2026-05-15 00:30:31,064 | INFO | [2026-05-14 16:30:00+00:00] Bar filtered (move=0.06, vol=137.0) — thresholds move>3.0, vol>250
2026-05-15 00:31:05,260 | INFO | Polling IG (stream update)...
2026-05-15 00:31:05,587 | INFO | [2026-05-14 16:31:00+00:00] Bar filtered (move=0.92, vol=20.0) — thresholds move>3.0, vol>250
2026-05-15 00:31:30,438 | INFO | Account Update: Equity=624.64, P&L=0.0
2026-05-15 00:31:30,438 | INFO | Polling IG (stream update)...
2026-05-15 00:31:30,752 | INFO | [2026-05-14 16:31:00+00:00] Bar filtered (move=0.82, vol=141.0) — thresholds move>3.0, vol>250
2026-05-15 00:32:05,434 | INFO | Polling IG (stream update)...
2026-05-15 00:32:05,742 | INFO | [2026-05-14 16:32:00+00:00] Bar filtered (move=0.20, vol=24.0) — thresholds move>3.0, vol>250
2026-05-15 00:32:30,652 | INFO | Account Update: Equity=624.64, P&L=0.0
2026-05-15 00:32:30,654 | INFO | Polling IG (stream update)...
2026-05-15 00:32:30,960 | INFO | [2026-05-14 16:32:00+00:00] Bar filtered (move=0.84, vol=121.0) — thresholds move>3.0, vol>250
2026-05-15 00:33:05,143 | INFO | Polling IG (stream update)...
2026-05-15 00:33:05,465 | INFO | [2026-05-14 16:33:00+00:00] Bar filtered (move=0.06, vol=35.0) — thresholds move>3.0, vol>250
2026-05-15 00:33:30,358 | INFO | Account Update: Equity=624.64, P&L=0.0
2026-05-15 00:33:30,359 | INFO | Polling IG (stream update)...
2026-05-15 00:33:30,691 | INFO | [2026-05-14 16:33:00+00:00] Bar filtered (move=2.37, vol=157.0) — thresholds move>3.0, vol>250
2026-05-15 00:34:05,412 | INFO | Polling IG (stream update)...
2026-05-15 00:34:05,728 | INFO | [2026-05-14 16:34:00+00:00] Bar filtered (move=0.80, vol=31.0) — thresholds move>3.0, vol>250
2026-05-15 00:34:30,596 | INFO | Account Update: Equity=624.64, P&L=0.0
2026-05-15 00:34:30,597 | INFO | Polling IG (stream update)...
2026-05-15 00:34:30,915 | INFO | [2026-05-14 16:34:00+00:00] Bar filtered (move=0.08, vol=180.0) — thresholds move>3.0, vol>250
2026-05-15 00:35:05,103 | INFO | Polling IG (stream update)...
2026-05-15 00:35:05,438 | INFO | [2026-05-14 16:35:00+00:00] Bar filtered (move=0.05, vol=20.0) — thresholds move>3.0, vol>250
2026-05-15 00:35:30,838 | INFO | Account Update: Equity=624.64, P&L=0.0
2026-05-15 00:35:30,839 | INFO | Polling IG (stream update)...
2026-05-15 00:35:31,164 | INFO | [2026-05-14 16:35:00+00:00] Bar filtered (move=0.72, vol=92.0) — thresholds move>3.0, vol>250
2026-05-15 00:36:05,389 | INFO | Polling IG (stream update)...
2026-05-15 00:36:05,703 | INFO | [2026-05-14 16:36:00+00:00] Bar filtered (move=0.96, vol=35.0) — thresholds move>3.0, vol>250
2026-05-15 00:36:30,598 | INFO | Account Update: Equity=624.64, P&L=0.0
2026-05-15 00:36:30,600 | INFO | Polling IG (stream update)...
2026-05-15 00:36:30,919 | INFO | [2026-05-14 16:36:00+00:00] Bar filtered (move=0.90, vol=220.0) — thresholds move>3.0, vol>250
2026-05-15 00:37:05,120 | INFO | Polling IG (stream update)...
2026-05-15 00:37:05,428 | INFO | [2026-05-14 16:37:00+00:00] Bar filtered (move=0.31, vol=21.0) — thresholds move>3.0, vol>250
2026-05-15 00:37:30,812 | INFO | Account Update: Equity=624.64, P&L=0.0
2026-05-15 00:37:30,813 | INFO | Polling IG (stream update)...
2026-05-15 00:37:31,121 | INFO | [2026-05-14 16:37:00+00:00] Bar filtered (move=0.33, vol=144.0) — thresholds move>3.0, vol>250
2026-05-15 00:38:05,300 | INFO | Polling IG (stream update)...
2026-05-15 00:38:05,616 | INFO | [2026-05-14 16:38:00+00:00] Bar filtered (move=0.85, vol=38.0) — thresholds move>3.0, vol>250
2026-05-15 00:38:30,540 | INFO | Account Update: Equity=624.64, P&L=0.0
2026-05-15 00:38:30,541 | INFO | Polling IG (stream update)...
2026-05-15 00:38:30,865 | INFO | [2026-05-14 16:38:00+00:00] Bar filtered (move=1.31, vol=150.0) — thresholds move>3.0, vol>250
2026-05-15 00:39:05,048 | INFO | Polling IG (stream update)...
2026-05-15 00:39:05,378 | INFO | [2026-05-14 16:39:00+00:00] Bar filtered (move=0.71, vol=27.0) — thresholds move>3.0, vol>250
2026-05-15 00:39:30,803 | INFO | Account Update: Equity=624.64, P&L=0.0
2026-05-15 00:39:30,804 | INFO | Polling IG (stream update)...
2026-05-15 00:39:31,139 | INFO | [2026-05-14 16:39:00+00:00] Bar filtered (move=0.67, vol=149.0) — thresholds move>3.0, vol>250
2026-05-15 00:40:05,283 | INFO | Polling IG (stream update)...
2026-05-15 00:40:05,671 | INFO | [2026-05-14 16:40:00+00:00] Bar filtered (move=0.56, vol=28.0) — thresholds move>3.0, vol>250
2026-05-15 00:40:30,623 | INFO | Account Update: Equity=624.64, P&L=0.0
2026-05-15 00:40:30,625 | INFO | Polling IG (stream update)...
2026-05-15 00:40:30,931 | INFO | [2026-05-14 16:40:00+00:00] Bar filtered (move=1.00, vol=147.0) — thresholds move>3.0, vol>250
2026-05-15 00:41:05,091 | INFO | Polling IG (stream update)...
2026-05-15 00:41:05,462 | INFO | [2026-05-14 16:41:00+00:00] Bar filtered (move=0.01, vol=15.0) — thresholds move>3.0, vol>250
2026-05-15 00:41:30,826 | INFO | Account Update: Equity=624.64, P&L=0.0
2026-05-15 00:41:30,827 | INFO | Polling IG (stream update)...
2026-05-15 00:41:31,134 | INFO | [2026-05-14 16:41:00+00:00] Bar filtered (move=0.76, vol=106.0) — thresholds move>3.0, vol>250
2026-05-15 00:42:05,321 | INFO | Polling IG (stream update)...
2026-05-15 00:42:05,626 | INFO | [2026-05-14 16:42:00+00:00] Bar filtered (move=0.01, vol=33.0) — thresholds move>3.0, vol>250
2026-05-15 00:42:30,506 | INFO | Account Update: Equity=624.64, P&L=0.0
2026-05-15 00:42:30,507 | INFO | Polling IG (stream update)...
2026-05-15 00:42:30,822 | INFO | [2026-05-14 16:42:00+00:00] Bar filtered (move=0.00, vol=148.0) — thresholds move>3.0, vol>250
2026-05-15 00:43:05,056 | INFO | Polling IG (stream update)...
2026-05-15 00:43:05,409 | INFO | [2026-05-14 16:43:00+00:00] Bar filtered (move=0.64, vol=31.0) — thresholds move>3.0, vol>250
2026-05-15 00:43:30,814 | INFO | Account Update: Equity=624.64, P&L=0.0
2026-05-15 00:43:30,815 | INFO | Polling IG (stream update)...
2026-05-15 00:43:31,218 | INFO | [2026-05-14 16:43:00+00:00] Bar filtered (move=0.56, vol=131.0) — thresholds move>3.0, vol>250
2026-05-15 00:44:05,377 | INFO | Polling IG (stream update)...
2026-05-15 00:44:05,690 | INFO | [2026-05-14 16:44:00+00:00] Bar filtered (move=0.47, vol=21.0) — thresholds move>3.0, vol>250
2026-05-15 00:44:30,528 | INFO | Account Update: Equity=624.64, P&L=0.0
2026-05-15 00:44:30,529 | INFO | Polling IG (stream update)...
2026-05-15 00:44:30,841 | INFO | [2026-05-14 16:44:00+00:00] Bar filtered (move=0.92, vol=93.0) — thresholds move>3.0, vol>250
2026-05-15 00:45:05,510 | INFO | Polling IG (stream update)...
2026-05-15 00:45:05,846 | INFO | [2026-05-14 16:45:00+00:00] Bar filtered (move=0.72, vol=21.0) — thresholds move>3.0, vol>250
2026-05-15 00:45:30,685 | INFO | Account Update: Equity=624.64, P&L=0.0
2026-05-15 00:45:30,686 | INFO | Polling IG (stream update)...
2026-05-15 00:45:30,995 | INFO | [2026-05-14 16:45:00+00:00] Bar filtered (move=0.38, vol=86.0) — thresholds move>3.0, vol>250
2026-05-15 00:46:05,164 | INFO | Polling IG (stream update)...
2026-05-15 00:46:05,481 | INFO | [2026-05-14 16:46:00+00:00] Bar filtered (move=0.94, vol=32.0) — thresholds move>3.0, vol>250
2026-05-15 00:46:30,393 | INFO | Account Update: Equity=624.64, P&L=0.0
2026-05-15 00:46:30,393 | INFO | Polling IG (stream update)...
2026-05-15 00:46:30,719 | INFO | [2026-05-14 16:46:00+00:00] Bar filtered (move=0.44, vol=145.0) — thresholds move>3.0, vol>250
2026-05-15 00:47:05,390 | INFO | Polling IG (stream update)...
2026-05-15 00:47:05,699 | INFO | [2026-05-14 16:47:00+00:00] Bar filtered (move=0.25, vol=31.0) — thresholds move>3.0, vol>250
2026-05-15 00:47:30,594 | INFO | Account Update: Equity=624.64, P&L=0.0
2026-05-15 00:47:30,595 | INFO | Polling IG (stream update)...
2026-05-15 00:47:30,933 | INFO | [2026-05-14 16:47:00+00:00] Bar filtered (move=0.92, vol=112.0) — thresholds move>3.0, vol>250
2026-05-15 00:48:05,132 | INFO | Polling IG (stream update)...
2026-05-15 00:48:05,434 | INFO | [2026-05-14 16:48:00+00:00] Bar filtered (move=0.01, vol=18.0) — thresholds move>3.0, vol>250
2026-05-15 00:48:30,810 | INFO | Account Update: Equity=624.64, P&L=0.0
2026-05-15 00:48:30,811 | INFO | Polling IG (stream update)...
2026-05-15 00:48:31,115 | INFO | [2026-05-14 16:48:00+00:00] Bar filtered (move=0.04, vol=79.0) — thresholds move>3.0, vol>250
2026-05-15 00:49:05,337 | INFO | Polling IG (stream update)...
2026-05-15 00:49:05,653 | INFO | [2026-05-14 16:49:00+00:00] Bar filtered (move=0.04, vol=29.0) — thresholds move>3.0, vol>250
2026-05-15 00:49:30,503 | INFO | Account Update: Equity=624.64, P&L=0.0
2026-05-15 00:49:30,503 | INFO | Polling IG (stream update)...
2026-05-15 00:49:30,838 | INFO | [2026-05-14 16:49:00+00:00] Bar filtered (move=0.03, vol=96.0) — thresholds move>3.0, vol>250
2026-05-15 00:50:05,037 | INFO | Polling IG (stream update)...
2026-05-15 00:50:05,353 | INFO | [2026-05-14 16:50:00+00:00] Bar filtered (move=0.30, vol=14.0) — thresholds move>3.0, vol>250
2026-05-15 00:50:30,746 | INFO | Account Update: Equity=624.64, P&L=0.0
2026-05-15 00:50:30,747 | INFO | Polling IG (stream update)...
2026-05-15 00:50:31,457 | INFO | [2026-05-14 16:50:00+00:00] Bar filtered (move=0.59, vol=76.0) — thresholds move>3.0, vol>250
2026-05-15 00:51:05,106 | INFO | Polling IG (stream update)...
2026-05-15 00:51:05,419 | INFO | [2026-05-14 16:51:00+00:00] Bar filtered (move=0.47, vol=15.0) — thresholds move>3.0, vol>250
2026-05-15 00:51:30,846 | INFO | Account Update: Equity=624.64, P&L=0.0
2026-05-15 00:51:30,847 | INFO | Polling IG (stream update)...
2026-05-15 00:51:31,157 | INFO | [2026-05-14 16:51:00+00:00] Bar filtered (move=0.50, vol=77.0) — thresholds move>3.0, vol>250
2026-05-15 00:52:05,330 | INFO | Polling IG (stream update)...
2026-05-15 00:52:05,652 | INFO | [2026-05-14 16:52:00+00:00] Bar filtered (move=0.13, vol=12.0) — thresholds move>3.0, vol>250
2026-05-15 00:52:30,520 | INFO | Account Update: Equity=624.64, P&L=0.0
2026-05-15 00:52:30,521 | INFO | Polling IG (stream update)...
2026-05-15 00:52:30,825 | INFO | [2026-05-14 16:52:00+00:00] Bar filtered (move=0.75, vol=80.0) — thresholds move>3.0, vol>250
2026-05-15 00:53:05,470 | INFO | Polling IG (stream update)...
2026-05-15 00:53:06,423 | INFO | [2026-05-14 16:53:00+00:00] Bar filtered (move=0.06, vol=13.0) — thresholds move>3.0, vol>250
2026-05-15 00:53:30,785 | INFO | Account Update: Equity=624.64, P&L=0.0
2026-05-15 00:53:30,786 | INFO | Polling IG (stream update)...
2026-05-15 00:53:31,136 | INFO | [2026-05-14 16:53:00+00:00] Bar filtered (move=0.94, vol=88.0) — thresholds move>3.0, vol>250
2026-05-15 00:54:05,365 | INFO | Polling IG (stream update)...
2026-05-15 00:54:05,700 | INFO | [2026-05-14 16:54:00+00:00] Bar filtered (move=0.30, vol=28.0) — thresholds move>3.0, vol>250
2026-05-15 00:54:30,576 | INFO | Account Update: Equity=624.64, P&L=0.0
2026-05-15 00:54:30,577 | INFO | Polling IG (stream update)...
2026-05-15 00:54:30,883 | INFO | [2026-05-14 16:54:00+00:00] Bar filtered (move=0.13, vol=91.0) — thresholds move>3.0, vol>250
2026-05-15 00:55:05,089 | INFO | Polling IG (stream update)...
2026-05-15 00:55:05,403 | INFO | [2026-05-14 16:55:00+00:00] Bar filtered (move=0.47, vol=29.0) — thresholds move>3.0, vol>250
2026-05-15 00:55:30,773 | INFO | Account Update: Equity=624.64, P&L=0.0
2026-05-15 00:55:30,774 | INFO | Polling IG (stream update)...
2026-05-15 00:55:31,081 | INFO | [2026-05-14 16:55:00+00:00] Bar filtered (move=0.18, vol=113.0) — thresholds move>3.0, vol>250
2026-05-15 00:56:05,222 | INFO | Polling IG (stream update)...
2026-05-15 00:56:05,578 | INFO | [2026-05-14 16:56:00+00:00] Bar filtered (move=0.75, vol=36.0) — thresholds move>3.0, vol>250
2026-05-15 00:56:30,481 | INFO | Account Update: Equity=624.64, P&L=0.0
2026-05-15 00:56:30,482 | INFO | Polling IG (stream update)...
2026-05-15 00:56:30,779 | INFO | [2026-05-14 16:56:00+00:00] Bar filtered (move=2.18, vol=147.0) — thresholds move>3.0, vol>250
2026-05-15 00:57:05,464 | INFO | Polling IG (stream update)...
2026-05-15 00:57:05,768 | INFO | [2026-05-14 16:57:00+00:00] Bar filtered (move=0.02, vol=19.0) — thresholds move>3.0, vol>250
2026-05-15 00:57:30,697 | INFO | Account Update: Equity=624.64, P&L=0.0
2026-05-15 00:57:30,699 | INFO | Polling IG (stream update)...
2026-05-15 00:57:31,002 | INFO | [2026-05-14 16:57:00+00:00] Bar filtered (move=0.61, vol=119.0) — thresholds move>3.0, vol>250
2026-05-15 00:58:05,208 | INFO | Polling IG (stream update)...
2026-05-15 00:58:05,582 | INFO | [2026-05-14 16:58:00+00:00] Bar filtered (move=0.30, vol=19.0) — thresholds move>3.0, vol>250
2026-05-15 00:58:30,408 | INFO | Account Update: Equity=624.64, P&L=0.0
2026-05-15 00:58:30,409 | INFO | Polling IG (stream update)...
2026-05-15 00:58:30,723 | INFO | [2026-05-14 16:58:00+00:00] Bar filtered (move=0.01, vol=91.0) — thresholds move>3.0, vol>250
2026-05-15 00:59:05,417 | INFO | Polling IG (stream update)...
2026-05-15 00:59:05,733 | INFO | [2026-05-14 16:59:00+00:00] Bar filtered (move=0.11, vol=17.0) — thresholds move>3.0, vol>250
2026-05-15 00:59:30,647 | INFO | Account Update: Equity=624.64, P&L=0.0
2026-05-15 00:59:30,648 | INFO | Polling IG (stream update)...
2026-05-15 00:59:30,954 | INFO | [2026-05-14 16:59:00+00:00] Bar filtered (move=0.73, vol=89.0) — thresholds move>3.0, vol>250
2026-05-15 01:00:05,118 | INFO | Polling IG (stream update)...
2026-05-15 01:00:05,425 | INFO | [2026-05-14 17:00:00+00:00] Bar filtered (move=1.09, vol=16.0) — thresholds move>3.0, vol>250
2026-05-15 01:00:30,801 | INFO | Account Update: Equity=624.64, P&L=0.0
2026-05-15 01:00:30,802 | INFO | Polling IG (stream update)...
2026-05-15 01:00:31,115 | INFO | [2026-05-14 17:00:00+00:00] Bar filtered (move=1.08, vol=129.0) — thresholds move>3.0, vol>250
2026-05-15 01:01:05,257 | INFO | Polling IG (stream update)...
2026-05-15 01:01:05,568 | INFO | [2026-05-14 17:01:00+00:00] Bar filtered (move=0.18, vol=23.0) — thresholds move>3.0, vol>250
2026-05-15 01:01:30,477 | INFO | Account Update: Equity=624.64, P&L=0.0
2026-05-15 01:01:30,478 | INFO | Polling IG (stream update)...
2026-05-15 01:01:30,795 | INFO | [2026-05-14 17:01:00+00:00] Bar filtered (move=1.15, vol=126.0) — thresholds move>3.0, vol>250
2026-05-15 01:02:05,012 | INFO | Polling IG (stream update)...
2026-05-15 01:02:05,332 | INFO | [2026-05-14 17:02:00+00:00] Bar filtered (move=0.02, vol=14.0) — thresholds move>3.0, vol>250
2026-05-15 01:02:30,782 | INFO | Account Update: Equity=624.64, P&L=0.0
2026-05-15 01:02:30,784 | INFO | Polling IG (stream update)...
2026-05-15 01:02:31,100 | INFO | [2026-05-14 17:02:00+00:00] Bar filtered (move=0.46, vol=93.0) — thresholds move>3.0, vol>250
2026-05-15 01:03:05,257 | INFO | Polling IG (stream update)...
2026-05-15 01:03:05,571 | INFO | [2026-05-14 17:03:00+00:00] Bar filtered (move=0.21, vol=25.0) — thresholds move>3.0, vol>250
2026-05-15 01:03:30,501 | INFO | Account Update: Equity=624.64, P&L=0.0
2026-05-15 01:03:30,502 | INFO | Polling IG (stream update)...
2026-05-15 01:03:30,823 | INFO | [2026-05-14 17:03:00+00:00] Bar filtered (move=1.70, vol=136.0) — thresholds move>3.0, vol>250
2026-05-15 01:04:05,511 | INFO | Polling IG (stream update)...
2026-05-15 01:04:05,822 | INFO | [2026-05-14 17:04:00+00:00] Bar filtered (move=0.02, vol=21.0) — thresholds move>3.0, vol>250
2026-05-15 01:04:30,683 | INFO | Account Update: Equity=624.64, P&L=0.0
2026-05-15 01:04:30,683 | INFO | Polling IG (stream update)...
2026-05-15 01:04:30,987 | INFO | [2026-05-14 17:04:00+00:00] Bar filtered (move=0.59, vol=114.0) — thresholds move>3.0, vol>250
2026-05-15 01:05:05,191 | INFO | Polling IG (stream update)...
2026-05-15 01:05:05,512 | INFO | [2026-05-14 17:05:00+00:00] Bar filtered (move=0.64, vol=27.0) — thresholds move>3.0, vol>250
2026-05-15 01:05:30,457 | INFO | Account Update: Equity=624.64, P&L=0.0
2026-05-15 01:05:30,458 | INFO | Polling IG (stream update)...
2026-05-15 01:05:30,792 | INFO | [2026-05-14 17:05:00+00:00] Bar filtered (move=0.66, vol=134.0) — thresholds move>3.0, vol>250
2026-05-15 01:06:05,410 | INFO | Polling IG (stream update)...
2026-05-15 01:06:05,723 | INFO | [2026-05-14 17:06:00+00:00] Bar filtered (move=0.06, vol=29.0) — thresholds move>3.0, vol>250
2026-05-15 01:06:30,653 | INFO | Account Update: Equity=624.64, P&L=0.0
2026-05-15 01:06:30,654 | INFO | Polling IG (stream update)...
2026-05-15 01:06:30,964 | INFO | [2026-05-14 17:06:00+00:00] Bar filtered (move=1.12, vol=145.0) — thresholds move>3.0, vol>250
2026-05-15 01:07:05,111 | INFO | Polling IG (stream update)...
2026-05-15 01:07:05,434 | INFO | [2026-05-14 17:07:00+00:00] Bar filtered (move=0.12, vol=20.0) — thresholds move>3.0, vol>250
2026-05-15 01:07:30,836 | INFO | Account Update: Equity=624.64, P&L=0.0
2026-05-15 01:07:30,838 | INFO | Polling IG (stream update)...
2026-05-15 01:07:31,147 | INFO | [2026-05-14 17:07:00+00:00] Bar filtered (move=1.05, vol=137.0) — thresholds move>3.0, vol>250
2026-05-15 01:08:05,336 | INFO | Polling IG (stream update)...
2026-05-15 01:08:05,671 | INFO | [2026-05-14 17:08:00+00:00] Bar filtered (move=0.48, vol=23.0) — thresholds move>3.0, vol>250
2026-05-15 01:08:30,517 | INFO | Account Update: Equity=624.64, P&L=0.0
2026-05-15 01:08:30,519 | INFO | Polling IG (stream update)...
2026-05-15 01:08:30,837 | INFO | [2026-05-14 17:08:00+00:00] Bar filtered (move=0.10, vol=128.0) — thresholds move>3.0, vol>250
2026-05-15 01:09:05,023 | INFO | Polling IG (stream update)...
2026-05-15 01:09:05,331 | INFO | [2026-05-14 17:09:00+00:00] Bar filtered (move=0.47, vol=15.0) — thresholds move>3.0, vol>250
2026-05-15 01:09:30,718 | INFO | Account Update: Equity=624.64, P&L=0.0
2026-05-15 01:09:30,719 | INFO | Polling IG (stream update)...
2026-05-15 01:09:31,037 | INFO | [2026-05-14 17:09:00+00:00] Bar filtered (move=0.15, vol=93.0) — thresholds move>3.0, vol>250
2026-05-15 01:10:05,239 | INFO | Polling IG (stream update)...
2026-05-15 01:10:05,548 | INFO | [2026-05-14 17:10:00+00:00] Bar filtered (move=0.27, vol=35.0) — thresholds move>3.0, vol>250
2026-05-15 01:10:30,408 | INFO | Account Update: Equity=624.64, P&L=0.0
2026-05-15 01:10:30,409 | INFO | Polling IG (stream update)...
2026-05-15 01:10:30,738 | INFO | [2026-05-14 17:10:00+00:00] Bar filtered (move=0.46, vol=171.0) — thresholds move>3.0, vol>250
2026-05-15 01:11:05,419 | INFO | Polling IG (stream update)...
2026-05-15 01:11:05,748 | INFO | [2026-05-14 17:11:00+00:00] Bar filtered (move=0.02, vol=35.0) — thresholds move>3.0, vol>250
2026-05-15 01:11:30,671 | INFO | Account Update: Equity=624.64, P&L=0.0
2026-05-15 01:11:30,672 | INFO | Polling IG (stream update)...
2026-05-15 01:11:30,981 | INFO | [2026-05-14 17:11:00+00:00] Bar filtered (move=0.84, vol=128.0) — thresholds move>3.0, vol>250
2026-05-15 01:12:05,175 | INFO | Polling IG (stream update)...
2026-05-15 01:12:05,520 | INFO | [2026-05-14 17:12:00+00:00] Bar filtered (move=0.09, vol=19.0) — thresholds move>3.0, vol>250
2026-05-15 01:12:30,357 | INFO | Account Update: Equity=624.64, P&L=0.0
2026-05-15 01:12:30,359 | INFO | Polling IG (stream update)...
2026-05-15 01:12:30,669 | INFO | [2026-05-14 17:12:00+00:00] Bar filtered (move=0.50, vol=115.0) — thresholds move>3.0, vol>250
2026-05-15 01:13:05,391 | INFO | Polling IG (stream update)...
2026-05-15 01:13:05,711 | INFO | [2026-05-14 17:13:00+00:00] Bar filtered (move=0.01, vol=23.0) — thresholds move>3.0, vol>250
2026-05-15 01:13:30,618 | INFO | Account Update: Equity=624.64, P&L=0.0
2026-05-15 01:13:30,619 | INFO | Polling IG (stream update)...
2026-05-15 01:13:30,928 | INFO | [2026-05-14 17:13:00+00:00] Bar filtered (move=0.56, vol=124.0) — thresholds move>3.0, vol>250
2026-05-15 01:14:05,118 | INFO | Polling IG (stream update)...
2026-05-15 01:14:05,426 | INFO | [2026-05-14 17:14:00+00:00] Bar filtered (move=0.04, vol=15.0) — thresholds move>3.0, vol>250
2026-05-15 01:14:30,825 | INFO | Account Update: Equity=624.64, P&L=0.0
2026-05-15 01:14:30,826 | INFO | Polling IG (stream update)...
2026-05-15 01:14:31,165 | INFO | [2026-05-14 17:14:00+00:00] Bar filtered (move=0.20, vol=115.0) — thresholds move>3.0, vol>250
2026-05-15 01:15:05,340 | INFO | Polling IG (stream update)...
2026-05-15 01:15:05,661 | INFO | [2026-05-14 17:15:00+00:00] Bar filtered (move=0.09, vol=30.0) — thresholds move>3.0, vol>250
2026-05-15 01:15:30,522 | INFO | Account Update: Equity=624.64, P&L=0.0
2026-05-15 01:15:30,523 | INFO | Polling IG (stream update)...
2026-05-15 01:15:30,841 | INFO | [2026-05-14 17:15:00+00:00] Bar filtered (move=1.09, vol=154.0) — thresholds move>3.0, vol>250
2026-05-15 01:16:05,011 | INFO | Polling IG (stream update)...
2026-05-15 01:16:05,333 | INFO | [2026-05-14 17:16:00+00:00] Bar filtered (move=0.11, vol=29.0) — thresholds move>3.0, vol>250
2026-05-15 01:16:30,731 | INFO | Account Update: Equity=624.64, P&L=0.0
2026-05-15 01:16:30,732 | INFO | Polling IG (stream update)...
2026-05-15 01:16:31,044 | INFO | [2026-05-14 17:16:00+00:00] Bar filtered (move=0.68, vol=149.0) — thresholds move>3.0, vol>250
2026-05-15 01:17:05,227 | INFO | Polling IG (stream update)...
2026-05-15 01:17:05,548 | INFO | [2026-05-14 17:17:00+00:00] Bar filtered (move=0.22, vol=28.0) — thresholds move>3.0, vol>250
2026-05-15 01:17:30,407 | INFO | Account Update: Equity=624.64, P&L=0.0
2026-05-15 01:17:30,408 | INFO | Polling IG (stream update)...
2026-05-15 01:17:30,722 | INFO | [2026-05-14 17:17:00+00:00] Bar filtered (move=0.41, vol=133.0) — thresholds move>3.0, vol>250
2026-05-15 01:18:05,398 | INFO | Polling IG (stream update)...
2026-05-15 01:18:05,711 | INFO | [2026-05-14 17:18:00+00:00] Bar filtered (move=0.43, vol=20.0) — thresholds move>3.0, vol>250
2026-05-15 01:18:30,587 | INFO | Account Update: Equity=624.64, P&L=0.0
2026-05-15 01:18:30,588 | INFO | Polling IG (stream update)...
2026-05-15 01:18:30,906 | INFO | [2026-05-14 17:18:00+00:00] Bar filtered (move=0.66, vol=103.0) — thresholds move>3.0, vol>250
2026-05-15 01:19:05,097 | INFO | Polling IG (stream update)...
2026-05-15 01:19:05,402 | INFO | [2026-05-14 17:19:00+00:00] Bar filtered (move=0.55, vol=28.0) — thresholds move>3.0, vol>250
2026-05-15 01:19:30,762 | INFO | Account Update: Equity=624.64, P&L=0.0
2026-05-15 01:19:30,763 | INFO | Polling IG (stream update)...
2026-05-15 01:19:31,074 | INFO | [2026-05-14 17:19:00+00:00] Bar filtered (move=0.79, vol=146.0) — thresholds move>3.0, vol>250
2026-05-15 01:20:05,284 | INFO | Polling IG (stream update)...
2026-05-15 01:20:05,671 | INFO | [2026-05-14 17:20:00+00:00] Bar filtered (move=0.18, vol=29.0) — thresholds move>3.0, vol>250
2026-05-15 01:20:30,634 | INFO | Account Update: Equity=624.64, P&L=0.0
2026-05-15 01:20:30,634 | INFO | Polling IG (stream update)...
2026-05-15 01:20:30,941 | INFO | [2026-05-14 17:20:00+00:00] Bar filtered (move=0.24, vol=152.0) — thresholds move>3.0, vol>250
2026-05-15 01:21:05,419 | INFO | Polling IG (stream update)...
2026-05-15 01:21:05,710 | INFO | [2026-05-14 17:21:00+00:00] Bar filtered (move=0.22, vol=25.0) — thresholds move>3.0, vol>250
2026-05-15 01:21:30,471 | INFO | Account Update: Equity=624.64, P&L=0.0
2026-05-15 01:21:30,473 | INFO | Polling IG (stream update)...
2026-05-15 01:21:30,753 | INFO | [2026-05-14 17:21:00+00:00] Bar filtered (move=1.48, vol=135.0) — thresholds move>3.0, vol>250
2026-05-15 01:22:05,210 | INFO | Polling IG (stream update)...
2026-05-15 01:22:05,497 | INFO | [2026-05-14 17:22:00+00:00] Bar filtered (move=0.26, vol=30.0) — thresholds move>3.0, vol>250
2026-05-15 01:22:30,728 | INFO | Account Update: Equity=624.64, P&L=0.0
2026-05-15 01:22:30,729 | INFO | Polling IG (stream update)...
2026-05-15 01:22:31,001 | INFO | [2026-05-14 17:22:00+00:00] Bar filtered (move=0.73, vol=132.0) — thresholds move>3.0, vol>250
2026-05-15 01:23:05,496 | INFO | Polling IG (stream update)...
2026-05-15 01:23:05,767 | INFO | [2026-05-14 17:23:00+00:00] Bar filtered (move=0.39, vol=25.0) — thresholds move>3.0, vol>250
2026-05-15 01:23:30,509 | INFO | Account Update: Equity=624.64, P&L=0.0
2026-05-15 01:23:30,511 | INFO | Polling IG (stream update)...
2026-05-15 01:23:30,893 | INFO | [2026-05-14 17:23:00+00:00] Bar filtered (move=1.04, vol=125.0) — thresholds move>3.0, vol>250
2026-05-15 01:24:05,360 | INFO | Polling IG (stream update)...
2026-05-15 01:24:05,669 | INFO | [2026-05-14 17:24:00+00:00] Bar filtered (move=0.99, vol=38.0) — thresholds move>3.0, vol>250
2026-05-15 01:24:30,384 | INFO | Account Update: Equity=624.64, P&L=0.0
2026-05-15 01:24:30,385 | INFO | Polling IG (stream update)...
2026-05-15 01:24:30,693 | INFO | [2026-05-14 17:24:00+00:00] Bar filtered (move=0.63, vol=177.0) — thresholds move>3.0, vol>250
2026-05-15 01:25:05,178 | INFO | Polling IG (stream update)...
2026-05-15 01:25:05,478 | INFO | [2026-05-14 17:25:00+00:00] Bar filtered (move=0.19, vol=29.0) — thresholds move>3.0, vol>250
2026-05-15 01:25:30,702 | INFO | Account Update: Equity=624.64, P&L=0.0
2026-05-15 01:25:30,703 | INFO | Polling IG (stream update)...
2026-05-15 01:25:31,037 | INFO | [2026-05-14 17:25:00+00:00] Bar filtered (move=0.44, vol=137.0) — thresholds move>3.0, vol>250
2026-05-15 01:26:05,503 | INFO | Polling IG (stream update)...
2026-05-15 01:26:05,831 | INFO | [2026-05-14 17:26:00+00:00] Bar filtered (move=0.21, vol=25.0) — thresholds move>3.0, vol>250
2026-05-15 01:26:30,550 | INFO | Account Update: Equity=624.64, P&L=0.0
2026-05-15 01:26:30,551 | INFO | Polling IG (stream update)...
2026-05-15 01:26:30,870 | INFO | [2026-05-14 17:26:00+00:00] Bar filtered (move=0.93, vol=106.0) — thresholds move>3.0, vol>250
2026-05-15 01:27:05,409 | INFO | Polling IG (stream update)...
2026-05-15 01:27:05,720 | INFO | [2026-05-14 17:27:00+00:00] Bar filtered (move=0.15, vol=11.0) — thresholds move>3.0, vol>250
2026-05-15 01:27:30,393 | INFO | Account Update: Equity=624.64, P&L=0.0
2026-05-15 01:27:30,393 | INFO | Polling IG (stream update)...
2026-05-15 01:27:30,676 | INFO | [2026-05-14 17:27:00+00:00] Bar filtered (move=1.01, vol=69.0) — thresholds move>3.0, vol>250
2026-05-15 01:28:05,154 | INFO | Polling IG (stream update)...
2026-05-15 01:28:05,502 | INFO | [2026-05-14 17:28:00+00:00] Bar filtered (move=0.04, vol=20.0) — thresholds move>3.0, vol>250
2026-05-15 01:28:30,722 | INFO | Account Update: Equity=624.64, P&L=0.0
2026-05-15 01:28:30,722 | INFO | Polling IG (stream update)...
2026-05-15 01:28:31,034 | INFO | [2026-05-14 17:28:00+00:00] Bar filtered (move=0.27, vol=72.0) — thresholds move>3.0, vol>250
2026-05-15 01:29:05,499 | INFO | Polling IG (stream update)...
2026-05-15 01:29:05,820 | INFO | [2026-05-14 17:29:00+00:00] Bar filtered (move=0.55, vol=28.0) — thresholds move>3.0, vol>250
2026-05-15 01:29:30,570 | INFO | Account Update: Equity=624.64, P&L=0.0
2026-05-15 01:29:30,571 | INFO | Polling IG (stream update)...
2026-05-15 01:29:30,910 | INFO | [2026-05-14 17:29:00+00:00] Bar filtered (move=0.78, vol=140.0) — thresholds move>3.0, vol>250
2026-05-15 01:30:05,352 | INFO | Polling IG (stream update)...
2026-05-15 01:30:05,685 | INFO | [2026-05-14 17:30:00+00:00] Bar filtered (move=0.57, vol=34.0) — thresholds move>3.0, vol>250
2026-05-15 01:30:30,431 | INFO | Account Update: Equity=624.64, P&L=0.0
2026-05-15 01:30:30,432 | INFO | Polling IG (stream update)...
2026-05-15 01:30:31,159 | INFO | [2026-05-14 17:30:00+00:00] Bar filtered (move=0.35, vol=140.0) — thresholds move>3.0, vol>250
2026-05-15 01:31:05,138 | INFO | Polling IG (stream update)...
2026-05-15 01:31:05,451 | INFO | [2026-05-14 17:31:00+00:00] Bar filtered (move=0.36, vol=21.0) — thresholds move>3.0, vol>250
2026-05-15 01:31:30,717 | INFO | Account Update: Equity=624.64, P&L=0.0
2026-05-15 01:31:30,718 | INFO | Polling IG (stream update)...
2026-05-15 01:31:31,039 | INFO | [2026-05-14 17:31:00+00:00] Bar filtered (move=0.83, vol=111.0) — thresholds move>3.0, vol>250
2026-05-15 01:32:05,465 | INFO | Polling IG (stream update)...
2026-05-15 01:32:05,774 | INFO | [2026-05-14 17:32:00+00:00] Bar filtered (move=0.17, vol=28.0) — thresholds move>3.0, vol>250
2026-05-15 01:32:30,501 | INFO | Account Update: Equity=624.64, P&L=0.0
2026-05-15 01:32:30,502 | INFO | Polling IG (stream update)...
2026-05-15 01:32:30,817 | INFO | [2026-05-14 17:32:00+00:00] Bar filtered (move=1.06, vol=129.0) — thresholds move>3.0, vol>250
2026-05-15 01:33:05,291 | INFO | Polling IG (stream update)...
2026-05-15 01:33:05,599 | INFO | [2026-05-14 17:33:00+00:00] Bar filtered (move=0.60, vol=29.0) — thresholds move>3.0, vol>250
2026-05-15 01:33:30,864 | INFO | Account Update: Equity=624.64, P&L=0.0
2026-05-15 01:33:30,865 | INFO | Polling IG (stream update)...
2026-05-15 01:33:31,192 | INFO | [2026-05-14 17:33:00+00:00] Bar filtered (move=1.49, vol=141.0) — thresholds move>3.0, vol>250
2026-05-15 01:34:05,144 | INFO | Polling IG (stream update)...
2026-05-15 01:34:05,455 | INFO | [2026-05-14 17:34:00+00:00] Bar filtered (move=0.40, vol=23.0) — thresholds move>3.0, vol>250
2026-05-15 01:34:30,702 | INFO | Account Update: Equity=624.64, P&L=0.0
2026-05-15 01:34:30,703 | INFO | Polling IG (stream update)...
2026-05-15 01:34:31,028 | INFO | [2026-05-14 17:34:00+00:00] Bar filtered (move=0.96, vol=117.0) — thresholds move>3.0, vol>250
2026-05-15 01:35:05,021 | INFO | Polling IG (stream update)...
2026-05-15 01:35:05,343 | INFO | [2026-05-14 17:35:00+00:00] Bar filtered (move=0.25, vol=24.0) — thresholds move>3.0, vol>250
2026-05-15 01:35:30,571 | INFO | Account Update: Equity=624.64, P&L=0.0
2026-05-15 01:35:30,572 | INFO | Polling IG (stream update)...
2026-05-15 01:35:30,892 | INFO | [2026-05-14 17:35:00+00:00] Bar filtered (move=0.47, vol=132.0) — thresholds move>3.0, vol>250
2026-05-15 01:36:05,370 | INFO | Polling IG (stream update)...
2026-05-15 01:36:05,695 | INFO | [2026-05-14 17:36:00+00:00] Bar filtered (move=0.08, vol=21.0) — thresholds move>3.0, vol>250
2026-05-15 01:36:30,400 | INFO | Account Update: Equity=624.64, P&L=0.0
2026-05-15 01:36:30,400 | INFO | Polling IG (stream update)...
2026-05-15 01:36:30,712 | INFO | [2026-05-14 17:36:00+00:00] Bar filtered (move=0.13, vol=98.0) — thresholds move>3.0, vol>250
2026-05-15 01:37:05,173 | INFO | Polling IG (stream update)...
2026-05-15 01:37:05,492 | INFO | [2026-05-14 17:37:00+00:00] Bar filtered (move=0.08, vol=17.0) — thresholds move>3.0, vol>250
2026-05-15 01:37:30,741 | INFO | Account Update: Equity=624.64, P&L=0.0
2026-05-15 01:37:30,741 | INFO | Polling IG (stream update)...
2026-05-15 01:37:31,045 | INFO | [2026-05-14 17:37:00+00:00] Bar filtered (move=0.44, vol=94.0) — thresholds move>3.0, vol>250
2026-05-15 01:38:05,011 | INFO | Polling IG (stream update)...
2026-05-15 01:38:05,328 | INFO | [2026-05-14 17:38:00+00:00] Bar filtered (move=0.15, vol=23.0) — thresholds move>3.0, vol>250
2026-05-15 01:38:30,669 | INFO | Account Update: Equity=624.64, P&L=0.0
2026-05-15 01:38:30,671 | INFO | Polling IG (stream update)...
2026-05-15 01:38:30,994 | INFO | [2026-05-14 17:38:00+00:00] Bar filtered (move=0.65, vol=114.0) — thresholds move>3.0, vol>250
2026-05-15 01:39:05,466 | INFO | Polling IG (stream update)...
2026-05-15 01:39:05,763 | INFO | [2026-05-14 17:39:00+00:00] Bar filtered (move=0.08, vol=17.0) — thresholds move>3.0, vol>250
2026-05-15 01:39:30,478 | INFO | Account Update: Equity=624.64, P&L=0.0
2026-05-15 01:39:30,478 | INFO | Polling IG (stream update)...
2026-05-15 01:39:30,789 | INFO | [2026-05-14 17:39:00+00:00] Bar filtered (move=0.77, vol=96.0) — thresholds move>3.0, vol>250
2026-05-15 01:40:05,228 | INFO | Polling IG (stream update)...
2026-05-15 01:40:05,534 | INFO | [2026-05-14 17:40:00+00:00] Bar filtered (move=0.03, vol=19.0) — thresholds move>3.0, vol>250
2026-05-15 01:40:30,748 | INFO | Account Update: Equity=624.64, P&L=0.0
2026-05-15 01:40:30,748 | INFO | Polling IG (stream update)...
2026-05-15 01:40:31,455 | INFO | [2026-05-14 17:40:00+00:00] Bar filtered (move=0.49, vol=89.0) — thresholds move>3.0, vol>250
2026-05-15 01:41:05,420 | INFO | Polling IG (stream update)...
2026-05-15 01:41:05,756 | INFO | [2026-05-14 17:41:00+00:00] Bar filtered (move=0.26, vol=21.0) — thresholds move>3.0, vol>250
2026-05-15 01:41:30,480 | INFO | Account Update: Equity=624.64, P&L=0.0
2026-05-15 01:41:30,480 | INFO | Polling IG (stream update)...
2026-05-15 01:41:30,801 | INFO | [2026-05-14 17:41:00+00:00] Bar filtered (move=0.58, vol=94.0) — thresholds move>3.0, vol>250
2026-05-15 01:42:05,244 | INFO | Polling IG (stream update)...
2026-05-15 01:42:05,572 | INFO | [2026-05-14 17:42:00+00:00] Bar filtered (move=0.08, vol=12.0) — thresholds move>3.0, vol>250
2026-05-15 01:42:30,794 | INFO | Account Update: Equity=624.64, P&L=0.0
2026-05-15 01:42:30,795 | INFO | Polling IG (stream update)...
2026-05-15 01:42:31,105 | INFO | [2026-05-14 17:42:00+00:00] Bar filtered (move=1.59, vol=103.0) — thresholds move>3.0, vol>250
2026-05-15 01:43:05,051 | INFO | Polling IG (stream update)...
2026-05-15 01:43:05,374 | INFO | [2026-05-14 17:43:00+00:00] Bar filtered (move=0.39, vol=11.0) — thresholds move>3.0, vol>250
2026-05-15 01:43:30,611 | INFO | Account Update: Equity=624.64, P&L=0.0
2026-05-15 01:43:30,611 | INFO | Polling IG (stream update)...
2026-05-15 01:43:30,922 | INFO | [2026-05-14 17:43:00+00:00] Bar filtered (move=0.11, vol=74.0) — thresholds move>3.0, vol>250
2026-05-15 01:44:05,384 | INFO | Polling IG (stream update)...
2026-05-15 01:44:05,693 | INFO | [2026-05-14 17:44:00+00:00] Bar filtered (move=0.03, vol=21.0) — thresholds move>3.0, vol>250
2026-05-15 01:44:30,395 | INFO | Account Update: Equity=624.64, P&L=0.0
2026-05-15 01:44:30,396 | INFO | Polling IG (stream update)...
2026-05-15 01:44:30,712 | INFO | [2026-05-14 17:44:00+00:00] Bar filtered (move=0.17, vol=85.0) — thresholds move>3.0, vol>250
2026-05-15 01:45:05,180 | INFO | Polling IG (stream update)...
2026-05-15 01:45:05,501 | INFO | [2026-05-14 17:45:00+00:00] Bar filtered (move=0.05, vol=13.0) — thresholds move>3.0, vol>250
2026-05-15 01:45:30,731 | INFO | Account Update: Equity=624.64, P&L=0.0
2026-05-15 01:45:30,733 | INFO | Polling IG (stream update)...
2026-05-15 01:45:31,103 | INFO | [2026-05-14 17:45:00+00:00] Bar filtered (move=0.86, vol=81.0) — thresholds move>3.0, vol>250
2026-05-15 01:46:05,073 | INFO | Polling IG (stream update)...
2026-05-15 01:46:05,388 | INFO | [2026-05-14 17:46:00+00:00] Bar filtered (move=0.21, vol=20.0) — thresholds move>3.0, vol>250
2026-05-15 01:46:30,650 | INFO | Account Update: Equity=624.64, P&L=0.0
2026-05-15 01:46:30,651 | INFO | Polling IG (stream update)...
2026-05-15 01:46:30,957 | INFO | [2026-05-14 17:46:00+00:00] Bar filtered (move=0.39, vol=80.0) — thresholds move>3.0, vol>250
2026-05-15 01:47:05,417 | INFO | Polling IG (stream update)...
2026-05-15 01:47:05,738 | INFO | [2026-05-14 17:47:00+00:00] Bar filtered (move=0.00, vol=7.0) — thresholds move>3.0, vol>250
2026-05-15 01:47:30,496 | INFO | Account Update: Equity=624.64, P&L=0.0
2026-05-15 01:47:30,496 | INFO | Polling IG (stream update)...
2026-05-15 01:47:30,821 | INFO | [2026-05-14 17:47:00+00:00] Bar filtered (move=0.81, vol=67.0) — thresholds move>3.0, vol>250
2026-05-15 01:48:05,268 | INFO | Polling IG (stream update)...
2026-05-15 01:48:05,591 | INFO | [2026-05-14 17:48:00+00:00] Bar filtered (move=0.03, vol=15.0) — thresholds move>3.0, vol>250
2026-05-15 01:48:30,828 | INFO | Account Update: Equity=624.64, P&L=0.0
2026-05-15 01:48:30,828 | INFO | Polling IG (stream update)...
2026-05-15 01:48:31,133 | INFO | [2026-05-14 17:48:00+00:00] Bar filtered (move=0.23, vol=85.0) — thresholds move>3.0, vol>250
2026-05-15 01:49:05,095 | INFO | Polling IG (stream update)...
2026-05-15 01:49:05,438 | INFO | [2026-05-14 17:49:00+00:00] Bar filtered (move=0.08, vol=12.0) — thresholds move>3.0, vol>250
2026-05-15 01:49:30,659 | INFO | Account Update: Equity=624.64, P&L=0.0
2026-05-15 01:49:30,660 | INFO | Polling IG (stream update)...
2026-05-15 01:49:30,968 | INFO | [2026-05-14 17:49:00+00:00] Bar filtered (move=0.17, vol=60.0) — thresholds move>3.0, vol>250
2026-05-15 01:50:05,428 | INFO | Polling IG (stream update)...
2026-05-15 01:50:05,736 | INFO | [2026-05-14 17:50:00+00:00] Bar filtered (move=0.02, vol=21.0) — thresholds move>3.0, vol>250
2026-05-15 01:50:30,471 | INFO | Account Update: Equity=624.64, P&L=0.0
2026-05-15 01:50:30,471 | INFO | Polling IG (stream update)...
2026-05-15 01:50:30,781 | INFO | [2026-05-14 17:50:00+00:00] Bar filtered (move=0.70, vol=81.0) — thresholds move>3.0, vol>250
2026-05-15 01:51:05,250 | INFO | Polling IG (stream update)...
2026-05-15 01:51:05,573 | INFO | [2026-05-14 17:51:00+00:00] Bar filtered (move=0.15, vol=12.0) — thresholds move>3.0, vol>250
2026-05-15 01:51:30,789 | INFO | Account Update: Equity=624.64, P&L=0.0
2026-05-15 01:51:30,789 | INFO | Polling IG (stream update)...
2026-05-15 01:51:31,115 | INFO | [2026-05-14 17:51:00+00:00] Bar filtered (move=0.17, vol=88.0) — thresholds move>3.0, vol>250
2026-05-15 01:52:05,070 | INFO | Polling IG (stream update)...
2026-05-15 01:52:05,400 | INFO | [2026-05-14 17:52:00+00:00] Bar filtered (move=0.19, vol=15.0) — thresholds move>3.0, vol>250
2026-05-15 01:52:30,625 | INFO | Account Update: Equity=624.64, P&L=0.0
2026-05-15 01:52:30,626 | INFO | Polling IG (stream update)...
2026-05-15 01:52:30,940 | INFO | [2026-05-14 17:52:00+00:00] Bar filtered (move=0.44, vol=75.0) — thresholds move>3.0, vol>250
2026-05-15 01:53:05,489 | INFO | Polling IG (stream update)...
2026-05-15 01:53:05,820 | INFO | [2026-05-14 17:53:00+00:00] Bar filtered (move=0.46, vol=24.0) — thresholds move>3.0, vol>250
2026-05-15 01:56:36,354 | INFO | --- AlphaGold v13 Bot Startup ---
2026-05-15 01:56:36,354 | INFO | Execution Config: {
  "tp": 40.0,
  "sl": 25.0,
  "horizon": 45,
  "s1_threshold": 0.5,
  "s2_threshold": 0.55,
  "spread_default": 0.25,
  "size": 2.0,
  "take_profit_pct": 0.8
}
2026-05-15 01:56:36,355 | INFO | Target Config: {
  "tp": 20.0,
  "sl": 10.0,
  "horizon": 45,
  "er_threshold": 0.3,
  "move_threshold": 10.0
}
2026-05-15 01:56:36,355 | INFO | Filter Config: {
  "min_bar_move": 3.0,
  "min_volume": 250
}
2026-05-15 01:56:37,359 | INFO | Performing cache warmup (syncing latest from IG and loading 2500 bars from DB)...
2026-05-15 01:56:41,060 | INFO | Cache warmed up with 2500 rows from database.
2026-05-15 01:56:41,060 | INFO | Bot execution loop started.
2026-05-15 01:57:05,265 | INFO | Polling IG (stream update)...
2026-05-15 01:57:05,559 | INFO | [2026-05-14 17:57:00+00:00] Bar filtered (move=0.38, vol=18.0) — thresholds move>3.0, vol>250
2026-05-15 01:57:30,821 | INFO | Account Update: Equity=624.64, P&L=0.0
2026-05-15 01:57:30,822 | INFO | Polling IG (stream update)...
2026-05-15 01:57:31,256 | INFO | [2026-05-14 17:57:00+00:00] Bar filtered (move=0.17, vol=97.0) — thresholds move>3.0, vol>250
2026-05-15 01:58:05,230 | INFO | Polling IG (stream update)...
2026-05-15 01:58:05,520 | INFO | [2026-05-14 17:58:00+00:00] Bar filtered (move=0.37, vol=16.0) — thresholds move>3.0, vol>250
2026-05-15 01:58:30,767 | INFO | Account Update: Equity=624.64, P&L=0.0
2026-05-15 01:58:30,768 | INFO | Polling IG (stream update)...
2026-05-15 01:58:31,074 | INFO | [2026-05-14 17:58:00+00:00] Bar filtered (move=0.46, vol=62.0) — thresholds move>3.0, vol>250
2026-05-15 01:59:05,038 | INFO | Polling IG (stream update)...
2026-05-15 01:59:05,513 | INFO | [2026-05-14 17:59:00+00:00] Bar filtered (move=0.01, vol=11.0) — thresholds move>3.0, vol>250
2026-05-15 01:59:30,759 | INFO | Account Update: Equity=624.64, P&L=0.0
2026-05-15 01:59:30,760 | INFO | Polling IG (stream update)...
2026-05-15 01:59:31,093 | INFO | [2026-05-14 17:59:00+00:00] Bar filtered (move=0.46, vol=76.0) — thresholds move>3.0, vol>250
2026-05-15 02:00:05,091 | INFO | Polling IG (stream update)...
2026-05-15 02:00:05,484 | INFO | [2026-05-14 18:00:00+00:00] Bar filtered (move=0.57, vol=26.0) — thresholds move>3.0, vol>250
2026-05-15 02:00:30,748 | INFO | Account Update: Equity=624.64, P&L=0.0
2026-05-15 02:00:30,750 | INFO | Polling IG (stream update)...
2026-05-15 02:00:31,071 | INFO | [2026-05-14 18:00:00+00:00] Bar filtered (move=0.16, vol=89.0) — thresholds move>3.0, vol>250
2026-05-15 02:01:05,072 | INFO | Polling IG (stream update)...
2026-05-15 02:01:05,438 | INFO | [2026-05-14 18:01:00+00:00] Bar filtered (move=0.13, vol=33.0) — thresholds move>3.0, vol>250
2026-05-15 02:01:30,672 | INFO | Account Update: Equity=624.64, P&L=0.0
2026-05-15 02:01:30,672 | INFO | Polling IG (stream update)...
2026-05-15 02:01:30,980 | INFO | [2026-05-14 18:01:00+00:00] Bar filtered (move=2.40, vol=182.0) — thresholds move>3.0, vol>250
2026-05-15 02:02:05,456 | INFO | Polling IG (stream update)...
2026-05-15 02:02:05,771 | INFO | [2026-05-14 18:02:00+00:00] Bar filtered (move=0.93, vol=41.0) — thresholds move>3.0, vol>250
2026-05-15 02:02:30,514 | INFO | Account Update: Equity=624.64, P&L=0.0
2026-05-15 02:02:30,515 | INFO | Polling IG (stream update)...
2026-05-15 02:02:30,867 | INFO | [2026-05-14 18:02:00+00:00] Bar filtered (move=1.82, vol=162.0) — thresholds move>3.0, vol>250
2026-05-15 02:03:05,359 | INFO | Polling IG (stream update)...
2026-05-15 02:03:05,671 | INFO | [2026-05-14 18:03:00+00:00] Bar filtered (move=2.66, vol=37.0) — thresholds move>3.0, vol>250
2026-05-15 02:03:30,380 | INFO | Account Update: Equity=624.64, P&L=0.0
2026-05-15 02:03:30,380 | INFO | Polling IG (stream update)...
2026-05-15 02:03:30,690 | INFO | [2026-05-14 18:03:00+00:00] Bar filtered (move=2.96, vol=213.0) — thresholds move>3.0, vol>250
2026-05-15 02:04:05,175 | INFO | Polling IG (stream update)...
2026-05-15 02:04:05,517 | INFO | [2026-05-14 18:04:00+00:00] Bar filtered (move=0.30, vol=31.0) — thresholds move>3.0, vol>250
2026-05-15 02:04:30,749 | INFO | Account Update: Equity=624.64, P&L=0.0
2026-05-15 02:04:30,751 | INFO | Polling IG (stream update)...
2026-05-15 02:04:31,085 | INFO | [2026-05-14 18:04:00+00:00] Bar filtered (move=1.74, vol=183.0) — thresholds move>3.0, vol>250
2026-05-15 02:05:05,037 | INFO | Polling IG (stream update)...
2026-05-15 02:05:05,347 | INFO | [2026-05-14 18:05:00+00:00] Bar filtered (move=0.72, vol=26.0) — thresholds move>3.0, vol>250
2026-05-15 02:05:30,597 | INFO | Account Update: Equity=624.64, P&L=0.0
2026-05-15 02:05:30,598 | INFO | Polling IG (stream update)...
2026-05-15 02:05:30,903 | INFO | [2026-05-14 18:05:00+00:00] Bar filtered (move=0.16, vol=135.0) — thresholds move>3.0, vol>250
2026-05-15 02:06:05,400 | INFO | Polling IG (stream update)...
2026-05-15 02:06:05,708 | INFO | [2026-05-14 18:06:00+00:00] Bar filtered (move=0.06, vol=28.0) — thresholds move>3.0, vol>250
2026-05-15 02:06:30,436 | INFO | Account Update: Equity=624.64, P&L=0.0
2026-05-15 02:06:30,437 | INFO | Polling IG (stream update)...
2026-05-15 02:06:30,728 | INFO | [2026-05-14 18:06:00+00:00] Bar filtered (move=1.14, vol=165.0) — thresholds move>3.0, vol>250
2026-05-15 02:07:05,201 | INFO | Polling IG (stream update)...
2026-05-15 02:07:05,507 | INFO | [2026-05-14 18:07:00+00:00] Bar filtered (move=0.49, vol=30.0) — thresholds move>3.0, vol>250
2026-05-15 02:07:30,799 | INFO | Account Update: Equity=624.64, P&L=0.0
2026-05-15 02:07:30,799 | INFO | Polling IG (stream update)...
2026-05-15 02:07:31,101 | INFO | [2026-05-14 18:07:00+00:00] Bar filtered (move=0.19, vol=160.0) — thresholds move>3.0, vol>250
2026-05-15 02:08:05,106 | INFO | Polling IG (stream update)...
2026-05-15 02:08:05,429 | INFO | [2026-05-14 18:08:00+00:00] Bar filtered (move=0.44, vol=16.0) — thresholds move>3.0, vol>250
2026-05-15 02:08:30,683 | INFO | Account Update: Equity=624.64, P&L=0.0
2026-05-15 02:08:30,684 | INFO | Polling IG (stream update)...
2026-05-15 02:08:30,992 | INFO | [2026-05-14 18:08:00+00:00] Bar filtered (move=0.36, vol=120.0) — thresholds move>3.0, vol>250
2026-05-15 02:09:05,474 | INFO | Polling IG (stream update)...
2026-05-15 02:09:05,790 | INFO | [2026-05-14 18:09:00+00:00] Bar filtered (move=0.83, vol=28.0) — thresholds move>3.0, vol>250
2026-05-15 02:09:30,512 | INFO | Account Update: Equity=624.64, P&L=0.0
2026-05-15 02:09:30,513 | INFO | Polling IG (stream update)...
2026-05-15 02:09:30,814 | INFO | [2026-05-14 18:09:00+00:00] Bar filtered (move=1.60, vol=146.0) — thresholds move>3.0, vol>250
2026-05-15 02:10:05,285 | INFO | Polling IG (stream update)...
2026-05-15 02:10:05,615 | INFO | [2026-05-14 18:10:00+00:00] Bar filtered (move=0.46, vol=29.0) — thresholds move>3.0, vol>250
2026-05-15 02:10:30,360 | INFO | Account Update: Equity=624.64, P&L=0.0
2026-05-15 02:10:30,361 | INFO | Polling IG (stream update)...
2026-05-15 02:10:30,671 | INFO | [2026-05-14 18:10:00+00:00] Bar filtered (move=0.02, vol=121.0) — thresholds move>3.0, vol>250
2026-05-15 02:11:05,125 | INFO | Polling IG (stream update)...
2026-05-15 02:11:05,408 | INFO | [2026-05-14 18:11:00+00:00] Bar filtered (move=1.38, vol=28.0) — thresholds move>3.0, vol>250
2026-05-15 02:11:30,644 | INFO | Account Update: Equity=624.64, P&L=0.0
2026-05-15 02:11:30,645 | INFO | Polling IG (stream update)...
2026-05-15 02:11:30,985 | INFO | [2026-05-14 18:11:00+00:00] Bar filtered (move=0.15, vol=162.0) — thresholds move>3.0, vol>250
2026-05-15 02:12:05,468 | INFO | Polling IG (stream update)...
2026-05-15 02:12:05,785 | INFO | [2026-05-14 18:12:00+00:00] Bar filtered (move=0.24, vol=32.0) — thresholds move>3.0, vol>250
2026-05-15 02:12:30,541 | INFO | Account Update: Equity=624.64, P&L=0.0
2026-05-15 02:12:30,542 | INFO | Polling IG (stream update)...
2026-05-15 02:12:30,841 | INFO | [2026-05-14 18:12:00+00:00] Bar filtered (move=0.46, vol=123.0) — thresholds move>3.0, vol>250
2026-05-15 02:13:05,279 | INFO | Polling IG (stream update)...
2026-05-15 02:13:05,610 | INFO | [2026-05-14 18:13:00+00:00] Bar filtered (move=0.10, vol=26.0) — thresholds move>3.0, vol>250
2026-05-15 02:13:30,827 | INFO | Account Update: Equity=624.64, P&L=0.0
2026-05-15 02:13:30,828 | INFO | Polling IG (stream update)...
2026-05-15 02:13:31,141 | INFO | [2026-05-14 18:13:00+00:00] Bar filtered (move=0.78, vol=100.0) — thresholds move>3.0, vol>250
2026-05-15 02:14:05,102 | INFO | Polling IG (stream update)...
2026-05-15 02:14:05,379 | INFO | [2026-05-14 18:14:00+00:00] Bar filtered (move=0.14, vol=13.0) — thresholds move>3.0, vol>250
2026-05-15 02:14:30,654 | INFO | Account Update: Equity=624.64, P&L=0.0
2026-05-15 02:14:30,654 | INFO | Polling IG (stream update)...
2026-05-15 02:14:31,102 | INFO | [2026-05-14 18:14:00+00:00] Bar filtered (move=0.77, vol=97.0) — thresholds move>3.0, vol>250
2026-05-15 02:15:05,053 | INFO | Polling IG (stream update)...
2026-05-15 02:15:05,370 | INFO | [2026-05-14 18:15:00+00:00] Bar filtered (move=0.50, vol=23.0) — thresholds move>3.0, vol>250
2026-05-15 02:15:30,582 | INFO | Account Update: Equity=624.64, P&L=0.0
2026-05-15 02:15:30,583 | INFO | Polling IG (stream update)...
2026-05-15 02:15:30,912 | INFO | [2026-05-14 18:15:00+00:00] Bar filtered (move=0.18, vol=118.0) — thresholds move>3.0, vol>250
2026-05-15 02:16:05,404 | INFO | Polling IG (stream update)...
2026-05-15 02:16:05,736 | INFO | [2026-05-14 18:16:00+00:00] Bar filtered (move=0.29, vol=27.0) — thresholds move>3.0, vol>250
2026-05-15 02:16:30,453 | INFO | Account Update: Equity=624.64, P&L=0.0
2026-05-15 02:16:30,454 | INFO | Polling IG (stream update)...
2026-05-15 02:16:30,753 | INFO | [2026-05-14 18:16:00+00:00] Bar filtered (move=0.25, vol=90.0) — thresholds move>3.0, vol>250
2026-05-15 02:17:05,222 | INFO | Polling IG (stream update)...
2026-05-15 02:17:05,542 | INFO | [2026-05-14 18:17:00+00:00] Bar filtered (move=0.65, vol=24.0) — thresholds move>3.0, vol>250
2026-05-15 02:17:30,752 | INFO | Account Update: Equity=624.64, P&L=0.0
2026-05-15 02:17:30,752 | INFO | Polling IG (stream update)...
2026-05-15 02:17:31,054 | INFO | [2026-05-14 18:17:00+00:00] Bar filtered (move=0.13, vol=95.0) — thresholds move>3.0, vol>250
2026-05-15 02:18:05,009 | INFO | Polling IG (stream update)...
2026-05-15 02:18:05,331 | INFO | [2026-05-14 18:18:00+00:00] Bar filtered (move=0.23, vol=18.0) — thresholds move>3.0, vol>250
2026-05-15 02:18:30,559 | INFO | Account Update: Equity=624.64, P&L=0.0
2026-05-15 02:18:30,560 | INFO | Polling IG (stream update)...
2026-05-15 02:18:30,874 | INFO | [2026-05-14 18:18:00+00:00] Bar filtered (move=0.48, vol=107.0) — thresholds move>3.0, vol>250
2026-05-15 02:19:05,340 | INFO | Polling IG (stream update)...
2026-05-15 02:19:05,648 | INFO | [2026-05-14 18:19:00+00:00] Bar filtered (move=0.28, vol=22.0) — thresholds move>3.0, vol>250
2026-05-15 02:19:30,391 | INFO | Account Update: Equity=624.64, P&L=0.0
2026-05-15 02:19:30,392 | INFO | Polling IG (stream update)...
2026-05-15 02:19:30,753 | INFO | [2026-05-14 18:19:00+00:00] Bar filtered (move=1.01, vol=103.0) — thresholds move>3.0, vol>250
2026-05-15 02:20:05,212 | INFO | Polling IG (stream update)...
2026-05-15 02:20:05,522 | INFO | [2026-05-14 18:20:00+00:00] Bar filtered (move=0.39, vol=16.0) — thresholds move>3.0, vol>250
2026-05-15 02:20:30,749 | INFO | Account Update: Equity=624.64, P&L=0.0
2026-05-15 02:20:30,750 | INFO | Polling IG (stream update)...
2026-05-15 02:20:31,067 | INFO | [2026-05-14 18:20:00+00:00] Bar filtered (move=0.22, vol=85.0) — thresholds move>3.0, vol>250
2026-05-15 02:21:05,026 | INFO | Polling IG (stream update)...
2026-05-15 02:21:05,348 | INFO | [2026-05-14 18:21:00+00:00] Bar filtered (move=0.30, vol=23.0) — thresholds move>3.0, vol>250
2026-05-15 02:21:30,587 | INFO | Account Update: Equity=624.64, P&L=0.0
2026-05-15 02:21:30,589 | INFO | Polling IG (stream update)...
2026-05-15 02:21:30,906 | INFO | [2026-05-14 18:21:00+00:00] Bar filtered (move=0.27, vol=121.0) — thresholds move>3.0, vol>250
2026-05-15 02:22:05,369 | INFO | Polling IG (stream update)...
2026-05-15 02:22:05,680 | INFO | [2026-05-14 18:22:00+00:00] Bar filtered (move=0.07, vol=10.0) — thresholds move>3.0, vol>250
2026-05-15 02:22:30,423 | INFO | Account Update: Equity=624.64, P&L=0.0
2026-05-15 02:22:30,424 | INFO | Polling IG (stream update)...
2026-05-15 02:22:30,756 | INFO | [2026-05-14 18:22:00+00:00] Bar filtered (move=0.51, vol=72.0) — thresholds move>3.0, vol>250
2026-05-15 02:23:05,219 | INFO | Polling IG (stream update)...
2026-05-15 02:23:05,531 | INFO | [2026-05-14 18:23:00+00:00] Bar filtered (move=0.24, vol=14.0) — thresholds move>3.0, vol>250
2026-05-15 02:23:30,777 | INFO | Account Update: Equity=624.64, P&L=0.0
2026-05-15 02:23:30,778 | INFO | Polling IG (stream update)...
2026-05-15 02:23:31,096 | INFO | [2026-05-14 18:23:00+00:00] Bar filtered (move=1.21, vol=102.0) — thresholds move>3.0, vol>250
2026-05-15 02:24:05,047 | INFO | Polling IG (stream update)...
2026-05-15 02:24:05,360 | INFO | [2026-05-14 18:24:00+00:00] Bar filtered (move=0.72, vol=27.0) — thresholds move>3.0, vol>250
2026-05-15 02:24:30,570 | INFO | Account Update: Equity=624.64, P&L=0.0
2026-05-15 02:24:30,572 | INFO | Polling IG (stream update)...
2026-05-15 02:24:30,886 | INFO | [2026-05-14 18:24:00+00:00] Bar filtered (move=0.43, vol=119.0) — thresholds move>3.0, vol>250
2026-05-15 02:25:05,334 | INFO | Polling IG (stream update)...
2026-05-15 02:25:05,640 | INFO | [2026-05-14 18:25:00+00:00] Bar filtered (move=0.03, vol=16.0) — thresholds move>3.0, vol>250
2026-05-15 02:25:30,386 | INFO | Account Update: Equity=624.64, P&L=0.0
2026-05-15 02:25:30,388 | INFO | Polling IG (stream update)...
2026-05-15 02:25:30,738 | INFO | [2026-05-14 18:25:00+00:00] Bar filtered (move=0.10, vol=84.0) — thresholds move>3.0, vol>250
2026-05-15 02:26:05,228 | INFO | Polling IG (stream update)...
2026-05-15 02:26:05,677 | INFO | [2026-05-14 18:26:00+00:00] Bar filtered (move=0.04, vol=19.0) — thresholds move>3.0, vol>250
2026-05-15 02:26:30,464 | INFO | Account Update: Equity=624.64, P&L=0.0
2026-05-15 02:26:30,464 | INFO | Polling IG (stream update)...
2026-05-15 02:26:30,761 | INFO | [2026-05-14 18:26:00+00:00] Bar filtered (move=0.02, vol=109.0) — thresholds move>3.0, vol>250
2026-05-15 02:27:05,219 | INFO | Polling IG (stream update)...
2026-05-15 02:27:05,931 | INFO | [2026-05-14 18:27:00+00:00] Bar filtered (move=0.07, vol=19.0) — thresholds move>3.0, vol>250
2026-05-15 02:27:30,656 | INFO | Account Update: Equity=624.64, P&L=0.0
2026-05-15 02:27:30,657 | INFO | Polling IG (stream update)...
2026-05-15 02:27:31,011 | INFO | [2026-05-14 18:27:00+00:00] Bar filtered (move=0.35, vol=81.0) — thresholds move>3.0, vol>250
2026-05-15 02:28:05,486 | INFO | Polling IG (stream update)...
2026-05-15 02:28:05,823 | INFO | [2026-05-14 18:28:00+00:00] Bar filtered (move=0.35, vol=18.0) — thresholds move>3.0, vol>250
2026-05-15 02:28:30,547 | INFO | Account Update: Equity=624.64, P&L=0.0
2026-05-15 02:28:30,548 | INFO | Polling IG (stream update)...
2026-05-15 02:28:30,864 | INFO | [2026-05-14 18:28:00+00:00] Bar filtered (move=0.75, vol=94.0) — thresholds move>3.0, vol>250
2026-05-15 02:29:05,341 | INFO | Polling IG (stream update)...
2026-05-15 02:29:05,730 | INFO | [2026-05-14 18:29:00+00:00] Bar filtered (move=0.44, vol=25.0) — thresholds move>3.0, vol>250
2026-05-15 02:29:30,437 | INFO | Account Update: Equity=624.64, P&L=0.0
2026-05-15 02:29:30,437 | INFO | Polling IG (stream update)...
2026-05-15 02:29:30,734 | INFO | [2026-05-14 18:29:00+00:00] Bar filtered (move=0.55, vol=83.0) — thresholds move>3.0, vol>250
2026-05-15 02:30:05,203 | INFO | Polling IG (stream update)...
2026-05-15 02:30:05,523 | INFO | [2026-05-14 18:30:00+00:00] Bar filtered (move=1.13, vol=30.0) — thresholds move>3.0, vol>250
2026-05-15 02:30:30,741 | INFO | Account Update: Equity=624.64, P&L=0.0
2026-05-15 02:30:30,742 | INFO | Polling IG (stream update)...
2026-05-15 02:30:31,101 | INFO | [2026-05-14 18:30:00+00:00] Bar filtered (move=0.47, vol=111.0) — thresholds move>3.0, vol>250
2026-05-15 02:31:05,048 | INFO | Polling IG (stream update)...
2026-05-15 02:31:05,386 | INFO | [2026-05-14 18:31:00+00:00] Bar filtered (move=0.36, vol=13.0) — thresholds move>3.0, vol>250
2026-05-15 02:31:30,654 | INFO | Account Update: Equity=624.64, P&L=0.0
2026-05-15 02:31:30,654 | INFO | Polling IG (stream update)...
2026-05-15 02:31:31,023 | INFO | [2026-05-14 18:31:00+00:00] Bar filtered (move=0.79, vol=84.0) — thresholds move>3.0, vol>250
2026-05-15 02:32:05,489 | INFO | Polling IG (stream update)...
2026-05-15 02:32:05,807 | INFO | [2026-05-14 18:32:00+00:00] Bar filtered (move=0.07, vol=11.0) — thresholds move>3.0, vol>250
2026-05-15 02:32:30,545 | INFO | Account Update: Equity=624.64, P&L=0.0
2026-05-15 02:32:30,545 | INFO | Polling IG (stream update)...
2026-05-15 02:32:30,843 | INFO | [2026-05-14 18:32:00+00:00] Bar filtered (move=0.55, vol=70.0) — thresholds move>3.0, vol>250
2026-05-15 02:33:05,327 | INFO | Polling IG (stream update)...
2026-05-15 02:33:05,636 | INFO | [2026-05-14 18:33:00+00:00] Bar filtered (move=0.13, vol=9.0) — thresholds move>3.0, vol>250
2026-05-15 02:33:30,389 | INFO | Account Update: Equity=624.64, P&L=0.0
2026-05-15 02:33:30,390 | INFO | Polling IG (stream update)...
2026-05-15 02:33:30,706 | INFO | [2026-05-14 18:33:00+00:00] Bar filtered (move=1.00, vol=77.0) — thresholds move>3.0, vol>250
2026-05-15 02:34:05,186 | INFO | Polling IG (stream update)...
2026-05-15 02:34:05,531 | INFO | [2026-05-14 18:34:00+00:00] Bar filtered (move=0.12, vol=6.0) — thresholds move>3.0, vol>250
2026-05-15 02:34:30,762 | INFO | Account Update: Equity=624.64, P&L=0.0
2026-05-15 02:34:30,762 | INFO | Polling IG (stream update)...
2026-05-15 02:34:31,070 | INFO | [2026-05-14 18:34:00+00:00] Bar filtered (move=0.79, vol=48.0) — thresholds move>3.0, vol>250
2026-05-15 02:35:05,043 | INFO | Polling IG (stream update)...
2026-05-15 02:35:05,349 | INFO | [2026-05-14 18:35:00+00:00] Bar filtered (move=0.32, vol=13.0) — thresholds move>3.0, vol>250
2026-05-15 02:35:30,551 | INFO | Account Update: Equity=624.64, P&L=0.0
2026-05-15 02:35:30,552 | INFO | Polling IG (stream update)...
2026-05-15 02:35:30,816 | INFO | [2026-05-14 18:35:00+00:00] Bar filtered (move=0.10, vol=62.0) — thresholds move>3.0, vol>250
2026-05-15 02:36:05,312 | INFO | Polling IG (stream update)...
2026-05-15 02:36:05,604 | INFO | [2026-05-14 18:36:00+00:00] Bar filtered (move=0.27, vol=18.0) — thresholds move>3.0, vol>250
2026-05-15 02:36:30,799 | INFO | Account Update: Equity=624.64, P&L=0.0
2026-05-15 02:36:30,799 | INFO | Polling IG (stream update)...
2026-05-15 02:36:31,070 | INFO | [2026-05-14 18:36:00+00:00] Bar filtered (move=0.40, vol=66.0) — thresholds move>3.0, vol>250
2026-05-15 02:37:05,029 | INFO | Polling IG (stream update)...
2026-05-15 02:37:05,352 | INFO | [2026-05-14 18:37:00+00:00] Bar filtered (move=0.07, vol=20.0) — thresholds move>3.0, vol>250
2026-05-15 02:37:30,576 | INFO | Account Update: Equity=624.64, P&L=0.0
2026-05-15 02:37:30,576 | INFO | Polling IG (stream update)...
2026-05-15 02:37:30,941 | INFO | [2026-05-14 18:37:00+00:00] Bar filtered (move=0.36, vol=89.0) — thresholds move>3.0, vol>250
2026-05-15 02:38:05,393 | INFO | Polling IG (stream update)...
2026-05-15 02:38:05,704 | INFO | [2026-05-14 18:38:00+00:00] Bar filtered (move=0.28, vol=21.0) — thresholds move>3.0, vol>250
2026-05-15 02:38:30,474 | INFO | Account Update: Equity=624.64, P&L=0.0
2026-05-15 02:38:30,475 | INFO | Polling IG (stream update)...
2026-05-15 02:38:30,787 | INFO | [2026-05-14 18:38:00+00:00] Bar filtered (move=0.19, vol=86.0) — thresholds move>3.0, vol>250
2026-05-15 02:39:05,261 | INFO | Polling IG (stream update)...
2026-05-15 02:39:05,584 | INFO | [2026-05-14 18:39:00+00:00] Bar filtered (move=0.19, vol=11.0) — thresholds move>3.0, vol>250
2026-05-15 02:39:30,789 | INFO | Account Update: Equity=624.64, P&L=0.0
2026-05-15 02:39:30,790 | INFO | Polling IG (stream update)...
2026-05-15 02:39:31,106 | INFO | [2026-05-14 18:39:00+00:00] Bar filtered (move=0.73, vol=84.0) — thresholds move>3.0, vol>250
2026-05-15 02:40:05,079 | INFO | Polling IG (stream update)...
2026-05-15 02:40:05,383 | INFO | [2026-05-14 18:40:00+00:00] Bar filtered (move=0.50, vol=19.0) — thresholds move>3.0, vol>250
2026-05-15 02:40:30,601 | INFO | Account Update: Equity=624.64, P&L=0.0
2026-05-15 02:40:30,602 | INFO | Polling IG (stream update)...
2026-05-15 02:40:30,923 | INFO | [2026-05-14 18:40:00+00:00] Bar filtered (move=0.01, vol=97.0) — thresholds move>3.0, vol>250
2026-05-15 02:41:05,380 | INFO | Polling IG (stream update)...
2026-05-15 02:41:05,709 | INFO | [2026-05-14 18:41:00+00:00] Bar filtered (move=0.06, vol=26.0) — thresholds move>3.0, vol>250
2026-05-15 02:41:30,428 | INFO | Account Update: Equity=624.64, P&L=0.0
2026-05-15 02:41:30,429 | INFO | Polling IG (stream update)...
2026-05-15 02:41:30,733 | INFO | [2026-05-14 18:41:00+00:00] Bar filtered (move=0.20, vol=99.0) — thresholds move>3.0, vol>250
2026-05-15 02:42:05,182 | INFO | Polling IG (stream update)...
2026-05-15 02:42:05,557 | INFO | [2026-05-14 18:42:00+00:00] Bar filtered (move=0.03, vol=19.0) — thresholds move>3.0, vol>250
2026-05-15 02:42:30,791 | INFO | Account Update: Equity=624.64, P&L=0.0
2026-05-15 02:42:30,792 | INFO | Polling IG (stream update)...
2026-05-15 02:42:31,098 | INFO | [2026-05-14 18:42:00+00:00] Bar filtered (move=1.11, vol=93.0) — thresholds move>3.0, vol>250
2026-05-15 02:43:05,064 | INFO | Polling IG (stream update)...
2026-05-15 02:43:05,387 | INFO | [2026-05-14 18:43:00+00:00] Bar filtered (move=0.05, vol=6.0) — thresholds move>3.0, vol>250
2026-05-15 02:43:30,609 | INFO | Account Update: Equity=624.64, P&L=0.0
2026-05-15 02:43:30,610 | INFO | Polling IG (stream update)...
2026-05-15 02:43:30,939 | INFO | [2026-05-14 18:43:00+00:00] Bar filtered (move=1.49, vol=93.0) — thresholds move>3.0, vol>250
2026-05-15 02:44:05,404 | INFO | Polling IG (stream update)...
2026-05-15 02:44:05,712 | INFO | [2026-05-14 18:44:00+00:00] Bar filtered (move=0.35, vol=14.0) — thresholds move>3.0, vol>250
2026-05-15 02:44:30,463 | INFO | Account Update: Equity=624.64, P&L=0.0
2026-05-15 02:44:30,464 | INFO | Polling IG (stream update)...
2026-05-15 02:44:30,766 | INFO | [2026-05-14 18:44:00+00:00] Bar filtered (move=0.54, vol=78.0) — thresholds move>3.0, vol>250
2026-05-15 02:45:05,227 | INFO | Polling IG (stream update)...
2026-05-15 02:45:05,629 | INFO | [2026-05-14 18:45:00+00:00] Bar filtered (move=0.02, vol=14.0) — thresholds move>3.0, vol>250
2026-05-15 02:45:30,359 | INFO | Account Update: Equity=624.64, P&L=0.0
2026-05-15 02:45:30,359 | INFO | Polling IG (stream update)...
2026-05-15 02:45:30,675 | INFO | [2026-05-14 18:45:00+00:00] Bar filtered (move=1.13, vol=107.0) — thresholds move>3.0, vol>250
2026-05-15 02:46:05,132 | INFO | Polling IG (stream update)...
2026-05-15 02:46:05,425 | INFO | [2026-05-14 18:46:00+00:00] Bar filtered (move=0.69, vol=23.0) — thresholds move>3.0, vol>250
2026-05-15 02:46:30,630 | INFO | Account Update: Equity=624.64, P&L=0.0
2026-05-15 02:46:30,631 | INFO | Polling IG (stream update)...
2026-05-15 02:46:30,902 | INFO | [2026-05-14 18:46:00+00:00] Bar filtered (move=0.26, vol=107.0) — thresholds move>3.0, vol>250
2026-05-15 02:47:05,383 | INFO | Polling IG (stream update)...
2026-05-15 02:47:05,658 | INFO | [2026-05-14 18:47:00+00:00] Bar filtered (move=0.19, vol=11.0) — thresholds move>3.0, vol>250
2026-05-15 02:47:30,346 | INFO | Account Update: Equity=624.64, P&L=0.0
2026-05-15 02:47:30,346 | INFO | Polling IG (stream update)...
2026-05-15 02:47:30,651 | INFO | [2026-05-14 18:47:00+00:00] Bar filtered (move=0.61, vol=113.0) — thresholds move>3.0, vol>250
2026-05-15 02:48:05,120 | INFO | Polling IG (stream update)...
2026-05-15 02:48:05,391 | INFO | [2026-05-14 18:48:00+00:00] Bar filtered (move=0.16, vol=21.0) — thresholds move>3.0, vol>250
2026-05-15 02:48:30,591 | INFO | Account Update: Equity=624.64, P&L=0.0
2026-05-15 02:48:30,591 | INFO | Polling IG (stream update)...
2026-05-15 02:48:30,860 | INFO | [2026-05-14 18:48:00+00:00] Bar filtered (move=0.12, vol=88.0) — thresholds move>3.0, vol>250
2026-05-15 02:49:05,333 | INFO | Polling IG (stream update)...
2026-05-15 02:49:05,622 | INFO | [2026-05-14 18:49:00+00:00] Bar filtered (move=0.25, vol=19.0) — thresholds move>3.0, vol>250
2026-05-15 02:49:30,326 | INFO | Account Update: Equity=624.64, P&L=0.0
2026-05-15 02:49:30,326 | INFO | Polling IG (stream update)...
2026-05-15 02:49:30,611 | INFO | [2026-05-14 18:49:00+00:00] Bar filtered (move=0.56, vol=80.0) — thresholds move>3.0, vol>250
2026-05-15 02:50:05,096 | INFO | Polling IG (stream update)...
2026-05-15 02:50:05,377 | INFO | [2026-05-14 18:50:00+00:00] Bar filtered (move=0.18, vol=8.0) — thresholds move>3.0, vol>250
2026-05-15 02:50:30,591 | INFO | Account Update: Equity=624.64, P&L=0.0
2026-05-15 02:50:30,591 | INFO | Polling IG (stream update)...
2026-05-15 02:50:30,857 | INFO | [2026-05-14 18:50:00+00:00] Bar filtered (move=0.69, vol=64.0) — thresholds move>3.0, vol>250
2026-05-15 02:51:05,350 | INFO | Polling IG (stream update)...
2026-05-15 02:51:05,698 | INFO | [2026-05-14 18:51:00+00:00] Bar filtered (move=0.14, vol=13.0) — thresholds move>3.0, vol>250
2026-05-15 02:51:30,517 | INFO | Account Update: Equity=624.64, P&L=0.0
2026-05-15 02:51:30,517 | INFO | Polling IG (stream update)...
2026-05-15 02:51:30,846 | INFO | [2026-05-14 18:51:00+00:00] Bar filtered (move=0.03, vol=86.0) — thresholds move>3.0, vol>250
2026-05-15 02:52:05,302 | INFO | Polling IG (stream update)...
2026-05-15 02:52:05,614 | INFO | [2026-05-14 18:52:00+00:00] Bar filtered (move=0.14, vol=12.0) — thresholds move>3.0, vol>250
2026-05-15 02:52:30,895 | INFO | Account Update: Equity=624.64, P&L=0.0
2026-05-15 02:52:30,896 | INFO | Polling IG (stream update)...
2026-05-15 02:52:31,221 | INFO | [2026-05-14 18:52:00+00:00] Bar filtered (move=0.13, vol=74.0) — thresholds move>3.0, vol>250
2026-05-15 02:53:05,203 | INFO | Polling IG (stream update)...
2026-05-15 02:53:05,548 | INFO | [2026-05-14 18:53:00+00:00] Bar filtered (move=0.74, vol=16.0) — thresholds move>3.0, vol>250
2026-05-15 02:53:30,848 | INFO | Account Update: Equity=624.64, P&L=0.0
2026-05-15 02:53:30,848 | INFO | Polling IG (stream update)...
2026-05-15 02:53:31,241 | INFO | [2026-05-14 18:53:00+00:00] Bar filtered (move=0.22, vol=83.0) — thresholds move>3.0, vol>250
2026-05-15 02:54:05,213 | INFO | Polling IG (stream update)...
2026-05-15 02:54:05,535 | INFO | [2026-05-14 18:54:00+00:00] Bar filtered (move=0.28, vol=18.0) — thresholds move>3.0, vol>250
2026-05-15 02:54:30,751 | INFO | Account Update: Equity=624.64, P&L=0.0
2026-05-15 02:54:30,752 | INFO | Polling IG (stream update)...
2026-05-15 02:54:31,044 | INFO | [2026-05-14 18:54:00+00:00] Bar filtered (move=0.15, vol=73.0) — thresholds move>3.0, vol>250
2026-05-15 02:55:05,010 | INFO | Polling IG (stream update)...
2026-05-15 02:55:05,325 | INFO | [2026-05-14 18:55:00+00:00] Bar filtered (move=0.05, vol=15.0) — thresholds move>3.0, vol>250
2026-05-15 02:55:30,557 | INFO | Account Update: Equity=624.64, P&L=0.0
2026-05-15 02:55:30,558 | INFO | Polling IG (stream update)...
2026-05-15 02:55:30,866 | INFO | [2026-05-14 18:55:00+00:00] Bar filtered (move=0.91, vol=61.0) — thresholds move>3.0, vol>250
2026-05-15 02:56:05,320 | INFO | Polling IG (stream update)...
2026-05-15 02:56:05,601 | INFO | [2026-05-14 18:56:00+00:00] Bar filtered (move=0.06, vol=20.0) — thresholds move>3.0, vol>250
2026-05-15 02:56:30,826 | INFO | Account Update: Equity=624.64, P&L=0.0
2026-05-15 02:56:30,827 | INFO | Polling IG (stream update)...
2026-05-15 02:56:31,165 | INFO | [2026-05-14 18:56:00+00:00] Bar filtered (move=0.02, vol=62.0) — thresholds move>3.0, vol>250
2026-05-15 02:57:05,128 | INFO | Polling IG (stream update)...
2026-05-15 02:57:05,453 | INFO | [2026-05-14 18:57:00+00:00] Bar filtered (move=0.01, vol=10.0) — thresholds move>3.0, vol>250
2026-05-15 02:57:30,668 | INFO | Account Update: Equity=624.64, P&L=0.0
2026-05-15 02:57:30,669 | INFO | Polling IG (stream update)...
2026-05-15 02:57:31,011 | INFO | [2026-05-14 18:57:00+00:00] Bar filtered (move=0.54, vol=54.0) — thresholds move>3.0, vol>250
2026-05-15 02:58:05,456 | INFO | Polling IG (stream update)...
2026-05-15 02:58:05,749 | INFO | [2026-05-14 18:58:00+00:00] Bar filtered (move=0.53, vol=18.0) — thresholds move>3.0, vol>250
2026-05-15 02:58:30,489 | INFO | Account Update: Equity=624.64, P&L=0.0
2026-05-15 02:58:30,489 | INFO | Polling IG (stream update)...
2026-05-15 02:58:30,766 | INFO | [2026-05-14 18:58:00+00:00] Bar filtered (move=1.91, vol=77.0) — thresholds move>3.0, vol>250
2026-05-15 02:59:05,247 | INFO | Polling IG (stream update)...
2026-05-15 02:59:05,559 | INFO | [2026-05-14 18:59:00+00:00] Bar filtered (move=0.11, vol=14.0) — thresholds move>3.0, vol>250
2026-05-15 02:59:30,797 | INFO | Account Update: Equity=624.64, P&L=0.0
2026-05-15 02:59:30,799 | INFO | Polling IG (stream update)...
2026-05-15 02:59:31,075 | INFO | [2026-05-14 18:59:00+00:00] Bar filtered (move=0.09, vol=105.0) — thresholds move>3.0, vol>250
2026-05-15 03:00:05,062 | INFO | Polling IG (stream update)...
2026-05-15 03:00:05,338 | INFO | [2026-05-14 19:00:00+00:00] Bar filtered (move=0.17, vol=29.0) — thresholds move>3.0, vol>250
2026-05-15 03:00:30,582 | INFO | Account Update: Equity=624.64, P&L=0.0
2026-05-15 03:00:30,583 | INFO | Polling IG (stream update)...
2026-05-15 03:00:30,906 | INFO | [2026-05-14 19:00:00+00:00] Bar filtered (move=1.66, vol=139.0) — thresholds move>3.0, vol>250
2026-05-15 03:01:05,405 | INFO | Polling IG (stream update)...
2026-05-15 03:01:05,922 | INFO | [2026-05-14 19:01:00+00:00] Bar filtered (move=0.20, vol=18.0) — thresholds move>3.0, vol>250
2026-05-15 03:01:30,659 | INFO | Account Update: Equity=624.64, P&L=0.0
2026-05-15 03:01:30,659 | INFO | Polling IG (stream update)...
2026-05-15 03:01:30,961 | INFO | [2026-05-14 19:01:00+00:00] Bar filtered (move=0.85, vol=107.0) — thresholds move>3.0, vol>250
2026-05-15 03:02:05,420 | INFO | Polling IG (stream update)...
2026-05-15 03:02:05,732 | INFO | [2026-05-14 19:02:00+00:00] Bar filtered (move=0.46, vol=7.0) — thresholds move>3.0, vol>250
2026-05-15 03:02:30,446 | INFO | Account Update: Equity=624.64, P&L=0.0
2026-05-15 03:02:30,446 | INFO | Polling IG (stream update)...
2026-05-15 03:02:30,748 | INFO | [2026-05-14 19:02:00+00:00] Bar filtered (move=0.04, vol=48.0) — thresholds move>3.0, vol>250
2026-05-15 03:03:05,201 | INFO | Polling IG (stream update)...
2026-05-15 03:03:05,572 | INFO | [2026-05-14 19:03:00+00:00] Bar filtered (move=0.09, vol=14.0) — thresholds move>3.0, vol>250
2026-05-15 03:03:13,756 | INFO | --- AlphaGold v13 Bot Startup ---
2026-05-15 03:03:13,756 | INFO | Execution Config: {
  "tp": 40.0,
  "sl": 25.0,
  "horizon": 45,
  "s1_threshold": 0.5,
  "s2_threshold": 0.55,
  "s2_loss_increment": 0.01,
  "s2_max_threshold": 0.7,
  "spread_default": 0.25,
  "size": 2.0,
  "take_profit_pct": 0.8
}
2026-05-15 03:03:13,756 | INFO | Target Config: {
  "tp": 20.0,
  "sl": 10.0,
  "horizon": 45,
  "er_threshold": 0.3,
  "move_threshold": 10.0
}
2026-05-15 03:03:13,756 | INFO | Filter Config: {
  "min_bar_move": 3.0,
  "min_volume": 250
}
2026-05-15 03:03:14,427 | INFO | Performing cache warmup (syncing latest from IG and loading 2500 bars from DB)...
2026-05-15 03:03:17,668 | INFO | Cache warmed up with 2500 rows from database.
2026-05-15 03:03:17,668 | INFO | Bot execution loop started.
2026-05-15 03:03:30,617 | INFO | Account Update: Equity=624.64, P&L=0.0
2026-05-15 03:03:30,618 | INFO | Polling IG (stream update)...
2026-05-15 03:03:30,921 | INFO | [2026-05-14 19:03:00+00:00] Bar filtered (move=1.03, vol=73.0) — thresholds move>3.0, vol>250
2026-05-15 03:04:05,397 | INFO | Polling IG (stream update)...
2026-05-15 03:04:05,694 | INFO | [2026-05-14 19:04:00+00:00] Bar filtered (move=0.09, vol=15.0) — thresholds move>3.0, vol>250
2026-05-15 03:04:30,428 | INFO | Account Update: Equity=624.64, P&L=0.0
2026-05-15 03:04:30,429 | INFO | Polling IG (stream update)...
2026-05-15 03:04:30,765 | INFO | [2026-05-14 19:04:00+00:00] Bar filtered (move=0.26, vol=78.0) — thresholds move>3.0, vol>250
2026-05-15 03:05:05,261 | INFO | Polling IG (stream update)...
2026-05-15 03:05:05,595 | INFO | [2026-05-14 19:05:00+00:00] Bar filtered (move=0.00, vol=7.0) — thresholds move>3.0, vol>250
2026-05-15 03:05:30,796 | INFO | Account Update: Equity=624.64, P&L=0.0
2026-05-15 03:05:30,796 | INFO | Polling IG (stream update)...
2026-05-15 03:05:31,092 | INFO | [2026-05-14 19:05:00+00:00] Bar filtered (move=0.16, vol=46.0) — thresholds move>3.0, vol>250
2026-05-15 03:05:31,267 | INFO | --- AlphaGold v13 Bot Startup ---
2026-05-15 03:05:31,267 | INFO | Execution Config: {
  "tp": 40.0,
  "sl": 25.0,
  "horizon": 45,
  "s1_threshold": 0.5,
  "s2_threshold": 0.55,
  "s2_loss_increment": 0.01,
  "s2_max_threshold": 0.7,
  "spread_default": 0.25,
  "size": 2.0,
  "take_profit_pct": 0.8
}
2026-05-15 03:05:31,268 | INFO | Target Config: {
  "tp": 20.0,
  "sl": 10.0,
  "horizon": 45,
  "er_threshold": 0.3,
  "move_threshold": 10.0
}
2026-05-15 03:05:31,268 | INFO | Filter Config: {
  "min_bar_move": 3.0,
  "min_volume": 250
}
2026-05-15 03:05:31,922 | INFO | Performing cache warmup (syncing latest from IG and loading 2500 bars from DB)...
2026-05-15 03:05:35,326 | INFO | Cache warmed up with 2500 rows from database.
2026-05-15 03:05:35,326 | INFO | Bot execution loop started.
2026-05-15 03:06:05,062 | INFO | Polling IG (stream update)...
2026-05-15 03:06:05,063 | INFO | Polling IG (stream update)...
2026-05-15 03:06:05,351 | INFO | [2026-05-14 19:06:00+00:00] Bar filtered (move=0.02, vol=32.0) — thresholds move>3.0, vol>250
2026-05-15 03:06:05,352 | INFO | [2026-05-14 19:06:00+00:00] Bar filtered (move=0.02, vol=32.0) — thresholds move>3.0, vol>250
2026-05-15 03:06:30,580 | INFO | Account Update: Equity=624.64, P&L=0.0
2026-05-15 03:06:30,581 | INFO | Polling IG (stream update)...
2026-05-15 03:06:30,586 | INFO | Account Update: Equity=624.64, P&L=0.0
2026-05-15 03:06:30,586 | INFO | Polling IG (stream update)...
2026-05-15 03:06:30,879 | INFO | [2026-05-14 19:06:00+00:00] Bar filtered (move=0.14, vol=118.0) — thresholds move>3.0, vol>250
2026-05-15 03:06:30,885 | INFO | [2026-05-14 19:06:00+00:00] Bar filtered (move=0.14, vol=118.0) — thresholds move>3.0, vol>250
2026-05-15 03:07:05,354 | INFO | Polling IG (stream update)...
2026-05-15 03:07:05,365 | INFO | Polling IG (stream update)...
2026-05-15 03:07:05,658 | INFO | [2026-05-14 19:07:00+00:00] Bar filtered (move=0.18, vol=10.0) — thresholds move>3.0, vol>250
2026-05-15 03:07:05,660 | INFO | [2026-05-14 19:07:00+00:00] Bar filtered (move=0.18, vol=10.0) — thresholds move>3.0, vol>250
2026-05-15 03:07:30,412 | INFO | Account Update: Equity=624.64, P&L=0.0
2026-05-15 03:07:30,412 | INFO | Polling IG (stream update)...
2026-05-15 03:07:30,501 | INFO | Account Update: Equity=624.64, P&L=0.0
2026-05-15 03:07:30,502 | INFO | Polling IG (stream update)...
2026-05-15 03:07:30,724 | INFO | [2026-05-14 19:07:00+00:00] Bar filtered (move=0.29, vol=52.0) — thresholds move>3.0, vol>250
2026-05-15 03:07:30,824 | INFO | [2026-05-14 19:07:00+00:00] Bar filtered (move=0.29, vol=52.0) — thresholds move>3.0, vol>250
2026-05-15 03:08:05,169 | INFO | Polling IG (stream update)...
2026-05-15 03:08:05,283 | INFO | Polling IG (stream update)...
2026-05-15 03:08:05,484 | INFO | [2026-05-14 19:08:00+00:00] Bar filtered (move=0.15, vol=16.0) — thresholds move>3.0, vol>250
2026-05-15 03:08:05,624 | INFO | [2026-05-14 19:08:00+00:00] Bar filtered (move=0.15, vol=16.0) — thresholds move>3.0, vol>250
2026-05-15 03:08:30,373 | INFO | Account Update: Equity=624.64, P&L=0.0
2026-05-15 03:08:30,374 | INFO | Polling IG (stream update)...
2026-05-15 03:08:30,687 | INFO | [2026-05-14 19:08:00+00:00] Bar filtered (move=0.22, vol=61.0) — thresholds move>3.0, vol>250
2026-05-15 03:08:30,715 | INFO | Account Update: Equity=624.64, P&L=0.0
2026-05-15 03:08:30,715 | INFO | Polling IG (stream update)...
2026-05-15 03:08:31,026 | INFO | [2026-05-14 19:08:00+00:00] Bar filtered (move=0.16, vol=63.0) — thresholds move>3.0, vol>250
2026-05-15 03:09:05,163 | INFO | Polling IG (stream update)...
2026-05-15 03:09:05,498 | INFO | Polling IG (stream update)...
2026-05-15 03:09:05,519 | INFO | [2026-05-14 19:09:00+00:00] Bar filtered (move=0.07, vol=11.0) — thresholds move>3.0, vol>250
2026-05-15 03:09:05,784 | INFO | [2026-05-14 19:09:00+00:00] Bar filtered (move=0.07, vol=11.0) — thresholds move>3.0, vol>250
2026-05-15 03:09:30,485 | INFO | Account Update: Equity=624.64, P&L=0.0
2026-05-15 03:09:30,486 | INFO | Polling IG (stream update)...
2026-05-15 03:09:30,727 | INFO | Account Update: Equity=624.64, P&L=0.0
2026-05-15 03:09:30,727 | INFO | Polling IG (stream update)...
2026-05-15 03:09:30,786 | INFO | [2026-05-14 19:09:00+00:00] Bar filtered (move=0.13, vol=43.0) — thresholds move>3.0, vol>250
2026-05-15 03:09:31,037 | INFO | [2026-05-14 19:09:00+00:00] Bar filtered (move=0.13, vol=43.0) — thresholds move>3.0, vol>250
2026-05-15 03:10:05,251 | INFO | Polling IG (stream update)...
2026-05-15 03:10:05,505 | INFO | Polling IG (stream update)...
2026-05-15 03:10:05,557 | INFO | [2026-05-14 19:10:00+00:00] Bar filtered (move=0.03, vol=6.0) — thresholds move>3.0, vol>250
2026-05-15 03:10:05,824 | INFO | [2026-05-14 19:10:00+00:00] Bar filtered (move=0.17, vol=4.0) — thresholds move>3.0, vol>250
2026-05-15 03:10:30,557 | INFO | Account Update: Equity=624.64, P&L=0.0
2026-05-15 03:10:30,557 | INFO | Polling IG (stream update)...
2026-05-15 03:10:30,785 | INFO | Account Update: Equity=624.64, P&L=0.0
2026-05-15 03:10:30,785 | INFO | Polling IG (stream update)...
2026-05-15 03:10:30,863 | INFO | [2026-05-14 19:10:00+00:00] Bar filtered (move=0.25, vol=36.0) — thresholds move>3.0, vol>250
2026-05-15 03:10:31,086 | INFO | [2026-05-14 19:10:00+00:00] Bar filtered (move=0.16, vol=37.0) — thresholds move>3.0, vol>250
2026-05-15 03:11:05,054 | INFO | Polling IG (stream update)...
2026-05-15 03:11:05,331 | INFO | Polling IG (stream update)...
2026-05-15 03:11:09,382 | INFO | [2026-05-14 19:11:00+00:00] Bar filtered (move=0.27, vol=22.0) — thresholds move>3.0, vol>250
2026-05-15 03:11:09,650 | INFO | [2026-05-14 19:11:00+00:00] Bar filtered (move=0.17, vol=23.0) — thresholds move>3.0, vol>250
2026-05-15 03:13:00,192 | INFO | --- AlphaGold v13 Bot Startup ---
2026-05-15 03:13:00,193 | INFO | Execution Config: {
  "tp": 40.0,
  "sl": 25.0,
  "horizon": 45,
  "s1_threshold": 0.5,
  "s2_threshold": 0.55,
  "s2_loss_increment": 0.01,
  "s2_max_threshold": 0.7,
  "spread_default": 0.25,
  "size": 2.0,
  "take_profit_pct": 0.8
}
2026-05-15 03:13:00,193 | INFO | Target Config: {
  "tp": 20.0,
  "sl": 10.0,
  "horizon": 45,
  "er_threshold": 0.3,
  "move_threshold": 10.0
}
2026-05-15 03:13:00,193 | INFO | Filter Config: {
  "min_bar_move": 3.0,
  "min_volume": 250
}
2026-05-15 03:13:00,906 | INFO | Performing cache warmup (syncing latest from IG and loading 2500 bars from DB)...
2026-05-15 03:13:04,150 | INFO | Cache warmed up with 2500 rows from database.
2026-05-15 03:13:04,150 | INFO | Bot execution loop started.
2026-05-15 03:13:05,170 | INFO | Polling IG (stream update)...
2026-05-15 03:13:05,473 | INFO | [2026-05-14 19:13:00+00:00] Bar filtered (move=0.17, vol=20.0) — thresholds move>3.0, vol>250
2026-05-15 03:13:30,714 | INFO | Account Update: Equity=624.64, P&L=0.0
2026-05-15 03:13:30,714 | INFO | Polling IG (stream update)...
2026-05-15 03:13:31,029 | INFO | [2026-05-14 19:13:00+00:00] Bar filtered (move=0.50, vol=86.0) — thresholds move>3.0, vol>250
2026-05-15 03:14:05,506 | INFO | Polling IG (stream update)...
2026-05-15 03:14:05,815 | INFO | [2026-05-14 19:14:00+00:00] Bar filtered (move=0.56, vol=33.0) — thresholds move>3.0, vol>250
2026-05-15 03:14:30,539 | INFO | Account Update: Equity=624.64, P&L=0.0
2026-05-15 03:14:30,539 | INFO | Polling IG (stream update)...
2026-05-15 03:14:30,848 | INFO | [2026-05-14 19:14:00+00:00] Bar filtered (move=0.55, vol=125.0) — thresholds move>3.0, vol>250
2026-05-15 03:15:05,349 | INFO | Polling IG (stream update)...
2026-05-15 03:15:05,655 | INFO | [2026-05-14 19:15:00+00:00] Bar filtered (move=0.26, vol=16.0) — thresholds move>3.0, vol>250
2026-05-15 03:15:30,384 | INFO | Account Update: Equity=624.64, P&L=0.0
2026-05-15 03:15:30,385 | INFO | Polling IG (stream update)...
2026-05-15 03:15:30,685 | INFO | [2026-05-14 19:15:00+00:00] Bar filtered (move=0.10, vol=58.0) — thresholds move>3.0, vol>250
2026-05-15 03:16:05,117 | INFO | Polling IG (stream update)...
2026-05-15 03:16:05,423 | INFO | [2026-05-14 19:16:00+00:00] Bar filtered (move=0.06, vol=12.0) — thresholds move>3.0, vol>250
2026-05-15 03:16:30,637 | INFO | Account Update: Equity=624.64, P&L=0.0
2026-05-15 03:16:30,638 | INFO | Polling IG (stream update)...
2026-05-15 03:16:31,017 | INFO | [2026-05-14 19:16:00+00:00] Bar filtered (move=0.34, vol=50.0) — thresholds move>3.0, vol>250
2026-05-15 03:17:05,485 | INFO | Polling IG (stream update)...
2026-05-15 03:17:05,855 | INFO | [2026-05-14 19:17:00+00:00] Bar filtered (move=0.41, vol=11.0) — thresholds move>3.0, vol>250
2026-05-15 03:17:30,598 | INFO | Account Update: Equity=624.64, P&L=0.0
2026-05-15 03:17:30,600 | INFO | Polling IG (stream update)...
2026-05-15 03:17:30,933 | INFO | [2026-05-14 19:17:00+00:00] Bar filtered (move=0.67, vol=78.0) — thresholds move>3.0, vol>250
2026-05-15 03:18:05,469 | INFO | Polling IG (stream update)...
2026-05-15 03:18:05,781 | INFO | [2026-05-14 19:18:00+00:00] Bar filtered (move=0.08, vol=10.0) — thresholds move>3.0, vol>250
2026-05-15 03:18:31,196 | INFO | Account Update: Equity=624.64, P&L=0.0
2026-05-15 03:18:31,197 | INFO | Polling IG (stream update)...
2026-05-15 03:18:31,504 | INFO | [2026-05-14 19:18:00+00:00] Bar filtered (move=0.18, vol=67.0) — thresholds move>3.0, vol>250
2026-05-15 03:19:05,181 | INFO | Polling IG (stream update)...
2026-05-15 03:19:05,507 | INFO | [2026-05-14 19:19:00+00:00] Bar filtered (move=0.05, vol=5.0) — thresholds move>3.0, vol>250
2026-05-15 03:19:30,836 | INFO | Account Update: Equity=624.64, P&L=0.0
2026-05-15 03:19:30,837 | INFO | Polling IG (stream update)...
2026-05-15 03:19:31,154 | INFO | [2026-05-14 19:19:00+00:00] Bar filtered (move=0.29, vol=59.0) — thresholds move>3.0, vol>250
2026-05-15 03:20:05,105 | INFO | Polling IG (stream update)...
2026-05-15 03:20:05,413 | INFO | [2026-05-14 19:20:00+00:00] Bar filtered (move=0.33, vol=15.0) — thresholds move>3.0, vol>250
2026-05-15 03:20:30,644 | INFO | Account Update: Equity=624.64, P&L=0.0
2026-05-15 03:20:30,644 | INFO | Polling IG (stream update)...
2026-05-15 03:20:30,979 | INFO | [2026-05-14 19:20:00+00:00] Bar filtered (move=0.69, vol=107.0) — thresholds move>3.0, vol>250
2026-05-15 03:21:05,427 | INFO | Polling IG (stream update)...
2026-05-15 03:21:05,741 | INFO | [2026-05-14 19:21:00+00:00] Bar filtered (move=0.14, vol=22.0) — thresholds move>3.0, vol>250
2026-05-15 03:21:30,465 | INFO | Account Update: Equity=624.64, P&L=0.0
2026-05-15 03:21:30,465 | INFO | Polling IG (stream update)...
2026-05-15 03:21:30,773 | INFO | [2026-05-14 19:21:00+00:00] Bar filtered (move=0.71, vol=103.0) — thresholds move>3.0, vol>250
2026-05-15 03:22:05,248 | INFO | Polling IG (stream update)...
2026-05-15 03:22:05,587 | INFO | [2026-05-14 19:22:00+00:00] Bar filtered (move=0.07, vol=22.0) — thresholds move>3.0, vol>250
2026-05-15 03:22:30,822 | INFO | Account Update: Equity=624.64, P&L=0.0
2026-05-15 03:22:30,823 | INFO | Polling IG (stream update)...
2026-05-15 03:22:31,140 | INFO | [2026-05-14 19:22:00+00:00] Bar filtered (move=0.18, vol=84.0) — thresholds move>3.0, vol>250
2026-05-15 03:23:05,109 | INFO | Polling IG (stream update)...
2026-05-15 03:23:05,448 | INFO | [2026-05-14 19:23:00+00:00] Bar filtered (move=0.08, vol=19.0) — thresholds move>3.0, vol>250
2026-05-15 03:23:30,762 | INFO | Account Update: Equity=624.64, P&L=0.0
2026-05-15 03:23:30,763 | INFO | Polling IG (stream update)...
2026-05-15 03:23:31,073 | INFO | [2026-05-14 19:23:00+00:00] Bar filtered (move=0.31, vol=72.0) — thresholds move>3.0, vol>250
2026-05-15 03:24:05,019 | INFO | Polling IG (stream update)...
2026-05-15 03:24:05,297 | INFO | [2026-05-14 19:24:00+00:00] Bar filtered (move=0.06, vol=8.0) — thresholds move>3.0, vol>250
2026-05-15 03:24:30,524 | INFO | Account Update: Equity=624.64, P&L=0.0
2026-05-15 03:24:30,525 | INFO | Polling IG (stream update)...
2026-05-15 03:24:30,836 | INFO | [2026-05-14 19:24:00+00:00] Bar filtered (move=0.07, vol=48.0) — thresholds move>3.0, vol>250
2026-05-15 03:25:05,318 | INFO | Polling IG (stream update)...
2026-05-15 03:25:05,633 | INFO | [2026-05-14 19:25:00+00:00] Bar filtered (move=0.10, vol=17.0) — thresholds move>3.0, vol>250
2026-05-15 03:25:30,343 | INFO | Account Update: Equity=624.64, P&L=0.0
2026-05-15 03:25:30,343 | INFO | Polling IG (stream update)...
2026-05-15 03:25:30,646 | INFO | [2026-05-14 19:25:00+00:00] Bar filtered (move=0.62, vol=79.0) — thresholds move>3.0, vol>250
2026-05-15 03:26:05,112 | INFO | Polling IG (stream update)...
2026-05-15 03:26:05,450 | INFO | [2026-05-14 19:26:00+00:00] Bar filtered (move=0.03, vol=8.0) — thresholds move>3.0, vol>250
2026-05-15 03:26:30,711 | INFO | Account Update: Equity=624.64, P&L=0.0
2026-05-15 03:26:30,712 | INFO | Polling IG (stream update)...
2026-05-15 03:26:31,059 | INFO | [2026-05-14 19:26:00+00:00] Bar filtered (move=0.29, vol=72.0) — thresholds move>3.0, vol>250
2026-05-15 03:27:05,049 | INFO | Polling IG (stream update)...
2026-05-15 03:27:05,373 | INFO | [2026-05-14 19:27:00+00:00] Bar filtered (move=0.66, vol=25.0) — thresholds move>3.0, vol>250
2026-05-15 03:27:30,603 | INFO | Account Update: Equity=624.64, P&L=0.0
2026-05-15 03:27:30,604 | INFO | Polling IG (stream update)...
2026-05-15 03:27:30,913 | INFO | [2026-05-14 19:27:00+00:00] Bar filtered (move=1.14, vol=86.0) — thresholds move>3.0, vol>250
2026-05-15 03:28:05,389 | INFO | Polling IG (stream update)...
2026-05-15 03:28:05,708 | INFO | [2026-05-14 19:28:00+00:00] Bar filtered (move=0.11, vol=15.0) — thresholds move>3.0, vol>250
2026-05-15 03:28:30,427 | INFO | Account Update: Equity=624.64, P&L=0.0
2026-05-15 03:28:30,428 | INFO | Polling IG (stream update)...
2026-05-15 03:28:30,727 | INFO | [2026-05-14 19:28:00+00:00] Bar filtered (move=0.23, vol=76.0) — thresholds move>3.0, vol>250
2026-05-15 03:29:05,193 | INFO | Polling IG (stream update)...
2026-05-15 03:29:05,505 | INFO | [2026-05-14 19:29:00+00:00] Bar filtered (move=0.40, vol=18.0) — thresholds move>3.0, vol>250
2026-05-15 03:29:30,732 | INFO | Account Update: Equity=624.64, P&L=0.0
2026-05-15 03:29:30,733 | INFO | Polling IG (stream update)...
2026-05-15 03:29:31,040 | INFO | [2026-05-14 19:29:00+00:00] Bar filtered (move=0.61, vol=59.0) — thresholds move>3.0, vol>250
2026-05-15 03:30:05,501 | INFO | Polling IG (stream update)...
2026-05-15 03:30:05,855 | INFO | [2026-05-14 19:30:00+00:00] Bar filtered (move=0.57, vol=53.0) — thresholds move>3.0, vol>250
2026-05-15 03:30:30,751 | INFO | Account Update: Equity=624.64, P&L=0.0
2026-05-15 03:30:30,752 | INFO | Polling IG (stream update)...
2026-05-15 03:30:31,103 | INFO | [2026-05-14 19:30:00+00:00] Bar filtered (move=0.89, vol=166.0) — thresholds move>3.0, vol>250
2026-05-15 03:31:05,062 | INFO | Polling IG (stream update)...
2026-05-15 03:31:05,401 | INFO | [2026-05-14 19:31:00+00:00] Bar filtered (move=0.37, vol=16.0) — thresholds move>3.0, vol>250
2026-05-15 03:31:30,653 | INFO | Account Update: Equity=624.64, P&L=0.0
2026-05-15 03:31:30,654 | INFO | Polling IG (stream update)...
2026-05-15 03:31:30,970 | INFO | [2026-05-14 19:31:00+00:00] Bar filtered (move=1.23, vol=105.0) — thresholds move>3.0, vol>250
2026-05-15 03:32:05,447 | INFO | Polling IG (stream update)...
2026-05-15 03:32:05,775 | INFO | [2026-05-14 19:32:00+00:00] Bar filtered (move=0.53, vol=21.0) — thresholds move>3.0, vol>250
2026-05-15 03:32:30,486 | INFO | Account Update: Equity=624.64, P&L=0.0
2026-05-15 03:32:30,487 | INFO | Polling IG (stream update)...
2026-05-15 03:32:30,791 | INFO | [2026-05-14 19:32:00+00:00] Bar filtered (move=0.10, vol=84.0) — thresholds move>3.0, vol>250
2026-05-15 03:33:05,236 | INFO | Polling IG (stream update)...
2026-05-15 03:33:05,546 | INFO | [2026-05-14 19:33:00+00:00] Bar filtered (move=0.65, vol=23.0) — thresholds move>3.0, vol>250
2026-05-15 03:33:30,792 | INFO | Account Update: Equity=624.64, P&L=0.0
2026-05-15 03:33:30,793 | INFO | Polling IG (stream update)...
2026-05-15 03:33:31,111 | INFO | [2026-05-14 19:33:00+00:00] Bar filtered (move=1.37, vol=121.0) — thresholds move>3.0, vol>250
2026-05-15 03:34:05,046 | INFO | Polling IG (stream update)...
2026-05-15 03:34:05,351 | INFO | [2026-05-14 19:34:00+00:00] Bar filtered (move=0.19, vol=11.0) — thresholds move>3.0, vol>250
2026-05-15 03:34:30,604 | INFO | Account Update: Equity=624.64, P&L=0.0
2026-05-15 03:34:30,604 | INFO | Polling IG (stream update)...
2026-05-15 03:34:30,924 | INFO | [2026-05-14 19:34:00+00:00] Bar filtered (move=0.47, vol=93.0) — thresholds move>3.0, vol>250
2026-05-15 03:35:05,398 | INFO | Polling IG (stream update)...
2026-05-15 03:35:05,697 | INFO | [2026-05-14 19:35:00+00:00] Bar filtered (move=0.55, vol=22.0) — thresholds move>3.0, vol>250
2026-05-15 03:35:30,424 | INFO | Account Update: Equity=624.64, P&L=0.0
2026-05-15 03:35:30,425 | INFO | Polling IG (stream update)...
2026-05-15 03:35:30,718 | INFO | [2026-05-14 19:35:00+00:00] Bar filtered (move=1.02, vol=110.0) — thresholds move>3.0, vol>250
2026-05-15 03:36:05,183 | INFO | Polling IG (stream update)...
2026-05-15 03:36:05,512 | INFO | [2026-05-14 19:36:00+00:00] Bar filtered (move=0.04, vol=22.0) — thresholds move>3.0, vol>250
2026-05-15 03:36:30,730 | INFO | Account Update: Equity=624.64, P&L=0.0
2026-05-15 03:36:30,731 | INFO | Polling IG (stream update)...
2026-05-15 03:36:31,034 | INFO | [2026-05-14 19:36:00+00:00] Bar filtered (move=0.34, vol=86.0) — thresholds move>3.0, vol>250
2026-05-15 03:37:05,026 | INFO | Polling IG (stream update)...
2026-05-15 03:37:05,361 | INFO | [2026-05-14 19:37:00+00:00] Bar filtered (move=0.36, vol=14.0) — thresholds move>3.0, vol>250
2026-05-15 03:37:30,594 | INFO | Account Update: Equity=624.64, P&L=0.0
2026-05-15 03:37:30,596 | INFO | Polling IG (stream update)...
2026-05-15 03:37:30,907 | INFO | [2026-05-14 19:37:00+00:00] Bar filtered (move=1.19, vol=75.0) — thresholds move>3.0, vol>250
2026-05-15 03:38:05,381 | INFO | Polling IG (stream update)...
2026-05-15 03:38:05,714 | INFO | [2026-05-14 19:38:00+00:00] Bar filtered (move=0.13, vol=19.0) — thresholds move>3.0, vol>250
2026-05-15 03:38:30,411 | INFO | Account Update: Equity=624.64, P&L=0.0
2026-05-15 03:38:30,413 | INFO | Polling IG (stream update)...
2026-05-15 03:38:30,714 | INFO | [2026-05-14 19:38:00+00:00] Bar filtered (move=0.32, vol=99.0) — thresholds move>3.0, vol>250
2026-05-15 03:39:05,200 | INFO | Polling IG (stream update)...
2026-05-15 03:39:05,513 | INFO | [2026-05-14 19:39:00+00:00] Bar filtered (move=0.02, vol=33.0) — thresholds move>3.0, vol>250
2026-05-15 03:39:30,736 | INFO | Account Update: Equity=624.64, P&L=0.0
2026-05-15 03:39:30,737 | INFO | Polling IG (stream update)...
2026-05-15 03:39:31,062 | INFO | [2026-05-14 19:39:00+00:00] Bar filtered (move=0.48, vol=151.0) — thresholds move>3.0, vol>250
2026-05-15 03:40:05,007 | INFO | Polling IG (stream update)...
2026-05-15 03:40:05,482 | INFO | [2026-05-14 19:40:00+00:00] Bar filtered (move=0.46, vol=34.0) — thresholds move>3.0, vol>250
2026-05-15 03:40:30,714 | INFO | Account Update: Equity=624.64, P&L=0.0
2026-05-15 03:40:30,715 | INFO | Polling IG (stream update)...
2026-05-15 03:40:31,029 | INFO | [2026-05-14 19:40:00+00:00] Bar filtered (move=0.67, vol=131.0) — thresholds move>3.0, vol>250
2026-05-15 03:41:05,499 | INFO | Polling IG (stream update)...
2026-05-15 03:41:05,879 | INFO | [2026-05-14 19:41:00+00:00] Bar filtered (move=0.13, vol=15.0) — thresholds move>3.0, vol>250
2026-05-15 03:41:30,630 | INFO | Account Update: Equity=624.64, P&L=0.0
2026-05-15 03:41:30,630 | INFO | Polling IG (stream update)...
2026-05-15 03:41:30,937 | INFO | [2026-05-14 19:41:00+00:00] Bar filtered (move=3.21, vol=129.0) — thresholds move>3.0, vol>250
2026-05-15 03:42:05,407 | INFO | Polling IG (stream update)...
2026-05-15 03:42:05,730 | INFO | [2026-05-14 19:42:00+00:00] Bar filtered (move=0.44, vol=32.0) — thresholds move>3.0, vol>250
2026-05-15 03:42:30,503 | INFO | Account Update: Equity=624.64, P&L=0.0
2026-05-15 03:42:30,504 | INFO | Polling IG (stream update)...
2026-05-15 03:42:30,821 | INFO | [2026-05-14 19:42:00+00:00] Bar filtered (move=0.60, vol=152.0) — thresholds move>3.0, vol>250
2026-05-15 03:43:05,300 | INFO | Polling IG (stream update)...
2026-05-15 03:43:05,730 | INFO | [2026-05-14 19:43:00+00:00] Bar filtered (move=0.07, vol=25.0) — thresholds move>3.0, vol>250
2026-05-15 03:43:30,480 | INFO | Account Update: Equity=624.64, P&L=0.0
2026-05-15 03:43:30,480 | INFO | Polling IG (stream update)...
2026-05-15 03:43:30,895 | INFO | [2026-05-14 19:43:00+00:00] Bar filtered (move=0.29, vol=135.0) — thresholds move>3.0, vol>250
2026-05-15 03:44:05,346 | INFO | Polling IG (stream update)...
2026-05-15 03:44:05,660 | INFO | [2026-05-14 19:44:00+00:00] Bar filtered (move=0.58, vol=28.0) — thresholds move>3.0, vol>250
2026-05-15 03:44:30,435 | INFO | Account Update: Equity=624.64, P&L=0.0
2026-05-15 03:44:30,436 | INFO | Polling IG (stream update)...
2026-05-15 03:44:30,858 | INFO | [2026-05-14 19:44:00+00:00] Bar filtered (move=0.20, vol=144.0) — thresholds move>3.0, vol>250
2026-05-15 03:45:05,360 | INFO | Polling IG (stream update)...
2026-05-15 03:45:05,701 | INFO | [2026-05-14 19:45:00+00:00] Bar filtered (move=0.79, vol=34.0) — thresholds move>3.0, vol>250
2026-05-15 03:45:30,489 | INFO | Account Update: Equity=624.64, P&L=0.0
2026-05-15 03:45:30,490 | INFO | Polling IG (stream update)...
2026-05-15 03:45:30,797 | INFO | [2026-05-14 19:45:00+00:00] Bar filtered (move=0.21, vol=162.0) — thresholds move>3.0, vol>250
2026-05-15 03:46:05,259 | INFO | Polling IG (stream update)...
2026-05-15 03:46:05,591 | INFO | [2026-05-14 19:46:00+00:00] Bar filtered (move=0.11, vol=26.0) — thresholds move>3.0, vol>250
2026-05-15 03:46:30,820 | INFO | Account Update: Equity=624.64, P&L=0.0
2026-05-15 03:46:30,821 | INFO | Polling IG (stream update)...
2026-05-15 03:46:31,144 | INFO | [2026-05-14 19:46:00+00:00] Bar filtered (move=2.05, vol=138.0) — thresholds move>3.0, vol>250
2026-05-15 03:47:05,132 | INFO | Polling IG (stream update)...
2026-05-15 03:47:05,454 | INFO | [2026-05-14 19:47:00+00:00] Bar filtered (move=0.31, vol=29.0) — thresholds move>3.0, vol>250
2026-05-15 03:47:30,845 | INFO | Account Update: Equity=624.64, P&L=0.0
2026-05-15 03:47:30,846 | INFO | Polling IG (stream update)...
2026-05-15 03:47:31,158 | INFO | [2026-05-14 19:47:00+00:00] Bar filtered (move=1.36, vol=163.0) — thresholds move>3.0, vol>250
2026-05-15 03:48:05,117 | INFO | Polling IG (stream update)...
2026-05-15 03:48:05,432 | INFO | [2026-05-14 19:48:00+00:00] Bar filtered (move=0.31, vol=27.0) — thresholds move>3.0, vol>250
2026-05-15 03:48:30,635 | INFO | Account Update: Equity=624.64, P&L=0.0
2026-05-15 03:48:30,636 | INFO | Polling IG (stream update)...
2026-05-15 03:48:30,956 | INFO | [2026-05-14 19:48:00+00:00] Bar filtered (move=1.42, vol=126.0) — thresholds move>3.0, vol>250
2026-05-15 03:49:05,444 | INFO | Polling IG (stream update)...
2026-05-15 03:49:06,172 | INFO | [2026-05-14 19:49:00+00:00] Bar filtered (move=0.29, vol=48.0) — thresholds move>3.0, vol>250
2026-05-15 03:49:30,451 | INFO | Account Update: Equity=624.64, P&L=0.0
2026-05-15 03:49:30,452 | INFO | Polling IG (stream update)...
2026-05-15 03:49:30,758 | INFO | [2026-05-14 19:49:00+00:00] Bar filtered (move=0.20, vol=197.0) — thresholds move>3.0, vol>250
2026-05-15 03:50:05,245 | INFO | Polling IG (stream update)...
2026-05-15 03:50:05,562 | INFO | [2026-05-14 19:50:00+00:00] Bar filtered (move=0.43, vol=43.0) — thresholds move>3.0, vol>250
2026-05-15 03:50:30,794 | INFO | Account Update: Equity=624.64, P&L=0.0
2026-05-15 03:50:30,795 | INFO | Polling IG (stream update)...
2026-05-15 03:50:31,115 | INFO | [2026-05-14 19:50:00+00:00] Bar filtered (move=0.76, vol=178.0) — thresholds move>3.0, vol>250
2026-05-15 03:51:05,104 | INFO | Polling IG (stream update)...
2026-05-15 03:51:05,400 | INFO | [2026-05-14 19:51:00+00:00] Bar filtered (move=0.19, vol=34.0) — thresholds move>3.0, vol>250
2026-05-15 03:51:30,620 | INFO | Account Update: Equity=624.64, P&L=0.0
2026-05-15 03:51:30,621 | INFO | Polling IG (stream update)...
2026-05-15 03:51:30,928 | INFO | [2026-05-14 19:51:00+00:00] Bar filtered (move=0.22, vol=146.0) — thresholds move>3.0, vol>250
2026-05-15 03:52:05,408 | INFO | Polling IG (stream update)...
2026-05-15 03:52:05,725 | INFO | [2026-05-14 19:52:00+00:00] Bar filtered (move=0.03, vol=23.0) — thresholds move>3.0, vol>250
2026-05-15 03:52:30,449 | INFO | Account Update: Equity=624.64, P&L=0.0
2026-05-15 03:52:30,450 | INFO | Polling IG (stream update)...
2026-05-15 03:52:30,750 | INFO | [2026-05-14 19:52:00+00:00] Bar filtered (move=0.66, vol=138.0) — thresholds move>3.0, vol>250
2026-05-15 03:53:05,215 | INFO | Polling IG (stream update)...
2026-05-15 03:53:05,547 | INFO | [2026-05-14 19:53:00+00:00] Bar filtered (move=0.35, vol=12.0) — thresholds move>3.0, vol>250
2026-05-15 03:53:30,768 | INFO | Account Update: Equity=624.64, P&L=0.0
2026-05-15 03:53:30,768 | INFO | Polling IG (stream update)...
2026-05-15 03:53:31,084 | INFO | [2026-05-14 19:53:00+00:00] Bar filtered (move=1.00, vol=123.0) — thresholds move>3.0, vol>250
2026-05-15 03:54:05,045 | INFO | Polling IG (stream update)...
2026-05-15 03:54:05,383 | INFO | [2026-05-14 19:54:00+00:00] Bar filtered (move=0.53, vol=29.0) — thresholds move>3.0, vol>250
2026-05-15 03:54:30,603 | INFO | Account Update: Equity=624.64, P&L=0.0
2026-05-15 03:54:30,604 | INFO | Polling IG (stream update)...
2026-05-15 03:54:30,907 | INFO | [2026-05-14 19:54:00+00:00] Bar filtered (move=0.83, vol=165.0) — thresholds move>3.0, vol>250
2026-05-15 03:55:05,377 | INFO | Polling IG (stream update)...
2026-05-15 03:55:05,723 | INFO | [2026-05-14 19:55:00+00:00] Bar filtered (move=0.67, vol=35.0) — thresholds move>3.0, vol>250
2026-05-15 03:55:30,458 | INFO | Account Update: Equity=624.64, P&L=0.0
2026-05-15 03:55:30,458 | INFO | Polling IG (stream update)...
2026-05-15 03:55:30,770 | INFO | [2026-05-14 19:55:00+00:00] Bar filtered (move=1.33, vol=153.0) — thresholds move>3.0, vol>250
2026-05-15 03:56:05,222 | INFO | Polling IG (stream update)...
2026-05-15 03:56:05,539 | INFO | [2026-05-14 19:56:00+00:00] Bar filtered (move=0.65, vol=24.0) — thresholds move>3.0, vol>250
2026-05-15 03:56:30,837 | INFO | Account Update: Equity=624.64, P&L=0.0
2026-05-15 03:56:30,838 | INFO | Polling IG (stream update)...
2026-05-15 03:56:31,169 | INFO | [2026-05-14 19:56:00+00:00] Bar filtered (move=3.22, vol=131.0) — thresholds move>3.0, vol>250
2026-05-15 03:57:05,143 | INFO | Polling IG (stream update)...
2026-05-15 03:57:05,454 | INFO | [2026-05-14 19:57:00+00:00] Bar filtered (move=0.34, vol=24.0) — thresholds move>3.0, vol>250
2026-05-15 03:57:30,696 | INFO | Account Update: Equity=624.64, P&L=0.0
2026-05-15 03:57:30,697 | INFO | Polling IG (stream update)...
2026-05-15 03:57:31,003 | INFO | [2026-05-14 19:57:00+00:00] Bar filtered (move=0.56, vol=134.0) — thresholds move>3.0, vol>250
2026-05-15 03:58:05,476 | INFO | Polling IG (stream update)...
2026-05-15 03:58:05,786 | INFO | [2026-05-14 19:58:00+00:00] Bar filtered (move=0.86, vol=39.0) — thresholds move>3.0, vol>250
2026-05-15 03:58:30,524 | INFO | Account Update: Equity=624.64, P&L=0.0
2026-05-15 03:58:30,525 | INFO | Polling IG (stream update)...
2026-05-15 03:58:30,841 | INFO | [2026-05-14 19:58:00+00:00] Bar filtered (move=1.12, vol=177.0) — thresholds move>3.0, vol>250
2026-05-15 03:59:05,293 | INFO | Polling IG (stream update)...
2026-05-15 03:59:05,599 | INFO | [2026-05-14 19:59:00+00:00] Bar filtered (move=1.00, vol=39.0) — thresholds move>3.0, vol>250
2026-05-15 03:59:30,801 | INFO | Account Update: Equity=624.64, P&L=0.0
2026-05-15 03:59:30,803 | INFO | Polling IG (stream update)...
2026-05-15 03:59:31,102 | INFO | [2026-05-14 19:59:00+00:00] Bar filtered (move=0.58, vol=187.0) — thresholds move>3.0, vol>250
2026-05-15 04:00:05,048 | INFO | Polling IG (stream update)...
2026-05-15 04:00:05,352 | INFO | [2026-05-14 20:00:00+00:00] Bar filtered (move=0.94, vol=32.0) — thresholds move>3.0, vol>250
2026-05-15 04:00:30,597 | INFO | Account Update: Equity=624.64, P&L=0.0
2026-05-15 04:00:30,597 | INFO | Polling IG (stream update)...
2026-05-15 04:00:30,925 | INFO | [2026-05-14 20:00:00+00:00] Bar filtered (move=0.45, vol=89.0) — thresholds move>3.0, vol>250
2026-05-15 04:01:05,355 | INFO | Polling IG (stream update)...
2026-05-15 04:01:05,702 | INFO | [2026-05-14 20:01:00+00:00] Bar filtered (move=0.23, vol=34.0) — thresholds move>3.0, vol>250
2026-05-15 04:01:30,415 | INFO | Account Update: Equity=624.64, P&L=0.0
2026-05-15 04:01:30,415 | INFO | Polling IG (stream update)...
2026-05-15 04:01:30,717 | INFO | [2026-05-14 20:01:00+00:00] Bar filtered (move=0.28, vol=99.0) — thresholds move>3.0, vol>250
2026-05-15 04:02:05,174 | INFO | Polling IG (stream update)...
2026-05-15 04:02:05,489 | INFO | [2026-05-14 20:02:00+00:00] Bar filtered (move=0.56, vol=9.0) — thresholds move>3.0, vol>250
2026-05-15 04:02:30,741 | INFO | Account Update: Equity=624.64, P&L=0.0
2026-05-15 04:02:30,742 | INFO | Polling IG (stream update)...
2026-05-15 04:02:31,082 | INFO | [2026-05-14 20:02:00+00:00] Bar filtered (move=0.27, vol=81.0) — thresholds move>3.0, vol>250
2026-05-15 04:03:05,019 | INFO | Polling IG (stream update)...
2026-05-15 04:03:05,338 | INFO | [2026-05-14 20:03:00+00:00] Bar filtered (move=0.39, vol=21.0) — thresholds move>3.0, vol>250
2026-05-15 04:03:30,579 | INFO | Account Update: Equity=624.64, P&L=0.0
2026-05-15 04:03:30,581 | INFO | Polling IG (stream update)...
2026-05-15 04:03:30,893 | INFO | [2026-05-14 20:03:00+00:00] Bar filtered (move=1.03, vol=90.0) — thresholds move>3.0, vol>250
2026-05-15 04:04:05,336 | INFO | Polling IG (stream update)...
2026-05-15 04:04:05,648 | INFO | [2026-05-14 20:04:00+00:00] Bar filtered (move=0.24, vol=35.0) — thresholds move>3.0, vol>250
2026-05-15 04:04:30,355 | INFO | Account Update: Equity=624.64, P&L=0.0
2026-05-15 04:04:30,356 | INFO | Polling IG (stream update)...
2026-05-15 04:04:30,667 | INFO | [2026-05-14 20:04:00+00:00] Bar filtered (move=1.28, vol=144.0) — thresholds move>3.0, vol>250
2026-05-15 04:05:05,129 | INFO | Polling IG (stream update)...
2026-05-15 04:05:05,438 | INFO | [2026-05-14 20:05:00+00:00] Bar filtered (move=0.41, vol=44.0) — thresholds move>3.0, vol>250
2026-05-15 04:05:30,670 | INFO | Account Update: Equity=624.64, P&L=0.0
2026-05-15 04:05:30,671 | INFO | Polling IG (stream update)...
2026-05-15 04:05:30,976 | INFO | [2026-05-14 20:05:00+00:00] Bar filtered (move=0.51, vol=143.0) — thresholds move>3.0, vol>250
2026-05-15 04:06:05,451 | INFO | Polling IG (stream update)...
2026-05-15 04:06:05,753 | INFO | [2026-05-14 20:06:00+00:00] Bar filtered (move=0.71, vol=18.0) — thresholds move>3.0, vol>250
2026-05-15 04:06:30,478 | INFO | Account Update: Equity=624.64, P&L=0.0
2026-05-15 04:06:30,478 | INFO | Polling IG (stream update)...
2026-05-15 04:06:30,790 | INFO | [2026-05-14 20:06:00+00:00] Bar filtered (move=0.42, vol=105.0) — thresholds move>3.0, vol>250
2026-05-15 04:07:05,244 | INFO | Polling IG (stream update)...
2026-05-15 04:07:05,541 | INFO | [2026-05-14 20:07:00+00:00] Bar filtered (move=0.27, vol=13.0) — thresholds move>3.0, vol>250
2026-05-15 04:07:30,772 | INFO | Account Update: Equity=624.64, P&L=0.0
2026-05-15 04:07:30,772 | INFO | Polling IG (stream update)...
2026-05-15 04:07:31,088 | INFO | [2026-05-14 20:07:00+00:00] Bar filtered (move=0.22, vol=79.0) — thresholds move>3.0, vol>250
2026-05-15 04:08:05,041 | INFO | Polling IG (stream update)...
2026-05-15 04:08:05,343 | INFO | [2026-05-14 20:08:00+00:00] Bar filtered (move=0.00, vol=18.0) — thresholds move>3.0, vol>250
2026-05-15 04:08:30,589 | INFO | Account Update: Equity=624.64, P&L=0.0
2026-05-15 04:08:30,590 | INFO | Polling IG (stream update)...
2026-05-15 04:08:30,895 | INFO | [2026-05-14 20:08:00+00:00] Bar filtered (move=0.33, vol=95.0) — thresholds move>3.0, vol>250
2026-05-15 04:09:05,321 | INFO | Polling IG (stream update)...
2026-05-15 04:09:05,661 | INFO | [2026-05-14 20:09:00+00:00] Bar filtered (move=0.25, vol=13.0) — thresholds move>3.0, vol>250
2026-05-15 04:09:30,406 | INFO | Account Update: Equity=624.64, P&L=0.0
2026-05-15 04:09:30,407 | INFO | Polling IG (stream update)...
2026-05-15 04:09:30,754 | INFO | [2026-05-14 20:09:00+00:00] Bar filtered (move=0.10, vol=66.0) — thresholds move>3.0, vol>250
2026-05-15 04:10:05,210 | INFO | Polling IG (stream update)...
2026-05-15 04:10:05,539 | INFO | [2026-05-14 20:10:00+00:00] Bar filtered (move=0.16, vol=21.0) — thresholds move>3.0, vol>250
2026-05-15 04:10:30,785 | INFO | Account Update: Equity=624.64, P&L=0.0
2026-05-15 04:10:30,786 | INFO | Polling IG (stream update)...
2026-05-15 04:10:31,272 | INFO | [2026-05-14 20:10:00+00:00] Bar filtered (move=1.27, vol=95.0) — thresholds move>3.0, vol>250
