entry_time,exit_time,entry_price,exit_price,pnl,side,pattern,exit_reason,matched_pattern
2025-06-02 09:31:00+00:00,2025-06-02 12:16:00+00:00,3345.63,3356.98,11.349999999999909,1,uptrend_retrace_v15,timeout,uptrend_retrace_v15
2025-06-02 16:54:00+00:00,2025-06-02 18:56:00+00:00,3370.35,3379.3,8.950000000000273,1,uptrend_retrace_v15,timeout,uptrend_retrace_v15
2025-06-04 15:18:00+00:00,2025-06-04 20:02:00+00:00,3371.37,3371.55,0.18000000000029104,1,uptrend_retrace_v15,timeout,uptrend_retrace_v15
2025-06-05 11:37:00+00:00,2025-06-05 12:49:00+00:00,3395.63,3385.8732582042458,-9.756741795754351,1,uptrend_retrace_v15,stop_loss,uptrend_retrace_v15
2025-06-10 07:22:00+00:00,2025-06-10 10:28:00+00:00,3325.06,3333.58,8.519999999999982,1,uptrend_retrace_v15,timeout,uptrend_retrace_v15
2025-06-11 12:52:00+00:00,2025-06-11 12:56:00+00:00,3349.14,3339.3832582042455,-9.756741795754351,1,uptrend_retrace_v15,stop_loss,uptrend_retrace_v15
2025-06-11 18:32:00+00:00,2025-06-11 20:35:00+00:00,3339.93,3354.667064905028,14.737064905028092,1,uptrend_retrace_v15,target_hit,uptrend_retrace_v15
2025-06-11 23:37:00+00:00,2025-06-12 03:56:00+00:00,3364.18,3372.03,7.850000000000364,1,uptrend_retrace_v15,timeout,uptrend_retrace_v15
2025-06-12 08:18:00+00:00,2025-06-12 10:30:00+00:00,3357.47,3380.797064905028,23.327064905028237,1,uptrend_retrace_v15,target_hit,uptrend_retrace_v15
2025-06-12 11:38:00+00:00,2025-06-12 16:25:00+00:00,3375.78,3389.8,14.019999999999982,1,uptrend_retrace_v15,timeout,uptrend_retrace_v15
2025-06-13 00:44:00+00:00,2025-06-13 01:14:00+00:00,3405.15,3424.197064905028,19.047064905028037,1,uptrend_retrace_v15,target_hit,uptrend_retrace_v15
2025-06-13 02:01:00+00:00,2025-06-13 02:41:00+00:00,3427.3,3440.367064905028,13.067064905028019,1,uptrend_retrace_v15,target_hit,uptrend_retrace_v15
2025-06-17 16:27:00+00:00,2025-06-17 19:12:00+00:00,3382.43,3384.55,2.1200000000003456,1,uptrend_retrace_v15,timeout,uptrend_retrace_v15
2025-06-19 07:40:00+00:00,2025-06-19 12:52:00+00:00,3366.13,3369.29,3.1599999999998545,1,uptrend_retrace_v15,timeout,uptrend_retrace_v15
2025-06-20 14:22:00+00:00,2025-06-20 16:44:00+00:00,3367.28,3372.98,5.699999999999818,1,uptrend_retrace_v15,timeout,uptrend_retrace_v15
2025-06-23 09:32:00+00:00,2025-06-23 11:19:00+00:00,3363.9,3377.287064905028,13.387064905027728,1,uptrend_retrace_v15,target_hit,uptrend_retrace_v15
2025-06-23 11:25:00+00:00,2025-06-23 12:16:00+00:00,3376.35,3366.5932582042456,-9.756741795754351,1,uptrend_retrace_v15,stop_loss,uptrend_retrace_v15
2025-06-23 14:03:00+00:00,2025-06-23 14:06:00+00:00,3382.03,3372.273258204246,-9.756741795754351,1,uptrend_retrace_v15,stop_loss,uptrend_retrace_v15
2025-06-23 14:07:00+00:00,2025-06-23 16:39:00+00:00,3370.43,3388.58,18.15000000000009,1,uptrend_retrace_v15,timeout,uptrend_retrace_v15
2025-06-24 01:03:00+00:00,2025-06-24 05:25:00+00:00,3348.25,3338.4932582042456,-9.756741795754351,1,uptrend_retrace_v15,stop_loss,uptrend_retrace_v15
2025-06-24 15:28:00+00:00,2025-06-24 22:01:00+00:00,3311.82,3324.28,12.460000000000036,1,uptrend_retrace_v15,timeout,uptrend_retrace_v15
2025-06-25 17:35:00+00:00,2025-06-25 20:00:00+00:00,3326.88,3333.93,7.049999999999727,1,uptrend_retrace_v15,timeout,uptrend_retrace_v15
2025-06-26 15:52:00+00:00,2025-06-26 18:23:00+00:00,3324.96,3333.21,8.25,1,uptrend_retrace_v15,timeout,uptrend_retrace_v15
2025-06-27 15:51:00+00:00,2025-06-27 19:34:00+00:00,3275.43,3270.09,-5.339999999999691,1,uptrend_retrace_v15,timeout,uptrend_retrace_v15
2025-06-29 22:41:00+00:00,2025-06-30 02:01:00+00:00,3263.08,3277.697064905028,14.6170649050282,1,uptrend_retrace_v15,target_hit,uptrend_retrace_v15
2025-06-30 04:25:00+00:00,2025-06-30 05:53:00+00:00,3277.9,3291.197064905028,13.297064905028037,1,uptrend_retrace_v15,target_hit,uptrend_retrace_v15
2025-07-01 07:42:00+00:00,2025-07-01 09:42:00+00:00,3334.33,3345.83,11.5,1,uptrend_retrace_v15,timeout,uptrend_retrace_v15
2025-07-02 11:19:00+00:00,2025-07-02 13:19:00+00:00,3342.28,3343.15,0.8699999999998909,1,uptrend_retrace_v15,timeout,uptrend_retrace_v15
2025-07-03 13:07:00+00:00,2025-07-03 18:26:00+00:00,3327.77,3328.79,1.0199999999999818,1,uptrend_retrace_v15,timeout,uptrend_retrace_v15
2025-07-07 01:48:00+00:00,2025-07-07 02:33:00+00:00,3320.23,3310.4732582042457,-9.756741795754351,1,uptrend_retrace_v15,stop_loss,uptrend_retrace_v15
2025-07-07 15:07:00+00:00,2025-07-07 17:03:00+00:00,3316.94,3330.007064905028,13.067064905028019,1,uptrend_retrace_v15,target_hit,uptrend_retrace_v15
2025-07-07 18:07:00+00:00,2025-07-07 20:29:00+00:00,3329.27,3336.25,6.980000000000018,1,uptrend_retrace_v15,timeout,uptrend_retrace_v15
2025-07-08 16:23:00+00:00,2025-07-08 19:02:00+00:00,3300.61,3305.23,4.619999999999891,1,uptrend_retrace_v15,timeout,uptrend_retrace_v15
2025-07-11 13:49:00+00:00,2025-07-11 15:19:00+00:00,3352.0,3366.687064905028,14.68706490502791,1,uptrend_retrace_v15,target_hit,uptrend_retrace_v15
2025-07-14 07:17:00+00:00,2025-07-14 11:27:00+00:00,3367.79,3370.42,2.630000000000109,1,uptrend_retrace_v15,timeout,uptrend_retrace_v15
2025-07-16 15:56:00+00:00,2025-07-16 19:06:00+00:00,3343.57,3349.02,5.449999999999818,1,uptrend_retrace_v15,timeout,uptrend_retrace_v15
2025-07-17 14:08:00+00:00,2025-07-17 16:22:00+00:00,3323.38,3338.2,14.819999999999709,1,uptrend_retrace_v15,timeout,uptrend_retrace_v15
2025-07-21 13:58:00+00:00,2025-07-21 16:06:00+00:00,3388.18,3397.67,9.490000000000236,1,uptrend_retrace_v15,timeout,uptrend_retrace_v15
2025-07-22 14:01:00+00:00,2025-07-22 14:33:00+00:00,3406.92,3427.207064905028,20.28706490502782,1,uptrend_retrace_v15,target_hit,uptrend_retrace_v15
2025-07-22 15:44:00+00:00,2025-07-22 19:14:00+00:00,3425.32,3429.84,4.519999999999982,1,uptrend_retrace_v15,timeout,uptrend_retrace_v15
2025-07-23 14:06:00+00:00,2025-07-23 15:47:00+00:00,3418.55,3408.793258204246,-9.756741795754351,1,uptrend_retrace_v15,stop_loss,uptrend_retrace_v15
2025-07-24 13:58:00+00:00,2025-07-24 19:10:00+00:00,3366.97,3371.98,5.010000000000218,1,uptrend_retrace_v15,timeout,uptrend_retrace_v15
2025-07-28 14:46:00+00:00,2025-07-28 18:13:00+00:00,3314.09,3310.51,-3.5799999999999272,1,uptrend_retrace_v15,timeout,uptrend_retrace_v15
2025-07-29 17:05:00+00:00,2025-07-29 19:07:00+00:00,3324.09,3326.22,2.1299999999996544,1,uptrend_retrace_v15,timeout,uptrend_retrace_v15
2025-07-30 23:32:00+00:00,2025-07-31 01:50:00+00:00,3281.17,3289.58,8.409999999999854,1,uptrend_retrace_v15,timeout,uptrend_retrace_v15
2025-08-01 12:53:00+00:00,2025-08-01 13:16:00+00:00,3337.61,3352.947064905028,15.337064905028,1,uptrend_retrace_v15,target_hit,uptrend_retrace_v15
2025-08-01 13:38:00+00:00,2025-08-01 18:35:00+00:00,3343.8,3348.54,4.739999999999782,1,uptrend_retrace_v15,timeout,uptrend_retrace_v15
2025-08-05 12:31:00+00:00,2025-08-05 13:36:00+00:00,3362.96,3377.877064905028,14.917064905027928,1,uptrend_retrace_v15,target_hit,uptrend_retrace_v15
2025-08-05 13:55:00+00:00,2025-08-05 15:50:00+00:00,3373.67,3389.817064905028,16.147064905027946,1,uptrend_retrace_v15,target_hit,uptrend_retrace_v15
2025-08-06 15:37:00+00:00,2025-08-06 17:43:00+00:00,3373.35,3375.28,1.930000000000291,1,uptrend_retrace_v15,timeout,uptrend_retrace_v15
2025-08-07 08:06:00+00:00,2025-08-07 08:20:00+00:00,3387.59,3377.833258204246,-9.756741795754351,1,uptrend_retrace_v15,stop_loss,uptrend_retrace_v15
2025-08-07 13:55:00+00:00,2025-08-07 14:08:00+00:00,3389.85,3380.0932582042456,-9.756741795754351,1,uptrend_retrace_v15,stop_loss,uptrend_retrace_v15
2025-08-07 14:34:00+00:00,2025-08-07 16:58:00+00:00,3384.36,3388.73,4.369999999999891,1,uptrend_retrace_v15,timeout,uptrend_retrace_v15
2025-08-07 17:08:00+00:00,2025-08-07 19:37:00+00:00,3386.82,3397.84,11.019999999999982,1,uptrend_retrace_v15,timeout,uptrend_retrace_v15
2025-08-08 03:34:00+00:00,2025-08-08 09:12:00+00:00,3393.4,3397.42,4.019999999999982,1,uptrend_retrace_v15,timeout,uptrend_retrace_v15
2025-08-08 12:49:00+00:00,2025-08-08 14:09:00+00:00,3394.28,3384.523258204246,-9.756741795754351,1,uptrend_retrace_v15,stop_loss,uptrend_retrace_v15
2025-08-08 15:01:00+00:00,2025-08-08 17:59:00+00:00,3392.32,3382.563258204246,-9.756741795754351,1,uptrend_retrace_v15,stop_loss,uptrend_retrace_v15
2025-08-08 18:19:00+00:00,2025-08-10 22:01:00+00:00,3395.04,3403.11,8.070000000000164,1,uptrend_retrace_v15,timeout,uptrend_retrace_v15
2025-08-11 04:18:00+00:00,2025-08-11 06:18:00+00:00,3379.39,3373.47,-5.920000000000073,1,uptrend_retrace_v15,timeout,uptrend_retrace_v15
2025-08-12 15:13:00+00:00,2025-08-12 17:26:00+00:00,3343.43,3348.44,5.010000000000218,1,uptrend_retrace_v15,timeout,uptrend_retrace_v15
2025-08-14 09:10:00+00:00,2025-08-14 11:58:00+00:00,3352.81,3355.06,2.25,1,uptrend_retrace_v15,timeout,uptrend_retrace_v15
2025-08-20 13:50:00+00:00,2025-08-20 17:49:00+00:00,3341.43,3346.27,4.8400000000001455,1,uptrend_retrace_v15,timeout,uptrend_retrace_v15
2025-08-21 12:02:00+00:00,2025-08-21 17:27:00+00:00,3335.9,3339.57,3.6700000000000728,1,uptrend_retrace_v15,timeout,uptrend_retrace_v15
2025-08-22 13:47:00+00:00,2025-08-22 14:00:00+00:00,3332.56,3345.627064905028,13.067064905028019,1,uptrend_retrace_v15,target_hit,uptrend_retrace_v15
2025-08-22 15:48:00+00:00,2025-08-22 18:58:00+00:00,3369.84,3372.62,2.7799999999997453,1,uptrend_retrace_v15,timeout,uptrend_retrace_v15
2025-08-26 01:20:00+00:00,2025-08-26 06:11:00+00:00,3373.64,3376.36,2.7200000000002547,1,uptrend_retrace_v15,timeout,uptrend_retrace_v15
2025-08-26 16:57:00+00:00,2025-08-26 20:37:00+00:00,3383.46,3390.28,6.820000000000164,1,uptrend_retrace_v15,timeout,uptrend_retrace_v15
2025-08-27 15:27:00+00:00,2025-08-27 17:54:00+00:00,3387.08,3395.29,8.210000000000036,1,uptrend_retrace_v15,timeout,uptrend_retrace_v15
2025-08-28 15:22:00+00:00,2025-08-28 17:48:00+00:00,3407.04,3416.18,9.139999999999873,1,uptrend_retrace_v15,timeout,uptrend_retrace_v15
2025-08-29 17:49:00+00:00,2025-08-29 20:44:00+00:00,3444.09,3449.16,5.069999999999709,1,uptrend_retrace_v15,timeout,uptrend_retrace_v15
2025-09-01 02:12:00+00:00,2025-09-01 02:47:00+00:00,3459.71,3477.297064905028,17.587064905028,1,uptrend_retrace_v15,target_hit,uptrend_retrace_v15
2025-09-01 03:09:00+00:00,2025-09-01 08:58:00+00:00,3476.34,3476.76,0.42000000000007276,1,uptrend_retrace_v15,timeout,uptrend_retrace_v15
2025-09-02 01:50:00+00:00,2025-09-02 05:38:00+00:00,3494.35,3496.46,2.1100000000001273,1,uptrend_retrace_v15,timeout,uptrend_retrace_v15
2025-09-02 10:11:00+00:00,2025-09-02 14:47:00+00:00,3482.86,3514.207064905028,31.347064905027764,1,uptrend_retrace_v15,target_hit,uptrend_retrace_v15
2025-09-03 13:37:00+00:00,2025-09-03 17:00:00+00:00,3553.97,3573.3270649050282,19.357064905028437,1,uptrend_retrace_v15,target_hit,uptrend_retrace_v15
2025-09-04 03:19:00+00:00,2025-09-04 12:05:00+00:00,3523.67,3546.3,22.63000000000011,1,uptrend_retrace_v15,timeout,uptrend_retrace_v15
2025-09-04 13:43:00+00:00,2025-09-04 14:00:00+00:00,3551.25,3541.4932582042456,-9.756741795754351,1,uptrend_retrace_v15,stop_loss,uptrend_retrace_v15
2025-09-04 15:37:00+00:00,2025-09-04 19:33:00+00:00,3547.61,3549.26,1.650000000000091,1,uptrend_retrace_v15,timeout,uptrend_retrace_v15
2025-09-05 12:48:00+00:00,2025-09-05 13:48:00+00:00,3572.44,3592.997064905028,20.5570649050278,1,uptrend_retrace_v15,target_hit,uptrend_retrace_v15
2025-09-05 14:30:00+00:00,2025-09-05 18:00:00+00:00,3579.59,3595.49,15.899999999999636,1,uptrend_retrace_v15,timeout,uptrend_retrace_v15
2025-09-08 07:53:00+00:00,2025-09-08 13:10:00+00:00,3608.25,3630.297064905028,22.047064905028037,1,uptrend_retrace_v15,target_hit,uptrend_retrace_v15
2025-09-08 13:30:00+00:00,2025-09-08 15:05:00+00:00,3624.52,3645.157064905028,20.637064905028183,1,uptrend_retrace_v15,target_hit,uptrend_retrace_v15
2025-09-08 15:30:00+00:00,2025-09-08 17:39:00+00:00,3636.96,3636.54,-0.42000000000007276,1,uptrend_retrace_v15,timeout,uptrend_retrace_v15
2025-09-09 02:53:00+00:00,2025-09-09 06:06:00+00:00,3649.04,3642.07,-6.9699999999998,1,uptrend_retrace_v15,timeout,uptrend_retrace_v15
2025-09-09 06:44:00+00:00,2025-09-09 11:41:00+00:00,3649.57,3652.81,3.2399999999997817,1,uptrend_retrace_v15,timeout,uptrend_retrace_v15
2025-09-09 14:04:00+00:00,2025-09-09 14:07:00+00:00,3657.88,3648.1232582042458,-9.756741795754351,1,uptrend_retrace_v15,stop_loss,uptrend_retrace_v15
2025-09-09 15:25:00+00:00,2025-09-09 18:20:00+00:00,3639.66,3644.06,4.400000000000091,1,uptrend_retrace_v15,timeout,uptrend_retrace_v15
2025-09-11 13:01:00+00:00,2025-09-11 13:21:00+00:00,3630.46,3620.7032582042457,-9.756741795754351,1,uptrend_retrace_v15,stop_loss,uptrend_retrace_v15
2025-09-11 13:23:00+00:00,2025-09-11 17:58:00+00:00,3627.03,3635.05,8.019999999999982,1,uptrend_retrace_v15,timeout,uptrend_retrace_v15
2025-09-15 14:00:00+00:00,2025-09-15 15:49:00+00:00,3657.49,3672.207064905028,14.71706490502811,1,uptrend_retrace_v15,target_hit,uptrend_retrace_v15
2025-09-15 18:39:00+00:00,2025-09-15 22:01:00+00:00,3677.34,3680.27,2.9299999999998363,1,uptrend_retrace_v15,timeout,uptrend_retrace_v15
2025-09-17 13:06:00+00:00,2025-09-17 15:59:00+00:00,3673.95,3684.0,10.050000000000182,1,uptrend_retrace_v15,timeout,uptrend_retrace_v15
2025-09-17 19:22:00+00:00,2025-09-18 02:15:00+00:00,3658.51,3661.7,3.1899999999996,1,uptrend_retrace_v15,timeout,uptrend_retrace_v15
2025-09-18 07:19:00+00:00,2025-09-18 09:22:00+00:00,3646.68,3670.557064905028,23.877064905027964,1,uptrend_retrace_v15,target_hit,uptrend_retrace_v15
2025-09-18 14:57:00+00:00,2025-09-18 18:28:00+00:00,3641.98,3642.12,0.13999999999987267,1,uptrend_retrace_v15,timeout,uptrend_retrace_v15
2025-09-19 02:11:00+00:00,2025-09-19 04:07:00+00:00,3644.95,3659.267064905028,14.317064905028019,1,uptrend_retrace_v15,target_hit,uptrend_retrace_v15
2025-09-19 14:20:00+00:00,2025-09-19 15:13:00+00:00,3658.01,3671.737064905028,13.727064905027873,1,uptrend_retrace_v15,target_hit,uptrend_retrace_v15
2025-09-19 15:32:00+00:00,2025-09-19 18:55:00+00:00,3669.23,3683.647064905028,14.417064905027928,1,uptrend_retrace_v15,target_hit,uptrend_retrace_v15
2025-09-22 06:59:00+00:00,2025-09-22 12:07:00+00:00,3714.01,3722.45,8.4399999999996,1,uptrend_retrace_v15,timeout,uptrend_retrace_v15
2025-09-23 06:45:00+00:00,2025-09-23 08:38:00+00:00,3753.52,3766.587064905028,13.067064905028019,1,uptrend_retrace_v15,target_hit,uptrend_retrace_v15
2025-09-23 11:14:00+00:00,2025-09-23 14:18:00+00:00,3780.87,3771.1132582042455,-9.756741795754351,1,uptrend_retrace_v15,stop_loss,uptrend_retrace_v15
2025-09-24 03:37:00+00:00,2025-09-24 08:57:00+00:00,3764.43,3770.3,5.870000000000346,1,uptrend_retrace_v15,timeout,uptrend_retrace_v15
2025-09-24 19:48:00+00:00,2025-09-25 04:44:00+00:00,3730.71,3739.66,8.949999999999818,1,uptrend_retrace_v15,timeout,uptrend_retrace_v15
2025-09-25 08:32:00+00:00,2025-09-25 11:06:00+00:00,3755.19,3745.4332582042457,-9.756741795754351,1,uptrend_retrace_v15,stop_loss,uptrend_retrace_v15
2025-09-25 15:43:00+00:00,2025-09-25 18:37:00+00:00,3735.98,3754.257064905028,18.277064905028055,1,uptrend_retrace_v15,target_hit,uptrend_retrace_v15
2025-09-26 04:19:00+00:00,2025-09-26 08:41:00+00:00,3747.76,3754.42,6.6599999999998545,1,uptrend_retrace_v15,timeout,uptrend_retrace_v15
2025-09-26 13:22:00+00:00,2025-09-26 14:09:00+00:00,3760.39,3773.707064905028,13.317064905028019,1,uptrend_retrace_v15,target_hit,uptrend_retrace_v15
2025-09-26 14:46:00+00:00,2025-09-26 19:12:00+00:00,3776.13,3774.87,-1.2600000000002183,1,uptrend_retrace_v15,timeout,uptrend_retrace_v15
2025-09-29 01:24:00+00:00,2025-09-29 02:21:00+00:00,3774.02,3796.887064905028,22.8670649050282,1,uptrend_retrace_v15,target_hit,uptrend_retrace_v15
2025-09-29 02:26:00+00:00,2025-09-29 04:40:00+00:00,3792.45,3807.117064905028,14.667064905028383,1,uptrend_retrace_v15,target_hit,uptrend_retrace_v15
2025-09-29 05:11:00+00:00,2025-09-29 06:43:00+00:00,3804.74,3819.927064905028,15.187064905028365,1,uptrend_retrace_v15,target_hit,uptrend_retrace_v15
2025-09-29 07:29:00+00:00,2025-09-29 10:22:00+00:00,3814.37,3813.13,-1.2399999999997817,1,uptrend_retrace_v15,timeout,uptrend_retrace_v15
2025-09-29 13:18:00+00:00,2025-09-29 17:35:00+00:00,3820.51,3825.95,5.4399999999996,1,uptrend_retrace_v15,timeout,uptrend_retrace_v15
2025-09-30 02:11:00+00:00,2025-09-30 03:34:00+00:00,3846.57,3860.097064905028,13.527064905028055,1,uptrend_retrace_v15,target_hit,uptrend_retrace_v15
2025-09-30 06:18:00+00:00,2025-09-30 06:57:00+00:00,3865.34,3855.583258204246,-9.756741795754351,1,uptrend_retrace_v15,stop_loss,uptrend_retrace_v15
2025-09-30 08:48:00+00:00,2025-09-30 09:08:00+00:00,3821.95,3812.1932582042455,-9.756741795754351,1,uptrend_retrace_v15,stop_loss,uptrend_retrace_v15
2025-09-30 10:22:00+00:00,2025-09-30 13:52:00+00:00,3808.82,3830.097064905028,21.277064905028055,1,uptrend_retrace_v15,target_hit,uptrend_retrace_v15
2025-09-30 13:55:00+00:00,2025-09-30 14:09:00+00:00,3825.11,3838.667064905028,13.5570649050278,1,uptrend_retrace_v15,target_hit,uptrend_retrace_v15
2025-09-30 15:09:00+00:00,2025-10-01 00:38:00+00:00,3836.47,3860.09,23.620000000000346,1,uptrend_retrace_v15,timeout,uptrend_retrace_v15
2025-10-01 07:44:00+00:00,2025-10-01 08:02:00+00:00,3869.48,3882.547064905028,13.067064905028019,1,uptrend_retrace_v15,target_hit,uptrend_retrace_v15
2025-10-02 15:45:00+00:00,2025-10-02 22:01:00+00:00,3835.08,3856.64,21.559999999999945,1,uptrend_retrace_v15,timeout,uptrend_retrace_v15
2025-10-03 05:18:00+00:00,2025-10-03 08:06:00+00:00,3853.37,3864.44,11.070000000000164,1,uptrend_retrace_v15,timeout,uptrend_retrace_v15
2025-10-03 13:51:00+00:00,2025-10-03 14:09:00+00:00,3881.64,3871.8832582042455,-9.756741795754351,1,uptrend_retrace_v15,stop_loss,uptrend_retrace_v15
2025-10-03 14:10:00+00:00,2025-10-03 20:14:00+00:00,3875.78,3885.0,9.2199999999998,1,uptrend_retrace_v15,timeout,uptrend_retrace_v15
2025-10-06 00:08:00+00:00,2025-10-06 01:58:00+00:00,3904.84,3917.907064905028,13.067064905028019,1,uptrend_retrace_v15,target_hit,uptrend_retrace_v15
2025-10-06 05:32:00+00:00,2025-10-06 06:06:00+00:00,3932.63,3922.8732582042458,-9.756741795754351,1,uptrend_retrace_v15,stop_loss,uptrend_retrace_v15
2025-10-06 07:49:00+00:00,2025-10-06 10:58:00+00:00,3938.42,3942.69,4.269999999999982,1,uptrend_retrace_v15,timeout,uptrend_retrace_v15
2025-10-06 14:07:00+00:00,2025-10-06 14:42:00+00:00,3942.91,3957.277064905028,14.3670649050282,1,uptrend_retrace_v15,target_hit,uptrend_retrace_v15
2025-10-06 15:10:00+00:00,2025-10-06 16:06:00+00:00,3951.6,3965.687064905028,14.087064905028,1,uptrend_retrace_v15,target_hit,uptrend_retrace_v15
2025-10-06 16:13:00+00:00,2025-10-06 22:01:00+00:00,3952.39,3958.91,6.519999999999982,1,uptrend_retrace_v15,timeout,uptrend_retrace_v15
2025-10-07 09:12:00+00:00,2025-10-07 12:56:00+00:00,3957.42,3980.047064905028,22.627064905027964,1,uptrend_retrace_v15,target_hit,uptrend_retrace_v15
2025-10-07 13:33:00+00:00,2025-10-07 15:46:00+00:00,3977.7,3967.9432582042455,-9.756741795754351,1,uptrend_retrace_v15,stop_loss,uptrend_retrace_v15
2025-10-07 16:57:00+00:00,2025-10-07 22:19:00+00:00,3977.81,3989.0,11.190000000000055,1,uptrend_retrace_v15,timeout,uptrend_retrace_v15
2025-10-08 06:03:00+00:00,2025-10-08 09:54:00+00:00,4027.96,4046.277064905028,18.31706490502802,1,uptrend_retrace_v15,target_hit,uptrend_retrace_v15
2025-10-08 14:34:00+00:00,2025-10-08 16:33:00+00:00,4043.72,4058.307064905028,14.587064905028,1,uptrend_retrace_v15,target_hit,uptrend_retrace_v15
2025-10-08 19:27:00+00:00,2025-10-08 19:36:00+00:00,4048.26,4038.503258204246,-9.756741795754351,1,uptrend_retrace_v15,stop_loss,uptrend_retrace_v15
2025-10-09 02:00:00+00:00,2025-10-09 02:06:00+00:00,4020.27,4010.5132582042456,-9.756741795754351,1,uptrend_retrace_v15,stop_loss,uptrend_retrace_v15
2025-10-09 02:51:00+00:00,2025-10-09 05:32:00+00:00,4019.03,4042.707064905028,23.67706490502769,1,uptrend_retrace_v15,target_hit,uptrend_retrace_v15
2025-10-09 18:33:00+00:00,2025-10-09 19:30:00+00:00,3964.05,3979.107064905028,15.0570649050278,1,uptrend_retrace_v15,target_hit,uptrend_retrace_v15
2025-10-09 22:10:00+00:00,2025-10-09 22:12:00+00:00,3975.72,3965.9632582042454,-9.756741795754351,1,uptrend_retrace_v15,stop_loss,uptrend_retrace_v15
2025-10-09 22:13:00+00:00,2025-10-10 00:17:00+00:00,3963.01,3992.867064905028,29.857064905027983,1,uptrend_retrace_v15,target_hit,uptrend_retrace_v15
2025-10-10 01:37:00+00:00,2025-10-10 03:26:00+00:00,3976.7,3966.9432582042455,-9.756741795754351,1,uptrend_retrace_v15,stop_loss,uptrend_retrace_v15
2025-10-10 04:47:00+00:00,2025-10-10 07:08:00+00:00,3964.83,3955.0732582042456,-9.756741795754351,1,uptrend_retrace_v15,stop_loss,uptrend_retrace_v15
2025-10-10 07:21:00+00:00,2025-10-10 08:09:00+00:00,3964.91,3985.197064905028,20.287064905028274,1,uptrend_retrace_v15,target_hit,uptrend_retrace_v15
2025-10-10 15:47:00+00:00,2025-10-10 16:06:00+00:00,3998.2,3988.4432582042455,-9.756741795754351,1,uptrend_retrace_v15,stop_loss,uptrend_retrace_v15
2025-10-10 16:10:00+00:00,2025-10-10 16:19:00+00:00,3990.38,3980.6232582042458,-9.756741795754351,1,uptrend_retrace_v15,stop_loss,uptrend_retrace_v15
2025-10-10 16:42:00+00:00,2025-10-10 16:46:00+00:00,3991.48,3981.7232582042457,-9.756741795754351,1,uptrend_retrace_v15,stop_loss,uptrend_retrace_v15
2025-10-10 17:36:00+00:00,2025-10-12 22:03:00+00:00,3989.09,4013.5,24.409999999999854,1,uptrend_retrace_v15,timeout,uptrend_retrace_v15
2025-10-12 22:09:00+00:00,2025-10-12 22:12:00+00:00,4014.33,4027.397064905028,13.067064905028019,1,uptrend_retrace_v15,target_hit,uptrend_retrace_v15
2025-10-12 23:58:00+00:00,2025-10-13 00:39:00+00:00,4033.77,4049.567064905028,15.797064905028037,1,uptrend_retrace_v15,target_hit,uptrend_retrace_v15
2025-10-13 01:00:00+00:00,2025-10-13 05:18:00+00:00,4044.02,4066.537064905028,22.517064905027837,1,uptrend_retrace_v15,target_hit,uptrend_retrace_v15
2025-10-13 05:57:00+00:00,2025-10-13 09:59:00+00:00,4066.97,4077.08,10.110000000000127,1,uptrend_retrace_v15,timeout,uptrend_retrace_v15
2025-10-13 15:01:00+00:00,2025-10-13 16:08:00+00:00,4097.62,4110.687064905028,13.067064905028019,1,uptrend_retrace_v15,target_hit,uptrend_retrace_v15
2025-10-13 20:35:00+00:00,2025-10-13 22:41:00+00:00,4109.21,4107.94,-1.2700000000004366,1,uptrend_retrace_v15,timeout,uptrend_retrace_v15
2025-10-14 00:04:00+00:00,2025-10-14 01:11:00+00:00,4123.65,4137.177064905028,13.527064905028055,1,uptrend_retrace_v15,target_hit,uptrend_retrace_v15
2025-10-14 01:41:00+00:00,2025-10-14 03:16:00+00:00,4140.32,4156.817064905028,16.49706490502831,1,uptrend_retrace_v15,target_hit,uptrend_retrace_v15
2025-10-14 06:04:00+00:00,2025-10-14 06:05:00+00:00,4133.28,4123.523258204245,-9.756741795754351,1,uptrend_retrace_v15,stop_loss,uptrend_retrace_v15
2025-10-14 06:58:00+00:00,2025-10-14 08:25:00+00:00,4110.77,4141.707064905028,30.93706490502791,1,uptrend_retrace_v15,target_hit,uptrend_retrace_v15
2025-10-14 09:47:00+00:00,2025-10-14 09:56:00+00:00,4132.65,4122.893258204245,-9.756741795754351,1,uptrend_retrace_v15,stop_loss,uptrend_retrace_v15
2025-10-14 09:57:00+00:00,2025-10-14 12:32:00+00:00,4122.44,4112.683258204245,-9.756741795754351,1,uptrend_retrace_v15,stop_loss,uptrend_retrace_v15
2025-10-14 13:40:00+00:00,2025-10-14 16:48:00+00:00,4120.12,4149.607064905028,29.48706490502809,1,uptrend_retrace_v15,target_hit,uptrend_retrace_v15
2025-10-14 16:58:00+00:00,2025-10-14 19:37:00+00:00,4145.61,4135.853258204245,-9.756741795754351,1,uptrend_retrace_v15,stop_loss,uptrend_retrace_v15
2025-10-14 23:59:00+00:00,2025-10-15 01:05:00+00:00,4161.03,4176.127064905028,15.097064905028674,1,uptrend_retrace_v15,target_hit,uptrend_retrace_v15
2025-10-15 02:13:00+00:00,2025-10-15 02:32:00+00:00,4179.66,4169.9032582042455,-9.756741795754351,1,uptrend_retrace_v15,stop_loss,uptrend_retrace_v15
2025-10-15 02:33:00+00:00,2025-10-15 06:58:00+00:00,4172.96,4200.247064905028,27.287064905028274,1,uptrend_retrace_v15,target_hit,uptrend_retrace_v15
2025-10-15 09:13:00+00:00,2025-10-15 09:16:00+00:00,4206.19,4196.433258204245,-9.756741795754351,1,uptrend_retrace_v15,stop_loss,uptrend_retrace_v15
2025-10-15 09:25:00+00:00,2025-10-15 14:11:00+00:00,4184.75,4210.307064905028,25.5570649050278,1,uptrend_retrace_v15,target_hit,uptrend_retrace_v15
2025-10-15 18:14:00+00:00,2025-10-15 22:01:00+00:00,4199.28,4212.24,12.960000000000036,1,uptrend_retrace_v15,timeout,uptrend_retrace_v15
2025-10-15 22:09:00+00:00,2025-10-16 00:17:00+00:00,4207.39,4216.09,8.699999999999818,1,uptrend_retrace_v15,timeout,uptrend_retrace_v15
2025-10-16 01:50:00+00:00,2025-10-16 03:00:00+00:00,4225.81,4240.267064905028,14.457064905027437,1,uptrend_retrace_v15,target_hit,uptrend_retrace_v15
2025-10-16 06:24:00+00:00,2025-10-16 06:46:00+00:00,4227.44,4217.683258204245,-9.756741795754351,1,uptrend_retrace_v15,stop_loss,uptrend_retrace_v15
2025-10-16 07:01:00+00:00,2025-10-16 10:58:00+00:00,4225.41,4245.207064905028,19.797064905028492,1,uptrend_retrace_v15,target_hit,uptrend_retrace_v15
2025-10-16 13:02:00+00:00,2025-10-16 14:06:00+00:00,4244.22,4260.657064905028,16.43706490502791,1,uptrend_retrace_v15,target_hit,uptrend_retrace_v15
2025-10-16 14:26:00+00:00,2025-10-16 15:37:00+00:00,4258.72,4273.477064905028,14.757064905027619,1,uptrend_retrace_v15,target_hit,uptrend_retrace_v15
2025-10-16 16:38:00+00:00,2025-10-16 17:34:00+00:00,4270.6,4296.697064905028,26.097064905027764,1,uptrend_retrace_v15,target_hit,uptrend_retrace_v15
2025-10-16 17:47:00+00:00,2025-10-16 18:15:00+00:00,4287.77,4278.013258204246,-9.756741795754351,1,uptrend_retrace_v15,stop_loss,uptrend_retrace_v15
2025-10-16 18:16:00+00:00,2025-10-16 19:54:00+00:00,4281.65,4304.767064905028,23.1170649050282,1,uptrend_retrace_v15,target_hit,uptrend_retrace_v15
2025-10-16 20:25:00+00:00,2025-10-16 20:53:00+00:00,4313.84,4326.907064905028,13.067064905028019,1,uptrend_retrace_v15,target_hit,uptrend_retrace_v15
2025-10-16 22:06:00+00:00,2025-10-16 22:08:00+00:00,4333.5,4346.567064905028,13.067064905028019,1,uptrend_retrace_v15,target_hit,uptrend_retrace_v15
2025-10-16 22:53:00+00:00,2025-10-16 23:32:00+00:00,4346.86,4364.717064905028,17.857064905027983,1,uptrend_retrace_v15,target_hit,uptrend_retrace_v15
2025-10-17 01:25:00+00:00,2025-10-17 01:32:00+00:00,4338.4,4328.643258204245,-9.756741795754351,1,uptrend_retrace_v15,stop_loss,uptrend_retrace_v15
2025-10-17 01:59:00+00:00,2025-10-17 04:02:00+00:00,4309.55,4373.697064905028,64.14706490502795,1,uptrend_retrace_v15,target_hit,uptrend_retrace_v15
2025-10-17 17:38:00+00:00,2025-10-17 18:09:00+00:00,4210.01,4238.927064905028,28.917064905027473,1,uptrend_retrace_v15,target_hit,uptrend_retrace_v15
2025-10-17 19:15:00+00:00,2025-10-17 19:19:00+00:00,4223.9,4214.143258204245,-9.756741795754351,1,uptrend_retrace_v15,stop_loss,uptrend_retrace_v15
2025-10-17 19:20:00+00:00,2025-10-17 20:46:00+00:00,4214.25,4248.957064905028,34.707064905028346,1,uptrend_retrace_v15,target_hit,uptrend_retrace_v15
2025-10-20 00:00:00+00:00,2025-10-20 00:12:00+00:00,4238.02,4228.263258204246,-9.756741795754351,1,uptrend_retrace_v15,stop_loss,uptrend_retrace_v15
2025-10-20 01:23:00+00:00,2025-10-20 05:59:00+00:00,4249.56,4239.803258204246,-9.756741795754351,1,uptrend_retrace_v15,stop_loss,uptrend_retrace_v15
2025-10-20 07:31:00+00:00,2025-10-20 11:57:00+00:00,4253.11,4270.897064905028,17.787064905028274,1,uptrend_retrace_v15,target_hit,uptrend_retrace_v15
2025-10-20 14:00:00+00:00,2025-10-20 14:20:00+00:00,4301.03,4331.257064905028,30.227064905027873,1,uptrend_retrace_v15,target_hit,uptrend_retrace_v15
2025-10-20 14:28:00+00:00,2025-10-20 15:03:00+00:00,4325.43,4339.057064905028,13.62706490502751,1,uptrend_retrace_v15,target_hit,uptrend_retrace_v15
2025-10-20 16:29:00+00:00,2025-10-20 18:30:00+00:00,4346.29,4360.3370649050285,14.047064905028492,1,uptrend_retrace_v15,target_hit,uptrend_retrace_v15
2025-10-21 14:47:00+00:00,2025-10-21 14:57:00+00:00,4109.79,4126.387064905028,16.597064905027764,1,uptrend_retrace_v15,target_hit,uptrend_retrace_v15
2025-10-21 22:20:00+00:00,2025-10-21 23:18:00+00:00,4123.81,4114.053258204246,-9.756741795754351,1,uptrend_retrace_v15,stop_loss,uptrend_retrace_v15
2025-10-22 00:15:00+00:00,2025-10-22 00:34:00+00:00,4038.21,4068.007064905028,29.797064905028037,1,uptrend_retrace_v15,target_hit,uptrend_retrace_v15
2025-10-22 00:35:00+00:00,2025-10-22 01:04:00+00:00,4071.09,4098.397064905028,27.3070649050278,1,uptrend_retrace_v15,target_hit,uptrend_retrace_v15
2025-10-22 01:40:00+00:00,2025-10-22 01:40:00+00:00,4093.16,4083.4032582042455,-9.756741795754351,1,uptrend_retrace_v15,stop_loss,uptrend_retrace_v15
2025-10-22 01:41:00+00:00,2025-10-22 03:34:00+00:00,4091.84,4128.617064905028,36.777064905028055,1,uptrend_retrace_v15,target_hit,uptrend_retrace_v15
2025-10-22 03:58:00+00:00,2025-10-22 04:05:00+00:00,4132.62,4122.8632582042455,-9.756741795754351,1,uptrend_retrace_v15,stop_loss,uptrend_retrace_v15
2025-10-22 04:06:00+00:00,2025-10-22 04:11:00+00:00,4124.56,4114.803258204246,-9.756741795754351,1,uptrend_retrace_v15,stop_loss,uptrend_retrace_v15
2025-10-22 04:12:00+00:00,2025-10-22 05:20:00+00:00,4110.81,4145.877064905028,35.06706490502802,1,uptrend_retrace_v15,target_hit,uptrend_retrace_v15
2025-10-22 05:32:00+00:00,2025-10-22 06:36:00+00:00,4136.34,4149.887064905028,13.547064905027582,1,uptrend_retrace_v15,target_hit,uptrend_retrace_v15
2025-10-22 15:22:00+00:00,2025-10-22 15:24:00+00:00,4046.18,4036.4232582042455,-9.756741795754351,1,uptrend_retrace_v15,stop_loss,uptrend_retrace_v15
2025-10-22 15:57:00+00:00,2025-10-22 15:59:00+00:00,4046.62,4036.8632582042455,-9.756741795754351,1,uptrend_retrace_v15,stop_loss,uptrend_retrace_v15
2025-10-22 16:28:00+00:00,2025-10-22 16:32:00+00:00,4044.1,4059.397064905028,15.297064905028037,1,uptrend_retrace_v15,target_hit,uptrend_retrace_v15
2025-10-22 16:35:00+00:00,2025-10-22 16:51:00+00:00,4054.92,4045.1632582042457,-9.756741795754351,1,uptrend_retrace_v15,stop_loss,uptrend_retrace_v15
2025-10-22 16:52:00+00:00,2025-10-22 18:35:00+00:00,4048.66,4080.227064905028,31.56706490502802,1,uptrend_retrace_v15,target_hit,uptrend_retrace_v15
2025-10-24 12:39:00+00:00,2025-10-24 13:06:00+00:00,4078.45,4096.857064905028,18.407064905028165,1,uptrend_retrace_v15,target_hit,uptrend_retrace_v15
2025-10-24 13:41:00+00:00,2025-10-24 13:42:00+00:00,4108.23,4098.473258204245,-9.756741795754351,1,uptrend_retrace_v15,stop_loss,uptrend_retrace_v15
2025-10-24 13:43:00+00:00,2025-10-24 14:12:00+00:00,4101.54,4122.257064905028,20.717064905027655,1,uptrend_retrace_v15,target_hit,uptrend_retrace_v15
2025-10-24 14:48:00+00:00,2025-10-24 14:53:00+00:00,4124.55,4114.793258204246,-9.756741795754351,1,uptrend_retrace_v15,stop_loss,uptrend_retrace_v15
2025-10-24 14:54:00+00:00,2025-10-24 16:28:00+00:00,4115.27,4138.147064905028,22.87706490502751,1,uptrend_retrace_v15,target_hit,uptrend_retrace_v15
2025-10-27 01:33:00+00:00,2025-10-27 02:00:00+00:00,4089.43,4079.6732582042455,-9.756741795754351,1,uptrend_retrace_v15,stop_loss,uptrend_retrace_v15
2025-10-27 17:32:00+00:00,2025-10-27 19:29:00+00:00,4002.9,3993.1432582042457,-9.756741795754351,1,uptrend_retrace_v15,stop_loss,uptrend_retrace_v15
2025-10-28 02:06:00+00:00,2025-10-28 02:22:00+00:00,4007.3,3997.543258204246,-9.756741795754351,1,uptrend_retrace_v15,stop_loss,uptrend_retrace_v15
2025-10-28 23:12:00+00:00,2025-10-28 23:57:00+00:00,3948.45,3965.817064905028,17.3670649050282,1,uptrend_retrace_v15,target_hit,uptrend_retrace_v15
2025-10-30 01:41:00+00:00,2025-10-30 02:04:00+00:00,3949.21,3939.4532582042457,-9.756741795754351,1,uptrend_retrace_v15,stop_loss,uptrend_retrace_v15
2025-10-30 04:19:00+00:00,2025-10-30 04:34:00+00:00,3948.74,3969.357064905028,20.6170649050282,1,uptrend_retrace_v15,target_hit,uptrend_retrace_v15
2025-10-30 05:05:00+00:00,2025-10-30 05:14:00+00:00,3972.14,3962.3832582042455,-9.756741795754351,1,uptrend_retrace_v15,stop_loss,uptrend_retrace_v15
2025-10-30 05:18:00+00:00,2025-10-30 05:26:00+00:00,3959.91,3950.1532582042455,-9.756741795754351,1,uptrend_retrace_v15,stop_loss,uptrend_retrace_v15
2025-10-30 05:27:00+00:00,2025-10-30 09:02:00+00:00,3953.68,3985.487064905028,31.807064905028255,1,uptrend_retrace_v15,target_hit,uptrend_retrace_v15
2025-10-30 14:34:00+00:00,2025-10-30 17:47:00+00:00,3992.67,4016.947064905028,24.277064905028055,1,uptrend_retrace_v15,target_hit,uptrend_retrace_v15
2025-11-03 01:41:00+00:00,2025-11-03 03:02:00+00:00,3993.72,4009.907064905028,16.187064905028365,1,uptrend_retrace_v15,target_hit,uptrend_retrace_v15
2025-11-03 04:20:00+00:00,2025-11-03 07:01:00+00:00,4005.82,4019.227064905028,13.40706490502771,1,uptrend_retrace_v15,target_hit,uptrend_retrace_v15
2025-11-04 15:34:00+00:00,2025-11-04 16:22:00+00:00,3957.05,3975.167064905028,18.117064905027746,1,uptrend_retrace_v15,target_hit,uptrend_retrace_v15
2025-11-05 06:00:00+00:00,2025-11-05 08:05:00+00:00,3965.3,3982.297064905028,16.997064905027855,1,uptrend_retrace_v15,target_hit,uptrend_retrace_v15
2025-11-10 02:07:00+00:00,2025-11-10 04:54:00+00:00,4042.12,4052.47,10.349999999999909,1,uptrend_retrace_v15,timeout,uptrend_retrace_v15
2025-11-11 01:56:00+00:00,2025-11-11 03:16:00+00:00,4132.45,4145.517064905028,13.067064905028019,1,uptrend_retrace_v15,target_hit,uptrend_retrace_v15
2025-11-12 09:28:00+00:00,2025-11-12 11:28:00+00:00,4125.43,4126.09,0.6599999999998545,1,uptrend_retrace_v15,timeout,uptrend_retrace_v15
2025-11-12 15:26:00+00:00,2025-11-12 15:33:00+00:00,4163.53,4176.597064905028,13.067064905028019,1,uptrend_retrace_v15,target_hit,uptrend_retrace_v15
2025-11-12 15:54:00+00:00,2025-11-12 16:07:00+00:00,4176.5,4189.567064905028,13.067064905028019,1,uptrend_retrace_v15,target_hit,uptrend_retrace_v15
2025-11-12 17:19:00+00:00,2025-11-12 18:27:00+00:00,4194.27,4210.897064905028,16.62706490502751,1,uptrend_retrace_v15,target_hit,uptrend_retrace_v15
2025-11-13 06:03:00+00:00,2025-11-13 08:02:00+00:00,4209.89,4224.057064905028,14.167064905027473,1,uptrend_retrace_v15,target_hit,uptrend_retrace_v15
2025-11-13 21:08:00+00:00,2025-11-14 01:31:00+00:00,4170.86,4178.67,7.8100000000004,1,uptrend_retrace_v15,timeout,uptrend_retrace_v15
2025-11-14 14:38:00+00:00,2025-11-14 16:38:00+00:00,4061.85,4104.5470649050285,42.69706490502858,1,uptrend_retrace_v15,target_hit,uptrend_retrace_v15
2025-11-14 18:04:00+00:00,2025-11-14 18:38:00+00:00,4087.08,4103.647064905028,16.56706490502802,1,uptrend_retrace_v15,target_hit,uptrend_retrace_v15
2025-11-17 07:20:00+00:00,2025-11-17 08:04:00+00:00,4076.43,4092.347064905028,15.917064905028383,1,uptrend_retrace_v15,target_hit,uptrend_retrace_v15
2025-11-17 17:21:00+00:00,2025-11-17 18:26:00+00:00,4078.87,4069.1132582042455,-9.756741795754351,1,uptrend_retrace_v15,stop_loss,uptrend_retrace_v15
2025-11-17 20:47:00+00:00,2025-11-17 23:01:00+00:00,4032.63,4050.887064905028,18.257064905028074,1,uptrend_retrace_v15,target_hit,uptrend_retrace_v15
2025-11-18 00:56:00+00:00,2025-11-18 01:53:00+00:00,4034.6,4024.8432582042456,-9.756741795754351,1,uptrend_retrace_v15,stop_loss,uptrend_retrace_v15
2025-11-18 09:09:00+00:00,2025-11-18 09:56:00+00:00,4033.4,4047.347064905028,13.947064905028128,1,uptrend_retrace_v15,target_hit,uptrend_retrace_v15
2025-11-18 11:58:00+00:00,2025-11-18 12:57:00+00:00,4039.26,4029.503258204246,-9.756741795754351,1,uptrend_retrace_v15,stop_loss,uptrend_retrace_v15
2025-11-18 15:49:00+00:00,2025-11-18 16:02:00+00:00,4057.85,4048.0932582042456,-9.756741795754351,1,uptrend_retrace_v15,stop_loss,uptrend_retrace_v15
2025-11-18 16:17:00+00:00,2025-11-18 19:58:00+00:00,4057.51,4082.057064905028,24.547064905027582,1,uptrend_retrace_v15,target_hit,uptrend_retrace_v15
2025-11-19 06:24:00+00:00,2025-11-19 08:11:00+00:00,4089.7,4079.9432582042455,-9.756741795754351,1,uptrend_retrace_v15,stop_loss,uptrend_retrace_v15
2025-11-19 13:05:00+00:00,2025-11-19 13:15:00+00:00,4110.82,4101.063258204245,-9.756741795754351,1,uptrend_retrace_v15,stop_loss,uptrend_retrace_v15
2025-11-20 02:51:00+00:00,2025-11-20 03:07:00+00:00,4067.56,4083.107064905028,15.547064905028037,1,uptrend_retrace_v15,target_hit,uptrend_retrace_v15
2025-11-20 03:42:00+00:00,2025-11-20 06:27:00+00:00,4069.52,4059.7632582042456,-9.756741795754351,1,uptrend_retrace_v15,stop_loss,uptrend_retrace_v15
2025-11-20 14:07:00+00:00,2025-11-20 14:46:00+00:00,4077.28,4091.857064905028,14.577064905027783,1,uptrend_retrace_v15,target_hit,uptrend_retrace_v15
2025-11-20 20:54:00+00:00,2025-11-20 23:08:00+00:00,4075.91,4077.89,1.9800000000000182,1,uptrend_retrace_v15,timeout,uptrend_retrace_v15
2025-11-21 09:09:00+00:00,2025-11-21 10:13:00+00:00,4049.69,4039.9332582042457,-9.756741795754351,1,uptrend_retrace_v15,stop_loss,uptrend_retrace_v15
2025-11-21 12:55:00+00:00,2025-11-21 13:45:00+00:00,4061.48,4075.247064905028,13.767064905027837,1,uptrend_retrace_v15,target_hit,uptrend_retrace_v15
2025-11-21 14:34:00+00:00,2025-11-21 16:50:00+00:00,4063.94,4088.197064905028,24.257064905028074,1,uptrend_retrace_v15,target_hit,uptrend_retrace_v15
2025-11-24 19:14:00+00:00,2025-11-24 20:33:00+00:00,4118.0,4131.067064905028,13.067064905028019,1,uptrend_retrace_v15,target_hit,uptrend_retrace_v15
2025-11-24 23:12:00+00:00,2025-11-25 01:38:00+00:00,4131.28,4135.71,4.430000000000291,1,uptrend_retrace_v15,timeout,uptrend_retrace_v15
2025-11-25 10:42:00+00:00,2025-11-25 12:44:00+00:00,4133.47,4123.713258204246,-9.756741795754351,1,uptrend_retrace_v15,stop_loss,uptrend_retrace_v15
2025-11-25 14:07:00+00:00,2025-11-25 14:31:00+00:00,4140.99,4131.233258204245,-9.756741795754351,1,uptrend_retrace_v15,stop_loss,uptrend_retrace_v15
2025-11-25 16:17:00+00:00,2025-11-25 17:33:00+00:00,4135.61,4154.467064905028,18.857064905027983,1,uptrend_retrace_v15,target_hit,uptrend_retrace_v15
2025-11-28 11:55:00+00:00,2025-11-28 14:11:00+00:00,4174.3,4190.197064905028,15.897064905027946,1,uptrend_retrace_v15,target_hit,uptrend_retrace_v15
2025-11-28 15:01:00+00:00,2025-11-28 15:11:00+00:00,4196.1,4186.343258204246,-9.756741795754351,1,uptrend_retrace_v15,stop_loss,uptrend_retrace_v15
2025-11-28 15:27:00+00:00,2025-11-28 17:51:00+00:00,4194.1,4214.797064905028,20.69706490502722,1,uptrend_retrace_v15,target_hit,uptrend_retrace_v15
2025-11-30 23:22:00+00:00,2025-12-01 01:31:00+00:00,4220.91,4240.177064905028,19.267064905027837,1,uptrend_retrace_v15,target_hit,uptrend_retrace_v15
2025-12-01 06:46:00+00:00,2025-12-01 08:17:00+00:00,4236.77,4253.227064905028,16.457064905027437,1,uptrend_retrace_v15,target_hit,uptrend_retrace_v15
2025-12-01 08:43:00+00:00,2025-12-01 10:05:00+00:00,4242.79,4259.777064905028,16.98706490502809,1,uptrend_retrace_v15,target_hit,uptrend_retrace_v15
2025-12-01 10:34:00+00:00,2025-12-01 13:15:00+00:00,4253.42,4252.55,-0.8699999999998909,1,uptrend_retrace_v15,timeout,uptrend_retrace_v15
2025-12-02 02:31:00+00:00,2025-12-02 06:26:00+00:00,4216.06,4206.303258204246,-9.756741795754351,1,uptrend_retrace_v15,stop_loss,uptrend_retrace_v15
2025-12-02 11:54:00+00:00,2025-12-02 14:08:00+00:00,4202.88,4221.687064905028,18.8070649050278,1,uptrend_retrace_v15,target_hit,uptrend_retrace_v15
2025-12-02 14:42:00+00:00,2025-12-02 15:07:00+00:00,4218.65,4208.893258204245,-9.756741795754351,1,uptrend_retrace_v15,stop_loss,uptrend_retrace_v15
2025-12-02 16:36:00+00:00,2025-12-02 20:38:00+00:00,4185.05,4211.187064905028,26.137064905027728,1,uptrend_retrace_v15,target_hit,uptrend_retrace_v15
2025-12-02 21:58:00+00:00,2025-12-03 01:05:00+00:00,4205.92,4216.84,10.920000000000073,1,uptrend_retrace_v15,timeout,uptrend_retrace_v15
2025-12-03 14:50:00+00:00,2025-12-03 14:54:00+00:00,4218.86,4209.103258204245,-9.756741795754351,1,uptrend_retrace_v15,stop_loss,uptrend_retrace_v15
2025-12-03 15:34:00+00:00,2025-12-03 15:59:00+00:00,4226.54,4216.783258204246,-9.756741795754351,1,uptrend_retrace_v15,stop_loss,uptrend_retrace_v15
2025-12-04 14:54:00+00:00,2025-12-04 15:04:00+00:00,4205.45,4195.6932582042455,-9.756741795754351,1,uptrend_retrace_v15,stop_loss,uptrend_retrace_v15
2025-12-04 15:33:00+00:00,2025-12-04 17:56:00+00:00,4206.53,4216.67,10.140000000000327,1,uptrend_retrace_v15,timeout,uptrend_retrace_v15
2025-12-05 15:47:00+00:00,2025-12-05 15:52:00+00:00,4251.12,4241.3632582042455,-9.756741795754351,1,uptrend_retrace_v15,stop_loss,uptrend_retrace_v15
2025-12-05 15:53:00+00:00,2025-12-05 16:09:00+00:00,4244.04,4234.283258204246,-9.756741795754351,1,uptrend_retrace_v15,stop_loss,uptrend_retrace_v15
2025-12-05 17:31:00+00:00,2025-12-05 17:36:00+00:00,4218.56,4208.803258204246,-9.756741795754351,1,uptrend_retrace_v15,stop_loss,uptrend_retrace_v15
2025-12-08 16:42:00+00:00,2025-12-08 18:56:00+00:00,4194.57,4184.813258204245,-9.756741795754351,1,uptrend_retrace_v15,stop_loss,uptrend_retrace_v15
2025-12-09 08:13:00+00:00,2025-12-09 09:05:00+00:00,4188.04,4201.547064905028,13.507064905027619,1,uptrend_retrace_v15,target_hit,uptrend_retrace_v15
2025-12-10 21:08:00+00:00,2025-12-11 03:09:00+00:00,4226.04,4216.283258204246,-9.756741795754351,1,uptrend_retrace_v15,stop_loss,uptrend_retrace_v15
2025-12-11 14:49:00+00:00,2025-12-11 15:41:00+00:00,4233.61,4251.117064905028,17.50706490502853,1,uptrend_retrace_v15,target_hit,uptrend_retrace_v15
2025-12-11 15:59:00+00:00,2025-12-11 16:47:00+00:00,4252.69,4268.647064905028,15.957064905028346,1,uptrend_retrace_v15,target_hit,uptrend_retrace_v15
2025-12-11 18:59:00+00:00,2025-12-11 21:15:00+00:00,4268.29,4273.03,4.739999999999782,1,uptrend_retrace_v15,timeout,uptrend_retrace_v15
2025-12-12 09:33:00+00:00,2025-12-12 10:36:00+00:00,4309.68,4324.547064905028,14.867064905027291,1,uptrend_retrace_v15,target_hit,uptrend_retrace_v15
2025-12-12 12:48:00+00:00,2025-12-12 13:33:00+00:00,4328.27,4346.227064905028,17.957064905027437,1,uptrend_retrace_v15,target_hit,uptrend_retrace_v15
2025-12-12 16:48:00+00:00,2025-12-14 23:04:00+00:00,4277.88,4303.5,25.61999999999989,1,uptrend_retrace_v15,timeout,uptrend_retrace_v15
2025-12-15 03:19:00+00:00,2025-12-15 05:23:00+00:00,4321.18,4328.53,7.349999999999454,1,uptrend_retrace_v15,timeout,uptrend_retrace_v15
2025-12-15 07:48:00+00:00,2025-12-15 10:01:00+00:00,4341.37,4341.59,0.22000000000025466,1,uptrend_retrace_v15,timeout,uptrend_retrace_v15
2025-12-15 17:40:00+00:00,2025-12-15 23:01:00+00:00,4303.52,4308.35,4.829999999999927,1,uptrend_retrace_v15,timeout,uptrend_retrace_v15
2025-12-16 06:23:00+00:00,2025-12-16 07:27:00+00:00,4289.79,4280.033258204246,-9.756741795754351,1,uptrend_retrace_v15,stop_loss,uptrend_retrace_v15
2025-12-16 13:36:00+00:00,2025-12-16 14:03:00+00:00,4305.54,4319.817064905028,14.277064905028055,1,uptrend_retrace_v15,target_hit,uptrend_retrace_v15
2025-12-17 14:14:00+00:00,2025-12-17 16:26:00+00:00,4331.98,4322.223258204245,-9.756741795754351,1,uptrend_retrace_v15,stop_loss,uptrend_retrace_v15
2025-12-17 16:52:00+00:00,2025-12-17 19:00:00+00:00,4333.3,4333.43,0.13000000000010914,1,uptrend_retrace_v15,timeout,uptrend_retrace_v15
2025-12-18 14:01:00+00:00,2025-12-18 14:41:00+00:00,4333.87,4324.1132582042455,-9.756741795754351,1,uptrend_retrace_v15,stop_loss,uptrend_retrace_v15
2025-12-18 14:56:00+00:00,2025-12-18 16:02:00+00:00,4327.6,4342.797064905028,15.197064905027219,1,uptrend_retrace_v15,target_hit,uptrend_retrace_v15
2025-12-18 17:09:00+00:00,2025-12-18 17:09:00+00:00,4340.41,4330.6532582042455,-9.756741795754351,1,uptrend_retrace_v15,stop_loss,uptrend_retrace_v15
2025-12-18 17:10:00+00:00,2025-12-18 20:47:00+00:00,4329.72,4334.65,4.9299999999993815,1,uptrend_retrace_v15,timeout,uptrend_retrace_v15
2025-12-19 02:03:00+00:00,2025-12-19 02:37:00+00:00,4327.34,4317.583258204246,-9.756741795754351,1,uptrend_retrace_v15,stop_loss,uptrend_retrace_v15
2025-12-19 15:27:00+00:00,2025-12-19 16:00:00+00:00,4338.64,4352.517064905028,13.87706490502751,1,uptrend_retrace_v15,target_hit,uptrend_retrace_v15
2025-12-19 16:12:00+00:00,2025-12-19 19:14:00+00:00,4345.62,4347.08,1.4600000000000364,1,uptrend_retrace_v15,timeout,uptrend_retrace_v15
2025-12-22 00:10:00+00:00,2025-12-22 01:00:00+00:00,4357.89,4371.247064905028,13.357064905027983,1,uptrend_retrace_v15,target_hit,uptrend_retrace_v15
2025-12-22 01:17:00+00:00,2025-12-22 01:40:00+00:00,4364.64,4380.057064905028,15.417064905027473,1,uptrend_retrace_v15,target_hit,uptrend_retrace_v15
2025-12-22 05:42:00+00:00,2025-12-22 06:55:00+00:00,4401.38,4416.897064905028,15.517064905027837,1,uptrend_retrace_v15,target_hit,uptrend_retrace_v15
2025-12-22 16:02:00+00:00,2025-12-22 18:02:00+00:00,4429.63,4437.84,8.210000000000036,1,uptrend_retrace_v15,timeout,uptrend_retrace_v15
2025-12-22 18:50:00+00:00,2025-12-22 21:14:00+00:00,4430.23,4442.84,12.610000000000582,1,uptrend_retrace_v15,timeout,uptrend_retrace_v15
2025-12-23 01:21:00+00:00,2025-12-23 02:43:00+00:00,4476.04,4497.557064905028,21.517064905027837,1,uptrend_retrace_v15,target_hit,uptrend_retrace_v15
2025-12-23 15:36:00+00:00,2025-12-23 19:03:00+00:00,4449.35,4492.237064905028,42.88706490502773,1,uptrend_retrace_v15,target_hit,uptrend_retrace_v15
2025-12-23 19:20:00+00:00,2025-12-23 23:38:00+00:00,4490.11,4505.977064905028,15.8670649050282,1,uptrend_retrace_v15,target_hit,uptrend_retrace_v15
2025-12-23 23:59:00+00:00,2025-12-24 00:42:00+00:00,4503.92,4516.987064905028,13.067064905028019,1,uptrend_retrace_v15,target_hit,uptrend_retrace_v15
2025-12-24 01:03:00+00:00,2025-12-24 02:55:00+00:00,4509.4,4499.643258204245,-9.756741795754351,1,uptrend_retrace_v15,stop_loss,uptrend_retrace_v15
2025-12-24 03:17:00+00:00,2025-12-24 05:30:00+00:00,4490.32,4493.62,3.300000000000182,1,uptrend_retrace_v15,timeout,uptrend_retrace_v15
2025-12-24 16:05:00+00:00,2025-12-25 23:06:00+00:00,4468.25,4487.05,18.800000000000182,1,uptrend_retrace_v15,timeout,uptrend_retrace_v15
2025-12-25 23:36:00+00:00,2025-12-26 00:29:00+00:00,4489.92,4507.157064905028,17.23706490502809,1,uptrend_retrace_v15,target_hit,uptrend_retrace_v15
2025-12-26 02:31:00+00:00,2025-12-26 07:08:00+00:00,4499.89,4513.77,13.88000000000011,1,uptrend_retrace_v15,timeout,uptrend_retrace_v15
2025-12-26 14:41:00+00:00,2025-12-26 14:48:00+00:00,4524.3,4514.543258204246,-9.756741795754351,1,uptrend_retrace_v15,stop_loss,uptrend_retrace_v15
2025-12-26 14:57:00+00:00,2025-12-26 15:34:00+00:00,4522.23,4540.387064905028,18.157064905028165,1,uptrend_retrace_v15,target_hit,uptrend_retrace_v15
2025-12-28 23:34:00+00:00,2025-12-28 23:51:00+00:00,4538.0,4528.243258204246,-9.756741795754351,1,uptrend_retrace_v15,stop_loss,uptrend_retrace_v15
2025-12-29 00:34:00+00:00,2025-12-29 01:16:00+00:00,4494.01,4517.757064905028,23.7470649050274,1,uptrend_retrace_v15,target_hit,uptrend_retrace_v15
2025-12-29 01:28:00+00:00,2025-12-29 06:30:00+00:00,4497.9,4488.143258204245,-9.756741795754351,1,uptrend_retrace_v15,stop_loss,uptrend_retrace_v15
2025-12-29 17:47:00+00:00,2025-12-29 21:23:00+00:00,4324.05,4333.76,9.710000000000036,1,uptrend_retrace_v15,timeout,uptrend_retrace_v15
2025-12-30 02:07:00+00:00,2025-12-30 05:25:00+00:00,4354.78,4376.147064905028,21.3670649050282,1,uptrend_retrace_v15,target_hit,uptrend_retrace_v15
2025-12-30 06:21:00+00:00,2025-12-30 06:36:00+00:00,4370.57,4360.813258204245,-9.756741795754351,1,uptrend_retrace_v15,stop_loss,uptrend_retrace_v15
2025-12-30 09:10:00+00:00,2025-12-30 10:31:00+00:00,4371.26,4389.557064905028,18.297064905027582,1,uptrend_retrace_v15,target_hit,uptrend_retrace_v15
2025-12-30 10:45:00+00:00,2025-12-30 12:14:00+00:00,4383.25,4397.457064905028,14.207064905028346,1,uptrend_retrace_v15,target_hit,uptrend_retrace_v15
2025-12-31 02:12:00+00:00,2025-12-31 02:49:00+00:00,4365.06,4355.303258204246,-9.756741795754351,1,uptrend_retrace_v15,stop_loss,uptrend_retrace_v15
2025-12-31 03:21:00+00:00,2025-12-31 04:54:00+00:00,4350.61,4340.853258204245,-9.756741795754351,1,uptrend_retrace_v15,stop_loss,uptrend_retrace_v15
2025-12-31 06:11:00+00:00,2025-12-31 06:59:00+00:00,4296.97,4327.787064905028,30.81706490502802,1,uptrend_retrace_v15,target_hit,uptrend_retrace_v15
2025-12-31 08:52:00+00:00,2025-12-31 08:59:00+00:00,4313.38,4303.623258204246,-9.756741795754351,1,uptrend_retrace_v15,stop_loss,uptrend_retrace_v15
2025-12-31 09:00:00+00:00,2025-12-31 09:26:00+00:00,4307.75,4324.827064905028,17.077064905028237,1,uptrend_retrace_v15,target_hit,uptrend_retrace_v15
2025-12-31 13:30:00+00:00,2025-12-31 13:53:00+00:00,4327.24,4343.277064905028,16.037064905028274,1,uptrend_retrace_v15,target_hit,uptrend_retrace_v15
2026-01-02 00:20:00+00:00,2026-01-02 02:56:00+00:00,4345.02,4362.147064905028,17.12706490502751,1,uptrend_retrace_v15,target_hit,uptrend_retrace_v15
2026-01-02 06:17:00+00:00,2026-01-02 08:34:00+00:00,4374.18,4387.817064905028,13.637064905027728,1,uptrend_retrace_v15,target_hit,uptrend_retrace_v15
2026-01-04 23:08:00+00:00,2026-01-04 23:12:00+00:00,4352.83,4367.447064905028,14.6170649050282,1,uptrend_retrace_v15,target_hit,uptrend_retrace_v15
2026-01-04 23:33:00+00:00,2026-01-05 00:11:00+00:00,4361.26,4378.067064905028,16.8070649050278,1,uptrend_retrace_v15,target_hit,uptrend_retrace_v15
2026-01-05 00:42:00+00:00,2026-01-05 01:02:00+00:00,4389.64,4402.707064905028,13.067064905028019,1,uptrend_retrace_v15,target_hit,uptrend_retrace_v15
2026-01-05 01:20:00+00:00,2026-01-05 06:25:00+00:00,4396.28,4421.387064905028,25.107064905027983,1,uptrend_retrace_v15,target_hit,uptrend_retrace_v15
2026-01-05 07:09:00+00:00,2026-01-05 08:48:00+00:00,4419.38,4432.447064905028,13.067064905028019,1,uptrend_retrace_v15,target_hit,uptrend_retrace_v15
2026-01-05 09:08:00+00:00,2026-01-05 11:10:00+00:00,4427.28,4432.12,4.8400000000001455,1,uptrend_retrace_v15,timeout,uptrend_retrace_v15
2026-01-05 14:02:00+00:00,2026-01-05 14:55:00+00:00,4421.04,4440.627064905028,19.587064905028456,1,uptrend_retrace_v15,target_hit,uptrend_retrace_v15
2026-01-05 17:04:00+00:00,2026-01-05 19:10:00+00:00,4436.38,4435.93,-0.4499999999998181,1,uptrend_retrace_v15,timeout,uptrend_retrace_v15
2026-01-06 02:40:00+00:00,2026-01-06 03:18:00+00:00,4452.75,4467.477064905028,14.727064905027873,1,uptrend_retrace_v15,target_hit,uptrend_retrace_v15
2026-01-06 15:20:00+00:00,2026-01-06 15:37:00+00:00,4474.85,4465.093258204246,-9.756741795754351,1,uptrend_retrace_v15,stop_loss,uptrend_retrace_v15
2026-01-06 15:44:00+00:00,2026-01-06 21:21:00+00:00,4476.0,4492.44,16.4399999999996,1,uptrend_retrace_v15,timeout,uptrend_retrace_v15
2026-01-07 07:47:00+00:00,2026-01-07 11:36:00+00:00,4462.92,4453.163258204246,-9.756741795754351,1,uptrend_retrace_v15,stop_loss,uptrend_retrace_v15
2026-01-07 15:32:00+00:00,2026-01-07 16:34:00+00:00,4446.01,4462.917064905028,16.907064905028165,1,uptrend_retrace_v15,target_hit,uptrend_retrace_v15
2026-01-07 17:57:00+00:00,2026-01-07 21:19:00+00:00,4450.67,4453.76,3.0900000000001455,1,uptrend_retrace_v15,timeout,uptrend_retrace_v15
2026-01-08 07:14:00+00:00,2026-01-08 08:02:00+00:00,4437.63,4427.873258204246,-9.756741795754351,1,uptrend_retrace_v15,stop_loss,uptrend_retrace_v15
2026-01-08 13:33:00+00:00,2026-01-08 14:08:00+00:00,4429.38,4419.623258204246,-9.756741795754351,1,uptrend_retrace_v15,stop_loss,uptrend_retrace_v15
2026-01-08 14:25:00+00:00,2026-01-08 15:09:00+00:00,4429.26,4444.927064905028,15.667064905027473,1,uptrend_retrace_v15,target_hit,uptrend_retrace_v15
2026-01-08 15:26:00+00:00,2026-01-08 16:39:00+00:00,4446.1,4464.257064905028,18.157064905027255,1,uptrend_retrace_v15,target_hit,uptrend_retrace_v15
2026-01-08 18:28:00+00:00,2026-01-08 20:25:00+00:00,4452.66,4466.777064905028,14.1170649050282,1,uptrend_retrace_v15,target_hit,uptrend_retrace_v15
2026-01-09 13:49:00+00:00,2026-01-09 15:21:00+00:00,4483.34,4502.617064905028,19.277064905028055,1,uptrend_retrace_v15,target_hit,uptrend_retrace_v15
2026-01-09 20:29:00+00:00,2026-01-11 23:01:00+00:00,4504.36,4517.437064905028,13.077064905028237,1,uptrend_retrace_v15,target_hit,uptrend_retrace_v15
2026-01-12 02:02:00+00:00,2026-01-12 06:04:00+00:00,4570.53,4577.12,6.5900000000001455,1,uptrend_retrace_v15,timeout,uptrend_retrace_v15
2026-01-12 14:04:00+00:00,2026-01-12 14:25:00+00:00,4599.51,4589.753258204246,-9.756741795754351,1,uptrend_retrace_v15,stop_loss,uptrend_retrace_v15
2026-01-12 14:33:00+00:00,2026-01-12 15:35:00+00:00,4599.4,4625.287064905028,25.887064905028637,1,uptrend_retrace_v15,target_hit,uptrend_retrace_v15
2026-01-12 18:15:00+00:00,2026-01-12 20:22:00+00:00,4607.78,4601.13,-6.649999999999636,1,uptrend_retrace_v15,timeout,uptrend_retrace_v15
2026-01-13 13:57:00+00:00,2026-01-13 14:22:00+00:00,4607.83,4622.887064905028,15.0570649050278,1,uptrend_retrace_v15,target_hit,uptrend_retrace_v15
2026-01-13 23:02:00+00:00,2026-01-14 00:26:00+00:00,4592.16,4608.307064905028,16.147064905027946,1,uptrend_retrace_v15,target_hit,uptrend_retrace_v15
2026-01-14 03:30:00+00:00,2026-01-14 03:57:00+00:00,4615.51,4629.467064905028,13.957064905027437,1,uptrend_retrace_v15,target_hit,uptrend_retrace_v15
2026-01-14 18:05:00+00:00,2026-01-14 19:02:00+00:00,4621.07,4641.707064905028,20.637064905028637,1,uptrend_retrace_v15,target_hit,uptrend_retrace_v15
2026-01-15 01:46:00+00:00,2026-01-15 03:13:00+00:00,4603.93,4594.173258204246,-9.756741795754351,1,uptrend_retrace_v15,stop_loss,uptrend_retrace_v15
2026-01-15 06:07:00+00:00,2026-01-15 10:47:00+00:00,4601.06,4619.797064905028,18.737064905027182,1,uptrend_retrace_v15,target_hit,uptrend_retrace_v15
2026-01-15 14:24:00+00:00,2026-01-15 16:11:00+00:00,4603.25,4622.667064905028,19.417064905028383,1,uptrend_retrace_v15,target_hit,uptrend_retrace_v15
2026-01-15 16:40:00+00:00,2026-01-15 19:18:00+00:00,4606.95,4619.1,12.150000000000546,1,uptrend_retrace_v15,timeout,uptrend_retrace_v15
2026-01-16 14:23:00+00:00,2026-01-16 15:24:00+00:00,4603.5,4593.743258204246,-9.756741795754351,1,uptrend_retrace_v15,stop_loss,uptrend_retrace_v15
2026-01-16 15:46:00+00:00,2026-01-16 16:15:00+00:00,4563.44,4593.867064905028,30.4270649050286,1,uptrend_retrace_v15,target_hit,uptrend_retrace_v15
2026-01-16 17:21:00+00:00,2026-01-16 21:34:00+00:00,4582.07,4591.97,9.900000000000546,1,uptrend_retrace_v15,timeout,uptrend_retrace_v15
2026-01-18 23:14:00+00:00,2026-01-18 23:16:00+00:00,4654.19,4667.257064905028,13.067064905028019,1,uptrend_retrace_v15,target_hit,uptrend_retrace_v15
2026-01-19 01:17:00+00:00,2026-01-19 04:54:00+00:00,4659.97,4664.46,4.489999999999782,1,uptrend_retrace_v15,timeout,uptrend_retrace_v15
2026-01-20 06:02:00+00:00,2026-01-20 08:57:00+00:00,4709.31,4730.987064905028,21.67706490502769,1,uptrend_retrace_v15,target_hit,uptrend_retrace_v15
2026-01-20 10:14:00+00:00,2026-01-20 12:41:00+00:00,4730.75,4728.19,-2.5600000000004,1,uptrend_retrace_v15,timeout,uptrend_retrace_v15
2026-01-20 14:49:00+00:00,2026-01-20 15:24:00+00:00,4740.03,4730.273258204245,-9.756741795754351,1,uptrend_retrace_v15,stop_loss,uptrend_retrace_v15
2026-01-20 15:48:00+00:00,2026-01-20 16:57:00+00:00,4736.37,4756.877064905028,20.50706490502853,1,uptrend_retrace_v15,target_hit,uptrend_retrace_v15
2026-01-20 23:57:00+00:00,2026-01-21 01:01:00+00:00,4774.81,4787.877064905028,13.067064905028019,1,uptrend_retrace_v15,target_hit,uptrend_retrace_v15
2026-01-21 01:34:00+00:00,2026-01-21 01:54:00+00:00,4823.07,4839.927064905028,16.857064905027983,1,uptrend_retrace_v15,target_hit,uptrend_retrace_v15
2026-01-21 02:13:00+00:00,2026-01-21 03:11:00+00:00,4823.66,4849.947064905028,26.287064905028274,1,uptrend_retrace_v15,target_hit,uptrend_retrace_v15
2026-01-21 03:15:00+00:00,2026-01-21 04:33:00+00:00,4834.03,4855.567064905028,21.537064905028274,1,uptrend_retrace_v15,target_hit,uptrend_retrace_v15
2026-01-21 07:52:00+00:00,2026-01-21 09:28:00+00:00,4855.46,4875.757064905028,20.297064905027582,1,uptrend_retrace_v15,target_hit,uptrend_retrace_v15
2026-01-21 09:54:00+00:00,2026-01-21 12:12:00+00:00,4860.67,4862.17,1.5,1,uptrend_retrace_v15,timeout,uptrend_retrace_v15
2026-01-21 19:58:00+00:00,2026-01-21 20:31:00+00:00,4780.11,4809.187064905028,29.077064905028237,1,uptrend_retrace_v15,target_hit,uptrend_retrace_v15
2026-01-22 00:00:00+00:00,2026-01-22 00:10:00+00:00,4778.54,4791.607064905028,13.067064905028019,1,uptrend_retrace_v15,target_hit,uptrend_retrace_v15
2026-01-22 04:00:00+00:00,2026-01-22 05:51:00+00:00,4797.01,4814.5870649050285,17.577064905028237,1,uptrend_retrace_v15,target_hit,uptrend_retrace_v15
2026-01-22 08:39:00+00:00,2026-01-22 09:04:00+00:00,4822.61,4835.677064905028,13.067064905028019,1,uptrend_retrace_v15,target_hit,uptrend_retrace_v15
2026-01-22 15:00:00+00:00,2026-01-22 15:26:00+00:00,4835.54,4852.477064905028,16.93706490502791,1,uptrend_retrace_v15,target_hit,uptrend_retrace_v15
2026-01-22 19:27:00+00:00,2026-01-22 19:49:00+00:00,4915.7,4905.9432582042455,-9.756741795754351,1,uptrend_retrace_v15,stop_loss,uptrend_retrace_v15
2026-01-22 19:50:00+00:00,2026-01-22 21:33:00+00:00,4908.86,4933.517064905028,24.657064905028165,1,uptrend_retrace_v15,target_hit,uptrend_retrace_v15
2026-01-22 23:29:00+00:00,2026-01-22 23:47:00+00:00,4939.94,4953.297064905028,13.357064905027983,1,uptrend_retrace_v15,target_hit,uptrend_retrace_v15
2026-01-23 01:03:00+00:00,2026-01-23 01:50:00+00:00,4939.93,4962.3370649050285,22.407064905028165,1,uptrend_retrace_v15,target_hit,uptrend_retrace_v15
2026-01-23 11:34:00+00:00,2026-01-23 13:07:00+00:00,4925.09,4946.557064905028,21.467064905027655,1,uptrend_retrace_v15,target_hit,uptrend_retrace_v15
2026-01-23 13:21:00+00:00,2026-01-23 13:23:00+00:00,4933.6,4923.843258204246,-9.756741795754351,1,uptrend_retrace_v15,stop_loss,uptrend_retrace_v15
2026-01-23 13:24:00+00:00,2026-01-23 14:46:00+00:00,4927.22,4952.157064905028,24.93706490502791,1,uptrend_retrace_v15,target_hit,uptrend_retrace_v15
2026-01-23 15:00:00+00:00,2026-01-23 15:47:00+00:00,4943.7,4961.367064905028,17.667064905028383,1,uptrend_retrace_v15,target_hit,uptrend_retrace_v15
2026-01-23 17:57:00+00:00,2026-01-23 18:04:00+00:00,4963.71,4979.207064905028,15.49706490502831,1,uptrend_retrace_v15,target_hit,uptrend_retrace_v15
2026-01-23 18:42:00+00:00,2026-01-23 18:49:00+00:00,4969.04,4959.283258204246,-9.756741795754351,1,uptrend_retrace_v15,stop_loss,uptrend_retrace_v15
2026-01-23 18:51:00+00:00,2026-01-23 21:45:00+00:00,4964.92,4982.27,17.350000000000364,1,uptrend_retrace_v15,timeout,uptrend_retrace_v15
2026-01-25 23:07:00+00:00,2026-01-25 23:47:00+00:00,5015.65,5036.497064905028,20.847064905028674,1,uptrend_retrace_v15,target_hit,uptrend_retrace_v15
2026-01-26 00:20:00+00:00,2026-01-26 00:33:00+00:00,5033.94,5048.127064905028,14.18706490502882,1,uptrend_retrace_v15,target_hit,uptrend_retrace_v15
2026-01-26 00:58:00+00:00,2026-01-26 01:01:00+00:00,5043.55,5033.793258204246,-9.756741795754351,1,uptrend_retrace_v15,stop_loss,uptrend_retrace_v15
2026-01-26 01:05:00+00:00,2026-01-26 01:12:00+00:00,5043.17,5057.057064905028,13.887064905027728,1,uptrend_retrace_v15,target_hit,uptrend_retrace_v15
2026-01-26 01:50:00+00:00,2026-01-26 02:30:00+00:00,5075.88,5090.347064905028,14.467064905027655,1,uptrend_retrace_v15,target_hit,uptrend_retrace_v15
2026-01-26 06:33:00+00:00,2026-01-26 06:45:00+00:00,5079.91,5095.557064905028,15.647064905027946,1,uptrend_retrace_v15,target_hit,uptrend_retrace_v15
2026-01-26 06:59:00+00:00,2026-01-26 10:59:00+00:00,5079.98,5091.48,11.5,1,uptrend_retrace_v15,timeout,uptrend_retrace_v15
2026-01-26 21:19:00+00:00,2026-01-26 21:20:00+00:00,5033.66,5023.9032582042455,-9.756741795754351,1,uptrend_retrace_v15,stop_loss,uptrend_retrace_v15
2026-01-26 21:50:00+00:00,2026-01-26 23:01:00+00:00,5015.36,5028.427064905028,13.067064905028019,1,uptrend_retrace_v15,target_hit,uptrend_retrace_v15
2026-01-26 23:03:00+00:00,2026-01-26 23:04:00+00:00,5022.12,5035.187064905028,13.067064905028019,1,uptrend_retrace_v15,target_hit,uptrend_retrace_v15
2026-01-27 00:51:00+00:00,2026-01-27 01:05:00+00:00,5019.79,5043.467064905028,23.67706490502769,1,uptrend_retrace_v15,target_hit,uptrend_retrace_v15
2026-01-27 01:07:00+00:00,2026-01-27 01:11:00+00:00,5045.97,5059.037064905028,13.067064905028019,1,uptrend_retrace_v15,target_hit,uptrend_retrace_v15
2026-01-27 01:36:00+00:00,2026-01-27 01:41:00+00:00,5066.09,5056.333258204246,-9.756741795754351,1,uptrend_retrace_v15,stop_loss,uptrend_retrace_v15
2026-01-27 01:42:00+00:00,2026-01-27 05:50:00+00:00,5055.42,5084.037064905028,28.6170649050282,1,uptrend_retrace_v15,target_hit,uptrend_retrace_v15
2026-01-27 06:57:00+00:00,2026-01-27 07:38:00+00:00,5084.46,5098.707064905028,14.24706490502831,1,uptrend_retrace_v15,target_hit,uptrend_retrace_v15
2026-01-27 08:00:00+00:00,2026-01-27 08:29:00+00:00,5086.38,5076.623258204246,-9.756741795754351,1,uptrend_retrace_v15,stop_loss,uptrend_retrace_v15
2026-01-27 15:25:00+00:00,2026-01-27 16:11:00+00:00,5075.83,5096.577064905028,20.74706490502831,1,uptrend_retrace_v15,target_hit,uptrend_retrace_v15
2026-01-27 16:25:00+00:00,2026-01-27 16:56:00+00:00,5094.26,5084.503258204246,-9.756741795754351,1,uptrend_retrace_v15,stop_loss,uptrend_retrace_v15
2026-01-27 17:41:00+00:00,2026-01-27 20:03:00+00:00,5080.75,5105.377064905028,24.62706490502842,1,uptrend_retrace_v15,target_hit,uptrend_retrace_v15
2026-01-27 20:18:00+00:00,2026-01-27 20:20:00+00:00,5134.44,5147.507064905028,13.067064905028019,1,uptrend_retrace_v15,target_hit,uptrend_retrace_v15
2026-01-27 20:25:00+00:00,2026-01-27 20:46:00+00:00,5138.34,5155.737064905028,17.397064905027946,1,uptrend_retrace_v15,target_hit,uptrend_retrace_v15
2026-01-27 20:51:00+00:00,2026-01-27 20:53:00+00:00,5154.18,5167.247064905028,13.067064905028019,1,uptrend_retrace_v15,target_hit,uptrend_retrace_v15
2026-01-27 23:17:00+00:00,2026-01-28 00:05:00+00:00,5167.13,5157.373258204246,-9.756741795754351,1,uptrend_retrace_v15,stop_loss,uptrend_retrace_v15
2026-01-28 00:06:00+00:00,2026-01-28 01:03:00+00:00,5161.39,5186.967064905028,25.577064905027328,1,uptrend_retrace_v15,target_hit,uptrend_retrace_v15
2026-01-28 01:11:00+00:00,2026-01-28 01:11:00+00:00,5186.92,5177.163258204246,-9.756741795754351,1,uptrend_retrace_v15,stop_loss,uptrend_retrace_v15
2026-01-28 01:13:00+00:00,2026-01-28 01:40:00+00:00,5183.85,5204.127064905028,20.277064905028055,1,uptrend_retrace_v15,target_hit,uptrend_retrace_v15
2026-01-28 01:58:00+00:00,2026-01-28 02:11:00+00:00,5212.36,5202.603258204245,-9.756741795754351,1,uptrend_retrace_v15,stop_loss,uptrend_retrace_v15
2026-01-28 02:12:00+00:00,2026-01-28 02:32:00+00:00,5204.18,5226.247064905028,22.06706490502802,1,uptrend_retrace_v15,target_hit,uptrend_retrace_v15
2026-01-28 03:36:00+00:00,2026-01-28 03:40:00+00:00,5236.38,5226.623258204246,-9.756741795754351,1,uptrend_retrace_v15,stop_loss,uptrend_retrace_v15
2026-01-28 03:41:00+00:00,2026-01-28 04:58:00+00:00,5225.93,5249.157064905028,23.227064905027873,1,uptrend_retrace_v15,target_hit,uptrend_retrace_v15
2026-01-28 14:53:00+00:00,2026-01-28 15:00:00+00:00,5276.22,5290.497064905028,14.277064905028055,1,uptrend_retrace_v15,target_hit,uptrend_retrace_v15
2026-01-28 15:24:00+00:00,2026-01-28 15:26:00+00:00,5274.23,5264.473258204245,-9.756741795754351,1,uptrend_retrace_v15,stop_loss,uptrend_retrace_v15
2026-01-28 15:31:00+00:00,2026-01-28 16:57:00+00:00,5274.36,5299.537064905028,25.1770649050286,1,uptrend_retrace_v15,target_hit,uptrend_retrace_v15
2026-01-28 18:31:00+00:00,2026-01-28 18:32:00+00:00,5291.08,5281.323258204246,-9.756741795754351,1,uptrend_retrace_v15,stop_loss,uptrend_retrace_v15
2026-01-28 18:33:00+00:00,2026-01-28 18:39:00+00:00,5281.54,5271.783258204246,-9.756741795754351,1,uptrend_retrace_v15,stop_loss,uptrend_retrace_v15
2026-01-28 18:40:00+00:00,2026-01-28 19:57:00+00:00,5274.81,5327.407064905028,52.597064905027764,1,uptrend_retrace_v15,target_hit,uptrend_retrace_v15
2026-01-28 20:09:00+00:00,2026-01-28 20:20:00+00:00,5327.11,5340.697064905028,13.587064905028456,1,uptrend_retrace_v15,target_hit,uptrend_retrace_v15
2026-01-28 20:53:00+00:00,2026-01-28 21:06:00+00:00,5376.42,5391.447064905028,15.027064905028055,1,uptrend_retrace_v15,target_hit,uptrend_retrace_v15
2026-01-28 21:17:00+00:00,2026-01-28 21:48:00+00:00,5382.38,5397.917064905028,15.537064905028274,1,uptrend_retrace_v15,target_hit,uptrend_retrace_v15
2026-01-28 23:04:00+00:00,2026-01-28 23:05:00+00:00,5441.75,5431.993258204246,-9.756741795754351,1,uptrend_retrace_v15,stop_loss,uptrend_retrace_v15
2026-01-28 23:06:00+00:00,2026-01-28 23:08:00+00:00,5439.31,5452.377064905028,13.067064905028019,1,uptrend_retrace_v15,target_hit,uptrend_retrace_v15
2026-01-29 01:10:00+00:00,2026-01-29 01:10:00+00:00,5448.1,5461.167064905028,13.067064905028019,1,uptrend_retrace_v15,target_hit,uptrend_retrace_v15
2026-01-29 01:11:00+00:00,2026-01-29 01:15:00+00:00,5463.95,5493.607064905028,29.657064905028165,1,uptrend_retrace_v15,target_hit,uptrend_retrace_v15
2026-01-29 01:16:00+00:00,2026-01-29 01:16:00+00:00,5494.35,5484.593258204246,-9.756741795754351,1,uptrend_retrace_v15,stop_loss,uptrend_retrace_v15
2026-01-29 01:17:00+00:00,2026-01-29 01:40:00+00:00,5488.27,5528.857064905028,40.587064905027546,1,uptrend_retrace_v15,target_hit,uptrend_retrace_v15
2026-01-29 02:03:00+00:00,2026-01-29 02:03:00+00:00,5505.74,5518.807064905028,13.067064905028019,1,uptrend_retrace_v15,target_hit,uptrend_retrace_v15
2026-01-29 02:04:00+00:00,2026-01-29 02:09:00+00:00,5519.42,5509.663258204246,-9.756741795754351,1,uptrend_retrace_v15,stop_loss,uptrend_retrace_v15
2026-01-29 02:10:00+00:00,2026-01-29 02:37:00+00:00,5516.82,5549.067064905028,32.24706490502831,1,uptrend_retrace_v15,target_hit,uptrend_retrace_v15
2026-01-29 02:42:00+00:00,2026-01-29 02:50:00+00:00,5523.5,5541.537064905028,18.037064905028274,1,uptrend_retrace_v15,target_hit,uptrend_retrace_v15
2026-01-29 03:04:00+00:00,2026-01-29 03:04:00+00:00,5520.64,5510.883258204246,-9.756741795754351,1,uptrend_retrace_v15,stop_loss,uptrend_retrace_v15
2026-01-29 03:05:00+00:00,2026-01-29 04:33:00+00:00,5515.42,5553.207064905028,37.787064905028274,1,uptrend_retrace_v15,target_hit,uptrend_retrace_v15
2026-01-29 05:21:00+00:00,2026-01-29 05:21:00+00:00,5543.32,5533.563258204245,-9.756741795754351,1,uptrend_retrace_v15,stop_loss,uptrend_retrace_v15
2026-01-29 05:22:00+00:00,2026-01-29 05:23:00+00:00,5533.75,5523.993258204246,-9.756741795754351,1,uptrend_retrace_v15,stop_loss,uptrend_retrace_v15
2026-01-29 05:32:00+00:00,2026-01-29 05:59:00+00:00,5547.54,5563.497064905028,15.957064905028346,1,uptrend_retrace_v15,target_hit,uptrend_retrace_v15
2026-01-29 11:34:00+00:00,2026-01-29 11:48:00+00:00,5516.15,5529.217064905028,13.067064905028019,1,uptrend_retrace_v15,target_hit,uptrend_retrace_v15
2026-01-29 15:48:00+00:00,2026-01-29 15:48:00+00:00,5157.92,5170.987064905028,13.067064905028019,1,uptrend_retrace_v15,target_hit,uptrend_retrace_v15
2026-01-29 15:49:00+00:00,2026-01-29 15:50:00+00:00,5164.65,5179.0870649050285,14.43706490502882,1,uptrend_retrace_v15,target_hit,uptrend_retrace_v15
2026-01-29 15:58:00+00:00,2026-01-29 16:01:00+00:00,5176.81,5204.367064905028,27.5570649050278,1,uptrend_retrace_v15,target_hit,uptrend_retrace_v15
2026-01-29 16:02:00+00:00,2026-01-29 16:03:00+00:00,5211.75,5229.617064905028,17.8670649050282,1,uptrend_retrace_v15,target_hit,uptrend_retrace_v15
2026-01-29 16:04:00+00:00,2026-01-29 16:05:00+00:00,5227.04,5244.237064905028,17.197064905028128,1,uptrend_retrace_v15,target_hit,uptrend_retrace_v15
2026-01-29 16:08:00+00:00,2026-01-29 16:08:00+00:00,5237.37,5227.6132582042455,-9.756741795754351,1,uptrend_retrace_v15,stop_loss,uptrend_retrace_v15
2026-01-29 16:40:00+00:00,2026-01-29 16:40:00+00:00,5248.78,5261.847064905028,13.067064905028019,1,uptrend_retrace_v15,target_hit,uptrend_retrace_v15
2026-01-29 16:51:00+00:00,2026-01-29 16:52:00+00:00,5263.5,5253.743258204246,-9.756741795754351,1,uptrend_retrace_v15,stop_loss,uptrend_retrace_v15
2026-01-29 16:53:00+00:00,2026-01-29 16:54:00+00:00,5240.31,5230.553258204246,-9.756741795754351,1,uptrend_retrace_v15,stop_loss,uptrend_retrace_v15
2026-01-29 16:55:00+00:00,2026-01-29 17:00:00+00:00,5253.12,5277.397064905028,24.277064905028055,1,uptrend_retrace_v15,target_hit,uptrend_retrace_v15
2026-01-29 17:01:00+00:00,2026-01-29 17:01:00+00:00,5281.42,5294.487064905028,13.067064905028019,1,uptrend_retrace_v15,target_hit,uptrend_retrace_v15
2026-01-29 17:02:00+00:00,2026-01-29 17:02:00+00:00,5284.8,5275.043258204246,-9.756741795754351,1,uptrend_retrace_v15,stop_loss,uptrend_retrace_v15
2026-01-29 17:03:00+00:00,2026-01-29 17:15:00+00:00,5276.48,5308.187064905028,31.707064905028346,1,uptrend_retrace_v15,target_hit,uptrend_retrace_v15
2026-01-29 19:31:00+00:00,2026-01-29 19:37:00+00:00,5296.56,5315.817064905028,19.25706490502762,1,uptrend_retrace_v15,target_hit,uptrend_retrace_v15
2026-01-29 20:01:00+00:00,2026-01-29 20:01:00+00:00,5302.43,5292.673258204246,-9.756741795754351,1,uptrend_retrace_v15,stop_loss,uptrend_retrace_v15
2026-01-29 20:02:00+00:00,2026-01-29 20:03:00+00:00,5298.68,5288.923258204246,-9.756741795754351,1,uptrend_retrace_v15,stop_loss,uptrend_retrace_v15
2026-01-29 20:04:00+00:00,2026-01-29 20:50:00+00:00,5284.69,5374.107064905028,89.41706490502838,1,uptrend_retrace_v15,target_hit,uptrend_retrace_v15
2026-01-29 21:45:00+00:00,2026-01-29 21:46:00+00:00,5383.88,5396.947064905028,13.067064905028019,1,uptrend_retrace_v15,target_hit,uptrend_retrace_v15
2026-01-29 21:52:00+00:00,2026-01-29 21:58:00+00:00,5383.4,5373.643258204245,-9.756741795754351,1,uptrend_retrace_v15,stop_loss,uptrend_retrace_v15
2026-01-29 21:59:00+00:00,2026-01-29 23:01:00+00:00,5371.99,5393.527064905028,21.537064905028274,1,uptrend_retrace_v15,target_hit,uptrend_retrace_v15
2026-01-30 03:40:00+00:00,2026-01-30 03:40:00+00:00,5172.01,5162.253258204246,-9.756741795754351,1,uptrend_retrace_v15,stop_loss,uptrend_retrace_v15
2026-01-30 03:43:00+00:00,2026-01-30 03:43:00+00:00,5169.85,5160.093258204246,-9.756741795754351,1,uptrend_retrace_v15,stop_loss,uptrend_retrace_v15
2026-01-30 03:54:00+00:00,2026-01-30 04:02:00+00:00,5173.58,5212.537064905028,38.957064905028346,1,uptrend_retrace_v15,target_hit,uptrend_retrace_v15
2026-01-30 09:57:00+00:00,2026-01-30 09:57:00+00:00,5000.4,5013.467064905028,13.067064905028019,1,uptrend_retrace_v15,target_hit,uptrend_retrace_v15
2026-01-30 09:59:00+00:00,2026-01-30 09:59:00+00:00,5009.3,5022.367064905028,13.067064905028019,1,uptrend_retrace_v15,target_hit,uptrend_retrace_v15
2026-01-30 10:00:00+00:00,2026-01-30 10:00:00+00:00,5014.67,5027.737064905028,13.067064905028019,1,uptrend_retrace_v15,target_hit,uptrend_retrace_v15
2026-01-30 10:04:00+00:00,2026-01-30 10:04:00+00:00,5048.55,5038.793258204246,-9.756741795754351,1,uptrend_retrace_v15,stop_loss,uptrend_retrace_v15
2026-01-30 10:06:00+00:00,2026-01-30 10:08:00+00:00,5016.12,5006.3632582042455,-9.756741795754351,1,uptrend_retrace_v15,stop_loss,uptrend_retrace_v15
2026-01-30 10:09:00+00:00,2026-01-30 10:09:00+00:00,5009.3,5022.367064905028,13.067064905028019,1,uptrend_retrace_v15,target_hit,uptrend_retrace_v15
2026-01-30 10:10:00+00:00,2026-01-30 10:53:00+00:00,5020.3,5100.647064905028,80.34706490502776,1,uptrend_retrace_v15,target_hit,uptrend_retrace_v15
2026-01-30 18:43:00+00:00,2026-01-30 18:43:00+00:00,4756.13,4746.373258204246,-9.756741795754351,1,uptrend_retrace_v15,stop_loss,uptrend_retrace_v15
2026-01-30 18:44:00+00:00,2026-01-30 18:44:00+00:00,4763.9,4776.967064905028,13.067064905028019,1,uptrend_retrace_v15,target_hit,uptrend_retrace_v15
2026-01-30 18:45:00+00:00,2026-01-30 18:45:00+00:00,4780.17,4793.237064905028,13.067064905028019,1,uptrend_retrace_v15,target_hit,uptrend_retrace_v15
2026-01-30 18:46:00+00:00,2026-01-30 18:46:00+00:00,4802.77,4793.013258204246,-9.756741795754351,1,uptrend_retrace_v15,stop_loss,uptrend_retrace_v15
2026-01-30 18:47:00+00:00,2026-01-30 18:47:00+00:00,4803.17,4816.237064905028,13.067064905028019,1,uptrend_retrace_v15,target_hit,uptrend_retrace_v15
2026-01-30 18:48:00+00:00,2026-01-30 18:48:00+00:00,4811.77,4824.8370649050285,13.067064905028019,1,uptrend_retrace_v15,target_hit,uptrend_retrace_v15
2026-01-30 18:49:00+00:00,2026-01-30 18:49:00+00:00,4826.79,4817.033258204246,-9.756741795754351,1,uptrend_retrace_v15,stop_loss,uptrend_retrace_v15
2026-01-30 18:50:00+00:00,2026-01-30 18:50:00+00:00,4829.0,4819.243258204246,-9.756741795754351,1,uptrend_retrace_v15,stop_loss,uptrend_retrace_v15
2026-01-30 18:51:00+00:00,2026-01-30 18:51:00+00:00,4834.83,4847.897064905028,13.067064905028019,1,uptrend_retrace_v15,target_hit,uptrend_retrace_v15
2026-01-30 18:52:00+00:00,2026-01-30 18:52:00+00:00,4835.23,4825.473258204245,-9.756741795754351,1,uptrend_retrace_v15,stop_loss,uptrend_retrace_v15
2026-01-30 18:53:00+00:00,2026-01-30 18:53:00+00:00,4823.83,4836.897064905028,13.067064905028019,1,uptrend_retrace_v15,target_hit,uptrend_retrace_v15
2026-01-30 18:54:00+00:00,2026-01-30 18:54:00+00:00,4855.78,4846.023258204245,-9.756741795754351,1,uptrend_retrace_v15,stop_loss,uptrend_retrace_v15
2026-02-02 01:24:00+00:00,2026-02-02 01:24:00+00:00,4648.8,4661.867064905028,13.067064905028019,1,uptrend_retrace_v15,target_hit,uptrend_retrace_v15
2026-02-02 01:26:00+00:00,2026-02-02 01:26:00+00:00,4662.08,4675.147064905028,13.067064905028019,1,uptrend_retrace_v15,target_hit,uptrend_retrace_v15
2026-02-02 06:51:00+00:00,2026-02-02 06:51:00+00:00,4471.6,4461.843258204246,-9.756741795754351,1,uptrend_retrace_v15,stop_loss,uptrend_retrace_v15
2026-02-02 06:52:00+00:00,2026-02-02 06:52:00+00:00,4469.77,4460.013258204246,-9.756741795754351,1,uptrend_retrace_v15,stop_loss,uptrend_retrace_v15
2026-02-02 06:53:00+00:00,2026-02-02 06:55:00+00:00,4475.9,4497.857064905028,21.957064905028346,1,uptrend_retrace_v15,target_hit,uptrend_retrace_v15
2026-02-02 06:56:00+00:00,2026-02-02 06:57:00+00:00,4500.65,4522.387064905028,21.73706490502809,1,uptrend_retrace_v15,target_hit,uptrend_retrace_v15
2026-02-02 06:58:00+00:00,2026-02-02 06:58:00+00:00,4518.7,4508.9432582042455,-9.756741795754351,1,uptrend_retrace_v15,stop_loss,uptrend_retrace_v15
2026-02-02 06:59:00+00:00,2026-02-02 07:00:00+00:00,4504.15,4494.393258204245,-9.756741795754351,1,uptrend_retrace_v15,stop_loss,uptrend_retrace_v15
2026-02-02 07:01:00+00:00,2026-02-02 07:02:00+00:00,4506.75,4525.027064905028,18.277064905028055,1,uptrend_retrace_v15,target_hit,uptrend_retrace_v15
2026-02-02 07:03:00+00:00,2026-02-02 07:07:00+00:00,4525.97,4549.817064905028,23.847064905027764,1,uptrend_retrace_v15,target_hit,uptrend_retrace_v15
2026-02-02 07:08:00+00:00,2026-02-02 07:10:00+00:00,4547.35,4537.593258204246,-9.756741795754351,1,uptrend_retrace_v15,stop_loss,uptrend_retrace_v15
2026-02-02 07:11:00+00:00,2026-02-02 07:11:00+00:00,4535.8,4526.043258204246,-9.756741795754351,1,uptrend_retrace_v15,stop_loss,uptrend_retrace_v15
2026-02-02 07:12:00+00:00,2026-02-02 07:15:00+00:00,4536.02,4555.267064905028,19.2470649050274,1,uptrend_retrace_v15,target_hit,uptrend_retrace_v15
2026-02-02 07:17:00+00:00,2026-02-02 07:17:00+00:00,4536.69,4526.933258204245,-9.756741795754351,1,uptrend_retrace_v15,stop_loss,uptrend_retrace_v15
2026-02-02 07:18:00+00:00,2026-02-02 07:19:00+00:00,4538.75,4528.993258204246,-9.756741795754351,1,uptrend_retrace_v15,stop_loss,uptrend_retrace_v15
2026-02-02 07:20:00+00:00,2026-02-02 07:20:00+00:00,4528.13,4541.197064905028,13.067064905028019,1,uptrend_retrace_v15,target_hit,uptrend_retrace_v15
2026-02-02 07:21:00+00:00,2026-02-02 07:24:00+00:00,4537.98,4556.937064905028,18.957064905028346,1,uptrend_retrace_v15,target_hit,uptrend_retrace_v15
2026-02-02 07:25:00+00:00,2026-02-02 07:25:00+00:00,4549.35,4562.417064905028,13.067064905028019,1,uptrend_retrace_v15,target_hit,uptrend_retrace_v15
2026-02-02 07:32:00+00:00,2026-02-02 07:32:00+00:00,4538.9,4529.143258204245,-9.756741795754351,1,uptrend_retrace_v15,stop_loss,uptrend_retrace_v15
2026-02-02 07:33:00+00:00,2026-02-02 07:37:00+00:00,4527.34,4559.427064905028,32.087064905027546,1,uptrend_retrace_v15,target_hit,uptrend_retrace_v15
2026-02-02 07:38:00+00:00,2026-02-02 07:38:00+00:00,4565.1,4555.343258204246,-9.756741795754351,1,uptrend_retrace_v15,stop_loss,uptrend_retrace_v15
2026-02-02 07:39:00+00:00,2026-02-02 07:40:00+00:00,4562.1,4581.367064905028,19.267064905027837,1,uptrend_retrace_v15,target_hit,uptrend_retrace_v15
2026-02-02 07:41:00+00:00,2026-02-02 07:42:00+00:00,4582.8,4573.043258204246,-9.756741795754351,1,uptrend_retrace_v15,stop_loss,uptrend_retrace_v15
2026-02-02 07:43:00+00:00,2026-02-02 07:45:00+00:00,4572.17,4596.667064905028,24.49706490502831,1,uptrend_retrace_v15,target_hit,uptrend_retrace_v15
2026-02-02 08:00:00+00:00,2026-02-02 08:00:00+00:00,4587.98,4578.223258204245,-9.756741795754351,1,uptrend_retrace_v15,stop_loss,uptrend_retrace_v15
2026-02-02 08:01:00+00:00,2026-02-02 08:02:00+00:00,4577.44,4567.683258204245,-9.756741795754351,1,uptrend_retrace_v15,stop_loss,uptrend_retrace_v15
2026-02-02 08:03:00+00:00,2026-02-02 08:07:00+00:00,4576.85,4597.497064905028,20.647064905027946,1,uptrend_retrace_v15,target_hit,uptrend_retrace_v15
2026-02-02 08:08:00+00:00,2026-02-02 08:09:00+00:00,4598.1,4617.367064905028,19.267064905027837,1,uptrend_retrace_v15,target_hit,uptrend_retrace_v15
2026-02-02 08:12:00+00:00,2026-02-02 08:14:00+00:00,4617.28,4607.523258204245,-9.756741795754351,1,uptrend_retrace_v15,stop_loss,uptrend_retrace_v15
2026-02-02 08:15:00+00:00,2026-02-02 08:20:00+00:00,4610.08,4635.417064905028,25.337064905028456,1,uptrend_retrace_v15,target_hit,uptrend_retrace_v15
2026-02-02 08:36:00+00:00,2026-02-02 08:36:00+00:00,4626.25,4616.493258204246,-9.756741795754351,1,uptrend_retrace_v15,stop_loss,uptrend_retrace_v15
2026-02-02 08:37:00+00:00,2026-02-02 08:38:00+00:00,4623.1,4613.343258204246,-9.756741795754351,1,uptrend_retrace_v15,stop_loss,uptrend_retrace_v15
2026-02-02 08:39:00+00:00,2026-02-02 08:39:00+00:00,4613.74,4626.807064905028,13.067064905028019,1,uptrend_retrace_v15,target_hit,uptrend_retrace_v15
2026-02-02 09:03:00+00:00,2026-02-02 09:03:00+00:00,4618.67,4608.913258204246,-9.756741795754351,1,uptrend_retrace_v15,stop_loss,uptrend_retrace_v15
2026-02-02 09:05:00+00:00,2026-02-02 09:09:00+00:00,4628.25,4618.493258204246,-9.756741795754351,1,uptrend_retrace_v15,stop_loss,uptrend_retrace_v15
2026-02-02 09:10:00+00:00,2026-02-02 09:11:00+00:00,4633.35,4649.617064905028,16.267064905027837,1,uptrend_retrace_v15,target_hit,uptrend_retrace_v15
2026-02-02 09:15:00+00:00,2026-02-02 09:16:00+00:00,4647.23,4637.473258204245,-9.756741795754351,1,uptrend_retrace_v15,stop_loss,uptrend_retrace_v15
2026-02-02 09:17:00+00:00,2026-02-02 09:17:00+00:00,4636.87,4649.937064905028,13.067064905028019,1,uptrend_retrace_v15,target_hit,uptrend_retrace_v15
2026-02-02 09:18:00+00:00,2026-02-02 09:19:00+00:00,4646.1,4636.343258204246,-9.756741795754351,1,uptrend_retrace_v15,stop_loss,uptrend_retrace_v15
2026-02-02 09:20:00+00:00,2026-02-02 09:20:00+00:00,4641.95,4632.1932582042455,-9.756741795754351,1,uptrend_retrace_v15,stop_loss,uptrend_retrace_v15
2026-02-02 09:21:00+00:00,2026-02-02 09:22:00+00:00,4627.03,4643.567064905028,16.537064905028274,1,uptrend_retrace_v15,target_hit,uptrend_retrace_v15
2026-02-02 09:23:00+00:00,2026-02-02 09:25:00+00:00,4644.2,4658.617064905028,14.417064905028383,1,uptrend_retrace_v15,target_hit,uptrend_retrace_v15
2026-02-02 10:28:00+00:00,2026-02-02 10:29:00+00:00,4671.17,4686.647064905028,15.477064905027873,1,uptrend_retrace_v15,target_hit,uptrend_retrace_v15
2026-02-02 10:37:00+00:00,2026-02-02 10:38:00+00:00,4670.34,4683.407064905028,13.067064905028019,1,uptrend_retrace_v15,target_hit,uptrend_retrace_v15
2026-02-02 10:42:00+00:00,2026-02-02 10:45:00+00:00,4678.47,4668.713258204246,-9.756741795754351,1,uptrend_retrace_v15,stop_loss,uptrend_retrace_v15
2026-02-02 10:46:00+00:00,2026-02-02 10:55:00+00:00,4660.71,4709.917064905028,49.207064905028346,1,uptrend_retrace_v15,target_hit,uptrend_retrace_v15
2026-02-02 10:56:00+00:00,2026-02-02 10:56:00+00:00,4711.59,4701.833258204246,-9.756741795754351,1,uptrend_retrace_v15,stop_loss,uptrend_retrace_v15
2026-02-02 10:57:00+00:00,2026-02-02 11:07:00+00:00,4705.33,4722.757064905028,17.42706490502769,1,uptrend_retrace_v15,target_hit,uptrend_retrace_v15
2026-02-02 23:30:00+00:00,2026-02-02 23:31:00+00:00,4738.07,4728.313258204245,-9.756741795754351,1,uptrend_retrace_v15,stop_loss,uptrend_retrace_v15
2026-02-02 23:32:00+00:00,2026-02-02 23:49:00+00:00,4725.81,4755.297064905028,29.487064905027182,1,uptrend_retrace_v15,target_hit,uptrend_retrace_v15
2026-02-03 02:27:00+00:00,2026-02-03 02:29:00+00:00,4765.52,4778.5870649050285,13.067064905028019,1,uptrend_retrace_v15,target_hit,uptrend_retrace_v15
2026-02-03 02:31:00+00:00,2026-02-03 02:35:00+00:00,4768.5,4787.277064905028,18.777064905028055,1,uptrend_retrace_v15,target_hit,uptrend_retrace_v15
2026-02-03 02:38:00+00:00,2026-02-03 02:44:00+00:00,4768.58,4758.823258204246,-9.756741795754351,1,uptrend_retrace_v15,stop_loss,uptrend_retrace_v15
2026-02-03 02:45:00+00:00,2026-02-03 02:47:00+00:00,4755.61,4745.853258204245,-9.756741795754351,1,uptrend_retrace_v15,stop_loss,uptrend_retrace_v15
2026-02-03 02:48:00+00:00,2026-02-03 03:00:00+00:00,4757.13,4786.807064905028,29.67706490502769,1,uptrend_retrace_v15,target_hit,uptrend_retrace_v15
2026-02-03 03:08:00+00:00,2026-02-03 03:10:00+00:00,4778.46,4768.703258204246,-9.756741795754351,1,uptrend_retrace_v15,stop_loss,uptrend_retrace_v15
2026-02-03 03:12:00+00:00,2026-02-03 03:16:00+00:00,4771.12,4761.3632582042455,-9.756741795754351,1,uptrend_retrace_v15,stop_loss,uptrend_retrace_v15
2026-02-03 03:31:00+00:00,2026-02-03 06:14:00+00:00,4780.24,4846.617064905028,66.37706490502842,1,uptrend_retrace_v15,target_hit,uptrend_retrace_v15
2026-02-03 06:51:00+00:00,2026-02-03 06:53:00+00:00,4870.28,4883.347064905028,13.067064905028019,1,uptrend_retrace_v15,target_hit,uptrend_retrace_v15
2026-02-03 06:55:00+00:00,2026-02-03 07:05:00+00:00,4873.61,4886.677064905028,13.067064905028019,1,uptrend_retrace_v15,target_hit,uptrend_retrace_v15
2026-02-03 09:28:00+00:00,2026-02-03 09:30:00+00:00,4895.69,4885.933258204245,-9.756741795754351,1,uptrend_retrace_v15,stop_loss,uptrend_retrace_v15
2026-02-03 09:31:00+00:00,2026-02-03 09:32:00+00:00,4888.49,4901.557064905028,13.067064905028019,1,uptrend_retrace_v15,target_hit,uptrend_retrace_v15
2026-02-03 23:06:00+00:00,2026-02-03 23:07:00+00:00,4948.75,4938.993258204246,-9.756741795754351,1,uptrend_retrace_v15,stop_loss,uptrend_retrace_v15
2026-02-03 23:42:00+00:00,2026-02-04 00:08:00+00:00,4945.83,4963.967064905028,18.137064905027728,1,uptrend_retrace_v15,target_hit,uptrend_retrace_v15
2026-02-04 01:31:00+00:00,2026-02-04 01:38:00+00:00,5026.59,5016.833258204246,-9.756741795754351,1,uptrend_retrace_v15,stop_loss,uptrend_retrace_v15
2026-02-04 01:39:00+00:00,2026-02-04 01:49:00+00:00,5013.94,5045.467064905028,31.527064905028055,1,uptrend_retrace_v15,target_hit,uptrend_retrace_v15
2026-02-04 02:39:00+00:00,2026-02-04 02:42:00+00:00,5042.01,5056.917064905028,14.907064905028165,1,uptrend_retrace_v15,target_hit,uptrend_retrace_v15
2026-02-04 02:53:00+00:00,2026-02-04 03:12:00+00:00,5043.73,5056.797064905028,13.067064905028019,1,uptrend_retrace_v15,target_hit,uptrend_retrace_v15
2026-02-04 03:18:00+00:00,2026-02-04 03:30:00+00:00,5043.6,5056.987064905028,13.387064905027728,1,uptrend_retrace_v15,target_hit,uptrend_retrace_v15
2026-02-04 18:08:00+00:00,2026-02-04 18:12:00+00:00,4917.79,4908.033258204246,-9.756741795754351,1,uptrend_retrace_v15,stop_loss,uptrend_retrace_v15
2026-02-04 18:26:00+00:00,2026-02-04 18:38:00+00:00,4922.79,4913.033258204246,-9.756741795754351,1,uptrend_retrace_v15,stop_loss,uptrend_retrace_v15
2026-02-04 18:43:00+00:00,2026-02-04 19:08:00+00:00,4918.6,4938.517064905028,19.917064905027473,1,uptrend_retrace_v15,target_hit,uptrend_retrace_v15
2026-02-04 19:23:00+00:00,2026-02-04 19:25:00+00:00,4922.87,4935.937064905028,13.067064905028019,1,uptrend_retrace_v15,target_hit,uptrend_retrace_v15
2026-02-04 19:57:00+00:00,2026-02-04 20:11:00+00:00,4937.04,4927.283258204246,-9.756741795754351,1,uptrend_retrace_v15,stop_loss,uptrend_retrace_v15
2026-02-04 20:12:00+00:00,2026-02-04 20:30:00+00:00,4925.08,4915.323258204246,-9.756741795754351,1,uptrend_retrace_v15,stop_loss,uptrend_retrace_v15
2026-02-04 20:31:00+00:00,2026-02-04 20:39:00+00:00,4918.27,4945.987064905028,27.717064905027655,1,uptrend_retrace_v15,target_hit,uptrend_retrace_v15
2026-02-05 01:12:00+00:00,2026-02-05 01:12:00+00:00,4990.12,4980.3632582042455,-9.756741795754351,1,uptrend_retrace_v15,stop_loss,uptrend_retrace_v15
2026-02-05 05:41:00+00:00,2026-02-05 05:42:00+00:00,4860.65,4876.647064905028,15.99706490502831,1,uptrend_retrace_v15,target_hit,uptrend_retrace_v15
2026-02-05 05:43:00+00:00,2026-02-05 05:45:00+00:00,4877.96,4900.107064905028,22.147064905027946,1,uptrend_retrace_v15,target_hit,uptrend_retrace_v15
2026-02-05 05:46:00+00:00,2026-02-05 05:47:00+00:00,4900.6,4890.843258204246,-9.756741795754351,1,uptrend_retrace_v15,stop_loss,uptrend_retrace_v15
2026-02-05 05:48:00+00:00,2026-02-05 06:13:00+00:00,4887.38,4920.807064905028,33.42706490502769,1,uptrend_retrace_v15,target_hit,uptrend_retrace_v15
2026-02-06 00:30:00+00:00,2026-02-06 00:31:00+00:00,4724.52,4714.763258204246,-9.756741795754351,1,uptrend_retrace_v15,stop_loss,uptrend_retrace_v15
2026-02-06 00:40:00+00:00,2026-02-06 00:40:00+00:00,4741.0,4754.067064905028,13.067064905028019,1,uptrend_retrace_v15,target_hit,uptrend_retrace_v15
2026-02-06 01:18:00+00:00,2026-02-06 01:19:00+00:00,4725.73,4715.973258204245,-9.756741795754351,1,uptrend_retrace_v15,stop_loss,uptrend_retrace_v15
2026-02-06 01:21:00+00:00,2026-02-06 01:22:00+00:00,4724.79,4715.033258204246,-9.756741795754351,1,uptrend_retrace_v15,stop_loss,uptrend_retrace_v15
2026-02-06 01:28:00+00:00,2026-02-06 01:28:00+00:00,4729.04,4719.283258204246,-9.756741795754351,1,uptrend_retrace_v15,stop_loss,uptrend_retrace_v15
2026-02-06 01:32:00+00:00,2026-02-06 01:54:00+00:00,4728.5,4768.0870649050285,39.587064905028456,1,uptrend_retrace_v15,target_hit,uptrend_retrace_v15
2026-02-06 01:58:00+00:00,2026-02-06 02:10:00+00:00,4768.81,4792.0870649050285,23.277064905028055,1,uptrend_retrace_v15,target_hit,uptrend_retrace_v15
2026-02-06 02:16:00+00:00,2026-02-06 02:20:00+00:00,4787.17,4800.237064905028,13.067064905028019,1,uptrend_retrace_v15,target_hit,uptrend_retrace_v15
2026-02-06 03:24:00+00:00,2026-02-06 05:25:00+00:00,4807.62,4837.277064905028,29.657064905028165,1,uptrend_retrace_v15,target_hit,uptrend_retrace_v15
2026-02-09 01:33:00+00:00,2026-02-09 01:36:00+00:00,5000.07,4990.313258204245,-9.756741795754351,1,uptrend_retrace_v15,stop_loss,uptrend_retrace_v15
2026-02-20 15:19:00+00:00,2026-02-20 15:20:00+00:00,5044.65,5034.893258204245,-9.756741795754351,1,uptrend_retrace_v15,stop_loss,uptrend_retrace_v15
2026-02-20 15:42:00+00:00,2026-02-20 16:32:00+00:00,5038.43,5061.967064905028,23.537064905027364,1,uptrend_retrace_v15,target_hit,uptrend_retrace_v15
2026-02-20 18:28:00+00:00,2026-02-20 18:38:00+00:00,5060.19,5073.257064905028,13.067064905028019,1,uptrend_retrace_v15,target_hit,uptrend_retrace_v15
2026-02-23 00:06:00+00:00,2026-02-23 00:12:00+00:00,5143.87,5134.1132582042455,-9.756741795754351,1,uptrend_retrace_v15,stop_loss,uptrend_retrace_v15
2026-02-23 00:13:00+00:00,2026-02-23 00:15:00+00:00,5141.44,5131.683258204245,-9.756741795754351,1,uptrend_retrace_v15,stop_loss,uptrend_retrace_v15
2026-02-23 00:16:00+00:00,2026-02-23 02:40:00+00:00,5134.13,5170.187064905028,36.0570649050278,1,uptrend_retrace_v15,target_hit,uptrend_retrace_v15
2026-02-24 15:32:00+00:00,2026-02-24 15:45:00+00:00,5137.37,5155.237064905028,17.8670649050282,1,uptrend_retrace_v15,target_hit,uptrend_retrace_v15
2026-02-24 16:07:00+00:00,2026-02-24 16:33:00+00:00,5147.16,5137.4032582042455,-9.756741795754351,1,uptrend_retrace_v15,stop_loss,uptrend_retrace_v15
2026-02-24 16:35:00+00:00,2026-02-24 17:17:00+00:00,5137.31,5159.657064905028,22.347064905027764,1,uptrend_retrace_v15,target_hit,uptrend_retrace_v15
2026-02-25 02:51:00+00:00,2026-02-25 02:51:00+00:00,5177.6,5167.843258204246,-9.756741795754351,1,uptrend_retrace_v15,stop_loss,uptrend_retrace_v15
2026-02-26 17:49:00+00:00,2026-02-26 17:56:00+00:00,5173.5,5163.743258204246,-9.756741795754351,1,uptrend_retrace_v15,stop_loss,uptrend_retrace_v15
2026-02-26 18:43:00+00:00,2026-02-26 19:48:00+00:00,5179.1,5192.167064905028,13.067064905028019,1,uptrend_retrace_v15,target_hit,uptrend_retrace_v15
2026-02-27 13:32:00+00:00,2026-02-27 13:40:00+00:00,5223.44,5213.683258204245,-9.756741795754351,1,uptrend_retrace_v15,stop_loss,uptrend_retrace_v15
2026-02-27 13:41:00+00:00,2026-02-27 15:13:00+00:00,5212.94,5239.827064905028,26.887064905028637,1,uptrend_retrace_v15,target_hit,uptrend_retrace_v15
2026-02-27 15:19:00+00:00,2026-02-27 15:52:00+00:00,5223.17,5239.017064905028,15.847064905027764,1,uptrend_retrace_v15,target_hit,uptrend_retrace_v15
2026-03-02 01:04:00+00:00,2026-03-02 01:04:00+00:00,5316.88,5329.947064905028,13.067064905028019,1,uptrend_retrace_v15,target_hit,uptrend_retrace_v15
2026-03-02 01:30:00+00:00,2026-03-02 04:00:00+00:00,5307.19,5367.897064905028,60.707064905028346,1,uptrend_retrace_v15,target_hit,uptrend_retrace_v15
2026-03-02 04:31:00+00:00,2026-03-02 04:37:00+00:00,5359.88,5350.123258204246,-9.756741795754351,1,uptrend_retrace_v15,stop_loss,uptrend_retrace_v15
2026-03-02 04:38:00+00:00,2026-03-02 06:05:00+00:00,5347.12,5367.437064905028,20.31706490502802,1,uptrend_retrace_v15,target_hit,uptrend_retrace_v15
2026-03-02 17:06:00+00:00,2026-03-02 17:12:00+00:00,5303.82,5294.063258204245,-9.756741795754351,1,uptrend_retrace_v15,stop_loss,uptrend_retrace_v15
2026-03-02 17:14:00+00:00,2026-03-02 17:31:00+00:00,5300.98,5315.397064905028,14.417064905028383,1,uptrend_retrace_v15,target_hit,uptrend_retrace_v15
2026-03-02 17:43:00+00:00,2026-03-02 18:05:00+00:00,5305.7,5295.9432582042455,-9.756741795754351,1,uptrend_retrace_v15,stop_loss,uptrend_retrace_v15
2026-03-02 18:17:00+00:00,2026-03-02 18:33:00+00:00,5302.66,5292.9032582042455,-9.756741795754351,1,uptrend_retrace_v15,stop_loss,uptrend_retrace_v15
2026-03-02 18:45:00+00:00,2026-03-02 20:08:00+00:00,5303.62,5342.677064905028,39.0570649050278,1,uptrend_retrace_v15,target_hit,uptrend_retrace_v15
2026-03-02 20:20:00+00:00,2026-03-02 20:26:00+00:00,5329.76,5346.3370649050285,16.577064905028237,1,uptrend_retrace_v15,target_hit,uptrend_retrace_v15
2026-03-02 20:59:00+00:00,2026-03-02 21:52:00+00:00,5332.78,5323.023258204245,-9.756741795754351,1,uptrend_retrace_v15,stop_loss,uptrend_retrace_v15
2026-03-02 23:02:00+00:00,2026-03-02 23:04:00+00:00,5333.42,5346.487064905028,13.067064905028019,1,uptrend_retrace_v15,target_hit,uptrend_retrace_v15
2026-03-02 23:11:00+00:00,2026-03-03 00:14:00+00:00,5334.56,5347.627064905028,13.067064905028019,1,uptrend_retrace_v15,target_hit,uptrend_retrace_v15
2026-03-03 15:22:00+00:00,2026-03-03 15:23:00+00:00,5044.69,5034.933258204245,-9.756741795754351,1,uptrend_retrace_v15,stop_loss,uptrend_retrace_v15
2026-03-03 15:26:00+00:00,2026-03-03 15:58:00+00:00,5044.5,5094.897064905028,50.397064905027946,1,uptrend_retrace_v15,target_hit,uptrend_retrace_v15
2026-03-03 17:31:00+00:00,2026-03-03 17:33:00+00:00,5081.65,5071.893258204245,-9.756741795754351,1,uptrend_retrace_v15,stop_loss,uptrend_retrace_v15
2026-03-03 17:34:00+00:00,2026-03-03 18:39:00+00:00,5073.23,5128.687064905028,55.457064905028346,1,uptrend_retrace_v15,target_hit,uptrend_retrace_v15
2026-03-04 01:27:00+00:00,2026-03-04 01:44:00+00:00,5148.23,5163.137064905028,14.907064905028165,1,uptrend_retrace_v15,target_hit,uptrend_retrace_v15
2026-03-04 03:00:00+00:00,2026-03-04 03:04:00+00:00,5156.19,5146.433258204245,-9.756741795754351,1,uptrend_retrace_v15,stop_loss,uptrend_retrace_v15
2026-03-04 03:08:00+00:00,2026-03-04 06:02:00+00:00,5148.99,5143.21,-5.779999999999745,1,uptrend_retrace_v15,timeout,uptrend_retrace_v15
2026-03-06 14:56:00+00:00,2026-03-06 14:59:00+00:00,5113.66,5129.447064905028,15.787064905028274,1,uptrend_retrace_v15,target_hit,uptrend_retrace_v15
2026-03-06 15:13:00+00:00,2026-03-06 15:13:00+00:00,5142.52,5155.5870649050285,13.067064905028019,1,uptrend_retrace_v15,target_hit,uptrend_retrace_v15
2026-03-06 16:28:00+00:00,2026-03-06 16:39:00+00:00,5140.4,5130.643258204245,-9.756741795754351,1,uptrend_retrace_v15,stop_loss,uptrend_retrace_v15
2026-03-06 16:40:00+00:00,2026-03-06 19:13:00+00:00,5130.82,5169.607064905028,38.787064905028274,1,uptrend_retrace_v15,target_hit,uptrend_retrace_v15
2026-03-09 01:07:00+00:00,2026-03-09 01:10:00+00:00,5058.19,5048.433258204245,-9.756741795754351,1,uptrend_retrace_v15,stop_loss,uptrend_retrace_v15
2026-03-09 01:12:00+00:00,2026-03-09 01:17:00+00:00,5061.82,5081.577064905028,19.75706490502853,1,uptrend_retrace_v15,target_hit,uptrend_retrace_v15
2026-03-09 01:30:00+00:00,2026-03-09 01:33:00+00:00,5071.81,5084.877064905028,13.067064905028019,1,uptrend_retrace_v15,target_hit,uptrend_retrace_v15
2026-03-09 01:53:00+00:00,2026-03-09 02:03:00+00:00,5071.67,5061.913258204246,-9.756741795754351,1,uptrend_retrace_v15,stop_loss,uptrend_retrace_v15
2026-03-09 02:05:00+00:00,2026-03-09 02:10:00+00:00,5064.84,5093.447064905028,28.607064905027983,1,uptrend_retrace_v15,target_hit,uptrend_retrace_v15
2026-03-09 02:20:00+00:00,2026-03-09 05:23:00+00:00,5079.46,5104.357064905028,24.897064905027946,1,uptrend_retrace_v15,target_hit,uptrend_retrace_v15
2026-03-09 22:03:00+00:00,2026-03-09 22:03:00+00:00,5133.69,5123.933258204245,-9.756741795754351,1,uptrend_retrace_v15,stop_loss,uptrend_retrace_v15
2026-03-09 22:07:00+00:00,2026-03-09 22:07:00+00:00,5135.85,5126.093258204246,-9.756741795754351,1,uptrend_retrace_v15,stop_loss,uptrend_retrace_v15
2026-03-09 22:09:00+00:00,2026-03-09 22:23:00+00:00,5133.96,5124.203258204246,-9.756741795754351,1,uptrend_retrace_v15,stop_loss,uptrend_retrace_v15
2026-03-09 22:32:00+00:00,2026-03-09 22:58:00+00:00,5133.67,5147.417064905028,13.74706490502831,1,uptrend_retrace_v15,target_hit,uptrend_retrace_v15
2026-03-10 14:17:00+00:00,2026-03-10 15:20:00+00:00,5210.79,5227.5870649050285,16.797064905028492,1,uptrend_retrace_v15,target_hit,uptrend_retrace_v15
2026-03-16 02:32:00+00:00,2026-03-16 04:01:00+00:00,5006.78,5021.447064905028,14.667064905028383,1,uptrend_retrace_v15,target_hit,uptrend_retrace_v15
2026-03-18 15:25:00+00:00,2026-03-18 15:44:00+00:00,4874.58,4864.823258204246,-9.756741795754351,1,uptrend_retrace_v15,stop_loss,uptrend_retrace_v15
2026-03-18 16:12:00+00:00,2026-03-18 17:24:00+00:00,4873.63,4895.437064905028,21.8070649050278,1,uptrend_retrace_v15,target_hit,uptrend_retrace_v15
2026-03-19 13:17:00+00:00,2026-03-19 13:18:00+00:00,4549.21,4562.277064905028,13.067064905028019,1,uptrend_retrace_v15,target_hit,uptrend_retrace_v15
2026-03-19 13:41:00+00:00,2026-03-19 13:41:00+00:00,4550.68,4563.747064905028,13.067064905028019,1,uptrend_retrace_v15,target_hit,uptrend_retrace_v15
2026-03-19 13:47:00+00:00,2026-03-19 13:47:00+00:00,4554.56,4544.803258204246,-9.756741795754351,1,uptrend_retrace_v15,stop_loss,uptrend_retrace_v15
2026-03-19 13:51:00+00:00,2026-03-19 13:53:00+00:00,4570.84,4592.747064905028,21.907064905028165,1,uptrend_retrace_v15,target_hit,uptrend_retrace_v15
2026-03-19 15:32:00+00:00,2026-03-19 15:32:00+00:00,4589.97,4580.213258204246,-9.756741795754351,1,uptrend_retrace_v15,stop_loss,uptrend_retrace_v15
2026-03-19 15:33:00+00:00,2026-03-19 15:33:00+00:00,4584.57,4574.813258204245,-9.756741795754351,1,uptrend_retrace_v15,stop_loss,uptrend_retrace_v15
2026-03-19 15:34:00+00:00,2026-03-19 15:56:00+00:00,4574.9,4603.267064905028,28.3670649050282,1,uptrend_retrace_v15,target_hit,uptrend_retrace_v15
2026-03-19 16:36:00+00:00,2026-03-19 17:10:00+00:00,4585.66,4575.9032582042455,-9.756741795754351,1,uptrend_retrace_v15,stop_loss,uptrend_retrace_v15
2026-03-19 17:11:00+00:00,2026-03-19 17:52:00+00:00,4578.26,4629.627064905028,51.3670649050282,1,uptrend_retrace_v15,target_hit,uptrend_retrace_v15
2026-03-19 18:05:00+00:00,2026-03-19 18:07:00+00:00,4611.08,4601.323258204246,-9.756741795754351,1,uptrend_retrace_v15,stop_loss,uptrend_retrace_v15
2026-03-19 18:10:00+00:00,2026-03-19 18:34:00+00:00,4611.71,4601.953258204246,-9.756741795754351,1,uptrend_retrace_v15,stop_loss,uptrend_retrace_v15
2026-03-19 18:48:00+00:00,2026-03-19 19:00:00+00:00,4611.94,4636.037064905028,24.097064905028674,1,uptrend_retrace_v15,target_hit,uptrend_retrace_v15
2026-03-19 19:04:00+00:00,2026-03-19 19:06:00+00:00,4630.33,4643.397064905028,13.067064905028019,1,uptrend_retrace_v15,target_hit,uptrend_retrace_v15
2026-03-19 19:21:00+00:00,2026-03-19 19:26:00+00:00,4647.63,4637.873258204246,-9.756741795754351,1,uptrend_retrace_v15,stop_loss,uptrend_retrace_v15
2026-03-19 19:27:00+00:00,2026-03-19 20:22:00+00:00,4638.05,4660.647064905028,22.597064905027764,1,uptrend_retrace_v15,target_hit,uptrend_retrace_v15
2026-03-19 22:56:00+00:00,2026-03-19 22:59:00+00:00,4648.51,4638.753258204246,-9.756741795754351,1,uptrend_retrace_v15,stop_loss,uptrend_retrace_v15
2026-03-19 23:01:00+00:00,2026-03-19 23:35:00+00:00,4647.25,4637.493258204246,-9.756741795754351,1,uptrend_retrace_v15,stop_loss,uptrend_retrace_v15
2026-03-20 02:24:00+00:00,2026-03-20 02:49:00+00:00,4683.14,4696.917064905028,13.777064905028055,1,uptrend_retrace_v15,target_hit,uptrend_retrace_v15
2026-03-23 07:34:00+00:00,2026-03-23 07:36:00+00:00,4159.94,4177.147064905028,17.207064905028346,1,uptrend_retrace_v15,target_hit,uptrend_retrace_v15
2026-03-23 07:37:00+00:00,2026-03-23 07:38:00+00:00,4180.45,4193.517064905028,13.067064905028019,1,uptrend_retrace_v15,target_hit,uptrend_retrace_v15
2026-03-23 07:39:00+00:00,2026-03-23 07:39:00+00:00,4193.42,4183.663258204246,-9.756741795754351,1,uptrend_retrace_v15,stop_loss,uptrend_retrace_v15
2026-03-23 07:40:00+00:00,2026-03-23 07:41:00+00:00,4180.25,4201.627064905028,21.37706490502842,1,uptrend_retrace_v15,target_hit,uptrend_retrace_v15
2026-03-23 07:42:00+00:00,2026-03-23 07:42:00+00:00,4202.63,4192.873258204246,-9.756741795754351,1,uptrend_retrace_v15,stop_loss,uptrend_retrace_v15
2026-03-23 07:43:00+00:00,2026-03-23 07:44:00+00:00,4191.04,4214.647064905028,23.607064905027983,1,uptrend_retrace_v15,target_hit,uptrend_retrace_v15
2026-03-23 07:51:00+00:00,2026-03-23 07:52:00+00:00,4211.19,4201.433258204245,-9.756741795754351,1,uptrend_retrace_v15,stop_loss,uptrend_retrace_v15
2026-03-23 07:53:00+00:00,2026-03-23 07:53:00+00:00,4200.29,4190.533258204246,-9.756741795754351,1,uptrend_retrace_v15,stop_loss,uptrend_retrace_v15
2026-03-23 07:54:00+00:00,2026-03-23 08:00:00+00:00,4189.84,4217.647064905028,27.8070649050278,1,uptrend_retrace_v15,target_hit,uptrend_retrace_v15
2026-03-23 08:01:00+00:00,2026-03-23 08:01:00+00:00,4226.54,4216.783258204246,-9.756741795754351,1,uptrend_retrace_v15,stop_loss,uptrend_retrace_v15
2026-03-23 08:02:00+00:00,2026-03-23 08:09:00+00:00,4216.48,4241.687064905028,25.207064905028346,1,uptrend_retrace_v15,target_hit,uptrend_retrace_v15
2026-03-23 08:18:00+00:00,2026-03-23 08:20:00+00:00,4221.81,4212.053258204246,-9.756741795754351,1,uptrend_retrace_v15,stop_loss,uptrend_retrace_v15
2026-03-23 08:21:00+00:00,2026-03-23 08:32:00+00:00,4213.1,4251.717064905028,38.61706490502729,1,uptrend_retrace_v15,target_hit,uptrend_retrace_v15
2026-03-23 08:51:00+00:00,2026-03-23 08:56:00+00:00,4230.18,4220.423258204246,-9.756741795754351,1,uptrend_retrace_v15,stop_loss,uptrend_retrace_v15
2026-03-23 08:57:00+00:00,2026-03-23 08:57:00+00:00,4224.71,4237.777064905028,13.067064905028019,1,uptrend_retrace_v15,target_hit,uptrend_retrace_v15
2026-03-23 08:58:00+00:00,2026-03-23 08:59:00+00:00,4237.93,4250.997064905028,13.067064905028019,1,uptrend_retrace_v15,target_hit,uptrend_retrace_v15
2026-03-23 09:38:00+00:00,2026-03-23 09:39:00+00:00,4262.1,4252.343258204246,-9.756741795754351,1,uptrend_retrace_v15,stop_loss,uptrend_retrace_v15
2026-03-23 09:40:00+00:00,2026-03-23 09:42:00+00:00,4241.29,4231.533258204246,-9.756741795754351,1,uptrend_retrace_v15,stop_loss,uptrend_retrace_v15
2026-03-23 09:43:00+00:00,2026-03-23 10:18:00+00:00,4231.83,4274.897064905028,43.06706490502802,1,uptrend_retrace_v15,target_hit,uptrend_retrace_v15
2026-03-23 10:38:00+00:00,2026-03-23 10:50:00+00:00,4245.85,4274.367064905028,28.517064905027837,1,uptrend_retrace_v15,target_hit,uptrend_retrace_v15
2026-03-23 10:51:00+00:00,2026-03-23 10:51:00+00:00,4277.48,4267.723258204245,-9.756741795754351,1,uptrend_retrace_v15,stop_loss,uptrend_retrace_v15
2026-03-23 10:52:00+00:00,2026-03-23 10:56:00+00:00,4267.78,4258.023258204245,-9.756741795754351,1,uptrend_retrace_v15,stop_loss,uptrend_retrace_v15
2026-03-23 10:57:00+00:00,2026-03-23 11:00:00+00:00,4258.45,4282.237064905028,23.787064905028274,1,uptrend_retrace_v15,target_hit,uptrend_retrace_v15
2026-03-23 11:01:00+00:00,2026-03-23 11:05:00+00:00,4286.0,4303.257064905028,17.25706490502762,1,uptrend_retrace_v15,target_hit,uptrend_retrace_v15
2026-03-23 12:03:00+00:00,2026-03-23 12:05:00+00:00,4356.01,4346.253258204246,-9.756741795754351,1,uptrend_retrace_v15,stop_loss,uptrend_retrace_v15
2026-03-23 12:06:00+00:00,2026-03-23 12:09:00+00:00,4345.16,4368.107064905028,22.947064905028128,1,uptrend_retrace_v15,target_hit,uptrend_retrace_v15
2026-03-23 12:10:00+00:00,2026-03-23 12:14:00+00:00,4370.26,4360.503258204246,-9.756741795754351,1,uptrend_retrace_v15,stop_loss,uptrend_retrace_v15
2026-03-23 12:15:00+00:00,2026-03-23 12:15:00+00:00,4353.58,4366.647064905028,13.067064905028019,1,uptrend_retrace_v15,target_hit,uptrend_retrace_v15
2026-03-23 12:16:00+00:00,2026-03-23 12:16:00+00:00,4365.85,4378.917064905028,13.067064905028019,1,uptrend_retrace_v15,target_hit,uptrend_retrace_v15
2026-03-23 12:17:00+00:00,2026-03-23 12:20:00+00:00,4379.44,4404.127064905028,24.68706490502882,1,uptrend_retrace_v15,target_hit,uptrend_retrace_v15
2026-03-23 12:25:00+00:00,2026-03-23 12:30:00+00:00,4390.3,4380.543258204246,-9.756741795754351,1,uptrend_retrace_v15,stop_loss,uptrend_retrace_v15
2026-03-23 12:31:00+00:00,2026-03-23 12:33:00+00:00,4382.87,4408.737064905028,25.8670649050282,1,uptrend_retrace_v15,target_hit,uptrend_retrace_v15
2026-03-23 12:34:00+00:00,2026-03-23 12:41:00+00:00,4405.22,4427.467064905028,22.2470649050274,1,uptrend_retrace_v15,target_hit,uptrend_retrace_v15
2026-03-23 13:23:00+00:00,2026-03-23 13:25:00+00:00,4422.4,4412.643258204245,-9.756741795754351,1,uptrend_retrace_v15,stop_loss,uptrend_retrace_v15
2026-03-23 13:26:00+00:00,2026-03-23 13:27:00+00:00,4407.32,4424.627064905028,17.30706490502871,1,uptrend_retrace_v15,target_hit,uptrend_retrace_v15
2026-03-23 13:28:00+00:00,2026-03-23 13:29:00+00:00,4415.44,4405.683258204245,-9.756741795754351,1,uptrend_retrace_v15,stop_loss,uptrend_retrace_v15
2026-03-23 13:30:00+00:00,2026-03-23 13:36:00+00:00,4410.37,4434.777064905028,24.407064905028165,1,uptrend_retrace_v15,target_hit,uptrend_retrace_v15
2026-03-23 13:37:00+00:00,2026-03-23 13:38:00+00:00,4435.21,4425.453258204246,-9.756741795754351,1,uptrend_retrace_v15,stop_loss,uptrend_retrace_v15
2026-03-23 13:39:00+00:00,2026-03-23 13:41:00+00:00,4424.77,4444.757064905028,19.987064905027182,1,uptrend_retrace_v15,target_hit,uptrend_retrace_v15
2026-03-23 13:45:00+00:00,2026-03-23 13:45:00+00:00,4423.33,4436.397064905028,13.067064905028019,1,uptrend_retrace_v15,target_hit,uptrend_retrace_v15
2026-03-23 17:28:00+00:00,2026-03-23 17:31:00+00:00,4411.0,4424.067064905028,13.067064905028019,1,uptrend_retrace_v15,target_hit,uptrend_retrace_v15
2026-03-24 00:54:00+00:00,2026-03-24 00:56:00+00:00,4383.69,4373.933258204245,-9.756741795754351,1,uptrend_retrace_v15,stop_loss,uptrend_retrace_v15
2026-03-24 03:12:00+00:00,2026-03-24 03:31:00+00:00,4358.94,4349.183258204245,-9.756741795754351,1,uptrend_retrace_v15,stop_loss,uptrend_retrace_v15
2026-03-24 05:52:00+00:00,2026-03-24 05:55:00+00:00,4360.13,4350.373258204246,-9.756741795754351,1,uptrend_retrace_v15,stop_loss,uptrend_retrace_v15
2026-03-24 06:04:00+00:00,2026-03-24 06:10:00+00:00,4360.65,4374.677064905028,14.027064905028055,1,uptrend_retrace_v15,target_hit,uptrend_retrace_v15
2026-03-24 06:45:00+00:00,2026-03-24 06:55:00+00:00,4378.4,4393.027064905028,14.62706490502842,1,uptrend_retrace_v15,target_hit,uptrend_retrace_v15
2026-03-24 07:31:00+00:00,2026-03-24 07:48:00+00:00,4408.46,4421.527064905028,13.067064905028019,1,uptrend_retrace_v15,target_hit,uptrend_retrace_v15
2026-03-24 08:02:00+00:00,2026-03-24 08:20:00+00:00,4405.29,4395.533258204246,-9.756741795754351,1,uptrend_retrace_v15,stop_loss,uptrend_retrace_v15
2026-03-24 08:21:00+00:00,2026-03-24 09:56:00+00:00,4397.44,4425.447064905028,28.00706490502853,1,uptrend_retrace_v15,target_hit,uptrend_retrace_v15
2026-03-24 20:29:00+00:00,2026-03-24 20:54:00+00:00,4453.2,4479.057064905028,25.857064905027983,1,uptrend_retrace_v15,target_hit,uptrend_retrace_v15
2026-03-24 22:31:00+00:00,2026-03-24 22:59:00+00:00,4464.94,4481.257064905028,16.31706490502802,1,uptrend_retrace_v15,target_hit,uptrend_retrace_v15
2026-03-27 17:16:00+00:00,2026-03-27 17:22:00+00:00,4504.9,4495.143258204245,-9.756741795754351,1,uptrend_retrace_v15,stop_loss,uptrend_retrace_v15
2026-03-27 17:23:00+00:00,2026-03-27 17:27:00+00:00,4497.0,4487.243258204246,-9.756741795754351,1,uptrend_retrace_v15,stop_loss,uptrend_retrace_v15
2026-03-27 17:28:00+00:00,2026-03-27 18:30:00+00:00,4488.05,4512.117064905028,24.06706490502802,1,uptrend_retrace_v15,target_hit,uptrend_retrace_v15
2026-03-30 01:53:00+00:00,2026-03-30 02:33:00+00:00,4468.56,4458.803258204246,-9.756741795754351,1,uptrend_retrace_v15,stop_loss,uptrend_retrace_v15
2026-03-30 02:56:00+00:00,2026-03-30 03:05:00+00:00,4482.47,4496.367064905028,13.897064905027946,1,uptrend_retrace_v15,target_hit,uptrend_retrace_v15
2026-03-30 03:57:00+00:00,2026-03-30 04:13:00+00:00,4497.82,4488.063258204245,-9.756741795754351,1,uptrend_retrace_v15,stop_loss,uptrend_retrace_v15
2026-03-30 04:14:00+00:00,2026-03-30 05:18:00+00:00,4488.32,4513.697064905028,25.37706490502842,1,uptrend_retrace_v15,target_hit,uptrend_retrace_v15
2026-03-31 03:26:00+00:00,2026-03-31 05:13:00+00:00,4559.19,4549.433258204245,-9.756741795754351,1,uptrend_retrace_v15,stop_loss,uptrend_retrace_v15
2026-03-31 12:29:00+00:00,2026-03-31 12:47:00+00:00,4580.8,4571.043258204246,-9.756741795754351,1,uptrend_retrace_v15,stop_loss,uptrend_retrace_v15
2026-03-31 14:22:00+00:00,2026-03-31 14:30:00+00:00,4606.67,4621.667064905028,14.99706490502831,1,uptrend_retrace_v15,target_hit,uptrend_retrace_v15
2026-03-31 14:37:00+00:00,2026-03-31 14:49:00+00:00,4610.75,4600.993258204246,-9.756741795754351,1,uptrend_retrace_v15,stop_loss,uptrend_retrace_v15
2026-03-31 14:50:00+00:00,2026-03-31 16:38:00+00:00,4602.06,4626.497064905028,24.43706490502791,1,uptrend_retrace_v15,target_hit,uptrend_retrace_v15
2026-03-31 16:48:00+00:00,2026-03-31 16:50:00+00:00,4634.34,4647.407064905028,13.067064905028019,1,uptrend_retrace_v15,target_hit,uptrend_retrace_v15
2026-03-31 20:30:00+00:00,2026-03-31 22:25:00+00:00,4669.71,4682.777064905028,13.067064905028019,1,uptrend_retrace_v15,target_hit,uptrend_retrace_v15
2026-04-01 08:06:00+00:00,2026-04-01 08:11:00+00:00,4725.29,4715.533258204246,-9.756741795754351,1,uptrend_retrace_v15,stop_loss,uptrend_retrace_v15
2026-04-01 17:59:00+00:00,2026-04-01 18:03:00+00:00,4774.67,4764.913258204246,-9.756741795754351,1,uptrend_retrace_v15,stop_loss,uptrend_retrace_v15
2026-04-02 06:54:00+00:00,2026-04-02 06:55:00+00:00,4607.89,4598.133258204246,-9.756741795754351,1,uptrend_retrace_v15,stop_loss,uptrend_retrace_v15
2026-04-02 07:04:00+00:00,2026-04-02 07:41:00+00:00,4605.81,4639.397064905028,33.587064905027546,1,uptrend_retrace_v15,target_hit,uptrend_retrace_v15
2026-04-02 17:29:00+00:00,2026-04-02 18:50:00+00:00,4653.54,4669.417064905028,15.87706490502842,1,uptrend_retrace_v15,target_hit,uptrend_retrace_v15
2026-04-07 19:53:00+00:00,2026-04-07 20:31:00+00:00,4700.63,4715.027064905028,14.397064905027946,1,uptrend_retrace_v15,target_hit,uptrend_retrace_v15
2026-04-07 22:15:00+00:00,2026-04-07 22:32:00+00:00,4732.9,4723.143258204245,-9.756741795754351,1,uptrend_retrace_v15,stop_loss,uptrend_retrace_v15
2026-04-08 01:21:00+00:00,2026-04-08 01:32:00+00:00,4797.71,4787.953258204246,-9.756741795754351,1,uptrend_retrace_v15,stop_loss,uptrend_retrace_v15
2026-04-08 01:33:00+00:00,2026-04-08 02:00:00+00:00,4790.94,4816.037064905028,25.097064905028674,1,uptrend_retrace_v15,target_hit,uptrend_retrace_v15
2026-04-17 13:21:00+00:00,2026-04-17 13:57:00+00:00,4857.04,4881.907064905028,24.8670649050282,1,uptrend_retrace_v15,target_hit,uptrend_retrace_v15
2026-04-21 20:17:00+00:00,2026-04-21 22:01:00+00:00,4707.64,4725.777064905028,18.137064905027728,1,uptrend_retrace_v15,target_hit,uptrend_retrace_v15
2026-04-21 22:24:00+00:00,2026-04-21 23:19:00+00:00,4717.53,4730.797064905028,13.267064905027837,1,uptrend_retrace_v15,target_hit,uptrend_retrace_v15
2026-04-23 14:01:00+00:00,2026-04-23 14:27:00+00:00,4719.9,4735.007064905028,15.107064905027983,1,uptrend_retrace_v15,target_hit,uptrend_retrace_v15
2026-04-23 17:54:00+00:00,2026-04-23 18:01:00+00:00,4699.85,4716.157064905028,16.3070649050278,1,uptrend_retrace_v15,target_hit,uptrend_retrace_v15
2026-04-29 15:01:00+00:00,2026-04-29 16:03:00+00:00,4545.12,4561.147064905028,16.027064905028055,1,uptrend_retrace_v15,target_hit,uptrend_retrace_v15
2026-04-29 17:35:00+00:00,2026-04-29 18:07:00+00:00,4544.55,4534.793258204246,-9.756741795754351,1,uptrend_retrace_v15,stop_loss,uptrend_retrace_v15
2026-04-30 00:04:00+00:00,2026-04-30 00:46:00+00:00,4558.43,4571.497064905028,13.067064905028019,1,uptrend_retrace_v15,target_hit,uptrend_retrace_v15
2026-04-30 08:12:00+00:00,2026-04-30 10:23:00+00:00,4616.33,4633.427064905028,17.097064905027764,1,uptrend_retrace_v15,target_hit,uptrend_retrace_v15
2026-05-01 12:42:00+00:00,2026-05-01 13:41:00+00:00,4593.25,4609.407064905028,16.157064905028165,1,uptrend_retrace_v15,target_hit,uptrend_retrace_v15
2026-05-01 14:41:00+00:00,2026-05-01 15:02:00+00:00,4636.6,4626.843258204246,-9.756741795754351,1,uptrend_retrace_v15,stop_loss,uptrend_retrace_v15
2026-05-01 15:29:00+00:00,2026-05-01 15:47:00+00:00,4634.43,4647.497064905028,13.067064905028019,1,uptrend_retrace_v15,target_hit,uptrend_retrace_v15
2026-05-04 10:35:00+00:00,2026-05-04 12:20:00+00:00,4558.04,4577.917064905028,19.87706490502842,1,uptrend_retrace_v15,target_hit,uptrend_retrace_v15
2026-05-04 15:00:00+00:00,2026-05-04 15:13:00+00:00,4562.17,4552.413258204246,-9.756741795754351,1,uptrend_retrace_v15,stop_loss,uptrend_retrace_v15
2026-05-06 01:08:00+00:00,2026-05-06 01:28:00+00:00,4612.08,4625.747064905028,13.667064905028383,1,uptrend_retrace_v15,target_hit,uptrend_retrace_v15
2026-05-06 09:04:00+00:00,2026-05-06 10:30:00+00:00,4696.42,4711.367064905028,14.947064905028128,1,uptrend_retrace_v15,target_hit,uptrend_retrace_v15
2026-05-07 06:54:00+00:00,2026-05-07 08:01:00+00:00,4738.15,4751.507064905028,13.357064905027983,1,uptrend_retrace_v15,target_hit,uptrend_retrace_v15
2026-05-08 02:16:00+00:00,2026-05-08 02:36:00+00:00,4722.95,4713.1932582042455,-9.756741795754351,1,uptrend_retrace_v15,stop_loss,uptrend_retrace_v15
2026-05-08 02:37:00+00:00,2026-05-08 05:47:00+00:00,4711.78,4725.25,13.470000000000255,1,uptrend_retrace_v15,timeout,uptrend_retrace_v15
2026-05-11 14:07:00+00:00,2026-05-11 15:24:00+00:00,4722.76,4738.297064905028,15.537064905027364,1,uptrend_retrace_v15,target_hit,uptrend_retrace_v15
2026-05-12 15:46:00+00:00,2026-05-12 18:42:00+00:00,4668.27,4696.497064905028,28.227064905027873,1,uptrend_retrace_v15,target_hit,uptrend_retrace_v15
2026-05-12 22:18:00+00:00,2026-05-13 00:04:00+00:00,4711.65,4724.717064905028,13.067064905028019,1,uptrend_retrace_v15,target_hit,uptrend_retrace_v15
2026-05-14 06:45:00+00:00,2026-05-14 07:35:00+00:00,4699.4,4714.487064905028,15.087064905028456,1,uptrend_retrace_v15,target_hit,uptrend_retrace_v15
2026-05-15 15:34:00+00:00,2026-05-15 15:54:00+00:00,4547.25,4537.493258204246,-9.756741795754351,1,uptrend_retrace_v15,stop_loss,uptrend_retrace_v15
2026-05-15 16:25:00+00:00,2026-05-15 17:24:00+00:00,4540.91,4563.377064905028,22.467064905028565,1,uptrend_retrace_v15,target_hit,uptrend_retrace_v15
2026-05-18 01:33:00+00:00,2026-05-18 01:38:00+00:00,4509.39,4499.633258204246,-9.756741795754351,1,uptrend_retrace_v15,stop_loss,uptrend_retrace_v15
2026-05-18 01:40:00+00:00,2026-05-18 07:30:00+00:00,4508.65,4553.907064905028,45.25706490502853,1,uptrend_retrace_v15,target_hit,uptrend_retrace_v15
2026-05-19 14:32:00+00:00,2026-05-19 14:54:00+00:00,4496.91,4487.1532582042455,-9.756741795754351,1,uptrend_retrace_v15,stop_loss,uptrend_retrace_v15
2026-05-19 14:59:00+00:00,2026-05-19 19:25:00+00:00,4495.35,4485.593258204246,-9.756741795754351,1,uptrend_retrace_v15,stop_loss,uptrend_retrace_v15
2026-05-20 14:38:00+00:00,2026-05-20 14:55:00+00:00,4517.42,4531.857064905028,14.43706490502791,1,uptrend_retrace_v15,target_hit,uptrend_retrace_v15
2026-05-20 15:08:00+00:00,2026-05-20 15:15:00+00:00,4525.35,4539.477064905028,14.12706490502751,1,uptrend_retrace_v15,target_hit,uptrend_retrace_v15
2026-05-20 17:32:00+00:00,2026-05-20 19:39:00+00:00,4533.16,4549.697064905028,16.537064905028274,1,uptrend_retrace_v15,target_hit,uptrend_retrace_v15
2026-05-21 17:24:00+00:00,2026-05-21 17:49:00+00:00,4535.9,4550.047064905028,14.147064905027946,1,uptrend_retrace_v15,target_hit,uptrend_retrace_v15
2026-05-22 17:19:00+00:00,2026-05-22 19:05:00+00:00,4518.63,4508.873258204246,-9.756741795754351,1,uptrend_retrace_v15,stop_loss,uptrend_retrace_v15
2026-05-24 22:19:00+00:00,2026-05-24 22:47:00+00:00,4549.73,4562.797064905028,13.067064905028019,1,uptrend_retrace_v15,target_hit,uptrend_retrace_v15
2026-05-25 01:09:00+00:00,2026-05-25 03:46:00+00:00,4561.64,4557.1,-4.539999999999964,1,uptrend_retrace_v15,timeout,uptrend_retrace_v15
2026-05-26 22:08:00+00:00,2026-05-26 23:42:00+00:00,4507.31,4521.5870649050285,14.277064905028055,1,uptrend_retrace_v15,target_hit,uptrend_retrace_v15
2026-05-27 13:54:00+00:00,2026-05-27 14:07:00+00:00,4428.99,4445.627064905028,16.637064905028637,1,uptrend_retrace_v15,target_hit,uptrend_retrace_v15
2026-05-27 14:51:00+00:00,2026-05-27 19:26:00+00:00,4437.74,4451.26,13.520000000000437,1,uptrend_retrace_v15,timeout,uptrend_retrace_v15
2026-05-28 13:09:00+00:00,2026-05-28 13:34:00+00:00,4428.49,4418.733258204245,-9.756741795754351,1,uptrend_retrace_v15,stop_loss,uptrend_retrace_v15
2026-05-28 13:35:00+00:00,2026-05-28 14:12:00+00:00,4418.89,4446.347064905028,27.457064905027437,1,uptrend_retrace_v15,target_hit,uptrend_retrace_v15
2026-05-28 14:21:00+00:00,2026-05-28 14:38:00+00:00,4462.85,4453.093258204246,-9.756741795754351,1,uptrend_retrace_v15,stop_loss,uptrend_retrace_v15
2026-05-28 14:39:00+00:00,2026-05-28 14:45:00+00:00,4456.84,4472.737064905028,15.897064905027946,1,uptrend_retrace_v15,target_hit,uptrend_retrace_v15
2026-05-28 14:48:00+00:00,2026-05-28 15:36:00+00:00,4468.29,4485.547064905028,17.25706490502762,1,uptrend_retrace_v15,target_hit,uptrend_retrace_v15
2026-05-29 14:45:00+00:00,2026-05-29 14:52:00+00:00,4540.5,4553.697064905028,13.197064905028128,1,uptrend_retrace_v15,target_hit,uptrend_retrace_v15
2026-06-01 15:59:00+00:00,2026-06-01 16:17:00+00:00,4474.14,4464.383258204246,-9.756741795754351,1,uptrend_retrace_v15,stop_loss,uptrend_retrace_v15
2026-06-01 16:52:00+00:00,2026-06-01 17:45:00+00:00,4474.12,4493.637064905028,19.517064905027837,1,uptrend_retrace_v15,target_hit,uptrend_retrace_v15
2026-06-02 05:52:00+00:00,2026-06-02 06:28:00+00:00,4518.91,4532.577064905028,13.667064905028383,1,uptrend_retrace_v15,target_hit,uptrend_retrace_v15
2026-06-03 14:50:00+00:00,2026-06-03 15:20:00+00:00,4454.29,4444.533258204246,-9.756741795754351,1,uptrend_retrace_v15,stop_loss,uptrend_retrace_v15
2026-06-04 00:16:00+00:00,2026-06-04 01:20:00+00:00,4452.06,4469.447064905028,17.387064905027728,1,uptrend_retrace_v15,target_hit,uptrend_retrace_v15
2026-06-04 01:42:00+00:00,2026-06-04 04:34:00+00:00,4462.33,4481.987064905028,19.657064905028165,1,uptrend_retrace_v15,target_hit,uptrend_retrace_v15
2026-06-04 12:12:00+00:00,2026-06-04 12:51:00+00:00,4492.55,4510.397064905028,17.847064905027764,1,uptrend_retrace_v15,target_hit,uptrend_retrace_v15
2026-06-04 14:09:00+00:00,2026-06-04 14:30:00+00:00,4492.68,4482.923258204246,-9.756741795754351,1,uptrend_retrace_v15,stop_loss,uptrend_retrace_v15
2026-06-08 01:01:00+00:00,2026-06-08 01:14:00+00:00,4337.9,4328.143258204245,-9.756741795754351,1,uptrend_retrace_v15,stop_loss,uptrend_retrace_v15
2026-06-08 10:36:00+00:00,2026-06-08 11:15:00+00:00,4302.07,4319.497064905028,17.4270649050286,1,uptrend_retrace_v15,target_hit,uptrend_retrace_v15
2026-06-08 11:29:00+00:00,2026-06-08 12:42:00+00:00,4322.96,4338.757064905028,15.797064905027582,1,uptrend_retrace_v15,target_hit,uptrend_retrace_v15
2026-06-08 14:05:00+00:00,2026-06-08 17:06:00+00:00,4322.68,4339.91,17.229999999999563,1,uptrend_retrace_v15,timeout,uptrend_retrace_v15
2026-06-11 02:18:00+00:00,2026-06-11 02:31:00+00:00,4088.51,4078.753258204246,-9.756741795754351,1,uptrend_retrace_v15,stop_loss,uptrend_retrace_v15
2026-06-11 02:32:00+00:00,2026-06-11 02:40:00+00:00,4073.34,4063.583258204246,-9.756741795754351,1,uptrend_retrace_v15,stop_loss,uptrend_retrace_v15
2026-06-11 02:41:00+00:00,2026-06-11 02:48:00+00:00,4063.25,4053.4932582042456,-9.756741795754351,1,uptrend_retrace_v15,stop_loss,uptrend_retrace_v15
2026-06-11 02:49:00+00:00,2026-06-11 05:42:00+00:00,4056.62,4097.897064905028,41.277064905028055,1,uptrend_retrace_v15,target_hit,uptrend_retrace_v15
2026-06-11 06:04:00+00:00,2026-06-11 06:10:00+00:00,4088.36,4078.603258204246,-9.756741795754351,1,uptrend_retrace_v15,stop_loss,uptrend_retrace_v15
2026-06-11 06:25:00+00:00,2026-06-11 07:25:00+00:00,4091.42,4108.607064905028,17.18706490502791,1,uptrend_retrace_v15,target_hit,uptrend_retrace_v15
2026-06-11 15:16:00+00:00,2026-06-11 15:25:00+00:00,4085.26,4075.503258204246,-9.756741795754351,1,uptrend_retrace_v15,stop_loss,uptrend_retrace_v15
2026-06-11 17:51:00+00:00,2026-06-11 18:03:00+00:00,4148.94,4139.183258204245,-9.756741795754351,1,uptrend_retrace_v15,stop_loss,uptrend_retrace_v15
2026-06-11 18:04:00+00:00,2026-06-11 19:00:00+00:00,4137.89,4172.497064905028,34.60706490502798,1,uptrend_retrace_v15,target_hit,uptrend_retrace_v15
2026-06-11 19:40:00+00:00,2026-06-11 22:43:00+00:00,4208.62,4222.407064905028,13.787064905028274,1,uptrend_retrace_v15,target_hit,uptrend_retrace_v15
2026-06-12 10:27:00+00:00,2026-06-12 12:30:00+00:00,4205.2,4198.43,-6.769999999999527,1,uptrend_retrace_v15,timeout,uptrend_retrace_v15
2026-06-12 15:42:00+00:00,2026-06-12 16:16:00+00:00,4214.73,4230.947064905028,16.217064905028565,1,uptrend_retrace_v15,target_hit,uptrend_retrace_v15
