signal_ts,side,ml_prob,pnl,exit_reason,scaled_half,bars_held,win
2025-10-01 03:03:00+00:00,-1,0.6488748788833618,-1.0,timeout,False,12,False
2025-10-01 12:15:00+00:00,1,0.7174471616744995,-15.0600000000004,timeout,False,12,False
2025-10-01 12:16:00+00:00,1,0.6972848773002625,-8.41000000000031,timeout,False,12,False
2025-10-01 12:24:00+00:00,-1,0.6175802946090698,5.0,trail_stop,True,3,True
2025-10-01 12:26:00+00:00,-1,0.664689302444458,1.25,timeout,False,12,True
2025-10-01 12:28:00+00:00,-1,0.7772852182388306,1.9400000000000546,timeout,False,12,True
2025-10-01 13:11:00+00:00,1,0.5518113374710083,-3.619999999999891,timeout,False,12,False
2025-10-01 15:17:00+00:00,-1,0.7386273741722107,5.0,trail_stop,True,12,True
2025-10-02 13:31:00+00:00,1,0.6307642459869385,-12.980000000000018,timeout,False,12,False
2025-10-02 13:45:00+00:00,1,0.8189367055892944,-8.900000000000091,timeout,False,12,False
2025-10-02 14:37:00+00:00,-1,0.5511502623558044,5.0,trail_stop,True,6,True
2025-10-02 14:38:00+00:00,-1,0.7460954785346985,5.0,trail_stop,True,2,True
2025-10-02 14:39:00+00:00,-1,0.8663267493247986,5.0,trail_stop,True,4,True
2025-10-02 14:42:00+00:00,-1,0.902833104133606,7.5,target_full,True,4,True
2025-10-02 14:46:00+00:00,-1,0.8823214769363403,5.0,trail_stop,True,4,True
2025-10-02 14:49:00+00:00,-1,0.7446274757385254,-10.61999999999989,timeout,False,12,False
2025-10-02 14:51:00+00:00,1,0.6504189372062683,5.0,trail_stop,True,8,True
2025-10-02 14:53:00+00:00,-1,0.8508474826812744,-9.579999999999927,timeout,False,12,False
2025-10-02 14:58:00+00:00,1,0.6075382232666016,5.0,trail_stop,True,2,True
2025-10-02 15:00:00+00:00,1,0.8245623707771301,-10.730000000000018,timeout,False,12,False
2025-10-02 15:03:00+00:00,-1,0.592823326587677,4.7999999999999545,timeout,True,12,True
2025-10-02 15:16:00+00:00,-1,0.5547831058502197,-5.829999999999927,timeout,False,12,False
2025-10-02 15:41:00+00:00,1,0.5824019908905029,5.0,trail_stop,True,2,True
2025-10-02 16:42:00+00:00,1,0.6029567718505859,-0.9400000000000546,timeout,False,12,False
2025-10-02 17:31:00+00:00,-1,0.7279274463653564,-0.9200000000000728,timeout,False,12,False
2025-10-03 13:03:00+00:00,-1,0.5749669671058655,-4.880000000000109,timeout,False,12,False
2025-10-03 13:31:00+00:00,-1,0.5550013780593872,-11.220000000000255,timeout,False,12,False
2025-10-03 14:14:00+00:00,-1,0.7442252039909363,-9.950000000000273,timeout,False,12,False
2025-10-03 14:16:00+00:00,1,0.6467549800872803,4.644999999999982,timeout,True,12,True
2025-10-03 15:08:00+00:00,-1,0.5773744583129883,-8.679999999999836,timeout,False,12,False
2025-10-06 05:31:00+00:00,-1,0.5715833306312561,1.4099999999998545,timeout,False,12,True
2025-10-06 07:58:00+00:00,1,0.7597000598907471,5.0,trail_stop,True,4,True
2025-10-06 13:41:00+00:00,1,0.5746840238571167,0.6900000000000546,timeout,False,12,True
2025-10-06 14:33:00+00:00,1,0.6903371810913086,3.549999999999727,timeout,False,12,True
2025-10-06 16:06:00+00:00,1,0.8012200593948364,-20.0,stop_loss,False,8,False
2025-10-06 16:14:00+00:00,-1,0.616696834564209,-4.440000000000055,timeout,False,12,False
2025-10-07 01:00:00+00:00,-1,0.7255791425704956,-1.5100000000002183,timeout,False,12,False
2025-10-07 07:22:00+00:00,-1,0.748399555683136,-11.7199999999998,timeout,False,12,False
2025-10-07 07:23:00+00:00,-1,0.5943784713745117,-7.4099999999998545,timeout,False,12,False
2025-10-07 08:22:00+00:00,1,0.8946738839149475,0.15999999999985448,timeout,False,12,True
2025-10-07 12:52:00+00:00,1,0.7071946263313293,3.799999999999727,timeout,False,12,True
2025-10-07 14:12:00+00:00,1,0.5869507193565369,5.0,trail_stop,True,7,True
2025-10-07 14:45:00+00:00,1,0.6363590955734253,2.1200000000003456,timeout,False,12,True
2025-10-07 15:46:00+00:00,-1,0.8752174973487854,5.0,trail_stop,True,3,True
2025-10-07 15:54:00+00:00,1,0.6039130091667175,5.0,trail_stop,True,9,True
2025-10-07 15:56:00+00:00,-1,0.7687100768089294,-9.2800000000002,timeout,False,12,False
2025-10-07 16:06:00+00:00,1,0.550247848033905,-6.289999999999964,timeout,False,12,False
2025-10-07 16:21:00+00:00,1,0.5719496011734009,2.9399999999996,timeout,False,12,True
2025-10-07 18:00:00+00:00,-1,0.665229856967926,-4.190000000000055,timeout,False,12,False
2025-10-08 00:30:00+00:00,-1,0.5574087500572205,-2.649999999999636,timeout,False,12,False
2025-10-08 05:44:00+00:00,-1,0.6615257859230042,1.599999999999909,timeout,False,12,True
2025-10-08 06:06:00+00:00,1,0.57379150390625,-8.5,timeout,False,12,False
2025-10-08 09:46:00+00:00,1,0.8220840096473694,4.099999999999909,timeout,False,12,True
2025-10-08 10:31:00+00:00,-1,0.7026841044425964,0.3500000000003638,timeout,False,12,True
2025-10-08 12:29:00+00:00,1,0.670299768447876,-6.320000000000164,timeout,False,12,False
2025-10-08 13:41:00+00:00,1,0.8066741824150085,5.0,trail_stop,True,11,True
2025-10-08 13:44:00+00:00,-1,0.6416499018669128,-6.819999999999709,timeout,False,12,False
2025-10-08 14:25:00+00:00,1,0.5719978213310242,2.6799999999998363,timeout,False,12,True
2025-10-08 18:15:00+00:00,-1,0.563222348690033,-9.820000000000164,timeout,False,12,False
2025-10-08 19:06:00+00:00,-1,0.8914064168930054,5.0,trail_stop,True,3,True
2025-10-08 19:09:00+00:00,-1,0.7573294639587402,-8.949999999999818,timeout,False,12,False
2025-10-08 19:10:00+00:00,1,0.8548463582992554,5.745000000000118,timeout,True,12,True
2025-10-08 19:23:00+00:00,1,0.6618366837501526,-7.9900000000002365,timeout,False,12,False
2025-10-08 19:30:00+00:00,-1,0.5941933393478394,5.0,trail_stop,True,11,True
2025-10-08 19:51:00+00:00,1,0.815232515335083,-0.75,timeout,False,12,False
2025-10-09 00:24:00+00:00,1,0.6136338710784912,-2.200000000000273,timeout,False,12,False
2025-10-09 01:01:00+00:00,-1,0.6018300652503967,7.5,target_full,True,2,True
2025-10-09 01:03:00+00:00,-1,0.5831521153450012,-11.180000000000291,timeout,False,12,False
2025-10-09 01:15:00+00:00,1,0.6892799139022827,5.0,trail_stop,True,4,True
2025-10-09 01:27:00+00:00,1,0.6398887634277344,5.0,trail_stop,True,6,True
2025-10-09 01:31:00+00:00,1,0.851660430431366,-0.7200000000002547,timeout,False,12,False
2025-10-09 01:33:00+00:00,1,0.7578781843185425,-6.7199999999998,timeout,False,12,False
2025-10-09 05:31:00+00:00,1,0.7035291790962219,-2.349999999999909,timeout,False,12,False
2025-10-09 07:03:00+00:00,1,0.7195844054222107,-5.239999999999782,timeout,False,12,False
2025-10-09 13:10:00+00:00,1,0.5759080648422241,-2.769999999999982,timeout,False,12,False
2025-10-09 13:41:00+00:00,-1,0.6849667429924011,5.0,trail_stop,True,3,True
2025-10-09 13:48:00+00:00,-1,0.5716094970703125,5.0,trail_stop,True,4,True
2025-10-09 13:51:00+00:00,-1,0.9140430092811584,5.0,trail_stop,True,6,True
2025-10-09 13:54:00+00:00,-1,0.8222703337669373,5.0,trail_stop,True,5,True
2025-10-09 13:55:00+00:00,1,0.774751603603363,2.4400000000000546,timeout,False,12,True
2025-10-09 14:19:00+00:00,-1,0.7354401350021362,5.0,trail_stop,True,2,True
2025-10-09 14:22:00+00:00,-1,0.5693293809890747,5.0,trail_stop,True,2,True
2025-10-09 14:26:00+00:00,1,0.7295060157775879,2.2899999999999636,timeout,False,12,True
2025-10-09 14:28:00+00:00,-1,0.8394705653190613,-2.8299999999999272,timeout,False,12,False
2025-10-09 14:33:00+00:00,-1,0.7014523148536682,-5.720000000000255,timeout,False,12,False
2025-10-09 14:37:00+00:00,1,0.8281291723251343,7.5,target_full,True,12,True
2025-10-09 14:48:00+00:00,1,0.7238172888755798,5.0,trail_stop,True,7,True
2025-10-09 15:29:00+00:00,-1,0.7622628211975098,5.0,trail_stop,True,6,True
2025-10-09 15:45:00+00:00,1,0.563005805015564,5.0,trail_stop,True,12,True
2025-10-09 16:24:00+00:00,-1,0.7387757301330566,7.5,target_full,True,9,True
2025-10-09 16:43:00+00:00,1,0.7617512941360474,-20.0,stop_loss,False,11,False
2025-10-09 16:45:00+00:00,-1,0.8506057858467102,5.0,trail_stop,True,7,True
2025-10-09 16:49:00+00:00,1,0.7964900732040405,-20.0,stop_loss,False,7,False
2025-10-09 17:00:00+00:00,1,0.6282808780670166,-18.320000000000164,timeout,False,12,False
2025-10-09 17:05:00+00:00,-1,0.5700633525848389,5.0,trail_stop,True,7,True
2025-10-09 17:11:00+00:00,-1,0.6102187633514404,5.0,trail_stop,True,2,True
2025-10-09 17:23:00+00:00,-1,0.8184483647346497,5.0,trail_stop,True,2,True
2025-10-09 17:24:00+00:00,-1,0.937228798866272,-3.7400000000002365,timeout,False,12,False
2025-10-09 18:06:00+00:00,1,0.7021092772483826,5.0,trail_stop,True,7,True
2025-10-09 18:13:00+00:00,1,0.5547385811805725,-2.7400000000002365,timeout,False,12,False
2025-10-09 18:45:00+00:00,1,0.7950473427772522,-3.7099999999995816,timeout,False,12,False
2025-10-09 19:42:00+00:00,-1,0.5946473479270935,2.1299999999996544,timeout,False,12,True
2025-10-09 19:53:00+00:00,-1,0.5739920139312744,-4.880000000000109,timeout,False,12,False
2025-10-09 22:10:00+00:00,-1,0.6129449009895325,5.0,trail_stop,True,2,True
2025-10-09 23:25:00+00:00,1,0.6272603273391724,-1.0599999999999454,timeout,False,12,False
2025-10-10 03:46:00+00:00,-1,0.7002882361412048,-0.8899999999998727,timeout,False,12,False
2025-10-10 05:35:00+00:00,-1,0.7545868754386902,-7.299999999999727,timeout,False,12,False
2025-10-10 06:00:00+00:00,-1,0.6483757495880127,-0.7799999999997453,timeout,False,12,False
2025-10-10 06:39:00+00:00,-1,0.7104550004005432,6.375,timeout,True,12,True
2025-10-10 07:07:00+00:00,-1,0.7365064024925232,-7.2199999999998,timeout,False,12,False
2025-10-10 07:08:00+00:00,-1,0.5564348697662354,-12.170000000000073,timeout,False,12,False
2025-10-10 07:58:00+00:00,-1,0.8190935254096985,-13.920000000000073,timeout,False,12,False
2025-10-10 09:18:00+00:00,-1,0.6690528988838196,-3.819999999999709,timeout,False,12,False
2025-10-10 10:53:00+00:00,-1,0.691978394985199,-3.3700000000003456,timeout,False,12,False
2025-10-10 11:48:00+00:00,1,0.5980271697044373,-4.720000000000255,timeout,False,12,False
2025-10-10 13:28:00+00:00,-1,0.7607751488685608,-0.8699999999998909,timeout,False,12,False
2025-10-10 13:33:00+00:00,1,0.5859763622283936,-5.599999999999909,timeout,False,12,False
2025-10-10 13:37:00+00:00,-1,0.5816910266876221,6.649999999999864,timeout,True,12,True
2025-10-10 13:54:00+00:00,-1,0.610625147819519,5.0,trail_stop,True,4,True
2025-10-10 13:56:00+00:00,-1,0.7896575331687927,5.0,trail_stop,True,9,True
2025-10-10 13:59:00+00:00,1,0.564593493938446,-3.800000000000182,timeout,False,12,False
2025-10-10 14:00:00+00:00,-1,0.6127077341079712,5.0,trail_stop,True,5,True
2025-10-10 14:27:00+00:00,-1,0.6983619332313538,-3.900000000000091,timeout,False,12,False
2025-10-10 14:58:00+00:00,1,0.5840862393379211,5.0,trail_stop,True,3,True
2025-10-10 15:11:00+00:00,-1,0.6768427491188049,-12.309999999999945,timeout,False,12,False
2025-10-10 15:14:00+00:00,1,0.6813783049583435,7.5,target_full,True,11,True
2025-10-10 15:20:00+00:00,1,0.7724959850311279,5.0,trail_stop,True,5,True
2025-10-10 15:21:00+00:00,-1,0.803926408290863,-4.050000000000182,timeout,False,12,False
2025-10-10 15:23:00+00:00,-1,0.7296071648597717,-8.739999999999782,timeout,False,12,False
2025-10-10 15:24:00+00:00,1,0.8737924098968506,5.0,trail_stop,True,6,True
2025-10-10 15:26:00+00:00,1,0.7704442739486694,-5.5,timeout,False,12,False
2025-10-10 15:27:00+00:00,1,0.6772752404212952,5.0,trail_stop,True,3,True
2025-10-10 15:30:00+00:00,1,0.5884627103805542,-9.36999999999989,timeout,False,12,False
2025-10-10 15:33:00+00:00,-1,0.7816661596298218,5.0,trail_stop,True,2,True
2025-10-10 15:34:00+00:00,-1,0.6084340214729309,5.0,trail_stop,True,6,True
2025-10-10 15:36:00+00:00,1,0.7688504457473755,-20.0,stop_loss,False,9,False
2025-10-10 15:40:00+00:00,-1,0.7919456362724304,7.5,target_full,True,6,True
2025-10-10 15:41:00+00:00,-1,0.6986018419265747,5.0,trail_stop,True,4,True
2025-10-10 15:48:00+00:00,-1,0.6802293062210083,5.0,trail_stop,True,12,True
2025-10-10 15:53:00+00:00,-1,0.6964803338050842,5.0,trail_stop,True,7,True
2025-10-10 16:05:00+00:00,-1,0.6115688681602478,5.0,trail_stop,True,2,True
2025-10-10 16:08:00+00:00,-1,0.6568313837051392,5.0,trail_stop,True,11,True
2025-10-10 16:09:00+00:00,1,0.5694802403450012,5.0,trail_stop,True,2,True
2025-10-10 16:17:00+00:00,-1,0.5746227502822876,5.0,trail_stop,True,2,True
2025-10-10 16:30:00+00:00,1,0.6449443101882935,-4.849999999999909,timeout,False,12,False
2025-10-10 18:34:00+00:00,-1,0.5669348835945129,-2.1900000000000546,timeout,False,12,False
2025-10-10 19:45:00+00:00,1,0.5666397213935852,5.0,trail_stop,True,10,True
2025-10-10 19:49:00+00:00,1,0.7519444227218628,5.0,trail_stop,True,6,True
2025-10-10 19:55:00+00:00,1,0.7850803136825562,-12.519999999999982,timeout,False,12,False
2025-10-10 20:56:00+00:00,-1,0.5678882002830505,5.0,trail_stop,True,6,True
2025-10-12 22:30:00+00:00,-1,0.6130265593528748,-3.0399999999999636,timeout,False,12,False
2025-10-12 22:31:00+00:00,-1,0.5811659097671509,-4.130000000000109,timeout,False,12,False
2025-10-12 22:32:00+00:00,-1,0.577131986618042,1.2700000000004366,timeout,False,12,True
2025-10-12 23:08:00+00:00,1,0.5811609029769897,-9.490000000000236,timeout,False,12,False
2025-10-12 23:10:00+00:00,1,0.7110679149627686,-6.449999999999818,timeout,False,12,False
2025-10-12 23:14:00+00:00,-1,0.612277090549469,-5.640000000000327,timeout,False,12,False
2025-10-12 23:55:00+00:00,-1,0.6051236391067505,5.360000000000127,timeout,True,12,True
2025-10-13 00:35:00+00:00,1,0.7465943098068237,5.0,trail_stop,True,4,True
2025-10-13 00:36:00+00:00,1,0.5894821286201477,7.5,target_full,True,2,True
2025-10-13 01:37:00+00:00,1,0.6313584446907043,-1.819999999999709,timeout,False,12,False
2025-10-13 01:39:00+00:00,1,0.7611336708068848,-2.380000000000109,timeout,False,12,False
2025-10-13 02:07:00+00:00,-1,0.5942486524581909,-1.0599999999999454,timeout,False,12,False
2025-10-13 13:01:00+00:00,-1,0.6214269399642944,-8.860000000000127,timeout,False,12,False
2025-10-13 13:45:00+00:00,1,0.7595750093460083,5.0,trail_stop,True,9,True
2025-10-13 15:27:00+00:00,-1,0.6435046195983887,-4.709999999999582,timeout,False,12,False
2025-10-13 16:36:00+00:00,-1,0.64596027135849,-5.529999999999745,timeout,False,12,False
2025-10-13 19:09:00+00:00,1,0.6079633831977844,5.0,trail_stop,True,3,True
2025-10-13 19:10:00+00:00,1,0.6418458819389343,5.0,trail_stop,True,11,True
2025-10-14 00:02:00+00:00,-1,0.6755715012550354,-1.2799999999997453,timeout,False,12,False
2025-10-14 00:12:00+00:00,1,0.6406763195991516,-2.2700000000004366,timeout,False,12,False
2025-10-14 01:00:00+00:00,-1,0.6225094795227051,-11.019999999999527,timeout,False,12,False
2025-10-14 01:24:00+00:00,1,0.6818993091583252,-1.6400000000003274,timeout,False,12,False
2025-10-14 01:54:00+00:00,-1,0.5817984938621521,-5.400000000000546,timeout,False,12,False
2025-10-14 01:58:00+00:00,1,0.5617502927780151,2.5900000000001455,timeout,False,12,True
2025-10-14 02:17:00+00:00,-1,0.612423837184906,-3.790000000000873,timeout,False,12,False
2025-10-14 03:09:00+00:00,1,0.9103221893310547,3.0600000000004,timeout,False,12,True
2025-10-14 04:20:00+00:00,1,0.5730710029602051,0.8800000000001091,timeout,False,12,True
2025-10-14 04:47:00+00:00,1,0.7275804877281189,-0.25,timeout,False,12,False
2025-10-14 05:15:00+00:00,1,0.6055467128753662,-3.240000000000691,timeout,False,12,False
2025-10-14 05:40:00+00:00,-1,0.6010347008705139,7.5,target_full,True,1,True
2025-10-14 05:41:00+00:00,-1,0.7915226817131042,5.0,trail_stop,True,2,True
2025-10-14 05:43:00+00:00,-1,0.7967652082443237,7.5,target_full,True,1,True
2025-10-14 05:44:00+00:00,-1,0.7970821261405945,5.244999999999891,timeout,True,12,True
2025-10-14 05:46:00+00:00,-1,0.7342420220375061,7.5,target_full,True,1,True
2025-10-14 05:47:00+00:00,1,0.7475956678390503,5.0,trail_stop,True,4,True
2025-10-14 05:48:00+00:00,-1,0.7056608200073242,-20.0,stop_loss,False,5,False
2025-10-14 05:51:00+00:00,1,0.6860851645469666,5.0,trail_stop,True,2,True
2025-10-14 05:54:00+00:00,1,0.6590805053710938,-20.0,stop_loss,False,1,False
2025-10-14 05:55:00+00:00,-1,0.8401677012443542,7.5,target_full,True,1,True
2025-10-14 05:56:00+00:00,-1,0.8230466246604919,5.0,trail_stop,True,2,True
2025-10-14 05:57:00+00:00,-1,0.7632826566696167,-20.0,stop_loss,False,5,False
2025-10-14 05:58:00+00:00,-1,0.6043074727058411,-3.3499999999994543,timeout,False,12,False
2025-10-14 06:04:00+00:00,1,0.7754414677619934,-10.099999999999454,timeout,False,12,False
2025-10-14 06:05:00+00:00,-1,0.9092221260070801,7.5,target_full,True,8,True
2025-10-14 06:07:00+00:00,-1,0.877011239528656,7.5,target_full,True,6,True
2025-10-14 06:08:00+00:00,1,0.8644023537635803,-20.0,stop_loss,False,5,False
2025-10-14 06:10:00+00:00,-1,0.8366107940673828,7.5,target_full,True,3,True
2025-10-14 06:13:00+00:00,-1,0.6659895181655884,5.0,trail_stop,True,2,True
2025-10-14 06:19:00+00:00,-1,0.5867519378662109,7.5,target_full,True,2,True
2025-10-14 06:20:00+00:00,-1,0.7227392792701721,7.5,target_full,True,1,True
2025-10-14 06:29:00+00:00,1,0.6433671116828918,-13.420000000000073,timeout,False,12,False
2025-10-14 06:34:00+00:00,1,0.7946159243583679,-20.0,stop_loss,False,10,False
2025-10-14 06:35:00+00:00,-1,0.611693799495697,5.0,trail_stop,True,3,True
2025-10-14 06:41:00+00:00,1,0.6542812585830688,5.0,trail_stop,True,12,True
2025-10-14 06:43:00+00:00,-1,0.7027055025100708,7.5,target_full,True,1,True
2025-10-14 06:44:00+00:00,-1,0.6510947942733765,5.0,trail_stop,True,2,True
2025-10-14 06:45:00+00:00,-1,0.6300182938575745,-17.269999999999527,timeout,False,12,False
2025-10-14 06:53:00+00:00,1,0.6250153183937073,-0.8900000000003274,timeout,False,12,False
2025-10-14 07:00:00+00:00,-1,0.7877374291419983,5.0,trail_stop,True,9,True
2025-10-14 07:12:00+00:00,1,0.6313778162002563,7.5,target_full,True,4,True
2025-10-14 07:14:00+00:00,1,0.692069411277771,7.5,target_full,True,2,True
2025-10-14 07:26:00+00:00,1,0.7315484881401062,-5.149999999999636,timeout,False,12,False
2025-10-14 07:37:00+00:00,-1,0.6847918033599854,-4.050000000000182,timeout,False,12,False
2025-10-14 07:40:00+00:00,1,0.7193939089775085,-1.0499999999992724,timeout,False,12,False
2025-10-14 08:10:00+00:00,1,0.6139762997627258,5.0,trail_stop,True,2,True
2025-10-14 08:12:00+00:00,1,0.6103206872940063,2.0799999999999272,timeout,False,12,True
2025-10-14 08:45:00+00:00,1,0.556823194026947,5.0,trail_stop,True,6,True
2025-10-14 09:45:00+00:00,-1,0.6337958574295044,5.0,trail_stop,True,8,True
2025-10-14 09:56:00+00:00,-1,0.6532021760940552,-6.559999999999491,timeout,False,12,False
2025-10-14 09:57:00+00:00,-1,0.5519000291824341,-4.270000000000437,timeout,False,12,False
2025-10-14 10:20:00+00:00,1,0.6785381436347961,5.0,trail_stop,True,5,True
2025-10-14 10:34:00+00:00,1,0.8657927513122559,-9.400000000000546,timeout,False,12,False
2025-10-14 12:20:00+00:00,-1,0.7321142554283142,5.0,trail_stop,True,4,True
2025-10-14 12:32:00+00:00,-1,0.6301615834236145,-2.2899999999999636,timeout,False,12,False
2025-10-14 12:37:00+00:00,-1,0.7506346106529236,2.3200000000006185,timeout,False,12,True
2025-10-14 12:45:00+00:00,1,0.6251088380813599,-8.329999999999927,timeout,False,12,False
2025-10-14 13:04:00+00:00,1,0.5898057818412781,7.5,target_full,True,10,True
2025-10-14 13:06:00+00:00,1,0.838165819644928,5.0,trail_stop,True,2,True
2025-10-14 13:07:00+00:00,-1,0.7701162099838257,-6.520000000000437,timeout,False,12,False
2025-10-14 13:28:00+00:00,1,0.750076174736023,5.0,trail_stop,True,10,True
2025-10-14 13:36:00+00:00,1,0.6062427163124084,7.5,target_full,True,3,True
2025-10-14 13:47:00+00:00,1,0.6580025553703308,3.0599999999994907,timeout,False,12,True
2025-10-14 13:58:00+00:00,1,0.7544110417366028,5.0,trail_stop,True,2,True
2025-10-14 14:01:00+00:00,1,0.6071755290031433,7.5,target_full,True,9,True
2025-10-14 14:35:00+00:00,-1,0.5699286460876465,-2.8200000000006185,timeout,False,12,False
2025-10-14 15:01:00+00:00,1,0.6754229068756104,6.664999999999964,timeout,True,12,True
2025-10-14 15:12:00+00:00,1,0.8054053783416748,-1.2700000000004366,timeout,False,12,False
2025-10-14 15:54:00+00:00,-1,0.7895225882530212,-3.389999999999418,timeout,False,12,False
2025-10-14 16:22:00+00:00,1,0.6037150025367737,-0.6899999999995998,timeout,False,12,False
2025-10-14 16:41:00+00:00,1,0.7200204133987427,7.5,target_full,True,6,True
2025-10-14 16:43:00+00:00,-1,0.7401174306869507,-9.229999999999563,timeout,False,12,False
2025-10-14 16:50:00+00:00,1,0.5548744201660156,-8.69000000000051,timeout,False,12,False
2025-10-14 16:53:00+00:00,-1,0.762516975402832,5.0,trail_stop,True,4,True
2025-10-14 17:29:00+00:00,-1,0.5860477089881897,-3.300000000000182,timeout,False,12,False
2025-10-14 18:16:00+00:00,-1,0.6790259480476379,-1.1899999999995998,timeout,False,12,False
2025-10-14 19:48:00+00:00,-1,0.5503363609313965,-5.539999999999964,timeout,False,12,False
2025-10-15 00:27:00+00:00,-1,0.6276124715805054,5.0,trail_stop,True,2,True
2025-10-15 00:48:00+00:00,-1,0.5595547556877136,-4.900000000000546,timeout,False,12,False
2025-10-15 01:12:00+00:00,1,0.7620444893836975,2.4600000000000364,timeout,False,12,True
2025-10-15 01:13:00+00:00,1,0.6708943247795105,5.0,trail_stop,True,12,True
2025-10-15 01:40:00+00:00,-1,0.6292338371276855,-2.1400000000003274,timeout,False,12,False
2025-10-15 05:10:00+00:00,1,0.6965684294700623,3.230000000000473,timeout,False,12,True
2025-10-15 09:27:00+00:00,1,0.649370014667511,5.0,trail_stop,True,5,True
2025-10-15 09:32:00+00:00,1,0.6698412895202637,0.6499999999996362,timeout,False,12,True
2025-10-15 12:20:00+00:00,-1,0.6389113664627075,5.0,trail_stop,True,10,True
2025-10-15 12:26:00+00:00,-1,0.6202673316001892,5.0,trail_stop,True,4,True
2025-10-15 13:31:00+00:00,-1,0.6198882460594177,-6.849999999999454,timeout,False,12,False
2025-10-15 13:43:00+00:00,-1,0.6793575882911682,5.0,trail_stop,True,5,True
2025-10-15 14:00:00+00:00,1,0.5727559924125671,5.0,trail_stop,True,2,True
2025-10-15 14:01:00+00:00,1,0.5774358510971069,5.0,trail_stop,True,6,True
2025-10-15 14:50:00+00:00,-1,0.5674991011619568,5.0,trail_stop,True,5,True
2025-10-15 15:33:00+00:00,-1,0.7021841406822205,5.0,trail_stop,True,2,True
2025-10-15 16:15:00+00:00,1,0.5617231130599976,2.780000000000655,timeout,False,12,True
2025-10-15 16:40:00+00:00,1,0.6490373015403748,1.6300000000001091,timeout,False,12,True
2025-10-15 17:13:00+00:00,-1,0.6149850487709045,-5.4399999999996,timeout,False,12,False
2025-10-15 18:04:00+00:00,1,0.6595857739448547,-2.0,timeout,False,12,False
2025-10-16 01:03:00+00:00,-1,0.6000462174415588,-9.849999999999454,timeout,False,12,False
2025-10-16 01:11:00+00:00,1,0.5819944143295288,5.0,trail_stop,True,4,True
2025-10-16 04:42:00+00:00,-1,0.5824081897735596,5.0,trail_stop,True,10,True
2025-10-16 05:23:00+00:00,1,0.6196266412734985,-20.0,stop_loss,False,9,False
2025-10-16 05:37:00+00:00,-1,0.6552528738975525,5.0,trail_stop,True,10,True
2025-10-16 05:38:00+00:00,-1,0.7608953714370728,-1.9700000000002547,timeout,False,12,False
2025-10-16 05:39:00+00:00,-1,0.782447099685669,5.0,trail_stop,True,8,True
2025-10-16 06:12:00+00:00,1,0.6261323690414429,5.0,trail_stop,True,6,True
2025-10-16 06:53:00+00:00,1,0.6711863279342651,3.3299999999999272,timeout,False,12,True
2025-10-16 09:40:00+00:00,-1,0.7347255349159241,-8.929999999999382,timeout,False,12,False
2025-10-16 12:38:00+00:00,-1,0.6802345514297485,7.5,target_full,True,1,True
2025-10-16 13:26:00+00:00,-1,0.6357998847961426,-3.5299999999997453,timeout,False,12,False
2025-10-16 13:30:00+00:00,1,0.8052213191986084,5.0,trail_stop,True,7,True
2025-10-16 13:41:00+00:00,1,0.8417548537254333,-3.889999999999418,timeout,False,12,False
2025-10-16 14:05:00+00:00,1,0.6491934657096863,5.0,trail_stop,True,8,True
2025-10-16 16:19:00+00:00,1,0.6777536273002625,5.0,trail_stop,True,4,True
2025-10-16 16:23:00+00:00,1,0.7258358001708984,-20.0,stop_loss,False,12,False
2025-10-16 16:24:00+00:00,1,0.669021725654602,-16.82000000000062,timeout,False,12,False
2025-10-16 16:27:00+00:00,1,0.5872029066085815,-20.0,stop_loss,False,8,False
2025-10-16 16:46:00+00:00,1,0.7156537175178528,5.0,trail_stop,True,10,True
2025-10-16 16:48:00+00:00,1,0.7637812495231628,5.0,trail_stop,True,9,True
2025-10-16 16:55:00+00:00,1,0.8408257961273193,5.0,trail_stop,True,7,True
2025-10-16 17:03:00+00:00,1,0.7533828616142273,4.3149999999996,timeout,True,12,True
2025-10-16 18:05:00+00:00,-1,0.7112100124359131,5.0,trail_stop,True,9,True
2025-10-16 18:23:00+00:00,1,0.6324837803840637,-2.1900000000005093,timeout,False,12,False
2025-10-16 18:35:00+00:00,1,0.613517165184021,2.2899999999999636,timeout,False,12,True
2025-10-16 19:53:00+00:00,1,0.7910496592521667,7.5,target_full,True,1,True
2025-10-16 20:04:00+00:00,1,0.7181552052497864,5.0,trail_stop,True,7,True
2025-10-16 20:55:00+00:00,1,0.6125347018241882,7.5,target_full,True,4,True
2025-10-16 22:01:00+00:00,1,0.6556920409202576,5.0,trail_stop,True,7,True
2025-10-16 22:04:00+00:00,-1,0.8825252652168274,-20.0,stop_loss,False,5,False
2025-10-16 22:05:00+00:00,-1,0.8496671915054321,-20.0,stop_loss,False,3,False
2025-10-16 22:06:00+00:00,-1,0.6679764986038208,-20.0,stop_loss,False,3,False
2025-10-16 22:08:00+00:00,1,0.6564844250679016,7.5,target_full,True,1,True
2025-10-16 22:09:00+00:00,1,0.622559130191803,5.0,trail_stop,True,2,True
2025-10-16 22:11:00+00:00,1,0.5788934230804443,7.5,target_full,True,6,True
2025-10-16 22:14:00+00:00,-1,0.7826968431472778,-20.0,stop_loss,False,3,False
2025-10-16 22:15:00+00:00,-1,0.7065252065658569,-20.0,stop_loss,False,3,False
2025-10-16 22:16:00+00:00,1,0.5832605361938477,7.5,target_full,True,1,True
2025-10-16 22:18:00+00:00,1,0.5644926428794861,-5.239999999999782,timeout,False,12,False
2025-10-16 22:22:00+00:00,-1,0.9525644183158875,7.5,target_full,True,12,True
2025-10-16 22:24:00+00:00,-1,0.7078831791877747,7.5,target_full,True,10,True
2025-10-16 22:26:00+00:00,-1,0.6820728778839111,7.5,target_full,True,8,True
2025-10-16 22:35:00+00:00,-1,0.5788371562957764,-10.429999999999382,timeout,False,12,False
2025-10-16 22:40:00+00:00,1,0.5742522478103638,5.0,trail_stop,True,8,True
2025-10-16 22:52:00+00:00,-1,0.6058177947998047,-5.3400000000001455,timeout,False,12,False
2025-10-16 22:53:00+00:00,-1,0.774721086025238,5.0,trail_stop,True,2,True
2025-10-16 23:01:00+00:00,-1,0.7740899324417114,-20.0,stop_loss,False,6,False
2025-10-16 23:02:00+00:00,1,0.5805256962776184,7.5,target_full,True,3,True
2025-10-16 23:45:00+00:00,1,0.7897112369537354,5.0,trail_stop,True,6,True
2025-10-16 23:50:00+00:00,1,0.6344589591026306,-20.0,stop_loss,False,3,False
2025-10-17 00:37:00+00:00,-1,0.6641338467597961,-6.489999999999782,timeout,False,12,False
2025-10-17 00:48:00+00:00,-1,0.5773882269859314,5.0,trail_stop,True,4,True
2025-10-17 00:54:00+00:00,1,0.5672382712364197,-20.0,stop_loss,False,8,False
2025-10-17 01:10:00+00:00,1,0.5823308825492859,-20.0,stop_loss,False,6,False
2025-10-17 01:12:00+00:00,-1,0.6431403756141663,5.0,trail_stop,True,2,True
2025-10-17 01:16:00+00:00,-1,0.5590102672576904,7.5,target_full,True,1,True
2025-10-17 01:17:00+00:00,-1,0.7217011451721191,-7.290000000000873,timeout,False,12,False
2025-10-17 01:18:00+00:00,-1,0.6686859130859375,5.0,trail_stop,True,3,True
2025-10-17 01:23:00+00:00,1,0.7467962503433228,-20.0,stop_loss,False,8,False
2025-10-17 01:26:00+00:00,-1,0.6751347780227661,5.0,trail_stop,True,5,True
2025-10-17 01:32:00+00:00,-1,0.7622964978218079,5.0,trail_stop,True,6,True
2025-10-17 01:35:00+00:00,1,0.6193199753761292,-20.0,stop_loss,False,6,False
2025-10-17 01:36:00+00:00,-1,0.7573779225349426,5.0,trail_stop,True,2,True
2025-10-17 01:38:00+00:00,-1,0.8900750279426575,5.0,trail_stop,True,2,True
2025-10-17 01:39:00+00:00,-1,0.8113846182823181,7.5,target_full,True,1,True
2025-10-17 01:40:00+00:00,-1,0.7433833479881287,5.0,trail_stop,True,2,True
2025-10-17 01:42:00+00:00,-1,0.8513707518577576,7.5,target_full,True,1,True
2025-10-17 01:43:00+00:00,-1,0.7807232737541199,7.5,target_full,True,1,True
2025-10-17 01:44:00+00:00,-1,0.6236863732337952,7.5,target_full,True,1,True
2025-10-17 01:45:00+00:00,-1,0.7308171391487122,-20.0,stop_loss,False,1,False
2025-10-17 01:48:00+00:00,1,0.8435202240943909,5.0,trail_stop,True,5,True
2025-10-17 01:50:00+00:00,-1,0.7536870837211609,5.0,trail_stop,True,2,True
2025-10-17 01:51:00+00:00,-1,0.9026405811309814,-20.0,stop_loss,False,7,False
2025-10-17 01:52:00+00:00,-1,0.7353342175483704,5.0,trail_stop,True,2,True
2025-10-17 01:54:00+00:00,1,0.7426232099533081,5.0,trail_stop,True,3,True
2025-10-17 01:55:00+00:00,-1,0.7626811265945435,5.0,trail_stop,True,2,True
2025-10-17 01:56:00+00:00,-1,0.811882734298706,-20.0,stop_loss,False,2,False
2025-10-17 01:58:00+00:00,1,0.721156120300293,7.5,target_full,True,1,True
2025-10-17 01:59:00+00:00,1,0.6815008521080017,7.5,target_full,True,1,True
2025-10-17 02:06:00+00:00,1,0.5912864804267883,5.0,trail_stop,True,4,True
2025-10-17 02:07:00+00:00,-1,0.8913702368736267,-4.970000000000255,timeout,False,12,False
2025-10-17 02:09:00+00:00,1,0.6254922747612,-5.769999999999527,timeout,False,12,False
2025-10-17 02:32:00+00:00,1,0.5963764786720276,5.0,trail_stop,True,4,True
2025-10-17 02:37:00+00:00,1,0.6779604554176331,5.0,trail_stop,True,8,True
2025-10-17 02:46:00+00:00,1,0.7436385154724121,5.0,trail_stop,True,4,True
2025-10-17 02:56:00+00:00,-1,0.593350350856781,5.0,trail_stop,True,2,True
2025-10-17 02:57:00+00:00,-1,0.651780366897583,-14.539999999999964,timeout,False,12,False
2025-10-17 03:03:00+00:00,1,0.7144947648048401,5.0,trail_stop,True,5,True
2025-10-17 03:08:00+00:00,1,0.8173884153366089,5.0,trail_stop,True,3,True
2025-10-17 04:01:00+00:00,1,0.6860718131065369,5.0,trail_stop,True,2,True
2025-10-17 04:16:00+00:00,-1,0.5562832951545715,5.0,trail_stop,True,4,True
2025-10-17 04:18:00+00:00,-1,0.6959971189498901,5.0,trail_stop,True,3,True
2025-10-17 04:34:00+00:00,1,0.6623178124427795,0.0500000000001819,timeout,False,12,True
2025-10-17 04:59:00+00:00,1,0.6564489603042603,-7.510000000000218,timeout,False,12,False
2025-10-17 05:35:00+00:00,1,0.5559076070785522,4.400000000000091,timeout,True,12,True
2025-10-17 06:33:00+00:00,-1,0.5904913544654846,-16.210000000000036,timeout,False,12,False
2025-10-17 06:42:00+00:00,1,0.5977514982223511,-3.9200000000000728,timeout,False,12,False
2025-10-17 07:24:00+00:00,1,0.7260816097259521,5.0,trail_stop,True,2,True
2025-10-17 07:25:00+00:00,1,0.6597877144813538,-2.3100000000004,timeout,False,12,False
2025-10-17 07:26:00+00:00,1,0.782574474811554,0.8800000000001091,timeout,False,12,True
2025-10-17 07:27:00+00:00,-1,0.868140459060669,7.5,target_full,True,2,True
2025-10-17 07:29:00+00:00,-1,0.7769427299499512,5.0,trail_stop,True,2,True
2025-10-17 07:30:00+00:00,-1,0.8198876976966858,-15.340000000000146,timeout,False,12,False
2025-10-17 07:31:00+00:00,-1,0.7500031590461731,-10.579999999999927,timeout,False,12,False
2025-10-17 07:36:00+00:00,1,0.6057584881782532,5.0,trail_stop,True,2,True
2025-10-17 07:43:00+00:00,1,0.6596662998199463,-9.670000000000073,timeout,False,12,False
2025-10-17 08:01:00+00:00,-1,0.6715394258499146,7.5,target_full,True,3,True
2025-10-17 08:05:00+00:00,-1,0.7119651436805725,5.0,trail_stop,True,4,True
2025-10-17 08:07:00+00:00,-1,0.6072003841400146,5.0,trail_stop,True,2,True
2025-10-17 08:08:00+00:00,-1,0.717652440071106,-20.0,stop_loss,False,9,False
2025-10-17 08:11:00+00:00,1,0.7574990391731262,5.0,trail_stop,True,4,True
2025-10-17 08:19:00+00:00,1,0.5914928913116455,5.0,trail_stop,True,2,True
2025-10-17 08:22:00+00:00,1,0.5778554677963257,-8.160000000000764,timeout,False,12,False
2025-10-17 09:37:00+00:00,1,0.5637760758399963,-3.7899999999999636,timeout,False,12,False
2025-10-17 10:41:00+00:00,1,0.5637214183807373,5.0,trail_stop,True,7,True
2025-10-17 10:48:00+00:00,1,0.6483564376831055,-3.9600000000000364,timeout,False,12,False
2025-10-17 11:21:00+00:00,1,0.8232242465019226,-20.0,stop_loss,False,12,False
2025-10-17 11:38:00+00:00,1,0.7125276923179626,5.0,trail_stop,True,2,True
2025-10-17 11:42:00+00:00,-1,0.7668145895004272,5.0,trail_stop,True,2,True
2025-10-17 11:43:00+00:00,-1,0.5724324584007263,5.0,trail_stop,True,8,True
2025-10-17 11:49:00+00:00,-1,0.8345346450805664,5.0,trail_stop,True,2,True
2025-10-17 11:50:00+00:00,-1,0.6202946305274963,7.5,target_full,True,1,True
2025-10-17 11:51:00+00:00,-1,0.7192521691322327,5.0,trail_stop,True,5,True
2025-10-17 11:56:00+00:00,-1,0.6979118585586548,5.0,trail_stop,True,3,True
2025-10-17 11:59:00+00:00,-1,0.8350304961204529,-20.0,stop_loss,False,11,False
2025-10-17 12:01:00+00:00,-1,0.7662374377250671,-20.0,stop_loss,False,5,False
2025-10-17 12:02:00+00:00,1,0.8427829146385193,7.5,target_full,True,3,True
2025-10-17 12:05:00+00:00,1,0.5895083546638489,7.5,target_full,True,2,True
2025-10-17 12:06:00+00:00,1,0.674712598323822,5.0,trail_stop,True,2,True
2025-10-17 12:07:00+00:00,1,0.5953019857406616,5.0,trail_stop,True,5,True
2025-10-17 12:12:00+00:00,1,0.723246157169342,5.0,trail_stop,True,2,True
2025-10-17 12:15:00+00:00,1,0.5561427474021912,-20.0,stop_loss,False,9,False
2025-10-17 12:16:00+00:00,-1,0.8085262179374695,7.5,target_full,True,3,True
2025-10-17 12:17:00+00:00,-1,0.7206910848617554,7.5,target_full,True,2,True
2025-10-17 12:26:00+00:00,1,0.6380881667137146,7.5,target_full,True,7,True
2025-10-17 12:29:00+00:00,-1,0.6508615016937256,-20.0,stop_loss,False,5,False
2025-10-17 12:31:00+00:00,1,0.7250301241874695,7.5,target_full,True,2,True
2025-10-17 12:44:00+00:00,1,0.5545535087585449,5.0,trail_stop,True,7,True
2025-10-17 12:49:00+00:00,1,0.8270701766014099,-15.719999999999345,timeout,False,12,False
2025-10-17 12:51:00+00:00,1,0.6769380569458008,-17.31999999999971,timeout,False,12,False
2025-10-17 12:56:00+00:00,1,0.6843574047088623,-9.25,timeout,False,12,False
2025-10-17 13:17:00+00:00,-1,0.6024044156074524,-5.920000000000073,timeout,False,12,False
2025-10-17 13:23:00+00:00,1,0.722011148929596,5.0,trail_stop,True,6,True
2025-10-17 13:35:00+00:00,-1,0.8148488402366638,7.5,target_full,True,1,True
2025-10-17 13:36:00+00:00,-1,0.7753653526306152,-20.0,stop_loss,False,4,False
2025-10-17 13:43:00+00:00,1,0.8096023201942444,5.0,trail_stop,True,2,True
2025-10-17 13:44:00+00:00,1,0.8790959715843201,5.0,trail_stop,True,2,True
2025-10-17 13:45:00+00:00,1,0.7802966237068176,-10.210000000000036,timeout,False,12,False
2025-10-17 13:46:00+00:00,1,0.8244622349739075,5.0,trail_stop,True,8,True
2025-10-17 13:47:00+00:00,-1,0.8663915395736694,5.0,trail_stop,True,3,True
2025-10-17 13:54:00+00:00,1,0.6157647967338562,-20.0,stop_loss,False,5,False
2025-10-17 13:56:00+00:00,-1,0.6212390065193176,5.0,trail_stop,True,2,True
2025-10-17 13:59:00+00:00,-1,0.6362800598144531,7.5,target_full,True,1,True
2025-10-17 14:07:00+00:00,-1,0.7065708041191101,7.5,target_full,True,6,True
2025-10-17 14:13:00+00:00,-1,0.842110276222229,7.5,target_full,True,1,True
2025-10-17 14:14:00+00:00,-1,0.6930000185966492,-20.0,stop_loss,False,4,False
2025-10-17 14:17:00+00:00,1,0.6019487977027893,7.5,target_full,True,1,True
2025-10-17 14:20:00+00:00,1,0.5619174242019653,5.0,trail_stop,True,7,True
2025-10-17 14:21:00+00:00,-1,0.5720710158348083,5.0,trail_stop,True,2,True
2025-10-17 14:22:00+00:00,-1,0.5738548636436462,-20.0,stop_loss,False,4,False
2025-10-17 14:25:00+00:00,1,0.6290299892425537,7.5,target_full,True,2,True
2025-10-17 14:27:00+00:00,1,0.5570977926254272,5.0,trail_stop,True,4,True
2025-10-17 14:32:00+00:00,1,0.6264936923980713,7.5,target_full,True,5,True
2025-10-17 14:33:00+00:00,1,0.6319519281387329,5.0,trail_stop,True,5,True
2025-10-17 14:34:00+00:00,-1,0.8150801658630371,5.0,trail_stop,True,2,True
2025-10-17 14:37:00+00:00,1,0.6463501453399658,7.5,target_full,True,1,True
2025-10-17 14:38:00+00:00,1,0.766624927520752,7.5,target_full,True,1,True
2025-10-17 14:41:00+00:00,1,0.7722381353378296,5.0,trail_stop,True,2,True
2025-10-17 14:42:00+00:00,1,0.8385831713676453,-4.649999999999636,timeout,False,12,False
2025-10-17 14:45:00+00:00,-1,0.806054413318634,-0.42000000000007276,timeout,False,12,False
2025-10-17 14:46:00+00:00,-1,0.6807003617286682,5.0,trail_stop,True,11,True
2025-10-17 14:53:00+00:00,1,0.5564107298851013,-12.850000000000364,timeout,False,12,False
2025-10-17 14:55:00+00:00,1,0.6383382081985474,-0.14000000000032742,timeout,False,12,False
2025-10-17 15:12:00+00:00,-1,0.7655690908432007,5.0,trail_stop,True,2,True
2025-10-17 15:15:00+00:00,1,0.6178027987480164,-0.3999999999996362,timeout,False,12,False
2025-10-17 15:28:00+00:00,1,0.7895280122756958,7.5,target_full,True,6,True
2025-10-17 16:06:00+00:00,-1,0.5966772437095642,5.0,trail_stop,True,2,True
2025-10-17 16:10:00+00:00,1,0.6592931747436523,5.0,trail_stop,True,2,True
2025-10-17 16:11:00+00:00,1,0.6406754851341248,-7.9399999999996,timeout,False,12,False
2025-10-17 16:15:00+00:00,1,0.7373206615447998,-15.670000000000073,timeout,False,12,False
2025-10-17 16:24:00+00:00,-1,0.5728868246078491,5.0,trail_stop,True,2,True
2025-10-17 16:29:00+00:00,-1,0.6598593592643738,5.0,trail_stop,True,5,True
2025-10-17 16:33:00+00:00,-1,0.604016125202179,5.0,trail_stop,True,12,True
2025-10-17 16:34:00+00:00,-1,0.7441191077232361,5.0,trail_stop,True,3,True
2025-10-17 16:37:00+00:00,-1,0.9234538078308105,5.0,trail_stop,True,8,True
2025-10-17 16:39:00+00:00,1,0.6312434673309326,-9.289999999999964,timeout,False,12,False
2025-10-17 16:41:00+00:00,1,0.707676112651825,5.0,trail_stop,True,9,True
2025-10-17 16:44:00+00:00,-1,0.7054421901702881,5.0,trail_stop,True,2,True
2025-10-17 16:46:00+00:00,-1,0.6843673586845398,-1.1300000000001091,timeout,False,12,False
2025-10-17 16:47:00+00:00,1,0.5599115490913391,7.5,target_full,True,2,True
2025-10-17 16:48:00+00:00,1,0.8273210525512695,5.0,trail_stop,True,2,True
2025-10-17 16:51:00+00:00,-1,0.8626748323440552,5.0,trail_stop,True,2,True
2025-10-17 16:52:00+00:00,-1,0.8895770311355591,5.0,trail_stop,True,3,True
2025-10-17 16:54:00+00:00,-1,0.6117052435874939,7.5,target_full,True,1,True
2025-10-17 16:55:00+00:00,-1,0.870512068271637,5.0,trail_stop,True,7,True
2025-10-17 16:57:00+00:00,-1,0.7967399954795837,7.5,target_full,True,5,True
2025-10-17 16:59:00+00:00,1,0.8538371920585632,-20.0,stop_loss,False,4,False
2025-10-17 17:02:00+00:00,-1,0.7786027193069458,7.5,target_full,True,1,True
2025-10-17 17:08:00+00:00,-1,0.6550002098083496,-6.720000000000255,timeout,False,12,False
2025-10-17 17:09:00+00:00,-1,0.7576956748962402,-17.609999999999673,timeout,False,12,False
2025-10-17 17:11:00+00:00,-1,0.5798059701919556,-14.550000000000182,timeout,False,12,False
2025-10-17 17:14:00+00:00,1,0.770270586013794,5.0,trail_stop,True,9,True
2025-10-17 17:15:00+00:00,1,0.931542158126831,7.5,target_full,True,7,True
2025-10-17 17:17:00+00:00,-1,0.6918104887008667,0.8800000000001091,timeout,False,12,True
2025-10-17 17:22:00+00:00,1,0.6500523090362549,-3.0900000000001455,timeout,False,12,False
2025-10-17 17:28:00+00:00,-1,0.5656440854072571,-20.0,stop_loss,False,12,False
2025-10-17 17:46:00+00:00,1,0.5763130187988281,-4.880000000000109,timeout,False,12,False
2025-10-17 17:49:00+00:00,-1,0.6447089910507202,5.0,trail_stop,True,3,True
2025-10-17 19:32:00+00:00,1,0.6086878776550293,-5.960000000000036,timeout,False,12,False
2025-10-17 19:58:00+00:00,1,0.5837125778198242,5.0,trail_stop,True,3,True
2025-10-17 19:59:00+00:00,1,0.5994833111763,5.0,trail_stop,True,2,True
2025-10-17 20:04:00+00:00,-1,0.7632811665534973,-13.429999999999382,timeout,False,12,False
2025-10-17 20:05:00+00:00,-1,0.7107128500938416,-4.8100000000004,timeout,False,12,False
2025-10-17 20:06:00+00:00,1,0.8847829699516296,5.0,trail_stop,True,10,True
2025-10-19 22:04:00+00:00,1,0.7554963231086731,-1.3500000000003638,timeout,False,12,False
2025-10-19 22:05:00+00:00,1,0.8790873289108276,5.0,trail_stop,True,2,True
2025-10-19 22:06:00+00:00,-1,0.8269409537315369,5.0,trail_stop,True,2,True
2025-10-19 22:08:00+00:00,-1,0.8867733478546143,5.0,trail_stop,True,2,True
2025-10-19 22:09:00+00:00,-1,0.8492024540901184,-4.930000000000291,timeout,False,12,False
2025-10-19 22:10:00+00:00,-1,0.8100372552871704,5.0,trail_stop,True,2,True
2025-10-19 22:13:00+00:00,-1,0.735820472240448,-0.7399999999997817,timeout,False,12,False
2025-10-19 22:16:00+00:00,-1,0.7117711305618286,-4.0900000000001455,timeout,False,12,False
2025-10-19 22:17:00+00:00,1,0.5968818068504333,5.0,trail_stop,True,2,True
2025-10-19 22:22:00+00:00,-1,0.5999917387962341,7.5,target_full,True,10,True
2025-10-19 23:25:00+00:00,-1,0.6008926630020142,-5.640000000000327,timeout,False,12,False
2025-10-20 00:24:00+00:00,-1,0.5737093091011047,5.0,trail_stop,True,2,True
2025-10-20 00:34:00+00:00,-1,0.552731454372406,-17.960000000000036,timeout,False,12,False
2025-10-20 00:40:00+00:00,-1,0.5665625929832458,-14.590000000000146,timeout,False,12,False
2025-10-20 00:41:00+00:00,-1,0.5901368856430054,-9.5600000000004,timeout,False,12,False
2025-10-20 00:42:00+00:00,1,0.6580065488815308,5.0,trail_stop,True,4,True
2025-10-20 00:44:00+00:00,1,0.5950435996055603,5.0,trail_stop,True,3,True
2025-10-20 01:09:00+00:00,1,0.5737456679344177,7.5,target_full,True,1,True
2025-10-20 01:23:00+00:00,-1,0.5858063101768494,-6.309999999999491,timeout,False,12,False
2025-10-20 05:22:00+00:00,-1,0.5958836674690247,-8.199999999999818,timeout,False,12,False
2025-10-20 05:59:00+00:00,-1,0.6071580052375793,5.0,trail_stop,True,2,True
2025-10-20 06:23:00+00:00,1,0.5697520971298218,-1.8699999999998909,timeout,False,12,False
2025-10-20 06:32:00+00:00,1,0.5593900680541992,5.0,trail_stop,True,3,True
2025-10-20 08:32:00+00:00,1,0.7242347598075867,-3.4000000000005457,timeout,False,12,False
2025-10-20 12:12:00+00:00,1,0.5940422415733337,5.0,trail_stop,True,6,True
2025-10-20 12:32:00+00:00,1,0.5527305006980896,5.0,trail_stop,True,2,True
2025-10-20 12:52:00+00:00,1,0.6644027829170227,5.0,trail_stop,True,6,True
2025-10-20 12:59:00+00:00,1,0.6743460297584534,-5.1599999999998545,timeout,False,12,False
2025-10-20 13:05:00+00:00,-1,0.7256802916526794,-8.180000000000291,timeout,False,12,False
2025-10-20 13:43:00+00:00,-1,0.7235227823257446,-0.23999999999978172,timeout,False,12,False
2025-10-20 13:47:00+00:00,1,0.6068929433822632,5.0,trail_stop,True,2,True
2025-10-20 13:55:00+00:00,-1,0.6255677938461304,5.0,trail_stop,True,3,True
2025-10-20 14:22:00+00:00,1,0.8334997296333313,-7.869999999999891,timeout,False,12,False
2025-10-20 14:26:00+00:00,-1,0.6419702768325806,5.0,trail_stop,True,9,True
2025-10-20 15:00:00+00:00,1,0.6224908232688904,5.0,trail_stop,True,6,True
2025-10-20 16:05:00+00:00,1,0.6796502470970154,2.819999999999709,timeout,False,12,True
2025-10-20 19:55:00+00:00,1,0.7031811475753784,-13.510000000000218,timeout,False,12,False
2025-10-20 19:57:00+00:00,1,0.6399152278900146,-20.0,stop_loss,False,4,False
2025-10-20 20:26:00+00:00,-1,0.5577413439750671,5.0,trail_stop,True,6,True
2025-10-21 01:13:00+00:00,-1,0.5710866451263428,5.739999999999782,timeout,True,12,True
2025-10-21 01:40:00+00:00,1,0.5797787308692932,5.0,trail_stop,True,3,True
2025-10-21 01:59:00+00:00,1,0.6882060170173645,-6.809999999999491,timeout,False,12,False
2025-10-21 05:25:00+00:00,1,0.6451889872550964,-13.740000000000691,timeout,False,12,False
2025-10-21 05:41:00+00:00,1,0.6691299676895142,-0.6899999999995998,timeout,False,12,False
2025-10-21 05:43:00+00:00,1,0.6061854958534241,5.0,trail_stop,True,4,True
2025-10-21 06:04:00+00:00,1,0.7181665897369385,5.0,trail_stop,True,4,True
2025-10-21 06:41:00+00:00,1,0.6057926416397095,7.5,target_full,True,8,True
2025-10-21 07:37:00+00:00,-1,0.6415368318557739,-9.489999999999782,timeout,False,12,False
2025-10-21 07:42:00+00:00,1,0.8581369519233704,5.0,trail_stop,True,4,True
2025-10-21 08:02:00+00:00,-1,0.6860737800598145,7.5,target_full,True,1,True
2025-10-21 08:06:00+00:00,1,0.868120551109314,-20.0,stop_loss,False,6,False
2025-10-21 08:09:00+00:00,1,0.5914177298545837,-20.0,stop_loss,False,3,False
2025-10-21 08:12:00+00:00,-1,0.850219190120697,7.5,target_full,True,1,True
2025-10-21 08:13:00+00:00,-1,0.8112509250640869,7.5,target_full,True,1,True
2025-10-21 08:14:00+00:00,-1,0.6601020097732544,-20.0,stop_loss,False,3,False
2025-10-21 08:19:00+00:00,1,0.6515201926231384,2.9600000000000364,timeout,False,12,True
2025-10-21 08:21:00+00:00,-1,0.6205700635910034,7.5,target_full,True,1,True
2025-10-21 08:22:00+00:00,-1,0.833774209022522,-8.969999999999345,timeout,False,12,False
2025-10-21 08:24:00+00:00,-1,0.821290910243988,5.0,trail_stop,True,2,True
2025-10-21 08:25:00+00:00,1,0.6245015263557434,5.0,trail_stop,True,3,True
2025-10-21 08:28:00+00:00,1,0.6298640370368958,5.0,trail_stop,True,12,True
2025-10-21 08:33:00+00:00,-1,0.5889164209365845,-8.170000000000073,timeout,False,12,False
2025-10-21 08:41:00+00:00,1,0.6187407970428467,5.0,trail_stop,True,4,True
2025-10-21 08:43:00+00:00,-1,0.6198958158493042,-2.9400000000005093,timeout,False,12,False
2025-10-21 08:51:00+00:00,-1,0.5985578894615173,1.4000000000005457,timeout,False,12,True
2025-10-21 09:20:00+00:00,1,0.8891628980636597,5.0,trail_stop,True,11,True
2025-10-21 09:22:00+00:00,-1,0.6601814031600952,-9.140000000000327,timeout,False,12,False
2025-10-21 09:24:00+00:00,1,0.7159966826438904,5.0,trail_stop,True,7,True
2025-10-21 09:26:00+00:00,1,0.6847614645957947,5.0,trail_stop,True,6,True
2025-10-21 10:20:00+00:00,1,0.5672574639320374,5.0,trail_stop,True,3,True
2025-10-21 11:17:00+00:00,1,0.6582024097442627,-3.25,timeout,False,12,False
2025-10-21 11:43:00+00:00,-1,0.5960970520973206,5.0,trail_stop,True,9,True
2025-10-21 11:50:00+00:00,-1,0.5949222445487976,5.0,trail_stop,True,5,True
2025-10-21 12:10:00+00:00,-1,0.8782191872596741,5.0,trail_stop,True,2,True
2025-10-21 12:11:00+00:00,-1,0.6654188632965088,7.5,target_full,True,1,True
2025-10-21 12:12:00+00:00,-1,0.8034788370132446,5.0,trail_stop,True,2,True
2025-10-21 12:16:00+00:00,1,0.8657841682434082,5.0,trail_stop,True,2,True
2025-10-21 12:26:00+00:00,-1,0.6744503378868103,5.0,trail_stop,True,7,True
2025-10-21 12:27:00+00:00,1,0.7910481095314026,-2.9099999999998545,timeout,False,12,False
2025-10-21 12:31:00+00:00,-1,0.7751251459121704,5.0,trail_stop,True,3,True
2025-10-21 12:33:00+00:00,-1,0.5629457831382751,7.5,target_full,True,12,True
2025-10-21 12:42:00+00:00,-1,0.7223824858665466,7.5,target_full,True,3,True
2025-10-21 12:48:00+00:00,1,0.628073513507843,-18.699999999999818,timeout,False,12,False
2025-10-21 12:50:00+00:00,-1,0.7166964411735535,7.5,target_full,True,10,True
2025-10-21 12:55:00+00:00,-1,0.684214174747467,7.5,target_full,True,5,True
2025-10-21 13:07:00+00:00,1,0.7886287569999695,-0.3900000000003274,timeout,False,12,False
2025-10-21 13:08:00+00:00,-1,0.9268256425857544,5.0,trail_stop,True,3,True
2025-10-21 13:11:00+00:00,-1,0.5849748253822327,5.0,trail_stop,True,2,True
2025-10-21 13:21:00+00:00,1,0.7613052725791931,-9.579999999999927,timeout,False,12,False
2025-10-21 13:25:00+00:00,-1,0.6614092588424683,7.5,target_full,True,4,True
2025-10-21 13:40:00+00:00,-1,0.8324553966522217,7.5,target_full,True,1,True
2025-10-21 13:41:00+00:00,-1,0.8496758341789246,7.5,target_full,True,2,True
2025-10-21 13:42:00+00:00,-1,0.6528165340423584,5.0,trail_stop,True,2,True
2025-10-21 13:43:00+00:00,-1,0.6571531295776367,7.5,target_full,True,3,True
2025-10-21 13:45:00+00:00,1,0.8345030546188354,-20.0,stop_loss,False,1,False
2025-10-21 13:46:00+00:00,-1,0.8190564513206482,7.5,target_full,True,1,True
2025-10-21 13:47:00+00:00,-1,0.7144396305084229,7.5,target_full,True,1,True
2025-10-21 13:48:00+00:00,-1,0.7050960659980774,7.5,target_full,True,2,True
2025-10-21 13:49:00+00:00,-1,0.6427736878395081,7.5,target_full,True,1,True
2025-10-21 13:50:00+00:00,-1,0.730554461479187,5.0,trail_stop,True,2,True
2025-10-21 13:53:00+00:00,-1,0.7739776968955994,5.0,trail_stop,True,2,True
2025-10-21 14:02:00+00:00,-1,0.642654538154602,-20.0,stop_loss,False,3,False
2025-10-21 14:05:00+00:00,1,0.5521594285964966,5.0,trail_stop,True,2,True
2025-10-21 14:07:00+00:00,1,0.7947394251823425,-17.730000000000473,timeout,False,12,False
2025-10-21 14:08:00+00:00,-1,0.863960325717926,5.0,trail_stop,True,10,True
2025-10-21 14:10:00+00:00,1,0.7700603604316711,-20.0,stop_loss,False,9,False
2025-10-21 14:11:00+00:00,1,0.7555137276649475,5.0,trail_stop,True,2,True
2025-10-21 14:12:00+00:00,1,0.8123742938041687,-20.0,stop_loss,False,7,False
2025-10-21 14:14:00+00:00,1,0.7092384099960327,-20.0,stop_loss,False,5,False
2025-10-21 14:15:00+00:00,-1,0.7956145405769348,5.0,trail_stop,True,2,True
2025-10-21 14:18:00+00:00,-1,0.831951916217804,5.0,trail_stop,True,2,True
2025-10-21 14:28:00+00:00,-1,0.6397687196731567,7.5,target_full,True,1,True
2025-10-21 14:35:00+00:00,1,0.5793119668960571,-20.0,stop_loss,False,6,False
2025-10-21 14:38:00+00:00,-1,0.7423197031021118,7.5,target_full,True,4,True
2025-10-21 14:41:00+00:00,-1,0.8299506306648254,7.5,target_full,True,1,True
2025-10-21 14:42:00+00:00,-1,0.764046311378479,5.0,trail_stop,True,2,True
2025-10-21 14:43:00+00:00,-1,0.5646726489067078,7.5,target_full,True,1,True
2025-10-21 14:45:00+00:00,-1,0.6320641040802002,-20.0,stop_loss,False,1,False
2025-10-21 14:49:00+00:00,1,0.7486505508422852,5.0,trail_stop,True,3,True
2025-10-21 14:53:00+00:00,-1,0.7790875434875488,-20.0,stop_loss,False,5,False
2025-10-21 14:55:00+00:00,1,0.7686822414398193,5.0,trail_stop,True,2,True
2025-10-21 14:57:00+00:00,1,0.6584745645523071,7.5,target_full,True,1,True
2025-10-21 15:00:00+00:00,1,0.6148495078086853,5.0,trail_stop,True,10,True
2025-10-21 15:01:00+00:00,1,0.7583946585655212,5.0,trail_stop,True,7,True
2025-10-21 15:02:00+00:00,-1,0.7346435189247131,-20.0,stop_loss,False,8,False
2025-10-21 15:04:00+00:00,-1,0.7016631960868835,-20.0,stop_loss,False,6,False
2025-10-21 15:07:00+00:00,1,0.6964040994644165,7.5,target_full,True,3,True
2025-10-21 15:12:00+00:00,1,0.7705649137496948,-20.0,stop_loss,False,8,False
2025-10-21 15:14:00+00:00,-1,0.8225622177124023,5.0,trail_stop,True,2,True
2025-10-21 15:16:00+00:00,-1,0.8208500146865845,7.5,target_full,True,4,True
2025-10-21 15:20:00+00:00,-1,0.7638728022575378,-3.050000000000182,timeout,False,12,False
2025-10-21 15:23:00+00:00,1,0.7708880305290222,-5.920000000000073,timeout,False,12,False
2025-10-21 15:29:00+00:00,-1,0.8125993013381958,-11.549999999999272,timeout,False,12,False
2025-10-21 15:30:00+00:00,-1,0.8040336966514587,5.0,trail_stop,True,2,True
2025-10-21 15:31:00+00:00,-1,0.9266307950019836,-15.900000000000546,timeout,False,12,False
2025-10-21 15:36:00+00:00,-1,0.614709198474884,-20.0,stop_loss,False,9,False
2025-10-21 15:41:00+00:00,1,0.7576120495796204,7.5,target_full,True,1,True
2025-10-21 15:42:00+00:00,1,0.6157346963882446,7.5,target_full,True,3,True
2025-10-21 15:51:00+00:00,-1,0.7108238339424133,-2.719999999999345,timeout,False,12,False
2025-10-21 15:55:00+00:00,1,0.6268911957740784,-8.019999999999527,timeout,False,12,False
2025-10-21 15:56:00+00:00,-1,0.787018895149231,5.0,trail_stop,True,2,True
2025-10-21 15:57:00+00:00,-1,0.6864644885063171,4.565000000000055,timeout,True,12,True
2025-10-21 16:00:00+00:00,-1,0.5987916588783264,5.0,trail_stop,True,11,True
2025-10-21 16:02:00+00:00,1,0.6543020606040955,-8.539999999999964,timeout,False,12,False
2025-10-21 16:06:00+00:00,-1,0.7136058211326599,7.5,target_full,True,4,True
2025-10-21 16:10:00+00:00,-1,0.5870262980461121,7.5,target_full,True,11,True
2025-10-21 16:18:00+00:00,-1,0.6707825064659119,5.0,trail_stop,True,3,True
2025-10-21 16:21:00+00:00,-1,0.7763932943344116,5.0,trail_stop,True,9,True
2025-10-21 16:42:00+00:00,1,0.6381539702415466,5.0,trail_stop,True,6,True
2025-10-21 16:47:00+00:00,1,0.6835391521453857,5.0,trail_stop,True,3,True
2025-10-21 16:53:00+00:00,1,0.6462827324867249,-20.0,stop_loss,False,10,False
2025-10-21 17:01:00+00:00,-1,0.6697956919670105,5.0,trail_stop,True,2,True
2025-10-21 17:02:00+00:00,-1,0.5730057954788208,5.0,trail_stop,True,3,True
2025-10-21 17:10:00+00:00,-1,0.7540476322174072,-4.230000000000473,timeout,False,12,False
2025-10-21 17:12:00+00:00,-1,0.7563233375549316,-0.569999999999709,timeout,False,12,False
2025-10-21 17:13:00+00:00,1,0.8792827725410461,5.0,trail_stop,True,2,True
2025-10-21 18:01:00+00:00,1,0.7005075812339783,5.0,trail_stop,True,4,True
2025-10-21 18:32:00+00:00,1,0.6465582251548767,5.0,trail_stop,True,5,True
2025-10-21 19:02:00+00:00,1,0.637569785118103,-11.699999999999818,timeout,False,12,False
2025-10-21 19:40:00+00:00,-1,0.5704483389854431,-3.2899999999999636,timeout,False,12,False
2025-10-21 19:57:00+00:00,1,0.7143529057502747,5.0,trail_stop,True,2,True
2025-10-22 00:00:00+00:00,-1,0.5892031788825989,7.5,target_full,True,1,True
2025-10-22 00:02:00+00:00,-1,0.8358328938484192,5.0,trail_stop,True,2,True
2025-10-22 00:04:00+00:00,-1,0.8748838901519775,7.5,target_full,True,1,True
2025-10-22 00:05:00+00:00,-1,0.8510241508483887,7.5,target_full,True,1,True
2025-10-22 00:06:00+00:00,-1,0.6390994787216187,5.0,trail_stop,True,2,True
2025-10-22 00:07:00+00:00,-1,0.6904328465461731,5.0,trail_stop,True,2,True
2025-10-22 00:08:00+00:00,-1,0.6682377457618713,7.5,target_full,True,1,True
2025-10-22 00:09:00+00:00,-1,0.8484255075454712,7.5,target_full,True,1,True
2025-10-22 00:10:00+00:00,-1,0.811450183391571,5.0,trail_stop,True,2,True
2025-10-22 00:11:00+00:00,-1,0.8202682733535767,-20.0,stop_loss,False,2,False
2025-10-22 00:15:00+00:00,1,0.7135975956916809,7.5,target_full,True,1,True
2025-10-22 00:17:00+00:00,1,0.6378855109214783,7.5,target_full,True,1,True
2025-10-22 00:21:00+00:00,1,0.8208363652229309,7.5,target_full,True,12,True
2025-10-22 00:22:00+00:00,-1,0.9184744358062744,5.0,trail_stop,True,2,True
2025-10-22 00:24:00+00:00,1,0.7534887790679932,7.5,target_full,True,9,True
2025-10-22 00:25:00+00:00,1,0.7171049118041992,5.0,trail_stop,True,2,True
2025-10-22 00:26:00+00:00,1,0.7297390103340149,7.5,target_full,True,7,True
2025-10-22 00:27:00+00:00,-1,0.8449646830558777,5.0,trail_stop,True,3,True
2025-10-22 00:30:00+00:00,-1,0.727675199508667,-20.0,stop_loss,False,3,False
2025-10-22 00:33:00+00:00,1,0.8367708921432495,7.5,target_full,True,1,True
2025-10-22 00:35:00+00:00,1,0.6691294312477112,5.0,trail_stop,True,2,True
2025-10-22 00:39:00+00:00,1,0.8327732086181641,5.0,trail_stop,True,7,True
2025-10-22 00:40:00+00:00,1,0.8077862858772278,5.0,trail_stop,True,5,True
2025-10-22 00:43:00+00:00,-1,0.7684063911437988,0.0,timeout,False,12,False
2025-10-22 00:45:00+00:00,1,0.6555724740028381,5.0,trail_stop,True,2,True
2025-10-22 00:48:00+00:00,-1,0.8395939469337463,5.0,trail_stop,True,7,True
2025-10-22 00:50:00+00:00,-1,0.6484110355377197,5.0,trail_stop,True,2,True
2025-10-22 00:56:00+00:00,-1,0.5956588983535767,5.0,trail_stop,True,2,True
2025-10-22 00:58:00+00:00,-1,0.6002392172813416,5.0,trail_stop,True,2,True
2025-10-22 01:00:00+00:00,1,0.8643702864646912,7.5,target_full,True,1,True
2025-10-22 01:01:00+00:00,1,0.6802811622619629,7.5,target_full,True,1,True
2025-10-22 01:02:00+00:00,1,0.6161801815032959,7.5,target_full,True,1,True
2025-10-22 01:03:00+00:00,1,0.7279326319694519,7.5,target_full,True,1,True
2025-10-22 01:04:00+00:00,1,0.6126905679702759,7.5,target_full,True,1,True
2025-10-22 01:05:00+00:00,1,0.5999326109886169,7.5,target_full,True,1,True
2025-10-22 01:08:00+00:00,1,0.769568920135498,7.5,target_full,True,2,True
2025-10-22 01:09:00+00:00,1,0.7947919964790344,5.0,trail_stop,True,2,True
2025-10-22 01:11:00+00:00,1,0.7031676173210144,-9.140000000000327,timeout,False,12,False
2025-10-22 01:12:00+00:00,-1,0.9285219311714172,5.0,trail_stop,True,5,True
2025-10-22 01:14:00+00:00,-1,0.7569488883018494,7.5,target_full,True,2,True
2025-10-22 01:17:00+00:00,-1,0.8381564021110535,5.0,trail_stop,True,4,True
2025-10-22 01:18:00+00:00,-1,0.7949199080467224,5.0,trail_stop,True,2,True
2025-10-22 01:20:00+00:00,1,0.7391950488090515,5.0,trail_stop,True,3,True
2025-10-22 01:21:00+00:00,-1,0.7963095307350159,-4.989999999999782,timeout,False,12,False
2025-10-22 01:22:00+00:00,-1,0.7820302248001099,5.0,trail_stop,True,4,True
2025-10-22 01:23:00+00:00,1,0.6147497296333313,-3.8200000000006185,timeout,False,12,False
2025-10-22 01:24:00+00:00,1,0.6855952143669128,-5.319999999999709,timeout,False,12,False
2025-10-22 01:25:00+00:00,-1,0.8513578772544861,5.0,trail_stop,True,8,True
2025-10-22 01:31:00+00:00,1,0.788011908531189,-20.0,stop_loss,False,8,False
2025-10-22 01:33:00+00:00,-1,0.5671828985214233,7.5,target_full,True,6,True
2025-10-22 01:38:00+00:00,-1,0.7098243236541748,7.5,target_full,True,1,True
2025-10-22 01:39:00+00:00,-1,0.6074698567390442,5.0,trail_stop,True,2,True
2025-10-22 01:50:00+00:00,-1,0.5916059613227844,5.0,trail_stop,True,2,True
2025-10-22 01:55:00+00:00,-1,0.5585852265357971,-20.0,stop_loss,False,12,False
2025-10-22 02:06:00+00:00,1,0.6294079422950745,7.5,target_full,True,3,True
2025-10-22 02:15:00+00:00,-1,0.6328902840614319,0.6199999999998909,timeout,False,12,True
2025-10-22 03:43:00+00:00,1,0.8386603593826294,5.0,trail_stop,True,5,True
2025-10-22 04:05:00+00:00,-1,0.56400066614151,7.5,target_full,True,5,True
2025-10-22 04:11:00+00:00,-1,0.692509114742279,-20.0,stop_loss,False,11,False
2025-10-22 04:12:00+00:00,-1,0.8787492513656616,-13.239999999999782,timeout,False,12,False
2025-10-22 04:13:00+00:00,-1,0.7627171874046326,-8.0600000000004,timeout,False,12,False
2025-10-22 04:47:00+00:00,-1,0.5797305703163147,-4.900000000000546,timeout,False,12,False
2025-10-22 05:17:00+00:00,1,0.6413521766662598,-6.480000000000473,timeout,False,12,False
2025-10-22 06:42:00+00:00,1,0.6430087089538574,5.0,trail_stop,True,12,True
2025-10-22 06:45:00+00:00,-1,0.7258260846138,-3.380000000000109,timeout,False,12,False
2025-10-22 06:47:00+00:00,1,0.7722455263137817,-6.960000000000036,timeout,False,12,False
2025-10-22 06:48:00+00:00,1,0.6032956838607788,-5.6599999999998545,timeout,False,12,False
2025-10-22 07:09:00+00:00,1,0.6147769689559937,5.0,trail_stop,True,2,True
2025-10-22 07:10:00+00:00,1,0.760084867477417,-5.480000000000473,timeout,False,12,False
2025-10-22 07:12:00+00:00,1,0.8973973989486694,0.8899999999994179,timeout,False,12,True
2025-10-22 07:15:00+00:00,1,0.8595474362373352,0.32000000000061846,timeout,False,12,True
2025-10-22 07:16:00+00:00,-1,0.8797165751457214,-3.990000000000691,timeout,False,12,False
2025-10-22 07:22:00+00:00,-1,0.599325954914093,-1.0299999999997453,timeout,False,12,False
2025-10-22 07:57:00+00:00,-1,0.6156262159347534,7.5,target_full,True,4,True
2025-10-22 08:08:00+00:00,1,0.5954685211181641,-20.0,stop_loss,False,3,False
2025-10-22 08:09:00+00:00,-1,0.8473637700080872,7.5,target_full,True,2,True
2025-10-22 08:12:00+00:00,-1,0.7037820816040039,7.5,target_full,True,2,True
2025-10-22 08:13:00+00:00,-1,0.7893586754798889,7.5,target_full,True,1,True
2025-10-22 08:15:00+00:00,-1,0.850219190120697,5.0,trail_stop,True,2,True
2025-10-22 08:17:00+00:00,-1,0.8021253943443298,-20.0,stop_loss,False,2,False
2025-10-22 08:22:00+00:00,1,0.5535284876823425,5.0,trail_stop,True,6,True
2025-10-22 08:24:00+00:00,1,0.8195757865905762,5.0,trail_stop,True,3,True
2025-10-22 08:27:00+00:00,1,0.615420937538147,-12.260000000000218,timeout,False,12,False
2025-10-22 08:28:00+00:00,-1,0.7447229623794556,7.5,target_full,True,12,True
2025-10-22 08:41:00+00:00,-1,0.8250208497047424,5.0,trail_stop,True,5,True
2025-10-22 08:43:00+00:00,-1,0.7730568051338196,7.5,target_full,True,2,True
2025-10-22 08:44:00+00:00,1,0.8745213150978088,5.0,trail_stop,True,8,True
2025-10-22 08:46:00+00:00,-1,0.8760613203048706,7.5,target_full,True,12,True
2025-10-22 08:47:00+00:00,-1,0.7067089080810547,5.0,trail_stop,True,10,True
2025-10-22 08:52:00+00:00,1,0.8662707209587097,-20.0,stop_loss,False,6,False
2025-10-22 08:53:00+00:00,1,0.8083165884017944,-20.0,stop_loss,False,5,False
2025-10-22 08:55:00+00:00,-1,0.9368239045143127,5.0,trail_stop,True,2,True
2025-10-22 08:59:00+00:00,-1,0.6735613942146301,-20.0,stop_loss,False,1,False
2025-10-22 09:00:00+00:00,1,0.579838752746582,7.5,target_full,True,1,True
2025-10-22 09:01:00+00:00,1,0.6134442687034607,7.5,target_full,True,6,True
2025-10-22 09:03:00+00:00,1,0.740794837474823,5.0,trail_stop,True,3,True
2025-10-22 09:08:00+00:00,1,0.5882333517074585,-20.0,stop_loss,False,3,False
2025-10-22 09:09:00+00:00,1,0.8416351079940796,-20.0,stop_loss,False,2,False
2025-10-22 09:10:00+00:00,-1,0.9071774482727051,5.0,trail_stop,True,2,True
2025-10-22 09:12:00+00:00,-1,0.8595315217971802,5.0,trail_stop,True,5,True
2025-10-22 09:13:00+00:00,1,0.6022928953170776,-9.690000000000055,timeout,False,12,False
2025-10-22 09:14:00+00:00,-1,0.9346157312393188,5.0,trail_stop,True,2,True
2025-10-22 09:16:00+00:00,-1,0.8579719662666321,5.0,trail_stop,True,7,True
2025-10-22 09:22:00+00:00,-1,0.9585140347480774,-7.019999999999982,timeout,False,12,False
2025-10-22 09:26:00+00:00,1,0.7578421831130981,5.0,trail_stop,True,4,True
2025-10-22 09:32:00+00:00,1,0.7263751029968262,-10.210000000000036,timeout,False,12,False
2025-10-22 09:34:00+00:00,-1,0.827124834060669,5.0,trail_stop,True,5,True
2025-10-22 09:37:00+00:00,1,0.7417721152305603,-14.849999999999909,timeout,False,12,False
2025-10-22 09:43:00+00:00,-1,0.5730379223823547,-3.0599999999999454,timeout,False,12,False
2025-10-22 09:57:00+00:00,1,0.6980427503585815,5.0,trail_stop,True,7,True
2025-10-22 10:03:00+00:00,1,0.6770183444023132,1.3299999999999272,timeout,False,12,True
2025-10-22 10:05:00+00:00,-1,0.5931512117385864,-10.289999999999964,timeout,False,12,False
2025-10-22 10:27:00+00:00,1,0.5616388916969299,5.0,trail_stop,True,5,True
2025-10-22 10:34:00+00:00,-1,0.6446797251701355,7.5,target_full,True,2,True
2025-10-22 10:37:00+00:00,-1,0.7093111276626587,5.0,trail_stop,True,3,True
2025-10-22 10:41:00+00:00,-1,0.757448673248291,5.0,trail_stop,True,2,True
2025-10-22 10:43:00+00:00,-1,0.7541018724441528,7.5,target_full,True,10,True
2025-10-22 10:44:00+00:00,1,0.5895391702651978,5.0,trail_stop,True,2,True
2025-10-22 10:45:00+00:00,1,0.791700005531311,-20.0,stop_loss,False,8,False
2025-10-22 10:46:00+00:00,1,0.8212667107582092,5.0,trail_stop,True,2,True
2025-10-22 10:49:00+00:00,1,0.6520267724990845,-20.0,stop_loss,False,4,False
2025-10-22 10:50:00+00:00,1,0.5996713638305664,-20.0,stop_loss,False,3,False
2025-10-22 10:52:00+00:00,-1,0.9054991006851196,7.5,target_full,True,1,True
2025-10-22 10:53:00+00:00,-1,0.8466449975967407,7.5,target_full,True,1,True
2025-10-22 10:54:00+00:00,-1,0.734749972820282,7.5,target_full,True,1,True
2025-10-22 10:56:00+00:00,-1,0.8167240619659424,5.0,trail_stop,True,6,True
2025-10-22 10:58:00+00:00,-1,0.870967447757721,5.0,trail_stop,True,4,True
2025-10-22 11:01:00+00:00,1,0.8918073177337646,5.0,trail_stop,True,4,True
2025-10-22 11:02:00+00:00,-1,0.6983579993247986,-20.0,stop_loss,False,3,False
2025-10-22 11:09:00+00:00,-1,0.8489396572113037,-13.180000000000291,timeout,False,12,False
2025-10-22 11:10:00+00:00,-1,0.663051187992096,5.0,trail_stop,True,2,True
2025-10-22 11:11:00+00:00,-1,0.7815274596214294,-15.059999999999945,timeout,False,12,False
2025-10-22 11:14:00+00:00,1,0.7709373831748962,5.0,trail_stop,True,2,True
2025-10-22 11:17:00+00:00,-1,0.7117429375648499,5.0,trail_stop,True,10,True
2025-10-22 11:20:00+00:00,1,0.6611124277114868,-20.0,stop_loss,False,8,False
2025-10-22 11:25:00+00:00,1,0.7048289775848389,-20.0,stop_loss,False,3,False
2025-10-22 11:26:00+00:00,-1,0.8355729579925537,7.5,target_full,True,1,True
2025-10-22 11:27:00+00:00,-1,0.9287290573120117,5.0,trail_stop,True,2,True
2025-10-22 11:29:00+00:00,-1,0.9107653498649597,5.0,trail_stop,True,11,True
2025-10-22 11:30:00+00:00,-1,0.8243408799171448,5.0,trail_stop,True,9,True
2025-10-22 11:36:00+00:00,1,0.7465282678604126,3.519999999999982,timeout,True,12,True
2025-10-22 11:43:00+00:00,1,0.6754549145698547,5.0,trail_stop,True,2,True
2025-10-22 11:48:00+00:00,1,0.6216700673103333,1.930000000000291,timeout,False,12,True
2025-10-22 11:50:00+00:00,1,0.5783767104148865,5.0,trail_stop,True,11,True
2025-10-22 11:51:00+00:00,-1,0.6119745373725891,5.0,trail_stop,True,5,True
2025-10-22 11:59:00+00:00,1,0.6119601726531982,5.0,trail_stop,True,2,True
2025-10-22 12:01:00+00:00,1,0.5663504600524902,7.5,target_full,True,1,True
2025-10-22 12:08:00+00:00,-1,0.8788558840751648,0.5900000000001455,timeout,False,12,True
2025-10-22 12:10:00+00:00,-1,0.6809274554252625,0.830000000000382,timeout,False,12,True
2025-10-22 12:20:00+00:00,-1,0.6516265869140625,-20.0,stop_loss,False,11,False
2025-10-22 12:26:00+00:00,1,0.6502249240875244,5.0,trail_stop,True,2,True
2025-10-22 12:31:00+00:00,1,0.5996354818344116,-3.1799999999998363,timeout,False,12,False
2025-10-22 12:44:00+00:00,-1,0.6175629496574402,5.0,trail_stop,True,5,True
2025-10-22 12:49:00+00:00,-1,0.6517259478569031,5.0,trail_stop,True,2,True
2025-10-22 12:56:00+00:00,-1,0.6224656105041504,-20.0,stop_loss,False,3,False
2025-10-22 12:59:00+00:00,1,0.6548300981521606,7.5,target_full,True,1,True
2025-10-22 13:00:00+00:00,1,0.6347091197967529,7.5,target_full,True,2,True
2025-10-22 13:02:00+00:00,1,0.6677448749542236,7.5,target_full,True,1,True
2025-10-22 13:04:00+00:00,1,0.6714395880699158,0.09000000000014552,timeout,False,12,True
2025-10-22 13:05:00+00:00,1,0.8613545298576355,5.0,trail_stop,True,5,True
2025-10-22 13:06:00+00:00,-1,0.9180258512496948,-12.420000000000073,timeout,False,12,False
2025-10-22 13:07:00+00:00,-1,0.8754965662956238,0.24000000000023647,timeout,False,12,True
2025-10-22 13:11:00+00:00,1,0.5940426588058472,-7.319999999999709,timeout,False,12,False
2025-10-22 13:12:00+00:00,1,0.9117120504379272,5.0,trail_stop,True,4,True
2025-10-22 13:14:00+00:00,-1,0.7221875786781311,5.0,trail_stop,True,6,True
2025-10-22 13:17:00+00:00,1,0.8461840748786926,-7.410000000000309,timeout,False,12,False
2025-10-22 13:20:00+00:00,-1,0.7994364500045776,5.0,trail_stop,True,9,True
2025-10-22 13:31:00+00:00,-1,0.5923640131950378,-20.0,stop_loss,False,5,False
2025-10-22 13:36:00+00:00,1,0.6628341674804688,7.5,target_full,True,1,True
2025-10-22 13:44:00+00:00,-1,0.8960527777671814,5.0,trail_stop,True,4,True
2025-10-22 13:48:00+00:00,-1,0.7771607041358948,-7.390000000000327,timeout,False,12,False
2025-10-22 13:49:00+00:00,-1,0.6449914574623108,-1.1400000000003274,timeout,False,12,False
2025-10-22 13:51:00+00:00,1,0.7172207236289978,-2.7100000000000364,timeout,False,12,False
2025-10-22 14:02:00+00:00,-1,0.5717741847038269,5.0,trail_stop,True,4,True
2025-10-22 14:03:00+00:00,1,0.7686477303504944,-12.25,timeout,False,12,False
2025-10-22 14:05:00+00:00,-1,0.6434680223464966,5.0,trail_stop,True,2,True
2025-10-22 14:08:00+00:00,-1,0.6474317908287048,5.0,trail_stop,True,2,True
2025-10-22 14:10:00+00:00,-1,0.5951178669929504,5.0,trail_stop,True,12,True
2025-10-22 14:14:00+00:00,1,0.7125182747840881,5.0,trail_stop,True,4,True
2025-10-22 14:17:00+00:00,1,0.8167732954025269,-20.0,stop_loss,False,7,False
2025-10-22 14:19:00+00:00,1,0.6622909903526306,-20.0,stop_loss,False,12,False
2025-10-22 14:20:00+00:00,-1,0.836652398109436,7.5,target_full,True,1,True
2025-10-22 14:27:00+00:00,1,0.8008555769920349,-20.0,stop_loss,False,6,False
2025-10-22 14:30:00+00:00,-1,0.8175196647644043,7.5,target_full,True,1,True
2025-10-22 14:37:00+00:00,-1,0.6899680495262146,7.5,target_full,True,3,True
2025-10-22 14:39:00+00:00,-1,0.5927823781967163,7.5,target_full,True,2,True
2025-10-22 14:41:00+00:00,-1,0.7177284955978394,5.0,trail_stop,True,4,True
2025-10-22 14:44:00+00:00,1,0.7072928547859192,-16.300000000000182,timeout,False,12,False
2025-10-22 14:45:00+00:00,-1,0.839265763759613,5.0,trail_stop,True,10,True
2025-10-22 14:48:00+00:00,-1,0.8291962146759033,5.0,trail_stop,True,6,True
2025-10-22 14:49:00+00:00,1,0.6271460056304932,-0.6300000000001091,timeout,False,12,False
2025-10-22 14:54:00+00:00,-1,0.6824123859405518,-18.279999999999745,timeout,False,12,False
2025-10-22 15:00:00+00:00,1,0.7880517840385437,5.0,trail_stop,True,2,True
2025-10-22 15:03:00+00:00,1,0.697616696357727,5.0,trail_stop,True,4,True
2025-10-22 15:05:00+00:00,1,0.8843719959259033,7.5,target_full,True,2,True
2025-10-22 15:06:00+00:00,1,0.7009714841842651,7.5,target_full,True,2,True
2025-10-22 15:07:00+00:00,1,0.7588202357292175,5.0,trail_stop,True,2,True
2025-10-22 15:17:00+00:00,1,0.7071821093559265,5.0,trail_stop,True,3,True
2025-10-22 15:20:00+00:00,1,0.7402351498603821,-20.0,stop_loss,False,9,False
2025-10-22 15:22:00+00:00,1,0.6685540080070496,-3.950000000000273,timeout,False,12,False
2025-10-22 15:40:00+00:00,1,0.8561205267906189,2.299999999999727,timeout,False,12,True
2025-10-22 15:57:00+00:00,1,0.7337294220924377,-10.639999999999873,timeout,False,12,False
2025-10-22 16:11:00+00:00,-1,0.5549423694610596,-11.519999999999982,timeout,False,12,False
2025-10-22 16:14:00+00:00,1,0.7532280087471008,5.0,trail_stop,True,2,True
2025-10-22 16:25:00+00:00,1,0.899086058139801,5.0,trail_stop,True,3,True
2025-10-22 16:31:00+00:00,1,0.6518293023109436,7.5,target_full,True,1,True
2025-10-22 16:32:00+00:00,1,0.6147252917289734,-6.980000000000018,timeout,False,12,False
2025-10-22 16:33:00+00:00,1,0.7304333448410034,5.0,trail_stop,True,5,True
2025-10-22 16:37:00+00:00,1,0.7669733166694641,-13.349999999999909,timeout,False,12,False
2025-10-22 16:42:00+00:00,-1,0.700455904006958,5.0,trail_stop,True,8,True
2025-10-22 16:49:00+00:00,-1,0.8415325880050659,5.0,trail_stop,True,2,True
2025-10-22 16:50:00+00:00,-1,0.6275007128715515,-1.7400000000002365,timeout,False,12,False
2025-10-22 16:52:00+00:00,1,0.6434823870658875,7.5,target_full,True,4,True
2025-10-22 17:41:00+00:00,-1,0.6748249530792236,-10.220000000000255,timeout,False,12,False
2025-10-22 18:16:00+00:00,1,0.5785360336303711,5.0,trail_stop,True,6,True
2025-10-22 19:14:00+00:00,1,0.6606541872024536,5.0,trail_stop,True,9,True
2025-10-22 19:25:00+00:00,1,0.7772749662399292,7.5,target_full,True,6,True
2025-10-22 19:34:00+00:00,-1,0.7139385938644409,5.0,trail_stop,True,6,True
2025-10-22 19:48:00+00:00,1,0.7137550115585327,-5.800000000000182,timeout,False,12,False
2025-10-22 20:35:00+00:00,1,0.6182780265808105,0.6300000000001091,timeout,False,12,True
2025-10-23 00:24:00+00:00,1,0.8828844428062439,5.0,trail_stop,True,6,True
2025-10-23 00:27:00+00:00,1,0.5504999160766602,7.5,target_full,True,5,True
2025-10-23 01:00:00+00:00,-1,0.7180345058441162,-4.489999999999782,timeout,False,12,False
2025-10-23 01:05:00+00:00,1,0.5849575400352478,-5.269999999999982,timeout,False,12,False
2025-10-23 01:59:00+00:00,-1,0.6160479784011841,-5.019999999999982,timeout,False,12,False
2025-10-23 03:23:00+00:00,1,0.7221961617469788,-6.820000000000164,timeout,False,12,False
2025-10-23 05:54:00+00:00,1,0.5888322591781616,7.5,target_full,True,5,True
2025-10-23 06:09:00+00:00,1,0.5997450947761536,5.0,trail_stop,True,3,True
2025-10-23 06:18:00+00:00,1,0.7632085084915161,-7.670000000000073,timeout,False,12,False
2025-10-23 06:19:00+00:00,-1,0.7996517419815063,3.9399999999996,timeout,False,12,True
2025-10-23 06:39:00+00:00,-1,0.7627177834510803,-6.3200000000006185,timeout,False,12,False
2025-10-23 07:19:00+00:00,1,0.7883592247962952,-5.1599999999998545,timeout,False,12,False
2025-10-23 07:41:00+00:00,1,0.6517481207847595,-3.2600000000002183,timeout,False,12,False
2025-10-23 07:51:00+00:00,-1,0.5909174680709839,-12.289999999999964,timeout,False,12,False
2025-10-23 09:08:00+00:00,1,0.6460124254226685,-1.8599999999996726,timeout,False,12,False
2025-10-23 09:21:00+00:00,-1,0.6283749341964722,-3.6500000000005457,timeout,False,12,False
2025-10-23 12:30:00+00:00,1,0.6330447793006897,5.0,trail_stop,True,2,True
2025-10-23 12:39:00+00:00,1,0.6709395051002502,2.4200000000000728,timeout,False,12,True
2025-10-23 12:43:00+00:00,-1,0.568114161491394,-8.55999999999949,timeout,False,12,False
2025-10-23 12:57:00+00:00,-1,0.7632304430007935,-10.80999999999949,timeout,False,12,False
2025-10-23 13:08:00+00:00,1,0.5776150226593018,5.0,trail_stop,True,10,True
2025-10-23 13:18:00+00:00,1,0.6514578461647034,5.0,trail_stop,True,4,True
2025-10-23 13:22:00+00:00,1,0.8190938830375671,5.0,trail_stop,True,2,True
2025-10-23 13:24:00+00:00,1,0.736474871635437,-8.25,timeout,False,12,False
2025-10-23 13:42:00+00:00,1,0.6521416902542114,5.0,trail_stop,True,2,True
2025-10-23 13:44:00+00:00,1,0.5833988189697266,-6.0700000000006185,timeout,False,12,False
2025-10-23 13:46:00+00:00,-1,0.7168728709220886,5.0,trail_stop,True,4,True
2025-10-23 13:47:00+00:00,-1,0.7214025855064392,5.0,trail_stop,True,2,True
2025-10-23 13:48:00+00:00,-1,0.5943992733955383,5.0,trail_stop,True,2,True
2025-10-23 14:13:00+00:00,-1,0.5919864177703857,7.5,target_full,True,2,True
2025-10-23 14:14:00+00:00,-1,0.5690719485282898,5.0,trail_stop,True,2,True
2025-10-23 14:23:00+00:00,1,0.7046554684638977,0.9899999999997817,timeout,False,12,True
2025-10-23 14:53:00+00:00,1,0.5849649310112,-3.3400000000001455,timeout,False,12,False
2025-10-23 16:42:00+00:00,-1,0.6370178461074829,5.0,trail_stop,True,2,True
2025-10-23 16:44:00+00:00,-1,0.7294512391090393,-3.990000000000691,timeout,False,12,False
2025-10-23 16:51:00+00:00,1,0.672351598739624,5.0,trail_stop,True,10,True
2025-10-23 17:23:00+00:00,-1,0.6715559363365173,-4.9399999999996,timeout,False,12,False
2025-10-23 17:31:00+00:00,1,0.6083782911300659,2.1500000000005457,timeout,False,12,True
2025-10-24 01:12:00+00:00,1,0.6595062613487244,-5.720000000000255,timeout,False,12,False
2025-10-24 02:07:00+00:00,-1,0.6577047109603882,-5.069999999999709,timeout,False,12,False
2025-10-24 06:02:00+00:00,-1,0.6879189014434814,5.0,trail_stop,True,2,True
2025-10-24 06:03:00+00:00,-1,0.662908673286438,5.0,trail_stop,True,3,True
2025-10-24 06:42:00+00:00,-1,0.6132306456565857,-0.6100000000001273,timeout,False,12,False
2025-10-24 07:38:00+00:00,-1,0.5965244770050049,7.5,target_full,True,12,True
2025-10-24 08:01:00+00:00,-1,0.6764373779296875,5.0,trail_stop,True,3,True
2025-10-24 08:04:00+00:00,-1,0.6068713068962097,7.5,target_full,True,5,True
2025-10-24 08:10:00+00:00,-1,0.8881401419639587,5.0,trail_stop,True,5,True
2025-10-24 08:11:00+00:00,-1,0.9072473645210266,5.0,trail_stop,True,2,True
2025-10-24 08:12:00+00:00,-1,0.8392507433891296,4.019999999999982,timeout,True,12,True
2025-10-24 08:13:00+00:00,1,0.6820524334907532,-8.290000000000418,timeout,False,12,False
2025-10-24 08:14:00+00:00,-1,0.9531967639923096,5.0,trail_stop,True,2,True
2025-10-24 08:15:00+00:00,-1,0.8023256063461304,-5.279999999999745,timeout,False,12,False
2025-10-24 08:17:00+00:00,1,0.840733528137207,-4.069999999999709,timeout,False,12,False
2025-10-24 08:24:00+00:00,-1,0.7540351152420044,-11.519999999999982,timeout,False,12,False
2025-10-24 11:46:00+00:00,1,0.6983702778816223,-0.9299999999998363,timeout,False,12,False
2025-10-24 12:30:00+00:00,1,0.7750800848007202,-7.059999999999945,timeout,False,12,False
2025-10-24 12:37:00+00:00,-1,0.8824766874313354,5.0,trail_stop,True,2,True
2025-10-24 12:38:00+00:00,-1,0.8620802164077759,-0.6499999999996362,timeout,False,12,False
2025-10-24 12:41:00+00:00,1,0.5816488265991211,5.0,trail_stop,True,2,True
2025-10-24 12:43:00+00:00,1,0.6576122641563416,-7.110000000000127,timeout,False,12,False
2025-10-24 12:59:00+00:00,1,0.6767246127128601,5.0,trail_stop,True,3,True
2025-10-24 13:01:00+00:00,1,0.7347703576087952,5.0,trail_stop,True,2,True
2025-10-24 13:12:00+00:00,1,0.8185024857521057,5.0,trail_stop,True,4,True
2025-10-24 13:24:00+00:00,-1,0.6511988043785095,-2.6700000000000728,timeout,False,12,False
2025-10-24 13:33:00+00:00,1,0.7784754037857056,5.0,trail_stop,True,2,True
2025-10-24 13:40:00+00:00,-1,0.6488434672355652,5.0,trail_stop,True,2,True
2025-10-24 13:41:00+00:00,-1,0.7057057619094849,-7.579999999999927,timeout,False,12,False
2025-10-24 13:48:00+00:00,1,0.6476070284843445,-2.3599999999996726,timeout,False,12,False
2025-10-24 13:49:00+00:00,1,0.7147189378738403,-2.139999999999418,timeout,False,12,False
2025-10-24 13:51:00+00:00,-1,0.7615143656730652,-8.319999999999709,timeout,False,12,False
2025-10-24 13:52:00+00:00,-1,0.7253252267837524,-5.3100000000004,timeout,False,12,False
2025-10-24 13:57:00+00:00,-1,0.6646857261657715,5.0,trail_stop,True,3,True
2025-10-24 14:03:00+00:00,1,0.7507297992706299,5.0,trail_stop,True,3,True
2025-10-24 14:06:00+00:00,1,0.7118255496025085,5.0,trail_stop,True,4,True
2025-10-24 14:40:00+00:00,1,0.5766377449035645,-15.38000000000011,timeout,False,12,False
2025-10-24 14:42:00+00:00,1,0.8000326752662659,-10.780000000000655,timeout,False,12,False
2025-10-24 15:19:00+00:00,1,0.849778950214386,5.0,trail_stop,True,2,True
2025-10-24 15:56:00+00:00,1,0.7431461215019226,5.0,trail_stop,True,12,True
2025-10-24 16:09:00+00:00,1,0.5516149401664734,1.160000000000764,timeout,False,12,True
2025-10-24 16:38:00+00:00,-1,0.7283645272254944,5.0,trail_stop,True,2,True
2025-10-24 16:40:00+00:00,-1,0.622054398059845,-7.739999999999782,timeout,False,12,False
2025-10-24 17:58:00+00:00,-1,0.706484854221344,3.699999999999818,timeout,False,12,True
2025-10-24 19:04:00+00:00,1,0.7773334383964539,-0.9700000000002547,timeout,False,12,False
2025-10-26 22:07:00+00:00,-1,0.862038254737854,-20.0,stop_loss,False,2,False
2025-10-26 22:09:00+00:00,1,0.597339928150177,7.5,target_full,True,1,True
2025-10-26 22:11:00+00:00,1,0.7299827337265015,5.0,trail_stop,True,3,True
2025-10-26 22:12:00+00:00,1,0.7594541907310486,5.0,trail_stop,True,2,True
2025-10-26 22:14:00+00:00,1,0.7472614645957947,-4.8700000000008,timeout,False,12,False
2025-10-26 22:16:00+00:00,1,0.6970910429954529,5.0,trail_stop,True,3,True
2025-10-26 22:20:00+00:00,-1,0.6200244426727295,7.5,target_full,True,8,True
2025-10-26 22:56:00+00:00,1,0.675816535949707,0.5900000000001455,timeout,False,12,True
2025-10-26 23:03:00+00:00,-1,0.6493342518806458,-2.3299999999999272,timeout,False,12,False
2025-10-26 23:58:00+00:00,-1,0.7921357154846191,7.5,target_full,True,1,True
2025-10-27 01:01:00+00:00,1,0.5783030390739441,5.0,trail_stop,True,4,True
2025-10-27 01:04:00+00:00,-1,0.5807039141654968,-11.25,timeout,False,12,False
2025-10-27 04:00:00+00:00,-1,0.8580767512321472,5.0,trail_stop,True,4,True
2025-10-27 06:55:00+00:00,-1,0.6076563000679016,-0.30999999999994543,timeout,False,12,False
2025-10-27 07:21:00+00:00,-1,0.5914456248283386,-2.130000000000109,timeout,False,12,False
2025-10-27 08:55:00+00:00,-1,0.6594341397285461,-20.0,stop_loss,False,4,False
2025-10-27 08:59:00+00:00,1,0.6192416548728943,5.0,trail_stop,True,2,True
2025-10-27 09:01:00+00:00,1,0.661655068397522,-9.75,timeout,False,12,False
2025-10-27 09:07:00+00:00,-1,0.7083032131195068,5.0,trail_stop,True,2,True
2025-10-27 09:09:00+00:00,-1,0.6301456093788147,5.0,trail_stop,True,2,True
2025-10-27 09:10:00+00:00,-1,0.6111812591552734,-8.039999999999964,timeout,False,12,False
2025-10-27 09:17:00+00:00,1,0.579620361328125,-3.300000000000182,timeout,False,12,False
2025-10-27 09:20:00+00:00,1,0.6098598837852478,-2.019999999999982,timeout,False,12,False
2025-10-27 11:38:00+00:00,-1,0.7146954536437988,-6.730000000000018,timeout,False,12,False
2025-10-27 11:42:00+00:00,1,0.7101386785507202,7.5,target_full,True,4,True
2025-10-27 11:48:00+00:00,1,0.6947575807571411,3.5900000000001455,timeout,False,12,True
2025-10-27 12:01:00+00:00,1,0.5809590220451355,5.0,trail_stop,True,2,True
2025-10-27 12:10:00+00:00,1,0.5532874464988708,1.25,timeout,False,12,True
2025-10-27 12:24:00+00:00,1,0.5809240341186523,-7.670000000000073,timeout,False,12,False
2025-10-27 13:34:00+00:00,1,0.883517324924469,5.0,trail_stop,True,3,True
2025-10-27 13:36:00+00:00,-1,0.6546560525894165,7.5,target_full,True,4,True
2025-10-27 13:40:00+00:00,-1,0.7711426019668579,5.0,trail_stop,True,2,True
2025-10-27 13:41:00+00:00,-1,0.8137072324752808,5.0,trail_stop,True,2,True
2025-10-27 13:43:00+00:00,-1,0.5787031054496765,5.0,trail_stop,True,4,True
2025-10-27 13:54:00+00:00,-1,0.6733288168907166,7.5,target_full,True,8,True
2025-10-27 14:00:00+00:00,-1,0.7232869267463684,7.5,target_full,True,2,True
2025-10-27 14:06:00+00:00,-1,0.866875171661377,5.0,trail_stop,True,2,True
2025-10-27 14:08:00+00:00,-1,0.7605191469192505,5.0,trail_stop,True,8,True
2025-10-27 14:09:00+00:00,-1,0.5986399054527283,7.5,target_full,True,6,True
2025-10-27 14:22:00+00:00,-1,0.6888012290000916,-2.649999999999636,timeout,False,12,False
2025-10-27 14:29:00+00:00,1,0.6087701320648193,-3.5299999999997453,timeout,False,12,False
2025-10-27 14:30:00+00:00,-1,0.7876726388931274,5.0,trail_stop,True,5,True
2025-10-27 14:45:00+00:00,1,0.7408635020256042,-11.730000000000018,timeout,False,12,False
2025-10-27 14:48:00+00:00,-1,0.6828852891921997,5.0,trail_stop,True,5,True
2025-10-27 14:50:00+00:00,-1,0.5622736811637878,5.0,trail_stop,True,3,True
2025-10-27 14:52:00+00:00,-1,0.6552248597145081,7.5,target_full,True,7,True
2025-10-27 15:12:00+00:00,1,0.7227199673652649,5.0,trail_stop,True,6,True
2025-10-27 15:21:00+00:00,1,0.5783779621124268,5.0,trail_stop,True,9,True
2025-10-27 16:01:00+00:00,-1,0.6639951467514038,-4.829999999999927,timeout,False,12,False
2025-10-27 17:57:00+00:00,1,0.5916800498962402,-2.4699999999998,timeout,False,12,False
2025-10-27 18:47:00+00:00,1,0.6009990572929382,-8.850000000000364,timeout,False,12,False
2025-10-28 00:22:00+00:00,1,0.7127857804298401,7.5,target_full,True,10,True
2025-10-28 00:30:00+00:00,1,0.5785249471664429,5.0,trail_stop,True,2,True
2025-10-28 01:00:00+00:00,1,0.5706066489219666,5.0,trail_stop,True,7,True
2025-10-28 04:41:00+00:00,1,0.7058578133583069,-5.920000000000073,timeout,False,12,False
2025-10-28 06:23:00+00:00,1,0.7373271584510803,-6.410000000000309,timeout,False,12,False
2025-10-28 06:33:00+00:00,1,0.5630077719688416,-13.110000000000127,timeout,False,12,False
2025-10-28 07:31:00+00:00,-1,0.6294203996658325,-4.649999999999636,timeout,False,12,False
2025-10-28 07:34:00+00:00,1,0.6718922853469849,-3.8400000000001455,timeout,False,12,False
2025-10-28 08:17:00+00:00,-1,0.7639010548591614,5.0,trail_stop,True,2,True
2025-10-28 09:06:00+00:00,-1,0.8189935088157654,-16.129999999999654,timeout,False,12,False
2025-10-28 09:21:00+00:00,-1,0.7423498034477234,-2.5300000000002,timeout,False,12,False
2025-10-28 09:26:00+00:00,-1,0.5750474333763123,-1.4099999999998545,timeout,False,12,False
2025-10-28 09:55:00+00:00,-1,0.6206135153770447,-4.25,timeout,False,12,False
2025-10-28 10:42:00+00:00,1,0.6814261674880981,7.5,target_full,True,10,True
2025-10-28 10:52:00+00:00,1,0.7014877796173096,5.0,trail_stop,True,2,True
2025-10-28 10:54:00+00:00,1,0.7649343609809875,-10.180000000000291,timeout,False,12,False
2025-10-28 11:18:00+00:00,1,0.7009528279304504,1.8099999999999454,timeout,False,12,True
2025-10-28 11:30:00+00:00,1,0.6469866037368774,5.0,trail_stop,True,3,True
2025-10-28 11:40:00+00:00,1,0.6245980858802795,2.8299999999999272,timeout,False,12,True
2025-10-28 12:29:00+00:00,-1,0.8580381870269775,5.0,trail_stop,True,12,True
2025-10-28 12:36:00+00:00,1,0.5787612199783325,-14.63000000000011,timeout,False,12,False
2025-10-28 13:08:00+00:00,-1,0.7828705906867981,-1.1900000000000546,timeout,False,12,False
2025-10-28 13:21:00+00:00,-1,0.5901774764060974,3.0,timeout,False,12,True
2025-10-28 13:58:00+00:00,1,0.5838529467582703,5.0,trail_stop,True,9,True
2025-10-28 14:25:00+00:00,1,0.7302741408348083,5.0,trail_stop,True,2,True
2025-10-28 14:56:00+00:00,1,0.7963955402374268,2.5600000000004,timeout,False,12,True
2025-10-28 15:31:00+00:00,1,0.591514527797699,1.3699999999998909,timeout,False,12,True
2025-10-28 16:37:00+00:00,-1,0.5766552090644836,-4.139999999999873,timeout,False,12,False
2025-10-28 17:12:00+00:00,1,0.7893558740615845,0.07999999999992724,timeout,False,12,True
2025-10-28 17:31:00+00:00,-1,0.5922055244445801,-1.9899999999997817,timeout,False,12,False
2025-10-28 22:07:00+00:00,-1,0.8754162788391113,-4.329999999999927,timeout,False,12,False
2025-10-28 22:10:00+00:00,1,0.6180389523506165,-3.680000000000291,timeout,False,12,False
2025-10-28 22:20:00+00:00,-1,0.6172960996627808,-10.7800000000002,timeout,False,12,False
2025-10-29 02:49:00+00:00,1,0.755062460899353,3.0100000000002183,timeout,False,12,True
2025-10-29 07:10:00+00:00,1,0.6759702563285828,5.0,trail_stop,True,2,True
2025-10-29 07:17:00+00:00,-1,0.7660200595855713,-2.8400000000001455,timeout,False,12,False
2025-10-29 08:30:00+00:00,1,0.6548872590065002,-3.0300000000002,timeout,False,12,False
2025-10-29 08:45:00+00:00,1,0.6248378157615662,1.5199999999999818,timeout,False,12,True
2025-10-29 09:45:00+00:00,1,0.5718252062797546,5.0,trail_stop,True,4,True
2025-10-29 11:14:00+00:00,-1,0.7469329237937927,0.8400000000001455,timeout,False,12,True
2025-10-29 12:16:00+00:00,-1,0.671796441078186,-1.4800000000000182,timeout,False,12,False
2025-10-29 13:00:00+00:00,-1,0.6234049201011658,5.0,trail_stop,True,12,True
2025-10-29 13:16:00+00:00,1,0.5574372410774231,0.25,timeout,False,12,True
2025-10-29 13:30:00+00:00,-1,0.5916445851325989,5.0,trail_stop,True,3,True
2025-10-29 13:32:00+00:00,-1,0.6058692336082458,5.0,trail_stop,True,5,True
2025-10-29 13:38:00+00:00,-1,0.7961081862449646,-2.369999999999891,timeout,False,12,False
2025-10-29 13:40:00+00:00,-1,0.81499183177948,-6.7199999999998,timeout,False,12,False
2025-10-29 13:50:00+00:00,1,0.6480844616889954,5.0,trail_stop,True,10,True
2025-10-29 14:03:00+00:00,1,0.5636633634567261,-0.6999999999998181,timeout,False,12,False
2025-10-29 14:37:00+00:00,-1,0.639958381652832,5.0,trail_stop,True,4,True
2025-10-29 15:16:00+00:00,-1,0.7796525955200195,-0.36000000000012733,timeout,False,12,False
2025-10-29 15:50:00+00:00,-1,0.7588059902191162,-1.2600000000002183,timeout,False,12,False
2025-10-29 18:00:00+00:00,-1,0.7378405332565308,-20.0,stop_loss,False,1,False
2025-10-29 18:02:00+00:00,1,0.8873621225357056,-10.299999999999727,timeout,False,12,False
2025-10-29 18:04:00+00:00,1,0.8567809462547302,-8.440000000000055,timeout,False,12,False
2025-10-29 18:05:00+00:00,-1,0.9376257061958313,5.0,trail_stop,True,7,True
2025-10-29 18:12:00+00:00,-1,0.6786229610443115,5.0,trail_stop,True,12,True
2025-10-29 18:14:00+00:00,-1,0.6704025268554688,5.0,trail_stop,True,11,True
2025-10-29 18:28:00+00:00,1,0.5591431856155396,5.0,trail_stop,True,2,True
2025-10-29 18:30:00+00:00,1,0.6709806323051453,5.0,trail_stop,True,3,True
2025-10-29 18:35:00+00:00,-1,0.9085590839385986,7.5,target_full,True,1,True
2025-10-29 18:36:00+00:00,-1,0.7911884784698486,5.0,trail_stop,True,4,True
2025-10-29 18:37:00+00:00,-1,0.740016520023346,7.5,target_full,True,1,True
2025-10-29 18:38:00+00:00,-1,0.8478137254714966,7.5,target_full,True,1,True
2025-10-29 18:39:00+00:00,-1,0.817453145980835,5.0,trail_stop,True,2,True
2025-10-29 18:41:00+00:00,-1,0.8136736750602722,-10.890000000000327,timeout,False,12,False
2025-10-29 18:49:00+00:00,-1,0.6321927309036255,-20.0,stop_loss,False,7,False
2025-10-29 18:50:00+00:00,1,0.7512535452842712,7.5,target_full,True,4,True
2025-10-29 18:52:00+00:00,1,0.771398663520813,7.5,target_full,True,2,True
2025-10-29 19:01:00+00:00,-1,0.9102470278739929,7.5,target_full,True,2,True
2025-10-29 19:03:00+00:00,-1,0.8763996362686157,-9.929999999999836,timeout,False,12,False
2025-10-29 19:05:00+00:00,-1,0.756740927696228,-5.639999999999873,timeout,False,12,False
2025-10-29 19:07:00+00:00,1,0.7315454483032227,5.0,trail_stop,True,7,True
2025-10-29 19:08:00+00:00,1,0.7138773798942566,5.0,trail_stop,True,3,True
2025-10-29 19:15:00+00:00,-1,0.7070378661155701,5.0,trail_stop,True,8,True
2025-10-29 19:23:00+00:00,-1,0.7013483047485352,7.5,target_full,True,7,True
2025-10-29 19:27:00+00:00,1,0.6157856583595276,-20.0,stop_loss,False,5,False
2025-10-29 19:28:00+00:00,-1,0.8098204135894775,5.0,trail_stop,True,3,True
2025-10-29 19:31:00+00:00,-1,0.7998495697975159,7.5,target_full,True,1,True
2025-10-29 19:32:00+00:00,-1,0.8823497891426086,5.0,trail_stop,True,7,True
2025-10-29 19:34:00+00:00,-1,0.8522917032241821,5.0,trail_stop,True,2,True
2025-10-29 19:36:00+00:00,-1,0.7741122841835022,5.0,trail_stop,True,4,True
2025-10-29 19:40:00+00:00,-1,0.5671983361244202,5.0,trail_stop,True,4,True
2025-10-29 19:46:00+00:00,1,0.5712007284164429,7.5,target_full,True,2,True
2025-10-29 19:47:00+00:00,1,0.730529248714447,5.0,trail_stop,True,2,True
2025-10-29 19:48:00+00:00,1,0.592965841293335,5.0,trail_stop,True,2,True
2025-10-29 19:50:00+00:00,1,0.6930756568908691,-4.779999999999745,timeout,False,12,False
2025-10-29 20:01:00+00:00,-1,0.6612523794174194,5.0,trail_stop,True,6,True
2025-10-29 20:06:00+00:00,-1,0.6721852421760559,-4.269999999999982,timeout,False,12,False
2025-10-29 20:09:00+00:00,1,0.8012100458145142,5.0,trail_stop,True,3,True
2025-10-29 20:11:00+00:00,1,0.7061436772346497,7.5,target_full,True,12,True
2025-10-29 20:26:00+00:00,1,0.9051397442817688,-4.599999999999909,timeout,False,12,False
2025-10-29 20:31:00+00:00,-1,0.9003666639328003,5.0,trail_stop,True,11,True
2025-10-29 20:44:00+00:00,-1,0.6031343340873718,5.0,trail_stop,True,8,True
2025-10-29 22:10:00+00:00,1,0.7996176481246948,5.0,trail_stop,True,6,True
2025-10-30 00:41:00+00:00,1,0.604608952999115,-4.150000000000091,timeout,False,12,False
2025-10-30 01:06:00+00:00,1,0.608643651008606,-13.890000000000327,timeout,False,12,False
2025-10-30 01:34:00+00:00,1,0.6717226505279541,-1.4600000000000364,timeout,False,12,False
2025-10-30 02:04:00+00:00,-1,0.7636789083480835,5.0,trail_stop,True,5,True
2025-10-30 03:01:00+00:00,-1,0.7369906902313232,-13.590000000000146,timeout,False,12,False
2025-10-30 04:39:00+00:00,-1,0.6507469415664673,-5.320000000000164,timeout,False,12,False
2025-10-30 04:42:00+00:00,1,0.6962376236915588,-6.540000000000418,timeout,False,12,False
2025-10-30 04:49:00+00:00,1,0.5674759745597839,-0.5799999999999272,timeout,False,12,False
2025-10-30 05:12:00+00:00,-1,0.7316956520080566,5.0,trail_stop,True,5,True
2025-10-30 05:44:00+00:00,1,0.6020485758781433,5.0,trail_stop,True,3,True
2025-10-30 05:51:00+00:00,-1,0.6292920708656311,5.0,trail_stop,True,4,True
2025-10-30 06:21:00+00:00,1,0.5537230968475342,-3.1900000000000546,timeout,False,12,False
2025-10-30 07:00:00+00:00,1,0.579740047454834,-1.830000000000382,timeout,False,12,False
2025-10-30 09:18:00+00:00,-1,0.587986946105957,5.0,trail_stop,True,6,True
2025-10-30 10:26:00+00:00,-1,0.7610542178153992,7.5,target_full,True,8,True
2025-10-30 10:34:00+00:00,-1,0.5854897499084473,5.0,trail_stop,True,2,True
2025-10-30 11:19:00+00:00,-1,0.6192960739135742,5.0,trail_stop,True,3,True
2025-10-30 13:31:00+00:00,1,0.6271378993988037,-2.2299999999995634,timeout,False,12,False
2025-10-30 13:33:00+00:00,-1,0.6631122827529907,5.0,trail_stop,True,2,True
2025-10-30 13:39:00+00:00,1,0.6874035000801086,7.5,target_full,True,5,True
2025-10-30 13:44:00+00:00,1,0.686494767665863,5.0,trail_stop,True,2,True
2025-10-30 13:50:00+00:00,1,0.591927170753479,5.0,trail_stop,True,2,True
2025-10-30 13:51:00+00:00,1,0.6817998886108398,5.0,trail_stop,True,2,True
2025-10-30 14:03:00+00:00,1,0.6784650087356567,7.5,target_full,True,5,True
2025-10-30 14:07:00+00:00,1,0.5526989102363586,5.0,trail_stop,True,2,True
2025-10-30 14:08:00+00:00,1,0.5838173627853394,5.0,trail_stop,True,2,True
2025-10-30 14:13:00+00:00,-1,0.7733391523361206,5.0,trail_stop,True,5,True
2025-10-30 14:18:00+00:00,-1,0.6236895322799683,5.0,trail_stop,True,6,True
2025-10-30 14:33:00+00:00,-1,0.6125605702400208,5.0,trail_stop,True,9,True
2025-10-30 14:34:00+00:00,-1,0.7061371207237244,5.0,trail_stop,True,2,True
2025-10-30 15:37:00+00:00,-1,0.650728702545166,-6.610000000000127,timeout,False,12,False
2025-10-30 17:48:00+00:00,1,0.5837262868881226,-10.679999999999836,timeout,False,12,False
2025-10-30 17:58:00+00:00,-1,0.8460737466812134,-2.7199999999998,timeout,False,12,False
2025-10-30 19:21:00+00:00,-1,0.6780489683151245,-3.75,timeout,False,12,False
2025-10-30 19:30:00+00:00,1,0.5594043731689453,-0.7999999999997272,timeout,False,12,False
2025-10-30 23:51:00+00:00,1,0.5553270578384399,5.0,trail_stop,True,4,True
2025-10-31 01:12:00+00:00,1,0.6777073740959167,-0.36999999999989086,timeout,False,12,False
2025-10-31 02:54:00+00:00,-1,0.6199153661727905,5.0,trail_stop,True,11,True
2025-10-31 06:07:00+00:00,-1,0.6518392562866211,-2.9600000000000364,timeout,False,12,False
2025-10-31 06:56:00+00:00,1,0.566970944404602,5.0,trail_stop,True,8,True
2025-10-31 07:04:00+00:00,1,0.5664828419685364,2.8299999999999272,timeout,False,12,True
2025-10-31 07:44:00+00:00,-1,0.6145736575126648,-10.5300000000002,timeout,False,12,False
2025-10-31 09:22:00+00:00,-1,0.7568575739860535,-2.3400000000001455,timeout,False,12,False
2025-10-31 12:22:00+00:00,1,0.596172034740448,-2.6799999999998363,timeout,False,12,False
2025-10-31 12:47:00+00:00,1,0.602445125579834,-9.199999999999818,timeout,False,12,False
2025-10-31 13:43:00+00:00,-1,0.5870664119720459,-3.1799999999998363,timeout,False,12,False
2025-10-31 13:51:00+00:00,-1,0.5680296421051025,-11.550000000000182,timeout,False,12,False
2025-10-31 13:52:00+00:00,-1,0.5535512566566467,-15.88000000000011,timeout,False,12,False
2025-10-31 14:02:00+00:00,1,0.8671193718910217,-2.5799999999999272,timeout,False,12,False
2025-10-31 14:16:00+00:00,1,0.5914990901947021,-9.460000000000036,timeout,False,12,False
2025-10-31 15:06:00+00:00,1,0.614683210849762,5.0,trail_stop,True,11,True
2025-10-31 16:04:00+00:00,-1,0.5595548748970032,7.5,target_full,True,5,True
2025-10-31 16:07:00+00:00,1,0.5968713164329529,-20.0,stop_loss,False,6,False
2025-10-31 16:14:00+00:00,-1,0.8244126439094543,5.0,trail_stop,True,3,True
2025-10-31 16:18:00+00:00,1,0.7124727964401245,5.0,trail_stop,True,6,True
2025-10-31 19:16:00+00:00,-1,0.7042289972305298,5.0,trail_stop,True,3,True
2025-11-02 23:38:00+00:00,-1,0.5746097564697266,5.0,trail_stop,True,5,True
2025-11-03 01:15:00+00:00,1,0.562046468257904,5.0,trail_stop,True,12,True
2025-11-03 01:27:00+00:00,1,0.6199532747268677,-4.480000000000018,timeout,False,12,False
2025-11-03 02:21:00+00:00,1,0.5761128067970276,-7.099999999999909,timeout,False,12,False
2025-11-03 02:40:00+00:00,1,0.5626929998397827,-5.730000000000018,timeout,False,12,False
2025-11-03 15:38:00+00:00,1,0.6207501888275146,5.0,trail_stop,True,5,True
2025-11-03 16:16:00+00:00,-1,0.5563371777534485,5.0,trail_stop,True,3,True
2025-11-04 00:42:00+00:00,-1,0.6276087760925293,-8.470000000000255,timeout,False,12,False
2025-11-04 01:30:00+00:00,-1,0.5809474587440491,-5.349999999999909,timeout,False,12,False
2025-11-04 02:00:00+00:00,-1,0.566442608833313,5.0,trail_stop,True,3,True
2025-11-04 06:55:00+00:00,1,0.5893839001655579,-2.1600000000003092,timeout,False,12,False
2025-11-04 07:20:00+00:00,1,0.6394386887550354,1.8299999999999272,timeout,False,12,True
2025-11-04 09:34:00+00:00,1,0.5583339929580688,-4.039999999999964,timeout,False,12,False
2025-11-04 14:29:00+00:00,-1,0.8360834717750549,5.0,trail_stop,True,3,True
2025-11-04 14:32:00+00:00,-1,0.8014580607414246,7.5,target_full,True,1,True
2025-11-04 14:33:00+00:00,-1,0.6790963411331177,5.0,trail_stop,True,2,True
2025-11-04 14:38:00+00:00,-1,0.5647852420806885,5.0,trail_stop,True,2,True
2025-11-04 14:45:00+00:00,-1,0.5582020878791809,-20.0,stop_loss,False,12,False
2025-11-04 14:50:00+00:00,1,0.6626123785972595,7.5,target_full,True,4,True
2025-11-04 14:53:00+00:00,1,0.6609799265861511,5.0,trail_stop,True,3,True
2025-11-04 14:55:00+00:00,1,0.5755476951599121,5.0,trail_stop,True,3,True
2025-11-04 14:58:00+00:00,1,0.5718361735343933,-9.570000000000164,timeout,False,12,False
2025-11-04 15:04:00+00:00,-1,0.5956361889839172,-2.6599999999998545,timeout,False,12,False
2025-11-04 15:05:00+00:00,1,0.5639143586158752,-4.629999999999654,timeout,False,12,False
2025-11-04 15:11:00+00:00,-1,0.5586005449295044,5.0,trail_stop,True,9,True
2025-11-04 15:32:00+00:00,1,0.5838149189949036,5.0,trail_stop,True,3,True
2025-11-05 14:41:00+00:00,-1,0.5822584629058838,5.0,trail_stop,True,8,True
2025-11-06 07:00:00+00:00,1,0.6565379500389099,0.13999999999987267,timeout,False,12,True
2025-11-06 14:41:00+00:00,-1,0.5817925930023193,-0.7699999999999818,timeout,False,12,False
2025-11-06 15:18:00+00:00,1,0.5607485771179199,-5.130000000000109,timeout,False,12,False
2025-11-06 15:45:00+00:00,-1,0.5684595108032227,-0.4499999999998181,timeout,False,12,False
2025-11-07 14:42:00+00:00,1,0.6439862251281738,-1.5399999999999636,timeout,False,12,False
2025-11-10 01:21:00+00:00,1,0.6256636381149292,5.0,trail_stop,True,2,True
2025-11-10 01:31:00+00:00,-1,0.5951688289642334,-2.3200000000001637,timeout,False,12,False
2025-11-10 13:02:00+00:00,1,0.6208223700523376,-3.0299999999997453,timeout,False,12,False
2025-11-11 07:51:00+00:00,-1,0.5864776968955994,-10.069999999999709,timeout,False,12,False
2025-11-11 15:39:00+00:00,1,0.6349097490310669,2.530000000000655,timeout,False,12,True
2025-11-12 04:05:00+00:00,-1,0.5975607633590698,-0.09000000000014552,timeout,False,12,False
2025-11-12 15:55:00+00:00,1,0.5508559346199036,7.5,target_full,True,11,True
2025-11-13 08:15:00+00:00,1,0.5818209648132324,5.0,trail_stop,True,12,True
2025-11-13 13:24:00+00:00,1,0.5589734315872192,-8.670000000000073,timeout,False,12,False
2025-11-13 14:42:00+00:00,-1,0.5976033210754395,7.5,target_full,True,1,True
2025-11-13 14:45:00+00:00,-1,0.5784744024276733,5.0,trail_stop,True,4,True
2025-11-13 14:55:00+00:00,1,0.5827332139015198,5.0,trail_stop,True,11,True
2025-11-13 14:59:00+00:00,-1,0.6045620441436768,5.0,trail_stop,True,2,True
2025-11-13 15:01:00+00:00,-1,0.6197699308395386,-8.420000000000073,timeout,False,12,False
2025-11-13 18:32:00+00:00,-1,0.5672836899757385,5.0,trail_stop,True,2,True
2025-11-13 18:35:00+00:00,-1,0.7636650204658508,5.0,trail_stop,True,4,True
2025-11-13 18:38:00+00:00,-1,0.6041222214698792,-14.070000000000618,timeout,False,12,False
2025-11-13 18:40:00+00:00,-1,0.6446865797042847,-3.2200000000002547,timeout,False,12,False
2025-11-13 18:49:00+00:00,1,0.5825635194778442,-10.519999999999527,timeout,False,12,False
2025-11-13 19:55:00+00:00,-1,0.5827356576919556,0.23000000000047294,timeout,False,12,True
2025-11-14 12:54:00+00:00,-1,0.6727766990661621,5.0,trail_stop,True,12,True
2025-11-14 13:15:00+00:00,1,0.6605952382087708,-20.0,stop_loss,False,7,False
2025-11-14 13:19:00+00:00,-1,0.5759985446929932,7.5,target_full,True,3,True
2025-11-14 13:23:00+00:00,-1,0.6935368180274963,5.0,trail_stop,True,3,True
2025-11-14 13:24:00+00:00,-1,0.6405870318412781,7.5,target_full,True,1,True
2025-11-14 13:25:00+00:00,-1,0.5616992115974426,5.0,trail_stop,True,2,True
2025-11-14 13:26:00+00:00,-1,0.6228834390640259,5.0,trail_stop,True,3,True
2025-11-14 13:27:00+00:00,-1,0.6748523116111755,7.5,target_full,True,1,True
2025-11-14 13:28:00+00:00,-1,0.6211056113243103,5.0,trail_stop,True,2,True
2025-11-14 13:29:00+00:00,-1,0.6302196383476257,5.0,trail_stop,True,6,True
2025-11-14 13:30:00+00:00,-1,0.642248809337616,7.5,target_full,True,4,True
2025-11-14 13:36:00+00:00,-1,0.6039279103279114,5.0,trail_stop,True,8,True
2025-11-14 13:44:00+00:00,-1,0.6125474572181702,7.5,target_full,True,5,True
2025-11-14 13:56:00+00:00,1,0.6098023056983948,-10.569999999999709,timeout,False,12,False
2025-11-14 14:00:00+00:00,-1,0.7448610067367554,5.0,trail_stop,True,2,True
2025-11-14 14:01:00+00:00,-1,0.5943434238433838,-6.779999999999745,timeout,False,12,False
2025-11-14 14:04:00+00:00,1,0.5552441477775574,5.0,trail_stop,True,2,True
2025-11-14 14:05:00+00:00,1,0.6172922849655151,-1.9699999999998,timeout,False,12,False
2025-11-14 14:09:00+00:00,-1,0.5998578071594238,-12.990000000000236,timeout,False,12,False
2025-11-14 14:10:00+00:00,1,0.5873318314552307,5.0,trail_stop,True,11,True
2025-11-14 14:33:00+00:00,-1,0.5579166412353516,-20.0,stop_loss,False,2,False
2025-11-14 14:34:00+00:00,-1,0.6795009970664978,-20.0,stop_loss,False,2,False
2025-11-14 14:35:00+00:00,1,0.6124090552330017,7.5,target_full,True,1,True
2025-11-14 14:37:00+00:00,1,0.7189118266105652,5.0,trail_stop,True,2,True
2025-11-14 14:40:00+00:00,1,0.5612514615058899,5.0,trail_stop,True,2,True
2025-11-14 14:49:00+00:00,-1,0.6165265440940857,-20.0,stop_loss,False,9,False
2025-11-14 14:54:00+00:00,1,0.5906789302825928,5.0,trail_stop,True,4,True
2025-11-14 14:58:00+00:00,1,0.6086640954017639,-7.539999999999964,timeout,False,12,False
2025-11-14 15:00:00+00:00,1,0.580828070640564,-3.050000000000182,timeout,False,12,False
2025-11-14 15:06:00+00:00,1,0.575104296207428,2.5599999999999454,timeout,False,12,True
2025-11-14 15:07:00+00:00,-1,0.5520457029342651,-8.75,timeout,False,12,False
2025-11-14 15:13:00+00:00,-1,0.5753120183944702,-0.15999999999985448,timeout,False,12,False
2025-11-14 15:46:00+00:00,1,0.5642048120498657,7.5,target_full,True,1,True
2025-11-14 16:38:00+00:00,1,0.5521498322486877,5.0,trail_stop,True,3,True
2025-11-16 23:08:00+00:00,1,0.5623124241828918,-1.069999999999709,timeout,False,12,False
2025-11-17 00:08:00+00:00,-1,0.5718029737472534,0.7100000000000364,timeout,False,12,True
2025-11-17 01:10:00+00:00,1,0.6034353375434875,-2.1100000000001273,timeout,False,12,False
2025-11-17 13:05:00+00:00,1,0.5776658654212952,-7.789999999999964,timeout,False,12,False
2025-11-17 14:34:00+00:00,1,0.5529825687408447,5.0,trail_stop,True,2,True
2025-11-17 15:20:00+00:00,-1,0.5514289140701294,-6.569999999999709,timeout,False,12,False
2025-11-18 04:26:00+00:00,1,0.5570181012153625,-3.7100000000000364,timeout,False,12,False
2025-11-18 08:06:00+00:00,1,0.554196298122406,-0.08000000000038199,timeout,False,12,False
2025-11-18 13:03:00+00:00,1,0.6066436767578125,-2.4299999999998363,timeout,False,12,False
2025-11-19 14:35:00+00:00,1,0.5707564949989319,-2.9899999999997817,timeout,False,12,False
2025-11-19 16:39:00+00:00,1,0.5541343092918396,1.3399999999996908,timeout,False,12,True
2025-11-20 02:30:00+00:00,1,0.5898155570030212,0.8800000000001091,timeout,False,12,True
2025-11-20 08:57:00+00:00,1,0.5617583394050598,-1.2399999999997817,timeout,False,12,False
2025-11-20 12:18:00+00:00,1,0.5652105212211609,-0.7199999999997999,timeout,False,12,False
2025-11-20 13:37:00+00:00,1,0.5771140456199646,5.0,trail_stop,True,2,True
2025-11-20 13:38:00+00:00,1,0.5789333581924438,-9.670000000000073,timeout,False,12,False
2025-11-20 13:42:00+00:00,-1,0.6270661354064941,7.5,target_full,True,2,True
2025-11-20 13:43:00+00:00,-1,0.749686598777771,5.0,trail_stop,True,2,True
2025-11-20 13:44:00+00:00,-1,0.5992931127548218,5.0,trail_stop,True,2,True
2025-11-20 14:46:00+00:00,1,0.6180530786514282,7.5,target_full,True,2,True
2025-11-20 14:48:00+00:00,1,0.5973747968673706,7.5,target_full,True,1,True
2025-11-20 15:06:00+00:00,-1,0.5858076214790344,5.0,trail_stop,True,2,True
2025-11-20 15:11:00+00:00,1,0.5825904607772827,0.6199999999998909,timeout,False,12,True
2025-11-20 16:08:00+00:00,1,0.5552606582641602,-10.159999999999854,timeout,False,12,False
2025-11-20 17:17:00+00:00,1,0.5582104325294495,5.0,trail_stop,True,5,True
2025-11-21 05:57:00+00:00,1,0.6267389059066772,7.5,target_full,True,1,True
2025-11-21 05:58:00+00:00,1,0.5661129951477051,5.0,trail_stop,True,2,True
2025-11-21 08:16:00+00:00,1,0.5902050733566284,-1.9900000000002365,timeout,False,12,False
2025-11-21 12:30:00+00:00,1,0.5673397779464722,5.0,trail_stop,True,2,True
2025-11-21 13:05:00+00:00,-1,0.5874810814857483,-1.7300000000000182,timeout,False,12,False
2025-11-21 17:28:00+00:00,-1,0.607622504234314,-2.75,timeout,False,12,False
2025-11-21 20:51:00+00:00,1,0.5684118866920471,5.0,trail_stop,True,7,True
2025-11-25 13:15:00+00:00,1,0.5805462002754211,-1.4700000000002547,timeout,False,12,False
2025-11-25 13:30:00+00:00,1,0.5566978454589844,-2.630000000000109,timeout,False,12,False
2025-11-28 14:40:00+00:00,1,0.5724681615829468,-5.119999999999891,timeout,False,12,False
2025-11-28 16:06:00+00:00,-1,0.6386089324951172,-6.530000000000655,timeout,False,12,False
2025-12-01 05:22:00+00:00,-1,0.5650006532669067,5.0,trail_stop,True,4,True
2025-12-01 05:26:00+00:00,-1,0.6446391344070435,-7.720000000000255,timeout,False,12,False
2025-12-01 13:50:00+00:00,-1,0.5640100836753845,7.5,target_full,True,10,True
2025-12-01 14:35:00+00:00,-1,0.5506153106689453,5.0,trail_stop,True,2,True
2025-12-01 14:43:00+00:00,-1,0.5979599952697754,-20.0,stop_loss,False,9,False
2025-12-01 14:48:00+00:00,1,0.619864821434021,5.0,trail_stop,True,4,True
2025-12-01 15:18:00+00:00,-1,0.606063961982727,-1.2200000000002547,timeout,False,12,False
2025-12-01 15:27:00+00:00,1,0.562942385673523,7.5,target_full,True,9,True
2025-12-01 15:30:00+00:00,-1,0.5774638056755066,-6.279999999999745,timeout,False,12,False
2025-12-01 16:52:00+00:00,-1,0.5750451683998108,5.0,trail_stop,True,8,True
2025-12-02 01:14:00+00:00,1,0.605600893497467,5.0,trail_stop,True,3,True
2025-12-02 01:20:00+00:00,1,0.6162470579147339,5.0,trail_stop,True,3,True
2025-12-02 13:00:00+00:00,1,0.564700186252594,-9.859999999999673,timeout,False,12,False
2025-12-02 15:29:00+00:00,-1,0.5922722220420837,5.0,trail_stop,True,7,True
2025-12-02 15:33:00+00:00,-1,0.552729070186615,-3.1500000000005457,timeout,False,12,False
2025-12-02 15:54:00+00:00,-1,0.5639670491218567,5.0,trail_stop,True,4,True
2025-12-02 15:55:00+00:00,-1,0.6339475512504578,7.5,target_full,True,2,True
2025-12-02 15:58:00+00:00,-1,0.628203809261322,-3.9000000000005457,timeout,False,12,False
2025-12-02 16:00:00+00:00,1,0.5580844879150391,3.699999999999818,timeout,False,12,True
2025-12-03 01:00:00+00:00,1,0.5890440344810486,-0.5500000000001819,timeout,False,12,False
2025-12-03 13:52:00+00:00,1,0.6237446069717407,5.0,trail_stop,True,3,True
2025-12-03 14:16:00+00:00,-1,0.5678510665893555,-1.069999999999709,timeout,False,12,False
2025-12-03 14:20:00+00:00,1,0.589798629283905,7.5,target_full,True,12,True
2025-12-03 14:36:00+00:00,-1,0.732443630695343,5.0,trail_stop,True,9,True
2025-12-03 14:48:00+00:00,-1,0.5840001702308655,5.0,trail_stop,True,3,True
2025-12-03 15:03:00+00:00,1,0.5611830353736877,5.0,trail_stop,True,2,True
2025-12-05 13:28:00+00:00,1,0.6361106634140015,0.14000000000032742,timeout,False,12,True
2025-12-05 16:14:00+00:00,-1,0.6310790181159973,-14.25,timeout,False,12,False
2025-12-05 16:15:00+00:00,-1,0.604529619216919,5.0,trail_stop,True,5,True
2025-12-05 16:17:00+00:00,1,0.7375988960266113,5.0,trail_stop,True,7,True
2025-12-05 16:18:00+00:00,-1,0.688423216342926,5.0,trail_stop,True,2,True
2025-12-05 16:25:00+00:00,1,0.5935636162757874,0.31999999999970896,timeout,False,12,True
2025-12-08 14:57:00+00:00,1,0.6489369869232178,-20.0,stop_loss,False,9,False
2025-12-10 19:11:00+00:00,-1,0.5672018527984619,5.0,trail_stop,True,11,True
2025-12-10 19:34:00+00:00,1,0.5779767036437988,-20.0,stop_loss,False,5,False
2025-12-10 19:36:00+00:00,-1,0.6947441697120667,5.0,trail_stop,True,4,True
2025-12-10 19:37:00+00:00,-1,0.6528216600418091,7.5,target_full,True,2,True
2025-12-10 19:43:00+00:00,-1,0.5857663750648499,-20.0,stop_loss,False,9,False
2025-12-10 19:52:00+00:00,1,0.5890588760375977,5.0,trail_stop,True,3,True
2025-12-10 19:55:00+00:00,1,0.5872484445571899,5.0,trail_stop,True,2,True
2025-12-10 20:02:00+00:00,1,0.5906973481178284,5.0,trail_stop,True,2,True
2025-12-10 20:07:00+00:00,1,0.5646924376487732,5.0,trail_stop,True,5,True
2025-12-10 20:16:00+00:00,1,0.5803080201148987,-5.899999999999636,timeout,False,12,False
2025-12-11 01:02:00+00:00,1,0.5518182516098022,-5.720000000000255,timeout,False,12,False
2025-12-11 15:40:00+00:00,1,0.5919309854507446,5.0,trail_stop,True,2,True
2025-12-11 15:41:00+00:00,1,0.5767295360565186,5.0,trail_stop,True,9,True
2025-12-11 16:48:00+00:00,1,0.5721471905708313,5.0,trail_stop,True,4,True
2025-12-12 07:07:00+00:00,1,0.5945355296134949,-1.480000000000473,timeout,False,12,False
2025-12-12 09:54:00+00:00,1,0.6259142160415649,-2.699999999999818,timeout,False,12,False
2025-12-12 14:41:00+00:00,1,0.6441888809204102,5.0,trail_stop,True,8,True
2025-12-12 14:42:00+00:00,-1,0.5653563141822815,5.0,trail_stop,True,3,True
2025-12-12 15:24:00+00:00,-1,0.6518914103507996,7.5,target_full,True,4,True
2025-12-12 15:26:00+00:00,-1,0.5706992745399475,7.5,target_full,True,2,True
2025-12-12 15:28:00+00:00,-1,0.572147786617279,5.0,trail_stop,True,2,True
2025-12-12 15:29:00+00:00,-1,0.5525239706039429,-12.990000000000691,timeout,False,12,False
2025-12-12 15:30:00+00:00,-1,0.5775604844093323,-8.910000000000764,timeout,False,12,False
2025-12-12 15:33:00+00:00,-1,0.6866995096206665,-15.779999999999745,timeout,False,12,False
2025-12-12 15:38:00+00:00,1,0.6133837699890137,5.0,trail_stop,True,7,True
2025-12-12 15:40:00+00:00,1,0.5844319462776184,5.0,trail_stop,True,4,True
2025-12-12 15:44:00+00:00,1,0.5678173899650574,-20.0,stop_loss,False,10,False
2025-12-12 15:50:00+00:00,-1,0.6502053737640381,7.5,target_full,True,2,True
2025-12-12 15:53:00+00:00,-1,0.55385822057724,5.0,trail_stop,True,2,True
2025-12-12 15:58:00+00:00,-1,0.5873749852180481,5.0,trail_stop,True,4,True
2025-12-12 16:01:00+00:00,-1,0.5867441296577454,5.0,trail_stop,True,2,True
2025-12-12 16:05:00+00:00,-1,0.593956708908081,5.0,trail_stop,True,3,True
2025-12-12 16:11:00+00:00,1,0.5517808794975281,5.0,trail_stop,True,2,True
2025-12-12 16:18:00+00:00,-1,0.6133962869644165,7.5,target_full,True,2,True
2025-12-12 16:21:00+00:00,-1,0.6226233243942261,-5.880000000000109,timeout,False,12,False
2025-12-12 16:43:00+00:00,1,0.6934153437614441,5.0,trail_stop,True,2,True
2025-12-12 16:44:00+00:00,1,0.6956973075866699,5.0,trail_stop,True,2,True
2025-12-12 16:45:00+00:00,1,0.7276015281677246,2.0200000000004366,timeout,False,12,True
2025-12-12 16:46:00+00:00,1,0.7216683626174927,5.0,trail_stop,True,2,True
2025-12-12 16:47:00+00:00,1,0.6708362698554993,4.519999999999982,timeout,True,12,True
2025-12-12 16:50:00+00:00,-1,0.5607654452323914,-7.849999999999454,timeout,False,12,False
2025-12-12 16:57:00+00:00,1,0.5924830436706543,5.0,trail_stop,True,5,True
2025-12-12 17:02:00+00:00,-1,0.563868522644043,5.0,trail_stop,True,4,True
2025-12-15 13:55:00+00:00,-1,0.6048253774642944,5.0,trail_stop,True,4,True
2025-12-15 15:22:00+00:00,1,0.586266815662384,-3.0600000000004,timeout,False,12,False
2025-12-15 15:24:00+00:00,-1,0.5984799861907959,5.0,trail_stop,True,3,True
2025-12-15 15:30:00+00:00,1,0.5967633128166199,5.0,trail_stop,True,5,True
2025-12-15 16:34:00+00:00,-1,0.6237096786499023,5.0,trail_stop,True,3,True
2025-12-16 13:34:00+00:00,-1,0.5681396722793579,5.0,trail_stop,True,12,True
2025-12-16 14:39:00+00:00,1,0.5774579644203186,-0.09000000000014552,timeout,False,12,False
2025-12-16 14:41:00+00:00,-1,0.5596141815185547,-5.5,timeout,False,12,False
2025-12-17 14:37:00+00:00,-1,0.550210177898407,5.0,trail_stop,True,5,True
2025-12-18 13:21:00+00:00,1,0.5879343748092651,7.5,target_full,True,8,True
2025-12-18 13:30:00+00:00,1,0.551591694355011,5.0,trail_stop,True,10,True
2025-12-18 14:31:00+00:00,1,0.56324303150177,-20.0,stop_loss,False,9,False
2025-12-18 14:41:00+00:00,-1,0.6144818067550659,5.0,trail_stop,True,2,True
2025-12-18 14:43:00+00:00,-1,0.6421195268630981,5.0,trail_stop,True,3,True
2025-12-18 14:48:00+00:00,1,0.6108949780464172,5.0,trail_stop,True,2,True
2025-12-18 14:50:00+00:00,-1,0.5648697018623352,-16.4399999999996,timeout,False,12,False
2025-12-18 14:51:00+00:00,1,0.5704362392425537,5.0,trail_stop,True,4,True
2025-12-18 16:10:00+00:00,1,0.5706050992012024,7.5,target_full,True,1,True
2025-12-18 16:11:00+00:00,1,0.6255228519439697,5.0,trail_stop,True,2,True
2025-12-18 16:14:00+00:00,1,0.5566709041595459,5.0,trail_stop,True,2,True
2025-12-18 17:16:00+00:00,-1,0.60016930103302,-5.420000000000073,timeout,False,12,False
2025-12-18 17:18:00+00:00,1,0.5744110941886902,-0.6699999999991633,timeout,False,12,False
2025-12-18 17:21:00+00:00,-1,0.5893053412437439,5.0,trail_stop,True,3,True
2025-12-18 17:24:00+00:00,-1,0.5863370895385742,-10.11999999999989,timeout,False,12,False
2025-12-21 23:49:00+00:00,1,0.5559669137001038,5.0,trail_stop,True,11,True
2025-12-22 16:06:00+00:00,1,0.6343859434127808,3.5599999999994907,timeout,False,12,True
2025-12-23 14:03:00+00:00,-1,0.5625086426734924,7.5,target_full,True,1,True
2025-12-23 14:40:00+00:00,1,0.5971083641052246,-0.22000000000025466,timeout,False,12,False
2025-12-23 14:42:00+00:00,-1,0.5900595188140869,-3.5399999999999636,timeout,False,12,False
2025-12-23 14:52:00+00:00,1,0.5759316682815552,-20.0,stop_loss,False,9,False
2025-12-23 14:54:00+00:00,-1,0.588550329208374,5.0,trail_stop,True,4,True
2025-12-23 15:01:00+00:00,-1,0.5729467272758484,7.5,target_full,True,1,True
2025-12-23 15:02:00+00:00,-1,0.7376322150230408,-17.039999999999964,timeout,False,12,False
2025-12-23 15:05:00+00:00,1,0.5804067254066467,5.0,trail_stop,True,2,True
2025-12-23 15:07:00+00:00,1,0.6308059096336365,5.0,trail_stop,True,6,True
2025-12-23 15:12:00+00:00,1,0.5718153119087219,5.0,trail_stop,True,3,True
2025-12-23 15:38:00+00:00,1,0.5505648255348206,5.0,trail_stop,True,10,True
2025-12-23 15:48:00+00:00,1,0.585174024105072,0.7800000000006548,timeout,False,12,True
2025-12-23 19:01:00+00:00,1,0.5585952401161194,5.0,trail_stop,True,10,True
2025-12-24 01:00:00+00:00,1,0.5524232387542725,-3.719999999999345,timeout,False,12,False
2025-12-24 03:00:00+00:00,-1,0.572287917137146,-10.549999999999272,timeout,False,12,False
2025-12-24 03:01:00+00:00,-1,0.6028478145599365,-3.4200000000000728,timeout,False,12,False
2025-12-24 14:36:00+00:00,-1,0.5574707984924316,5.0,trail_stop,True,2,True
2025-12-24 14:40:00+00:00,-1,0.5636176466941833,5.0,trail_stop,True,10,True
2025-12-24 14:45:00+00:00,-1,0.6175306439399719,5.0,trail_stop,True,4,True
2025-12-24 14:50:00+00:00,-1,0.6509006023406982,-7.469999999999345,timeout,False,12,False
2025-12-24 14:51:00+00:00,-1,0.5668765902519226,5.0,trail_stop,True,2,True
2025-12-24 14:52:00+00:00,-1,0.7098485231399536,-9.399999999999636,timeout,False,12,False
2025-12-24 14:57:00+00:00,-1,0.6220226883888245,-12.6899999999996,timeout,False,12,False
2025-12-24 15:02:00+00:00,1,0.5938079357147217,5.0,trail_stop,True,7,True
2025-12-24 15:08:00+00:00,1,0.5513651371002197,-6.680000000000291,timeout,False,12,False
2025-12-24 16:02:00+00:00,1,0.6095446348190308,-0.25,timeout,False,12,False
2025-12-26 01:04:00+00:00,1,0.5787613987922668,-15.659999999999854,timeout,False,12,False
2025-12-26 01:14:00+00:00,-1,0.645537257194519,-2.2899999999999636,timeout,False,12,False
2025-12-26 01:15:00+00:00,1,0.6110484004020691,-5.8100000000004,timeout,False,12,False
2025-12-26 01:17:00+00:00,1,0.6544870138168335,5.0,trail_stop,True,3,True
2025-12-26 05:30:00+00:00,1,0.6349475383758545,-1.199999999999818,timeout,False,12,False
2025-12-26 13:01:00+00:00,1,0.6192934513092041,0.660000000000764,timeout,False,12,True
2025-12-26 14:47:00+00:00,-1,0.5716716647148132,-6.009999999999309,timeout,False,12,False
2025-12-26 15:37:00+00:00,1,0.5831224918365479,-2.240000000000691,timeout,False,12,False
2025-12-26 17:33:00+00:00,-1,0.569964587688446,-9.049999999999272,timeout,False,12,False
2025-12-28 23:03:00+00:00,1,0.6435273289680481,5.0,trail_stop,True,2,True
2025-12-28 23:15:00+00:00,1,0.6352590918540955,0.22999999999956344,timeout,False,12,True
2025-12-28 23:17:00+00:00,1,0.6455305814743042,5.0,trail_stop,True,8,True
2025-12-28 23:18:00+00:00,1,0.6314976215362549,-4.850000000000364,timeout,False,12,False
2025-12-29 00:26:00+00:00,-1,0.5662114024162292,5.0,trail_stop,True,2,True
2025-12-29 00:32:00+00:00,1,0.5947285890579224,7.5,target_full,True,2,True
2025-12-29 00:33:00+00:00,1,0.5865938067436218,5.0,trail_stop,True,2,True
2025-12-29 00:38:00+00:00,-1,0.6506472229957581,5.0,trail_stop,True,6,True
2025-12-29 00:40:00+00:00,1,0.5690717101097107,-2.4600000000000364,timeout,False,12,False
2025-12-29 00:44:00+00:00,-1,0.601599931716919,-10.049999999999272,timeout,False,12,False
2025-12-29 00:45:00+00:00,-1,0.5645000338554382,-4.75,timeout,False,12,False
2025-12-29 00:51:00+00:00,-1,0.6089350581169128,5.0,trail_stop,True,9,True
2025-12-29 01:00:00+00:00,-1,0.5652374625205994,-20.0,stop_loss,False,12,False
2025-12-29 01:01:00+00:00,-1,0.5503499507904053,-13.360000000000582,timeout,False,12,False
2025-12-29 01:10:00+00:00,1,0.5837404131889343,5.0,trail_stop,True,6,True
2025-12-29 01:32:00+00:00,-1,0.5643957257270813,5.0,trail_stop,True,11,True
2025-12-29 01:34:00+00:00,1,0.553220808506012,-1.4700000000002547,timeout,False,12,False
2025-12-29 01:37:00+00:00,-1,0.6592789888381958,5.0,trail_stop,True,4,True
2025-12-29 01:41:00+00:00,-1,0.5560263395309448,-6.9099999999998545,timeout,False,12,False
2025-12-29 01:43:00+00:00,-1,0.600602924823761,-1.6199999999998909,timeout,False,12,False
2025-12-29 07:00:00+00:00,-1,0.7458948493003845,7.5,target_full,True,2,True
2025-12-29 07:02:00+00:00,-1,0.6814561486244202,5.0,trail_stop,True,2,True
2025-12-29 07:04:00+00:00,-1,0.7662907242774963,5.0,trail_stop,True,2,True
2025-12-29 07:08:00+00:00,1,0.5564014315605164,5.0,trail_stop,True,3,True
2025-12-29 07:11:00+00:00,1,0.6800735592842102,7.5,target_full,True,4,True
2025-12-29 07:12:00+00:00,1,0.6067811250686646,5.0,trail_stop,True,4,True
2025-12-29 08:13:00+00:00,1,0.6180293560028076,5.0,trail_stop,True,4,True
2025-12-29 11:44:00+00:00,1,0.6160046458244324,-8.300000000000182,timeout,False,12,False
2025-12-29 11:47:00+00:00,-1,0.6004071831703186,5.0,trail_stop,True,9,True
2025-12-29 13:42:00+00:00,-1,0.6022794246673584,5.0,trail_stop,True,4,True
2025-12-29 13:45:00+00:00,-1,0.5840250253677368,5.0,trail_stop,True,2,True
2025-12-29 13:48:00+00:00,-1,0.6467570066452026,7.5,target_full,True,2,True
2025-12-29 13:50:00+00:00,-1,0.6224983930587769,5.0,trail_stop,True,6,True
2025-12-29 13:53:00+00:00,1,0.550078809261322,-20.0,stop_loss,False,12,False
2025-12-29 13:59:00+00:00,1,0.5742541551589966,-20.0,stop_loss,False,3,False
2025-12-29 14:00:00+00:00,-1,0.7969017624855042,7.5,target_full,True,2,True
2025-12-29 14:01:00+00:00,-1,0.7701777219772339,5.0,trail_stop,True,2,True
2025-12-29 14:08:00+00:00,-1,0.5719882249832153,-6.890000000000327,timeout,False,12,False
2025-12-29 14:10:00+00:00,1,0.5785627365112305,5.0,trail_stop,True,3,True
2025-12-29 14:13:00+00:00,1,0.5571483969688416,5.0,trail_stop,True,2,True
2025-12-29 14:16:00+00:00,1,0.5844698548316956,-11.779999999999745,timeout,False,12,False
2025-12-29 14:18:00+00:00,-1,0.7135860323905945,5.0,trail_stop,True,6,True
2025-12-29 14:22:00+00:00,-1,0.5993130803108215,7.5,target_full,True,7,True
2025-12-29 14:24:00+00:00,-1,0.6261306405067444,7.5,target_full,True,5,True
2025-12-29 14:26:00+00:00,1,0.5507090091705322,-20.0,stop_loss,False,3,False
2025-12-29 14:30:00+00:00,-1,0.8196653723716736,7.5,target_full,True,10,True
2025-12-29 14:34:00+00:00,1,0.5762916803359985,5.0,trail_stop,True,2,True
2025-12-29 14:40:00+00:00,-1,0.5767001509666443,7.5,target_full,True,1,True
2025-12-29 14:43:00+00:00,-1,0.553399384021759,-2.139999999999418,timeout,False,12,False
2025-12-29 14:44:00+00:00,1,0.5908682346343994,7.5,target_full,True,1,True
2025-12-29 14:45:00+00:00,1,0.6177810430526733,-20.0,stop_loss,False,12,False
2025-12-29 14:46:00+00:00,1,0.6136811971664429,-20.0,stop_loss,False,10,False
2025-12-29 14:48:00+00:00,-1,0.6375094652175903,5.0,trail_stop,True,3,True
2025-12-29 14:50:00+00:00,-1,0.6392064690589905,5.0,trail_stop,True,2,True
2025-12-29 14:51:00+00:00,-1,0.5947614908218384,7.5,target_full,True,6,True
2025-12-29 14:53:00+00:00,-1,0.6761939525604248,5.0,trail_stop,True,2,True
2025-12-29 14:54:00+00:00,-1,0.6039146184921265,5.0,trail_stop,True,3,True
2025-12-29 14:56:00+00:00,-1,0.5828025937080383,5.0,trail_stop,True,2,True
2025-12-29 14:57:00+00:00,-1,0.6118605136871338,5.0,trail_stop,True,2,True
2025-12-29 15:06:00+00:00,-1,0.5594881176948547,5.0,trail_stop,True,2,True
2025-12-29 15:09:00+00:00,1,0.7084454894065857,-20.0,stop_loss,False,11,False
2025-12-29 15:11:00+00:00,1,0.7370551824569702,5.0,trail_stop,True,3,True
2025-12-29 15:12:00+00:00,-1,0.6648240685462952,7.5,target_full,True,3,True
2025-12-29 15:13:00+00:00,1,0.7510653734207153,-20.0,stop_loss,False,6,False
2025-12-29 15:15:00+00:00,-1,0.5524279475212097,5.0,trail_stop,True,2,True
2025-12-29 15:17:00+00:00,-1,0.5516420602798462,7.5,target_full,True,3,True
2025-12-29 15:20:00+00:00,-1,0.6210782527923584,7.5,target_full,True,1,True
2025-12-29 15:21:00+00:00,-1,0.6116400361061096,5.0,trail_stop,True,2,True
2025-12-29 15:25:00+00:00,1,0.6011182069778442,5.0,trail_stop,True,2,True
2025-12-29 15:35:00+00:00,1,0.5533595085144043,5.0,trail_stop,True,10,True
2025-12-29 15:38:00+00:00,-1,0.5809780955314636,4.119999999999891,timeout,True,12,True
2025-12-29 15:40:00+00:00,-1,0.652105987071991,5.0,trail_stop,True,2,True
2025-12-29 15:41:00+00:00,-1,0.5749276876449585,-0.819999999999709,timeout,False,12,False
2025-12-29 15:42:00+00:00,1,0.6572026610374451,5.0,trail_stop,True,3,True
2025-12-29 15:43:00+00:00,1,0.6675044894218445,-9.819999999999709,timeout,False,12,False
2025-12-29 15:45:00+00:00,1,0.6547343134880066,-10.180000000000291,timeout,False,12,False
2025-12-29 15:46:00+00:00,-1,0.6416275501251221,5.0,trail_stop,True,2,True
2025-12-29 15:47:00+00:00,-1,0.6696485877037048,5.0,trail_stop,True,10,True
2025-12-29 15:50:00+00:00,-1,0.5556122064590454,-9.739999999999782,timeout,False,12,False
2025-12-29 15:58:00+00:00,1,0.6209793090820312,5.0,trail_stop,True,3,True
2025-12-29 15:59:00+00:00,1,0.6246457099914551,7.5,target_full,True,2,True
2025-12-29 16:00:00+00:00,1,0.6022732853889465,5.0,trail_stop,True,2,True
2025-12-29 16:01:00+00:00,1,0.5985034108161926,5.0,trail_stop,True,3,True
2025-12-29 16:08:00+00:00,1,0.5531155467033386,5.0,trail_stop,True,4,True
2025-12-29 16:16:00+00:00,-1,0.5695136189460754,-9.36999999999989,timeout,False,12,False
2025-12-30 01:07:00+00:00,1,0.6044776439666748,5.0,trail_stop,True,11,True
2025-12-30 10:30:00+00:00,1,0.6454222202301025,-4.800000000000182,timeout,False,12,False
2025-12-30 12:13:00+00:00,1,0.5562172532081604,-2.5999999999994543,timeout,False,12,False
2025-12-30 14:40:00+00:00,-1,0.623868465423584,5.0,trail_stop,True,2,True
2025-12-30 14:41:00+00:00,-1,0.626140832901001,7.5,target_full,True,5,True
2025-12-30 14:45:00+00:00,-1,0.5678126811981201,5.0,trail_stop,True,2,True
2025-12-30 14:46:00+00:00,-1,0.5716893076896667,-5.559999999999491,timeout,False,12,False
2025-12-30 14:47:00+00:00,-1,0.5650940537452698,-13.80999999999949,timeout,False,12,False
2025-12-30 14:55:00+00:00,-1,0.6040533781051636,-6.489999999999782,timeout,False,12,False
2025-12-30 14:58:00+00:00,-1,0.6327069401741028,-4.539999999999964,timeout,False,12,False
2025-12-30 15:00:00+00:00,1,0.5811732411384583,-3.360000000000582,timeout,False,12,False
2025-12-30 15:05:00+00:00,1,0.551993727684021,0.9399999999995998,timeout,False,12,True
2025-12-30 15:12:00+00:00,-1,0.5780496597290039,-6.690000000000509,timeout,False,12,False
2025-12-30 15:19:00+00:00,1,0.553105354309082,-7.530000000000655,timeout,False,12,False
2025-12-30 15:32:00+00:00,1,0.5814162492752075,5.0,trail_stop,True,8,True
2025-12-30 15:42:00+00:00,-1,0.5506106615066528,-6.520000000000437,timeout,False,12,False
2025-12-30 16:56:00+00:00,1,0.6700275540351868,5.0,trail_stop,True,4,True
2025-12-31 01:34:00+00:00,1,0.6394486427307129,5.0,trail_stop,True,10,True
2025-12-31 02:38:00+00:00,1,0.5516952276229858,5.0,trail_stop,True,3,True
2025-12-31 05:49:00+00:00,-1,0.5581075549125671,7.5,target_full,True,1,True
2025-12-31 05:52:00+00:00,-1,0.5565967559814453,7.5,target_full,True,1,True
2025-12-31 05:53:00+00:00,-1,0.6785414814949036,7.5,target_full,True,1,True
2025-12-31 05:54:00+00:00,-1,0.568112850189209,7.5,target_full,True,6,True
2025-12-31 05:57:00+00:00,1,0.5755129456520081,5.3400000000001455,timeout,True,12,True
2025-12-31 05:59:00+00:00,-1,0.5656427145004272,7.5,target_full,True,1,True
2025-12-31 06:01:00+00:00,-1,0.6513726711273193,-20.0,stop_loss,False,9,False
2025-12-31 06:28:00+00:00,1,0.5532017350196838,5.0,trail_stop,True,4,True
2025-12-31 14:30:00+00:00,1,0.5571948289871216,5.0,trail_stop,True,3,True
2025-12-31 14:39:00+00:00,-1,0.5923587083816528,-10.009999999999309,timeout,False,12,False
2025-12-31 14:48:00+00:00,1,0.5575644969940186,5.0,trail_stop,True,8,True
2026-01-02 13:29:00+00:00,-1,0.6248270273208618,5.0,trail_stop,True,4,True
2026-01-02 14:00:00+00:00,1,0.5794135332107544,0.9000000000005457,timeout,False,12,True
2026-01-02 14:39:00+00:00,-1,0.5761665105819702,-6.210000000000036,timeout,False,12,False
2026-01-02 14:43:00+00:00,1,0.5696474313735962,5.0,trail_stop,True,6,True
2026-01-02 14:47:00+00:00,1,0.5588486194610596,-7.349999999999454,timeout,False,12,False
2026-01-02 15:04:00+00:00,-1,0.6445105671882629,5.0,trail_stop,True,7,True
2026-01-02 15:10:00+00:00,-1,0.6051318645477295,5.0,trail_stop,True,2,True
2026-01-02 15:11:00+00:00,-1,0.5860264897346497,5.0,trail_stop,True,12,True
2026-01-02 15:17:00+00:00,-1,0.6568032503128052,1.930000000000291,timeout,False,12,True
2026-01-02 15:18:00+00:00,1,0.6039422154426575,-5.800000000000182,timeout,False,12,False
2026-01-02 15:21:00+00:00,-1,0.5699620246887207,5.0,trail_stop,True,2,True
2026-01-02 15:22:00+00:00,-1,0.7018617391586304,-6.5600000000004,timeout,False,12,False
2026-01-02 16:37:00+00:00,1,0.575689971446991,0.8400000000001455,timeout,False,12,True
2026-01-04 23:02:00+00:00,1,0.6208903789520264,7.5,target_full,True,1,True
2026-01-04 23:03:00+00:00,1,0.5527928471565247,5.0,trail_stop,True,6,True
2026-01-04 23:10:00+00:00,1,0.6817666292190552,5.0,trail_stop,True,5,True
2026-01-04 23:12:00+00:00,1,0.5931208729743958,-4.25,timeout,False,12,False
2026-01-04 23:16:00+00:00,-1,0.623123049736023,-1.6799999999993815,timeout,False,12,False
2026-01-05 00:40:00+00:00,-1,0.6043939590454102,-6.039999999999964,timeout,False,12,False
2026-01-05 01:05:00+00:00,1,0.6959912180900574,5.0,trail_stop,True,2,True
2026-01-05 01:07:00+00:00,-1,0.6286783218383789,5.0,trail_stop,True,3,True
2026-01-05 01:10:00+00:00,-1,0.556511402130127,5.0,trail_stop,True,3,True
2026-01-05 01:18:00+00:00,1,0.5698713064193726,-10.460000000000036,timeout,False,12,False
2026-01-05 01:19:00+00:00,-1,0.6607084274291992,-0.1499999999996362,timeout,False,12,False
2026-01-05 01:26:00+00:00,1,0.5514673590660095,4.785000000000309,timeout,True,12,True
2026-01-05 06:25:00+00:00,1,0.5853586792945862,-4.279999999999745,timeout,False,12,False
2026-01-05 13:01:00+00:00,1,0.5626452565193176,-5.239999999999782,timeout,False,12,False
2026-01-05 13:09:00+00:00,-1,0.581641435623169,5.605000000000018,timeout,True,12,True
2026-01-05 13:22:00+00:00,-1,0.5795544385910034,5.0,trail_stop,True,7,True
2026-01-05 13:33:00+00:00,1,0.6105853319168091,5.0,trail_stop,True,7,True
2026-01-05 14:39:00+00:00,1,0.6005013585090637,5.0,trail_stop,True,7,True
2026-01-05 15:03:00+00:00,1,0.6249815225601196,5.0,trail_stop,True,4,True
2026-01-05 15:10:00+00:00,-1,0.5720468163490295,5.0,trail_stop,True,3,True
2026-01-05 15:12:00+00:00,-1,0.5564687848091125,1.3200000000006185,timeout,False,12,True
2026-01-05 16:49:00+00:00,1,0.6100542545318604,-11.800000000000182,timeout,False,12,False
2026-01-06 13:20:00+00:00,-1,0.5708128213882446,5.0,trail_stop,True,3,True
2026-01-06 14:30:00+00:00,1,0.645922064781189,5.0,trail_stop,True,3,True
2026-01-06 15:33:00+00:00,-1,0.6216562986373901,5.0,trail_stop,True,4,True
2026-01-07 13:15:00+00:00,1,0.5594465136528015,5.0,trail_stop,True,9,True
2026-01-07 13:17:00+00:00,1,0.5624128580093384,7.5,target_full,True,7,True
2026-01-07 13:23:00+00:00,1,0.6117896437644958,1.2399999999997817,timeout,False,12,True
2026-01-07 13:56:00+00:00,1,0.5730419158935547,-3.7799999999997453,timeout,False,12,False
2026-01-07 14:15:00+00:00,1,0.5750049948692322,-7.4099999999998545,timeout,False,12,False
2026-01-07 14:30:00+00:00,1,0.5637099742889404,-4.600000000000364,timeout,False,12,False
2026-01-07 14:32:00+00:00,1,0.555229902267456,5.0,trail_stop,True,2,True
2026-01-07 14:36:00+00:00,-1,0.7276337742805481,5.0,trail_stop,True,2,True
2026-01-07 14:37:00+00:00,-1,0.5547516942024231,-3.880000000000109,timeout,False,12,False
2026-01-07 14:43:00+00:00,1,0.6312399506568909,5.0,trail_stop,True,12,True
2026-01-07 14:55:00+00:00,1,0.6528424024581909,-7.460000000000036,timeout,False,12,False
2026-01-08 12:25:00+00:00,1,0.5666479468345642,5.0,trail_stop,True,7,True
2026-01-08 14:32:00+00:00,1,0.6155935525894165,-3.1599999999998545,timeout,False,12,False
2026-01-08 14:43:00+00:00,-1,0.63186115026474,-4.050000000000182,timeout,False,12,False
2026-01-08 14:44:00+00:00,-1,0.6093882322311401,-10.419999999999163,timeout,False,12,False
2026-01-08 14:46:00+00:00,1,0.5823505520820618,-1.6300000000001091,timeout,False,12,False
2026-01-08 14:50:00+00:00,-1,0.5560247898101807,5.0,trail_stop,True,10,True
2026-01-09 13:32:00+00:00,1,0.5678382515907288,5.0,trail_stop,True,2,True
2026-01-09 13:35:00+00:00,1,0.5929556488990784,5.0,trail_stop,True,2,True
2026-01-09 13:41:00+00:00,-1,0.6610152125358582,5.0,trail_stop,True,9,True
2026-01-09 13:52:00+00:00,1,0.5805332660675049,-3.1500000000005457,timeout,False,12,False
2026-01-09 13:53:00+00:00,1,0.6374723315238953,5.0,trail_stop,True,7,True
2026-01-09 14:20:00+00:00,1,0.5597188472747803,-9.029999999999745,timeout,False,12,False
2026-01-09 14:51:00+00:00,1,0.5630525946617126,5.0,trail_stop,True,6,True
2026-01-09 18:30:00+00:00,1,0.5655772089958191,5.0,trail_stop,True,4,True
2026-01-12 00:32:00+00:00,1,0.566661536693573,5.0,trail_stop,True,4,True
2026-01-12 00:37:00+00:00,1,0.5740635395050049,5.0,trail_stop,True,3,True
2026-01-12 00:42:00+00:00,1,0.6563675999641418,5.0,trail_stop,True,2,True
2026-01-12 00:47:00+00:00,1,0.6422417163848877,5.0,trail_stop,True,8,True
2026-01-12 01:01:00+00:00,1,0.5651336908340454,-10.049999999999272,timeout,False,12,False
2026-01-12 01:08:00+00:00,-1,0.5690265893936157,5.0,trail_stop,True,5,True
2026-01-12 01:15:00+00:00,-1,0.591152548789978,-1.8800000000001091,timeout,False,12,False
2026-01-12 01:29:00+00:00,1,0.5672239661216736,-10.1299999999992,timeout,False,12,False
2026-01-12 01:39:00+00:00,1,0.5539072155952454,-2.8299999999999272,timeout,False,12,False
2026-01-12 13:12:00+00:00,1,0.5629062652587891,-0.6700000000000728,timeout,False,12,False
2026-01-12 13:41:00+00:00,-1,0.5727285742759705,-13.0600000000004,timeout,False,12,False
2026-01-12 14:22:00+00:00,-1,0.5536600947380066,5.0,trail_stop,True,3,True
2026-01-12 14:25:00+00:00,-1,0.6744870543479919,-17.090000000000146,timeout,False,12,False
2026-01-12 14:29:00+00:00,-1,0.5621480941772461,-20.0,stop_loss,False,9,False
2026-01-12 14:35:00+00:00,-1,0.6308884024620056,-7.9399999999996,timeout,False,12,False
2026-01-12 14:36:00+00:00,-1,0.584753155708313,-3.889999999999418,timeout,False,12,False
2026-01-12 14:39:00+00:00,1,0.6123542785644531,-5.760000000000218,timeout,False,12,False
2026-01-12 14:40:00+00:00,1,0.605115532875061,0.6199999999998909,timeout,False,12,True
2026-01-12 14:43:00+00:00,-1,0.5721288323402405,5.0,trail_stop,True,5,True
2026-01-12 15:04:00+00:00,-1,0.5911253094673157,-7.180000000000291,timeout,False,12,False
2026-01-13 13:30:00+00:00,1,0.5868969559669495,5.0,trail_stop,True,11,True
2026-01-13 13:32:00+00:00,1,0.5732411742210388,5.0,trail_stop,True,9,True
2026-01-13 13:41:00+00:00,1,0.5963815450668335,-4.5600000000004,timeout,False,12,False
2026-01-13 14:22:00+00:00,1,0.5942186117172241,-5.979999999999563,timeout,False,12,False
2026-01-13 15:17:00+00:00,-1,0.5507526993751526,5.0,trail_stop,True,2,True
2026-01-13 15:23:00+00:00,1,0.5966633558273315,5.0,trail_stop,True,3,True
2026-01-13 18:07:00+00:00,1,0.5884745121002197,-6.369999999999891,timeout,False,12,False
2026-01-13 19:16:00+00:00,-1,0.719454288482666,-4.930000000000291,timeout,False,12,False
2026-01-14 05:01:00+00:00,1,0.6135492920875549,-3.9200000000000728,timeout,False,12,False
2026-01-14 14:31:00+00:00,-1,0.5513955354690552,5.0,trail_stop,True,7,True
2026-01-14 14:42:00+00:00,-1,0.5588298439979553,5.0,trail_stop,True,6,True
2026-01-14 14:48:00+00:00,-1,0.6556363105773926,-0.3499999999994543,timeout,False,12,False
2026-01-14 15:00:00+00:00,-1,0.5889242887496948,7.5,target_full,True,3,True
2026-01-14 15:01:00+00:00,-1,0.586452305316925,5.0,trail_stop,True,2,True
2026-01-14 15:02:00+00:00,-1,0.6061447262763977,-13.25,timeout,False,12,False
2026-01-14 15:23:00+00:00,-1,0.5625514984130859,5.0,trail_stop,True,6,True
2026-01-14 20:02:00+00:00,-1,0.6162732243537903,-5.880000000000109,timeout,False,12,False
2026-01-14 20:07:00+00:00,1,0.5660942792892456,5.0,trail_stop,True,3,True
2026-01-14 20:12:00+00:00,1,0.5614386200904846,-2.9200000000000728,timeout,False,12,False
2026-01-14 20:20:00+00:00,-1,0.5539640784263611,0.13000000000010914,timeout,False,12,True
2026-01-14 23:45:00+00:00,1,0.5510727763175964,4.300000000000182,timeout,False,12,True
2026-01-15 01:41:00+00:00,1,0.5660834908485413,5.0,trail_stop,True,6,True
2026-01-15 05:51:00+00:00,1,0.6003854870796204,2.050000000000182,timeout,False,12,True
2026-01-15 06:01:00+00:00,1,0.5819434523582458,5.0,trail_stop,True,8,True
2026-01-15 13:42:00+00:00,-1,0.5625626444816589,5.0,trail_stop,True,2,True
2026-01-15 13:45:00+00:00,-1,0.5533825159072876,-2.1899999999996,timeout,False,12,False
2026-01-15 14:32:00+00:00,1,0.5504302978515625,-9.05999999999949,timeout,False,12,False
2026-01-15 14:40:00+00:00,-1,0.5652405619621277,5.0,trail_stop,True,5,True
2026-01-15 14:46:00+00:00,1,0.5624146461486816,5.0,trail_stop,True,8,True
2026-01-15 15:00:00+00:00,1,0.5712677836418152,-1.949999999999818,timeout,False,12,False
2026-01-15 15:02:00+00:00,1,0.5680734515190125,1.4899999999997817,timeout,False,12,True
2026-01-15 16:11:00+00:00,1,0.5570070147514343,-6.319999999999709,timeout,False,12,False
2026-01-16 13:16:00+00:00,-1,0.6498652100563049,-0.8400000000001455,timeout,False,12,False
2026-01-16 13:27:00+00:00,-1,0.5812414288520813,5.0,trail_stop,True,2,True
2026-01-16 14:34:00+00:00,1,0.6495375037193298,5.605000000000018,timeout,True,12,True
2026-01-16 14:40:00+00:00,-1,0.5511819124221802,-2.6599999999998545,timeout,False,12,False
2026-01-16 15:18:00+00:00,-1,0.5567367672920227,7.5,target_full,True,1,True
2026-01-16 15:19:00+00:00,-1,0.6423908472061157,7.5,target_full,True,4,True
2026-01-16 15:20:00+00:00,-1,0.8282307982444763,7.5,target_full,True,2,True
2026-01-16 15:21:00+00:00,-1,0.7024855017662048,7.5,target_full,True,1,True
2026-01-16 15:22:00+00:00,1,0.6367272734642029,-20.0,stop_loss,False,3,False
2026-01-16 15:23:00+00:00,-1,0.7135818004608154,7.5,target_full,True,2,True
2026-01-16 15:24:00+00:00,-1,0.6543068885803223,5.0,trail_stop,True,2,True
2026-01-16 15:26:00+00:00,-1,0.6888803839683533,7.5,target_full,True,1,True
2026-01-16 15:28:00+00:00,-1,0.6918879747390747,7.5,target_full,True,1,True
2026-01-16 15:29:00+00:00,-1,0.7117524743080139,7.5,target_full,True,1,True
2026-01-16 15:31:00+00:00,-1,0.7030288577079773,7.5,target_full,True,1,True
2026-01-16 15:33:00+00:00,-1,0.6330680847167969,-20.0,stop_loss,False,11,False
2026-01-16 15:36:00+00:00,1,0.5986018180847168,7.5,target_full,True,8,True
2026-01-16 15:37:00+00:00,1,0.8166926503181458,7.5,target_full,True,1,True
2026-01-16 15:39:00+00:00,-1,0.7090790271759033,-20.0,stop_loss,False,7,False
2026-01-16 15:40:00+00:00,1,0.6329916715621948,7.5,target_full,True,4,True
2026-01-16 15:41:00+00:00,-1,0.7535997033119202,-20.0,stop_loss,False,5,False
2026-01-16 15:50:00+00:00,-1,0.6316929459571838,5.0,trail_stop,True,2,True
2026-01-16 15:51:00+00:00,1,0.5691007375717163,5.0,trail_stop,True,7,True
2026-01-16 15:52:00+00:00,-1,0.6504319310188293,-20.0,stop_loss,False,12,False
2026-01-16 15:53:00+00:00,-1,0.6919693350791931,-20.0,stop_loss,False,12,False
2026-01-16 15:54:00+00:00,1,0.6926435828208923,5.0,trail_stop,True,4,True
2026-01-16 15:55:00+00:00,1,0.6269802451133728,5.0,trail_stop,True,8,True
2026-01-16 15:56:00+00:00,1,0.6635151505470276,5.0,trail_stop,True,2,True
2026-01-16 16:00:00+00:00,1,0.5941666960716248,5.0,trail_stop,True,4,True
2026-01-16 16:03:00+00:00,1,0.606767475605011,7.5,target_full,True,3,True
2026-01-16 16:06:00+00:00,1,0.6658778786659241,5.0,trail_stop,True,2,True
2026-01-16 16:07:00+00:00,1,0.6322005391120911,5.0,trail_stop,True,8,True
2026-01-16 16:13:00+00:00,1,0.6186870336532593,-1.430000000000291,timeout,False,12,False
2026-01-16 16:15:00+00:00,-1,0.5710001587867737,-6.5700000000006185,timeout,False,12,False
2026-01-16 16:19:00+00:00,1,0.5557317137718201,5.0,trail_stop,True,8,True
2026-01-18 23:01:00+00:00,1,0.6567785143852234,7.5,target_full,True,1,True
2026-01-18 23:02:00+00:00,1,0.6339920163154602,7.5,target_full,True,3,True
2026-01-18 23:17:00+00:00,1,0.5512392520904541,5.0,trail_stop,True,4,True
2026-01-18 23:20:00+00:00,1,0.5926687717437744,5.0,trail_stop,True,2,True
2026-01-18 23:22:00+00:00,1,0.6156581044197083,5.0,trail_stop,True,5,True
2026-01-18 23:25:00+00:00,1,0.6652097702026367,5.0,trail_stop,True,3,True
2026-01-18 23:28:00+00:00,1,0.6782656311988831,5.0,trail_stop,True,4,True
2026-01-18 23:29:00+00:00,1,0.5960564017295837,5.0,trail_stop,True,2,True
2026-01-18 23:32:00+00:00,1,0.5791943073272705,-20.0,stop_loss,False,7,False
2026-01-18 23:33:00+00:00,1,0.6023322939872742,-10.600000000000364,timeout,False,12,False
2026-01-18 23:39:00+00:00,-1,0.5663522481918335,5.0,trail_stop,True,2,True
2026-01-18 23:56:00+00:00,1,0.5829790234565735,-10.200000000000728,timeout,False,12,False
2026-01-20 05:34:00+00:00,1,0.5876205563545227,1.75,timeout,False,12,True
2026-01-20 13:34:00+00:00,1,0.5916733741760254,5.0,trail_stop,True,10,True
2026-01-20 13:40:00+00:00,1,0.581697404384613,5.0,trail_stop,True,4,True
2026-01-20 13:44:00+00:00,1,0.5803897976875305,4.989999999999782,timeout,True,12,True
2026-01-20 14:05:00+00:00,-1,0.6061037182807922,5.0,trail_stop,True,2,True
2026-01-20 14:13:00+00:00,1,0.5772212147712708,5.0,trail_stop,True,4,True
2026-01-20 14:30:00+00:00,-1,0.7910946011543274,5.0,trail_stop,True,4,True
2026-01-20 14:34:00+00:00,-1,0.5716630220413208,-5.4099999999998545,timeout,False,12,False
2026-01-20 14:40:00+00:00,1,0.573085606098175,5.0,trail_stop,True,3,True
2026-01-20 14:43:00+00:00,1,0.5732559561729431,-0.42999999999938154,timeout,False,12,False
2026-01-20 14:47:00+00:00,-1,0.5980381965637207,-7.460000000000036,timeout,False,12,False
2026-01-20 14:49:00+00:00,-1,0.6364755034446716,-8.890000000000327,timeout,False,12,False
2026-01-20 14:53:00+00:00,-1,0.6138081550598145,-9.320000000000618,timeout,False,12,False
2026-01-20 14:59:00+00:00,1,0.6358659863471985,5.0,trail_stop,True,2,True
2026-01-20 15:07:00+00:00,1,0.5896603465080261,-8.509999999999309,timeout,False,12,False
2026-01-20 15:18:00+00:00,-1,0.6088225841522217,5.0,trail_stop,True,5,True
2026-01-20 15:23:00+00:00,-1,0.5850539207458496,5.0,trail_stop,True,4,True
2026-01-20 15:28:00+00:00,1,0.553468644618988,5.0,trail_stop,True,3,True
2026-01-20 15:29:00+00:00,1,0.5502418875694275,7.5,target_full,True,1,True
2026-01-20 15:35:00+00:00,-1,0.638982355594635,-10.600000000000364,timeout,False,12,False
2026-01-20 15:40:00+00:00,1,0.5665529370307922,5.0,trail_stop,True,8,True
2026-01-20 15:46:00+00:00,1,0.551224410533905,1.8400000000001455,timeout,False,12,True
2026-01-20 16:10:00+00:00,1,0.5943344831466675,-1.0399999999999636,timeout,False,12,False
2026-01-21 01:13:00+00:00,1,0.5924893617630005,5.0,trail_stop,True,8,True
2026-01-21 01:24:00+00:00,1,0.5886057019233704,5.0,trail_stop,True,3,True
2026-01-21 01:33:00+00:00,-1,0.6418121457099915,5.0,trail_stop,True,2,True
2026-01-21 01:34:00+00:00,-1,0.5845511555671692,-7.3700000000008,timeout,False,12,False
2026-01-21 01:38:00+00:00,1,0.5516334772109985,5.0,trail_stop,True,10,True
2026-01-21 02:00:00+00:00,1,0.5773841142654419,-14.149999999999636,timeout,False,12,False
2026-01-21 03:13:00+00:00,-1,0.5704424381256104,7.5,target_full,True,1,True
2026-01-21 05:34:00+00:00,1,0.556376039981842,-0.1500000000005457,timeout,False,12,False
2026-01-21 06:09:00+00:00,1,0.5713380575180054,5.0,trail_stop,True,7,True
2026-01-21 06:42:00+00:00,-1,0.578782856464386,5.0,trail_stop,True,4,True
2026-01-21 06:57:00+00:00,-1,0.5639805793762207,5.0,trail_stop,True,6,True
2026-01-21 07:01:00+00:00,-1,0.5802668333053589,5.0,trail_stop,True,2,True
2026-01-21 07:08:00+00:00,-1,0.6482654213905334,1.0299999999997453,timeout,False,12,True
2026-01-21 07:20:00+00:00,-1,0.6152664422988892,-15.829999999999927,timeout,False,12,False
2026-01-21 07:22:00+00:00,1,0.6133196353912354,7.5,target_full,True,6,True
2026-01-21 09:22:00+00:00,1,0.5603148341178894,5.0,trail_stop,True,4,True
2026-01-21 14:04:00+00:00,-1,0.7223565578460693,5.0,trail_stop,True,7,True
2026-01-21 14:05:00+00:00,-1,0.5756351351737976,7.5,target_full,True,5,True
2026-01-21 14:07:00+00:00,1,0.5652966499328613,-20.0,stop_loss,False,3,False
2026-01-21 14:08:00+00:00,1,0.7196266651153564,5.0,trail_stop,True,2,True
2026-01-21 14:10:00+00:00,-1,0.7834896445274353,5.0,trail_stop,True,2,True
2026-01-21 14:11:00+00:00,-1,0.7185524702072144,-7.349999999999454,timeout,False,12,False
2026-01-21 14:13:00+00:00,-1,0.6766883134841919,5.0,trail_stop,True,2,True
2026-01-21 14:14:00+00:00,-1,0.7363153696060181,-16.150000000000546,timeout,False,12,False
2026-01-21 14:15:00+00:00,1,0.5616734623908997,5.0,trail_stop,True,3,True
2026-01-21 14:16:00+00:00,1,0.5983318090438843,5.0,trail_stop,True,5,True
2026-01-21 14:19:00+00:00,-1,0.5651013851165771,-20.0,stop_loss,False,10,False
2026-01-21 14:22:00+00:00,1,0.6237855553627014,5.0,trail_stop,True,2,True
2026-01-21 14:23:00+00:00,-1,0.6368348598480225,-8.170000000000073,timeout,False,12,False
2026-01-21 14:30:00+00:00,1,0.5834834575653076,5.0,trail_stop,True,9,True
2026-01-21 14:32:00+00:00,-1,0.6033236384391785,-2.7700000000004366,timeout,False,12,False
2026-01-21 14:34:00+00:00,-1,0.6169577240943909,-2.4200000000000728,timeout,False,12,False
2026-01-21 14:36:00+00:00,1,0.5835992097854614,5.0,trail_stop,True,2,True
2026-01-21 14:37:00+00:00,1,0.5763338208198547,5.0,trail_stop,True,2,True
2026-01-21 14:39:00+00:00,1,0.5989375710487366,-20.0,stop_loss,False,11,False
2026-01-21 14:40:00+00:00,1,0.6166879534721375,-15.63000000000011,timeout,False,12,False
2026-01-21 14:43:00+00:00,-1,0.5984996557235718,5.0,trail_stop,True,2,True
2026-01-21 14:44:00+00:00,-1,0.6208285689353943,5.0,trail_stop,True,2,True
2026-01-21 14:46:00+00:00,-1,0.656951904296875,5.0,trail_stop,True,5,True
2026-01-21 14:51:00+00:00,-1,0.5743682384490967,-12.659999999999854,timeout,False,12,False
2026-01-21 14:54:00+00:00,1,0.580443263053894,5.0,trail_stop,True,8,True
2026-01-21 14:59:00+00:00,-1,0.5723698735237122,-4.25,timeout,False,12,False
2026-01-21 15:00:00+00:00,1,0.5856730341911316,5.0,trail_stop,True,3,True
2026-01-21 15:02:00+00:00,1,0.5663079023361206,5.0,trail_stop,True,2,True
2026-01-21 15:03:00+00:00,1,0.5726554989814758,-10.899999999999636,timeout,False,12,False
2026-01-21 15:06:00+00:00,1,0.5873153209686279,-20.0,stop_loss,False,10,False
2026-01-21 15:11:00+00:00,-1,0.6346408724784851,7.5,target_full,True,6,True
2026-01-21 15:16:00+00:00,-1,0.5864008069038391,7.5,target_full,True,1,True
2026-01-21 15:17:00+00:00,-1,0.5745964050292969,7.5,target_full,True,1,True
2026-01-21 15:18:00+00:00,-1,0.6011697053909302,7.5,target_full,True,1,True
2026-01-21 15:19:00+00:00,-1,0.591430127620697,5.0,trail_stop,True,2,True
2026-01-21 15:21:00+00:00,-1,0.7068527936935425,5.0,trail_stop,True,2,True
2026-01-21 15:23:00+00:00,-1,0.6595022082328796,-20.0,stop_loss,False,6,False
2026-01-21 15:28:00+00:00,1,0.5776495337486267,5.0,trail_stop,True,2,True
2026-01-21 15:30:00+00:00,1,0.6030648350715637,5.0,trail_stop,True,5,True
2026-01-21 15:31:00+00:00,1,0.6279953718185425,5.0,trail_stop,True,2,True
2026-01-21 15:32:00+00:00,1,0.5809409022331238,5.0,trail_stop,True,3,True
2026-01-21 15:39:00+00:00,1,0.5891174077987671,3.0200000000004366,timeout,False,12,True
2026-01-21 15:47:00+00:00,1,0.5847141146659851,7.5,target_full,True,5,True
2026-01-21 16:07:00+00:00,1,0.6110571026802063,-20.0,stop_loss,False,11,False
2026-01-21 16:15:00+00:00,1,0.5648012757301331,-20.0,stop_loss,False,4,False
2026-01-21 16:19:00+00:00,-1,0.5853468775749207,5.0,trail_stop,True,6,True
2026-01-21 16:26:00+00:00,1,0.5807857513427734,5.0,trail_stop,True,4,True
2026-01-21 16:30:00+00:00,1,0.5730026960372925,5.0,trail_stop,True,10,True
2026-01-21 16:40:00+00:00,-1,0.5517141819000244,5.0,trail_stop,True,2,True
2026-01-21 16:42:00+00:00,-1,0.6325265765190125,5.0,trail_stop,True,5,True
2026-01-21 16:44:00+00:00,-1,0.5561012029647827,7.5,target_full,True,7,True
2026-01-21 16:51:00+00:00,-1,0.5728759765625,7.5,target_full,True,1,True
2026-01-21 16:52:00+00:00,-1,0.7477655410766602,5.0,trail_stop,True,11,True
2026-01-21 17:00:00+00:00,-1,0.5718393325805664,7.5,target_full,True,2,True
2026-01-21 17:02:00+00:00,-1,0.5662214159965515,5.0,trail_stop,True,10,True
2026-01-21 17:04:00+00:00,-1,0.5703766942024231,5.0,trail_stop,True,8,True
2026-01-21 17:12:00+00:00,-1,0.5851452946662903,-4.8400000000001455,timeout,False,12,False
2026-01-21 17:20:00+00:00,1,0.5531128644943237,-20.0,stop_loss,False,11,False
2026-01-21 17:29:00+00:00,1,0.571785032749176,-11.88000000000011,timeout,False,12,False
2026-01-21 17:35:00+00:00,1,0.5586742758750916,5.0,trail_stop,True,5,True
2026-01-21 17:41:00+00:00,-1,0.6006287932395935,-11.19000000000051,timeout,False,12,False
2026-01-21 18:21:00+00:00,1,0.5542055368423462,5.0,trail_stop,True,5,True
2026-01-21 18:58:00+00:00,1,0.5546570420265198,1.069999999999709,timeout,False,12,True
2026-01-21 19:27:00+00:00,-1,0.6301834583282471,7.5,target_full,True,1,True
2026-01-21 19:30:00+00:00,-1,0.7035537362098694,7.5,target_full,True,4,True
2026-01-21 19:32:00+00:00,-1,0.6025753617286682,7.5,target_full,True,2,True
2026-01-21 19:35:00+00:00,-1,0.7220391035079956,7.5,target_full,True,1,True
2026-01-21 19:37:00+00:00,-1,0.5532275438308716,5.0,trail_stop,True,3,True
2026-01-21 19:38:00+00:00,1,0.7794216275215149,-20.0,stop_loss,False,5,False
2026-01-21 19:39:00+00:00,-1,0.911257266998291,5.0,trail_stop,True,5,True
2026-01-21 19:40:00+00:00,1,0.8384386301040649,-20.0,stop_loss,False,10,False
2026-01-21 19:41:00+00:00,-1,0.818143367767334,5.0,trail_stop,True,2,True
2026-01-21 19:50:00+00:00,-1,0.653106689453125,5.0,trail_stop,True,2,True
2026-01-21 19:51:00+00:00,-1,0.7693829536437988,-20.0,stop_loss,False,5,False
2026-01-21 19:54:00+00:00,1,0.6111652255058289,5.0,trail_stop,True,2,True
2026-01-21 19:55:00+00:00,1,0.5710681676864624,5.0,trail_stop,True,4,True
2026-01-21 20:00:00+00:00,1,0.6194751858711243,-3.5999999999994543,timeout,False,12,False
2026-01-21 20:02:00+00:00,1,0.5596197843551636,5.0,trail_stop,True,12,True
2026-01-21 20:03:00+00:00,-1,0.6022356152534485,5.0,trail_stop,True,2,True
2026-01-21 20:14:00+00:00,1,0.6474080085754395,5.0,trail_stop,True,2,True
2026-01-21 20:18:00+00:00,1,0.5775893926620483,7.5,target_full,True,11,True
2026-01-21 20:20:00+00:00,1,0.5600032806396484,7.5,target_full,True,10,True
2026-01-21 20:22:00+00:00,-1,0.6093401312828064,-20.0,stop_loss,False,8,False
2026-01-21 20:24:00+00:00,-1,0.5953166484832764,-10.5,timeout,False,12,False
2026-01-21 20:27:00+00:00,1,0.5626282095909119,7.5,target_full,True,3,True
2026-01-21 20:31:00+00:00,1,0.5594958662986755,7.5,target_full,True,12,True
2026-01-21 20:32:00+00:00,1,0.6045311093330383,7.5,target_full,True,10,True
2026-01-21 20:41:00+00:00,1,0.5825621485710144,7.5,target_full,True,2,True
2026-01-21 20:42:00+00:00,1,0.5853678584098816,5.0,trail_stop,True,3,True
2026-01-21 20:43:00+00:00,1,0.5608999729156494,5.0,trail_stop,True,7,True
2026-01-21 20:51:00+00:00,1,0.5630425214767456,-8.140000000000327,timeout,False,12,False
2026-01-21 21:00:00+00:00,-1,0.650833785533905,-6.670000000000073,timeout,False,12,False
2026-01-22 01:05:00+00:00,1,0.5645934343338013,5.0,trail_stop,True,3,True
2026-01-22 01:13:00+00:00,-1,0.5820073485374451,-20.0,stop_loss,False,7,False
2026-01-22 01:14:00+00:00,1,0.5620661377906799,7.5,target_full,True,5,True
2026-01-22 01:20:00+00:00,1,0.5677279829978943,5.0,trail_stop,True,4,True
2026-01-22 13:22:00+00:00,1,0.5830627083778381,-11.090000000000146,timeout,False,12,False
2026-01-22 14:32:00+00:00,1,0.6103391051292419,5.0,trail_stop,True,2,True
2026-01-22 14:33:00+00:00,1,0.5833100080490112,-3.7399999999997817,timeout,False,12,False
2026-01-22 14:35:00+00:00,-1,0.7486427426338196,-9.11999999999989,timeout,False,12,False
2026-01-22 14:36:00+00:00,-1,0.6465846300125122,-1.75,timeout,False,12,False
2026-01-22 14:38:00+00:00,1,0.597519040107727,-0.6499999999996362,timeout,False,12,False
2026-01-22 14:49:00+00:00,-1,0.582370400428772,5.0,trail_stop,True,10,True
2026-01-22 15:00:00+00:00,-1,0.6087762713432312,-11.079999999999927,timeout,False,12,False
2026-01-22 15:01:00+00:00,-1,0.6302830576896667,-7.1200000000008,timeout,False,12,False
2026-01-22 15:17:00+00:00,1,0.573158323764801,5.0,trail_stop,True,8,True
2026-01-22 15:46:00+00:00,1,0.5518553256988525,5.0,trail_stop,True,7,True
2026-01-22 15:51:00+00:00,1,0.5669919848442078,5.0,trail_stop,True,2,True
2026-01-22 15:52:00+00:00,1,0.5746403336524963,-0.5799999999999272,timeout,False,12,False
2026-01-22 17:08:00+00:00,-1,0.6394498944282532,-10.179999999999382,timeout,False,12,False
2026-01-22 17:09:00+00:00,-1,0.6684532165527344,-13.990000000000691,timeout,False,12,False
2026-01-22 17:13:00+00:00,1,0.5654736161231995,7.5,target_full,True,8,True
2026-01-22 17:42:00+00:00,1,0.5745882987976074,5.0,trail_stop,True,7,True
2026-01-22 23:11:00+00:00,-1,0.552924633026123,5.0,trail_stop,True,2,True
2026-01-22 23:45:00+00:00,1,0.5784990787506104,5.0,trail_stop,True,2,True
2026-01-22 23:47:00+00:00,1,0.6785805225372314,5.0,trail_stop,True,8,True
2026-01-22 23:55:00+00:00,1,0.5629680156707764,-1.889999999999418,timeout,False,12,False
2026-01-23 01:04:00+00:00,-1,0.5819057822227478,5.0,trail_stop,True,2,True
2026-01-23 01:05:00+00:00,1,0.6926898956298828,5.0,trail_stop,True,3,True
2026-01-23 01:08:00+00:00,1,0.6107689142227173,5.0,trail_stop,True,3,True
2026-01-23 01:15:00+00:00,1,0.581967294216156,-6.899999999999636,timeout,False,12,False
2026-01-23 08:27:00+00:00,-1,0.6378247737884521,-16.829999999999927,timeout,False,12,False
2026-01-23 08:36:00+00:00,1,0.5773564577102661,-5.699999999999818,timeout,False,12,False
2026-01-23 09:00:00+00:00,1,0.5733705163002014,-7.680000000000291,timeout,False,12,False
2026-01-23 09:32:00+00:00,1,0.620551347732544,5.0,trail_stop,True,12,True
2026-01-23 12:01:00+00:00,1,0.6204805374145508,5.0,trail_stop,True,4,True
2026-01-23 13:20:00+00:00,-1,0.570444643497467,5.0,trail_stop,True,3,True
2026-01-23 13:30:00+00:00,1,0.6266586184501648,-6.5,timeout,False,12,False
2026-01-23 13:31:00+00:00,1,0.6554931402206421,5.0,trail_stop,True,2,True
2026-01-23 13:32:00+00:00,1,0.5598084926605225,-5.449999999999818,timeout,False,12,False
2026-01-23 13:36:00+00:00,-1,0.6349649429321289,-7.880000000000109,timeout,False,12,False
2026-01-23 14:04:00+00:00,1,0.5748159289360046,5.0,trail_stop,True,6,True
2026-01-23 14:33:00+00:00,1,0.6044082045555115,5.0,trail_stop,True,5,True
2026-01-23 14:36:00+00:00,1,0.5744088888168335,5.0,trail_stop,True,10,True
2026-01-23 14:41:00+00:00,1,0.5930134654045105,5.0,trail_stop,True,7,True
2026-01-23 15:15:00+00:00,-1,0.5507079362869263,5.0,trail_stop,True,2,True
2026-01-23 15:30:00+00:00,1,0.6107461452484131,5.0,trail_stop,True,9,True
2026-01-23 15:50:00+00:00,-1,0.6876469254493713,-10.960000000000036,timeout,False,12,False
2026-01-23 16:09:00+00:00,1,0.5979579091072083,5.0,trail_stop,True,9,True
2026-01-23 16:45:00+00:00,-1,0.5951718688011169,-4.059999999999491,timeout,False,12,False
2026-01-23 16:47:00+00:00,-1,0.5623674392700195,-2.819999999999709,timeout,False,12,False
2026-01-23 16:50:00+00:00,1,0.5591596961021423,0.3100000000004002,timeout,False,12,True
2026-01-23 18:03:00+00:00,1,0.6031061410903931,5.0,trail_stop,True,9,True
2026-01-23 18:50:00+00:00,-1,0.5608206987380981,-10.859999999999673,timeout,False,12,False
2026-01-25 23:02:00+00:00,1,0.6119348406791687,-20.0,stop_loss,False,2,False
2026-01-25 23:06:00+00:00,-1,0.5971397757530212,5.0,trail_stop,True,2,True
2026-01-25 23:08:00+00:00,1,0.6012353897094727,5.0,trail_stop,True,2,True
2026-01-25 23:16:00+00:00,1,0.594244658946991,5.0,trail_stop,True,5,True
2026-01-25 23:19:00+00:00,1,0.597629725933075,-4.039999999999964,timeout,False,12,False
2026-01-25 23:24:00+00:00,-1,0.6867547631263733,5.0,trail_stop,True,2,True
2026-01-25 23:38:00+00:00,1,0.6529585719108582,5.0,trail_stop,True,8,True
2026-01-25 23:40:00+00:00,1,0.5678530335426331,5.0,trail_stop,True,6,True
2026-01-25 23:45:00+00:00,1,0.5834407806396484,5.0,trail_stop,True,2,True
2026-01-25 23:46:00+00:00,1,0.6026286482810974,5.0,trail_stop,True,8,True
2026-01-26 00:08:00+00:00,1,0.5534105896949768,-11.400000000000546,timeout,False,12,False
2026-01-26 01:04:00+00:00,1,0.6705228090286255,5.0,trail_stop,True,5,True
2026-01-26 01:05:00+00:00,1,0.7255203127861023,7.5,target_full,True,7,True
2026-01-26 01:09:00+00:00,1,0.6487679481506348,7.5,target_full,True,3,True
2026-01-26 01:11:00+00:00,1,0.5802984237670898,5.0,trail_stop,True,2,True
2026-01-26 01:18:00+00:00,1,0.5670463442802429,5.0,trail_stop,True,7,True
2026-01-26 01:34:00+00:00,1,0.567673921585083,-7.4099999999998545,timeout,False,12,False
2026-01-26 01:36:00+00:00,1,0.5906851291656494,-6.989999999999782,timeout,False,12,False
2026-01-26 01:41:00+00:00,1,0.5553749799728394,-2.519999999999527,timeout,False,12,False
2026-01-26 01:46:00+00:00,-1,0.5706222653388977,5.0,trail_stop,True,5,True
2026-01-26 01:51:00+00:00,-1,0.6648802757263184,-6.850000000000364,timeout,False,12,False
2026-01-26 01:52:00+00:00,-1,0.5899465680122375,5.0,trail_stop,True,7,True
2026-01-26 02:00:00+00:00,1,0.570553183555603,-1.0299999999997453,timeout,False,12,False
2026-01-26 02:10:00+00:00,1,0.5562684535980225,5.0,trail_stop,True,2,True
2026-01-26 02:21:00+00:00,1,0.6482468247413635,5.0,trail_stop,True,4,True
2026-01-26 02:22:00+00:00,1,0.5837356448173523,5.0,trail_stop,True,9,True
2026-01-26 05:05:00+00:00,-1,0.5591446757316589,5.0,trail_stop,True,7,True
2026-01-26 06:01:00+00:00,1,0.6104816198348999,-13.070000000000618,timeout,False,12,False
2026-01-26 06:02:00+00:00,1,0.5915128588676453,-9.170000000000073,timeout,False,12,False
2026-01-26 06:13:00+00:00,-1,0.66357421875,-4.0900000000001455,timeout,False,12,False
2026-01-26 06:42:00+00:00,1,0.5601069331169128,7.5,target_full,True,2,True
2026-01-26 06:51:00+00:00,-1,0.5530290007591248,5.0,trail_stop,True,3,True
2026-01-26 06:56:00+00:00,-1,0.5587369799613953,7.5,target_full,True,1,True
2026-01-26 06:58:00+00:00,-1,0.6240364909172058,5.0,trail_stop,True,3,True
2026-01-26 12:56:00+00:00,-1,0.6090126037597656,7.5,target_full,True,5,True
2026-01-26 13:02:00+00:00,-1,0.6058157682418823,-16.079999999999927,timeout,False,12,False
2026-01-26 13:06:00+00:00,1,0.6128376126289368,7.5,target_full,True,5,True
2026-01-26 13:10:00+00:00,1,0.5539626479148865,-10.680000000000291,timeout,False,12,False
2026-01-26 13:30:00+00:00,-1,0.7226471304893494,5.0,trail_stop,True,2,True
2026-01-26 13:32:00+00:00,-1,0.5763892531394958,-15.739999999999782,timeout,False,12,False
2026-01-26 14:00:00+00:00,-1,0.5699253678321838,-9.88000000000011,timeout,False,12,False
2026-01-26 14:27:00+00:00,1,0.5594806671142578,5.789999999999964,timeout,True,12,True
2026-01-26 14:37:00+00:00,1,0.5916264653205872,-4.680000000000291,timeout,False,12,False
2026-01-26 14:41:00+00:00,-1,0.5877443552017212,-9.94000000000051,timeout,False,12,False
2026-01-26 15:01:00+00:00,-1,0.5562086701393127,-6.789999999999964,timeout,False,12,False
2026-01-26 15:33:00+00:00,-1,0.5934305191040039,5.0,trail_stop,True,2,True
2026-01-26 15:35:00+00:00,-1,0.5748939514160156,5.0,trail_stop,True,6,True
2026-01-26 15:39:00+00:00,-1,0.5681575536727905,5.0,trail_stop,True,2,True
2026-01-26 15:41:00+00:00,-1,0.6054267883300781,-14.729999999999563,timeout,False,12,False
2026-01-26 15:46:00+00:00,1,0.634475827217102,5.0,trail_stop,True,7,True
2026-01-26 15:55:00+00:00,1,0.5741304159164429,5.0,trail_stop,True,8,True
2026-01-26 16:34:00+00:00,-1,0.5757256150245667,5.0,trail_stop,True,5,True
2026-01-26 16:38:00+00:00,-1,0.6461522579193115,-20.0,stop_loss,False,10,False
2026-01-26 16:40:00+00:00,-1,0.5500432252883911,-10.289999999999964,timeout,False,12,False
2026-01-26 17:12:00+00:00,1,0.5924765467643738,-7.350000000000364,timeout,False,12,False
2026-01-26 17:31:00+00:00,1,0.5968820452690125,7.5,target_full,True,10,True
2026-01-26 17:46:00+00:00,1,0.5817669034004211,-0.5500000000001819,timeout,False,12,False
2026-01-26 18:05:00+00:00,-1,0.5803686380386353,5.0,trail_stop,True,2,True
2026-01-26 18:13:00+00:00,-1,0.5585858821868896,-7.859999999999673,timeout,False,12,False
2026-01-26 18:15:00+00:00,1,0.5625765919685364,5.0,trail_stop,True,4,True
2026-01-26 18:24:00+00:00,1,0.6364921927452087,-20.0,stop_loss,False,10,False
2026-01-26 18:35:00+00:00,-1,0.5774940848350525,7.5,target_full,True,6,True
2026-01-26 18:36:00+00:00,1,0.5611178874969482,3.8499999999994543,timeout,False,12,True
2026-01-26 18:39:00+00:00,-1,0.6029495596885681,5.0,trail_stop,True,2,True
2026-01-26 18:48:00+00:00,1,0.621221125125885,5.0,trail_stop,True,2,True
2026-01-26 18:49:00+00:00,1,0.6323610544204712,-20.0,stop_loss,False,12,False
2026-01-26 18:51:00+00:00,1,0.5707593560218811,5.0,trail_stop,True,2,True
2026-01-26 18:52:00+00:00,1,0.590937077999115,-20.0,stop_loss,False,8,False
2026-01-26 18:56:00+00:00,-1,0.565156877040863,5.0,trail_stop,True,4,True
2026-01-26 18:57:00+00:00,-1,0.5521755814552307,7.5,target_full,True,3,True
2026-01-26 19:02:00+00:00,-1,0.6039249300956726,7.5,target_full,True,1,True
2026-01-26 19:03:00+00:00,-1,0.6418746113777161,-20.0,stop_loss,False,4,False
2026-01-26 19:04:00+00:00,-1,0.6021085977554321,1.3500000000003638,timeout,False,12,True
2026-01-26 19:12:00+00:00,1,0.6686041355133057,-20.0,stop_loss,False,6,False
2026-01-26 19:16:00+00:00,-1,0.5572912096977234,5.0,trail_stop,True,2,True
2026-01-26 19:21:00+00:00,-1,0.5671165585517883,5.0,trail_stop,True,3,True
2026-01-26 19:35:00+00:00,-1,0.6198221445083618,5.0,trail_stop,True,6,True
2026-01-26 19:37:00+00:00,-1,0.6423383951187134,5.0,trail_stop,True,5,True
2026-01-26 19:38:00+00:00,1,0.5851870775222778,-20.0,stop_loss,False,8,False
2026-01-26 19:39:00+00:00,1,0.6028717160224915,-20.0,stop_loss,False,8,False
2026-01-26 19:40:00+00:00,-1,0.5811053514480591,5.0,trail_stop,True,2,True
2026-01-26 19:46:00+00:00,-1,0.5615884065628052,7.5,target_full,True,1,True
2026-01-26 19:47:00+00:00,-1,0.5681132674217224,7.5,target_full,True,1,True
2026-01-26 19:51:00+00:00,1,0.638996422290802,5.0,trail_stop,True,5,True
2026-01-26 19:52:00+00:00,1,0.6976441144943237,5.0,trail_stop,True,4,True
2026-01-26 20:05:00+00:00,1,0.5863944888114929,5.0,trail_stop,True,6,True
2026-01-26 20:08:00+00:00,-1,0.6035653352737427,-10.589999999999236,timeout,False,12,False
2026-01-26 20:09:00+00:00,-1,0.6333778500556946,-8.649999999999636,timeout,False,12,False
2026-01-26 20:10:00+00:00,1,0.6157792806625366,5.0,trail_stop,True,2,True
2026-01-26 20:11:00+00:00,1,0.5751809477806091,-0.6900000000005093,timeout,False,12,False
2026-01-26 20:16:00+00:00,-1,0.5729538798332214,-12.710000000000036,timeout,False,12,False
2026-01-26 20:21:00+00:00,-1,0.553955078125,-8.140000000000327,timeout,False,12,False
2026-01-26 20:22:00+00:00,1,0.580155074596405,5.0,trail_stop,True,6,True
2026-01-26 20:24:00+00:00,1,0.559462308883667,5.0,trail_stop,True,4,True
2026-01-26 20:27:00+00:00,1,0.6458271741867065,5.0,trail_stop,True,3,True
2026-01-26 20:28:00+00:00,1,0.6616206169128418,5.0,trail_stop,True,3,True
2026-01-26 20:46:00+00:00,-1,0.5660369992256165,-10.38000000000011,timeout,False,12,False
2026-01-26 20:47:00+00:00,1,0.6113101243972778,7.5,target_full,True,5,True
2026-01-26 20:51:00+00:00,1,0.6527745127677917,5.0,trail_stop,True,4,True
2026-01-26 21:11:00+00:00,-1,0.5631760954856873,7.5,target_full,True,2,True
2026-01-26 21:22:00+00:00,-1,0.5595269203186035,5.0,trail_stop,True,10,True
2026-01-26 21:23:00+00:00,-1,0.5871855616569519,5.0,trail_stop,True,7,True
2026-01-26 21:37:00+00:00,-1,0.594732940196991,-13.829999999999927,timeout,False,12,False
2026-01-26 21:43:00+00:00,1,0.5814693570137024,5.0,trail_stop,True,5,True
2026-01-26 21:51:00+00:00,-1,0.5927959084510803,-20.0,stop_loss,False,8,False
2026-01-26 23:02:00+00:00,1,0.6131564378738403,7.5,target_full,True,1,True
2026-01-26 23:03:00+00:00,1,0.6105120778083801,5.0,trail_stop,True,2,True
2026-01-26 23:04:00+00:00,1,0.6697187423706055,5.0,trail_stop,True,9,True
2026-01-26 23:05:00+00:00,1,0.7511038780212402,5.0,trail_stop,True,3,True
2026-01-26 23:15:00+00:00,1,0.6257950663566589,5.0,trail_stop,True,4,True
2026-01-26 23:33:00+00:00,1,0.5814820528030396,5.0,trail_stop,True,6,True
2026-01-27 00:53:00+00:00,1,0.6041479110717773,5.0,trail_stop,True,2,True
2026-01-27 01:01:00+00:00,-1,0.6275306940078735,-20.0,stop_loss,False,3,False
2026-01-27 01:02:00+00:00,-1,0.6781952381134033,-20.0,stop_loss,False,3,False
2026-01-27 01:04:00+00:00,1,0.7744459509849548,7.5,target_full,True,1,True
2026-01-27 01:05:00+00:00,1,0.7212921977043152,5.0,trail_stop,True,3,True
2026-01-27 01:07:00+00:00,1,0.605851948261261,7.5,target_full,True,1,True
2026-01-27 01:08:00+00:00,1,0.5553585290908813,5.0,trail_stop,True,2,True
2026-01-27 01:13:00+00:00,1,0.5639767050743103,5.0,trail_stop,True,2,True
2026-01-27 01:14:00+00:00,1,0.6212954521179199,-4.930000000000291,timeout,False,12,False
2026-01-27 01:18:00+00:00,-1,0.5718468427658081,-1.4899999999997817,timeout,False,12,False
2026-01-27 01:25:00+00:00,-1,0.595097005367279,5.130000000000109,timeout,True,12,True
2026-01-27 01:33:00+00:00,-1,0.579876720905304,5.0,trail_stop,True,6,True
2026-01-27 01:43:00+00:00,1,0.6096600294113159,5.0,trail_stop,True,7,True
2026-01-27 02:04:00+00:00,1,0.5857114195823669,5.0,trail_stop,True,3,True
2026-01-27 02:15:00+00:00,1,0.5561648607254028,-1.0900000000001455,timeout,False,12,False
2026-01-27 05:31:00+00:00,1,0.5581110119819641,3.7600000000002183,timeout,False,12,True
2026-01-27 06:13:00+00:00,1,0.5547024607658386,5.0,trail_stop,True,11,True
2026-01-27 08:35:00+00:00,1,0.5932701230049133,0.9600000000000364,timeout,False,12,True
2026-01-27 12:30:00+00:00,1,0.5509781837463379,5.0,trail_stop,True,3,True
2026-01-27 12:32:00+00:00,1,0.6016159653663635,1.6300000000001091,timeout,False,12,True
2026-01-27 13:11:00+00:00,-1,0.5953765511512756,-1.6300000000001091,timeout,False,12,False
2026-01-27 13:33:00+00:00,-1,0.5544652342796326,5.0,trail_stop,True,2,True
2026-01-27 13:34:00+00:00,-1,0.5668761134147644,5.0,trail_stop,True,9,True
2026-01-27 13:45:00+00:00,1,0.6041895151138306,0.7100000000000364,timeout,False,12,True
2026-01-27 13:48:00+00:00,-1,0.6244231462478638,-1.300000000000182,timeout,False,12,False
2026-01-27 13:51:00+00:00,1,0.5863248109817505,5.0,trail_stop,True,3,True
2026-01-27 13:53:00+00:00,1,0.6035600900650024,-20.0,stop_loss,False,11,False
2026-01-27 14:05:00+00:00,-1,0.6644688248634338,7.5,target_full,True,10,True
2026-01-27 14:11:00+00:00,-1,0.5842319130897522,5.0,trail_stop,True,2,True
2026-01-27 14:13:00+00:00,-1,0.5548065900802612,7.5,target_full,True,2,True
2026-01-27 14:20:00+00:00,1,0.5691747069358826,5.0,trail_stop,True,5,True
2026-01-27 14:22:00+00:00,1,0.5756945610046387,5.0,trail_stop,True,8,True
2026-01-27 14:25:00+00:00,1,0.5759249925613403,5.0,trail_stop,True,7,True
2026-01-27 14:31:00+00:00,1,0.6656354069709778,5.0,trail_stop,True,2,True
2026-01-27 14:33:00+00:00,-1,0.6880003213882446,-9.729999999999563,timeout,False,12,False
2026-01-27 14:35:00+00:00,-1,0.5799475908279419,0.9600000000000364,timeout,False,12,True
2026-01-27 14:37:00+00:00,1,0.582944393157959,5.0,trail_stop,True,4,True
2026-01-27 14:39:00+00:00,-1,0.6467151641845703,5.0,trail_stop,True,10,True
2026-01-27 14:40:00+00:00,1,0.603049099445343,5.0,trail_stop,True,3,True
2026-01-27 14:41:00+00:00,1,0.5767823457717896,-20.0,stop_loss,False,9,False
2026-01-27 14:45:00+00:00,-1,0.6485030651092529,7.5,target_full,True,3,True
2026-01-27 14:49:00+00:00,-1,0.5508940815925598,5.0,trail_stop,True,2,True
2026-01-27 14:51:00+00:00,-1,0.6346805095672607,5.0,trail_stop,True,7,True
2026-01-27 14:55:00+00:00,-1,0.5818484425544739,5.0,trail_stop,True,3,True
2026-01-27 14:57:00+00:00,-1,0.6059396266937256,5.0,trail_stop,True,2,True
2026-01-27 15:00:00+00:00,-1,0.5980166792869568,-2.2899999999999636,timeout,False,12,False
2026-01-27 15:04:00+00:00,1,0.5504084229469299,5.0,trail_stop,True,2,True
2026-01-27 15:05:00+00:00,1,0.5736535787582397,5.0,trail_stop,True,11,True
2026-01-27 15:08:00+00:00,-1,0.5798630118370056,5.0,trail_stop,True,2,True
2026-01-27 15:12:00+00:00,-1,0.6141065359115601,5.0,trail_stop,True,2,True
2026-01-27 15:13:00+00:00,-1,0.5620222687721252,-20.0,stop_loss,False,4,False
2026-01-27 15:14:00+00:00,-1,0.5727450847625732,-14.1200000000008,timeout,False,12,False
2026-01-27 15:16:00+00:00,1,0.5936141014099121,5.0,trail_stop,True,3,True
2026-01-27 15:24:00+00:00,1,0.627124011516571,5.0,trail_stop,True,11,True
2026-01-27 15:25:00+00:00,-1,0.6268644332885742,-12.180000000000291,timeout,False,12,False
2026-01-27 15:30:00+00:00,1,0.6131380796432495,5.0,trail_stop,True,3,True
2026-01-27 15:59:00+00:00,1,0.6151275634765625,5.0,trail_stop,True,12,True
2026-01-27 20:06:00+00:00,1,0.594505250453949,5.0,trail_stop,True,2,True
2026-01-27 20:15:00+00:00,1,0.6235251426696777,7.5,target_full,True,4,True
2026-01-27 20:21:00+00:00,1,0.5893239378929138,5.0,trail_stop,True,2,True
2026-01-27 20:23:00+00:00,-1,0.7424467206001282,5.0,trail_stop,True,2,True
2026-01-27 20:33:00+00:00,-1,0.5833494067192078,-20.0,stop_loss,False,12,False
2026-01-27 20:34:00+00:00,1,0.5525452494621277,5.0,trail_stop,True,9,True
2026-01-27 20:43:00+00:00,1,0.5787631273269653,5.0,trail_stop,True,2,True
2026-01-27 20:47:00+00:00,1,0.5728069543838501,7.5,target_full,True,1,True
2026-01-27 20:49:00+00:00,1,0.663979709148407,7.5,target_full,True,3,True
2026-01-27 20:50:00+00:00,1,0.7547964453697205,7.5,target_full,True,2,True
2026-01-27 20:51:00+00:00,-1,0.609001636505127,-20.0,stop_loss,False,3,False
2026-01-27 20:53:00+00:00,1,0.5705568790435791,5.0,trail_stop,True,2,True
2026-01-27 20:56:00+00:00,-1,0.7680624127388,-11.75,timeout,False,12,False
2026-01-27 20:57:00+00:00,-1,0.7017272114753723,-5.699999999999818,timeout,False,12,False
2026-01-27 20:58:00+00:00,1,0.5529866218566895,5.0,trail_stop,True,2,True
2026-01-27 21:00:00+00:00,-1,0.5934041142463684,-1.2200000000002547,timeout,False,12,False
2026-01-27 21:01:00+00:00,-1,0.5506918430328369,-0.6799999999993815,timeout,False,12,False
2026-01-27 21:06:00+00:00,-1,0.5732442736625671,5.0,trail_stop,True,6,True
2026-01-27 21:07:00+00:00,-1,0.5758261680603027,-2.8200000000006185,timeout,False,12,False
2026-01-27 21:09:00+00:00,1,0.6220489144325256,5.0,trail_stop,True,2,True
2026-01-27 21:12:00+00:00,-1,0.7052114605903625,3.8150000000000546,timeout,True,12,True
2026-01-27 21:14:00+00:00,-1,0.6628867387771606,5.0,trail_stop,True,11,True
2026-01-27 21:26:00+00:00,1,0.6159368753433228,4.100000000000364,timeout,False,12,True
2026-01-27 21:47:00+00:00,1,0.5830243229866028,-20.0,stop_loss,False,12,False
2026-01-27 21:50:00+00:00,-1,0.6719293594360352,5.0,trail_stop,True,2,True
2026-01-27 23:02:00+00:00,1,0.5850372314453125,-12.359999999999673,timeout,False,12,False
2026-01-27 23:13:00+00:00,-1,0.5705024600028992,5.0,trail_stop,True,10,True
2026-01-28 01:02:00+00:00,1,0.6052754521369934,5.0,trail_stop,True,2,True
2026-01-28 01:09:00+00:00,1,0.566041111946106,-20.0,stop_loss,False,1,False
2026-01-28 01:10:00+00:00,-1,0.8414328694343567,7.5,target_full,True,1,True
2026-01-28 01:11:00+00:00,-1,0.5558481812477112,-15.079999999999927,timeout,False,12,False
2026-01-28 01:12:00+00:00,-1,0.6016349196434021,-4.75,timeout,False,12,False
2026-01-28 01:14:00+00:00,1,0.6862707138061523,-2.3100000000004,timeout,False,12,False
2026-01-28 01:17:00+00:00,-1,0.598304033279419,-4.4099999999998545,timeout,False,12,False
2026-01-28 01:19:00+00:00,-1,0.5620810985565186,-9.479999999999563,timeout,False,12,False
2026-01-28 01:20:00+00:00,1,0.5605628490447998,5.0,trail_stop,True,9,True
2026-01-28 01:30:00+00:00,1,0.669215977191925,7.5,target_full,True,6,True
2026-01-28 01:44:00+00:00,1,0.5590077042579651,5.0,trail_stop,True,2,True
2026-01-28 01:50:00+00:00,1,0.5910579562187195,-20.0,stop_loss,False,9,False
2026-01-28 01:51:00+00:00,-1,0.6134667992591858,5.0,trail_stop,True,4,True
2026-01-28 01:59:00+00:00,-1,0.6378573775291443,-4.269999999999527,timeout,False,12,False
2026-01-28 02:10:00+00:00,-1,0.5797939896583557,-10.3100000000004,timeout,False,12,False
2026-01-28 02:12:00+00:00,-1,0.576060950756073,-8.089999999999236,timeout,False,12,False
2026-01-28 02:32:00+00:00,1,0.6176594495773315,-7.960000000000036,timeout,False,12,False
2026-01-28 05:04:00+00:00,1,0.5699058771133423,5.0,trail_stop,True,3,True
2026-01-28 05:41:00+00:00,1,0.5879116654396057,-7.319999999999709,timeout,False,12,False
2026-01-28 07:25:00+00:00,1,0.5500831604003906,-5.020000000000437,timeout,False,12,False
2026-01-28 07:49:00+00:00,1,0.5671634674072266,5.0,trail_stop,True,12,True
2026-01-28 08:32:00+00:00,1,0.6820162534713745,-20.0,stop_loss,False,11,False
2026-01-28 08:45:00+00:00,-1,0.6297580003738403,-12.020000000000437,timeout,False,12,False
2026-01-28 09:12:00+00:00,-1,0.5922996997833252,5.0,trail_stop,True,3,True
2026-01-28 09:25:00+00:00,1,0.6041247248649597,5.0,trail_stop,True,3,True
2026-01-28 09:28:00+00:00,1,0.5894814133644104,-4.9399999999996,timeout,False,12,False
2026-01-28 09:32:00+00:00,-1,0.6306731700897217,7.5,target_full,True,11,True
2026-01-28 11:04:00+00:00,-1,0.6678564548492432,5.0,trail_stop,True,2,True
2026-01-28 11:07:00+00:00,1,0.6470067501068115,5.0,trail_stop,True,3,True
2026-01-28 11:16:00+00:00,-1,0.6502954363822937,5.0,trail_stop,True,5,True
2026-01-28 11:21:00+00:00,-1,0.6581411361694336,-7.470000000000255,timeout,False,12,False
2026-01-28 12:21:00+00:00,1,0.6278215646743774,-2.5999999999994543,timeout,False,12,False
2026-01-28 13:02:00+00:00,1,0.5516380667686462,5.0,trail_stop,True,2,True
2026-01-28 13:13:00+00:00,-1,0.6566734910011292,-5.869999999999891,timeout,False,12,False
2026-01-28 13:42:00+00:00,-1,0.5865253806114197,-5.819999999999709,timeout,False,12,False
2026-01-28 14:06:00+00:00,-1,0.6405987739562988,-15.039999999999964,timeout,False,12,False
2026-01-28 14:10:00+00:00,1,0.5882298350334167,5.0,trail_stop,True,11,True
2026-01-28 14:12:00+00:00,1,0.6292287111282349,5.0,trail_stop,True,11,True
2026-01-28 14:27:00+00:00,-1,0.5850287675857544,5.0,trail_stop,True,3,True
2026-01-28 14:29:00+00:00,-1,0.5729564428329468,5.0,trail_stop,True,2,True
2026-01-28 14:32:00+00:00,-1,0.5549473166465759,-20.0,stop_loss,False,2,False
2026-01-28 14:36:00+00:00,1,0.6366645693778992,5.0,trail_stop,True,3,True
2026-01-28 14:40:00+00:00,1,0.6478950381278992,5.0,trail_stop,True,2,True
2026-01-28 14:45:00+00:00,-1,0.691107451915741,5.0,trail_stop,True,9,True
2026-01-28 14:52:00+00:00,-1,0.6073628664016724,5.0,trail_stop,True,2,True
2026-01-28 14:55:00+00:00,1,0.6811116337776184,7.5,target_full,True,3,True
2026-01-28 14:58:00+00:00,1,0.6032677888870239,7.5,target_full,True,3,True
2026-01-28 15:04:00+00:00,-1,0.5550382137298584,7.5,target_full,True,2,True
2026-01-28 15:07:00+00:00,-1,0.7992071509361267,7.5,target_full,True,1,True
2026-01-28 15:08:00+00:00,-1,0.6512495875358582,7.5,target_full,True,1,True
2026-01-28 15:09:00+00:00,-1,0.7701930999755859,-20.0,stop_loss,False,5,False
2026-01-28 15:10:00+00:00,-1,0.6271467208862305,-20.0,stop_loss,False,12,False
2026-01-28 15:12:00+00:00,1,0.756741464138031,5.0,trail_stop,True,3,True
2026-01-28 15:15:00+00:00,1,0.5922816395759583,5.0,trail_stop,True,5,True
2026-01-28 15:16:00+00:00,1,0.6186153888702393,5.0,trail_stop,True,5,True
2026-01-28 15:17:00+00:00,-1,0.594490647315979,-20.0,stop_loss,False,3,False
2026-01-28 15:18:00+00:00,-1,0.7763156890869141,-16.960000000000036,timeout,False,12,False
2026-01-28 15:20:00+00:00,1,0.7846623063087463,7.5,target_full,True,2,True
2026-01-28 15:22:00+00:00,1,0.6182237267494202,7.5,target_full,True,1,True
2026-01-28 15:24:00+00:00,1,0.6671643257141113,5.0,trail_stop,True,6,True
2026-01-28 15:26:00+00:00,-1,0.6792155504226685,5.0,trail_stop,True,2,True
2026-01-28 15:27:00+00:00,-1,0.6859860420227051,-18.11999999999989,timeout,False,12,False
2026-01-28 15:36:00+00:00,1,0.6853371858596802,5.0,trail_stop,True,4,True
2026-01-28 15:40:00+00:00,1,0.6541832685470581,-8.979999999999563,timeout,False,12,False
2026-01-28 15:50:00+00:00,-1,0.6216222047805786,-6.140000000000327,timeout,False,12,False
2026-01-28 15:54:00+00:00,1,0.646993100643158,5.0,trail_stop,True,3,True
2026-01-28 16:04:00+00:00,1,0.6182903051376343,5.0,trail_stop,True,4,True
2026-01-28 16:07:00+00:00,1,0.5665357708930969,5.0,trail_stop,True,9,True
2026-01-28 16:09:00+00:00,1,0.6107698082923889,5.0,trail_stop,True,6,True
2026-01-28 16:15:00+00:00,1,0.6233681440353394,-0.6400000000003274,timeout,False,12,False
2026-01-28 16:33:00+00:00,-1,0.6240386962890625,-13.979999999999563,timeout,False,12,False
2026-01-28 16:35:00+00:00,-1,0.6722912788391113,-13.699999999999818,timeout,False,12,False
2026-01-28 16:37:00+00:00,1,0.6230239868164062,7.5,target_full,True,8,True
2026-01-28 16:45:00+00:00,1,0.577507734298706,5.0,trail_stop,True,2,True
2026-01-28 16:48:00+00:00,1,0.607327401638031,7.5,target_full,True,12,True
2026-01-28 17:39:00+00:00,-1,0.6255460977554321,-14.409999999999854,timeout,False,12,False
2026-01-28 17:40:00+00:00,-1,0.5802068710327148,-10.520000000000437,timeout,False,12,False
2026-01-28 17:50:00+00:00,1,0.6683323383331299,5.0,trail_stop,True,2,True
2026-01-28 17:51:00+00:00,1,0.5527482032775879,5.0,trail_stop,True,6,True
2026-01-28 18:07:00+00:00,1,0.6019344925880432,7.5,target_full,True,12,True
2026-01-28 18:09:00+00:00,1,0.5971596240997314,5.0,trail_stop,True,9,True
2026-01-28 18:11:00+00:00,-1,0.5860930681228638,-20.0,stop_loss,False,9,False
2026-01-28 18:18:00+00:00,1,0.5980111360549927,5.0,trail_stop,True,2,True
2026-01-28 18:30:00+00:00,-1,0.6066035032272339,7.5,target_full,True,1,True
2026-01-28 18:31:00+00:00,-1,0.6532297730445862,5.0,trail_stop,True,5,True
2026-01-28 18:32:00+00:00,-1,0.7279694080352783,7.5,target_full,True,6,True
2026-01-28 18:33:00+00:00,-1,0.6401281952857971,5.0,trail_stop,True,2,True
2026-01-28 18:35:00+00:00,1,0.6734431982040405,5.0,trail_stop,True,2,True
2026-01-28 18:38:00+00:00,-1,0.5796321630477905,-2.0999999999994543,timeout,False,12,False
2026-01-28 18:41:00+00:00,1,0.6262721419334412,5.0,trail_stop,True,2,True
2026-01-28 18:49:00+00:00,1,0.5789493322372437,5.0,trail_stop,True,10,True
2026-01-28 18:50:00+00:00,1,0.585172176361084,5.0,trail_stop,True,10,True
2026-01-28 18:51:00+00:00,1,0.6243154406547546,5.0,trail_stop,True,5,True
2026-01-28 18:55:00+00:00,1,0.6200218796730042,7.5,target_full,True,4,True
2026-01-28 18:57:00+00:00,1,0.5649858117103577,5.0,trail_stop,True,2,True
2026-01-28 18:59:00+00:00,1,0.5883347392082214,5.0,trail_stop,True,2,True
2026-01-28 19:01:00+00:00,-1,0.8222682476043701,-20.0,stop_loss,False,10,False
2026-01-28 19:03:00+00:00,-1,0.8064122200012207,-20.0,stop_loss,False,10,False
2026-01-28 19:08:00+00:00,1,0.5575475096702576,5.0,trail_stop,True,2,True
2026-01-28 19:11:00+00:00,1,0.5807479619979858,5.0,trail_stop,True,2,True
2026-01-28 19:12:00+00:00,1,0.5517207980155945,7.5,target_full,True,2,True
2026-01-28 19:14:00+00:00,1,0.550164520740509,-6.899999999999636,timeout,False,12,False
2026-01-28 19:18:00+00:00,-1,0.6655535697937012,5.0,trail_stop,True,4,True
2026-01-28 19:20:00+00:00,1,0.5541128516197205,-8.0,timeout,False,12,False
2026-01-28 19:21:00+00:00,-1,0.6002258062362671,5.0,trail_stop,True,5,True
2026-01-28 19:23:00+00:00,-1,0.6059170961380005,5.0,trail_stop,True,2,True
2026-01-28 19:25:00+00:00,-1,0.6301054954528809,5.0,trail_stop,True,2,True
2026-01-28 19:27:00+00:00,-1,0.6361756324768066,5.0,trail_stop,True,2,True
2026-01-28 19:29:00+00:00,-1,0.555153489112854,-20.0,stop_loss,False,7,False
2026-01-28 19:35:00+00:00,1,0.6014617085456848,5.0,trail_stop,True,2,True
2026-01-28 19:39:00+00:00,1,0.5886269211769104,5.0,trail_stop,True,2,True
2026-01-28 19:42:00+00:00,1,0.6371302008628845,5.0,trail_stop,True,2,True
2026-01-28 19:51:00+00:00,-1,0.5984312891960144,-20.0,stop_loss,False,8,False
2026-01-28 19:53:00+00:00,-1,0.5623685717582703,-20.0,stop_loss,False,3,False
2026-01-28 19:54:00+00:00,1,0.5871409177780151,7.5,target_full,True,2,True
2026-01-28 19:59:00+00:00,1,0.5504310727119446,7.5,target_full,True,1,True
2026-01-28 20:02:00+00:00,1,0.6115395426750183,7.5,target_full,True,3,True
2026-01-28 20:03:00+00:00,-1,0.6123443841934204,5.0,trail_stop,True,6,True
2026-01-28 20:06:00+00:00,1,0.6389221549034119,1.5799999999999272,timeout,False,12,True
2026-01-28 20:07:00+00:00,-1,0.6301888823509216,5.0,trail_stop,True,2,True
2026-01-28 20:08:00+00:00,-1,0.609930694103241,5.0,trail_stop,True,7,True
2026-01-28 20:09:00+00:00,-1,0.5839978456497192,5.0,trail_stop,True,3,True
2026-01-28 20:12:00+00:00,-1,0.6062056422233582,5.0,trail_stop,True,3,True
2026-01-28 20:19:00+00:00,1,0.5893722176551819,5.0,trail_stop,True,6,True
2026-01-28 20:20:00+00:00,1,0.5885394215583801,5.0,trail_stop,True,3,True
2026-01-28 20:23:00+00:00,1,0.6456215977668762,5.0,trail_stop,True,2,True
2026-01-28 20:35:00+00:00,1,0.603818953037262,5.0,trail_stop,True,2,True
2026-01-28 20:36:00+00:00,1,0.5819547772407532,5.0,trail_stop,True,2,True
2026-01-28 20:43:00+00:00,1,0.6312233209609985,5.0,trail_stop,True,2,True
2026-01-28 20:44:00+00:00,-1,0.5666251182556152,5.0,trail_stop,True,2,True
2026-01-28 20:48:00+00:00,1,0.6313460469245911,-20.0,stop_loss,False,5,False
2026-01-28 20:57:00+00:00,1,0.5688630938529968,5.0,trail_stop,True,2,True
2026-01-28 21:01:00+00:00,1,0.6724859476089478,5.0,trail_stop,True,2,True
2026-01-28 21:07:00+00:00,1,0.6121390461921692,-4.25,timeout,False,12,False
2026-01-28 21:17:00+00:00,-1,0.6304373145103455,4.5,timeout,True,12,True
2026-01-28 21:48:00+00:00,1,0.7275488376617432,7.5,target_full,True,5,True
2026-01-28 21:50:00+00:00,1,0.7084036469459534,7.5,target_full,True,2,True
2026-01-28 21:52:00+00:00,1,0.6546928286552429,7.5,target_full,True,2,True
2026-01-28 23:01:00+00:00,1,0.7885316610336304,-20.0,stop_loss,False,3,False
2026-01-28 23:02:00+00:00,1,0.8101221323013306,5.0,trail_stop,True,5,True
2026-01-28 23:11:00+00:00,1,0.5514800548553467,7.5,target_full,True,1,True
2026-01-28 23:15:00+00:00,1,0.5556036829948425,7.5,target_full,True,1,True
2026-01-28 23:20:00+00:00,1,0.6061373949050903,5.0,trail_stop,True,3,True
2026-01-28 23:22:00+00:00,-1,0.7242192625999451,-20.0,stop_loss,False,12,False
2026-01-28 23:24:00+00:00,1,0.5650162696838379,5.0,trail_stop,True,2,True
2026-01-28 23:28:00+00:00,1,0.5684558749198914,7.5,target_full,True,1,True
2026-01-28 23:30:00+00:00,1,0.5556673407554626,5.0,trail_stop,True,4,True
2026-01-28 23:33:00+00:00,1,0.596613347530365,7.5,target_full,True,1,True
2026-01-28 23:34:00+00:00,1,0.6084626317024231,7.5,target_full,True,1,True
2026-01-28 23:37:00+00:00,1,0.7728517055511475,7.5,target_full,True,1,True
2026-01-28 23:38:00+00:00,1,0.8008097410202026,7.5,target_full,True,1,True
2026-01-28 23:39:00+00:00,1,0.710861325263977,-20.0,stop_loss,False,1,False
2026-01-28 23:40:00+00:00,1,0.8466922640800476,-20.0,stop_loss,False,1,False
2026-01-28 23:42:00+00:00,-1,0.6085271835327148,7.5,target_full,True,1,True
2026-01-28 23:44:00+00:00,-1,0.5751650333404541,7.5,target_full,True,1,True
2026-01-28 23:45:00+00:00,-1,0.6239885091781616,7.5,target_full,True,1,True
2026-01-28 23:49:00+00:00,-1,0.8405142426490784,7.5,target_full,True,4,True
2026-01-28 23:50:00+00:00,-1,0.6832578182220459,5.0,trail_stop,True,2,True
2026-01-28 23:51:00+00:00,-1,0.7276793718338013,7.5,target_full,True,2,True
2026-01-28 23:54:00+00:00,-1,0.5927999019622803,-20.0,stop_loss,False,1,False
2026-01-28 23:56:00+00:00,1,0.7675101161003113,5.0,trail_stop,True,2,True
2026-01-28 23:57:00+00:00,1,0.7174665927886963,-20.0,stop_loss,False,2,False
2026-01-28 23:59:00+00:00,-1,0.6502588987350464,7.5,target_full,True,1,True
2026-01-29 00:00:00+00:00,-1,0.6648030281066895,7.5,target_full,True,1,True
2026-01-29 00:02:00+00:00,-1,0.7806633114814758,5.0,trail_stop,True,2,True
2026-01-29 00:03:00+00:00,1,0.7166110873222351,7.5,target_full,True,3,True
2026-01-29 00:04:00+00:00,1,0.6940948367118835,7.5,target_full,True,1,True
2026-01-29 00:06:00+00:00,1,0.7772142887115479,7.5,target_full,True,1,True
2026-01-29 00:07:00+00:00,1,0.6669424176216125,5.0,trail_stop,True,2,True
2026-01-29 00:08:00+00:00,1,0.6428229212760925,5.0,trail_stop,True,4,True
2026-01-29 00:11:00+00:00,1,0.7050341963768005,-20.0,stop_loss,False,2,False
2026-01-29 00:12:00+00:00,-1,0.7002952098846436,7.5,target_full,True,1,True
2026-01-29 00:17:00+00:00,-1,0.5613083243370056,7.5,target_full,True,2,True
2026-01-29 00:23:00+00:00,1,0.606529951095581,7.5,target_full,True,1,True
2026-01-29 00:28:00+00:00,1,0.6544454097747803,7.5,target_full,True,4,True
2026-01-29 00:33:00+00:00,1,0.5566438436508179,7.5,target_full,True,1,True
2026-01-29 00:38:00+00:00,-1,0.6230860948562622,7.5,target_full,True,3,True
2026-01-29 00:39:00+00:00,-1,0.6415121555328369,7.5,target_full,True,1,True
2026-01-29 00:41:00+00:00,-1,0.5990883111953735,7.5,target_full,True,1,True
2026-01-29 00:42:00+00:00,-1,0.7656259536743164,-20.0,stop_loss,False,4,False
2026-01-29 00:43:00+00:00,-1,0.8919612169265747,5.0,trail_stop,True,6,True
2026-01-29 00:55:00+00:00,-1,0.5813001394271851,5.0,trail_stop,True,3,True
2026-01-29 00:58:00+00:00,-1,0.6229798793792725,7.5,target_full,True,1,True
2026-01-29 00:59:00+00:00,1,0.6157063245773315,-20.0,stop_loss,False,1,False
2026-01-29 01:00:00+00:00,-1,0.7458910942077637,7.5,target_full,True,1,True
2026-01-29 01:01:00+00:00,-1,0.7700147032737732,7.5,target_full,True,1,True
2026-01-29 01:02:00+00:00,-1,0.6382220983505249,7.5,target_full,True,1,True
2026-01-29 01:03:00+00:00,-1,0.76430743932724,7.5,target_full,True,1,True
2026-01-29 01:05:00+00:00,-1,0.748913586139679,5.0,trail_stop,True,2,True
2026-01-29 01:09:00+00:00,-1,0.653590202331543,-20.0,stop_loss,False,1,False
2026-01-29 01:10:00+00:00,-1,0.773576021194458,-20.0,stop_loss,False,3,False
2026-01-29 01:12:00+00:00,1,0.6861469149589539,7.5,target_full,True,2,True
2026-01-29 01:15:00+00:00,1,0.6787243485450745,5.0,trail_stop,True,4,True
2026-01-29 01:16:00+00:00,1,0.7128674387931824,7.5,target_full,True,2,True
2026-01-29 01:19:00+00:00,1,0.7741397023200989,5.0,trail_stop,True,4,True
2026-01-29 01:20:00+00:00,1,0.6028729677200317,7.5,target_full,True,2,True
2026-01-29 01:21:00+00:00,1,0.6161504983901978,7.5,target_full,True,1,True
2026-01-29 01:22:00+00:00,-1,0.6166369318962097,-20.0,stop_loss,False,7,False
2026-01-29 01:23:00+00:00,1,0.7210693359375,5.0,trail_stop,True,3,True
2026-01-29 01:25:00+00:00,1,0.6722558736801147,5.0,trail_stop,True,5,True
2026-01-29 01:26:00+00:00,-1,0.652392566204071,-20.0,stop_loss,False,9,False
2026-01-29 01:27:00+00:00,1,0.6359992623329163,5.0,trail_stop,True,3,True
2026-01-29 01:28:00+00:00,-1,0.6288093328475952,-20.0,stop_loss,False,4,False
2026-01-29 01:29:00+00:00,1,0.555171549320221,7.5,target_full,True,2,True
2026-01-29 01:30:00+00:00,1,0.5849549174308777,5.0,trail_stop,True,2,True
2026-01-29 01:33:00+00:00,1,0.5913925766944885,5.0,trail_stop,True,3,True
2026-01-29 01:36:00+00:00,1,0.5845400094985962,7.5,target_full,True,3,True
2026-01-29 01:38:00+00:00,-1,0.6412696838378906,-20.0,stop_loss,False,1,False
2026-01-29 01:42:00+00:00,1,0.5970693230628967,-20.0,stop_loss,False,2,False
2026-01-29 01:43:00+00:00,1,0.8477365970611572,5.0,trail_stop,True,2,True
2026-01-29 01:45:00+00:00,-1,0.8223369121551514,-20.0,stop_loss,False,6,False
2026-01-29 01:46:00+00:00,-1,0.6822763085365295,5.0,trail_stop,True,10,True
2026-01-29 01:49:00+00:00,1,0.8183761835098267,7.5,target_full,True,2,True
2026-01-29 01:50:00+00:00,1,0.5786860585212708,5.0,trail_stop,True,2,True
2026-01-29 01:51:00+00:00,1,0.5814259648323059,-20.0,stop_loss,False,10,False
2026-01-29 01:57:00+00:00,-1,0.6401807069778442,7.5,target_full,True,3,True
2026-01-29 01:58:00+00:00,1,0.554527997970581,-20.0,stop_loss,False,3,False
2026-01-29 02:00:00+00:00,1,0.5853634476661682,-20.0,stop_loss,False,1,False
2026-01-29 02:01:00+00:00,-1,0.7168790698051453,7.5,target_full,True,1,True
2026-01-29 02:02:00+00:00,-1,0.5863662958145142,-20.0,stop_loss,False,4,False
2026-01-29 02:03:00+00:00,-1,0.7544582486152649,5.0,trail_stop,True,5,True
2026-01-29 02:07:00+00:00,1,0.6885321140289307,5.0,trail_stop,True,5,True
2026-01-29 02:09:00+00:00,-1,0.5631076097488403,-20.0,stop_loss,False,3,False
2026-01-29 02:10:00+00:00,-1,0.6737329959869385,5.0,trail_stop,True,4,True
2026-01-29 02:11:00+00:00,1,0.674236536026001,5.0,trail_stop,True,2,True
2026-01-29 02:13:00+00:00,1,0.6453262567520142,-3.0399999999999636,timeout,False,12,False
2026-01-29 02:14:00+00:00,-1,0.591713547706604,5.0,trail_stop,True,2,True
2026-01-29 02:23:00+00:00,1,0.6055307984352112,5.0,trail_stop,True,3,True
2026-01-29 02:32:00+00:00,1,0.5776390433311462,7.5,target_full,True,3,True
2026-01-29 02:34:00+00:00,1,0.5849913954734802,7.5,target_full,True,1,True
2026-01-29 02:41:00+00:00,-1,0.5780305862426758,-20.0,stop_loss,False,8,False
2026-01-29 02:43:00+00:00,-1,0.5570122003555298,5.0,trail_stop,True,2,True
2026-01-29 02:45:00+00:00,1,0.6346895694732666,5.0,trail_stop,True,2,True
2026-01-29 02:47:00+00:00,1,0.5657712817192078,5.0,trail_stop,True,2,True
2026-01-29 02:53:00+00:00,-1,0.6903497576713562,7.5,target_full,True,9,True
2026-01-29 02:57:00+00:00,1,0.6408645510673523,7.5,target_full,True,3,True
2026-01-29 03:01:00+00:00,1,0.5680123567581177,-20.0,stop_loss,False,1,False
2026-01-29 03:02:00+00:00,1,0.6267797946929932,-20.0,stop_loss,False,1,False
2026-01-29 03:03:00+00:00,-1,0.7973617911338806,5.0,trail_stop,True,2,True
2026-01-29 03:05:00+00:00,-1,0.6925327777862549,-6.0,timeout,False,12,False
2026-01-29 03:11:00+00:00,1,0.5581763982772827,7.5,target_full,True,2,True
2026-01-29 03:13:00+00:00,1,0.6119310855865479,-5.140000000000327,timeout,False,12,False
2026-01-29 03:17:00+00:00,-1,0.6353154182434082,5.0,trail_stop,True,5,True
2026-01-29 03:20:00+00:00,-1,0.5732269883155823,-2.4700000000002547,timeout,False,12,False
2026-01-29 03:28:00+00:00,-1,0.6164296865463257,5.0,trail_stop,True,10,True
2026-01-29 03:29:00+00:00,-1,0.5944362282752991,-2.619999999999891,timeout,False,12,False
2026-01-29 03:43:00+00:00,1,0.5829528570175171,5.0,trail_stop,True,3,True
2026-01-29 03:46:00+00:00,1,0.5601356029510498,5.0,trail_stop,True,2,True
2026-01-29 03:51:00+00:00,1,0.5945329666137695,5.0,trail_stop,True,5,True
2026-01-29 04:33:00+00:00,1,0.550753653049469,5.0,trail_stop,True,2,True
2026-01-29 04:58:00+00:00,1,0.6524894833564758,-6.359999999999673,timeout,False,12,False
2026-01-29 05:01:00+00:00,-1,0.6263901591300964,-8.1299999999992,timeout,False,12,False
2026-01-29 05:23:00+00:00,-1,0.5653524398803711,-20.0,stop_loss,False,5,False
2026-01-29 05:25:00+00:00,1,0.6911699175834656,5.0,trail_stop,True,2,True
2026-01-29 05:29:00+00:00,1,0.5991523265838623,7.5,target_full,True,1,True
2026-01-29 05:32:00+00:00,1,0.5726572275161743,1.2200000000002547,timeout,False,12,True
2026-01-29 05:34:00+00:00,-1,0.5759598612785339,-9.260000000000218,timeout,False,12,False
2026-01-29 05:39:00+00:00,1,0.5969111919403076,5.0,trail_stop,True,10,True
2026-01-29 05:40:00+00:00,-1,0.6266433596611023,-11.610000000000582,timeout,False,12,False
2026-01-29 05:41:00+00:00,1,0.5889681577682495,5.0,trail_stop,True,5,True
2026-01-29 05:44:00+00:00,1,0.6123132109642029,5.0,trail_stop,True,2,True
2026-01-29 05:54:00+00:00,1,0.6689842343330383,5.0,trail_stop,True,2,True
2026-01-29 05:55:00+00:00,1,0.5939815044403076,5.0,trail_stop,True,4,True
2026-01-29 06:03:00+00:00,1,0.5720862150192261,7.5,target_full,True,1,True
2026-01-29 06:08:00+00:00,-1,0.5964415669441223,5.0,trail_stop,True,9,True
2026-01-29 06:12:00+00:00,-1,0.583888590335846,5.0,trail_stop,True,3,True
2026-01-29 06:17:00+00:00,-1,0.6521356701850891,-7.690000000000509,timeout,False,12,False
2026-01-29 06:18:00+00:00,1,0.5776363015174866,7.5,target_full,True,3,True
2026-01-29 06:19:00+00:00,-1,0.6061671376228333,-1.069999999999709,timeout,False,12,False
2026-01-29 06:23:00+00:00,1,0.6249472498893738,-9.489999999999782,timeout,False,12,False
2026-01-29 06:24:00+00:00,-1,0.6097117066383362,5.0,trail_stop,True,5,True
2026-01-29 06:31:00+00:00,-1,0.5780692100524902,-0.36999999999989086,timeout,False,12,False
2026-01-29 06:35:00+00:00,1,0.6328350305557251,-20.0,stop_loss,False,11,False
2026-01-29 06:46:00+00:00,-1,0.6078637838363647,5.0,trail_stop,True,2,True
2026-01-29 06:47:00+00:00,-1,0.5802277326583862,5.0,trail_stop,True,11,True
2026-01-29 06:49:00+00:00,1,0.5762109756469727,0.23999999999978172,timeout,False,12,True
2026-01-29 06:50:00+00:00,1,0.6167017817497253,5.0,trail_stop,True,2,True
2026-01-29 06:54:00+00:00,-1,0.601081907749176,5.0,trail_stop,True,3,True
2026-01-29 06:56:00+00:00,-1,0.5937209725379944,5.0,trail_stop,True,2,True
2026-01-29 07:04:00+00:00,-1,0.5831224918365479,5.0,trail_stop,True,9,True
2026-01-29 07:08:00+00:00,-1,0.5650950074195862,5.0,trail_stop,True,6,True
2026-01-29 07:16:00+00:00,-1,0.6151036620140076,5.0,trail_stop,True,11,True
2026-01-29 07:23:00+00:00,-1,0.6607632040977478,5.0,trail_stop,True,4,True
2026-01-29 07:28:00+00:00,-1,0.6004199981689453,-13.050000000000182,timeout,False,12,False
2026-01-29 07:29:00+00:00,-1,0.5522087216377258,-9.539999999999964,timeout,False,12,False
2026-01-29 07:39:00+00:00,-1,0.6511183381080627,-7.180000000000291,timeout,False,12,False
2026-01-29 07:40:00+00:00,-1,0.603148341178894,-0.7799999999997453,timeout,False,12,False
2026-01-29 08:01:00+00:00,-1,0.5731198191642761,7.5,target_full,True,2,True
2026-01-29 08:02:00+00:00,-1,0.5946006178855896,7.5,target_full,True,1,True
2026-01-29 08:08:00+00:00,1,0.5733811259269714,5.0,trail_stop,True,2,True
2026-01-29 08:15:00+00:00,1,0.6610191464424133,-17.470000000000255,timeout,False,12,False
2026-01-29 08:17:00+00:00,-1,0.5535091757774353,5.0,trail_stop,True,2,True
2026-01-29 08:22:00+00:00,1,0.6112548112869263,-20.0,stop_loss,False,8,False
2026-01-29 08:23:00+00:00,-1,0.5956971049308777,5.0,trail_stop,True,2,True
2026-01-29 08:24:00+00:00,-1,0.6202602386474609,5.0,trail_stop,True,3,True
2026-01-29 08:29:00+00:00,1,0.6351497173309326,-20.0,stop_loss,False,11,False
2026-01-29 08:31:00+00:00,-1,0.573948323726654,5.0,trail_stop,True,8,True
2026-01-29 08:37:00+00:00,-1,0.5567380785942078,5.0,trail_stop,True,2,True
2026-01-29 08:39:00+00:00,-1,0.5707764029502869,7.5,target_full,True,3,True
2026-01-29 08:43:00+00:00,-1,0.8754319548606873,7.5,target_full,True,1,True
2026-01-29 08:44:00+00:00,-1,0.7467992901802063,-20.0,stop_loss,False,4,False
2026-01-29 08:46:00+00:00,1,0.7808584570884705,7.5,target_full,True,3,True
2026-01-29 08:48:00+00:00,1,0.6916635632514954,7.5,target_full,True,2,True
2026-01-29 08:49:00+00:00,1,0.6251647472381592,5.0,trail_stop,True,2,True
2026-01-29 08:52:00+00:00,1,0.580366313457489,-10.319999999999709,timeout,False,12,False
2026-01-29 08:57:00+00:00,1,0.5894121527671814,-4.180000000000291,timeout,False,12,False
2026-01-29 08:59:00+00:00,-1,0.6232583522796631,5.0,trail_stop,True,2,True
2026-01-29 09:01:00+00:00,-1,0.5626171231269836,5.0,trail_stop,True,2,True
2026-01-29 09:02:00+00:00,-1,0.5511529445648193,-1.5,timeout,False,12,False
2026-01-29 09:12:00+00:00,-1,0.6427897214889526,5.0,trail_stop,True,8,True
2026-01-29 09:46:00+00:00,-1,0.5655974745750427,5.0,trail_stop,True,8,True
2026-01-29 10:06:00+00:00,-1,0.5631586313247681,-20.0,stop_loss,False,6,False
2026-01-29 10:07:00+00:00,-1,0.615013837814331,3.5399999999999636,timeout,False,12,True
2026-01-29 10:11:00+00:00,1,0.5751658082008362,5.0,trail_stop,True,2,True
2026-01-29 10:12:00+00:00,1,0.5899036526679993,-8.470000000000255,timeout,False,12,False
2026-01-29 10:15:00+00:00,-1,0.6099309325218201,5.0,trail_stop,True,2,True
2026-01-29 10:16:00+00:00,-1,0.56413733959198,7.5,target_full,True,4,True
2026-01-29 10:33:00+00:00,1,0.592792272567749,-1.4199999999991633,timeout,False,12,False
2026-01-29 10:38:00+00:00,1,0.5979931950569153,-4.489999999999782,timeout,False,12,False
2026-01-29 11:02:00+00:00,-1,0.5625047087669373,5.0,trail_stop,True,2,True
2026-01-29 11:04:00+00:00,-1,0.5746365785598755,-20.0,stop_loss,False,6,False
2026-01-29 11:06:00+00:00,1,0.6242722868919373,7.5,target_full,True,3,True
2026-01-29 11:11:00+00:00,1,0.6368489861488342,5.0,trail_stop,True,3,True
2026-01-29 11:17:00+00:00,-1,0.678149938583374,-6.6899999999996,timeout,False,12,False
2026-01-29 11:20:00+00:00,1,0.6028158068656921,5.0,trail_stop,True,9,True
2026-01-29 11:29:00+00:00,1,0.5909457206726074,-4.3400000000001455,timeout,False,12,False
2026-01-29 11:48:00+00:00,1,0.6431419849395752,-6.390000000000327,timeout,False,12,False
2026-01-29 12:13:00+00:00,1,0.6565781831741333,0.930000000000291,timeout,False,12,True
2026-01-29 12:19:00+00:00,-1,0.5568910241127014,-6.930000000000291,timeout,False,12,False
2026-01-29 12:20:00+00:00,-1,0.5739023089408875,-12.480000000000473,timeout,False,12,False
2026-01-29 12:37:00+00:00,-1,0.7294692993164062,-6.260000000000218,timeout,False,12,False
2026-01-29 12:46:00+00:00,1,0.5988135933876038,5.0,trail_stop,True,6,True
2026-01-29 12:55:00+00:00,-1,0.6143079996109009,-3.100000000000364,timeout,False,12,False
2026-01-29 12:56:00+00:00,1,0.6266577243804932,-7.529999999999745,timeout,False,12,False
2026-01-29 12:59:00+00:00,-1,0.5724219083786011,5.0,trail_stop,True,5,True
2026-01-29 13:01:00+00:00,1,0.639150857925415,-20.0,stop_loss,False,9,False
2026-01-29 13:03:00+00:00,-1,0.5654790997505188,5.0,trail_stop,True,7,True
2026-01-29 13:10:00+00:00,-1,0.6952685713768005,7.5,target_full,True,1,True
2026-01-29 13:11:00+00:00,-1,0.6410833597183228,5.0,trail_stop,True,3,True
2026-01-29 13:14:00+00:00,-1,0.6843481063842773,5.0,trail_stop,True,6,True
2026-01-29 13:15:00+00:00,1,0.5565300583839417,5.0,trail_stop,True,9,True
2026-01-29 13:17:00+00:00,1,0.6007362604141235,5.0,trail_stop,True,9,True
2026-01-29 13:20:00+00:00,-1,0.5923858880996704,5.0,trail_stop,True,11,True
2026-01-29 13:22:00+00:00,1,0.6833385229110718,5.0,trail_stop,True,2,True
2026-01-29 13:27:00+00:00,-1,0.5981942415237427,7.5,target_full,True,3,True
2026-01-29 13:30:00+00:00,-1,0.6336082220077515,7.5,target_full,True,4,True
2026-01-29 13:36:00+00:00,-1,0.6355299949645996,-20.0,stop_loss,False,6,False
2026-01-29 13:37:00+00:00,-1,0.562044620513916,-20.0,stop_loss,False,4,False
2026-01-29 13:42:00+00:00,1,0.6569606065750122,5.0,trail_stop,True,2,True
2026-01-29 13:43:00+00:00,1,0.6136460900306702,-17.599999999999454,timeout,False,12,False
2026-01-29 13:44:00+00:00,1,0.657028317451477,-18.86999999999989,timeout,False,12,False
2026-01-29 13:47:00+00:00,-1,0.6739048361778259,5.0,trail_stop,True,3,True
2026-01-29 13:52:00+00:00,1,0.6290512681007385,-6.850000000000364,timeout,False,12,False
2026-01-29 13:56:00+00:00,-1,0.6694743037223816,5.0,trail_stop,True,2,True
2026-01-29 13:57:00+00:00,-1,0.5755798816680908,-20.0,stop_loss,False,10,False
2026-01-29 13:58:00+00:00,-1,0.6076480746269226,-20.0,stop_loss,False,9,False
2026-01-29 14:06:00+00:00,1,0.5685436725616455,7.5,target_full,True,1,True
2026-01-29 14:07:00+00:00,1,0.5967211723327637,7.5,target_full,True,1,True
2026-01-29 14:14:00+00:00,-1,0.6505229473114014,5.0,trail_stop,True,2,True
2026-01-29 14:15:00+00:00,-1,0.5919420123100281,5.0,trail_stop,True,7,True
2026-01-29 14:24:00+00:00,1,0.5689462423324585,7.5,target_full,True,1,True
2026-01-29 14:25:00+00:00,1,0.6772487163543701,7.5,target_full,True,1,True
2026-01-29 14:29:00+00:00,1,0.5721797943115234,-20.0,stop_loss,False,4,False
2026-01-29 14:30:00+00:00,-1,0.7637332081794739,5.0,trail_stop,True,3,True
2026-01-29 14:34:00+00:00,-1,0.5959422588348389,7.5,target_full,True,1,True
2026-01-29 14:35:00+00:00,-1,0.5597758293151855,5.0,trail_stop,True,2,True
2026-01-29 14:37:00+00:00,1,0.8317151069641113,7.5,target_full,True,1,True
2026-01-29 14:38:00+00:00,1,0.7371838092803955,5.0,trail_stop,True,2,True
2026-01-29 14:39:00+00:00,1,0.7232168912887573,-20.0,stop_loss,False,5,False
2026-01-29 14:40:00+00:00,1,0.6010577082633972,-20.0,stop_loss,False,5,False
2026-01-29 14:41:00+00:00,-1,0.6125664114952087,5.0,trail_stop,True,2,True
2026-01-29 14:42:00+00:00,-1,0.5911136269569397,7.5,target_full,True,3,True
2026-01-29 14:47:00+00:00,-1,0.5864710211753845,-20.0,stop_loss,False,1,False
2026-01-29 14:48:00+00:00,-1,0.8206908702850342,5.0,trail_stop,True,4,True
2026-01-29 14:49:00+00:00,1,0.8098397850990295,-20.0,stop_loss,False,6,False
2026-01-29 14:50:00+00:00,1,0.7331401109695435,5.0,trail_stop,True,8,True
2026-01-29 14:53:00+00:00,-1,0.6900405287742615,5.0,trail_stop,True,3,True
2026-01-29 14:56:00+00:00,-1,0.5584417581558228,7.5,target_full,True,3,True
2026-01-29 14:57:00+00:00,-1,0.6533132195472717,7.5,target_full,True,2,True
2026-01-29 14:58:00+00:00,1,0.5789881944656372,-20.0,stop_loss,False,1,False
2026-01-29 14:59:00+00:00,-1,0.6059565544128418,7.5,target_full,True,1,True
2026-01-29 15:00:00+00:00,-1,0.7429025173187256,7.5,target_full,True,1,True
2026-01-29 15:03:00+00:00,-1,0.5968999862670898,-20.0,stop_loss,False,1,False
2026-01-29 15:04:00+00:00,1,0.6058283448219299,5.0,trail_stop,True,2,True
2026-01-29 15:06:00+00:00,-1,0.8180792927742004,7.5,target_full,True,1,True
2026-01-29 15:07:00+00:00,-1,0.6833410859107971,7.5,target_full,True,1,True
2026-01-29 15:10:00+00:00,-1,0.6161505579948425,7.5,target_full,True,1,True
2026-01-29 15:11:00+00:00,-1,0.6375954747200012,5.0,trail_stop,True,2,True
2026-01-29 15:12:00+00:00,1,0.8262420892715454,-20.0,stop_loss,False,1,False
2026-01-29 15:13:00+00:00,-1,0.8416043519973755,7.5,target_full,True,1,True
2026-01-29 15:14:00+00:00,-1,0.8149645924568176,7.5,target_full,True,1,True
2026-01-29 15:18:00+00:00,-1,0.7819303870201111,7.5,target_full,True,1,True
2026-01-29 15:19:00+00:00,1,0.8326393365859985,7.5,target_full,True,1,True
2026-01-29 15:20:00+00:00,1,0.7988492250442505,7.5,target_full,True,1,True
2026-01-29 15:21:00+00:00,1,0.8211653232574463,-20.0,stop_loss,False,1,False
2026-01-29 15:22:00+00:00,1,0.7004131078720093,-20.0,stop_loss,False,1,False
2026-01-29 15:23:00+00:00,-1,0.8296068906784058,7.5,target_full,True,1,True
2026-01-29 15:24:00+00:00,-1,0.7013747692108154,7.5,target_full,True,1,True
2026-01-29 15:25:00+00:00,-1,0.6034961938858032,7.5,target_full,True,1,True
2026-01-29 15:26:00+00:00,-1,0.6911132335662842,7.5,target_full,True,1,True
2026-01-29 15:27:00+00:00,-1,0.7044711112976074,-20.0,stop_loss,False,1,False
2026-01-29 15:30:00+00:00,1,0.6638696789741516,-20.0,stop_loss,False,1,False
2026-01-29 15:31:00+00:00,1,0.8413696885108948,-20.0,stop_loss,False,1,False
2026-01-29 15:32:00+00:00,-1,0.7188369631767273,-20.0,stop_loss,False,1,False
2026-01-29 15:33:00+00:00,-1,0.6644533276557922,7.5,target_full,True,1,True
2026-01-29 15:34:00+00:00,-1,0.8103252053260803,7.5,target_full,True,1,True
2026-01-29 15:35:00+00:00,-1,0.7971450686454773,-20.0,stop_loss,False,1,False
2026-01-29 15:36:00+00:00,-1,0.5837030410766602,-20.0,stop_loss,False,1,False
2026-01-29 15:37:00+00:00,1,0.883825957775116,7.5,target_full,True,1,True
2026-01-29 15:38:00+00:00,1,0.8371618390083313,-20.0,stop_loss,False,1,False
2026-01-29 15:39:00+00:00,1,0.7875316143035889,-20.0,stop_loss,False,1,False
2026-01-29 15:40:00+00:00,1,0.8326244354248047,-20.0,stop_loss,False,1,False
2026-01-29 15:41:00+00:00,-1,0.6027098298072815,7.5,target_full,True,1,True
2026-01-29 15:42:00+00:00,-1,0.6615286469459534,-20.0,stop_loss,False,1,False
2026-01-29 15:43:00+00:00,-1,0.6156539916992188,-20.0,stop_loss,False,1,False
2026-01-29 15:44:00+00:00,-1,0.690099835395813,-20.0,stop_loss,False,1,False
2026-01-29 15:45:00+00:00,1,0.8386915326118469,-20.0,stop_loss,False,1,False
2026-01-29 15:46:00+00:00,1,0.754308819770813,-20.0,stop_loss,False,1,False
2026-01-29 15:47:00+00:00,1,0.8211122751235962,7.5,target_full,True,1,True
2026-01-29 15:48:00+00:00,1,0.715887725353241,7.5,target_full,True,1,True
2026-01-29 15:50:00+00:00,1,0.8172550201416016,7.5,target_full,True,2,True
2026-01-29 15:53:00+00:00,1,0.7527514100074768,-20.0,stop_loss,False,1,False
2026-01-29 15:54:00+00:00,-1,0.8263193964958191,7.5,target_full,True,1,True
2026-01-29 15:55:00+00:00,-1,0.8145495057106018,7.5,target_full,True,1,True
2026-01-29 15:57:00+00:00,-1,0.8237213492393494,-20.0,stop_loss,False,2,False
2026-01-29 15:58:00+00:00,1,0.779494047164917,5.0,trail_stop,True,2,True
2026-01-29 15:59:00+00:00,-1,0.7266126871109009,-20.0,stop_loss,False,1,False
2026-01-29 16:00:00+00:00,1,0.7189201712608337,7.5,target_full,True,1,True
2026-01-29 16:01:00+00:00,1,0.7823464870452881,7.5,target_full,True,1,True
2026-01-29 16:02:00+00:00,1,0.6933280229568481,7.5,target_full,True,1,True
2026-01-29 16:03:00+00:00,1,0.733922004699707,7.5,target_full,True,1,True
2026-01-29 16:04:00+00:00,1,0.71957927942276,7.5,target_full,True,1,True
2026-01-29 16:05:00+00:00,1,0.7634357213973999,-20.0,stop_loss,False,1,False
2026-01-29 16:06:00+00:00,1,0.8730356097221375,-20.0,stop_loss,False,1,False
2026-01-29 16:07:00+00:00,1,0.8510324358940125,7.5,target_full,True,1,True
2026-01-29 16:08:00+00:00,-1,0.6910263299942017,5.0,trail_stop,True,2,True
2026-01-29 16:10:00+00:00,1,0.7615300416946411,7.5,target_full,True,1,True
2026-01-29 16:11:00+00:00,1,0.7540684342384338,7.5,target_full,True,1,True
2026-01-29 16:13:00+00:00,1,0.6804076433181763,5.0,trail_stop,True,2,True
2026-01-29 16:14:00+00:00,1,0.7668807506561279,-20.0,stop_loss,False,1,False
2026-01-29 16:15:00+00:00,1,0.8255463242530823,-20.0,stop_loss,False,1,False
2026-01-29 16:16:00+00:00,-1,0.8199319243431091,-20.0,stop_loss,False,1,False
2026-01-29 16:17:00+00:00,-1,0.8777191042900085,5.0,trail_stop,True,5,True
2026-01-29 16:18:00+00:00,-1,0.8118574619293213,7.5,target_full,True,1,True
2026-01-29 16:20:00+00:00,1,0.7037296891212463,-20.0,stop_loss,False,2,False
2026-01-29 16:23:00+00:00,-1,0.6084478497505188,-20.0,stop_loss,False,1,False
2026-01-29 16:24:00+00:00,1,0.7654414772987366,7.5,target_full,True,1,True
2026-01-29 16:25:00+00:00,1,0.6384943127632141,7.5,target_full,True,1,True
2026-01-29 16:26:00+00:00,1,0.6687642335891724,5.0,trail_stop,True,2,True
2026-01-29 16:28:00+00:00,1,0.6371917724609375,7.5,target_full,True,1,True
2026-01-29 16:29:00+00:00,-1,0.6621301174163818,-20.0,stop_loss,False,1,False
2026-01-29 16:30:00+00:00,1,0.7736592888832092,5.0,trail_stop,True,2,True
2026-01-29 16:33:00+00:00,-1,0.6150842905044556,7.5,target_full,True,1,True
2026-01-29 16:34:00+00:00,-1,0.7817142009735107,7.5,target_full,True,1,True
2026-01-29 16:37:00+00:00,-1,0.5545966029167175,5.0,trail_stop,True,2,True
2026-01-29 16:40:00+00:00,1,0.7484264969825745,7.5,target_full,True,1,True
2026-01-29 16:41:00+00:00,1,0.6833109259605408,-20.0,stop_loss,False,5,False
2026-01-29 16:43:00+00:00,1,0.596583366394043,-20.0,stop_loss,False,3,False
2026-01-29 16:44:00+00:00,-1,0.5763247609138489,5.0,trail_stop,True,2,True
2026-01-29 16:45:00+00:00,-1,0.6963822841644287,7.5,target_full,True,1,True
2026-01-29 16:47:00+00:00,-1,0.6362460851669312,5.0,trail_stop,True,4,True
2026-01-29 16:48:00+00:00,1,0.5959919095039368,5.0,trail_stop,True,2,True
2026-01-29 16:49:00+00:00,1,0.6050853133201599,-20.0,stop_loss,False,2,False
2026-01-29 16:50:00+00:00,-1,0.6120486259460449,7.5,target_full,True,1,True
2026-01-29 16:52:00+00:00,-1,0.5510820746421814,7.5,target_full,True,1,True
2026-01-29 16:53:00+00:00,-1,0.5803828239440918,-20.0,stop_loss,False,5,False
2026-01-29 16:54:00+00:00,-1,0.8055508136749268,5.0,trail_stop,True,2,True
2026-01-29 16:57:00+00:00,-1,0.5657792091369629,-20.0,stop_loss,False,2,False
2026-01-29 16:59:00+00:00,1,0.6984284520149231,7.5,target_full,True,1,True
2026-01-29 17:00:00+00:00,1,0.7362650036811829,5.0,trail_stop,True,2,True
2026-01-29 17:02:00+00:00,1,0.7632924914360046,7.5,target_full,True,1,True
2026-01-29 17:03:00+00:00,1,0.6831367611885071,7.5,target_full,True,1,True
2026-01-29 17:04:00+00:00,1,0.6752314567565918,5.0,trail_stop,True,2,True
2026-01-29 17:05:00+00:00,1,0.6464031934738159,7.5,target_full,True,9,True
2026-01-29 17:06:00+00:00,1,0.7347801923751831,5.0,trail_stop,True,2,True
2026-01-29 17:08:00+00:00,-1,0.7140600681304932,7.5,target_full,True,2,True
2026-01-29 17:11:00+00:00,-1,0.6648725867271423,5.0,trail_stop,True,2,True
2026-01-29 17:12:00+00:00,-1,0.5855997800827026,-20.0,stop_loss,False,2,False
2026-01-29 17:13:00+00:00,-1,0.7001670598983765,-20.0,stop_loss,False,1,False
2026-01-29 17:15:00+00:00,1,0.7251747250556946,5.0,trail_stop,True,2,True
2026-01-29 17:18:00+00:00,1,0.7586452960968018,5.0,trail_stop,True,3,True
2026-01-29 17:19:00+00:00,1,0.7366859912872314,5.0,trail_stop,True,5,True
2026-01-29 17:20:00+00:00,1,0.636932909488678,5.0,trail_stop,True,2,True
2026-01-29 17:22:00+00:00,-1,0.6295498609542847,-20.0,stop_loss,False,3,False
2026-01-29 17:23:00+00:00,1,0.594770610332489,5.0,trail_stop,True,2,True
2026-01-29 17:24:00+00:00,-1,0.6290178894996643,-20.0,stop_loss,False,1,False
2026-01-29 17:25:00+00:00,1,0.8199904561042786,7.5,target_full,True,1,True
2026-01-29 17:26:00+00:00,1,0.7894227504730225,5.0,trail_stop,True,2,True
2026-01-29 17:27:00+00:00,1,0.7122867107391357,-20.0,stop_loss,False,5,False
2026-01-29 17:30:00+00:00,-1,0.7083543539047241,5.0,trail_stop,True,2,True
2026-01-29 17:35:00+00:00,1,0.7500911355018616,7.5,target_full,True,1,True
2026-01-29 17:36:00+00:00,1,0.7482218146324158,5.0,trail_stop,True,3,True
2026-01-29 17:38:00+00:00,1,0.6521504521369934,5.0,trail_stop,True,6,True
2026-01-29 17:39:00+00:00,-1,0.6097889542579651,7.5,target_full,True,5,True
2026-01-29 17:41:00+00:00,1,0.6218433380126953,5.0,trail_stop,True,3,True
2026-01-29 17:42:00+00:00,1,0.6552311778068542,5.0,trail_stop,True,2,True
2026-01-29 17:45:00+00:00,-1,0.7455593347549438,7.5,target_full,True,5,True
2026-01-29 17:48:00+00:00,1,0.7429399490356445,-20.0,stop_loss,False,1,False
2026-01-29 17:50:00+00:00,-1,0.8036693930625916,7.5,target_full,True,1,True
2026-01-29 17:54:00+00:00,1,0.5850710272789001,-20.0,stop_loss,False,1,False
2026-01-29 17:56:00+00:00,-1,0.5809406638145447,-20.0,stop_loss,False,3,False
2026-01-29 17:59:00+00:00,1,0.6102467179298401,7.5,target_full,True,1,True
2026-01-29 18:00:00+00:00,1,0.7096499800682068,7.5,target_full,True,6,True
2026-01-29 18:01:00+00:00,1,0.5733950734138489,5.0,trail_stop,True,6,True
2026-01-29 18:02:00+00:00,1,0.6566662788391113,5.0,trail_stop,True,2,True
2026-01-29 18:03:00+00:00,1,0.6583089232444763,5.0,trail_stop,True,4,True
2026-01-29 18:04:00+00:00,-1,0.6836829781532288,5.0,trail_stop,True,2,True
2026-01-29 18:06:00+00:00,-1,0.7782071232795715,-11.649999999999636,timeout,False,12,False
2026-01-29 18:07:00+00:00,1,0.6923555135726929,-4.119999999999891,timeout,False,12,False
2026-01-29 18:08:00+00:00,1,0.6531102657318115,5.0,trail_stop,True,4,True
2026-01-29 18:11:00+00:00,-1,0.6067336797714233,5.0,trail_stop,True,10,True
2026-01-29 18:12:00+00:00,1,0.6694574356079102,-20.0,stop_loss,False,9,False
2026-01-29 18:17:00+00:00,1,0.6322380900382996,-20.0,stop_loss,False,4,False
2026-01-29 18:21:00+00:00,-1,0.624552845954895,7.5,target_full,True,1,True
2026-01-29 18:27:00+00:00,-1,0.8759384751319885,-20.0,stop_loss,False,1,False
2026-01-29 18:28:00+00:00,-1,0.6797538995742798,-20.0,stop_loss,False,2,False
2026-01-29 18:29:00+00:00,-1,0.793429970741272,-20.0,stop_loss,False,2,False
2026-01-29 18:31:00+00:00,1,0.6914016008377075,5.0,trail_stop,True,2,True
2026-01-29 18:32:00+00:00,1,0.6951067447662354,5.0,trail_stop,True,5,True
2026-01-29 18:35:00+00:00,-1,0.6285388469696045,5.0,trail_stop,True,7,True
2026-01-29 18:40:00+00:00,-1,0.6325857043266296,7.5,target_full,True,1,True
2026-01-29 18:41:00+00:00,-1,0.6674221158027649,7.5,target_full,True,1,True
2026-01-29 18:49:00+00:00,1,0.6260150671005249,-20.0,stop_loss,False,7,False
2026-01-29 18:51:00+00:00,1,0.6584562659263611,-20.0,stop_loss,False,6,False
2026-01-29 18:55:00+00:00,-1,0.5547183752059937,5.0,trail_stop,True,2,True
2026-01-29 19:06:00+00:00,1,0.5873045921325684,-20.0,stop_loss,False,4,False
2026-01-29 19:08:00+00:00,1,0.565834105014801,-20.0,stop_loss,False,2,False
2026-01-29 19:10:00+00:00,-1,0.6082475185394287,7.5,target_full,True,1,True
2026-01-29 19:14:00+00:00,-1,0.7729306221008301,-20.0,stop_loss,False,2,False
2026-01-29 19:15:00+00:00,-1,0.6546385884284973,-20.0,stop_loss,False,2,False
2026-01-29 19:16:00+00:00,1,0.6902442574501038,7.5,target_full,True,1,True
2026-01-29 19:17:00+00:00,1,0.6788071393966675,-20.0,stop_loss,False,12,False
2026-01-29 19:21:00+00:00,-1,0.6204803586006165,5.0,trail_stop,True,2,True
2026-01-29 19:23:00+00:00,1,0.6193598508834839,-20.0,stop_loss,False,6,False
2026-01-29 19:24:00+00:00,-1,0.6194639801979065,7.5,target_full,True,5,True
2026-01-29 19:27:00+00:00,1,0.579136073589325,-20.0,stop_loss,False,2,False
2026-01-29 19:29:00+00:00,1,0.5883870124816895,-20.0,stop_loss,False,1,False
2026-01-29 19:30:00+00:00,-1,0.743696928024292,5.0,trail_stop,True,5,True
2026-01-29 19:31:00+00:00,-1,0.6253613233566284,-20.0,stop_loss,False,5,False
2026-01-29 19:32:00+00:00,-1,0.777493953704834,5.0,trail_stop,True,2,True
2026-01-29 19:37:00+00:00,1,0.7046665549278259,-10.979999999999563,timeout,False,12,False
2026-01-29 19:39:00+00:00,1,0.7920405864715576,7.5,target_full,True,2,True
2026-01-29 19:40:00+00:00,-1,0.6347847580909729,-20.0,stop_loss,False,1,False
2026-01-29 19:42:00+00:00,1,0.7487693428993225,-20.0,stop_loss,False,8,False
2026-01-29 19:43:00+00:00,1,0.5938310623168945,-20.0,stop_loss,False,10,False
2026-01-29 19:44:00+00:00,1,0.6071903705596924,5.0,trail_stop,True,2,True
2026-01-29 19:45:00+00:00,-1,0.6436091065406799,5.0,trail_stop,True,2,True
2026-01-29 19:46:00+00:00,-1,0.6928125619888306,5.0,trail_stop,True,3,True
2026-01-29 19:53:00+00:00,-1,0.6046380996704102,5.0,trail_stop,True,2,True
2026-01-29 19:55:00+00:00,1,0.5629472136497498,-20.0,stop_loss,False,5,False
2026-01-29 20:05:00+00:00,1,0.592850387096405,5.0,trail_stop,True,2,True
2026-01-29 20:06:00+00:00,1,0.7195371985435486,5.0,trail_stop,True,5,True
2026-01-29 20:07:00+00:00,1,0.5743080973625183,7.5,target_full,True,2,True
2026-01-29 20:13:00+00:00,-1,0.6086210012435913,5.0,trail_stop,True,2,True
2026-01-29 20:19:00+00:00,1,0.5743101835250854,7.5,target_full,True,2,True
2026-01-29 20:22:00+00:00,1,0.6005464792251587,5.0,trail_stop,True,2,True
2026-01-29 20:26:00+00:00,-1,0.576945424079895,5.0,trail_stop,True,6,True
2026-01-29 20:45:00+00:00,1,0.6469622254371643,5.0,trail_stop,True,2,True
2026-01-29 20:51:00+00:00,1,0.5640074014663696,5.0,trail_stop,True,5,True
2026-01-29 21:00:00+00:00,1,0.6197288036346436,-20.0,stop_loss,False,5,False
2026-01-29 21:07:00+00:00,-1,0.5753471255302429,5.0,trail_stop,True,2,True
2026-01-29 21:28:00+00:00,1,0.5540154576301575,-20.0,stop_loss,False,9,False
2026-01-29 23:02:00+00:00,1,0.5983515977859497,7.5,target_full,True,1,True
2026-01-29 23:03:00+00:00,1,0.7303028702735901,7.5,target_full,True,2,True
2026-01-29 23:04:00+00:00,1,0.7639794945716858,7.5,target_full,True,1,True
2026-01-29 23:06:00+00:00,1,0.7896692752838135,5.0,trail_stop,True,2,True
2026-01-29 23:07:00+00:00,1,0.7331852316856384,-20.0,stop_loss,False,2,False
2026-01-29 23:09:00+00:00,-1,0.6251673698425293,7.5,target_full,True,1,True
2026-01-29 23:10:00+00:00,-1,0.5867922902107239,7.5,target_full,True,1,True
2026-01-29 23:17:00+00:00,-1,0.7863606810569763,-20.0,stop_loss,False,8,False
2026-01-29 23:51:00+00:00,-1,0.607373833656311,5.0,trail_stop,True,4,True
2026-01-30 00:06:00+00:00,1,0.6209256052970886,-0.03999999999996362,timeout,False,12,False
2026-01-30 00:31:00+00:00,-1,0.7047059535980225,5.0,trail_stop,True,2,True
2026-01-30 00:33:00+00:00,1,0.6870977878570557,7.5,target_full,True,1,True
2026-01-30 00:42:00+00:00,-1,0.5771839618682861,5.0,trail_stop,True,2,True
2026-01-30 01:00:00+00:00,-1,0.5813503265380859,7.5,target_full,True,1,True
2026-01-30 01:01:00+00:00,-1,0.5537082552909851,7.5,target_full,True,4,True
2026-01-30 01:02:00+00:00,-1,0.7841119170188904,5.0,trail_stop,True,2,True
2026-01-30 01:05:00+00:00,-1,0.6310562491416931,7.5,target_full,True,1,True
2026-01-30 01:06:00+00:00,-1,0.7130991816520691,5.0,trail_stop,True,2,True
2026-01-30 01:07:00+00:00,-1,0.5882278680801392,5.0,trail_stop,True,2,True
2026-01-30 01:08:00+00:00,-1,0.5743681788444519,7.5,target_full,True,1,True
2026-01-30 01:09:00+00:00,-1,0.5503098368644714,7.5,target_full,True,1,True
2026-01-30 01:11:00+00:00,-1,0.6948503255844116,7.5,target_full,True,2,True
2026-01-30 01:12:00+00:00,-1,0.7695435285568237,7.5,target_full,True,1,True
2026-01-30 01:13:00+00:00,-1,0.7020488381385803,7.5,target_full,True,1,True
2026-01-30 01:14:00+00:00,-1,0.7983171343803406,-20.0,stop_loss,False,1,False
2026-01-30 01:16:00+00:00,1,0.8335966467857361,5.0,trail_stop,True,2,True
2026-01-30 01:17:00+00:00,1,0.6546626091003418,5.0,trail_stop,True,3,True
2026-01-30 01:18:00+00:00,1,0.6793312430381775,7.5,target_full,True,1,True
2026-01-30 01:22:00+00:00,1,0.6444364786148071,7.5,target_full,True,1,True
2026-01-30 01:25:00+00:00,1,0.6734392642974854,7.5,target_full,True,1,True
2026-01-30 01:26:00+00:00,1,0.5953570604324341,5.0,trail_stop,True,2,True
2026-01-30 01:27:00+00:00,1,0.5816139578819275,5.0,trail_stop,True,6,True
2026-01-30 01:30:00+00:00,-1,0.5964747667312622,-20.0,stop_loss,False,2,False
2026-01-30 01:35:00+00:00,1,0.5598899126052856,-20.0,stop_loss,False,3,False
2026-01-30 01:36:00+00:00,-1,0.7472729086875916,7.5,target_full,True,2,True
2026-01-30 01:47:00+00:00,-1,0.581053614616394,7.5,target_full,True,1,True
2026-01-30 01:48:00+00:00,-1,0.7235599160194397,-20.0,stop_loss,False,1,False
2026-01-30 01:49:00+00:00,-1,0.784115731716156,7.5,target_full,True,7,True
2026-01-30 01:50:00+00:00,1,0.8268387913703918,5.0,trail_stop,True,2,True
2026-01-30 01:51:00+00:00,1,0.6664304733276367,-20.0,stop_loss,False,4,False
2026-01-30 02:00:00+00:00,-1,0.7130862474441528,5.0,trail_stop,True,5,True
2026-01-30 02:01:00+00:00,-1,0.836916446685791,7.5,target_full,True,1,True
2026-01-30 02:07:00+00:00,-1,0.6827775835990906,7.5,target_full,True,1,True
2026-01-30 02:08:00+00:00,-1,0.6153172850608826,7.5,target_full,True,1,True
2026-01-30 02:12:00+00:00,-1,0.7204698920249939,7.5,target_full,True,1,True
2026-01-30 02:15:00+00:00,-1,0.6759734749794006,7.5,target_full,True,1,True
2026-01-30 02:16:00+00:00,-1,0.5709241628646851,7.5,target_full,True,1,True
2026-01-30 02:19:00+00:00,-1,0.713390052318573,7.5,target_full,True,1,True
2026-01-30 02:20:00+00:00,-1,0.5977648496627808,7.5,target_full,True,1,True
2026-01-30 02:21:00+00:00,-1,0.72841876745224,7.5,target_full,True,1,True
2026-01-30 02:22:00+00:00,-1,0.7253313064575195,-20.0,stop_loss,False,1,False
2026-01-30 02:24:00+00:00,1,0.8555719256401062,7.5,target_full,True,1,True
2026-01-30 02:25:00+00:00,1,0.8394518494606018,7.5,target_full,True,1,True
2026-01-30 02:26:00+00:00,1,0.8256781697273254,-20.0,stop_loss,False,2,False
2026-01-30 02:28:00+00:00,-1,0.8073303699493408,5.0,trail_stop,True,2,True
2026-01-30 02:31:00+00:00,-1,0.7940731048583984,-20.0,stop_loss,False,1,False
2026-01-30 02:32:00+00:00,-1,0.7707783579826355,-20.0,stop_loss,False,3,False
2026-01-30 02:33:00+00:00,-1,0.8234639167785645,7.5,target_full,True,1,True
2026-01-30 02:34:00+00:00,1,0.6437929272651672,7.5,target_full,True,1,True
2026-01-30 02:36:00+00:00,1,0.8705692887306213,7.5,target_full,True,1,True
2026-01-30 02:37:00+00:00,1,0.8293702602386475,7.5,target_full,True,1,True
2026-01-30 02:38:00+00:00,1,0.8683503270149231,5.0,trail_stop,True,2,True
2026-01-30 02:41:00+00:00,1,0.6664475798606873,5.0,trail_stop,True,2,True
2026-01-30 02:45:00+00:00,1,0.7598058581352234,7.5,target_full,True,2,True
2026-01-30 02:46:00+00:00,1,0.7428069114685059,7.5,target_full,True,1,True
2026-01-30 02:48:00+00:00,1,0.7991562485694885,5.0,trail_stop,True,2,True
2026-01-30 02:51:00+00:00,-1,0.5833942294120789,7.5,target_full,True,1,True
2026-01-30 02:55:00+00:00,-1,0.718477189540863,7.5,target_full,True,1,True
2026-01-30 02:58:00+00:00,-1,0.7122188806533813,5.0,trail_stop,True,2,True
2026-01-30 02:59:00+00:00,1,0.739749550819397,-20.0,stop_loss,False,3,False
2026-01-30 03:05:00+00:00,-1,0.6657808423042297,5.0,trail_stop,True,2,True
2026-01-30 03:11:00+00:00,1,0.677685022354126,-20.0,stop_loss,False,2,False
2026-01-30 03:24:00+00:00,1,0.8421580791473389,5.0,trail_stop,True,2,True
2026-01-30 04:11:00+00:00,1,0.700158953666687,5.0,trail_stop,True,6,True
2026-01-30 05:16:00+00:00,1,0.6335683465003967,5.0,trail_stop,True,2,True
2026-01-30 05:58:00+00:00,-1,0.6215388178825378,5.0,trail_stop,True,2,True
2026-01-30 06:10:00+00:00,1,0.7186768651008606,-20.0,stop_loss,False,4,False
2026-01-30 06:25:00+00:00,1,0.5710170865058899,-20.0,stop_loss,False,3,False
2026-01-30 06:29:00+00:00,-1,0.7697119116783142,-20.0,stop_loss,False,7,False
2026-01-30 06:34:00+00:00,-1,0.6230065226554871,-20.0,stop_loss,False,2,False
2026-01-30 06:36:00+00:00,1,0.6170139312744141,5.0,trail_stop,True,2,True
2026-01-30 07:00:00+00:00,-1,0.7878398299217224,5.0,trail_stop,True,2,True
2026-01-30 07:06:00+00:00,1,0.6096848845481873,7.5,target_full,True,1,True
2026-01-30 07:07:00+00:00,1,0.5990337133407593,5.0,trail_stop,True,3,True
2026-01-30 07:09:00+00:00,1,0.6165523529052734,7.5,target_full,True,1,True
2026-01-30 07:11:00+00:00,1,0.5967897772789001,5.0,trail_stop,True,2,True
2026-01-30 07:13:00+00:00,1,0.6505420207977295,-20.0,stop_loss,False,2,False
2026-01-30 07:14:00+00:00,-1,0.6880677342414856,5.0,trail_stop,True,2,True
2026-01-30 07:35:00+00:00,-1,0.7351710796356201,7.5,target_full,True,1,True
2026-01-30 07:36:00+00:00,-1,0.6531570553779602,-20.0,stop_loss,False,2,False
2026-01-30 07:37:00+00:00,-1,0.7716179490089417,-20.0,stop_loss,False,8,False
2026-01-30 07:41:00+00:00,1,0.622856080532074,5.0,trail_stop,True,5,True
2026-01-30 07:44:00+00:00,-1,0.5987537503242493,-20.0,stop_loss,False,10,False
2026-01-30 07:46:00+00:00,1,0.5803477764129639,5.0,trail_stop,True,5,True
2026-01-30 08:00:00+00:00,-1,0.7352246642112732,5.0,trail_stop,True,2,True
2026-01-30 08:01:00+00:00,-1,0.7312691807746887,7.5,target_full,True,5,True
2026-01-30 08:02:00+00:00,-1,0.7726503610610962,5.0,trail_stop,True,2,True
2026-01-30 08:11:00+00:00,1,0.7374036312103271,-20.0,stop_loss,False,1,False
2026-01-30 08:13:00+00:00,-1,0.8040173649787903,5.0,trail_stop,True,2,True
2026-01-30 08:14:00+00:00,-1,0.6795015335083008,7.5,target_full,True,1,True
2026-01-30 08:17:00+00:00,1,0.7120281457901001,5.0,trail_stop,True,2,True
2026-01-30 08:20:00+00:00,-1,0.6214932799339294,-20.0,stop_loss,False,1,False
2026-01-30 08:21:00+00:00,1,0.8022347092628479,5.0,trail_stop,True,2,True
2026-01-30 08:26:00+00:00,-1,0.6134082674980164,5.0,trail_stop,True,2,True
2026-01-30 08:32:00+00:00,-1,0.604242205619812,7.5,target_full,True,1,True
2026-01-30 08:34:00+00:00,-1,0.6676008701324463,7.5,target_full,True,1,True
2026-01-30 08:35:00+00:00,-1,0.6479086875915527,-20.0,stop_loss,False,1,False
2026-01-30 08:36:00+00:00,1,0.7843759059906006,7.5,target_full,True,1,True
2026-01-30 08:37:00+00:00,1,0.6709786057472229,7.5,target_full,True,1,True
2026-01-30 08:38:00+00:00,1,0.5961097478866577,7.5,target_full,True,1,True
2026-01-30 08:39:00+00:00,1,0.6809430718421936,7.5,target_full,True,1,True
2026-01-30 08:40:00+00:00,1,0.6256845593452454,-20.0,stop_loss,False,1,False
2026-01-30 08:41:00+00:00,1,0.8110982775688171,5.0,trail_stop,True,3,True
2026-01-30 08:42:00+00:00,-1,0.8587030172348022,-20.0,stop_loss,False,2,False
2026-01-30 08:43:00+00:00,-1,0.7938264608383179,-20.0,stop_loss,False,2,False
2026-01-30 08:44:00+00:00,1,0.8339015245437622,5.0,trail_stop,True,2,True
2026-01-30 08:45:00+00:00,1,0.6344203352928162,7.5,target_full,True,1,True
2026-01-30 08:46:00+00:00,1,0.6586542725563049,7.5,target_full,True,1,True
2026-01-30 08:47:00+00:00,1,0.6400412321090698,7.5,target_full,True,1,True
2026-01-30 08:48:00+00:00,1,0.5827471613883972,7.5,target_full,True,1,True
2026-01-30 08:49:00+00:00,1,0.566292405128479,-20.0,stop_loss,False,7,False
2026-01-30 08:50:00+00:00,1,0.6583028435707092,5.0,trail_stop,True,3,True
2026-01-30 08:54:00+00:00,-1,0.6026449799537659,5.0,trail_stop,True,3,True
2026-01-30 08:55:00+00:00,-1,0.7014287710189819,7.5,target_full,True,1,True
2026-01-30 09:00:00+00:00,1,0.7170966267585754,5.0,trail_stop,True,3,True
2026-01-30 09:01:00+00:00,1,0.6891148686408997,5.0,trail_stop,True,2,True
2026-01-30 09:04:00+00:00,-1,0.7009812593460083,7.5,target_full,True,1,True
2026-01-30 09:12:00+00:00,-1,0.692287266254425,7.5,target_full,True,1,True
2026-01-30 09:13:00+00:00,-1,0.8227043747901917,-20.0,stop_loss,False,1,False
2026-01-30 09:15:00+00:00,-1,0.8211793899536133,-20.0,stop_loss,False,1,False
2026-01-30 09:17:00+00:00,1,0.7011972069740295,5.0,trail_stop,True,2,True
2026-01-30 09:18:00+00:00,1,0.6694595217704773,7.5,target_full,True,1,True
2026-01-30 09:19:00+00:00,1,0.8240322470664978,-20.0,stop_loss,False,1,False
2026-01-30 09:20:00+00:00,-1,0.8289462924003601,7.5,target_full,True,2,True
2026-01-30 09:21:00+00:00,1,0.8458073139190674,-20.0,stop_loss,False,1,False
2026-01-30 09:22:00+00:00,-1,0.8182530403137207,7.5,target_full,True,1,True
2026-01-30 09:23:00+00:00,-1,0.8221591114997864,5.0,trail_stop,True,2,True
2026-01-30 09:25:00+00:00,-1,0.6052295565605164,7.5,target_full,True,2,True
2026-01-30 09:26:00+00:00,1,0.6997554302215576,-20.0,stop_loss,False,1,False
2026-01-30 09:27:00+00:00,-1,0.6080014109611511,7.5,target_full,True,1,True
2026-01-30 09:28:00+00:00,-1,0.8169946670532227,-20.0,stop_loss,False,1,False
2026-01-30 09:29:00+00:00,-1,0.6580759286880493,-20.0,stop_loss,False,1,False
2026-01-30 09:30:00+00:00,1,0.8412995338439941,7.5,target_full,True,1,True
2026-01-30 09:31:00+00:00,1,0.6590430736541748,7.5,target_full,True,1,True
2026-01-30 09:32:00+00:00,1,0.6995993256568909,-20.0,stop_loss,False,4,False
2026-01-30 09:41:00+00:00,-1,0.6222391128540039,7.5,target_full,True,1,True
2026-01-30 09:42:00+00:00,-1,0.7681313157081604,7.5,target_full,True,1,True
2026-01-30 09:44:00+00:00,-1,0.6923726201057434,7.5,target_full,True,1,True
2026-01-30 09:45:00+00:00,-1,0.5819643139839172,-20.0,stop_loss,False,1,False
2026-01-30 09:46:00+00:00,-1,0.6084948778152466,-20.0,stop_loss,False,1,False
2026-01-30 09:47:00+00:00,1,0.8677462339401245,-20.0,stop_loss,False,1,False
2026-01-30 09:48:00+00:00,1,0.81583571434021,-20.0,stop_loss,False,1,False
2026-01-30 09:50:00+00:00,-1,0.721583366394043,-20.0,stop_loss,False,1,False
2026-01-30 09:52:00+00:00,1,0.7936251163482666,7.5,target_full,True,1,True
2026-01-30 09:54:00+00:00,1,0.7255468964576721,7.5,target_full,True,1,True
2026-01-30 09:55:00+00:00,1,0.7199661731719971,7.5,target_full,True,1,True
2026-01-30 09:56:00+00:00,1,0.680543839931488,7.5,target_full,True,1,True
2026-01-30 09:57:00+00:00,1,0.8647482395172119,-20.0,stop_loss,False,1,False
2026-01-30 09:58:00+00:00,1,0.8524292707443237,7.5,target_full,True,1,True
2026-01-30 09:59:00+00:00,1,0.7715340852737427,7.5,target_full,True,1,True
2026-01-30 10:00:00+00:00,1,0.8650882840156555,5.0,trail_stop,True,2,True
2026-01-30 10:01:00+00:00,1,0.7781315445899963,7.5,target_full,True,1,True
2026-01-30 10:02:00+00:00,1,0.7923265099525452,5.0,trail_stop,True,2,True
2026-01-30 10:03:00+00:00,1,0.7948923707008362,-20.0,stop_loss,False,1,False
2026-01-30 10:04:00+00:00,1,0.750799834728241,-20.0,stop_loss,False,1,False
2026-01-30 10:05:00+00:00,-1,0.7647531628608704,5.0,trail_stop,True,2,True
2026-01-30 10:07:00+00:00,-1,0.8181446194648743,-20.0,stop_loss,False,2,False
2026-01-30 10:11:00+00:00,1,0.7280586361885071,5.0,trail_stop,True,2,True
2026-01-30 10:15:00+00:00,1,0.5708364248275757,7.5,target_full,True,3,True
2026-01-30 10:16:00+00:00,1,0.554513692855835,7.5,target_full,True,2,True
2026-01-30 10:17:00+00:00,-1,0.6411055326461792,-20.0,stop_loss,False,1,False
2026-01-30 10:19:00+00:00,1,0.8482999801635742,7.5,target_full,True,1,True
2026-01-30 10:20:00+00:00,1,0.780818521976471,-20.0,stop_loss,False,2,False
2026-01-30 10:21:00+00:00,1,0.7801249623298645,7.5,target_full,True,3,True
2026-01-30 10:22:00+00:00,-1,0.7027443051338196,-20.0,stop_loss,False,2,False
2026-01-30 10:23:00+00:00,-1,0.7133581638336182,-20.0,stop_loss,False,2,False
2026-01-30 10:24:00+00:00,1,0.6605360507965088,7.5,target_full,True,1,True
2026-01-30 10:25:00+00:00,1,0.6808352470397949,5.0,trail_stop,True,2,True
2026-01-30 10:26:00+00:00,1,0.6642157435417175,-20.0,stop_loss,False,1,False
2026-01-30 10:27:00+00:00,-1,0.8455130457878113,5.0,trail_stop,True,2,True
2026-01-30 10:30:00+00:00,1,0.6626418232917786,7.5,target_full,True,1,True
2026-01-30 10:31:00+00:00,1,0.8142393231391907,5.0,trail_stop,True,6,True
2026-01-30 10:32:00+00:00,1,0.6279492378234863,5.0,trail_stop,True,3,True
2026-01-30 10:35:00+00:00,1,0.6745883226394653,7.5,target_full,True,1,True
2026-01-30 10:37:00+00:00,1,0.773854672908783,7.5,target_full,True,5,True
2026-01-30 10:39:00+00:00,1,0.593281626701355,7.5,target_full,True,3,True
2026-01-30 10:43:00+00:00,1,0.6389432549476624,5.0,trail_stop,True,4,True
2026-01-30 10:53:00+00:00,1,0.5792850852012634,5.0,trail_stop,True,4,True
2026-01-30 10:54:00+00:00,1,0.6254035830497742,5.0,trail_stop,True,2,True
2026-01-30 10:55:00+00:00,-1,0.7457024455070496,-20.0,stop_loss,False,2,False
2026-01-30 10:58:00+00:00,1,0.7883607745170593,7.5,target_full,True,1,True
2026-01-30 10:59:00+00:00,1,0.7761201858520508,-20.0,stop_loss,False,2,False
2026-01-30 11:00:00+00:00,1,0.6692758202552795,-20.0,stop_loss,False,2,False
2026-01-30 11:06:00+00:00,1,0.6848663091659546,5.0,trail_stop,True,2,True
2026-01-30 11:19:00+00:00,-1,0.6274484395980835,5.0,trail_stop,True,7,True
2026-01-30 11:20:00+00:00,1,0.6294623017311096,5.0,trail_stop,True,3,True
2026-01-30 11:23:00+00:00,1,0.6294276118278503,-20.0,stop_loss,False,3,False
2026-01-30 11:29:00+00:00,1,0.7550235986709595,5.0,trail_stop,True,4,True
2026-01-30 11:33:00+00:00,1,0.591845691204071,5.0,trail_stop,True,8,True
2026-01-30 11:44:00+00:00,-1,0.82427579164505,7.5,target_full,True,1,True
2026-01-30 11:45:00+00:00,-1,0.6552703380584717,5.0,trail_stop,True,2,True
2026-01-30 11:48:00+00:00,-1,0.7475842237472534,-20.0,stop_loss,False,4,False
2026-01-30 11:49:00+00:00,-1,0.6394029855728149,-20.0,stop_loss,False,3,False
2026-01-30 11:50:00+00:00,-1,0.7776839733123779,7.5,target_full,True,1,True
2026-01-30 11:53:00+00:00,1,0.6581569314002991,7.5,target_full,True,1,True
2026-01-30 11:54:00+00:00,1,0.6981580853462219,7.5,target_full,True,1,True
2026-01-30 11:55:00+00:00,1,0.6719192862510681,7.5,target_full,True,1,True
2026-01-30 11:56:00+00:00,1,0.6522588133811951,5.0,trail_stop,True,2,True
2026-01-30 11:57:00+00:00,1,0.617030918598175,-20.0,stop_loss,False,9,False
2026-01-30 11:58:00+00:00,1,0.8303035497665405,7.5,target_full,True,1,True
2026-01-30 11:59:00+00:00,-1,0.7109531164169312,7.5,target_full,True,4,True
2026-01-30 12:00:00+00:00,1,0.7474454045295715,-20.0,stop_loss,False,5,False
2026-01-30 12:02:00+00:00,1,0.701901376247406,-20.0,stop_loss,False,4,False
2026-01-30 12:04:00+00:00,-1,0.5931837558746338,5.0,trail_stop,True,2,True
2026-01-30 12:13:00+00:00,1,0.6203112602233887,5.0,trail_stop,True,3,True
2026-01-30 12:19:00+00:00,-1,0.6255856156349182,7.5,target_full,True,7,True
2026-01-30 12:20:00+00:00,-1,0.5526437163352966,7.5,target_full,True,6,True
2026-01-30 12:29:00+00:00,-1,0.5546366572380066,5.0,trail_stop,True,6,True
2026-01-30 12:34:00+00:00,-1,0.614539623260498,5.0,trail_stop,True,2,True
2026-01-30 12:45:00+00:00,-1,0.5846295952796936,7.5,target_full,True,1,True
2026-01-30 12:49:00+00:00,-1,0.5651546716690063,-20.0,stop_loss,False,1,False
2026-01-30 12:50:00+00:00,1,0.6983136534690857,7.5,target_full,True,1,True
2026-01-30 12:51:00+00:00,1,0.581792950630188,5.0,trail_stop,True,2,True
2026-01-30 12:55:00+00:00,1,0.673656165599823,7.5,target_full,True,1,True
2026-01-30 12:56:00+00:00,1,0.6231933832168579,-20.0,stop_loss,False,1,False
2026-01-30 12:57:00+00:00,-1,0.7543977499008179,7.5,target_full,True,1,True
2026-01-30 12:58:00+00:00,-1,0.8197986483573914,7.5,target_full,True,1,True
2026-01-30 13:01:00+00:00,-1,0.6832519173622131,-20.0,stop_loss,False,1,False
2026-01-30 13:02:00+00:00,1,0.8298183679580688,7.5,target_full,True,1,True
2026-01-30 13:03:00+00:00,1,0.719780445098877,7.5,target_full,True,1,True
2026-01-30 13:04:00+00:00,1,0.8108782172203064,-20.0,stop_loss,False,1,False
2026-01-30 13:05:00+00:00,-1,0.819003701210022,7.5,target_full,True,1,True
2026-01-30 13:06:00+00:00,-1,0.7054123282432556,7.5,target_full,True,1,True
2026-01-30 13:07:00+00:00,-1,0.6425951719284058,5.0,trail_stop,True,2,True
2026-01-30 13:09:00+00:00,-1,0.6587360501289368,5.0,trail_stop,True,5,True
2026-01-30 13:14:00+00:00,-1,0.6843530535697937,7.5,target_full,True,1,True
2026-01-30 13:15:00+00:00,-1,0.6098344326019287,5.0,trail_stop,True,2,True
2026-01-30 13:18:00+00:00,-1,0.6158338785171509,5.0,trail_stop,True,3,True
2026-01-30 13:19:00+00:00,1,0.7425347566604614,-20.0,stop_loss,False,3,False
2026-01-30 13:20:00+00:00,1,0.6033700704574585,-20.0,stop_loss,False,2,False
2026-01-30 13:21:00+00:00,-1,0.743541419506073,7.5,target_full,True,1,True
2026-01-30 13:22:00+00:00,-1,0.6595737338066101,7.5,target_full,True,1,True
2026-01-30 13:23:00+00:00,-1,0.6997280120849609,7.5,target_full,True,1,True
2026-01-30 13:25:00+00:00,-1,0.6284202337265015,5.0,trail_stop,True,5,True
2026-01-30 13:26:00+00:00,1,0.6485646963119507,5.0,trail_stop,True,2,True
2026-01-30 13:31:00+00:00,-1,0.8378956913948059,-20.0,stop_loss,False,3,False
2026-01-30 13:32:00+00:00,-1,0.6313676238059998,-20.0,stop_loss,False,2,False
2026-01-30 13:33:00+00:00,1,0.6881398558616638,7.5,target_full,True,1,True
2026-01-30 13:35:00+00:00,1,0.7765603065490723,-20.0,stop_loss,False,1,False
2026-01-30 13:36:00+00:00,-1,0.7813244462013245,5.0,trail_stop,True,3,True
2026-01-30 13:40:00+00:00,-1,0.6057266592979431,5.0,trail_stop,True,5,True
2026-01-30 13:43:00+00:00,1,0.6698933243751526,-20.0,stop_loss,False,1,False
2026-01-30 13:44:00+00:00,-1,0.7371339201927185,7.5,target_full,True,1,True
2026-01-30 13:45:00+00:00,-1,0.8175869584083557,7.5,target_full,True,1,True
2026-01-30 13:46:00+00:00,-1,0.7482970952987671,7.5,target_full,True,1,True
2026-01-30 13:48:00+00:00,-1,0.7169603109359741,7.5,target_full,True,1,True
2026-01-30 13:49:00+00:00,-1,0.7114177346229553,-20.0,stop_loss,False,6,False
2026-01-30 13:50:00+00:00,-1,0.6786735653877258,-20.0,stop_loss,False,8,False
2026-01-30 13:51:00+00:00,-1,0.7668468356132507,7.5,target_full,True,1,True
2026-01-30 13:53:00+00:00,-1,0.5628291964530945,-20.0,stop_loss,False,5,False
2026-01-30 13:54:00+00:00,-1,0.5718865394592285,5.0,trail_stop,True,2,True
2026-01-30 13:55:00+00:00,1,0.5928021669387817,5.0,trail_stop,True,4,True
2026-01-30 13:59:00+00:00,1,0.5726513862609863,7.5,target_full,True,1,True
2026-01-30 14:00:00+00:00,1,0.664146363735199,7.5,target_full,True,1,True
2026-01-30 14:01:00+00:00,1,0.8058903813362122,5.0,trail_stop,True,2,True
2026-01-30 14:03:00+00:00,1,0.7703381180763245,7.5,target_full,True,1,True
2026-01-30 14:05:00+00:00,1,0.7945034503936768,-20.0,stop_loss,False,1,False
2026-01-30 14:06:00+00:00,-1,0.8032045960426331,7.5,target_full,True,1,True
2026-01-30 14:07:00+00:00,-1,0.8713165521621704,5.0,trail_stop,True,2,True
2026-01-30 14:09:00+00:00,1,0.8147541284561157,-20.0,stop_loss,False,3,False
2026-01-30 14:10:00+00:00,1,0.6019182801246643,7.5,target_full,True,10,True
2026-01-30 14:11:00+00:00,1,0.5987058877944946,5.0,trail_stop,True,2,True
2026-01-30 14:13:00+00:00,-1,0.7174522280693054,5.0,trail_stop,True,2,True
2026-01-30 14:21:00+00:00,1,0.6791600584983826,7.5,target_full,True,1,True
2026-01-30 14:22:00+00:00,1,0.6825995445251465,7.5,target_full,True,8,True
2026-01-30 14:24:00+00:00,-1,0.7336089015007019,5.0,trail_stop,True,2,True
2026-01-30 14:25:00+00:00,-1,0.5899480581283569,5.0,trail_stop,True,5,True
2026-01-30 14:27:00+00:00,1,0.6141297221183777,5.0,trail_stop,True,3,True
2026-01-30 14:31:00+00:00,1,0.6263542175292969,7.5,target_full,True,1,True
2026-01-30 14:32:00+00:00,1,0.6542041301727295,7.5,target_full,True,1,True
2026-01-30 14:33:00+00:00,1,0.7018485069274902,-20.0,stop_loss,False,2,False
2026-01-30 14:35:00+00:00,1,0.8654757142066956,-20.0,stop_loss,False,1,False
2026-01-30 14:36:00+00:00,-1,0.7555928230285645,7.5,target_full,True,5,True
2026-01-30 14:37:00+00:00,-1,0.6346232295036316,7.5,target_full,True,1,True
2026-01-30 14:38:00+00:00,-1,0.6112674474716187,7.5,target_full,True,3,True
2026-01-30 14:39:00+00:00,1,0.6588107347488403,-20.0,stop_loss,False,2,False
2026-01-30 14:43:00+00:00,-1,0.8218182325363159,5.0,trail_stop,True,2,True
2026-01-30 14:44:00+00:00,-1,0.6460236310958862,5.0,trail_stop,True,3,True
2026-01-30 14:45:00+00:00,1,0.5597283244132996,5.0,trail_stop,True,2,True
2026-01-30 14:49:00+00:00,1,0.6572625637054443,5.0,trail_stop,True,2,True
2026-01-30 14:52:00+00:00,-1,0.7326540946960449,7.5,target_full,True,1,True
2026-01-30 14:53:00+00:00,-1,0.5910072326660156,7.5,target_full,True,1,True
2026-01-30 14:55:00+00:00,-1,0.5768738985061646,7.5,target_full,True,1,True
2026-01-30 14:56:00+00:00,-1,0.5597190260887146,7.5,target_full,True,1,True
2026-01-30 14:57:00+00:00,-1,0.6690499782562256,5.0,trail_stop,True,3,True
2026-01-30 15:00:00+00:00,-1,0.7868385910987854,7.5,target_full,True,1,True
2026-01-30 15:01:00+00:00,-1,0.7583343386650085,7.5,target_full,True,1,True
2026-01-30 15:04:00+00:00,-1,0.5925010442733765,-20.0,stop_loss,False,1,False
2026-01-30 15:05:00+00:00,1,0.674842357635498,7.5,target_full,True,1,True
2026-01-30 15:06:00+00:00,1,0.7069990634918213,5.0,trail_stop,True,2,True
2026-01-30 15:07:00+00:00,1,0.6073710322380066,-20.0,stop_loss,False,1,False
2026-01-30 15:08:00+00:00,-1,0.7523502111434937,-20.0,stop_loss,False,1,False
2026-01-30 15:09:00+00:00,-1,0.6548981666564941,-20.0,stop_loss,False,1,False
2026-01-30 15:10:00+00:00,-1,0.8092516660690308,-20.0,stop_loss,False,1,False
2026-01-30 15:11:00+00:00,1,0.7993834614753723,7.5,target_full,True,1,True
2026-01-30 15:14:00+00:00,-1,0.6050058603286743,-20.0,stop_loss,False,1,False
2026-01-30 15:15:00+00:00,1,0.7369536757469177,7.5,target_full,True,1,True
2026-01-30 15:16:00+00:00,1,0.6992595195770264,7.5,target_full,True,1,True
2026-01-30 15:17:00+00:00,1,0.6700963973999023,5.0,trail_stop,True,2,True
2026-01-30 15:18:00+00:00,1,0.6806739568710327,-20.0,stop_loss,False,6,False
2026-01-30 15:19:00+00:00,1,0.6124923229217529,5.0,trail_stop,True,4,True
2026-01-30 15:20:00+00:00,-1,0.5625273585319519,5.0,trail_stop,True,4,True
2026-01-30 15:22:00+00:00,1,0.7466773986816406,-20.0,stop_loss,False,2,False
2026-01-30 15:23:00+00:00,1,0.6343340873718262,-20.0,stop_loss,False,1,False
2026-01-30 15:24:00+00:00,-1,0.7834326028823853,5.0,trail_stop,True,2,True
2026-01-30 15:25:00+00:00,-1,0.7185109853744507,-20.0,stop_loss,False,9,False
2026-01-30 15:26:00+00:00,-1,0.8269840478897095,5.0,trail_stop,True,2,True
2026-01-30 15:28:00+00:00,1,0.6566778421401978,5.0,trail_stop,True,2,True
2026-01-30 15:30:00+00:00,1,0.5969760417938232,7.5,target_full,True,4,True
2026-01-30 15:31:00+00:00,1,0.604753851890564,7.5,target_full,True,3,True
2026-01-30 15:35:00+00:00,1,0.7872244119644165,5.0,trail_stop,True,6,True
2026-01-30 15:38:00+00:00,-1,0.6782671213150024,-20.0,stop_loss,False,3,False
2026-01-30 15:39:00+00:00,-1,0.7881767749786377,7.5,target_full,True,6,True
2026-01-30 15:40:00+00:00,1,0.6431140303611755,5.0,trail_stop,True,2,True
2026-01-30 15:44:00+00:00,-1,0.6306596994400024,7.5,target_full,True,1,True
2026-01-30 15:46:00+00:00,-1,0.588936448097229,-20.0,stop_loss,False,4,False
2026-01-30 15:47:00+00:00,-1,0.607249915599823,5.0,trail_stop,True,6,True
2026-01-30 15:51:00+00:00,1,0.6105984449386597,-20.0,stop_loss,False,2,False
2026-01-30 15:52:00+00:00,-1,0.6435582637786865,7.5,target_full,True,1,True
2026-01-30 15:54:00+00:00,-1,0.765415370464325,5.0,trail_stop,True,8,True
2026-01-30 15:55:00+00:00,-1,0.6638622879981995,5.0,trail_stop,True,2,True
2026-01-30 15:56:00+00:00,-1,0.6829532384872437,7.5,target_full,True,1,True
2026-01-30 15:57:00+00:00,1,0.7132318615913391,5.0,trail_stop,True,2,True
2026-01-30 15:58:00+00:00,1,0.5731450915336609,-20.0,stop_loss,False,4,False
2026-01-30 16:02:00+00:00,-1,0.5643147826194763,7.5,target_full,True,1,True
2026-01-30 16:03:00+00:00,-1,0.5574405789375305,5.0,trail_stop,True,2,True
2026-01-30 16:05:00+00:00,-1,0.5939183831214905,5.0,trail_stop,True,5,True
2026-01-30 16:07:00+00:00,1,0.6227740049362183,5.0,trail_stop,True,2,True
2026-01-30 16:11:00+00:00,-1,0.5631963610649109,5.0,trail_stop,True,6,True
2026-01-30 16:14:00+00:00,1,0.6011095643043518,-20.0,stop_loss,False,3,False
2026-01-30 16:17:00+00:00,-1,0.6313425302505493,7.5,target_full,True,1,True
2026-01-30 16:20:00+00:00,1,0.6354231238365173,-20.0,stop_loss,False,1,False
2026-01-30 16:21:00+00:00,-1,0.7176777720451355,5.0,trail_stop,True,2,True
2026-01-30 16:24:00+00:00,-1,0.7137558460235596,-20.0,stop_loss,False,3,False
2026-01-30 16:25:00+00:00,-1,0.6339447498321533,5.0,trail_stop,True,4,True
2026-01-30 16:26:00+00:00,1,0.5738504528999329,5.0,trail_stop,True,2,True
2026-01-30 16:30:00+00:00,-1,0.6181904077529907,7.5,target_full,True,3,True
2026-01-30 16:31:00+00:00,1,0.638966977596283,7.5,target_full,True,1,True
2026-01-30 16:32:00+00:00,1,0.7508646249771118,-20.0,stop_loss,False,1,False
2026-01-30 16:33:00+00:00,-1,0.8590203523635864,7.5,target_full,True,1,True
2026-01-30 16:34:00+00:00,-1,0.8582716584205627,7.5,target_full,True,1,True
2026-01-30 16:37:00+00:00,-1,0.6870183944702148,-20.0,stop_loss,False,2,False
2026-01-30 16:38:00+00:00,1,0.6242943406105042,7.5,target_full,True,1,True
2026-01-30 16:40:00+00:00,1,0.8335373401641846,7.5,target_full,True,1,True
2026-01-30 16:42:00+00:00,1,0.8109397888183594,7.5,target_full,True,1,True
2026-01-30 16:43:00+00:00,1,0.7843039631843567,5.0,trail_stop,True,2,True
2026-01-30 16:45:00+00:00,1,0.7219793796539307,-20.0,stop_loss,False,2,False
2026-01-30 16:47:00+00:00,-1,0.6911901235580444,7.5,target_full,True,1,True
2026-01-30 16:48:00+00:00,-1,0.6153148412704468,7.5,target_full,True,1,True
2026-01-30 16:53:00+00:00,1,0.755643904209137,5.0,trail_stop,True,2,True
2026-01-30 16:59:00+00:00,1,0.6618903875350952,-20.0,stop_loss,False,5,False
2026-01-30 17:00:00+00:00,1,0.6194093823432922,5.0,trail_stop,True,2,True
2026-01-30 17:01:00+00:00,-1,0.6391351222991943,5.0,trail_stop,True,3,True
2026-01-30 17:02:00+00:00,-1,0.6809948086738586,7.5,target_full,True,1,True
2026-01-30 17:06:00+00:00,-1,0.7704809308052063,7.5,target_full,True,1,True
2026-01-30 17:10:00+00:00,1,0.6464836001396179,-20.0,stop_loss,False,1,False
2026-01-30 17:11:00+00:00,1,0.6520595550537109,-20.0,stop_loss,False,1,False
2026-01-30 17:12:00+00:00,-1,0.7994832396507263,5.0,trail_stop,True,2,True
2026-01-30 17:15:00+00:00,1,0.6403924226760864,-20.0,stop_loss,False,2,False
2026-01-30 17:17:00+00:00,-1,0.8143328428268433,7.5,target_full,True,1,True
2026-01-30 17:18:00+00:00,-1,0.6136444211006165,7.5,target_full,True,1,True
2026-01-30 17:19:00+00:00,-1,0.6094998121261597,5.0,trail_stop,True,2,True
2026-01-30 17:22:00+00:00,1,0.6850675344467163,7.5,target_full,True,1,True
2026-01-30 17:23:00+00:00,1,0.676262617111206,7.5,target_full,True,1,True
2026-01-30 17:24:00+00:00,1,0.6659460067749023,7.5,target_full,True,1,True
2026-01-30 17:25:00+00:00,1,0.8032537698745728,-20.0,stop_loss,False,1,False
2026-01-30 17:26:00+00:00,1,0.7922703623771667,-20.0,stop_loss,False,4,False
2026-01-30 17:30:00+00:00,-1,0.6370404362678528,7.5,target_full,True,1,True
2026-01-30 17:31:00+00:00,-1,0.5854880213737488,7.5,target_full,True,1,True
2026-01-30 17:34:00+00:00,1,0.6686280965805054,-20.0,stop_loss,False,4,False
2026-01-30 17:35:00+00:00,1,0.6241886615753174,5.0,trail_stop,True,2,True
2026-01-30 17:38:00+00:00,-1,0.6621484756469727,7.5,target_full,True,1,True
2026-01-30 17:39:00+00:00,-1,0.5867077112197876,7.5,target_full,True,2,True
2026-01-30 17:41:00+00:00,1,0.6649497151374817,-20.0,stop_loss,False,1,False
2026-01-30 17:42:00+00:00,-1,0.7946244478225708,7.5,target_full,True,1,True
2026-01-30 17:43:00+00:00,-1,0.6789501309394836,-20.0,stop_loss,False,3,False
2026-01-30 17:47:00+00:00,1,0.621986448764801,-20.0,stop_loss,False,1,False
2026-01-30 17:48:00+00:00,1,0.5890823602676392,-20.0,stop_loss,False,1,False
2026-01-30 17:49:00+00:00,-1,0.6388493776321411,7.5,target_full,True,1,True
2026-01-30 17:55:00+00:00,-1,0.6963685750961304,-20.0,stop_loss,False,1,False
2026-01-30 17:56:00+00:00,1,0.7323775291442871,7.5,target_full,True,1,True
2026-01-30 17:57:00+00:00,1,0.7905445098876953,-20.0,stop_loss,False,1,False
2026-01-30 17:58:00+00:00,1,0.745294451713562,7.5,target_full,True,1,True
2026-01-30 17:59:00+00:00,1,0.8297967910766602,7.5,target_full,True,1,True
2026-01-30 18:00:00+00:00,1,0.7896421551704407,7.5,target_full,True,1,True
2026-01-30 18:01:00+00:00,1,0.7410073280334473,5.0,trail_stop,True,2,True
2026-01-30 18:02:00+00:00,1,0.6852515339851379,7.5,target_full,True,1,True
2026-01-30 18:03:00+00:00,1,0.7487106919288635,7.5,target_full,True,1,True
2026-01-30 18:04:00+00:00,1,0.8429341912269592,-20.0,stop_loss,False,1,False
2026-01-30 18:05:00+00:00,1,0.7868496179580688,-20.0,stop_loss,False,1,False
2026-01-30 18:06:00+00:00,-1,0.7607778310775757,7.5,target_full,True,1,True
2026-01-30 18:10:00+00:00,-1,0.7305575013160706,7.5,target_full,True,1,True
2026-01-30 18:11:00+00:00,-1,0.7086215019226074,7.5,target_full,True,1,True
2026-01-30 18:12:00+00:00,-1,0.7933521270751953,-20.0,stop_loss,False,1,False
2026-01-30 18:13:00+00:00,-1,0.7293677926063538,7.5,target_full,True,1,True
2026-01-30 18:15:00+00:00,1,0.6758976578712463,-20.0,stop_loss,False,1,False
2026-01-30 18:23:00+00:00,1,0.765576183795929,-20.0,stop_loss,False,1,False
2026-01-30 18:24:00+00:00,-1,0.7899110913276672,-20.0,stop_loss,False,1,False
2026-01-30 18:25:00+00:00,1,0.7423808574676514,7.5,target_full,True,1,True
2026-01-30 18:26:00+00:00,1,0.7860583662986755,-20.0,stop_loss,False,1,False
2026-01-30 18:27:00+00:00,1,0.7537375688552856,-20.0,stop_loss,False,1,False
2026-01-30 18:28:00+00:00,-1,0.6675111055374146,-20.0,stop_loss,False,1,False
2026-01-30 18:29:00+00:00,-1,0.8359789848327637,7.5,target_full,True,1,True
2026-01-30 18:30:00+00:00,-1,0.733028769493103,-20.0,stop_loss,False,1,False
2026-01-30 18:31:00+00:00,1,0.7988054156303406,7.5,target_full,True,1,True
2026-01-30 18:32:00+00:00,1,0.719098687171936,7.5,target_full,True,1,True
2026-01-30 18:33:00+00:00,1,0.6936568021774292,-20.0,stop_loss,False,1,False
2026-01-30 18:34:00+00:00,1,0.789843738079071,-20.0,stop_loss,False,1,False
2026-01-30 18:35:00+00:00,-1,0.7670238018035889,7.5,target_full,True,1,True
2026-01-30 18:40:00+00:00,-1,0.718047559261322,-20.0,stop_loss,False,1,False
2026-01-30 18:41:00+00:00,1,0.8112097382545471,7.5,target_full,True,1,True
2026-01-30 18:42:00+00:00,1,0.7322517037391663,7.5,target_full,True,1,True
2026-01-30 18:43:00+00:00,1,0.6347322463989258,7.5,target_full,True,1,True
2026-01-30 18:44:00+00:00,1,0.8216333389282227,7.5,target_full,True,1,True
2026-01-30 18:45:00+00:00,1,0.747482419013977,7.5,target_full,True,1,True
2026-01-30 18:47:00+00:00,1,0.749321460723877,7.5,target_full,True,1,True
2026-01-30 18:48:00+00:00,1,0.7168349027633667,7.5,target_full,True,1,True
2026-01-30 18:50:00+00:00,1,0.5957013368606567,7.5,target_full,True,2,True
2026-01-30 18:52:00+00:00,-1,0.7105658650398254,-20.0,stop_loss,False,1,False
2026-01-30 18:53:00+00:00,1,0.8420406579971313,7.5,target_full,True,1,True
2026-01-30 18:54:00+00:00,1,0.7540978193283081,7.5,target_full,True,1,True
2026-01-30 18:55:00+00:00,1,0.8235174417495728,7.5,target_full,True,1,True
2026-01-30 18:57:00+00:00,1,0.7154524326324463,5.0,trail_stop,True,2,True
2026-01-30 19:00:00+00:00,1,0.8364902138710022,-20.0,stop_loss,False,1,False
2026-01-30 19:02:00+00:00,1,0.825789213180542,7.5,target_full,True,1,True
2026-01-30 19:03:00+00:00,-1,0.8238129615783691,5.0,trail_stop,True,2,True
2026-01-30 19:05:00+00:00,1,0.5686200857162476,-20.0,stop_loss,False,1,False
2026-01-30 19:07:00+00:00,-1,0.707184374332428,-20.0,stop_loss,False,1,False
2026-01-30 19:09:00+00:00,1,0.8141183853149414,-20.0,stop_loss,False,1,False
2026-01-30 19:11:00+00:00,-1,0.7958200573921204,7.5,target_full,True,1,True
2026-01-30 19:14:00+00:00,1,0.7538021206855774,-20.0,stop_loss,False,4,False
2026-01-30 19:22:00+00:00,-1,0.7996742725372314,5.0,trail_stop,True,2,True
2026-01-30 19:23:00+00:00,-1,0.560191810131073,-20.0,stop_loss,False,3,False
2026-01-30 19:24:00+00:00,-1,0.7078123092651367,5.0,trail_stop,True,2,True
2026-01-30 19:27:00+00:00,1,0.8200499415397644,5.0,trail_stop,True,2,True
2026-01-30 19:29:00+00:00,1,0.7365526556968689,5.0,trail_stop,True,3,True
2026-01-30 19:38:00+00:00,1,0.7439958453178406,-20.0,stop_loss,False,2,False
2026-01-30 19:39:00+00:00,1,0.6205573678016663,7.5,target_full,True,3,True
2026-01-30 19:41:00+00:00,-1,0.5556447505950928,-20.0,stop_loss,False,1,False
2026-01-30 19:42:00+00:00,-1,0.7189933061599731,-20.0,stop_loss,False,1,False
2026-01-30 19:43:00+00:00,1,0.7391762733459473,7.5,target_full,True,1,True
2026-01-30 19:44:00+00:00,1,0.6714826226234436,-20.0,stop_loss,False,2,False
2026-01-30 19:46:00+00:00,-1,0.5861628651618958,5.0,trail_stop,True,3,True
2026-01-30 19:47:00+00:00,-1,0.6589961647987366,7.5,target_full,True,1,True
2026-01-30 19:54:00+00:00,1,0.5889558792114258,7.5,target_full,True,1,True
2026-01-30 19:55:00+00:00,1,0.6202671527862549,5.0,trail_stop,True,2,True
2026-01-30 19:57:00+00:00,1,0.6507994532585144,-20.0,stop_loss,False,2,False
2026-01-30 19:59:00+00:00,-1,0.8736449480056763,7.5,target_full,True,1,True
2026-01-30 20:00:00+00:00,-1,0.6387123465538025,7.5,target_full,True,1,True
2026-01-30 20:05:00+00:00,1,0.5803227424621582,-20.0,stop_loss,False,1,False
2026-01-30 20:11:00+00:00,-1,0.5982846617698669,5.0,trail_stop,True,5,True
2026-01-30 20:13:00+00:00,1,0.6985203623771667,5.0,trail_stop,True,6,True
2026-01-30 20:24:00+00:00,-1,0.5963098406791687,7.5,target_full,True,4,True
2026-01-30 20:26:00+00:00,1,0.7499167323112488,-20.0,stop_loss,False,2,False
2026-01-30 20:27:00+00:00,1,0.7317994236946106,-20.0,stop_loss,False,4,False
2026-01-30 20:32:00+00:00,-1,0.7606760263442993,-20.0,stop_loss,False,1,False
2026-01-30 20:33:00+00:00,-1,0.6560449600219727,5.0,trail_stop,True,3,True
2026-01-30 20:54:00+00:00,-1,0.6111823916435242,7.5,target_full,True,1,True
2026-01-30 20:59:00+00:00,1,0.6592733860015869,7.5,target_full,True,2,True
2026-01-30 21:00:00+00:00,-1,0.6101581454277039,-20.0,stop_loss,False,1,False
2026-01-30 21:05:00+00:00,-1,0.7283933758735657,7.5,target_full,True,2,True
2026-01-30 21:07:00+00:00,-1,0.683232307434082,-20.0,stop_loss,False,9,False
2026-01-30 21:19:00+00:00,1,0.6919217705726624,7.5,target_full,True,1,True
2026-01-30 21:20:00+00:00,1,0.645282506942749,7.5,target_full,True,1,True
2026-01-30 21:26:00+00:00,-1,0.6638992428779602,5.0,trail_stop,True,2,True
2026-01-30 21:27:00+00:00,-1,0.5919619202613831,7.5,target_full,True,10,True
2026-01-30 21:30:00+00:00,1,0.6809660196304321,-20.0,stop_loss,False,7,False
2026-01-30 21:38:00+00:00,-1,0.6000893115997314,-20.0,stop_loss,False,12,False
2026-01-30 21:51:00+00:00,1,0.6634750366210938,5.0,trail_stop,True,2,True
2026-01-30 21:52:00+00:00,1,0.5546193718910217,5.0,trail_stop,True,6,True
2026-02-01 23:46:00+00:00,-1,0.6371057033538818,7.5,target_full,True,1,True
2026-02-01 23:51:00+00:00,1,0.5788191556930542,7.5,target_full,True,1,True
2026-02-01 23:52:00+00:00,1,0.6430410146713257,5.0,trail_stop,True,3,True
2026-02-02 00:07:00+00:00,-1,0.669197142124176,-20.0,stop_loss,False,1,False
2026-02-02 00:08:00+00:00,1,0.7412920594215393,7.5,target_full,True,1,True
2026-02-02 00:09:00+00:00,1,0.7115122079849243,7.5,target_full,True,1,True
2026-02-02 00:11:00+00:00,1,0.8297504782676697,5.0,trail_stop,True,2,True
2026-02-02 00:12:00+00:00,1,0.7822715044021606,7.5,target_full,True,1,True
2026-02-02 00:13:00+00:00,1,0.6882325410842896,7.5,target_full,True,1,True
2026-02-02 00:14:00+00:00,1,0.7299914956092834,5.0,trail_stop,True,2,True
2026-02-02 00:15:00+00:00,1,0.7460281252861023,7.5,target_full,True,2,True
2026-02-02 00:16:00+00:00,1,0.6958531141281128,7.5,target_full,True,1,True
2026-02-02 00:17:00+00:00,1,0.785763680934906,7.5,target_full,True,1,True
2026-02-02 00:18:00+00:00,1,0.7726751565933228,-20.0,stop_loss,False,1,False
2026-02-02 00:19:00+00:00,1,0.7007079124450684,7.5,target_full,True,1,True
2026-02-02 00:20:00+00:00,1,0.6543896794319153,7.5,target_full,True,1,True
2026-02-02 00:21:00+00:00,1,0.6986062526702881,-20.0,stop_loss,False,1,False
2026-02-02 00:22:00+00:00,1,0.7226690649986267,-20.0,stop_loss,False,1,False
2026-02-02 00:23:00+00:00,1,0.7306367754936218,-20.0,stop_loss,False,1,False
2026-02-02 00:24:00+00:00,-1,0.6901772022247314,7.5,target_full,True,1,True
2026-02-02 00:25:00+00:00,-1,0.7771838903427124,7.5,target_full,True,2,True
2026-02-02 00:28:00+00:00,1,0.62313312292099,-20.0,stop_loss,False,1,False
2026-02-02 00:30:00+00:00,-1,0.6583477258682251,5.0,trail_stop,True,2,True
2026-02-02 00:31:00+00:00,-1,0.6098899841308594,7.5,target_full,True,1,True
2026-02-02 00:32:00+00:00,-1,0.656914234161377,7.5,target_full,True,1,True
2026-02-02 00:33:00+00:00,-1,0.5799037218093872,-20.0,stop_loss,False,2,False
2026-02-02 00:34:00+00:00,-1,0.6459646224975586,-20.0,stop_loss,False,1,False
2026-02-02 00:41:00+00:00,1,0.7081153392791748,-20.0,stop_loss,False,1,False
2026-02-02 00:42:00+00:00,-1,0.6750637888908386,7.5,target_full,True,1,True
2026-02-02 00:43:00+00:00,-1,0.6083848476409912,7.5,target_full,True,1,True
2026-02-02 00:44:00+00:00,-1,0.61070716381073,7.5,target_full,True,1,True
2026-02-02 00:45:00+00:00,-1,0.5818727612495422,7.5,target_full,True,1,True
2026-02-02 00:47:00+00:00,-1,0.6251283884048462,7.5,target_full,True,8,True
2026-02-02 00:48:00+00:00,-1,0.6333867311477661,7.5,target_full,True,2,True
2026-02-02 00:51:00+00:00,-1,0.6251271963119507,7.5,target_full,True,3,True
2026-02-02 00:55:00+00:00,-1,0.6249061822891235,7.5,target_full,True,1,True
2026-02-02 00:56:00+00:00,-1,0.6552308797836304,7.5,target_full,True,3,True
2026-02-02 00:57:00+00:00,-1,0.622959315776825,5.0,trail_stop,True,2,True
2026-02-02 00:59:00+00:00,1,0.5913344621658325,-20.0,stop_loss,False,1,False
2026-02-02 01:00:00+00:00,-1,0.6496046185493469,-20.0,stop_loss,False,1,False
2026-02-02 01:01:00+00:00,-1,0.6425646543502808,-20.0,stop_loss,False,1,False
2026-02-02 01:02:00+00:00,1,0.7513874173164368,-20.0,stop_loss,False,1,False
2026-02-02 01:03:00+00:00,1,0.7224999666213989,-20.0,stop_loss,False,1,False
2026-02-02 01:04:00+00:00,1,0.6667929887771606,-20.0,stop_loss,False,1,False
2026-02-02 01:05:00+00:00,-1,0.7375171780586243,7.5,target_full,True,1,True
2026-02-02 01:06:00+00:00,-1,0.6993668675422668,7.5,target_full,True,1,True
2026-02-02 01:07:00+00:00,-1,0.6107673645019531,7.5,target_full,True,1,True
2026-02-02 01:08:00+00:00,-1,0.5585142970085144,7.5,target_full,True,1,True
2026-02-02 01:16:00+00:00,1,0.6334080696105957,-20.0,stop_loss,False,1,False
2026-02-02 01:17:00+00:00,1,0.5770224928855896,7.5,target_full,True,2,True
2026-02-02 01:19:00+00:00,-1,0.6414609551429749,-20.0,stop_loss,False,1,False
2026-02-02 01:20:00+00:00,1,0.6859884262084961,-20.0,stop_loss,False,1,False
2026-02-02 01:21:00+00:00,1,0.6559543013572693,-20.0,stop_loss,False,1,False
2026-02-02 01:22:00+00:00,1,0.60663241147995,-20.0,stop_loss,False,1,False
2026-02-02 01:23:00+00:00,-1,0.6765461564064026,-20.0,stop_loss,False,1,False
2026-02-02 01:24:00+00:00,-1,0.6098567843437195,-20.0,stop_loss,False,1,False
2026-02-02 01:25:00+00:00,-1,0.6081772446632385,-20.0,stop_loss,False,1,False
2026-02-02 01:26:00+00:00,1,0.6665424704551697,7.5,target_full,True,1,True
2026-02-02 01:27:00+00:00,1,0.6567586660385132,7.5,target_full,True,1,True
2026-02-02 01:28:00+00:00,1,0.6622693538665771,-20.0,stop_loss,False,1,False
2026-02-02 01:29:00+00:00,1,0.74247807264328,-20.0,stop_loss,False,1,False
2026-02-02 01:30:00+00:00,-1,0.6001054048538208,-20.0,stop_loss,False,2,False
2026-02-02 01:31:00+00:00,-1,0.6653202772140503,-20.0,stop_loss,False,1,False
2026-02-02 01:32:00+00:00,-1,0.7212315201759338,-20.0,stop_loss,False,2,False
2026-02-02 01:33:00+00:00,1,0.7508392333984375,7.5,target_full,True,1,True
2026-02-02 01:34:00+00:00,1,0.7411608695983887,7.5,target_full,True,1,True
2026-02-02 01:35:00+00:00,1,0.6591961979866028,5.0,trail_stop,True,2,True
2026-02-02 01:36:00+00:00,1,0.6788216829299927,-20.0,stop_loss,False,1,False
2026-02-02 01:37:00+00:00,1,0.7014613151550293,5.0,trail_stop,True,2,True
2026-02-02 01:40:00+00:00,-1,0.6021065711975098,7.5,target_full,True,1,True
2026-02-02 01:41:00+00:00,-1,0.6010947823524475,5.0,trail_stop,True,2,True
2026-02-02 01:42:00+00:00,-1,0.5959271192550659,-20.0,stop_loss,False,4,False
2026-02-02 01:43:00+00:00,-1,0.6535728573799133,5.0,trail_stop,True,2,True
2026-02-02 01:45:00+00:00,1,0.6666014790534973,7.5,target_full,True,1,True
2026-02-02 01:47:00+00:00,1,0.7381587028503418,7.5,target_full,True,3,True
2026-02-02 01:48:00+00:00,1,0.6769418716430664,5.0,trail_stop,True,2,True
2026-02-02 01:50:00+00:00,-1,0.7670713663101196,5.0,trail_stop,True,6,True
2026-02-02 01:51:00+00:00,1,0.7328103184700012,-20.0,stop_loss,False,4,False
2026-02-02 01:52:00+00:00,1,0.668648898601532,5.0,trail_stop,True,2,True
2026-02-02 01:57:00+00:00,1,0.6715601086616516,5.0,trail_stop,True,3,True
2026-02-02 01:59:00+00:00,1,0.7007526159286499,-20.0,stop_loss,False,3,False
2026-02-02 02:01:00+00:00,-1,0.6785787343978882,7.5,target_full,True,1,True
2026-02-02 02:03:00+00:00,-1,0.7264255881309509,5.0,trail_stop,True,2,True
2026-02-02 02:05:00+00:00,-1,0.5882043242454529,7.5,target_full,True,4,True
2026-02-02 02:06:00+00:00,1,0.6437572836875916,-20.0,stop_loss,False,3,False
2026-02-02 02:08:00+00:00,1,0.6538988351821899,-20.0,stop_loss,False,2,False
2026-02-02 02:09:00+00:00,-1,0.58636474609375,7.5,target_full,True,1,True
2026-02-02 02:11:00+00:00,-1,0.690418004989624,-20.0,stop_loss,False,1,False
2026-02-02 02:12:00+00:00,1,0.587189257144928,7.5,target_full,True,1,True
2026-02-02 02:13:00+00:00,1,0.6752912998199463,5.0,trail_stop,True,2,True
2026-02-02 02:16:00+00:00,1,0.7486206293106079,-20.0,stop_loss,False,1,False
2026-02-02 02:18:00+00:00,1,0.6640944480895996,5.0,trail_stop,True,3,True
2026-02-02 02:22:00+00:00,-1,0.7491975426673889,5.0,trail_stop,True,2,True
2026-02-02 02:27:00+00:00,1,0.6598655581474304,5.0,trail_stop,True,2,True
2026-02-02 02:29:00+00:00,1,0.6833711862564087,7.5,target_full,True,2,True
2026-02-02 02:30:00+00:00,1,0.7704559564590454,7.5,target_full,True,1,True
2026-02-02 02:32:00+00:00,1,0.65479975938797,-20.0,stop_loss,False,8,False
2026-02-02 02:33:00+00:00,1,0.6571047902107239,5.0,trail_stop,True,3,True
2026-02-02 02:34:00+00:00,1,0.7146642208099365,7.5,target_full,True,1,True
2026-02-02 02:35:00+00:00,-1,0.6995728611946106,5.0,trail_stop,True,2,True
2026-02-02 02:36:00+00:00,1,0.6107501983642578,7.5,target_full,True,5,True
2026-02-02 02:42:00+00:00,1,0.7097996473312378,-20.0,stop_loss,False,2,False
2026-02-02 02:43:00+00:00,1,0.7183253169059753,-20.0,stop_loss,False,1,False
2026-02-02 02:46:00+00:00,-1,0.6591691970825195,7.5,target_full,True,1,True
2026-02-02 02:47:00+00:00,-1,0.6565179228782654,7.5,target_full,True,1,True
2026-02-02 02:48:00+00:00,-1,0.6525627374649048,7.5,target_full,True,1,True
2026-02-02 02:57:00+00:00,-1,0.5805867910385132,-20.0,stop_loss,False,2,False
2026-02-02 02:58:00+00:00,-1,0.6002064943313599,-20.0,stop_loss,False,1,False
2026-02-02 03:00:00+00:00,1,0.7432539463043213,-20.0,stop_loss,False,2,False
2026-02-02 03:01:00+00:00,1,0.6891294717788696,5.0,trail_stop,True,5,True
2026-02-02 03:03:00+00:00,-1,0.643027663230896,5.0,trail_stop,True,2,True
2026-02-02 03:04:00+00:00,-1,0.6082862615585327,5.0,trail_stop,True,9,True
2026-02-02 03:05:00+00:00,-1,0.6373322606086731,5.0,trail_stop,True,3,True
2026-02-02 03:06:00+00:00,1,0.6505480408668518,-20.0,stop_loss,False,6,False
2026-02-02 03:13:00+00:00,-1,0.6819459795951843,7.5,target_full,True,1,True
2026-02-02 03:14:00+00:00,-1,0.7104005217552185,7.5,target_full,True,1,True
2026-02-02 03:17:00+00:00,1,0.6887131929397583,7.5,target_full,True,1,True
2026-02-02 03:18:00+00:00,1,0.6204224228858948,7.5,target_full,True,1,True
2026-02-02 03:28:00+00:00,-1,0.5658215880393982,7.5,target_full,True,2,True
2026-02-02 03:35:00+00:00,-1,0.5642892122268677,5.0,trail_stop,True,3,True
2026-02-02 03:36:00+00:00,-1,0.6295762658119202,7.5,target_full,True,1,True
2026-02-02 03:37:00+00:00,-1,0.6193733215332031,7.5,target_full,True,1,True
2026-02-02 03:40:00+00:00,-1,0.6008535623550415,-20.0,stop_loss,False,1,False
2026-02-02 03:41:00+00:00,1,0.6391575336456299,7.5,target_full,True,1,True
2026-02-02 03:43:00+00:00,1,0.6172811985015869,5.0,trail_stop,True,2,True
2026-02-02 03:46:00+00:00,1,0.7418799996376038,7.5,target_full,True,1,True
2026-02-02 03:47:00+00:00,1,0.7449530363082886,7.5,target_full,True,1,True
2026-02-02 03:48:00+00:00,1,0.6831514835357666,-20.0,stop_loss,False,5,False
2026-02-02 03:50:00+00:00,1,0.6376465559005737,-20.0,stop_loss,False,3,False
2026-02-02 03:51:00+00:00,-1,0.6697268486022949,5.0,trail_stop,True,2,True
2026-02-02 03:53:00+00:00,-1,0.6673686504364014,7.5,target_full,True,1,True
2026-02-02 03:54:00+00:00,-1,0.6445658206939697,7.5,target_full,True,2,True
2026-02-02 03:57:00+00:00,-1,0.6480057239532471,5.0,trail_stop,True,2,True
2026-02-02 04:01:00+00:00,-1,0.6101000905036926,7.5,target_full,True,1,True
2026-02-02 04:02:00+00:00,-1,0.601577877998352,5.0,trail_stop,True,2,True
2026-02-02 04:04:00+00:00,-1,0.5893072485923767,-20.0,stop_loss,False,1,False
2026-02-02 04:05:00+00:00,1,0.6053236126899719,7.5,target_full,True,1,True
2026-02-02 04:06:00+00:00,1,0.6376510262489319,7.5,target_full,True,1,True
2026-02-02 04:08:00+00:00,1,0.6737427115440369,7.5,target_full,True,1,True
2026-02-02 04:09:00+00:00,1,0.7292786240577698,-20.0,stop_loss,False,2,False
2026-02-02 04:11:00+00:00,-1,0.6077923774719238,7.5,target_full,True,1,True
2026-02-02 04:12:00+00:00,-1,0.59587562084198,-20.0,stop_loss,False,1,False
2026-02-02 04:15:00+00:00,1,0.6268458366394043,5.0,trail_stop,True,3,True
2026-02-02 04:19:00+00:00,1,0.6106008291244507,-20.0,stop_loss,False,2,False
2026-02-02 04:20:00+00:00,1,0.6059279441833496,-20.0,stop_loss,False,7,False
2026-02-02 04:32:00+00:00,1,0.6161195635795593,-20.0,stop_loss,False,5,False
2026-02-02 04:46:00+00:00,1,0.7171364426612854,-20.0,stop_loss,False,2,False
2026-02-02 04:48:00+00:00,-1,0.7009492516517639,7.5,target_full,True,1,True
2026-02-02 04:57:00+00:00,-1,0.6713998317718506,5.0,trail_stop,True,3,True
2026-02-02 05:06:00+00:00,-1,0.6830021739006042,5.0,trail_stop,True,2,True
2026-02-02 05:07:00+00:00,-1,0.6249847412109375,5.0,trail_stop,True,4,True
2026-02-02 05:11:00+00:00,-1,0.6897327303886414,7.5,target_full,True,1,True
2026-02-02 05:12:00+00:00,-1,0.6765950322151184,7.5,target_full,True,1,True
2026-02-02 05:23:00+00:00,-1,0.6426846981048584,5.0,trail_stop,True,5,True
2026-02-02 05:27:00+00:00,-1,0.6567365527153015,5.0,trail_stop,True,2,True
2026-02-02 05:30:00+00:00,-1,0.5620648860931396,7.5,target_full,True,1,True
2026-02-02 05:31:00+00:00,-1,0.5627181529998779,7.5,target_full,True,4,True
2026-02-02 05:36:00+00:00,-1,0.5523408651351929,7.5,target_full,True,1,True
2026-02-02 05:37:00+00:00,-1,0.5582007765769958,-20.0,stop_loss,False,1,False
2026-02-02 05:40:00+00:00,1,0.5682094097137451,-20.0,stop_loss,False,3,False
2026-02-02 05:46:00+00:00,-1,0.5524525046348572,7.5,target_full,True,1,True
2026-02-02 05:52:00+00:00,-1,0.5738826990127563,-20.0,stop_loss,False,1,False
2026-02-02 05:57:00+00:00,1,0.664918065071106,7.5,target_full,True,1,True
2026-02-02 05:58:00+00:00,1,0.6050534248352051,-20.0,stop_loss,False,1,False
2026-02-02 05:59:00+00:00,1,0.6820171475410461,7.5,target_full,True,1,True
2026-02-02 06:00:00+00:00,1,0.6343789100646973,-20.0,stop_loss,False,1,False
2026-02-02 06:02:00+00:00,1,0.6769422292709351,5.0,trail_stop,True,2,True
2026-02-02 06:03:00+00:00,-1,0.693271279335022,7.5,target_full,True,1,True
2026-02-02 06:07:00+00:00,-1,0.5624117851257324,-20.0,stop_loss,False,1,False
2026-02-02 06:09:00+00:00,1,0.6914925575256348,5.0,trail_stop,True,2,True
2026-02-02 06:12:00+00:00,-1,0.5898621678352356,7.5,target_full,True,4,True
2026-02-02 06:17:00+00:00,-1,0.6404684782028198,7.5,target_full,True,2,True
2026-02-02 06:20:00+00:00,-1,0.5532683730125427,7.5,target_full,True,1,True
2026-02-02 06:21:00+00:00,-1,0.6066570281982422,7.5,target_full,True,1,True
2026-02-02 06:25:00+00:00,-1,0.5661359429359436,7.5,target_full,True,1,True
2026-02-02 06:26:00+00:00,-1,0.589830219745636,-20.0,stop_loss,False,1,False
2026-02-02 06:27:00+00:00,1,0.5630358457565308,7.5,target_full,True,1,True
2026-02-02 06:28:00+00:00,1,0.5981002449989319,7.5,target_full,True,1,True
2026-02-02 06:29:00+00:00,1,0.6146189570426941,7.5,target_full,True,1,True
2026-02-02 06:30:00+00:00,1,0.6267083883285522,-20.0,stop_loss,False,1,False
2026-02-02 06:31:00+00:00,1,0.6074162721633911,-20.0,stop_loss,False,3,False
2026-02-02 06:32:00+00:00,-1,0.6745196580886841,7.5,target_full,True,1,True
2026-02-02 06:35:00+00:00,-1,0.6386424899101257,7.5,target_full,True,1,True
2026-02-02 06:36:00+00:00,-1,0.6612697839736938,7.5,target_full,True,1,True
2026-02-02 06:37:00+00:00,-1,0.5759310126304626,7.5,target_full,True,1,True
2026-02-02 06:38:00+00:00,-1,0.6235195994377136,-20.0,stop_loss,False,2,False
2026-02-02 06:41:00+00:00,1,0.5631359815597534,7.5,target_full,True,1,True
2026-02-02 06:42:00+00:00,1,0.5514634251594543,7.5,target_full,True,1,True
2026-02-02 06:44:00+00:00,1,0.5870456099510193,5.0,trail_stop,True,2,True
2026-02-02 06:45:00+00:00,1,0.6145528554916382,-20.0,stop_loss,False,3,False
2026-02-02 06:49:00+00:00,-1,0.674199104309082,-20.0,stop_loss,False,1,False
2026-02-02 06:50:00+00:00,1,0.6355143785476685,7.5,target_full,True,2,True
2026-02-02 06:54:00+00:00,1,0.7373163104057312,7.5,target_full,True,1,True
2026-02-02 06:55:00+00:00,1,0.6437617540359497,7.5,target_full,True,1,True
2026-02-02 06:56:00+00:00,1,0.6965175271034241,7.5,target_full,True,1,True
2026-02-02 06:57:00+00:00,1,0.6911443471908569,-20.0,stop_loss,False,1,False
2026-02-02 06:58:00+00:00,1,0.6166139245033264,5.0,trail_stop,True,2,True
2026-02-02 07:01:00+00:00,1,0.6386809945106506,7.5,target_full,True,1,True
2026-02-02 07:02:00+00:00,1,0.6197776198387146,7.5,target_full,True,1,True
2026-02-02 07:03:00+00:00,1,0.6446609497070312,7.5,target_full,True,3,True
2026-02-02 07:06:00+00:00,-1,0.6370067596435547,-20.0,stop_loss,False,1,False
2026-02-02 07:07:00+00:00,1,0.6659574508666992,5.0,trail_stop,True,2,True
2026-02-02 07:09:00+00:00,1,0.664238691329956,-20.0,stop_loss,False,1,False
2026-02-02 07:15:00+00:00,1,0.6642475128173828,-20.0,stop_loss,False,1,False
2026-02-02 07:16:00+00:00,-1,0.6203929781913757,5.0,trail_stop,True,3,True
2026-02-02 07:20:00+00:00,-1,0.5597342848777771,5.0,trail_stop,True,3,True
2026-02-02 07:24:00+00:00,1,0.7325847744941711,7.5,target_full,True,1,True
2026-02-02 07:25:00+00:00,1,0.6954734325408936,-20.0,stop_loss,False,3,False
2026-02-02 07:37:00+00:00,1,0.6821733117103577,5.0,trail_stop,True,2,True
2026-02-02 07:39:00+00:00,1,0.678827702999115,7.5,target_full,True,1,True
2026-02-02 07:40:00+00:00,1,0.7020642161369324,7.5,target_full,True,4,True
2026-02-02 07:45:00+00:00,1,0.6319159269332886,5.0,trail_stop,True,2,True
2026-02-02 07:46:00+00:00,1,0.6866312623023987,5.0,trail_stop,True,2,True
2026-02-02 07:49:00+00:00,1,0.7234609723091125,-20.0,stop_loss,False,1,False
2026-02-02 07:51:00+00:00,-1,0.5577009320259094,7.5,target_full,True,1,True
2026-02-02 08:08:00+00:00,1,0.733462929725647,7.5,target_full,True,1,True
2026-02-02 08:09:00+00:00,1,0.7207286357879639,5.0,trail_stop,True,2,True
2026-02-02 08:10:00+00:00,1,0.702451229095459,-20.0,stop_loss,False,1,False
2026-02-02 08:11:00+00:00,1,0.6722995638847351,5.0,trail_stop,True,7,True
2026-02-02 08:20:00+00:00,1,0.665433406829834,5.0,trail_stop,True,2,True
2026-02-02 08:21:00+00:00,1,0.6589648723602295,-20.0,stop_loss,False,5,False
2026-02-02 08:35:00+00:00,-1,0.7149068117141724,5.0,trail_stop,True,2,True
2026-02-02 08:36:00+00:00,-1,0.7064732909202576,7.5,target_full,True,1,True
2026-02-02 09:04:00+00:00,-1,0.6398558020591736,5.0,trail_stop,True,2,True
2026-02-02 09:11:00+00:00,1,0.7301241159439087,-20.0,stop_loss,False,4,False
2026-02-02 09:26:00+00:00,1,0.7919861674308777,7.5,target_full,True,1,True
2026-02-02 09:27:00+00:00,1,0.7289402484893799,5.0,trail_stop,True,2,True
2026-02-02 09:28:00+00:00,1,0.7179234623908997,5.0,trail_stop,True,2,True
2026-02-02 09:34:00+00:00,-1,0.6110633015632629,5.0,trail_stop,True,2,True
2026-02-02 09:36:00+00:00,-1,0.61225426197052,5.0,trail_stop,True,6,True
2026-02-02 09:48:00+00:00,1,0.6928800344467163,5.0,trail_stop,True,2,True
2026-02-02 09:50:00+00:00,-1,0.6659425497055054,5.0,trail_stop,True,2,True
2026-02-02 09:55:00+00:00,1,0.6425900459289551,5.0,trail_stop,True,6,True
2026-02-02 10:08:00+00:00,1,0.6290535926818848,5.0,trail_stop,True,4,True
2026-02-02 10:20:00+00:00,-1,0.6123545169830322,7.5,target_full,True,1,True
2026-02-02 10:21:00+00:00,-1,0.6084389090538025,5.0,trail_stop,True,4,True
2026-02-02 10:25:00+00:00,-1,0.6000089049339294,7.5,target_full,True,1,True
2026-02-02 10:41:00+00:00,-1,0.6380760073661804,7.5,target_full,True,3,True
2026-02-02 10:45:00+00:00,-1,0.6908056735992432,-20.0,stop_loss,False,4,False
2026-02-02 10:46:00+00:00,-1,0.6038872599601746,-20.0,stop_loss,False,4,False
2026-02-02 11:13:00+00:00,1,0.7719960808753967,7.5,target_full,True,1,True
2026-02-02 11:14:00+00:00,1,0.7201937437057495,5.0,trail_stop,True,4,True
2026-02-02 11:15:00+00:00,1,0.7276009321212769,7.5,target_full,True,2,True
2026-02-02 11:25:00+00:00,-1,0.6908532977104187,5.0,trail_stop,True,2,True
2026-02-02 11:36:00+00:00,1,0.6899120807647705,5.0,trail_stop,True,3,True
2026-02-02 11:56:00+00:00,1,0.6482946872711182,7.5,target_full,True,3,True
2026-02-02 12:00:00+00:00,1,0.7283617258071899,-20.0,stop_loss,False,2,False
2026-02-02 12:02:00+00:00,-1,0.6407917737960815,5.0,trail_stop,True,3,True
2026-02-02 12:05:00+00:00,-1,0.7352358102798462,5.0,trail_stop,True,2,True
2026-02-02 12:10:00+00:00,1,0.7478566765785217,5.0,trail_stop,True,9,True
2026-02-02 12:11:00+00:00,1,0.7672221064567566,5.0,trail_stop,True,8,True
2026-02-02 12:16:00+00:00,1,0.6360638737678528,7.5,target_full,True,2,True
2026-02-02 12:19:00+00:00,1,0.6278019547462463,7.5,target_full,True,3,True
2026-02-02 12:20:00+00:00,-1,0.6608837246894836,-20.0,stop_loss,False,2,False
2026-02-02 12:23:00+00:00,1,0.6468573212623596,-15.320000000000618,timeout,False,12,False
2026-02-02 12:24:00+00:00,1,0.6580935716629028,5.0,trail_stop,True,8,True
2026-02-02 12:43:00+00:00,1,0.6594521999359131,7.5,target_full,True,1,True
2026-02-02 12:45:00+00:00,1,0.6044244766235352,-20.0,stop_loss,False,3,False
2026-02-02 12:47:00+00:00,1,0.6620048880577087,-20.0,stop_loss,False,2,False
2026-02-02 12:48:00+00:00,-1,0.7152459025382996,5.0,trail_stop,True,2,True
2026-02-02 12:50:00+00:00,-1,0.662942111492157,5.0,trail_stop,True,6,True
2026-02-02 12:51:00+00:00,1,0.5735945105552673,5.0,trail_stop,True,2,True
2026-02-02 12:52:00+00:00,1,0.6245864033699036,-20.0,stop_loss,False,3,False
2026-02-02 12:53:00+00:00,1,0.633266270160675,5.0,trail_stop,True,5,True
2026-02-02 12:56:00+00:00,-1,0.625227689743042,-20.0,stop_loss,False,3,False
2026-02-02 12:57:00+00:00,-1,0.6339246034622192,7.5,target_full,True,2,True
2026-02-02 12:58:00+00:00,1,0.6376773118972778,-20.0,stop_loss,False,1,False
2026-02-02 13:00:00+00:00,-1,0.6382297277450562,7.5,target_full,True,1,True
2026-02-02 13:01:00+00:00,-1,0.5891144871711731,7.5,target_full,True,1,True
2026-02-02 13:02:00+00:00,-1,0.5849701762199402,-20.0,stop_loss,False,1,False
2026-02-02 13:06:00+00:00,1,0.6132623553276062,7.5,target_full,True,1,True
2026-02-02 13:07:00+00:00,1,0.6717875003814697,7.5,target_full,True,1,True
2026-02-02 13:09:00+00:00,1,0.5765199065208435,7.5,target_full,True,1,True
2026-02-02 13:10:00+00:00,1,0.6433359384536743,-20.0,stop_loss,False,3,False
2026-02-02 13:12:00+00:00,-1,0.5983926653862,5.0,trail_stop,True,2,True
2026-02-02 13:14:00+00:00,-1,0.6246911883354187,7.5,target_full,True,1,True
2026-02-02 13:15:00+00:00,-1,0.6995092034339905,7.5,target_full,True,1,True
2026-02-02 13:16:00+00:00,-1,0.7113257646560669,7.5,target_full,True,1,True
2026-02-02 13:20:00+00:00,-1,0.5554508566856384,5.0,trail_stop,True,3,True
2026-02-02 13:22:00+00:00,1,0.6219689846038818,-20.0,stop_loss,False,1,False
2026-02-02 13:23:00+00:00,-1,0.6537821292877197,7.5,target_full,True,1,True
2026-02-02 13:24:00+00:00,-1,0.6275427937507629,7.5,target_full,True,3,True
2026-02-02 13:26:00+00:00,-1,0.5845314264297485,7.5,target_full,True,1,True
2026-02-02 13:27:00+00:00,1,0.6388896107673645,5.0,trail_stop,True,2,True
2026-02-02 13:28:00+00:00,-1,0.6568183898925781,5.0,trail_stop,True,2,True
2026-02-02 13:29:00+00:00,-1,0.606564462184906,7.5,target_full,True,1,True
2026-02-02 13:30:00+00:00,-1,0.6674941182136536,7.5,target_full,True,1,True
2026-02-02 13:31:00+00:00,-1,0.6483591198921204,7.5,target_full,True,1,True
2026-02-02 13:33:00+00:00,-1,0.5605146288871765,5.0,trail_stop,True,2,True
2026-02-02 13:35:00+00:00,-1,0.5819960236549377,7.5,target_full,True,1,True
2026-02-02 13:36:00+00:00,-1,0.5583547353744507,7.5,target_full,True,1,True
2026-02-02 13:39:00+00:00,-1,0.6293904781341553,7.5,target_full,True,1,True
2026-02-02 13:41:00+00:00,-1,0.6249075531959534,-20.0,stop_loss,False,3,False
2026-02-02 13:45:00+00:00,1,0.6341078877449036,7.5,target_full,True,7,True
2026-02-02 13:46:00+00:00,1,0.6632720828056335,5.0,trail_stop,True,2,True
2026-02-02 13:47:00+00:00,1,0.7127973437309265,7.5,target_full,True,5,True
2026-02-02 13:48:00+00:00,-1,0.6269943118095398,-20.0,stop_loss,False,4,False
2026-02-02 13:52:00+00:00,1,0.704764723777771,7.5,target_full,True,1,True
2026-02-02 13:53:00+00:00,1,0.6535634994506836,-20.0,stop_loss,False,5,False
2026-02-02 13:55:00+00:00,1,0.6035845279693604,7.5,target_full,True,4,True
2026-02-02 13:56:00+00:00,-1,0.6149371862411499,5.0,trail_stop,True,3,True
2026-02-02 13:58:00+00:00,-1,0.6183701753616333,-20.0,stop_loss,False,1,False
2026-02-02 14:00:00+00:00,1,0.6340732574462891,-20.0,stop_loss,False,2,False
2026-02-02 14:02:00+00:00,1,0.5993424654006958,7.5,target_full,True,4,True
2026-02-02 14:03:00+00:00,-1,0.6006927490234375,-20.0,stop_loss,False,3,False
2026-02-02 14:11:00+00:00,-1,0.581559419631958,-20.0,stop_loss,False,1,False
2026-02-02 14:12:00+00:00,1,0.5962057113647461,-20.0,stop_loss,False,6,False
2026-02-02 14:15:00+00:00,-1,0.6633219122886658,5.0,trail_stop,True,2,True
2026-02-02 14:16:00+00:00,-1,0.655234158039093,7.5,target_full,True,2,True
2026-02-02 14:17:00+00:00,-1,0.661524772644043,7.5,target_full,True,1,True
2026-02-02 14:18:00+00:00,-1,0.6154013872146606,7.5,target_full,True,1,True
2026-02-02 14:19:00+00:00,-1,0.6471743583679199,5.0,trail_stop,True,2,True
2026-02-02 14:22:00+00:00,-1,0.6240121722221375,-20.0,stop_loss,False,2,False
2026-02-02 14:23:00+00:00,-1,0.5620730519294739,-20.0,stop_loss,False,3,False
2026-02-02 14:25:00+00:00,1,0.6491414904594421,7.5,target_full,True,1,True
2026-02-02 14:26:00+00:00,1,0.6110725998878479,7.5,target_full,True,1,True
2026-02-02 14:27:00+00:00,1,0.7141664624214172,7.5,target_full,True,1,True
2026-02-02 14:28:00+00:00,1,0.703925609588623,5.0,trail_stop,True,3,True
2026-02-02 14:30:00+00:00,1,0.6479009985923767,7.5,target_full,True,2,True
2026-02-02 14:31:00+00:00,-1,0.6245238184928894,-20.0,stop_loss,False,1,False
2026-02-02 14:32:00+00:00,1,0.6333696842193604,7.5,target_full,True,1,True
2026-02-02 14:33:00+00:00,1,0.6081259250640869,7.5,target_full,True,1,True
2026-02-02 14:36:00+00:00,1,0.7098821997642517,7.5,target_full,True,1,True
2026-02-02 14:37:00+00:00,1,0.5726731419563293,7.5,target_full,True,1,True
2026-02-02 14:38:00+00:00,1,0.6362407803535461,7.5,target_full,True,1,True
2026-02-02 14:43:00+00:00,-1,0.6293559670448303,7.5,target_full,True,1,True
2026-02-02 14:44:00+00:00,-1,0.606960117816925,5.0,trail_stop,True,2,True
2026-02-02 14:48:00+00:00,-1,0.5710294246673584,7.5,target_full,True,1,True
2026-02-02 14:50:00+00:00,-1,0.552439272403717,7.5,target_full,True,1,True
2026-02-02 14:52:00+00:00,1,0.5533730983734131,-20.0,stop_loss,False,1,False
2026-02-02 14:53:00+00:00,-1,0.5553709864616394,7.5,target_full,True,1,True
2026-02-02 14:54:00+00:00,-1,0.6031760573387146,7.5,target_full,True,1,True
2026-02-02 14:56:00+00:00,-1,0.5896757245063782,-20.0,stop_loss,False,1,False
2026-02-02 15:01:00+00:00,-1,0.5708460807800293,-20.0,stop_loss,False,1,False
2026-02-02 15:03:00+00:00,1,0.6671606302261353,7.5,target_full,True,1,True
2026-02-02 15:06:00+00:00,1,0.6191033720970154,-20.0,stop_loss,False,1,False
2026-02-02 15:07:00+00:00,-1,0.7041137218475342,5.0,trail_stop,True,3,True
2026-02-02 15:08:00+00:00,-1,0.613813579082489,5.0,trail_stop,True,3,True
2026-02-02 15:09:00+00:00,-1,0.6614116430282593,7.5,target_full,True,1,True
2026-02-02 15:10:00+00:00,-1,0.6853803992271423,5.0,trail_stop,True,2,True
2026-02-02 15:13:00+00:00,-1,0.6693021655082703,-20.0,stop_loss,False,1,False
2026-02-02 15:14:00+00:00,1,0.6130634546279907,7.5,target_full,True,1,True
2026-02-02 15:16:00+00:00,1,0.5628412365913391,-20.0,stop_loss,False,1,False
2026-02-02 15:17:00+00:00,-1,0.6613099575042725,7.5,target_full,True,1,True
2026-02-02 15:18:00+00:00,-1,0.5657373666763306,5.0,trail_stop,True,4,True
2026-02-02 15:19:00+00:00,-1,0.5663268566131592,7.5,target_full,True,1,True
2026-02-02 15:20:00+00:00,-1,0.6792235374450684,5.0,trail_stop,True,3,True
2026-02-02 15:21:00+00:00,1,0.5571508407592773,-20.0,stop_loss,False,1,False
2026-02-02 15:25:00+00:00,1,0.5896484851837158,-20.0,stop_loss,False,1,False
2026-02-02 15:26:00+00:00,1,0.6184415221214294,-20.0,stop_loss,False,1,False
2026-02-02 15:27:00+00:00,-1,0.6843752861022949,7.5,target_full,True,1,True
2026-02-02 15:28:00+00:00,-1,0.596777081489563,7.5,target_full,True,1,True
2026-02-02 15:30:00+00:00,-1,0.6096828579902649,5.0,trail_stop,True,2,True
2026-02-02 15:33:00+00:00,1,0.632023811340332,7.5,target_full,True,1,True
2026-02-02 15:34:00+00:00,1,0.5826420783996582,7.5,target_full,True,1,True
2026-02-02 15:35:00+00:00,1,0.6865244507789612,7.5,target_full,True,3,True
2026-02-02 15:38:00+00:00,-1,0.6157937049865723,7.5,target_full,True,4,True
2026-02-02 15:39:00+00:00,1,0.5895751118659973,-20.0,stop_loss,False,2,False
2026-02-02 15:40:00+00:00,1,0.6367388963699341,-20.0,stop_loss,False,2,False
2026-02-02 15:42:00+00:00,-1,0.663646399974823,7.5,target_full,True,1,True
2026-02-02 15:43:00+00:00,-1,0.5589608550071716,7.5,target_full,True,1,True
2026-02-02 15:45:00+00:00,-1,0.6235893964767456,7.5,target_full,True,1,True
2026-02-02 15:46:00+00:00,-1,0.5579910278320312,5.0,trail_stop,True,2,True
2026-02-02 15:47:00+00:00,-1,0.683165967464447,5.0,trail_stop,True,4,True
2026-02-02 15:50:00+00:00,1,0.5754938721656799,-20.0,stop_loss,False,2,False
2026-02-02 15:52:00+00:00,-1,0.5628958344459534,7.5,target_full,True,1,True
2026-02-02 15:53:00+00:00,-1,0.5890633463859558,5.0,trail_stop,True,2,True
2026-02-02 15:56:00+00:00,-1,0.5927083492279053,7.5,target_full,True,1,True
2026-02-02 15:57:00+00:00,-1,0.5997551679611206,7.5,target_full,True,1,True
2026-02-02 15:59:00+00:00,-1,0.6166077256202698,7.5,target_full,True,1,True
2026-02-02 16:01:00+00:00,-1,0.6539061069488525,-20.0,stop_loss,False,1,False
2026-02-02 16:03:00+00:00,1,0.5643674731254578,7.5,target_full,True,1,True
2026-02-02 16:04:00+00:00,1,0.6113482117652893,7.5,target_full,True,1,True
2026-02-02 16:05:00+00:00,1,0.721608579158783,7.5,target_full,True,1,True
2026-02-02 16:06:00+00:00,1,0.6090996265411377,7.5,target_full,True,2,True
2026-02-02 16:08:00+00:00,1,0.6775498390197754,7.5,target_full,True,1,True
2026-02-02 16:09:00+00:00,1,0.6260784864425659,7.5,target_full,True,1,True
2026-02-02 16:10:00+00:00,1,0.6056625247001648,7.5,target_full,True,1,True
2026-02-02 16:12:00+00:00,1,0.5835335850715637,7.5,target_full,True,1,True
2026-02-02 16:13:00+00:00,1,0.5924645066261292,5.0,trail_stop,True,2,True
2026-02-02 16:14:00+00:00,1,0.6452216506004333,-20.0,stop_loss,False,1,False
2026-02-02 16:15:00+00:00,1,0.6483965516090393,-20.0,stop_loss,False,1,False
2026-02-02 16:17:00+00:00,-1,0.6112509369850159,-20.0,stop_loss,False,1,False
2026-02-02 16:18:00+00:00,1,0.5860883593559265,7.5,target_full,True,2,True
2026-02-02 16:19:00+00:00,1,0.6338691711425781,7.5,target_full,True,1,True
2026-02-02 16:20:00+00:00,1,0.6078300476074219,7.5,target_full,True,1,True
2026-02-02 16:21:00+00:00,1,0.657671332359314,-20.0,stop_loss,False,3,False
2026-02-02 16:22:00+00:00,1,0.6221155524253845,-20.0,stop_loss,False,3,False
2026-02-02 16:24:00+00:00,-1,0.6109309196472168,7.5,target_full,True,1,True
2026-02-02 16:25:00+00:00,-1,0.568087637424469,7.5,target_full,True,1,True
2026-02-02 16:26:00+00:00,-1,0.5632758140563965,7.5,target_full,True,1,True
2026-02-02 16:29:00+00:00,-1,0.5607360005378723,5.0,trail_stop,True,2,True
2026-02-02 16:30:00+00:00,1,0.5703019499778748,-20.0,stop_loss,False,1,False
2026-02-02 16:31:00+00:00,-1,0.6429386138916016,7.5,target_full,True,1,True
2026-02-02 16:32:00+00:00,-1,0.6138395071029663,-20.0,stop_loss,False,5,False
2026-02-02 16:36:00+00:00,1,0.6621487736701965,7.5,target_full,True,1,True
2026-02-02 16:37:00+00:00,1,0.6409045457839966,7.5,target_full,True,1,True
2026-02-02 16:39:00+00:00,1,0.6544281840324402,5.0,trail_stop,True,2,True
2026-02-02 16:43:00+00:00,1,0.7221006155014038,-20.0,stop_loss,False,1,False
2026-02-02 16:45:00+00:00,-1,0.6015607118606567,5.0,trail_stop,True,3,True
2026-02-02 16:49:00+00:00,-1,0.6216543316841125,5.0,trail_stop,True,2,True
2026-02-02 16:53:00+00:00,1,0.590758740901947,7.5,target_full,True,1,True
2026-02-02 16:57:00+00:00,1,0.6919177174568176,7.5,target_full,True,3,True
2026-02-02 16:58:00+00:00,1,0.6340880990028381,7.5,target_full,True,2,True
2026-02-02 17:01:00+00:00,1,0.6663470268249512,7.5,target_full,True,4,True
2026-02-02 17:02:00+00:00,1,0.6373295783996582,5.0,trail_stop,True,2,True
2026-02-02 17:03:00+00:00,1,0.6152218580245972,7.5,target_full,True,2,True
2026-02-02 17:04:00+00:00,-1,0.5843407511711121,-20.0,stop_loss,False,1,False
2026-02-02 17:05:00+00:00,1,0.6042783856391907,7.5,target_full,True,1,True
2026-02-02 17:06:00+00:00,1,0.5892983078956604,7.5,target_full,True,1,True
2026-02-02 17:07:00+00:00,1,0.6370865106582642,7.5,target_full,True,1,True
2026-02-02 17:08:00+00:00,1,0.599963903427124,5.0,trail_stop,True,2,True
2026-02-02 17:09:00+00:00,1,0.6672566533088684,-20.0,stop_loss,False,6,False
2026-02-02 17:10:00+00:00,1,0.6597645282745361,5.0,trail_stop,True,2,True
2026-02-02 17:11:00+00:00,1,0.6395006775856018,5.0,trail_stop,True,4,True
2026-02-02 17:12:00+00:00,-1,0.5854073762893677,7.5,target_full,True,3,True
2026-02-02 17:13:00+00:00,1,0.617350697517395,5.0,trail_stop,True,2,True
2026-02-02 17:15:00+00:00,-1,0.6142526865005493,7.5,target_full,True,1,True
2026-02-02 17:16:00+00:00,-1,0.6455217599868774,7.5,target_full,True,1,True
2026-02-02 17:18:00+00:00,-1,0.5834101438522339,5.0,trail_stop,True,2,True
2026-02-02 17:20:00+00:00,-1,0.6285098791122437,5.0,trail_stop,True,5,True
2026-02-02 17:22:00+00:00,-1,0.5604262948036194,5.0,trail_stop,True,2,True
2026-02-02 17:25:00+00:00,-1,0.614241898059845,5.0,trail_stop,True,4,True
2026-02-02 17:33:00+00:00,1,0.7587746381759644,-20.0,stop_loss,False,3,False
2026-02-02 17:34:00+00:00,1,0.6304349899291992,-9.069999999999709,timeout,False,12,False
2026-02-02 17:46:00+00:00,-1,0.6441542506217957,-20.0,stop_loss,False,3,False
2026-02-02 17:52:00+00:00,1,0.7475553154945374,-20.0,stop_loss,False,7,False
2026-02-02 18:00:00+00:00,-1,0.60682213306427,7.5,target_full,True,1,True
2026-02-02 18:01:00+00:00,-1,0.6065539121627808,-20.0,stop_loss,False,8,False
2026-02-02 18:10:00+00:00,1,0.572678804397583,-20.0,stop_loss,False,2,False
2026-02-02 18:12:00+00:00,-1,0.6358875632286072,7.5,target_full,True,1,True
2026-02-02 18:13:00+00:00,-1,0.5809532403945923,7.5,target_full,True,1,True
2026-02-02 18:14:00+00:00,-1,0.5600905418395996,7.5,target_full,True,1,True
2026-02-02 18:21:00+00:00,1,0.573704183101654,5.0,trail_stop,True,2,True
2026-02-02 18:23:00+00:00,1,0.6496248245239258,5.0,trail_stop,True,7,True
2026-02-02 18:25:00+00:00,-1,0.6970444321632385,5.0,trail_stop,True,3,True
2026-02-02 18:26:00+00:00,1,0.6297948360443115,5.0,trail_stop,True,4,True
2026-02-02 18:27:00+00:00,-1,0.638810932636261,5.0,trail_stop,True,2,True
2026-02-02 18:28:00+00:00,-1,0.5939736366271973,-20.0,stop_loss,False,2,False
2026-02-02 18:30:00+00:00,1,0.6026890873908997,7.5,target_full,True,3,True
2026-02-02 18:31:00+00:00,1,0.6672447323799133,7.5,target_full,True,3,True
2026-02-02 18:32:00+00:00,1,0.5863783359527588,7.5,target_full,True,1,True
2026-02-02 18:35:00+00:00,1,0.6797201037406921,7.5,target_full,True,1,True
2026-02-02 18:36:00+00:00,1,0.6696190237998962,-20.0,stop_loss,False,8,False
2026-02-02 18:42:00+00:00,1,0.6715661287307739,-20.0,stop_loss,False,2,False
2026-02-02 19:00:00+00:00,-1,0.6960747838020325,5.0,trail_stop,True,6,True
2026-02-02 19:32:00+00:00,1,0.6003957390785217,5.0,trail_stop,True,4,True
2026-02-02 19:40:00+00:00,1,0.7304165959358215,7.5,target_full,True,1,True
2026-02-02 19:41:00+00:00,1,0.6807459592819214,7.5,target_full,True,1,True
2026-02-02 19:42:00+00:00,1,0.6504940986633301,5.0,trail_stop,True,2,True
2026-02-02 19:43:00+00:00,1,0.6663535833358765,7.5,target_full,True,1,True
2026-02-02 19:45:00+00:00,1,0.6626145839691162,5.0,trail_stop,True,5,True
2026-02-02 19:46:00+00:00,1,0.6243093013763428,5.0,trail_stop,True,3,True
2026-02-02 19:51:00+00:00,-1,0.6083216071128845,7.5,target_full,True,1,True
2026-02-02 19:56:00+00:00,-1,0.6226335763931274,5.0,trail_stop,True,9,True
2026-02-02 20:00:00+00:00,-1,0.6182946562767029,5.0,trail_stop,True,4,True
2026-02-02 20:01:00+00:00,1,0.631473183631897,-20.0,stop_loss,False,3,False
2026-02-02 20:08:00+00:00,1,0.6379097104072571,5.0,trail_stop,True,2,True
2026-02-02 20:09:00+00:00,1,0.6256285309791565,5.0,trail_stop,True,2,True
2026-02-02 20:10:00+00:00,1,0.6723637580871582,5.0,trail_stop,True,2,True
2026-02-02 20:11:00+00:00,1,0.6417489647865295,-20.0,stop_loss,False,7,False
2026-02-02 20:15:00+00:00,-1,0.5654531121253967,5.0,trail_stop,True,2,True
2026-02-02 20:21:00+00:00,-1,0.6594170928001404,7.5,target_full,True,1,True
2026-02-02 20:26:00+00:00,1,0.5963966250419617,2.1599999999998545,timeout,True,12,True
2026-02-02 20:36:00+00:00,1,0.669002115726471,5.0,trail_stop,True,3,True
2026-02-02 20:45:00+00:00,-1,0.592025101184845,7.5,target_full,True,2,True
2026-02-02 20:59:00+00:00,-1,0.5877959132194519,5.0,trail_stop,True,2,True
2026-02-02 23:02:00+00:00,1,0.6483978033065796,7.5,target_full,True,1,True
2026-02-02 23:52:00+00:00,1,0.7229013442993164,5.0,trail_stop,True,7,True
2026-02-03 00:01:00+00:00,1,0.6550058126449585,7.5,target_full,True,1,True
2026-02-03 00:05:00+00:00,1,0.7491676211357117,7.5,target_full,True,9,True
2026-02-03 00:25:00+00:00,1,0.6217491626739502,5.0,trail_stop,True,2,True
2026-02-03 00:48:00+00:00,-1,0.6852390170097351,5.0,trail_stop,True,2,True
2026-02-03 01:02:00+00:00,1,0.7367807030677795,5.0,trail_stop,True,2,True
2026-02-03 01:11:00+00:00,1,0.7356864809989929,5.0,trail_stop,True,2,True
2026-02-03 01:15:00+00:00,1,0.7160537242889404,-20.0,stop_loss,False,2,False
2026-02-03 01:16:00+00:00,1,0.6975791454315186,5.0,trail_stop,True,4,True
2026-02-03 01:19:00+00:00,1,0.6842429041862488,5.0,trail_stop,True,2,True
2026-02-03 01:21:00+00:00,1,0.7111754417419434,5.0,trail_stop,True,3,True
2026-02-03 01:24:00+00:00,-1,0.6831425428390503,5.0,trail_stop,True,8,True
2026-02-03 01:28:00+00:00,1,0.6453853249549866,-20.0,stop_loss,False,9,False
2026-02-03 01:32:00+00:00,-1,0.6050494909286499,5.0,trail_stop,True,2,True
2026-02-03 01:33:00+00:00,-1,0.7125609517097473,7.5,target_full,True,4,True
2026-02-03 01:48:00+00:00,-1,0.6614912748336792,7.5,target_full,True,1,True
2026-02-03 01:57:00+00:00,1,0.7258696556091309,-20.0,stop_loss,False,4,False
2026-02-03 02:04:00+00:00,-1,0.6813694834709167,5.0,trail_stop,True,3,True
2026-02-03 02:05:00+00:00,-1,0.6631181240081787,7.5,target_full,True,1,True
2026-02-03 02:08:00+00:00,-1,0.6372297406196594,7.5,target_full,True,1,True
2026-02-03 02:10:00+00:00,-1,0.6471071839332581,7.5,target_full,True,1,True
2026-02-03 02:12:00+00:00,-1,0.6246683597564697,5.0,trail_stop,True,2,True
2026-02-03 02:16:00+00:00,-1,0.630213737487793,7.5,target_full,True,1,True
2026-02-03 02:18:00+00:00,-1,0.6880102157592773,5.0,trail_stop,True,5,True
2026-02-03 02:26:00+00:00,-1,0.6964664459228516,5.0,trail_stop,True,4,True
2026-02-03 02:30:00+00:00,1,0.6824799180030823,5.0,trail_stop,True,2,True
2026-02-03 02:59:00+00:00,1,0.69569331407547,5.0,trail_stop,True,2,True
2026-02-03 03:02:00+00:00,1,0.7148447036743164,5.0,trail_stop,True,2,True
2026-02-03 05:30:00+00:00,-1,0.7702815532684326,5.0,trail_stop,True,7,True
2026-02-03 06:11:00+00:00,1,0.6289965510368347,7.5,target_full,True,2,True
2026-02-03 06:20:00+00:00,-1,0.6196157932281494,-20.0,stop_loss,False,5,False
2026-02-03 06:25:00+00:00,1,0.6165590882301331,5.0,trail_stop,True,2,True
2026-02-03 06:26:00+00:00,1,0.6090211868286133,5.0,trail_stop,True,3,True
2026-02-03 06:28:00+00:00,1,0.6735252141952515,7.5,target_full,True,11,True
2026-02-03 06:39:00+00:00,1,0.6274365186691284,7.5,target_full,True,1,True
2026-02-03 06:40:00+00:00,1,0.6972063183784485,5.0,trail_stop,True,2,True
2026-02-03 06:46:00+00:00,-1,0.6993577480316162,5.0,trail_stop,True,2,True
2026-02-03 06:49:00+00:00,-1,0.7101534008979797,5.0,trail_stop,True,2,True
2026-02-03 06:50:00+00:00,-1,0.5878720879554749,-9.86999999999989,timeout,False,12,False
2026-02-03 06:52:00+00:00,1,0.63609778881073,5.0,trail_stop,True,7,True
2026-02-03 06:55:00+00:00,1,0.577948272228241,5.0,trail_stop,True,4,True
2026-02-03 07:00:00+00:00,-1,0.6126511096954346,-13.539999999999964,timeout,False,12,False
2026-02-03 07:05:00+00:00,1,0.5911800265312195,5.0,trail_stop,True,9,True
2026-02-03 07:14:00+00:00,1,0.5898947715759277,5.0,trail_stop,True,11,True
2026-02-03 07:15:00+00:00,-1,0.5739200711250305,5.0,trail_stop,True,2,True
2026-02-03 07:17:00+00:00,-1,0.6647439002990723,5.0,trail_stop,True,2,True
2026-02-03 07:25:00+00:00,1,0.5847782492637634,7.5,target_full,True,6,True
2026-02-03 07:31:00+00:00,1,0.6142477989196777,7.5,target_full,True,1,True
2026-02-03 07:32:00+00:00,1,0.6103931665420532,5.0,trail_stop,True,2,True
2026-02-03 07:38:00+00:00,1,0.6062010526657104,7.5,target_full,True,1,True
2026-02-03 07:39:00+00:00,1,0.6734691858291626,-16.86999999999989,timeout,False,12,False
2026-02-03 07:41:00+00:00,1,0.6840327382087708,-0.17000000000007276,timeout,False,12,False
2026-02-03 07:44:00+00:00,-1,0.5960506796836853,5.0,trail_stop,True,2,True
2026-02-03 07:53:00+00:00,1,0.5533518195152283,5.0,trail_stop,True,2,True
2026-02-03 07:54:00+00:00,1,0.6113261580467224,-20.0,stop_loss,False,10,False
2026-02-03 07:56:00+00:00,1,0.5952785015106201,-20.0,stop_loss,False,8,False
2026-02-03 07:59:00+00:00,-1,0.5767756700515747,5.0,trail_stop,True,2,True
2026-02-03 08:01:00+00:00,-1,0.5938230752944946,5.0,trail_stop,True,3,True
2026-02-03 08:05:00+00:00,-1,0.5697576403617859,-20.0,stop_loss,False,4,False
2026-02-03 08:06:00+00:00,-1,0.5917413234710693,-20.0,stop_loss,False,5,False
2026-02-03 08:12:00+00:00,1,0.6976367235183716,5.0,trail_stop,True,4,True
2026-02-03 08:15:00+00:00,1,0.6181299090385437,5.0,trail_stop,True,4,True
2026-02-03 08:18:00+00:00,1,0.5653718113899231,-9.36999999999989,timeout,False,12,False
2026-02-03 08:20:00+00:00,-1,0.5875399708747864,2.7799999999997453,timeout,False,12,True
2026-02-03 08:24:00+00:00,1,0.6150521039962769,5.0,trail_stop,True,2,True
2026-02-03 08:25:00+00:00,1,0.5799804925918579,-7.0,timeout,False,12,False
2026-02-03 08:40:00+00:00,1,0.6331907510757446,5.0,trail_stop,True,2,True
2026-02-03 08:42:00+00:00,1,0.6427202224731445,-12.399999999999636,timeout,False,12,False
2026-02-03 08:43:00+00:00,1,0.6176319718360901,-7.289999999999964,timeout,False,12,False
2026-02-03 08:46:00+00:00,-1,0.6036725044250488,7.5,target_full,True,11,True
2026-02-03 08:58:00+00:00,-1,0.5720831155776978,5.0,trail_stop,True,2,True
2026-02-03 08:59:00+00:00,-1,0.5911886096000671,-1.6199999999998909,timeout,False,12,False
2026-02-03 09:02:00+00:00,-1,0.62563157081604,-0.43000000000029104,timeout,False,12,False
2026-02-03 09:05:00+00:00,1,0.6212906241416931,5.0,trail_stop,True,4,True
2026-02-03 09:09:00+00:00,1,0.6306370496749878,-13.520000000000437,timeout,False,12,False
2026-02-03 09:10:00+00:00,-1,0.5536426305770874,7.5,target_full,True,5,True
2026-02-03 09:15:00+00:00,-1,0.6073625683784485,5.0,trail_stop,True,5,True
2026-02-03 09:17:00+00:00,-1,0.5506871938705444,5.0,trail_stop,True,3,True
2026-02-03 09:18:00+00:00,-1,0.6239279508590698,5.0,trail_stop,True,5,True
2026-02-03 09:21:00+00:00,1,0.647463858127594,-20.0,stop_loss,False,7,False
2026-02-03 09:24:00+00:00,-1,0.6319283246994019,7.5,target_full,True,2,True
2026-02-03 09:25:00+00:00,-1,0.5573853850364685,5.0,trail_stop,True,2,True
2026-02-03 09:27:00+00:00,-1,0.5540201663970947,5.0,trail_stop,True,2,True
2026-02-03 09:30:00+00:00,-1,0.6699203252792358,-20.0,stop_loss,False,5,False
2026-02-03 11:00:00+00:00,-1,0.6695729494094849,5.0,trail_stop,True,2,True
2026-02-03 11:02:00+00:00,-1,0.5856925845146179,-20.0,stop_loss,False,2,False
2026-02-03 11:04:00+00:00,1,0.6820986866950989,5.0,trail_stop,True,2,True
2026-02-03 11:05:00+00:00,1,0.6700447797775269,-11.699999999999818,timeout,False,12,False
2026-02-03 11:25:00+00:00,1,0.6414039134979248,5.0,trail_stop,True,2,True
2026-02-03 11:26:00+00:00,1,0.6346402168273926,7.5,target_full,True,6,True
2026-02-03 11:33:00+00:00,1,0.6417353749275208,-1.6300000000001091,timeout,False,12,False
2026-02-03 12:00:00+00:00,1,0.5784901976585388,5.0,trail_stop,True,2,True
2026-02-03 12:02:00+00:00,1,0.5853335857391357,-7.109999999999673,timeout,False,12,False
2026-02-03 12:17:00+00:00,-1,0.6050536036491394,7.5,target_full,True,3,True
2026-02-03 12:18:00+00:00,-1,0.6402189135551453,7.5,target_full,True,3,True
2026-02-03 12:21:00+00:00,-1,0.6361444592475891,7.5,target_full,True,3,True
2026-02-03 12:24:00+00:00,-1,0.6597452163696289,5.0,trail_stop,True,4,True
2026-02-03 12:25:00+00:00,-1,0.6502720713615417,-20.0,stop_loss,False,8,False
2026-02-03 12:29:00+00:00,1,0.6066884398460388,5.0,trail_stop,True,2,True
2026-02-03 12:35:00+00:00,1,0.5541642308235168,1.1199999999998909,timeout,False,12,True
2026-02-03 13:01:00+00:00,-1,0.6604098677635193,5.0,trail_stop,True,2,True
2026-02-03 13:02:00+00:00,-1,0.6101768612861633,-20.0,stop_loss,False,2,False
2026-02-03 13:04:00+00:00,1,0.6624265313148499,5.0,trail_stop,True,2,True
2026-02-03 13:05:00+00:00,1,0.6904976963996887,-4.729999999999563,timeout,False,12,False
2026-02-03 13:08:00+00:00,-1,0.7171050310134888,5.0,trail_stop,True,3,True
2026-02-03 13:13:00+00:00,-1,0.6042500734329224,5.0,trail_stop,True,3,True
2026-02-03 13:14:00+00:00,1,0.6214721202850342,0.16000000000076398,timeout,False,12,True
2026-02-03 13:25:00+00:00,1,0.5904539823532104,5.0,trail_stop,True,4,True
2026-02-03 13:26:00+00:00,1,0.5667776465415955,7.5,target_full,True,2,True
2026-02-03 13:28:00+00:00,1,0.654150664806366,2.030000000000655,timeout,False,12,True
2026-02-03 13:34:00+00:00,1,0.5624059438705444,5.0,trail_stop,True,8,True
2026-02-03 13:38:00+00:00,-1,0.5992751717567444,-1.3300000000008367,timeout,False,12,False
2026-02-03 13:40:00+00:00,-1,0.5956813097000122,5.0,trail_stop,True,11,True
2026-02-03 13:45:00+00:00,1,0.5708233118057251,5.0,trail_stop,True,2,True
2026-02-03 13:47:00+00:00,1,0.589110255241394,-20.0,stop_loss,False,5,False
2026-02-03 14:00:00+00:00,-1,0.6256870627403259,-3.660000000000764,timeout,False,12,False
2026-02-03 14:05:00+00:00,1,0.6106293201446533,-20.0,stop_loss,False,11,False
2026-02-03 14:15:00+00:00,-1,0.5747506618499756,7.5,target_full,True,1,True
2026-02-03 14:18:00+00:00,-1,0.6133937835693359,5.0,trail_stop,True,3,True
2026-02-03 14:19:00+00:00,1,0.5526111721992493,5.0,trail_stop,True,10,True
2026-02-03 14:20:00+00:00,1,0.6321688294410706,5.0,trail_stop,True,5,True
2026-02-03 14:23:00+00:00,-1,0.6800853610038757,-20.0,stop_loss,False,5,False
2026-02-03 14:27:00+00:00,1,0.6703429222106934,5.0,trail_stop,True,2,True
2026-02-03 14:29:00+00:00,1,0.593701183795929,-20.0,stop_loss,False,3,False
2026-02-03 14:31:00+00:00,-1,0.6471631526947021,7.5,target_full,True,1,True
2026-02-03 14:32:00+00:00,-1,0.5784913897514343,7.5,target_full,True,1,True
2026-02-03 14:33:00+00:00,-1,0.6166059970855713,5.0,trail_stop,True,2,True
2026-02-03 14:39:00+00:00,1,0.5724766254425049,5.0,trail_stop,True,2,True
2026-02-03 14:40:00+00:00,1,0.5749396681785583,3.119999999999891,timeout,True,12,True
2026-02-03 14:42:00+00:00,1,0.6045928597450256,5.0,trail_stop,True,10,True
2026-02-03 14:47:00+00:00,1,0.5891850590705872,5.0,trail_stop,True,2,True
2026-02-03 14:49:00+00:00,1,0.6943767666816711,5.0,trail_stop,True,4,True
2026-02-03 14:54:00+00:00,1,0.6246779561042786,-20.0,stop_loss,False,7,False
2026-02-03 14:55:00+00:00,-1,0.5980016589164734,7.5,target_full,True,1,True
2026-02-03 14:57:00+00:00,-1,0.5919539332389832,5.0,trail_stop,True,3,True
2026-02-03 15:00:00+00:00,1,0.6411063075065613,5.0,trail_stop,True,6,True
2026-02-03 15:01:00+00:00,-1,0.6426298022270203,-20.0,stop_loss,False,6,False
2026-02-03 15:05:00+00:00,1,0.661339521408081,7.5,target_full,True,2,True
2026-02-03 15:07:00+00:00,1,0.616986095905304,7.5,target_full,True,1,True
2026-02-03 15:08:00+00:00,1,0.6967315077781677,7.5,target_full,True,2,True
2026-02-03 15:10:00+00:00,1,0.6349666118621826,5.0,trail_stop,True,2,True
2026-02-03 15:11:00+00:00,1,0.6700547337532043,-20.0,stop_loss,False,8,False
2026-02-03 15:12:00+00:00,1,0.6616629362106323,-20.0,stop_loss,False,8,False
2026-02-03 15:13:00+00:00,-1,0.6573095917701721,7.5,target_full,True,6,True
2026-02-03 15:15:00+00:00,-1,0.5753360390663147,5.0,trail_stop,True,2,True
2026-02-03 15:18:00+00:00,-1,0.6626829504966736,7.5,target_full,True,1,True
2026-02-03 15:20:00+00:00,-1,0.6146247982978821,5.0,trail_stop,True,2,True
2026-02-03 15:21:00+00:00,-1,0.6648728847503662,5.0,trail_stop,True,3,True
2026-02-03 15:22:00+00:00,-1,0.5613573789596558,7.5,target_full,True,1,True
2026-02-03 15:23:00+00:00,-1,0.6015067100524902,5.0,trail_stop,True,2,True
2026-02-03 15:25:00+00:00,-1,0.5935118794441223,5.0,trail_stop,True,10,True
2026-02-03 15:27:00+00:00,1,0.5687514543533325,-8.930000000000291,timeout,False,12,False
2026-02-03 15:30:00+00:00,-1,0.6610522866249084,5.0,trail_stop,True,4,True
2026-02-03 15:32:00+00:00,-1,0.5887876152992249,5.0,trail_stop,True,2,True
2026-02-03 15:34:00+00:00,-1,0.6201635003089905,5.0,trail_stop,True,2,True
2026-02-03 15:36:00+00:00,-1,0.6990774869918823,-8.670000000000073,timeout,False,12,False
2026-02-03 15:53:00+00:00,1,0.6042231917381287,5.0,trail_stop,True,2,True
2026-02-03 15:54:00+00:00,1,0.5915064215660095,5.0,trail_stop,True,6,True
2026-02-03 15:55:00+00:00,1,0.6502729654312134,5.0,trail_stop,True,4,True
2026-02-03 16:00:00+00:00,1,0.6626896262168884,5.0,trail_stop,True,2,True
2026-02-03 16:06:00+00:00,-1,0.5927233695983887,-20.0,stop_loss,False,9,False
2026-02-03 16:07:00+00:00,-1,0.5871339440345764,-20.0,stop_loss,False,8,False
2026-02-03 16:12:00+00:00,1,0.5697435140609741,7.5,target_full,True,3,True
2026-02-03 16:16:00+00:00,1,0.6763969659805298,5.0,trail_stop,True,4,True
2026-02-03 16:18:00+00:00,1,0.6342052817344666,5.0,trail_stop,True,2,True
2026-02-03 16:19:00+00:00,1,0.6649038791656494,5.0,trail_stop,True,3,True
2026-02-03 16:20:00+00:00,1,0.7004826068878174,5.0,trail_stop,True,7,True
2026-02-03 16:21:00+00:00,1,0.563431978225708,5.0,trail_stop,True,3,True
2026-02-03 16:27:00+00:00,1,0.5661505460739136,7.5,target_full,True,8,True
2026-02-03 16:29:00+00:00,1,0.6750721335411072,5.0,trail_stop,True,5,True
2026-02-03 16:30:00+00:00,-1,0.5942086577415466,-20.0,stop_loss,False,5,False
2026-02-03 16:40:00+00:00,1,0.6453351974487305,-20.0,stop_loss,False,9,False
2026-02-03 16:46:00+00:00,-1,0.5956501364707947,5.0,trail_stop,True,4,True
2026-02-03 16:50:00+00:00,-1,0.6397969126701355,7.5,target_full,True,2,True
2026-02-03 16:53:00+00:00,-1,0.6187189817428589,5.0,trail_stop,True,7,True
2026-02-03 16:58:00+00:00,-1,0.5638583302497864,5.0,trail_stop,True,2,True
2026-02-03 17:02:00+00:00,1,0.6177241802215576,-20.0,stop_loss,False,6,False
2026-02-03 17:04:00+00:00,-1,0.6247680187225342,5.0,trail_stop,True,2,True
2026-02-03 17:06:00+00:00,-1,0.5945425033569336,7.5,target_full,True,1,True
2026-02-03 17:12:00+00:00,-1,0.5514141321182251,-20.0,stop_loss,False,4,False
2026-02-03 17:13:00+00:00,1,0.6314271092414856,5.0,trail_stop,True,3,True
2026-02-03 17:16:00+00:00,1,0.6398835182189941,7.5,target_full,True,1,True
2026-02-03 17:17:00+00:00,1,0.7257267832756042,7.5,target_full,True,1,True
2026-02-03 17:18:00+00:00,1,0.5956224203109741,5.0,trail_stop,True,2,True
2026-02-03 17:21:00+00:00,-1,0.6076626777648926,5.0,trail_stop,True,2,True
2026-02-03 17:22:00+00:00,-1,0.5962530374526978,5.0,trail_stop,True,5,True
2026-02-03 17:25:00+00:00,1,0.5591001510620117,5.0,trail_stop,True,8,True
2026-02-03 17:31:00+00:00,1,0.6078582406044006,5.0,trail_stop,True,2,True
2026-02-03 17:32:00+00:00,1,0.5626921653747559,-20.0,stop_loss,False,7,False
2026-02-03 17:33:00+00:00,1,0.5512661337852478,-20.0,stop_loss,False,6,False
2026-02-03 17:34:00+00:00,-1,0.6585114002227783,5.0,trail_stop,True,3,True
2026-02-03 17:40:00+00:00,-1,0.6527495384216309,7.5,target_full,True,1,True
2026-02-03 17:41:00+00:00,-1,0.6748567223548889,7.5,target_full,True,1,True
2026-02-03 17:42:00+00:00,-1,0.6453275680541992,5.0,trail_stop,True,2,True
2026-02-03 17:43:00+00:00,-1,0.6364626288414001,7.5,target_full,True,2,True
2026-02-03 17:44:00+00:00,-1,0.582280158996582,7.5,target_full,True,1,True
2026-02-03 17:45:00+00:00,-1,0.6058716177940369,5.0,trail_stop,True,2,True
2026-02-03 17:46:00+00:00,-1,0.5557680726051331,-20.0,stop_loss,False,1,False
2026-02-03 17:48:00+00:00,1,0.5510701537132263,7.5,target_full,True,2,True
2026-02-03 17:50:00+00:00,1,0.7005485892295837,5.0,trail_stop,True,2,True
2026-02-03 17:51:00+00:00,1,0.6649391055107117,-9.789999999999964,timeout,False,12,False
2026-02-03 17:55:00+00:00,-1,0.6493648290634155,5.0,trail_stop,True,4,True
2026-02-03 17:59:00+00:00,-1,0.5908941626548767,-20.0,stop_loss,False,7,False
2026-02-03 18:00:00+00:00,-1,0.592658519744873,-20.0,stop_loss,False,11,False
2026-02-03 18:01:00+00:00,-1,0.5973868370056152,5.0,trail_stop,True,2,True
2026-02-03 18:02:00+00:00,1,0.5688367486000061,5.0,trail_stop,True,2,True
2026-02-03 18:03:00+00:00,1,0.6606874465942383,7.5,target_full,True,3,True
2026-02-03 18:05:00+00:00,1,0.6263712644577026,7.5,target_full,True,1,True
2026-02-03 18:06:00+00:00,1,0.6516598463058472,7.5,target_full,True,5,True
2026-02-03 18:07:00+00:00,1,0.643648087978363,5.0,trail_stop,True,5,True
2026-02-03 18:08:00+00:00,1,0.5837938785552979,5.0,trail_stop,True,2,True
2026-02-03 18:10:00+00:00,-1,0.6249982714653015,5.0,trail_stop,True,8,True
2026-02-03 18:12:00+00:00,1,0.6733567714691162,-20.0,stop_loss,False,10,False
2026-02-03 18:13:00+00:00,1,0.6721957325935364,-20.0,stop_loss,False,10,False
2026-02-03 18:15:00+00:00,-1,0.5626890063285828,5.0,trail_stop,True,2,True
2026-02-03 18:17:00+00:00,-1,0.5738359093666077,5.0,trail_stop,True,2,True
2026-02-03 18:20:00+00:00,1,0.63219153881073,-20.0,stop_loss,False,3,False
2026-02-03 18:21:00+00:00,-1,0.5599880814552307,5.0,trail_stop,True,2,True
2026-02-03 18:24:00+00:00,-1,0.6920241713523865,7.5,target_full,True,4,True
2026-02-03 18:29:00+00:00,-1,0.646205484867096,7.5,target_full,True,2,True
2026-02-03 18:32:00+00:00,-1,0.5784822702407837,-20.0,stop_loss,False,7,False
2026-02-03 18:35:00+00:00,1,0.6629887819290161,5.0,trail_stop,True,5,True
2026-02-03 18:37:00+00:00,1,0.5646697282791138,5.0,trail_stop,True,2,True
2026-02-03 18:39:00+00:00,1,0.5709176063537598,5.0,trail_stop,True,2,True
2026-02-03 18:42:00+00:00,1,0.5955926179885864,5.0,trail_stop,True,3,True
2026-02-03 18:45:00+00:00,1,0.5965198874473572,-20.0,stop_loss,False,5,False
2026-02-03 18:48:00+00:00,-1,0.5944287180900574,7.5,target_full,True,2,True
2026-02-03 18:51:00+00:00,-1,0.6056377291679382,-20.0,stop_loss,False,4,False
2026-02-03 18:53:00+00:00,1,0.7082836627960205,5.0,trail_stop,True,3,True
2026-02-03 18:57:00+00:00,1,0.6043437719345093,-20.0,stop_loss,False,5,False
2026-02-03 19:00:00+00:00,-1,0.5812618136405945,5.0,trail_stop,True,2,True
2026-02-03 19:02:00+00:00,-1,0.5907194018363953,7.5,target_full,True,1,True
2026-02-03 19:03:00+00:00,-1,0.7116201519966125,5.0,trail_stop,True,2,True
2026-02-03 19:07:00+00:00,1,0.7038607597351074,7.5,target_full,True,4,True
2026-02-03 19:08:00+00:00,-1,0.5852378010749817,-20.0,stop_loss,False,3,False
2026-02-03 19:09:00+00:00,-1,0.5561193227767944,-20.0,stop_loss,False,2,False
2026-02-03 19:10:00+00:00,-1,0.6094631552696228,-20.0,stop_loss,False,2,False
2026-02-03 19:11:00+00:00,1,0.6910651326179504,7.5,target_full,True,1,True
2026-02-03 19:12:00+00:00,1,0.7197418212890625,7.5,target_full,True,1,True
2026-02-03 19:13:00+00:00,1,0.6060423254966736,5.0,trail_stop,True,2,True
2026-02-03 19:14:00+00:00,1,0.5725593566894531,7.5,target_full,True,3,True
2026-02-03 19:17:00+00:00,1,0.5547004342079163,5.0,trail_stop,True,2,True
2026-02-03 19:18:00+00:00,1,0.5718950629234314,5.0,trail_stop,True,11,True
2026-02-03 19:27:00+00:00,1,0.6084685325622559,5.0,trail_stop,True,2,True
2026-02-03 19:28:00+00:00,1,0.6252585053443909,5.0,trail_stop,True,7,True
2026-02-03 19:33:00+00:00,1,0.5692979097366333,5.0,trail_stop,True,2,True
2026-02-03 19:35:00+00:00,1,0.6228361129760742,5.0,trail_stop,True,3,True
2026-02-03 19:41:00+00:00,1,0.5545706152915955,-20.0,stop_loss,False,9,False
2026-02-03 19:42:00+00:00,1,0.5812347531318665,-20.0,stop_loss,False,9,False
2026-02-03 19:45:00+00:00,-1,0.6498703360557556,5.0,trail_stop,True,2,True
2026-02-03 19:52:00+00:00,-1,0.599044144153595,5.0,trail_stop,True,2,True
2026-02-03 19:56:00+00:00,1,0.6094430088996887,-20.0,stop_loss,False,9,False
2026-02-03 20:00:00+00:00,-1,0.5785685777664185,5.0,trail_stop,True,2,True
2026-02-03 20:02:00+00:00,-1,0.5845844149589539,7.5,target_full,True,1,True
2026-02-03 20:07:00+00:00,1,0.5781575441360474,5.0,trail_stop,True,2,True
2026-02-03 20:08:00+00:00,1,0.5955343842506409,5.0,trail_stop,True,7,True
2026-02-03 20:10:00+00:00,1,0.6176624298095703,5.0,trail_stop,True,4,True
2026-02-03 20:11:00+00:00,-1,0.5938168168067932,-20.0,stop_loss,False,5,False
2026-02-03 20:14:00+00:00,1,0.7085065245628357,5.0,trail_stop,True,3,True
2026-02-03 20:15:00+00:00,1,0.6464524269104004,7.5,target_full,True,1,True
2026-02-03 20:16:00+00:00,1,0.7737845778465271,5.0,trail_stop,True,2,True
2026-02-03 20:18:00+00:00,1,0.6439325213432312,5.0,trail_stop,True,2,True
2026-02-03 20:24:00+00:00,1,0.6488476395606995,5.0,trail_stop,True,4,True
2026-02-03 20:25:00+00:00,1,0.6382438540458679,7.5,target_full,True,1,True
2026-02-03 20:27:00+00:00,1,0.7019784450531006,5.0,trail_stop,True,4,True
2026-02-03 20:28:00+00:00,1,0.6495356559753418,7.5,target_full,True,2,True
2026-02-03 20:30:00+00:00,1,0.5742877721786499,5.0,trail_stop,True,2,True
2026-02-03 20:34:00+00:00,1,0.7102389931678772,-10.050000000000182,timeout,False,12,False
2026-02-03 20:36:00+00:00,1,0.6481077671051025,5.0,trail_stop,True,2,True
2026-02-03 20:47:00+00:00,-1,0.6387057304382324,7.5,target_full,True,2,True
2026-02-03 20:53:00+00:00,1,0.6468632221221924,5.0,trail_stop,True,3,True
2026-02-03 20:56:00+00:00,1,0.6632665395736694,5.0,trail_stop,True,8,True
2026-02-04 00:13:00+00:00,1,0.6984999775886536,7.5,target_full,True,1,True
2026-02-04 00:14:00+00:00,1,0.6008322834968567,5.0,trail_stop,True,2,True
2026-02-04 00:16:00+00:00,1,0.6967531442642212,5.0,trail_stop,True,2,True
2026-02-04 00:22:00+00:00,-1,0.5974758863449097,7.5,target_full,True,3,True
2026-02-04 00:26:00+00:00,-1,0.6216112971305847,7.5,target_full,True,5,True
2026-02-04 01:00:00+00:00,-1,0.7499099373817444,5.0,trail_stop,True,2,True
2026-02-04 01:06:00+00:00,1,0.687950074672699,7.5,target_full,True,1,True
2026-02-04 01:07:00+00:00,1,0.7601351141929626,5.0,trail_stop,True,3,True
2026-02-04 01:08:00+00:00,1,0.7706801295280457,7.5,target_full,True,1,True
2026-02-04 01:10:00+00:00,1,0.7372850775718689,5.0,trail_stop,True,4,True
2026-02-04 01:11:00+00:00,1,0.7174683213233948,5.0,trail_stop,True,2,True
2026-02-04 01:13:00+00:00,1,0.7213023900985718,5.0,trail_stop,True,2,True
2026-02-04 01:14:00+00:00,1,0.775632381439209,-11.050000000000182,timeout,False,12,False
2026-02-04 01:17:00+00:00,-1,0.6543530225753784,7.5,target_full,True,2,True
2026-02-04 01:20:00+00:00,-1,0.630957305431366,5.0,trail_stop,True,2,True
2026-02-04 01:25:00+00:00,1,0.7098341584205627,-20.0,stop_loss,False,8,False
2026-02-04 01:30:00+00:00,-1,0.6126158833503723,5.0,trail_stop,True,7,True
2026-02-04 01:31:00+00:00,-1,0.6629456281661987,5.0,trail_stop,True,3,True
2026-02-04 01:39:00+00:00,-1,0.6750887036323547,-20.0,stop_loss,False,6,False
2026-02-04 01:41:00+00:00,1,0.6881104707717896,5.0,trail_stop,True,2,True
2026-02-04 01:46:00+00:00,1,0.6589372158050537,7.5,target_full,True,2,True
2026-02-04 06:08:00+00:00,-1,0.5520745515823364,5.0,trail_stop,True,7,True
2026-02-04 06:09:00+00:00,1,0.6526727080345154,-8.860000000000582,timeout,False,12,False
2026-02-04 06:15:00+00:00,-1,0.6372398734092712,-4.229999999999563,timeout,False,12,False
2026-02-04 10:30:00+00:00,1,0.6741668581962585,5.0,trail_stop,True,12,True
2026-02-04 11:18:00+00:00,-1,0.610967755317688,-7.079999999999927,timeout,False,12,False
2026-02-04 11:19:00+00:00,1,0.7154015898704529,-2.280000000000655,timeout,False,12,False
2026-02-04 11:20:00+00:00,1,0.7062790393829346,5.0,trail_stop,True,4,True
2026-02-04 13:02:00+00:00,1,0.6240420341491699,-20.0,stop_loss,False,7,False
2026-02-04 13:16:00+00:00,1,0.6956799626350403,5.0,trail_stop,True,4,True
2026-02-04 13:20:00+00:00,1,0.6192655563354492,5.0,trail_stop,True,3,True
2026-02-04 13:25:00+00:00,1,0.6036445498466492,5.0,trail_stop,True,6,True
2026-02-04 13:31:00+00:00,1,0.6601479053497314,-20.0,stop_loss,False,11,False
2026-02-04 13:33:00+00:00,1,0.6790260672569275,5.0,trail_stop,True,3,True
2026-02-04 13:34:00+00:00,1,0.6302942633628845,-20.0,stop_loss,False,8,False
2026-02-04 13:36:00+00:00,-1,0.6071200370788574,7.5,target_full,True,6,True
2026-02-04 13:41:00+00:00,-1,0.5714324712753296,5.0,trail_stop,True,3,True
2026-02-04 13:43:00+00:00,-1,0.5582975745201111,-20.0,stop_loss,False,8,False
2026-02-04 13:46:00+00:00,1,0.6422843933105469,7.5,target_full,True,3,True
2026-02-04 13:49:00+00:00,1,0.6440305709838867,7.5,target_full,True,4,True
2026-02-04 13:59:00+00:00,-1,0.5842509269714355,5.0,trail_stop,True,4,True
2026-02-04 14:05:00+00:00,1,0.5601316094398499,-16.849999999999454,timeout,False,12,False
2026-02-04 14:11:00+00:00,1,0.6175161600112915,5.0,trail_stop,True,2,True
2026-02-04 14:13:00+00:00,1,0.6292405128479004,-10.530000000000655,timeout,False,12,False
2026-02-04 14:18:00+00:00,-1,0.6706557869911194,5.0,trail_stop,True,9,True
2026-02-04 14:19:00+00:00,-1,0.593230664730072,5.0,trail_stop,True,5,True
2026-02-04 14:32:00+00:00,-1,0.6417153477668762,7.5,target_full,True,5,True
2026-02-04 14:33:00+00:00,-1,0.6671559810638428,5.0,trail_stop,True,2,True
2026-02-04 14:36:00+00:00,1,0.5692580938339233,-20.0,stop_loss,False,1,False
2026-02-04 14:37:00+00:00,-1,0.6342975497245789,7.5,target_full,True,1,True
2026-02-04 14:38:00+00:00,-1,0.6325815320014954,7.5,target_full,True,1,True
2026-02-04 14:41:00+00:00,-1,0.6416892409324646,-20.0,stop_loss,False,1,False
2026-02-04 14:42:00+00:00,1,0.5954899787902832,7.5,target_full,True,1,True
2026-02-04 14:43:00+00:00,1,0.6379425525665283,5.0,trail_stop,True,2,True
2026-02-04 14:44:00+00:00,1,0.6964228749275208,-20.0,stop_loss,False,1,False
2026-02-04 14:45:00+00:00,-1,0.6049342751502991,-20.0,stop_loss,False,2,False
2026-02-04 14:46:00+00:00,-1,0.7364267706871033,-20.0,stop_loss,False,3,False
2026-02-04 14:48:00+00:00,1,0.5891320109367371,7.5,target_full,True,1,True
2026-02-04 14:49:00+00:00,1,0.6137387156486511,7.5,target_full,True,1,True
2026-02-04 14:50:00+00:00,1,0.6149277091026306,5.0,trail_stop,True,2,True
2026-02-04 14:52:00+00:00,1,0.6108574867248535,7.5,target_full,True,1,True
2026-02-04 14:54:00+00:00,1,0.5534944534301758,-20.0,stop_loss,False,2,False
2026-02-04 14:55:00+00:00,1,0.6208937168121338,-20.0,stop_loss,False,2,False
2026-02-04 14:56:00+00:00,-1,0.609778106212616,7.5,target_full,True,1,True
2026-02-04 14:58:00+00:00,-1,0.5973919630050659,5.0,trail_stop,True,2,True
2026-02-04 14:59:00+00:00,-1,0.5511618256568909,5.0,trail_stop,True,2,True
2026-02-04 15:00:00+00:00,-1,0.6405874490737915,5.0,trail_stop,True,2,True
2026-02-04 15:02:00+00:00,-1,0.6334648132324219,-20.0,stop_loss,False,4,False
2026-02-04 15:03:00+00:00,1,0.5753889679908752,5.0,trail_stop,True,4,True
2026-02-04 15:04:00+00:00,1,0.6058336496353149,5.0,trail_stop,True,2,True
2026-02-04 15:05:00+00:00,1,0.6716384291648865,7.5,target_full,True,1,True
2026-02-04 15:07:00+00:00,1,0.6357943415641785,-20.0,stop_loss,False,4,False
2026-02-04 15:08:00+00:00,1,0.61224764585495,-20.0,stop_loss,False,6,False
2026-02-04 15:10:00+00:00,-1,0.5786817669868469,5.0,trail_stop,True,2,True
2026-02-04 15:15:00+00:00,-1,0.6932063698768616,7.5,target_full,True,6,True
2026-02-04 15:16:00+00:00,-1,0.6714373826980591,5.0,trail_stop,True,2,True
2026-02-04 15:18:00+00:00,1,0.6126640439033508,-20.0,stop_loss,False,3,False
2026-02-04 15:19:00+00:00,-1,0.7174896597862244,7.5,target_full,True,2,True
2026-02-04 15:22:00+00:00,-1,0.5933834910392761,-20.0,stop_loss,False,2,False
2026-02-04 15:24:00+00:00,-1,0.5677778124809265,5.0,trail_stop,True,3,True
2026-02-04 15:25:00+00:00,1,0.6161355376243591,-20.0,stop_loss,False,2,False
2026-02-04 15:26:00+00:00,1,0.663241446018219,-20.0,stop_loss,False,4,False
2026-02-04 15:27:00+00:00,-1,0.6251073479652405,5.0,trail_stop,True,2,True
2026-02-04 15:28:00+00:00,-1,0.6233704686164856,7.5,target_full,True,2,True
2026-02-04 15:31:00+00:00,-1,0.6444254517555237,7.5,target_full,True,1,True
2026-02-04 15:32:00+00:00,-1,0.6310999989509583,7.5,target_full,True,1,True
2026-02-04 15:34:00+00:00,-1,0.5689557194709778,7.5,target_full,True,1,True
2026-02-04 15:35:00+00:00,-1,0.6241921186447144,7.5,target_full,True,1,True
2026-02-04 15:36:00+00:00,-1,0.6539028286933899,-20.0,stop_loss,False,3,False
2026-02-04 15:40:00+00:00,1,0.5544889569282532,7.5,target_full,True,1,True
2026-02-04 15:48:00+00:00,1,0.5750724077224731,-20.0,stop_loss,False,8,False
2026-02-04 15:52:00+00:00,1,0.6481190919876099,5.0,trail_stop,True,3,True
2026-02-04 15:53:00+00:00,-1,0.6207618117332458,7.5,target_full,True,3,True
2026-02-04 15:55:00+00:00,1,0.5576886534690857,-20.0,stop_loss,False,1,False
2026-02-04 15:56:00+00:00,-1,0.631361722946167,7.5,target_full,True,1,True
2026-02-04 15:57:00+00:00,-1,0.635109543800354,5.0,trail_stop,True,2,True
2026-02-04 15:59:00+00:00,-1,0.6304237246513367,7.5,target_full,True,1,True
2026-02-04 16:01:00+00:00,-1,0.6326020359992981,7.5,target_full,True,1,True
2026-02-04 16:02:00+00:00,-1,0.6508480906486511,-20.0,stop_loss,False,2,False
2026-02-04 16:07:00+00:00,1,0.5889001488685608,5.0,trail_stop,True,2,True
2026-02-04 16:08:00+00:00,1,0.5778980255126953,5.0,trail_stop,True,3,True
2026-02-04 16:11:00+00:00,1,0.5765992999076843,7.5,target_full,True,1,True
2026-02-04 16:12:00+00:00,1,0.632402777671814,-20.0,stop_loss,False,3,False
2026-02-04 16:13:00+00:00,1,0.6274195909500122,5.0,trail_stop,True,2,True
2026-02-04 16:16:00+00:00,-1,0.5659347772598267,7.5,target_full,True,3,True
2026-02-04 16:18:00+00:00,-1,0.602728545665741,7.5,target_full,True,1,True
2026-02-04 16:19:00+00:00,-1,0.623310923576355,7.5,target_full,True,1,True
2026-02-04 16:20:00+00:00,-1,0.6494753360748291,7.5,target_full,True,1,True
2026-02-04 16:21:00+00:00,-1,0.5764706134796143,-20.0,stop_loss,False,5,False
2026-02-04 16:23:00+00:00,-1,0.5587062239646912,-20.0,stop_loss,False,3,False
2026-02-04 16:26:00+00:00,1,0.6296002268791199,7.5,target_full,True,1,True
2026-02-04 16:27:00+00:00,1,0.6151407957077026,5.0,trail_stop,True,5,True
2026-02-04 16:29:00+00:00,1,0.642333447933197,5.0,trail_stop,True,4,True
2026-02-04 16:30:00+00:00,-1,0.6964946985244751,5.0,trail_stop,True,9,True
2026-02-04 16:32:00+00:00,1,0.6293192505836487,5.0,trail_stop,True,2,True
2026-02-04 16:36:00+00:00,-1,0.6350334882736206,7.5,target_full,True,2,True
2026-02-04 16:38:00+00:00,-1,0.6189841628074646,7.5,target_full,True,1,True
2026-02-04 16:40:00+00:00,-1,0.6500293016433716,5.0,trail_stop,True,2,True
2026-02-04 16:42:00+00:00,-1,0.5934937596321106,7.5,target_full,True,3,True
2026-02-04 16:43:00+00:00,-1,0.5665405988693237,5.0,trail_stop,True,2,True
2026-02-04 16:46:00+00:00,-1,0.5956516861915588,7.5,target_full,True,1,True
2026-02-04 16:47:00+00:00,-1,0.6042312979698181,7.5,target_full,True,1,True
2026-02-04 16:48:00+00:00,-1,0.6481019258499146,-20.0,stop_loss,False,1,False
2026-02-04 16:50:00+00:00,1,0.6506460905075073,7.5,target_full,True,1,True
2026-02-04 16:52:00+00:00,1,0.6903061270713806,7.5,target_full,True,1,True
2026-02-04 16:53:00+00:00,1,0.6089160442352295,5.0,trail_stop,True,2,True
2026-02-04 16:55:00+00:00,1,0.7518944144248962,7.5,target_full,True,8,True
2026-02-04 16:57:00+00:00,1,0.5848358869552612,5.0,trail_stop,True,2,True
2026-02-04 16:58:00+00:00,-1,0.5797204971313477,7.5,target_full,True,2,True
2026-02-04 17:04:00+00:00,1,0.6538419723510742,-20.0,stop_loss,False,2,False
2026-02-04 17:09:00+00:00,1,0.5996159315109253,7.5,target_full,True,1,True
2026-02-04 17:11:00+00:00,1,0.666716992855072,5.0,trail_stop,True,2,True
2026-02-04 17:13:00+00:00,1,0.5618993639945984,-20.0,stop_loss,False,8,False
2026-02-04 17:17:00+00:00,-1,0.6597700715065002,5.0,trail_stop,True,2,True
2026-02-04 17:22:00+00:00,-1,0.615938663482666,7.5,target_full,True,2,True
2026-02-04 17:25:00+00:00,-1,0.5955434441566467,5.0,trail_stop,True,2,True
2026-02-04 17:27:00+00:00,-1,0.5877479314804077,-20.0,stop_loss,False,1,False
2026-02-04 17:28:00+00:00,1,0.6346715092658997,7.5,target_full,True,1,True
2026-02-04 17:30:00+00:00,1,0.6272057294845581,-20.0,stop_loss,False,6,False
2026-02-04 17:31:00+00:00,1,0.6453486084938049,-14.280000000000655,timeout,False,12,False
2026-02-04 17:36:00+00:00,-1,0.5598964095115662,7.5,target_full,True,9,True
2026-02-04 17:38:00+00:00,-1,0.6439902782440186,7.5,target_full,True,1,True
2026-02-04 17:47:00+00:00,-1,0.552388608455658,5.0,trail_stop,True,2,True
2026-02-04 17:48:00+00:00,-1,0.5743658542633057,7.5,target_full,True,11,True
2026-02-04 17:52:00+00:00,1,0.6488967537879944,5.0,trail_stop,True,2,True
2026-02-04 17:54:00+00:00,-1,0.6036593317985535,7.5,target_full,True,5,True
2026-02-04 17:56:00+00:00,1,0.6089590191841125,-20.0,stop_loss,False,3,False
2026-02-04 17:59:00+00:00,-1,0.6467910408973694,7.5,target_full,True,1,True
2026-02-04 18:00:00+00:00,-1,0.6339258551597595,5.0,trail_stop,True,2,True
2026-02-04 18:01:00+00:00,-1,0.5846957564353943,-20.0,stop_loss,False,2,False
2026-02-04 18:02:00+00:00,-1,0.6626219153404236,-20.0,stop_loss,False,1,False
2026-02-04 18:04:00+00:00,1,0.6357145309448242,7.5,target_full,True,1,True
2026-02-04 18:05:00+00:00,1,0.7031229138374329,7.5,target_full,True,1,True
2026-02-04 18:06:00+00:00,1,0.7014718055725098,7.5,target_full,True,1,True
2026-02-04 18:07:00+00:00,1,0.6737377643585205,-18.960000000000036,timeout,False,12,False
2026-02-04 18:09:00+00:00,1,0.6058459877967834,5.0,trail_stop,True,6,True
2026-02-04 18:15:00+00:00,1,0.6346731185913086,-20.0,stop_loss,False,5,False
2026-02-04 18:16:00+00:00,1,0.6519562602043152,7.5,target_full,True,8,True
2026-02-04 18:18:00+00:00,-1,0.5798364281654358,5.0,trail_stop,True,2,True
2026-02-04 18:25:00+00:00,1,0.7127551436424255,5.0,trail_stop,True,2,True
2026-02-04 18:28:00+00:00,1,0.656514048576355,-20.0,stop_loss,False,9,False
2026-02-04 18:29:00+00:00,1,0.6465047001838684,-20.0,stop_loss,False,9,False
2026-02-04 18:39:00+00:00,-1,0.6022372245788574,-10.029999999999745,timeout,False,12,False
2026-02-04 19:05:00+00:00,-1,0.7262448668479919,-20.0,stop_loss,False,6,False
2026-02-04 19:06:00+00:00,1,0.6350263357162476,7.5,target_full,True,1,True
2026-02-04 19:08:00+00:00,1,0.6390182971954346,5.0,trail_stop,True,5,True
2026-02-04 19:12:00+00:00,1,0.628973662853241,5.0,trail_stop,True,3,True
2026-02-04 19:16:00+00:00,-1,0.6538314819335938,5.0,trail_stop,True,4,True
2026-02-04 19:21:00+00:00,-1,0.6755087375640869,5.0,trail_stop,True,2,True
2026-02-04 19:22:00+00:00,-1,0.7360552549362183,-14.11999999999989,timeout,False,12,False
2026-02-04 19:48:00+00:00,-1,0.7756338715553284,-20.0,stop_loss,False,4,False
2026-02-04 19:50:00+00:00,-1,0.649423360824585,7.5,target_full,True,4,True
2026-02-04 19:52:00+00:00,1,0.7015127539634705,-20.0,stop_loss,False,2,False
2026-02-04 19:53:00+00:00,1,0.663358747959137,-12.590000000000146,timeout,False,12,False
2026-02-04 19:54:00+00:00,-1,0.6667924523353577,-0.9899999999997817,timeout,False,12,False
2026-02-04 20:00:00+00:00,-1,0.6469842195510864,7.5,target_full,True,10,True
2026-02-04 20:11:00+00:00,-1,0.6027759909629822,5.0,trail_stop,True,9,True
2026-02-04 20:30:00+00:00,-1,0.6433020830154419,-20.0,stop_loss,False,6,False
2026-02-04 20:48:00+00:00,-1,0.6452754735946655,5.0,trail_stop,True,11,True
2026-02-04 20:50:00+00:00,1,0.5807583928108215,5.0,trail_stop,True,5,True
2026-02-04 20:59:00+00:00,-1,0.600319504737854,-8.88000000000011,timeout,False,12,False
2026-02-05 00:04:00+00:00,1,0.5779501795768738,-20.0,stop_loss,False,9,False
2026-02-05 00:12:00+00:00,1,0.6742598414421082,5.0,trail_stop,True,5,True
2026-02-05 00:14:00+00:00,-1,0.5977839827537537,-20.0,stop_loss,False,2,False
2026-02-05 00:17:00+00:00,1,0.7583690285682678,-0.8200000000006185,timeout,False,12,False
2026-02-05 01:00:00+00:00,-1,0.6912492513656616,7.5,target_full,True,1,True
2026-02-05 01:01:00+00:00,-1,0.7690336108207703,5.0,trail_stop,True,2,True
2026-02-05 01:02:00+00:00,-1,0.7455922365188599,5.0,trail_stop,True,9,True
2026-02-05 01:04:00+00:00,1,0.679395318031311,-20.0,stop_loss,False,7,False
2026-02-05 01:06:00+00:00,1,0.666705310344696,5.0,trail_stop,True,2,True
2026-02-05 01:07:00+00:00,1,0.7589889168739319,-20.0,stop_loss,False,4,False
2026-02-05 01:10:00+00:00,-1,0.7265139222145081,7.5,target_full,True,1,True
2026-02-05 01:12:00+00:00,-1,0.6436276435852051,7.5,target_full,True,1,True
2026-02-05 01:13:00+00:00,-1,0.6826496720314026,7.5,target_full,True,1,True
2026-02-05 01:14:00+00:00,-1,0.6857335567474365,7.5,target_full,True,1,True
2026-02-05 01:15:00+00:00,-1,0.6419034004211426,5.0,trail_stop,True,2,True
2026-02-05 01:16:00+00:00,-1,0.6772150993347168,5.0,trail_stop,True,3,True
2026-02-05 01:17:00+00:00,-1,0.64545738697052,7.5,target_full,True,1,True
2026-02-05 01:18:00+00:00,1,0.6280070543289185,-20.0,stop_loss,False,6,False
2026-02-05 01:19:00+00:00,-1,0.6216605305671692,5.0,trail_stop,True,6,True
2026-02-05 01:22:00+00:00,1,0.6970146894454956,-20.0,stop_loss,False,2,False
2026-02-05 01:25:00+00:00,-1,0.7368832230567932,-20.0,stop_loss,False,4,False
2026-02-05 01:40:00+00:00,-1,0.6392807364463806,-13.850000000000364,timeout,False,12,False
2026-02-05 01:45:00+00:00,-1,0.6219930648803711,5.0,trail_stop,True,2,True
2026-02-05 01:47:00+00:00,-1,0.6129710674285889,5.0,trail_stop,True,9,True
2026-02-05 01:58:00+00:00,-1,0.5924230217933655,7.5,target_full,True,1,True
2026-02-05 02:00:00+00:00,-1,0.6672883629798889,7.5,target_full,True,4,True
2026-02-05 02:05:00+00:00,-1,0.6319178938865662,7.5,target_full,True,1,True
2026-02-05 02:07:00+00:00,-1,0.725618839263916,5.0,trail_stop,True,4,True
2026-02-05 02:08:00+00:00,1,0.713234543800354,-20.0,stop_loss,False,2,False
2026-02-05 02:09:00+00:00,-1,0.6912900805473328,5.0,trail_stop,True,2,True
2026-02-05 02:11:00+00:00,-1,0.7366974353790283,7.5,target_full,True,1,True
2026-02-05 02:12:00+00:00,-1,0.6206334829330444,7.5,target_full,True,1,True
2026-02-05 02:14:00+00:00,-1,0.5897485613822937,7.5,target_full,True,1,True
2026-02-05 02:15:00+00:00,-1,0.6689494848251343,7.5,target_full,True,1,True
2026-02-05 02:16:00+00:00,-1,0.6305861473083496,-20.0,stop_loss,False,1,False
2026-02-05 02:32:00+00:00,-1,0.6507811546325684,5.0,trail_stop,True,2,True
2026-02-05 02:35:00+00:00,1,0.6977258920669556,-20.0,stop_loss,False,3,False
2026-02-05 02:40:00+00:00,-1,0.741836667060852,5.0,trail_stop,True,2,True
2026-02-05 02:44:00+00:00,-1,0.5915584564208984,7.5,target_full,True,1,True
2026-02-05 02:49:00+00:00,-1,0.5894911885261536,7.5,target_full,True,1,True
2026-02-05 02:50:00+00:00,1,0.6098641157150269,-20.0,stop_loss,False,1,False
2026-02-05 02:51:00+00:00,-1,0.5737673044204712,-20.0,stop_loss,False,1,False
2026-02-05 02:53:00+00:00,-1,0.6817503571510315,5.0,trail_stop,True,2,True
2026-02-05 02:54:00+00:00,1,0.5891579985618591,5.0,trail_stop,True,2,True
2026-02-05 02:59:00+00:00,-1,0.579493522644043,7.5,target_full,True,1,True
2026-02-05 03:00:00+00:00,-1,0.5699516534805298,-20.0,stop_loss,False,1,False
2026-02-05 03:01:00+00:00,-1,0.606288492679596,-20.0,stop_loss,False,1,False
2026-02-05 03:03:00+00:00,1,0.7031117081642151,7.5,target_full,True,1,True
2026-02-05 03:04:00+00:00,1,0.632796585559845,7.5,target_full,True,1,True
2026-02-05 03:10:00+00:00,1,0.587849497795105,5.0,trail_stop,True,3,True
2026-02-05 03:21:00+00:00,1,0.6850376725196838,-20.0,stop_loss,False,5,False
2026-02-05 05:30:00+00:00,-1,0.7797508239746094,7.5,target_full,True,1,True
2026-02-05 05:32:00+00:00,-1,0.7089501023292542,-20.0,stop_loss,False,5,False
2026-02-05 05:33:00+00:00,-1,0.6620273590087891,5.0,trail_stop,True,2,True
2026-02-05 05:38:00+00:00,1,0.6108711957931519,5.0,trail_stop,True,2,True
2026-02-05 05:43:00+00:00,1,0.668644368648529,7.5,target_full,True,1,True
2026-02-05 05:46:00+00:00,1,0.7395066618919373,5.0,trail_stop,True,7,True
2026-02-05 06:28:00+00:00,1,0.7288547158241272,-20.0,stop_loss,False,7,False
2026-02-05 06:52:00+00:00,-1,0.6589494347572327,5.0,trail_stop,True,2,True
2026-02-05 06:55:00+00:00,-1,0.7000274062156677,-20.0,stop_loss,False,5,False
2026-02-05 07:11:00+00:00,1,0.7318395376205444,-4.100000000000364,timeout,False,12,False
2026-02-05 07:12:00+00:00,-1,0.6524589657783508,5.0,trail_stop,True,2,True
2026-02-05 07:25:00+00:00,1,0.6571226716041565,5.0,trail_stop,True,2,True
2026-02-05 07:26:00+00:00,1,0.6277530789375305,-20.0,stop_loss,False,6,False
2026-02-05 07:41:00+00:00,-1,0.6645663976669312,-20.0,stop_loss,False,10,False
2026-02-05 08:03:00+00:00,1,0.749603271484375,7.5,target_full,True,8,True
2026-02-05 08:04:00+00:00,1,0.7065146565437317,7.5,target_full,True,6,True
2026-02-05 08:11:00+00:00,1,0.709511935710907,5.0,trail_stop,True,2,True
2026-02-05 08:12:00+00:00,1,0.6927103996276855,-9.800000000000182,timeout,False,12,False
2026-02-05 08:24:00+00:00,-1,0.6798927783966064,7.5,target_full,True,1,True
2026-02-05 08:27:00+00:00,-1,0.6551067233085632,5.0,trail_stop,True,2,True
2026-02-05 08:28:00+00:00,-1,0.5565902590751648,-2.4399999999996,timeout,False,12,False
2026-02-05 08:48:00+00:00,-1,0.5597555637359619,5.0,trail_stop,True,6,True
2026-02-05 08:54:00+00:00,-1,0.5956500172615051,7.5,target_full,True,6,True
2026-02-05 08:55:00+00:00,-1,0.6596227884292603,7.5,target_full,True,4,True
2026-02-05 09:00:00+00:00,-1,0.661542534828186,7.5,target_full,True,1,True
2026-02-05 09:01:00+00:00,-1,0.6747512817382812,7.5,target_full,True,1,True
2026-02-05 09:02:00+00:00,-1,0.5572530627250671,7.5,target_full,True,1,True
2026-02-05 09:03:00+00:00,-1,0.645714521408081,7.5,target_full,True,1,True
2026-02-05 09:05:00+00:00,-1,0.6083323955535889,7.5,target_full,True,5,True
2026-02-05 09:11:00+00:00,-1,0.6418396234512329,5.0,trail_stop,True,9,True
2026-02-05 09:12:00+00:00,-1,0.6730263829231262,7.5,target_full,True,1,True
2026-02-05 09:13:00+00:00,-1,0.7057744264602661,5.0,trail_stop,True,2,True
2026-02-05 09:14:00+00:00,-1,0.7122141718864441,5.0,trail_stop,True,6,True
2026-02-05 09:16:00+00:00,1,0.6534072160720825,-20.0,stop_loss,False,4,False
2026-02-05 09:22:00+00:00,1,0.6493345499038696,5.0,trail_stop,True,4,True
2026-02-05 09:51:00+00:00,-1,0.686802327632904,7.5,target_full,True,3,True
2026-02-05 09:56:00+00:00,-1,0.635964572429657,-8.5,timeout,False,12,False
2026-02-05 09:57:00+00:00,-1,0.5799999237060547,5.0,trail_stop,True,9,True
2026-02-05 09:59:00+00:00,1,0.691860020160675,7.5,target_full,True,1,True
2026-02-05 10:00:00+00:00,1,0.7228760719299316,2.5,timeout,False,12,True
2026-02-05 10:01:00+00:00,-1,0.6757122278213501,5.0,trail_stop,True,5,True
2026-02-05 12:00:00+00:00,1,0.6787558794021606,5.0,trail_stop,True,3,True
2026-02-05 12:06:00+00:00,-1,0.5924374461174011,5.0,trail_stop,True,2,True
2026-02-05 12:10:00+00:00,-1,0.5967726111412048,7.5,target_full,True,1,True
2026-02-05 12:11:00+00:00,-1,0.5725390911102295,5.0,trail_stop,True,2,True
2026-02-05 12:18:00+00:00,-1,0.6334284543991089,7.5,target_full,True,1,True
2026-02-05 12:19:00+00:00,-1,0.6361846923828125,5.0,trail_stop,True,6,True
2026-02-05 12:20:00+00:00,-1,0.6381931304931641,5.0,trail_stop,True,2,True
2026-02-05 12:21:00+00:00,-1,0.6987128257751465,5.0,trail_stop,True,4,True
2026-02-05 12:22:00+00:00,1,0.5578795075416565,5.0,trail_stop,True,2,True
2026-02-05 12:24:00+00:00,1,0.6854206919670105,5.0,trail_stop,True,2,True
2026-02-05 12:25:00+00:00,-1,0.6477592587471008,-20.0,stop_loss,False,1,False
2026-02-05 12:26:00+00:00,1,0.6308749318122864,7.5,target_full,True,1,True
2026-02-05 12:27:00+00:00,1,0.6493891477584839,7.5,target_full,True,2,True
2026-02-05 12:30:00+00:00,1,0.6477379202842712,5.0,trail_stop,True,2,True
2026-02-05 12:31:00+00:00,1,0.6908727288246155,7.5,target_full,True,3,True
2026-02-05 12:36:00+00:00,-1,0.5815950036048889,5.0,trail_stop,True,8,True
2026-02-05 12:42:00+00:00,-1,0.6493009328842163,7.5,target_full,True,1,True
2026-02-05 12:43:00+00:00,-1,0.6668289303779602,5.0,trail_stop,True,2,True
2026-02-05 12:45:00+00:00,1,0.6353232264518738,-9.900000000000546,timeout,False,12,False
2026-02-05 12:47:00+00:00,1,0.6668627858161926,-20.0,stop_loss,False,11,False
2026-02-05 13:00:00+00:00,-1,0.6840663552284241,7.5,target_full,True,1,True
2026-02-05 13:01:00+00:00,-1,0.6210647225379944,7.5,target_full,True,1,True
2026-02-05 13:04:00+00:00,-1,0.5570549368858337,7.5,target_full,True,1,True
2026-02-05 13:07:00+00:00,1,0.5654750466346741,7.5,target_full,True,3,True
2026-02-05 13:11:00+00:00,1,0.6445959210395813,5.0,trail_stop,True,4,True
2026-02-05 13:15:00+00:00,1,0.7437070608139038,5.0,trail_stop,True,6,True
2026-02-05 13:16:00+00:00,1,0.6781046390533447,5.0,trail_stop,True,2,True
2026-02-05 13:21:00+00:00,1,0.7188718914985657,5.0,trail_stop,True,2,True
2026-02-05 13:27:00+00:00,-1,0.6359291672706604,5.0,trail_stop,True,2,True
2026-02-05 13:32:00+00:00,1,0.6540361642837524,-20.0,stop_loss,False,6,False
2026-02-05 13:36:00+00:00,-1,0.6615177392959595,5.0,trail_stop,True,2,True
2026-02-05 13:39:00+00:00,-1,0.6461740136146545,5.0,trail_stop,True,3,True
2026-02-05 13:40:00+00:00,-1,0.5557499527931213,7.5,target_full,True,1,True
2026-02-05 13:42:00+00:00,-1,0.661440372467041,7.5,target_full,True,1,True
2026-02-05 13:44:00+00:00,-1,0.6589463949203491,-20.0,stop_loss,False,9,False
2026-02-05 13:45:00+00:00,-1,0.5758034586906433,-0.930000000000291,timeout,False,12,False
2026-02-05 13:47:00+00:00,1,0.5848582983016968,5.0,trail_stop,True,5,True
2026-02-05 13:48:00+00:00,-1,0.6038398146629333,7.5,target_full,True,12,True
2026-02-05 13:49:00+00:00,-1,0.6848000884056091,5.0,trail_stop,True,11,True
2026-02-05 13:50:00+00:00,-1,0.61618572473526,5.0,trail_stop,True,8,True
2026-02-05 13:57:00+00:00,-1,0.6268285512924194,5.0,trail_stop,True,2,True
2026-02-05 13:58:00+00:00,-1,0.665325403213501,5.0,trail_stop,True,2,True
2026-02-05 14:00:00+00:00,-1,0.6456826329231262,-20.0,stop_loss,False,5,False
2026-02-05 14:01:00+00:00,-1,0.5919181108474731,-20.0,stop_loss,False,4,False
2026-02-05 14:03:00+00:00,1,0.6512085199356079,7.5,target_full,True,2,True
2026-02-05 14:06:00+00:00,1,0.6610177755355835,-20.0,stop_loss,False,2,False
2026-02-05 14:07:00+00:00,1,0.6134837865829468,-20.0,stop_loss,False,6,False
2026-02-05 14:08:00+00:00,1,0.6740836501121521,5.0,trail_stop,True,2,True
2026-02-05 14:14:00+00:00,-1,0.6214238405227661,-20.0,stop_loss,False,10,False
2026-02-05 14:17:00+00:00,1,0.6306218504905701,7.5,target_full,True,7,True
2026-02-05 14:23:00+00:00,1,0.5675920844078064,7.5,target_full,True,1,True
2026-02-05 14:27:00+00:00,1,0.7469863891601562,-20.0,stop_loss,False,4,False
2026-02-05 14:30:00+00:00,-1,0.6804777383804321,7.5,target_full,True,1,True
2026-02-05 14:31:00+00:00,-1,0.6171201467514038,7.5,target_full,True,1,True
2026-02-05 14:33:00+00:00,-1,0.5805663466453552,-20.0,stop_loss,False,4,False
2026-02-05 14:34:00+00:00,1,0.6064100861549377,5.0,trail_stop,True,3,True
2026-02-05 14:35:00+00:00,1,0.6210314035415649,7.5,target_full,True,1,True
2026-02-05 14:36:00+00:00,-1,0.6904058456420898,-20.0,stop_loss,False,1,False
2026-02-05 14:37:00+00:00,1,0.706085205078125,7.5,target_full,True,1,True
2026-02-05 14:38:00+00:00,1,0.5901573896408081,7.5,target_full,True,1,True
2026-02-05 14:39:00+00:00,1,0.629725456237793,7.5,target_full,True,1,True
2026-02-05 14:40:00+00:00,1,0.5937646627426147,5.0,trail_stop,True,6,True
2026-02-05 14:41:00+00:00,1,0.6063205003738403,7.5,target_full,True,1,True
2026-02-05 14:50:00+00:00,1,0.5571545362472534,5.0,trail_stop,True,2,True
2026-02-05 14:51:00+00:00,1,0.6356802582740784,-20.0,stop_loss,False,3,False
2026-02-05 14:52:00+00:00,1,0.6581869125366211,-20.0,stop_loss,False,4,False
2026-02-05 14:53:00+00:00,-1,0.6173434257507324,5.0,trail_stop,True,2,True
2026-02-05 14:55:00+00:00,-1,0.6131266951560974,7.5,target_full,True,1,True
2026-02-05 14:57:00+00:00,-1,0.6045822501182556,-20.0,stop_loss,False,2,False
2026-02-05 14:58:00+00:00,-1,0.6050457954406738,-20.0,stop_loss,False,1,False
2026-02-05 15:01:00+00:00,-1,0.6067637801170349,5.0,trail_stop,True,3,True
2026-02-05 15:02:00+00:00,-1,0.6160053610801697,5.0,trail_stop,True,2,True
2026-02-05 15:04:00+00:00,-1,0.6394146680831909,5.0,trail_stop,True,2,True
2026-02-05 15:07:00+00:00,1,0.6612727046012878,7.5,target_full,True,1,True
2026-02-05 15:08:00+00:00,1,0.652927815914154,-20.0,stop_loss,False,3,False
2026-02-05 15:10:00+00:00,1,0.6360265016555786,-20.0,stop_loss,False,4,False
2026-02-05 15:11:00+00:00,-1,0.6274910569190979,5.0,trail_stop,True,2,True
2026-02-05 15:12:00+00:00,-1,0.5641946792602539,5.0,trail_stop,True,2,True
2026-02-05 15:14:00+00:00,-1,0.684266984462738,7.5,target_full,True,12,True
2026-02-05 15:16:00+00:00,1,0.5594850778579712,5.0,trail_stop,True,2,True
2026-02-05 15:17:00+00:00,1,0.6968080997467041,-20.0,stop_loss,False,4,False
2026-02-05 15:20:00+00:00,-1,0.6583624482154846,5.0,trail_stop,True,2,True
2026-02-05 15:22:00+00:00,-1,0.575569212436676,7.5,target_full,True,4,True
2026-02-05 15:25:00+00:00,1,0.6949548125267029,-20.0,stop_loss,False,1,False
2026-02-05 15:26:00+00:00,-1,0.7024790048599243,7.5,target_full,True,1,True
2026-02-05 15:27:00+00:00,-1,0.6115183234214783,5.0,trail_stop,True,7,True
2026-02-05 15:29:00+00:00,-1,0.5562818646430969,5.0,trail_stop,True,3,True
2026-02-05 15:35:00+00:00,-1,0.6441197991371155,-20.0,stop_loss,False,3,False
2026-02-05 15:36:00+00:00,1,0.6831339597702026,5.0,trail_stop,True,2,True
2026-02-05 15:41:00+00:00,-1,0.6771146059036255,7.5,target_full,True,2,True
2026-02-05 15:43:00+00:00,-1,0.6486020684242249,7.5,target_full,True,2,True
2026-02-05 15:44:00+00:00,-1,0.6287608742713928,5.0,trail_stop,True,2,True
2026-02-05 15:46:00+00:00,-1,0.6331184506416321,5.0,trail_stop,True,2,True
2026-02-05 15:47:00+00:00,-1,0.7369497418403625,-20.0,stop_loss,False,2,False
2026-02-05 15:48:00+00:00,-1,0.5548824667930603,-20.0,stop_loss,False,12,False
2026-02-05 15:49:00+00:00,1,0.6542943120002747,5.0,trail_stop,True,2,True
2026-02-05 15:51:00+00:00,1,0.7168576717376709,5.0,trail_stop,True,10,True
2026-02-05 15:52:00+00:00,1,0.6816114783287048,7.5,target_full,True,8,True
2026-02-05 15:54:00+00:00,-1,0.663050651550293,-20.0,stop_loss,False,11,False
2026-02-05 15:55:00+00:00,-1,0.5803133249282837,7.5,target_full,True,1,True
2026-02-05 15:56:00+00:00,-1,0.6772313714027405,-20.0,stop_loss,False,9,False
2026-02-05 16:01:00+00:00,1,0.731319010257721,5.0,trail_stop,True,5,True
2026-02-05 16:04:00+00:00,-1,0.7020931839942932,-20.0,stop_loss,False,5,False
2026-02-05 16:05:00+00:00,1,0.6268132328987122,7.5,target_full,True,1,True
2026-02-05 16:06:00+00:00,1,0.5909335017204285,5.0,trail_stop,True,4,True
2026-02-05 16:09:00+00:00,-1,0.6935461759567261,5.0,trail_stop,True,4,True
2026-02-05 16:10:00+00:00,1,0.6303454041481018,5.0,trail_stop,True,8,True
2026-02-05 16:15:00+00:00,1,0.75511634349823,5.0,trail_stop,True,5,True
2026-02-05 16:16:00+00:00,1,0.7074164748191833,5.0,trail_stop,True,2,True
2026-02-05 16:19:00+00:00,1,0.7572080492973328,5.0,trail_stop,True,2,True
2026-02-05 16:20:00+00:00,1,0.6157650947570801,5.0,trail_stop,True,2,True
2026-02-05 16:22:00+00:00,1,0.6655288934707642,5.0,trail_stop,True,2,True
2026-02-05 16:27:00+00:00,1,0.6815629005432129,5.0,trail_stop,True,2,True
2026-02-05 16:28:00+00:00,1,0.6806843280792236,5.0,trail_stop,True,10,True
2026-02-05 16:45:00+00:00,1,0.6431954503059387,7.5,target_full,True,3,True
2026-02-05 16:47:00+00:00,-1,0.6760132908821106,-20.0,stop_loss,False,1,False
2026-02-05 16:49:00+00:00,1,0.6573055386543274,7.5,target_full,True,1,True
2026-02-05 16:50:00+00:00,1,0.629663348197937,5.0,trail_stop,True,4,True
2026-02-05 16:54:00+00:00,1,0.7127962112426758,-20.0,stop_loss,False,2,False
2026-02-05 16:55:00+00:00,-1,0.6336591243743896,5.0,trail_stop,True,2,True
2026-02-05 16:56:00+00:00,-1,0.6104410290718079,5.0,trail_stop,True,5,True
2026-02-05 17:01:00+00:00,-1,0.5855502486228943,5.0,trail_stop,True,2,True
2026-02-05 17:03:00+00:00,-1,0.6262552738189697,5.0,trail_stop,True,2,True
2026-02-05 17:04:00+00:00,-1,0.5926843881607056,5.0,trail_stop,True,8,True
2026-02-05 17:05:00+00:00,-1,0.6665598750114441,5.0,trail_stop,True,3,True
2026-02-05 17:07:00+00:00,1,0.599372386932373,5.0,trail_stop,True,2,True
2026-02-05 17:12:00+00:00,-1,0.5960906147956848,5.0,trail_stop,True,10,True
2026-02-05 17:23:00+00:00,-1,0.6253542304039001,5.0,trail_stop,True,9,True
2026-02-05 17:24:00+00:00,1,0.6023468971252441,-6.760000000000218,timeout,False,12,False
2026-02-05 17:46:00+00:00,1,0.6643786430358887,-20.0,stop_loss,False,12,False
2026-02-05 18:11:00+00:00,-1,0.5938807129859924,7.5,target_full,True,5,True
2026-02-05 18:16:00+00:00,-1,0.6000709533691406,-20.0,stop_loss,False,7,False
2026-02-05 18:21:00+00:00,-1,0.6585645079612732,-12.979999999999563,timeout,False,12,False
2026-02-05 18:24:00+00:00,1,0.6157412528991699,5.0,trail_stop,True,2,True
2026-02-05 18:26:00+00:00,1,0.6442033052444458,-15.399999999999636,timeout,False,12,False
2026-02-05 18:27:00+00:00,1,0.6373485326766968,5.0,trail_stop,True,7,True
2026-02-05 19:05:00+00:00,-1,0.6212494969367981,-4.809999999999491,timeout,False,12,False
2026-02-05 19:07:00+00:00,1,0.741743266582489,-14.979999999999563,timeout,False,12,False
2026-02-05 19:33:00+00:00,-1,0.6915875673294067,-7.9099999999998545,timeout,False,12,False
2026-02-05 19:36:00+00:00,1,0.7088742852210999,5.0,trail_stop,True,12,True
2026-02-05 19:43:00+00:00,1,0.671950101852417,-9.949999999999818,timeout,False,12,False
2026-02-05 19:54:00+00:00,-1,0.61749666929245,7.5,target_full,True,5,True
2026-02-05 20:00:00+00:00,-1,0.6654872894287109,-20.0,stop_loss,False,8,False
2026-02-05 20:01:00+00:00,-1,0.600033164024353,5.0,trail_stop,True,2,True
2026-02-05 20:23:00+00:00,-1,0.5962029099464417,-5.970000000000255,timeout,False,12,False
2026-02-05 20:24:00+00:00,-1,0.5693909525871277,5.554999999999836,timeout,True,12,True
2026-02-05 20:48:00+00:00,-1,0.6614565849304199,7.5,target_full,True,6,True
2026-02-05 20:54:00+00:00,-1,0.6166970133781433,-20.0,stop_loss,False,7,False
2026-02-05 20:58:00+00:00,1,0.6980016827583313,5.0,trail_stop,True,3,True
2026-02-05 21:02:00+00:00,1,0.6611201167106628,5.0,trail_stop,True,2,True
2026-02-05 21:42:00+00:00,1,0.6042764782905579,5.0,trail_stop,True,11,True
2026-02-05 23:40:00+00:00,-1,0.6386743187904358,5.0,trail_stop,True,4,True
2026-02-05 23:42:00+00:00,1,0.7127825617790222,-20.0,stop_loss,False,3,False
2026-02-05 23:49:00+00:00,-1,0.5550841093063354,5.0,trail_stop,True,3,True
2026-02-05 23:52:00+00:00,-1,0.6536417603492737,5.0,trail_stop,True,7,True
2026-02-06 00:00:00+00:00,-1,0.6427388787269592,5.0,trail_stop,True,2,True
2026-02-06 00:03:00+00:00,-1,0.5501593947410583,5.0,trail_stop,True,4,True
2026-02-06 00:04:00+00:00,-1,0.7087689638137817,-20.0,stop_loss,False,6,False
2026-02-06 00:05:00+00:00,-1,0.576915979385376,7.5,target_full,True,1,True
2026-02-06 00:06:00+00:00,1,0.6076005697250366,7.5,target_full,True,1,True
2026-02-06 00:09:00+00:00,-1,0.7355054616928101,-20.0,stop_loss,False,1,False
2026-02-06 00:10:00+00:00,1,0.7989158034324646,5.0,trail_stop,True,2,True
2026-02-06 00:14:00+00:00,-1,0.7542074918746948,7.5,target_full,True,1,True
2026-02-06 00:15:00+00:00,-1,0.7246678471565247,7.5,target_full,True,1,True
2026-02-06 00:16:00+00:00,-1,0.7681517601013184,7.5,target_full,True,1,True
2026-02-06 00:17:00+00:00,-1,0.6629019379615784,-20.0,stop_loss,False,2,False
2026-02-06 00:18:00+00:00,-1,0.6438794136047363,-20.0,stop_loss,False,1,False
2026-02-06 00:19:00+00:00,1,0.6031301617622375,5.0,trail_stop,True,2,True
2026-02-06 00:20:00+00:00,1,0.5895487666130066,7.5,target_full,True,2,True
2026-02-06 00:24:00+00:00,1,0.7021268010139465,7.5,target_full,True,1,True
2026-02-06 00:25:00+00:00,1,0.7067428827285767,7.5,target_full,True,1,True
2026-02-06 00:27:00+00:00,1,0.7462633848190308,5.0,trail_stop,True,3,True
2026-02-06 00:28:00+00:00,1,0.699449360370636,7.5,target_full,True,1,True
2026-02-06 00:29:00+00:00,1,0.7417216300964355,5.0,trail_stop,True,2,True
2026-02-06 00:31:00+00:00,-1,0.7497678399085999,-20.0,stop_loss,False,1,False
2026-02-06 00:38:00+00:00,-1,0.7036181092262268,-20.0,stop_loss,False,3,False
2026-02-06 00:40:00+00:00,1,0.6332613229751587,5.0,trail_stop,True,2,True
2026-02-06 00:42:00+00:00,1,0.7033334970474243,-20.0,stop_loss,False,3,False
2026-02-06 01:00:00+00:00,-1,0.7222054600715637,7.5,target_full,True,1,True
2026-02-06 01:01:00+00:00,-1,0.7205175757408142,7.5,target_full,True,1,True
2026-02-06 01:02:00+00:00,-1,0.5962222814559937,-20.0,stop_loss,False,1,False
2026-02-06 01:03:00+00:00,-1,0.6622553467750549,-20.0,stop_loss,False,2,False
2026-02-06 01:04:00+00:00,1,0.719545304775238,5.0,trail_stop,True,2,True
2026-02-06 01:06:00+00:00,1,0.8379542827606201,5.0,trail_stop,True,2,True
2026-02-06 01:09:00+00:00,-1,0.6545343995094299,-20.0,stop_loss,False,1,False
2026-02-06 01:10:00+00:00,-1,0.6679018139839172,-20.0,stop_loss,False,4,False
2026-02-06 01:17:00+00:00,-1,0.6911607384681702,7.5,target_full,True,1,True
2026-02-06 01:22:00+00:00,-1,0.721479058265686,7.5,target_full,True,1,True
2026-02-06 01:23:00+00:00,-1,0.7284232378005981,-20.0,stop_loss,False,3,False
2026-02-06 01:24:00+00:00,-1,0.634981095790863,5.0,trail_stop,True,5,True
2026-02-06 02:05:00+00:00,1,0.6711019277572632,5.0,trail_stop,True,2,True
2026-02-06 02:29:00+00:00,1,0.7218760251998901,7.5,target_full,True,1,True
2026-02-06 02:30:00+00:00,1,0.7421162724494934,5.0,trail_stop,True,3,True
2026-02-06 02:31:00+00:00,1,0.7595844268798828,5.0,trail_stop,True,2,True
2026-02-06 02:34:00+00:00,1,0.653008759021759,5.0,trail_stop,True,4,True
2026-02-06 02:35:00+00:00,1,0.7511555552482605,5.0,trail_stop,True,2,True
2026-02-06 02:43:00+00:00,-1,0.6035946607589722,5.0,trail_stop,True,7,True
2026-02-06 03:04:00+00:00,1,0.763250470161438,5.0,trail_stop,True,2,True
2026-02-06 03:24:00+00:00,-1,0.6043609976768494,-20.0,stop_loss,False,7,False
2026-02-06 05:30:00+00:00,-1,0.6434930562973022,5.0,trail_stop,True,2,True
2026-02-06 05:40:00+00:00,1,0.7130131125450134,5.0,trail_stop,True,7,True
2026-02-06 05:43:00+00:00,-1,0.7104544639587402,-20.0,stop_loss,False,8,False
2026-02-06 05:47:00+00:00,1,0.6414517164230347,5.0,trail_stop,True,3,True
2026-02-06 05:54:00+00:00,1,0.6857210397720337,5.0,trail_stop,True,3,True
2026-02-06 05:57:00+00:00,1,0.645340085029602,5.0,trail_stop,True,3,True
2026-02-06 05:59:00+00:00,1,0.583427906036377,-20.0,stop_loss,False,6,False
2026-02-06 06:06:00+00:00,-1,0.5867937207221985,5.0,trail_stop,True,2,True
2026-02-06 06:10:00+00:00,-1,0.6682224869728088,5.0,trail_stop,True,2,True
2026-02-06 06:27:00+00:00,1,0.6265491247177124,5.0,trail_stop,True,2,True
2026-02-06 08:00:00+00:00,-1,0.5678043365478516,-20.0,stop_loss,False,10,False
2026-02-06 08:25:00+00:00,1,0.7395212650299072,5.0,trail_stop,True,8,True
2026-02-06 08:34:00+00:00,1,0.630821704864502,-20.0,stop_loss,False,3,False
2026-02-06 09:00:00+00:00,1,0.6546908020973206,-20.0,stop_loss,False,2,False
2026-02-06 09:01:00+00:00,-1,0.7035443782806396,7.5,target_full,True,1,True
2026-02-06 09:03:00+00:00,-1,0.6428375840187073,5.0,trail_stop,True,3,True
2026-02-06 12:09:00+00:00,1,0.6503671407699585,-20.0,stop_loss,False,11,False
2026-02-06 12:10:00+00:00,-1,0.6391032934188843,5.0,trail_stop,True,9,True
2026-02-06 12:21:00+00:00,-1,0.6732555627822876,5.0,trail_stop,True,8,True
2026-02-06 13:01:00+00:00,1,0.6968240737915039,-15.320000000000618,timeout,False,12,False
2026-02-06 13:02:00+00:00,1,0.6240955591201782,5.0,trail_stop,True,2,True
2026-02-06 13:04:00+00:00,1,0.6091550588607788,-20.0,stop_loss,False,5,False
2026-02-06 13:05:00+00:00,-1,0.5997195839881897,5.0,trail_stop,True,2,True
2026-02-06 13:12:00+00:00,-1,0.6272773742675781,5.0,trail_stop,True,4,True
2026-02-06 13:25:00+00:00,-1,0.6314281225204468,7.5,target_full,True,1,True
2026-02-06 13:26:00+00:00,-1,0.6277610659599304,5.0,trail_stop,True,3,True
2026-02-06 13:38:00+00:00,1,0.6675288081169128,-10.420000000000073,timeout,False,12,False
2026-02-06 13:39:00+00:00,1,0.656396210193634,5.0,trail_stop,True,3,True
2026-02-06 13:40:00+00:00,1,0.6662470698356628,-7.029999999999745,timeout,False,12,False
2026-02-06 13:50:00+00:00,-1,0.7269179224967957,-3.2899999999999636,timeout,False,12,False
2026-02-06 14:20:00+00:00,-1,0.6140568852424622,5.0,trail_stop,True,2,True
2026-02-06 14:23:00+00:00,-1,0.632440984249115,7.5,target_full,True,1,True
2026-02-06 14:26:00+00:00,-1,0.6530548334121704,-20.0,stop_loss,False,5,False
2026-02-06 14:30:00+00:00,1,0.5723478198051453,7.5,target_full,True,1,True
2026-02-06 14:31:00+00:00,1,0.5634048581123352,7.5,target_full,True,1,True
2026-02-06 14:32:00+00:00,1,0.564952552318573,7.5,target_full,True,4,True
2026-02-06 14:37:00+00:00,1,0.6971392035484314,-20.0,stop_loss,False,3,False
2026-02-06 14:39:00+00:00,1,0.6083356738090515,5.0,trail_stop,True,11,True
2026-02-06 14:40:00+00:00,-1,0.6818957328796387,5.0,trail_stop,True,3,True
2026-02-06 14:48:00+00:00,1,0.6769837141036987,5.0,trail_stop,True,2,True
2026-02-06 14:50:00+00:00,1,0.5732442140579224,5.0,trail_stop,True,7,True
2026-02-06 14:57:00+00:00,1,0.6300629377365112,7.5,target_full,True,2,True
2026-02-06 15:00:00+00:00,-1,0.7416399717330933,5.0,trail_stop,True,2,True
2026-02-06 15:01:00+00:00,1,0.7811879515647888,7.5,target_full,True,4,True
2026-02-06 15:02:00+00:00,-1,0.6350389719009399,-20.0,stop_loss,False,3,False
2026-02-06 15:06:00+00:00,1,0.665273129940033,-13.13000000000011,timeout,False,12,False
2026-02-06 15:08:00+00:00,1,0.6364953517913818,5.0,trail_stop,True,2,True
2026-02-06 15:13:00+00:00,-1,0.7136855125427246,5.0,trail_stop,True,3,True
2026-02-06 15:20:00+00:00,-1,0.5984307527542114,-20.0,stop_loss,False,6,False
2026-02-06 15:21:00+00:00,-1,0.6805448532104492,-9.730000000000473,timeout,False,12,False
2026-02-06 15:22:00+00:00,1,0.6476518511772156,5.0,trail_stop,True,5,True
2026-02-06 15:24:00+00:00,-1,0.7494632005691528,-0.8600000000005821,timeout,False,12,False
2026-02-06 15:25:00+00:00,1,0.6776845455169678,5.0,trail_stop,True,2,True
2026-02-06 15:26:00+00:00,1,0.6483848690986633,-11.020000000000437,timeout,False,12,False
2026-02-06 15:27:00+00:00,1,0.6510800719261169,5.0,trail_stop,True,2,True
2026-02-06 15:35:00+00:00,-1,0.6291712522506714,5.0,trail_stop,True,2,True
2026-02-06 15:37:00+00:00,-1,0.7104501724243164,7.5,target_full,True,7,True
2026-02-06 15:40:00+00:00,1,0.5604113340377808,-20.0,stop_loss,False,4,False
2026-02-06 15:41:00+00:00,1,0.7235901355743408,5.0,trail_stop,True,8,True
2026-02-06 15:43:00+00:00,-1,0.5870933532714844,7.5,target_full,True,1,True
2026-02-06 15:45:00+00:00,-1,0.5908693075180054,-4.4099999999998545,timeout,False,12,False
2026-02-06 15:49:00+00:00,-1,0.677327573299408,5.0,trail_stop,True,6,True
2026-02-06 15:51:00+00:00,1,0.6099020838737488,2.119999999999891,timeout,False,12,True
2026-02-06 15:54:00+00:00,-1,0.6714658141136169,-7.899999999999636,timeout,False,12,False
2026-02-06 16:12:00+00:00,1,0.6287586092948914,-20.0,stop_loss,False,11,False
2026-02-06 16:13:00+00:00,-1,0.6460075974464417,7.5,target_full,True,2,True
2026-02-06 16:14:00+00:00,-1,0.5928342938423157,7.5,target_full,True,1,True
2026-02-06 16:24:00+00:00,-1,0.6658905148506165,7.5,target_full,True,1,True
2026-02-06 16:27:00+00:00,-1,0.5697585940361023,-12.639999999999418,timeout,False,12,False
2026-02-06 16:28:00+00:00,1,0.6472398638725281,5.0,trail_stop,True,12,True
2026-02-06 16:40:00+00:00,1,0.6563771963119507,-3.0800000000008367,timeout,False,12,False
2026-02-06 16:43:00+00:00,-1,0.7145010232925415,-14.359999999999673,timeout,False,12,False
2026-02-06 18:29:00+00:00,1,0.6150769591331482,5.0,trail_stop,True,5,True
2026-02-08 23:25:00+00:00,1,0.6535521149635315,5.0,trail_stop,True,2,True
2026-02-08 23:26:00+00:00,1,0.5993908643722534,7.5,target_full,True,1,True
2026-02-08 23:27:00+00:00,1,0.6989034414291382,5.0,trail_stop,True,2,True
2026-02-08 23:30:00+00:00,1,0.6248251795768738,7.5,target_full,True,2,True
2026-02-08 23:32:00+00:00,1,0.7396500706672668,5.0,trail_stop,True,2,True
2026-02-08 23:33:00+00:00,1,0.6337988376617432,5.0,trail_stop,True,12,True
2026-02-08 23:34:00+00:00,1,0.655156672000885,5.0,trail_stop,True,3,True
2026-02-08 23:35:00+00:00,-1,0.6469419598579407,-10.8799999999992,timeout,False,12,False
2026-02-08 23:37:00+00:00,1,0.6869920492172241,-6.139999999999418,timeout,False,12,False
2026-02-09 01:01:00+00:00,1,0.5957491993904114,5.0,trail_stop,True,2,True
2026-02-09 01:02:00+00:00,1,0.6068532466888428,-20.0,stop_loss,False,2,False
2026-02-09 01:03:00+00:00,1,0.6153464317321777,-20.0,stop_loss,False,1,False
2026-02-09 01:04:00+00:00,-1,0.666100025177002,7.5,target_full,True,1,True
2026-02-09 01:08:00+00:00,1,0.6525090336799622,5.0,trail_stop,True,9,True
2026-02-09 01:36:00+00:00,-1,0.6654173135757446,7.5,target_full,True,1,True
2026-02-09 02:00:00+00:00,-1,0.6811683177947998,5.0,trail_stop,True,2,True
2026-02-09 02:02:00+00:00,-1,0.6777436137199402,-20.0,stop_loss,False,7,False
2026-02-09 07:23:00+00:00,-1,0.6344531774520874,-8.349999999999454,timeout,False,12,False
2026-02-09 10:25:00+00:00,-1,0.5710468292236328,7.5,target_full,True,1,True
2026-02-09 10:46:00+00:00,1,0.6536239981651306,-6.4099999999998545,timeout,False,12,False
2026-02-09 13:13:00+00:00,-1,0.6564169526100159,5.0,trail_stop,True,3,True
2026-02-09 13:24:00+00:00,1,0.6189271211624146,-8.229999999999563,timeout,False,12,False
2026-02-09 13:25:00+00:00,-1,0.6176638603210449,5.0,trail_stop,True,4,True
2026-02-09 13:29:00+00:00,-1,0.5540422201156616,5.0,trail_stop,True,12,True
2026-02-09 13:30:00+00:00,1,0.5777134895324707,-17.01000000000022,timeout,False,12,False
2026-02-09 13:34:00+00:00,-1,0.5766674876213074,5.0,trail_stop,True,5,True
2026-02-09 13:41:00+00:00,-1,0.5973942875862122,-9.530000000000655,timeout,False,12,False
2026-02-09 14:31:00+00:00,1,0.5708687901496887,5.0,trail_stop,True,3,True
2026-02-09 14:34:00+00:00,1,0.6742050051689148,-1.4899999999997817,timeout,False,12,False
2026-02-09 14:35:00+00:00,-1,0.6246001720428467,-2.9000000000005457,timeout,False,12,False
2026-02-09 14:42:00+00:00,1,0.6350653767585754,5.0,trail_stop,True,12,True
2026-02-09 15:14:00+00:00,-1,0.5839030146598816,5.0,trail_stop,True,2,True
2026-02-09 15:17:00+00:00,-1,0.6224507093429565,-16.079999999999927,timeout,False,12,False
2026-02-09 15:20:00+00:00,1,0.5689319968223572,7.5,target_full,True,12,True
2026-02-09 15:33:00+00:00,1,0.5633906722068787,5.0,trail_stop,True,11,True
2026-02-09 15:42:00+00:00,1,0.614999532699585,5.0,trail_stop,True,3,True
2026-02-09 15:44:00+00:00,1,0.7036816477775574,0.5700000000006185,timeout,False,12,True
2026-02-09 15:49:00+00:00,1,0.5926977396011353,2.3100000000004,timeout,False,12,True
2026-02-09 15:50:00+00:00,1,0.554680585861206,5.0,trail_stop,True,12,True
2026-02-09 16:15:00+00:00,1,0.5542867183685303,5.0,trail_stop,True,10,True
2026-02-09 16:25:00+00:00,1,0.631520688533783,-6.489999999999782,timeout,False,12,False
2026-02-09 17:58:00+00:00,-1,0.573354184627533,-13.899999999999636,timeout,False,12,False
2026-02-09 18:22:00+00:00,1,0.6473321914672852,1.0100000000002183,timeout,False,12,True
2026-02-09 23:23:00+00:00,-1,0.6057579517364502,-10.570000000000618,timeout,False,12,False
2026-02-09 23:30:00+00:00,-1,0.6307772397994995,-20.0,stop_loss,False,12,False
2026-02-10 03:05:00+00:00,-1,0.5856566429138184,5.0,trail_stop,True,10,True
2026-02-10 12:53:00+00:00,-1,0.6190791726112366,-12.220000000000255,timeout,False,12,False
2026-02-10 12:55:00+00:00,1,0.6728339195251465,2.7600000000002183,timeout,True,12,True
2026-02-10 13:12:00+00:00,1,0.6113662719726562,5.0,trail_stop,True,5,True
2026-02-10 13:30:00+00:00,1,0.5942341685295105,7.5,target_full,True,1,True
2026-02-10 13:31:00+00:00,1,0.5713109374046326,5.0,trail_stop,True,2,True
2026-02-10 13:33:00+00:00,1,0.6611555814743042,-4.079999999999927,timeout,False,12,False
2026-02-10 13:34:00+00:00,1,0.6116911172866821,3.3499999999994543,timeout,False,12,True
2026-02-10 13:37:00+00:00,-1,0.5970916748046875,-5.3400000000001455,timeout,False,12,False
2026-02-10 14:07:00+00:00,1,0.6039067506790161,7.5,target_full,True,8,True
2026-02-10 14:15:00+00:00,1,0.5705211758613586,7.5,target_full,True,1,True
2026-02-10 14:16:00+00:00,1,0.5934695601463318,5.0,trail_stop,True,2,True
2026-02-10 14:35:00+00:00,-1,0.659153163433075,7.5,target_full,True,2,True
2026-02-10 14:36:00+00:00,-1,0.6254159808158875,5.0,trail_stop,True,2,True
2026-02-10 14:37:00+00:00,-1,0.6214211583137512,5.0,trail_stop,True,4,True
2026-02-10 14:47:00+00:00,-1,0.5979893803596497,7.5,target_full,True,1,True
2026-02-10 14:48:00+00:00,-1,0.6224220991134644,-20.0,stop_loss,False,6,False
2026-02-10 14:55:00+00:00,1,0.621047854423523,-7.25,timeout,False,12,False
2026-02-10 15:01:00+00:00,-1,0.5836539268493652,5.0,trail_stop,True,2,True
2026-02-10 15:06:00+00:00,1,0.6391817927360535,-1.2600000000002183,timeout,False,12,False
2026-02-10 15:15:00+00:00,-1,0.6246355175971985,-2.0700000000006185,timeout,False,12,False
2026-02-10 15:22:00+00:00,1,0.5988490581512451,-20.0,stop_loss,False,7,False
2026-02-10 15:31:00+00:00,-1,0.5551762580871582,5.0,trail_stop,True,2,True
2026-02-10 15:36:00+00:00,-1,0.5750178098678589,7.5,target_full,True,1,True
2026-02-10 15:37:00+00:00,-1,0.6485586762428284,7.5,target_full,True,1,True
2026-02-10 15:38:00+00:00,-1,0.7474501132965088,-20.0,stop_loss,False,8,False
2026-02-10 15:40:00+00:00,1,0.6261115074157715,5.0,trail_stop,True,2,True
2026-02-10 15:41:00+00:00,1,0.6883617639541626,5.0,trail_stop,True,5,True
2026-02-10 15:43:00+00:00,1,0.5697209239006042,5.0,trail_stop,True,7,True
2026-02-10 15:44:00+00:00,-1,0.5909222364425659,-10.350000000000364,timeout,False,12,False
2026-02-10 15:45:00+00:00,1,0.6141225099563599,5.0,trail_stop,True,2,True
2026-02-10 15:46:00+00:00,1,0.6063005328178406,5.0,trail_stop,True,3,True
2026-02-10 15:49:00+00:00,1,0.577164351940155,-9.109999999999673,timeout,False,12,False
2026-02-10 15:56:00+00:00,-1,0.6057471036911011,5.0,trail_stop,True,3,True
2026-02-10 16:20:00+00:00,-1,0.5998449921607971,-10.420000000000073,timeout,False,12,False
2026-02-10 16:21:00+00:00,-1,0.5511022210121155,5.0,trail_stop,True,4,True
2026-02-10 16:22:00+00:00,-1,0.6270144581794739,5.0,trail_stop,True,3,True
2026-02-10 16:30:00+00:00,1,0.6278643608093262,5.0,trail_stop,True,2,True
2026-02-10 19:30:00+00:00,1,0.5524503588676453,-2.4700000000002547,timeout,False,12,False
2026-02-11 07:13:00+00:00,-1,0.5671899914741516,5.0,trail_stop,True,6,True
2026-02-11 07:14:00+00:00,-1,0.5713983774185181,5.0,trail_stop,True,11,True
2026-02-11 10:44:00+00:00,1,0.7309388518333435,-7.230000000000473,timeout,False,12,False
2026-02-11 10:45:00+00:00,1,0.6178102493286133,5.0,trail_stop,True,4,True
2026-02-11 11:30:00+00:00,1,0.5695779323577881,-2.880000000000109,timeout,False,12,False
2026-02-11 12:41:00+00:00,-1,0.6763314008712769,-20.0,stop_loss,False,9,False
2026-02-11 12:42:00+00:00,-1,0.6469655632972717,-17.659999999999854,timeout,False,12,False
2026-02-11 13:17:00+00:00,-1,0.636296272277832,-20.0,stop_loss,False,9,False
2026-02-11 13:20:00+00:00,1,0.6683767437934875,5.0,trail_stop,True,2,True
2026-02-11 13:30:00+00:00,-1,0.6317649483680725,-20.0,stop_loss,False,1,False
2026-02-11 13:31:00+00:00,-1,0.5601131916046143,5.0,trail_stop,True,2,True
2026-02-11 13:33:00+00:00,1,0.6039385795593262,5.0,trail_stop,True,2,True
2026-02-11 13:34:00+00:00,1,0.5721920132637024,5.0,trail_stop,True,3,True
2026-02-11 13:38:00+00:00,1,0.6090582609176636,7.5,target_full,True,1,True
2026-02-11 13:39:00+00:00,1,0.6627548933029175,5.0,trail_stop,True,10,True
2026-02-11 13:40:00+00:00,1,0.6583340167999268,5.0,trail_stop,True,5,True
2026-02-11 13:41:00+00:00,1,0.625308632850647,0.3499999999994543,timeout,False,12,True
2026-02-11 13:42:00+00:00,-1,0.5623528361320496,-15.840000000000146,timeout,False,12,False
2026-02-11 13:43:00+00:00,-1,0.6396979093551636,5.0,trail_stop,True,4,True
2026-02-11 13:45:00+00:00,1,0.6480263471603394,5.0,trail_stop,True,4,True
2026-02-11 13:46:00+00:00,-1,0.5969783067703247,-7.3400000000001455,timeout,False,12,False
2026-02-11 13:48:00+00:00,1,0.5754756331443787,5.0,trail_stop,True,6,True
2026-02-11 13:51:00+00:00,-1,0.6191132664680481,-15.63000000000011,timeout,False,12,False
2026-02-11 13:52:00+00:00,-1,0.6324068903923035,-11.850000000000364,timeout,False,12,False
2026-02-11 14:01:00+00:00,-1,0.6681656241416931,-7.210000000000036,timeout,False,12,False
2026-02-11 14:04:00+00:00,1,0.5724926590919495,5.0,trail_stop,True,12,True
2026-02-11 14:16:00+00:00,1,0.552506148815155,-9.300000000000182,timeout,False,12,False
2026-02-11 14:31:00+00:00,-1,0.5865412950515747,5.0,trail_stop,True,6,True
2026-02-11 14:32:00+00:00,-1,0.6123088598251343,5.0,trail_stop,True,2,True
2026-02-11 14:33:00+00:00,-1,0.6515946984291077,7.5,target_full,True,4,True
2026-02-11 14:34:00+00:00,1,0.6082562804222107,-20.0,stop_loss,False,3,False
2026-02-11 14:35:00+00:00,-1,0.6439838409423828,7.5,target_full,True,2,True
2026-02-11 14:36:00+00:00,-1,0.6543607711791992,7.5,target_full,True,1,True
2026-02-11 14:38:00+00:00,-1,0.6501781940460205,5.0,trail_stop,True,2,True
2026-02-11 14:45:00+00:00,1,0.6221544146537781,5.0,trail_stop,True,7,True
2026-02-11 14:47:00+00:00,1,0.5727742910385132,5.0,trail_stop,True,6,True
2026-02-11 14:56:00+00:00,1,0.6054001450538635,7.5,target_full,True,8,True
2026-02-11 15:03:00+00:00,1,0.6420331597328186,7.5,target_full,True,1,True
2026-02-11 15:05:00+00:00,1,0.5685242414474487,5.0,trail_stop,True,4,True
2026-02-11 15:15:00+00:00,-1,0.6450827121734619,5.0,trail_stop,True,2,True
2026-02-11 15:16:00+00:00,-1,0.5509164929389954,7.5,target_full,True,7,True
2026-02-11 15:21:00+00:00,1,0.5716135501861572,-20.0,stop_loss,False,2,False
2026-02-11 15:23:00+00:00,-1,0.6696012616157532,7.5,target_full,True,1,True
2026-02-11 15:24:00+00:00,-1,0.6684345006942749,5.0,trail_stop,True,3,True
2026-02-11 15:25:00+00:00,-1,0.5979658365249634,5.0,trail_stop,True,2,True
2026-02-11 15:26:00+00:00,-1,0.6287882924079895,5.0,trail_stop,True,11,True
2026-02-11 15:28:00+00:00,-1,0.6341627240180969,5.0,trail_stop,True,9,True
2026-02-11 15:37:00+00:00,-1,0.7033163905143738,-7.369999999999891,timeout,False,12,False
2026-02-11 15:38:00+00:00,-1,0.6357720494270325,-12.399999999999636,timeout,False,12,False
2026-02-11 15:41:00+00:00,1,0.6400302052497864,5.0,trail_stop,True,4,True
2026-02-11 15:43:00+00:00,-1,0.6113183498382568,-12.979999999999563,timeout,False,12,False
2026-02-11 15:45:00+00:00,1,0.6140906810760498,5.0,trail_stop,True,7,True
2026-02-11 15:48:00+00:00,-1,0.6644620895385742,-13.38000000000011,timeout,False,12,False
2026-02-11 15:52:00+00:00,1,0.6328321099281311,5.0,trail_stop,True,10,True
2026-02-11 16:21:00+00:00,-1,0.7057984471321106,-20.0,stop_loss,False,11,False
2026-02-11 16:30:00+00:00,1,0.6458091735839844,5.0,trail_stop,True,3,True
2026-02-11 16:33:00+00:00,1,0.6640059947967529,5.0,trail_stop,True,8,True
2026-02-11 17:17:00+00:00,1,0.6733304858207703,-4.300000000000182,timeout,False,12,False
2026-02-12 14:15:00+00:00,-1,0.6459493041038513,5.0,trail_stop,True,4,True
2026-02-12 14:31:00+00:00,1,0.6148418188095093,5.0,trail_stop,True,2,True
2026-02-12 14:32:00+00:00,1,0.5551420450210571,-9.600000000000364,timeout,False,12,False
2026-02-12 15:00:00+00:00,-1,0.6021496653556824,-20.0,stop_loss,False,9,False
2026-02-12 15:01:00+00:00,1,0.6349446177482605,5.0,trail_stop,True,3,True
2026-02-12 15:07:00+00:00,1,0.7063935399055481,5.0,trail_stop,True,3,True
2026-02-12 15:10:00+00:00,1,0.6058988571166992,5.0,trail_stop,True,7,True
2026-02-12 16:08:00+00:00,-1,0.6177220940589905,7.5,target_full,True,1,True
2026-02-12 16:10:00+00:00,-1,0.7153170704841614,7.5,target_full,True,1,True
2026-02-12 16:11:00+00:00,-1,0.6438804268836975,7.5,target_full,True,1,True
2026-02-12 16:12:00+00:00,-1,0.5704502463340759,7.5,target_full,True,1,True
2026-02-12 16:13:00+00:00,-1,0.6990225315093994,7.5,target_full,True,1,True
2026-02-12 16:19:00+00:00,-1,0.5561978816986084,7.5,target_full,True,1,True
2026-02-12 16:20:00+00:00,-1,0.6151730418205261,7.5,target_full,True,1,True
2026-02-12 16:22:00+00:00,-1,0.5509171485900879,-20.0,stop_loss,False,1,False
2026-02-12 16:23:00+00:00,1,0.5807479619979858,-20.0,stop_loss,False,2,False
2026-02-12 16:24:00+00:00,1,0.6844761967658997,-20.0,stop_loss,False,1,False
2026-02-12 16:25:00+00:00,1,0.5561252236366272,-20.0,stop_loss,False,1,False
2026-02-12 16:26:00+00:00,-1,0.7090948820114136,5.0,trail_stop,True,2,True
2026-02-12 16:27:00+00:00,-1,0.5962609648704529,7.5,target_full,True,1,True
2026-02-12 16:28:00+00:00,-1,0.5913097858428955,-20.0,stop_loss,False,1,False
2026-02-12 16:30:00+00:00,1,0.6599876284599304,7.5,target_full,True,1,True
2026-02-12 16:31:00+00:00,1,0.5887025594711304,7.5,target_full,True,1,True
2026-02-12 16:32:00+00:00,1,0.6058635115623474,5.0,trail_stop,True,3,True
2026-02-12 16:33:00+00:00,1,0.6413367986679077,7.5,target_full,True,1,True
2026-02-12 16:35:00+00:00,1,0.6122331023216248,7.5,target_full,True,1,True
2026-02-12 16:36:00+00:00,1,0.5519933104515076,5.0,trail_stop,True,4,True
2026-02-12 16:37:00+00:00,1,0.6124957203865051,7.5,target_full,True,1,True
2026-02-12 16:38:00+00:00,1,0.5547972321510315,7.5,target_full,True,1,True
2026-02-12 16:39:00+00:00,1,0.608812689781189,7.5,target_full,True,1,True
2026-02-12 16:41:00+00:00,1,0.5766260623931885,-20.0,stop_loss,False,4,False
2026-02-12 16:42:00+00:00,-1,0.576573371887207,5.0,trail_stop,True,2,True
2026-02-12 16:47:00+00:00,-1,0.5560318231582642,-20.0,stop_loss,False,3,False
2026-02-12 16:49:00+00:00,-1,0.6052150726318359,-20.0,stop_loss,False,1,False
2026-02-12 16:50:00+00:00,1,0.5785059332847595,-20.0,stop_loss,False,3,False
2026-02-12 16:53:00+00:00,-1,0.6039065718650818,5.0,trail_stop,True,2,True
2026-02-12 16:54:00+00:00,-1,0.6160910129547119,-20.0,stop_loss,False,4,False
2026-02-12 16:55:00+00:00,-1,0.6146272420883179,5.0,trail_stop,True,6,True
2026-02-12 16:58:00+00:00,1,0.6136432886123657,5.0,trail_stop,True,2,True
2026-02-12 16:59:00+00:00,1,0.7165623903274536,7.5,target_full,True,7,True
2026-02-12 17:03:00+00:00,1,0.6465979814529419,5.0,trail_stop,True,3,True
2026-02-12 17:05:00+00:00,-1,0.6048471331596375,-20.0,stop_loss,False,1,False
2026-02-12 17:06:00+00:00,1,0.6364020705223083,5.0,trail_stop,True,2,True
2026-02-12 17:07:00+00:00,1,0.6302808523178101,6.4650000000001455,timeout,True,12,True
2026-02-12 17:08:00+00:00,1,0.6448794007301331,5.0,trail_stop,True,2,True
2026-02-12 17:09:00+00:00,1,0.5717587471008301,5.0,trail_stop,True,11,True
2026-02-12 17:10:00+00:00,-1,0.5934982895851135,-20.0,stop_loss,False,12,False
2026-02-12 17:11:00+00:00,1,0.6688776612281799,5.0,trail_stop,True,3,True
2026-02-12 17:13:00+00:00,1,0.6130213737487793,5.0,trail_stop,True,6,True
2026-02-12 17:16:00+00:00,1,0.6038075089454651,5.0,trail_stop,True,4,True
2026-02-12 17:17:00+00:00,-1,0.6559501886367798,-20.0,stop_loss,False,5,False
2026-02-12 17:20:00+00:00,1,0.6745390892028809,5.0,trail_stop,True,3,True
2026-02-12 17:21:00+00:00,1,0.7102383971214294,7.5,target_full,True,1,True
2026-02-12 17:22:00+00:00,1,0.6855159997940063,5.0,trail_stop,True,2,True
2026-02-12 17:23:00+00:00,1,0.6446508169174194,-20.0,stop_loss,False,7,False
2026-02-12 17:24:00+00:00,1,0.6179894804954529,5.0,trail_stop,True,4,True
2026-02-12 17:27:00+00:00,1,0.6110530495643616,-4.650000000000546,timeout,False,12,False
2026-02-12 17:41:00+00:00,1,0.6046048998832703,-20.0,stop_loss,False,9,False
2026-02-12 17:42:00+00:00,-1,0.6873210072517395,5.0,trail_stop,True,3,True
2026-02-12 17:45:00+00:00,-1,0.7207183837890625,5.0,trail_stop,True,4,True
2026-02-12 18:01:00+00:00,-1,0.6790401339530945,7.5,target_full,True,1,True
2026-02-12 18:02:00+00:00,-1,0.6601778268814087,5.0,trail_stop,True,2,True
2026-02-12 18:03:00+00:00,-1,0.5964933633804321,7.5,target_full,True,4,True
2026-02-12 18:04:00+00:00,-1,0.6043331623077393,5.0,trail_stop,True,2,True
2026-02-12 18:06:00+00:00,-1,0.5947672724723816,7.5,target_full,True,1,True
2026-02-12 18:08:00+00:00,-1,0.6173245906829834,7.5,target_full,True,9,True
2026-02-12 18:10:00+00:00,-1,0.5807331800460815,7.5,target_full,True,2,True
2026-02-12 18:12:00+00:00,1,0.6382297277450562,5.0,trail_stop,True,3,True
2026-02-12 18:18:00+00:00,-1,0.5877471566200256,5.0,trail_stop,True,2,True
2026-02-12 18:19:00+00:00,-1,0.5987010598182678,-20.0,stop_loss,False,1,False
2026-02-12 18:20:00+00:00,-1,0.6520839333534241,-12.989999999999782,timeout,False,12,False
2026-02-12 18:26:00+00:00,1,0.5598304867744446,5.0,trail_stop,True,2,True
2026-02-12 18:27:00+00:00,1,0.6887329816818237,5.0,trail_stop,True,7,True
2026-02-12 18:30:00+00:00,-1,0.631704568862915,-15.4399999999996,timeout,False,12,False
2026-02-12 18:35:00+00:00,1,0.7241295576095581,5.0,trail_stop,True,4,True
2026-02-12 18:36:00+00:00,-1,0.6473031044006348,-9.710000000000036,timeout,False,12,False
2026-02-12 18:39:00+00:00,1,0.6389221549034119,5.0,trail_stop,True,5,True
2026-02-12 18:40:00+00:00,1,0.6956959366798401,7.5,target_full,True,2,True
2026-02-12 18:41:00+00:00,1,0.6604809761047363,5.0,trail_stop,True,2,True
2026-02-12 18:44:00+00:00,1,0.6258612275123596,7.5,target_full,True,7,True
2026-02-12 18:45:00+00:00,-1,0.5869187116622925,-1.199999999999818,timeout,False,12,False
2026-02-12 18:51:00+00:00,1,0.5723547339439392,-20.0,stop_loss,False,10,False
2026-02-12 18:57:00+00:00,-1,0.6283846497535706,5.0,trail_stop,True,4,True
2026-02-12 19:11:00+00:00,-1,0.656114399433136,-10.270000000000437,timeout,False,12,False
2026-02-12 19:19:00+00:00,1,0.6923753619194031,-3.3799999999991996,timeout,False,12,False
2026-02-12 20:36:00+00:00,1,0.5824317336082458,-2.5799999999999272,timeout,False,12,False
2026-02-12 20:51:00+00:00,-1,0.6391832828521729,-7.769999999999527,timeout,False,12,False
2026-02-12 20:56:00+00:00,-1,0.618678867816925,1.2600000000002183,timeout,False,12,True
2026-02-13 01:01:00+00:00,1,0.6915969252586365,5.0,trail_stop,True,2,True
2026-02-13 01:02:00+00:00,1,0.7849422693252563,5.0,trail_stop,True,3,True
2026-02-13 01:10:00+00:00,1,0.6295393705368042,5.0,trail_stop,True,9,True
2026-02-13 13:31:00+00:00,1,0.5618070363998413,5.0,trail_stop,True,3,True
2026-02-13 13:32:00+00:00,1,0.5584198236465454,7.5,target_full,True,1,True
2026-02-13 13:33:00+00:00,-1,0.6519086360931396,5.0,trail_stop,True,12,True
2026-02-13 13:34:00+00:00,1,0.6160403490066528,-20.0,stop_loss,False,12,False
2026-02-13 13:43:00+00:00,1,0.7263734936714172,-20.0,stop_loss,False,3,False
2026-02-13 13:44:00+00:00,-1,0.6869208812713623,5.0,trail_stop,True,2,True
2026-02-13 13:45:00+00:00,-1,0.6396878957748413,5.0,trail_stop,True,2,True
2026-02-13 14:05:00+00:00,1,0.6414973735809326,5.0,trail_stop,True,10,True
2026-02-13 14:06:00+00:00,-1,0.6146010756492615,5.0,trail_stop,True,2,True
2026-02-13 14:07:00+00:00,-1,0.64825838804245,-13.300000000000182,timeout,False,12,False
2026-02-13 14:13:00+00:00,1,0.694176197052002,5.0,trail_stop,True,5,True
2026-02-13 14:18:00+00:00,1,0.6241307854652405,-4.260000000000218,timeout,False,12,False
2026-02-13 14:21:00+00:00,1,0.6882219314575195,5.0,trail_stop,True,12,True
2026-02-13 14:22:00+00:00,-1,0.6573638319969177,5.0,trail_stop,True,8,True
2026-02-13 14:32:00+00:00,1,0.703396737575531,5.0,trail_stop,True,3,True
2026-02-13 14:34:00+00:00,1,0.6273453831672668,5.0,trail_stop,True,2,True
2026-02-13 14:35:00+00:00,1,0.6121127605438232,-20.0,stop_loss,False,3,False
2026-02-13 14:36:00+00:00,-1,0.6266202330589294,7.5,target_full,True,1,True
2026-02-13 14:37:00+00:00,-1,0.6161705851554871,7.5,target_full,True,2,True
2026-02-13 14:39:00+00:00,-1,0.5943086743354797,7.5,target_full,True,1,True
2026-02-13 14:40:00+00:00,-1,0.701915442943573,5.0,trail_stop,True,2,True
2026-02-13 14:41:00+00:00,-1,0.6675283908843994,-20.0,stop_loss,False,2,False
2026-02-13 14:42:00+00:00,-1,0.5572118759155273,-20.0,stop_loss,False,2,False
2026-02-13 14:47:00+00:00,1,0.620986819267273,-4.039999999999964,timeout,False,12,False
2026-02-13 14:52:00+00:00,-1,0.6295781135559082,-5.119999999999891,timeout,False,12,False
2026-02-13 14:55:00+00:00,1,0.6936891078948975,2.6899999999996,timeout,False,12,True
2026-02-13 14:56:00+00:00,1,0.6652782559394836,5.0,trail_stop,True,2,True
2026-02-13 14:58:00+00:00,-1,0.5757380127906799,5.0,trail_stop,True,6,True
2026-02-13 15:01:00+00:00,1,0.6574133634567261,5.0,trail_stop,True,7,True
2026-02-13 15:08:00+00:00,1,0.6380914449691772,-12.0,timeout,False,12,False
2026-02-13 15:12:00+00:00,-1,0.6616472005844116,5.0,trail_stop,True,5,True
2026-02-13 15:16:00+00:00,-1,0.5968913435935974,5.0,trail_stop,True,2,True
2026-02-13 15:27:00+00:00,1,0.6396860480308533,7.5,target_full,True,8,True
2026-02-13 15:36:00+00:00,1,0.6182149648666382,-20.0,stop_loss,False,9,False
2026-02-13 15:37:00+00:00,1,0.6471598744392395,-20.0,stop_loss,False,10,False
2026-02-13 15:38:00+00:00,-1,0.6596948504447937,5.0,trail_stop,True,8,True
2026-02-13 15:46:00+00:00,-1,0.5534132122993469,7.5,target_full,True,2,True
2026-02-13 15:47:00+00:00,-1,0.5868028402328491,5.0,trail_stop,True,2,True
2026-02-13 15:48:00+00:00,-1,0.5813392400741577,5.0,trail_stop,True,5,True
2026-02-13 15:53:00+00:00,-1,0.6309375762939453,5.0,trail_stop,True,4,True
2026-02-13 15:56:00+00:00,-1,0.624593198299408,5.0,trail_stop,True,3,True
2026-02-13 15:58:00+00:00,-1,0.5655032992362976,-13.569999999999709,timeout,False,12,False
2026-02-13 16:03:00+00:00,1,0.6563308238983154,5.0,trail_stop,True,11,True
2026-02-13 16:06:00+00:00,1,0.6637027263641357,5.0,trail_stop,True,8,True
2026-02-13 16:14:00+00:00,1,0.6962255835533142,5.0,trail_stop,True,3,True
2026-02-13 16:19:00+00:00,1,0.6514783501625061,7.5,target_full,True,6,True
2026-02-13 16:26:00+00:00,1,0.7014055848121643,7.5,target_full,True,1,True
2026-02-13 16:28:00+00:00,1,0.5901898741722107,-19.0600000000004,timeout,False,12,False
2026-02-13 16:29:00+00:00,1,0.608241856098175,-13.490000000000691,timeout,False,12,False
2026-02-17 01:01:00+00:00,1,0.6701793670654297,5.0,trail_stop,True,4,True
2026-02-17 05:16:00+00:00,-1,0.5525010228157043,7.5,target_full,True,1,True
2026-02-17 05:32:00+00:00,-1,0.6868032813072205,-20.0,stop_loss,False,4,False
2026-02-17 05:33:00+00:00,-1,0.592546284198761,-10.710000000000036,timeout,False,12,False
2026-02-17 12:15:00+00:00,1,0.5558057427406311,0.5100000000002183,timeout,False,12,True
2026-02-17 13:57:00+00:00,-1,0.6828299164772034,7.5,target_full,True,1,True
2026-02-17 13:58:00+00:00,-1,0.760637640953064,7.5,target_full,True,1,True
2026-02-17 14:00:00+00:00,-1,0.6048036217689514,7.5,target_full,True,1,True
2026-02-17 14:01:00+00:00,-1,0.6457945108413696,-20.0,stop_loss,False,2,False
2026-02-17 14:04:00+00:00,1,0.5984249114990234,7.5,target_full,True,1,True
2026-02-17 14:05:00+00:00,1,0.6409693360328674,5.0,trail_stop,True,2,True
2026-02-17 14:08:00+00:00,1,0.6564962267875671,5.0,trail_stop,True,6,True
2026-02-17 14:12:00+00:00,1,0.658271312713623,5.0,trail_stop,True,2,True
2026-02-17 14:30:00+00:00,-1,0.6234105825424194,5.0,trail_stop,True,3,True
2026-02-17 14:31:00+00:00,1,0.605027973651886,-20.0,stop_loss,False,6,False
2026-02-17 14:32:00+00:00,-1,0.6871752738952637,5.0,trail_stop,True,2,True
2026-02-17 14:33:00+00:00,-1,0.6298887729644775,5.0,trail_stop,True,5,True
2026-02-17 14:34:00+00:00,-1,0.7376001477241516,5.0,trail_stop,True,2,True
2026-02-17 14:36:00+00:00,1,0.7086465954780579,-20.0,stop_loss,False,3,False
2026-02-17 14:38:00+00:00,-1,0.6632681488990784,7.5,target_full,True,1,True
2026-02-17 14:41:00+00:00,-1,0.5614346265792847,5.0,trail_stop,True,2,True
2026-02-17 14:43:00+00:00,-1,0.6068427562713623,5.0,trail_stop,True,4,True
2026-02-17 14:44:00+00:00,-1,0.7155698537826538,5.0,trail_stop,True,5,True
2026-02-17 14:49:00+00:00,-1,0.600014328956604,5.0,trail_stop,True,2,True
2026-02-17 14:50:00+00:00,-1,0.6276854276657104,-20.0,stop_loss,False,1,False
2026-02-17 14:51:00+00:00,1,0.7018027305603027,5.0,trail_stop,True,2,True
2026-02-17 14:52:00+00:00,1,0.6297009587287903,-20.0,stop_loss,False,7,False
2026-02-17 14:53:00+00:00,1,0.6700189709663391,7.5,target_full,True,1,True
2026-02-17 14:54:00+00:00,1,0.6305868029594421,5.0,trail_stop,True,2,True
2026-02-17 14:57:00+00:00,-1,0.5879456996917725,7.5,target_full,True,2,True
2026-02-17 14:59:00+00:00,-1,0.5939953327178955,5.0,trail_stop,True,2,True
2026-02-17 15:00:00+00:00,-1,0.596304714679718,-20.0,stop_loss,False,4,False
2026-02-17 15:02:00+00:00,-1,0.6466315984725952,5.0,trail_stop,True,9,True
2026-02-17 15:06:00+00:00,-1,0.6167903542518616,5.0,trail_stop,True,3,True
2026-02-17 15:10:00+00:00,-1,0.6089255213737488,5.0,trail_stop,True,2,True
2026-02-17 15:11:00+00:00,-1,0.5565595626831055,-20.0,stop_loss,False,7,False
2026-02-17 15:12:00+00:00,1,0.6836009621620178,7.5,target_full,True,6,True
2026-02-17 15:16:00+00:00,1,0.7010608315467834,7.5,target_full,True,2,True
2026-02-17 15:18:00+00:00,1,0.6234336495399475,5.0,trail_stop,True,4,True
2026-02-17 15:19:00+00:00,1,0.5934915542602539,-17.51000000000022,timeout,False,12,False
2026-02-17 15:20:00+00:00,1,0.6077172756195068,5.0,trail_stop,True,2,True
2026-02-17 15:22:00+00:00,-1,0.6429271697998047,5.0,trail_stop,True,3,True
2026-02-17 15:27:00+00:00,-1,0.5664632320404053,5.0,trail_stop,True,3,True
2026-02-17 15:29:00+00:00,-1,0.5751965045928955,5.0,trail_stop,True,4,True
2026-02-17 15:31:00+00:00,-1,0.5718652009963989,5.0,trail_stop,True,2,True
2026-02-17 15:34:00+00:00,-1,0.5707683563232422,-20.0,stop_loss,False,6,False
2026-02-17 15:36:00+00:00,-1,0.6442924737930298,-11.8100000000004,timeout,False,12,False
2026-02-17 15:38:00+00:00,1,0.6056135892868042,5.0,trail_stop,True,2,True
2026-02-17 15:40:00+00:00,1,0.7146673798561096,5.0,trail_stop,True,8,True
2026-02-17 15:50:00+00:00,-1,0.728316605091095,-20.0,stop_loss,False,11,False
2026-02-17 15:51:00+00:00,1,0.637329638004303,5.0,trail_stop,True,6,True
2026-02-17 15:52:00+00:00,-1,0.5557654500007629,-20.0,stop_loss,False,5,False
2026-02-17 15:55:00+00:00,1,0.6492926478385925,5.0,trail_stop,True,2,True
2026-02-17 15:57:00+00:00,1,0.6446259021759033,5.0,trail_stop,True,3,True
2026-02-17 16:00:00+00:00,1,0.6243643760681152,5.0,trail_stop,True,2,True
2026-02-17 16:03:00+00:00,-1,0.6640142202377319,-8.840000000000146,timeout,False,12,False
2026-02-17 16:04:00+00:00,-1,0.6121705174446106,-13.3100000000004,timeout,False,12,False
2026-02-17 16:06:00+00:00,1,0.63251131772995,-5.940000000000509,timeout,False,12,False
2026-02-17 16:08:00+00:00,1,0.6692424416542053,-2.5200000000004366,timeout,False,12,False
2026-02-17 16:14:00+00:00,-1,0.6059309244155884,-3.5399999999999636,timeout,False,12,False
2026-02-17 16:26:00+00:00,-1,0.5830801129341125,5.0,trail_stop,True,4,True
2026-02-17 16:30:00+00:00,-1,0.6134717464447021,1.300000000000182,timeout,False,12,True
2026-02-17 16:31:00+00:00,-1,0.5855328440666199,5.0,trail_stop,True,3,True
2026-02-17 16:43:00+00:00,-1,0.6065552234649658,-2.100000000000364,timeout,False,12,False
2026-02-17 16:46:00+00:00,1,0.5956851243972778,5.0,trail_stop,True,6,True
2026-02-17 16:51:00+00:00,1,0.6036194562911987,-20.0,stop_loss,False,8,False
2026-02-17 16:57:00+00:00,-1,0.5737173557281494,7.5,target_full,True,2,True
2026-02-17 17:00:00+00:00,-1,0.6245046854019165,5.0,trail_stop,True,10,True
2026-02-17 17:02:00+00:00,1,0.5865128040313721,-20.0,stop_loss,False,8,False
2026-02-17 17:04:00+00:00,1,0.6240031719207764,5.0,trail_stop,True,3,True
2026-02-17 17:29:00+00:00,1,0.5717599987983704,-3.8299999999999272,timeout,False,12,False
2026-02-17 17:52:00+00:00,-1,0.5884027481079102,-13.729999999999563,timeout,False,12,False
2026-02-17 17:55:00+00:00,1,0.6757281422615051,5.0,trail_stop,True,3,True
2026-02-17 17:57:00+00:00,1,0.5686736106872559,5.0,trail_stop,True,7,True
2026-02-17 18:15:00+00:00,1,0.569807231426239,7.5,target_full,True,4,True
2026-02-17 18:24:00+00:00,1,0.5545140504837036,5.0,trail_stop,True,12,True
2026-02-17 18:26:00+00:00,1,0.5803136825561523,5.0,trail_stop,True,2,True
2026-02-17 18:35:00+00:00,1,0.6384060382843018,5.0,trail_stop,True,5,True
2026-02-17 18:36:00+00:00,1,0.6082798838615417,5.0,trail_stop,True,5,True
2026-02-17 18:40:00+00:00,1,0.6204721331596375,-3.7299999999995634,timeout,False,12,False
2026-02-17 18:56:00+00:00,1,0.5605131387710571,-11.800000000000182,timeout,False,12,False
2026-02-17 18:57:00+00:00,1,0.6535788774490356,-8.0,timeout,False,12,False
2026-02-17 18:58:00+00:00,1,0.6083287596702576,-5.069999999999709,timeout,False,12,False
2026-02-17 19:02:00+00:00,1,0.6368014216423035,-6.390000000000327,timeout,False,12,False
2026-02-17 20:41:00+00:00,1,0.5554248690605164,-1.0799999999999272,timeout,False,12,False
2026-02-17 23:18:00+00:00,-1,0.5909819006919861,-10.589999999999236,timeout,False,12,False
2026-02-17 23:50:00+00:00,-1,0.5802376866340637,5.0,trail_stop,True,3,True
2026-02-18 00:00:00+00:00,1,0.6500077843666077,5.0,trail_stop,True,2,True
2026-02-18 12:00:00+00:00,1,0.59516841173172,5.0,trail_stop,True,7,True
2026-02-18 12:13:00+00:00,-1,0.5673874020576477,-1.0200000000004366,timeout,False,12,False
2026-02-18 13:00:00+00:00,1,0.5900202989578247,7.5,target_full,True,6,True
2026-02-18 13:07:00+00:00,1,0.6903703212738037,0.680000000000291,timeout,False,12,True
2026-02-18 13:10:00+00:00,1,0.6376127004623413,-4.490000000000691,timeout,False,12,False
2026-02-18 14:33:00+00:00,1,0.6619139909744263,5.0,trail_stop,True,2,True
2026-02-18 14:35:00+00:00,1,0.630003809928894,5.0,trail_stop,True,2,True
2026-02-18 14:37:00+00:00,1,0.6358320116996765,5.0,trail_stop,True,9,True
2026-02-18 15:01:00+00:00,1,0.563854992389679,5.0,trail_stop,True,2,True
2026-02-18 15:04:00+00:00,1,0.6078289747238159,-2.3900000000003274,timeout,False,12,False
2026-02-18 15:06:00+00:00,-1,0.6080672144889832,5.0,trail_stop,True,2,True
2026-02-18 15:07:00+00:00,-1,0.6694605350494385,-8.3799999999992,timeout,False,12,False
2026-02-18 15:16:00+00:00,1,0.6936982870101929,-3.1599999999998545,timeout,False,12,False
2026-02-18 15:17:00+00:00,-1,0.605867326259613,0.21000000000003638,timeout,False,12,True
2026-02-18 15:19:00+00:00,-1,0.6052377820014954,5.0,trail_stop,True,12,True
2026-02-18 15:26:00+00:00,1,0.5573358535766602,-8.970000000000255,timeout,False,12,False
2026-02-18 18:38:00+00:00,-1,0.558824896812439,-1.1500000000005457,timeout,False,12,False
2026-02-18 18:59:00+00:00,1,0.5917839407920837,2.2200000000002547,timeout,False,12,True
2026-02-18 19:31:00+00:00,-1,0.5932837724685669,-8.930000000000291,timeout,False,12,False
2026-02-18 19:34:00+00:00,1,0.614612340927124,-1.0099999999993088,timeout,False,12,False
2026-02-18 19:36:00+00:00,-1,0.576873779296875,-3.2000000000007276,timeout,False,12,False
2026-02-18 19:37:00+00:00,-1,0.6662015914916992,0.6400000000003274,timeout,False,12,True
2026-02-18 19:40:00+00:00,-1,0.6342934966087341,-2.149999999999636,timeout,False,12,False
2026-02-19 06:52:00+00:00,1,0.627000093460083,-1.2600000000002183,timeout,False,12,False
2026-02-19 12:05:00+00:00,1,0.5794715285301208,-4.049999999999272,timeout,False,12,False
2026-02-19 13:32:00+00:00,1,0.5645996928215027,5.0,trail_stop,True,2,True
2026-02-19 13:36:00+00:00,1,0.621852457523346,5.0,trail_stop,True,6,True
2026-02-19 14:12:00+00:00,-1,0.6703369617462158,5.0,trail_stop,True,2,True
2026-02-19 14:35:00+00:00,1,0.678878664970398,5.0,trail_stop,True,3,True
2026-02-19 14:38:00+00:00,1,0.5980666279792786,7.5,target_full,True,5,True
2026-02-19 14:41:00+00:00,-1,0.6812248826026917,-20.0,stop_loss,False,10,False
2026-02-19 14:42:00+00:00,1,0.5844200849533081,5.0,trail_stop,True,2,True
2026-02-19 14:44:00+00:00,1,0.6532037854194641,5.0,trail_stop,True,4,True
2026-02-19 14:46:00+00:00,1,0.5515227317810059,5.0,trail_stop,True,3,True
2026-02-19 14:50:00+00:00,1,0.6098414063453674,5.0,trail_stop,True,2,True
2026-02-19 14:51:00+00:00,1,0.5945023894309998,5.0,trail_stop,True,2,True
2026-02-19 14:53:00+00:00,1,0.6602880954742432,5.0,trail_stop,True,3,True
2026-02-19 15:03:00+00:00,1,0.5682956576347351,-7.529999999999745,timeout,False,12,False
2026-02-19 15:04:00+00:00,-1,0.6066076755523682,5.0,trail_stop,True,2,True
2026-02-19 15:05:00+00:00,-1,0.5607372522354126,5.0,trail_stop,True,10,True
2026-02-19 15:07:00+00:00,-1,0.5937787294387817,5.0,trail_stop,True,8,True
2026-02-19 15:09:00+00:00,1,0.5745000839233398,1.2700000000004366,timeout,False,12,True
2026-02-19 15:16:00+00:00,-1,0.5898362994194031,-15.100000000000364,timeout,False,12,False
2026-02-19 15:18:00+00:00,1,0.6241061091423035,5.0,trail_stop,True,6,True
2026-02-19 15:23:00+00:00,-1,0.5631749033927917,-20.0,stop_loss,False,6,False
2026-02-19 15:24:00+00:00,1,0.5902047753334045,5.0,trail_stop,True,3,True
2026-02-19 15:25:00+00:00,-1,0.6203967928886414,-20.0,stop_loss,False,8,False
2026-02-19 15:27:00+00:00,1,0.6164331436157227,5.0,trail_stop,True,2,True
2026-02-19 15:30:00+00:00,1,0.603159487247467,-4.260000000000218,timeout,False,12,False
2026-02-19 15:34:00+00:00,1,0.6033185124397278,-9.279999999999745,timeout,False,12,False
2026-02-19 16:12:00+00:00,-1,0.6921553015708923,5.0,trail_stop,True,4,True
2026-02-19 16:24:00+00:00,-1,0.5558598041534424,5.0,trail_stop,True,3,True
2026-02-19 16:27:00+00:00,-1,0.5664809346199036,-11.890000000000327,timeout,False,12,False
2026-02-19 16:28:00+00:00,1,0.5915482044219971,5.0,trail_stop,True,4,True
2026-02-19 16:35:00+00:00,-1,0.6087730526924133,-0.8000000000001819,timeout,False,12,False
2026-02-19 16:36:00+00:00,1,0.6260548830032349,5.0,trail_stop,True,6,True
2026-02-19 17:01:00+00:00,-1,0.6035369634628296,-4.460000000000036,timeout,False,12,False
2026-02-19 17:06:00+00:00,1,0.5845219492912292,-0.8800000000001091,timeout,False,12,False
2026-02-20 09:06:00+00:00,1,0.5669347643852234,-1.4200000000000728,timeout,False,12,False
2026-02-20 13:38:00+00:00,1,0.588193953037262,5.0,trail_stop,True,6,True
2026-02-20 13:49:00+00:00,1,0.5576876997947693,5.0,trail_stop,True,2,True
2026-02-20 13:50:00+00:00,1,0.5631325244903564,-4.289999999999964,timeout,False,12,False
2026-02-20 13:57:00+00:00,-1,0.5765641331672668,5.0,trail_stop,True,8,True
2026-02-20 14:30:00+00:00,1,0.5602536201477051,5.0,trail_stop,True,2,True
2026-02-20 14:31:00+00:00,1,0.5641003251075745,3.674999999999727,timeout,True,12,True
2026-02-20 14:35:00+00:00,1,0.558091938495636,5.0,trail_stop,True,11,True
2026-02-20 14:42:00+00:00,1,0.5867384076118469,5.0,trail_stop,True,3,True
2026-02-20 14:45:00+00:00,1,0.5933961868286133,-7.510000000000218,timeout,False,12,False
2026-02-20 14:56:00+00:00,-1,0.5622943639755249,7.5,target_full,True,5,True
2026-02-20 15:00:00+00:00,1,0.5658071041107178,7.5,target_full,True,1,True
2026-02-20 15:02:00+00:00,-1,0.6929709911346436,7.5,target_full,True,1,True
2026-02-20 15:03:00+00:00,-1,0.7499387860298157,5.0,trail_stop,True,2,True
2026-02-20 15:04:00+00:00,-1,0.700532853603363,7.5,target_full,True,1,True
2026-02-20 15:05:00+00:00,-1,0.7767416834831238,7.5,target_full,True,1,True
2026-02-20 15:06:00+00:00,-1,0.6655727028846741,-20.0,stop_loss,False,1,False
2026-02-20 15:07:00+00:00,-1,0.7168148756027222,-20.0,stop_loss,False,1,False
2026-02-20 15:08:00+00:00,1,0.7493236660957336,-20.0,stop_loss,False,1,False
2026-02-20 15:09:00+00:00,1,0.6724823713302612,5.0,trail_stop,True,4,True
2026-02-20 15:10:00+00:00,1,0.7481598854064941,7.5,target_full,True,1,True
2026-02-20 15:11:00+00:00,-1,0.6738753914833069,-20.0,stop_loss,False,5,False
2026-02-20 15:12:00+00:00,1,0.5681477189064026,5.0,trail_stop,True,3,True
2026-02-20 15:15:00+00:00,1,0.5536609888076782,5.0,trail_stop,True,2,True
2026-02-20 15:16:00+00:00,-1,0.614592969417572,-20.0,stop_loss,False,1,False
2026-02-20 15:17:00+00:00,1,0.6299381852149963,5.0,trail_stop,True,2,True
2026-02-20 15:18:00+00:00,1,0.6338355541229248,-20.0,stop_loss,False,5,False
2026-02-20 15:19:00+00:00,1,0.580808699131012,-20.0,stop_loss,False,7,False
2026-02-20 15:21:00+00:00,-1,0.5993884205818176,5.0,trail_stop,True,3,True
2026-02-20 15:27:00+00:00,-1,0.5980280041694641,-20.0,stop_loss,False,9,False
2026-02-20 15:28:00+00:00,-1,0.5787431597709656,-20.0,stop_loss,False,9,False
2026-02-20 15:29:00+00:00,1,0.6044138073921204,7.5,target_full,True,8,True
2026-02-20 15:32:00+00:00,-1,0.6159661412239075,-20.0,stop_loss,False,8,False
2026-02-20 15:37:00+00:00,1,0.606012761592865,5.0,trail_stop,True,4,True
2026-02-20 15:40:00+00:00,-1,0.627807080745697,-20.0,stop_loss,False,4,False
2026-02-20 15:41:00+00:00,1,0.6327876448631287,5.0,trail_stop,True,2,True
2026-02-20 15:42:00+00:00,1,0.5897133946418762,5.0,trail_stop,True,3,True
2026-02-20 15:45:00+00:00,1,0.6401614546775818,-7.059999999999491,timeout,False,12,False
2026-02-20 15:47:00+00:00,1,0.5841435790061951,-11.639999999999418,timeout,False,12,False
2026-02-20 15:50:00+00:00,-1,0.5719103813171387,5.0,trail_stop,True,3,True
2026-02-20 15:54:00+00:00,1,0.6490483283996582,5.0,trail_stop,True,9,True
2026-02-20 15:56:00+00:00,-1,0.571695864200592,-11.19000000000051,timeout,False,12,False
2026-02-20 16:00:00+00:00,-1,0.6915053129196167,-16.639999999999418,timeout,False,12,False
2026-02-20 16:01:00+00:00,1,0.5931881070137024,5.0,trail_stop,True,2,True
2026-02-20 16:04:00+00:00,-1,0.5744761228561401,-7.289999999999964,timeout,False,12,False
2026-02-20 16:05:00+00:00,1,0.6318863034248352,5.0,trail_stop,True,2,True
2026-02-20 16:07:00+00:00,1,0.5604990124702454,5.0,trail_stop,True,5,True
2026-02-20 16:30:00+00:00,1,0.603484034538269,7.5,target_full,True,2,True
2026-02-20 16:32:00+00:00,1,0.5925014019012451,0.0999999999994543,timeout,False,12,True
2026-02-20 16:45:00+00:00,1,0.5920761823654175,-0.9499999999998181,timeout,False,12,False
2026-02-20 16:55:00+00:00,-1,0.5572620034217834,-11.510000000000218,timeout,False,12,False
2026-02-20 17:04:00+00:00,1,0.5851799845695496,5.0,trail_stop,True,4,True
2026-02-20 17:13:00+00:00,1,0.5787025094032288,-16.81999999999971,timeout,False,12,False
2026-02-20 17:14:00+00:00,-1,0.5504860877990723,5.0,trail_stop,True,4,True
2026-02-20 17:20:00+00:00,-1,0.5843957662582397,-7.8400000000001455,timeout,False,12,False
2026-02-20 17:27:00+00:00,1,0.6318737268447876,5.0,trail_stop,True,3,True
2026-02-20 17:28:00+00:00,1,0.5792726278305054,5.0,trail_stop,True,12,True
2026-02-20 18:29:00+00:00,-1,0.5859419107437134,-11.389999999999418,timeout,False,12,False
2026-02-20 18:45:00+00:00,1,0.5560197234153748,-0.47999999999956344,timeout,False,12,False
2026-02-20 20:30:00+00:00,1,0.5832760334014893,-4.3200000000006185,timeout,False,12,False
2026-02-22 23:02:00+00:00,1,0.5991089940071106,5.0,trail_stop,True,2,True
2026-02-22 23:06:00+00:00,1,0.5928357839584351,7.5,target_full,True,1,True
2026-02-22 23:07:00+00:00,1,0.6158102750778198,5.0,trail_stop,True,2,True
2026-02-22 23:08:00+00:00,1,0.5640639066696167,7.5,target_full,True,5,True
2026-02-22 23:17:00+00:00,-1,0.584611177444458,-9.569999999999709,timeout,False,12,False
2026-02-22 23:29:00+00:00,-1,0.6435157060623169,-6.510000000000218,timeout,False,12,False
2026-02-22 23:31:00+00:00,1,0.5821872353553772,5.0,trail_stop,True,5,True
2026-02-22 23:40:00+00:00,1,0.5816851258277893,5.0,trail_stop,True,7,True
2026-02-22 23:43:00+00:00,1,0.6131089329719543,7.5,target_full,True,9,True
2026-02-22 23:45:00+00:00,1,0.6064739227294922,5.0,trail_stop,True,5,True
2026-02-23 00:00:00+00:00,-1,0.6907094120979309,5.0,trail_stop,True,5,True
2026-02-23 00:01:00+00:00,-1,0.6774517297744751,5.0,trail_stop,True,2,True
2026-02-23 00:03:00+00:00,-1,0.7448034882545471,5.0,trail_stop,True,2,True
2026-02-23 00:05:00+00:00,-1,0.6094515323638916,5.0,trail_stop,True,2,True
2026-02-23 00:08:00+00:00,1,0.5728053450584412,5.0,trail_stop,True,2,True
2026-02-23 00:09:00+00:00,1,0.6640528440475464,-20.0,stop_loss,False,5,False
2026-02-23 00:13:00+00:00,-1,0.6518990397453308,5.0,trail_stop,True,7,True
2026-02-23 00:18:00+00:00,1,0.6306731104850769,5.0,trail_stop,True,6,True
2026-02-23 00:20:00+00:00,1,0.5690999031066895,5.0,trail_stop,True,4,True
2026-02-23 00:24:00+00:00,1,0.63215571641922,5.0,trail_stop,True,5,True
2026-02-23 00:25:00+00:00,-1,0.5587201118469238,-20.0,stop_loss,False,4,False
2026-02-23 00:31:00+00:00,1,0.5871647000312805,-16.63000000000011,timeout,False,12,False
2026-02-23 00:32:00+00:00,-1,0.571294903755188,5.0,trail_stop,True,5,True
2026-02-23 00:37:00+00:00,-1,0.6285722851753235,5.0,trail_stop,True,2,True
2026-02-23 01:09:00+00:00,1,0.7107893824577332,1.339999999999236,timeout,False,12,True
2026-02-23 01:10:00+00:00,-1,0.5689077973365784,5.0,trail_stop,True,3,True
2026-02-23 02:15:00+00:00,1,0.5583158731460571,-5.050000000000182,timeout,False,12,False
2026-02-23 03:12:00+00:00,-1,0.5900002121925354,-12.319999999999709,timeout,False,12,False
2026-02-23 07:06:00+00:00,1,0.5540967583656311,5.0,trail_stop,True,2,True
2026-02-23 07:20:00+00:00,-1,0.556751549243927,5.0,trail_stop,True,4,True
2026-02-23 07:27:00+00:00,-1,0.5587236285209656,5.0,trail_stop,True,4,True
2026-02-23 07:31:00+00:00,-1,0.6511118412017822,5.0,trail_stop,True,5,True
2026-02-23 07:32:00+00:00,-1,0.6078343987464905,5.0,trail_stop,True,2,True
2026-02-23 07:34:00+00:00,-1,0.6088416576385498,5.0,trail_stop,True,4,True
2026-02-23 07:36:00+00:00,-1,0.5595353245735168,5.0,trail_stop,True,2,True
2026-02-23 07:38:00+00:00,1,0.5665376782417297,5.0,trail_stop,True,2,True
2026-02-23 07:39:00+00:00,1,0.5546008348464966,5.0,trail_stop,True,6,True
2026-02-23 14:30:00+00:00,1,0.5835258960723877,7.5,target_full,True,5,True
2026-02-23 14:44:00+00:00,1,0.5805138945579529,5.0,trail_stop,True,2,True
2026-02-23 14:46:00+00:00,1,0.5793018937110901,5.0,trail_stop,True,2,True
2026-02-23 14:50:00+00:00,1,0.5708341002464294,-14.239999999999782,timeout,False,12,False
2026-02-23 14:51:00+00:00,-1,0.5852692723274231,5.0,trail_stop,True,7,True
2026-02-23 14:57:00+00:00,-1,0.6602679491043091,5.0,trail_stop,True,2,True
2026-02-23 14:58:00+00:00,-1,0.5641205310821533,5.0,trail_stop,True,3,True
2026-02-23 15:01:00+00:00,-1,0.611238420009613,-18.599999999999454,timeout,False,12,False
2026-02-23 15:02:00+00:00,-1,0.5575150847434998,-13.710000000000036,timeout,False,12,False
2026-02-23 15:04:00+00:00,1,0.6102672219276428,5.0,trail_stop,True,3,True
2026-02-23 15:11:00+00:00,-1,0.6511237025260925,-5.0600000000004,timeout,False,12,False
2026-02-23 15:13:00+00:00,-1,0.570903480052948,-5.670000000000073,timeout,False,12,False
2026-02-23 15:14:00+00:00,1,0.5523043274879456,5.0,trail_stop,True,6,True
2026-02-23 15:20:00+00:00,1,0.6484696269035339,-8.320000000000618,timeout,False,12,False
2026-02-23 15:21:00+00:00,1,0.6002676486968994,-8.179999999999382,timeout,False,12,False
2026-02-23 15:37:00+00:00,1,0.5730683207511902,5.0,trail_stop,True,2,True
2026-02-23 15:48:00+00:00,1,0.5503561496734619,-13.050000000000182,timeout,False,12,False
2026-02-23 15:52:00+00:00,-1,0.5804426074028015,5.0,trail_stop,True,9,True
2026-02-23 15:56:00+00:00,-1,0.6173139810562134,7.5,target_full,True,6,True
2026-02-23 15:57:00+00:00,1,0.5698428750038147,-20.0,stop_loss,False,6,False
2026-02-23 16:00:00+00:00,-1,0.5863262414932251,7.5,target_full,True,2,True
2026-02-23 16:06:00+00:00,1,0.5905677676200867,7.5,target_full,True,5,True
2026-02-23 16:13:00+00:00,1,0.652488648891449,7.5,target_full,True,5,True
2026-02-23 16:17:00+00:00,1,0.6646915674209595,5.0,trail_stop,True,2,True
2026-02-23 16:18:00+00:00,1,0.6055585145950317,5.0,trail_stop,True,8,True
2026-02-23 16:22:00+00:00,-1,0.5921906232833862,5.0,trail_stop,True,9,True
2026-02-23 16:32:00+00:00,-1,0.5928316116333008,1.6199999999998909,timeout,False,12,True
2026-02-23 16:34:00+00:00,1,0.5774381756782532,5.0,trail_stop,True,2,True
2026-02-23 16:35:00+00:00,1,0.5623235106468201,-6.130000000000109,timeout,False,12,False
2026-02-23 17:16:00+00:00,1,0.605595052242279,-0.3099999999994907,timeout,False,12,False
2026-02-23 17:24:00+00:00,1,0.5533384680747986,-14.5,timeout,False,12,False
2026-02-23 17:53:00+00:00,1,0.5683549642562866,5.0,trail_stop,True,7,True
2026-02-23 18:33:00+00:00,-1,0.5596309304237366,-3.3599999999996726,timeout,False,12,False
2026-02-23 18:37:00+00:00,1,0.6289150714874268,-4.229999999999563,timeout,False,12,False
2026-02-23 20:52:00+00:00,1,0.5695081353187561,-2.2899999999999636,timeout,False,12,False
2026-02-23 23:11:00+00:00,1,0.6963784098625183,-9.970000000000255,timeout,False,12,False
2026-02-23 23:15:00+00:00,1,0.6891233921051025,-15.780000000000655,timeout,False,12,False
2026-02-23 23:23:00+00:00,-1,0.6435241103172302,5.0,trail_stop,True,4,True
2026-02-24 00:04:00+00:00,1,0.749069333076477,2.300000000000182,timeout,False,12,True
2026-02-24 00:05:00+00:00,1,0.7093024253845215,5.0,trail_stop,True,2,True
2026-02-24 00:06:00+00:00,1,0.6061798930168152,5.0,trail_stop,True,12,True
2026-02-24 00:22:00+00:00,-1,0.5648736953735352,5.0,trail_stop,True,6,True
2026-02-24 00:24:00+00:00,-1,0.653581976890564,5.0,trail_stop,True,3,True
2026-02-24 00:36:00+00:00,1,0.598341166973114,-0.8599999999996726,timeout,False,12,False
2026-02-24 01:03:00+00:00,-1,0.7374465465545654,5.0,trail_stop,True,2,True
2026-02-24 01:04:00+00:00,-1,0.6012665033340454,7.5,target_full,True,1,True
2026-02-24 01:05:00+00:00,-1,0.6007692217826843,7.5,target_full,True,1,True
2026-02-24 01:06:00+00:00,-1,0.6092215776443481,7.5,target_full,True,6,True
2026-02-24 01:09:00+00:00,1,0.669880211353302,-20.0,stop_loss,False,3,False
2026-02-24 01:12:00+00:00,-1,0.5947423577308655,5.0,trail_stop,True,2,True
2026-02-24 01:13:00+00:00,-1,0.7287048101425171,7.5,target_full,True,1,True
2026-02-24 01:15:00+00:00,-1,0.6320767998695374,7.5,target_full,True,1,True
2026-02-24 01:16:00+00:00,-1,0.5552033185958862,-20.0,stop_loss,False,1,False
2026-02-24 01:17:00+00:00,-1,0.7625401616096497,5.0,trail_stop,True,6,True
2026-02-24 01:19:00+00:00,1,0.7219167947769165,5.0,trail_stop,True,2,True
2026-02-24 01:20:00+00:00,1,0.7169149518013,-20.0,stop_loss,False,3,False
2026-02-24 01:22:00+00:00,1,0.637252688407898,5.0,trail_stop,True,8,True
2026-02-24 01:24:00+00:00,-1,0.6881269216537476,-20.0,stop_loss,False,7,False
2026-02-24 01:26:00+00:00,-1,0.6418039798736572,-20.0,stop_loss,False,5,False
2026-02-24 01:27:00+00:00,1,0.6804195046424866,5.0,trail_stop,True,5,True
2026-02-24 01:28:00+00:00,1,0.7434312701225281,5.0,trail_stop,True,2,True
2026-02-24 01:29:00+00:00,1,0.6402779817581177,5.0,trail_stop,True,3,True
2026-02-24 01:32:00+00:00,1,0.6235052347183228,5.0,trail_stop,True,6,True
2026-02-24 01:35:00+00:00,-1,0.6107479333877563,-9.63000000000011,timeout,False,12,False
2026-02-24 01:37:00+00:00,1,0.5540618300437927,-0.03999999999996362,timeout,False,12,False
2026-02-24 01:38:00+00:00,-1,0.5501748919487,-10.010000000000218,timeout,False,12,False
2026-02-24 01:40:00+00:00,-1,0.6025652885437012,-1.610000000000582,timeout,False,12,False
2026-02-24 01:42:00+00:00,1,0.6396191716194153,5.0,trail_stop,True,4,True
2026-02-24 01:45:00+00:00,1,0.6278812885284424,-7.039999999999964,timeout,False,12,False
2026-02-24 01:52:00+00:00,-1,0.5547511577606201,5.0,trail_stop,True,3,True
2026-02-24 02:05:00+00:00,-1,0.6771771311759949,5.0,trail_stop,True,2,True
2026-02-24 02:07:00+00:00,-1,0.5849949717521667,5.0,trail_stop,True,10,True
2026-02-24 02:09:00+00:00,-1,0.5818353891372681,5.0,trail_stop,True,2,True
2026-02-24 02:18:00+00:00,-1,0.5686770677566528,-5.699999999999818,timeout,False,12,False
2026-02-24 02:32:00+00:00,1,0.6206902861595154,5.0,trail_stop,True,2,True
2026-02-24 04:06:00+00:00,1,0.5789202451705933,0.8800000000001091,timeout,False,12,True
2026-02-24 05:38:00+00:00,1,0.6188326478004456,5.0,trail_stop,True,10,True
2026-02-24 06:06:00+00:00,1,0.5544711947441101,-4.960000000000036,timeout,False,12,False
2026-02-24 06:35:00+00:00,-1,0.6058577299118042,-14.980000000000473,timeout,False,12,False
2026-02-24 06:39:00+00:00,1,0.6097838282585144,-3.8100000000004,timeout,False,12,False
2026-02-24 06:48:00+00:00,1,0.6393646001815796,-4.880000000000109,timeout,False,12,False
2026-02-24 12:55:00+00:00,-1,0.5554240942001343,-5.6799999999993815,timeout,False,12,False
2026-02-24 13:03:00+00:00,-1,0.7003586292266846,-3.8299999999999272,timeout,False,12,False
2026-02-24 13:41:00+00:00,-1,0.6055840253829956,5.0,trail_stop,True,4,True
2026-02-24 13:45:00+00:00,-1,0.5721480250358582,5.0,trail_stop,True,2,True
2026-02-24 13:49:00+00:00,-1,0.5615320801734924,7.5,target_full,True,9,True
2026-02-24 13:51:00+00:00,-1,0.5843320488929749,5.0,trail_stop,True,6,True
2026-02-24 13:57:00+00:00,-1,0.6691561341285706,7.5,target_full,True,1,True
2026-02-24 14:01:00+00:00,-1,0.5804734230041504,5.0,trail_stop,True,2,True
2026-02-24 14:04:00+00:00,-1,0.5825191736221313,5.0,trail_stop,True,7,True
2026-02-24 14:11:00+00:00,-1,0.6062777638435364,7.5,target_full,True,1,True
2026-02-24 14:13:00+00:00,-1,0.6369638442993164,-20.0,stop_loss,False,9,False
2026-02-24 14:14:00+00:00,-1,0.6029548048973083,5.0,trail_stop,True,3,True
2026-02-24 14:16:00+00:00,1,0.6195511817932129,7.5,target_full,True,3,True
2026-02-24 14:20:00+00:00,1,0.637503981590271,5.0,trail_stop,True,2,True
2026-02-24 14:26:00+00:00,-1,0.5905721783638,-20.0,stop_loss,False,11,False
2026-02-24 14:30:00+00:00,1,0.560225248336792,5.0,trail_stop,True,6,True
2026-02-24 14:31:00+00:00,-1,0.7124634385108948,-20.0,stop_loss,False,6,False
2026-02-24 14:32:00+00:00,1,0.6527834534645081,5.0,trail_stop,True,4,True
2026-02-24 14:35:00+00:00,-1,0.742594838142395,-8.600000000000364,timeout,False,12,False
2026-02-24 14:36:00+00:00,1,0.6023841500282288,5.0,trail_stop,True,2,True
2026-02-24 14:41:00+00:00,1,0.5744278430938721,-5.680000000000291,timeout,False,12,False
2026-02-24 14:49:00+00:00,-1,0.5626705288887024,5.0,trail_stop,True,5,True
2026-02-24 14:52:00+00:00,1,0.6349154114723206,-20.0,stop_loss,False,9,False
2026-02-24 14:53:00+00:00,-1,0.5621528029441833,7.5,target_full,True,6,True
2026-02-24 14:57:00+00:00,-1,0.6059515476226807,5.0,trail_stop,True,3,True
2026-02-24 15:00:00+00:00,-1,0.56431645154953,5.0,trail_stop,True,2,True
2026-02-24 15:04:00+00:00,1,0.5874326825141907,7.5,target_full,True,2,True
2026-02-24 15:23:00+00:00,1,0.5729014873504639,-2.7200000000002547,timeout,False,12,False
2026-02-24 15:34:00+00:00,1,0.6257216930389404,5.0,trail_stop,True,5,True
2026-02-24 16:54:00+00:00,1,0.5674040913581848,7.5,target_full,True,9,True
2026-02-24 20:26:00+00:00,1,0.578685998916626,-0.7899999999999636,timeout,False,12,False
2026-02-24 23:03:00+00:00,-1,0.576764702796936,5.0,trail_stop,True,3,True
2026-02-25 01:03:00+00:00,1,0.5977632403373718,5.0,trail_stop,True,3,True
2026-02-25 01:05:00+00:00,1,0.6858916282653809,5.0,trail_stop,True,2,True
2026-02-25 01:07:00+00:00,1,0.6700894236564636,5.0,trail_stop,True,7,True
2026-02-25 01:13:00+00:00,1,0.6461486220359802,5.0,trail_stop,True,2,True
2026-02-25 01:14:00+00:00,1,0.5674777626991272,5.0,trail_stop,True,3,True
2026-02-25 01:17:00+00:00,1,0.578956127166748,5.0,trail_stop,True,2,True
2026-02-25 01:24:00+00:00,-1,0.6432129740715027,-5.119999999999891,timeout,False,12,False
2026-02-25 01:25:00+00:00,-1,0.5839710831642151,0.31999999999970896,timeout,False,12,True
2026-02-25 01:35:00+00:00,1,0.5748394727706909,-3.4899999999997817,timeout,False,12,False
2026-02-25 01:36:00+00:00,-1,0.5637978315353394,5.0,trail_stop,True,8,True
2026-02-25 02:04:00+00:00,1,0.5981215238571167,5.0,trail_stop,True,10,True
2026-02-25 03:00:00+00:00,1,0.6164295077323914,-4.1799999999993815,timeout,False,12,False
2026-02-25 05:30:00+00:00,1,0.5768650770187378,4.139999999999873,timeout,True,12,True
2026-02-25 05:52:00+00:00,-1,0.6476073265075684,5.0,trail_stop,True,3,True
2026-02-25 06:00:00+00:00,-1,0.6375412344932556,5.0,trail_stop,True,3,True
2026-02-25 06:08:00+00:00,-1,0.5980018377304077,-10.220000000000255,timeout,False,12,False
2026-02-25 06:14:00+00:00,1,0.5653385519981384,-1.6200000000008004,timeout,False,12,False
2026-02-25 11:22:00+00:00,1,0.5568822026252747,5.0,trail_stop,True,5,True
2026-02-25 14:34:00+00:00,-1,0.557754397392273,7.5,target_full,True,1,True
2026-02-25 14:36:00+00:00,-1,0.6048533916473389,7.5,target_full,True,1,True
2026-02-25 14:37:00+00:00,-1,0.6596035957336426,5.0,trail_stop,True,2,True
2026-02-25 14:39:00+00:00,-1,0.6445498466491699,-20.0,stop_loss,False,7,False
2026-02-25 14:40:00+00:00,1,0.620421290397644,5.0,trail_stop,True,2,True
2026-02-25 14:42:00+00:00,1,0.5842893123626709,5.0,trail_stop,True,3,True
2026-02-25 14:44:00+00:00,1,0.6860549449920654,5.0,trail_stop,True,3,True
2026-02-25 14:49:00+00:00,1,0.5835776925086975,5.0,trail_stop,True,2,True
2026-02-25 14:57:00+00:00,1,0.5869037508964539,5.0,trail_stop,True,3,True
2026-02-25 15:27:00+00:00,-1,0.5803706645965576,5.0,trail_stop,True,4,True
2026-02-25 15:32:00+00:00,-1,0.5529329180717468,-8.80999999999949,timeout,False,12,False
2026-02-25 19:13:00+00:00,1,0.6801040768623352,-9.819999999999709,timeout,False,12,False
2026-02-25 19:14:00+00:00,1,0.5771496295928955,-11.680000000000291,timeout,False,12,False
2026-02-25 19:29:00+00:00,1,0.590877890586853,-2.9600000000000364,timeout,False,12,False
2026-02-25 19:37:00+00:00,1,0.650901198387146,5.0,trail_stop,True,8,True
2026-02-25 19:51:00+00:00,1,0.5961167216300964,-7.199999999999818,timeout,False,12,False
2026-02-25 20:16:00+00:00,-1,0.5754896998405457,-1.7399999999997817,timeout,False,12,False
2026-02-25 20:27:00+00:00,-1,0.5697260499000549,5.0,trail_stop,True,3,True
2026-02-25 20:50:00+00:00,1,0.6571047902107239,-20.0,stop_loss,False,7,False
2026-02-25 20:58:00+00:00,-1,0.7151137590408325,-10.139999999999418,timeout,False,12,False
2026-02-25 21:00:00+00:00,-1,0.6511662006378174,5.0,trail_stop,True,2,True
2026-02-25 21:04:00+00:00,1,0.6788129806518555,5.0,trail_stop,True,5,True
2026-02-25 21:12:00+00:00,1,0.6238092184066772,5.0,trail_stop,True,4,True
2026-02-25 21:16:00+00:00,1,0.6343957185745239,-3.2799999999997453,timeout,False,12,False
2026-02-25 21:58:00+00:00,-1,0.6025174856185913,-20.0,stop_loss,False,3,False
2026-02-25 23:03:00+00:00,1,0.6895055174827576,5.0,trail_stop,True,2,True
2026-02-25 23:05:00+00:00,1,0.6753754615783691,-9.180000000000291,timeout,False,12,False
2026-02-25 23:17:00+00:00,1,0.6119245290756226,5.0,trail_stop,True,3,True
2026-02-25 23:45:00+00:00,1,0.563273549079895,-10.349999999999454,timeout,False,12,False
2026-02-25 23:48:00+00:00,-1,0.6035714745521545,5.0,trail_stop,True,9,True
2026-02-25 23:54:00+00:00,1,0.6490260362625122,-5.819999999999709,timeout,False,12,False
2026-02-25 23:57:00+00:00,-1,0.6497890949249268,5.0,trail_stop,True,3,True
2026-02-25 23:58:00+00:00,-1,0.6328074336051941,7.5,target_full,True,1,True
2026-02-26 00:03:00+00:00,1,0.6511073708534241,5.0,trail_stop,True,12,True
2026-02-26 00:04:00+00:00,1,0.5956845879554749,5.0,trail_stop,True,3,True
2026-02-26 00:20:00+00:00,1,0.607973039150238,5.0,trail_stop,True,3,True
2026-02-26 00:23:00+00:00,1,0.6664806604385376,5.0,trail_stop,True,5,True
2026-02-26 00:28:00+00:00,1,0.6813451051712036,5.0,trail_stop,True,2,True
2026-02-26 00:32:00+00:00,1,0.5717464685440063,-0.8400000000001455,timeout,False,12,False
2026-02-26 00:34:00+00:00,-1,0.651507556438446,-7.1599999999998545,timeout,False,12,False
2026-02-26 01:03:00+00:00,1,0.6012682914733887,-6.990000000000691,timeout,False,12,False
2026-02-26 01:06:00+00:00,-1,0.6168166995048523,-4.109999999999673,timeout,False,12,False
2026-02-26 01:15:00+00:00,1,0.6698253750801086,-12.25,timeout,False,12,False
2026-02-26 01:23:00+00:00,-1,0.6256480813026428,5.0,trail_stop,True,6,True
2026-02-26 01:34:00+00:00,1,0.5606198310852051,1.480000000000473,timeout,False,12,True
2026-02-26 01:52:00+00:00,1,0.606966495513916,-3.0499999999992724,timeout,False,12,False
2026-02-26 02:40:00+00:00,-1,0.588710367679596,-9.199999999999818,timeout,False,12,False
2026-02-26 08:34:00+00:00,-1,0.5757354497909546,4.894999999999982,timeout,True,12,True
2026-02-26 12:59:00+00:00,1,0.6244814991950989,-13.019999999999527,timeout,False,12,False
2026-02-26 14:30:00+00:00,-1,0.5816091895103455,-20.0,stop_loss,False,3,False
2026-02-26 14:31:00+00:00,-1,0.5724353790283203,5.0,trail_stop,True,2,True
2026-02-26 14:32:00+00:00,-1,0.6020858287811279,-20.0,stop_loss,False,2,False
2026-02-26 14:34:00+00:00,1,0.6546093821525574,5.0,trail_stop,True,2,True
2026-02-26 14:36:00+00:00,1,0.6404616832733154,-2.8400000000001455,timeout,False,12,False
2026-02-26 14:38:00+00:00,-1,0.6303825974464417,5.0,trail_stop,True,2,True
2026-02-26 14:40:00+00:00,-1,0.6241447925567627,-8.030000000000655,timeout,False,12,False
2026-02-26 14:41:00+00:00,-1,0.5658239126205444,-5.279999999999745,timeout,False,12,False
2026-02-26 14:43:00+00:00,1,0.5905677676200867,5.0,trail_stop,True,2,True
2026-02-26 14:44:00+00:00,1,0.6013506054878235,-6.010000000000218,timeout,False,12,False
2026-02-26 14:49:00+00:00,-1,0.68221116065979,5.0,trail_stop,True,2,True
2026-02-26 14:51:00+00:00,-1,0.578574538230896,5.0,trail_stop,True,9,True
2026-02-26 14:52:00+00:00,-1,0.62595534324646,5.0,trail_stop,True,9,True
2026-02-26 15:01:00+00:00,-1,0.7053858041763306,-0.7599999999993088,timeout,False,12,False
2026-02-26 15:02:00+00:00,1,0.6293116807937622,-9.5,timeout,False,12,False
2026-02-26 15:12:00+00:00,-1,0.5638113021850586,5.0,trail_stop,True,2,True
2026-02-26 15:15:00+00:00,-1,0.6380534768104553,5.0,trail_stop,True,3,True
2026-02-26 15:19:00+00:00,1,0.5646382570266724,-20.0,stop_loss,False,7,False
2026-02-26 15:21:00+00:00,1,0.6048124432563782,-20.0,stop_loss,False,5,False
2026-02-26 15:27:00+00:00,-1,0.7119027972221375,-20.0,stop_loss,False,4,False
2026-02-26 15:28:00+00:00,-1,0.5610393285751343,-20.0,stop_loss,False,6,False
2026-02-26 15:39:00+00:00,1,0.5581091642379761,5.0,trail_stop,True,3,True
2026-02-26 15:42:00+00:00,1,0.5677828192710876,5.0,trail_stop,True,3,True
2026-02-26 15:45:00+00:00,1,0.6553715467453003,5.0,trail_stop,True,3,True
2026-02-26 15:51:00+00:00,1,0.6376239657402039,-10.1899999999996,timeout,False,12,False
2026-02-26 16:00:00+00:00,-1,0.6083647608757019,5.0,trail_stop,True,5,True
2026-02-26 16:17:00+00:00,1,0.6027550101280212,-4.539999999999964,timeout,False,12,False
2026-02-26 16:48:00+00:00,-1,0.554635226726532,5.0,trail_stop,True,8,True
2026-02-26 18:38:00+00:00,1,0.5648185014724731,5.0,trail_stop,True,2,True
2026-02-26 18:39:00+00:00,1,0.5661211013793945,5.0,trail_stop,True,2,True
2026-02-26 18:41:00+00:00,1,0.5902021527290344,5.0,trail_stop,True,8,True
2026-02-27 01:01:00+00:00,-1,0.5580350756645203,5.0,trail_stop,True,6,True
2026-02-27 01:08:00+00:00,-1,0.5780463218688965,-6.910000000000764,timeout,False,12,False
2026-02-27 13:00:00+00:00,1,0.5635452270507812,5.0,trail_stop,True,3,True
2026-02-27 13:07:00+00:00,1,0.5948360562324524,7.5,target_full,True,7,True
2026-02-27 13:08:00+00:00,1,0.5987252593040466,5.0,trail_stop,True,7,True
2026-02-27 13:18:00+00:00,-1,0.6850179433822632,-20.0,stop_loss,False,7,False
2026-02-27 13:29:00+00:00,-1,0.5682092905044556,7.5,target_full,True,1,True
2026-02-27 13:30:00+00:00,-1,0.7233254313468933,5.0,trail_stop,True,5,True
2026-02-27 13:32:00+00:00,-1,0.5573513507843018,5.0,trail_stop,True,2,True
2026-02-27 13:34:00+00:00,1,0.6340670585632324,-8.469999999999345,timeout,False,12,False
2026-02-27 13:37:00+00:00,-1,0.6152035593986511,5.0,trail_stop,True,3,True
2026-02-27 13:48:00+00:00,-1,0.5776106715202332,-15.399999999999636,timeout,False,12,False
2026-02-27 13:56:00+00:00,1,0.5834673643112183,5.0,trail_stop,True,3,True
2026-02-27 14:04:00+00:00,-1,0.6131991744041443,5.0,trail_stop,True,4,True
2026-02-27 14:10:00+00:00,-1,0.552747905254364,-11.489999999999782,timeout,False,12,False
2026-02-27 14:21:00+00:00,1,0.6947596073150635,-11.600000000000364,timeout,False,12,False
2026-02-27 14:29:00+00:00,1,0.5766113996505737,-20.0,stop_loss,False,11,False
2026-02-27 14:31:00+00:00,-1,0.6578612327575684,5.0,trail_stop,True,10,True
2026-02-27 14:32:00+00:00,1,0.6924411058425903,-20.0,stop_loss,False,8,False
2026-02-27 14:33:00+00:00,-1,0.6688416600227356,5.0,trail_stop,True,2,True
2026-02-27 14:34:00+00:00,1,0.6627576947212219,5.0,trail_stop,True,2,True
2026-02-27 14:35:00+00:00,-1,0.6196494102478027,5.0,trail_stop,True,3,True
2026-02-27 14:37:00+00:00,-1,0.5672832727432251,5.0,trail_stop,True,2,True
2026-02-27 14:39:00+00:00,-1,0.564073383808136,5.0,trail_stop,True,2,True
2026-02-27 14:43:00+00:00,1,0.5998717546463013,5.0,trail_stop,True,8,True
2026-02-27 15:05:00+00:00,1,0.6436161398887634,5.0,trail_stop,True,2,True
2026-02-27 15:07:00+00:00,1,0.572650134563446,5.0,trail_stop,True,3,True
2026-02-27 15:08:00+00:00,1,0.552388608455658,5.0,trail_stop,True,5,True
2026-02-27 15:09:00+00:00,1,0.5596587061882019,5.0,trail_stop,True,2,True
2026-02-27 15:10:00+00:00,1,0.5615741610527039,5.0,trail_stop,True,3,True
2026-02-27 15:21:00+00:00,-1,0.6748039722442627,5.0,trail_stop,True,4,True
2026-02-27 15:26:00+00:00,1,0.7079938054084778,5.0,trail_stop,True,2,True
2026-02-27 15:34:00+00:00,-1,0.5800820589065552,-4.760000000000218,timeout,False,12,False
2026-02-27 15:48:00+00:00,1,0.5594540238380432,5.0,trail_stop,True,4,True
2026-02-27 15:55:00+00:00,-1,0.5831825137138367,-7.160000000000764,timeout,False,12,False
2026-02-27 15:57:00+00:00,1,0.6703072190284729,1.2899999999999636,timeout,False,12,True
2026-02-27 15:59:00+00:00,-1,0.6297913789749146,5.0,trail_stop,True,2,True
2026-02-27 16:00:00+00:00,-1,0.6375565528869629,-20.0,stop_loss,False,12,False
2026-02-27 16:10:00+00:00,1,0.6359689831733704,5.0,trail_stop,True,3,True
2026-02-27 16:13:00+00:00,1,0.5916128158569336,-20.0,stop_loss,False,9,False
2026-02-27 16:15:00+00:00,1,0.7062714695930481,-20.0,stop_loss,False,6,False
2026-02-27 16:19:00+00:00,-1,0.6679442524909973,7.5,target_full,True,2,True
2026-02-27 16:20:00+00:00,-1,0.6500906944274902,7.5,target_full,True,1,True
2026-02-27 16:22:00+00:00,-1,0.5578832626342773,7.5,target_full,True,1,True
2026-02-27 16:23:00+00:00,-1,0.6138359904289246,5.0,trail_stop,True,2,True
2026-02-27 16:24:00+00:00,-1,0.6031943559646606,-3.8900000000003274,timeout,False,12,False
2026-02-27 16:25:00+00:00,-1,0.6044266819953918,5.0,trail_stop,True,10,True
2026-02-27 16:30:00+00:00,1,0.5990846753120422,-3.2200000000002547,timeout,False,12,False
2026-02-27 16:31:00+00:00,-1,0.563372015953064,-2.5600000000004,timeout,False,12,False
2026-02-27 16:38:00+00:00,1,0.6797040104866028,-2.9399999999996,timeout,False,12,False
2026-02-27 17:23:00+00:00,1,0.5922133922576904,-3.2399999999997817,timeout,False,12,False
2026-02-27 17:43:00+00:00,1,0.5605003237724304,-2.550000000000182,timeout,False,12,False
2026-02-27 20:21:00+00:00,1,0.5545757412910461,-2.3100000000004,timeout,False,12,False
2026-03-01 23:04:00+00:00,1,0.6102724671363831,-20.0,stop_loss,False,1,False
2026-03-01 23:08:00+00:00,-1,0.6059609651565552,-10.710000000000036,timeout,False,12,False
2026-03-01 23:11:00+00:00,-1,0.5963466763496399,-11.970000000000255,timeout,False,12,False
2026-03-01 23:12:00+00:00,1,0.5913422703742981,-2.4600000000000364,timeout,False,12,False
2026-03-01 23:14:00+00:00,1,0.5789546966552734,7.5,target_full,True,3,True
2026-03-01 23:18:00+00:00,1,0.6309762001037598,5.825000000000273,timeout,True,12,True
2026-03-01 23:19:00+00:00,-1,0.5549254417419434,-20.0,stop_loss,False,11,False
2026-03-01 23:20:00+00:00,-1,0.5571573376655579,-20.0,stop_loss,False,10,False
2026-03-01 23:21:00+00:00,-1,0.5992777347564697,-20.0,stop_loss,False,10,False
2026-03-01 23:23:00+00:00,1,0.6785329580307007,5.0,trail_stop,True,8,True
2026-03-01 23:24:00+00:00,-1,0.5757274031639099,-20.0,stop_loss,False,7,False
2026-03-01 23:25:00+00:00,1,0.5873600244522095,5.0,trail_stop,True,5,True
2026-03-01 23:28:00+00:00,1,0.6311693787574768,5.0,trail_stop,True,2,True
2026-03-01 23:30:00+00:00,1,0.5651955008506775,7.5,target_full,True,1,True
2026-03-01 23:31:00+00:00,1,0.6040313839912415,7.5,target_full,True,5,True
2026-03-01 23:37:00+00:00,1,0.5764113664627075,5.0,trail_stop,True,3,True
2026-03-01 23:41:00+00:00,1,0.6365643739700317,4.300000000000182,timeout,True,12,True
2026-03-01 23:45:00+00:00,-1,0.5875001549720764,-8.75,timeout,False,12,False
2026-03-01 23:46:00+00:00,-1,0.5948552489280701,5.0,trail_stop,True,10,True
2026-03-01 23:56:00+00:00,1,0.569563090801239,-20.0,stop_loss,False,5,False
2026-03-02 00:00:00+00:00,-1,0.6548013687133789,7.5,target_full,True,1,True
2026-03-02 00:01:00+00:00,-1,0.6756002306938171,5.0,trail_stop,True,5,True
2026-03-02 00:02:00+00:00,-1,0.678720235824585,5.0,trail_stop,True,7,True
2026-03-02 00:03:00+00:00,1,0.6638450026512146,-16.100000000000364,timeout,False,12,False
2026-03-02 00:04:00+00:00,1,0.638063371181488,-11.359999999999673,timeout,False,12,False
2026-03-02 00:15:00+00:00,-1,0.5749449729919434,7.5,target_full,True,1,True
2026-03-02 00:16:00+00:00,-1,0.6185490489006042,5.0,trail_stop,True,2,True
2026-03-02 00:18:00+00:00,-1,0.5740008354187012,5.0,trail_stop,True,2,True
2026-03-02 00:20:00+00:00,-1,0.7938892841339111,-12.960000000000036,timeout,False,12,False
2026-03-02 00:22:00+00:00,1,0.6307438611984253,5.0,trail_stop,True,12,True
2026-03-02 00:26:00+00:00,-1,0.5971803069114685,-17.720000000000255,timeout,False,12,False
2026-03-02 00:31:00+00:00,-1,0.5855669975280762,-4.539999999999964,timeout,False,12,False
2026-03-02 00:33:00+00:00,1,0.5560046434402466,-6.6599999999998545,timeout,False,12,False
2026-03-02 00:42:00+00:00,-1,0.558405876159668,5.0,trail_stop,True,3,True
2026-03-02 00:53:00+00:00,-1,0.6041377186775208,5.0,trail_stop,True,2,True
2026-03-02 00:56:00+00:00,1,0.6480101346969604,5.0,trail_stop,True,2,True
2026-03-02 00:58:00+00:00,1,0.5952812433242798,-20.0,stop_loss,False,1,False
2026-03-02 00:59:00+00:00,-1,0.573481559753418,7.5,target_full,True,1,True
2026-03-02 01:00:00+00:00,-1,0.5985718965530396,7.5,target_full,True,1,True
2026-03-02 01:01:00+00:00,-1,0.58493572473526,7.5,target_full,True,1,True
2026-03-02 01:03:00+00:00,-1,0.5975478291511536,-20.0,stop_loss,False,1,False
2026-03-02 01:04:00+00:00,-1,0.6520978212356567,7.5,target_full,True,2,True
2026-03-02 01:05:00+00:00,1,0.6726495027542114,5.0,trail_stop,True,7,True
2026-03-02 01:06:00+00:00,1,0.681265652179718,5.0,trail_stop,True,4,True
2026-03-02 01:11:00+00:00,1,0.6176482439041138,5.0,trail_stop,True,2,True
2026-03-02 01:13:00+00:00,1,0.6280612945556641,5.0,trail_stop,True,3,True
2026-03-02 01:16:00+00:00,1,0.6332898736000061,-20.0,stop_loss,False,7,False
2026-03-02 01:18:00+00:00,-1,0.5677847862243652,7.5,target_full,True,1,True
2026-03-02 01:19:00+00:00,-1,0.6096605658531189,5.0,trail_stop,True,2,True
2026-03-02 01:20:00+00:00,-1,0.5923316478729248,5.0,trail_stop,True,4,True
2026-03-02 01:23:00+00:00,1,0.5705252289772034,-20.0,stop_loss,False,5,False
2026-03-02 01:24:00+00:00,-1,0.5877655148506165,5.0,trail_stop,True,3,True
2026-03-02 01:26:00+00:00,-1,0.559101402759552,7.5,target_full,True,2,True
2026-03-02 01:29:00+00:00,-1,0.7008724212646484,-20.0,stop_loss,False,3,False
2026-03-02 01:30:00+00:00,-1,0.6504905819892883,-20.0,stop_loss,False,4,False
2026-03-02 01:31:00+00:00,-1,0.6847085356712341,-20.0,stop_loss,False,4,False
2026-03-02 01:33:00+00:00,1,0.5998523831367493,5.0,trail_stop,True,3,True
2026-03-02 01:41:00+00:00,1,0.5537640452384949,5.0,trail_stop,True,2,True
2026-03-02 01:42:00+00:00,1,0.5572763681411743,-3.259999999999309,timeout,False,12,False
2026-03-02 01:47:00+00:00,-1,0.5847424268722534,5.0,trail_stop,True,11,True
2026-03-02 01:52:00+00:00,1,0.5621981620788574,5.0,trail_stop,True,2,True
2026-03-02 02:00:00+00:00,1,0.5981137752532959,-4.680000000000291,timeout,False,12,False
2026-03-02 02:02:00+00:00,-1,0.5728251934051514,5.0,trail_stop,True,4,True
2026-03-02 02:13:00+00:00,1,0.5503276586532593,5.0,trail_stop,True,2,True
2026-03-02 02:32:00+00:00,1,0.5915059447288513,5.0,trail_stop,True,5,True
2026-03-02 06:12:00+00:00,-1,0.5601639747619629,-3.8599999999996726,timeout,False,12,False
2026-03-02 07:07:00+00:00,1,0.552784264087677,5.0,trail_stop,True,5,True
2026-03-02 07:16:00+00:00,1,0.615281879901886,5.0,trail_stop,True,2,True
2026-03-02 11:48:00+00:00,1,0.5803916454315186,-3.910000000000764,timeout,False,12,False
2026-03-02 11:54:00+00:00,-1,0.5832296013832092,-10.149999999999636,timeout,False,12,False
2026-03-02 13:05:00+00:00,1,0.5839252471923828,-20.0,stop_loss,False,6,False
2026-03-02 13:07:00+00:00,1,0.5573705434799194,-20.0,stop_loss,False,4,False
2026-03-02 13:11:00+00:00,-1,0.6341267824172974,5.0,trail_stop,True,2,True
2026-03-02 13:12:00+00:00,-1,0.5637606978416443,-20.0,stop_loss,False,10,False
2026-03-02 13:16:00+00:00,1,0.5926181077957153,5.0,trail_stop,True,4,True
2026-03-02 13:20:00+00:00,1,0.5777975916862488,7.5,target_full,True,2,True
2026-03-02 13:27:00+00:00,-1,0.6003162264823914,-7.369999999999891,timeout,False,12,False
2026-03-02 13:28:00+00:00,-1,0.5567764639854431,5.0,trail_stop,True,11,True
2026-03-02 13:33:00+00:00,-1,0.6212931275367737,5.0,trail_stop,True,10,True
2026-03-02 13:38:00+00:00,-1,0.5734102129936218,5.0,trail_stop,True,5,True
2026-03-02 13:40:00+00:00,1,0.5542169809341431,-15.0,timeout,False,12,False
2026-03-02 13:43:00+00:00,-1,0.5679239630699158,5.0,trail_stop,True,2,True
2026-03-02 13:44:00+00:00,-1,0.5729489922523499,-1.1900000000005093,timeout,False,12,False
2026-03-02 14:05:00+00:00,-1,0.5972130298614502,7.5,target_full,True,3,True
2026-03-02 14:09:00+00:00,-1,0.6018409729003906,5.0,trail_stop,True,8,True
2026-03-02 14:11:00+00:00,-1,0.5895349383354187,5.0,trail_stop,True,2,True
2026-03-02 14:12:00+00:00,1,0.6572108268737793,-20.0,stop_loss,False,9,False
2026-03-02 14:14:00+00:00,-1,0.5719047784805298,5.0,trail_stop,True,2,True
2026-03-02 14:21:00+00:00,-1,0.5513426065444946,7.5,target_full,True,1,True
2026-03-02 14:22:00+00:00,-1,0.5665637850761414,5.0,trail_stop,True,2,True
2026-03-02 14:24:00+00:00,-1,0.6422960758209229,7.5,target_full,True,1,True
2026-03-02 14:25:00+00:00,-1,0.7245846390724182,7.5,target_full,True,1,True
2026-03-02 14:26:00+00:00,-1,0.6981114149093628,-20.0,stop_loss,False,1,False
2026-03-02 14:27:00+00:00,-1,0.5783151388168335,7.5,target_full,True,5,True
2026-03-02 14:28:00+00:00,1,0.5627185106277466,5.0,trail_stop,True,2,True
2026-03-02 14:31:00+00:00,-1,0.5590094327926636,7.5,target_full,True,1,True
2026-03-02 14:33:00+00:00,-1,0.6802615523338318,-20.0,stop_loss,False,1,False
2026-03-02 14:34:00+00:00,-1,0.5966019630432129,-20.0,stop_loss,False,1,False
2026-03-02 14:35:00+00:00,1,0.5819873213768005,7.5,target_full,True,1,True
2026-03-02 14:36:00+00:00,1,0.609404444694519,7.5,target_full,True,1,True
2026-03-02 14:37:00+00:00,1,0.6141093373298645,7.5,target_full,True,1,True
2026-03-02 14:38:00+00:00,1,0.6669701933860779,5.0,trail_stop,True,2,True
2026-03-02 14:40:00+00:00,1,0.6462234854698181,5.0,trail_stop,True,3,True
2026-03-02 14:42:00+00:00,1,0.5758516788482666,-20.0,stop_loss,False,3,False
2026-03-02 14:43:00+00:00,-1,0.5699582695960999,7.5,target_full,True,1,True
2026-03-02 14:46:00+00:00,-1,0.6162009835243225,7.5,target_full,True,5,True
2026-03-02 14:48:00+00:00,1,0.625343382358551,-20.0,stop_loss,False,3,False
2026-03-02 14:50:00+00:00,1,0.5839529633522034,-14.5600000000004,timeout,False,12,False
2026-03-02 14:56:00+00:00,-1,0.5930700302124023,5.0,trail_stop,True,4,True
2026-03-02 14:58:00+00:00,-1,0.5760018229484558,7.5,target_full,True,1,True
2026-03-02 15:00:00+00:00,-1,0.7383832931518555,7.5,target_full,True,5,True
2026-03-02 15:04:00+00:00,1,0.6445006728172302,-20.0,stop_loss,False,1,False
2026-03-02 15:05:00+00:00,-1,0.632315456867218,-20.0,stop_loss,False,1,False
2026-03-02 15:07:00+00:00,1,0.5814405679702759,-20.0,stop_loss,False,9,False
2026-03-02 15:08:00+00:00,1,0.6258624196052551,-20.0,stop_loss,False,4,False
2026-03-02 15:09:00+00:00,1,0.6631529331207275,-5.119999999999891,timeout,False,12,False
2026-03-02 15:12:00+00:00,-1,0.5620594024658203,7.5,target_full,True,4,True
2026-03-02 15:17:00+00:00,-1,0.604398250579834,-19.220000000000255,timeout,False,12,False
2026-03-02 15:20:00+00:00,1,0.593051016330719,5.0,trail_stop,True,2,True
2026-03-02 15:30:00+00:00,1,0.5782820582389832,5.0,trail_stop,True,2,True
2026-03-02 15:35:00+00:00,-1,0.550299882888794,7.5,target_full,True,10,True
2026-03-02 15:47:00+00:00,-1,0.6272048354148865,5.0,trail_stop,True,4,True
2026-03-02 15:51:00+00:00,-1,0.5590653419494629,7.5,target_full,True,5,True
2026-03-02 15:54:00+00:00,1,0.5755580067634583,-20.0,stop_loss,False,2,False
2026-03-02 15:57:00+00:00,-1,0.6100658774375916,7.5,target_full,True,2,True
2026-03-02 15:59:00+00:00,-1,0.5506702065467834,7.5,target_full,True,1,True
2026-03-02 16:00:00+00:00,-1,0.7077510356903076,7.5,target_full,True,1,True
2026-03-02 16:01:00+00:00,-1,0.6208938956260681,5.0,trail_stop,True,2,True
2026-03-02 16:03:00+00:00,-1,0.5819782018661499,-20.0,stop_loss,False,2,False
2026-03-02 16:05:00+00:00,1,0.5774463415145874,7.5,target_full,True,1,True
2026-03-02 16:06:00+00:00,1,0.5881126523017883,5.0,trail_stop,True,6,True
2026-03-02 16:07:00+00:00,1,0.6428306102752686,7.5,target_full,True,1,True
2026-03-02 16:08:00+00:00,1,0.6132234334945679,5.0,trail_stop,True,3,True
2026-03-02 16:11:00+00:00,1,0.6042359471321106,5.0,trail_stop,True,2,True
2026-03-02 16:13:00+00:00,1,0.5904729962348938,-20.0,stop_loss,False,5,False
2026-03-02 16:17:00+00:00,-1,0.5709154605865479,5.0,trail_stop,True,2,True
2026-03-02 16:22:00+00:00,1,0.6267594695091248,7.5,target_full,True,1,True
2026-03-02 16:23:00+00:00,1,0.6039997935295105,7.5,target_full,True,1,True
2026-03-02 16:25:00+00:00,1,0.6150020360946655,5.0,trail_stop,True,4,True
2026-03-02 16:35:00+00:00,-1,0.5571801662445068,-20.0,stop_loss,False,3,False
2026-03-02 16:36:00+00:00,-1,0.5818846225738525,-6.279999999999745,timeout,False,12,False
2026-03-02 16:38:00+00:00,1,0.596152663230896,5.0,trail_stop,True,2,True
2026-03-02 16:42:00+00:00,-1,0.5702028870582581,5.0,trail_stop,True,4,True
2026-03-02 16:48:00+00:00,-1,0.584745466709137,5.0,trail_stop,True,4,True
2026-03-02 16:57:00+00:00,-1,0.5576766729354858,5.0,trail_stop,True,2,True
2026-03-02 16:59:00+00:00,-1,0.5537193417549133,-20.0,stop_loss,False,7,False
2026-03-02 17:02:00+00:00,-1,0.6143145561218262,-20.0,stop_loss,False,4,False
2026-03-02 17:03:00+00:00,-1,0.5890336036682129,-3.4500000000007276,timeout,False,12,False
2026-03-02 17:04:00+00:00,1,0.589011013507843,5.0,trail_stop,True,2,True
2026-03-02 17:05:00+00:00,1,0.5542564988136292,5.0,trail_stop,True,2,True
2026-03-02 17:34:00+00:00,1,0.5734920501708984,-9.449999999999818,timeout,False,12,False
2026-03-02 20:08:00+00:00,1,0.5637521147727966,5.0,trail_stop,True,3,True
2026-03-02 20:19:00+00:00,-1,0.6362543702125549,-10.680000000000291,timeout,False,12,False
2026-03-02 20:20:00+00:00,1,0.6110177040100098,5.0,trail_stop,True,7,True
2026-03-02 20:21:00+00:00,-1,0.6159156560897827,-4.860000000000582,timeout,False,12,False
2026-03-02 20:22:00+00:00,1,0.6494230628013611,5.0,trail_stop,True,5,True
2026-03-02 20:24:00+00:00,1,0.5859578847885132,-0.6900000000005093,timeout,False,12,False
2026-03-02 20:32:00+00:00,1,0.5744900107383728,-2.2700000000004366,timeout,False,12,False
2026-03-03 01:51:00+00:00,1,0.5998265743255615,-20.0,stop_loss,False,5,False
2026-03-03 01:59:00+00:00,-1,0.5872219800949097,5.0,trail_stop,True,2,True
2026-03-03 02:00:00+00:00,-1,0.6144072413444519,-20.0,stop_loss,False,7,False
2026-03-03 02:02:00+00:00,1,0.5898195505142212,5.0,trail_stop,True,2,True
2026-03-03 02:03:00+00:00,1,0.6026380062103271,5.0,trail_stop,True,4,True
2026-03-03 02:05:00+00:00,-1,0.5905718803405762,-5.329999999999927,timeout,False,12,False
2026-03-03 02:06:00+00:00,1,0.5564912557601929,5.0,trail_stop,True,2,True
2026-03-03 02:07:00+00:00,1,0.5623049736022949,5.0,trail_stop,True,2,True
2026-03-03 02:09:00+00:00,1,0.575054943561554,2.4600000000000364,timeout,False,12,True
2026-03-03 02:10:00+00:00,-1,0.6148841977119446,-6.4399999999996,timeout,False,12,False
2026-03-03 02:12:00+00:00,-1,0.6394360661506653,-9.579999999999927,timeout,False,12,False
2026-03-03 02:37:00+00:00,-1,0.5664175152778625,-3.569999999999709,timeout,False,12,False
2026-03-03 05:46:00+00:00,-1,0.5949540138244629,7.5,target_full,True,1,True
2026-03-03 05:48:00+00:00,-1,0.6448683142662048,5.0,trail_stop,True,3,True
2026-03-03 05:51:00+00:00,-1,0.6167652606964111,7.5,target_full,True,2,True
2026-03-03 05:54:00+00:00,-1,0.5942744612693787,7.5,target_full,True,1,True
2026-03-03 05:55:00+00:00,-1,0.6036072969436646,3.355000000000018,timeout,True,12,True
2026-03-03 05:57:00+00:00,-1,0.583173394203186,5.0,trail_stop,True,10,True
2026-03-03 06:07:00+00:00,-1,0.5676756501197815,5.0,trail_stop,True,2,True
2026-03-03 06:08:00+00:00,-1,0.5742555260658264,7.5,target_full,True,3,True
2026-03-03 06:11:00+00:00,1,0.6016435623168945,-20.0,stop_loss,False,1,False
2026-03-03 06:12:00+00:00,-1,0.6018927097320557,7.5,target_full,True,1,True
2026-03-03 06:13:00+00:00,-1,0.6444115042686462,-20.0,stop_loss,False,8,False
2026-03-03 06:15:00+00:00,-1,0.5992265343666077,-20.0,stop_loss,False,7,False
2026-03-03 06:16:00+00:00,1,0.5927594900131226,5.0,trail_stop,True,2,True
2026-03-03 06:18:00+00:00,1,0.5629467368125916,5.0,trail_stop,True,3,True
2026-03-03 06:40:00+00:00,1,0.5531888604164124,-20.0,stop_loss,False,11,False
2026-03-03 08:36:00+00:00,1,0.5507453083992004,-1.2100000000000364,timeout,False,12,False
2026-03-03 09:04:00+00:00,-1,0.634727954864502,-13.13000000000011,timeout,False,12,False
2026-03-03 09:05:00+00:00,-1,0.603914201259613,-5.919999999999163,timeout,False,12,False
2026-03-03 09:06:00+00:00,-1,0.6157564520835876,-7.399999999999636,timeout,False,12,False
2026-03-03 09:07:00+00:00,1,0.583305299282074,5.0,trail_stop,True,4,True
2026-03-03 09:13:00+00:00,-1,0.576500654220581,5.0,trail_stop,True,10,True
2026-03-03 09:16:00+00:00,1,0.5909253358840942,5.0,trail_stop,True,2,True
2026-03-03 09:18:00+00:00,-1,0.5657970905303955,5.0,trail_stop,True,2,True
2026-03-03 09:19:00+00:00,-1,0.5969534516334534,7.5,target_full,True,4,True
2026-03-03 09:25:00+00:00,-1,0.6370610594749451,7.5,target_full,True,1,True
2026-03-03 09:27:00+00:00,-1,0.6030055284500122,-20.0,stop_loss,False,2,False
2026-03-03 09:28:00+00:00,-1,0.6378319263458252,-20.0,stop_loss,False,2,False
2026-03-03 09:30:00+00:00,1,0.6141188144683838,7.5,target_full,True,2,True
2026-03-03 09:31:00+00:00,1,0.6212754845619202,5.0,trail_stop,True,2,True
2026-03-03 09:33:00+00:00,1,0.6388286352157593,-8.829999999999927,timeout,False,12,False
2026-03-03 09:36:00+00:00,1,0.5811867117881775,-7.380000000000109,timeout,False,12,False
2026-03-03 09:48:00+00:00,1,0.5639075040817261,5.0,trail_stop,True,4,True
2026-03-03 09:54:00+00:00,1,0.558904767036438,5.0,trail_stop,True,9,True
2026-03-03 09:55:00+00:00,-1,0.5719399452209473,-1.050000000000182,timeout,False,12,False
2026-03-03 10:05:00+00:00,1,0.6080312132835388,-5.529999999999745,timeout,False,12,False
2026-03-03 10:08:00+00:00,-1,0.5579333901405334,5.0,trail_stop,True,9,True
2026-03-03 10:09:00+00:00,-1,0.5697950124740601,5.0,trail_stop,True,7,True
2026-03-03 10:14:00+00:00,-1,0.5697411894798279,5.0,trail_stop,True,3,True
2026-03-03 10:16:00+00:00,-1,0.5619537234306335,-9.340000000000146,timeout,False,12,False
2026-03-03 10:39:00+00:00,-1,0.6022202372550964,5.0,trail_stop,True,10,True
2026-03-03 10:40:00+00:00,1,0.6257634162902832,-20.0,stop_loss,False,12,False
2026-03-03 10:43:00+00:00,-1,0.6287304162979126,5.0,trail_stop,True,2,True
2026-03-03 10:49:00+00:00,-1,0.5946410298347473,5.0,trail_stop,True,4,True
2026-03-03 10:51:00+00:00,-1,0.5881572365760803,7.5,target_full,True,1,True
2026-03-03 10:55:00+00:00,1,0.562109112739563,5.0,trail_stop,True,6,True
2026-03-03 10:58:00+00:00,-1,0.6010721325874329,-20.0,stop_loss,False,3,False
2026-03-03 10:59:00+00:00,-1,0.5909740328788757,7.5,target_full,True,6,True
2026-03-03 11:00:00+00:00,1,0.5970549583435059,5.0,trail_stop,True,2,True
2026-03-03 11:02:00+00:00,1,0.5975280404090881,-20.0,stop_loss,False,3,False
2026-03-03 11:03:00+00:00,-1,0.5891258716583252,5.0,trail_stop,True,2,True
2026-03-03 11:04:00+00:00,-1,0.602992594242096,7.5,target_full,True,1,True
2026-03-03 11:05:00+00:00,-1,0.5925319194793701,7.5,target_full,True,1,True
2026-03-03 11:06:00+00:00,-1,0.6478200554847717,7.5,target_full,True,1,True
2026-03-03 11:07:00+00:00,-1,0.6782718896865845,7.5,target_full,True,1,True
2026-03-03 11:08:00+00:00,-1,0.6143739223480225,7.5,target_full,True,1,True
2026-03-03 11:09:00+00:00,-1,0.5691210031509399,-20.0,stop_loss,False,1,False
2026-03-03 11:11:00+00:00,1,0.5617759227752686,7.5,target_full,True,1,True
2026-03-03 11:12:00+00:00,1,0.6593754887580872,-20.0,stop_loss,False,1,False
2026-03-03 11:13:00+00:00,1,0.6776204705238342,-20.0,stop_loss,False,3,False
2026-03-03 11:15:00+00:00,-1,0.5854178667068481,7.5,target_full,True,1,True
2026-03-03 11:16:00+00:00,-1,0.6138729453086853,5.0,trail_stop,True,2,True
2026-03-03 11:17:00+00:00,-1,0.603499710559845,-20.0,stop_loss,False,1,False
2026-03-03 11:18:00+00:00,1,0.6767110824584961,5.0,trail_stop,True,2,True
2026-03-03 11:19:00+00:00,1,0.6582881808280945,-20.0,stop_loss,False,4,False
2026-03-03 11:20:00+00:00,1,0.6297821402549744,7.5,target_full,True,1,True
2026-03-03 11:21:00+00:00,1,0.5983923673629761,-20.0,stop_loss,False,2,False
2026-03-03 11:24:00+00:00,-1,0.6639403104782104,7.5,target_full,True,1,True
2026-03-03 11:25:00+00:00,-1,0.6260868906974792,7.5,target_full,True,1,True
2026-03-03 11:26:00+00:00,-1,0.611819326877594,7.5,target_full,True,1,True
2026-03-03 11:27:00+00:00,-1,0.6241410970687866,7.5,target_full,True,1,True
2026-03-03 11:28:00+00:00,-1,0.5525051355361938,7.5,target_full,True,1,True
2026-03-03 11:29:00+00:00,-1,0.6170554161071777,7.5,target_full,True,1,True
2026-03-03 11:33:00+00:00,-1,0.583484947681427,-20.0,stop_loss,False,1,False
2026-03-03 11:34:00+00:00,1,0.6636670827865601,7.5,target_full,True,1,True
2026-03-03 11:35:00+00:00,1,0.6631280183792114,5.0,trail_stop,True,2,True
2026-03-03 11:37:00+00:00,1,0.6058014035224915,5.0,trail_stop,True,2,True
2026-03-03 11:38:00+00:00,1,0.6986421942710876,-20.0,stop_loss,False,2,False
2026-03-03 11:40:00+00:00,-1,0.6395992040634155,7.5,target_full,True,1,True
2026-03-03 11:41:00+00:00,-1,0.7043543457984924,5.0,trail_stop,True,2,True
2026-03-03 11:43:00+00:00,-1,0.5825613141059875,-20.0,stop_loss,False,1,False
2026-03-03 11:44:00+00:00,1,0.6172367334365845,7.5,target_full,True,1,True
2026-03-03 11:45:00+00:00,1,0.6045498251914978,5.0,trail_stop,True,2,True
2026-03-03 11:46:00+00:00,1,0.6686400175094604,7.5,target_full,True,1,True
2026-03-03 11:47:00+00:00,1,0.6046993136405945,5.0,trail_stop,True,2,True
2026-03-03 11:48:00+00:00,1,0.6468105912208557,5.0,trail_stop,True,7,True
2026-03-03 11:49:00+00:00,1,0.6281135082244873,5.0,trail_stop,True,2,True
2026-03-03 11:50:00+00:00,1,0.5907231569290161,5.0,trail_stop,True,2,True
2026-03-03 11:51:00+00:00,-1,0.5958764553070068,-15.579999999999927,timeout,False,12,False
2026-03-03 11:54:00+00:00,1,0.5658578276634216,7.5,target_full,True,10,True
2026-03-03 11:57:00+00:00,-1,0.5677374601364136,5.0,trail_stop,True,2,True
2026-03-03 11:59:00+00:00,-1,0.5603272914886475,5.0,trail_stop,True,3,True
2026-03-03 12:00:00+00:00,1,0.5864158868789673,7.5,target_full,True,4,True
2026-03-03 12:02:00+00:00,-1,0.6461248397827148,-20.0,stop_loss,False,2,False
2026-03-03 12:04:00+00:00,1,0.6034104228019714,7.5,target_full,True,1,True
2026-03-03 12:05:00+00:00,1,0.5918561816215515,7.5,target_full,True,1,True
2026-03-03 12:06:00+00:00,1,0.6584376692771912,5.0,trail_stop,True,2,True
2026-03-03 12:07:00+00:00,1,0.6226073503494263,5.0,trail_stop,True,2,True
2026-03-03 12:10:00+00:00,1,0.5893374681472778,5.0,trail_stop,True,2,True
2026-03-03 12:14:00+00:00,1,0.5673430562019348,5.0,trail_stop,True,10,True
2026-03-03 12:15:00+00:00,-1,0.6363844871520996,-20.0,stop_loss,False,10,False
2026-03-03 12:16:00+00:00,1,0.6465586423873901,5.0,trail_stop,True,3,True
2026-03-03 12:17:00+00:00,-1,0.6343029141426086,5.0,trail_stop,True,4,True
2026-03-03 12:18:00+00:00,1,0.6294233202934265,5.0,trail_stop,True,6,True
2026-03-03 12:19:00+00:00,1,0.6505531072616577,5.0,trail_stop,True,5,True
2026-03-03 12:20:00+00:00,1,0.5805527567863464,5.0,trail_stop,True,3,True
2026-03-03 12:23:00+00:00,1,0.5908734798431396,5.0,trail_stop,True,2,True
2026-03-03 12:24:00+00:00,1,0.5928765535354614,5.0,trail_stop,True,3,True
2026-03-03 12:26:00+00:00,1,0.5939905047416687,5.0,trail_stop,True,3,True
2026-03-03 12:27:00+00:00,1,0.594627857208252,5.0,trail_stop,True,3,True
2026-03-03 12:32:00+00:00,-1,0.7555938959121704,-20.0,stop_loss,False,10,False
2026-03-03 12:33:00+00:00,-1,0.5599112510681152,5.0,trail_stop,True,2,True
2026-03-03 12:35:00+00:00,1,0.6413223147392273,7.5,target_full,True,1,True
2026-03-03 12:36:00+00:00,1,0.6346431374549866,5.0,trail_stop,True,2,True
2026-03-03 12:37:00+00:00,1,0.6089636087417603,5.0,trail_stop,True,6,True
2026-03-03 12:38:00+00:00,1,0.6065218448638916,5.0,trail_stop,True,2,True
2026-03-03 12:39:00+00:00,1,0.6296339631080627,5.0,trail_stop,True,2,True
2026-03-03 12:43:00+00:00,-1,0.571877658367157,5.0,trail_stop,True,3,True
2026-03-03 12:47:00+00:00,1,0.5970053672790527,5.0,trail_stop,True,4,True
2026-03-03 12:51:00+00:00,1,0.55036461353302,5.0,trail_stop,True,4,True
2026-03-03 12:52:00+00:00,1,0.5757520198822021,7.5,target_full,True,2,True
2026-03-03 12:54:00+00:00,1,0.6050577759742737,7.5,target_full,True,1,True
2026-03-03 12:55:00+00:00,1,0.6232593655586243,7.5,target_full,True,1,True
2026-03-03 12:56:00+00:00,1,0.6130074262619019,-20.0,stop_loss,False,3,False
2026-03-03 12:57:00+00:00,1,0.6181406378746033,-20.0,stop_loss,False,2,False
2026-03-03 13:00:00+00:00,-1,0.6733953356742859,7.5,target_full,True,1,True
2026-03-03 13:01:00+00:00,-1,0.6024772524833679,7.5,target_full,True,1,True
2026-03-03 13:02:00+00:00,-1,0.6664078831672668,7.5,target_full,True,1,True
2026-03-03 13:03:00+00:00,-1,0.6081401705741882,5.0,trail_stop,True,2,True
2026-03-03 13:05:00+00:00,-1,0.589957058429718,7.5,target_full,True,1,True
2026-03-03 13:06:00+00:00,-1,0.5722147822380066,7.5,target_full,True,1,True
2026-03-03 13:07:00+00:00,-1,0.7083350419998169,7.5,target_full,True,1,True
2026-03-03 13:09:00+00:00,-1,0.6010032892227173,5.0,trail_stop,True,2,True
2026-03-03 13:10:00+00:00,-1,0.6746540665626526,-20.0,stop_loss,False,1,False
2026-03-03 13:13:00+00:00,1,0.6637787222862244,5.0,trail_stop,True,2,True
2026-03-03 13:17:00+00:00,1,0.6004975438117981,5.0,trail_stop,True,3,True
2026-03-03 13:19:00+00:00,1,0.5777757167816162,5.0,trail_stop,True,2,True
2026-03-03 13:20:00+00:00,1,0.5926602482795715,-20.0,stop_loss,False,2,False
2026-03-03 13:21:00+00:00,1,0.5846570134162903,5.0,trail_stop,True,8,True
2026-03-03 13:22:00+00:00,-1,0.6032055020332336,5.0,trail_stop,True,5,True
2026-03-03 13:23:00+00:00,-1,0.5818979144096375,-20.0,stop_loss,False,10,False
2026-03-03 13:24:00+00:00,-1,0.6063336730003357,5.0,trail_stop,True,3,True
2026-03-03 13:29:00+00:00,1,0.587730884552002,5.0,trail_stop,True,2,True
2026-03-03 13:30:00+00:00,1,0.6040967106819153,-20.0,stop_loss,False,7,False
2026-03-03 13:31:00+00:00,1,0.6199133992195129,7.5,target_full,True,1,True
2026-03-03 13:33:00+00:00,1,0.6271818280220032,-20.0,stop_loss,False,3,False
2026-03-03 13:34:00+00:00,1,0.6307153105735779,-20.0,stop_loss,False,4,False
2026-03-03 13:35:00+00:00,-1,0.5888400673866272,5.0,trail_stop,True,2,True
2026-03-03 13:36:00+00:00,-1,0.631964385509491,7.5,target_full,True,2,True
2026-03-03 13:39:00+00:00,-1,0.5629904270172119,5.0,trail_stop,True,2,True
2026-03-03 13:40:00+00:00,-1,0.582873523235321,7.5,target_full,True,4,True
2026-03-03 13:42:00+00:00,-1,0.5973238348960876,5.0,trail_stop,True,2,True
2026-03-03 13:43:00+00:00,-1,0.5739870071411133,7.5,target_full,True,1,True
2026-03-03 13:44:00+00:00,-1,0.5927050709724426,7.5,target_full,True,1,True
2026-03-03 13:45:00+00:00,-1,0.7150196433067322,7.5,target_full,True,1,True
2026-03-03 13:47:00+00:00,-1,0.6188823580741882,-20.0,stop_loss,False,1,False
2026-03-03 13:48:00+00:00,1,0.5745930671691895,7.5,target_full,True,1,True
2026-03-03 13:49:00+00:00,1,0.6332334280014038,-20.0,stop_loss,False,1,False
2026-03-03 13:51:00+00:00,-1,0.6130911707878113,-20.0,stop_loss,False,7,False
2026-03-03 13:53:00+00:00,-1,0.5857845544815063,5.0,trail_stop,True,2,True
2026-03-03 13:55:00+00:00,1,0.6396737694740295,7.5,target_full,True,3,True
2026-03-03 13:56:00+00:00,-1,0.5762433409690857,-20.0,stop_loss,False,4,False
2026-03-03 13:57:00+00:00,1,0.5974020957946777,7.5,target_full,True,1,True
2026-03-03 13:58:00+00:00,1,0.5593598484992981,5.0,trail_stop,True,2,True
2026-03-03 14:01:00+00:00,1,0.6137011051177979,7.5,target_full,True,6,True
2026-03-03 14:02:00+00:00,-1,0.5694395899772644,2.7450000000003456,timeout,True,12,True
2026-03-03 14:05:00+00:00,1,0.5949486494064331,7.5,target_full,True,2,True
2026-03-03 14:07:00+00:00,1,0.6068362593650818,5.0,trail_stop,True,2,True
2026-03-03 14:08:00+00:00,1,0.578920841217041,-20.0,stop_loss,False,6,False
2026-03-03 14:09:00+00:00,1,0.5900927186012268,5.0,trail_stop,True,3,True
2026-03-03 14:14:00+00:00,-1,0.5580121874809265,7.5,target_full,True,1,True
2026-03-03 14:17:00+00:00,-1,0.6082471609115601,5.0,trail_stop,True,2,True
2026-03-03 14:19:00+00:00,-1,0.586640477180481,5.0,trail_stop,True,2,True
2026-03-03 14:24:00+00:00,-1,0.5839545130729675,-20.0,stop_loss,False,4,False
2026-03-03 14:25:00+00:00,-1,0.6030109524726868,5.0,trail_stop,True,2,True
2026-03-03 14:26:00+00:00,-1,0.6560365557670593,5.0,trail_stop,True,4,True
2026-03-03 14:27:00+00:00,1,0.606217622756958,5.0,trail_stop,True,2,True
2026-03-03 14:29:00+00:00,1,0.6000689268112183,-20.0,stop_loss,False,1,False
2026-03-03 14:30:00+00:00,-1,0.7078049182891846,7.5,target_full,True,1,True
2026-03-03 14:31:00+00:00,-1,0.6759738326072693,7.5,target_full,True,3,True
2026-03-03 14:33:00+00:00,-1,0.627299964427948,7.5,target_full,True,1,True
2026-03-03 14:35:00+00:00,-1,0.6430273652076721,-20.0,stop_loss,False,3,False
2026-03-03 14:37:00+00:00,-1,0.6028751134872437,7.5,target_full,True,2,True
2026-03-03 14:38:00+00:00,1,0.6274896264076233,-20.0,stop_loss,False,1,False
2026-03-03 14:40:00+00:00,-1,0.7158500552177429,7.5,target_full,True,1,True
2026-03-03 14:41:00+00:00,-1,0.6477758884429932,5.0,trail_stop,True,2,True
2026-03-03 14:42:00+00:00,-1,0.5564767122268677,7.5,target_full,True,1,True
2026-03-03 14:45:00+00:00,-1,0.5508868098258972,5.0,trail_stop,True,4,True
2026-03-03 14:46:00+00:00,-1,0.5902491807937622,5.0,trail_stop,True,2,True
2026-03-03 14:49:00+00:00,-1,0.6597167253494263,7.5,target_full,True,1,True
2026-03-03 14:50:00+00:00,-1,0.7352146506309509,7.5,target_full,True,1,True
2026-03-03 14:51:00+00:00,-1,0.5566955208778381,-20.0,stop_loss,False,1,False
2026-03-03 14:52:00+00:00,-1,0.6735048294067383,-20.0,stop_loss,False,2,False
2026-03-03 14:53:00+00:00,1,0.6741968393325806,7.5,target_full,True,1,True
2026-03-03 14:54:00+00:00,1,0.78583824634552,7.5,target_full,True,1,True
2026-03-03 14:56:00+00:00,1,0.6746832132339478,5.0,trail_stop,True,2,True
2026-03-03 14:58:00+00:00,1,0.6204471588134766,-20.0,stop_loss,False,1,False
2026-03-03 14:59:00+00:00,-1,0.6893604397773743,-20.0,stop_loss,False,1,False
2026-03-03 15:00:00+00:00,-1,0.5819727778434753,-20.0,stop_loss,False,2,False
2026-03-03 15:02:00+00:00,1,0.5890400409698486,-20.0,stop_loss,False,1,False
2026-03-03 15:03:00+00:00,-1,0.5903623700141907,7.5,target_full,True,1,True
2026-03-03 15:04:00+00:00,-1,0.7023430466651917,-20.0,stop_loss,False,1,False
2026-03-03 15:05:00+00:00,-1,0.6237295269966125,-20.0,stop_loss,False,1,False
2026-03-03 15:06:00+00:00,1,0.6029203534126282,-20.0,stop_loss,False,3,False
2026-03-03 15:08:00+00:00,1,0.6151466369628906,-20.0,stop_loss,False,4,False
2026-03-03 15:09:00+00:00,-1,0.6123749017715454,7.5,target_full,True,1,True
2026-03-03 15:10:00+00:00,-1,0.6222228407859802,5.0,trail_stop,True,2,True
2026-03-03 15:12:00+00:00,-1,0.7053142189979553,7.5,target_full,True,1,True
2026-03-03 15:13:00+00:00,-1,0.596454918384552,-20.0,stop_loss,False,1,False
2026-03-03 15:15:00+00:00,-1,0.6887361407279968,7.5,target_full,True,1,True
2026-03-03 15:16:00+00:00,-1,0.6650789380073547,-20.0,stop_loss,False,2,False
2026-03-03 15:17:00+00:00,-1,0.5594097971916199,-20.0,stop_loss,False,1,False
2026-03-03 15:18:00+00:00,-1,0.6893361806869507,-20.0,stop_loss,False,1,False
2026-03-03 15:19:00+00:00,1,0.6466438174247742,7.5,target_full,True,1,True
2026-03-03 15:20:00+00:00,1,0.614959180355072,7.5,target_full,True,1,True
2026-03-03 15:21:00+00:00,1,0.5717515349388123,5.0,trail_stop,True,7,True
2026-03-03 15:22:00+00:00,1,0.6761916875839233,5.0,trail_stop,True,2,True
2026-03-03 15:24:00+00:00,-1,0.6495621800422668,-20.0,stop_loss,False,5,False
2026-03-03 15:28:00+00:00,1,0.6146312952041626,5.0,trail_stop,True,2,True
2026-03-03 15:29:00+00:00,1,0.6246201992034912,7.5,target_full,True,1,True
2026-03-03 15:31:00+00:00,1,0.5503115057945251,5.0,trail_stop,True,7,True
2026-03-03 15:32:00+00:00,1,0.6567182540893555,5.0,trail_stop,True,5,True
2026-03-03 15:36:00+00:00,-1,0.5894207954406738,-20.0,stop_loss,False,3,False
2026-03-03 15:37:00+00:00,1,0.592225193977356,5.0,trail_stop,True,2,True
2026-03-03 15:38:00+00:00,1,0.6090622544288635,5.0,trail_stop,True,10,True
2026-03-03 15:43:00+00:00,-1,0.6181656718254089,5.0,trail_stop,True,2,True
2026-03-03 15:45:00+00:00,-1,0.5943862795829773,-20.0,stop_loss,False,2,False
2026-03-03 15:46:00+00:00,1,0.6140977740287781,7.5,target_full,True,1,True
2026-03-03 15:47:00+00:00,1,0.6333141326904297,5.0,trail_stop,True,2,True
2026-03-03 15:54:00+00:00,1,0.6145240664482117,7.5,target_full,True,2,True
2026-03-03 15:56:00+00:00,1,0.5963840484619141,7.5,target_full,True,1,True
2026-03-03 15:57:00+00:00,1,0.6134217977523804,5.0,trail_stop,True,2,True
2026-03-03 16:01:00+00:00,1,0.602566659450531,5.0,trail_stop,True,2,True
2026-03-03 16:04:00+00:00,1,0.589579701423645,5.0,trail_stop,True,2,True
2026-03-03 16:05:00+00:00,1,0.5819975733757019,5.0,trail_stop,True,2,True
2026-03-03 16:07:00+00:00,1,0.6237941384315491,-7.729999999999563,timeout,False,12,False
2026-03-03 16:11:00+00:00,-1,0.5706163048744202,-20.0,stop_loss,False,11,False
2026-03-03 16:12:00+00:00,-1,0.6047171950340271,-20.0,stop_loss,False,10,False
2026-03-03 16:13:00+00:00,-1,0.5516091585159302,5.0,trail_stop,True,4,True
2026-03-03 16:18:00+00:00,-1,0.5839810371398926,-20.0,stop_loss,False,4,False
2026-03-03 16:22:00+00:00,1,0.6193580627441406,5.0,trail_stop,True,2,True
2026-03-03 16:23:00+00:00,1,0.5852464437484741,-20.0,stop_loss,False,10,False
2026-03-03 16:24:00+00:00,1,0.5634581446647644,5.0,trail_stop,True,12,True
2026-03-03 16:27:00+00:00,-1,0.6039633750915527,5.0,trail_stop,True,4,True
2026-03-03 16:29:00+00:00,-1,0.5683967471122742,5.0,trail_stop,True,5,True
2026-03-03 16:36:00+00:00,1,0.5541196465492249,-20.0,stop_loss,False,6,False
2026-03-03 16:39:00+00:00,-1,0.6527649760246277,5.0,trail_stop,True,2,True
2026-03-03 16:41:00+00:00,-1,0.5583732724189758,5.0,trail_stop,True,2,True
2026-03-03 16:45:00+00:00,-1,0.5933197736740112,5.0,trail_stop,True,10,True
2026-03-03 16:47:00+00:00,-1,0.5793550610542297,5.0,trail_stop,True,5,True
2026-03-03 16:48:00+00:00,1,0.5991746783256531,-20.0,stop_loss,False,11,False
2026-03-03 16:49:00+00:00,1,0.6152504086494446,-20.0,stop_loss,False,11,False
2026-03-03 16:53:00+00:00,1,0.5645596385002136,-20.0,stop_loss,False,7,False
2026-03-03 16:55:00+00:00,1,0.5722962617874146,-20.0,stop_loss,False,6,False
2026-03-03 16:56:00+00:00,-1,0.585378110408783,5.0,trail_stop,True,4,True
2026-03-03 16:57:00+00:00,-1,0.6446592211723328,7.5,target_full,True,3,True
2026-03-03 17:00:00+00:00,-1,0.5556043386459351,7.5,target_full,True,1,True
2026-03-03 17:03:00+00:00,-1,0.6132131218910217,-20.0,stop_loss,False,12,False
2026-03-03 17:08:00+00:00,1,0.5782759189605713,5.0,trail_stop,True,3,True
2026-03-03 17:14:00+00:00,1,0.5557358860969543,5.0,trail_stop,True,2,True
2026-03-03 17:15:00+00:00,1,0.5752516388893127,5.0,trail_stop,True,3,True
2026-03-03 17:23:00+00:00,-1,0.5572914481163025,5.0,trail_stop,True,2,True
2026-03-03 17:27:00+00:00,-1,0.5674024820327759,5.0,trail_stop,True,2,True
2026-03-03 17:28:00+00:00,-1,0.5508716106414795,7.5,target_full,True,1,True
2026-03-03 17:29:00+00:00,-1,0.5579348802566528,5.0,trail_stop,True,2,True
2026-03-03 17:31:00+00:00,-1,0.5698437094688416,5.0,trail_stop,True,2,True
2026-03-03 17:33:00+00:00,-1,0.5801750421524048,5.0,trail_stop,True,2,True
2026-03-03 17:35:00+00:00,-1,0.5847607254981995,-14.210000000000036,timeout,False,12,False
2026-03-03 17:40:00+00:00,1,0.5691283345222473,-15.079999999999927,timeout,False,12,False
2026-03-03 17:41:00+00:00,-1,0.6490576267242432,2.6400000000003274,timeout,True,12,True
2026-03-03 17:42:00+00:00,1,0.6242895126342773,-11.090000000000146,timeout,False,12,False
2026-03-03 17:43:00+00:00,-1,0.6307158470153809,5.0,trail_stop,True,10,True
2026-03-03 17:45:00+00:00,-1,0.6227648854255676,5.0,trail_stop,True,5,True
2026-03-03 17:47:00+00:00,1,0.6065459251403809,5.0,trail_stop,True,2,True
2026-03-03 17:57:00+00:00,1,0.5962955951690674,7.5,target_full,True,2,True
2026-03-03 18:00:00+00:00,1,0.6246479153633118,5.0,trail_stop,True,5,True
2026-03-03 18:12:00+00:00,1,0.646073579788208,-2.630000000000109,timeout,False,12,False
2026-03-03 18:28:00+00:00,1,0.5507742762565613,5.0,trail_stop,True,3,True
2026-03-03 18:32:00+00:00,-1,0.6050928831100464,-20.0,stop_loss,False,6,False
2026-03-03 18:33:00+00:00,-1,0.594451904296875,-20.0,stop_loss,False,5,False
2026-03-03 18:37:00+00:00,1,0.5712915658950806,7.5,target_full,True,1,True
2026-03-03 18:47:00+00:00,1,0.5798263549804688,0.9700000000002547,timeout,False,12,True
2026-03-03 18:50:00+00:00,1,0.5647232532501221,5.0,trail_stop,True,11,True
2026-03-03 18:56:00+00:00,1,0.5536934733390808,5.0,trail_stop,True,5,True
2026-03-03 19:01:00+00:00,1,0.6054098010063171,5.0,trail_stop,True,2,True
2026-03-03 19:09:00+00:00,-1,0.5831026434898376,7.5,target_full,True,1,True
2026-03-03 19:11:00+00:00,-1,0.5846800208091736,7.5,target_full,True,1,True
2026-03-03 19:12:00+00:00,-1,0.5647174119949341,5.0,trail_stop,True,2,True
2026-03-03 19:15:00+00:00,1,0.6068990230560303,-20.0,stop_loss,False,1,False
2026-03-03 19:16:00+00:00,-1,0.6106429100036621,5.0,trail_stop,True,2,True
2026-03-03 19:17:00+00:00,-1,0.6105276346206665,-6.1899999999996,timeout,False,12,False
2026-03-03 19:18:00+00:00,-1,0.6028397679328918,5.0,trail_stop,True,9,True
2026-03-03 19:19:00+00:00,1,0.5904937386512756,5.0,trail_stop,True,2,True
2026-03-03 19:24:00+00:00,-1,0.585026741027832,7.5,target_full,True,1,True
2026-03-03 19:37:00+00:00,1,0.5913847088813782,5.0,trail_stop,True,7,True
2026-03-03 19:38:00+00:00,1,0.606264054775238,5.0,trail_stop,True,2,True
2026-03-03 19:44:00+00:00,1,0.5958840847015381,5.0,trail_stop,True,2,True
2026-03-03 19:46:00+00:00,1,0.5831332802772522,-20.0,stop_loss,False,10,False
2026-03-03 19:48:00+00:00,-1,0.6198075413703918,5.0,trail_stop,True,6,True
2026-03-03 19:51:00+00:00,1,0.5794676542282104,5.0,trail_stop,True,10,True
2026-03-03 19:53:00+00:00,-1,0.5611706376075745,5.0,trail_stop,True,2,True
2026-03-03 19:55:00+00:00,-1,0.5549283027648926,5.0,trail_stop,True,2,True
2026-03-03 20:00:00+00:00,1,0.5740175247192383,5.0,trail_stop,True,2,True
2026-03-03 20:01:00+00:00,1,0.5793704390525818,-7.75,timeout,False,12,False
2026-03-03 20:02:00+00:00,1,0.6259716153144836,-4.0700000000006185,timeout,False,12,False
2026-03-03 20:03:00+00:00,1,0.5553125143051147,5.0,trail_stop,True,7,True
2026-03-03 20:10:00+00:00,1,0.5771574378013611,1.9700000000002547,timeout,False,12,True
2026-03-03 20:18:00+00:00,1,0.5680065155029297,5.0,trail_stop,True,4,True
2026-03-03 20:19:00+00:00,1,0.5597878694534302,5.0,trail_stop,True,2,True
2026-03-03 20:20:00+00:00,1,0.5710474848747253,5.0,trail_stop,True,2,True
2026-03-03 20:23:00+00:00,1,0.5998351573944092,-10.609999999999673,timeout,False,12,False
2026-03-03 20:24:00+00:00,1,0.6004860997200012,-15.069999999999709,timeout,False,12,False
2026-03-03 20:42:00+00:00,1,0.5801672339439392,-20.0,stop_loss,False,8,False
2026-03-03 20:49:00+00:00,-1,0.5702171921730042,7.5,target_full,True,1,True
2026-03-03 20:50:00+00:00,-1,0.5662134289741516,7.5,target_full,True,1,True
2026-03-03 20:51:00+00:00,-1,0.613349199295044,5.0,trail_stop,True,2,True
2026-03-03 20:55:00+00:00,1,0.6265517473220825,7.5,target_full,True,9,True
2026-03-03 23:03:00+00:00,1,0.5628713369369507,5.0,trail_stop,True,5,True
2026-03-03 23:15:00+00:00,1,0.5841111540794373,-3.850000000000364,timeout,False,12,False
2026-03-03 23:18:00+00:00,-1,0.5791599154472351,-9.579999999999927,timeout,False,12,False
2026-03-03 23:19:00+00:00,-1,0.5784857273101807,-6.9099999999998545,timeout,False,12,False
2026-03-03 23:23:00+00:00,1,0.6477020978927612,-2.0700000000006185,timeout,False,12,False
2026-03-03 23:30:00+00:00,1,0.574196457862854,5.0,trail_stop,True,6,True
2026-03-03 23:32:00+00:00,-1,0.603082001209259,5.0,trail_stop,True,6,True
2026-03-03 23:41:00+00:00,1,0.5745490193367004,5.0,trail_stop,True,5,True
2026-03-04 00:04:00+00:00,-1,0.6114258766174316,5.0,trail_stop,True,2,True
2026-03-04 00:07:00+00:00,-1,0.566986083984375,-12.13000000000011,timeout,False,12,False
2026-03-04 00:09:00+00:00,1,0.5670444369316101,5.0,trail_stop,True,9,True
2026-03-04 00:18:00+00:00,1,0.5924637913703918,5.0,trail_stop,True,2,True
2026-03-04 00:22:00+00:00,-1,0.5722852945327759,-4.940000000000509,timeout,False,12,False
2026-03-04 00:30:00+00:00,1,0.5919451117515564,5.0,trail_stop,True,12,True
2026-03-04 00:42:00+00:00,1,0.5519442558288574,5.0,trail_stop,True,5,True
2026-03-04 00:47:00+00:00,1,0.5913662910461426,7.5,target_full,True,12,True
2026-03-04 01:02:00+00:00,1,0.6339144706726074,5.0,trail_stop,True,8,True
2026-03-04 01:05:00+00:00,-1,0.6315665245056152,-12.069999999999709,timeout,False,12,False
2026-03-04 01:07:00+00:00,-1,0.5968682169914246,-13.25,timeout,False,12,False
2026-03-04 01:08:00+00:00,1,0.5970202088356018,5.0,trail_stop,True,2,True
2026-03-04 01:11:00+00:00,1,0.573859691619873,5.0,trail_stop,True,2,True
2026-03-04 01:12:00+00:00,1,0.6012128591537476,-10.039999999999964,timeout,False,12,False
2026-03-04 01:25:00+00:00,-1,0.601395845413208,5.0,trail_stop,True,2,True
2026-03-04 01:26:00+00:00,-1,0.6346035003662109,5.0,trail_stop,True,8,True
2026-03-04 01:27:00+00:00,-1,0.6331819891929626,7.5,target_full,True,1,True
2026-03-04 01:29:00+00:00,-1,0.6685857176780701,-13.589999999999236,timeout,False,12,False
2026-03-04 01:30:00+00:00,-1,0.6364200115203857,5.0,trail_stop,True,3,True
2026-03-04 01:33:00+00:00,-1,0.5755367875099182,-20.0,stop_loss,False,11,False
2026-03-04 01:35:00+00:00,1,0.6064358353614807,5.0,trail_stop,True,2,True
2026-03-04 01:36:00+00:00,1,0.6176259517669678,5.0,trail_stop,True,6,True
2026-03-04 01:37:00+00:00,1,0.6313780546188354,5.0,trail_stop,True,7,True
2026-03-04 01:39:00+00:00,-1,0.5693659782409668,-20.0,stop_loss,False,9,False
2026-03-04 01:41:00+00:00,-1,0.5701071619987488,-20.0,stop_loss,False,8,False
2026-03-04 01:47:00+00:00,1,0.59310382604599,7.5,target_full,True,2,True
2026-03-04 01:52:00+00:00,1,0.5692778825759888,-4.8200000000006185,timeout,False,12,False
2026-03-04 02:44:00+00:00,1,0.5822572112083435,-20.0,stop_loss,False,10,False
2026-03-04 02:48:00+00:00,-1,0.5501723289489746,5.0,trail_stop,True,7,True
2026-03-04 02:59:00+00:00,-1,0.5844795107841492,7.5,target_full,True,4,True
2026-03-04 03:02:00+00:00,-1,0.5729162693023682,7.5,target_full,True,1,True
2026-03-04 03:04:00+00:00,-1,0.5999424457550049,-17.88000000000011,timeout,False,12,False
2026-03-04 03:40:00+00:00,1,0.6249252557754517,5.0,trail_stop,True,12,True
2026-03-04 04:01:00+00:00,-1,0.5514026880264282,-2.7399999999997817,timeout,False,12,False
2026-03-04 04:11:00+00:00,1,0.5710908770561218,-13.0,timeout,False,12,False
2026-03-04 04:43:00+00:00,1,0.5580716133117676,-7.199999999999818,timeout,False,12,False
2026-03-04 05:14:00+00:00,-1,0.5687511563301086,5.0,trail_stop,True,6,True
2026-03-04 05:18:00+00:00,-1,0.5704923868179321,5.0,trail_stop,True,4,True
2026-03-04 06:08:00+00:00,-1,0.6071430444717407,-0.8700000000008004,timeout,False,12,False
2026-03-04 06:12:00+00:00,1,0.5724939107894897,-10.069999999999709,timeout,False,12,False
2026-03-04 06:21:00+00:00,-1,0.5653390288352966,7.5,target_full,True,1,True
2026-03-04 06:23:00+00:00,-1,0.563968300819397,5.0,trail_stop,True,2,True
2026-03-04 06:24:00+00:00,-1,0.5560848712921143,-20.0,stop_loss,False,10,False
2026-03-04 06:28:00+00:00,-1,0.5613089799880981,-20.0,stop_loss,False,6,False
2026-03-04 06:31:00+00:00,1,0.5790439248085022,5.0,trail_stop,True,2,True
2026-03-04 07:02:00+00:00,1,0.559342086315155,5.0,trail_stop,True,4,True
2026-03-04 09:06:00+00:00,-1,0.5870776176452637,-14.819999999999709,timeout,False,12,False
2026-03-04 09:08:00+00:00,1,0.6116145253181458,5.0,trail_stop,True,10,True
2026-03-04 09:17:00+00:00,1,0.6314263343811035,5.0,trail_stop,True,2,True
2026-03-04 09:18:00+00:00,1,0.5839582681655884,-2.8900000000003274,timeout,False,12,False
2026-03-04 10:08:00+00:00,1,0.5820245146751404,5.0,trail_stop,True,2,True
2026-03-04 10:14:00+00:00,1,0.5590132474899292,5.0,trail_stop,True,3,True
2026-03-04 10:15:00+00:00,1,0.5624313950538635,7.5,target_full,True,1,True
2026-03-04 10:18:00+00:00,1,0.614724338054657,-7.8100000000004,timeout,False,12,False
2026-03-04 10:20:00+00:00,-1,0.5909404158592224,5.0,trail_stop,True,10,True
2026-03-04 10:23:00+00:00,-1,0.6084375977516174,5.0,trail_stop,True,7,True
2026-03-04 12:43:00+00:00,1,0.5950254201889038,5.0,trail_stop,True,4,True
2026-03-04 13:05:00+00:00,1,0.5596757531166077,5.0,trail_stop,True,3,True
2026-03-04 13:19:00+00:00,-1,0.550356388092041,5.0,trail_stop,True,3,True
2026-03-04 13:22:00+00:00,-1,0.6175257563591003,5.0,trail_stop,True,2,True
2026-03-04 13:23:00+00:00,-1,0.5794286727905273,-9.75,timeout,False,12,False
2026-03-04 13:27:00+00:00,1,0.5868278741836548,-11.610000000000582,timeout,False,12,False
2026-03-04 13:31:00+00:00,-1,0.5772824287414551,5.0,trail_stop,True,9,True
2026-03-04 13:32:00+00:00,-1,0.5686616897583008,-6.800000000000182,timeout,False,12,False
2026-03-04 14:00:00+00:00,1,0.5823615193367004,-10.5600000000004,timeout,False,12,False
2026-03-04 14:05:00+00:00,1,0.5528115630149841,-9.230000000000473,timeout,False,12,False
2026-03-04 14:12:00+00:00,-1,0.6382244825363159,5.0,trail_stop,True,10,True
2026-03-04 14:20:00+00:00,-1,0.5691941380500793,5.0,trail_stop,True,2,True
2026-03-04 14:27:00+00:00,1,0.593165397644043,5.0,trail_stop,True,3,True
2026-03-04 14:30:00+00:00,1,0.5604137182235718,7.5,target_full,True,1,True
2026-03-04 14:31:00+00:00,1,0.556617021560669,-9.169999999999163,timeout,False,12,False
2026-03-04 14:33:00+00:00,1,0.5952464938163757,-8.920000000000073,timeout,False,12,False
2026-03-04 14:34:00+00:00,-1,0.5897149443626404,5.0,trail_stop,True,2,True
2026-03-04 14:36:00+00:00,-1,0.5944136381149292,5.0,trail_stop,True,3,True
2026-03-04 14:37:00+00:00,-1,0.6289516091346741,5.0,trail_stop,True,2,True
2026-03-04 14:38:00+00:00,-1,0.5871501564979553,5.0,trail_stop,True,7,True
2026-03-04 14:40:00+00:00,-1,0.6215947270393372,7.5,target_full,True,6,True
2026-03-04 14:41:00+00:00,1,0.5564413070678711,-20.0,stop_loss,False,6,False
2026-03-04 14:43:00+00:00,1,0.5796099305152893,5.0,trail_stop,True,3,True
2026-03-04 14:46:00+00:00,1,0.6166786551475525,-20.0,stop_loss,False,1,False
2026-03-04 14:47:00+00:00,-1,0.7262380719184875,7.5,target_full,True,1,True
2026-03-04 14:48:00+00:00,-1,0.6635286808013916,5.0,trail_stop,True,8,True
2026-03-04 14:49:00+00:00,-1,0.6376991868019104,7.5,target_full,True,1,True
2026-03-04 14:50:00+00:00,-1,0.6566724181175232,5.0,trail_stop,True,6,True
2026-03-04 14:51:00+00:00,1,0.5632095336914062,7.5,target_full,True,1,True
2026-03-04 14:53:00+00:00,1,0.6781318783760071,-20.0,stop_loss,False,2,False
2026-03-04 14:54:00+00:00,1,0.6422269940376282,5.0,trail_stop,True,6,True
2026-03-04 14:55:00+00:00,-1,0.6357272267341614,5.0,trail_stop,True,2,True
2026-03-04 14:56:00+00:00,-1,0.5728760361671448,-20.0,stop_loss,False,4,False
2026-03-04 14:58:00+00:00,1,0.6080851554870605,5.0,trail_stop,True,2,True
2026-03-04 15:00:00+00:00,1,0.5503587126731873,5.0,trail_stop,True,2,True
2026-03-04 15:01:00+00:00,1,0.6000871658325195,-20.0,stop_loss,False,4,False
2026-03-04 15:02:00+00:00,1,0.6427562236785889,-20.0,stop_loss,False,8,False
2026-03-04 15:05:00+00:00,-1,0.7249643802642822,5.0,trail_stop,True,6,True
2026-03-04 15:11:00+00:00,-1,0.5599658489227295,5.0,trail_stop,True,2,True
2026-03-04 15:14:00+00:00,-1,0.6543292999267578,-20.0,stop_loss,False,10,False
2026-03-04 15:15:00+00:00,-1,0.6041959524154663,5.0,trail_stop,True,2,True
2026-03-04 15:21:00+00:00,1,0.6320694088935852,5.0,trail_stop,True,6,True
2026-03-04 15:35:00+00:00,1,0.5871173143386841,-20.0,stop_loss,False,6,False
2026-03-04 15:36:00+00:00,1,0.5827504992485046,-20.0,stop_loss,False,6,False
2026-03-04 15:37:00+00:00,-1,0.5563066005706787,5.0,trail_stop,True,2,True
2026-03-04 15:50:00+00:00,1,0.5668540000915527,5.0,trail_stop,True,3,True
2026-03-04 15:54:00+00:00,1,0.5736263394355774,5.0,trail_stop,True,5,True
2026-03-04 16:05:00+00:00,-1,0.5758135914802551,5.0,trail_stop,True,3,True
2026-03-04 16:15:00+00:00,-1,0.550014078617096,5.0,trail_stop,True,9,True
2026-03-04 16:16:00+00:00,1,0.5583006739616394,5.0,trail_stop,True,4,True
2026-03-04 16:25:00+00:00,1,0.5923334956169128,0.5399999999999636,timeout,False,12,True
2026-03-04 16:26:00+00:00,1,0.5816403031349182,5.0,trail_stop,True,8,True
2026-03-04 16:29:00+00:00,-1,0.5889154076576233,-14.020000000000437,timeout,False,12,False
2026-03-04 16:32:00+00:00,1,0.572547972202301,5.0,trail_stop,True,2,True
2026-03-04 16:34:00+00:00,1,0.5638111233711243,5.0,trail_stop,True,8,True
2026-03-04 16:40:00+00:00,1,0.5517555475234985,5.0,trail_stop,True,2,True
2026-03-04 16:42:00+00:00,1,0.589770495891571,-11.969999999999345,timeout,False,12,False
2026-03-04 17:23:00+00:00,-1,0.5960437059402466,-13.55999999999949,timeout,False,12,False
2026-03-04 17:24:00+00:00,-1,0.5708796977996826,-5.609999999999673,timeout,False,12,False
2026-03-04 17:25:00+00:00,-1,0.5736839175224304,5.0,trail_stop,True,5,True
2026-03-04 17:31:00+00:00,-1,0.5917128920555115,-5.789999999999964,timeout,False,12,False
2026-03-04 18:14:00+00:00,1,0.5843433141708374,-1.7100000000000364,timeout,False,12,False
2026-03-04 18:15:00+00:00,1,0.5701360702514648,5.0,trail_stop,True,9,True
2026-03-04 18:21:00+00:00,1,0.561839759349823,5.0,trail_stop,True,3,True
2026-03-04 18:31:00+00:00,1,0.5718667507171631,-20.0,stop_loss,False,8,False
2026-03-04 18:33:00+00:00,1,0.6347662210464478,5.0,trail_stop,True,2,True
2026-03-04 18:40:00+00:00,-1,0.5725222229957581,-20.0,stop_loss,False,5,False
2026-03-04 18:46:00+00:00,1,0.568474292755127,5.0,trail_stop,True,4,True
2026-03-05 01:32:00+00:00,-1,0.5622735023498535,5.0,trail_stop,True,10,True
2026-03-05 02:05:00+00:00,1,0.5566315650939941,-1.4099999999998545,timeout,False,12,False
2026-03-05 03:01:00+00:00,1,0.5720570087432861,-8.329999999999927,timeout,False,12,False
2026-03-05 06:02:00+00:00,1,0.5571606159210205,-20.0,stop_loss,False,6,False
2026-03-05 06:06:00+00:00,-1,0.5768401026725769,7.5,target_full,True,1,True
2026-03-05 06:10:00+00:00,-1,0.6083250045776367,7.5,target_full,True,1,True
2026-03-05 06:11:00+00:00,-1,0.5633106827735901,-16.57000000000062,timeout,False,12,False
2026-03-05 06:12:00+00:00,-1,0.5957103967666626,5.0,trail_stop,True,3,True
2026-03-05 06:22:00+00:00,1,0.5664770603179932,5.0,trail_stop,True,12,True
2026-03-05 07:02:00+00:00,1,0.5782135128974915,-10.550000000000182,timeout,False,12,False
2026-03-05 09:42:00+00:00,1,0.5563451647758484,-4.730000000000473,timeout,False,12,False
2026-03-05 13:14:00+00:00,1,0.5556798577308655,-20.0,stop_loss,False,1,False
2026-03-05 13:16:00+00:00,-1,0.6850683093070984,7.5,target_full,True,1,True
2026-03-05 13:17:00+00:00,-1,0.6560500860214233,5.0,trail_stop,True,2,True
2026-03-05 13:18:00+00:00,-1,0.670179545879364,7.5,target_full,True,1,True
2026-03-05 13:20:00+00:00,-1,0.6698615550994873,7.5,target_full,True,1,True
2026-03-05 13:22:00+00:00,-1,0.645000696182251,7.5,target_full,True,1,True
2026-03-05 13:23:00+00:00,-1,0.5855122208595276,-20.0,stop_loss,False,1,False
2026-03-05 13:24:00+00:00,-1,0.6054654717445374,-20.0,stop_loss,False,3,False
2026-03-05 13:25:00+00:00,1,0.6087120175361633,5.0,trail_stop,True,2,True
2026-03-05 13:26:00+00:00,1,0.578194260597229,5.0,trail_stop,True,2,True
2026-03-05 13:28:00+00:00,1,0.6550975441932678,5.0,trail_stop,True,4,True
2026-03-05 13:30:00+00:00,1,0.584773063659668,7.5,target_full,True,1,True
2026-03-05 13:32:00+00:00,1,0.6062191128730774,5.0,trail_stop,True,5,True
2026-03-05 13:33:00+00:00,1,0.6277150511741638,5.0,trail_stop,True,3,True
2026-03-05 13:34:00+00:00,1,0.6465763449668884,5.0,trail_stop,True,3,True
2026-03-05 13:40:00+00:00,1,0.5857591032981873,-20.0,stop_loss,False,7,False
2026-03-05 13:42:00+00:00,1,0.6388091444969177,-17.51000000000022,timeout,False,12,False
2026-03-05 13:46:00+00:00,-1,0.6015304327011108,7.5,target_full,True,1,True
2026-03-05 13:47:00+00:00,-1,0.6003873348236084,5.0,trail_stop,True,2,True
2026-03-05 13:48:00+00:00,-1,0.6124919056892395,5.0,trail_stop,True,10,True
2026-03-05 13:49:00+00:00,-1,0.5649852156639099,5.0,trail_stop,True,8,True
2026-03-05 13:50:00+00:00,1,0.6051653027534485,-7.019999999999527,timeout,False,12,False
2026-03-05 13:52:00+00:00,1,0.6174960136413574,-20.0,stop_loss,False,5,False
2026-03-05 13:55:00+00:00,-1,0.5599132776260376,5.0,trail_stop,True,3,True
2026-03-05 13:59:00+00:00,-1,0.5768415927886963,5.0,trail_stop,True,3,True
2026-03-05 14:01:00+00:00,-1,0.5788969397544861,-2.3200000000006185,timeout,False,12,False
2026-03-05 14:03:00+00:00,1,0.6178088188171387,7.5,target_full,True,1,True
2026-03-05 14:04:00+00:00,1,0.5849312543869019,-20.0,stop_loss,False,10,False
2026-03-05 14:06:00+00:00,1,0.6163328289985657,-20.0,stop_loss,False,12,False
2026-03-05 14:16:00+00:00,-1,0.616638720035553,5.0,trail_stop,True,2,True
2026-03-05 14:17:00+00:00,-1,0.5655673742294312,-12.030000000000655,timeout,False,12,False
2026-03-05 14:19:00+00:00,-1,0.5990834832191467,0.18999999999959982,timeout,False,12,True
2026-03-05 14:21:00+00:00,1,0.5829463005065918,5.0,trail_stop,True,2,True
2026-03-05 14:23:00+00:00,1,0.5582343935966492,5.0,trail_stop,True,6,True
2026-03-05 14:29:00+00:00,1,0.6427276134490967,5.0,trail_stop,True,7,True
2026-03-05 14:30:00+00:00,1,0.5584313869476318,5.0,trail_stop,True,4,True
2026-03-05 14:31:00+00:00,-1,0.5819921493530273,7.5,target_full,True,7,True
2026-03-05 14:34:00+00:00,1,0.6134992241859436,-20.0,stop_loss,False,4,False
2026-03-05 14:36:00+00:00,1,0.651968240737915,-20.0,stop_loss,False,2,False
2026-03-05 14:37:00+00:00,-1,0.6645717024803162,7.5,target_full,True,1,True
2026-03-05 14:40:00+00:00,-1,0.5956093668937683,5.0,trail_stop,True,2,True
2026-03-05 14:42:00+00:00,1,0.6317919492721558,5.0,trail_stop,True,6,True
2026-03-05 14:43:00+00:00,-1,0.6263959407806396,-10.210000000000036,timeout,False,12,False
2026-03-05 14:44:00+00:00,-1,0.6140325665473938,5.0,trail_stop,True,2,True
2026-03-05 14:47:00+00:00,1,0.645172119140625,5.0,trail_stop,True,2,True
2026-03-05 14:48:00+00:00,1,0.5961525440216064,5.0,trail_stop,True,10,True
2026-03-05 14:49:00+00:00,-1,0.5777713656425476,-20.0,stop_loss,False,11,False
2026-03-05 14:50:00+00:00,1,0.622097909450531,5.0,trail_stop,True,8,True
2026-03-05 14:51:00+00:00,-1,0.5815409421920776,5.0,trail_stop,True,2,True
2026-03-05 14:58:00+00:00,1,0.5557142496109009,5.0,trail_stop,True,3,True
2026-03-05 14:59:00+00:00,-1,0.6395272016525269,5.0,trail_stop,True,5,True
2026-03-05 15:00:00+00:00,1,0.6185809969902039,7.5,target_full,True,1,True
2026-03-05 15:01:00+00:00,1,0.6017737984657288,-20.0,stop_loss,False,2,False
2026-03-05 15:03:00+00:00,1,0.6430525779724121,-20.0,stop_loss,False,2,False
2026-03-05 15:04:00+00:00,-1,0.6832547187805176,5.0,trail_stop,True,2,True
2026-03-05 15:07:00+00:00,-1,0.5976492762565613,7.5,target_full,True,1,True
2026-03-05 15:08:00+00:00,-1,0.6419179439544678,-20.0,stop_loss,False,4,False
2026-03-05 15:09:00+00:00,-1,0.5901236534118652,-20.0,stop_loss,False,4,False
2026-03-05 15:11:00+00:00,1,0.5553799271583557,7.5,target_full,True,1,True
2026-03-05 15:13:00+00:00,1,0.5720840692520142,5.0,trail_stop,True,2,True
2026-03-05 15:18:00+00:00,1,0.6742105484008789,-20.0,stop_loss,False,8,False
2026-03-05 15:19:00+00:00,-1,0.5804616808891296,5.0,trail_stop,True,2,True
2026-03-05 15:27:00+00:00,-1,0.5818206667900085,-20.0,stop_loss,False,4,False
2026-03-05 15:29:00+00:00,1,0.5573676228523254,5.0,trail_stop,True,3,True
2026-03-05 15:31:00+00:00,1,0.5876056551933289,-11.819999999999709,timeout,False,12,False
2026-03-05 15:33:00+00:00,1,0.6310365796089172,-4.819999999999709,timeout,False,12,False
2026-03-05 15:35:00+00:00,1,0.5926743149757385,-4.869999999999891,timeout,False,12,False
2026-03-05 15:36:00+00:00,-1,0.5617102384567261,5.0,trail_stop,True,2,True
2026-03-05 15:37:00+00:00,-1,0.572205662727356,-9.600000000000364,timeout,False,12,False
2026-03-05 15:38:00+00:00,-1,0.5665295124053955,5.0,trail_stop,True,2,True
2026-03-05 15:41:00+00:00,-1,0.6268154978752136,5.0,trail_stop,True,2,True
2026-03-05 15:42:00+00:00,-1,0.5807355046272278,5.0,trail_stop,True,2,True
2026-03-05 15:56:00+00:00,-1,0.5612649321556091,5.0,trail_stop,True,9,True
2026-03-05 15:57:00+00:00,-1,0.5708797574043274,7.5,target_full,True,8,True
2026-03-05 15:59:00+00:00,1,0.5810115933418274,-20.0,stop_loss,False,7,False
2026-03-05 16:05:00+00:00,-1,0.5704494714736938,5.0,trail_stop,True,2,True
2026-03-05 16:06:00+00:00,-1,0.5879313349723816,5.0,trail_stop,True,2,True
2026-03-05 16:08:00+00:00,-1,0.5593414306640625,5.0,trail_stop,True,2,True
2026-03-05 16:23:00+00:00,-1,0.6212562918663025,5.0,trail_stop,True,3,True
2026-03-05 16:27:00+00:00,1,0.6054216027259827,-1.6300000000001091,timeout,False,12,False
2026-03-05 16:29:00+00:00,1,0.5940567851066589,5.0,trail_stop,True,8,True
2026-03-05 16:30:00+00:00,-1,0.6207795739173889,-11.360000000000582,timeout,False,12,False
2026-03-05 16:31:00+00:00,-1,0.6092970371246338,5.0,trail_stop,True,3,True
2026-03-05 16:37:00+00:00,1,0.5747563242912292,5.0,trail_stop,True,8,True
2026-03-05 16:38:00+00:00,1,0.5565613508224487,5.0,trail_stop,True,2,True
2026-03-05 16:39:00+00:00,1,0.5920771956443787,5.0,trail_stop,True,5,True
2026-03-05 16:41:00+00:00,1,0.6109926700592041,5.0,trail_stop,True,3,True
2026-03-05 16:48:00+00:00,1,0.5732439756393433,5.0,trail_stop,True,6,True
2026-03-05 16:52:00+00:00,-1,0.6060246825218201,-15.300000000000182,timeout,False,12,False
2026-03-05 16:54:00+00:00,1,0.5674657821655273,5.0,trail_stop,True,8,True
2026-03-05 17:46:00+00:00,1,0.5566759705543518,-7.170000000000073,timeout,False,12,False
2026-03-05 17:58:00+00:00,1,0.5609439611434937,5.0,trail_stop,True,7,True
2026-03-05 18:03:00+00:00,1,0.5846497416496277,5.0,trail_stop,True,2,True
2026-03-05 18:05:00+00:00,1,0.563870906829834,5.0,trail_stop,True,11,True
2026-03-05 18:06:00+00:00,-1,0.6180940270423889,-8.479999999999563,timeout,False,12,False
2026-03-05 18:07:00+00:00,1,0.633028507232666,5.0,trail_stop,True,8,True
2026-03-05 18:10:00+00:00,1,0.5586413741111755,-2.130000000000109,timeout,False,12,False
2026-03-05 18:28:00+00:00,1,0.5747911930084229,5.0,trail_stop,True,2,True
2026-03-05 18:29:00+00:00,1,0.5617563128471375,5.0,trail_stop,True,2,True
2026-03-05 19:23:00+00:00,1,0.5531714558601379,-11.340000000000146,timeout,False,12,False
2026-03-05 20:15:00+00:00,1,0.6048098802566528,7.5,target_full,True,1,True
2026-03-05 20:20:00+00:00,-1,0.5508630871772766,5.0,trail_stop,True,2,True
2026-03-05 20:25:00+00:00,1,0.5788624286651611,-6.009999999999309,timeout,False,12,False
2026-03-05 23:04:00+00:00,1,0.6276792883872986,-4.430000000000291,timeout,False,12,False
2026-03-05 23:19:00+00:00,1,0.578360378742218,-7.390000000000327,timeout,False,12,False
2026-03-06 01:05:00+00:00,1,0.5993748307228088,5.0,trail_stop,True,8,True
2026-03-06 01:40:00+00:00,1,0.5883052349090576,5.0,trail_stop,True,3,True
2026-03-06 01:54:00+00:00,1,0.5877296924591064,-13.210000000000036,timeout,False,12,False
2026-03-06 02:01:00+00:00,-1,0.603351354598999,5.0,trail_stop,True,2,True
2026-03-06 05:50:00+00:00,-1,0.5704070329666138,5.0,trail_stop,True,2,True
2026-03-06 11:13:00+00:00,-1,0.5699935555458069,-13.590000000000146,timeout,False,12,False
2026-03-06 11:58:00+00:00,1,0.5972375273704529,5.0,trail_stop,True,3,True
2026-03-06 12:03:00+00:00,1,0.5775572061538696,5.0,trail_stop,True,7,True
2026-03-06 13:01:00+00:00,-1,0.5831525325775146,5.0,trail_stop,True,4,True
2026-03-06 13:05:00+00:00,-1,0.5999816656112671,-5.670000000000073,timeout,False,12,False
2026-03-06 13:20:00+00:00,1,0.5711358189582825,5.0,trail_stop,True,5,True
2026-03-06 13:21:00+00:00,1,0.5805239081382751,5.0,trail_stop,True,4,True
2026-03-06 13:32:00+00:00,1,0.6254663467407227,5.0,trail_stop,True,2,True
2026-03-06 13:33:00+00:00,1,0.7055912613868713,5.0,trail_stop,True,2,True
2026-03-06 13:35:00+00:00,1,0.6176028251647949,-14.38000000000011,timeout,False,12,False
2026-03-06 13:38:00+00:00,-1,0.593555212020874,5.0,trail_stop,True,3,True
2026-03-06 13:40:00+00:00,-1,0.589847981929779,5.0,trail_stop,True,3,True
2026-03-06 13:43:00+00:00,1,0.6488713622093201,-20.0,stop_loss,False,9,False
2026-03-06 13:45:00+00:00,-1,0.5628222823143005,5.0,trail_stop,True,3,True
2026-03-06 13:50:00+00:00,-1,0.5519328117370605,5.0,trail_stop,True,2,True
2026-03-06 13:51:00+00:00,-1,0.5902915596961975,7.5,target_full,True,3,True
2026-03-06 13:52:00+00:00,-1,0.5837364792823792,7.5,target_full,True,2,True
2026-03-06 13:53:00+00:00,-1,0.6001531481742859,7.5,target_full,True,2,True
2026-03-06 13:55:00+00:00,-1,0.637921929359436,7.5,target_full,True,1,True
2026-03-06 13:56:00+00:00,-1,0.5759798288345337,5.0,trail_stop,True,2,True
2026-03-06 13:57:00+00:00,-1,0.6077960133552551,5.0,trail_stop,True,2,True
2026-03-06 13:58:00+00:00,-1,0.5830991864204407,-20.0,stop_loss,False,2,False
2026-03-06 13:59:00+00:00,-1,0.5719313621520996,-13.720000000000255,timeout,False,12,False
2026-03-06 14:00:00+00:00,1,0.6309149265289307,7.5,target_full,True,1,True
2026-03-06 14:01:00+00:00,1,0.6109853982925415,-0.5399999999999636,timeout,False,12,False
2026-03-06 14:04:00+00:00,-1,0.5826631784439087,5.0,trail_stop,True,6,True
2026-03-06 14:12:00+00:00,1,0.565025806427002,5.0,trail_stop,True,11,True
2026-03-06 14:15:00+00:00,-1,0.5914230942726135,-20.0,stop_loss,False,12,False
2026-03-06 14:19:00+00:00,1,0.6095947623252869,5.0,trail_stop,True,4,True
2026-03-06 14:29:00+00:00,1,0.5508562922477722,7.5,target_full,True,1,True
2026-03-06 14:33:00+00:00,-1,0.6161449551582336,7.5,target_full,True,1,True
2026-03-06 14:34:00+00:00,1,0.5778807401657104,-20.0,stop_loss,False,4,False
2026-03-06 14:35:00+00:00,-1,0.7025082111358643,5.0,trail_stop,True,4,True
2026-03-06 14:37:00+00:00,-1,0.6331064701080322,5.0,trail_stop,True,2,True
2026-03-06 14:39:00+00:00,-1,0.603468120098114,-12.199999999999818,timeout,False,12,False
2026-03-06 14:42:00+00:00,-1,0.6339601874351501,-20.0,stop_loss,False,12,False
2026-03-06 14:44:00+00:00,-1,0.6041421294212341,-20.0,stop_loss,False,10,False
2026-03-06 14:45:00+00:00,1,0.6265572309494019,5.0,trail_stop,True,9,True
2026-03-06 14:47:00+00:00,1,0.6480300426483154,5.0,trail_stop,True,3,True
2026-03-06 14:50:00+00:00,1,0.5678348541259766,5.0,trail_stop,True,2,True
2026-03-06 14:58:00+00:00,1,0.6310017704963684,7.5,target_full,True,1,True
2026-03-06 14:59:00+00:00,1,0.6480982899665833,7.5,target_full,True,1,True
2026-03-06 15:01:00+00:00,1,0.5703669190406799,7.5,target_full,True,1,True
2026-03-06 15:02:00+00:00,1,0.5979551076889038,-20.0,stop_loss,False,9,False
2026-03-06 15:03:00+00:00,1,0.6633627414703369,7.5,target_full,True,2,True
2026-03-06 15:05:00+00:00,-1,0.6316574215888977,5.0,trail_stop,True,2,True
2026-03-06 15:07:00+00:00,1,0.640951931476593,5.0,trail_stop,True,2,True
2026-03-06 15:12:00+00:00,-1,0.604973554611206,-20.0,stop_loss,False,11,False
2026-03-06 15:13:00+00:00,1,0.6344668865203857,7.5,target_full,True,10,True
2026-03-06 15:14:00+00:00,1,0.6216233372688293,5.0,trail_stop,True,6,True
2026-03-06 15:15:00+00:00,1,0.6455859541893005,5.0,trail_stop,True,2,True
2026-03-06 15:26:00+00:00,1,0.629405677318573,-12.38000000000011,timeout,False,12,False
2026-03-06 15:27:00+00:00,-1,0.6279359459877014,5.0,trail_stop,True,2,True
2026-03-06 15:28:00+00:00,-1,0.6230133175849915,5.0,trail_stop,True,6,True
2026-03-06 15:33:00+00:00,-1,0.5765835046768188,5.0,trail_stop,True,10,True
2026-03-06 15:35:00+00:00,-1,0.5644859075546265,5.0,trail_stop,True,6,True
2026-03-06 15:36:00+00:00,1,0.5811396837234497,-14.409999999999854,timeout,False,12,False
2026-03-06 15:39:00+00:00,-1,0.5973726511001587,5.0,trail_stop,True,2,True
2026-03-06 15:44:00+00:00,-1,0.5544979572296143,5.0,trail_stop,True,4,True
2026-03-06 15:50:00+00:00,-1,0.5834216475486755,5.0,trail_stop,True,3,True
2026-03-06 15:53:00+00:00,1,0.5642845034599304,5.0,trail_stop,True,5,True
2026-03-06 15:56:00+00:00,1,0.5855680704116821,5.0,trail_stop,True,8,True
2026-03-06 15:59:00+00:00,-1,0.6069101095199585,5.0,trail_stop,True,12,True
2026-03-06 16:04:00+00:00,1,0.5661395192146301,-4.279999999999745,timeout,False,12,False
2026-03-06 16:15:00+00:00,1,0.5577360987663269,-7.279999999999745,timeout,False,12,False
2026-03-06 16:58:00+00:00,1,0.5961011052131653,-5.950000000000728,timeout,False,12,False
2026-03-06 17:04:00+00:00,-1,0.5665640234947205,-4.979999999999563,timeout,False,12,False
2026-03-06 17:30:00+00:00,1,0.5617978572845459,5.0,trail_stop,True,6,True
2026-03-08 22:14:00+00:00,1,0.5754253268241882,-20.0,stop_loss,False,1,False
2026-03-08 22:18:00+00:00,-1,0.6039420962333679,5.0,trail_stop,True,2,True
2026-03-08 22:19:00+00:00,-1,0.5523923635482788,-20.0,stop_loss,False,2,False
2026-03-08 22:20:00+00:00,-1,0.5875648856163025,5.0,trail_stop,True,2,True
2026-03-08 22:29:00+00:00,1,0.5816845893859863,5.0,trail_stop,True,2,True
2026-03-08 22:30:00+00:00,1,0.604824960231781,-20.0,stop_loss,False,4,False
2026-03-08 22:31:00+00:00,1,0.6023021936416626,-20.0,stop_loss,False,4,False
2026-03-08 22:38:00+00:00,-1,0.5528087615966797,7.5,target_full,True,1,True
2026-03-08 22:40:00+00:00,-1,0.56662917137146,7.5,target_full,True,1,True
2026-03-08 22:45:00+00:00,1,0.5540961623191833,-20.0,stop_loss,False,3,False
2026-03-08 22:51:00+00:00,-1,0.567790687084198,5.0,trail_stop,True,2,True
2026-03-08 22:54:00+00:00,1,0.6022388339042664,5.0,trail_stop,True,3,True
2026-03-08 22:55:00+00:00,1,0.6198090314865112,5.0,trail_stop,True,5,True
2026-03-08 22:56:00+00:00,1,0.5584089756011963,5.0,trail_stop,True,2,True
2026-03-08 22:57:00+00:00,1,0.5805647969245911,5.0,trail_stop,True,2,True
2026-03-08 23:00:00+00:00,1,0.5867874622344971,-20.0,stop_loss,False,2,False
2026-03-08 23:01:00+00:00,-1,0.5627080202102661,7.5,target_full,True,1,True
2026-03-08 23:02:00+00:00,-1,0.6114645004272461,5.0,trail_stop,True,2,True
2026-03-08 23:06:00+00:00,1,0.5571349263191223,-20.0,stop_loss,False,3,False
2026-03-08 23:08:00+00:00,-1,0.5501550436019897,7.5,target_full,True,1,True
2026-03-08 23:13:00+00:00,1,0.550152063369751,5.0,trail_stop,True,2,True
2026-03-08 23:22:00+00:00,1,0.6064295768737793,-20.0,stop_loss,False,12,False
2026-03-08 23:44:00+00:00,1,0.5934911370277405,-20.0,stop_loss,False,2,False
2026-03-08 23:45:00+00:00,1,0.6977390050888062,-20.0,stop_loss,False,1,False
2026-03-08 23:46:00+00:00,1,0.65741366147995,5.0,trail_stop,True,3,True
2026-03-08 23:47:00+00:00,-1,0.5689896941184998,-20.0,stop_loss,False,10,False
2026-03-08 23:48:00+00:00,-1,0.5607342720031738,5.0,trail_stop,True,3,True
2026-03-08 23:55:00+00:00,1,0.593132495880127,5.0,trail_stop,True,2,True
2026-03-08 23:57:00+00:00,1,0.5999490022659302,5.0,trail_stop,True,3,True
2026-03-09 00:01:00+00:00,-1,0.6519863605499268,7.5,target_full,True,1,True
2026-03-09 00:02:00+00:00,-1,0.5960166454315186,5.0,trail_stop,True,4,True
2026-03-09 00:03:00+00:00,-1,0.6208246946334839,7.5,target_full,True,1,True
2026-03-09 00:05:00+00:00,-1,0.6736141443252563,7.5,target_full,True,3,True
2026-03-09 00:09:00+00:00,-1,0.7455576658248901,5.0,trail_stop,True,2,True
2026-03-09 00:10:00+00:00,-1,0.6140725612640381,7.5,target_full,True,2,True
2026-03-09 00:13:00+00:00,-1,0.6911208033561707,-20.0,stop_loss,False,7,False
2026-03-09 00:14:00+00:00,-1,0.5669860243797302,-13.289999999999964,timeout,False,12,False
2026-03-09 00:16:00+00:00,1,0.6525474786758423,5.0,trail_stop,True,5,True
2026-03-09 00:17:00+00:00,-1,0.6687761545181274,-12.6299999999992,timeout,False,12,False
2026-03-09 00:18:00+00:00,1,0.6380710601806641,7.5,target_full,True,3,True
2026-03-09 00:19:00+00:00,-1,0.6825544834136963,-15.050000000000182,timeout,False,12,False
2026-03-09 00:21:00+00:00,1,0.6558076739311218,5.0,trail_stop,True,12,True
2026-03-09 00:37:00+00:00,1,0.5715476870536804,5.0,trail_stop,True,2,True
2026-03-09 00:38:00+00:00,1,0.5656068325042725,-20.0,stop_loss,False,8,False
2026-03-09 00:40:00+00:00,-1,0.6084107160568237,5.0,trail_stop,True,3,True
2026-03-09 00:47:00+00:00,-1,0.6268777847290039,7.5,target_full,True,12,True
2026-03-09 00:48:00+00:00,-1,0.6556870341300964,5.0,trail_stop,True,2,True
2026-03-09 00:52:00+00:00,1,0.5833085179328918,5.0,trail_stop,True,4,True
2026-03-09 00:56:00+00:00,-1,0.5679158568382263,7.5,target_full,True,3,True
2026-03-09 00:58:00+00:00,1,0.6014485359191895,-20.0,stop_loss,False,1,False
2026-03-09 01:00:00+00:00,-1,0.6832574009895325,-20.0,stop_loss,False,1,False
2026-03-09 01:02:00+00:00,-1,0.6763087511062622,5.0,trail_stop,True,2,True
2026-03-09 01:04:00+00:00,1,0.7371282577514648,7.5,target_full,True,1,True
2026-03-09 01:05:00+00:00,1,0.6477826833724976,5.0,trail_stop,True,2,True
2026-03-09 01:06:00+00:00,1,0.6668498516082764,5.0,trail_stop,True,5,True
2026-03-09 01:09:00+00:00,-1,0.5905941724777222,-20.0,stop_loss,False,4,False
2026-03-09 01:11:00+00:00,1,0.6301184296607971,5.0,trail_stop,True,2,True
2026-03-09 01:13:00+00:00,1,0.5963870286941528,7.5,target_full,True,1,True
2026-03-09 01:14:00+00:00,1,0.6348454356193542,5.0,trail_stop,True,2,True
2026-03-09 01:15:00+00:00,1,0.62273770570755,5.0,trail_stop,True,4,True
2026-03-09 01:19:00+00:00,-1,0.6170527935028076,5.0,trail_stop,True,7,True
2026-03-09 01:21:00+00:00,1,0.589032769203186,-5.9099999999998545,timeout,False,12,False
2026-03-09 01:22:00+00:00,1,0.6213170886039734,-3.980000000000473,timeout,False,12,False
2026-03-09 01:25:00+00:00,-1,0.5892499089241028,5.0,trail_stop,True,3,True
2026-03-09 01:40:00+00:00,-1,0.5806720852851868,5.0,trail_stop,True,11,True
2026-03-09 01:44:00+00:00,1,0.5568163990974426,-4.0600000000004,timeout,False,12,False
2026-03-09 01:50:00+00:00,1,0.5912127494812012,-20.0,stop_loss,False,12,False
2026-03-09 01:58:00+00:00,-1,0.5719857215881348,7.5,target_full,True,1,True
2026-03-09 02:03:00+00:00,-1,0.5542201399803162,-20.0,stop_loss,False,3,False
2026-03-09 02:04:00+00:00,-1,0.6049991250038147,-20.0,stop_loss,False,5,False
2026-03-09 02:05:00+00:00,1,0.5884774327278137,5.0,trail_stop,True,2,True
2026-03-09 02:07:00+00:00,1,0.61285400390625,7.5,target_full,True,2,True
2026-03-09 02:10:00+00:00,1,0.5819677710533142,-20.0,stop_loss,False,9,False
2026-03-09 02:47:00+00:00,-1,0.5602192878723145,-8.38000000000011,timeout,False,12,False
2026-03-09 03:11:00+00:00,1,0.5529138445854187,5.0,trail_stop,True,10,True
2026-03-09 03:15:00+00:00,1,0.5551832318305969,5.0,trail_stop,True,4,True
2026-03-09 03:18:00+00:00,1,0.5565469861030579,5.0,trail_stop,True,8,True
2026-03-09 03:25:00+00:00,1,0.5517862439155579,5.0,trail_stop,True,2,True
2026-03-09 05:22:00+00:00,1,0.5520786046981812,5.0,trail_stop,True,11,True
2026-03-09 05:31:00+00:00,1,0.5642721652984619,5.0,trail_stop,True,2,True
2026-03-09 05:33:00+00:00,1,0.5775758028030396,5.0,trail_stop,True,2,True
2026-03-09 05:35:00+00:00,1,0.5579841136932373,5.0,trail_stop,True,8,True
2026-03-09 05:43:00+00:00,1,0.5554396510124207,7.5,target_full,True,1,True
2026-03-09 05:45:00+00:00,1,0.5806993842124939,7.5,target_full,True,1,True
2026-03-09 05:48:00+00:00,1,0.6232889890670776,5.0,trail_stop,True,2,True
2026-03-09 05:51:00+00:00,-1,0.5823249816894531,5.0,trail_stop,True,3,True
2026-03-09 05:52:00+00:00,-1,0.5807425379753113,5.0,trail_stop,True,3,True
2026-03-09 07:04:00+00:00,-1,0.5672237277030945,-4.449999999999818,timeout,False,12,False
2026-03-09 09:48:00+00:00,1,0.556282103061676,5.0,trail_stop,True,2,True
2026-03-09 11:35:00+00:00,1,0.5561753511428833,-3.3100000000004,timeout,False,12,False
2026-03-09 13:25:00+00:00,1,0.5645725131034851,7.5,target_full,True,4,True
2026-03-09 13:34:00+00:00,1,0.6148825883865356,-20.0,stop_loss,False,6,False
2026-03-09 13:37:00+00:00,-1,0.5538924932479858,7.5,target_full,True,2,True
2026-03-09 13:42:00+00:00,-1,0.6092418432235718,5.0,trail_stop,True,3,True
2026-03-09 13:43:00+00:00,-1,0.6016108393669128,7.5,target_full,True,1,True
2026-03-09 13:46:00+00:00,1,0.5768892168998718,-7.479999999999563,timeout,False,12,False
2026-03-09 13:54:00+00:00,-1,0.5546008348464966,5.0,trail_stop,True,2,True
2026-03-09 13:58:00+00:00,1,0.5789100527763367,5.0,trail_stop,True,4,True
2026-03-09 13:59:00+00:00,1,0.5853145718574524,5.0,trail_stop,True,2,True
2026-03-09 14:04:00+00:00,1,0.61604905128479,-20.0,stop_loss,False,6,False
2026-03-09 14:06:00+00:00,-1,0.5503795146942139,5.0,trail_stop,True,2,True
2026-03-09 14:08:00+00:00,-1,0.5794338583946228,5.0,trail_stop,True,3,True
2026-03-09 14:09:00+00:00,-1,0.5663291215896606,7.5,target_full,True,1,True
2026-03-09 14:11:00+00:00,-1,0.5577000379562378,-18.43000000000029,timeout,False,12,False
2026-03-09 14:13:00+00:00,-1,0.577042818069458,-11.110000000000582,timeout,False,12,False
2026-03-09 14:15:00+00:00,1,0.6404438018798828,7.5,target_full,True,1,True
2026-03-09 14:16:00+00:00,1,0.6270259022712708,5.0,trail_stop,True,6,True
2026-03-09 14:21:00+00:00,-1,0.5791565179824829,-20.0,stop_loss,False,10,False
2026-03-09 14:23:00+00:00,-1,0.5857338905334473,-14.989999999999782,timeout,False,12,False
2026-03-09 14:24:00+00:00,1,0.5899041295051575,7.5,target_full,True,7,True
2026-03-09 14:26:00+00:00,1,0.5876235961914062,7.5,target_full,True,5,True
2026-03-09 14:38:00+00:00,1,0.5607183575630188,5.0,trail_stop,True,3,True
2026-03-09 14:41:00+00:00,1,0.5532200336456299,5.0,trail_stop,True,2,True
2026-03-09 14:46:00+00:00,-1,0.6160284280776978,5.0,trail_stop,True,4,True
2026-03-09 15:21:00+00:00,1,0.5647993683815002,5.0,trail_stop,True,6,True
2026-03-09 19:19:00+00:00,1,0.6360657215118408,5.0,trail_stop,True,5,True
2026-03-09 19:31:00+00:00,-1,0.5530665516853333,5.0,trail_stop,True,4,True
2026-03-09 19:34:00+00:00,-1,0.55118328332901,5.0,trail_stop,True,3,True
2026-03-09 19:36:00+00:00,-1,0.5509808659553528,5.0,trail_stop,True,2,True
2026-03-09 19:43:00+00:00,1,0.5697472095489502,0.5700000000006185,timeout,False,12,True
2026-03-09 22:06:00+00:00,1,0.609905481338501,-8.710000000000036,timeout,False,12,False
2026-03-10 01:03:00+00:00,1,0.5743598937988281,7.5,target_full,True,1,True
2026-03-10 01:04:00+00:00,1,0.6451281905174255,5.0,trail_stop,True,2,True
2026-03-10 01:05:00+00:00,1,0.591575026512146,-2.199999999999818,timeout,False,12,False
2026-03-10 01:06:00+00:00,1,0.6267696022987366,1.4200000000000728,timeout,False,12,True
2026-03-10 01:07:00+00:00,-1,0.567470133304596,-15.949999999999818,timeout,False,12,False
2026-03-10 01:11:00+00:00,1,0.5647202134132385,7.5,target_full,True,8,True
2026-03-10 01:15:00+00:00,1,0.5815579891204834,7.5,target_full,True,4,True
2026-03-10 01:41:00+00:00,1,0.5587266683578491,4.654999999999745,timeout,True,12,True
2026-03-10 01:59:00+00:00,1,0.5546099543571472,-12.159999999999854,timeout,False,12,False
2026-03-10 13:18:00+00:00,1,0.599454939365387,5.0,trail_stop,True,4,True
2026-03-10 13:34:00+00:00,-1,0.5721449851989746,5.0,trail_stop,True,2,True
2026-03-10 13:41:00+00:00,-1,0.5871962308883667,7.5,target_full,True,4,True
2026-03-10 13:45:00+00:00,-1,0.5661824345588684,5.0,trail_stop,True,2,True
2026-03-10 13:46:00+00:00,-1,0.5799714922904968,-8.319999999999709,timeout,False,12,False
2026-03-10 13:59:00+00:00,-1,0.554101288318634,5.0,trail_stop,True,5,True
2026-03-10 14:01:00+00:00,-1,0.5642343759536743,5.0,trail_stop,True,2,True
2026-03-10 14:07:00+00:00,-1,0.6498696208000183,-20.0,stop_loss,False,8,False
2026-03-10 14:08:00+00:00,-1,0.5766024589538574,5.0,trail_stop,True,2,True
2026-03-10 14:10:00+00:00,-1,0.619461178779602,-20.0,stop_loss,False,5,False
2026-03-10 14:11:00+00:00,-1,0.6425409913063049,-20.0,stop_loss,False,4,False
2026-03-10 14:12:00+00:00,-1,0.5506861805915833,-20.0,stop_loss,False,7,False
2026-03-10 14:16:00+00:00,1,0.582842230796814,-1.8699999999998909,timeout,False,12,False
2026-03-10 14:17:00+00:00,1,0.5533086061477661,5.0,trail_stop,True,2,True
2026-03-10 14:19:00+00:00,1,0.5679265260696411,-2.660000000000764,timeout,False,12,False
2026-03-10 18:18:00+00:00,-1,0.5672048330307007,5.0,trail_stop,True,2,True
2026-03-10 18:19:00+00:00,-1,0.6064007878303528,-20.0,stop_loss,False,3,False
2026-03-10 18:20:00+00:00,-1,0.5769169330596924,-20.0,stop_loss,False,5,False
2026-03-10 18:21:00+00:00,1,0.5621194243431091,5.0,trail_stop,True,2,True
2026-03-10 18:36:00+00:00,-1,0.6011167168617249,5.0,trail_stop,True,3,True
2026-03-10 18:38:00+00:00,1,0.5646258592605591,5.0,trail_stop,True,10,True
2026-03-10 18:39:00+00:00,-1,0.5631874799728394,-12.69000000000051,timeout,False,12,False
2026-03-10 18:40:00+00:00,-1,0.5540725588798523,-6.380000000000109,timeout,False,12,False
2026-03-10 18:42:00+00:00,1,0.5870912671089172,5.0,trail_stop,True,6,True
2026-03-10 18:46:00+00:00,1,0.563337504863739,-11.770000000000437,timeout,False,12,False
2026-03-10 19:02:00+00:00,1,0.5560768842697144,3.619999999999891,timeout,True,12,True
2026-03-11 00:18:00+00:00,1,0.6321237087249756,5.0,trail_stop,True,3,True
2026-03-11 12:30:00+00:00,-1,0.619587779045105,5.0,trail_stop,True,3,True
2026-03-11 12:38:00+00:00,1,0.5695459246635437,-3.4600000000000364,timeout,False,12,False
2026-03-11 12:39:00+00:00,1,0.5667285919189453,5.0,trail_stop,True,2,True
2026-03-11 13:03:00+00:00,1,0.5551424026489258,5.0,trail_stop,True,2,True
2026-03-11 13:04:00+00:00,1,0.6107215285301208,5.0,trail_stop,True,2,True
2026-03-11 13:06:00+00:00,1,0.6078587770462036,-2.7899999999999636,timeout,False,12,False
2026-03-11 13:36:00+00:00,1,0.5598052144050598,-12.489999999999782,timeout,False,12,False
2026-03-11 13:47:00+00:00,-1,0.5768325328826904,5.0,trail_stop,True,2,True
2026-03-11 13:51:00+00:00,-1,0.630399763584137,-20.0,stop_loss,False,2,False
2026-03-11 13:52:00+00:00,1,0.6320239901542664,5.0,trail_stop,True,2,True
2026-03-11 13:53:00+00:00,1,0.7080450654029846,5.0,trail_stop,True,2,True
2026-03-11 13:55:00+00:00,1,0.6672312021255493,5.0,trail_stop,True,3,True
2026-03-11 14:03:00+00:00,1,0.5840244889259338,7.5,target_full,True,1,True
2026-03-11 14:06:00+00:00,1,0.5592421889305115,5.0,trail_stop,True,7,True
2026-03-11 14:07:00+00:00,-1,0.5712829828262329,-7.4299999999993815,timeout,False,12,False
2026-03-11 14:10:00+00:00,1,0.5558506846427917,5.0,trail_stop,True,2,True
2026-03-11 14:11:00+00:00,1,0.5599479079246521,1.6200000000008004,timeout,False,12,True
2026-03-11 15:14:00+00:00,-1,0.555813193321228,-8.069999999999709,timeout,False,12,False
2026-03-11 22:57:00+00:00,-1,0.5542754530906677,-20.0,stop_loss,False,7,False
2026-03-11 23:00:00+00:00,1,0.5701806545257568,5.0,trail_stop,True,3,True
2026-03-11 23:02:00+00:00,1,0.5686144232749939,5.0,trail_stop,True,10,True
2026-03-12 00:02:00+00:00,-1,0.5505876541137695,5.0,trail_stop,True,5,True
2026-03-12 00:15:00+00:00,1,0.579425036907196,5.0,trail_stop,True,9,True
2026-03-12 13:25:00+00:00,1,0.5599269270896912,-4.300000000000182,timeout,False,12,False
2026-03-12 13:32:00+00:00,-1,0.5562528371810913,5.0,trail_stop,True,4,True
2026-03-12 13:43:00+00:00,-1,0.5509751439094543,5.0,trail_stop,True,10,True
2026-03-12 13:50:00+00:00,1,0.5537353157997131,5.0,trail_stop,True,12,True
2026-03-12 14:48:00+00:00,-1,0.5568507313728333,4.234999999999673,timeout,True,12,True
2026-03-12 15:05:00+00:00,-1,0.5567415356636047,5.0,trail_stop,True,2,True
2026-03-12 15:08:00+00:00,-1,0.5686086416244507,7.5,target_full,True,2,True
2026-03-12 15:13:00+00:00,-1,0.600116491317749,-7.329999999999927,timeout,False,12,False
2026-03-12 15:14:00+00:00,1,0.6656085848808289,5.0,trail_stop,True,6,True
2026-03-12 15:15:00+00:00,1,0.6197701692581177,5.0,trail_stop,True,3,True
2026-03-12 15:18:00+00:00,1,0.5734198093414307,5.0,trail_stop,True,10,True
2026-03-12 15:42:00+00:00,-1,0.5920515060424805,5.0,trail_stop,True,4,True
2026-03-12 20:32:00+00:00,-1,0.6057823300361633,-10.86999999999989,timeout,False,12,False
2026-03-12 20:34:00+00:00,1,0.6113799214363098,3.5900000000001455,timeout,False,12,True
2026-03-13 12:00:00+00:00,1,0.5743538737297058,5.0,trail_stop,True,2,True
2026-03-13 12:01:00+00:00,1,0.6462830901145935,-7.920000000000073,timeout,False,12,False
2026-03-13 14:00:00+00:00,-1,0.5707201361656189,4.014999999999873,timeout,True,12,True
2026-03-13 14:46:00+00:00,-1,0.5801841616630554,7.5,target_full,True,4,True
2026-03-13 14:55:00+00:00,-1,0.707099974155426,7.5,target_full,True,1,True
2026-03-13 14:56:00+00:00,-1,0.6897369027137756,-20.0,stop_loss,False,9,False
2026-03-13 14:57:00+00:00,-1,0.6146230697631836,5.0,trail_stop,True,3,True
2026-03-13 15:00:00+00:00,1,0.6810072064399719,7.5,target_full,True,4,True
2026-03-13 15:03:00+00:00,1,0.5804899334907532,7.5,target_full,True,1,True
2026-03-13 15:11:00+00:00,-1,0.6160997152328491,0.6499999999996362,timeout,False,12,True
2026-03-13 15:43:00+00:00,-1,0.5733449459075928,5.0,trail_stop,True,11,True
2026-03-13 15:44:00+00:00,-1,0.5656692981719971,5.0,trail_stop,True,9,True
2026-03-13 15:47:00+00:00,1,0.5999377369880676,-20.0,stop_loss,False,6,False
2026-03-13 15:49:00+00:00,1,0.6094933748245239,-20.0,stop_loss,False,10,False
2026-03-13 15:53:00+00:00,-1,0.5589042901992798,5.0,trail_stop,True,2,True
2026-03-13 15:54:00+00:00,-1,0.6067847013473511,5.0,trail_stop,True,6,True
2026-03-13 15:56:00+00:00,1,0.5577040314674377,-20.0,stop_loss,False,5,False
2026-03-13 16:01:00+00:00,-1,0.5548521876335144,5.0,trail_stop,True,2,True
2026-03-13 16:02:00+00:00,-1,0.5694334506988525,5.0,trail_stop,True,4,True
2026-03-13 16:05:00+00:00,1,0.6052245497703552,5.0,trail_stop,True,4,True
2026-03-13 16:07:00+00:00,1,0.612750232219696,5.0,trail_stop,True,2,True
2026-03-13 16:09:00+00:00,1,0.6329476237297058,-1.5799999999999272,timeout,False,12,False
2026-03-13 16:12:00+00:00,-1,0.601306676864624,7.5,target_full,True,1,True
2026-03-13 16:13:00+00:00,-1,0.5744638442993164,-10.609999999999673,timeout,False,12,False
2026-03-13 16:17:00+00:00,1,0.6110486388206482,5.0,trail_stop,True,8,True
2026-03-13 16:19:00+00:00,1,0.5539982914924622,5.0,trail_stop,True,2,True
2026-03-13 16:30:00+00:00,1,0.5607471466064453,5.0,trail_stop,True,3,True
2026-03-15 22:03:00+00:00,-1,0.599003255367279,-3.0700000000006185,timeout,False,12,False
2026-03-15 22:05:00+00:00,1,0.5624864101409912,7.5,target_full,True,1,True
2026-03-15 22:06:00+00:00,1,0.6403729915618896,-20.0,stop_loss,False,11,False
2026-03-15 22:08:00+00:00,1,0.581479549407959,-20.0,stop_loss,False,12,False
2026-03-15 23:23:00+00:00,-1,0.5538416504859924,-3.8400000000001455,timeout,False,12,False
2026-03-15 23:35:00+00:00,-1,0.5502496957778931,5.0,trail_stop,True,2,True
2026-03-15 23:36:00+00:00,-1,0.6118893623352051,5.0,trail_stop,True,10,True
2026-03-15 23:53:00+00:00,1,0.5557069182395935,5.0,trail_stop,True,2,True
2026-03-15 23:55:00+00:00,1,0.591999888420105,5.0,trail_stop,True,2,True
2026-03-15 23:56:00+00:00,1,0.6234797835350037,5.0,trail_stop,True,2,True
2026-03-15 23:58:00+00:00,1,0.6113214492797852,7.5,target_full,True,1,True
2026-03-15 23:59:00+00:00,1,0.5693410634994507,7.5,target_full,True,1,True
2026-03-16 00:01:00+00:00,1,0.6215931177139282,5.0,trail_stop,True,2,True
2026-03-16 00:02:00+00:00,1,0.6759631037712097,5.0,trail_stop,True,5,True
2026-03-16 00:03:00+00:00,1,0.6341811418533325,5.0,trail_stop,True,2,True
2026-03-16 00:04:00+00:00,1,0.6823200583457947,5.0,trail_stop,True,3,True
2026-03-16 00:07:00+00:00,1,0.5619584918022156,-8.539999999999964,timeout,False,12,False
2026-03-16 00:09:00+00:00,-1,0.5718384981155396,0.5500000000001819,timeout,False,12,True
2026-03-16 00:13:00+00:00,1,0.5625247359275818,-5.470000000000255,timeout,False,12,False
2026-03-16 00:16:00+00:00,-1,0.5507741570472717,-0.5999999999994543,timeout,False,12,False
2026-03-16 01:01:00+00:00,-1,0.5519407391548157,7.5,target_full,True,2,True
2026-03-16 01:03:00+00:00,-1,0.5658459663391113,5.0,trail_stop,True,2,True
2026-03-16 01:13:00+00:00,-1,0.5893111228942871,7.5,target_full,True,1,True
2026-03-16 01:14:00+00:00,-1,0.6241121888160706,-7.650000000000546,timeout,False,12,False
2026-03-16 01:15:00+00:00,-1,0.6449485421180725,4.714999999999691,timeout,True,12,True
2026-03-16 01:18:00+00:00,1,0.6151303052902222,-13.920000000000073,timeout,False,12,False
2026-03-16 01:28:00+00:00,-1,0.5880272388458252,5.0,trail_stop,True,4,True
2026-03-16 01:35:00+00:00,1,0.5871875286102295,5.0,trail_stop,True,5,True
2026-03-16 07:37:00+00:00,-1,0.5601546764373779,-3.480000000000473,timeout,False,12,False
2026-03-16 13:42:00+00:00,1,0.5633586049079895,5.0,trail_stop,True,2,True
2026-03-17 01:50:00+00:00,1,0.5644656419754028,-0.18000000000029104,timeout,False,12,False
2026-03-17 06:01:00+00:00,-1,0.564516007900238,5.0,trail_stop,True,5,True
2026-03-17 15:40:00+00:00,-1,0.5693058967590332,-17.949999999999818,timeout,False,12,False
2026-03-17 15:44:00+00:00,1,0.565636157989502,7.5,target_full,True,7,True
2026-03-18 09:20:00+00:00,1,0.5625162124633789,-0.5399999999999636,timeout,False,12,False
2026-03-18 10:38:00+00:00,1,0.5903948545455933,0.11999999999989086,timeout,False,12,True
2026-03-18 11:35:00+00:00,-1,0.5690422058105469,5.0,trail_stop,True,2,True
2026-03-18 11:36:00+00:00,-1,0.5580551028251648,5.0,trail_stop,True,4,True
2026-03-18 11:53:00+00:00,-1,0.5656459331512451,5.0,trail_stop,True,5,True
2026-03-18 11:59:00+00:00,-1,0.5503337979316711,5.0,trail_stop,True,2,True
2026-03-18 12:03:00+00:00,-1,0.5516443252563477,5.0,trail_stop,True,4,True
2026-03-18 12:04:00+00:00,1,0.5553725361824036,-20.0,stop_loss,False,5,False
2026-03-18 12:09:00+00:00,-1,0.6419289112091064,5.0,trail_stop,True,4,True
2026-03-18 12:11:00+00:00,1,0.5515315532684326,-17.919999999999163,timeout,False,12,False
2026-03-18 12:16:00+00:00,-1,0.5526105165481567,5.0,trail_stop,True,6,True
2026-03-18 12:18:00+00:00,-1,0.5979345440864563,5.0,trail_stop,True,12,True
2026-03-18 12:23:00+00:00,-1,0.6123554110527039,5.0,trail_stop,True,2,True
2026-03-18 12:24:00+00:00,-1,0.5535902976989746,5.0,trail_stop,True,6,True
2026-03-18 12:26:00+00:00,-1,0.5658773183822632,7.5,target_full,True,5,True
2026-03-18 12:27:00+00:00,1,0.5822943449020386,-20.0,stop_loss,False,10,False
2026-03-18 12:29:00+00:00,1,0.5653266906738281,-20.0,stop_loss,False,7,False
2026-03-18 12:30:00+00:00,-1,0.6798075437545776,5.0,trail_stop,True,2,True
2026-03-18 12:32:00+00:00,-1,0.6527122259140015,5.0,trail_stop,True,5,True
2026-03-18 12:40:00+00:00,1,0.5809963345527649,0.13000000000010914,timeout,False,12,True
2026-03-18 12:42:00+00:00,-1,0.5992438793182373,5.0,trail_stop,True,2,True
2026-03-18 12:43:00+00:00,-1,0.5914556384086609,-9.900000000000546,timeout,False,12,False
2026-03-18 12:44:00+00:00,-1,0.5764155387878418,5.0,trail_stop,True,5,True
2026-03-18 12:55:00+00:00,-1,0.5940089225769043,5.0,trail_stop,True,2,True
2026-03-18 13:00:00+00:00,-1,0.6730968356132507,5.0,trail_stop,True,2,True
2026-03-18 13:02:00+00:00,-1,0.6715822815895081,5.0,trail_stop,True,4,True
2026-03-18 13:13:00+00:00,1,0.6256200671195984,-20.0,stop_loss,False,2,False
2026-03-18 13:14:00+00:00,1,0.6138569116592407,-20.0,stop_loss,False,3,False
2026-03-18 13:15:00+00:00,-1,0.7430840730667114,7.5,target_full,True,2,True
2026-03-18 13:17:00+00:00,-1,0.665394127368927,-20.0,stop_loss,False,4,False
2026-03-18 13:19:00+00:00,1,0.5820342898368835,7.5,target_full,True,2,True
2026-03-18 13:21:00+00:00,1,0.5870976448059082,5.0,trail_stop,True,4,True
2026-03-18 13:22:00+00:00,1,0.578871488571167,-0.42000000000007276,timeout,False,12,False
2026-03-18 13:26:00+00:00,-1,0.5685111284255981,5.0,trail_stop,True,4,True
2026-03-18 13:29:00+00:00,1,0.5854089856147766,5.0,trail_stop,True,10,True
2026-03-18 13:30:00+00:00,-1,0.5681523680686951,-20.0,stop_loss,False,10,False
2026-03-18 13:31:00+00:00,-1,0.5857290029525757,5.0,trail_stop,True,2,True
2026-03-18 13:33:00+00:00,-1,0.6201127767562866,-20.0,stop_loss,False,6,False
2026-03-18 13:34:00+00:00,-1,0.5978699326515198,-20.0,stop_loss,False,6,False
2026-03-18 13:35:00+00:00,1,0.5533499121665955,5.0,trail_stop,True,4,True
2026-03-18 13:39:00+00:00,1,0.5882309675216675,7.5,target_full,True,1,True
2026-03-18 13:40:00+00:00,1,0.5686995983123779,7.5,target_full,True,1,True
2026-03-18 13:43:00+00:00,-1,0.639323890209198,5.0,trail_stop,True,3,True
2026-03-18 13:45:00+00:00,-1,0.6028444170951843,5.0,trail_stop,True,6,True
2026-03-18 13:46:00+00:00,1,0.6151615977287292,4.610000000000127,timeout,True,12,True
2026-03-18 13:47:00+00:00,1,0.6162164807319641,-1.4399999999995998,timeout,False,12,False
2026-03-18 13:48:00+00:00,1,0.61761873960495,5.0,trail_stop,True,7,True
2026-03-18 13:50:00+00:00,-1,0.5999712944030762,5.0,trail_stop,True,2,True
2026-03-18 13:54:00+00:00,1,0.5758901238441467,5.0,trail_stop,True,4,True
2026-03-18 13:56:00+00:00,1,0.5723148584365845,5.0,trail_stop,True,2,True
2026-03-18 14:10:00+00:00,-1,0.5652604699134827,5.0,trail_stop,True,4,True
2026-03-18 14:11:00+00:00,-1,0.5839702486991882,7.5,target_full,True,8,True
2026-03-18 14:20:00+00:00,-1,0.5926823019981384,5.0,trail_stop,True,5,True
2026-03-18 14:40:00+00:00,1,0.579982340335846,5.0,trail_stop,True,6,True
2026-03-18 17:24:00+00:00,1,0.5693041086196899,-0.3099999999994907,timeout,False,12,False
2026-03-18 18:16:00+00:00,-1,0.562942385673523,5.0,trail_stop,True,8,True
2026-03-18 19:06:00+00:00,1,0.5692750811576843,5.0,trail_stop,True,9,True
2026-03-18 19:11:00+00:00,1,0.5553833842277527,5.0,trail_stop,True,4,True
2026-03-18 19:12:00+00:00,1,0.5689209699630737,-12.860000000000582,timeout,False,12,False
2026-03-18 19:16:00+00:00,1,0.5810293555259705,-12.320000000000618,timeout,False,12,False
2026-03-18 22:01:00+00:00,1,0.56053626537323,5.0,trail_stop,True,2,True
2026-03-18 22:03:00+00:00,1,0.7038300037384033,-20.0,stop_loss,False,11,False
2026-03-18 22:04:00+00:00,-1,0.5886391997337341,5.0,trail_stop,True,5,True
2026-03-18 22:19:00+00:00,1,0.5921136736869812,-11.220000000000255,timeout,False,12,False
2026-03-18 22:24:00+00:00,1,0.5821256637573242,5.0,trail_stop,True,12,True
2026-03-18 22:34:00+00:00,1,0.5774967670440674,7.5,target_full,True,1,True
2026-03-18 22:36:00+00:00,1,0.5565674304962158,5.0,trail_stop,True,11,True
2026-03-19 06:01:00+00:00,1,0.6207690834999084,-8.390000000000327,timeout,False,12,False
2026-03-19 06:28:00+00:00,1,0.5615357756614685,-20.0,stop_loss,False,6,False
2026-03-19 06:40:00+00:00,-1,0.5533047914505005,7.5,target_full,True,1,True
2026-03-19 06:41:00+00:00,-1,0.5904365181922913,5.0,trail_stop,True,2,True
2026-03-19 06:42:00+00:00,-1,0.5676079988479614,5.0,trail_stop,True,4,True
2026-03-19 06:43:00+00:00,-1,0.5517045855522156,7.5,target_full,True,1,True
2026-03-19 06:45:00+00:00,-1,0.6425020098686218,7.5,target_full,True,1,True
2026-03-19 06:46:00+00:00,-1,0.6657464504241943,7.5,target_full,True,1,True
2026-03-19 06:47:00+00:00,-1,0.6005203127861023,5.0,trail_stop,True,2,True
2026-03-19 06:48:00+00:00,-1,0.5621650815010071,7.5,target_full,True,1,True
2026-03-19 06:49:00+00:00,-1,0.572737991809845,7.5,target_full,True,1,True
2026-03-19 06:50:00+00:00,-1,0.721520721912384,5.0,trail_stop,True,3,True
2026-03-19 06:57:00+00:00,1,0.6368870139122009,5.0,trail_stop,True,2,True
2026-03-19 07:01:00+00:00,1,0.5591027736663818,7.5,target_full,True,7,True
2026-03-19 07:03:00+00:00,1,0.5508127212524414,5.0,trail_stop,True,3,True
2026-03-19 07:06:00+00:00,1,0.5689801573753357,5.0,trail_stop,True,3,True
2026-03-19 07:25:00+00:00,-1,0.5780942440032959,5.0,trail_stop,True,2,True
2026-03-19 07:30:00+00:00,-1,0.5673976540565491,5.0,trail_stop,True,12,True
2026-03-19 07:43:00+00:00,-1,0.5514674186706543,7.5,target_full,True,1,True
2026-03-19 07:59:00+00:00,-1,0.5643689632415771,7.5,target_full,True,5,True
2026-03-19 08:02:00+00:00,1,0.5606310367584229,-20.0,stop_loss,False,2,False
2026-03-19 08:05:00+00:00,-1,0.697336733341217,5.0,trail_stop,True,2,True
2026-03-19 08:06:00+00:00,-1,0.6715748310089111,5.0,trail_stop,True,2,True
2026-03-19 08:08:00+00:00,-1,0.6512014269828796,5.0,trail_stop,True,4,True
2026-03-19 08:11:00+00:00,1,0.6048608422279358,7.5,target_full,True,3,True
2026-03-19 08:14:00+00:00,-1,0.6108884811401367,-20.0,stop_loss,False,5,False
2026-03-19 08:15:00+00:00,1,0.6230568289756775,5.0,trail_stop,True,2,True
2026-03-19 08:17:00+00:00,1,0.6227556467056274,-12.61999999999989,timeout,False,12,False
2026-03-19 08:18:00+00:00,1,0.6154043078422546,5.0,trail_stop,True,2,True
2026-03-19 08:25:00+00:00,-1,0.5604983568191528,5.0,trail_stop,True,2,True
2026-03-19 08:31:00+00:00,-1,0.5929782390594482,7.5,target_full,True,2,True
2026-03-19 08:33:00+00:00,-1,0.5842711329460144,7.5,target_full,True,6,True
2026-03-19 08:35:00+00:00,1,0.6474979519844055,-20.0,stop_loss,False,4,False
2026-03-19 08:36:00+00:00,1,0.6702266931533813,5.0,trail_stop,True,2,True
2026-03-19 08:38:00+00:00,-1,0.6600501537322998,7.5,target_full,True,1,True
2026-03-19 08:39:00+00:00,-1,0.6279920935630798,7.5,target_full,True,1,True
2026-03-19 08:40:00+00:00,-1,0.672595739364624,5.0,trail_stop,True,2,True
2026-03-19 08:41:00+00:00,-1,0.5947251915931702,7.5,target_full,True,1,True
2026-03-19 08:42:00+00:00,-1,0.6364770531654358,-20.0,stop_loss,False,4,False
2026-03-19 08:44:00+00:00,-1,0.6126683950424194,-20.0,stop_loss,False,2,False
2026-03-19 08:45:00+00:00,1,0.6311871409416199,7.5,target_full,True,1,True
2026-03-19 08:46:00+00:00,1,0.6267114281654358,7.5,target_full,True,1,True
2026-03-19 08:47:00+00:00,1,0.6167906522750854,5.0,trail_stop,True,2,True
2026-03-19 08:48:00+00:00,1,0.6338503956794739,3.3599999999996726,timeout,False,12,True
2026-03-19 08:49:00+00:00,1,0.6026493906974792,5.0,trail_stop,True,3,True
2026-03-19 08:54:00+00:00,-1,0.5504565238952637,-0.8200000000006185,timeout,False,12,False
2026-03-19 08:56:00+00:00,-1,0.5906888246536255,5.0,trail_stop,True,2,True
2026-03-19 08:57:00+00:00,-1,0.5542590618133545,7.5,target_full,True,10,True
2026-03-19 08:59:00+00:00,-1,0.567419171333313,7.5,target_full,True,8,True
2026-03-19 09:00:00+00:00,1,0.5605173110961914,5.0,trail_stop,True,2,True
2026-03-19 09:04:00+00:00,-1,0.610382080078125,5.0,trail_stop,True,2,True
2026-03-19 09:08:00+00:00,-1,0.6156471967697144,5.0,trail_stop,True,5,True
2026-03-19 09:09:00+00:00,-1,0.5506864786148071,5.0,trail_stop,True,2,True
2026-03-19 09:10:00+00:00,-1,0.6076095104217529,5.0,trail_stop,True,3,True
2026-03-19 09:13:00+00:00,-1,0.6469613313674927,-20.0,stop_loss,False,3,False
2026-03-19 09:14:00+00:00,-1,0.6034663319587708,-20.0,stop_loss,False,4,False
2026-03-19 09:16:00+00:00,1,0.5695300698280334,5.0,trail_stop,True,2,True
2026-03-19 09:17:00+00:00,1,0.5928342938423157,5.0,trail_stop,True,2,True
2026-03-19 09:19:00+00:00,1,0.6187745332717896,5.0,trail_stop,True,3,True
2026-03-19 09:22:00+00:00,1,0.5791426301002502,5.0,trail_stop,True,11,True
2026-03-19 09:24:00+00:00,-1,0.5823895335197449,5.0,trail_stop,True,2,True
2026-03-19 09:26:00+00:00,-1,0.6080523133277893,-5.520000000000437,timeout,False,12,False
2026-03-19 09:27:00+00:00,1,0.5741443037986755,5.0,trail_stop,True,4,True
2026-03-19 09:30:00+00:00,1,0.5821328163146973,7.5,target_full,True,1,True
2026-03-19 09:35:00+00:00,-1,0.5860775113105774,5.0,trail_stop,True,3,True
2026-03-19 09:37:00+00:00,-1,0.59099280834198,5.0,trail_stop,True,3,True
2026-03-19 09:46:00+00:00,1,0.5654712319374084,5.0,trail_stop,True,2,True
2026-03-19 09:51:00+00:00,-1,0.6223258972167969,-12.989999999999782,timeout,False,12,False
2026-03-19 09:53:00+00:00,-1,0.5855317711830139,5.0,trail_stop,True,5,True
2026-03-19 10:00:00+00:00,-1,0.5579792261123657,5.0,trail_stop,True,11,True
2026-03-19 10:02:00+00:00,1,0.595216691493988,5.0,trail_stop,True,4,True
2026-03-19 10:04:00+00:00,1,0.5657433867454529,5.0,trail_stop,True,4,True
2026-03-19 10:09:00+00:00,-1,0.5604153275489807,7.5,target_full,True,1,True
2026-03-19 10:17:00+00:00,-1,0.5649668574333191,7.5,target_full,True,2,True
2026-03-19 10:20:00+00:00,-1,0.7176423668861389,5.0,trail_stop,True,11,True
2026-03-19 10:21:00+00:00,-1,0.6169072389602661,5.0,trail_stop,True,10,True
2026-03-19 10:24:00+00:00,-1,0.6165790557861328,5.0,trail_stop,True,7,True
2026-03-19 10:33:00+00:00,1,0.579319417476654,-20.0,stop_loss,False,12,False
2026-03-19 10:36:00+00:00,-1,0.6091505289077759,5.0,trail_stop,True,4,True
2026-03-19 10:45:00+00:00,-1,0.613480269908905,7.5,target_full,True,7,True
2026-03-19 10:47:00+00:00,-1,0.5512362718582153,5.0,trail_stop,True,5,True
2026-03-19 10:52:00+00:00,-1,0.5664345622062683,5.0,trail_stop,True,2,True
2026-03-19 10:53:00+00:00,-1,0.6020402312278748,-20.0,stop_loss,False,7,False
2026-03-19 10:54:00+00:00,-1,0.6207490563392639,7.5,target_full,True,2,True
2026-03-19 10:56:00+00:00,1,0.5687329173088074,5.0,trail_stop,True,3,True
2026-03-19 10:57:00+00:00,-1,0.6369183659553528,-20.0,stop_loss,False,3,False
2026-03-19 11:01:00+00:00,1,0.6262753009796143,5.0,trail_stop,True,2,True
2026-03-19 11:02:00+00:00,1,0.57220458984375,-20.0,stop_loss,False,12,False
2026-03-19 11:03:00+00:00,1,0.5832738876342773,-11.299999999999272,timeout,False,12,False
2026-03-19 11:04:00+00:00,-1,0.6288564801216125,7.5,target_full,True,10,True
2026-03-19 11:07:00+00:00,-1,0.5586602687835693,5.0,trail_stop,True,8,True
2026-03-19 11:14:00+00:00,-1,0.5846728086471558,5.0,trail_stop,True,2,True
2026-03-19 11:19:00+00:00,1,0.5518611669540405,5.0,trail_stop,True,4,True
2026-03-19 11:32:00+00:00,1,0.5605838894844055,-20.0,stop_loss,False,8,False
2026-03-19 11:34:00+00:00,-1,0.5520238876342773,7.5,target_full,True,1,True
2026-03-19 11:35:00+00:00,-1,0.5552958250045776,5.0,trail_stop,True,6,True
2026-03-19 11:39:00+00:00,1,0.580506443977356,-20.0,stop_loss,False,2,False
2026-03-19 11:41:00+00:00,-1,0.6068536043167114,7.5,target_full,True,1,True
2026-03-19 11:42:00+00:00,-1,0.6302409768104553,5.0,trail_stop,True,8,True
2026-03-19 11:46:00+00:00,-1,0.632813572883606,5.0,trail_stop,True,7,True
2026-03-19 11:49:00+00:00,1,0.5953407287597656,-20.0,stop_loss,False,11,False
2026-03-19 11:50:00+00:00,-1,0.6491792798042297,5.0,trail_stop,True,3,True
2026-03-19 11:55:00+00:00,1,0.5986781716346741,-20.0,stop_loss,False,7,False
2026-03-19 11:56:00+00:00,1,0.5536808967590332,-20.0,stop_loss,False,4,False
2026-03-19 12:01:00+00:00,-1,0.5502160787582397,7.5,target_full,True,1,True
2026-03-19 12:02:00+00:00,-1,0.5983293652534485,7.5,target_full,True,1,True
2026-03-19 12:03:00+00:00,-1,0.5979483723640442,5.0,trail_stop,True,7,True
2026-03-19 12:04:00+00:00,-1,0.698767900466919,5.0,trail_stop,True,5,True
2026-03-19 12:05:00+00:00,-1,0.6581495404243469,5.0,trail_stop,True,3,True
2026-03-19 12:09:00+00:00,-1,0.6633438467979431,7.5,target_full,True,1,True
2026-03-19 12:11:00+00:00,-1,0.6104854345321655,5.0,trail_stop,True,3,True
2026-03-19 12:12:00+00:00,-1,0.5684252381324768,7.5,target_full,True,1,True
2026-03-19 12:15:00+00:00,-1,0.5792450308799744,7.5,target_full,True,8,True
2026-03-19 12:16:00+00:00,1,0.6469019651412964,-20.0,stop_loss,False,7,False
2026-03-19 12:18:00+00:00,1,0.6624444723129272,-20.0,stop_loss,False,11,False
2026-03-19 12:27:00+00:00,-1,0.5707505345344543,3.294999999999618,timeout,True,12,True
2026-03-19 12:31:00+00:00,1,0.5525203943252563,5.0,trail_stop,True,7,True
2026-03-19 12:32:00+00:00,1,0.625669002532959,-20.0,stop_loss,False,9,False
2026-03-19 12:33:00+00:00,-1,0.7167158126831055,7.5,target_full,True,9,True
2026-03-19 12:34:00+00:00,-1,0.6491755843162537,5.0,trail_stop,True,6,True
2026-03-19 12:35:00+00:00,-1,0.6205489635467529,5.0,trail_stop,True,4,True
2026-03-19 12:38:00+00:00,-1,0.5681039094924927,5.0,trail_stop,True,2,True
2026-03-19 12:42:00+00:00,-1,0.5753899812698364,7.5,target_full,True,1,True
2026-03-19 12:43:00+00:00,-1,0.6732167601585388,7.5,target_full,True,1,True
2026-03-19 12:44:00+00:00,-1,0.5758161544799805,7.5,target_full,True,1,True
2026-03-19 12:45:00+00:00,-1,0.6335802674293518,7.5,target_full,True,1,True
2026-03-19 12:47:00+00:00,-1,0.6355296969413757,-20.0,stop_loss,False,1,False
2026-03-19 12:49:00+00:00,-1,0.690449595451355,-20.0,stop_loss,False,4,False
2026-03-19 12:50:00+00:00,1,0.7496188282966614,7.5,target_full,True,1,True
2026-03-19 12:53:00+00:00,1,0.657241702079773,7.5,target_full,True,1,True
2026-03-19 12:54:00+00:00,1,0.5609203577041626,7.5,target_full,True,2,True
2026-03-19 12:59:00+00:00,1,0.6359710097312927,-20.0,stop_loss,False,1,False
2026-03-19 13:00:00+00:00,-1,0.6312804818153381,7.5,target_full,True,1,True
2026-03-19 13:01:00+00:00,-1,0.6259087324142456,7.5,target_full,True,1,True
2026-03-19 13:03:00+00:00,-1,0.5648888349533081,-20.0,stop_loss,False,1,False
2026-03-19 13:04:00+00:00,1,0.6425241231918335,7.5,target_full,True,1,True
2026-03-19 13:05:00+00:00,1,0.7711502313613892,5.0,trail_stop,True,3,True
2026-03-19 13:06:00+00:00,1,0.6290987730026245,7.5,target_full,True,1,True
2026-03-19 13:07:00+00:00,1,0.7061073184013367,-20.0,stop_loss,False,1,False
2026-03-19 13:08:00+00:00,-1,0.553225040435791,7.5,target_full,True,1,True
2026-03-19 13:09:00+00:00,-1,0.6312097311019897,7.5,target_full,True,1,True
2026-03-19 13:12:00+00:00,-1,0.6112868189811707,7.5,target_full,True,2,True
2026-03-19 13:13:00+00:00,1,0.6061445474624634,5.0,trail_stop,True,3,True
2026-03-19 13:14:00+00:00,1,0.6454086899757385,7.5,target_full,True,1,True
2026-03-19 13:16:00+00:00,1,0.6284152269363403,7.5,target_full,True,1,True
2026-03-19 13:17:00+00:00,1,0.6711647510528564,7.5,target_full,True,1,True
2026-03-19 13:20:00+00:00,1,0.573979914188385,-20.0,stop_loss,False,4,False
2026-03-19 13:21:00+00:00,1,0.6630481481552124,5.0,trail_stop,True,8,True
2026-03-19 13:22:00+00:00,1,0.6828386187553406,5.0,trail_stop,True,6,True
2026-03-19 13:23:00+00:00,-1,0.5604355931282043,5.0,trail_stop,True,2,True
2026-03-19 13:25:00+00:00,-1,0.5905581712722778,-20.0,stop_loss,False,3,False
2026-03-19 13:27:00+00:00,1,0.6132987141609192,7.5,target_full,True,1,True
2026-03-19 13:28:00+00:00,1,0.5854052901268005,5.0,trail_stop,True,2,True
2026-03-19 13:29:00+00:00,1,0.5518501996994019,5.0,trail_stop,True,3,True
2026-03-19 13:31:00+00:00,1,0.5749697685241699,-20.0,stop_loss,False,1,False
2026-03-19 13:32:00+00:00,-1,0.650774359703064,5.0,trail_stop,True,2,True
2026-03-19 13:33:00+00:00,-1,0.6355395913124084,5.0,trail_stop,True,3,True
2026-03-19 13:34:00+00:00,1,0.6346420049667358,-20.0,stop_loss,False,1,False
2026-03-19 13:35:00+00:00,-1,0.6963907480239868,7.5,target_full,True,1,True
2026-03-19 13:39:00+00:00,1,0.6081300973892212,5.0,trail_stop,True,5,True
2026-03-19 13:40:00+00:00,-1,0.6950599551200867,-20.0,stop_loss,False,3,False
2026-03-19 13:41:00+00:00,-1,0.6411072611808777,5.0,trail_stop,True,2,True
2026-03-19 13:47:00+00:00,-1,0.6174769997596741,-20.0,stop_loss,False,1,False
2026-03-19 13:49:00+00:00,1,0.6435011625289917,7.5,target_full,True,1,True
2026-03-19 13:50:00+00:00,1,0.6714242696762085,7.5,target_full,True,1,True
2026-03-19 13:51:00+00:00,1,0.6821553111076355,7.5,target_full,True,1,True
2026-03-19 13:52:00+00:00,1,0.5887997150421143,7.5,target_full,True,1,True
2026-03-19 13:53:00+00:00,1,0.6050027012825012,5.0,trail_stop,True,2,True
2026-03-19 13:54:00+00:00,1,0.6533863544464111,7.5,target_full,True,1,True
2026-03-19 13:56:00+00:00,1,0.583685576915741,5.0,trail_stop,True,3,True
2026-03-19 13:59:00+00:00,1,0.5950844883918762,7.5,target_full,True,1,True
2026-03-19 14:04:00+00:00,-1,0.5794661641120911,5.0,trail_stop,True,4,True
2026-03-19 14:06:00+00:00,-1,0.5570763945579529,5.0,trail_stop,True,2,True
2026-03-19 14:10:00+00:00,1,0.6308951377868652,7.5,target_full,True,1,True
2026-03-19 14:12:00+00:00,1,0.7466240525245667,-20.0,stop_loss,False,2,False
2026-03-19 14:13:00+00:00,-1,0.6461800932884216,7.5,target_full,True,1,True
2026-03-19 14:15:00+00:00,-1,0.5973188281059265,5.0,trail_stop,True,2,True
2026-03-19 14:17:00+00:00,-1,0.563653290271759,7.5,target_full,True,1,True
2026-03-19 14:18:00+00:00,-1,0.556769073009491,5.0,trail_stop,True,2,True
2026-03-19 14:21:00+00:00,-1,0.5680316686630249,5.0,trail_stop,True,5,True
2026-03-19 14:24:00+00:00,1,0.6413553953170776,-20.0,stop_loss,False,2,False
2026-03-19 14:26:00+00:00,-1,0.6941724419593811,7.5,target_full,True,1,True
2026-03-19 14:27:00+00:00,-1,0.6124238967895508,5.0,trail_stop,True,2,True
2026-03-19 14:28:00+00:00,-1,0.6287117004394531,5.0,trail_stop,True,3,True
2026-03-19 14:29:00+00:00,-1,0.5833115577697754,-20.0,stop_loss,False,4,False
2026-03-19 14:31:00+00:00,1,0.6101555824279785,7.5,target_full,True,2,True
2026-03-19 14:32:00+00:00,1,0.6353892087936401,7.5,target_full,True,2,True
2026-03-19 14:34:00+00:00,1,0.5796138644218445,7.5,target_full,True,1,True
2026-03-19 14:36:00+00:00,1,0.558218240737915,5.0,trail_stop,True,8,True
2026-03-19 14:38:00+00:00,-1,0.5620530247688293,5.0,trail_stop,True,7,True
2026-03-19 14:39:00+00:00,1,0.5692922472953796,6.220000000000255,timeout,True,12,True
2026-03-19 14:42:00+00:00,-1,0.5896097421646118,5.0,trail_stop,True,3,True
2026-03-19 14:51:00+00:00,1,0.5824310183525085,-20.0,stop_loss,False,5,False
2026-03-19 14:55:00+00:00,-1,0.6009345650672913,7.5,target_full,True,1,True
2026-03-19 14:56:00+00:00,-1,0.5527082085609436,7.5,target_full,True,2,True
2026-03-19 14:59:00+00:00,-1,0.6243019104003906,5.0,trail_stop,True,3,True
2026-03-19 15:01:00+00:00,-1,0.5784774422645569,-20.0,stop_loss,False,3,False
2026-03-19 15:02:00+00:00,1,0.6114082336425781,7.5,target_full,True,1,True
2026-03-19 15:04:00+00:00,1,0.6268650889396667,7.5,target_full,True,1,True
2026-03-19 15:05:00+00:00,1,0.6227335333824158,-20.0,stop_loss,False,11,False
2026-03-19 15:07:00+00:00,1,0.6344771981239319,5.0,trail_stop,True,7,True
2026-03-19 15:15:00+00:00,1,0.5929487943649292,-20.0,stop_loss,False,10,False
2026-03-19 15:16:00+00:00,-1,0.6448721885681152,7.5,target_full,True,1,True
2026-03-19 15:17:00+00:00,-1,0.6202206015586853,5.0,trail_stop,True,9,True
2026-03-19 15:19:00+00:00,-1,0.6443352103233337,5.0,trail_stop,True,2,True
2026-03-19 15:21:00+00:00,-1,0.637175440788269,5.0,trail_stop,True,5,True
2026-03-19 15:22:00+00:00,1,0.5631735920906067,-20.0,stop_loss,False,8,False
2026-03-19 15:26:00+00:00,-1,0.5841448903083801,7.5,target_full,True,5,True
2026-03-19 15:27:00+00:00,-1,0.5693855285644531,5.0,trail_stop,True,2,True
2026-03-19 15:30:00+00:00,-1,0.6581368446350098,7.5,target_full,True,1,True
2026-03-19 15:31:00+00:00,-1,0.5891289114952087,7.5,target_full,True,1,True
2026-03-19 15:32:00+00:00,-1,0.5651277303695679,5.0,trail_stop,True,2,True
2026-03-19 15:33:00+00:00,-1,0.558399498462677,5.0,trail_stop,True,12,True
2026-03-19 15:34:00+00:00,-1,0.5724841356277466,5.0,trail_stop,True,4,True
2026-03-19 15:37:00+00:00,-1,0.5779502391815186,5.0,trail_stop,True,2,True
2026-03-19 15:39:00+00:00,-1,0.553253710269928,5.0,trail_stop,True,3,True
2026-03-19 15:43:00+00:00,-1,0.5835554003715515,5.0,trail_stop,True,2,True
2026-03-19 15:46:00+00:00,-1,0.5918897986412048,-20.0,stop_loss,False,4,False
2026-03-19 15:48:00+00:00,1,0.5974677801132202,7.5,target_full,True,2,True
2026-03-19 15:49:00+00:00,1,0.5675153136253357,5.0,trail_stop,True,2,True
2026-03-19 15:57:00+00:00,1,0.6400799751281738,7.5,target_full,True,3,True
2026-03-19 16:01:00+00:00,1,0.6269742250442505,5.0,trail_stop,True,2,True
2026-03-19 16:06:00+00:00,-1,0.5747549533843994,5.0,trail_stop,True,4,True
2026-03-19 16:07:00+00:00,1,0.6119819283485413,-20.0,stop_loss,False,2,False
2026-03-19 16:09:00+00:00,1,0.6318956017494202,-20.0,stop_loss,False,6,False
2026-03-19 16:10:00+00:00,-1,0.573885977268219,5.0,trail_stop,True,6,True
2026-03-19 16:13:00+00:00,1,0.5797160267829895,5.0,trail_stop,True,7,True
2026-03-19 16:17:00+00:00,-1,0.576278567314148,4.75,timeout,True,12,True
2026-03-19 16:19:00+00:00,1,0.5694648027420044,5.0,trail_stop,True,2,True
2026-03-19 16:22:00+00:00,1,0.5610740780830383,-20.0,stop_loss,False,10,False
2026-03-19 16:23:00+00:00,-1,0.5905353426933289,5.0,trail_stop,True,4,True
2026-03-19 16:35:00+00:00,-1,0.5876113772392273,-20.0,stop_loss,False,5,False
2026-03-19 16:36:00+00:00,-1,0.5894538760185242,-4.1599999999998545,timeout,False,12,False
2026-03-19 16:38:00+00:00,1,0.6154123544692993,7.5,target_full,True,1,True
2026-03-19 16:42:00+00:00,1,0.610924482345581,-20.0,stop_loss,False,9,False
2026-03-19 16:43:00+00:00,-1,0.6454336047172546,7.5,target_full,True,8,True
2026-03-19 16:52:00+00:00,-1,0.5501396656036377,-16.9399999999996,timeout,False,12,False
2026-03-19 16:54:00+00:00,1,0.6063587069511414,5.0,trail_stop,True,9,True
2026-03-19 17:02:00+00:00,1,0.5727759003639221,5.0,trail_stop,True,3,True
2026-03-19 17:26:00+00:00,1,0.5860052108764648,5.0,trail_stop,True,5,True
2026-03-19 17:28:00+00:00,-1,0.5578711628913879,-7.280000000000655,timeout,False,12,False
2026-03-19 17:30:00+00:00,1,0.6099188327789307,5.0,trail_stop,True,2,True
2026-03-19 17:31:00+00:00,1,0.6098966002464294,-11.88000000000011,timeout,False,12,False
2026-03-19 17:32:00+00:00,1,0.601159393787384,-1.5799999999999272,timeout,False,12,False
2026-03-19 17:33:00+00:00,-1,0.5910218358039856,5.0,trail_stop,True,2,True
2026-03-19 17:35:00+00:00,-1,0.5561709403991699,-10.80999999999949,timeout,False,12,False
2026-03-19 17:38:00+00:00,1,0.618524968624115,5.0,trail_stop,True,7,True
2026-03-19 18:05:00+00:00,1,0.5833010077476501,5.0,trail_stop,True,4,True
2026-03-19 19:00:00+00:00,1,0.566618025302887,7.5,target_full,True,1,True
2026-03-19 19:01:00+00:00,1,0.5907957553863525,5.0,trail_stop,True,5,True
2026-03-19 19:03:00+00:00,-1,0.6722689867019653,-20.0,stop_loss,False,2,False
2026-03-19 19:04:00+00:00,-1,0.5650507807731628,-20.0,stop_loss,False,2,False
2026-03-19 19:08:00+00:00,1,0.6489765048027039,5.0,trail_stop,True,3,True
2026-03-19 19:09:00+00:00,-1,0.5897571444511414,5.0,trail_stop,True,4,True
2026-03-19 19:10:00+00:00,1,0.608083188533783,5.0,trail_stop,True,2,True
2026-03-19 19:11:00+00:00,1,0.640242874622345,-16.969999999999345,timeout,False,12,False
2026-03-19 19:12:00+00:00,1,0.6465678811073303,5.0,trail_stop,True,2,True
2026-03-19 19:16:00+00:00,1,0.6093753576278687,5.0,trail_stop,True,2,True
2026-03-19 19:17:00+00:00,1,0.5892911553382874,-20.0,stop_loss,False,7,False
2026-03-19 19:18:00+00:00,-1,0.5819199085235596,5.0,trail_stop,True,2,True
2026-03-19 19:19:00+00:00,1,0.6140778660774231,-20.0,stop_loss,False,6,False
2026-03-19 19:20:00+00:00,-1,0.6093079447746277,7.5,target_full,True,5,True
2026-03-19 19:22:00+00:00,-1,0.6306150555610657,7.5,target_full,True,2,True
2026-03-19 19:24:00+00:00,-1,0.5736784338951111,7.5,target_full,True,1,True
2026-03-19 19:27:00+00:00,-1,0.5912085175514221,5.0,trail_stop,True,2,True
2026-03-19 19:28:00+00:00,-1,0.5676745772361755,-3.7299999999995634,timeout,False,12,False
2026-03-19 19:29:00+00:00,1,0.5808994174003601,-3.1700000000000728,timeout,False,12,False
2026-03-19 19:30:00+00:00,-1,0.6084305047988892,5.0,trail_stop,True,5,True
2026-03-19 19:33:00+00:00,1,0.5881791114807129,-10.769999999999527,timeout,False,12,False
2026-03-19 19:35:00+00:00,-1,0.6408818364143372,-5.800000000000182,timeout,False,12,False
2026-03-19 19:36:00+00:00,-1,0.59864342212677,5.0,trail_stop,True,9,True
2026-03-19 19:37:00+00:00,-1,0.6608492136001587,5.0,trail_stop,True,2,True
2026-03-19 19:38:00+00:00,1,0.6759342551231384,-5.0,timeout,False,12,False
2026-03-19 19:55:00+00:00,1,0.5502068400382996,5.0,trail_stop,True,2,True
2026-03-19 20:00:00+00:00,-1,0.5589954257011414,-9.449999999999818,timeout,False,12,False
2026-03-19 20:02:00+00:00,1,0.5763483643531799,-0.6700000000000728,timeout,False,12,False
2026-03-19 23:00:00+00:00,1,0.5891505479812622,-7.049999999999272,timeout,False,12,False
2026-03-20 01:01:00+00:00,1,0.6489605903625488,7.5,target_full,True,1,True
2026-03-20 01:04:00+00:00,1,0.6803082227706909,5.0,trail_stop,True,2,True
2026-03-20 01:06:00+00:00,1,0.6105993390083313,-20.0,stop_loss,False,5,False
2026-03-20 01:07:00+00:00,1,0.6094425916671753,-20.0,stop_loss,False,3,False
2026-03-20 01:09:00+00:00,-1,0.5684549808502197,7.5,target_full,True,2,True
2026-03-20 01:11:00+00:00,-1,0.5966963768005371,5.0,trail_stop,True,3,True
2026-03-20 01:12:00+00:00,-1,0.5960795283317566,5.0,trail_stop,True,7,True
2026-03-20 01:14:00+00:00,-1,0.569892406463623,-3.3900000000003274,timeout,False,12,False
2026-03-20 01:23:00+00:00,1,0.5979131460189819,5.0,trail_stop,True,4,True
2026-03-20 01:47:00+00:00,-1,0.6617093682289124,5.0,trail_stop,True,3,True
2026-03-20 06:22:00+00:00,1,0.5526933073997498,-10.38000000000011,timeout,False,12,False
2026-03-20 08:28:00+00:00,-1,0.5732548832893372,7.5,target_full,True,2,True
2026-03-20 08:45:00+00:00,-1,0.6562145352363586,5.0,trail_stop,True,9,True
2026-03-20 08:56:00+00:00,-1,0.5629854202270508,5.0,trail_stop,True,7,True
2026-03-20 09:53:00+00:00,-1,0.557412326335907,5.0,trail_stop,True,5,True
2026-03-20 10:05:00+00:00,1,0.6148000359535217,5.0,trail_stop,True,2,True
2026-03-20 10:06:00+00:00,1,0.5605228543281555,-11.550000000000182,timeout,False,12,False
2026-03-20 10:07:00+00:00,1,0.5860859751701355,5.0,trail_stop,True,8,True
2026-03-20 10:09:00+00:00,-1,0.6383427977561951,5.0,trail_stop,True,2,True
2026-03-20 10:10:00+00:00,-1,0.5836266875267029,-2.1500000000005457,timeout,False,12,False
2026-03-20 10:20:00+00:00,-1,0.5646504163742065,-6.25,timeout,False,12,False
2026-03-20 10:54:00+00:00,1,0.5874742269515991,7.5,target_full,True,8,True
2026-03-20 11:02:00+00:00,1,0.5846662521362305,5.0,trail_stop,True,2,True
2026-03-20 11:03:00+00:00,1,0.6423396468162537,5.0,trail_stop,True,5,True
2026-03-20 11:05:00+00:00,1,0.646944522857666,5.0,trail_stop,True,4,True
2026-03-20 12:09:00+00:00,1,0.569721519947052,5.0,trail_stop,True,2,True
2026-03-20 12:10:00+00:00,1,0.5758213400840759,-12.799999999999272,timeout,False,12,False
2026-03-20 12:20:00+00:00,1,0.5956222414970398,-15.579999999999927,timeout,False,12,False
2026-03-20 13:10:00+00:00,-1,0.6224766373634338,-6.880000000000109,timeout,False,12,False
2026-03-20 13:11:00+00:00,1,0.6053982973098755,5.0,trail_stop,True,9,True
2026-03-20 13:12:00+00:00,-1,0.6431617140769958,-6.019999999999527,timeout,False,12,False
2026-03-20 13:13:00+00:00,1,0.6194832921028137,5.0,trail_stop,True,8,True
2026-03-20 13:22:00+00:00,-1,0.5556707382202148,7.5,target_full,True,7,True
2026-03-20 13:30:00+00:00,-1,0.6058940291404724,5.0,trail_stop,True,2,True
2026-03-20 13:33:00+00:00,-1,0.5971676707267761,5.0,trail_stop,True,2,True
2026-03-20 13:34:00+00:00,-1,0.5539613366127014,-20.0,stop_loss,False,10,False
2026-03-20 13:36:00+00:00,1,0.6236639618873596,5.0,trail_stop,True,6,True
2026-03-20 13:43:00+00:00,1,0.6668489575386047,-20.0,stop_loss,False,7,False
2026-03-20 13:46:00+00:00,-1,0.5864401459693909,7.5,target_full,True,4,True
2026-03-20 13:49:00+00:00,-1,0.5789473056793213,7.5,target_full,True,1,True
2026-03-20 13:56:00+00:00,-1,0.626642107963562,7.5,target_full,True,1,True
2026-03-20 13:58:00+00:00,-1,0.5875088572502136,5.0,trail_stop,True,2,True
2026-03-20 13:59:00+00:00,-1,0.652432918548584,5.0,trail_stop,True,2,True
2026-03-20 14:01:00+00:00,-1,0.6677476167678833,5.0,trail_stop,True,7,True
2026-03-20 14:02:00+00:00,1,0.6322553157806396,-20.0,stop_loss,False,8,False
2026-03-20 14:03:00+00:00,-1,0.7082601189613342,7.5,target_full,True,4,True
2026-03-20 14:05:00+00:00,1,0.6694750189781189,-20.0,stop_loss,False,5,False
2026-03-20 14:07:00+00:00,-1,0.5991730093955994,7.5,target_full,True,1,True
2026-03-20 14:08:00+00:00,-1,0.6477407217025757,7.5,target_full,True,4,True
2026-03-20 14:09:00+00:00,-1,0.5818231701850891,7.5,target_full,True,1,True
2026-03-20 14:10:00+00:00,1,0.6226548552513123,-20.0,stop_loss,False,1,False
2026-03-20 14:11:00+00:00,-1,0.6993931531906128,7.5,target_full,True,1,True
2026-03-20 14:12:00+00:00,-1,0.5619666576385498,5.0,trail_stop,True,2,True
2026-03-20 14:15:00+00:00,-1,0.5726331472396851,5.0,trail_stop,True,2,True
2026-03-20 14:19:00+00:00,-1,0.5943006873130798,5.0,trail_stop,True,2,True
2026-03-20 14:20:00+00:00,-1,0.6159191131591797,5.0,trail_stop,True,3,True
2026-03-20 14:22:00+00:00,-1,0.5709293484687805,5.0,trail_stop,True,2,True
2026-03-20 14:23:00+00:00,1,0.5811252593994141,-20.0,stop_loss,False,1,False
2026-03-20 14:24:00+00:00,-1,0.5799559354782104,7.5,target_full,True,1,True
2026-03-20 14:25:00+00:00,-1,0.6050200462341309,5.0,trail_stop,True,2,True
2026-03-20 14:27:00+00:00,-1,0.6096901893615723,-20.0,stop_loss,False,4,False
2026-03-20 14:29:00+00:00,-1,0.650520920753479,-20.0,stop_loss,False,3,False
2026-03-20 14:33:00+00:00,1,0.5676014423370361,5.0,trail_stop,True,2,True
2026-03-20 14:37:00+00:00,-1,0.6018352508544922,5.0,trail_stop,True,3,True
2026-03-20 14:41:00+00:00,-1,0.6352220177650452,5.0,trail_stop,True,6,True
2026-03-20 14:44:00+00:00,1,0.6067546606063843,5.0,trail_stop,True,2,True
2026-03-20 14:48:00+00:00,-1,0.5886529684066772,5.0,trail_stop,True,2,True
2026-03-20 14:49:00+00:00,-1,0.678999125957489,7.5,target_full,True,4,True
2026-03-20 14:54:00+00:00,-1,0.6808748245239258,-20.0,stop_loss,False,6,False
2026-03-20 14:57:00+00:00,1,0.6356566548347473,5.0,trail_stop,True,4,True
2026-03-20 14:58:00+00:00,1,0.5766662955284119,5.0,trail_stop,True,2,True
2026-03-20 15:00:00+00:00,-1,0.630648136138916,5.0,trail_stop,True,8,True
2026-03-20 15:01:00+00:00,1,0.6254191994667053,-0.5199999999995271,timeout,False,12,False
2026-03-20 15:02:00+00:00,1,0.6287424564361572,5.0,trail_stop,True,10,True
2026-03-20 15:11:00+00:00,1,0.6059014797210693,5.0,trail_stop,True,2,True
2026-03-20 15:12:00+00:00,1,0.6034010648727417,-20.0,stop_loss,False,3,False
2026-03-20 15:15:00+00:00,-1,0.5604299306869507,7.5,target_full,True,1,True
2026-03-20 15:16:00+00:00,-1,0.6571648716926575,5.0,trail_stop,True,4,True
2026-03-20 15:17:00+00:00,-1,0.5752559304237366,5.0,trail_stop,True,2,True
2026-03-20 15:19:00+00:00,-1,0.6031429171562195,7.5,target_full,True,5,True
2026-03-20 15:20:00+00:00,-1,0.6804335713386536,7.5,target_full,True,4,True
2026-03-20 15:23:00+00:00,1,0.603522002696991,-20.0,stop_loss,False,1,False
2026-03-20 15:24:00+00:00,-1,0.7010363936424255,7.5,target_full,True,1,True
2026-03-20 15:25:00+00:00,-1,0.6333834528923035,-20.0,stop_loss,False,3,False
2026-03-20 15:27:00+00:00,-1,0.5929413437843323,-20.0,stop_loss,False,3,False
2026-03-20 15:28:00+00:00,1,0.5829071998596191,7.5,target_full,True,1,True
2026-03-20 15:29:00+00:00,1,0.6183061003684998,5.0,trail_stop,True,2,True
2026-03-20 15:31:00+00:00,1,0.6114139556884766,5.0,trail_stop,True,2,True
2026-03-20 15:33:00+00:00,1,0.5845039486885071,-20.0,stop_loss,False,12,False
2026-03-20 15:34:00+00:00,-1,0.6215334534645081,5.0,trail_stop,True,2,True
2026-03-20 15:35:00+00:00,-1,0.6055237650871277,5.0,trail_stop,True,5,True
2026-03-20 15:39:00+00:00,-1,0.5590848326683044,5.0,trail_stop,True,6,True
2026-03-20 15:42:00+00:00,1,0.5743540525436401,-8.61999999999989,timeout,False,12,False
2026-03-20 15:43:00+00:00,1,0.5731704235076904,-20.0,stop_loss,False,5,False
2026-03-20 15:44:00+00:00,1,0.6064836978912354,-8.300000000000182,timeout,False,12,False
2026-03-20 15:45:00+00:00,-1,0.5747082829475403,5.0,trail_stop,True,2,True
2026-03-20 15:46:00+00:00,-1,0.5685532689094543,5.0,trail_stop,True,3,True
2026-03-20 15:50:00+00:00,-1,0.5982639193534851,-20.0,stop_loss,False,12,False
2026-03-20 15:51:00+00:00,1,0.609283983707428,5.0,trail_stop,True,9,True
2026-03-20 15:55:00+00:00,-1,0.5813721418380737,-20.0,stop_loss,False,8,False
2026-03-20 16:03:00+00:00,1,0.5976144671440125,5.0,trail_stop,True,2,True
2026-03-20 16:05:00+00:00,1,0.5963469743728638,5.0,trail_stop,True,7,True
2026-03-20 16:06:00+00:00,1,0.643890917301178,5.0,trail_stop,True,6,True
2026-03-20 16:14:00+00:00,1,0.606262743473053,7.5,target_full,True,4,True
2026-03-20 16:22:00+00:00,1,0.5944571495056152,-20.0,stop_loss,False,6,False
2026-03-20 16:24:00+00:00,-1,0.6094398498535156,7.5,target_full,True,2,True
2026-03-20 16:25:00+00:00,-1,0.5788466334342957,5.0,trail_stop,True,2,True
2026-03-20 16:26:00+00:00,-1,0.5951822996139526,7.5,target_full,True,4,True
2026-03-20 16:31:00+00:00,-1,0.5590884685516357,-7.149999999999636,timeout,False,12,False
2026-03-20 16:33:00+00:00,1,0.6074820160865784,5.0,trail_stop,True,2,True
2026-03-20 16:35:00+00:00,1,0.5687863826751709,5.0,trail_stop,True,2,True
2026-03-20 16:36:00+00:00,1,0.5766275525093079,-20.0,stop_loss,False,11,False
2026-03-20 16:55:00+00:00,1,0.5691705942153931,5.0,trail_stop,True,7,True
2026-03-20 17:05:00+00:00,-1,0.7241458296775818,-20.0,stop_loss,False,1,False
2026-03-20 17:06:00+00:00,1,0.5966900587081909,7.5,target_full,True,1,True
2026-03-20 17:07:00+00:00,1,0.5898403525352478,-20.0,stop_loss,False,7,False
2026-03-20 17:09:00+00:00,1,0.5531615614891052,-13.079999999999927,timeout,False,12,False
2026-03-20 17:15:00+00:00,-1,0.6152141690254211,5.0,trail_stop,True,9,True
2026-03-20 18:21:00+00:00,-1,0.5680768489837646,7.5,target_full,True,1,True
2026-03-20 18:22:00+00:00,-1,0.7043668627738953,-20.0,stop_loss,False,5,False
2026-03-20 18:26:00+00:00,1,0.5593950748443604,-12.3100000000004,timeout,False,12,False
2026-03-20 18:43:00+00:00,-1,0.559598445892334,5.0,trail_stop,True,3,True
2026-03-20 18:46:00+00:00,-1,0.5788346529006958,7.5,target_full,True,1,True
2026-03-20 18:53:00+00:00,-1,0.5897386074066162,7.5,target_full,True,1,True
2026-03-20 18:55:00+00:00,-1,0.7017582654953003,5.0,trail_stop,True,2,True
2026-03-20 18:59:00+00:00,1,0.5900760889053345,7.5,target_full,True,1,True
2026-03-20 19:00:00+00:00,1,0.5892159342765808,5.0,trail_stop,True,2,True
2026-03-20 19:01:00+00:00,1,0.63017338514328,-20.0,stop_loss,False,4,False
2026-03-20 19:03:00+00:00,1,0.6223920583724976,-20.0,stop_loss,False,2,False
2026-03-20 19:04:00+00:00,-1,0.5897074937820435,7.5,target_full,True,1,True
2026-03-20 19:07:00+00:00,-1,0.5929865837097168,5.0,trail_stop,True,4,True
2026-03-20 19:08:00+00:00,1,0.5897628664970398,5.0,trail_stop,True,7,True
2026-03-20 19:11:00+00:00,-1,0.5796731114387512,4.9699999999998,timeout,True,12,True
2026-03-20 19:12:00+00:00,-1,0.6022007465362549,5.0,trail_stop,True,9,True
2026-03-20 19:15:00+00:00,1,0.5888493061065674,-20.0,stop_loss,False,8,False
2026-03-20 19:16:00+00:00,1,0.5929997563362122,-3.5,timeout,False,12,False
2026-03-20 19:19:00+00:00,-1,0.596933126449585,7.5,target_full,True,1,True
2026-03-20 19:21:00+00:00,-1,0.5644912719726562,5.0,trail_stop,True,4,True
2026-03-20 19:24:00+00:00,-1,0.5736672878265381,-20.0,stop_loss,False,5,False
2026-03-20 19:31:00+00:00,1,0.587417721748352,5.0,trail_stop,True,2,True
2026-03-20 19:33:00+00:00,-1,0.6090691089630127,7.5,target_full,True,1,True
2026-03-20 19:34:00+00:00,-1,0.6314557790756226,-17.11999999999989,timeout,False,12,False
2026-03-20 19:37:00+00:00,1,0.593432605266571,5.0,trail_stop,True,2,True
2026-03-20 19:39:00+00:00,1,0.568571150302887,5.0,trail_stop,True,5,True
2026-03-20 19:43:00+00:00,-1,0.5675972104072571,5.400000000000091,timeout,True,12,True
2026-03-20 19:45:00+00:00,1,0.5958570837974548,5.0,trail_stop,True,9,True
2026-03-20 19:47:00+00:00,-1,0.5859631896018982,5.0,trail_stop,True,2,True
2026-03-20 19:48:00+00:00,1,0.5874608159065247,5.0,trail_stop,True,6,True
2026-03-20 19:54:00+00:00,1,0.5851767659187317,-20.0,stop_loss,False,11,False
2026-03-20 19:55:00+00:00,1,0.5605599880218506,-15.960000000000036,timeout,False,12,False
2026-03-20 19:56:00+00:00,-1,0.5832942724227905,5.0,trail_stop,True,9,True
2026-03-20 19:57:00+00:00,-1,0.5798330903053284,5.0,trail_stop,True,2,True
2026-03-20 20:09:00+00:00,1,0.5873925089836121,5.0,trail_stop,True,5,True
2026-03-20 20:44:00+00:00,1,0.56006920337677,-7.479999999999563,timeout,False,12,False
2026-03-20 20:59:00+00:00,-1,0.6635475754737854,7.5,target_full,True,1,True
2026-03-22 22:02:00+00:00,-1,0.5935173630714417,-20.0,stop_loss,False,1,False
2026-03-22 22:05:00+00:00,1,0.5775676369667053,7.5,target_full,True,1,True
2026-03-22 22:06:00+00:00,1,0.6687678694725037,7.5,target_full,True,1,True
2026-03-22 22:09:00+00:00,1,0.6173630356788635,-20.0,stop_loss,False,2,False
2026-03-22 22:10:00+00:00,1,0.585956335067749,5.0,trail_stop,True,8,True
2026-03-22 22:11:00+00:00,-1,0.5661300420761108,-20.0,stop_loss,False,7,False
2026-03-22 22:14:00+00:00,1,0.5551677942276001,5.0,trail_stop,True,4,True
2026-03-22 22:18:00+00:00,1,0.5907183289527893,5.0,trail_stop,True,3,True
2026-03-22 22:23:00+00:00,1,0.6195234060287476,5.0,trail_stop,True,2,True
2026-03-22 22:24:00+00:00,1,0.5837490558624268,5.0,trail_stop,True,4,True
2026-03-22 22:25:00+00:00,1,0.6282298564910889,5.0,trail_stop,True,2,True
2026-03-22 22:26:00+00:00,1,0.6363397836685181,5.0,trail_stop,True,2,True
2026-03-22 22:28:00+00:00,1,0.628250241279602,-20.0,stop_loss,False,4,False
2026-03-22 22:29:00+00:00,-1,0.5956663489341736,7.5,target_full,True,3,True
2026-03-22 22:33:00+00:00,-1,0.5740005970001221,5.0,trail_stop,True,3,True
2026-03-22 22:45:00+00:00,1,0.553869903087616,-20.0,stop_loss,False,11,False
2026-03-22 22:46:00+00:00,-1,0.5774300694465637,5.0,trail_stop,True,9,True
2026-03-22 23:01:00+00:00,1,0.5893040895462036,-20.0,stop_loss,False,5,False
2026-03-22 23:03:00+00:00,1,0.6393740773200989,-2.680000000000291,timeout,False,12,False
2026-03-22 23:06:00+00:00,-1,0.574542224407196,5.0,trail_stop,True,2,True
2026-03-22 23:22:00+00:00,1,0.5508720278739929,-11.609999999999673,timeout,False,12,False
2026-03-22 23:38:00+00:00,-1,0.6006891131401062,7.5,target_full,True,9,True
2026-03-22 23:43:00+00:00,1,0.5565637350082397,-20.0,stop_loss,False,4,False
2026-03-22 23:46:00+00:00,-1,0.5578065514564514,7.5,target_full,True,1,True
2026-03-22 23:59:00+00:00,1,0.5939383506774902,5.0,trail_stop,True,2,True
2026-03-23 00:01:00+00:00,-1,0.6806478500366211,7.5,target_full,True,1,True
2026-03-23 00:02:00+00:00,-1,0.6971745491027832,7.5,target_full,True,1,True
2026-03-23 00:03:00+00:00,-1,0.6810472011566162,7.5,target_full,True,1,True
2026-03-23 00:04:00+00:00,-1,0.6511557698249817,7.5,target_full,True,1,True
2026-03-23 00:05:00+00:00,-1,0.7199604511260986,-20.0,stop_loss,False,1,False
2026-03-23 00:06:00+00:00,1,0.7386285662651062,7.5,target_full,True,1,True
2026-03-23 00:07:00+00:00,1,0.7211019396781921,5.0,trail_stop,True,2,True
2026-03-23 00:09:00+00:00,1,0.6140267848968506,5.0,trail_stop,True,2,True
2026-03-23 00:11:00+00:00,1,0.6783766150474548,-20.0,stop_loss,False,3,False
2026-03-23 00:13:00+00:00,1,0.6186643838882446,-20.0,stop_loss,False,1,False
2026-03-23 00:15:00+00:00,-1,0.7132678031921387,-20.0,stop_loss,False,7,False
2026-03-23 00:18:00+00:00,1,0.679146409034729,5.0,trail_stop,True,3,True
2026-03-23 00:20:00+00:00,1,0.6662349104881287,7.5,target_full,True,1,True
2026-03-23 00:21:00+00:00,1,0.6851267218589783,5.0,trail_stop,True,2,True
2026-03-23 00:23:00+00:00,1,0.6522305607795715,5.0,trail_stop,True,2,True
2026-03-23 00:24:00+00:00,1,0.6513866782188416,-20.0,stop_loss,False,7,False
2026-03-23 00:26:00+00:00,1,0.6549184322357178,-20.0,stop_loss,False,7,False
2026-03-23 00:27:00+00:00,-1,0.6345555186271667,5.0,trail_stop,True,5,True
2026-03-23 00:31:00+00:00,-1,0.6806718707084656,5.0,trail_stop,True,2,True
2026-03-23 00:34:00+00:00,-1,0.6906716227531433,7.5,target_full,True,1,True
2026-03-23 00:35:00+00:00,-1,0.6629980206489563,7.5,target_full,True,1,True
2026-03-23 00:36:00+00:00,-1,0.5789800882339478,7.5,target_full,True,1,True
2026-03-23 00:39:00+00:00,1,0.5803556442260742,7.5,target_full,True,1,True
2026-03-23 00:40:00+00:00,1,0.6791665554046631,5.0,trail_stop,True,3,True
2026-03-23 00:41:00+00:00,1,0.660422682762146,7.5,target_full,True,1,True
2026-03-23 00:43:00+00:00,1,0.6280871033668518,5.0,trail_stop,True,2,True
2026-03-23 00:47:00+00:00,-1,0.6695196628570557,5.0,trail_stop,True,2,True
2026-03-23 00:48:00+00:00,-1,0.6576442122459412,5.0,trail_stop,True,2,True
2026-03-23 00:49:00+00:00,-1,0.6751589179039001,7.5,target_full,True,2,True
2026-03-23 00:50:00+00:00,-1,0.6397529244422913,7.5,target_full,True,1,True
2026-03-23 00:52:00+00:00,-1,0.7583862543106079,-20.0,stop_loss,False,2,False
2026-03-23 00:53:00+00:00,-1,0.7155801057815552,-20.0,stop_loss,False,3,False
2026-03-23 00:54:00+00:00,-1,0.6808342337608337,-20.0,stop_loss,False,2,False
2026-03-23 00:56:00+00:00,1,0.7870335578918457,7.5,target_full,True,1,True
2026-03-23 00:57:00+00:00,1,0.6154369115829468,7.5,target_full,True,1,True
2026-03-23 00:58:00+00:00,1,0.6805223226547241,-20.0,stop_loss,False,1,False
2026-03-23 00:59:00+00:00,1,0.7209870219230652,5.0,trail_stop,True,2,True
2026-03-23 01:00:00+00:00,-1,0.6400726437568665,-20.0,stop_loss,False,2,False
2026-03-23 01:01:00+00:00,-1,0.6951310038566589,-20.0,stop_loss,False,2,False
2026-03-23 01:04:00+00:00,1,0.5593885183334351,7.5,target_full,True,1,True
2026-03-23 01:05:00+00:00,1,0.7296208143234253,5.0,trail_stop,True,2,True
2026-03-23 01:07:00+00:00,1,0.6368709206581116,7.5,target_full,True,1,True
2026-03-23 01:08:00+00:00,1,0.6571006774902344,5.0,trail_stop,True,3,True
2026-03-23 01:09:00+00:00,1,0.6311052441596985,7.5,target_full,True,1,True
2026-03-23 01:11:00+00:00,1,0.6653530597686768,5.0,trail_stop,True,2,True
2026-03-23 01:12:00+00:00,1,0.6655367016792297,5.0,trail_stop,True,4,True
2026-03-23 01:13:00+00:00,1,0.7077536582946777,7.5,target_full,True,1,True
2026-03-23 01:15:00+00:00,1,0.6586341261863708,7.5,target_full,True,2,True
2026-03-23 01:20:00+00:00,-1,0.6151482462882996,-20.0,stop_loss,False,1,False
2026-03-23 01:22:00+00:00,1,0.6272109746932983,-20.0,stop_loss,False,2,False
2026-03-23 01:23:00+00:00,1,0.6103754639625549,-20.0,stop_loss,False,6,False
2026-03-23 01:24:00+00:00,1,0.6878843307495117,7.5,target_full,True,6,True
2026-03-23 01:25:00+00:00,-1,0.5891896486282349,5.0,trail_stop,True,5,True
2026-03-23 01:30:00+00:00,1,0.566278874874115,7.5,target_full,True,1,True
2026-03-23 01:31:00+00:00,1,0.6465198993682861,5.0,trail_stop,True,2,True
2026-03-23 01:33:00+00:00,1,0.654055655002594,-20.0,stop_loss,False,10,False
2026-03-23 01:34:00+00:00,-1,0.6019222140312195,5.0,trail_stop,True,2,True
2026-03-23 01:35:00+00:00,-1,0.614517331123352,5.0,trail_stop,True,8,True
2026-03-23 01:37:00+00:00,1,0.6253079175949097,-20.0,stop_loss,False,8,False
2026-03-23 01:40:00+00:00,-1,0.5765731930732727,7.5,target_full,True,2,True
2026-03-23 01:45:00+00:00,-1,0.5797351598739624,7.5,target_full,True,1,True
2026-03-23 01:46:00+00:00,-1,0.5560926795005798,7.5,target_full,True,1,True
2026-03-23 01:47:00+00:00,-1,0.5616160035133362,7.5,target_full,True,1,True
2026-03-23 01:48:00+00:00,-1,0.5916762948036194,5.0,trail_stop,True,2,True
2026-03-23 01:49:00+00:00,-1,0.6895297765731812,5.0,trail_stop,True,3,True
2026-03-23 01:50:00+00:00,-1,0.7048625349998474,5.0,trail_stop,True,2,True
2026-03-23 01:52:00+00:00,-1,0.6370656490325928,7.5,target_full,True,4,True
2026-03-23 01:53:00+00:00,1,0.5879594087600708,-20.0,stop_loss,False,3,False
2026-03-23 01:54:00+00:00,-1,0.5617001056671143,5.0,trail_stop,True,2,True
2026-03-23 01:57:00+00:00,-1,0.6195521354675293,7.5,target_full,True,1,True
2026-03-23 02:01:00+00:00,1,0.6058016419410706,7.5,target_full,True,1,True
2026-03-23 02:02:00+00:00,1,0.7481487989425659,5.0,trail_stop,True,3,True
2026-03-23 02:03:00+00:00,1,0.6891817450523376,5.0,trail_stop,True,2,True
2026-03-23 02:04:00+00:00,1,0.6122276186943054,-20.0,stop_loss,False,7,False
2026-03-23 02:05:00+00:00,-1,0.6661546230316162,5.0,trail_stop,True,3,True
2026-03-23 02:09:00+00:00,-1,0.6248533129692078,7.5,target_full,True,2,True
2026-03-23 02:12:00+00:00,-1,0.6621813774108887,5.0,trail_stop,True,2,True
2026-03-23 02:13:00+00:00,-1,0.6703235507011414,-20.0,stop_loss,False,2,False
2026-03-23 02:14:00+00:00,-1,0.6368569731712341,-20.0,stop_loss,False,1,False
2026-03-23 02:15:00+00:00,1,0.6263769865036011,5.0,trail_stop,True,2,True
2026-03-23 02:16:00+00:00,1,0.5886099934577942,-16.289999999999964,timeout,False,12,False
2026-03-23 02:17:00+00:00,1,0.6837663054466248,5.0,trail_stop,True,3,True
2026-03-23 02:18:00+00:00,-1,0.5954723954200745,5.0,trail_stop,True,11,True
2026-03-23 02:20:00+00:00,1,0.6321437358856201,-20.0,stop_loss,False,10,False
2026-03-23 02:26:00+00:00,1,0.5943847298622131,-20.0,stop_loss,False,4,False
2026-03-23 02:27:00+00:00,1,0.5568703413009644,-20.0,stop_loss,False,3,False
2026-03-23 02:28:00+00:00,-1,0.657351553440094,7.5,target_full,True,2,True
2026-03-23 02:31:00+00:00,-1,0.5987274050712585,7.5,target_full,True,1,True
2026-03-23 02:32:00+00:00,-1,0.6178613305091858,7.5,target_full,True,4,True
2026-03-23 02:37:00+00:00,-1,0.7232672572135925,-1.2599999999993088,timeout,False,12,False
2026-03-23 02:40:00+00:00,-1,0.6437891721725464,7.5,target_full,True,12,True
2026-03-23 02:45:00+00:00,-1,0.674307107925415,7.5,target_full,True,7,True
2026-03-23 02:46:00+00:00,-1,0.6031298041343689,7.5,target_full,True,6,True
2026-03-23 02:52:00+00:00,-1,0.5505818128585815,7.5,target_full,True,1,True
2026-03-23 02:53:00+00:00,-1,0.6894006133079529,-20.0,stop_loss,False,8,False
2026-03-23 02:54:00+00:00,-1,0.6886044144630432,-8.569999999999709,timeout,False,12,False
2026-03-23 02:56:00+00:00,1,0.6263443827629089,5.0,trail_stop,True,2,True
2026-03-23 02:59:00+00:00,-1,0.5611710548400879,5.0,trail_stop,True,10,True
2026-03-23 03:01:00+00:00,1,0.5725353956222534,-20.0,stop_loss,False,9,False
2026-03-23 03:02:00+00:00,1,0.5793043375015259,-20.0,stop_loss,False,6,False
2026-03-23 03:03:00+00:00,1,0.6549738645553589,-20.0,stop_loss,False,8,False
2026-03-23 03:04:00+00:00,-1,0.6416219472885132,7.5,target_full,True,4,True
2026-03-23 03:05:00+00:00,-1,0.5924557447433472,5.0,trail_stop,True,2,True
2026-03-23 03:09:00+00:00,-1,0.6006083488464355,5.0,trail_stop,True,3,True
2026-03-23 03:12:00+00:00,-1,0.5591928958892822,-4.730000000000473,timeout,False,12,False
2026-03-23 03:15:00+00:00,1,0.5554161071777344,5.0,trail_stop,True,2,True
2026-03-23 03:20:00+00:00,1,0.6092844009399414,-10.13000000000011,timeout,False,12,False
2026-03-23 03:23:00+00:00,-1,0.5774779915809631,5.0,trail_stop,True,3,True
2026-03-23 03:25:00+00:00,-1,0.5792409777641296,5.0,trail_stop,True,11,True
2026-03-23 03:26:00+00:00,1,0.5564479827880859,5.0,trail_stop,True,5,True
2026-03-23 03:32:00+00:00,1,0.5502117276191711,-20.0,stop_loss,False,7,False
2026-03-23 03:33:00+00:00,-1,0.5509139895439148,5.0,trail_stop,True,3,True
2026-03-23 03:36:00+00:00,-1,0.5628141760826111,7.5,target_full,True,5,True
2026-03-23 04:01:00+00:00,1,0.6246464848518372,5.0,trail_stop,True,5,True
2026-03-23 04:02:00+00:00,1,0.6605046987533569,5.0,trail_stop,True,2,True
2026-03-23 04:06:00+00:00,1,0.5727943181991577,-1.6499999999996362,timeout,False,12,False
2026-03-23 04:36:00+00:00,1,0.5749704837799072,-6.720000000000255,timeout,False,12,False
2026-03-23 04:56:00+00:00,1,0.5916102528572083,5.0,trail_stop,True,4,True
2026-03-23 04:59:00+00:00,1,0.5764952898025513,7.5,target_full,True,2,True
2026-03-23 05:21:00+00:00,-1,0.5698561072349548,5.0,trail_stop,True,3,True
2026-03-23 05:34:00+00:00,1,0.6659269332885742,5.0,trail_stop,True,2,True
2026-03-23 05:38:00+00:00,-1,0.6174392700195312,5.0,trail_stop,True,2,True
2026-03-23 05:40:00+00:00,-1,0.6181219220161438,7.5,target_full,True,11,True
2026-03-23 05:41:00+00:00,1,0.6061902046203613,-20.0,stop_loss,False,10,False
2026-03-23 05:42:00+00:00,-1,0.5988790392875671,5.0,trail_stop,True,8,True
2026-03-23 05:51:00+00:00,-1,0.551195502281189,5.0,trail_stop,True,2,True
2026-03-23 05:52:00+00:00,-1,0.5534929633140564,5.0,trail_stop,True,3,True
2026-03-23 05:55:00+00:00,1,0.6080653667449951,5.0,trail_stop,True,2,True
2026-03-23 05:56:00+00:00,1,0.6602112054824829,-20.0,stop_loss,False,5,False
2026-03-23 05:58:00+00:00,-1,0.6616247892379761,7.5,target_full,True,2,True
2026-03-23 06:00:00+00:00,-1,0.6150586009025574,7.5,target_full,True,1,True
2026-03-23 06:02:00+00:00,-1,0.6167975068092346,7.5,target_full,True,2,True
2026-03-23 06:04:00+00:00,-1,0.5723780393600464,5.0,trail_stop,True,2,True
2026-03-23 06:05:00+00:00,-1,0.5558858513832092,5.0,trail_stop,True,2,True
2026-03-23 06:07:00+00:00,-1,0.6187121272087097,7.5,target_full,True,1,True
2026-03-23 06:08:00+00:00,-1,0.64457768201828,-20.0,stop_loss,False,5,False
2026-03-23 06:14:00+00:00,1,0.5627511143684387,-20.0,stop_loss,False,5,False
2026-03-23 06:16:00+00:00,1,0.6461514234542847,-20.0,stop_loss,False,5,False
2026-03-23 06:20:00+00:00,-1,0.6063401103019714,5.0,trail_stop,True,2,True
2026-03-23 06:26:00+00:00,-1,0.5842276811599731,7.5,target_full,True,1,True
2026-03-23 06:27:00+00:00,-1,0.6295732855796814,7.5,target_full,True,1,True
2026-03-23 06:28:00+00:00,-1,0.6466898918151855,7.5,target_full,True,1,True
2026-03-23 06:29:00+00:00,-1,0.6172401905059814,7.5,target_full,True,1,True
2026-03-23 06:32:00+00:00,-1,0.6523061990737915,7.5,target_full,True,3,True
2026-03-23 06:34:00+00:00,-1,0.6222953796386719,7.5,target_full,True,1,True
2026-03-23 06:36:00+00:00,-1,0.6827502846717834,-20.0,stop_loss,False,2,False
2026-03-23 06:38:00+00:00,1,0.6538551449775696,7.5,target_full,True,1,True
2026-03-23 06:42:00+00:00,-1,0.6425921320915222,7.5,target_full,True,1,True
2026-03-23 06:43:00+00:00,-1,0.62549889087677,7.5,target_full,True,1,True
2026-03-23 06:45:00+00:00,-1,0.6230696439743042,7.5,target_full,True,1,True
2026-03-23 06:46:00+00:00,-1,0.6018032431602478,7.5,target_full,True,1,True
2026-03-23 06:47:00+00:00,-1,0.6621910929679871,-20.0,stop_loss,False,1,False
2026-03-23 06:48:00+00:00,-1,0.6974613070487976,-20.0,stop_loss,False,1,False
2026-03-23 06:49:00+00:00,1,0.6943172812461853,7.5,target_full,True,1,True
2026-03-23 06:50:00+00:00,1,0.7813671827316284,7.5,target_full,True,1,True
2026-03-23 06:51:00+00:00,1,0.7264551520347595,-20.0,stop_loss,False,8,False
2026-03-23 06:52:00+00:00,1,0.6216287016868591,-20.0,stop_loss,False,6,False
2026-03-23 06:54:00+00:00,-1,0.6440202593803406,5.0,trail_stop,True,6,True
2026-03-23 06:55:00+00:00,-1,0.5797964930534363,5.0,trail_stop,True,3,True
2026-03-23 07:01:00+00:00,-1,0.6755704879760742,7.5,target_full,True,2,True
2026-03-23 07:05:00+00:00,-1,0.5723615288734436,7.5,target_full,True,1,True
2026-03-23 07:06:00+00:00,-1,0.5512584447860718,7.5,target_full,True,1,True
2026-03-23 07:07:00+00:00,-1,0.6161794662475586,7.5,target_full,True,1,True
2026-03-23 07:08:00+00:00,-1,0.5547314286231995,-20.0,stop_loss,False,1,False
2026-03-23 07:09:00+00:00,1,0.6653171181678772,-20.0,stop_loss,False,1,False
2026-03-23 07:10:00+00:00,1,0.5697821378707886,-20.0,stop_loss,False,1,False
2026-03-23 07:11:00+00:00,1,0.6304492950439453,5.0,trail_stop,True,2,True
2026-03-23 07:13:00+00:00,-1,0.621956467628479,7.5,target_full,True,1,True
2026-03-23 07:17:00+00:00,1,0.604686439037323,-20.0,stop_loss,False,1,False
2026-03-23 07:18:00+00:00,-1,0.7269228100776672,7.5,target_full,True,1,True
2026-03-23 07:20:00+00:00,-1,0.6568077206611633,7.5,target_full,True,1,True
2026-03-23 07:21:00+00:00,-1,0.6274932026863098,-20.0,stop_loss,False,1,False
2026-03-23 07:22:00+00:00,-1,0.5963422656059265,-20.0,stop_loss,False,1,False
2026-03-23 07:23:00+00:00,1,0.6481310129165649,5.0,trail_stop,True,2,True
2026-03-23 07:24:00+00:00,1,0.650327205657959,5.0,trail_stop,True,3,True
2026-03-23 07:25:00+00:00,1,0.7024651169776917,7.5,target_full,True,1,True
2026-03-23 07:28:00+00:00,1,0.5783157348632812,5.0,trail_stop,True,2,True
2026-03-23 07:33:00+00:00,1,0.6595800518989563,7.5,target_full,True,2,True
2026-03-23 07:34:00+00:00,1,0.6902076601982117,7.5,target_full,True,1,True
2026-03-23 07:35:00+00:00,1,0.6303699016571045,7.5,target_full,True,1,True
2026-03-23 07:36:00+00:00,1,0.6277838349342346,7.5,target_full,True,1,True
2026-03-23 07:38:00+00:00,1,0.6447618007659912,-20.0,stop_loss,False,1,False
2026-03-23 07:39:00+00:00,-1,0.8013491034507751,-20.0,stop_loss,False,1,False
2026-03-23 07:40:00+00:00,1,0.6091779470443726,7.5,target_full,True,1,True
2026-03-23 07:41:00+00:00,1,0.6812714338302612,7.5,target_full,True,2,True
2026-03-23 07:42:00+00:00,1,0.7566925287246704,7.5,target_full,True,1,True
2026-03-23 07:43:00+00:00,1,0.7282999157905579,7.5,target_full,True,1,True
2026-03-23 07:44:00+00:00,1,0.6344117522239685,7.5,target_full,True,1,True
2026-03-23 07:46:00+00:00,1,0.6191566586494446,5.0,trail_stop,True,2,True
2026-03-23 07:49:00+00:00,-1,0.6039758920669556,5.0,trail_stop,True,2,True
2026-03-23 07:50:00+00:00,-1,0.6403678059577942,7.5,target_full,True,1,True
2026-03-23 07:51:00+00:00,-1,0.5983976125717163,7.5,target_full,True,1,True
2026-03-23 07:52:00+00:00,-1,0.711086630821228,7.5,target_full,True,1,True
2026-03-23 07:53:00+00:00,-1,0.6539537906646729,-20.0,stop_loss,False,6,False
2026-03-23 07:54:00+00:00,-1,0.6288740038871765,5.0,trail_stop,True,2,True
2026-03-23 07:59:00+00:00,1,0.561824381351471,7.5,target_full,True,1,True
2026-03-23 08:00:00+00:00,1,0.686687707901001,7.5,target_full,True,5,True
2026-03-23 08:01:00+00:00,1,0.6992142796516418,7.5,target_full,True,1,True
2026-03-23 08:02:00+00:00,1,0.6075865030288696,5.0,trail_stop,True,2,True
2026-03-23 08:03:00+00:00,1,0.6156349778175354,5.0,trail_stop,True,3,True
2026-03-23 08:04:00+00:00,1,0.7049470543861389,7.5,target_full,True,1,True
2026-03-23 08:06:00+00:00,1,0.6432456374168396,5.0,trail_stop,True,3,True
2026-03-23 08:07:00+00:00,1,0.6180698275566101,5.0,trail_stop,True,2,True
2026-03-23 08:08:00+00:00,1,0.5995475649833679,5.0,trail_stop,True,3,True
2026-03-23 08:09:00+00:00,-1,0.5660641193389893,5.0,trail_stop,True,2,True
2026-03-23 08:11:00+00:00,1,0.6053640842437744,5.0,trail_stop,True,3,True
2026-03-23 08:14:00+00:00,1,0.6062466502189636,-20.0,stop_loss,False,1,False
2026-03-23 08:16:00+00:00,-1,0.6655595302581787,7.5,target_full,True,1,True
2026-03-23 08:17:00+00:00,-1,0.5954384207725525,5.0,trail_stop,True,2,True
2026-03-23 08:20:00+00:00,-1,0.5966861844062805,-20.0,stop_loss,False,8,False
2026-03-23 08:21:00+00:00,-1,0.5567827820777893,-20.0,stop_loss,False,7,False
2026-03-23 08:23:00+00:00,1,0.6318830251693726,5.0,trail_stop,True,2,True
2026-03-23 08:24:00+00:00,1,0.5636609196662903,5.0,trail_stop,True,4,True
2026-03-23 08:26:00+00:00,-1,0.6141074895858765,-20.0,stop_loss,False,2,False
2026-03-23 08:27:00+00:00,1,0.5848709940910339,7.5,target_full,True,1,True
2026-03-23 08:28:00+00:00,1,0.5673574805259705,7.5,target_full,True,1,True
2026-03-23 08:32:00+00:00,1,0.6319593191146851,7.5,target_full,True,2,True
2026-03-23 08:37:00+00:00,-1,0.5660174489021301,7.5,target_full,True,1,True
2026-03-23 08:39:00+00:00,-1,0.6465449929237366,-20.0,stop_loss,False,2,False
2026-03-23 08:41:00+00:00,1,0.6657077074050903,7.5,target_full,True,3,True
2026-03-23 08:43:00+00:00,1,0.6716889142990112,7.5,target_full,True,1,True
2026-03-23 08:44:00+00:00,1,0.631987452507019,5.0,trail_stop,True,2,True
2026-03-23 08:45:00+00:00,1,0.6179333329200745,-20.0,stop_loss,False,3,False
2026-03-23 08:46:00+00:00,1,0.7064072489738464,-20.0,stop_loss,False,3,False
2026-03-23 08:48:00+00:00,-1,0.5928969979286194,7.5,target_full,True,1,True
2026-03-23 08:49:00+00:00,-1,0.6180481314659119,7.5,target_full,True,1,True
2026-03-23 08:50:00+00:00,-1,0.5662574172019958,5.0,trail_stop,True,5,True
2026-03-23 08:51:00+00:00,-1,0.5949208736419678,5.0,trail_stop,True,4,True
2026-03-23 08:52:00+00:00,-1,0.6105191707611084,5.0,trail_stop,True,2,True
2026-03-23 08:54:00+00:00,-1,0.5521563291549683,7.5,target_full,True,1,True
2026-03-23 08:55:00+00:00,-1,0.5644398331642151,-20.0,stop_loss,False,2,False
2026-03-23 08:57:00+00:00,1,0.6512672901153564,7.5,target_full,True,1,True
2026-03-23 08:58:00+00:00,1,0.6133683919906616,7.5,target_full,True,1,True
2026-03-23 08:59:00+00:00,1,0.6257593631744385,5.0,trail_stop,True,2,True
2026-03-23 09:00:00+00:00,1,0.5874295830726624,5.0,trail_stop,True,10,True
2026-03-23 09:01:00+00:00,1,0.6902088522911072,5.0,trail_stop,True,3,True
2026-03-23 09:04:00+00:00,1,0.5748611092567444,7.5,target_full,True,5,True
2026-03-23 09:10:00+00:00,1,0.5597565174102783,5.0,trail_stop,True,4,True
2026-03-23 09:14:00+00:00,1,0.6012794375419617,7.5,target_full,True,1,True
2026-03-23 09:15:00+00:00,1,0.5960343480110168,7.5,target_full,True,1,True
2026-03-23 09:16:00+00:00,1,0.6455970406532288,7.5,target_full,True,4,True
2026-03-23 09:17:00+00:00,1,0.6375439167022705,7.5,target_full,True,3,True
2026-03-23 09:19:00+00:00,1,0.6319751143455505,5.0,trail_stop,True,2,True
2026-03-23 09:21:00+00:00,1,0.5672248005867004,5.0,trail_stop,True,8,True
2026-03-23 09:24:00+00:00,-1,0.6092609167098999,-20.0,stop_loss,False,5,False
2026-03-23 09:27:00+00:00,1,0.5972787141799927,5.0,trail_stop,True,2,True
2026-03-23 09:31:00+00:00,1,0.6915480494499207,-20.0,stop_loss,False,4,False
2026-03-23 09:32:00+00:00,-1,0.5968514680862427,5.0,trail_stop,True,2,True
2026-03-23 09:34:00+00:00,-1,0.6218628883361816,7.5,target_full,True,1,True
2026-03-23 09:36:00+00:00,-1,0.6618245840072632,7.5,target_full,True,1,True
2026-03-23 09:37:00+00:00,-1,0.585801899433136,7.5,target_full,True,1,True
2026-03-23 09:39:00+00:00,-1,0.6873009204864502,5.0,trail_stop,True,2,True
2026-03-23 09:40:00+00:00,-1,0.562133252620697,5.0,trail_stop,True,2,True
2026-03-23 09:41:00+00:00,-1,0.6328954696655273,7.5,target_full,True,1,True
2026-03-23 09:42:00+00:00,-1,0.6895866990089417,5.0,trail_stop,True,2,True
2026-03-23 09:44:00+00:00,-1,0.5683240294456482,-20.0,stop_loss,False,4,False
2026-03-23 09:45:00+00:00,1,0.5748869776725769,5.0,trail_stop,True,3,True
2026-03-23 09:46:00+00:00,1,0.5732797980308533,5.0,trail_stop,True,3,True
2026-03-23 09:49:00+00:00,-1,0.6162160634994507,-20.0,stop_loss,False,9,False
2026-03-23 09:56:00+00:00,1,0.5520544648170471,5.0,trail_stop,True,3,True
2026-03-23 10:09:00+00:00,1,0.6377177834510803,7.5,target_full,True,1,True
2026-03-23 10:13:00+00:00,-1,0.638364851474762,-12.86999999999989,timeout,False,12,False
2026-03-23 10:14:00+00:00,-1,0.5738818049430847,5.0,trail_stop,True,6,True
2026-03-23 10:15:00+00:00,1,0.627802848815918,5.0,trail_stop,True,3,True
2026-03-23 10:19:00+00:00,1,0.5624809265136719,5.0,trail_stop,True,5,True
2026-03-23 10:21:00+00:00,-1,0.5684106349945068,1.3699999999998909,timeout,False,12,True
2026-03-23 10:22:00+00:00,-1,0.6159744262695312,5.0,trail_stop,True,8,True
2026-03-23 10:23:00+00:00,1,0.6065514087677002,-9.539999999999964,timeout,False,12,False
2026-03-23 10:27:00+00:00,-1,0.5738679766654968,5.0,trail_stop,True,3,True
2026-03-23 10:37:00+00:00,-1,0.6711394190788269,5.0,trail_stop,True,2,True
2026-03-23 10:38:00+00:00,-1,0.6174715757369995,5.0,trail_stop,True,2,True
2026-03-23 10:42:00+00:00,1,0.5718814134597778,7.5,target_full,True,7,True
2026-03-23 10:45:00+00:00,-1,0.5511600375175476,-20.0,stop_loss,False,4,False
2026-03-23 10:51:00+00:00,1,0.6769900321960449,7.5,target_full,True,8,True
2026-03-23 10:56:00+00:00,-1,0.6477338671684265,-20.0,stop_loss,False,3,False
2026-03-23 10:57:00+00:00,1,0.6122093200683594,7.5,target_full,True,2,True
2026-03-23 10:59:00+00:00,1,0.5529159307479858,7.5,target_full,True,1,True
2026-03-23 11:00:00+00:00,1,0.5840367674827576,5.0,trail_stop,True,2,True
2026-03-23 11:01:00+00:00,1,0.6029203534126282,7.5,target_full,True,3,True
2026-03-23 11:03:00+00:00,-1,0.6280862092971802,-20.0,stop_loss,False,1,False
2026-03-23 11:05:00+00:00,1,0.5827611088752747,7.5,target_full,True,1,True
2026-03-23 11:07:00+00:00,1,0.5572286248207092,-20.0,stop_loss,False,1,False
2026-03-23 11:21:00+00:00,-1,0.5525382161140442,7.5,target_full,True,1,True
2026-03-23 11:24:00+00:00,1,0.5728850960731506,7.5,target_full,True,1,True
2026-03-23 11:25:00+00:00,1,0.5644775032997131,7.5,target_full,True,1,True
2026-03-23 11:26:00+00:00,1,0.6270867586135864,-20.0,stop_loss,False,1,False
2026-03-23 11:27:00+00:00,1,0.6897684335708618,5.0,trail_stop,True,2,True
2026-03-23 11:28:00+00:00,-1,0.6529982089996338,-20.0,stop_loss,False,1,False
2026-03-23 11:29:00+00:00,1,0.686166524887085,5.0,trail_stop,True,2,True
2026-03-23 11:31:00+00:00,1,0.7993727326393127,7.5,target_full,True,2,True
2026-03-23 11:34:00+00:00,1,0.5638787746429443,5.0,trail_stop,True,2,True
2026-03-23 11:36:00+00:00,1,0.6101179122924805,-20.0,stop_loss,False,1,False
2026-03-23 11:37:00+00:00,-1,0.7120552062988281,5.0,trail_stop,True,2,True
2026-03-23 11:38:00+00:00,-1,0.6185773015022278,7.5,target_full,True,1,True
2026-03-23 11:40:00+00:00,-1,0.6800704598426819,-20.0,stop_loss,False,2,False
2026-03-23 11:41:00+00:00,-1,0.5870431065559387,-20.0,stop_loss,False,2,False
2026-03-23 11:43:00+00:00,1,0.6258044242858887,5.0,trail_stop,True,2,True
2026-03-23 11:45:00+00:00,1,0.6048733592033386,-20.0,stop_loss,False,1,False
2026-03-23 11:46:00+00:00,-1,0.6999560594558716,7.5,target_full,True,1,True
2026-03-23 11:47:00+00:00,-1,0.6819731593132019,5.0,trail_stop,True,4,True
2026-03-23 11:49:00+00:00,-1,0.6187160611152649,7.5,target_full,True,1,True
2026-03-23 11:50:00+00:00,1,0.6154190301895142,5.0,trail_stop,True,2,True
2026-03-23 11:51:00+00:00,-1,0.6286113858222961,-20.0,stop_loss,False,1,False
2026-03-23 11:52:00+00:00,-1,0.6603960990905762,-20.0,stop_loss,False,1,False
2026-03-23 11:53:00+00:00,1,0.5859695672988892,-20.0,stop_loss,False,1,False
2026-03-23 11:54:00+00:00,1,0.6537528038024902,-20.0,stop_loss,False,1,False
2026-03-23 11:55:00+00:00,-1,0.6919494867324829,7.5,target_full,True,1,True
2026-03-23 11:56:00+00:00,-1,0.626247227191925,7.5,target_full,True,1,True
2026-03-23 11:57:00+00:00,-1,0.7176117300987244,5.0,trail_stop,True,4,True
2026-03-23 11:58:00+00:00,-1,0.577435314655304,7.5,target_full,True,2,True
2026-03-23 12:00:00+00:00,-1,0.5706167221069336,7.5,target_full,True,1,True
2026-03-23 12:02:00+00:00,-1,0.5853784084320068,7.5,target_full,True,2,True
2026-03-23 12:05:00+00:00,-1,0.6958021521568298,5.0,trail_stop,True,2,True
2026-03-23 12:06:00+00:00,-1,0.5530662536621094,5.0,trail_stop,True,2,True
2026-03-23 12:07:00+00:00,-1,0.6349618434906006,-20.0,stop_loss,False,1,False
2026-03-23 12:08:00+00:00,1,0.6327974796295166,7.5,target_full,True,1,True
2026-03-23 12:09:00+00:00,1,0.7120639085769653,5.0,trail_stop,True,2,True
2026-03-23 12:10:00+00:00,1,0.6884903907775879,-20.0,stop_loss,False,3,False
2026-03-23 12:11:00+00:00,1,0.6529149413108826,5.0,trail_stop,True,2,True
2026-03-23 12:14:00+00:00,-1,0.6165582537651062,-20.0,stop_loss,False,1,False
2026-03-23 12:15:00+00:00,-1,0.6398919224739075,-20.0,stop_loss,False,1,False
2026-03-23 12:16:00+00:00,1,0.6543735265731812,7.5,target_full,True,1,True
2026-03-23 12:17:00+00:00,1,0.6885123252868652,5.0,trail_stop,True,2,True
2026-03-23 12:18:00+00:00,1,0.6222972273826599,7.5,target_full,True,1,True
2026-03-23 12:19:00+00:00,1,0.672328531742096,5.0,trail_stop,True,2,True
2026-03-23 12:20:00+00:00,1,0.6504160165786743,-20.0,stop_loss,False,9,False
2026-03-23 12:21:00+00:00,1,0.629619836807251,-20.0,stop_loss,False,8,False
2026-03-23 12:22:00+00:00,-1,0.5700753927230835,5.0,trail_stop,True,2,True
2026-03-23 12:28:00+00:00,1,0.6327921748161316,-20.0,stop_loss,False,1,False
2026-03-23 12:52:00+00:00,1,0.6007500886917114,5.0,trail_stop,True,4,True
2026-03-23 12:53:00+00:00,1,0.636564314365387,5.0,trail_stop,True,2,True
2026-03-23 12:55:00+00:00,-1,0.5699034929275513,7.5,target_full,True,4,True
2026-03-23 12:59:00+00:00,-1,0.5592147707939148,7.5,target_full,True,1,True
2026-03-23 13:00:00+00:00,-1,0.6556222438812256,7.5,target_full,True,1,True
2026-03-23 13:01:00+00:00,-1,0.5910484194755554,7.5,target_full,True,1,True
2026-03-23 13:03:00+00:00,-1,0.583257257938385,7.5,target_full,True,1,True
2026-03-23 13:05:00+00:00,-1,0.622304379940033,5.0,trail_stop,True,2,True
2026-03-23 13:11:00+00:00,1,0.5773455500602722,-20.0,stop_loss,False,7,False
2026-03-23 13:13:00+00:00,1,0.5523755550384521,-20.0,stop_loss,False,5,False
2026-03-23 13:14:00+00:00,-1,0.6066871881484985,7.5,target_full,True,2,True
2026-03-23 13:15:00+00:00,-1,0.6117103695869446,7.5,target_full,True,1,True
2026-03-23 13:17:00+00:00,-1,0.5915688276290894,7.5,target_full,True,1,True
2026-03-23 13:18:00+00:00,-1,0.6658123731613159,7.5,target_full,True,1,True
2026-03-23 13:19:00+00:00,-1,0.657990038394928,5.0,trail_stop,True,5,True
2026-03-23 13:20:00+00:00,-1,0.6155584454536438,7.5,target_full,True,1,True
2026-03-23 13:22:00+00:00,-1,0.570258617401123,5.0,trail_stop,True,2,True
2026-03-23 13:24:00+00:00,-1,0.5734553337097168,7.5,target_full,True,1,True
2026-03-23 13:25:00+00:00,-1,0.6816473603248596,5.0,trail_stop,True,5,True
2026-03-23 13:27:00+00:00,-1,0.6057053804397583,7.5,target_full,True,1,True
2026-03-23 13:29:00+00:00,-1,0.5972974896430969,5.0,trail_stop,True,3,True
2026-03-23 13:31:00+00:00,-1,0.6143443584442139,5.0,trail_stop,True,2,True
2026-03-23 13:32:00+00:00,1,0.6141911745071411,7.5,target_full,True,1,True
2026-03-23 13:33:00+00:00,1,0.6368125677108765,5.0,trail_stop,True,2,True
2026-03-23 13:37:00+00:00,1,0.6517906188964844,5.0,trail_stop,True,3,True
2026-03-23 13:38:00+00:00,1,0.6464455127716064,7.5,target_full,True,1,True
2026-03-23 13:39:00+00:00,-1,0.5571571588516235,5.0,trail_stop,True,5,True
2026-03-23 13:40:00+00:00,1,0.5500244498252869,7.5,target_full,True,1,True
2026-03-23 13:42:00+00:00,1,0.6391679048538208,-20.0,stop_loss,False,1,False
2026-03-23 13:43:00+00:00,1,0.6151372790336609,-20.0,stop_loss,False,1,False
2026-03-23 13:44:00+00:00,-1,0.6730411648750305,-20.0,stop_loss,False,1,False
2026-03-23 13:45:00+00:00,-1,0.6393337249755859,-20.0,stop_loss,False,6,False
2026-03-23 13:46:00+00:00,1,0.6420338153839111,5.0,trail_stop,True,2,True
2026-03-23 13:51:00+00:00,1,0.6143850684165955,7.5,target_full,True,1,True
2026-03-23 13:52:00+00:00,1,0.6272646188735962,-20.0,stop_loss,False,2,False
2026-03-23 13:53:00+00:00,1,0.6180664300918579,-20.0,stop_loss,False,1,False
2026-03-23 13:54:00+00:00,-1,0.7067885994911194,7.5,target_full,True,1,True
2026-03-23 13:55:00+00:00,-1,0.6643298864364624,-20.0,stop_loss,False,4,False
2026-03-23 13:57:00+00:00,1,0.5911335349082947,7.5,target_full,True,2,True
2026-03-23 14:03:00+00:00,1,0.5853548645973206,7.5,target_full,True,11,True
2026-03-23 14:06:00+00:00,-1,0.5909716486930847,-20.0,stop_loss,False,8,False
2026-03-23 14:07:00+00:00,1,0.6284846067428589,7.5,target_full,True,7,True
2026-03-23 14:08:00+00:00,-1,0.6690890192985535,5.0,trail_stop,True,3,True
2026-03-23 14:13:00+00:00,1,0.5907520055770874,7.5,target_full,True,1,True
2026-03-23 14:14:00+00:00,1,0.5982666015625,7.5,target_full,True,1,True
2026-03-23 14:15:00+00:00,1,0.5735288858413696,5.0,trail_stop,True,2,True
2026-03-23 14:17:00+00:00,1,0.6623620986938477,5.0,trail_stop,True,2,True
2026-03-23 14:19:00+00:00,1,0.5968977212905884,5.0,trail_stop,True,2,True
2026-03-23 14:24:00+00:00,1,0.6086098551750183,5.0,trail_stop,True,2,True
2026-03-23 14:26:00+00:00,1,0.5729103684425354,-20.0,stop_loss,False,2,False
2026-03-23 14:27:00+00:00,-1,0.5811306238174438,7.5,target_full,True,1,True
2026-03-23 14:28:00+00:00,-1,0.6037805676460266,7.5,target_full,True,1,True
2026-03-23 14:32:00+00:00,1,0.5834941864013672,5.0,trail_stop,True,3,True
2026-03-23 14:33:00+00:00,1,0.6447580456733704,-20.0,stop_loss,False,5,False
2026-03-23 14:34:00+00:00,1,0.6049131751060486,5.0,trail_stop,True,2,True
2026-03-23 14:35:00+00:00,1,0.5650728940963745,-20.0,stop_loss,False,3,False
2026-03-23 14:36:00+00:00,-1,0.6071825623512268,7.5,target_full,True,1,True
2026-03-23 14:37:00+00:00,-1,0.6426827311515808,5.0,trail_stop,True,2,True
2026-03-23 14:38:00+00:00,-1,0.5592329502105713,7.5,target_full,True,1,True
2026-03-23 14:39:00+00:00,-1,0.601376473903656,5.0,trail_stop,True,2,True
2026-03-23 14:40:00+00:00,-1,0.5931425094604492,5.0,trail_stop,True,5,True
2026-03-23 14:41:00+00:00,-1,0.5771862268447876,7.5,target_full,True,3,True
2026-03-23 14:43:00+00:00,1,0.6145232319831848,5.0,trail_stop,True,4,True
2026-03-23 14:45:00+00:00,-1,0.5828380584716797,7.5,target_full,True,4,True
2026-03-23 14:46:00+00:00,-1,0.6397366523742676,5.0,trail_stop,True,2,True
2026-03-23 14:47:00+00:00,1,0.5953078269958496,-20.0,stop_loss,False,2,False
2026-03-23 14:48:00+00:00,-1,0.6502054929733276,7.5,target_full,True,1,True
2026-03-23 14:49:00+00:00,1,0.5819250345230103,-20.0,stop_loss,False,10,False
2026-03-23 14:50:00+00:00,-1,0.6311310529708862,5.0,trail_stop,True,10,True
2026-03-23 14:54:00+00:00,-1,0.6028202772140503,5.0,trail_stop,True,6,True
2026-03-23 14:55:00+00:00,-1,0.551594614982605,5.0,trail_stop,True,4,True
2026-03-23 14:56:00+00:00,1,0.5996620655059814,-20.0,stop_loss,False,3,False
2026-03-23 14:57:00+00:00,1,0.6018038988113403,5.0,trail_stop,True,4,True
2026-03-23 14:59:00+00:00,-1,0.6106269359588623,5.0,trail_stop,True,2,True
2026-03-23 15:04:00+00:00,-1,0.6010584831237793,5.0,trail_stop,True,9,True
2026-03-23 15:05:00+00:00,1,0.5509743094444275,5.0,trail_stop,True,3,True
2026-03-23 15:06:00+00:00,1,0.5672456622123718,-20.0,stop_loss,False,6,False
2026-03-23 15:08:00+00:00,-1,0.6264463663101196,7.5,target_full,True,3,True
2026-03-23 15:10:00+00:00,-1,0.5715252161026001,7.5,target_full,True,1,True
2026-03-23 15:12:00+00:00,-1,0.616696298122406,5.0,trail_stop,True,2,True
2026-03-23 15:14:00+00:00,-1,0.6439688801765442,7.5,target_full,True,1,True
2026-03-23 15:16:00+00:00,-1,0.6167262196540833,7.5,target_full,True,1,True
2026-03-23 15:17:00+00:00,-1,0.6281222701072693,5.0,trail_stop,True,2,True
2026-03-23 15:18:00+00:00,-1,0.5619917511940002,-20.0,stop_loss,False,3,False
2026-03-23 15:19:00+00:00,-1,0.6280398964881897,5.0,trail_stop,True,2,True
2026-03-23 15:20:00+00:00,-1,0.6524247527122498,-20.0,stop_loss,False,2,False
2026-03-23 15:21:00+00:00,1,0.5557088255882263,7.5,target_full,True,1,True
2026-03-23 15:22:00+00:00,1,0.6152169704437256,5.0,trail_stop,True,2,True
2026-03-23 15:26:00+00:00,-1,0.6091645956039429,5.0,trail_stop,True,3,True
2026-03-23 15:27:00+00:00,-1,0.601441502571106,5.0,trail_stop,True,2,True
2026-03-23 15:28:00+00:00,-1,0.5559001564979553,7.5,target_full,True,5,True
2026-03-23 15:33:00+00:00,-1,0.660669207572937,7.5,target_full,True,1,True
2026-03-23 15:34:00+00:00,-1,0.612133800983429,7.5,target_full,True,1,True
2026-03-23 15:45:00+00:00,-1,0.573190450668335,7.5,target_full,True,1,True
2026-03-23 15:46:00+00:00,-1,0.6591280698776245,7.5,target_full,True,5,True
2026-03-23 15:52:00+00:00,-1,0.5611851811408997,7.5,target_full,True,2,True
2026-03-23 15:53:00+00:00,1,0.6065606474876404,-20.0,stop_loss,False,1,False
2026-03-23 15:54:00+00:00,-1,0.6814082264900208,7.5,target_full,True,1,True
2026-03-23 15:55:00+00:00,-1,0.6818655133247375,7.5,target_full,True,1,True
2026-03-23 15:56:00+00:00,-1,0.5536925196647644,7.5,target_full,True,1,True
2026-03-23 15:57:00+00:00,-1,0.5872291922569275,7.5,target_full,True,1,True
2026-03-23 15:58:00+00:00,-1,0.6280601024627686,-20.0,stop_loss,False,3,False
2026-03-23 15:59:00+00:00,-1,0.651073694229126,5.0,trail_stop,True,2,True
2026-03-23 16:00:00+00:00,-1,0.6201547980308533,5.0,trail_stop,True,4,True
2026-03-23 16:03:00+00:00,1,0.615243136882782,5.0,trail_stop,True,4,True
2026-03-23 16:04:00+00:00,-1,0.5570899248123169,7.5,target_full,True,1,True
2026-03-23 16:05:00+00:00,-1,0.6357725262641907,-20.0,stop_loss,False,2,False
2026-03-23 16:06:00+00:00,1,0.5523615479469299,5.0,trail_stop,True,2,True
2026-03-23 16:11:00+00:00,1,0.5532106757164001,5.0,trail_stop,True,2,True
2026-03-23 16:13:00+00:00,1,0.5933018922805786,5.0,trail_stop,True,2,True
2026-03-23 16:17:00+00:00,-1,0.701330840587616,5.0,trail_stop,True,2,True
2026-03-23 16:18:00+00:00,-1,0.6304806470870972,5.0,trail_stop,True,3,True
2026-03-23 16:20:00+00:00,-1,0.6085647940635681,5.0,trail_stop,True,2,True
2026-03-23 16:21:00+00:00,-1,0.648865282535553,-20.0,stop_loss,False,1,False
2026-03-23 16:27:00+00:00,-1,0.5833239555358887,5.0,trail_stop,True,2,True
2026-03-23 16:28:00+00:00,-1,0.6215977668762207,5.0,trail_stop,True,2,True
2026-03-23 16:29:00+00:00,-1,0.6167470812797546,-20.0,stop_loss,False,2,False
2026-03-23 16:30:00+00:00,1,0.600528359413147,7.5,target_full,True,1,True
2026-03-23 16:31:00+00:00,1,0.6104522943496704,5.0,trail_stop,True,4,True
2026-03-23 16:34:00+00:00,1,0.6080227494239807,7.5,target_full,True,2,True
2026-03-23 16:38:00+00:00,1,0.5611581206321716,5.0,trail_stop,True,5,True
2026-03-23 16:41:00+00:00,-1,0.5968623757362366,-11.730000000000473,timeout,False,12,False
2026-03-23 16:43:00+00:00,1,0.578741729259491,5.0,trail_stop,True,2,True
2026-03-23 16:46:00+00:00,-1,0.585950493812561,5.0,trail_stop,True,2,True
2026-03-23 16:48:00+00:00,-1,0.644078254699707,-8.659999999999854,timeout,False,12,False
2026-03-23 16:49:00+00:00,1,0.6126680374145508,5.0,trail_stop,True,4,True
2026-03-23 16:51:00+00:00,1,0.6663350462913513,7.5,target_full,True,1,True
2026-03-23 16:52:00+00:00,1,0.607487142086029,5.0,trail_stop,True,2,True
2026-03-23 16:57:00+00:00,-1,0.5807554721832275,5.0,trail_stop,True,2,True
2026-03-23 17:00:00+00:00,1,0.5882837176322937,7.5,target_full,True,7,True
2026-03-23 17:02:00+00:00,-1,0.6612954139709473,-20.0,stop_loss,False,5,False
2026-03-23 17:06:00+00:00,1,0.5592385530471802,7.5,target_full,True,1,True
2026-03-23 17:07:00+00:00,1,0.5636844635009766,7.5,target_full,True,1,True
2026-03-23 17:08:00+00:00,1,0.560253381729126,5.0,trail_stop,True,5,True
2026-03-23 17:09:00+00:00,1,0.6316220760345459,5.0,trail_stop,True,4,True
2026-03-23 17:11:00+00:00,-1,0.6213066577911377,5.0,trail_stop,True,5,True
2026-03-23 17:13:00+00:00,1,0.5767984390258789,5.255000000000109,timeout,True,12,True
2026-03-23 17:14:00+00:00,-1,0.5739339590072632,5.0,trail_stop,True,2,True
2026-03-23 17:17:00+00:00,1,0.5591532588005066,5.0,trail_stop,True,8,True
2026-03-23 17:20:00+00:00,-1,0.6232241988182068,-20.0,stop_loss,False,5,False
2026-03-23 17:21:00+00:00,-1,0.5558927059173584,-20.0,stop_loss,False,9,False
2026-03-23 17:23:00+00:00,1,0.5726338624954224,7.5,target_full,True,2,True
2026-03-23 17:28:00+00:00,1,0.6376088261604309,7.5,target_full,True,2,True
2026-03-23 17:30:00+00:00,1,0.606611967086792,7.5,target_full,True,1,True
2026-03-23 17:31:00+00:00,1,0.5978283882141113,5.0,trail_stop,True,3,True
2026-03-23 17:33:00+00:00,1,0.6028411388397217,7.5,target_full,True,2,True
2026-03-23 17:35:00+00:00,1,0.6495367288589478,-20.0,stop_loss,False,11,False
2026-03-23 17:36:00+00:00,1,0.5513144135475159,-20.0,stop_loss,False,9,False
2026-03-23 17:37:00+00:00,1,0.6078466176986694,-20.0,stop_loss,False,9,False
2026-03-23 17:54:00+00:00,1,0.5615557432174683,5.0,trail_stop,True,4,True
2026-03-23 18:07:00+00:00,-1,0.6730619668960571,-20.0,stop_loss,False,5,False
2026-03-23 18:08:00+00:00,-1,0.5512906312942505,5.0,trail_stop,True,9,True
2026-03-23 18:10:00+00:00,1,0.6021310091018677,5.0,trail_stop,True,3,True
2026-03-23 18:17:00+00:00,-1,0.6671571135520935,-20.0,stop_loss,False,12,False
2026-03-23 18:50:00+00:00,-1,0.575145423412323,5.0,trail_stop,True,2,True
2026-03-23 18:52:00+00:00,-1,0.5636939406394958,5.0,trail_stop,True,2,True
2026-03-23 18:53:00+00:00,-1,0.6206702589988708,5.0,trail_stop,True,8,True
2026-03-23 19:10:00+00:00,-1,0.552243709564209,5.0,trail_stop,True,2,True
2026-03-23 19:11:00+00:00,-1,0.5635478496551514,7.5,target_full,True,1,True
2026-03-23 19:12:00+00:00,-1,0.5919526815414429,7.5,target_full,True,1,True
2026-03-23 19:13:00+00:00,-1,0.6608573198318481,5.0,trail_stop,True,2,True
2026-03-23 19:14:00+00:00,-1,0.6571735739707947,7.5,target_full,True,1,True
2026-03-23 19:16:00+00:00,-1,0.6125659346580505,5.0,trail_stop,True,4,True
2026-03-23 19:20:00+00:00,-1,0.5874263644218445,-12.909999999999854,timeout,False,12,False
2026-03-23 19:28:00+00:00,1,0.5726326107978821,-10.719999999999345,timeout,False,12,False
2026-03-23 19:42:00+00:00,-1,0.5592225790023804,5.0,trail_stop,True,9,True
2026-03-23 19:44:00+00:00,1,0.5711146593093872,7.5,target_full,True,1,True
2026-03-23 19:45:00+00:00,1,0.6230944395065308,5.0,trail_stop,True,2,True
2026-03-23 19:48:00+00:00,-1,0.6181972026824951,7.5,target_full,True,2,True
2026-03-23 19:50:00+00:00,-1,0.5580865144729614,5.0,trail_stop,True,2,True
2026-03-23 19:55:00+00:00,-1,0.5668088793754578,5.0,trail_stop,True,4,True
2026-03-23 20:00:00+00:00,-1,0.6325139999389648,-20.0,stop_loss,False,10,False
2026-03-23 20:01:00+00:00,-1,0.5521385073661804,5.0,trail_stop,True,2,True
2026-03-23 20:09:00+00:00,1,0.5543063879013062,5.0,trail_stop,True,2,True
2026-03-23 20:10:00+00:00,1,0.5888954401016235,5.0,trail_stop,True,4,True
2026-03-23 20:15:00+00:00,1,0.5792727470397949,-8.479999999999563,timeout,False,12,False
2026-03-23 20:16:00+00:00,1,0.553129255771637,-1.7899999999999636,timeout,False,12,False
2026-03-23 22:03:00+00:00,-1,0.5572468042373657,7.5,target_full,True,1,True
2026-03-23 22:04:00+00:00,-1,0.5542557835578918,7.5,target_full,True,1,True
2026-03-23 22:12:00+00:00,1,0.5857604742050171,5.0,trail_stop,True,2,True
2026-03-23 22:13:00+00:00,1,0.6154165863990784,5.0,trail_stop,True,7,True
2026-03-23 22:20:00+00:00,1,0.5997639298439026,5.0,trail_stop,True,2,True
2026-03-23 22:22:00+00:00,1,0.6088107824325562,5.0,trail_stop,True,5,True
2026-03-23 22:24:00+00:00,-1,0.5883504748344421,-12.94000000000051,timeout,False,12,False
2026-03-23 22:27:00+00:00,1,0.6699783802032471,5.0,trail_stop,True,3,True
2026-03-23 22:29:00+00:00,1,0.6237366199493408,-7.6799999999993815,timeout,False,12,False
2026-03-23 22:31:00+00:00,-1,0.626897931098938,7.5,target_full,True,1,True
2026-03-23 22:36:00+00:00,1,0.5735523104667664,0.8100000000004002,timeout,False,12,True
2026-03-23 22:40:00+00:00,-1,0.6175258159637451,-16.539999999999964,timeout,False,12,False
2026-03-23 23:07:00+00:00,1,0.5560957789421082,5.0,trail_stop,True,9,True
2026-03-23 23:18:00+00:00,-1,0.5735996961593628,5.0,trail_stop,True,2,True
2026-03-23 23:24:00+00:00,1,0.5851815342903137,-14.519999999999527,timeout,False,12,False
2026-03-23 23:47:00+00:00,1,0.6142880320549011,5.0,trail_stop,True,2,True
2026-03-23 23:48:00+00:00,1,0.5722273588180542,5.0,trail_stop,True,6,True
2026-03-23 23:55:00+00:00,-1,0.5565763711929321,5.0,trail_stop,True,7,True
2026-03-24 00:02:00+00:00,-1,0.5833273530006409,5.0,trail_stop,True,10,True
2026-03-24 00:16:00+00:00,-1,0.661276638507843,7.5,target_full,True,1,True
2026-03-24 00:17:00+00:00,-1,0.6680307984352112,7.5,target_full,True,8,True
2026-03-24 00:19:00+00:00,-1,0.6510361433029175,5.0,trail_stop,True,2,True
2026-03-24 00:20:00+00:00,1,0.6351495385169983,5.0,trail_stop,True,2,True
2026-03-24 00:21:00+00:00,1,0.666114330291748,-20.0,stop_loss,False,5,False
2026-03-24 00:23:00+00:00,-1,0.5712380409240723,7.5,target_full,True,2,True
2026-03-24 00:27:00+00:00,-1,0.7150470018386841,5.0,trail_stop,True,2,True
2026-03-24 00:28:00+00:00,-1,0.6322050094604492,7.5,target_full,True,4,True
2026-03-24 00:30:00+00:00,-1,0.6737849712371826,7.5,target_full,True,2,True
2026-03-24 00:31:00+00:00,1,0.6619656682014465,-20.0,stop_loss,False,1,False
2026-03-24 00:32:00+00:00,-1,0.629430890083313,7.5,target_full,True,1,True
2026-03-24 00:33:00+00:00,-1,0.6478608250617981,5.0,trail_stop,True,5,True
2026-03-24 00:34:00+00:00,-1,0.6248318552970886,5.0,trail_stop,True,3,True
2026-03-24 00:36:00+00:00,1,0.6516180634498596,-20.0,stop_loss,False,2,False
2026-03-24 00:38:00+00:00,-1,0.6671946048736572,7.5,target_full,True,1,True
2026-03-24 00:39:00+00:00,-1,0.682404637336731,5.0,trail_stop,True,2,True
2026-03-24 00:40:00+00:00,-1,0.6500837802886963,5.0,trail_stop,True,4,True
2026-03-24 00:41:00+00:00,-1,0.633036196231842,5.0,trail_stop,True,2,True
2026-03-24 00:43:00+00:00,1,0.6950359344482422,7.5,target_full,True,1,True
2026-03-24 00:45:00+00:00,1,0.658518373966217,7.5,target_full,True,1,True
2026-03-24 00:46:00+00:00,1,0.6916154623031616,7.5,target_full,True,1,True
2026-03-24 00:47:00+00:00,1,0.6944832801818848,5.0,trail_stop,True,3,True
2026-03-24 00:48:00+00:00,1,0.6975964307785034,5.0,trail_stop,True,2,True
2026-03-24 00:50:00+00:00,1,0.6332939863204956,5.0,trail_stop,True,2,True
2026-03-24 00:53:00+00:00,1,0.6671063899993896,-20.0,stop_loss,False,4,False
2026-03-24 00:56:00+00:00,-1,0.644198477268219,7.5,target_full,True,1,True
2026-03-24 00:59:00+00:00,-1,0.6816130876541138,7.5,target_full,True,1,True
2026-03-24 01:01:00+00:00,1,0.5869731903076172,-20.0,stop_loss,False,3,False
2026-03-24 01:02:00+00:00,-1,0.7153019905090332,5.0,trail_stop,True,2,True
2026-03-24 01:04:00+00:00,-1,0.6861729621887207,5.0,trail_stop,True,4,True
2026-03-24 01:06:00+00:00,1,0.6554776430130005,-20.0,stop_loss,False,2,False
2026-03-24 01:07:00+00:00,-1,0.6123368144035339,7.5,target_full,True,1,True
2026-03-24 01:08:00+00:00,-1,0.6420052647590637,5.0,trail_stop,True,5,True
2026-03-24 01:09:00+00:00,-1,0.583484411239624,-20.0,stop_loss,False,2,False
2026-03-24 01:10:00+00:00,1,0.6701456308364868,5.0,trail_stop,True,2,True
2026-03-24 01:11:00+00:00,1,0.6529332399368286,-20.0,stop_loss,False,1,False
2026-03-24 01:12:00+00:00,1,0.683059811592102,-20.0,stop_loss,False,1,False
2026-03-24 01:13:00+00:00,-1,0.6591604948043823,7.5,target_full,True,1,True
2026-03-24 01:14:00+00:00,-1,0.5995460748672485,-20.0,stop_loss,False,5,False
2026-03-24 01:15:00+00:00,-1,0.5989489555358887,-20.0,stop_loss,False,4,False
2026-03-24 01:19:00+00:00,1,0.6523601412773132,7.5,target_full,True,1,True
2026-03-24 01:20:00+00:00,1,0.6333569288253784,5.0,trail_stop,True,2,True
2026-03-24 01:22:00+00:00,1,0.5768961906433105,5.0,trail_stop,True,3,True
2026-03-24 01:23:00+00:00,1,0.6033452153205872,7.5,target_full,True,1,True
2026-03-24 01:24:00+00:00,1,0.5614375472068787,5.0,trail_stop,True,2,True
2026-03-24 01:25:00+00:00,1,0.5760089755058289,-10.920000000000073,timeout,False,12,False
2026-03-24 01:26:00+00:00,1,0.5861928462982178,5.0,trail_stop,True,10,True
2026-03-24 01:29:00+00:00,-1,0.5801699757575989,7.5,target_full,True,11,True
2026-03-24 01:34:00+00:00,1,0.5795117616653442,5.0,trail_stop,True,2,True
2026-03-24 01:39:00+00:00,-1,0.5683726668357849,7.5,target_full,True,1,True
2026-03-24 01:41:00+00:00,-1,0.6708724498748779,7.5,target_full,True,1,True
2026-03-24 01:42:00+00:00,-1,0.6572849154472351,5.0,trail_stop,True,2,True
2026-03-24 01:43:00+00:00,-1,0.6107083559036255,5.0,trail_stop,True,2,True
2026-03-24 01:44:00+00:00,-1,0.5968515872955322,7.5,target_full,True,2,True
2026-03-24 01:45:00+00:00,-1,0.6235873103141785,7.5,target_full,True,1,True
2026-03-24 01:47:00+00:00,-1,0.6843754053115845,-20.0,stop_loss,False,4,False
2026-03-24 01:48:00+00:00,-1,0.5712421536445618,5.0,trail_stop,True,2,True
2026-03-24 01:49:00+00:00,-1,0.5932929515838623,-13.779999999999745,timeout,False,12,False
2026-03-24 01:50:00+00:00,1,0.5814612507820129,7.5,target_full,True,1,True
2026-03-24 01:51:00+00:00,1,0.619709312915802,5.0,trail_stop,True,2,True
2026-03-24 01:52:00+00:00,1,0.6209768652915955,5.0,trail_stop,True,11,True
2026-03-24 01:54:00+00:00,-1,0.6094707250595093,5.0,trail_stop,True,4,True
2026-03-24 01:59:00+00:00,-1,0.5860415697097778,5.0,trail_stop,True,2,True
2026-03-24 02:00:00+00:00,-1,0.6005541086196899,-20.0,stop_loss,False,2,False
2026-03-24 02:01:00+00:00,1,0.6683201789855957,7.5,target_full,True,1,True
2026-03-24 02:04:00+00:00,1,0.6156120300292969,-20.0,stop_loss,False,5,False
2026-03-24 02:05:00+00:00,-1,0.6073983311653137,5.0,trail_stop,True,4,True
2026-03-24 02:06:00+00:00,-1,0.6218061447143555,5.0,trail_stop,True,2,True
2026-03-24 02:08:00+00:00,1,0.5843625664710999,4.925000000000182,timeout,True,12,True
2026-03-24 02:10:00+00:00,-1,0.5942656993865967,5.0,trail_stop,True,2,True
2026-03-24 02:13:00+00:00,-1,0.5722646117210388,-20.0,stop_loss,False,8,False
2026-03-24 02:20:00+00:00,1,0.5887437462806702,7.5,target_full,True,1,True
2026-03-24 02:21:00+00:00,1,0.5911613702774048,7.5,target_full,True,1,True
2026-03-24 02:22:00+00:00,1,0.6535965204238892,5.0,trail_stop,True,7,True
2026-03-24 02:23:00+00:00,1,0.7024311423301697,7.5,target_full,True,5,True
2026-03-24 02:24:00+00:00,1,0.6150561571121216,5.0,trail_stop,True,2,True
2026-03-24 02:26:00+00:00,-1,0.5642736554145813,-20.0,stop_loss,False,3,False
2026-03-24 02:29:00+00:00,1,0.6383475065231323,7.5,target_full,True,2,True
2026-03-24 02:32:00+00:00,1,0.6692749857902527,5.0,trail_stop,True,2,True
2026-03-24 02:34:00+00:00,1,0.6678913235664368,5.0,trail_stop,True,12,True
2026-03-24 02:46:00+00:00,1,0.5993235111236572,-20.0,stop_loss,False,3,False
2026-03-24 02:48:00+00:00,1,0.5656982660293579,-20.0,stop_loss,False,1,False
2026-03-24 02:49:00+00:00,-1,0.633507251739502,7.5,target_full,True,1,True
2026-03-24 02:50:00+00:00,-1,0.6916951537132263,5.0,trail_stop,True,12,True
2026-03-24 03:00:00+00:00,-1,0.5711847543716431,5.0,trail_stop,True,3,True
2026-03-24 03:01:00+00:00,-1,0.6078917980194092,5.0,trail_stop,True,2,True
2026-03-24 03:02:00+00:00,-1,0.5949950814247131,-9.890000000000327,timeout,False,12,False
2026-03-24 03:30:00+00:00,-1,0.6165451407432556,5.0,trail_stop,True,2,True
2026-03-24 03:31:00+00:00,-1,0.6076095700263977,5.0,trail_stop,True,5,True
2026-03-24 03:32:00+00:00,-1,0.6068260073661804,5.0,trail_stop,True,2,True
2026-03-24 05:09:00+00:00,1,0.5600942373275757,5.0,trail_stop,True,2,True
2026-03-24 05:12:00+00:00,1,0.5925548076629639,-2.930000000000291,timeout,False,12,False
2026-03-24 05:13:00+00:00,1,0.6778558492660522,5.0,trail_stop,True,4,True
2026-03-24 05:16:00+00:00,1,0.6092605590820312,5.0,trail_stop,True,2,True
2026-03-24 05:18:00+00:00,1,0.5592701435089111,-20.0,stop_loss,False,11,False
2026-03-24 05:34:00+00:00,1,0.5959632396697998,7.5,target_full,True,1,True
2026-03-24 05:35:00+00:00,1,0.610860288143158,7.5,target_full,True,4,True
2026-03-24 05:36:00+00:00,1,0.6833136677742004,7.5,target_full,True,3,True
2026-03-24 05:41:00+00:00,1,0.7073022723197937,-20.0,stop_loss,False,12,False
2026-03-24 05:42:00+00:00,1,0.714402437210083,-20.0,stop_loss,False,12,False
2026-03-24 05:43:00+00:00,1,0.6278953552246094,5.0,trail_stop,True,4,True
2026-03-24 05:45:00+00:00,-1,0.6114965677261353,5.0,trail_stop,True,10,True
2026-03-24 05:46:00+00:00,1,0.5593538284301758,5.0,trail_stop,True,2,True
2026-03-24 05:47:00+00:00,1,0.6014617681503296,-20.0,stop_loss,False,7,False
2026-03-24 05:54:00+00:00,-1,0.6133683919906616,5.0,trail_stop,True,3,True
2026-03-24 05:55:00+00:00,-1,0.6022965312004089,7.5,target_full,True,1,True
2026-03-24 05:56:00+00:00,-1,0.5863099098205566,5.0,trail_stop,True,2,True
2026-03-24 05:57:00+00:00,-1,0.5874161720275879,-20.0,stop_loss,False,10,False
2026-03-24 06:00:00+00:00,1,0.5920830368995667,5.0,trail_stop,True,2,True
2026-03-24 06:05:00+00:00,1,0.5619239211082458,5.0,trail_stop,True,3,True
2026-03-24 06:08:00+00:00,1,0.593485414981842,5.0,trail_stop,True,2,True
2026-03-24 06:11:00+00:00,1,0.5735993385314941,5.0,trail_stop,True,7,True
2026-03-24 06:12:00+00:00,-1,0.6240897178649902,5.0,trail_stop,True,3,True
2026-03-24 06:17:00+00:00,1,0.5795077085494995,7.5,target_full,True,4,True
2026-03-24 06:20:00+00:00,-1,0.589210569858551,-20.0,stop_loss,False,1,False
2026-03-24 06:21:00+00:00,1,0.5518918037414551,7.5,target_full,True,1,True
2026-03-24 06:22:00+00:00,1,0.5906801819801331,5.0,trail_stop,True,3,True
2026-03-24 06:24:00+00:00,1,0.6815508008003235,7.5,target_full,True,1,True
2026-03-24 06:25:00+00:00,1,0.6245941519737244,-8.360000000000582,timeout,False,12,False
2026-03-24 06:27:00+00:00,1,0.5765578150749207,1.4700000000002547,timeout,True,12,True
2026-03-24 06:28:00+00:00,-1,0.5823787450790405,5.0,trail_stop,True,9,True
2026-03-24 06:37:00+00:00,1,0.5752924680709839,5.0,trail_stop,True,3,True
2026-03-24 06:38:00+00:00,-1,0.6133129596710205,7.5,target_full,True,5,True
2026-03-24 06:39:00+00:00,1,0.5623266696929932,-20.0,stop_loss,False,5,False
2026-03-24 06:40:00+00:00,-1,0.6468246579170227,5.0,trail_stop,True,3,True
2026-03-24 06:44:00+00:00,-1,0.6377068161964417,-20.0,stop_loss,False,11,False
2026-03-24 06:45:00+00:00,-1,0.5716173648834229,-20.0,stop_loss,False,9,False
2026-03-24 06:48:00+00:00,1,0.6075814366340637,5.0,trail_stop,True,2,True
2026-03-24 06:51:00+00:00,1,0.5821996927261353,5.0,trail_stop,True,2,True
2026-03-24 06:53:00+00:00,1,0.5608946681022644,7.5,target_full,True,2,True
2026-03-24 06:54:00+00:00,1,0.5524191856384277,7.5,target_full,True,1,True
2026-03-24 07:00:00+00:00,1,0.6521368026733398,7.5,target_full,True,9,True
2026-03-24 07:01:00+00:00,1,0.624045193195343,5.0,trail_stop,True,2,True
2026-03-24 07:02:00+00:00,1,0.6094372868537903,7.5,target_full,True,7,True
2026-03-24 07:03:00+00:00,-1,0.6453842520713806,-12.75,timeout,False,12,False
2026-03-24 07:05:00+00:00,-1,0.6267407536506653,5.0,trail_stop,True,2,True
2026-03-24 07:35:00+00:00,1,0.5534782409667969,5.0,trail_stop,True,5,True
2026-03-24 07:43:00+00:00,1,0.5815228223800659,5.0,trail_stop,True,4,True
2026-03-24 07:44:00+00:00,1,0.6111804842948914,7.5,target_full,True,3,True
2026-03-24 07:45:00+00:00,1,0.5541837811470032,5.0,trail_stop,True,2,True
2026-03-24 07:48:00+00:00,1,0.6056445837020874,5.0,trail_stop,True,4,True
2026-03-24 07:52:00+00:00,1,0.620611846446991,-20.0,stop_loss,False,7,False
2026-03-24 07:56:00+00:00,-1,0.6001149415969849,7.5,target_full,True,3,True
2026-03-24 08:01:00+00:00,-1,0.5885881185531616,-10.8100000000004,timeout,False,12,False
2026-03-24 08:02:00+00:00,-1,0.6322884559631348,5.0,trail_stop,True,2,True
2026-03-24 08:03:00+00:00,-1,0.6664724946022034,-3.4600000000000364,timeout,False,12,False
2026-03-24 08:05:00+00:00,-1,0.6375002861022949,5.0,trail_stop,True,12,True
2026-03-24 08:06:00+00:00,1,0.5992816090583801,-13.670000000000073,timeout,False,12,False
2026-03-24 08:07:00+00:00,1,0.5960016846656799,5.0,trail_stop,True,5,True
2026-03-24 08:23:00+00:00,1,0.5864256620407104,0.11999999999989086,timeout,False,12,True
2026-03-24 08:24:00+00:00,-1,0.6232807636260986,-10.160000000000764,timeout,False,12,False
2026-03-24 08:25:00+00:00,-1,0.5863733291625977,-12.449999999999818,timeout,False,12,False
2026-03-24 08:30:00+00:00,1,0.5663278698921204,5.0,trail_stop,True,7,True
2026-03-24 08:35:00+00:00,1,0.5594104528427124,5.0,trail_stop,True,12,True
2026-03-24 11:01:00+00:00,-1,0.6097562909126282,-20.0,stop_loss,False,1,False
2026-03-24 11:02:00+00:00,-1,0.5838573575019836,5.0,trail_stop,True,2,True
2026-03-24 11:03:00+00:00,-1,0.6643445491790771,7.5,target_full,True,1,True
2026-03-24 11:04:00+00:00,1,0.6836434006690979,5.0,trail_stop,True,3,True
2026-03-24 11:05:00+00:00,-1,0.5722619891166687,-20.0,stop_loss,False,4,False
2026-03-24 11:06:00+00:00,-1,0.6044337749481201,5.0,trail_stop,True,5,True
2026-03-24 11:12:00+00:00,1,0.5919339656829834,-8.360000000000582,timeout,False,12,False
2026-03-24 11:18:00+00:00,-1,0.5551282167434692,-11.029999999999745,timeout,False,12,False
2026-03-24 11:19:00+00:00,1,0.6175335645675659,4.075000000000273,timeout,True,12,True
2026-03-24 11:23:00+00:00,-1,0.5945963263511658,5.0,trail_stop,True,4,True
2026-03-24 11:35:00+00:00,1,0.5925567746162415,5.0,trail_stop,True,2,True
2026-03-24 11:52:00+00:00,-1,0.581602156162262,7.5,target_full,True,1,True
2026-03-24 11:53:00+00:00,-1,0.6981895565986633,-20.0,stop_loss,False,6,False
2026-03-24 11:54:00+00:00,-1,0.5841217637062073,-9.849999999999454,timeout,False,12,False
2026-03-24 11:56:00+00:00,1,0.5966171026229858,5.0,trail_stop,True,2,True
2026-03-24 11:58:00+00:00,1,0.601989209651947,7.5,target_full,True,1,True
2026-03-24 12:00:00+00:00,1,0.6421884894371033,4.880000000000109,timeout,True,12,True
2026-03-24 12:02:00+00:00,1,0.5712602138519287,5.0,trail_stop,True,10,True
2026-03-24 12:04:00+00:00,-1,0.5917479991912842,-20.0,stop_loss,False,10,False
2026-03-24 12:06:00+00:00,-1,0.5689260959625244,-14.699999999999818,timeout,False,12,False
2026-03-24 12:13:00+00:00,1,0.609760582447052,5.0,trail_stop,True,2,True
2026-03-24 12:15:00+00:00,1,0.5699222683906555,-20.0,stop_loss,False,6,False
2026-03-24 12:16:00+00:00,1,0.5581042766571045,5.0,trail_stop,True,3,True
2026-03-24 12:20:00+00:00,-1,0.5531361103057861,7.5,target_full,True,1,True
2026-03-24 12:22:00+00:00,-1,0.5860432386398315,5.0,trail_stop,True,3,True
2026-03-24 12:23:00+00:00,-1,0.6095510721206665,7.5,target_full,True,1,True
2026-03-24 12:24:00+00:00,-1,0.6238987445831299,5.0,trail_stop,True,8,True
2026-03-24 12:26:00+00:00,-1,0.6576729416847229,5.0,trail_stop,True,3,True
2026-03-24 12:30:00+00:00,1,0.5643979907035828,-20.0,stop_loss,False,2,False
2026-03-24 12:31:00+00:00,-1,0.5517934560775757,7.5,target_full,True,1,True
2026-03-24 12:32:00+00:00,-1,0.5909773707389832,7.5,target_full,True,1,True
2026-03-24 12:33:00+00:00,-1,0.6642172336578369,5.0,trail_stop,True,4,True
2026-03-24 12:34:00+00:00,-1,0.5702365040779114,7.5,target_full,True,2,True
2026-03-24 12:35:00+00:00,-1,0.5686941742897034,7.5,target_full,True,1,True
2026-03-24 12:36:00+00:00,1,0.6617446541786194,-20.0,stop_loss,False,2,False
2026-03-24 12:37:00+00:00,-1,0.6195259690284729,7.5,target_full,True,1,True
2026-03-24 12:39:00+00:00,-1,0.5904449224472046,-20.0,stop_loss,False,7,False
2026-03-24 12:40:00+00:00,-1,0.5834252834320068,-20.0,stop_loss,False,11,False
2026-03-24 12:43:00+00:00,1,0.6296122670173645,5.0,trail_stop,True,3,True
2026-03-24 12:44:00+00:00,-1,0.5589097738265991,-20.0,stop_loss,False,7,False
2026-03-24 12:45:00+00:00,1,0.5596655607223511,7.5,target_full,True,1,True
2026-03-24 12:47:00+00:00,1,0.6152558922767639,5.0,trail_stop,True,5,True
2026-03-24 12:48:00+00:00,1,0.6291004419326782,5.0,trail_stop,True,2,True
2026-03-24 12:49:00+00:00,1,0.6485074758529663,5.0,trail_stop,True,3,True
2026-03-24 12:51:00+00:00,-1,0.6390694975852966,5.0,trail_stop,True,9,True
2026-03-24 12:52:00+00:00,1,0.6206510066986084,-20.0,stop_loss,False,7,False
2026-03-24 12:53:00+00:00,1,0.6360305547714233,5.0,trail_stop,True,2,True
2026-03-24 12:56:00+00:00,-1,0.5879334211349487,7.5,target_full,True,3,True
2026-03-24 13:00:00+00:00,-1,0.6071485877037048,5.0,trail_stop,True,9,True
2026-03-24 13:01:00+00:00,-1,0.6033432483673096,5.0,trail_stop,True,6,True
2026-03-24 13:02:00+00:00,1,0.5985227823257446,-20.0,stop_loss,False,6,False
2026-03-24 13:04:00+00:00,1,0.6131343245506287,-3.5200000000004366,timeout,False,12,False
2026-03-24 13:06:00+00:00,-1,0.5992686152458191,5.0,trail_stop,True,2,True
2026-03-24 13:08:00+00:00,-1,0.5662733912467957,5.0,trail_stop,True,2,True
2026-03-24 13:11:00+00:00,1,0.5993474125862122,5.0,trail_stop,True,2,True
2026-03-24 13:13:00+00:00,1,0.6121249198913574,-3.889999999999418,timeout,False,12,False
2026-03-24 13:24:00+00:00,-1,0.6056012511253357,7.5,target_full,True,4,True
2026-03-24 13:29:00+00:00,-1,0.6781088709831238,5.0,trail_stop,True,11,True
2026-03-24 13:30:00+00:00,-1,0.5750955939292908,5.0,trail_stop,True,4,True
2026-03-24 13:31:00+00:00,-1,0.5953633785247803,5.0,trail_stop,True,2,True
2026-03-24 13:32:00+00:00,1,0.5827849507331848,-6.739999999999782,timeout,False,12,False
2026-03-24 13:35:00+00:00,-1,0.5552701950073242,-7.710000000000036,timeout,False,12,False
2026-03-24 13:39:00+00:00,-1,0.5651909112930298,-12.390000000000327,timeout,False,12,False
2026-03-24 13:42:00+00:00,1,0.623517632484436,5.0,trail_stop,True,5,True
2026-03-24 13:43:00+00:00,-1,0.5953530073165894,-20.0,stop_loss,False,9,False
2026-03-24 13:47:00+00:00,1,0.5816239714622498,7.5,target_full,True,5,True
2026-03-24 13:49:00+00:00,1,0.689196765422821,7.5,target_full,True,2,True
2026-03-24 13:51:00+00:00,-1,0.6349257826805115,-20.0,stop_loss,False,1,False
2026-03-24 13:52:00+00:00,1,0.57981938123703,7.5,target_full,True,1,True
2026-03-24 13:53:00+00:00,1,0.557288408279419,5.0,trail_stop,True,4,True
2026-03-24 13:54:00+00:00,1,0.7195795178413391,7.5,target_full,True,2,True
2026-03-24 13:55:00+00:00,1,0.6413798928260803,7.5,target_full,True,1,True
2026-03-24 13:56:00+00:00,-1,0.6204450130462646,-20.0,stop_loss,False,6,False
2026-03-24 13:59:00+00:00,1,0.5751404166221619,7.5,target_full,True,1,True
2026-03-24 14:00:00+00:00,1,0.6377121210098267,5.0,trail_stop,True,3,True
2026-03-24 14:02:00+00:00,1,0.585408091545105,5.0,trail_stop,True,2,True
2026-03-24 14:03:00+00:00,1,0.578052818775177,5.0,trail_stop,True,7,True
2026-03-24 14:05:00+00:00,-1,0.6362823247909546,-7.890000000000327,timeout,False,12,False
2026-03-24 14:09:00+00:00,1,0.6676262021064758,5.0,trail_stop,True,2,True
2026-03-24 14:24:00+00:00,1,0.5699674487113953,5.0,trail_stop,True,2,True
2026-03-24 14:26:00+00:00,1,0.6104611754417419,5.0,trail_stop,True,2,True
2026-03-24 14:27:00+00:00,1,0.6181343197822571,-1.5599999999994907,timeout,False,12,False
2026-03-24 14:28:00+00:00,1,0.6544591188430786,5.0,trail_stop,True,6,True
2026-03-24 14:36:00+00:00,-1,0.6621055006980896,-0.21000000000003638,timeout,False,12,False
2026-03-24 14:38:00+00:00,-1,0.5519621968269348,5.0,trail_stop,True,11,True
2026-03-24 14:39:00+00:00,1,0.6135470271110535,7.5,target_full,True,1,True
2026-03-24 14:40:00+00:00,1,0.6585205793380737,5.0,trail_stop,True,2,True
2026-03-24 14:43:00+00:00,-1,0.6049771308898926,5.0,trail_stop,True,2,True
2026-03-24 14:45:00+00:00,-1,0.5840288400650024,5.0,trail_stop,True,5,True
2026-03-24 14:46:00+00:00,1,0.5932644009590149,7.5,target_full,True,5,True
2026-03-24 14:48:00+00:00,1,0.6200264692306519,5.0,trail_stop,True,3,True
2026-03-24 14:49:00+00:00,-1,0.6459714770317078,-20.0,stop_loss,False,2,False
2026-03-24 14:53:00+00:00,1,0.661804735660553,-20.0,stop_loss,False,5,False
2026-03-24 14:54:00+00:00,1,0.6335020661354065,-20.0,stop_loss,False,4,False
2026-03-24 14:55:00+00:00,-1,0.6613703966140747,5.0,trail_stop,True,3,True
2026-03-24 14:57:00+00:00,-1,0.595957338809967,7.5,target_full,True,1,True
2026-03-24 14:58:00+00:00,-1,0.6270498633384705,5.0,trail_stop,True,2,True
2026-03-24 15:00:00+00:00,-1,0.5941973328590393,5.0,trail_stop,True,2,True
2026-03-24 15:09:00+00:00,-1,0.6252649426460266,-5.5600000000004,timeout,False,12,False
2026-03-24 15:14:00+00:00,1,0.5628039836883545,5.0,trail_stop,True,11,True
2026-03-24 15:17:00+00:00,-1,0.5583956241607666,-9.079999999999927,timeout,False,12,False
2026-03-24 15:22:00+00:00,-1,0.5767596364021301,-7.479999999999563,timeout,False,12,False
2026-03-24 15:24:00+00:00,1,0.5714060068130493,5.0,trail_stop,True,2,True
2026-03-24 15:37:00+00:00,1,0.587995707988739,5.0,trail_stop,True,3,True
2026-03-24 15:43:00+00:00,-1,0.5751180052757263,7.5,target_full,True,11,True
2026-03-24 15:50:00+00:00,1,0.5649416446685791,-20.0,stop_loss,False,9,False
2026-03-24 15:58:00+00:00,-1,0.562464714050293,5.0,trail_stop,True,2,True
2026-03-24 16:00:00+00:00,-1,0.5948546528816223,-5.130000000000109,timeout,False,12,False
2026-03-24 16:38:00+00:00,1,0.578309178352356,7.5,target_full,True,4,True
2026-03-24 17:05:00+00:00,-1,0.6286354064941406,5.0,trail_stop,True,5,True
2026-03-24 17:06:00+00:00,-1,0.5588586330413818,7.5,target_full,True,1,True
2026-03-24 17:08:00+00:00,-1,0.6461216807365417,5.0,trail_stop,True,2,True
2026-03-24 17:11:00+00:00,1,0.5575317144393921,5.0,trail_stop,True,7,True
2026-03-24 17:56:00+00:00,1,0.5936394333839417,-3.339999999999236,timeout,False,12,False
2026-03-24 20:20:00+00:00,1,0.5829280018806458,7.5,target_full,True,1,True
2026-03-24 20:22:00+00:00,1,0.5799118280410767,7.5,target_full,True,1,True
2026-03-24 20:23:00+00:00,1,0.5679677724838257,7.5,target_full,True,1,True
2026-03-24 20:26:00+00:00,1,0.5654621720314026,-20.0,stop_loss,False,1,False
2026-03-24 20:27:00+00:00,-1,0.6397887468338013,7.5,target_full,True,1,True
2026-03-24 20:28:00+00:00,-1,0.7109866142272949,5.0,trail_stop,True,4,True
2026-03-24 20:30:00+00:00,1,0.6557643413543701,5.0,trail_stop,True,7,True
2026-03-24 20:31:00+00:00,-1,0.7012520432472229,-20.0,stop_loss,False,7,False
2026-03-24 20:32:00+00:00,1,0.5527604818344116,5.0,trail_stop,True,2,True
2026-03-24 20:35:00+00:00,-1,0.5658615231513977,5.0,trail_stop,True,8,True
2026-03-24 20:36:00+00:00,1,0.6174670457839966,-20.0,stop_loss,False,6,False
2026-03-24 20:38:00+00:00,1,0.6316843032836914,-20.0,stop_loss,False,4,False
2026-03-24 20:40:00+00:00,-1,0.6267693042755127,7.5,target_full,True,1,True
2026-03-24 20:41:00+00:00,-1,0.5677254796028137,5.0,trail_stop,True,2,True
2026-03-24 20:44:00+00:00,1,0.5622363686561584,5.0,trail_stop,True,5,True
2026-03-24 20:49:00+00:00,1,0.6070263981819153,7.5,target_full,True,2,True
2026-03-24 20:50:00+00:00,1,0.6252666115760803,5.0,trail_stop,True,2,True
2026-03-24 20:52:00+00:00,1,0.5545092225074768,5.0,trail_stop,True,11,True
2026-03-24 20:54:00+00:00,1,0.5516774654388428,1.4700000000002547,timeout,False,12,True
2026-03-24 20:55:00+00:00,-1,0.5882004499435425,5.0,trail_stop,True,5,True
2026-03-24 22:05:00+00:00,1,0.6304211020469666,-6.600000000000364,timeout,False,12,False
2026-03-24 22:06:00+00:00,1,0.6398094296455383,5.0,trail_stop,True,2,True
2026-03-24 22:28:00+00:00,-1,0.561515212059021,5.0,trail_stop,True,2,True
2026-03-24 22:33:00+00:00,-1,0.5788370966911316,-16.05999999999949,timeout,False,12,False
2026-03-24 22:46:00+00:00,1,0.570406436920166,5.8400000000001455,timeout,True,12,True
2026-03-24 23:00:00+00:00,1,0.5784354209899902,5.0,trail_stop,True,10,True
2026-03-24 23:16:00+00:00,1,0.6052621603012085,5.0,trail_stop,True,8,True
2026-03-24 23:17:00+00:00,1,0.707051694393158,5.0,trail_stop,True,4,True
2026-03-24 23:19:00+00:00,1,0.6696779131889343,5.0,trail_stop,True,5,True
2026-03-24 23:22:00+00:00,-1,0.5868674516677856,-14.220000000000255,timeout,False,12,False
2026-03-24 23:24:00+00:00,1,0.5833154320716858,5.0,trail_stop,True,2,True
2026-03-24 23:36:00+00:00,1,0.5553091764450073,5.0,trail_stop,True,2,True
2026-03-24 23:39:00+00:00,1,0.5520436763763428,5.0,trail_stop,True,11,True
2026-03-24 23:40:00+00:00,1,0.7160592675209045,5.0,trail_stop,True,3,True
2026-03-24 23:43:00+00:00,1,0.5560576319694519,5.0,trail_stop,True,6,True
2026-03-24 23:48:00+00:00,1,0.5737816691398621,7.5,target_full,True,1,True
2026-03-24 23:49:00+00:00,1,0.5954135060310364,-9.30999999999949,timeout,False,12,False
2026-03-24 23:50:00+00:00,1,0.6774396896362305,5.0,trail_stop,True,5,True
2026-03-24 23:51:00+00:00,-1,0.7245674133300781,-16.69000000000051,timeout,False,12,False
2026-03-24 23:55:00+00:00,1,0.6214397549629211,5.0,trail_stop,True,5,True
2026-03-24 23:57:00+00:00,1,0.569863498210907,5.0,trail_stop,True,8,True
2026-03-24 23:58:00+00:00,-1,0.57933509349823,5.0,trail_stop,True,2,True
2026-03-25 00:00:00+00:00,-1,0.6093714237213135,-13.350000000000364,timeout,False,12,False
2026-03-25 00:03:00+00:00,1,0.6346388459205627,5.0,trail_stop,True,2,True
2026-03-25 00:04:00+00:00,1,0.6504142880439758,-15.569999999999709,timeout,False,12,False
2026-03-25 00:05:00+00:00,1,0.6542462706565857,5.0,trail_stop,True,9,True
2026-03-25 00:09:00+00:00,1,0.5974488854408264,5.0,trail_stop,True,2,True
2026-03-25 00:10:00+00:00,1,0.5743897557258606,-9.800000000000182,timeout,False,12,False
2026-03-25 00:16:00+00:00,-1,0.5714572072029114,-14.889999999999418,timeout,False,12,False
2026-03-25 00:18:00+00:00,-1,0.5630090236663818,-12.829999999999927,timeout,False,12,False
2026-03-25 00:27:00+00:00,1,0.5504672527313232,5.0,trail_stop,True,9,True
2026-03-25 00:34:00+00:00,1,0.6728588342666626,5.0,trail_stop,True,5,True
2026-03-25 00:45:00+00:00,1,0.6154935956001282,-10.609999999999673,timeout,False,12,False
2026-03-25 00:48:00+00:00,-1,0.5710145235061646,5.0,trail_stop,True,12,True
2026-03-25 01:03:00+00:00,-1,0.6631798148155212,-20.0,stop_loss,False,4,False
2026-03-25 01:04:00+00:00,1,0.6279039978981018,5.0,trail_stop,True,2,True
2026-03-25 01:05:00+00:00,1,0.6044209003448486,5.0,trail_stop,True,4,True
2026-03-25 01:06:00+00:00,1,0.6377526521682739,5.0,trail_stop,True,2,True
2026-03-25 01:08:00+00:00,1,0.622541606426239,-0.6399999999994179,timeout,False,12,False
2026-03-25 01:16:00+00:00,1,0.5528249740600586,5.0,trail_stop,True,12,True
2026-03-25 01:42:00+00:00,1,0.584566593170166,5.0,trail_stop,True,7,True
2026-03-25 07:49:00+00:00,1,0.5534720420837402,1.2299999999995634,timeout,False,12,True
2026-03-25 08:13:00+00:00,-1,0.5564135313034058,-10.950000000000728,timeout,False,12,False
2026-03-25 11:22:00+00:00,1,0.6608356237411499,5.0,trail_stop,True,3,True
2026-03-25 12:16:00+00:00,-1,0.5611017942428589,5.0,trail_stop,True,4,True
2026-03-25 12:27:00+00:00,-1,0.571721613407135,7.5,target_full,True,1,True
2026-03-25 12:30:00+00:00,-1,0.6071046590805054,5.0,trail_stop,True,2,True
2026-03-25 12:31:00+00:00,-1,0.5982530117034912,-20.0,stop_loss,False,4,False
2026-03-25 12:33:00+00:00,-1,0.6695534586906433,-3.25,timeout,False,12,False
2026-03-25 12:35:00+00:00,1,0.5980516672134399,7.5,target_full,True,2,True
2026-03-25 12:39:00+00:00,1,0.5768314599990845,-11.75,timeout,False,12,False
2026-03-25 12:40:00+00:00,-1,0.5844188332557678,7.5,target_full,True,4,True
2026-03-25 12:45:00+00:00,-1,0.6306461691856384,-10.579999999999927,timeout,False,12,False
2026-03-25 12:46:00+00:00,-1,0.5669256448745728,-2.0799999999999272,timeout,False,12,False
2026-03-25 12:55:00+00:00,1,0.5504379272460938,7.5,target_full,True,7,True
2026-03-25 13:03:00+00:00,1,0.5577565431594849,5.0,trail_stop,True,2,True
2026-03-25 13:05:00+00:00,1,0.568996250629425,-5.119999999999891,timeout,False,12,False
2026-03-25 13:07:00+00:00,-1,0.6358239054679871,5.0,trail_stop,True,2,True
2026-03-25 13:29:00+00:00,1,0.5683693289756775,-0.3600000000005821,timeout,False,12,False
2026-03-25 13:33:00+00:00,-1,0.5966395735740662,5.0,trail_stop,True,4,True
2026-03-25 13:34:00+00:00,-1,0.5643216967582703,5.0,trail_stop,True,2,True
2026-03-25 13:37:00+00:00,-1,0.5602422952651978,5.0,trail_stop,True,9,True
2026-03-25 13:38:00+00:00,1,0.564136266708374,-20.0,stop_loss,False,11,False
2026-03-25 13:39:00+00:00,-1,0.574916422367096,5.0,trail_stop,True,7,True
2026-03-25 13:40:00+00:00,1,0.5620297789573669,5.0,trail_stop,True,2,True
2026-03-25 13:42:00+00:00,1,0.5674498081207275,-20.0,stop_loss,False,7,False
2026-03-25 13:43:00+00:00,-1,0.7134120464324951,5.0,trail_stop,True,3,True
2026-03-25 13:45:00+00:00,-1,0.6719931960105896,7.5,target_full,True,4,True
2026-03-25 13:50:00+00:00,-1,0.5706860423088074,7.5,target_full,True,9,True
2026-03-25 13:53:00+00:00,1,0.6067350506782532,-1.2100000000000364,timeout,False,12,False
2026-03-25 13:54:00+00:00,1,0.594041645526886,5.0,trail_stop,True,2,True
2026-03-25 13:59:00+00:00,-1,0.5646727681159973,5.0,trail_stop,True,2,True
2026-03-25 14:00:00+00:00,-1,0.6045781970024109,-14.759999999999309,timeout,False,12,False
2026-03-25 14:01:00+00:00,-1,0.5857882499694824,5.0,trail_stop,True,8,True
2026-03-25 14:02:00+00:00,1,0.6472024917602539,6.139999999999873,timeout,True,12,True
2026-03-25 14:03:00+00:00,1,0.6454300880432129,5.0,trail_stop,True,3,True
2026-03-25 14:05:00+00:00,-1,0.597913384437561,5.0,trail_stop,True,2,True
2026-03-25 14:09:00+00:00,1,0.5951354503631592,7.5,target_full,True,6,True
2026-03-25 14:19:00+00:00,-1,0.5704659819602966,7.5,target_full,True,4,True
2026-03-25 15:17:00+00:00,-1,0.5769795179367065,-20.0,stop_loss,False,2,False
2026-03-25 15:18:00+00:00,-1,0.583637535572052,-20.0,stop_loss,False,11,False
2026-03-25 15:19:00+00:00,1,0.6654064059257507,7.5,target_full,True,2,True
2026-03-25 15:21:00+00:00,1,0.6242972016334534,5.0,trail_stop,True,2,True
2026-03-25 15:22:00+00:00,1,0.602344810962677,5.0,trail_stop,True,2,True
2026-03-25 15:29:00+00:00,1,0.5784654021263123,-4.169999999999163,timeout,False,12,False
2026-03-25 15:30:00+00:00,1,0.5799224972724915,-9.279999999999745,timeout,False,12,False
2026-03-25 18:00:00+00:00,1,0.6230995655059814,-8.529999999999745,timeout,False,12,False
2026-03-25 18:02:00+00:00,1,0.5809211134910583,5.0,trail_stop,True,4,True
2026-03-25 18:03:00+00:00,-1,0.6051134467124939,-1.680000000000291,timeout,False,12,False
2026-03-25 19:08:00+00:00,-1,0.6214140057563782,7.5,target_full,True,1,True
2026-03-25 19:09:00+00:00,-1,0.680526614189148,7.5,target_full,True,1,True
2026-03-25 19:10:00+00:00,-1,0.6366084814071655,7.5,target_full,True,1,True
2026-03-25 19:11:00+00:00,-1,0.5891556739807129,-20.0,stop_loss,False,2,False
2026-03-25 19:12:00+00:00,-1,0.6168187856674194,-20.0,stop_loss,False,12,False
2026-03-25 19:13:00+00:00,1,0.6219655275344849,5.0,trail_stop,True,3,True
2026-03-25 19:15:00+00:00,1,0.5893758535385132,5.0,trail_stop,True,10,True
2026-03-25 19:23:00+00:00,1,0.5740758180618286,-1.4699999999993452,timeout,False,12,False
2026-03-25 20:00:00+00:00,1,0.5572344064712524,5.0,trail_stop,True,2,True
2026-03-25 20:03:00+00:00,1,0.5534135103225708,-3.5700000000006185,timeout,False,12,False
2026-03-25 22:04:00+00:00,1,0.5563223361968994,5.0,trail_stop,True,2,True
2026-03-25 22:07:00+00:00,-1,0.5994453430175781,7.5,target_full,True,1,True
2026-03-25 22:08:00+00:00,-1,0.6026937961578369,5.0,trail_stop,True,7,True
2026-03-25 22:12:00+00:00,1,0.6144943833351135,5.0,trail_stop,True,11,True
2026-03-25 22:15:00+00:00,-1,0.5765542984008789,-6.029999999999745,timeout,False,12,False
2026-03-25 23:06:00+00:00,1,0.5642656683921814,-3.2899999999999636,timeout,False,12,False
2026-03-26 00:07:00+00:00,1,0.5672351717948914,7.5,target_full,True,6,True
2026-03-26 00:13:00+00:00,1,0.5631093382835388,5.0,trail_stop,True,3,True
2026-03-26 00:22:00+00:00,1,0.5592779517173767,-6.710000000000036,timeout,False,12,False
2026-03-26 01:00:00+00:00,1,0.5837106704711914,5.0,trail_stop,True,3,True
2026-03-26 01:04:00+00:00,1,0.5583182573318481,-10.88000000000011,timeout,False,12,False
2026-03-26 05:39:00+00:00,-1,0.583493173122406,7.5,target_full,True,5,True
2026-03-26 05:51:00+00:00,-1,0.566673219203949,5.0,trail_stop,True,2,True
2026-03-26 05:52:00+00:00,-1,0.5533641576766968,7.5,target_full,True,1,True
2026-03-26 05:53:00+00:00,-1,0.5905222296714783,5.0,trail_stop,True,2,True
2026-03-26 05:56:00+00:00,-1,0.6004910469055176,5.0,trail_stop,True,2,True
2026-03-26 05:57:00+00:00,-1,0.5783246159553528,7.5,target_full,True,1,True
2026-03-26 05:58:00+00:00,-1,0.6386607885360718,5.0,trail_stop,True,2,True
2026-03-26 05:59:00+00:00,-1,0.6359075903892517,7.5,target_full,True,1,True
2026-03-26 06:00:00+00:00,-1,0.5541479587554932,7.5,target_full,True,1,True
2026-03-26 06:01:00+00:00,-1,0.6995672583580017,5.0,trail_stop,True,5,True
2026-03-26 06:02:00+00:00,-1,0.5524430274963379,5.0,trail_stop,True,3,True
2026-03-26 06:03:00+00:00,-1,0.5774421095848083,7.5,target_full,True,1,True
2026-03-26 06:06:00+00:00,-1,0.6057997941970825,5.0,trail_stop,True,8,True
2026-03-26 06:07:00+00:00,-1,0.6423272490501404,7.5,target_full,True,4,True
2026-03-26 06:10:00+00:00,-1,0.5859917402267456,5.0,trail_stop,True,2,True
2026-03-26 06:11:00+00:00,-1,0.5742127895355225,5.0,trail_stop,True,2,True
2026-03-26 06:15:00+00:00,-1,0.6891087293624878,-20.0,stop_loss,False,2,False
2026-03-26 06:16:00+00:00,-1,0.5880666971206665,-17.69000000000051,timeout,False,12,False
2026-03-26 06:17:00+00:00,1,0.6278373003005981,5.0,trail_stop,True,3,True
2026-03-26 06:20:00+00:00,1,0.5704092979431152,5.0,trail_stop,True,9,True
2026-03-26 06:21:00+00:00,1,0.5752338767051697,5.0,trail_stop,True,2,True
2026-03-26 06:36:00+00:00,-1,0.6699898838996887,-20.0,stop_loss,False,9,False
2026-03-26 06:37:00+00:00,-1,0.6835764050483704,-20.0,stop_loss,False,10,False
2026-03-26 06:39:00+00:00,1,0.55600905418396,7.5,target_full,True,6,True
2026-03-26 07:23:00+00:00,1,0.5585116147994995,5.0,trail_stop,True,7,True
2026-03-26 07:32:00+00:00,1,0.5819875597953796,5.0,trail_stop,True,2,True
2026-03-26 07:40:00+00:00,1,0.5502374768257141,-7.670000000000073,timeout,False,12,False
2026-03-26 08:13:00+00:00,-1,0.5507558584213257,5.0,trail_stop,True,2,True
2026-03-26 08:15:00+00:00,-1,0.5933859944343567,5.0,trail_stop,True,2,True
2026-03-26 08:16:00+00:00,-1,0.6033663153648376,5.0,trail_stop,True,8,True
2026-03-26 08:17:00+00:00,-1,0.6252129077911377,5.0,trail_stop,True,2,True
2026-03-26 08:18:00+00:00,-1,0.6825863122940063,5.0,trail_stop,True,6,True
2026-03-26 08:26:00+00:00,-1,0.5910032391548157,5.0,trail_stop,True,2,True
2026-03-26 08:35:00+00:00,-1,0.5700704455375671,7.5,target_full,True,7,True
2026-03-26 08:38:00+00:00,-1,0.6023053526878357,7.5,target_full,True,4,True
2026-03-26 08:42:00+00:00,1,0.5692030787467957,-20.0,stop_loss,False,1,False
2026-03-26 08:43:00+00:00,-1,0.6211488842964172,-20.0,stop_loss,False,3,False
2026-03-26 08:44:00+00:00,-1,0.5535425543785095,-20.0,stop_loss,False,10,False
2026-03-26 08:54:00+00:00,1,0.5619861483573914,-10.55999999999949,timeout,False,12,False
2026-03-26 08:56:00+00:00,1,0.5743939876556396,-7.0900000000001455,timeout,False,12,False
2026-03-26 08:58:00+00:00,-1,0.5502960085868835,5.0,trail_stop,True,2,True
2026-03-26 09:05:00+00:00,1,0.6076134443283081,-5.730000000000473,timeout,False,12,False
2026-03-26 09:07:00+00:00,1,0.6433794498443604,5.0,trail_stop,True,4,True
2026-03-26 09:14:00+00:00,1,0.6221287250518799,5.0,trail_stop,True,8,True
2026-03-26 09:22:00+00:00,1,0.5539993643760681,-20.0,stop_loss,False,8,False
2026-03-26 09:23:00+00:00,1,0.559152364730835,-11.3100000000004,timeout,False,12,False
2026-03-26 09:56:00+00:00,1,0.5675868391990662,5.0,trail_stop,True,10,True
2026-03-26 11:50:00+00:00,-1,0.5563206076622009,5.0,trail_stop,True,12,True
2026-03-26 12:08:00+00:00,1,0.6020564436912537,7.5,target_full,True,1,True
2026-03-26 12:15:00+00:00,1,0.5658427476882935,-3.630000000000109,timeout,False,12,False
2026-03-26 12:36:00+00:00,1,0.5718621611595154,5.0,trail_stop,True,2,True
2026-03-26 12:39:00+00:00,1,0.5734851956367493,-9.399999999999636,timeout,False,12,False
2026-03-26 13:00:00+00:00,-1,0.5523996949195862,-19.800000000000182,timeout,False,12,False
2026-03-26 13:04:00+00:00,1,0.5797115564346313,5.0,trail_stop,True,7,True
2026-03-26 13:08:00+00:00,-1,0.56997150182724,-7.509999999999309,timeout,False,12,False
2026-03-26 13:12:00+00:00,-1,0.5565987825393677,-12.769999999999527,timeout,False,12,False
2026-03-26 13:13:00+00:00,1,0.562333345413208,5.0,trail_stop,True,10,True
2026-03-26 13:14:00+00:00,-1,0.5672672390937805,-7.489999999999782,timeout,False,12,False
2026-03-26 13:27:00+00:00,-1,0.5555248260498047,5.0,trail_stop,True,4,True
2026-03-26 13:32:00+00:00,-1,0.5543870329856873,5.0,trail_stop,True,2,True
2026-03-26 13:34:00+00:00,1,0.624111533164978,7.5,target_full,True,9,True
2026-03-26 13:35:00+00:00,-1,0.5881842970848083,5.0,trail_stop,True,5,True
2026-03-26 13:37:00+00:00,1,0.6132410764694214,7.5,target_full,True,7,True
2026-03-26 13:39:00+00:00,-1,0.6269136071205139,5.0,trail_stop,True,2,True
2026-03-26 13:40:00+00:00,-1,0.6510617733001709,-20.0,stop_loss,False,3,False
2026-03-26 13:42:00+00:00,1,0.5998154282569885,7.5,target_full,True,1,True
2026-03-26 13:43:00+00:00,1,0.6095795035362244,7.5,target_full,True,1,True
2026-03-26 13:44:00+00:00,1,0.5868439674377441,5.0,trail_stop,True,2,True
2026-03-26 13:45:00+00:00,1,0.5952344536781311,-14.989999999999782,timeout,False,12,False
2026-03-26 13:49:00+00:00,-1,0.6064870953559875,7.5,target_full,True,8,True
2026-03-26 13:51:00+00:00,1,0.5592560172080994,-7.579999999999927,timeout,False,12,False
2026-03-26 13:57:00+00:00,-1,0.5761220455169678,7.5,target_full,True,1,True
2026-03-26 13:58:00+00:00,-1,0.5872669816017151,3.1599999999998545,timeout,False,12,True
2026-03-26 13:59:00+00:00,-1,0.5977568626403809,5.0,trail_stop,True,5,True
2026-03-26 14:08:00+00:00,-1,0.5862055420875549,5.0,trail_stop,True,3,True
2026-03-26 14:09:00+00:00,1,0.5694330930709839,7.5,target_full,True,6,True
2026-03-26 14:11:00+00:00,-1,0.5860065221786499,-20.0,stop_loss,False,4,False
2026-03-26 14:12:00+00:00,-1,0.5617151260375977,-20.0,stop_loss,False,9,False
2026-03-26 14:15:00+00:00,1,0.6202511787414551,7.5,target_full,True,6,True
2026-03-26 14:24:00+00:00,1,0.6470494866371155,5.0,trail_stop,True,3,True
2026-03-26 14:33:00+00:00,1,0.5773574709892273,7.5,target_full,True,1,True
2026-03-26 14:35:00+00:00,1,0.6334965825080872,5.0,trail_stop,True,2,True
2026-03-26 14:36:00+00:00,1,0.6050493121147156,-20.0,stop_loss,False,8,False
2026-03-26 14:37:00+00:00,-1,0.6403879523277283,5.0,trail_stop,True,4,True
2026-03-26 14:42:00+00:00,-1,0.6232712864875793,5.0,trail_stop,True,2,True
2026-03-26 14:45:00+00:00,1,0.6173812747001648,-20.0,stop_loss,False,9,False
2026-03-26 14:46:00+00:00,1,0.6046475768089294,5.0,trail_stop,True,2,True
2026-03-26 14:48:00+00:00,-1,0.5966674089431763,5.0,trail_stop,True,5,True
2026-03-26 14:53:00+00:00,-1,0.5878959894180298,7.5,target_full,True,1,True
2026-03-26 14:54:00+00:00,-1,0.6015260219573975,-4.3400000000001455,timeout,False,12,False
2026-03-26 14:55:00+00:00,-1,0.5537171959877014,5.0,trail_stop,True,12,True
2026-03-26 14:56:00+00:00,1,0.6341959834098816,5.0,trail_stop,True,2,True
2026-03-26 15:01:00+00:00,-1,0.5804640650749207,5.0,trail_stop,True,4,True
2026-03-26 15:10:00+00:00,1,0.5964552164077759,-8.350000000000364,timeout,False,12,False
2026-03-26 15:33:00+00:00,-1,0.5877304077148438,-2.8299999999999272,timeout,False,12,False
2026-03-26 15:41:00+00:00,-1,0.567104160785675,-7.019999999999527,timeout,False,12,False
2026-03-26 15:42:00+00:00,1,0.5656206607818604,0.26999999999952706,timeout,False,12,True
2026-03-26 16:02:00+00:00,-1,0.5683461427688599,-3.7700000000004366,timeout,False,12,False
2026-03-26 16:21:00+00:00,-1,0.705595076084137,5.0,trail_stop,True,2,True
2026-03-26 16:22:00+00:00,-1,0.580025851726532,5.0,trail_stop,True,3,True
2026-03-26 16:23:00+00:00,-1,0.6203032732009888,7.5,target_full,True,1,True
2026-03-26 16:29:00+00:00,1,0.5693029165267944,-20.0,stop_loss,False,2,False
2026-03-26 16:30:00+00:00,-1,0.568672776222229,7.5,target_full,True,1,True
2026-03-26 16:31:00+00:00,-1,0.6598694920539856,7.5,target_full,True,5,True
2026-03-26 16:32:00+00:00,-1,0.6145012974739075,5.0,trail_stop,True,2,True
2026-03-26 16:34:00+00:00,1,0.6211675405502319,-20.0,stop_loss,False,2,False
2026-03-26 16:37:00+00:00,-1,0.6833522319793701,-6.349999999999454,timeout,False,12,False
2026-03-26 16:38:00+00:00,-1,0.6129584908485413,-11.430000000000291,timeout,False,12,False
2026-03-26 16:39:00+00:00,-1,0.6365337371826172,-11.590000000000146,timeout,False,12,False
2026-03-26 16:40:00+00:00,1,0.6353901624679565,5.0,trail_stop,True,5,True
2026-03-26 16:44:00+00:00,1,0.5770666599273682,5.0,trail_stop,True,2,True
2026-03-26 16:50:00+00:00,-1,0.5580369830131531,-13.210000000000036,timeout,False,12,False
2026-03-26 16:51:00+00:00,-1,0.5952644944190979,-6.969999999999345,timeout,False,12,False
2026-03-26 17:02:00+00:00,1,0.5559608340263367,5.0,trail_stop,True,4,True
2026-03-26 17:06:00+00:00,1,0.5606709718704224,-4.729999999999563,timeout,False,12,False
2026-03-26 17:08:00+00:00,-1,0.5523352026939392,5.0,trail_stop,True,3,True
2026-03-26 17:38:00+00:00,1,0.579190194606781,-7.729999999999563,timeout,False,12,False
2026-03-26 18:30:00+00:00,1,0.5509953498840332,7.5,target_full,True,7,True
2026-03-26 20:12:00+00:00,1,0.6624214053153992,7.5,target_full,True,1,True
2026-03-26 20:13:00+00:00,1,0.6118119955062866,-20.0,stop_loss,False,1,False
2026-03-26 20:14:00+00:00,1,0.6738337874412537,5.0,trail_stop,True,5,True
2026-03-26 20:15:00+00:00,-1,0.7265377044677734,5.0,trail_stop,True,2,True
2026-03-26 20:17:00+00:00,-1,0.644575297832489,-20.0,stop_loss,False,3,False
2026-03-26 20:18:00+00:00,1,0.6393131613731384,5.0,trail_stop,True,2,True
2026-03-26 20:19:00+00:00,1,0.6786544322967529,7.5,target_full,True,1,True
2026-03-26 20:21:00+00:00,1,0.6748373508453369,5.0,trail_stop,True,2,True
2026-03-26 20:22:00+00:00,1,0.6595031023025513,-20.0,stop_loss,False,2,False
2026-03-26 20:24:00+00:00,-1,0.6473566293716431,-3.6799999999993815,timeout,False,12,False
2026-03-26 20:32:00+00:00,1,0.6007300615310669,7.5,target_full,True,6,True
2026-03-26 20:33:00+00:00,-1,0.563383936882019,-20.0,stop_loss,False,5,False
2026-03-26 20:39:00+00:00,1,0.6140041351318359,-20.0,stop_loss,False,9,False
2026-03-26 20:41:00+00:00,1,0.6585248708724976,-20.0,stop_loss,False,9,False
2026-03-26 20:42:00+00:00,-1,0.6321088671684265,7.5,target_full,True,6,True
2026-03-26 20:51:00+00:00,-1,0.5593277812004089,5.0,trail_stop,True,2,True
2026-03-26 20:53:00+00:00,-1,0.6082500219345093,-20.0,stop_loss,False,10,False
2026-03-26 20:56:00+00:00,1,0.5563691258430481,5.0,trail_stop,True,4,True
2026-03-26 22:02:00+00:00,1,0.6008729338645935,5.0,trail_stop,True,3,True
2026-03-26 22:05:00+00:00,1,0.5781868100166321,5.0,trail_stop,True,2,True
2026-03-27 01:31:00+00:00,1,0.6145931482315063,3.1700000000000728,timeout,False,12,True
2026-03-27 02:01:00+00:00,1,0.6427534222602844,7.5,target_full,True,8,True
2026-03-27 05:41:00+00:00,-1,0.5533998012542725,5.0,trail_stop,True,4,True
2026-03-27 13:11:00+00:00,-1,0.5779901742935181,0.32999999999992724,timeout,False,12,True
2026-03-27 13:37:00+00:00,1,0.569801390171051,5.0,trail_stop,True,2,True
2026-03-27 13:38:00+00:00,1,0.5725719332695007,5.0,trail_stop,True,6,True
2026-03-27 13:45:00+00:00,1,0.5643002986907959,5.0,trail_stop,True,2,True
2026-03-27 13:49:00+00:00,-1,0.6086331605911255,5.0,trail_stop,True,2,True
2026-03-27 13:50:00+00:00,-1,0.602682888507843,5.0,trail_stop,True,5,True
2026-03-27 13:59:00+00:00,1,0.5555542707443237,5.0,trail_stop,True,2,True
2026-03-27 14:00:00+00:00,1,0.5765820741653442,5.0,trail_stop,True,2,True
2026-03-27 14:03:00+00:00,1,0.5645483136177063,5.0,trail_stop,True,2,True
2026-03-27 14:06:00+00:00,-1,0.6378461122512817,-20.0,stop_loss,False,9,False
2026-03-27 14:07:00+00:00,-1,0.5595546364784241,5.0,trail_stop,True,2,True
2026-03-27 14:08:00+00:00,-1,0.6545827984809875,5.0,trail_stop,True,2,True
2026-03-27 14:09:00+00:00,1,0.6013909578323364,7.5,target_full,True,2,True
2026-03-27 14:11:00+00:00,-1,0.5897508859634399,-12.36999999999989,timeout,False,12,False
2026-03-27 14:13:00+00:00,1,0.596712052822113,5.0,trail_stop,True,2,True
2026-03-27 14:14:00+00:00,1,0.5777555704116821,7.5,target_full,True,1,True
2026-03-27 14:16:00+00:00,1,0.5797265768051147,-12.600000000000364,timeout,False,12,False
2026-03-27 14:24:00+00:00,1,0.5702747702598572,-4.050000000000182,timeout,False,12,False
2026-03-27 14:26:00+00:00,-1,0.6087450385093689,-8.069999999999709,timeout,False,12,False
2026-03-27 14:31:00+00:00,1,0.5568390488624573,5.0,trail_stop,True,3,True
2026-03-27 14:48:00+00:00,1,0.6007378101348877,7.5,target_full,True,2,True
2026-03-27 14:50:00+00:00,1,0.5936880707740784,7.5,target_full,True,1,True
2026-03-27 14:51:00+00:00,1,0.653188943862915,5.0,trail_stop,True,4,True
2026-03-27 14:52:00+00:00,1,0.6413647532463074,5.0,trail_stop,True,4,True
2026-03-27 14:53:00+00:00,1,0.6738994121551514,5.0,trail_stop,True,2,True
2026-03-27 14:54:00+00:00,-1,0.623397171497345,-20.0,stop_loss,False,1,False
2026-03-27 14:55:00+00:00,-1,0.593204915523529,-15.029999999999745,timeout,False,12,False
2026-03-27 14:56:00+00:00,1,0.6332793831825256,5.0,trail_stop,True,2,True
2026-03-27 14:58:00+00:00,1,0.6281165480613708,-1.5100000000002183,timeout,False,12,False
2026-03-27 15:06:00+00:00,-1,0.6423869729042053,5.0,trail_stop,True,2,True
2026-03-27 15:12:00+00:00,1,0.5931979417800903,7.5,target_full,True,1,True
2026-03-27 15:17:00+00:00,1,0.6129555106163025,5.0,trail_stop,True,2,True
2026-03-27 15:18:00+00:00,1,0.6002399921417236,7.5,target_full,True,2,True
2026-03-27 15:19:00+00:00,1,0.6253517866134644,7.5,target_full,True,1,True
2026-03-27 15:20:00+00:00,1,0.594987690448761,7.5,target_full,True,1,True
2026-03-27 15:21:00+00:00,1,0.6161225438117981,5.0,trail_stop,True,2,True
2026-03-27 15:22:00+00:00,1,0.6809710264205933,5.0,trail_stop,True,2,True
2026-03-27 15:26:00+00:00,-1,0.6322053074836731,5.0,trail_stop,True,3,True
2026-03-27 15:32:00+00:00,1,0.6341573596000671,-20.0,stop_loss,False,8,False
2026-03-27 15:49:00+00:00,1,0.5837557315826416,-7.180000000000291,timeout,False,12,False
2026-03-27 16:11:00+00:00,-1,0.5569501519203186,-5.639999999999418,timeout,False,12,False
2026-03-27 17:07:00+00:00,1,0.6665286421775818,-15.829999999999927,timeout,False,12,False
2026-03-29 22:02:00+00:00,1,0.5550651550292969,7.5,target_full,True,1,True
2026-03-29 22:04:00+00:00,1,0.5915117859840393,-20.0,stop_loss,False,2,False
2026-03-29 22:06:00+00:00,1,0.6307985782623291,-20.0,stop_loss,False,1,False
2026-03-29 22:07:00+00:00,-1,0.5792250633239746,7.5,target_full,True,1,True
2026-03-29 22:12:00+00:00,-1,0.5512171983718872,-20.0,stop_loss,False,3,False
2026-03-29 22:14:00+00:00,1,0.5626873970031738,5.0,trail_stop,True,2,True
2026-03-29 22:15:00+00:00,1,0.574660062789917,7.5,target_full,True,1,True
2026-03-29 22:16:00+00:00,1,0.5943273901939392,5.0,trail_stop,True,3,True
2026-03-29 22:17:00+00:00,-1,0.5982011556625366,-20.0,stop_loss,False,3,False
2026-03-29 22:18:00+00:00,1,0.6456565856933594,5.0,trail_stop,True,2,True
2026-03-29 22:19:00+00:00,1,0.6117543578147888,5.0,trail_stop,True,2,True
2026-03-29 22:33:00+00:00,1,0.6194539070129395,-20.0,stop_loss,False,10,False
2026-03-29 22:34:00+00:00,1,0.5793948769569397,-14.159999999999854,timeout,False,12,False
2026-03-29 23:06:00+00:00,-1,0.56876540184021,-5.6599999999998545,timeout,False,12,False
2026-03-29 23:08:00+00:00,-1,0.5527644157409668,-3.1599999999998545,timeout,False,12,False
2026-03-29 23:10:00+00:00,1,0.5939843654632568,7.5,target_full,True,5,True
2026-03-29 23:52:00+00:00,1,0.58205246925354,-13.449999999999818,timeout,False,12,False
2026-03-30 00:00:00+00:00,-1,0.6518959999084473,7.5,target_full,True,7,True
2026-03-30 00:03:00+00:00,1,0.6599621772766113,-20.0,stop_loss,False,9,False
2026-03-30 00:04:00+00:00,1,0.6914604306221008,-1.2299999999995634,timeout,False,12,False
2026-03-30 00:08:00+00:00,-1,0.5914433002471924,5.0,trail_stop,True,4,True
2026-03-30 00:13:00+00:00,-1,0.6289385557174683,5.0,trail_stop,True,2,True
2026-03-30 00:17:00+00:00,1,0.5561102628707886,7.5,target_full,True,1,True
2026-03-30 00:18:00+00:00,1,0.6409546732902527,7.5,target_full,True,1,True
2026-03-30 00:19:00+00:00,1,0.6710776090621948,7.5,target_full,True,1,True
2026-03-30 00:20:00+00:00,1,0.6135947704315186,5.0,trail_stop,True,2,True
2026-03-30 00:21:00+00:00,1,0.6535442471504211,5.0,trail_stop,True,5,True
2026-03-30 00:24:00+00:00,1,0.6622388958930969,-17.99000000000069,timeout,False,12,False
2026-03-30 00:26:00+00:00,1,0.6110816597938538,-20.0,stop_loss,False,2,False
2026-03-30 00:27:00+00:00,-1,0.6515948176383972,7.5,target_full,True,1,True
2026-03-30 00:28:00+00:00,-1,0.6571655869483948,7.5,target_full,True,1,True
2026-03-30 00:29:00+00:00,-1,0.7005628347396851,7.5,target_full,True,10,True
2026-03-30 00:32:00+00:00,1,0.6205629110336304,-20.0,stop_loss,False,7,False
2026-03-30 00:35:00+00:00,-1,0.5627089738845825,7.5,target_full,True,4,True
2026-03-30 00:37:00+00:00,-1,0.5836020112037659,5.0,trail_stop,True,3,True
2026-03-30 00:38:00+00:00,1,0.5636278390884399,-15.0,timeout,False,12,False
2026-03-30 00:39:00+00:00,-1,0.5631538033485413,7.5,target_full,True,1,True
2026-03-30 00:40:00+00:00,-1,0.5971497297286987,5.0,trail_stop,True,7,True
2026-03-30 00:44:00+00:00,1,0.6683247685432434,5.0,trail_stop,True,6,True
2026-03-30 00:47:00+00:00,-1,0.5955617427825928,-11.329999999999927,timeout,False,12,False
2026-03-30 00:50:00+00:00,1,0.5862508416175842,7.5,target_full,True,9,True
2026-03-30 00:54:00+00:00,-1,0.5665194988250732,-20.0,stop_loss,False,12,False
2026-03-30 01:05:00+00:00,1,0.6148074269294739,7.5,target_full,True,1,True
2026-03-30 01:06:00+00:00,1,0.6097599864006042,5.0,trail_stop,True,3,True
2026-03-30 01:09:00+00:00,1,0.581464946269989,5.0,trail_stop,True,12,True
2026-03-30 01:15:00+00:00,-1,0.5697906017303467,0.2599999999993088,timeout,False,12,True
2026-03-30 01:34:00+00:00,1,0.5954153537750244,5.0,trail_stop,True,2,True
2026-03-30 01:35:00+00:00,1,0.5816025137901306,-0.23999999999978172,timeout,False,12,False
2026-03-30 01:43:00+00:00,1,0.562203049659729,5.0,trail_stop,True,2,True
2026-03-30 01:44:00+00:00,1,0.6313273310661316,-1.6899999999995998,timeout,False,12,False
2026-03-30 02:42:00+00:00,1,0.6120678186416626,5.0,trail_stop,True,2,True
2026-03-30 02:44:00+00:00,1,0.6347294449806213,-14.989999999999782,timeout,False,12,False
2026-03-30 03:04:00+00:00,1,0.5541549921035767,7.5,target_full,True,3,True
2026-03-30 11:48:00+00:00,1,0.6691561937332153,5.0,trail_stop,True,2,True
2026-03-30 11:50:00+00:00,1,0.5772773027420044,5.0,trail_stop,True,2,True
2026-03-30 11:52:00+00:00,1,0.5735930800437927,-20.0,stop_loss,False,7,False
2026-03-30 11:55:00+00:00,-1,0.5899646878242493,5.0,trail_stop,True,3,True
2026-03-30 12:01:00+00:00,-1,0.5567531585693359,-6.4299999999993815,timeout,False,12,False
2026-03-30 12:03:00+00:00,-1,0.5504465103149414,-5.309999999999491,timeout,False,12,False
2026-03-30 12:30:00+00:00,1,0.586358368396759,5.0,trail_stop,True,8,True
2026-03-30 13:02:00+00:00,1,0.5568011403083801,-11.089999999999236,timeout,False,12,False
2026-03-30 13:08:00+00:00,-1,0.563646674156189,-1.6599999999998545,timeout,False,12,False
2026-03-30 13:09:00+00:00,1,0.6023892760276794,-9.029999999999745,timeout,False,12,False
2026-03-30 13:34:00+00:00,-1,0.5920006036758423,5.0,trail_stop,True,2,True
2026-03-30 13:37:00+00:00,-1,0.5633265376091003,7.5,target_full,True,4,True
2026-03-30 13:40:00+00:00,-1,0.5621592402458191,7.5,target_full,True,1,True
2026-03-30 13:48:00+00:00,-1,0.580289900302887,5.0,trail_stop,True,2,True
2026-03-30 13:58:00+00:00,-1,0.5940988659858704,-1.319999999999709,timeout,False,12,False
2026-03-30 14:01:00+00:00,1,0.6249342560768127,2.369999999999891,timeout,False,12,True
2026-03-30 14:04:00+00:00,-1,0.6043279767036438,7.5,target_full,True,1,True
2026-03-30 14:05:00+00:00,-1,0.6335884928703308,-2.7100000000000364,timeout,False,12,False
2026-03-30 14:11:00+00:00,-1,0.5700882077217102,5.0,trail_stop,True,10,True
2026-03-30 14:12:00+00:00,1,0.5674312710762024,-11.390000000000327,timeout,False,12,False
2026-03-30 14:13:00+00:00,1,0.5926535725593567,-20.0,stop_loss,False,7,False
2026-03-30 14:15:00+00:00,-1,0.5737312436103821,5.0,trail_stop,True,3,True
2026-03-30 14:25:00+00:00,-1,0.6075336933135986,-12.990000000000691,timeout,False,12,False
2026-03-30 14:31:00+00:00,1,0.5583687424659729,5.0,trail_stop,True,4,True
2026-03-30 14:35:00+00:00,1,0.5679611563682556,7.5,target_full,True,1,True
2026-03-30 14:48:00+00:00,1,0.6795221567153931,5.0,trail_stop,True,5,True
2026-03-30 14:50:00+00:00,-1,0.6054589152336121,-6.539999999999964,timeout,False,12,False
2026-03-30 14:53:00+00:00,1,0.5859878063201904,5.0,trail_stop,True,8,True
2026-03-30 15:00:00+00:00,1,0.568452775478363,-5.510000000000218,timeout,False,12,False
2026-03-31 00:00:00+00:00,1,0.5546395182609558,7.5,target_full,True,1,True
2026-03-31 00:04:00+00:00,1,0.5790359973907471,-20.0,stop_loss,False,10,False
2026-03-31 00:05:00+00:00,-1,0.5985853672027588,5.0,trail_stop,True,6,True
2026-03-31 00:08:00+00:00,-1,0.6247559189796448,5.0,trail_stop,True,5,True
2026-03-31 00:16:00+00:00,-1,0.5999171137809753,5.0,trail_stop,True,3,True
2026-03-31 00:19:00+00:00,-1,0.6701112389564514,5.0,trail_stop,True,2,True
2026-03-31 00:20:00+00:00,-1,0.6562750935554504,5.0,trail_stop,True,2,True
2026-03-31 00:22:00+00:00,-1,0.6550471186637878,-20.0,stop_loss,False,3,False
2026-03-31 00:24:00+00:00,1,0.6376786231994629,7.5,target_full,True,1,True
2026-03-31 00:25:00+00:00,1,0.6450332999229431,7.5,target_full,True,1,True
2026-03-31 00:26:00+00:00,1,0.6271520853042603,7.5,target_full,True,1,True
2026-03-31 00:27:00+00:00,1,0.674220621585846,5.0,trail_stop,True,7,True
2026-03-31 00:35:00+00:00,1,0.5680389404296875,5.0,trail_stop,True,2,True
2026-03-31 00:37:00+00:00,1,0.6265988349914551,7.5,target_full,True,1,True
2026-03-31 00:38:00+00:00,1,0.6661983728408813,7.5,target_full,True,6,True
2026-03-31 00:43:00+00:00,1,0.6048294901847839,7.5,target_full,True,1,True
2026-03-31 00:44:00+00:00,1,0.5730950832366943,5.0,trail_stop,True,2,True
2026-03-31 00:48:00+00:00,-1,0.6625635027885437,-15.5,timeout,False,12,False
2026-03-31 00:59:00+00:00,1,0.5776283740997314,-8.980000000000473,timeout,False,12,False
2026-03-31 01:11:00+00:00,-1,0.5536924600601196,-20.0,stop_loss,False,6,False
2026-03-31 01:19:00+00:00,1,0.6077545285224915,7.5,target_full,True,4,True
2026-03-31 01:21:00+00:00,1,0.6191297769546509,7.5,target_full,True,2,True
2026-03-31 01:23:00+00:00,1,0.594302237033844,5.0,trail_stop,True,2,True
2026-03-31 01:25:00+00:00,1,0.5795629620552063,5.0,trail_stop,True,5,True
2026-03-31 01:26:00+00:00,1,0.597802460193634,5.0,trail_stop,True,5,True
2026-03-31 01:27:00+00:00,-1,0.6093789935112,-20.0,stop_loss,False,12,False
2026-03-31 01:33:00+00:00,1,0.5687136054039001,7.5,target_full,True,6,True
2026-03-31 01:40:00+00:00,1,0.5602637529373169,7.5,target_full,True,1,True
2026-03-31 01:41:00+00:00,1,0.5677832961082458,7.5,target_full,True,1,True
2026-03-31 01:42:00+00:00,1,0.7054290175437927,7.5,target_full,True,1,True
2026-03-31 01:43:00+00:00,1,0.5652816891670227,-20.0,stop_loss,False,6,False
2026-03-31 01:45:00+00:00,1,0.6854398250579834,-9.890000000000327,timeout,False,12,False
2026-03-31 01:46:00+00:00,-1,0.6091402173042297,5.0,trail_stop,True,4,True
2026-03-31 01:48:00+00:00,-1,0.5730690956115723,7.5,target_full,True,1,True
2026-03-31 01:49:00+00:00,-1,0.5911411046981812,5.0,trail_stop,True,2,True
2026-03-31 01:50:00+00:00,-1,0.6046463251113892,5.0,trail_stop,True,12,True
2026-03-31 01:51:00+00:00,-1,0.5848486423492432,5.0,trail_stop,True,6,True
2026-03-31 02:02:00+00:00,-1,0.5670266151428223,4.650000000000091,timeout,True,12,True
2026-03-31 02:04:00+00:00,-1,0.5505692362785339,5.0,trail_stop,True,9,True
2026-03-31 02:55:00+00:00,-1,0.5824881792068481,-9.029999999999745,timeout,False,12,False
2026-03-31 02:57:00+00:00,1,0.568000853061676,-3.4799999999995634,timeout,False,12,False
2026-03-31 11:14:00+00:00,1,0.6220061779022217,7.5,target_full,True,1,True
2026-03-31 11:15:00+00:00,1,0.553282618522644,5.0,trail_stop,True,2,True
2026-03-31 11:20:00+00:00,1,0.5775285363197327,5.0,trail_stop,True,5,True
2026-03-31 11:22:00+00:00,1,0.5671117305755615,5.0,trail_stop,True,4,True
2026-03-31 11:31:00+00:00,-1,0.581237256526947,-20.0,stop_loss,False,7,False
2026-03-31 11:39:00+00:00,1,0.5560973286628723,-8.25,timeout,False,12,False
2026-03-31 12:10:00+00:00,-1,0.5962350368499756,7.5,target_full,True,4,True
2026-03-31 12:13:00+00:00,-1,0.5808045864105225,5.0,trail_stop,True,2,True
2026-03-31 12:22:00+00:00,-1,0.5668637156486511,5.0,trail_stop,True,2,True
2026-03-31 12:23:00+00:00,-1,0.5551396012306213,-10.989999999999782,timeout,False,12,False
2026-03-31 13:33:00+00:00,1,0.6011373400688171,5.0,trail_stop,True,6,True
2026-03-31 13:35:00+00:00,1,0.6604267358779907,7.5,target_full,True,4,True
2026-03-31 13:40:00+00:00,1,0.5679444074630737,5.0,trail_stop,True,10,True
2026-03-31 13:47:00+00:00,-1,0.5523161888122559,-20.0,stop_loss,False,6,False
2026-03-31 13:53:00+00:00,1,0.5626009702682495,5.0,trail_stop,True,6,True
2026-03-31 13:56:00+00:00,-1,0.5766333341598511,-20.0,stop_loss,False,3,False
2026-03-31 14:00:00+00:00,1,0.5805450677871704,5.0,trail_stop,True,2,True
2026-03-31 14:01:00+00:00,1,0.6515371799468994,7.5,target_full,True,1,True
2026-03-31 14:02:00+00:00,1,0.5752996802330017,-11.570000000000618,timeout,False,12,False
2026-03-31 14:03:00+00:00,-1,0.6535770893096924,5.0,trail_stop,True,4,True
2026-03-31 14:05:00+00:00,-1,0.6474207043647766,5.0,trail_stop,True,2,True
2026-03-31 14:07:00+00:00,-1,0.5852317810058594,-2.1400000000003274,timeout,False,12,False
2026-03-31 14:14:00+00:00,1,0.5856569409370422,-3.6099999999996726,timeout,False,12,False
2026-03-31 14:15:00+00:00,1,0.5801175236701965,5.319999999999709,timeout,True,12,True
2026-03-31 14:21:00+00:00,-1,0.5926092267036438,-20.0,stop_loss,False,11,False
2026-03-31 14:25:00+00:00,-1,0.5660003423690796,-20.0,stop_loss,False,7,False
2026-03-31 14:31:00+00:00,-1,0.5566995739936829,5.0,trail_stop,True,5,True
2026-03-31 14:34:00+00:00,1,0.6130768656730652,-14.710000000000036,timeout,False,12,False
2026-03-31 14:35:00+00:00,-1,0.6090340614318848,5.0,trail_stop,True,2,True
2026-03-31 14:36:00+00:00,-1,0.6118687391281128,5.0,trail_stop,True,7,True
2026-03-31 14:48:00+00:00,-1,0.5609797239303589,5.0,trail_stop,True,7,True
2026-03-31 14:57:00+00:00,-1,0.5855475664138794,-20.0,stop_loss,False,7,False
2026-03-31 14:58:00+00:00,1,0.5564715266227722,7.5,target_full,True,3,True
2026-03-31 16:01:00+00:00,1,0.5677779316902161,-4.730000000000473,timeout,False,12,False
2026-03-31 16:39:00+00:00,1,0.6067360639572144,7.5,target_full,True,1,True
2026-03-31 16:41:00+00:00,1,0.5621780157089233,-11.029999999999745,timeout,False,12,False
2026-03-31 16:47:00+00:00,-1,0.6240420341491699,-7.910000000000764,timeout,False,12,False
2026-03-31 16:50:00+00:00,1,0.560646653175354,4.045000000000073,timeout,True,12,True
2026-03-31 16:51:00+00:00,1,0.6030334234237671,7.5,target_full,True,11,True
2026-03-31 16:52:00+00:00,-1,0.6492952704429626,-5.539999999999964,timeout,False,12,False
2026-03-31 16:53:00+00:00,-1,0.5941932201385498,5.0,trail_stop,True,2,True
2026-03-31 16:59:00+00:00,-1,0.6951083540916443,-3.8299999999999272,timeout,False,12,False
2026-03-31 17:04:00+00:00,1,0.5697579383850098,-5.25,timeout,False,12,False
2026-03-31 17:05:00+00:00,-1,0.567977786064148,5.0,trail_stop,True,4,True
2026-03-31 17:08:00+00:00,1,0.59554523229599,-0.6799999999993815,timeout,False,12,False
2026-03-31 17:09:00+00:00,-1,0.6105743050575256,-14.029999999999745,timeout,False,12,False
2026-03-31 17:12:00+00:00,1,0.6347677707672119,5.0,trail_stop,True,7,True
2026-03-31 17:21:00+00:00,1,0.5514085292816162,5.0,trail_stop,True,2,True
2026-03-31 17:22:00+00:00,1,0.5540449023246765,5.0,trail_stop,True,10,True
2026-03-31 17:32:00+00:00,1,0.5591017007827759,5.0,trail_stop,True,3,True
2026-03-31 17:36:00+00:00,-1,0.5769521594047546,5.0,trail_stop,True,2,True
2026-03-31 17:37:00+00:00,-1,0.5676147937774658,-16.43000000000029,timeout,False,12,False
2026-03-31 17:43:00+00:00,1,0.5774082541465759,5.0,trail_stop,True,3,True
2026-03-31 17:49:00+00:00,1,0.5983263850212097,-4.559999999999491,timeout,False,12,False
2026-03-31 19:10:00+00:00,1,0.5659903287887573,5.0,trail_stop,True,10,True
2026-03-31 22:13:00+00:00,1,0.6073839068412781,7.5,target_full,True,1,True
2026-03-31 22:19:00+00:00,-1,0.5842165946960449,-20.0,stop_loss,False,5,False
2026-03-31 22:24:00+00:00,1,0.5904346108436584,0.8899999999994179,timeout,False,12,True
2026-03-31 22:25:00+00:00,1,0.6285821795463562,5.0,trail_stop,True,11,True
2026-03-31 22:36:00+00:00,1,0.5645800232887268,7.5,target_full,True,1,True
2026-03-31 22:37:00+00:00,1,0.579306960105896,7.5,target_full,True,1,True
2026-03-31 22:38:00+00:00,1,0.6034727692604065,-20.0,stop_loss,False,8,False
2026-03-31 22:41:00+00:00,-1,0.6208014488220215,5.0,trail_stop,True,3,True
2026-03-31 22:42:00+00:00,-1,0.5901219844818115,7.5,target_full,True,2,True
2026-03-31 22:43:00+00:00,-1,0.6026651859283447,5.0,trail_stop,True,2,True
2026-03-31 22:44:00+00:00,-1,0.5539741516113281,7.5,target_full,True,2,True
2026-04-01 01:00:00+00:00,1,0.5902858972549438,-20.0,stop_loss,False,5,False
2026-04-01 01:01:00+00:00,-1,0.629579484462738,7.5,target_full,True,4,True
2026-04-01 01:04:00+00:00,1,0.6223950386047363,5.0,trail_stop,True,6,True
2026-04-01 01:05:00+00:00,-1,0.6171457767486572,5.0,trail_stop,True,2,True
2026-04-01 01:06:00+00:00,-1,0.6074696183204651,-20.0,stop_loss,False,6,False
2026-04-01 01:08:00+00:00,1,0.6203466653823853,5.0,trail_stop,True,2,True
2026-04-01 01:13:00+00:00,-1,0.5562111735343933,5.0,trail_stop,True,2,True
2026-04-01 06:45:00+00:00,1,0.580757200717926,5.0,trail_stop,True,2,True
2026-04-01 07:00:00+00:00,-1,0.5530041456222534,5.0,trail_stop,True,3,True
2026-04-01 07:41:00+00:00,-1,0.5657261610031128,5.0,trail_stop,True,4,True
2026-04-01 07:45:00+00:00,-1,0.567450761795044,5.0,trail_stop,True,4,True
2026-04-01 07:51:00+00:00,-1,0.5558695793151855,5.0,trail_stop,True,2,True
2026-04-01 07:55:00+00:00,-1,0.5556854009628296,-12.490000000000691,timeout,False,12,False
2026-04-01 07:58:00+00:00,1,0.6064266562461853,7.5,target_full,True,1,True
2026-04-01 08:18:00+00:00,1,0.6294601559638977,5.0,trail_stop,True,3,True
2026-04-01 12:48:00+00:00,-1,0.6431214809417725,5.0,trail_stop,True,3,True
2026-04-01 12:51:00+00:00,-1,0.5828657150268555,7.5,target_full,True,9,True
2026-04-01 12:52:00+00:00,-1,0.593133270740509,5.0,trail_stop,True,4,True
2026-04-01 13:00:00+00:00,-1,0.5940057039260864,-11.230000000000473,timeout,False,12,False
2026-04-01 13:04:00+00:00,-1,0.5591785311698914,-13.199999999999818,timeout,False,12,False
2026-04-01 13:07:00+00:00,1,0.5597400665283203,5.0,trail_stop,True,3,True
2026-04-01 13:37:00+00:00,1,0.5574960112571716,-5.469999999999345,timeout,False,12,False
2026-04-01 13:42:00+00:00,-1,0.5821043252944946,5.0,trail_stop,True,2,True
2026-04-01 13:43:00+00:00,-1,0.5798343420028687,1.680000000000291,timeout,False,12,True
2026-04-01 13:47:00+00:00,-1,0.568955659866333,5.0,trail_stop,True,4,True
2026-04-01 13:50:00+00:00,1,0.5650439858436584,5.0,trail_stop,True,3,True
2026-04-01 13:51:00+00:00,-1,0.5749393105506897,7.5,target_full,True,8,True
2026-04-01 13:53:00+00:00,1,0.5620998740196228,-20.0,stop_loss,False,6,False
2026-04-01 13:55:00+00:00,-1,0.5676721334457397,7.5,target_full,True,4,True
2026-04-01 13:57:00+00:00,-1,0.5819842219352722,7.5,target_full,True,2,True
2026-04-01 14:00:00+00:00,-1,0.5739953517913818,-16.859999999999673,timeout,False,12,False
2026-04-01 14:04:00+00:00,1,0.6266752481460571,-0.8900000000003274,timeout,False,12,False
2026-04-01 14:06:00+00:00,1,0.5712997317314148,5.0,trail_stop,True,2,True
2026-04-01 14:11:00+00:00,-1,0.5896947979927063,-2.6700000000000728,timeout,False,12,False
2026-04-01 14:26:00+00:00,-1,0.579079806804657,-16.650000000000546,timeout,False,12,False
2026-04-01 14:28:00+00:00,-1,0.5903152823448181,5.0,trail_stop,True,8,True
2026-04-01 14:35:00+00:00,1,0.5785854458808899,7.5,target_full,True,2,True
2026-04-01 14:39:00+00:00,1,0.5611076354980469,5.0,trail_stop,True,3,True
2026-04-02 00:08:00+00:00,1,0.5749362707138062,5.0,trail_stop,True,9,True
2026-04-02 00:45:00+00:00,-1,0.5593755841255188,-3.7799999999997453,timeout,False,12,False
2026-04-02 00:46:00+00:00,-1,0.5506840348243713,5.0,trail_stop,True,9,True
2026-04-02 00:59:00+00:00,-1,0.5814456939697266,7.5,target_full,True,1,True
2026-04-02 01:03:00+00:00,-1,0.5676568150520325,7.5,target_full,True,1,True
2026-04-02 01:06:00+00:00,-1,0.5731564164161682,-20.0,stop_loss,False,2,False
2026-04-02 01:09:00+00:00,1,0.6092009544372559,7.5,target_full,True,1,True
2026-04-02 01:10:00+00:00,1,0.665266215801239,-20.0,stop_loss,False,6,False
2026-04-02 01:12:00+00:00,1,0.5837177634239197,5.0,trail_stop,True,2,True
2026-04-02 01:13:00+00:00,-1,0.575580894947052,5.0,trail_stop,True,2,True
2026-04-02 01:15:00+00:00,-1,0.6427761316299438,7.5,target_full,True,1,True
2026-04-02 01:16:00+00:00,-1,0.6294856071472168,7.5,target_full,True,1,True
2026-04-02 01:17:00+00:00,-1,0.6286771893501282,5.0,trail_stop,True,2,True
2026-04-02 01:21:00+00:00,-1,0.5971603989601135,5.0,trail_stop,True,2,True
2026-04-02 01:22:00+00:00,-1,0.6520085334777832,7.5,target_full,True,2,True
2026-04-02 01:23:00+00:00,-1,0.5607096552848816,7.5,target_full,True,1,True
2026-04-02 01:24:00+00:00,-1,0.5856142044067383,7.5,target_full,True,1,True
2026-04-02 01:25:00+00:00,-1,0.5880240201950073,7.5,target_full,True,1,True
2026-04-02 01:26:00+00:00,-1,0.6481344103813171,5.0,trail_stop,True,4,True
2026-04-02 01:29:00+00:00,1,0.5793127417564392,-20.0,stop_loss,False,1,False
2026-04-02 01:30:00+00:00,-1,0.5745278596878052,7.5,target_full,True,1,True
2026-04-02 01:31:00+00:00,-1,0.6291233897209167,7.5,target_full,True,1,True
2026-04-02 01:32:00+00:00,-1,0.6284984350204468,-20.0,stop_loss,False,1,False
2026-04-02 01:34:00+00:00,1,0.5718729496002197,7.5,target_full,True,1,True
2026-04-02 01:35:00+00:00,1,0.5895885825157166,7.5,target_full,True,1,True
2026-04-02 01:36:00+00:00,1,0.5621243715286255,7.5,target_full,True,1,True
2026-04-02 01:37:00+00:00,1,0.6421393752098083,5.0,trail_stop,True,2,True
2026-04-02 01:38:00+00:00,1,0.6129583716392517,7.5,target_full,True,1,True
2026-04-02 01:39:00+00:00,1,0.6634283065795898,7.5,target_full,True,1,True
2026-04-02 01:40:00+00:00,1,0.5887362360954285,5.0,trail_stop,True,11,True
2026-04-02 01:42:00+00:00,1,0.6610726714134216,5.0,trail_stop,True,8,True
2026-04-02 01:43:00+00:00,-1,0.6370141506195068,5.0,trail_stop,True,2,True
2026-04-02 01:44:00+00:00,-1,0.6582103371620178,5.0,trail_stop,True,3,True
2026-04-02 01:46:00+00:00,-1,0.6360247731208801,5.0,trail_stop,True,2,True
2026-04-02 01:47:00+00:00,-1,0.626809298992157,-20.0,stop_loss,False,2,False
2026-04-02 01:48:00+00:00,1,0.5844919681549072,7.5,target_full,True,1,True
2026-04-02 01:49:00+00:00,1,0.5899714827537537,7.5,target_full,True,1,True
2026-04-02 01:50:00+00:00,1,0.6585566997528076,5.0,trail_stop,True,2,True
2026-04-02 01:51:00+00:00,1,0.5749466419219971,-20.0,stop_loss,False,6,False
2026-04-02 01:52:00+00:00,1,0.606934130191803,-13.1899999999996,timeout,False,12,False
2026-04-02 01:53:00+00:00,-1,0.5938702821731567,5.0,trail_stop,True,4,True
2026-04-02 01:57:00+00:00,-1,0.6251761317253113,5.0,trail_stop,True,3,True
2026-04-02 01:59:00+00:00,-1,0.5812655091285706,5.0,trail_stop,True,2,True
2026-04-02 02:03:00+00:00,-1,0.600131630897522,7.5,target_full,True,7,True
2026-04-02 02:06:00+00:00,1,0.5804392695426941,5.0,trail_stop,True,2,True
2026-04-02 02:08:00+00:00,-1,0.6188653111457825,7.5,target_full,True,2,True
2026-04-02 02:10:00+00:00,-1,0.603198766708374,7.5,target_full,True,1,True
2026-04-02 02:11:00+00:00,-1,0.6417772769927979,-20.0,stop_loss,False,3,False
2026-04-02 02:12:00+00:00,-1,0.5542705655097961,-11.13000000000011,timeout,False,12,False
2026-04-02 02:15:00+00:00,1,0.6118354797363281,-8.180000000000291,timeout,False,12,False
2026-04-02 02:16:00+00:00,1,0.5632522702217102,5.0,trail_stop,True,2,True
2026-04-02 02:17:00+00:00,1,0.5943151116371155,-11.75,timeout,False,12,False
2026-04-02 02:19:00+00:00,-1,0.6235741376876831,5.0,trail_stop,True,11,True
2026-04-02 02:26:00+00:00,-1,0.6141058802604675,5.0,trail_stop,True,4,True
2026-04-02 02:32:00+00:00,-1,0.6004999279975891,5.0,trail_stop,True,2,True
2026-04-02 02:36:00+00:00,-1,0.5622860789299011,5.0,trail_stop,True,3,True
2026-04-02 02:37:00+00:00,-1,0.5686601400375366,-20.0,stop_loss,False,4,False
2026-04-02 02:39:00+00:00,-1,0.6095264554023743,-20.0,stop_loss,False,3,False
2026-04-02 02:40:00+00:00,1,0.6523740291595459,5.0,trail_stop,True,2,True
2026-04-02 02:41:00+00:00,1,0.6000374555587769,5.0,trail_stop,True,2,True
2026-04-02 02:47:00+00:00,1,0.5531113147735596,5.0,trail_stop,True,8,True
2026-04-02 05:32:00+00:00,-1,0.5543504357337952,7.5,target_full,True,1,True
2026-04-02 05:33:00+00:00,-1,0.6026238203048706,5.0,trail_stop,True,7,True
2026-04-02 05:37:00+00:00,-1,0.6252847909927368,5.0,trail_stop,True,3,True
2026-04-02 05:38:00+00:00,-1,0.588243305683136,7.5,target_full,True,1,True
2026-04-02 05:40:00+00:00,-1,0.5515456199645996,5.0,trail_stop,True,3,True
2026-04-02 05:43:00+00:00,-1,0.5873047113418579,7.5,target_full,True,1,True
2026-04-02 05:45:00+00:00,-1,0.6707232594490051,7.5,target_full,True,1,True
2026-04-02 05:46:00+00:00,-1,0.5816745162010193,7.5,target_full,True,1,True
2026-04-02 05:47:00+00:00,-1,0.6120529770851135,7.5,target_full,True,1,True
2026-04-02 05:50:00+00:00,-1,0.5621048212051392,5.0,trail_stop,True,2,True
2026-04-02 05:52:00+00:00,1,0.602685809135437,5.0,trail_stop,True,4,True
2026-04-02 05:55:00+00:00,-1,0.6017812490463257,5.0,trail_stop,True,3,True
2026-04-02 06:01:00+00:00,-1,0.5771324038505554,5.0,trail_stop,True,2,True
2026-04-02 06:05:00+00:00,-1,0.5913399457931519,5.0,trail_stop,True,2,True
2026-04-02 06:06:00+00:00,-1,0.5941754579544067,7.5,target_full,True,1,True
2026-04-02 06:08:00+00:00,-1,0.5882888436317444,7.5,target_full,True,1,True
2026-04-02 06:10:00+00:00,-1,0.6033673882484436,-20.0,stop_loss,False,2,False
2026-04-02 06:12:00+00:00,-1,0.557014524936676,-20.0,stop_loss,False,2,False
2026-04-02 06:13:00+00:00,1,0.6351581811904907,5.0,trail_stop,True,2,True
2026-04-02 06:14:00+00:00,1,0.613589882850647,5.0,trail_stop,True,3,True
2026-04-02 06:16:00+00:00,1,0.5806055665016174,7.5,target_full,True,2,True
2026-04-02 06:17:00+00:00,1,0.554003119468689,5.0,trail_stop,True,2,True
2026-04-02 06:20:00+00:00,1,0.5821101665496826,-0.4600000000000364,timeout,False,12,False
2026-04-02 06:22:00+00:00,-1,0.5545774102210999,5.0,trail_stop,True,2,True
2026-04-02 06:24:00+00:00,-1,0.5840782523155212,5.0,trail_stop,True,2,True
2026-04-02 06:26:00+00:00,-1,0.6077716946601868,-11.910000000000764,timeout,False,12,False
2026-04-02 06:27:00+00:00,1,0.5777829885482788,5.0,trail_stop,True,3,True
2026-04-02 06:34:00+00:00,1,0.5624030232429504,4.579999999999927,timeout,True,12,True
2026-04-02 06:35:00+00:00,-1,0.5524703860282898,5.0,trail_stop,True,9,True
2026-04-02 06:36:00+00:00,-1,0.5861614942550659,-14.300000000000182,timeout,False,12,False
2026-04-02 06:38:00+00:00,1,0.5637091994285583,5.0,trail_stop,True,11,True
2026-04-02 06:41:00+00:00,-1,0.5816705822944641,5.0,trail_stop,True,3,True
2026-04-02 06:43:00+00:00,-1,0.5700452327728271,-20.0,stop_loss,False,6,False
2026-04-02 06:46:00+00:00,1,0.5539071559906006,5.0,trail_stop,True,2,True
2026-04-02 06:47:00+00:00,1,0.5730410218238831,7.5,target_full,True,2,True
2026-04-02 06:53:00+00:00,1,0.5744844675064087,-1.569999999999709,timeout,False,12,False
2026-04-02 06:56:00+00:00,-1,0.5669766664505005,-14.38000000000011,timeout,False,12,False
2026-04-02 06:59:00+00:00,1,0.5797982811927795,5.0,trail_stop,True,4,True
2026-04-02 07:48:00+00:00,1,0.5631576180458069,-3.5299999999997453,timeout,False,12,False
2026-04-02 10:42:00+00:00,1,0.5520545244216919,-3.7200000000002547,timeout,False,12,False
2026-04-02 11:43:00+00:00,-1,0.5558551549911499,-5.069999999999709,timeout,False,12,False
2026-04-02 12:20:00+00:00,1,0.5638140439987183,7.5,target_full,True,1,True
2026-04-02 12:58:00+00:00,-1,0.5683736205101013,7.5,target_full,True,1,True
2026-04-02 12:59:00+00:00,-1,0.5765476226806641,7.5,target_full,True,1,True
2026-04-02 13:00:00+00:00,-1,0.6235468983650208,-20.0,stop_loss,False,4,False
2026-04-02 13:01:00+00:00,-1,0.5850490927696228,7.5,target_full,True,1,True
2026-04-02 13:02:00+00:00,-1,0.5885636210441589,-20.0,stop_loss,False,2,False
2026-04-02 13:04:00+00:00,-1,0.6319266557693481,-20.0,stop_loss,False,1,False
2026-04-02 13:05:00+00:00,1,0.6357998251914978,5.0,trail_stop,True,2,True
2026-04-02 13:08:00+00:00,-1,0.6108623743057251,5.0,trail_stop,True,2,True
2026-04-02 13:12:00+00:00,-1,0.5914461612701416,5.0,trail_stop,True,5,True
2026-04-02 13:14:00+00:00,-1,0.5971147418022156,5.0,trail_stop,True,9,True
2026-04-02 13:23:00+00:00,-1,0.638565182685852,-20.0,stop_loss,False,6,False
2026-04-02 13:25:00+00:00,-1,0.6282987594604492,-20.0,stop_loss,False,5,False
2026-04-02 13:26:00+00:00,1,0.6135904788970947,5.0,trail_stop,True,3,True
2026-04-02 13:30:00+00:00,1,0.5555359721183777,-6.270000000000437,timeout,False,12,False
2026-04-02 13:31:00+00:00,1,0.5506570339202881,-20.0,stop_loss,False,8,False
2026-04-02 13:32:00+00:00,-1,0.5723066926002502,5.0,trail_stop,True,5,True
2026-04-02 13:33:00+00:00,-1,0.5659624338150024,5.0,trail_stop,True,2,True
2026-04-02 13:35:00+00:00,1,0.5938048362731934,5.0,trail_stop,True,6,True
2026-04-02 13:38:00+00:00,1,0.5807538628578186,5.0,trail_stop,True,3,True
2026-04-02 13:39:00+00:00,-1,0.5823007225990295,-20.0,stop_loss,False,6,False
2026-04-02 13:41:00+00:00,1,0.6090357899665833,5.0,trail_stop,True,4,True
2026-04-02 13:42:00+00:00,1,0.6246424317359924,7.5,target_full,True,2,True
2026-04-02 13:44:00+00:00,1,0.589637279510498,7.5,target_full,True,1,True
2026-04-02 13:46:00+00:00,1,0.5698426961898804,7.5,target_full,True,1,True
2026-04-02 13:49:00+00:00,1,0.5627402067184448,5.0,trail_stop,True,4,True
2026-04-02 13:57:00+00:00,1,0.5566765069961548,-0.12999999999919964,timeout,False,12,False
2026-04-02 14:00:00+00:00,-1,0.6161975264549255,5.0,trail_stop,True,2,True
2026-04-02 14:01:00+00:00,-1,0.6215773820877075,-20.0,stop_loss,False,9,False
2026-04-02 14:03:00+00:00,-1,0.59099942445755,-20.0,stop_loss,False,12,False
2026-04-02 14:07:00+00:00,1,0.5522398948669434,5.0,trail_stop,True,2,True
2026-04-02 14:14:00+00:00,-1,0.5739361643791199,-20.0,stop_loss,False,8,False
2026-04-02 14:15:00+00:00,1,0.5570595860481262,5.0,trail_stop,True,3,True
2026-04-02 14:17:00+00:00,1,0.5554252862930298,5.0,trail_stop,True,2,True
2026-04-02 14:21:00+00:00,1,0.6003695726394653,7.5,target_full,True,2,True
2026-04-02 14:22:00+00:00,1,0.578198254108429,7.5,target_full,True,1,True
2026-04-02 14:23:00+00:00,1,0.5567958354949951,5.0,trail_stop,True,2,True
2026-04-02 14:24:00+00:00,1,0.5506699681282043,5.0,trail_stop,True,11,True
2026-04-02 14:25:00+00:00,-1,0.5535253286361694,5.0,trail_stop,True,2,True
2026-04-02 14:35:00+00:00,1,0.5875322222709656,7.5,target_full,True,1,True
2026-04-02 14:37:00+00:00,1,0.6198645234107971,5.0,trail_stop,True,3,True
2026-04-02 14:38:00+00:00,-1,0.6716271042823792,-20.0,stop_loss,False,4,False
2026-04-02 14:39:00+00:00,1,0.5967078804969788,7.5,target_full,True,3,True
2026-04-02 14:41:00+00:00,1,0.6805035471916199,7.5,target_full,True,1,True
2026-04-02 14:42:00+00:00,1,0.6424133777618408,5.0,trail_stop,True,2,True
2026-04-02 14:45:00+00:00,-1,0.655833899974823,5.0,trail_stop,True,2,True
2026-04-02 14:47:00+00:00,-1,0.5753849744796753,7.5,target_full,True,1,True
2026-04-02 14:48:00+00:00,-1,0.6195098161697388,7.5,target_full,True,1,True
2026-04-02 14:49:00+00:00,-1,0.6188098192214966,5.0,trail_stop,True,2,True
2026-04-02 14:50:00+00:00,-1,0.5720342397689819,5.0,trail_stop,True,12,True
2026-04-02 14:53:00+00:00,1,0.5557565093040466,5.0,trail_stop,True,2,True
2026-04-02 14:59:00+00:00,-1,0.5867130160331726,5.0,trail_stop,True,2,True
2026-04-02 15:00:00+00:00,-1,0.5689651966094971,5.0,trail_stop,True,3,True
2026-04-02 15:02:00+00:00,-1,0.5617038011550903,-5.400000000000546,timeout,False,12,False
2026-04-02 15:03:00+00:00,-1,0.5883223414421082,5.0,trail_stop,True,4,True
2026-04-02 15:07:00+00:00,-1,0.5727408528327942,5.2199999999998,timeout,True,12,True
2026-04-02 15:10:00+00:00,1,0.5767731070518494,5.0,trail_stop,True,2,True
2026-04-02 15:14:00+00:00,-1,0.5626131296157837,5.0,trail_stop,True,6,True
2026-04-02 15:15:00+00:00,-1,0.5610498189926147,5.0,trail_stop,True,3,True
2026-04-02 15:16:00+00:00,1,0.5562001466751099,-20.0,stop_loss,False,5,False
2026-04-02 15:17:00+00:00,1,0.5626505613327026,-7.059999999999491,timeout,False,12,False
2026-04-02 15:26:00+00:00,1,0.5558066368103027,5.0,trail_stop,True,2,True
2026-04-02 15:34:00+00:00,1,0.5611798167228699,-11.889999999999418,timeout,False,12,False
2026-04-02 15:51:00+00:00,-1,0.565006673336029,-8.710000000000036,timeout,False,12,False
2026-04-02 15:54:00+00:00,1,0.5547431111335754,5.0,trail_stop,True,7,True
2026-04-02 16:01:00+00:00,1,0.5610468983650208,-11.510000000000218,timeout,False,12,False
2026-04-02 16:08:00+00:00,-1,0.5728411078453064,5.0,trail_stop,True,12,True
2026-04-02 16:09:00+00:00,-1,0.5891799926757812,5.0,trail_stop,True,2,True
2026-04-02 16:10:00+00:00,-1,0.6167721152305603,5.0,trail_stop,True,9,True
2026-04-05 22:53:00+00:00,1,0.5781797170639038,5.0,trail_stop,True,2,True
2026-04-05 22:57:00+00:00,1,0.5878559350967407,5.0,trail_stop,True,2,True
2026-04-05 23:02:00+00:00,-1,0.5532155632972717,5.0,trail_stop,True,2,True
2026-04-05 23:29:00+00:00,-1,0.5756415724754333,-0.7799999999997453,timeout,False,12,False
2026-04-06 00:04:00+00:00,1,0.5996556282043457,5.0,trail_stop,True,11,True
2026-04-06 00:05:00+00:00,1,0.5850953459739685,5.0,trail_stop,True,2,True
2026-04-06 00:27:00+00:00,-1,0.5931762456893921,-10.600000000000364,timeout,False,12,False
2026-04-06 02:31:00+00:00,-1,0.5741711854934692,5.0,trail_stop,True,2,True
2026-04-06 13:32:00+00:00,-1,0.5680773258209229,-4.449999999999818,timeout,False,12,False
2026-04-06 13:36:00+00:00,-1,0.5885903835296631,0.5500000000001819,timeout,False,12,True
2026-04-06 13:39:00+00:00,1,0.5594326853752136,5.0,trail_stop,True,2,True
2026-04-06 13:41:00+00:00,1,0.5636151432991028,-0.7899999999999636,timeout,False,12,False
2026-04-06 13:43:00+00:00,-1,0.5797202587127686,5.0,trail_stop,True,2,True
2026-04-06 13:44:00+00:00,-1,0.5783529281616211,-14.729999999999563,timeout,False,12,False
2026-04-06 13:46:00+00:00,-1,0.557682454586029,5.0,trail_stop,True,3,True
2026-04-06 13:49:00+00:00,-1,0.5677038431167603,-20.0,stop_loss,False,10,False
2026-04-06 13:50:00+00:00,-1,0.5571183562278748,-20.0,stop_loss,False,9,False
2026-04-06 13:52:00+00:00,1,0.5763497352600098,5.0,trail_stop,True,2,True
2026-04-06 13:53:00+00:00,1,0.5658476948738098,7.5,target_full,True,6,True
2026-04-06 13:55:00+00:00,1,0.5685824751853943,5.0,trail_stop,True,2,True
2026-04-06 14:03:00+00:00,-1,0.5868989825248718,5.0,trail_stop,True,2,True
2026-04-06 14:04:00+00:00,-1,0.6046295762062073,5.0,trail_stop,True,6,True
2026-04-06 14:10:00+00:00,-1,0.5690668821334839,-20.0,stop_loss,False,9,False
2026-04-06 14:13:00+00:00,1,0.5544576048851013,5.0,trail_stop,True,4,True
2026-04-06 14:14:00+00:00,1,0.5623639225959778,5.0,trail_stop,True,4,True
2026-04-06 14:17:00+00:00,1,0.563362181186676,5.0,trail_stop,True,2,True
2026-04-06 14:19:00+00:00,1,0.5746451616287231,5.0,trail_stop,True,11,True
2026-04-06 14:20:00+00:00,1,0.5718225836753845,5.0,trail_stop,True,4,True
2026-04-06 14:38:00+00:00,-1,0.5699023604393005,5.0,trail_stop,True,12,True
2026-04-06 14:39:00+00:00,-1,0.5603644251823425,5.0,trail_stop,True,6,True
2026-04-06 14:40:00+00:00,1,0.5754345655441284,-4.350000000000364,timeout,False,12,False
2026-04-06 14:44:00+00:00,-1,0.5662513971328735,5.0,trail_stop,True,2,True
2026-04-06 14:45:00+00:00,-1,0.5534847378730774,-9.269999999999527,timeout,False,12,False
2026-04-06 14:55:00+00:00,-1,0.5525979995727539,5.0,trail_stop,True,6,True
2026-04-06 14:59:00+00:00,-1,0.5633244514465332,5.0,trail_stop,True,2,True
2026-04-06 15:03:00+00:00,-1,0.5765917897224426,5.0,trail_stop,True,3,True
2026-04-06 15:10:00+00:00,-1,0.5684944987297058,5.0,trail_stop,True,5,True
2026-04-06 15:14:00+00:00,-1,0.5553416013717651,5.0,trail_stop,True,2,True
2026-04-06 15:15:00+00:00,-1,0.5556771159172058,-9.390000000000327,timeout,False,12,False
2026-04-07 01:05:00+00:00,1,0.5598067045211792,5.0,trail_stop,True,2,True
2026-04-07 01:08:00+00:00,1,0.5529071092605591,-20.0,stop_loss,False,1,False
2026-04-07 01:09:00+00:00,-1,0.6327766180038452,7.5,target_full,True,1,True
2026-04-07 01:10:00+00:00,-1,0.6477903723716736,-20.0,stop_loss,False,9,False
2026-04-07 01:11:00+00:00,-1,0.5722889304161072,-9.479999999999563,timeout,False,12,False
2026-04-07 01:37:00+00:00,-1,0.5588244795799255,7.5,target_full,True,1,True
2026-04-07 01:38:00+00:00,-1,0.568498969078064,5.0,trail_stop,True,12,True
2026-04-07 01:39:00+00:00,-1,0.5636770725250244,5.0,trail_stop,True,10,True
2026-04-07 01:41:00+00:00,1,0.6098958849906921,-20.0,stop_loss,False,10,False
2026-04-07 01:53:00+00:00,-1,0.5715791583061218,5.0,trail_stop,True,2,True
2026-04-07 01:56:00+00:00,-1,0.6184600591659546,-15.180000000000291,timeout,False,12,False
2026-04-07 02:07:00+00:00,-1,0.5504077672958374,-11.390000000000327,timeout,False,12,False
2026-04-07 05:32:00+00:00,1,0.5903037786483765,5.0,trail_stop,True,7,True
2026-04-07 05:34:00+00:00,1,0.5913112759590149,5.0,trail_stop,True,3,True
2026-04-07 05:37:00+00:00,1,0.5581454634666443,-0.5200000000004366,timeout,False,12,False
2026-04-07 05:41:00+00:00,-1,0.5623681545257568,-6.489999999999782,timeout,False,12,False
2026-04-07 08:02:00+00:00,1,0.604145884513855,5.0,trail_stop,True,11,True
2026-04-07 08:13:00+00:00,1,0.5825071334838867,7.5,target_full,True,6,True
2026-04-07 08:20:00+00:00,1,0.5516760349273682,7.5,target_full,True,1,True
2026-04-07 08:24:00+00:00,1,0.6075373291969299,0.3000000000001819,timeout,False,12,True
2026-04-07 08:34:00+00:00,1,0.5639669895172119,-4.809999999999491,timeout,False,12,False
2026-04-07 10:26:00+00:00,-1,0.5516347885131836,-2.719999999999345,timeout,False,12,False
2026-04-07 10:45:00+00:00,-1,0.557176947593689,5.0,trail_stop,True,2,True
2026-04-07 10:47:00+00:00,-1,0.5527913570404053,5.0,trail_stop,True,9,True
2026-04-07 11:17:00+00:00,1,0.5972055196762085,5.0,trail_stop,True,5,True
2026-04-07 13:37:00+00:00,1,0.5757659077644348,-2.4899999999997817,timeout,False,12,False
2026-04-07 13:41:00+00:00,-1,0.5671162605285645,-14.649999999999636,timeout,False,12,False
2026-04-07 13:54:00+00:00,1,0.5500409007072449,-20.0,stop_loss,False,7,False
2026-04-07 14:00:00+00:00,-1,0.5570868849754333,5.0,trail_stop,True,2,True
2026-04-07 14:04:00+00:00,-1,0.5954063534736633,7.5,target_full,True,1,True
2026-04-07 14:06:00+00:00,-1,0.6463307738304138,-6.869999999999891,timeout,False,12,False
2026-04-07 14:07:00+00:00,-1,0.6220583319664001,-10.909999999999854,timeout,False,12,False
2026-04-07 14:08:00+00:00,-1,0.5937139987945557,-20.0,stop_loss,False,12,False
2026-04-07 14:10:00+00:00,1,0.6311161518096924,5.0,trail_stop,True,11,True
2026-04-07 14:17:00+00:00,-1,0.5867688059806824,5.0,trail_stop,True,2,True
2026-04-07 14:20:00+00:00,1,0.5668922066688538,7.5,target_full,True,1,True
2026-04-07 14:26:00+00:00,1,0.566125750541687,5.0,trail_stop,True,4,True
2026-04-07 14:29:00+00:00,1,0.5517503619194031,5.0,trail_stop,True,4,True
2026-04-07 14:32:00+00:00,1,0.5693276524543762,5.0,trail_stop,True,2,True
2026-04-07 14:39:00+00:00,-1,0.5770964622497559,5.0,trail_stop,True,4,True
2026-04-07 14:43:00+00:00,-1,0.594555139541626,5.0,trail_stop,True,8,True
2026-04-07 14:50:00+00:00,-1,0.5749216079711914,5.0,trail_stop,True,4,True
2026-04-07 14:54:00+00:00,-1,0.5655251145362854,5.0,trail_stop,True,5,True
2026-04-07 14:58:00+00:00,-1,0.568694531917572,5.0,trail_stop,True,2,True
2026-04-07 15:11:00+00:00,1,0.5651087164878845,7.5,target_full,True,3,True
2026-04-07 19:20:00+00:00,1,0.5708866715431213,-15.970000000000255,timeout,False,12,False
2026-04-07 19:21:00+00:00,1,0.6065717339515686,-7.930000000000291,timeout,False,12,False
2026-04-07 19:23:00+00:00,-1,0.6075945496559143,-3.9899999999997817,timeout,False,12,False
2026-04-07 19:24:00+00:00,-1,0.5973793864250183,5.0,trail_stop,True,7,True
2026-04-07 19:49:00+00:00,-1,0.6168512105941772,5.0,trail_stop,True,3,True
2026-04-07 19:51:00+00:00,1,0.5743211507797241,-7.210000000000036,timeout,False,12,False
2026-04-07 19:52:00+00:00,-1,0.5589929223060608,-0.4500000000007276,timeout,False,12,False
2026-04-07 20:05:00+00:00,-1,0.5679113864898682,-9.140000000000327,timeout,False,12,False
2026-04-07 20:08:00+00:00,1,0.6022777557373047,5.0,trail_stop,True,7,True
2026-04-07 20:11:00+00:00,-1,0.5533662438392639,-2.8200000000006185,timeout,False,12,False
2026-04-07 22:04:00+00:00,1,0.5784622430801392,5.0,trail_stop,True,2,True
2026-04-07 22:05:00+00:00,1,0.7288051843643188,-20.0,stop_loss,False,8,False
2026-04-07 22:12:00+00:00,-1,0.5887858271598816,5.0,trail_stop,True,4,True
2026-04-07 22:18:00+00:00,-1,0.6094734072685242,-8.44000000000051,timeout,False,12,False
2026-04-07 22:19:00+00:00,-1,0.5989211201667786,-20.0,stop_loss,False,12,False
2026-04-07 22:20:00+00:00,-1,0.5867056846618652,-20.0,stop_loss,False,11,False
2026-04-07 22:22:00+00:00,1,0.5595000386238098,5.0,trail_stop,True,7,True
2026-04-07 22:39:00+00:00,1,0.5678465366363525,5.0,trail_stop,True,2,True
2026-04-07 22:40:00+00:00,1,0.6081119775772095,2.7600000000002183,timeout,False,12,True
2026-04-07 22:41:00+00:00,1,0.6221890449523926,5.0,trail_stop,True,10,True
2026-04-07 22:50:00+00:00,1,0.5622076392173767,5.0,trail_stop,True,3,True
2026-04-07 22:53:00+00:00,1,0.5624085068702698,7.5,target_full,True,1,True
2026-04-07 22:55:00+00:00,1,0.6009498238563538,5.0,trail_stop,True,2,True
2026-04-07 22:57:00+00:00,1,0.6151214241981506,5.0,trail_stop,True,6,True
2026-04-07 22:58:00+00:00,1,0.6744050979614258,5.0,trail_stop,True,2,True
2026-04-07 23:00:00+00:00,-1,0.5853163599967957,-20.0,stop_loss,False,2,False
2026-04-07 23:01:00+00:00,-1,0.5954256057739258,5.0,trail_stop,True,4,True
2026-04-07 23:03:00+00:00,1,0.6473028063774109,-5.699999999999818,timeout,False,12,False
2026-04-07 23:04:00+00:00,1,0.5956180095672607,5.0,trail_stop,True,2,True
2026-04-07 23:05:00+00:00,1,0.5777390599250793,-1.8200000000006185,timeout,False,12,False
2026-04-07 23:07:00+00:00,-1,0.5832582712173462,-12.699999999999818,timeout,False,12,False
2026-04-07 23:15:00+00:00,1,0.5519289970397949,5.0,trail_stop,True,2,True
2026-04-07 23:16:00+00:00,1,0.5762206315994263,5.0,trail_stop,True,3,True
2026-04-07 23:19:00+00:00,1,0.5714626312255859,5.0,trail_stop,True,4,True
2026-04-07 23:20:00+00:00,1,0.5573060512542725,5.0,trail_stop,True,2,True
2026-04-07 23:22:00+00:00,1,0.5536794662475586,-20.0,stop_loss,False,2,False
2026-04-07 23:37:00+00:00,1,0.5537018179893494,3.769999999999527,timeout,False,12,True
2026-04-08 00:00:00+00:00,1,0.6436486840248108,7.5,target_full,True,1,True
2026-04-08 00:02:00+00:00,1,0.6320738196372986,5.0,trail_stop,True,4,True
2026-04-08 00:03:00+00:00,1,0.6287814378738403,7.5,target_full,True,2,True
2026-04-08 00:08:00+00:00,-1,0.6327000260353088,5.0,trail_stop,True,2,True
2026-04-08 00:10:00+00:00,-1,0.6315732002258301,5.0,trail_stop,True,7,True
2026-04-08 00:12:00+00:00,-1,0.5825390815734863,5.0,trail_stop,True,2,True
2026-04-08 00:14:00+00:00,-1,0.6045035123825073,5.0,trail_stop,True,3,True
2026-04-08 00:15:00+00:00,-1,0.5846368670463562,5.0,trail_stop,True,5,True
2026-04-08 00:25:00+00:00,-1,0.6176131963729858,5.0,trail_stop,True,3,True
2026-04-08 00:40:00+00:00,-1,0.5555633306503296,-8.670000000000073,timeout,False,12,False
2026-04-08 00:59:00+00:00,-1,0.5551409125328064,5.0,trail_stop,True,3,True
2026-04-08 01:02:00+00:00,-1,0.5679051280021667,5.0,trail_stop,True,2,True
2026-04-08 01:20:00+00:00,-1,0.5509764552116394,5.0,trail_stop,True,8,True
2026-04-08 01:21:00+00:00,-1,0.5808832049369812,5.0,trail_stop,True,6,True
2026-04-08 01:22:00+00:00,1,0.569709300994873,-6.339999999999236,timeout,False,12,False
2026-04-08 01:24:00+00:00,1,0.5675371885299683,-0.42000000000007276,timeout,False,12,False
2026-04-08 02:00:00+00:00,1,0.58077073097229,-5.860000000000582,timeout,False,12,False
2026-04-08 07:12:00+00:00,-1,0.5605476498603821,5.0,trail_stop,True,8,True
2026-04-08 12:21:00+00:00,-1,0.6069943308830261,5.0,trail_stop,True,2,True
2026-04-08 12:22:00+00:00,-1,0.5955944061279297,5.0,trail_stop,True,2,True
2026-04-08 12:24:00+00:00,-1,0.6312385201454163,-20.0,stop_loss,False,5,False
2026-04-08 12:26:00+00:00,1,0.6195318698883057,5.0,trail_stop,True,3,True
2026-04-08 12:30:00+00:00,1,0.5680466294288635,5.0,trail_stop,True,4,True
2026-04-08 12:37:00+00:00,1,0.5553240776062012,5.0,trail_stop,True,10,True
2026-04-08 13:37:00+00:00,-1,0.5809201002120972,5.0,trail_stop,True,2,True
2026-04-08 13:38:00+00:00,-1,0.5730302929878235,5.0,trail_stop,True,3,True
2026-04-08 13:45:00+00:00,1,0.5861850380897522,5.0,trail_stop,True,2,True
2026-04-08 13:46:00+00:00,1,0.5606425404548645,-7.210000000000036,timeout,False,12,False
2026-04-08 13:51:00+00:00,-1,0.56541907787323,5.0,trail_stop,True,3,True
2026-04-08 13:53:00+00:00,-1,0.5856242775917053,5.0,trail_stop,True,2,True
2026-04-08 14:04:00+00:00,1,0.5531384944915771,5.0,trail_stop,True,3,True
2026-04-08 14:08:00+00:00,-1,0.582308828830719,5.0,trail_stop,True,11,True
2026-04-08 14:19:00+00:00,-1,0.554567277431488,7.5,target_full,True,5,True
2026-04-08 14:25:00+00:00,-1,0.5655782222747803,5.0,trail_stop,True,6,True
2026-04-08 14:29:00+00:00,1,0.5939120650291443,-3.949999999999818,timeout,False,12,False
2026-04-08 14:30:00+00:00,-1,0.5686885714530945,7.5,target_full,True,1,True
2026-04-08 14:31:00+00:00,-1,0.6088752746582031,5.0,trail_stop,True,4,True
2026-04-08 14:32:00+00:00,-1,0.5738093852996826,-8.300000000000182,timeout,False,12,False
2026-04-08 14:34:00+00:00,-1,0.6071709990501404,-1.680000000000291,timeout,False,12,False
2026-04-08 14:39:00+00:00,1,0.5765494704246521,5.0,trail_stop,True,2,True
2026-04-08 14:40:00+00:00,1,0.560533881187439,-20.0,stop_loss,False,11,False
2026-04-08 14:43:00+00:00,-1,0.6183245182037354,5.0,trail_stop,True,3,True
2026-04-08 14:47:00+00:00,-1,0.5955473184585571,7.5,target_full,True,4,True
2026-04-08 14:51:00+00:00,-1,0.5951914191246033,5.0,trail_stop,True,2,True
2026-04-08 14:55:00+00:00,-1,0.5648136734962463,7.5,target_full,True,1,True
2026-04-08 14:56:00+00:00,-1,0.6564145684242249,-10.38000000000011,timeout,False,12,False
2026-04-08 14:57:00+00:00,-1,0.6278154850006104,-2.9200000000000728,timeout,False,12,False
2026-04-08 14:58:00+00:00,-1,0.6003824472427368,5.0,trail_stop,True,2,True
2026-04-08 14:59:00+00:00,1,0.63724684715271,7.5,target_full,True,1,True
2026-04-08 15:00:00+00:00,1,0.6067188382148743,5.0,trail_stop,True,7,True
2026-04-08 15:05:00+00:00,-1,0.5808933973312378,5.0,trail_stop,True,5,True
2026-04-08 15:10:00+00:00,-1,0.6142197251319885,-15.989999999999782,timeout,False,12,False
2026-04-08 15:13:00+00:00,1,0.5681295990943909,5.0,trail_stop,True,4,True
2026-04-08 15:19:00+00:00,1,0.5507758259773254,0.12999999999919964,timeout,False,12,True
2026-04-08 18:18:00+00:00,-1,0.5555185675621033,5.0,trail_stop,True,7,True
2026-04-08 18:19:00+00:00,-1,0.573746383190155,5.0,trail_stop,True,2,True
2026-04-08 18:22:00+00:00,-1,0.6146076917648315,5.0,trail_stop,True,3,True
2026-04-08 18:23:00+00:00,-1,0.5610581636428833,5.0,trail_stop,True,2,True
2026-04-09 01:03:00+00:00,-1,0.5554064512252808,-10.679999999999382,timeout,False,12,False
2026-04-09 15:33:00+00:00,1,0.557921826839447,5.0,trail_stop,True,3,True
2026-04-10 09:19:00+00:00,1,0.6223050951957703,-12.080000000000837,timeout,False,12,False
2026-04-10 12:30:00+00:00,1,0.6759657859802246,5.0,trail_stop,True,4,True
2026-04-10 12:42:00+00:00,-1,0.5572238564491272,5.0,trail_stop,True,4,True
2026-04-10 13:42:00+00:00,-1,0.5670506954193115,-8.490000000000691,timeout,False,12,False
2026-04-10 14:15:00+00:00,1,0.556373655796051,5.0,trail_stop,True,9,True
2026-04-10 14:42:00+00:00,-1,0.5951171517372131,0.7199999999993452,timeout,False,12,True
2026-04-10 14:48:00+00:00,-1,0.5840574502944946,5.0,trail_stop,True,2,True
2026-04-10 14:49:00+00:00,-1,0.6136416792869568,-5.9399999999996,timeout,False,12,False
2026-04-10 14:50:00+00:00,-1,0.5741569995880127,5.0,trail_stop,True,5,True
2026-04-13 00:59:00+00:00,1,0.6130980849266052,7.5,target_full,True,1,True
2026-04-13 01:10:00+00:00,1,0.6643511652946472,-1.3400000000001455,timeout,False,12,False
2026-04-13 13:48:00+00:00,-1,0.5826200842857361,5.0,trail_stop,True,5,True
2026-04-13 13:49:00+00:00,1,0.5703049898147583,-16.359999999999673,timeout,False,12,False
2026-04-13 13:51:00+00:00,1,0.6129575967788696,-8.319999999999709,timeout,False,12,False
2026-04-13 13:52:00+00:00,-1,0.6529561281204224,5.0,trail_stop,True,11,True
2026-04-13 14:01:00+00:00,-1,0.5684188008308411,5.0,trail_stop,True,2,True
2026-04-13 14:02:00+00:00,-1,0.5990801453590393,-0.21999999999934516,timeout,False,12,False
2026-04-14 10:44:00+00:00,1,0.5815649628639221,5.0,trail_stop,True,9,True
2026-04-14 13:39:00+00:00,-1,0.569584846496582,-5.430000000000291,timeout,False,12,False
2026-04-14 13:50:00+00:00,-1,0.589467465877533,-10.159999999999854,timeout,False,12,False
2026-04-15 01:11:00+00:00,1,0.563238263130188,7.5,target_full,True,4,True
2026-04-15 01:16:00+00:00,1,0.5775059461593628,-20.0,stop_loss,False,3,False
2026-04-15 01:20:00+00:00,-1,0.6345627307891846,5.0,trail_stop,True,2,True
2026-04-15 01:21:00+00:00,-1,0.5511782169342041,5.0,trail_stop,True,2,True
2026-04-16 00:40:00+00:00,1,0.5656068325042725,0.17000000000007276,timeout,False,12,True
2026-04-16 13:52:00+00:00,-1,0.5631978511810303,5.0,trail_stop,True,2,True
2026-04-16 14:02:00+00:00,-1,0.5744481086730957,5.0,trail_stop,True,2,True
2026-04-16 14:05:00+00:00,-1,0.6167806386947632,-7.359999999999673,timeout,False,12,False
2026-04-16 14:08:00+00:00,1,0.5579920411109924,5.0,trail_stop,True,2,True
2026-04-16 14:43:00+00:00,1,0.6111899614334106,5.0,trail_stop,True,2,True
2026-04-16 14:45:00+00:00,1,0.5612106323242188,-1.2199999999993452,timeout,False,12,False
2026-04-17 12:25:00+00:00,1,0.5584476590156555,5.0,trail_stop,True,11,True
2026-04-17 12:49:00+00:00,1,0.5679930448532104,5.0,trail_stop,True,3,True
2026-04-17 12:52:00+00:00,1,0.5537386536598206,5.0,trail_stop,True,8,True
2026-04-17 12:57:00+00:00,-1,0.5643455982208252,5.0,trail_stop,True,5,True
2026-04-17 13:00:00+00:00,-1,0.5731457471847534,5.0,trail_stop,True,2,True
2026-04-17 13:04:00+00:00,1,0.604412317276001,5.0,trail_stop,True,2,True
2026-04-17 13:09:00+00:00,1,0.5535858869552612,7.5,target_full,True,1,True
2026-04-17 13:10:00+00:00,1,0.5862510204315186,5.0,trail_stop,True,2,True
2026-04-17 13:11:00+00:00,1,0.646315336227417,-20.0,stop_loss,False,8,False
2026-04-17 13:15:00+00:00,-1,0.6034113764762878,7.5,target_full,True,1,True
2026-04-17 13:16:00+00:00,-1,0.5841562151908875,5.0,trail_stop,True,2,True
2026-04-17 13:17:00+00:00,-1,0.6152840256690979,7.5,target_full,True,3,True
2026-04-17 13:18:00+00:00,-1,0.5577006936073303,7.5,target_full,True,1,True
2026-04-17 13:19:00+00:00,-1,0.58160400390625,7.5,target_full,True,1,True
2026-04-17 13:20:00+00:00,-1,0.5797728896141052,5.0,trail_stop,True,8,True
2026-04-17 13:22:00+00:00,-1,0.5564332008361816,5.0,trail_stop,True,5,True
2026-04-17 13:27:00+00:00,-1,0.5520666837692261,-13.899999999999636,timeout,False,12,False
2026-04-17 13:41:00+00:00,1,0.5955356359481812,6.529999999999745,timeout,True,12,True
2026-04-17 13:44:00+00:00,-1,0.5622996091842651,5.0,trail_stop,True,2,True
2026-04-17 13:45:00+00:00,-1,0.5608407855033875,7.5,target_full,True,1,True
2026-04-17 13:46:00+00:00,-1,0.601848840713501,5.0,trail_stop,True,2,True
2026-04-17 13:47:00+00:00,-1,0.5623022317886353,-20.0,stop_loss,False,6,False
2026-04-17 13:49:00+00:00,1,0.5602071285247803,5.0,trail_stop,True,3,True
2026-04-17 14:06:00+00:00,-1,0.5511617064476013,5.0,trail_stop,True,7,True
2026-04-19 22:09:00+00:00,1,0.6193833947181702,-5.8400000000001455,timeout,False,12,False
2026-04-19 22:10:00+00:00,1,0.5596852898597717,5.0,trail_stop,True,2,True
2026-04-19 23:48:00+00:00,1,0.5608903169631958,5.0,trail_stop,True,5,True
2026-04-19 23:50:00+00:00,1,0.603834331035614,5.0,trail_stop,True,8,True
2026-04-19 23:54:00+00:00,1,0.6004185080528259,-4.400000000000546,timeout,False,12,False
2026-04-20 00:00:00+00:00,-1,0.5958272218704224,-2.5,timeout,False,12,False
2026-04-20 13:08:00+00:00,1,0.5849816799163818,5.0,trail_stop,True,7,True
2026-04-20 14:51:00+00:00,-1,0.5858403444290161,5.0,trail_stop,True,6,True
2026-04-21 13:31:00+00:00,1,0.5617862939834595,5.0,trail_stop,True,8,True
2026-04-21 14:43:00+00:00,-1,0.5751110911369324,7.5,target_full,True,1,True
2026-04-21 14:44:00+00:00,-1,0.580415666103363,7.5,target_full,True,1,True
2026-04-21 14:46:00+00:00,-1,0.5695046782493591,5.0,trail_stop,True,2,True
2026-04-21 14:48:00+00:00,-1,0.5876588225364685,5.0,trail_stop,True,2,True
2026-04-21 14:49:00+00:00,-1,0.5985842943191528,-8.070000000000618,timeout,False,12,False
2026-04-21 14:51:00+00:00,-1,0.5699807405471802,-4.3400000000001455,timeout,False,12,False
2026-04-21 14:52:00+00:00,1,0.5879610776901245,5.0,trail_stop,True,4,True
2026-04-21 14:55:00+00:00,1,0.5595199465751648,5.0,trail_stop,True,2,True
2026-04-21 14:56:00+00:00,1,0.5588772892951965,-0.7100000000000364,timeout,False,12,False
2026-04-21 14:57:00+00:00,-1,0.5603604912757874,5.0,trail_stop,True,3,True
2026-04-21 15:09:00+00:00,1,0.5673805475234985,7.5,target_full,True,4,True
2026-04-21 15:10:00+00:00,1,0.552035927772522,5.0,trail_stop,True,8,True
2026-04-21 15:18:00+00:00,1,0.5889133810997009,5.0,trail_stop,True,2,True
2026-04-21 15:19:00+00:00,1,0.5693252086639404,-11.099999999999454,timeout,False,12,False
2026-04-21 18:54:00+00:00,1,0.6324617266654968,0.5200000000004366,timeout,False,12,True
2026-04-21 19:45:00+00:00,-1,0.5766472220420837,-1.9899999999997817,timeout,False,12,False
2026-04-21 19:46:00+00:00,1,0.5786469578742981,5.0,trail_stop,True,2,True
2026-04-21 19:47:00+00:00,1,0.6201673746109009,5.0,trail_stop,True,2,True
2026-04-21 19:55:00+00:00,1,0.577088475227356,-14.829999999999927,timeout,False,12,False
2026-04-21 20:11:00+00:00,1,0.5567679405212402,7.5,target_full,True,4,True
2026-04-21 20:16:00+00:00,1,0.604674756526947,-2.130000000000109,timeout,False,12,False
2026-04-21 20:18:00+00:00,1,0.5977986454963684,5.0,trail_stop,True,7,True
2026-04-22 05:16:00+00:00,1,0.5639273524284363,5.0,trail_stop,True,9,True
2026-04-22 13:09:00+00:00,1,0.6054297089576721,-0.4600000000000364,timeout,False,12,False
2026-04-23 00:17:00+00:00,1,0.7347970604896545,7.5,target_full,True,1,True
2026-04-23 00:18:00+00:00,1,0.6367716193199158,7.5,target_full,True,1,True
2026-04-23 00:19:00+00:00,1,0.6468306183815002,5.0,trail_stop,True,2,True
2026-04-23 00:20:00+00:00,1,0.6420955061912537,5.0,trail_stop,True,2,True
2026-04-23 00:25:00+00:00,1,0.6069223284721375,5.0,trail_stop,True,3,True
2026-04-23 00:26:00+00:00,1,0.6535474061965942,7.5,target_full,True,3,True
2026-04-23 00:30:00+00:00,1,0.6448218822479248,-4.420000000000073,timeout,False,12,False
2026-04-23 00:31:00+00:00,1,0.6040290594100952,0.47999999999956344,timeout,False,12,True
2026-04-23 00:35:00+00:00,1,0.5683846473693848,5.0,trail_stop,True,11,True
2026-04-23 00:38:00+00:00,-1,0.6160290837287903,-6.930000000000291,timeout,False,12,False
2026-04-23 07:20:00+00:00,-1,0.5572574138641357,5.0,trail_stop,True,3,True
2026-04-23 12:45:00+00:00,-1,0.5830038189888,-9.680000000000291,timeout,False,12,False
2026-04-23 17:25:00+00:00,1,0.6141254305839539,5.0,trail_stop,True,2,True
2026-04-23 17:44:00+00:00,-1,0.5573031306266785,7.5,target_full,True,1,True
2026-04-23 17:47:00+00:00,1,0.606258749961853,7.5,target_full,True,5,True
2026-04-23 17:54:00+00:00,1,0.6165971159934998,7.5,target_full,True,2,True
2026-04-23 17:55:00+00:00,1,0.5680058002471924,5.0,trail_stop,True,2,True
2026-04-23 18:11:00+00:00,1,0.5666863918304443,-2.4399999999996,timeout,False,12,False
2026-04-24 11:08:00+00:00,1,0.6351242661476135,5.0,trail_stop,True,3,True
2026-04-24 14:05:00+00:00,1,0.5752365589141846,5.0,trail_stop,True,4,True
2026-04-24 14:16:00+00:00,-1,0.5657201409339905,5.0,trail_stop,True,5,True
2026-04-24 15:44:00+00:00,1,0.671755313873291,-0.7799999999997453,timeout,False,12,False
2026-04-28 05:40:00+00:00,-1,0.5889993906021118,5.0,trail_stop,True,3,True
2026-04-28 11:48:00+00:00,-1,0.5512784123420715,5.0,trail_stop,True,2,True
2026-04-28 12:03:00+00:00,1,0.5899587273597717,5.0,trail_stop,True,2,True
2026-04-28 12:20:00+00:00,1,0.5626731514930725,-20.0,stop_loss,False,10,False
2026-04-28 12:21:00+00:00,1,0.6231387853622437,-1.4000000000005457,timeout,False,12,False
2026-04-28 12:24:00+00:00,-1,0.6453334093093872,5.0,trail_stop,True,6,True
2026-04-28 12:25:00+00:00,-1,0.5623573660850525,-5.920000000000073,timeout,False,12,False
2026-04-28 12:26:00+00:00,-1,0.647636353969574,5.0,trail_stop,True,4,True
2026-04-28 13:32:00+00:00,-1,0.5577770471572876,-10.6899999999996,timeout,False,12,False
2026-04-28 13:33:00+00:00,1,0.5521693229675293,7.5,target_full,True,9,True
2026-04-28 13:53:00+00:00,-1,0.5778937935829163,5.0,trail_stop,True,2,True
2026-04-28 13:55:00+00:00,-1,0.5578699707984924,5.0,trail_stop,True,7,True
2026-04-28 14:05:00+00:00,-1,0.5529832243919373,-4.849999999999454,timeout,False,12,False
2026-04-28 14:56:00+00:00,1,0.5620924234390259,7.5,target_full,True,3,True
2026-04-28 15:06:00+00:00,1,0.5544653534889221,-3.1400000000003274,timeout,False,12,False
2026-04-29 13:43:00+00:00,-1,0.5562014579772949,-14.5,timeout,False,12,False
2026-04-29 13:47:00+00:00,-1,0.553135335445404,-8.220000000000255,timeout,False,12,False
2026-04-29 13:53:00+00:00,1,0.5671293139457703,5.0,trail_stop,True,2,True
2026-04-29 18:37:00+00:00,1,0.5929474830627441,3.149999999999636,timeout,False,12,True
2026-04-29 18:41:00+00:00,-1,0.5820683836936951,5.0,trail_stop,True,4,True
2026-05-01 14:03:00+00:00,1,0.5584259629249573,7.5,target_full,True,8,True
2026-05-01 14:04:00+00:00,-1,0.5602445006370544,-20.0,stop_loss,False,7,False
2026-05-01 14:06:00+00:00,-1,0.5531431436538696,-20.0,stop_loss,False,5,False
2026-05-01 14:07:00+00:00,-1,0.576934814453125,-20.0,stop_loss,False,4,False
2026-05-01 14:17:00+00:00,-1,0.6250196695327759,5.0,trail_stop,True,8,True
2026-05-01 14:19:00+00:00,-1,0.6112070083618164,5.0,trail_stop,True,5,True
2026-05-01 14:23:00+00:00,-1,0.5588557720184326,5.0,trail_stop,True,2,True
2026-05-01 14:24:00+00:00,-1,0.6004657745361328,5.0,trail_stop,True,5,True
2026-05-04 10:07:00+00:00,-1,0.5514428615570068,5.0,trail_stop,True,2,True
2026-05-04 10:13:00+00:00,-1,0.5628806352615356,7.5,target_full,True,8,True
2026-05-04 10:14:00+00:00,-1,0.5609465837478638,5.0,trail_stop,True,4,True
2026-05-04 10:32:00+00:00,1,0.5509030222892761,5.0,trail_stop,True,2,True
2026-05-04 10:33:00+00:00,1,0.5876594185829163,5.0,trail_stop,True,3,True
2026-05-04 13:32:00+00:00,1,0.6018289923667908,-2.139999999999418,timeout,False,12,False
2026-05-04 15:22:00+00:00,-1,0.5744131803512573,5.0,trail_stop,True,3,True
2026-05-04 15:23:00+00:00,-1,0.5968475937843323,7.5,target_full,True,1,True
2026-05-04 15:24:00+00:00,1,0.5979225039482117,7.5,target_full,True,3,True
2026-05-04 15:25:00+00:00,-1,0.5887089371681213,-20.0,stop_loss,False,3,False
2026-05-04 15:27:00+00:00,1,0.6574786305427551,5.0,trail_stop,True,2,True
2026-05-04 15:31:00+00:00,-1,0.5857567191123962,-4.1299999999992,timeout,False,12,False
2026-05-04 15:32:00+00:00,-1,0.6064226627349854,-2.8100000000004,timeout,False,12,False
2026-05-04 15:33:00+00:00,-1,0.5786020755767822,3.5200000000004366,timeout,False,12,True
2026-05-04 15:36:00+00:00,1,0.5617258548736572,-15.469999999999345,timeout,False,12,False
2026-05-04 16:10:00+00:00,-1,0.5504494905471802,-20.0,stop_loss,False,8,False
2026-05-04 16:11:00+00:00,1,0.5973881483078003,7.5,target_full,True,7,True
2026-05-04 16:13:00+00:00,1,0.5595923066139221,5.0,trail_stop,True,2,True
2026-05-04 16:19:00+00:00,1,0.5596679449081421,-7.890000000000327,timeout,False,12,False
2026-05-05 22:55:00+00:00,1,0.5633896589279175,5.0,trail_stop,True,10,True
2026-05-06 08:50:00+00:00,1,0.6009974479675293,5.0,trail_stop,True,2,True
2026-05-06 08:57:00+00:00,-1,0.566088080406189,-1.680000000000291,timeout,False,12,False
2026-05-06 09:02:00+00:00,-1,0.5800294876098633,5.0,trail_stop,True,4,True
2026-05-06 09:03:00+00:00,-1,0.5744574069976807,5.0,trail_stop,True,2,True
2026-05-06 09:04:00+00:00,-1,0.5982738137245178,-6.300000000000182,timeout,False,12,False
2026-05-06 12:20:00+00:00,1,0.5545014142990112,5.0,trail_stop,True,2,True
2026-05-06 12:21:00+00:00,1,0.5660515427589417,5.0,trail_stop,True,3,True
2026-05-06 12:23:00+00:00,1,0.5521134734153748,5.0,trail_stop,True,5,True
2026-05-06 13:08:00+00:00,-1,0.6067735552787781,-10.460000000000036,timeout,False,12,False
2026-05-06 13:39:00+00:00,-1,0.5600824952125549,-3.990000000000691,timeout,False,12,False
2026-05-07 16:23:00+00:00,1,0.567987859249115,5.0,trail_stop,True,4,True
2026-05-07 17:27:00+00:00,-1,0.5500245690345764,-16.51000000000022,timeout,False,12,False
2026-05-07 17:28:00+00:00,-1,0.5696820616722107,-6.139999999999418,timeout,False,12,False
2026-05-07 17:37:00+00:00,1,0.5607348680496216,-1.4099999999998545,timeout,False,12,False
2026-05-10 22:08:00+00:00,1,0.5711456537246704,5.0,trail_stop,True,3,True
2026-05-11 00:20:00+00:00,1,0.580169141292572,5.0,trail_stop,True,5,True
2026-05-11 00:55:00+00:00,1,0.6699087023735046,5.0,trail_stop,True,4,True
2026-05-11 00:59:00+00:00,1,0.6527787446975708,7.5,target_full,True,5,True
2026-05-11 01:03:00+00:00,1,0.5540823340415955,7.5,target_full,True,1,True
2026-05-11 01:05:00+00:00,1,0.61616450548172,-1.8100000000004002,timeout,False,12,False
2026-05-11 01:10:00+00:00,-1,0.5805805325508118,-20.0,stop_loss,False,12,False
2026-05-11 13:28:00+00:00,-1,0.6068984866142273,-14.239999999999782,timeout,False,12,False
2026-05-11 22:46:00+00:00,1,0.6769728064537048,-4.580000000000837,timeout,False,12,False
2026-05-12 14:10:00+00:00,-1,0.5996896028518677,-0.6599999999998545,timeout,False,12,False
2026-05-12 15:25:00+00:00,1,0.5505198836326599,5.0,trail_stop,True,3,True
2026-05-13 13:55:00+00:00,1,0.5837759971618652,-0.25,timeout,False,12,False
2026-05-14 13:40:00+00:00,-1,0.5534057021141052,5.0,trail_stop,True,2,True
2026-05-14 13:49:00+00:00,1,0.5985902547836304,-1.3800000000001091,timeout,False,12,False
2026-05-14 13:53:00+00:00,-1,0.6181245446205139,5.0,trail_stop,True,3,True
2026-05-14 13:55:00+00:00,1,0.5768600106239319,5.0,trail_stop,True,6,True
2026-05-14 13:58:00+00:00,1,0.6153913140296936,2.3599999999996726,timeout,False,12,True
2026-05-14 13:59:00+00:00,-1,0.5958954095840454,-10.819999999999709,timeout,False,12,False
2026-05-14 14:00:00+00:00,1,0.5567552447319031,5.0,trail_stop,True,2,True
2026-05-15 00:03:00+00:00,1,0.5671412348747253,-4.219999999999345,timeout,False,12,False
2026-05-15 00:04:00+00:00,1,0.579732358455658,5.0,trail_stop,True,11,True
2026-05-15 00:15:00+00:00,1,0.628177285194397,-20.0,stop_loss,False,9,False
2026-05-15 00:59:00+00:00,1,0.5698748230934143,-20.0,stop_loss,False,9,False
2026-05-15 01:12:00+00:00,-1,0.5592677593231201,-11.829999999999927,timeout,False,12,False
2026-05-15 01:28:00+00:00,-1,0.5652939081192017,-8.680000000000291,timeout,False,12,False
2026-05-15 05:35:00+00:00,-1,0.5568950176239014,-2.030000000000655,timeout,False,12,False
2026-05-15 05:37:00+00:00,-1,0.5537145137786865,-7.399999999999636,timeout,False,12,False
2026-05-15 05:46:00+00:00,-1,0.5736367702484131,4.9050000000002,timeout,True,12,True
2026-05-15 05:49:00+00:00,-1,0.5567311644554138,5.0,trail_stop,True,10,True
2026-05-15 05:54:00+00:00,-1,0.6362831592559814,7.5,target_full,True,4,True
2026-05-15 05:59:00+00:00,-1,0.5544909238815308,-11.280000000000655,timeout,False,12,False
2026-05-15 13:43:00+00:00,-1,0.6013490557670593,7.5,target_full,True,1,True
2026-05-15 13:44:00+00:00,-1,0.5940682291984558,5.0,trail_stop,True,2,True
2026-05-15 13:45:00+00:00,-1,0.6010950207710266,-20.0,stop_loss,False,4,False
2026-05-15 13:47:00+00:00,1,0.6120936274528503,5.0,trail_stop,True,2,True
2026-05-15 13:49:00+00:00,1,0.6141670346260071,5.0,trail_stop,True,4,True
2026-05-15 13:50:00+00:00,1,0.6017671227455139,5.0,trail_stop,True,6,True
2026-05-15 13:51:00+00:00,1,0.626036524772644,5.0,trail_stop,True,2,True
2026-05-15 13:52:00+00:00,1,0.5730661749839783,5.0,trail_stop,True,4,True
2026-05-15 13:55:00+00:00,1,0.5624055862426758,-3.699999999999818,timeout,False,12,False
2026-05-15 13:56:00+00:00,1,0.5719650983810425,-7.569999999999709,timeout,False,12,False
2026-05-15 13:57:00+00:00,1,0.5715929865837097,0.47999999999956344,timeout,False,12,True
2026-05-15 13:58:00+00:00,-1,0.578646183013916,5.0,trail_stop,True,2,True
2026-05-15 14:00:00+00:00,-1,0.6232467293739319,-20.0,stop_loss,False,12,False
2026-05-15 14:05:00+00:00,1,0.5791471600532532,7.5,target_full,True,7,True
2026-05-15 14:10:00+00:00,1,0.5712540149688721,7.5,target_full,True,2,True
2026-05-15 14:13:00+00:00,1,0.5605081915855408,5.0,trail_stop,True,5,True
2026-05-15 14:17:00+00:00,1,0.5827783942222595,7.5,target_full,True,3,True
2026-05-15 14:18:00+00:00,1,0.6128930449485779,5.0,trail_stop,True,2,True
2026-05-15 14:26:00+00:00,-1,0.5944786667823792,-2.019999999999527,timeout,False,12,False
2026-05-15 14:45:00+00:00,-1,0.5573501586914062,5.0,trail_stop,True,5,True
2026-05-15 14:51:00+00:00,-1,0.5796340703964233,-20.0,stop_loss,False,5,False
2026-05-15 14:58:00+00:00,1,0.5664951205253601,-6.860000000000582,timeout,False,12,False
2026-05-15 15:00:00+00:00,-1,0.5606796145439148,5.0,trail_stop,True,2,True
2026-05-18 00:02:00+00:00,1,0.5879584550857544,-13.569999999999709,timeout,False,12,False
2026-05-18 00:08:00+00:00,-1,0.5833684802055359,-1.6900000000005093,timeout,False,12,False
2026-05-18 00:11:00+00:00,1,0.5506125688552856,-11.699999999999818,timeout,False,12,False
2026-05-18 00:24:00+00:00,-1,0.6139011383056641,7.5,target_full,True,8,True
2026-05-18 00:33:00+00:00,-1,0.5616785287857056,5.0,trail_stop,True,2,True
2026-05-18 00:34:00+00:00,-1,0.6188452243804932,5.0,trail_stop,True,6,True
2026-05-18 00:35:00+00:00,-1,0.6521118879318237,5.0,trail_stop,True,2,True
2026-05-18 00:37:00+00:00,1,0.7740137577056885,-2.680000000000291,timeout,False,12,False
2026-05-18 00:38:00+00:00,-1,0.629754364490509,5.0,trail_stop,True,2,True
2026-05-18 00:40:00+00:00,-1,0.6356599926948547,5.0,trail_stop,True,4,True
2026-05-18 00:56:00+00:00,1,0.5772116780281067,7.5,target_full,True,2,True
2026-05-18 00:59:00+00:00,1,0.6547206044197083,-20.0,stop_loss,False,2,False
2026-05-18 01:00:00+00:00,-1,0.596406102180481,7.5,target_full,True,1,True
2026-05-18 01:01:00+00:00,-1,0.5860909223556519,5.0,trail_stop,True,2,True
2026-05-18 01:02:00+00:00,-1,0.6038201451301575,-2.259999999999309,timeout,False,12,False
2026-05-18 01:05:00+00:00,1,0.6115787029266357,-3.4200000000000728,timeout,False,12,False
2026-05-18 01:07:00+00:00,1,0.6012622117996216,5.0,trail_stop,True,4,True
2026-05-18 01:14:00+00:00,-1,0.5834180116653442,-11.900000000000546,timeout,False,12,False
2026-05-18 01:47:00+00:00,1,0.5521997809410095,5.0,trail_stop,True,2,True
2026-05-18 11:39:00+00:00,1,0.5927864909172058,7.5,target_full,True,1,True
2026-05-18 11:48:00+00:00,-1,0.5994093418121338,5.0,trail_stop,True,3,True
2026-05-18 13:45:00+00:00,1,0.616317093372345,7.5,target_full,True,8,True
2026-05-18 13:47:00+00:00,1,0.5691372752189636,5.0,trail_stop,True,4,True
2026-05-18 14:52:00+00:00,1,0.5579688549041748,-12.400000000000546,timeout,False,12,False
2026-05-18 15:10:00+00:00,1,0.5822391510009766,-3.300000000000182,timeout,False,12,False
2026-05-18 19:01:00+00:00,1,0.5884868502616882,7.5,target_full,True,1,True
2026-05-18 19:02:00+00:00,1,0.5971871018409729,-3.9200000000000728,timeout,False,12,False
2026-05-18 19:04:00+00:00,1,0.5634865760803223,5.0,trail_stop,True,2,True
2026-05-18 19:05:00+00:00,1,0.5595995187759399,-4.610000000000582,timeout,False,12,False
2026-05-18 19:09:00+00:00,1,0.559761106967926,-3.800000000000182,timeout,False,12,False
2026-05-19 13:31:00+00:00,-1,0.5690392851829529,-5.869999999999891,timeout,False,12,False
2026-05-19 13:35:00+00:00,-1,0.5929110646247864,-3.149999999999636,timeout,False,12,False
2026-05-19 13:36:00+00:00,1,0.5845949649810791,-1.75,timeout,False,12,False
2026-05-19 13:40:00+00:00,-1,0.5592926144599915,5.0,trail_stop,True,2,True
2026-05-19 13:41:00+00:00,-1,0.6225297451019287,-20.0,stop_loss,False,9,False
2026-05-19 13:43:00+00:00,1,0.6133662462234497,7.5,target_full,True,6,True
2026-05-19 13:44:00+00:00,1,0.5734761953353882,5.0,trail_stop,True,2,True
2026-05-19 13:46:00+00:00,-1,0.5889350175857544,-20.0,stop_loss,False,7,False
2026-05-19 13:54:00+00:00,1,0.5701426863670349,5.0,trail_stop,True,10,True
2026-05-19 13:57:00+00:00,-1,0.5627477169036865,5.0,trail_stop,True,3,True
2026-05-19 13:58:00+00:00,-1,0.5660160183906555,7.5,target_full,True,1,True
2026-05-19 13:59:00+00:00,-1,0.6192671060562134,5.0,trail_stop,True,3,True
2026-05-19 14:00:00+00:00,-1,0.5601058602333069,0.9899999999997817,timeout,False,12,True
2026-05-19 14:02:00+00:00,-1,0.6008314490318298,5.0,trail_stop,True,12,True
2026-05-19 14:04:00+00:00,1,0.5961970686912537,-20.0,stop_loss,False,9,False
2026-05-19 14:07:00+00:00,-1,0.6225042939186096,5.0,trail_stop,True,7,True
2026-05-19 14:08:00+00:00,-1,0.6052382588386536,5.0,trail_stop,True,6,True
2026-05-19 14:09:00+00:00,-1,0.6023396849632263,5.0,trail_stop,True,2,True
2026-05-19 14:10:00+00:00,1,0.5606451630592346,-12.890000000000327,timeout,False,12,False
2026-05-19 14:13:00+00:00,-1,0.628889799118042,7.5,target_full,True,7,True
2026-05-19 14:21:00+00:00,-1,0.5701193809509277,-3.8900000000003274,timeout,False,12,False
2026-05-19 14:32:00+00:00,1,0.5548818707466125,5.0,trail_stop,True,4,True
2026-05-20 00:30:00+00:00,1,0.5508752465248108,-2.9299999999993815,timeout,False,12,False
2026-05-20 14:17:00+00:00,1,0.5773594379425049,7.5,target_full,True,1,True
2026-05-20 14:18:00+00:00,1,0.5761499404907227,5.0,trail_stop,True,2,True
2026-05-20 14:21:00+00:00,1,0.600690484046936,7.5,target_full,True,8,True
2026-05-20 14:23:00+00:00,1,0.5813420414924622,5.0,trail_stop,True,4,True
2026-05-20 14:34:00+00:00,1,0.5912796258926392,-3.4799999999995634,timeout,False,12,False
2026-05-20 14:37:00+00:00,-1,0.5846623778343201,-5.1599999999998545,timeout,False,12,False
2026-05-20 14:39:00+00:00,1,0.5518824458122253,3.9099999999998545,timeout,True,12,True
2026-05-20 14:41:00+00:00,-1,0.5611697435379028,-11.430000000000291,timeout,False,12,False
2026-05-21 17:10:00+00:00,1,0.6486696600914001,7.5,target_full,True,6,True
2026-05-21 17:23:00+00:00,-1,0.5628086924552917,-7.529999999999745,timeout,False,12,False
2026-05-27 10:53:00+00:00,-1,0.5686088800430298,-3.569999999999709,timeout,False,12,False
2026-05-27 12:18:00+00:00,1,0.6123659610748291,5.0,trail_stop,True,2,True
2026-05-27 12:23:00+00:00,1,0.6192429065704346,-6.009999999999309,timeout,False,12,False
2026-05-27 12:25:00+00:00,-1,0.6025034189224243,5.0,trail_stop,True,2,True
2026-05-27 12:27:00+00:00,-1,0.5890699625015259,5.0,trail_stop,True,5,True
2026-05-27 12:30:00+00:00,1,0.5743306279182434,-11.38000000000011,timeout,False,12,False
2026-05-27 12:31:00+00:00,-1,0.6115888953208923,5.0,trail_stop,True,2,True
2026-05-27 12:32:00+00:00,-1,0.5626400113105774,2.800000000000182,timeout,False,12,True
2026-05-27 12:34:00+00:00,-1,0.5895443558692932,1.8299999999999272,timeout,False,12,True
2026-05-27 13:12:00+00:00,1,0.5665668249130249,5.0,trail_stop,True,5,True
2026-05-27 13:20:00+00:00,-1,0.580779492855072,-14.349999999999454,timeout,False,12,False
2026-05-27 13:21:00+00:00,1,0.5652191042900085,5.0,trail_stop,True,11,True
2026-05-27 13:27:00+00:00,-1,0.5848423838615417,-20.0,stop_loss,False,7,False
2026-05-27 13:36:00+00:00,-1,0.557042121887207,-5.380000000000109,timeout,False,12,False
2026-05-27 13:43:00+00:00,1,0.5910941958427429,5.0,trail_stop,True,2,True
2026-05-27 13:54:00+00:00,-1,0.5897622108459473,-20.0,stop_loss,False,12,False
2026-05-28 12:30:00+00:00,1,0.5691653490066528,5.0,trail_stop,True,6,True
2026-05-28 13:15:00+00:00,-1,0.5677880644798279,0.9299999999993815,timeout,False,12,True
2026-05-28 14:09:00+00:00,1,0.5581497550010681,7.5,target_full,True,2,True
2026-05-28 14:13:00+00:00,1,0.618360698223114,5.0,trail_stop,True,5,True
2026-05-28 14:15:00+00:00,1,0.617619514465332,7.5,target_full,True,1,True
2026-05-28 14:16:00+00:00,-1,0.6423013806343079,5.0,trail_stop,True,7,True
2026-05-28 14:17:00+00:00,1,0.5953254103660583,5.0,trail_stop,True,2,True
2026-05-28 14:19:00+00:00,1,0.6548539996147156,-3.0399999999999636,timeout,False,12,False
2026-05-28 14:20:00+00:00,-1,0.6537224054336548,5.0,trail_stop,True,2,True
2026-05-28 14:21:00+00:00,-1,0.6750671863555908,0.6900000000005093,timeout,False,12,True
2026-05-28 14:24:00+00:00,1,0.5999149084091187,5.0,trail_stop,True,6,True
2026-05-28 14:30:00+00:00,1,0.5831975936889648,3.5700000000006185,timeout,False,12,True
2026-05-28 14:31:00+00:00,1,0.5951196551322937,5.0,trail_stop,True,12,True
2026-05-28 14:34:00+00:00,-1,0.6404205560684204,-20.0,stop_loss,False,10,False
2026-05-28 14:37:00+00:00,-1,0.5593650937080383,-20.0,stop_loss,False,7,False
2026-05-28 14:47:00+00:00,-1,0.5599396228790283,5.0,trail_stop,True,10,True
2026-05-28 14:48:00+00:00,-1,0.5811029076576233,5.0,trail_stop,True,4,True
2026-05-28 14:49:00+00:00,-1,0.5982541441917419,5.0,trail_stop,True,8,True
2026-05-28 14:53:00+00:00,1,0.5654366612434387,3.7399999999997817,timeout,False,12,True
2026-05-28 14:54:00+00:00,1,0.57252436876297,5.0,trail_stop,True,8,True
2026-05-28 14:57:00+00:00,-1,0.5923652648925781,-9.210000000000036,timeout,False,12,False
2026-05-29 14:54:00+00:00,1,0.5796933770179749,7.5,target_full,True,1,True
2026-05-29 14:55:00+00:00,1,0.5545517802238464,5.0,trail_stop,True,2,True
2026-05-29 14:56:00+00:00,1,0.6064106822013855,5.0,trail_stop,True,7,True
2026-05-29 14:59:00+00:00,-1,0.6048316955566406,-20.0,stop_loss,False,7,False
2026-05-29 15:05:00+00:00,1,0.5643366575241089,7.5,target_full,True,1,True
2026-05-29 15:07:00+00:00,1,0.5720770955085754,5.0,trail_stop,True,3,True
2026-05-29 15:08:00+00:00,1,0.6086395978927612,5.0,trail_stop,True,3,True
2026-05-29 15:15:00+00:00,-1,0.6285628080368042,5.0,trail_stop,True,6,True
2026-05-29 15:20:00+00:00,-1,0.6010512113571167,5.0,trail_stop,True,7,True
2026-06-01 13:14:00+00:00,-1,0.5885321497917175,5.0,trail_stop,True,6,True
2026-06-01 13:19:00+00:00,1,0.5753596425056458,-20.0,stop_loss,False,8,False
2026-06-01 13:20:00+00:00,-1,0.5837357044219971,7.5,target_full,True,1,True
2026-06-01 13:21:00+00:00,-1,0.5777255892753601,5.0,trail_stop,True,3,True
2026-06-01 13:26:00+00:00,-1,0.5576162338256836,5.0,trail_stop,True,5,True
2026-06-01 13:31:00+00:00,1,0.5561563372612,5.0,trail_stop,True,6,True
2026-06-01 13:33:00+00:00,1,0.6008468270301819,5.0,trail_stop,True,4,True
2026-06-01 13:35:00+00:00,1,0.555385410785675,5.0,trail_stop,True,4,True
2026-06-01 13:36:00+00:00,1,0.5877360701560974,5.0,trail_stop,True,2,True
2026-06-01 13:37:00+00:00,1,0.5852237343788147,5.0,trail_stop,True,2,True
2026-06-01 13:40:00+00:00,-1,0.5967369079589844,7.5,target_full,True,10,True
2026-06-01 17:29:00+00:00,1,0.5839210152626038,1.4099999999998545,timeout,False,12,True
2026-06-03 13:42:00+00:00,-1,0.5521577000617981,5.0,trail_stop,True,2,True
2026-06-03 13:44:00+00:00,-1,0.5567123889923096,-20.0,stop_loss,False,7,False
2026-06-03 14:06:00+00:00,1,0.5741483569145203,5.0,trail_stop,True,4,True
2026-06-05 12:30:00+00:00,-1,0.5635934472084045,7.5,target_full,True,5,True
2026-06-05 12:33:00+00:00,1,0.5634186267852783,-7.180000000000291,timeout,False,12,False
2026-06-05 12:36:00+00:00,-1,0.568616509437561,1.0600000000004002,timeout,False,12,True
2026-06-05 12:54:00+00:00,-1,0.5527837872505188,5.0,trail_stop,True,3,True
2026-06-05 13:01:00+00:00,1,0.6361943483352661,1.769999999999527,timeout,False,12,True
2026-06-05 13:02:00+00:00,1,0.6883492469787598,5.0,trail_stop,True,7,True
2026-06-05 13:06:00+00:00,-1,0.6341458559036255,-7.539999999999964,timeout,False,12,False
2026-06-05 13:07:00+00:00,1,0.594514787197113,5.0,trail_stop,True,5,True
2026-06-05 13:33:00+00:00,1,0.5682690143585205,-20.0,stop_loss,False,11,False
2026-06-05 13:39:00+00:00,-1,0.5841985940933228,5.0,trail_stop,True,6,True
2026-06-05 13:40:00+00:00,1,0.6285762786865234,-12.930000000000291,timeout,False,12,False
2026-06-05 13:41:00+00:00,1,0.6787007451057434,-6.420000000000073,timeout,False,12,False
2026-06-05 13:45:00+00:00,-1,0.5977275967597961,7.5,target_full,True,12,True
2026-06-05 13:47:00+00:00,-1,0.5820823311805725,5.0,trail_stop,True,9,True
2026-06-05 13:48:00+00:00,1,0.6332395672798157,-20.0,stop_loss,False,10,False
2026-06-05 13:49:00+00:00,-1,0.5870348215103149,5.0,trail_stop,True,7,True
2026-06-05 13:51:00+00:00,-1,0.5895012617111206,7.5,target_full,True,6,True
2026-06-05 13:56:00+00:00,-1,0.6150673031806946,7.5,target_full,True,2,True
2026-06-05 13:59:00+00:00,-1,0.5929638147354126,-4.199999999999818,timeout,False,12,False
2026-06-05 14:00:00+00:00,-1,0.6198639869689941,2.9700000000002547,timeout,False,12,True
2026-06-05 14:02:00+00:00,1,0.6426894664764404,-10.5,timeout,False,12,False
2026-06-05 14:04:00+00:00,1,0.6266259551048279,5.0,trail_stop,True,5,True
2026-06-05 14:06:00+00:00,-1,0.6663114428520203,-2.2399999999997817,timeout,False,12,False
2026-06-05 14:08:00+00:00,1,0.6274548172950745,-8.900000000000546,timeout,False,12,False
2026-06-05 14:11:00+00:00,-1,0.6406630873680115,7.5,target_full,True,10,True
2026-06-05 14:13:00+00:00,-1,0.6236653327941895,5.0,trail_stop,True,9,True
2026-06-05 14:34:00+00:00,-1,0.5783827900886536,5.0,trail_stop,True,3,True
2026-06-05 14:38:00+00:00,-1,0.5640021562576294,-17.56999999999971,timeout,False,12,False
2026-06-07 22:13:00+00:00,1,0.5553863644599915,-9.260000000000218,timeout,False,12,False
2026-06-07 22:14:00+00:00,1,0.5747993588447571,-11.139999999999418,timeout,False,12,False
2026-06-08 01:31:00+00:00,-1,0.5953797101974487,-15.340000000000146,timeout,False,12,False
2026-06-08 01:32:00+00:00,1,0.6332277059555054,5.0,trail_stop,True,8,True
2026-06-08 01:33:00+00:00,1,0.6765601634979248,5.0,trail_stop,True,4,True
2026-06-08 01:34:00+00:00,1,0.6505383849143982,5.0,trail_stop,True,6,True
2026-06-08 01:40:00+00:00,1,0.602630078792572,5.0,trail_stop,True,3,True
2026-06-08 05:34:00+00:00,-1,0.6318780183792114,7.5,target_full,True,2,True
2026-06-08 05:35:00+00:00,-1,0.5842000246047974,7.5,target_full,True,1,True
2026-06-08 05:37:00+00:00,-1,0.5771986246109009,-15.3100000000004,timeout,False,12,False
2026-06-08 05:38:00+00:00,1,0.6189072132110596,4.75,timeout,True,12,True
2026-06-08 05:41:00+00:00,-1,0.663037121295929,-5.010000000000218,timeout,False,12,False
2026-06-08 05:42:00+00:00,-1,0.6095125079154968,2.3900000000003274,timeout,False,12,True
2026-06-08 06:00:00+00:00,1,0.5536313056945801,5.0,trail_stop,True,2,True
2026-06-08 11:21:00+00:00,1,0.5667742490768433,0.7600000000002183,timeout,False,12,True
2026-06-08 11:22:00+00:00,-1,0.5628921389579773,-2.5100000000002183,timeout,False,12,False
2026-06-09 13:49:00+00:00,1,0.597628116607666,-20.0,stop_loss,False,5,False
2026-06-09 13:50:00+00:00,-1,0.5906749367713928,5.0,trail_stop,True,2,True
2026-06-09 13:52:00+00:00,-1,0.6587074995040894,5.0,trail_stop,True,3,True
2026-06-09 13:55:00+00:00,-1,0.5845494866371155,5.0,trail_stop,True,9,True
2026-06-09 14:01:00+00:00,1,0.564100444316864,-13.050000000000182,timeout,False,12,False
2026-06-09 14:37:00+00:00,-1,0.5803030729293823,5.0,trail_stop,True,2,True
2026-06-09 14:41:00+00:00,-1,0.5745865702629089,7.5,target_full,True,2,True
2026-06-09 14:44:00+00:00,-1,0.5808102488517761,5.0,trail_stop,True,3,True
2026-06-09 14:46:00+00:00,-1,0.5656434297561646,-18.550000000000182,timeout,False,12,False
2026-06-09 14:55:00+00:00,1,0.5967341065406799,5.0,trail_stop,True,3,True
2026-06-09 15:31:00+00:00,-1,0.5825748443603516,-15.470000000000255,timeout,False,12,False
2026-06-09 15:33:00+00:00,-1,0.607789158821106,5.0,trail_stop,True,5,True
2026-06-09 15:41:00+00:00,1,0.580873429775238,5.0,trail_stop,True,4,True
2026-06-09 15:45:00+00:00,1,0.5636059045791626,-8.890000000000327,timeout,False,12,False
2026-06-09 15:51:00+00:00,1,0.5584625005722046,-9.69000000000051,timeout,False,12,False
2026-06-09 16:39:00+00:00,-1,0.5806074142456055,-2.1099999999996726,timeout,False,12,False
2026-06-09 16:41:00+00:00,-1,0.616791844367981,-3.3499999999994543,timeout,False,12,False
2026-06-09 16:42:00+00:00,1,0.6362086534500122,5.0,trail_stop,True,2,True
2026-06-09 16:43:00+00:00,1,0.5827531218528748,5.0,trail_stop,True,4,True
2026-06-09 16:44:00+00:00,1,0.6122815012931824,5.0,trail_stop,True,3,True
2026-06-09 16:45:00+00:00,1,0.5796687602996826,-0.06999999999970896,timeout,False,12,False
2026-06-09 16:48:00+00:00,-1,0.5891959071159363,5.0,trail_stop,True,5,True
2026-06-09 16:52:00+00:00,-1,0.5661524534225464,-20.0,stop_loss,False,11,False
2026-06-09 16:55:00+00:00,1,0.5731405019760132,5.0,trail_stop,True,4,True
2026-06-09 16:58:00+00:00,1,0.5769140124320984,5.0,trail_stop,True,2,True
2026-06-10 01:01:00+00:00,-1,0.6175904870033264,5.0,trail_stop,True,2,True
2026-06-10 01:03:00+00:00,-1,0.5764333009719849,7.5,target_full,True,1,True
2026-06-10 01:05:00+00:00,-1,0.5952793955802917,-20.0,stop_loss,False,10,False
2026-06-10 01:06:00+00:00,1,0.6187535524368286,5.0,trail_stop,True,6,True
2026-06-10 01:07:00+00:00,-1,0.6012905240058899,-20.0,stop_loss,False,9,False
2026-06-10 11:03:00+00:00,-1,0.6449065804481506,5.0,trail_stop,True,2,True
2026-06-10 12:27:00+00:00,-1,0.5807279944419861,-20.0,stop_loss,False,2,False
2026-06-10 12:30:00+00:00,1,0.6597930788993835,-8.739999999999782,timeout,False,12,False
2026-06-10 12:31:00+00:00,1,0.7029900550842285,7.5,target_full,True,1,True
2026-06-10 12:32:00+00:00,1,0.6450989246368408,7.5,target_full,True,4,True
2026-06-10 12:33:00+00:00,-1,0.7005413174629211,5.0,trail_stop,True,2,True
2026-06-10 12:34:00+00:00,1,0.6768651604652405,7.5,target_full,True,2,True
2026-06-10 12:35:00+00:00,-1,0.6361052989959717,-0.9800000000004729,timeout,False,12,False
2026-06-10 12:36:00+00:00,1,0.56751948595047,-8.800000000000182,timeout,False,12,False
2026-06-10 12:39:00+00:00,-1,0.6012548804283142,5.0,trail_stop,True,11,True
2026-06-10 12:41:00+00:00,-1,0.5940819978713989,5.0,trail_stop,True,2,True
2026-06-10 12:42:00+00:00,1,0.6278914213180542,5.0,trail_stop,True,4,True
2026-06-10 12:46:00+00:00,1,0.5862008333206177,-20.0,stop_loss,False,9,False
2026-06-10 12:47:00+00:00,-1,0.5955700874328613,5.0,trail_stop,True,3,True
2026-06-10 12:56:00+00:00,-1,0.5514810681343079,-9.829999999999927,timeout,False,12,False
2026-06-10 13:01:00+00:00,1,0.5614750385284424,-3.269999999999527,timeout,False,12,False
2026-06-10 13:11:00+00:00,1,0.5705270171165466,-20.0,stop_loss,False,5,False
2026-06-10 13:16:00+00:00,-1,0.564530611038208,-12.639999999999418,timeout,False,12,False
2026-06-10 13:19:00+00:00,-1,0.5698050260543823,-10.699999999999818,timeout,False,12,False
2026-06-10 13:35:00+00:00,1,0.5648718476295471,7.5,target_full,True,1,True
2026-06-10 13:41:00+00:00,1,0.5813369750976562,5.0,trail_stop,True,3,True
2026-06-10 13:44:00+00:00,1,0.6212152242660522,5.0,trail_stop,True,2,True
2026-06-10 13:45:00+00:00,1,0.5585408806800842,-5.8200000000006185,timeout,False,12,False
2026-06-10 13:46:00+00:00,1,0.5825489163398743,5.0,trail_stop,True,2,True
2026-06-10 13:48:00+00:00,-1,0.5933159589767456,5.0,trail_stop,True,3,True
2026-06-10 13:49:00+00:00,1,0.597491443157196,-14.25,timeout,False,12,False
2026-06-10 13:50:00+00:00,1,0.6318184733390808,5.0,trail_stop,True,3,True
2026-06-10 13:52:00+00:00,-1,0.5954838395118713,5.0,trail_stop,True,3,True
2026-06-10 13:55:00+00:00,-1,0.6050341725349426,5.0,trail_stop,True,6,True
2026-06-10 13:56:00+00:00,-1,0.6120836138725281,5.0,trail_stop,True,4,True
2026-06-10 14:00:00+00:00,-1,0.575344979763031,-4.470000000000255,timeout,False,12,False
2026-06-10 14:01:00+00:00,-1,0.6133772134780884,-3.1099999999996726,timeout,False,12,False
2026-06-10 14:03:00+00:00,1,0.5959033370018005,-2.630000000000109,timeout,False,12,False
2026-06-10 14:04:00+00:00,1,0.5585460066795349,5.0,trail_stop,True,7,True
2026-06-10 14:15:00+00:00,-1,0.5618492364883423,5.0,trail_stop,True,6,True
2026-06-10 14:17:00+00:00,-1,0.5730483531951904,5.0,trail_stop,True,4,True
2026-06-10 14:25:00+00:00,-1,0.5687403082847595,5.0,trail_stop,True,3,True
2026-06-10 14:28:00+00:00,-1,0.5666852593421936,5.0,trail_stop,True,8,True
2026-06-10 14:57:00+00:00,-1,0.5549518465995789,-3.0299999999997453,timeout,False,12,False
2026-06-10 15:01:00+00:00,1,0.5814794898033142,-12.659999999999854,timeout,False,12,False
2026-06-10 15:02:00+00:00,1,0.5859532952308655,-13.659999999999854,timeout,False,12,False
2026-06-10 15:03:00+00:00,1,0.5810058116912842,-7.300000000000182,timeout,False,12,False
2026-06-10 15:05:00+00:00,-1,0.6042312979698181,5.0,trail_stop,True,6,True
2026-06-10 15:07:00+00:00,-1,0.5694804191589355,5.0,trail_stop,True,3,True
2026-06-10 15:29:00+00:00,-1,0.5680922269821167,5.0,trail_stop,True,10,True
2026-06-10 15:32:00+00:00,1,0.5793132185935974,-3.1900000000005093,timeout,False,12,False
2026-06-10 15:33:00+00:00,-1,0.5516424179077148,-5.350000000000364,timeout,False,12,False
2026-06-10 15:36:00+00:00,1,0.5648637413978577,-20.0,stop_loss,False,11,False
2026-06-10 15:37:00+00:00,-1,0.557149350643158,5.0,trail_stop,True,10,True
2026-06-10 15:48:00+00:00,-1,0.5667482018470764,5.0,trail_stop,True,2,True
2026-06-10 15:50:00+00:00,-1,0.6048241257667542,-20.0,stop_loss,False,9,False
2026-06-10 15:51:00+00:00,-1,0.5756005048751831,-20.0,stop_loss,False,7,False
2026-06-10 15:52:00+00:00,-1,0.6307715177536011,-12.239999999999782,timeout,False,12,False
2026-06-10 15:53:00+00:00,1,0.5824238657951355,5.0,trail_stop,True,4,True
2026-06-10 15:57:00+00:00,1,0.5715586543083191,5.0,trail_stop,True,3,True
2026-06-10 15:59:00+00:00,1,0.5694124102592468,-1.3100000000004002,timeout,False,12,False
2026-06-10 16:01:00+00:00,1,0.596956729888916,5.0,trail_stop,True,5,True
2026-06-10 23:19:00+00:00,1,0.5513001084327698,5.0,trail_stop,True,2,True
2026-06-10 23:20:00+00:00,1,0.6003497838973999,5.0,trail_stop,True,5,True
2026-06-10 23:26:00+00:00,1,0.5890408754348755,5.0,trail_stop,True,3,True
2026-06-11 00:00:00+00:00,1,0.6388840675354004,-20.0,stop_loss,False,9,False
2026-06-11 00:02:00+00:00,1,0.5546777844429016,4.410000000000082,timeout,True,12,True
2026-06-11 00:03:00+00:00,-1,0.6453521251678467,5.0,trail_stop,True,5,True
2026-06-11 00:11:00+00:00,-1,0.5527887344360352,-20.0,stop_loss,False,5,False
2026-06-11 00:12:00+00:00,1,0.5833737254142761,5.0,trail_stop,True,2,True
2026-06-11 00:13:00+00:00,1,0.6433687210083008,5.0,trail_stop,True,2,True
2026-06-11 00:15:00+00:00,1,0.6469979286193848,7.5,target_full,True,1,True
2026-06-11 00:17:00+00:00,1,0.6967744827270508,-6.559999999999945,timeout,False,12,False
2026-06-11 00:18:00+00:00,1,0.7122530937194824,5.0,trail_stop,True,3,True
2026-06-11 00:21:00+00:00,1,0.6866261959075928,5.0,trail_stop,True,12,True
2026-06-11 00:28:00+00:00,1,0.5838305354118347,5.0,trail_stop,True,5,True
2026-06-11 00:30:00+00:00,-1,0.5764588713645935,5.0,trail_stop,True,7,True
2026-06-11 00:31:00+00:00,-1,0.551783561706543,5.0,trail_stop,True,6,True
2026-06-11 00:33:00+00:00,1,0.5608712434768677,-2.2600000000002183,timeout,False,12,False
2026-06-11 00:34:00+00:00,-1,0.5663926601409912,5.0,trail_stop,True,3,True
2026-06-11 00:35:00+00:00,-1,0.5622625350952148,5.0,trail_stop,True,2,True
2026-06-11 00:44:00+00:00,-1,0.6013989448547363,-13.739999999999782,timeout,False,12,False
2026-06-11 00:45:00+00:00,-1,0.5531916618347168,-10.299999999999727,timeout,False,12,False
2026-06-11 00:46:00+00:00,1,0.5691580772399902,5.0,trail_stop,True,10,True
2026-06-11 01:09:00+00:00,1,0.5530884861946106,5.0,trail_stop,True,2,True
2026-06-11 01:10:00+00:00,1,0.6194810271263123,5.0,trail_stop,True,2,True
2026-06-11 01:16:00+00:00,1,0.5522064566612244,5.0,trail_stop,True,8,True
2026-06-11 12:22:00+00:00,-1,0.585429847240448,5.0,trail_stop,True,10,True
2026-06-11 12:25:00+00:00,1,0.6362814903259277,5.0,trail_stop,True,2,True
2026-06-11 12:26:00+00:00,1,0.628479540348053,-5.360000000000127,timeout,False,12,False
2026-06-11 12:31:00+00:00,-1,0.5675666332244873,5.0,trail_stop,True,2,True
2026-06-11 12:32:00+00:00,-1,0.5732616186141968,-17.079999999999927,timeout,False,12,False
2026-06-11 12:38:00+00:00,1,0.5756050944328308,5.0,trail_stop,True,4,True
2026-06-11 13:38:00+00:00,-1,0.5516777634620667,-20.0,stop_loss,False,7,False
2026-06-11 13:46:00+00:00,1,0.5664499402046204,-6.9699999999998,timeout,False,12,False
2026-06-11 13:48:00+00:00,1,0.6041767001152039,5.0,trail_stop,True,2,True
2026-06-11 13:50:00+00:00,-1,0.5869389772415161,5.0,trail_stop,True,9,True
2026-06-11 13:54:00+00:00,-1,0.6277467608451843,5.0,trail_stop,True,6,True
2026-06-11 13:55:00+00:00,1,0.6173871755599976,-20.0,stop_loss,False,12,False
2026-06-11 13:56:00+00:00,-1,0.5885215401649475,5.0,trail_stop,True,4,True
2026-06-11 13:59:00+00:00,-1,0.6014809608459473,5.0,trail_stop,True,4,True
2026-06-11 14:02:00+00:00,-1,0.5805498957633972,5.0,trail_stop,True,3,True
2026-06-11 14:05:00+00:00,-1,0.57837975025177,7.5,target_full,True,3,True
2026-06-11 14:09:00+00:00,-1,0.5609757900238037,5.0,trail_stop,True,2,True
2026-06-11 14:10:00+00:00,-1,0.5560916662216187,-20.0,stop_loss,False,12,False
2026-06-11 14:12:00+00:00,-1,0.5853328108787537,-20.0,stop_loss,False,10,False
2026-06-11 14:13:00+00:00,1,0.6362839341163635,5.0,trail_stop,True,2,True
2026-06-11 14:14:00+00:00,1,0.6500892043113708,5.0,trail_stop,True,6,True
2026-06-11 14:16:00+00:00,-1,0.6011930704116821,-20.0,stop_loss,False,6,False
2026-06-11 14:17:00+00:00,1,0.6411528587341309,5.0,trail_stop,True,3,True
2026-06-11 14:20:00+00:00,1,0.6465115547180176,5.0,trail_stop,True,2,True
2026-06-11 14:22:00+00:00,1,0.5694404244422913,7.5,target_full,True,2,True
2026-06-11 14:23:00+00:00,1,0.5592522621154785,5.0,trail_stop,True,3,True
2026-06-11 17:28:00+00:00,1,0.5593433380126953,7.5,target_full,True,1,True
2026-06-11 17:30:00+00:00,1,0.5756992101669312,7.5,target_full,True,1,True
2026-06-11 17:32:00+00:00,1,0.6213228702545166,7.5,target_full,True,1,True
2026-06-11 17:34:00+00:00,1,0.6082608699798584,5.0,trail_stop,True,5,True
2026-06-11 17:37:00+00:00,-1,0.6332961320877075,-20.0,stop_loss,False,3,False
2026-06-11 17:38:00+00:00,1,0.6652114987373352,5.0,trail_stop,True,2,True
2026-06-11 17:40:00+00:00,1,0.6404917240142822,7.5,target_full,True,1,True
2026-06-11 17:41:00+00:00,1,0.6078317165374756,5.0,trail_stop,True,3,True
2026-06-11 17:44:00+00:00,1,0.6083378791809082,-20.0,stop_loss,False,5,False
2026-06-11 17:45:00+00:00,-1,0.6792150139808655,5.0,trail_stop,True,4,True
2026-06-11 17:48:00+00:00,1,0.6443711519241333,-8.770000000000437,timeout,False,12,False
2026-06-11 17:49:00+00:00,-1,0.6345558166503906,5.0,trail_stop,True,2,True
2026-06-11 17:50:00+00:00,-1,0.5695006251335144,7.5,target_full,True,12,True
2026-06-11 17:51:00+00:00,-1,0.6082781553268433,5.0,trail_stop,True,3,True
2026-06-11 17:53:00+00:00,1,0.6362612247467041,-20.0,stop_loss,False,12,False
2026-06-11 17:56:00+00:00,-1,0.5905202031135559,7.5,target_full,True,6,True
2026-06-11 17:57:00+00:00,1,0.5795790553092957,-20.0,stop_loss,False,7,False
2026-06-11 18:02:00+00:00,-1,0.575771689414978,7.5,target_full,True,2,True
2026-06-11 18:03:00+00:00,-1,0.5705727338790894,5.0,trail_stop,True,3,True
2026-06-11 18:05:00+00:00,-1,0.5677786469459534,-20.0,stop_loss,False,12,False
2026-06-11 18:07:00+00:00,1,0.5623147487640381,5.0,trail_stop,True,7,True
2026-06-11 18:08:00+00:00,1,0.5907680988311768,5.0,trail_stop,True,3,True
2026-06-11 18:10:00+00:00,-1,0.6294512152671814,-20.0,stop_loss,False,8,False
2026-06-11 18:11:00+00:00,1,0.6148212552070618,5.0,trail_stop,True,3,True
2026-06-11 18:14:00+00:00,1,0.5719712376594543,5.0,trail_stop,True,2,True
2026-06-11 18:15:00+00:00,1,0.5671558976173401,5.0,trail_stop,True,3,True
2026-06-11 18:19:00+00:00,1,0.6689196228981018,-10.299999999999272,timeout,False,12,False
2026-06-11 19:32:00+00:00,1,0.564058780670166,5.0,trail_stop,True,2,True
2026-06-11 19:34:00+00:00,1,0.590196967124939,5.0,trail_stop,True,2,True
2026-06-11 19:36:00+00:00,1,0.5540482401847839,-7.780000000000655,timeout,False,12,False
2026-06-11 19:37:00+00:00,-1,0.5656354427337646,5.0,trail_stop,True,2,True
2026-06-11 19:40:00+00:00,-1,0.5575087666511536,-3.119999999999891,timeout,False,12,False
2026-06-12 00:27:00+00:00,-1,0.5527443885803223,5.0,trail_stop,True,10,True
2026-06-12 13:40:00+00:00,-1,0.6105211973190308,5.0,trail_stop,True,2,True
2026-06-12 13:46:00+00:00,1,0.5732995867729187,-8.199999999999818,timeout,False,12,False
2026-06-12 13:47:00+00:00,-1,0.5654833316802979,-5.809999999999491,timeout,False,12,False
2026-06-12 13:49:00+00:00,-1,0.611633837223053,5.0,trail_stop,True,10,True
2026-06-12 13:50:00+00:00,1,0.6306045055389404,5.0,trail_stop,True,2,True
2026-06-12 13:53:00+00:00,1,0.6450377106666565,5.0,trail_stop,True,8,True
2026-06-12 14:06:00+00:00,-1,0.5545646548271179,-1.0,timeout,False,12,False
2026-06-12 14:09:00+00:00,1,0.5594061017036438,-14.279999999999745,timeout,False,12,False
2026-06-12 14:14:00+00:00,1,0.5614011287689209,5.0,trail_stop,True,3,True
2026-06-12 14:53:00+00:00,1,0.574262797832489,5.0,trail_stop,True,2,True
2026-06-12 14:54:00+00:00,1,0.6045131683349609,-0.5299999999997453,timeout,False,12,False
2026-06-12 14:55:00+00:00,1,0.6255814433097839,5.0,trail_stop,True,2,True
2026-06-12 14:56:00+00:00,1,0.6353800892829895,2.4399999999996,timeout,False,12,True
2026-06-12 14:59:00+00:00,-1,0.6137798428535461,-5.470000000000255,timeout,False,12,False
2026-06-12 15:05:00+00:00,1,0.5502073764801025,5.0,trail_stop,True,9,True
2026-06-14 22:04:00+00:00,1,0.5550824999809265,5.0,trail_stop,True,3,True
2026-06-14 22:08:00+00:00,1,0.5653273463249207,-1.1700000000000728,timeout,False,12,False
2026-06-14 22:18:00+00:00,1,0.5660325288772583,-20.0,stop_loss,False,8,False
2026-06-17 14:47:00+00:00,-1,0.5993672013282776,-10.600000000000364,timeout,False,12,False
2026-06-17 14:48:00+00:00,-1,0.5755210518836975,1.4200000000000728,timeout,False,12,True
2026-06-17 14:52:00+00:00,1,0.5617983341217041,-5.050000000000182,timeout,False,12,False
2026-06-17 14:53:00+00:00,1,0.5558565258979797,1.3499999999994543,timeout,False,12,True
2026-06-17 17:33:00+00:00,1,0.7018283605575562,-6.100000000000364,timeout,False,12,False
2026-06-17 17:34:00+00:00,1,0.6967103481292725,-3.350000000000364,timeout,False,12,False
2026-06-17 17:35:00+00:00,1,0.6009637117385864,5.0,trail_stop,True,5,True
2026-06-17 18:00:00+00:00,-1,0.5695859789848328,7.5,target_full,True,1,True
2026-06-17 18:12:00+00:00,-1,0.6071450114250183,7.5,target_full,True,1,True
2026-06-17 18:13:00+00:00,-1,0.5815309286117554,-20.0,stop_loss,False,2,False
2026-06-17 18:15:00+00:00,1,0.6269434690475464,5.0,trail_stop,True,2,True
2026-06-17 18:16:00+00:00,1,0.5981970429420471,5.0,trail_stop,True,3,True
2026-06-17 18:18:00+00:00,1,0.57613205909729,1.7399999999997817,timeout,False,12,True
2026-06-17 18:20:00+00:00,-1,0.6223719716072083,7.5,target_full,True,4,True
2026-06-17 18:21:00+00:00,1,0.5954794883728027,-20.0,stop_loss,False,3,False
2026-06-17 18:22:00+00:00,-1,0.6245481967926025,7.5,target_full,True,2,True
2026-06-17 18:24:00+00:00,-1,0.6229888200759888,5.0,trail_stop,True,3,True
2026-06-17 18:29:00+00:00,1,0.5787461996078491,7.5,target_full,True,1,True
2026-06-17 18:30:00+00:00,-1,0.5753920674324036,-20.0,stop_loss,False,1,False
2026-06-17 18:31:00+00:00,1,0.6292278170585632,-20.0,stop_loss,False,1,False
2026-06-17 18:32:00+00:00,1,0.5804247260093689,-20.0,stop_loss,False,1,False
2026-06-17 18:33:00+00:00,-1,0.5681193470954895,5.0,trail_stop,True,2,True
2026-06-17 18:34:00+00:00,-1,0.5813730359077454,-20.0,stop_loss,False,1,False
2026-06-17 18:35:00+00:00,-1,0.6223624348640442,-20.0,stop_loss,False,1,False
2026-06-17 18:36:00+00:00,1,0.7417044639587402,5.0,trail_stop,True,2,True
2026-06-17 18:38:00+00:00,1,0.6218792200088501,7.5,target_full,True,2,True
2026-06-17 18:41:00+00:00,1,0.5963597893714905,7.5,target_full,True,1,True
2026-06-17 18:42:00+00:00,1,0.5570226907730103,7.5,target_full,True,1,True
2026-06-17 18:43:00+00:00,1,0.5784892439842224,5.0,trail_stop,True,2,True
2026-06-17 18:44:00+00:00,1,0.5557158589363098,5.0,trail_stop,True,3,True
2026-06-17 18:45:00+00:00,1,0.633808970451355,7.5,target_full,True,1,True
2026-06-17 18:47:00+00:00,1,0.5974997282028198,-20.0,stop_loss,False,7,False
2026-06-17 18:48:00+00:00,-1,0.6233730316162109,5.0,trail_stop,True,5,True
2026-06-17 18:53:00+00:00,-1,0.6333269476890564,7.5,target_full,True,1,True
2026-06-17 18:54:00+00:00,-1,0.6129009127616882,7.5,target_full,True,1,True
2026-06-17 18:55:00+00:00,-1,0.5959057211875916,7.5,target_full,True,1,True
2026-06-17 18:57:00+00:00,-1,0.6355124115943909,7.5,target_full,True,1,True
2026-06-17 18:58:00+00:00,-1,0.5533027648925781,5.0,trail_stop,True,5,True
2026-06-17 18:59:00+00:00,-1,0.599683403968811,5.0,trail_stop,True,3,True
2026-06-17 19:00:00+00:00,1,0.6079151034355164,-20.0,stop_loss,False,2,False
2026-06-17 19:01:00+00:00,1,0.6678845882415771,-20.0,stop_loss,False,5,False
2026-06-17 19:02:00+00:00,-1,0.5893182158470154,5.0,trail_stop,True,3,True
2026-06-17 19:04:00+00:00,-1,0.6670237183570862,5.0,trail_stop,True,3,True
2026-06-17 19:06:00+00:00,-1,0.5603883862495422,5.0,trail_stop,True,4,True
2026-06-17 19:08:00+00:00,1,0.5528441071510315,-20.0,stop_loss,False,6,False
2026-06-17 19:09:00+00:00,-1,0.5810548663139343,5.0,trail_stop,True,2,True
2026-06-17 19:10:00+00:00,-1,0.6215061545372009,7.5,target_full,True,4,True
2026-06-17 19:13:00+00:00,1,0.5736433267593384,-20.0,stop_loss,False,3,False
2026-06-17 19:14:00+00:00,1,0.595383882522583,-20.0,stop_loss,False,2,False
2026-06-17 19:15:00+00:00,-1,0.617206335067749,7.5,target_full,True,1,True
2026-06-17 19:17:00+00:00,-1,0.6226436495780945,5.0,trail_stop,True,6,True
2026-06-17 19:22:00+00:00,-1,0.6056360602378845,5.0,trail_stop,True,5,True
2026-06-17 19:24:00+00:00,-1,0.6114031672477722,5.0,trail_stop,True,4,True
2026-06-17 19:25:00+00:00,1,0.6233429908752441,-20.0,stop_loss,False,4,False
2026-06-17 19:27:00+00:00,-1,0.5732887387275696,7.5,target_full,True,2,True
2026-06-17 19:28:00+00:00,-1,0.5896226167678833,7.5,target_full,True,1,True
2026-06-17 19:29:00+00:00,-1,0.5874285697937012,5.0,trail_stop,True,2,True
2026-06-17 19:31:00+00:00,-1,0.5879306197166443,5.0,trail_stop,True,7,True
2026-06-17 19:33:00+00:00,1,0.5884847044944763,1.25,timeout,False,12,True
2026-06-17 19:34:00+00:00,-1,0.6159012913703918,5.0,trail_stop,True,4,True
2026-06-17 19:38:00+00:00,-1,0.560777485370636,-20.0,stop_loss,False,7,False
2026-06-17 19:40:00+00:00,-1,0.5997048020362854,-20.0,stop_loss,False,10,False
2026-06-17 19:41:00+00:00,1,0.6330713629722595,5.0,trail_stop,True,4,True
2026-06-17 19:47:00+00:00,1,0.600875735282898,1.8200000000006185,timeout,False,12,True
2026-06-17 19:51:00+00:00,1,0.5715504884719849,-5.190000000000509,timeout,False,12,False
2026-06-17 19:52:00+00:00,1,0.6003664135932922,5.619999999999891,timeout,True,12,True
2026-06-17 19:55:00+00:00,1,0.5912103056907654,5.0,trail_stop,True,10,True
2026-06-17 20:00:00+00:00,1,0.5979446172714233,5.0,trail_stop,True,6,True
2026-06-18 01:00:00+00:00,1,0.5961034893989563,5.0,trail_stop,True,3,True
2026-06-18 01:04:00+00:00,1,0.5941811800003052,5.0,trail_stop,True,7,True
2026-06-18 14:04:00+00:00,1,0.5793856382369995,-3.9700000000002547,timeout,False,12,False
2026-06-19 12:51:00+00:00,1,0.6079103350639343,5.0,trail_stop,True,2,True
2026-06-19 12:59:00+00:00,1,0.5659162998199463,-7.639999999999418,timeout,False,12,False
2026-06-19 13:03:00+00:00,-1,0.5762664675712585,-1.5399999999999636,timeout,False,12,False
2026-06-19 13:04:00+00:00,-1,0.5794345140457153,2.800000000000182,timeout,False,12,True
2026-06-22 00:12:00+00:00,1,0.5775895714759827,5.0,trail_stop,True,2,True
2026-06-22 00:16:00+00:00,1,0.6468536853790283,-0.4499999999998181,timeout,False,12,False
2026-06-22 00:19:00+00:00,-1,0.6026818752288818,-4.770000000000437,timeout,False,12,False
2026-06-22 00:55:00+00:00,1,0.6464229822158813,7.5,target_full,True,4,True
2026-06-22 01:06:00+00:00,1,0.592728316783905,5.0,trail_stop,True,2,True
2026-06-22 01:07:00+00:00,1,0.5611687302589417,-7.690000000000509,timeout,False,12,False
2026-06-22 01:08:00+00:00,1,0.5948224663734436,-4.510000000000218,timeout,False,12,False
2026-06-22 01:10:00+00:00,-1,0.5772182941436768,-1.6000000000003638,timeout,False,12,False
2026-06-22 01:14:00+00:00,1,0.558835506439209,-3.5399999999999636,timeout,False,12,False
2026-06-23 13:35:00+00:00,-1,0.5528024435043335,-15.669999999999163,timeout,False,12,False
2026-06-23 13:36:00+00:00,1,0.5536828637123108,5.0,trail_stop,True,7,True
2026-06-24 01:03:00+00:00,-1,0.6065235137939453,-14.420000000000073,timeout,False,12,False
2026-06-24 01:05:00+00:00,-1,0.5738974809646606,-20.0,stop_loss,False,6,False
2026-06-24 01:07:00+00:00,1,0.7145420908927917,5.0,trail_stop,True,4,True
2026-06-24 01:10:00+00:00,1,0.5635565519332886,7.5,target_full,True,1,True
2026-06-24 12:26:00+00:00,-1,0.5709280371665955,5.0,trail_stop,True,5,True
2026-06-24 12:28:00+00:00,1,0.6993916630744934,-13.120000000000346,timeout,False,12,False
2026-06-24 12:29:00+00:00,-1,0.7159899473190308,5.0,trail_stop,True,3,True
2026-06-24 12:30:00+00:00,-1,0.6498690247535706,5.0,trail_stop,True,9,True
2026-06-24 12:32:00+00:00,-1,0.6432161331176758,5.0,trail_stop,True,6,True
2026-06-24 12:35:00+00:00,-1,0.5833340883255005,5.0,trail_stop,True,4,True
2026-06-24 12:41:00+00:00,-1,0.5929995179176331,5.0,trail_stop,True,9,True
2026-06-24 12:53:00+00:00,1,0.5618317127227783,-20.0,stop_loss,False,6,False
2026-06-24 12:54:00+00:00,1,0.5531934499740601,-20.0,stop_loss,False,5,False
2026-06-24 12:58:00+00:00,-1,0.5788280963897705,7.5,target_full,True,1,True
2026-06-24 12:59:00+00:00,-1,0.5778570175170898,7.5,target_full,True,1,True
2026-06-24 13:00:00+00:00,-1,0.5546531081199646,5.0,trail_stop,True,2,True
2026-06-24 13:01:00+00:00,-1,0.611181914806366,-20.0,stop_loss,False,1,False
2026-06-24 13:02:00+00:00,-1,0.5616975426673889,5.0,trail_stop,True,5,True
2026-06-24 13:03:00+00:00,1,0.7059297561645508,-20.0,stop_loss,False,3,False
2026-06-24 13:04:00+00:00,1,0.6539803147315979,-6.440000000000055,timeout,False,12,False
2026-06-24 13:05:00+00:00,1,0.6619424223899841,-10.809999999999945,timeout,False,12,False
2026-06-24 13:07:00+00:00,-1,0.6174792647361755,5.0,trail_stop,True,4,True
2026-06-24 13:11:00+00:00,-1,0.5770566463470459,-5.569999999999709,timeout,False,12,False
2026-06-24 13:12:00+00:00,-1,0.627805769443512,5.0,trail_stop,True,4,True
2026-06-24 13:17:00+00:00,1,0.627835750579834,5.3400000000001455,timeout,True,12,True
2026-06-24 13:20:00+00:00,-1,0.6122769117355347,-20.0,stop_loss,False,11,False
2026-06-24 13:24:00+00:00,1,0.6380317211151123,5.0,trail_stop,True,6,True
2026-06-24 13:27:00+00:00,-1,0.628200888633728,-20.0,stop_loss,False,4,False
2026-06-24 13:30:00+00:00,1,0.6459062695503235,7.5,target_full,True,1,True
2026-06-24 13:31:00+00:00,1,0.5841573476791382,5.0,trail_stop,True,2,True
2026-06-24 13:32:00+00:00,1,0.5978605151176453,5.0,trail_stop,True,4,True
2026-06-24 13:34:00+00:00,-1,0.6196183562278748,-20.0,stop_loss,False,4,False
2026-06-24 13:35:00+00:00,1,0.6053565740585327,5.0,trail_stop,True,3,True
2026-06-24 13:39:00+00:00,1,0.596702516078949,7.5,target_full,True,2,True
2026-06-24 13:41:00+00:00,1,0.625581681728363,5.0,trail_stop,True,3,True
2026-06-24 13:44:00+00:00,1,0.6617393493652344,5.0,trail_stop,True,5,True
2026-06-24 13:47:00+00:00,1,0.6299830079078674,7.5,target_full,True,2,True
2026-06-24 13:51:00+00:00,1,0.6091486215591431,7.5,target_full,True,5,True
2026-06-24 13:55:00+00:00,-1,0.6522862911224365,-5.300000000000182,timeout,False,12,False
2026-06-24 13:56:00+00:00,1,0.5986923575401306,5.0,trail_stop,True,2,True
2026-06-24 14:00:00+00:00,-1,0.5621468424797058,5.0,trail_stop,True,2,True
2026-06-24 14:02:00+00:00,-1,0.6543716192245483,5.0,trail_stop,True,2,True
2026-06-24 14:03:00+00:00,-1,0.6434446573257446,5.0,trail_stop,True,11,True
2026-06-24 14:06:00+00:00,1,0.6463918089866638,-9.759999999999764,timeout,False,12,False
2026-06-24 14:08:00+00:00,1,0.5781136155128479,-10.210000000000036,timeout,False,12,False
2026-06-24 14:11:00+00:00,-1,0.5948920845985413,5.0,trail_stop,True,4,True
2026-06-24 14:15:00+00:00,-1,0.6387178897857666,-8.400000000000091,timeout,False,12,False
2026-06-24 14:22:00+00:00,1,0.5680795311927795,5.0,trail_stop,True,8,True
2026-06-24 14:34:00+00:00,1,0.5507360100746155,-20.0,stop_loss,False,8,False
2026-06-24 18:05:00+00:00,1,0.6239094734191895,7.5,target_full,True,4,True
2026-06-24 18:09:00+00:00,1,0.6037076711654663,5.0,trail_stop,True,2,True
2026-06-25 00:51:00+00:00,1,0.5749921798706055,7.5,target_full,True,2,True
2026-06-25 00:52:00+00:00,1,0.5893163681030273,5.0,trail_stop,True,2,True
2026-06-25 00:57:00+00:00,-1,0.5919077396392822,5.0,trail_stop,True,2,True
2026-06-25 00:58:00+00:00,-1,0.5851527452468872,5.0,trail_stop,True,12,True
2026-06-25 01:00:00+00:00,1,0.6407830119132996,5.0,trail_stop,True,2,True
2026-06-25 01:02:00+00:00,1,0.6081773042678833,-20.0,stop_loss,False,7,False
2026-06-25 01:03:00+00:00,-1,0.6360496282577515,5.0,trail_stop,True,2,True
2026-06-25 01:06:00+00:00,-1,0.5701701641082764,5.0,trail_stop,True,4,True
2026-06-25 01:10:00+00:00,-1,0.5771563649177551,-14.050000000000182,timeout,False,12,False
2026-06-25 01:17:00+00:00,1,0.6050260663032532,5.0,trail_stop,True,3,True
2026-06-25 01:19:00+00:00,1,0.603252112865448,5.0,trail_stop,True,2,True
2026-06-25 12:31:00+00:00,1,0.690036416053772,7.5,target_full,True,5,True
2026-06-25 12:32:00+00:00,1,0.6947958469390869,5.0,trail_stop,True,5,True
2026-06-25 12:35:00+00:00,-1,0.7197378873825073,-20.0,stop_loss,False,10,False
2026-06-25 12:36:00+00:00,1,0.6538906693458557,5.0,trail_stop,True,9,True
2026-06-25 12:37:00+00:00,1,0.6472270488739014,7.5,target_full,True,10,True
2026-06-25 12:38:00+00:00,1,0.6454198956489563,5.0,trail_stop,True,7,True
2026-06-25 12:39:00+00:00,-1,0.6807364821434021,5.0,trail_stop,True,2,True
2026-06-25 12:40:00+00:00,-1,0.6504536271095276,-20.0,stop_loss,False,6,False
2026-06-25 12:42:00+00:00,1,0.5946995615959167,5.0,trail_stop,True,3,True
2026-06-25 12:47:00+00:00,1,0.6778705716133118,5.0,trail_stop,True,6,True
2026-06-25 12:48:00+00:00,1,0.6691946387290955,5.0,trail_stop,True,12,True
2026-06-25 13:00:00+00:00,1,0.6155979037284851,7.5,target_full,True,1,True
2026-06-25 13:07:00+00:00,1,0.6595906615257263,-3.7200000000002547,timeout,False,12,False
2026-06-25 13:11:00+00:00,-1,0.6103201508522034,5.0,trail_stop,True,6,True
2026-06-25 13:38:00+00:00,1,0.5550470352172852,-4.1599999999998545,timeout,False,12,False
2026-06-25 13:40:00+00:00,-1,0.6216346621513367,5.0,trail_stop,True,4,True
2026-06-25 13:43:00+00:00,-1,0.6549764275550842,5.0,trail_stop,True,2,True
2026-06-25 13:44:00+00:00,-1,0.6413577795028687,7.5,target_full,True,11,True
2026-06-25 13:48:00+00:00,1,0.6299179792404175,5.0,trail_stop,True,3,True
2026-06-25 13:50:00+00:00,1,0.6063737869262695,-1.6499999999996362,timeout,False,12,False
2026-06-25 13:52:00+00:00,-1,0.587715744972229,5.0,trail_stop,True,3,True
2026-06-25 13:55:00+00:00,-1,0.6441464424133301,5.0,trail_stop,True,5,True
2026-06-25 13:57:00+00:00,-1,0.6346456408500671,5.0,trail_stop,True,2,True
2026-06-25 13:58:00+00:00,-1,0.6446552872657776,-13.710000000000036,timeout,False,12,False
2026-06-25 14:01:00+00:00,1,0.6164693832397461,7.5,target_full,True,1,True
2026-06-25 14:03:00+00:00,1,0.6243743300437927,5.0,trail_stop,True,3,True
2026-06-25 15:21:00+00:00,1,0.5661385655403137,7.5,target_full,True,1,True
2026-06-25 15:22:00+00:00,1,0.6046004891395569,5.0,trail_stop,True,2,True
2026-06-25 15:24:00+00:00,1,0.6555944681167603,-10.2800000000002,timeout,False,12,False
2026-06-25 15:25:00+00:00,1,0.6934598684310913,-4.109999999999673,timeout,False,12,False
2026-06-25 15:26:00+00:00,-1,0.6444189548492432,5.0,trail_stop,True,3,True
2026-06-25 15:29:00+00:00,-1,0.6286470293998718,5.0,trail_stop,True,5,True
2026-06-25 15:34:00+00:00,-1,0.5744547843933105,-14.519999999999982,timeout,False,12,False
