side,signal_ts,entry_time,entry_price,entry_style,stop,target,sl,tp,horizon,timeout,impulse_low,impulse_high,target_updates,exit_time,exit_price,exit_reason,pnl,win
-1,2025-06-03 14:15:00+00:00,2025-06-03 14:17:00+00:00,3340.43,breakout_next_open,3346.96,3320.8399999999992,6.5300000000002,19.5900000000006,120,2025-06-03 16:17:00+00:00,3337.65,3346.96,0,2025-06-03 14:30:00+00:00,3346.96,stop_loss,-6.5300000000002,False
-1,2025-06-04 11:30:00+00:00,2025-06-04 11:32:00+00:00,3347.47,breakout_next_open,3348.9,3343.179999999999,1.430000000000291,4.290000000000873,120,2025-06-04 13:32:00+00:00,3344.94,3348.9,0,2025-06-04 11:40:00+00:00,3348.9,stop_loss,-1.430000000000291,False
-1,2025-06-04 13:45:00+00:00,2025-06-04 13:47:00+00:00,3353.4,breakout_next_open,3358.25,3338.8500000000004,4.849999999999909,14.549999999999727,120,2025-06-04 15:47:00+00:00,3354.23,3358.25,0,2025-06-04 14:00:00+00:00,3358.25,stop_loss,-4.849999999999909,False
-1,2025-06-06 09:15:00+00:00,2025-06-06 09:17:00+00:00,3359.8,breakout_next_open,3365.4,3343.0000000000005,5.599999999999909,16.799999999999727,120,2025-06-06 11:17:00+00:00,3361.1,3365.4,0,2025-06-06 11:17:00+00:00,3361.93,timeout,-2.1299999999996544,False
-1,2025-06-06 13:30:00+00:00,2025-06-06 13:32:00+00:00,3348.23,breakout_next_open,3358.8,3316.5199999999995,10.570000000000164,31.71000000000049,120,2025-06-06 16:15:00+00:00,3354.46,3358.8,2,2025-06-06 14:24:00+00:00,3316.5199999999995,target_hit,31.71000000000049,True
-1,2025-06-06 14:30:00+00:00,2025-06-06 14:32:00+00:00,3328.3,breakout_next_open,3335.98,3305.2600000000007,7.679999999999836,23.03999999999951,120,2025-06-06 17:15:00+00:00,3327.03,3335.98,2,2025-06-06 15:38:00+00:00,3335.98,stop_loss,-7.679999999999836,False
1,2025-06-09 14:00:00+00:00,2025-06-09 14:02:00+00:00,3320.29,breakout_next_open,3314.03,3339.0699999999993,6.2599999999997635,18.77999999999929,120,2025-06-09 16:02:00+00:00,3314.03,3317.59,0,2025-06-09 16:02:00+00:00,3327.73,timeout,7.440000000000055,True
1,2025-06-10 13:30:00+00:00,2025-06-10 13:32:00+00:00,3345.7,breakout_next_open,3342.72,3354.64,2.980000000000018,8.940000000000055,120,2025-06-10 15:32:00+00:00,3342.72,3346.42,0,2025-06-10 13:37:00+00:00,3342.72,stop_loss,-2.980000000000018,False
1,2025-06-11 12:45:00+00:00,2025-06-11 12:47:00+00:00,3351.48,breakout_next_open,3337.77,3392.61,13.710000000000036,41.13000000000011,120,2025-06-11 14:47:00+00:00,3337.77,3353.28,0,2025-06-11 12:56:00+00:00,3337.77,stop_loss,-13.710000000000036,False
1,2025-06-11 13:15:00+00:00,2025-06-11 13:17:00+00:00,3343.58,breakout_next_open,3337.45,3361.9700000000003,6.130000000000109,18.390000000000327,120,2025-06-11 15:17:00+00:00,3337.45,3341.41,0,2025-06-11 13:29:00+00:00,3337.45,stop_loss,-6.130000000000109,False
1,2025-06-12 08:00:00+00:00,2025-06-12 08:02:00+00:00,3349.53,breakout_next_open,3340.58,3376.380000000001,8.950000000000273,26.85000000000082,120,2025-06-12 10:02:00+00:00,3340.58,3345.23,0,2025-06-12 10:02:00+00:00,3363.78,timeout,14.25,True
1,2025-06-12 10:30:00+00:00,2025-06-12 10:32:00+00:00,3382.08,breakout_next_open,3368.58,3422.58,13.5,40.5,120,2025-06-12 12:32:00+00:00,3368.58,3373.28,0,2025-06-12 12:32:00+00:00,3384.7,timeout,2.619999999999891,True
1,2025-06-12 13:45:00+00:00,2025-06-12 13:47:00+00:00,3395.53,breakout_next_open,3382.18,3435.5800000000013,13.350000000000364,40.05000000000109,120,2025-06-12 15:47:00+00:00,3382.18,3386.03,0,2025-06-12 15:09:00+00:00,3382.18,stop_loss,-13.350000000000364,False
1,2025-06-12 15:30:00+00:00,2025-06-12 15:32:00+00:00,3387.63,breakout_next_open,3378.68,3414.480000000001,8.950000000000273,26.85000000000082,120,2025-06-12 17:32:00+00:00,3378.68,3384.23,0,2025-06-12 17:20:00+00:00,3378.68,stop_loss,-8.950000000000273,False
1,2025-06-13 07:15:00+00:00,2025-06-13 07:17:00+00:00,3415.69,breakout_next_open,3408.33,3437.7700000000004,7.360000000000127,22.080000000000382,120,2025-06-13 09:17:00+00:00,3408.33,3411.83,0,2025-06-13 09:17:00+00:00,3424.93,timeout,9.239999999999782,True
1,2025-06-13 12:45:00+00:00,2025-06-13 12:49:00+00:00,3433.13,breakout_next_open,3428.53,3446.93,4.599999999999909,13.799999999999727,120,2025-06-13 14:49:00+00:00,3428.53,3432.09,0,2025-06-13 13:37:00+00:00,3446.93,target_hit,13.799999999999727,True
1,2025-06-16 13:45:00+00:00,2025-06-16 13:49:00+00:00,3409.4,breakout_next_open,3404.61,3423.77,4.789999999999964,14.36999999999989,120,2025-06-16 15:49:00+00:00,3404.61,3409.55,0,2025-06-16 13:53:00+00:00,3404.61,stop_loss,-4.789999999999964,False
-1,2025-06-18 18:45:00+00:00,2025-06-18 18:47:00+00:00,3386.6,breakout_next_open,3390.33,3375.41,3.730000000000018,11.190000000000055,120,2025-06-18 20:47:00+00:00,3385.6,3390.33,0,2025-06-18 19:01:00+00:00,3375.41,target_hit,11.190000000000055,True
-1,2025-06-18 19:15:00+00:00,2025-06-18 19:17:00+00:00,3376.48,breakout_next_open,3379.48,3367.48,3.0,9.0,120,2025-06-18 21:17:00+00:00,3375.93,3379.48,0,2025-06-18 19:28:00+00:00,3367.48,target_hit,9.0,True
-1,2025-06-18 19:30:00+00:00,2025-06-18 19:32:00+00:00,3365.8,breakout_next_open,3369.65,3354.2500000000005,3.849999999999909,11.549999999999727,120,2025-06-18 21:32:00+00:00,3365.33,3369.65,0,2025-06-18 19:33:00+00:00,3369.65,stop_loss,-3.849999999999909,False
-1,2025-06-23 12:30:00+00:00,2025-06-23 12:32:00+00:00,3359.18,breakout_next_open,3368.58,3330.9799999999996,9.400000000000091,28.200000000000273,120,2025-06-23 14:32:00+00:00,3363.69,3368.58,0,2025-06-23 13:16:00+00:00,3368.58,stop_loss,-9.400000000000091,False
-1,2025-06-24 12:15:00+00:00,2025-06-24 12:18:00+00:00,3313.05,breakout_next_open,3316.9,3301.5000000000005,3.849999999999909,11.549999999999727,120,2025-06-24 14:18:00+00:00,3312.73,3316.9,0,2025-06-24 12:20:00+00:00,3316.9,stop_loss,-3.849999999999909,False
-1,2025-06-24 12:45:00+00:00,2025-06-24 12:47:00+00:00,3309.74,breakout_next_open,3313.65,3298.009999999999,3.9100000000003092,11.730000000000928,120,2025-06-24 14:47:00+00:00,3310.28,3313.65,0,2025-06-24 12:49:00+00:00,3313.65,stop_loss,-3.9100000000003092,False
-1,2025-06-24 13:45:00+00:00,2025-06-24 13:49:00+00:00,3297.0,breakout_next_open,3300.75,3285.75,3.75,11.25,120,2025-06-24 15:49:00+00:00,3297.05,3300.75,0,2025-06-24 13:53:00+00:00,3300.75,stop_loss,-3.75,False
-1,2025-06-27 09:15:00+00:00,2025-06-27 09:17:00+00:00,3285.65,breakout_next_open,3289.63,3273.71,3.980000000000018,11.940000000000055,120,2025-06-27 11:17:00+00:00,3285.33,3289.63,0,2025-06-27 10:09:00+00:00,3289.63,stop_loss,-3.980000000000018,False
-1,2025-06-27 12:00:00+00:00,2025-06-27 12:09:00+00:00,3277.03,breakout_next_open,3279.73,3268.9300000000007,2.699999999999818,8.099999999999454,120,2025-06-27 14:09:00+00:00,3276.43,3279.73,0,2025-06-27 12:22:00+00:00,3279.73,stop_loss,-2.699999999999818,False
-1,2025-06-27 12:45:00+00:00,2025-06-27 12:47:00+00:00,3271.63,breakout_next_open,3277.03,3255.43,5.400000000000091,16.200000000000273,120,2025-06-27 15:00:00+00:00,3271.93,3277.03,1,2025-06-27 14:05:00+00:00,3277.03,stop_loss,-5.400000000000091,False
1,2025-07-01 12:45:00+00:00,2025-07-01 12:47:00+00:00,3353.3,breakout_next_open,3351.38,3359.0600000000004,1.9200000000000728,5.760000000000218,120,2025-07-01 14:47:00+00:00,3351.38,3354.74,0,2025-07-01 13:06:00+00:00,3351.38,stop_loss,-1.9200000000000728,False
-1,2025-07-03 12:45:00+00:00,2025-07-03 12:47:00+00:00,3315.77,breakout_next_open,3351.42,3208.8199999999997,35.65000000000009,106.95000000000027,120,2025-07-03 14:47:00+00:00,3328.72,3351.42,0,2025-07-03 14:47:00+00:00,3328.17,timeout,-12.400000000000091,False
-1,2025-07-07 10:45:00+00:00,2025-07-07 10:47:00+00:00,3300.93,breakout_next_open,3305.67,3286.709999999999,4.7400000000002365,14.22000000000071,120,2025-07-07 12:47:00+00:00,3301.83,3305.67,0,2025-07-07 11:09:00+00:00,3305.67,stop_loss,-4.7400000000002365,False
1,2025-07-11 11:30:00+00:00,2025-07-11 11:32:00+00:00,3347.03,breakout_next_open,3342.28,3361.28,4.75,14.25,120,2025-07-11 15:15:00+00:00,3342.28,3345.73,2,2025-07-11 14:52:00+00:00,3361.28,target_hit,14.25,True
1,2025-07-16 16:15:00+00:00,2025-07-16 16:17:00+00:00,3348.53,breakout_next_open,3342.56,3366.440000000001,5.970000000000255,17.910000000000764,120,2025-07-16 18:17:00+00:00,3342.56,3348.02,0,2025-07-16 18:17:00+00:00,3356.49,timeout,7.959999999999582,True
-1,2025-07-17 13:30:00+00:00,2025-07-17 13:32:00+00:00,3315.15,breakout_next_open,3319.17,3303.09,4.019999999999982,12.059999999999945,120,2025-07-17 15:32:00+00:00,3316.0,3319.17,0,2025-07-17 13:37:00+00:00,3319.17,stop_loss,-4.019999999999982,False
-1,2025-07-23 16:30:00+00:00,2025-07-23 16:32:00+00:00,3382.46,breakout_next_open,3389.23,3362.15,6.769999999999982,20.309999999999945,120,2025-07-23 18:32:00+00:00,3385.68,3389.23,0,2025-07-23 16:39:00+00:00,3389.23,stop_loss,-6.769999999999982,False
-1,2025-07-24 12:45:00+00:00,2025-07-24 12:47:00+00:00,3359.6,breakout_next_open,3365.71,3341.2699999999995,6.110000000000127,18.330000000000382,120,2025-07-24 14:47:00+00:00,3361.71,3365.71,0,2025-07-24 13:42:00+00:00,3365.71,stop_loss,-6.110000000000127,False
-1,2025-07-30 15:30:00+00:00,2025-07-30 15:32:00+00:00,3291.83,breakout_next_open,3298.63,3271.4299999999994,6.800000000000182,20.400000000000546,120,2025-07-30 17:32:00+00:00,3293.49,3298.63,0,2025-07-30 16:54:00+00:00,3298.63,stop_loss,-6.800000000000182,False
-1,2025-07-30 19:00:00+00:00,2025-07-30 19:02:00+00:00,3277.15,breakout_next_open,3290.5,3237.1000000000004,13.349999999999909,40.04999999999973,120,2025-07-30 21:30:00+00:00,3286.97,3290.5,2,2025-07-30 22:01:00+00:00,3274.45,timeout,2.700000000000273,True
1,2025-08-04 11:15:00+00:00,2025-08-04 11:17:00+00:00,3365.41,breakout_next_open,3359.94,3381.8199999999993,5.4699999999998,16.4099999999994,120,2025-08-04 13:17:00+00:00,3359.94,3364.27,0,2025-08-04 13:17:00+00:00,3374.52,timeout,9.110000000000127,True
-1,2025-08-05 14:00:00+00:00,2025-08-05 14:04:00+00:00,3373.57,breakout_next_open,3376.87,3363.670000000001,3.299999999999727,9.899999999999181,120,2025-08-05 16:04:00+00:00,3373.14,3376.87,0,2025-08-05 14:05:00+00:00,3376.87,stop_loss,-3.299999999999727,False
-1,2025-08-08 13:30:00+00:00,2025-08-08 13:35:00+00:00,3391.09,breakout_next_open,3396.01,3376.33,4.920000000000073,14.760000000000218,120,2025-08-08 15:35:00+00:00,3390.81,3396.01,0,2025-08-08 13:39:00+00:00,3396.01,stop_loss,-4.920000000000073,False
-1,2025-08-08 14:15:00+00:00,2025-08-08 14:18:00+00:00,3389.4,breakout_next_open,3394.19,3375.03,4.789999999999964,14.36999999999989,120,2025-08-08 16:30:00+00:00,3386.5,3394.19,1,2025-08-08 15:18:00+00:00,3394.19,stop_loss,-4.789999999999964,False
-1,2025-08-12 13:00:00+00:00,2025-08-12 13:02:00+00:00,3350.64,breakout_next_open,3358.26,3327.779999999999,7.620000000000346,22.860000000001037,120,2025-08-12 16:00:00+00:00,3353.38,3358.26,1,2025-08-12 15:29:00+00:00,3358.26,stop_loss,-7.620000000000346,False
-1,2025-08-14 13:30:00+00:00,2025-08-14 13:32:00+00:00,3347.81,breakout_next_open,3350.07,3341.0299999999993,2.2600000000002183,6.780000000000655,120,2025-08-14 15:32:00+00:00,3346.07,3350.07,0,2025-08-14 14:05:00+00:00,3341.0299999999993,target_hit,6.780000000000655,True
-1,2025-08-14 14:15:00+00:00,2025-08-14 14:17:00+00:00,3341.22,breakout_next_open,3345.47,3328.47,4.25,12.75,120,2025-08-14 16:17:00+00:00,3338.19,3345.47,0,2025-08-14 14:24:00+00:00,3345.47,stop_loss,-4.25,False
1,2025-08-15 12:45:00+00:00,2025-08-15 12:47:00+00:00,3343.15,breakout_next_open,3333.97,3370.690000000001,9.180000000000291,27.540000000000873,120,2025-08-15 15:30:00+00:00,3333.97,3337.8,1,2025-08-15 13:46:00+00:00,3333.97,stop_loss,-9.180000000000291,False
-1,2025-08-22 15:00:00+00:00,2025-08-22 15:03:00+00:00,3374.48,breakout_next_open,3376.79,3367.55,2.3099999999999454,6.929999999999836,120,2025-08-22 17:03:00+00:00,3373.51,3376.79,0,2025-08-22 15:04:00+00:00,3376.79,stop_loss,-2.3099999999999454,False
-1,2025-09-04 13:45:00+00:00,2025-09-04 13:47:00+00:00,3547.12,breakout_next_open,3558.64,3512.56,11.519999999999982,34.559999999999945,120,2025-09-04 16:00:00+00:00,3553.39,3558.64,1,2025-09-04 16:00:00+00:00,3554.04,timeout,-6.920000000000073,False
1,2025-09-05 12:30:00+00:00,2025-09-05 12:32:00+00:00,3577.84,breakout_next_open,3552.22,3654.700000000001,25.620000000000346,76.86000000000104,120,2025-09-05 16:45:00+00:00,3552.22,3557.91,4,2025-09-05 16:45:00+00:00,3595.9,timeout,18.059999999999945,True
1,2025-09-08 07:15:00+00:00,2025-09-08 07:17:00+00:00,3606.31,breakout_next_open,3600.11,3624.9099999999994,6.199999999999818,18.599999999999454,120,2025-09-08 09:17:00+00:00,3600.11,3603.56,0,2025-09-08 09:17:00+00:00,3613.24,timeout,6.929999999999836,True
1,2025-09-08 10:15:00+00:00,2025-09-08 10:17:00+00:00,3620.57,breakout_next_open,3617.18,3630.740000000001,3.3900000000003274,10.170000000000982,120,2025-09-08 12:17:00+00:00,3617.18,3621.38,0,2025-09-08 10:18:00+00:00,3617.18,stop_loss,-3.3900000000003274,False
1,2025-09-08 13:15:00+00:00,2025-09-08 13:17:00+00:00,3627.28,breakout_next_open,3625.94,3631.3000000000006,1.3400000000001455,4.020000000000437,120,2025-09-08 15:17:00+00:00,3625.94,3629.35,0,2025-09-08 13:18:00+00:00,3625.94,stop_loss,-1.3400000000001455,False
-1,2025-09-11 13:00:00+00:00,2025-09-11 13:02:00+00:00,3632.45,breakout_next_open,3637.4,3617.599999999999,4.950000000000273,14.850000000000819,120,2025-09-11 15:02:00+00:00,3632.66,3637.4,0,2025-09-11 13:11:00+00:00,3637.4,stop_loss,-4.950000000000273,False
-1,2025-09-11 13:30:00+00:00,2025-09-11 13:32:00+00:00,3625.6,breakout_next_open,3633.29,3602.5299999999997,7.690000000000055,23.070000000000164,120,2025-09-11 15:32:00+00:00,3629.64,3633.29,0,2025-09-11 13:56:00+00:00,3633.29,stop_loss,-7.690000000000055,False
1,2025-09-19 07:15:00+00:00,2025-09-19 07:17:00+00:00,3650.86,breakout_next_open,3647.05,3662.29,3.8099999999999454,11.429999999999836,120,2025-09-19 09:17:00+00:00,3647.05,3650.56,0,2025-09-19 09:17:00+00:00,3658.07,timeout,7.210000000000036,True
1,2025-09-22 14:15:00+00:00,2025-09-22 14:17:00+00:00,3719.83,breakout_next_open,3717.59,3726.5499999999993,2.2399999999997817,6.719999999999345,120,2025-09-22 16:17:00+00:00,3717.59,3720.94,0,2025-09-22 14:20:00+00:00,3717.59,stop_loss,-2.2399999999997817,False
1,2025-09-22 15:00:00+00:00,2025-09-22 15:02:00+00:00,3726.0,breakout_next_open,3721.95,3738.1500000000005,4.050000000000182,12.150000000000546,120,2025-09-22 17:02:00+00:00,3721.95,3725.99,0,2025-09-22 16:04:00+00:00,3738.1500000000005,target_hit,12.150000000000546,True
1,2025-09-25 13:15:00+00:00,2025-09-25 13:19:00+00:00,3740.99,breakout_next_open,3734.38,3760.819999999999,6.609999999999673,19.829999999999018,120,2025-09-25 15:30:00+00:00,3734.38,3739.47,1,2025-09-25 13:38:00+00:00,3734.38,stop_loss,-6.609999999999673,False
1,2025-09-26 13:15:00+00:00,2025-09-26 13:17:00+00:00,3763.58,breakout_next_open,3757.34,3782.2999999999993,6.239999999999782,18.719999999999345,120,2025-09-26 15:17:00+00:00,3757.34,3763.1,0,2025-09-26 13:22:00+00:00,3757.34,stop_loss,-6.239999999999782,False
1,2025-09-26 13:45:00+00:00,2025-09-26 13:47:00+00:00,3760.77,breakout_next_open,3753.36,3782.9999999999995,7.4099999999998545,22.229999999999563,120,2025-09-26 16:15:00+00:00,3753.36,3757.62,1,2025-09-26 14:26:00+00:00,3782.9999999999995,target_hit,22.229999999999563,True
1,2025-09-29 14:15:00+00:00,2025-09-29 14:26:00+00:00,3825.67,breakout_next_open,3819.62,3843.8200000000006,6.050000000000182,18.150000000000546,120,2025-09-29 16:26:00+00:00,3819.62,3825.72,0,2025-09-29 16:26:00+00:00,3831.99,timeout,6.319999999999709,True
1,2025-09-30 09:30:00+00:00,2025-09-30 09:32:00+00:00,3806.24,breakout_next_open,3799.12,3827.5999999999995,7.119999999999891,21.359999999999673,120,2025-09-30 11:32:00+00:00,3799.12,3806.46,0,2025-09-30 09:45:00+00:00,3799.12,stop_loss,-7.119999999999891,False
1,2025-10-01 13:45:00+00:00,2025-10-01 13:47:00+00:00,3874.21,breakout_next_open,3869.96,3886.96,4.25,12.75,120,2025-10-01 15:47:00+00:00,3869.96,3874.15,0,2025-10-01 13:49:00+00:00,3869.96,stop_loss,-4.25,False
1,2025-10-02 09:15:00+00:00,2025-10-02 09:18:00+00:00,3876.58,breakout_next_open,3873.23,3886.6299999999997,3.349999999999909,10.049999999999727,120,2025-10-02 11:18:00+00:00,3873.23,3876.51,0,2025-10-02 11:18:00+00:00,3885.06,timeout,8.480000000000018,True
1,2025-10-03 14:30:00+00:00,2025-10-03 14:32:00+00:00,3879.84,breakout_next_open,3866.91,3918.630000000001,12.930000000000291,38.79000000000087,120,2025-10-03 16:32:00+00:00,3866.91,3871.61,0,2025-10-03 16:32:00+00:00,3882.45,timeout,2.6099999999996726,True
1,2025-10-06 07:00:00+00:00,2025-10-06 07:02:00+00:00,3934.14,breakout_next_open,3928.96,3949.6799999999994,5.179999999999836,15.539999999999509,120,2025-10-06 10:00:00+00:00,3928.96,3933.86,1,2025-10-06 08:07:00+00:00,3949.6799999999994,target_hit,15.539999999999509,True
1,2025-10-06 12:45:00+00:00,2025-10-06 12:47:00+00:00,3931.94,breakout_next_open,3927.52,3945.2000000000003,4.420000000000073,13.260000000000218,120,2025-10-06 14:47:00+00:00,3927.52,3931.84,0,2025-10-06 13:35:00+00:00,3927.52,stop_loss,-4.420000000000073,False
1,2025-10-06 14:45:00+00:00,2025-10-06 14:47:00+00:00,3957.96,breakout_next_open,3949.42,3983.58,8.539999999999964,25.61999999999989,120,2025-10-06 16:47:00+00:00,3949.42,3954.51,0,2025-10-06 15:22:00+00:00,3949.42,stop_loss,-8.539999999999964,False
1,2025-10-06 16:00:00+00:00,2025-10-06 16:02:00+00:00,3963.83,breakout_next_open,3959.23,3977.6299999999997,4.599999999999909,13.799999999999727,120,2025-10-06 18:02:00+00:00,3959.23,3963.54,0,2025-10-06 16:10:00+00:00,3959.23,stop_loss,-4.599999999999909,False
1,2025-10-06 16:30:00+00:00,2025-10-06 16:32:00+00:00,3952.91,breakout_next_open,3946.07,3973.429999999999,6.839999999999691,20.519999999999072,120,2025-10-06 18:32:00+00:00,3946.07,3950.8,0,2025-10-06 18:32:00+00:00,3957.59,timeout,4.680000000000291,True
1,2025-10-07 16:30:00+00:00,2025-10-07 16:32:00+00:00,3972.95,breakout_next_open,3966.55,3992.1499999999987,6.399999999999636,19.19999999999891,120,2025-10-07 19:00:00+00:00,3966.55,3970.96,1,2025-10-07 19:00:00+00:00,3982.0,timeout,9.050000000000182,True
1,2025-10-08 10:00:00+00:00,2025-10-08 10:02:00+00:00,4049.45,breakout_next_open,4040.88,4075.159999999999,8.569999999999709,25.709999999999127,120,2025-10-08 12:02:00+00:00,4040.88,4045.52,0,2025-10-08 10:27:00+00:00,4040.88,stop_loss,-8.569999999999709,False
1,2025-10-08 11:15:00+00:00,2025-10-08 11:23:00+00:00,4036.73,breakout_next_open,4032.81,4048.4900000000002,3.9200000000000728,11.760000000000218,120,2025-10-08 13:23:00+00:00,4032.81,4036.58,0,2025-10-08 11:32:00+00:00,4032.81,stop_loss,-3.9200000000000728,False
1,2025-10-08 14:30:00+00:00,2025-10-08 14:32:00+00:00,4044.25,breakout_next_open,4037.96,4063.12,6.289999999999964,18.86999999999989,120,2025-10-08 16:32:00+00:00,4037.96,4042.03,0,2025-10-08 15:15:00+00:00,4037.96,stop_loss,-6.289999999999964,False
1,2025-10-08 16:15:00+00:00,2025-10-08 16:19:00+00:00,4054.82,breakout_next_open,4049.03,4072.19,5.789999999999964,17.36999999999989,120,2025-10-08 18:19:00+00:00,4049.03,4055.04,0,2025-10-08 17:29:00+00:00,4049.03,stop_loss,-5.789999999999964,False
1,2025-10-09 14:15:00+00:00,2025-10-09 14:17:00+00:00,4027.38,breakout_next_open,4016.68,4059.480000000001,10.700000000000273,32.10000000000082,120,2025-10-09 16:17:00+00:00,4016.68,4025.35,0,2025-10-09 14:22:00+00:00,4016.68,stop_loss,-10.700000000000273,False
1,2025-10-09 15:00:00+00:00,2025-10-09 15:02:00+00:00,4022.03,breakout_next_open,4013.46,4047.7400000000007,8.570000000000164,25.71000000000049,120,2025-10-09 17:15:00+00:00,4013.46,4019.32,1,2025-10-09 15:30:00+00:00,4013.46,stop_loss,-8.570000000000164,False
1,2025-10-09 16:00:00+00:00,2025-10-09 16:02:00+00:00,4019.12,breakout_next_open,4007.93,4052.69,11.190000000000055,33.570000000000164,120,2025-10-09 18:02:00+00:00,4007.93,4012.71,0,2025-10-09 16:33:00+00:00,4007.93,stop_loss,-11.190000000000055,False
1,2025-10-10 12:15:00+00:00,2025-10-10 12:17:00+00:00,3988.84,breakout_next_open,3985.3,3999.46,3.5399999999999636,10.61999999999989,120,2025-10-10 14:30:00+00:00,3985.3,3989.8,1,2025-10-10 12:35:00+00:00,3985.3,stop_loss,-3.5399999999999636,False
1,2025-10-10 13:30:00+00:00,2025-10-10 13:34:00+00:00,3996.4,breakout_next_open,3989.9,4015.9,6.5,19.5,120,2025-10-10 15:34:00+00:00,3989.9,3993.63,0,2025-10-10 13:37:00+00:00,3989.9,stop_loss,-6.5,False
1,2025-10-10 14:30:00+00:00,2025-10-10 14:32:00+00:00,3987.69,breakout_next_open,3977.22,4019.100000000001,10.470000000000255,31.410000000000764,120,2025-10-10 17:15:00+00:00,3977.22,3983.52,3,2025-10-10 15:26:00+00:00,4019.100000000001,target_hit,31.410000000000764,True
1,2025-10-10 15:30:00+00:00,2025-10-10 15:32:00+00:00,4019.71,breakout_next_open,4006.27,4060.03,13.440000000000055,40.320000000000164,120,2025-10-10 17:32:00+00:00,4006.27,4012.24,0,2025-10-10 15:40:00+00:00,4006.27,stop_loss,-13.440000000000055,False
1,2025-10-13 14:00:00+00:00,2025-10-13 14:02:00+00:00,4095.39,breakout_next_open,4086.18,4123.02,9.210000000000036,27.63000000000011,120,2025-10-13 19:00:00+00:00,4086.18,4089.91,2,2025-10-13 19:00:00+00:00,4100.51,timeout,5.120000000000346,True
-1,2025-10-14 10:45:00+00:00,2025-10-14 10:47:00+00:00,4133.4,breakout_next_open,4144.67,4099.589999999998,11.270000000000437,33.81000000000131,120,2025-10-14 14:45:00+00:00,4140.8,4144.67,3,2025-10-14 13:00:00+00:00,4099.589999999998,target_hit,33.81000000000131,True
1,2025-10-15 08:45:00+00:00,2025-10-15 08:47:00+00:00,4215.45,breakout_next_open,4210.51,4230.269999999999,4.9399999999996,14.8199999999988,120,2025-10-15 10:47:00+00:00,4210.51,4214.56,0,2025-10-15 08:59:00+00:00,4210.51,stop_loss,-4.9399999999996,False
1,2025-10-15 09:45:00+00:00,2025-10-15 09:47:00+00:00,4193.36,breakout_next_open,4189.98,4203.5,3.380000000000109,10.140000000000327,120,2025-10-15 11:47:00+00:00,4189.98,4194.69,0,2025-10-15 09:48:00+00:00,4189.98,stop_loss,-3.380000000000109,False
1,2025-10-15 13:00:00+00:00,2025-10-15 13:02:00+00:00,4187.25,breakout_next_open,4182.37,4201.89,4.880000000000109,14.640000000000327,120,2025-10-15 16:00:00+00:00,4182.37,4186.38,1,2025-10-15 14:01:00+00:00,4201.89,target_hit,14.640000000000327,True
1,2025-10-15 14:00:00+00:00,2025-10-15 14:02:00+00:00,4200.92,breakout_next_open,4189.79,4234.31,11.13000000000011,33.39000000000033,120,2025-10-15 16:15:00+00:00,4189.79,4194.6,1,2025-10-15 15:34:00+00:00,4189.79,stop_loss,-11.13000000000011,False
1,2025-10-15 16:15:00+00:00,2025-10-15 16:17:00+00:00,4195.71,breakout_next_open,4189.72,4213.679999999999,5.989999999999782,17.969999999999345,120,2025-10-15 18:45:00+00:00,4189.72,4193.76,2,2025-10-15 17:12:00+00:00,4189.72,stop_loss,-5.989999999999782,False
1,2025-10-15 17:30:00+00:00,2025-10-15 17:41:00+00:00,4192.04,breakout_next_open,4186.78,4207.820000000001,5.260000000000218,15.780000000000655,120,2025-10-15 20:15:00+00:00,4186.78,4192.22,1,2025-10-15 19:18:00+00:00,4207.820000000001,target_hit,15.780000000000655,True
1,2025-10-16 07:00:00+00:00,2025-10-16 07:02:00+00:00,4225.43,breakout_next_open,4219.06,4244.54,6.369999999999891,19.109999999999673,120,2025-10-16 09:02:00+00:00,4219.06,4222.92,0,2025-10-16 09:02:00+00:00,4234.24,timeout,8.80999999999949,True
1,2025-10-16 13:15:00+00:00,2025-10-16 13:17:00+00:00,4246.66,breakout_next_open,4234.76,4282.359999999999,11.899999999999636,35.69999999999891,120,2025-10-16 16:15:00+00:00,4234.76,4240.48,1,2025-10-16 16:15:00+00:00,4280.29,timeout,33.63000000000011,True
1,2025-10-16 16:30:00+00:00,2025-10-16 16:32:00+00:00,4289.68,breakout_next_open,4283.05,4309.570000000001,6.630000000000109,19.890000000000327,120,2025-10-16 18:32:00+00:00,4283.05,4289.51,0,2025-10-16 16:34:00+00:00,4283.05,stop_loss,-6.630000000000109,False
1,2025-10-16 17:00:00+00:00,2025-10-16 17:02:00+00:00,4284.4,breakout_next_open,4272.06,4321.419999999997,12.339999999999236,37.01999999999771,120,2025-10-16 20:45:00+00:00,4272.06,4279.43,2,2025-10-16 20:45:00+00:00,4320.79,timeout,36.39000000000033,True
-1,2025-10-17 17:30:00+00:00,2025-10-17 17:32:00+00:00,4200.05,breakout_next_open,4207.12,4178.840000000001,7.069999999999709,21.209999999999127,120,2025-10-17 19:32:00+00:00,4202.45,4207.12,0,2025-10-17 17:35:00+00:00,4207.12,stop_loss,-7.069999999999709,False
-1,2025-10-17 18:45:00+00:00,2025-10-17 18:47:00+00:00,4239.28,breakout_next_open,4244.92,4222.359999999999,5.640000000000327,16.920000000000982,120,2025-10-17 21:00:00+00:00,4239.4,4244.92,1,2025-10-17 19:15:00+00:00,4222.359999999999,target_hit,16.920000000000982,True
-1,2025-10-21 14:45:00+00:00,2025-10-21 14:47:00+00:00,4109.39,breakout_next_open,4137.71,4024.430000000001,28.31999999999971,84.95999999999913,120,2025-10-21 16:47:00+00:00,4121.1,4137.71,0,2025-10-21 14:59:00+00:00,4137.71,stop_loss,-28.31999999999971,False
-1,2025-10-21 15:15:00+00:00,2025-10-21 15:21:00+00:00,4124.79,breakout_next_open,4142.1,4072.8599999999988,17.3100000000004,51.9300000000012,120,2025-10-21 17:30:00+00:00,4131.05,4142.1,1,2025-10-21 15:43:00+00:00,4142.1,stop_loss,-17.3100000000004,False
-1,2025-10-21 16:00:00+00:00,2025-10-21 16:02:00+00:00,4135.64,breakout_next_open,4144.09,4110.290000000001,8.449999999999818,25.349999999999454,120,2025-10-21 18:02:00+00:00,4136.56,4144.09,0,2025-10-21 16:04:00+00:00,4144.09,stop_loss,-8.449999999999818,False
-1,2025-10-21 16:15:00+00:00,2025-10-21 16:17:00+00:00,4129.23,breakout_next_open,4141.91,4091.1899999999987,12.680000000000291,38.04000000000087,120,2025-10-21 21:45:00+00:00,4133.95,4141.91,5,2025-10-21 22:01:00+00:00,4132.55,timeout,-3.3200000000006185,False
1,2025-10-22 15:15:00+00:00,2025-10-22 15:17:00+00:00,4037.53,breakout_next_open,4014.97,4105.210000000001,22.5600000000004,67.6800000000012,120,2025-10-22 21:15:00+00:00,4014.97,4018.96,8,2025-10-22 19:28:00+00:00,4105.210000000001,target_hit,67.68000000000075,True
1,2025-10-22 19:30:00+00:00,2025-10-22 19:32:00+00:00,4108.74,breakout_next_open,4094.01,4152.9299999999985,14.729999999999563,44.18999999999869,120,2025-10-22 21:32:00+00:00,4094.01,4098.34,0,2025-10-22 20:24:00+00:00,4094.01,stop_loss,-14.729999999999563,False
1,2025-10-23 07:15:00+00:00,2025-10-23 07:17:00+00:00,4117.68,breakout_next_open,4113.32,4130.760000000002,4.360000000000582,13.080000000001746,120,2025-10-23 09:30:00+00:00,4113.32,4116.94,1,2025-10-23 07:31:00+00:00,4113.32,stop_loss,-4.360000000000582,False
1,2025-10-23 08:15:00+00:00,2025-10-23 08:17:00+00:00,4113.74,breakout_next_open,4094.16,4172.48,19.579999999999927,58.73999999999978,120,2025-10-23 19:45:00+00:00,4094.16,4099.88,14,2025-10-23 19:45:00+00:00,4117.99,timeout,4.25,True
-1,2025-10-24 13:45:00+00:00,2025-10-24 13:47:00+00:00,4105.9,breakout_next_open,4114.76,4079.319999999998,8.860000000000582,26.580000000001746,120,2025-10-24 15:47:00+00:00,4110.28,4114.76,0,2025-10-24 14:06:00+00:00,4114.76,stop_loss,-8.860000000000582,False
-1,2025-10-24 14:30:00+00:00,2025-10-24 14:32:00+00:00,4125.25,breakout_next_open,4130.58,4109.26,5.329999999999927,15.989999999999782,120,2025-10-24 16:32:00+00:00,4125.42,4130.58,0,2025-10-24 14:40:00+00:00,4130.58,stop_loss,-5.329999999999927,False
-1,2025-10-24 15:00:00+00:00,2025-10-24 15:02:00+00:00,4117.59,breakout_next_open,4122.99,4101.390000000001,5.399999999999636,16.19999999999891,120,2025-10-24 17:02:00+00:00,4117.3,4122.99,0,2025-10-24 15:05:00+00:00,4122.99,stop_loss,-5.399999999999636,False
-1,2025-10-24 16:15:00+00:00,2025-10-24 16:18:00+00:00,4131.03,breakout_next_open,4136.81,4113.689999999998,5.780000000000655,17.340000000001965,120,2025-10-24 18:18:00+00:00,4131.96,4136.81,0,2025-10-24 16:26:00+00:00,4136.81,stop_loss,-5.780000000000655,False
-1,2025-10-24 16:45:00+00:00,2025-10-24 16:47:00+00:00,4130.64,breakout_next_open,4134.74,4118.340000000002,4.099999999999454,12.299999999998363,120,2025-10-24 19:30:00+00:00,4129.75,4134.74,1,2025-10-24 17:31:00+00:00,4118.340000000002,target_hit,12.299999999998363,True
-1,2025-10-24 17:30:00+00:00,2025-10-24 17:32:00+00:00,4118.82,breakout_next_open,4125.13,4099.8899999999985,6.3100000000004,18.9300000000012,120,2025-10-24 20:15:00+00:00,4120.23,4125.13,1,2025-10-24 20:11:00+00:00,4099.8899999999985,target_hit,18.9300000000012,True
1,2025-11-11 09:15:00+00:00,2025-11-11 09:17:00+00:00,4142.67,breakout_next_open,4135.49,4164.210000000001,7.180000000000291,21.540000000000873,120,2025-11-11 11:17:00+00:00,4135.49,4139.84,0,2025-11-11 11:17:00+00:00,4140.23,timeout,-2.4400000000005093,False
-1,2025-11-13 08:45:00+00:00,2025-11-13 08:47:00+00:00,4234.29,breakout_next_open,4239.8,4217.759999999999,5.510000000000218,16.530000000000655,120,2025-11-13 10:47:00+00:00,4235.15,4239.8,0,2025-11-13 10:20:00+00:00,4239.8,stop_loss,-5.510000000000218,False
-1,2025-11-13 11:00:00+00:00,2025-11-13 11:02:00+00:00,4224.58,breakout_next_open,4226.82,4217.860000000001,2.2399999999997817,6.719999999999345,120,2025-11-13 13:02:00+00:00,4221.94,4226.82,0,2025-11-13 11:03:00+00:00,4226.82,stop_loss,-2.2399999999997817,False
-1,2025-11-13 11:15:00+00:00,2025-11-13 11:19:00+00:00,4223.06,breakout_next_open,4227.06,4211.06,4.0,12.0,120,2025-11-13 13:19:00+00:00,4222.77,4227.06,0,2025-11-13 11:36:00+00:00,4227.06,stop_loss,-4.0,False
-1,2025-11-14 08:45:00+00:00,2025-11-14 08:47:00+00:00,4182.29,breakout_next_open,4187.3,4167.259999999999,5.010000000000218,15.030000000000655,120,2025-11-14 11:15:00+00:00,4183.12,4187.3,1,2025-11-14 09:31:00+00:00,4167.259999999999,target_hit,15.030000000000655,True
-1,2025-11-14 10:15:00+00:00,2025-11-14 10:18:00+00:00,4163.75,breakout_next_open,4168.86,4148.420000000001,5.109999999999673,15.329999999999018,120,2025-11-14 12:18:00+00:00,4163.63,4168.86,0,2025-11-14 10:21:00+00:00,4168.86,stop_loss,-5.109999999999673,False
-1,2025-11-14 11:15:00+00:00,2025-11-14 11:17:00+00:00,4148.3,breakout_next_open,4158.01,4119.17,9.710000000000036,29.13000000000011,120,2025-11-14 13:30:00+00:00,4151.81,4158.01,1,2025-11-14 11:40:00+00:00,4158.01,stop_loss,-9.710000000000036,False
-1,2025-11-14 12:00:00+00:00,2025-11-14 12:02:00+00:00,4131.93,breakout_next_open,4149.86,4078.140000000002,17.92999999999938,53.789999999998145,120,2025-11-14 15:15:00+00:00,4145.57,4149.86,3,2025-11-14 13:19:00+00:00,4078.140000000002,target_hit,53.789999999998145,True
-1,2025-11-14 14:00:00+00:00,2025-11-14 14:03:00+00:00,4042.32,breakout_next_open,4053.22,4009.6200000000013,10.899999999999636,32.69999999999891,120,2025-11-14 16:03:00+00:00,4041.42,4053.22,0,2025-11-14 14:05:00+00:00,4053.22,stop_loss,-10.899999999999636,False
-1,2025-11-14 14:30:00+00:00,2025-11-14 14:33:00+00:00,4039.43,breakout_next_open,4051.18,4004.18,11.75,35.25,120,2025-11-14 16:33:00+00:00,4046.92,4051.18,0,2025-11-14 14:35:00+00:00,4051.18,stop_loss,-11.75,False
-1,2025-11-14 15:15:00+00:00,2025-11-14 15:17:00+00:00,4077.17,breakout_next_open,4083.04,4059.5600000000004,5.869999999999891,17.609999999999673,120,2025-11-14 17:30:00+00:00,4077.58,4083.04,1,2025-11-14 15:40:00+00:00,4083.04,stop_loss,-5.869999999999891,False
-1,2025-11-14 15:45:00+00:00,2025-11-14 15:47:00+00:00,4079.6,breakout_next_open,4081.31,4074.47,1.7100000000000364,5.130000000000109,120,2025-11-14 17:47:00+00:00,4076.39,4081.31,0,2025-11-14 15:48:00+00:00,4081.31,stop_loss,-1.7100000000000364,False
-1,2025-11-14 16:15:00+00:00,2025-11-14 16:17:00+00:00,4087.54,breakout_next_open,4095.29,4064.29,7.75,23.25,120,2025-11-14 18:17:00+00:00,4089.47,4095.29,0,2025-11-14 16:19:00+00:00,4095.29,stop_loss,-7.75,False
-1,2025-11-14 17:00:00+00:00,2025-11-14 17:02:00+00:00,4104.2,breakout_next_open,4109.2,4089.2,5.0,15.0,120,2025-11-14 19:02:00+00:00,4104.53,4109.2,0,2025-11-14 17:04:00+00:00,4109.2,stop_loss,-5.0,False
-1,2025-11-14 17:15:00+00:00,2025-11-14 17:17:00+00:00,4103.21,breakout_next_open,4106.21,4094.21,3.0,9.0,120,2025-11-14 19:17:00+00:00,4101.42,4106.21,0,2025-11-14 17:28:00+00:00,4094.21,target_hit,9.0,True
-1,2025-11-14 18:00:00+00:00,2025-11-14 18:02:00+00:00,4093.7,breakout_next_open,4103.87,4063.1899999999996,10.170000000000073,30.51000000000022,120,2025-11-14 20:30:00+00:00,4100.37,4103.87,2,2025-11-14 18:38:00+00:00,4103.87,stop_loss,-10.170000000000073,False
-1,2025-11-20 08:00:00+00:00,2025-11-20 08:04:00+00:00,4053.1,breakout_next_open,4060.07,4032.189999999999,6.970000000000255,20.910000000000764,120,2025-11-20 10:04:00+00:00,4055.17,4060.07,0,2025-11-20 08:56:00+00:00,4060.07,stop_loss,-6.970000000000255,False
1,2025-11-20 15:00:00+00:00,2025-11-20 15:04:00+00:00,4094.47,breakout_next_open,4089.2,4110.28,5.269999999999982,15.809999999999945,120,2025-11-20 17:04:00+00:00,4089.2,4094.78,0,2025-11-20 15:06:00+00:00,4089.2,stop_loss,-5.269999999999982,False
1,2025-11-20 15:30:00+00:00,2025-11-20 15:32:00+00:00,4092.02,breakout_next_open,4087.09,4106.8099999999995,4.929999999999836,14.789999999999509,120,2025-11-20 17:32:00+00:00,4087.09,4091.6,0,2025-11-20 15:33:00+00:00,4087.09,stop_loss,-4.929999999999836,False
1,2025-11-20 17:30:00+00:00,2025-11-20 17:32:00+00:00,4055.72,breakout_next_open,4050.48,4071.439999999999,5.239999999999782,15.719999999999345,120,2025-11-20 19:32:00+00:00,4050.48,4056.48,0,2025-11-20 17:35:00+00:00,4050.48,stop_loss,-5.239999999999782,False
1,2025-11-20 17:45:00+00:00,2025-11-20 17:49:00+00:00,4059.98,breakout_next_open,4055.88,4072.2799999999997,4.099999999999909,12.299999999999727,120,2025-11-20 20:00:00+00:00,4055.88,4060.29,1,2025-11-20 18:06:00+00:00,4072.2799999999997,target_hit,12.299999999999727,True
1,2025-11-20 19:30:00+00:00,2025-11-20 19:32:00+00:00,4082.08,breakout_next_open,4072.54,4110.7,9.539999999999964,28.61999999999989,120,2025-11-20 21:45:00+00:00,4072.54,4077.78,1,2025-11-20 21:45:00+00:00,4078.37,timeout,-3.7100000000000364,False
-1,2025-11-21 09:30:00+00:00,2025-11-21 09:32:00+00:00,4056.54,breakout_next_open,4058.07,4051.9499999999994,1.5300000000002,4.5900000000006,120,2025-11-21 11:32:00+00:00,4054.62,4058.07,0,2025-11-21 09:33:00+00:00,4058.07,stop_loss,-1.5300000000002,False
-1,2025-11-21 09:45:00+00:00,2025-11-21 09:47:00+00:00,4052.74,breakout_next_open,4057.07,4039.7499999999986,4.330000000000382,12.990000000001146,120,2025-11-21 11:47:00+00:00,4052.56,4057.07,0,2025-11-21 10:13:00+00:00,4039.7499999999986,target_hit,12.990000000001146,True
-1,2025-11-21 10:15:00+00:00,2025-11-21 10:17:00+00:00,4038.56,breakout_next_open,4050.77,4001.93,12.210000000000036,36.63000000000011,120,2025-11-21 12:45:00+00:00,4045.59,4050.77,1,2025-11-21 12:30:00+00:00,4050.77,stop_loss,-12.210000000000036,False
1,2025-11-21 17:00:00+00:00,2025-11-21 17:02:00+00:00,4094.73,breakout_next_open,4082.53,4131.33,12.199999999999818,36.599999999999454,120,2025-11-21 19:02:00+00:00,4082.53,4093.39,0,2025-11-21 17:15:00+00:00,4082.53,stop_loss,-12.199999999999818,False
1,2025-11-21 19:00:00+00:00,2025-11-21 19:02:00+00:00,4083.97,breakout_next_open,4080.42,4094.619999999999,3.549999999999727,10.649999999999181,120,2025-11-21 21:02:00+00:00,4080.42,4083.92,0,2025-11-21 20:14:00+00:00,4080.42,stop_loss,-3.549999999999727,False
1,2025-11-24 09:15:00+00:00,2025-11-24 09:21:00+00:00,4073.66,breakout_next_open,4069.59,4085.869999999999,4.069999999999709,12.209999999999127,120,2025-11-24 11:21:00+00:00,4069.59,4073.64,0,2025-11-24 09:22:00+00:00,4069.59,stop_loss,-4.069999999999709,False
1,2025-11-24 15:00:00+00:00,2025-11-24 15:02:00+00:00,4083.96,breakout_next_open,4074.87,4111.2300000000005,9.090000000000146,27.270000000000437,120,2025-11-24 20:00:00+00:00,4074.87,4078.48,3,2025-11-24 18:39:00+00:00,4111.2300000000005,target_hit,27.270000000000437,True
1,2025-11-24 18:45:00+00:00,2025-11-24 18:47:00+00:00,4112.9,breakout_next_open,4098.86,4155.0199999999995,14.039999999999964,42.11999999999989,120,2025-11-24 22:15:00+00:00,4098.86,4103.97,3,2025-11-24 23:01:00+00:00,4133.46,timeout,20.5600000000004,True
1,2025-11-25 10:15:00+00:00,2025-11-25 10:17:00+00:00,4138.12,breakout_next_open,4129.29,4164.61,8.829999999999927,26.48999999999978,120,2025-11-25 12:17:00+00:00,4129.29,4133.82,0,2025-11-25 10:25:00+00:00,4129.29,stop_loss,-8.829999999999927,False
1,2025-11-25 11:15:00+00:00,2025-11-25 11:17:00+00:00,4136.29,breakout_next_open,4127.81,4161.729999999999,8.479999999999563,25.43999999999869,120,2025-11-25 14:00:00+00:00,4127.81,4132.11,1,2025-11-25 12:44:00+00:00,4127.81,stop_loss,-8.479999999999563,False
1,2025-11-25 13:00:00+00:00,2025-11-25 13:02:00+00:00,4130.52,breakout_next_open,4120.61,4160.250000000003,9.910000000000764,29.730000000002292,120,2025-11-25 15:30:00+00:00,4120.61,4126.57,2,2025-11-25 14:39:00+00:00,4120.61,stop_loss,-9.910000000000764,False
1,2025-11-26 08:15:00+00:00,2025-11-26 08:17:00+00:00,4165.33,breakout_next_open,4160.35,4180.269999999999,4.979999999999563,14.93999999999869,120,2025-11-26 10:17:00+00:00,4160.35,4164.65,0,2025-11-26 08:35:00+00:00,4160.35,stop_loss,-4.979999999999563,False
1,2025-11-26 14:45:00+00:00,2025-11-26 14:48:00+00:00,4151.2,breakout_next_open,4147.13,4163.409999999999,4.069999999999709,12.209999999999127,120,2025-11-26 16:48:00+00:00,4147.13,4151.18,0,2025-11-26 14:57:00+00:00,4147.13,stop_loss,-4.069999999999709,False
-1,2025-11-26 18:45:00+00:00,2025-11-26 18:47:00+00:00,4159.47,breakout_next_open,4162.94,4149.060000000002,3.469999999999345,10.409999999998035,120,2025-11-26 20:47:00+00:00,4159.2,4162.94,0,2025-11-26 18:51:00+00:00,4162.94,stop_loss,-3.469999999999345,False
-1,2025-11-28 08:15:00+00:00,2025-11-28 08:21:00+00:00,4162.25,breakout_next_open,4180.59,4107.23,18.340000000000146,55.02000000000044,120,2025-11-28 12:45:00+00:00,4159.23,4180.59,4,2025-11-28 11:25:00+00:00,4180.59,stop_loss,-18.340000000000146,False
-1,2025-11-28 11:30:00+00:00,2025-11-28 11:32:00+00:00,4173.46,breakout_next_open,4178.58,4158.1,5.119999999999891,15.359999999999673,120,2025-11-28 13:32:00+00:00,4173.21,4178.58,0,2025-11-28 11:33:00+00:00,4178.58,stop_loss,-5.119999999999891,False
-1,2025-11-28 15:00:00+00:00,2025-11-28 15:02:00+00:00,4193.45,breakout_next_open,4202.26,4167.019999999999,8.8100000000004,26.4300000000012,120,2025-11-28 17:15:00+00:00,4197.97,4202.26,1,2025-11-28 15:57:00+00:00,4202.26,stop_loss,-8.8100000000004,False
1,2025-12-01 10:15:00+00:00,2025-12-01 10:17:00+00:00,4259.21,breakout_next_open,4253.92,4275.08,5.289999999999964,15.86999999999989,120,2025-12-01 12:17:00+00:00,4253.92,4259.63,0,2025-12-01 10:21:00+00:00,4253.92,stop_loss,-5.289999999999964,False
1,2025-12-01 12:30:00+00:00,2025-12-01 12:35:00+00:00,4253.11,breakout_next_open,4248.55,4266.789999999998,4.559999999999491,13.679999999998472,120,2025-12-01 14:35:00+00:00,4248.55,4253.42,0,2025-12-01 12:49:00+00:00,4248.55,stop_loss,-4.559999999999491,False
1,2025-12-01 13:30:00+00:00,2025-12-01 13:32:00+00:00,4258.65,breakout_next_open,4250.62,4282.739999999999,8.029999999999745,24.089999999999236,120,2025-12-01 15:45:00+00:00,4250.62,4256.01,1,2025-12-01 13:59:00+00:00,4250.62,stop_loss,-8.029999999999745,False
1,2025-12-01 15:00:00+00:00,2025-12-01 15:02:00+00:00,4242.5,breakout_next_open,4222.88,4301.36,19.61999999999989,58.85999999999967,120,2025-12-01 17:15:00+00:00,4222.88,4228.93,1,2025-12-01 15:19:00+00:00,4222.88,stop_loss,-19.61999999999989,False
-1,2025-12-02 09:15:00+00:00,2025-12-02 09:17:00+00:00,4205.26,breakout_next_open,4212.06,4184.86,6.800000000000182,20.400000000000546,120,2025-12-02 11:30:00+00:00,4207.74,4212.06,1,2025-12-02 09:36:00+00:00,4184.86,target_hit,20.400000000000546,True
1,2025-12-03 15:15:00+00:00,2025-12-03 15:17:00+00:00,4220.6,breakout_next_open,4206.47,4262.990000000001,14.13000000000011,42.39000000000033,120,2025-12-03 17:17:00+00:00,4206.47,4213.58,0,2025-12-03 16:54:00+00:00,4206.47,stop_loss,-14.13000000000011,False
-1,2025-12-04 09:00:00+00:00,2025-12-04 09:02:00+00:00,4186.79,breakout_next_open,4188.62,4181.3,1.8299999999999272,5.489999999999782,120,2025-12-04 11:02:00+00:00,4184.78,4188.62,0,2025-12-04 09:04:00+00:00,4188.62,stop_loss,-1.8299999999999272,False
-1,2025-12-05 13:15:00+00:00,2025-12-05 13:17:00+00:00,4227.29,breakout_next_open,4232.0,4213.16,4.710000000000036,14.13000000000011,120,2025-12-05 15:17:00+00:00,4227.2,4232.0,0,2025-12-05 13:28:00+00:00,4232.0,stop_loss,-4.710000000000036,False
-1,2025-12-08 15:15:00+00:00,2025-12-08 15:17:00+00:00,4180.22,breakout_next_open,4197.04,4129.760000000001,16.81999999999971,50.45999999999913,120,2025-12-08 18:00:00+00:00,4190.62,4197.04,1,2025-12-08 16:31:00+00:00,4197.04,stop_loss,-16.81999999999971,False
-1,2025-12-08 19:00:00+00:00,2025-12-08 19:05:00+00:00,4185.3,breakout_next_open,4189.12,4173.840000000001,3.819999999999709,11.459999999999127,120,2025-12-08 21:05:00+00:00,4184.29,4189.12,0,2025-12-08 20:08:00+00:00,4189.12,stop_loss,-3.819999999999709,False
1,2025-12-09 14:45:00+00:00,2025-12-09 14:47:00+00:00,4206.89,breakout_next_open,4196.24,4238.840000000002,10.650000000000546,31.950000000001637,120,2025-12-09 16:47:00+00:00,4196.24,4202.93,0,2025-12-09 15:09:00+00:00,4196.24,stop_loss,-10.650000000000546,False
1,2025-12-09 16:00:00+00:00,2025-12-09 16:02:00+00:00,4214.97,breakout_next_open,4206.84,4239.360000000001,8.13000000000011,24.390000000000327,120,2025-12-09 18:15:00+00:00,4206.84,4211.97,1,2025-12-09 17:23:00+00:00,4206.84,stop_loss,-8.13000000000011,False
-1,2025-12-10 15:15:00+00:00,2025-12-10 15:17:00+00:00,4191.16,breakout_next_open,4198.61,4168.81,7.449999999999818,22.349999999999454,120,2025-12-10 17:30:00+00:00,4195.22,4198.61,1,2025-12-10 15:36:00+00:00,4198.61,stop_loss,-7.449999999999818,False
1,2025-12-12 08:15:00+00:00,2025-12-12 08:17:00+00:00,4295.68,breakout_next_open,4291.79,4307.350000000001,3.8900000000003274,11.670000000000982,120,2025-12-12 10:17:00+00:00,4291.79,4295.62,0,2025-12-12 08:19:00+00:00,4291.79,stop_loss,-3.8900000000003274,False
1,2025-12-12 09:45:00+00:00,2025-12-12 09:49:00+00:00,4313.53,breakout_next_open,4308.91,4327.389999999999,4.619999999999891,13.859999999999673,120,2025-12-12 12:30:00+00:00,4308.91,4313.06,2,2025-12-12 10:44:00+00:00,4327.389999999999,target_hit,13.859999999999673,True
1,2025-12-12 10:45:00+00:00,2025-12-12 10:47:00+00:00,4329.62,breakout_next_open,4319.92,4358.719999999999,9.699999999999818,29.099999999999454,120,2025-12-12 12:47:00+00:00,4319.92,4323.71,0,2025-12-12 12:47:00+00:00,4327.91,timeout,-1.7100000000000364,False
1,2025-12-12 15:45:00+00:00,2025-12-12 15:47:00+00:00,4318.68,breakout_next_open,4295.29,4388.850000000001,23.390000000000327,70.17000000000098,120,2025-12-12 17:47:00+00:00,4295.29,4305.56,0,2025-12-12 15:55:00+00:00,4295.29,stop_loss,-23.390000000000327,False
-1,2025-12-15 10:30:00+00:00,2025-12-15 10:32:00+00:00,4339.5,breakout_next_open,4348.39,4312.829999999999,8.890000000000327,26.670000000000982,120,2025-12-15 12:32:00+00:00,4342.02,4348.39,0,2025-12-15 12:32:00+00:00,4347.29,timeout,-7.789999999999964,False
-1,2025-12-15 13:15:00+00:00,2025-12-15 13:17:00+00:00,4337.42,breakout_next_open,4344.11,4317.350000000001,6.6899999999996,20.0699999999988,120,2025-12-15 15:17:00+00:00,4340.6,4344.11,0,2025-12-15 13:49:00+00:00,4344.11,stop_loss,-6.6899999999996,False
-1,2025-12-15 14:00:00+00:00,2025-12-15 14:02:00+00:00,4335.52,breakout_next_open,4339.68,4323.040000000001,4.1599999999998545,12.479999999999563,120,2025-12-15 16:02:00+00:00,4336.01,4339.68,0,2025-12-15 14:25:00+00:00,4323.040000000001,target_hit,12.479999999999563,True
-1,2025-12-15 14:45:00+00:00,2025-12-15 14:54:00+00:00,4318.32,breakout_next_open,4324.74,4299.0599999999995,6.420000000000073,19.26000000000022,120,2025-12-15 16:54:00+00:00,4320.64,4324.74,0,2025-12-15 14:58:00+00:00,4324.74,stop_loss,-6.420000000000073,False
-1,2025-12-15 15:00:00+00:00,2025-12-15 15:02:00+00:00,4317.97,breakout_next_open,4330.08,4281.640000000001,12.109999999999673,36.32999999999902,120,2025-12-15 18:30:00+00:00,4324.81,4330.08,5,2025-12-15 18:30:00+00:00,4303.2,timeout,14.770000000000437,True
-1,2025-12-16 08:15:00+00:00,2025-12-16 08:17:00+00:00,4281.27,breakout_next_open,4284.73,4270.890000000003,3.459999999999127,10.37999999999738,120,2025-12-16 10:17:00+00:00,4280.89,4284.73,0,2025-12-16 08:45:00+00:00,4284.73,stop_loss,-3.459999999999127,False
1,2025-12-16 15:45:00+00:00,2025-12-16 15:47:00+00:00,4327.83,breakout_next_open,4322.2,4344.72,5.630000000000109,16.890000000000327,120,2025-12-16 17:47:00+00:00,4322.2,4326.43,0,2025-12-16 15:57:00+00:00,4322.2,stop_loss,-5.630000000000109,False
1,2025-12-16 17:00:00+00:00,2025-12-16 17:02:00+00:00,4305.32,breakout_next_open,4298.11,4326.95,7.210000000000036,21.63000000000011,120,2025-12-16 20:15:00+00:00,4298.11,4301.54,2,2025-12-16 18:22:00+00:00,4298.11,stop_loss,-7.210000000000036,False
1,2025-12-17 13:15:00+00:00,2025-12-17 13:17:00+00:00,4328.37,breakout_next_open,4318.17,4358.969999999999,10.199999999999818,30.599999999999454,120,2025-12-17 18:45:00+00:00,4318.17,4322.07,6,2025-12-17 18:45:00+00:00,4333.87,timeout,5.5,True
-1,2025-12-18 13:15:00+00:00,2025-12-18 13:17:00+00:00,4320.3,breakout_next_open,4324.13,4308.81,3.8299999999999272,11.489999999999782,120,2025-12-18 15:17:00+00:00,4320.11,4324.13,0,2025-12-18 13:30:00+00:00,4324.13,stop_loss,-3.8299999999999272,False
1,2025-12-18 17:45:00+00:00,2025-12-18 17:47:00+00:00,4337.53,breakout_next_open,4326.83,4369.629999999999,10.699999999999818,32.099999999999454,120,2025-12-18 19:47:00+00:00,4326.83,4332.34,0,2025-12-18 17:52:00+00:00,4326.83,stop_loss,-10.699999999999818,False
1,2025-12-22 15:45:00+00:00,2025-12-22 15:47:00+00:00,4430.63,breakout_next_open,4417.42,4470.26,13.210000000000036,39.63000000000011,120,2025-12-22 18:45:00+00:00,4417.42,4421.98,3,2025-12-22 18:45:00+00:00,4432.36,timeout,1.7299999999995634,True
-1,2025-12-23 15:30:00+00:00,2025-12-23 15:32:00+00:00,4444.56,breakout_next_open,4450.88,4425.600000000001,6.319999999999709,18.959999999999127,120,2025-12-23 17:32:00+00:00,4446.21,4450.88,0,2025-12-23 15:38:00+00:00,4450.88,stop_loss,-6.319999999999709,False
-1,2025-12-24 17:30:00+00:00,2025-12-24 17:39:00+00:00,4478.95,breakout_next_open,4485.09,4460.529999999999,6.140000000000327,18.420000000000982,120,2025-12-24 19:39:00+00:00,4479.69,4485.09,0,2025-12-25 23:06:00+00:00,4485.09,stop_loss,-6.140000000000327,False
1,2025-12-26 17:00:00+00:00,2025-12-26 17:02:00+00:00,4535.8,breakout_next_open,4531.76,4547.92,4.039999999999964,12.11999999999989,120,2025-12-26 19:02:00+00:00,4531.76,4537.19,0,2025-12-26 17:13:00+00:00,4531.76,stop_loss,-4.039999999999964,False
1,2025-12-26 18:00:00+00:00,2025-12-26 18:05:00+00:00,4520.01,breakout_next_open,4517.58,4527.300000000001,2.430000000000291,7.290000000000873,120,2025-12-26 20:05:00+00:00,4517.58,4521.33,0,2025-12-26 18:07:00+00:00,4517.58,stop_loss,-2.430000000000291,False
1,2025-12-26 18:30:00+00:00,2025-12-26 18:41:00+00:00,4524.31,breakout_next_open,4520.06,4537.06,4.25,12.75,120,2025-12-26 20:45:00+00:00,4520.06,4524.26,1,2025-12-26 20:45:00+00:00,4530.17,timeout,5.859999999999673,True
-1,2025-12-29 08:30:00+00:00,2025-12-29 08:32:00+00:00,4476.76,breakout_next_open,4488.8,4440.64,12.039999999999964,36.11999999999989,120,2025-12-29 12:45:00+00:00,4484.5,4488.8,4,2025-12-29 11:40:00+00:00,4440.64,target_hit,36.11999999999989,True
-1,2025-12-29 11:45:00+00:00,2025-12-29 11:47:00+00:00,4451.92,breakout_next_open,4458.82,4431.220000000001,6.899999999999636,20.69999999999891,120,2025-12-29 14:00:00+00:00,4453.58,4458.82,1,2025-12-29 12:38:00+00:00,4458.82,stop_loss,-6.899999999999636,False
-1,2025-12-29 13:15:00+00:00,2025-12-29 13:17:00+00:00,4457.07,breakout_next_open,4466.07,4430.07,9.0,27.0,120,2025-12-29 15:17:00+00:00,4459.46,4466.07,0,2025-12-29 13:42:00+00:00,4430.07,target_hit,27.0,True
-1,2025-12-29 13:45:00+00:00,2025-12-29 13:47:00+00:00,4422.76,breakout_next_open,4454.78,4326.700000000002,32.01999999999953,96.05999999999858,120,2025-12-29 17:15:00+00:00,4449.85,4454.78,4,2025-12-29 15:20:00+00:00,4326.700000000002,target_hit,96.05999999999858,True
-1,2025-12-29 15:30:00+00:00,2025-12-29 15:32:00+00:00,4321.29,breakout_next_open,4343.23,4255.470000000001,21.9399999999996,65.8199999999988,120,2025-12-29 18:30:00+00:00,4335.6,4343.23,1,2025-12-29 16:54:00+00:00,4343.23,stop_loss,-21.9399999999996,False
-1,2025-12-29 17:15:00+00:00,2025-12-29 17:17:00+00:00,4332.15,breakout_next_open,4340.41,4307.369999999999,8.260000000000218,24.780000000000655,120,2025-12-29 19:45:00+00:00,4335.74,4340.41,2,2025-12-29 19:45:00+00:00,4332.64,timeout,-0.4900000000006912,False
-1,2025-12-29 20:30:00+00:00,2025-12-29 20:32:00+00:00,4339.49,breakout_next_open,4343.07,4328.75,3.5799999999999272,10.739999999999782,120,2025-12-29 22:32:00+00:00,4339.28,4343.07,0,2025-12-29 20:37:00+00:00,4328.75,target_hit,10.739999999999782,True
1,2025-12-30 15:15:00+00:00,2025-12-30 15:17:00+00:00,4372.52,breakout_next_open,4364.88,4395.440000000001,7.640000000000327,22.920000000000982,120,2025-12-30 17:17:00+00:00,4364.88,4371.28,0,2025-12-30 15:30:00+00:00,4364.88,stop_loss,-7.640000000000327,False
1,2025-12-30 15:45:00+00:00,2025-12-30 15:52:00+00:00,4367.44,breakout_next_open,4361.22,4386.099999999998,6.219999999999345,18.659999999998035,120,2025-12-30 17:52:00+00:00,4361.22,4367.71,0,2025-12-30 16:00:00+00:00,4361.22,stop_loss,-6.219999999999345,False
1,2025-12-30 17:00:00+00:00,2025-12-30 17:02:00+00:00,4379.16,breakout_next_open,4369.97,4406.729999999999,9.1899999999996,27.5699999999988,120,2025-12-30 19:15:00+00:00,4369.97,4376.12,1,2025-12-30 17:21:00+00:00,4369.97,stop_loss,-9.1899999999996,False
1,2025-12-30 20:30:00+00:00,2025-12-30 20:32:00+00:00,4352.78,breakout_next_open,4346.4,4371.92,6.380000000000109,19.140000000000327,120,2025-12-30 22:32:00+00:00,4346.4,4350.95,0,2025-12-30 20:44:00+00:00,4346.4,stop_loss,-6.380000000000109,False
-1,2025-12-31 09:00:00+00:00,2025-12-31 09:02:00+00:00,4308.44,breakout_next_open,4313.92,4291.999999999998,5.480000000000473,16.44000000000142,120,2025-12-31 11:02:00+00:00,4310.28,4313.92,0,2025-12-31 09:03:00+00:00,4313.92,stop_loss,-5.480000000000473,False
-1,2025-12-31 10:00:00+00:00,2025-12-31 10:02:00+00:00,4328.78,breakout_next_open,4336.41,4305.889999999999,7.630000000000109,22.890000000000327,120,2025-12-31 12:15:00+00:00,4332.29,4336.41,1,2025-12-31 10:42:00+00:00,4305.889999999999,target_hit,22.890000000000327,True
-1,2025-12-31 10:45:00+00:00,2025-12-31 10:47:00+00:00,4310.14,breakout_next_open,4320.01,4280.530000000001,9.86999999999989,29.609999999999673,120,2025-12-31 13:15:00+00:00,4309.61,4320.01,1,2025-12-31 13:15:00+00:00,4313.94,timeout,-3.7999999999992724,False
1,2025-12-31 18:15:00+00:00,2025-12-31 18:17:00+00:00,4331.1,breakout_next_open,4321.7,4359.300000000002,9.400000000000546,28.200000000001637,120,2025-12-31 20:17:00+00:00,4321.7,4326.33,0,2025-12-31 18:32:00+00:00,4321.7,stop_loss,-9.400000000000546,False
1,2025-12-31 20:30:00+00:00,2025-12-31 20:32:00+00:00,4318.73,breakout_next_open,4313.47,4334.5099999999975,5.259999999999309,15.779999999997926,120,2025-12-31 22:45:00+00:00,4313.47,4317.16,1,2025-12-31 20:51:00+00:00,4313.47,stop_loss,-5.259999999999309,False
1,2026-01-02 14:15:00+00:00,2026-01-02 14:17:00+00:00,4367.63,breakout_next_open,4365.08,4375.280000000001,2.550000000000182,7.650000000000546,120,2026-01-02 16:17:00+00:00,4365.08,4370.43,0,2026-01-02 14:30:00+00:00,4365.08,stop_loss,-2.550000000000182,False
1,2026-01-02 17:15:00+00:00,2026-01-02 17:17:00+00:00,4330.53,breakout_next_open,4325.01,4347.089999999998,5.519999999999527,16.55999999999858,120,2026-01-02 19:17:00+00:00,4325.01,4330.11,0,2026-01-02 17:25:00+00:00,4325.01,stop_loss,-5.519999999999527,False
1,2026-01-02 20:30:00+00:00,2026-01-02 20:36:00+00:00,4329.01,breakout_next_open,4325.73,4338.850000000002,3.280000000000655,9.840000000001965,120,2026-01-02 22:36:00+00:00,4325.73,4329.04,0,2026-01-04 23:01:00+00:00,4338.850000000002,target_hit,9.840000000001965,True
1,2026-01-05 13:45:00+00:00,2026-01-05 13:47:00+00:00,4414.29,breakout_next_open,4397.51,4464.629999999999,16.779999999999745,50.339999999999236,120,2026-01-05 19:00:00+00:00,4397.51,4404.79,8,2026-01-05 19:00:00+00:00,4448.06,timeout,33.77000000000044,True
1,2026-01-06 14:00:00+00:00,2026-01-06 14:02:00+00:00,4469.53,breakout_next_open,4459.8,4498.719999999998,9.729999999999563,29.18999999999869,120,2026-01-06 17:15:00+00:00,4459.8,4463.82,3,2026-01-06 17:15:00+00:00,4489.31,timeout,19.780000000000655,True
-1,2026-01-07 13:00:00+00:00,2026-01-07 13:02:00+00:00,4447.5,breakout_next_open,4452.67,4431.99,5.170000000000073,15.510000000000218,120,2026-01-07 15:02:00+00:00,4448.79,4452.67,0,2026-01-07 13:09:00+00:00,4431.99,target_hit,15.510000000000218,True
-1,2026-01-07 13:15:00+00:00,2026-01-07 13:17:00+00:00,4437.33,breakout_next_open,4445.73,4412.130000000001,8.399999999999636,25.19999999999891,120,2026-01-07 15:17:00+00:00,4438.12,4445.73,0,2026-01-07 13:27:00+00:00,4445.73,stop_loss,-8.399999999999636,False
-1,2026-01-07 15:15:00+00:00,2026-01-07 15:17:00+00:00,4426.06,breakout_next_open,4447.1,4362.9400000000005,21.039999999999964,63.11999999999989,120,2026-01-07 17:17:00+00:00,4439.57,4447.1,0,2026-01-07 15:31:00+00:00,4447.1,stop_loss,-21.039999999999964,False
-1,2026-01-07 17:45:00+00:00,2026-01-07 17:51:00+00:00,4455.25,breakout_next_open,4460.05,4440.849999999999,4.800000000000182,14.400000000000546,120,2026-01-07 21:00:00+00:00,4456.21,4460.05,2,2026-01-07 20:15:00+00:00,4460.05,stop_loss,-4.800000000000182,False
-1,2026-01-08 08:00:00+00:00,2026-01-08 08:02:00+00:00,4429.7,breakout_next_open,4432.08,4422.5599999999995,2.380000000000109,7.140000000000327,120,2026-01-08 10:02:00+00:00,4428.5,4432.08,0,2026-01-08 08:09:00+00:00,4432.08,stop_loss,-2.380000000000109,False
-1,2026-01-08 12:15:00+00:00,2026-01-08 12:17:00+00:00,4411.59,breakout_next_open,4417.87,4392.750000000001,6.279999999999745,18.839999999999236,120,2026-01-08 14:17:00+00:00,4412.18,4417.87,0,2026-01-08 12:25:00+00:00,4417.87,stop_loss,-6.279999999999745,False
-1,2026-01-08 13:45:00+00:00,2026-01-08 13:55:00+00:00,4424.99,breakout_next_open,4435.11,4394.63,10.11999999999989,30.359999999999673,120,2026-01-08 16:00:00+00:00,4427.65,4435.11,1,2026-01-08 14:36:00+00:00,4435.11,stop_loss,-10.11999999999989,False
1,2026-01-09 13:15:00+00:00,2026-01-09 13:17:00+00:00,4467.28,breakout_next_open,4463.63,4478.229999999999,3.649999999999636,10.949999999998909,120,2026-01-09 15:17:00+00:00,4463.63,4468.8,0,2026-01-09 13:19:00+00:00,4463.63,stop_loss,-3.649999999999636,False
1,2026-01-09 13:45:00+00:00,2026-01-09 13:47:00+00:00,4487.76,breakout_next_open,4470.22,4540.38,17.539999999999964,52.61999999999989,120,2026-01-09 20:45:00+00:00,4470.22,4479.44,8,2026-01-09 20:45:00+00:00,4504.21,timeout,16.449999999999818,True
1,2026-01-12 09:00:00+00:00,2026-01-12 09:02:00+00:00,4594.43,breakout_next_open,4588.47,4612.31,5.960000000000036,17.88000000000011,120,2026-01-12 11:02:00+00:00,4588.47,4593.3,0,2026-01-12 09:59:00+00:00,4588.47,stop_loss,-5.960000000000036,False
1,2026-01-12 14:00:00+00:00,2026-01-12 14:02:00+00:00,4612.43,breakout_next_open,4608.93,4622.93,3.5,10.5,120,2026-01-12 16:02:00+00:00,4608.93,4613.44,0,2026-01-12 14:03:00+00:00,4608.93,stop_loss,-3.5,False
1,2026-01-12 14:45:00+00:00,2026-01-12 14:47:00+00:00,4599.76,breakout_next_open,4585.62,4642.180000000001,14.140000000000327,42.42000000000098,120,2026-01-12 18:15:00+00:00,4585.62,4592.63,3,2026-01-12 18:15:00+00:00,4607.58,timeout,7.819999999999709,True
-1,2026-01-13 14:00:00+00:00,2026-01-13 14:02:00+00:00,4611.84,breakout_next_open,4620.93,4584.57,9.090000000000146,27.270000000000437,120,2026-01-13 16:02:00+00:00,4616.46,4620.93,0,2026-01-13 14:22:00+00:00,4620.93,stop_loss,-9.090000000000146,False
1,2026-01-14 15:30:00+00:00,2026-01-14 15:41:00+00:00,4619.8,breakout_next_open,4616.42,4629.9400000000005,3.380000000000109,10.140000000000327,120,2026-01-14 17:41:00+00:00,4616.42,4622.07,0,2026-01-14 15:43:00+00:00,4616.42,stop_loss,-3.380000000000109,False
1,2026-01-14 16:00:00+00:00,2026-01-14 16:02:00+00:00,4616.77,breakout_next_open,4614.54,4623.460000000002,2.230000000000473,6.690000000001419,120,2026-01-14 18:15:00+00:00,4614.54,4618.8,1,2026-01-14 16:24:00+00:00,4623.460000000002,target_hit,6.690000000001419,True
1,2026-01-14 19:45:00+00:00,2026-01-14 19:47:00+00:00,4640.09,breakout_next_open,4635.13,4654.97,4.960000000000036,14.88000000000011,120,2026-01-14 21:47:00+00:00,4635.13,4640.13,0,2026-01-14 20:02:00+00:00,4635.13,stop_loss,-4.960000000000036,False
1,2026-01-15 14:15:00+00:00,2026-01-15 14:17:00+00:00,4599.08,breakout_next_open,4588.34,4631.299999999999,10.739999999999782,32.219999999999345,120,2026-01-15 17:15:00+00:00,4588.34,4593.83,3,2026-01-15 17:15:00+00:00,4608.08,timeout,9.0,True
-1,2026-01-16 14:30:00+00:00,2026-01-16 14:32:00+00:00,4600.99,breakout_next_open,4604.9,4589.26,3.9099999999998545,11.729999999999563,120,2026-01-16 16:32:00+00:00,4600.55,4604.9,0,2026-01-16 14:34:00+00:00,4604.9,stop_loss,-3.9099999999998545,False
1,2026-01-20 13:45:00+00:00,2026-01-20 13:47:00+00:00,4730.25,breakout_next_open,4715.98,4773.060000000001,14.270000000000437,42.81000000000131,120,2026-01-20 19:45:00+00:00,4715.98,4728.49,7,2026-01-20 19:45:00+00:00,4763.14,timeout,32.89000000000033,True
1,2026-01-21 08:00:00+00:00,2026-01-21 08:02:00+00:00,4856.47,breakout_next_open,4849.77,4876.57,6.699999999999818,20.099999999999454,120,2026-01-21 10:30:00+00:00,4849.77,4855.42,2,2026-01-21 09:28:00+00:00,4876.57,target_hit,20.099999999999454,True
1,2026-01-21 09:30:00+00:00,2026-01-21 09:32:00+00:00,4875.56,breakout_next_open,4859.27,4924.43,16.289999999999964,48.86999999999989,120,2026-01-21 11:32:00+00:00,4859.27,4862.84,0,2026-01-21 09:59:00+00:00,4859.27,stop_loss,-16.289999999999964,False
1,2026-01-21 10:15:00+00:00,2026-01-21 10:21:00+00:00,4864.29,breakout_next_open,4860.32,4876.200000000001,3.9700000000002547,11.910000000000764,120,2026-01-21 12:21:00+00:00,4860.32,4864.34,0,2026-01-21 10:29:00+00:00,4860.32,stop_loss,-3.9700000000002547,False
1,2026-01-21 13:45:00+00:00,2026-01-21 13:54:00+00:00,4877.44,breakout_next_open,4872.94,4890.94,4.5,13.5,120,2026-01-21 15:54:00+00:00,4872.94,4877.44,0,2026-01-21 14:02:00+00:00,4872.94,stop_loss,-4.5,False
-1,2026-01-21 17:45:00+00:00,2026-01-21 17:47:00+00:00,4815.28,breakout_next_open,4821.69,4796.05,6.4099999999998545,19.229999999999563,120,2026-01-21 19:47:00+00:00,4815.38,4821.69,0,2026-01-21 17:52:00+00:00,4821.69,stop_loss,-6.4099999999998545,False
-1,2026-01-21 19:30:00+00:00,2026-01-21 19:32:00+00:00,4804.8,breakout_next_open,4853.5,4658.700000000001,48.69999999999982,146.09999999999945,120,2026-01-21 21:45:00+00:00,4812.45,4853.5,1,2026-01-21 21:45:00+00:00,4837.19,timeout,-32.38999999999942,False
1,2026-01-23 08:45:00+00:00,2026-01-23 08:47:00+00:00,4919.76,breakout_next_open,4914.63,4935.150000000001,5.130000000000109,15.390000000000327,120,2026-01-23 10:47:00+00:00,4914.63,4919.44,0,2026-01-23 08:52:00+00:00,4914.63,stop_loss,-5.130000000000109,False
1,2026-01-23 09:45:00+00:00,2026-01-23 09:47:00+00:00,4916.39,breakout_next_open,4906.75,4945.310000000001,9.640000000000327,28.920000000000982,120,2026-01-23 14:30:00+00:00,4906.75,4912.46,6,2026-01-23 13:06:00+00:00,4945.310000000001,target_hit,28.920000000000982,True
1,2026-01-23 13:15:00+00:00,2026-01-23 13:17:00+00:00,4939.73,breakout_next_open,4933.8,4957.519999999998,5.9299999999993815,17.789999999998145,120,2026-01-23 15:17:00+00:00,4933.8,4940.2,0,2026-01-23 13:20:00+00:00,4933.8,stop_loss,-5.9299999999993815,False
1,2026-01-23 13:45:00+00:00,2026-01-23 13:48:00+00:00,4938.18,breakout_next_open,4930.54,4961.100000000001,7.640000000000327,22.920000000000982,120,2026-01-23 17:15:00+00:00,4930.54,4936.93,2,2026-01-23 15:43:00+00:00,4961.100000000001,target_hit,22.920000000000982,True
1,2026-01-23 15:45:00+00:00,2026-01-23 15:47:00+00:00,4960.74,breakout_next_open,4944.05,5010.809999999999,16.6899999999996,50.0699999999988,120,2026-01-23 20:15:00+00:00,4944.05,4950.33,4,2026-01-23 20:15:00+00:00,4983.9,timeout,23.159999999999854,True
1,2026-01-26 08:15:00+00:00,2026-01-26 08:17:00+00:00,5096.58,breakout_next_open,5089.92,5116.5599999999995,6.6599999999998545,19.979999999999563,120,2026-01-26 10:17:00+00:00,5089.92,5095.01,0,2026-01-26 08:48:00+00:00,5089.92,stop_loss,-6.6599999999998545,False
1,2026-01-26 09:15:00+00:00,2026-01-26 09:17:00+00:00,5092.2,breakout_next_open,5082.57,5121.09,9.63000000000011,28.890000000000327,120,2026-01-26 11:17:00+00:00,5082.57,5090.47,0,2026-01-26 09:50:00+00:00,5082.57,stop_loss,-9.63000000000011,False
1,2026-01-26 14:45:00+00:00,2026-01-26 14:47:00+00:00,5087.71,breakout_next_open,5077.72,5117.679999999999,9.989999999999782,29.969999999999345,120,2026-01-26 17:00:00+00:00,5077.72,5082.65,1,2026-01-26 15:34:00+00:00,5077.72,stop_loss,-9.989999999999782,False
1,2026-01-26 16:00:00+00:00,2026-01-26 16:02:00+00:00,5092.17,breakout_next_open,5079.12,5131.320000000001,13.050000000000182,39.150000000000546,120,2026-01-26 18:15:00+00:00,5079.12,5084.97,1,2026-01-26 16:28:00+00:00,5079.12,stop_loss,-13.050000000000182,False
1,2026-01-26 16:45:00+00:00,2026-01-26 16:47:00+00:00,5081.55,breakout_next_open,5072.94,5107.380000000002,8.610000000000582,25.830000000001746,120,2026-01-26 19:15:00+00:00,5072.94,5081.59,2,2026-01-26 18:33:00+00:00,5072.94,stop_loss,-8.610000000000582,False
-1,2026-01-27 10:45:00+00:00,2026-01-27 10:47:00+00:00,5082.91,breakout_next_open,5088.4,5066.4400000000005,5.489999999999782,16.469999999999345,120,2026-01-27 12:47:00+00:00,5084.46,5088.4,0,2026-01-27 11:09:00+00:00,5088.4,stop_loss,-5.489999999999782,False
-1,2026-01-27 12:00:00+00:00,2026-01-27 12:02:00+00:00,5079.64,breakout_next_open,5084.55,5064.910000000001,4.9099999999998545,14.729999999999563,120,2026-01-27 14:15:00+00:00,5078.68,5084.55,1,2026-01-27 12:32:00+00:00,5084.55,stop_loss,-4.9099999999998545,False
-1,2026-01-27 13:30:00+00:00,2026-01-27 13:32:00+00:00,5083.14,breakout_next_open,5092.86,5053.980000000002,9.719999999999345,29.159999999998035,120,2026-01-27 16:15:00+00:00,5085.85,5092.86,2,2026-01-27 14:16:00+00:00,5053.980000000002,target_hit,29.159999999998035,True
-1,2026-01-27 14:15:00+00:00,2026-01-27 14:17:00+00:00,5051.25,breakout_next_open,5077.62,4972.14,26.36999999999989,79.10999999999967,120,2026-01-27 16:17:00+00:00,5070.88,5077.62,0,2026-01-27 14:41:00+00:00,5077.62,stop_loss,-26.36999999999989,False
1,2026-01-28 10:00:00+00:00,2026-01-28 10:02:00+00:00,5277.86,breakout_next_open,5266.61,5311.61,11.25,33.75,120,2026-01-28 12:15:00+00:00,5266.61,5271.91,1,2026-01-28 11:00:00+00:00,5266.61,stop_loss,-11.25,False
1,2026-01-28 11:45:00+00:00,2026-01-28 11:47:00+00:00,5262.4,breakout_next_open,5254.48,5286.16,7.920000000000073,23.76000000000022,120,2026-01-28 13:47:00+00:00,5254.48,5258.51,0,2026-01-28 12:05:00+00:00,5254.48,stop_loss,-7.920000000000073,False
1,2026-01-28 12:30:00+00:00,2026-01-28 12:33:00+00:00,5264.91,breakout_next_open,5260.54,5278.0199999999995,4.369999999999891,13.109999999999673,120,2026-01-28 14:45:00+00:00,5260.54,5264.32,1,2026-01-28 12:59:00+00:00,5278.0199999999995,target_hit,13.109999999999673,True
1,2026-01-28 13:15:00+00:00,2026-01-28 13:26:00+00:00,5283.24,breakout_next_open,5280.79,5290.589999999999,2.449999999999818,7.349999999999454,120,2026-01-28 15:26:00+00:00,5280.79,5284.34,0,2026-01-28 13:27:00+00:00,5280.79,stop_loss,-2.449999999999818,False
1,2026-01-28 13:30:00+00:00,2026-01-28 13:32:00+00:00,5282.39,breakout_next_open,5274.03,5307.470000000002,8.360000000000582,25.080000000001746,120,2026-01-28 15:32:00+00:00,5274.03,5278.11,0,2026-01-28 13:35:00+00:00,5274.03,stop_loss,-8.360000000000582,False
1,2026-01-28 14:30:00+00:00,2026-01-28 14:36:00+00:00,5270.48,breakout_next_open,5264.98,5286.98,5.5,16.5,120,2026-01-28 16:36:00+00:00,5264.98,5268.81,0,2026-01-28 14:59:00+00:00,5286.98,target_hit,16.5,True
1,2026-01-28 15:30:00+00:00,2026-01-28 15:32:00+00:00,5274.01,breakout_next_open,5256.49,5326.5700000000015,17.520000000000437,52.56000000000131,120,2026-01-28 21:45:00+00:00,5256.49,5266.28,11,2026-01-28 19:57:00+00:00,5326.5700000000015,target_hit,52.56000000000131,True
1,2026-01-28 20:00:00+00:00,2026-01-28 20:02:00+00:00,5332.91,breakout_next_open,5307.32,5409.68,25.590000000000146,76.77000000000044,120,2026-01-28 22:45:00+00:00,5307.32,5317.61,3,2026-01-28 21:53:00+00:00,5409.68,target_hit,76.77000000000044,True
1,2026-01-29 09:00:00+00:00,2026-01-29 09:02:00+00:00,5505.95,breakout_next_open,5479.02,5586.739999999998,26.92999999999938,80.78999999999814,120,2026-01-29 11:45:00+00:00,5479.02,5499.11,1,2026-01-29 11:03:00+00:00,5479.02,stop_loss,-26.92999999999938,False
1,2026-01-29 11:30:00+00:00,2026-01-29 11:32:00+00:00,5516.24,breakout_next_open,5507.39,5542.789999999998,8.849999999999454,26.549999999998363,120,2026-01-29 14:15:00+00:00,5507.39,5513.17,2,2026-01-29 12:28:00+00:00,5542.789999999998,target_hit,26.549999999998363,True
1,2026-01-29 13:00:00+00:00,2026-01-29 13:02:00+00:00,5540.1,breakout_next_open,5527.95,5576.550000000002,12.150000000000546,36.45000000000164,120,2026-01-29 15:02:00+00:00,5527.95,5535.15,0,2026-01-29 13:10:00+00:00,5527.95,stop_loss,-12.150000000000546,False
1,2026-01-29 13:30:00+00:00,2026-01-29 13:41:00+00:00,5520.58,breakout_next_open,5510.95,5549.47,9.63000000000011,28.890000000000327,120,2026-01-29 15:41:00+00:00,5510.95,5518.89,0,2026-01-29 13:50:00+00:00,5510.95,stop_loss,-9.63000000000011,False
1,2026-01-29 14:15:00+00:00,2026-01-29 14:17:00+00:00,5522.56,breakout_next_open,5513.45,5549.890000000002,9.110000000000582,27.330000000001746,120,2026-01-29 16:17:00+00:00,5513.45,5521.39,0,2026-01-29 14:28:00+00:00,5549.890000000002,target_hit,27.330000000001746,True
-1,2026-01-30 13:00:00+00:00,2026-01-30 13:02:00+00:00,5063.15,breakout_next_open,5116.78,4902.259999999999,53.63000000000011,160.89000000000033,120,2026-01-30 19:00:00+00:00,5093.76,5116.78,10,2026-01-30 17:13:00+00:00,4902.259999999999,target_hit,160.89000000000033,True
-1,2026-01-30 17:15:00+00:00,2026-01-30 17:17:00+00:00,4928.25,breakout_next_open,4987.15,4751.550000000001,58.899999999999636,176.6999999999989,120,2026-01-30 19:45:00+00:00,4974.05,4987.15,1,2026-01-30 18:19:00+00:00,4751.550000000001,target_hit,176.6999999999989,True
-1,2026-01-30 18:30:00+00:00,2026-01-30 18:32:00+00:00,4750.9,breakout_next_open,4819.34,4545.579999999998,68.44000000000051,205.32000000000153,120,2026-01-30 20:45:00+00:00,4794.86,4819.34,1,2026-01-30 18:47:00+00:00,4819.34,stop_loss,-68.44000000000051,False
-1,2026-01-30 20:00:00+00:00,2026-01-30 20:02:00+00:00,4898.01,breakout_next_open,4931.98,4796.100000000002,33.969999999999345,101.90999999999804,120,2026-01-30 22:45:00+00:00,4918.0,4931.98,3,2026-02-01 23:02:00+00:00,4853.83,timeout,44.18000000000029,True
-1,2026-02-02 08:45:00+00:00,2026-02-02 08:47:00+00:00,4644.82,breakout_next_open,4650.65,4627.33,5.829999999999927,17.48999999999978,120,2026-02-02 10:47:00+00:00,4638.46,4650.65,0,2026-02-02 08:50:00+00:00,4650.65,stop_loss,-5.829999999999927,False
-1,2026-02-02 09:00:00+00:00,2026-02-02 09:02:00+00:00,4629.3,breakout_next_open,4644.73,4583.010000000002,15.429999999999382,46.289999999998145,120,2026-02-02 11:02:00+00:00,4632.87,4644.73,0,2026-02-02 09:11:00+00:00,4644.73,stop_loss,-15.429999999999382,False
-1,2026-02-02 09:15:00+00:00,2026-02-02 09:21:00+00:00,4625.62,breakout_next_open,4640.7,4580.38,15.079999999999927,45.23999999999978,120,2026-02-02 11:21:00+00:00,4627.5,4640.7,0,2026-02-02 09:22:00+00:00,4640.7,stop_loss,-15.079999999999927,False
-1,2026-02-02 10:30:00+00:00,2026-02-02 10:32:00+00:00,4684.65,breakout_next_open,4732.1,4542.299999999997,47.45000000000073,142.35000000000218,120,2026-02-02 13:00:00+00:00,4721.01,4732.1,2,2026-02-02 11:13:00+00:00,4732.1,stop_loss,-47.45000000000073,False
-1,2026-02-02 13:15:00+00:00,2026-02-02 13:21:00+00:00,4746.8,breakout_next_open,4796.24,4598.480000000001,49.4399999999996,148.3199999999988,120,2026-02-02 18:00:00+00:00,4743.92,4796.24,7,2026-02-02 16:01:00+00:00,4598.480000000001,target_hit,148.3199999999988,True
-1,2026-02-02 16:00:00+00:00,2026-02-02 16:02:00+00:00,4599.75,breakout_next_open,4678.43,4363.709999999999,78.68000000000029,236.04000000000087,120,2026-02-02 18:02:00+00:00,4656.26,4678.43,0,2026-02-02 16:09:00+00:00,4678.43,stop_loss,-78.68000000000029,False
1,2026-02-03 17:30:00+00:00,2026-02-03 17:32:00+00:00,4956.5,breakout_next_open,4941.66,5001.02,14.840000000000146,44.52000000000044,120,2026-02-03 19:32:00+00:00,4941.66,4953.48,0,2026-02-03 17:40:00+00:00,4941.66,stop_loss,-14.840000000000146,False
1,2026-02-03 18:15:00+00:00,2026-02-03 18:17:00+00:00,4946.1,breakout_next_open,4926.05,5006.250000000001,20.050000000000182,60.150000000000546,120,2026-02-03 20:17:00+00:00,4926.05,4933.55,0,2026-02-03 18:24:00+00:00,4926.05,stop_loss,-20.050000000000182,False
1,2026-02-03 19:30:00+00:00,2026-02-03 19:32:00+00:00,4924.64,breakout_next_open,4914.49,4955.090000000002,10.150000000000546,30.450000000001637,120,2026-02-03 21:45:00+00:00,4914.49,4923.23,1,2026-02-03 20:01:00+00:00,4914.49,stop_loss,-10.150000000000546,False
1,2026-02-03 20:45:00+00:00,2026-02-03 20:47:00+00:00,4952.36,breakout_next_open,4938.0,4995.439999999999,14.359999999999673,43.07999999999902,120,2026-02-03 22:47:00+00:00,4938.0,4944.1,0,2026-02-03 20:49:00+00:00,4938.0,stop_loss,-14.359999999999673,False
1,2026-02-04 08:00:00+00:00,2026-02-04 08:02:00+00:00,5090.15,breakout_next_open,5081.57,5115.889999999999,8.579999999999927,25.73999999999978,120,2026-02-04 10:02:00+00:00,5081.57,5087.7,0,2026-02-04 08:03:00+00:00,5081.57,stop_loss,-8.579999999999927,False
1,2026-02-04 09:00:00+00:00,2026-02-04 09:02:00+00:00,5082.42,breakout_next_open,5075.27,5103.869999999999,7.149999999999636,21.44999999999891,120,2026-02-04 11:02:00+00:00,5075.27,5081.36,0,2026-02-04 09:08:00+00:00,5075.27,stop_loss,-7.149999999999636,False
1,2026-02-04 10:45:00+00:00,2026-02-04 10:47:00+00:00,5061.33,breakout_next_open,5044.24,5112.6,17.090000000000146,51.27000000000044,120,2026-02-04 13:00:00+00:00,5044.24,5054.65,1,2026-02-04 11:12:00+00:00,5044.24,stop_loss,-17.090000000000146,False
1,2026-02-04 11:45:00+00:00,2026-02-04 11:50:00+00:00,5039.36,breakout_next_open,5025.51,5080.909999999998,13.849999999999454,41.54999999999836,120,2026-02-04 14:45:00+00:00,5025.51,5036.41,4,2026-02-04 13:10:00+00:00,5025.51,stop_loss,-13.849999999999454,False
1,2026-02-04 13:30:00+00:00,2026-02-04 13:32:00+00:00,5056.26,breakout_next_open,5028.15,5140.590000000002,28.110000000000582,84.33000000000175,120,2026-02-04 16:00:00+00:00,5028.15,5043.85,2,2026-02-04 14:30:00+00:00,5028.15,stop_loss,-28.110000000000582,False
-1,2026-02-05 08:30:00+00:00,2026-02-05 08:32:00+00:00,4919.6,breakout_next_open,4940.15,4857.950000000003,20.549999999999272,61.64999999999782,120,2026-02-05 11:15:00+00:00,4934.04,4940.15,3,2026-02-05 09:20:00+00:00,4857.950000000003,target_hit,61.64999999999782,True
-1,2026-02-05 10:00:00+00:00,2026-02-05 10:02:00+00:00,4857.83,breakout_next_open,4894.42,4748.0599999999995,36.590000000000146,109.77000000000044,120,2026-02-05 12:45:00+00:00,4887.65,4894.42,2,2026-02-05 11:23:00+00:00,4894.42,stop_loss,-36.590000000000146,False
-1,2026-02-05 11:45:00+00:00,2026-02-05 11:47:00+00:00,4879.45,breakout_next_open,4893.53,4837.21,14.079999999999927,42.23999999999978,120,2026-02-05 13:47:00+00:00,4884.42,4893.53,0,2026-02-05 12:11:00+00:00,4837.21,target_hit,42.23999999999978,True
-1,2026-02-05 14:15:00+00:00,2026-02-05 14:17:00+00:00,4815.33,breakout_next_open,4836.34,4752.299999999999,21.01000000000022,63.030000000000655,120,2026-02-05 16:17:00+00:00,4822.51,4836.34,0,2026-02-05 14:26:00+00:00,4836.34,stop_loss,-21.01000000000022,False
-1,2026-02-05 15:00:00+00:00,2026-02-05 15:02:00+00:00,4830.13,breakout_next_open,4859.91,4740.790000000001,29.779999999999745,89.33999999999924,120,2026-02-05 17:45:00+00:00,4847.35,4859.91,2,2026-02-05 16:38:00+00:00,4859.91,stop_loss,-29.779999999999745,False
-1,2026-02-06 08:00:00+00:00,2026-02-06 08:02:00+00:00,4830.53,breakout_next_open,4854.18,4759.579999999998,23.650000000000546,70.95000000000164,120,2026-02-06 10:02:00+00:00,4847.22,4854.18,0,2026-02-06 08:15:00+00:00,4854.18,stop_loss,-23.650000000000546,False
-1,2026-02-06 09:00:00+00:00,2026-02-06 09:04:00+00:00,4848.65,breakout_next_open,4859.5,4816.0999999999985,10.850000000000364,32.55000000000109,120,2026-02-06 11:04:00+00:00,4852.0,4859.5,0,2026-02-06 09:23:00+00:00,4859.5,stop_loss,-10.850000000000364,False
-1,2026-02-06 09:45:00+00:00,2026-02-06 09:47:00+00:00,4861.13,breakout_next_open,4866.25,4845.77,5.119999999999891,15.359999999999673,120,2026-02-06 11:47:00+00:00,4861.22,4866.25,0,2026-02-06 09:48:00+00:00,4866.25,stop_loss,-5.119999999999891,False
-1,2026-02-06 11:45:00+00:00,2026-02-06 11:47:00+00:00,4886.39,breakout_next_open,4893.03,4866.470000000002,6.639999999999418,19.919999999998254,120,2026-02-06 13:47:00+00:00,4885.82,4893.03,0,2026-02-06 11:56:00+00:00,4893.03,stop_loss,-6.639999999999418,False
-1,2026-02-06 12:30:00+00:00,2026-02-06 12:32:00+00:00,4883.32,breakout_next_open,4892.95,4854.429999999999,9.63000000000011,28.890000000000327,120,2026-02-06 14:32:00+00:00,4885.02,4892.95,0,2026-02-06 12:39:00+00:00,4892.95,stop_loss,-9.63000000000011,False
-1,2026-02-06 14:00:00+00:00,2026-02-06 14:03:00+00:00,4922.8,breakout_next_open,4932.25,4894.450000000001,9.449999999999818,28.349999999999454,120,2026-02-06 16:15:00+00:00,4922.69,4932.25,1,2026-02-06 14:25:00+00:00,4894.450000000001,target_hit,28.349999999999454,True
-1,2026-02-06 14:30:00+00:00,2026-02-06 14:32:00+00:00,4918.5,breakout_next_open,4922.89,4905.329999999999,4.390000000000327,13.170000000000982,120,2026-02-06 16:32:00+00:00,4913.49,4922.89,0,2026-02-06 14:33:00+00:00,4922.89,stop_loss,-4.390000000000327,False
-1,2026-02-06 15:15:00+00:00,2026-02-06 15:17:00+00:00,4947.7,breakout_next_open,4960.52,4909.239999999998,12.820000000000618,38.460000000001855,120,2026-02-06 17:17:00+00:00,4944.02,4960.52,0,2026-02-06 15:27:00+00:00,4960.52,stop_loss,-12.820000000000618,False
-1,2026-02-06 15:30:00+00:00,2026-02-06 15:38:00+00:00,4944.37,breakout_next_open,4949.83,4927.99,5.460000000000036,16.38000000000011,120,2026-02-06 17:38:00+00:00,4942.53,4949.83,0,2026-02-06 15:40:00+00:00,4949.83,stop_loss,-5.460000000000036,False
-1,2026-02-06 15:45:00+00:00,2026-02-06 15:47:00+00:00,4943.06,breakout_next_open,4956.81,4901.81,13.75,41.25,120,2026-02-06 18:30:00+00:00,4949.54,4956.81,2,2026-02-06 17:02:00+00:00,4956.81,stop_loss,-13.75,False
-1,2026-02-06 18:30:00+00:00,2026-02-06 18:32:00+00:00,4952.66,breakout_next_open,4963.98,4918.700000000001,11.319999999999709,33.95999999999913,120,2026-02-06 20:32:00+00:00,4958.73,4963.98,0,2026-02-06 18:38:00+00:00,4963.98,stop_loss,-11.319999999999709,False
-1,2026-02-06 20:15:00+00:00,2026-02-06 20:17:00+00:00,4948.07,breakout_next_open,4956.93,4921.489999999998,8.860000000000582,26.580000000001746,120,2026-02-06 22:17:00+00:00,4952.32,4956.93,0,2026-02-06 20:20:00+00:00,4956.93,stop_loss,-8.860000000000582,False
-1,2026-02-06 20:30:00+00:00,2026-02-06 20:32:00+00:00,4949.14,breakout_next_open,4953.53,4935.970000000002,4.389999999999418,13.169999999998254,120,2026-02-06 22:45:00+00:00,4948.13,4953.53,1,2026-02-06 20:53:00+00:00,4953.53,stop_loss,-4.389999999999418,False
1,2026-02-09 10:45:00+00:00,2026-02-09 10:48:00+00:00,4995.16,breakout_next_open,4990.4,5009.4400000000005,4.760000000000218,14.280000000000655,120,2026-02-09 12:48:00+00:00,4990.4,4998.34,0,2026-02-09 10:58:00+00:00,4990.4,stop_loss,-4.760000000000218,False
1,2026-02-09 11:00:00+00:00,2026-02-09 11:02:00+00:00,4994.77,breakout_next_open,4982.72,5030.920000000001,12.050000000000182,36.150000000000546,120,2026-02-09 16:30:00+00:00,4982.72,4992.98,6,2026-02-09 14:31:00+00:00,5030.920000000001,target_hit,36.150000000000546,True
1,2026-02-09 14:30:00+00:00,2026-02-09 14:32:00+00:00,5031.13,breakout_next_open,5013.9,5082.8200000000015,17.230000000000473,51.69000000000142,120,2026-02-09 21:45:00+00:00,5013.9,5018.28,11,2026-02-09 20:33:00+00:00,5082.8200000000015,target_hit,51.69000000000142,True
1,2026-02-10 10:30:00+00:00,2026-02-10 10:32:00+00:00,5050.35,breakout_next_open,5039.38,5083.260000000001,10.970000000000255,32.910000000000764,120,2026-02-10 13:45:00+00:00,5039.38,5045.25,3,2026-02-10 12:42:00+00:00,5039.38,stop_loss,-10.970000000000255,False
1,2026-02-10 13:15:00+00:00,2026-02-10 13:17:00+00:00,5042.38,breakout_next_open,5029.78,5080.180000000001,12.600000000000364,37.80000000000109,120,2026-02-10 16:45:00+00:00,5029.78,5036.66,5,2026-02-10 14:48:00+00:00,5029.78,stop_loss,-12.600000000000364,False
1,2026-02-11 14:00:00+00:00,2026-02-11 14:02:00+00:00,5067.13,breakout_next_open,5057.86,5094.940000000001,9.270000000000437,27.81000000000131,120,2026-02-11 16:30:00+00:00,5057.86,5066.96,2,2026-02-11 14:37:00+00:00,5057.86,stop_loss,-9.270000000000437,False
1,2026-02-11 15:00:00+00:00,2026-02-11 15:02:00+00:00,5060.58,breakout_next_open,5040.51,5120.789999999999,20.06999999999971,60.20999999999913,120,2026-02-11 17:30:00+00:00,5040.51,5050.17,2,2026-02-11 15:37:00+00:00,5040.51,stop_loss,-20.06999999999971,False
1,2026-02-11 16:00:00+00:00,2026-02-11 16:02:00+00:00,5062.83,breakout_next_open,5048.23,5106.630000000001,14.600000000000364,43.80000000000109,120,2026-02-11 18:02:00+00:00,5048.23,5055.7,0,2026-02-11 16:17:00+00:00,5048.23,stop_loss,-14.600000000000364,False
1,2026-02-11 16:45:00+00:00,2026-02-11 16:47:00+00:00,5076.36,breakout_next_open,5056.15,5136.99,20.210000000000036,60.63000000000011,120,2026-02-11 19:30:00+00:00,5056.15,5068.76,1,2026-02-11 19:30:00+00:00,5087.81,timeout,11.450000000000728,True
1,2026-02-12 15:45:00+00:00,2026-02-12 15:47:00+00:00,5074.78,breakout_next_open,5065.54,5102.499999999999,9.239999999999782,27.719999999999345,120,2026-02-12 17:47:00+00:00,5065.54,5072.75,0,2026-02-12 15:59:00+00:00,5065.54,stop_loss,-9.239999999999782,False
-1,2026-02-12 17:45:00+00:00,2026-02-12 17:47:00+00:00,4953.95,breakout_next_open,4965.78,4918.46,11.829999999999927,35.48999999999978,120,2026-02-12 20:15:00+00:00,4958.68,4965.78,2,2026-02-12 18:18:00+00:00,4918.46,target_hit,35.48999999999978,True
-1,2026-02-12 19:00:00+00:00,2026-02-12 19:02:00+00:00,4931.49,breakout_next_open,4942.74,4897.74,11.25,33.75,120,2026-02-12 21:15:00+00:00,4934.91,4942.74,1,2026-02-12 19:19:00+00:00,4942.74,stop_loss,-11.25,False
-1,2026-02-12 20:15:00+00:00,2026-02-12 20:17:00+00:00,4937.19,breakout_next_open,4946.77,4908.449999999997,9.580000000000837,28.74000000000251,120,2026-02-12 22:45:00+00:00,4941.13,4946.77,2,2026-02-12 23:01:00+00:00,4908.449999999997,target_hit,28.74000000000251,True
1,2026-02-13 08:00:00+00:00,2026-02-13 08:02:00+00:00,4976.99,breakout_next_open,4970.49,4996.49,6.5,19.5,120,2026-02-13 10:30:00+00:00,4970.49,4974.71,2,2026-02-13 09:28:00+00:00,4970.49,stop_loss,-6.5,False
1,2026-02-13 09:45:00+00:00,2026-02-13 09:47:00+00:00,4973.33,breakout_next_open,4964.81,4998.8899999999985,8.519999999999527,25.55999999999858,120,2026-02-13 12:15:00+00:00,4964.81,4969.12,1,2026-02-13 10:47:00+00:00,4964.81,stop_loss,-8.519999999999527,False
1,2026-02-13 12:15:00+00:00,2026-02-13 12:17:00+00:00,4967.09,breakout_next_open,4953.44,5008.040000000002,13.650000000000546,40.95000000000164,120,2026-02-13 16:15:00+00:00,4953.44,4959.15,4,2026-02-13 14:21:00+00:00,5008.040000000002,target_hit,40.95000000000164,True
1,2026-02-13 14:30:00+00:00,2026-02-13 14:32:00+00:00,5001.63,breakout_next_open,4996.18,5017.98,5.449999999999818,16.349999999999454,120,2026-02-13 16:32:00+00:00,4996.18,5002.64,0,2026-02-13 14:37:00+00:00,4996.18,stop_loss,-5.449999999999818,False
1,2026-02-13 14:45:00+00:00,2026-02-13 14:49:00+00:00,5001.4,breakout_next_open,4999.09,5008.329999999998,2.3099999999994907,6.929999999998472,120,2026-02-13 16:49:00+00:00,4999.09,5006.23,0,2026-02-13 14:50:00+00:00,4999.09,stop_loss,-2.3099999999994907,False
1,2026-02-13 15:00:00+00:00,2026-02-13 15:02:00+00:00,5002.72,breakout_next_open,4989.76,5041.6,12.960000000000036,38.88000000000011,120,2026-02-13 17:45:00+00:00,4989.76,4999.71,2,2026-02-13 15:53:00+00:00,4989.76,stop_loss,-12.960000000000036,False
1,2026-02-13 16:15:00+00:00,2026-02-13 16:17:00+00:00,4999.22,breakout_next_open,4975.76,5069.6,23.460000000000036,70.38000000000011,120,2026-02-13 22:45:00+00:00,4975.76,4982.39,8,2026-02-15 23:06:00+00:00,5014.9,timeout,15.679999999999382,True
1,2026-02-16 08:00:00+00:00,2026-02-16 08:02:00+00:00,5008.74,breakout_next_open,5001.6,5030.159999999998,7.139999999999418,21.419999999998254,120,2026-02-16 10:02:00+00:00,5001.6,5006.99,0,2026-02-16 08:12:00+00:00,5001.6,stop_loss,-7.139999999999418,False
-1,2026-02-17 08:30:00+00:00,2026-02-17 08:32:00+00:00,4921.0,breakout_next_open,4929.06,4896.819999999999,8.0600000000004,24.1800000000012,120,2026-02-17 10:32:00+00:00,4924.87,4929.06,0,2026-02-17 09:02:00+00:00,4929.06,stop_loss,-8.0600000000004,False
-1,2026-02-17 10:30:00+00:00,2026-02-17 10:32:00+00:00,4921.7,breakout_next_open,4938.48,4871.360000000001,16.779999999999745,50.339999999999236,120,2026-02-17 13:00:00+00:00,4931.98,4938.48,2,2026-02-17 12:10:00+00:00,4938.48,stop_loss,-16.779999999999745,False
-1,2026-02-17 12:45:00+00:00,2026-02-17 12:47:00+00:00,4936.07,breakout_next_open,4943.32,4914.32,7.25,21.75,120,2026-02-17 15:15:00+00:00,4937.47,4943.32,1,2026-02-17 13:16:00+00:00,4914.32,target_hit,21.75,True
-1,2026-02-17 13:15:00+00:00,2026-02-17 13:17:00+00:00,4915.22,breakout_next_open,4933.96,4859.000000000001,18.73999999999978,56.219999999999345,120,2026-02-17 16:00:00+00:00,4928.48,4933.96,3,2026-02-17 14:01:00+00:00,4859.000000000001,target_hit,56.219999999999345,True
-1,2026-02-17 14:00:00+00:00,2026-02-17 14:02:00+00:00,4852.09,breakout_next_open,4921.99,4642.390000000001,69.89999999999964,209.6999999999989,120,2026-02-17 22:45:00+00:00,4911.69,4921.99,16,2026-02-17 23:01:00+00:00,4868.6,timeout,-16.51000000000022,False
1,2026-02-18 09:30:00+00:00,2026-02-18 09:32:00+00:00,4921.81,breakout_next_open,4916.93,4936.450000000001,4.880000000000109,14.640000000000327,120,2026-02-18 11:32:00+00:00,4916.93,4922.07,0,2026-02-18 09:34:00+00:00,4916.93,stop_loss,-4.880000000000109,False
1,2026-02-18 12:15:00+00:00,2026-02-18 12:17:00+00:00,4924.51,breakout_next_open,4911.15,4964.590000000002,13.360000000000582,40.080000000001746,120,2026-02-18 15:15:00+00:00,4911.15,4918.32,3,2026-02-18 13:36:00+00:00,4964.590000000002,target_hit,40.080000000001746,True
1,2026-02-18 14:15:00+00:00,2026-02-18 14:17:00+00:00,4959.69,breakout_next_open,4953.51,4978.229999999998,6.1799999999993815,18.539999999998145,120,2026-02-18 16:30:00+00:00,4953.51,4959.22,1,2026-02-18 14:32:00+00:00,4978.229999999998,target_hit,18.539999999998145,True
1,2026-02-18 14:30:00+00:00,2026-02-18 14:32:00+00:00,4968.1,breakout_next_open,4956.01,5004.370000000001,12.090000000000146,36.27000000000044,120,2026-02-18 16:45:00+00:00,4956.01,4959.78,1,2026-02-18 15:03:00+00:00,5004.370000000001,target_hit,36.27000000000044,True
1,2026-02-18 15:15:00+00:00,2026-02-18 15:17:00+00:00,5007.93,breakout_next_open,4992.37,5054.6100000000015,15.5600000000004,46.6800000000012,120,2026-02-18 17:30:00+00:00,4992.37,5001.58,1,2026-02-18 16:22:00+00:00,4992.37,stop_loss,-15.5600000000004,False
1,2026-02-18 16:45:00+00:00,2026-02-18 16:47:00+00:00,5006.13,breakout_next_open,5000.83,5022.030000000001,5.300000000000182,15.900000000000546,120,2026-02-18 18:47:00+00:00,5000.83,5004.99,0,2026-02-18 16:57:00+00:00,5000.83,stop_loss,-5.300000000000182,False
1,2026-02-18 19:00:00+00:00,2026-02-18 19:02:00+00:00,4989.94,breakout_next_open,4983.89,5008.089999999997,6.049999999999272,18.149999999997817,120,2026-02-18 21:02:00+00:00,4983.89,4989.84,0,2026-02-18 19:27:00+00:00,4983.89,stop_loss,-6.049999999999272,False
1,2026-02-19 09:00:00+00:00,2026-02-19 09:02:00+00:00,5017.15,breakout_next_open,5013.79,5027.229999999999,3.3599999999996726,10.079999999999018,120,2026-02-19 11:02:00+00:00,5013.79,5017.78,0,2026-02-19 09:19:00+00:00,5013.79,stop_loss,-3.3599999999996726,False
1,2026-02-19 10:45:00+00:00,2026-02-19 10:47:00+00:00,4988.25,breakout_next_open,4982.74,5004.780000000001,5.510000000000218,16.530000000000655,120,2026-02-19 12:47:00+00:00,4982.74,4987.12,0,2026-02-19 11:16:00+00:00,4982.74,stop_loss,-5.510000000000218,False
1,2026-02-19 14:30:00+00:00,2026-02-19 14:37:00+00:00,4980.29,breakout_next_open,4971.3,5007.259999999999,8.989999999999782,26.969999999999345,120,2026-02-19 16:37:00+00:00,4971.3,4979.82,0,2026-02-19 14:54:00+00:00,5007.259999999999,target_hit,26.969999999999345,True
1,2026-02-19 15:00:00+00:00,2026-02-19 15:02:00+00:00,5006.81,breakout_next_open,4988.83,5060.750000000002,17.980000000000473,53.94000000000142,120,2026-02-19 17:45:00+00:00,4988.83,4995.1,3,2026-02-19 17:37:00+00:00,4988.83,stop_loss,-17.980000000000473,False
1,2026-02-19 18:45:00+00:00,2026-02-19 18:50:00+00:00,4982.23,breakout_next_open,4979.93,4989.129999999997,2.2999999999992724,6.899999999997817,120,2026-02-19 20:50:00+00:00,4979.93,4983.49,0,2026-02-19 18:51:00+00:00,4979.93,stop_loss,-2.2999999999992724,False
1,2026-02-19 19:00:00+00:00,2026-02-19 19:04:00+00:00,4984.32,breakout_next_open,4979.2,4999.679999999999,5.119999999999891,15.359999999999673,120,2026-02-19 21:04:00+00:00,4979.2,4984.75,0,2026-02-19 19:39:00+00:00,4979.2,stop_loss,-5.119999999999891,False
1,2026-02-19 20:15:00+00:00,2026-02-19 20:20:00+00:00,4994.79,breakout_next_open,4987.93,5015.369999999999,6.859999999999673,20.579999999999018,120,2026-02-19 22:45:00+00:00,4987.93,4992.7,2,2026-02-19 23:01:00+00:00,4998.01,timeout,3.2200000000002547,True
1,2026-02-20 12:45:00+00:00,2026-02-20 12:47:00+00:00,5024.1,breakout_next_open,5011.24,5062.680000000002,12.860000000000582,38.580000000001746,120,2026-02-20 17:00:00+00:00,5011.24,5020.38,4,2026-02-20 15:01:00+00:00,5062.680000000002,target_hit,38.580000000001746,True
1,2026-02-20 15:00:00+00:00,2026-02-20 15:02:00+00:00,5063.69,breakout_next_open,5051.95,5098.909999999999,11.739999999999782,35.219999999999345,120,2026-02-20 17:02:00+00:00,5051.95,5061.01,0,2026-02-20 15:03:00+00:00,5051.95,stop_loss,-11.739999999999782,False
1,2026-02-20 15:30:00+00:00,2026-02-20 15:38:00+00:00,5033.99,breakout_next_open,5018.9,5079.26,15.090000000000146,45.27000000000044,120,2026-02-20 21:30:00+00:00,5018.9,5032.16,7,2026-02-20 19:56:00+00:00,5079.26,target_hit,45.27000000000044,True
1,2026-02-20 20:00:00+00:00,2026-02-20 20:10:00+00:00,5080.53,breakout_next_open,5075.55,5095.469999999998,4.979999999999563,14.93999999999869,120,2026-02-20 22:45:00+00:00,5075.55,5080.1,1,2026-02-20 20:57:00+00:00,5095.469999999998,target_hit,14.93999999999869,True
1,2026-02-23 08:45:00+00:00,2026-02-23 08:47:00+00:00,5134.73,breakout_next_open,5124.12,5166.559999999999,10.609999999999673,31.829999999999018,120,2026-02-23 11:00:00+00:00,5124.12,5131.57,1,2026-02-23 11:00:00+00:00,5161.75,timeout,27.020000000000437,True
1,2026-02-23 11:00:00+00:00,2026-02-23 11:02:00+00:00,5162.81,breakout_next_open,5155.2,5185.640000000002,7.610000000000582,22.830000000001746,120,2026-02-23 13:02:00+00:00,5155.2,5159.56,0,2026-02-23 11:12:00+00:00,5155.2,stop_loss,-7.610000000000582,False
1,2026-02-23 12:45:00+00:00,2026-02-23 12:47:00+00:00,5163.15,breakout_next_open,5154.63,5188.709999999998,8.519999999999527,25.55999999999858,120,2026-02-23 14:47:00+00:00,5154.63,5158.45,0,2026-02-23 13:09:00+00:00,5154.63,stop_loss,-8.519999999999527,False
1,2026-02-23 14:15:00+00:00,2026-02-23 14:17:00+00:00,5157.69,breakout_next_open,5149.45,5182.409999999999,8.239999999999782,24.719999999999345,120,2026-02-23 16:17:00+00:00,5149.45,5153.78,0,2026-02-23 14:37:00+00:00,5182.409999999999,target_hit,24.719999999999345,True
1,2026-02-23 14:45:00+00:00,2026-02-23 14:47:00+00:00,5192.44,breakout_next_open,5164.52,5276.199999999997,27.919999999999163,83.75999999999749,120,2026-02-23 21:45:00+00:00,5164.52,5170.59,10,2026-02-23 21:45:00+00:00,5227.61,timeout,35.17000000000007,True
-1,2026-02-24 15:00:00+00:00,2026-02-24 15:02:00+00:00,5124.7,breakout_next_open,5137.08,5087.5599999999995,12.38000000000011,37.14000000000033,120,2026-02-24 17:02:00+00:00,5127.63,5137.08,0,2026-02-24 15:09:00+00:00,5137.08,stop_loss,-12.38000000000011,False
-1,2026-02-24 16:30:00+00:00,2026-02-24 16:32:00+00:00,5140.31,breakout_next_open,5148.27,5116.43,7.960000000000036,23.88000000000011,120,2026-02-24 18:32:00+00:00,5141.71,5148.27,0,2026-02-24 16:40:00+00:00,5148.27,stop_loss,-7.960000000000036,False
-1,2026-02-24 16:45:00+00:00,2026-02-24 16:48:00+00:00,5138.49,breakout_next_open,5144.09,5121.689999999999,5.600000000000364,16.80000000000109,120,2026-02-24 18:48:00+00:00,5138.94,5144.09,0,2026-02-24 17:00:00+00:00,5144.09,stop_loss,-5.600000000000364,False
-1,2026-02-24 18:30:00+00:00,2026-02-24 18:32:00+00:00,5160.58,breakout_next_open,5165.45,5145.97,4.869999999999891,14.609999999999673,120,2026-02-24 21:30:00+00:00,5159.96,5165.45,1,2026-02-24 20:24:00+00:00,5165.45,stop_loss,-4.869999999999891,False
1,2026-02-25 08:15:00+00:00,2026-02-25 08:20:00+00:00,5192.68,breakout_next_open,5185.13,5215.330000000001,7.550000000000182,22.650000000000546,120,2026-02-25 10:30:00+00:00,5185.13,5191.17,1,2026-02-25 08:59:00+00:00,5185.13,stop_loss,-7.550000000000182,False
1,2026-02-25 09:15:00+00:00,2026-02-25 09:21:00+00:00,5185.69,breakout_next_open,5181.26,5198.979999999998,4.4299999999993815,13.289999999998145,120,2026-02-25 12:00:00+00:00,5181.26,5186.92,1,2026-02-25 10:16:00+00:00,5181.26,stop_loss,-4.4299999999993815,False
1,2026-02-25 10:30:00+00:00,2026-02-25 10:40:00+00:00,5180.43,breakout_next_open,5173.16,5202.240000000002,7.270000000000437,21.81000000000131,120,2026-02-25 12:45:00+00:00,5173.16,5180.06,1,2026-02-25 10:53:00+00:00,5173.16,stop_loss,-7.270000000000437,False
1,2026-02-25 11:45:00+00:00,2026-02-25 11:47:00+00:00,5173.77,breakout_next_open,5168.08,5190.840000000002,5.690000000000509,17.070000000001528,120,2026-02-25 15:15:00+00:00,5168.08,5173.14,4,2026-02-25 13:23:00+00:00,5190.840000000002,target_hit,17.070000000001528,True
1,2026-02-25 19:30:00+00:00,2026-02-25 19:32:00+00:00,5201.57,breakout_next_open,5194.69,5222.21,6.880000000000109,20.640000000000327,120,2026-02-25 22:00:00+00:00,5194.69,5204.66,1,2026-02-25 20:15:00+00:00,5194.69,stop_loss,-6.880000000000109,False
-1,2026-02-26 08:30:00+00:00,2026-02-26 08:32:00+00:00,5175.93,breakout_next_open,5190.3,5132.820000000001,14.36999999999989,43.10999999999967,120,2026-02-26 10:45:00+00:00,5185.48,5190.3,1,2026-02-26 10:05:00+00:00,5190.3,stop_loss,-14.36999999999989,False
-1,2026-02-26 11:00:00+00:00,2026-02-26 11:02:00+00:00,5172.0,breakout_next_open,5174.7,5163.900000000001,2.699999999999818,8.099999999999454,120,2026-02-26 13:02:00+00:00,5170.24,5174.7,0,2026-02-26 11:03:00+00:00,5174.7,stop_loss,-2.699999999999818,False
-1,2026-02-26 12:00:00+00:00,2026-02-26 12:02:00+00:00,5160.22,breakout_next_open,5172.29,5124.010000000001,12.069999999999709,36.20999999999913,120,2026-02-26 14:02:00+00:00,5166.33,5172.29,0,2026-02-26 12:17:00+00:00,5172.29,stop_loss,-12.069999999999709,False
-1,2026-02-26 15:30:00+00:00,2026-02-26 15:32:00+00:00,5146.54,breakout_next_open,5164.31,5093.229999999999,17.770000000000437,53.31000000000131,120,2026-02-26 17:32:00+00:00,5157.64,5164.31,0,2026-02-26 15:37:00+00:00,5164.31,stop_loss,-17.770000000000437,False
-1,2026-02-26 16:15:00+00:00,2026-02-26 16:17:00+00:00,5178.55,breakout_next_open,5188.57,5148.490000000002,10.019999999999527,30.05999999999858,120,2026-02-26 19:00:00+00:00,5179.22,5188.57,1,2026-02-26 17:09:00+00:00,5188.57,stop_loss,-10.019999999999527,False
-1,2026-02-26 18:00:00+00:00,2026-02-26 18:08:00+00:00,5164.77,breakout_next_open,5173.68,5138.040000000001,8.909999999999854,26.729999999999563,120,2026-02-26 20:08:00+00:00,5165.01,5173.68,0,2026-02-26 18:14:00+00:00,5173.68,stop_loss,-8.909999999999854,False
1,2026-02-27 13:15:00+00:00,2026-02-27 13:17:00+00:00,5217.73,breakout_next_open,5186.65,5310.969999999999,31.079999999999927,93.23999999999978,120,2026-02-27 22:30:00+00:00,5186.65,5191.97,12,2026-03-01 23:04:00+00:00,5310.969999999999,target_hit,93.23999999999978,True
1,2026-03-02 08:00:00+00:00,2026-03-02 08:02:00+00:00,5407.12,breakout_next_open,5405.08,5413.24,2.0399999999999636,6.119999999999891,120,2026-03-02 10:02:00+00:00,5405.08,5410.45,0,2026-03-02 08:03:00+00:00,5405.08,stop_loss,-2.0399999999999636,False
1,2026-03-02 09:15:00+00:00,2026-03-02 09:17:00+00:00,5396.49,breakout_next_open,5390.63,5414.069999999999,5.859999999999673,17.579999999999018,120,2026-03-02 11:17:00+00:00,5390.63,5397.15,0,2026-03-02 09:19:00+00:00,5390.63,stop_loss,-5.859999999999673,False
1,2026-03-02 09:30:00+00:00,2026-03-02 09:32:00+00:00,5400.05,breakout_next_open,5388.85,5433.65,11.199999999999818,33.599999999999454,120,2026-03-02 11:45:00+00:00,5388.85,5395.14,1,2026-03-02 09:48:00+00:00,5388.85,stop_loss,-11.199999999999818,False
1,2026-03-02 11:15:00+00:00,2026-03-02 11:17:00+00:00,5394.03,breakout_next_open,5388.01,5412.089999999998,6.019999999999527,18.05999999999858,120,2026-03-02 13:17:00+00:00,5388.01,5394.05,0,2026-03-02 11:24:00+00:00,5388.01,stop_loss,-6.019999999999527,False
1,2026-03-02 11:30:00+00:00,2026-03-02 11:32:00+00:00,5393.23,breakout_next_open,5387.27,5411.109999999997,5.959999999999127,17.87999999999738,120,2026-03-02 13:32:00+00:00,5387.27,5391.96,0,2026-03-02 11:45:00+00:00,5387.27,stop_loss,-5.959999999999127,False
1,2026-03-02 12:45:00+00:00,2026-03-02 12:47:00+00:00,5396.64,breakout_next_open,5388.97,5419.650000000001,7.670000000000073,23.01000000000022,120,2026-03-02 14:47:00+00:00,5388.97,5395.57,0,2026-03-02 12:55:00+00:00,5388.97,stop_loss,-7.670000000000073,False
1,2026-03-02 13:30:00+00:00,2026-03-02 13:32:00+00:00,5414.89,breakout_next_open,5382.7,5511.460000000002,32.19000000000051,96.57000000000153,120,2026-03-02 15:45:00+00:00,5382.7,5390.69,1,2026-03-02 14:01:00+00:00,5382.7,stop_loss,-32.19000000000051,False
-1,2026-03-03 08:30:00+00:00,2026-03-03 08:32:00+00:00,5308.38,breakout_next_open,5322.6,5265.719999999999,14.220000000000255,42.660000000000764,120,2026-03-03 11:00:00+00:00,5317.49,5322.6,1,2026-03-03 09:25:00+00:00,5265.719999999999,target_hit,42.660000000000764,True
-1,2026-03-03 09:30:00+00:00,2026-03-03 09:32:00+00:00,5260.51,breakout_next_open,5299.61,5143.210000000002,39.099999999999454,117.29999999999836,120,2026-03-03 13:00:00+00:00,5292.5,5299.61,4,2026-03-03 11:29:00+00:00,5143.210000000002,target_hit,117.29999999999836,True
-1,2026-03-03 13:15:00+00:00,2026-03-03 13:17:00+00:00,5167.91,breakout_next_open,5225.85,4994.089999999998,57.94000000000051,173.82000000000153,120,2026-03-03 22:45:00+00:00,5196.9,5225.85,14,2026-03-03 23:01:00+00:00,5094.43,timeout,73.47999999999956,True
1,2026-03-04 08:30:00+00:00,2026-03-04 08:32:00+00:00,5164.26,breakout_next_open,5156.07,5188.830000000002,8.19000000000051,24.570000000001528,120,2026-03-04 11:45:00+00:00,5156.07,5161.27,3,2026-03-04 10:08:00+00:00,5188.830000000002,target_hit,24.570000000001528,True
1,2026-03-04 10:15:00+00:00,2026-03-04 10:17:00+00:00,5200.05,breakout_next_open,5186.25,5241.450000000001,13.800000000000182,41.400000000000546,120,2026-03-04 12:17:00+00:00,5186.25,5196.83,0,2026-03-04 10:24:00+00:00,5186.25,stop_loss,-13.800000000000182,False
1,2026-03-04 10:45:00+00:00,2026-03-04 10:56:00+00:00,5192.12,breakout_next_open,5182.2,5221.88,9.920000000000073,29.76000000000022,120,2026-03-04 14:15:00+00:00,5182.2,5189.1,3,2026-03-04 12:17:00+00:00,5182.2,stop_loss,-9.920000000000073,False
1,2026-03-04 13:00:00+00:00,2026-03-04 13:02:00+00:00,5175.9,breakout_next_open,5167.24,5201.879999999999,8.659999999999854,25.979999999999563,120,2026-03-04 15:30:00+00:00,5167.24,5172.0,2,2026-03-04 13:59:00+00:00,5167.24,stop_loss,-8.659999999999854,False
1,2026-03-04 14:30:00+00:00,2026-03-04 14:32:00+00:00,5180.48,breakout_next_open,5166.79,5221.549999999998,13.6899999999996,41.0699999999988,120,2026-03-04 16:32:00+00:00,5166.79,5174.61,0,2026-03-04 14:45:00+00:00,5166.79,stop_loss,-13.6899999999996,False
1,2026-03-04 14:45:00+00:00,2026-03-04 14:47:00+00:00,5176.24,breakout_next_open,5162.33,5217.969999999999,13.909999999999854,41.72999999999956,120,2026-03-04 16:47:00+00:00,5162.33,5175.43,0,2026-03-04 14:48:00+00:00,5162.33,stop_loss,-13.909999999999854,False
1,2026-03-04 15:30:00+00:00,2026-03-04 15:32:00+00:00,5162.51,breakout_next_open,5132.19,5253.470000000002,30.32000000000062,90.96000000000186,120,2026-03-04 18:45:00+00:00,5132.19,5141.24,4,2026-03-04 17:23:00+00:00,5132.19,stop_loss,-30.32000000000062,False
1,2026-03-04 18:00:00+00:00,2026-03-04 18:02:00+00:00,5140.32,breakout_next_open,5135.72,5154.119999999998,4.599999999999454,13.799999999998363,120,2026-03-04 20:02:00+00:00,5135.72,5140.26,0,2026-03-04 18:04:00+00:00,5135.72,stop_loss,-4.599999999999454,False
-1,2026-03-05 13:30:00+00:00,2026-03-05 13:32:00+00:00,5117.11,breakout_next_open,5160.86,4985.86,43.75,131.25,120,2026-03-05 22:45:00+00:00,5136.61,5160.86,16,2026-03-05 23:01:00+00:00,5090.76,timeout,26.349999999999454,True
-1,2026-03-06 08:15:00+00:00,2026-03-06 08:17:00+00:00,5115.72,breakout_next_open,5121.43,5098.59,5.710000000000036,17.13000000000011,120,2026-03-06 10:17:00+00:00,5115.86,5121.43,0,2026-03-06 08:28:00+00:00,5098.59,target_hit,17.13000000000011,True
-1,2026-03-06 08:30:00+00:00,2026-03-06 08:32:00+00:00,5097.17,breakout_next_open,5112.18,5052.139999999999,15.010000000000218,45.030000000000655,120,2026-03-06 10:32:00+00:00,5107.5,5112.18,0,2026-03-06 08:47:00+00:00,5112.18,stop_loss,-15.010000000000218,False
-1,2026-03-06 09:15:00+00:00,2026-03-06 09:17:00+00:00,5098.86,breakout_next_open,5109.66,5066.459999999999,10.800000000000182,32.400000000000546,120,2026-03-06 13:15:00+00:00,5104.46,5109.66,5,2026-03-06 11:56:00+00:00,5066.459999999999,target_hit,32.400000000000546,True
-1,2026-03-06 12:45:00+00:00,2026-03-06 12:55:00+00:00,5084.54,breakout_next_open,5090.78,5065.820000000001,6.239999999999782,18.719999999999345,120,2026-03-06 14:55:00+00:00,5085.86,5090.78,0,2026-03-06 12:56:00+00:00,5090.78,stop_loss,-6.239999999999782,False
-1,2026-03-06 13:00:00+00:00,2026-03-06 13:02:00+00:00,5074.23,breakout_next_open,5097.87,5003.309999999999,23.640000000000327,70.92000000000098,120,2026-03-06 15:15:00+00:00,5092.69,5097.87,1,2026-03-06 13:30:00+00:00,5097.87,stop_loss,-23.640000000000327,False
-1,2026-03-06 14:00:00+00:00,2026-03-06 14:02:00+00:00,5095.72,breakout_next_open,5122.74,5014.660000000002,27.019999999999527,81.05999999999858,120,2026-03-06 16:45:00+00:00,5115.0,5122.74,2,2026-03-06 14:57:00+00:00,5122.74,stop_loss,-27.019999999999527,False
-1,2026-03-06 15:45:00+00:00,2026-03-06 15:47:00+00:00,5151.01,breakout_next_open,5160.33,5123.050000000001,9.319999999999709,27.959999999999127,120,2026-03-06 20:00:00+00:00,5153.55,5160.33,5,2026-03-06 18:42:00+00:00,5160.33,stop_loss,-9.319999999999709,False
-1,2026-03-06 19:00:00+00:00,2026-03-06 19:02:00+00:00,5162.32,breakout_next_open,5167.05,5148.129999999998,4.730000000000473,14.190000000001419,120,2026-03-06 21:02:00+00:00,5161.76,5167.05,0,2026-03-06 19:04:00+00:00,5167.05,stop_loss,-4.730000000000473,False
-1,2026-03-06 19:30:00+00:00,2026-03-06 19:32:00+00:00,5165.65,breakout_next_open,5169.96,5152.719999999998,4.3100000000004,12.9300000000012,120,2026-03-06 22:15:00+00:00,5164.98,5169.96,1,2026-03-06 20:21:00+00:00,5152.719999999998,target_hit,12.9300000000012,True
-1,2026-03-06 20:30:00+00:00,2026-03-06 20:32:00+00:00,5153.74,breakout_next_open,5161.34,5130.939999999999,7.600000000000364,22.80000000000109,120,2026-03-06 22:32:00+00:00,5154.75,5161.34,0,2026-03-06 20:40:00+00:00,5161.34,stop_loss,-7.600000000000364,False
-1,2026-03-09 09:45:00+00:00,2026-03-09 09:47:00+00:00,5102.7,breakout_next_open,5132.62,5012.94,29.920000000000073,89.76000000000022,120,2026-03-09 14:45:00+00:00,5125.29,5132.62,6,2026-03-09 14:45:00+00:00,5112.41,timeout,-9.710000000000036,False
1,2026-03-10 08:00:00+00:00,2026-03-10 08:02:00+00:00,5181.81,breakout_next_open,5177.55,5194.590000000001,4.260000000000218,12.780000000000655,120,2026-03-10 10:02:00+00:00,5177.55,5182.18,0,2026-03-10 08:03:00+00:00,5177.55,stop_loss,-4.260000000000218,False
1,2026-03-10 08:45:00+00:00,2026-03-10 08:47:00+00:00,5191.16,breakout_next_open,5182.97,5215.729999999999,8.1899999999996,24.5699999999988,120,2026-03-10 10:47:00+00:00,5182.97,5189.78,0,2026-03-10 08:56:00+00:00,5182.97,stop_loss,-8.1899999999996,False
1,2026-03-10 09:15:00+00:00,2026-03-10 09:17:00+00:00,5184.87,breakout_next_open,5180.22,5198.819999999999,4.649999999999636,13.949999999998909,120,2026-03-10 11:17:00+00:00,5180.22,5185.33,0,2026-03-10 10:01:00+00:00,5180.22,stop_loss,-4.649999999999636,False
1,2026-03-10 10:15:00+00:00,2026-03-10 10:17:00+00:00,5181.09,breakout_next_open,5177.25,5192.610000000001,3.8400000000001455,11.520000000000437,120,2026-03-10 12:17:00+00:00,5177.25,5181.3,0,2026-03-10 10:18:00+00:00,5177.25,stop_loss,-3.8400000000001455,False
-1,2026-03-11 14:45:00+00:00,2026-03-11 14:47:00+00:00,5180.42,breakout_next_open,5192.91,5142.950000000001,12.489999999999782,37.469999999999345,120,2026-03-11 16:47:00+00:00,5187.21,5192.91,0,2026-03-11 14:50:00+00:00,5192.91,stop_loss,-12.489999999999782,False
-1,2026-03-11 15:15:00+00:00,2026-03-11 15:17:00+00:00,5173.94,breakout_next_open,5181.72,5150.599999999998,7.780000000000655,23.340000000001965,120,2026-03-11 19:30:00+00:00,5177.03,5181.72,5,2026-03-11 19:30:00+00:00,5177.45,timeout,-3.5100000000002183,False
1,2026-03-12 12:30:00+00:00,2026-03-12 12:32:00+00:00,5173.94,breakout_next_open,5165.71,5198.629999999998,8.229999999999563,24.68999999999869,120,2026-03-12 15:00:00+00:00,5165.71,5169.58,1,2026-03-12 13:22:00+00:00,5165.71,stop_loss,-8.229999999999563,False
1,2026-03-12 14:15:00+00:00,2026-03-12 14:17:00+00:00,5155.74,breakout_next_open,5150.18,5172.419999999998,5.559999999999491,16.679999999998472,120,2026-03-12 16:17:00+00:00,5150.18,5156.84,0,2026-03-12 14:24:00+00:00,5150.18,stop_loss,-5.559999999999491,False
1,2026-03-12 18:00:00+00:00,2026-03-12 18:03:00+00:00,5109.53,breakout_next_open,5107.22,5116.459999999998,2.3099999999994907,6.929999999998472,120,2026-03-12 20:03:00+00:00,5107.22,5112.28,0,2026-03-12 18:04:00+00:00,5107.22,stop_loss,-2.3099999999994907,False
1,2026-03-12 19:30:00+00:00,2026-03-12 19:32:00+00:00,5096.35,breakout_next_open,5089.37,5117.290000000002,6.980000000000473,20.94000000000142,120,2026-03-12 21:32:00+00:00,5089.37,5095.61,0,2026-03-12 19:56:00+00:00,5089.37,stop_loss,-6.980000000000473,False
-1,2026-03-13 08:15:00+00:00,2026-03-13 08:17:00+00:00,5075.7,breakout_next_open,5086.34,5043.779999999999,10.640000000000327,31.920000000000982,120,2026-03-13 10:17:00+00:00,5080.22,5086.34,0,2026-03-13 08:50:00+00:00,5086.34,stop_loss,-10.640000000000327,False
1,2026-03-16 08:00:00+00:00,2026-03-16 08:11:00+00:00,5000.51,breakout_next_open,4992.87,5023.430000000001,7.640000000000327,22.920000000000982,120,2026-03-16 10:11:00+00:00,4992.87,4999.72,0,2026-03-16 08:13:00+00:00,4992.87,stop_loss,-7.640000000000327,False
1,2026-03-16 08:15:00+00:00,2026-03-16 08:24:00+00:00,5001.54,breakout_next_open,4994.72,5021.999999999999,6.819999999999709,20.459999999999127,120,2026-03-16 10:24:00+00:00,4994.72,4999.4,0,2026-03-16 08:30:00+00:00,4994.72,stop_loss,-6.819999999999709,False
1,2026-03-16 08:30:00+00:00,2026-03-16 08:32:00+00:00,4996.33,breakout_next_open,4987.81,5021.8899999999985,8.519999999999527,25.55999999999858,120,2026-03-16 10:32:00+00:00,4987.81,4992.6,0,2026-03-16 08:39:00+00:00,4987.81,stop_loss,-8.519999999999527,False
1,2026-03-16 16:45:00+00:00,2026-03-16 16:47:00+00:00,4986.35,breakout_next_open,4978.55,5009.750000000001,7.800000000000182,23.400000000000546,120,2026-03-16 20:30:00+00:00,4978.55,4983.74,4,2026-03-16 18:33:00+00:00,5009.750000000001,target_hit,23.400000000000546,True
1,2026-03-16 18:30:00+00:00,2026-03-16 18:34:00+00:00,5010.76,breakout_next_open,5002.32,5036.080000000002,8.44000000000051,25.320000000001528,120,2026-03-16 21:45:00+00:00,5002.32,5008.36,3,2026-03-16 22:01:00+00:00,5009.77,timeout,-0.9899999999997817,False
1,2026-03-17 11:15:00+00:00,2026-03-17 11:17:00+00:00,5007.71,breakout_next_open,4997.8,5037.44,9.909999999999854,29.729999999999563,120,2026-03-17 15:15:00+00:00,4997.8,5001.89,2,2026-03-17 15:15:00+00:00,5010.85,timeout,3.1400000000003274,True
-1,2026-03-17 16:45:00+00:00,2026-03-17 16:47:00+00:00,4999.67,breakout_next_open,5005.9,4980.980000000001,6.229999999999563,18.68999999999869,120,2026-03-17 19:00:00+00:00,5001.89,5005.9,1,2026-03-17 17:02:00+00:00,5005.9,stop_loss,-6.229999999999563,False
-1,2026-03-17 17:30:00+00:00,2026-03-17 17:41:00+00:00,5001.31,breakout_next_open,5007.11,4983.910000000003,5.799999999999272,17.399999999997817,120,2026-03-17 19:45:00+00:00,5001.26,5007.11,1,2026-03-17 18:06:00+00:00,5007.11,stop_loss,-5.799999999999272,False
1,2026-03-18 08:15:00+00:00,2026-03-18 08:17:00+00:00,4992.24,breakout_next_open,4988.1,5004.659999999998,4.139999999999418,12.419999999998254,120,2026-03-18 10:17:00+00:00,4988.1,4992.65,0,2026-03-18 08:20:00+00:00,4988.1,stop_loss,-4.139999999999418,False
1,2026-03-18 09:00:00+00:00,2026-03-18 09:02:00+00:00,4989.14,breakout_next_open,4983.95,5004.710000000002,5.190000000000509,15.570000000001528,120,2026-03-18 11:30:00+00:00,4983.95,4989.73,1,2026-03-18 10:28:00+00:00,4983.95,stop_loss,-5.190000000000509,False
-1,2026-03-18 18:30:00+00:00,2026-03-18 18:33:00+00:00,4878.55,breakout_next_open,4887.86,4850.620000000002,9.30999999999949,27.929999999998472,120,2026-03-18 20:45:00+00:00,4878.49,4887.86,1,2026-03-18 19:00:00+00:00,4850.620000000002,target_hit,27.929999999998472,True
-1,2026-03-18 19:00:00+00:00,2026-03-18 19:02:00+00:00,4851.22,breakout_next_open,4879.03,4767.790000000002,27.80999999999949,83.42999999999847,120,2026-03-18 21:02:00+00:00,4874.05,4879.03,0,2026-03-18 22:01:00+00:00,4833.5,timeout,17.720000000000255,True
-1,2026-03-19 08:45:00+00:00,2026-03-19 08:47:00+00:00,4700.83,breakout_next_open,4722.59,4635.549999999999,21.76000000000022,65.28000000000065,120,2026-03-19 10:47:00+00:00,4711.67,4722.59,0,2026-03-19 09:23:00+00:00,4722.59,stop_loss,-21.76000000000022,False
-1,2026-03-19 10:30:00+00:00,2026-03-19 10:32:00+00:00,4683.65,breakout_next_open,4706.22,4615.939999999998,22.57000000000062,67.71000000000186,120,2026-03-19 14:00:00+00:00,4697.79,4706.22,3,2026-03-19 12:11:00+00:00,4615.939999999998,target_hit,67.71000000000186,True
-1,2026-03-19 12:15:00+00:00,2026-03-19 12:17:00+00:00,4625.85,breakout_next_open,4653.44,4543.080000000003,27.589999999999236,82.76999999999771,120,2026-03-19 14:30:00+00:00,4637.76,4653.44,1,2026-03-19 12:47:00+00:00,4543.080000000003,target_hit,82.76999999999771,True
-1,2026-03-19 13:00:00+00:00,2026-03-19 13:02:00+00:00,4523.84,breakout_next_open,4565.91,4397.630000000001,42.06999999999971,126.20999999999913,120,2026-03-19 15:02:00+00:00,4548.64,4565.91,0,2026-03-19 13:05:00+00:00,4565.91,stop_loss,-42.06999999999971,False
-1,2026-03-19 13:15:00+00:00,2026-03-19 13:17:00+00:00,4548.5,breakout_next_open,4574.82,4469.540000000001,26.31999999999971,78.95999999999913,120,2026-03-19 15:17:00+00:00,4552.18,4574.82,0,2026-03-19 13:20:00+00:00,4574.82,stop_loss,-26.31999999999971,False
-1,2026-03-19 13:45:00+00:00,2026-03-19 13:47:00+00:00,4553.86,breakout_next_open,4577.91,4481.709999999999,24.050000000000182,72.15000000000055,120,2026-03-19 15:47:00+00:00,4557.23,4577.91,0,2026-03-19 13:52:00+00:00,4577.91,stop_loss,-24.050000000000182,False
-1,2026-03-19 14:30:00+00:00,2026-03-19 14:32:00+00:00,4593.93,breakout_next_open,4636.09,4467.450000000001,42.159999999999854,126.47999999999956,120,2026-03-19 17:00:00+00:00,4613.63,4636.09,1,2026-03-19 15:06:00+00:00,4636.09,stop_loss,-42.159999999999854,False
-1,2026-03-19 15:30:00+00:00,2026-03-19 15:32:00+00:00,4589.57,breakout_next_open,4629.7,4469.179999999999,40.13000000000011,120.39000000000033,120,2026-03-19 19:30:00+00:00,4618.55,4629.7,5,2026-03-19 17:52:00+00:00,4629.7,stop_loss,-40.13000000000011,False
-1,2026-03-19 18:15:00+00:00,2026-03-19 18:24:00+00:00,4604.65,breakout_next_open,4619.39,4560.429999999998,14.740000000000691,44.220000000002074,120,2026-03-19 20:45:00+00:00,4605.94,4619.39,2,2026-03-19 18:58:00+00:00,4619.39,stop_loss,-14.740000000000691,False
-1,2026-03-19 19:30:00+00:00,2026-03-19 19:32:00+00:00,4640.36,breakout_next_open,4655.39,4595.269999999998,15.030000000000655,45.090000000001965,120,2026-03-19 21:45:00+00:00,4647.64,4655.39,1,2026-03-19 20:08:00+00:00,4655.39,stop_loss,-15.030000000000655,False
-1,2026-03-20 12:30:00+00:00,2026-03-20 12:32:00+00:00,4676.4,breakout_next_open,4688.63,4639.709999999998,12.230000000000473,36.69000000000142,120,2026-03-20 15:15:00+00:00,4678.5,4688.63,2,2026-03-20 13:35:00+00:00,4639.709999999998,target_hit,36.69000000000142,True
-1,2026-03-20 13:45:00+00:00,2026-03-20 13:47:00+00:00,4653.21,breakout_next_open,4666.52,4613.279999999999,13.3100000000004,39.9300000000012,120,2026-03-20 15:47:00+00:00,4652.08,4666.52,0,2026-03-20 13:58:00+00:00,4613.279999999999,target_hit,39.9300000000012,True
-1,2026-03-20 14:00:00+00:00,2026-03-20 14:02:00+00:00,4609.95,breakout_next_open,4662.86,4451.22,52.909999999999854,158.72999999999956,120,2026-03-20 21:00:00+00:00,4651.34,4662.86,11,2026-03-22 22:01:00+00:00,4478.3,timeout,131.64999999999964,True
-1,2026-03-23 09:45:00+00:00,2026-03-23 09:47:00+00:00,4238.99,breakout_next_open,4307.49,4033.49,68.5,205.5,120,2026-03-23 13:00:00+00:00,4293.08,4307.49,2,2026-03-23 11:05:00+00:00,4307.49,stop_loss,-68.5,False
-1,2026-03-23 11:30:00+00:00,2026-03-23 11:32:00+00:00,4408.27,breakout_next_open,4463.49,4242.610000000002,55.219999999999345,165.65999999999804,120,2026-03-23 14:45:00+00:00,4417.24,4463.49,2,2026-03-23 12:49:00+00:00,4463.49,stop_loss,-55.219999999999345,False
-1,2026-03-23 13:15:00+00:00,2026-03-23 13:17:00+00:00,4445.82,breakout_next_open,4487.27,4321.4699999999975,41.45000000000073,124.35000000000218,120,2026-03-23 15:17:00+00:00,4464.4,4487.27,0,2026-03-23 14:17:00+00:00,4487.27,stop_loss,-41.45000000000073,False
-1,2026-03-23 14:45:00+00:00,2026-03-23 14:47:00+00:00,4477.97,breakout_next_open,4487.51,4449.35,9.539999999999964,28.61999999999989,120,2026-03-23 17:00:00+00:00,4473.8,4487.51,1,2026-03-23 15:16:00+00:00,4449.35,target_hit,28.61999999999989,True
-1,2026-03-23 15:30:00+00:00,2026-03-23 15:32:00+00:00,4454.77,breakout_next_open,4466.5,4419.580000000002,11.729999999999563,35.18999999999869,120,2026-03-23 17:32:00+00:00,4448.39,4466.5,0,2026-03-23 15:37:00+00:00,4419.580000000002,target_hit,35.18999999999869,True
-1,2026-03-23 16:00:00+00:00,2026-03-23 16:02:00+00:00,4374.0,breakout_next_open,4414.8,4251.599999999999,40.80000000000018,122.40000000000055,120,2026-03-23 19:30:00+00:00,4403.17,4414.8,2,2026-03-23 17:31:00+00:00,4414.8,stop_loss,-40.80000000000018,False
-1,2026-03-23 18:00:00+00:00,2026-03-23 18:08:00+00:00,4407.29,breakout_next_open,4418.64,4373.239999999999,11.350000000000364,34.05000000000109,120,2026-03-23 20:08:00+00:00,4410.64,4418.64,0,2026-03-23 18:09:00+00:00,4418.64,stop_loss,-11.350000000000364,False
-1,2026-03-23 18:15:00+00:00,2026-03-23 18:17:00+00:00,4410.39,breakout_next_open,4427.44,4359.2400000000025,17.049999999999272,51.14999999999782,120,2026-03-23 20:17:00+00:00,4420.96,4427.44,0,2026-03-23 18:26:00+00:00,4427.44,stop_loss,-17.049999999999272,False
-1,2026-03-23 19:15:00+00:00,2026-03-23 19:17:00+00:00,4399.92,breakout_next_open,4446.32,4260.720000000001,46.399999999999636,139.1999999999989,120,2026-03-23 21:45:00+00:00,4439.36,4446.32,2,2026-03-23 22:01:00+00:00,4419.9,timeout,-19.979999999999563,False
-1,2026-03-24 08:00:00+00:00,2026-03-24 08:02:00+00:00,4404.48,breakout_next_open,4409.63,4389.029999999998,5.150000000000546,15.450000000001637,120,2026-03-24 10:02:00+00:00,4403.08,4409.63,0,2026-03-24 08:03:00+00:00,4409.63,stop_loss,-5.150000000000546,False
-1,2026-03-24 08:15:00+00:00,2026-03-24 08:20:00+00:00,4404.61,breakout_next_open,4418.32,4363.48,13.710000000000036,41.13000000000011,120,2026-03-24 10:30:00+00:00,4401.24,4418.32,1,2026-03-24 09:03:00+00:00,4418.32,stop_loss,-13.710000000000036,False
-1,2026-03-24 09:15:00+00:00,2026-03-24 09:17:00+00:00,4400.39,breakout_next_open,4409.15,4374.110000000002,8.759999999999309,26.279999999997926,120,2026-03-24 11:17:00+00:00,4403.61,4409.15,0,2026-03-24 09:18:00+00:00,4409.15,stop_loss,-8.759999999999309,False
-1,2026-03-24 09:45:00+00:00,2026-03-24 09:53:00+00:00,4412.67,breakout_next_open,4416.65,4400.730000000001,3.9799999999995634,11.93999999999869,120,2026-03-24 11:53:00+00:00,4412.11,4416.65,0,2026-03-24 09:54:00+00:00,4416.65,stop_loss,-3.9799999999995634,False
-1,2026-03-24 11:00:00+00:00,2026-03-24 11:02:00+00:00,4387.8,breakout_next_open,4427.11,4269.870000000002,39.30999999999949,117.92999999999847,120,2026-03-24 13:30:00+00:00,4419.17,4427.11,1,2026-03-24 11:34:00+00:00,4427.11,stop_loss,-39.30999999999949,False
-1,2026-03-24 13:15:00+00:00,2026-03-24 13:20:00+00:00,4372.37,breakout_next_open,4380.71,4347.349999999999,8.340000000000146,25.020000000000437,120,2026-03-24 15:30:00+00:00,4369.97,4380.71,1,2026-03-24 13:57:00+00:00,4380.71,stop_loss,-8.340000000000146,False
-1,2026-03-24 15:00:00+00:00,2026-03-24 15:03:00+00:00,4409.32,breakout_next_open,4415.05,4392.129999999998,5.730000000000473,17.19000000000142,120,2026-03-24 17:03:00+00:00,4407.5,4415.05,0,2026-03-24 15:06:00+00:00,4415.05,stop_loss,-5.730000000000473,False
-1,2026-03-24 15:15:00+00:00,2026-03-24 15:18:00+00:00,4407.13,breakout_next_open,4421.94,4362.700000000002,14.80999999999949,44.42999999999847,120,2026-03-24 17:30:00+00:00,4407.81,4421.94,1,2026-03-24 15:37:00+00:00,4421.94,stop_loss,-14.80999999999949,False
-1,2026-03-24 16:45:00+00:00,2026-03-24 16:49:00+00:00,4418.25,breakout_next_open,4424.31,4400.069999999999,6.0600000000004,18.1800000000012,120,2026-03-24 18:49:00+00:00,4417.81,4424.31,0,2026-03-24 16:50:00+00:00,4424.31,stop_loss,-6.0600000000004,False
-1,2026-03-24 17:00:00+00:00,2026-03-24 17:03:00+00:00,4418.92,breakout_next_open,4427.91,4391.950000000001,8.989999999999782,26.969999999999345,120,2026-03-24 19:03:00+00:00,4420.39,4427.91,0,2026-03-24 17:08:00+00:00,4391.950000000001,target_hit,26.969999999999345,True
-1,2026-03-24 17:30:00+00:00,2026-03-24 17:32:00+00:00,4390.89,breakout_next_open,4404.65,4349.610000000002,13.759999999999309,41.279999999997926,120,2026-03-24 20:15:00+00:00,4401.05,4404.65,3,2026-03-24 18:24:00+00:00,4404.65,stop_loss,-13.759999999999309,False
-1,2026-03-24 19:45:00+00:00,2026-03-24 19:52:00+00:00,4398.19,breakout_next_open,4403.96,4380.879999999998,5.770000000000437,17.31000000000131,120,2026-03-24 21:52:00+00:00,4397.03,4403.96,0,2026-03-24 19:53:00+00:00,4403.96,stop_loss,-5.770000000000437,False
-1,2026-03-25 08:00:00+00:00,2026-03-25 08:02:00+00:00,4537.94,breakout_next_open,4549.2,4504.159999999999,11.260000000000218,33.780000000000655,120,2026-03-25 10:02:00+00:00,4543.04,4549.2,0,2026-03-25 08:03:00+00:00,4549.2,stop_loss,-11.260000000000218,False
-1,2026-03-25 09:00:00+00:00,2026-03-25 09:02:00+00:00,4560.56,breakout_next_open,4564.37,4549.130000000002,3.8099999999994907,11.429999999998472,120,2026-03-25 11:02:00+00:00,4558.7,4564.37,0,2026-03-25 09:03:00+00:00,4564.37,stop_loss,-3.8099999999994907,False
-1,2026-03-25 09:30:00+00:00,2026-03-25 09:34:00+00:00,4556.5,breakout_next_open,4564.14,4533.579999999999,7.640000000000327,22.920000000000982,120,2026-03-25 11:45:00+00:00,4556.53,4564.14,1,2026-03-25 09:48:00+00:00,4533.579999999999,target_hit,22.920000000000982,True
-1,2026-03-25 12:45:00+00:00,2026-03-25 12:47:00+00:00,4542.25,breakout_next_open,4549.19,4521.430000000001,6.9399999999996,20.8199999999988,120,2026-03-25 14:47:00+00:00,4537.6,4549.19,0,2026-03-25 12:55:00+00:00,4549.19,stop_loss,-6.9399999999996,False
-1,2026-03-25 13:45:00+00:00,2026-03-25 13:47:00+00:00,4556.98,breakout_next_open,4569.8,4518.519999999998,12.820000000000618,38.460000000001855,120,2026-03-25 16:15:00+00:00,4562.21,4569.8,2,2026-03-25 14:45:00+00:00,4569.8,stop_loss,-12.820000000000618,False
-1,2026-03-25 17:15:00+00:00,2026-03-25 17:17:00+00:00,4546.33,breakout_next_open,4558.18,4510.779999999999,11.850000000000364,35.55000000000109,120,2026-03-25 19:17:00+00:00,4550.71,4558.18,0,2026-03-25 17:27:00+00:00,4558.18,stop_loss,-11.850000000000364,False
-1,2026-03-25 18:00:00+00:00,2026-03-25 18:03:00+00:00,4553.2,breakout_next_open,4559.12,4535.44,5.920000000000073,17.76000000000022,120,2026-03-25 20:03:00+00:00,4552.97,4559.12,0,2026-03-25 18:06:00+00:00,4559.12,stop_loss,-5.920000000000073,False
-1,2026-03-25 19:00:00+00:00,2026-03-25 19:02:00+00:00,4534.54,breakout_next_open,4550.76,4485.879999999999,16.220000000000255,48.660000000000764,120,2026-03-25 21:15:00+00:00,4544.19,4550.76,1,2026-03-25 22:01:00+00:00,4515.68,timeout,18.859999999999673,True
-1,2026-03-26 08:00:00+00:00,2026-03-26 08:02:00+00:00,4456.76,breakout_next_open,4460.34,4446.02,3.5799999999999272,10.739999999999782,120,2026-03-26 10:02:00+00:00,4456.14,4460.34,0,2026-03-26 08:13:00+00:00,4446.02,target_hit,10.739999999999782,True
-1,2026-03-26 08:15:00+00:00,2026-03-26 08:17:00+00:00,4435.53,breakout_next_open,4457.43,4369.829999999998,21.900000000000546,65.70000000000164,120,2026-03-26 12:15:00+00:00,4449.27,4457.43,5,2026-03-26 11:20:00+00:00,4457.43,stop_loss,-21.900000000000546,False
-1,2026-03-26 11:45:00+00:00,2026-03-26 11:47:00+00:00,4436.97,breakout_next_open,4450.94,4395.060000000002,13.969999999999345,41.909999999998035,120,2026-03-26 15:15:00+00:00,4444.41,4450.94,2,2026-03-26 13:23:00+00:00,4450.94,stop_loss,-13.969999999999345,False
-1,2026-03-26 15:15:00+00:00,2026-03-26 15:17:00+00:00,4452.64,breakout_next_open,4466.76,4410.280000000001,14.11999999999989,42.35999999999967,120,2026-03-26 18:15:00+00:00,4459.82,4466.76,4,2026-03-26 16:21:00+00:00,4410.280000000001,target_hit,42.35999999999967,True
-1,2026-03-26 16:30:00+00:00,2026-03-26 16:32:00+00:00,4383.88,breakout_next_open,4440.52,4213.959999999999,56.64000000000033,169.92000000000098,120,2026-03-26 21:45:00+00:00,4434.51,4440.52,8,2026-03-26 22:01:00+00:00,4385.31,timeout,-1.430000000000291,False
-1,2026-03-27 08:30:00+00:00,2026-03-27 08:32:00+00:00,4433.67,breakout_next_open,4445.07,4399.470000000001,11.399999999999636,34.19999999999891,120,2026-03-27 13:00:00+00:00,4438.86,4445.07,5,2026-03-27 12:51:00+00:00,4445.07,stop_loss,-11.399999999999636,False
1,2026-03-27 15:30:00+00:00,2026-03-27 15:32:00+00:00,4550.94,breakout_next_open,4521.99,4637.789999999999,28.949999999999818,86.84999999999945,120,2026-03-27 17:45:00+00:00,4521.99,4531.17,1,2026-03-27 15:55:00+00:00,4521.99,stop_loss,-28.949999999999818,False
1,2026-03-27 16:15:00+00:00,2026-03-27 16:17:00+00:00,4529.07,breakout_next_open,4520.4,4555.08,8.670000000000073,26.01000000000022,120,2026-03-27 18:17:00+00:00,4520.4,4530.31,0,2026-03-27 16:31:00+00:00,4520.4,stop_loss,-8.670000000000073,False
1,2026-03-27 17:00:00+00:00,2026-03-27 17:07:00+00:00,4521.57,breakout_next_open,4508.64,4560.359999999998,12.929999999999382,38.789999999998145,120,2026-03-27 19:07:00+00:00,4508.64,4515.51,0,2026-03-27 17:15:00+00:00,4508.64,stop_loss,-12.929999999999382,False
1,2026-03-27 18:00:00+00:00,2026-03-27 18:02:00+00:00,4495.69,breakout_next_open,4488.27,4517.949999999997,7.419999999999163,22.25999999999749,120,2026-03-27 20:30:00+00:00,4488.27,4495.26,2,2026-03-27 18:36:00+00:00,4517.949999999997,target_hit,22.25999999999749,True
1,2026-03-27 18:45:00+00:00,2026-03-27 18:47:00+00:00,4521.03,breakout_next_open,4511.47,4549.709999999998,9.55999999999949,28.679999999998472,120,2026-03-27 20:47:00+00:00,4511.47,4515.09,0,2026-03-27 19:03:00+00:00,4511.47,stop_loss,-9.55999999999949,False
1,2026-03-27 19:30:00+00:00,2026-03-27 19:32:00+00:00,4523.98,breakout_next_open,4512.91,4557.189999999999,11.069999999999709,33.20999999999913,120,2026-03-27 21:32:00+00:00,4512.91,4518.53,0,2026-03-27 19:39:00+00:00,4512.91,stop_loss,-11.069999999999709,False
1,2026-03-30 08:00:00+00:00,2026-03-30 08:02:00+00:00,4527.41,breakout_next_open,4519.98,4549.700000000001,7.430000000000291,22.290000000000873,120,2026-03-30 13:30:00+00:00,4519.98,4525.61,5,2026-03-30 11:42:00+00:00,4549.700000000001,target_hit,22.290000000000873,True
1,2026-03-30 11:45:00+00:00,2026-03-30 11:47:00+00:00,4570.54,breakout_next_open,4543.13,4652.7699999999995,27.409999999999854,82.22999999999956,120,2026-03-30 15:15:00+00:00,4543.13,4551.73,3,2026-03-30 13:45:00+00:00,4543.13,stop_loss,-27.409999999999854,False
1,2026-03-30 14:45:00+00:00,2026-03-30 14:47:00+00:00,4529.24,breakout_next_open,4517.24,4565.24,12.0,36.0,120,2026-03-30 19:30:00+00:00,4517.24,4526.68,6,2026-03-30 17:32:00+00:00,4517.24,stop_loss,-12.0,False
1,2026-03-30 18:15:00+00:00,2026-03-30 18:21:00+00:00,4519.42,breakout_next_open,4516.76,4527.4,2.6599999999998545,7.979999999999563,120,2026-03-30 20:21:00+00:00,4516.76,4520.67,0,2026-03-30 18:22:00+00:00,4516.76,stop_loss,-2.6599999999998545,False
1,2026-03-30 19:30:00+00:00,2026-03-30 19:32:00+00:00,4499.17,breakout_next_open,4493.58,4515.9400000000005,5.5900000000001455,16.770000000000437,120,2026-03-30 21:45:00+00:00,4493.58,4499.2,1,2026-03-30 19:56:00+00:00,4515.9400000000005,target_hit,16.770000000000437,True
1,2026-03-31 08:00:00+00:00,2026-03-31 08:02:00+00:00,4562.65,breakout_next_open,4558.35,4575.549999999997,4.299999999999272,12.899999999997817,120,2026-03-31 11:15:00+00:00,4558.35,4565.09,3,2026-03-31 09:30:00+00:00,4558.35,stop_loss,-4.299999999999272,False
1,2026-03-31 10:15:00+00:00,2026-03-31 10:20:00+00:00,4558.82,breakout_next_open,4555.25,4569.529999999999,3.569999999999709,10.709999999999127,120,2026-03-31 12:20:00+00:00,4555.25,4559.75,0,2026-03-31 10:34:00+00:00,4555.25,stop_loss,-3.569999999999709,False
1,2026-03-31 11:00:00+00:00,2026-03-31 11:02:00+00:00,4548.96,breakout_next_open,4541.43,4571.549999999999,7.529999999999745,22.589999999999236,120,2026-03-31 13:02:00+00:00,4541.43,4548.99,0,2026-03-31 11:10:00+00:00,4541.43,stop_loss,-7.529999999999745,False
1,2026-03-31 11:15:00+00:00,2026-03-31 11:17:00+00:00,4563.88,breakout_next_open,4546.96,4614.64,16.920000000000073,50.76000000000022,120,2026-03-31 15:45:00+00:00,4546.96,4550.79,5,2026-03-31 14:00:00+00:00,4614.64,target_hit,50.76000000000022,True
1,2026-03-31 15:15:00+00:00,2026-03-31 15:17:00+00:00,4619.85,breakout_next_open,4599.1,4682.1,20.75,62.25,120,2026-03-31 21:15:00+00:00,4599.1,4605.83,12,2026-03-31 19:21:00+00:00,4682.1,target_hit,62.25,True
1,2026-03-31 19:30:00+00:00,2026-03-31 19:32:00+00:00,4676.78,breakout_next_open,4668.5,4701.619999999999,8.279999999999745,24.839999999999236,120,2026-03-31 21:45:00+00:00,4668.5,4673.77,1,2026-03-31 20:27:00+00:00,4668.5,stop_loss,-8.279999999999745,False
1,2026-04-01 07:00:00+00:00,2026-04-01 07:02:00+00:00,4728.19,breakout_next_open,4708.17,4788.249999999998,20.019999999999527,60.05999999999858,120,2026-04-01 17:45:00+00:00,4708.17,4718.58,19,2026-04-01 15:50:00+00:00,4788.249999999998,target_hit,60.05999999999858,True
1,2026-04-01 16:30:00+00:00,2026-04-01 16:33:00+00:00,4779.43,breakout_next_open,4774.76,4793.4400000000005,4.670000000000073,14.010000000000218,120,2026-04-01 18:33:00+00:00,4774.76,4779.63,0,2026-04-01 17:06:00+00:00,4793.4400000000005,target_hit,14.010000000000218,True
1,2026-04-01 19:15:00+00:00,2026-04-01 19:17:00+00:00,4760.53,breakout_next_open,4753.98,4780.18,6.550000000000182,19.650000000000546,120,2026-04-01 21:45:00+00:00,4753.98,4759.34,1,2026-04-01 20:41:00+00:00,4753.98,stop_loss,-6.550000000000182,False
-1,2026-04-02 10:00:00+00:00,2026-04-02 10:02:00+00:00,4624.39,breakout_next_open,4627.43,4615.27,3.0399999999999636,9.11999999999989,120,2026-04-02 12:02:00+00:00,4622.27,4627.43,0,2026-04-02 10:03:00+00:00,4627.43,stop_loss,-3.0399999999999636,False
-1,2026-04-02 10:30:00+00:00,2026-04-02 10:32:00+00:00,4618.86,breakout_next_open,4625.14,4600.019999999998,6.280000000000655,18.840000000001965,120,2026-04-02 12:32:00+00:00,4619.8,4625.14,0,2026-04-02 10:42:00+00:00,4625.14,stop_loss,-6.280000000000655,False
-1,2026-04-02 11:45:00+00:00,2026-04-02 11:47:00+00:00,4600.52,breakout_next_open,4617.5,4549.580000000002,16.979999999999563,50.93999999999869,120,2026-04-02 13:47:00+00:00,4609.14,4617.5,0,2026-04-02 12:20:00+00:00,4617.5,stop_loss,-16.979999999999563,False
-1,2026-04-02 12:45:00+00:00,2026-04-02 12:47:00+00:00,4619.68,breakout_next_open,4627.66,4595.740000000002,7.979999999999563,23.93999999999869,120,2026-04-02 14:47:00+00:00,4621.28,4627.66,0,2026-04-02 13:00:00+00:00,4595.740000000002,target_hit,23.93999999999869,True
-1,2026-04-02 13:00:00+00:00,2026-04-02 13:02:00+00:00,4596.52,breakout_next_open,4620.08,4525.840000000002,23.55999999999949,70.67999999999847,120,2026-04-02 15:15:00+00:00,4613.32,4620.08,1,2026-04-02 13:47:00+00:00,4620.08,stop_loss,-23.55999999999949,False
1,2026-04-02 14:45:00+00:00,2026-04-02 14:47:00+00:00,4686.64,breakout_next_open,4660.2,4765.960000000002,26.44000000000051,79.32000000000153,120,2026-04-02 16:47:00+00:00,4660.2,4666.84,0,2026-04-02 15:22:00+00:00,4660.2,stop_loss,-26.44000000000051,False
1,2026-04-02 16:45:00+00:00,2026-04-02 16:47:00+00:00,4661.08,breakout_next_open,4653.8,4682.919999999999,7.279999999999745,21.839999999999236,120,2026-04-02 19:15:00+00:00,4653.8,4662.5,2,2026-04-02 17:28:00+00:00,4653.8,stop_loss,-7.279999999999745,False
1,2026-04-02 18:45:00+00:00,2026-04-02 18:47:00+00:00,4666.46,breakout_next_open,4651.94,4710.020000000001,14.520000000000437,43.56000000000131,120,2026-04-02 21:15:00+00:00,4651.94,4657.81,2,2026-04-05 22:01:00+00:00,4651.94,stop_loss,-14.520000000000437,False
-1,2026-04-06 07:15:00+00:00,2026-04-06 07:17:00+00:00,4651.17,breakout_next_open,4657.3,4632.78,6.130000000000109,18.390000000000327,120,2026-04-06 09:30:00+00:00,4652.79,4657.3,1,2026-04-06 07:37:00+00:00,4657.3,stop_loss,-6.130000000000109,False
1,2026-04-07 07:45:00+00:00,2026-04-07 07:47:00+00:00,4643.64,breakout_next_open,4635.93,4666.77,7.710000000000036,23.13000000000011,120,2026-04-07 10:15:00+00:00,4635.93,4642.5,1,2026-04-07 08:20:00+00:00,4666.77,target_hit,23.13000000000011,True
1,2026-04-07 08:45:00+00:00,2026-04-07 08:47:00+00:00,4682.03,breakout_next_open,4678.66,4692.139999999999,3.369999999999891,10.109999999999673,120,2026-04-07 10:47:00+00:00,4678.66,4685.17,0,2026-04-07 09:13:00+00:00,4692.139999999999,target_hit,10.109999999999673,True
-1,2026-04-07 14:15:00+00:00,2026-04-07 14:17:00+00:00,4621.04,breakout_next_open,4645.71,4547.03,24.670000000000073,74.01000000000022,120,2026-04-07 16:17:00+00:00,4637.04,4645.71,0,2026-04-07 14:24:00+00:00,4645.71,stop_loss,-24.670000000000073,False
-1,2026-04-07 15:00:00+00:00,2026-04-07 15:02:00+00:00,4634.89,breakout_next_open,4650.03,4589.470000000002,15.139999999999418,45.419999999998254,120,2026-04-07 17:02:00+00:00,4643.61,4650.03,0,2026-04-07 15:15:00+00:00,4650.03,stop_loss,-15.139999999999418,False
-1,2026-04-07 15:45:00+00:00,2026-04-07 15:47:00+00:00,4649.24,breakout_next_open,4655.39,4630.789999999998,6.150000000000546,18.450000000001637,120,2026-04-07 17:47:00+00:00,4647.31,4655.39,0,2026-04-07 15:55:00+00:00,4655.39,stop_loss,-6.150000000000546,False
-1,2026-04-07 18:30:00+00:00,2026-04-07 18:40:00+00:00,4679.08,breakout_next_open,4684.55,4662.669999999999,5.470000000000255,16.410000000000764,120,2026-04-07 20:40:00+00:00,4678.76,4684.55,0,2026-04-07 18:55:00+00:00,4662.669999999999,target_hit,16.410000000000764,True
-1,2026-04-07 19:00:00+00:00,2026-04-07 19:02:00+00:00,4662.81,breakout_next_open,4674.95,4626.390000000002,12.139999999999418,36.419999999998254,120,2026-04-07 21:02:00+00:00,4669.68,4674.95,0,2026-04-07 19:18:00+00:00,4674.95,stop_loss,-12.139999999999418,False
-1,2026-04-09 07:30:00+00:00,2026-04-09 07:32:00+00:00,4713.92,breakout_next_open,4722.58,4687.9400000000005,8.659999999999854,25.979999999999563,120,2026-04-09 09:32:00+00:00,4717.99,4722.58,0,2026-04-09 07:34:00+00:00,4722.58,stop_loss,-8.659999999999854,False
-1,2026-04-09 12:15:00+00:00,2026-04-09 12:17:00+00:00,4741.75,breakout_next_open,4752.0,4711.0,10.25,30.75,120,2026-04-09 14:30:00+00:00,4747.82,4752.0,1,2026-04-09 13:10:00+00:00,4752.0,stop_loss,-10.25,False
-1,2026-04-09 13:30:00+00:00,2026-04-09 13:32:00+00:00,4755.3,breakout_next_open,4757.49,4748.730000000001,2.1899999999996,6.5699999999987995,120,2026-04-09 15:32:00+00:00,4753.38,4757.49,0,2026-04-09 13:33:00+00:00,4757.49,stop_loss,-2.1899999999996,False
-1,2026-04-09 14:00:00+00:00,2026-04-09 14:02:00+00:00,4766.23,breakout_next_open,4772.69,4746.849999999999,6.460000000000036,19.38000000000011,120,2026-04-09 16:02:00+00:00,4765.94,4772.69,0,2026-04-09 14:03:00+00:00,4772.69,stop_loss,-6.460000000000036,False
-1,2026-04-09 14:30:00+00:00,2026-04-09 14:32:00+00:00,4761.54,breakout_next_open,4772.47,4728.749999999999,10.930000000000291,32.79000000000087,120,2026-04-09 16:45:00+00:00,4765.68,4772.47,1,2026-04-09 15:15:00+00:00,4772.47,stop_loss,-10.930000000000291,False
-1,2026-04-09 16:15:00+00:00,2026-04-09 16:17:00+00:00,4791.66,breakout_next_open,4796.62,4776.78,4.960000000000036,14.88000000000011,120,2026-04-09 18:17:00+00:00,4792.23,4796.62,0,2026-04-09 16:19:00+00:00,4796.62,stop_loss,-4.960000000000036,False
-1,2026-04-09 16:45:00+00:00,2026-04-09 16:47:00+00:00,4788.57,breakout_next_open,4792.85,4775.729999999998,4.280000000000655,12.840000000001965,120,2026-04-09 18:47:00+00:00,4788.03,4792.85,0,2026-04-09 17:06:00+00:00,4792.85,stop_loss,-4.280000000000655,False
-1,2026-04-09 17:30:00+00:00,2026-04-09 17:32:00+00:00,4790.55,breakout_next_open,4798.23,4767.510000000002,7.6799999999993815,23.039999999998145,120,2026-04-09 19:32:00+00:00,4794.31,4798.23,0,2026-04-09 17:37:00+00:00,4798.23,stop_loss,-7.6799999999993815,False
-1,2026-04-09 18:15:00+00:00,2026-04-09 18:17:00+00:00,4785.15,breakout_next_open,4795.23,4754.91,10.079999999999927,30.23999999999978,120,2026-04-09 20:45:00+00:00,4789.84,4795.23,2,2026-04-09 20:45:00+00:00,4767.19,timeout,17.960000000000036,True
-1,2026-04-10 07:00:00+00:00,2026-04-10 07:02:00+00:00,4744.0,breakout_next_open,4754.46,4712.62,10.460000000000036,31.38000000000011,120,2026-04-10 09:02:00+00:00,4750.42,4754.46,0,2026-04-10 07:23:00+00:00,4754.46,stop_loss,-10.460000000000036,False
-1,2026-04-10 08:15:00+00:00,2026-04-10 08:17:00+00:00,4748.54,breakout_next_open,4753.59,4733.389999999999,5.050000000000182,15.150000000000546,120,2026-04-10 10:30:00+00:00,4748.64,4753.59,1,2026-04-10 08:47:00+00:00,4733.389999999999,target_hit,15.150000000000546,True
-1,2026-04-10 10:15:00+00:00,2026-04-10 10:17:00+00:00,4746.83,breakout_next_open,4751.64,4732.399999999999,4.8100000000004,14.4300000000012,120,2026-04-10 12:17:00+00:00,4747.88,4751.64,0,2026-04-10 10:19:00+00:00,4751.64,stop_loss,-4.8100000000004,False
-1,2026-04-10 10:45:00+00:00,2026-04-10 10:47:00+00:00,4754.06,breakout_next_open,4760.49,4734.770000000002,6.4299999999993815,19.289999999998145,120,2026-04-10 12:47:00+00:00,4756.09,4760.49,0,2026-04-10 11:23:00+00:00,4760.49,stop_loss,-6.4299999999993815,False
-1,2026-04-10 13:45:00+00:00,2026-04-10 13:47:00+00:00,4767.08,breakout_next_open,4777.91,4734.59,10.829999999999927,32.48999999999978,120,2026-04-10 15:47:00+00:00,4770.56,4777.91,0,2026-04-10 13:57:00+00:00,4777.91,stop_loss,-10.829999999999927,False
-1,2026-04-13 09:15:00+00:00,2026-04-13 09:17:00+00:00,4719.1,breakout_next_open,4726.94,4695.580000000003,7.839999999999236,23.519999999997708,120,2026-04-13 12:30:00+00:00,4721.77,4726.94,2,2026-04-13 11:05:00+00:00,4726.94,stop_loss,-7.839999999999236,False
-1,2026-04-13 11:15:00+00:00,2026-04-13 11:17:00+00:00,4721.18,breakout_next_open,4727.01,4703.6900000000005,5.829999999999927,17.48999999999978,120,2026-04-13 13:30:00+00:00,4723.1,4727.01,1,2026-04-13 11:44:00+00:00,4703.6900000000005,target_hit,17.48999999999978,True
-1,2026-04-13 11:45:00+00:00,2026-04-13 11:47:00+00:00,4709.19,breakout_next_open,4720.23,4676.07,11.039999999999964,33.11999999999989,120,2026-04-13 13:47:00+00:00,4715.48,4720.23,0,2026-04-13 12:13:00+00:00,4720.23,stop_loss,-11.039999999999964,False
1,2026-04-14 12:00:00+00:00,2026-04-14 12:02:00+00:00,4776.52,breakout_next_open,4770.63,4794.190000000001,5.890000000000327,17.670000000000982,120,2026-04-14 14:02:00+00:00,4770.63,4775.94,0,2026-04-14 12:12:00+00:00,4770.63,stop_loss,-5.890000000000327,False
1,2026-04-14 12:30:00+00:00,2026-04-14 12:32:00+00:00,4774.26,breakout_next_open,4767.6,4794.24,6.6599999999998545,19.979999999999563,120,2026-04-14 14:45:00+00:00,4767.6,4772.82,1,2026-04-14 12:46:00+00:00,4767.6,stop_loss,-6.6599999999998545,False
1,2026-04-14 13:15:00+00:00,2026-04-14 13:17:00+00:00,4784.07,breakout_next_open,4770.96,4823.399999999999,13.109999999999673,39.32999999999902,120,2026-04-14 18:30:00+00:00,4770.96,4776.19,8,2026-04-14 17:05:00+00:00,4823.399999999999,target_hit,39.32999999999902,True
1,2026-04-14 17:15:00+00:00,2026-04-14 17:17:00+00:00,4827.62,breakout_next_open,4810.59,4878.709999999999,17.029999999999745,51.089999999999236,120,2026-04-14 21:15:00+00:00,4810.59,4818.28,2,2026-04-14 22:01:00+00:00,4837.66,timeout,10.039999999999964,True
1,2026-04-15 07:30:00+00:00,2026-04-15 07:32:00+00:00,4812.85,breakout_next_open,4806.75,4831.1500000000015,6.100000000000364,18.30000000000109,120,2026-04-15 09:32:00+00:00,4806.75,4811.4,0,2026-04-15 07:46:00+00:00,4806.75,stop_loss,-6.100000000000364,False
1,2026-04-15 08:00:00+00:00,2026-04-15 08:08:00+00:00,4811.91,breakout_next_open,4809.35,4819.589999999998,2.5599999999994907,7.679999999998472,120,2026-04-15 10:08:00+00:00,4809.35,4812.78,0,2026-04-15 08:10:00+00:00,4809.35,stop_loss,-2.5599999999994907,False
-1,2026-04-15 14:45:00+00:00,2026-04-15 14:47:00+00:00,4818.59,breakout_next_open,4825.81,4796.929999999999,7.220000000000255,21.660000000000764,120,2026-04-15 17:15:00+00:00,4820.61,4825.81,1,2026-04-15 15:30:00+00:00,4796.929999999999,target_hit,21.660000000000764,True
-1,2026-04-15 15:30:00+00:00,2026-04-15 15:32:00+00:00,4793.29,breakout_next_open,4809.03,4746.070000000001,15.739999999999782,47.219999999999345,120,2026-04-15 17:32:00+00:00,4804.23,4809.03,0,2026-04-15 16:13:00+00:00,4809.03,stop_loss,-15.739999999999782,False
1,2026-04-16 07:00:00+00:00,2026-04-16 07:05:00+00:00,4829.07,breakout_next_open,4824.74,4842.0599999999995,4.329999999999927,12.989999999999782,120,2026-04-16 09:05:00+00:00,4824.74,4829.19,0,2026-04-16 07:12:00+00:00,4824.74,stop_loss,-4.329999999999927,False
1,2026-04-16 07:30:00+00:00,2026-04-16 07:32:00+00:00,4827.83,breakout_next_open,4824.11,4838.990000000001,3.7200000000002547,11.160000000000764,120,2026-04-16 09:32:00+00:00,4824.11,4828.2,0,2026-04-16 07:47:00+00:00,4824.11,stop_loss,-3.7200000000002547,False
1,2026-04-17 12:15:00+00:00,2026-04-17 12:17:00+00:00,4804.63,breakout_next_open,4799.4,4820.3200000000015,5.230000000000473,15.690000000001419,120,2026-04-17 14:17:00+00:00,4799.4,4803.52,0,2026-04-17 12:30:00+00:00,4820.3200000000015,target_hit,15.690000000001419,True
1,2026-04-17 12:30:00+00:00,2026-04-17 12:32:00+00:00,4820.21,breakout_next_open,4807.81,4857.409999999999,12.399999999999636,37.19999999999891,120,2026-04-17 15:00:00+00:00,4807.81,4812.42,1,2026-04-17 13:07:00+00:00,4857.409999999999,target_hit,37.19999999999891,True
1,2026-04-17 13:45:00+00:00,2026-04-17 13:47:00+00:00,4861.0,breakout_next_open,4850.07,4893.790000000001,10.930000000000291,32.79000000000087,120,2026-04-17 17:45:00+00:00,4850.07,4857.23,5,2026-04-17 17:45:00+00:00,4856.92,timeout,-4.079999999999927,False
1,2026-04-17 18:30:00+00:00,2026-04-17 18:34:00+00:00,4866.33,breakout_next_open,4860.7,4883.22,5.630000000000109,16.890000000000327,120,2026-04-17 20:34:00+00:00,4860.7,4865.91,0,2026-04-17 18:43:00+00:00,4860.7,stop_loss,-5.630000000000109,False
-1,2026-04-21 12:30:00+00:00,2026-04-21 12:32:00+00:00,4777.23,breakout_next_open,4790.57,4737.209999999999,13.340000000000146,40.02000000000044,120,2026-04-21 14:45:00+00:00,4787.02,4790.57,1,2026-04-21 13:40:00+00:00,4790.57,stop_loss,-13.340000000000146,False
-1,2026-04-21 14:15:00+00:00,2026-04-21 14:24:00+00:00,4773.14,breakout_next_open,4780.48,4751.120000000003,7.339999999999236,22.019999999997708,120,2026-04-21 16:30:00+00:00,4773.41,4780.48,1,2026-04-21 14:40:00+00:00,4751.120000000003,target_hit,22.019999999997708,True
-1,2026-04-21 14:45:00+00:00,2026-04-21 14:47:00+00:00,4731.72,breakout_next_open,4770.75,4614.630000000001,39.029999999999745,117.08999999999924,120,2026-04-21 21:45:00+00:00,4765.53,4770.75,9,2026-04-21 22:01:00+00:00,4724.38,timeout,7.3400000000001455,True
-1,2026-04-22 10:15:00+00:00,2026-04-22 10:17:00+00:00,4751.95,breakout_next_open,4755.04,4742.679999999999,3.0900000000001455,9.270000000000437,120,2026-04-22 12:17:00+00:00,4750.51,4755.04,0,2026-04-22 10:21:00+00:00,4755.04,stop_loss,-3.0900000000001455,False
-1,2026-04-22 12:45:00+00:00,2026-04-22 12:47:00+00:00,4747.94,breakout_next_open,4753.54,4731.1399999999985,5.600000000000364,16.80000000000109,120,2026-04-22 15:00:00+00:00,4749.06,4753.54,1,2026-04-22 13:43:00+00:00,4753.54,stop_loss,-5.600000000000364,False
-1,2026-04-22 14:15:00+00:00,2026-04-22 14:17:00+00:00,4745.96,breakout_next_open,4754.52,4720.279999999999,8.5600000000004,25.6800000000012,120,2026-04-22 17:45:00+00:00,4750.6,4754.52,3,2026-04-22 17:45:00+00:00,4735.27,timeout,10.6899999999996,True
-1,2026-04-23 08:30:00+00:00,2026-04-23 08:32:00+00:00,4712.92,breakout_next_open,4719.95,4691.830000000001,7.029999999999745,21.089999999999236,120,2026-04-23 10:45:00+00:00,4715.05,4719.95,1,2026-04-23 10:09:00+00:00,4691.830000000001,target_hit,21.089999999999236,True
-1,2026-04-23 10:15:00+00:00,2026-04-23 10:17:00+00:00,4692.1,breakout_next_open,4699.65,4669.450000000003,7.549999999999272,22.649999999997817,120,2026-04-23 12:30:00+00:00,4692.76,4699.65,1,2026-04-23 11:03:00+00:00,4699.65,stop_loss,-7.549999999999272,False
-1,2026-04-24 15:30:00+00:00,2026-04-24 15:33:00+00:00,4720.64,breakout_next_open,4726.23,4703.870000000003,5.589999999999236,16.769999999997708,120,2026-04-24 17:33:00+00:00,4721.4,4726.23,0,2026-04-24 15:44:00+00:00,4726.23,stop_loss,-5.589999999999236,False
-1,2026-04-28 08:00:00+00:00,2026-04-28 08:02:00+00:00,4623.55,breakout_next_open,4628.59,4608.43,5.039999999999964,15.11999999999989,120,2026-04-28 10:15:00+00:00,4623.41,4628.59,1,2026-04-28 08:30:00+00:00,4628.59,stop_loss,-5.039999999999964,False
-1,2026-04-28 09:15:00+00:00,2026-04-28 09:17:00+00:00,4624.25,breakout_next_open,4628.36,4611.920000000001,4.109999999999673,12.329999999999018,120,2026-04-28 11:17:00+00:00,4622.73,4628.36,0,2026-04-28 09:32:00+00:00,4611.920000000001,target_hit,12.329999999999018,True
-1,2026-04-28 10:00:00+00:00,2026-04-28 10:04:00+00:00,4608.92,breakout_next_open,4615.28,4589.840000000001,6.359999999999673,19.079999999999018,120,2026-04-28 12:04:00+00:00,4609.1,4615.28,0,2026-04-28 10:19:00+00:00,4615.28,stop_loss,-6.359999999999673,False
-1,2026-04-28 10:30:00+00:00,2026-04-28 10:34:00+00:00,4613.59,breakout_next_open,4616.23,4605.670000000002,2.639999999999418,7.919999999998254,120,2026-04-28 12:34:00+00:00,4612.28,4616.23,0,2026-04-28 10:58:00+00:00,4605.670000000002,target_hit,7.919999999998254,True
-1,2026-04-28 11:45:00+00:00,2026-04-28 11:47:00+00:00,4567.07,breakout_next_open,4600.19,4467.71,33.11999999999989,99.35999999999967,120,2026-04-28 14:45:00+00:00,4596.17,4600.19,4,2026-04-28 12:52:00+00:00,4600.19,stop_loss,-33.11999999999989,False
-1,2026-04-28 13:15:00+00:00,2026-04-28 13:17:00+00:00,4576.4,breakout_next_open,4594.77,4521.289999999997,18.3700000000008,55.1100000000024,120,2026-04-28 18:30:00+00:00,4588.08,4594.77,6,2026-04-28 16:57:00+00:00,4594.77,stop_loss,-18.3700000000008,False
-1,2026-04-29 16:30:00+00:00,2026-04-29 16:32:00+00:00,4556.77,breakout_next_open,4564.02,4535.02,7.25,21.75,120,2026-04-29 20:00:00+00:00,4560.12,4564.02,2,2026-04-29 18:07:00+00:00,4535.02,target_hit,21.75,True
-1,2026-04-29 18:15:00+00:00,2026-04-29 18:17:00+00:00,4537.56,breakout_next_open,4548.5,4504.740000000002,10.9399999999996,32.8199999999988,120,2026-04-29 20:17:00+00:00,4537.85,4548.5,0,2026-04-29 19:14:00+00:00,4548.5,stop_loss,-10.9399999999996,False
1,2026-04-30 07:00:00+00:00,2026-04-30 07:02:00+00:00,4589.1,breakout_next_open,4580.62,4614.540000000002,8.480000000000473,25.44000000000142,120,2026-04-30 09:45:00+00:00,4580.62,4584.44,1,2026-04-30 08:04:00+00:00,4614.540000000002,target_hit,25.44000000000142,True
1,2026-04-30 08:15:00+00:00,2026-04-30 08:17:00+00:00,4618.81,breakout_next_open,4601.9,4669.540000000003,16.910000000000764,50.73000000000229,120,2026-04-30 20:15:00+00:00,4601.9,4608.87,18,2026-04-30 20:15:00+00:00,4616.45,timeout,-2.360000000000582,False
1,2026-05-01 07:15:00+00:00,2026-05-01 07:18:00+00:00,4598.17,breakout_next_open,4592.36,4615.600000000001,5.8100000000004,17.4300000000012,120,2026-05-01 09:18:00+00:00,4592.36,4596.95,0,2026-05-01 07:21:00+00:00,4592.36,stop_loss,-5.8100000000004,False
-1,2026-05-04 15:00:00+00:00,2026-05-04 15:02:00+00:00,4562.76,breakout_next_open,4577.25,4519.290000000001,14.489999999999782,43.469999999999345,120,2026-05-04 17:15:00+00:00,4572.62,4577.25,1,2026-05-04 15:21:00+00:00,4519.290000000001,target_hit,43.469999999999345,True
-1,2026-05-04 15:45:00+00:00,2026-05-04 15:47:00+00:00,4530.5,breakout_next_open,4537.04,4510.88,6.539999999999964,19.61999999999989,120,2026-05-04 18:00:00+00:00,4530.48,4537.04,1,2026-05-04 16:08:00+00:00,4510.88,target_hit,19.61999999999989,True
-1,2026-05-04 18:15:00+00:00,2026-05-04 18:17:00+00:00,4518.71,breakout_next_open,4523.81,4503.409999999999,5.100000000000364,15.300000000001091,120,2026-05-04 21:15:00+00:00,4518.92,4523.81,1,2026-05-04 19:24:00+00:00,4523.81,stop_loss,-5.100000000000364,False
-1,2026-05-05 07:45:00+00:00,2026-05-05 07:47:00+00:00,4547.16,breakout_next_open,4558.03,4514.55,10.86999999999989,32.60999999999967,120,2026-05-05 09:47:00+00:00,4553.31,4558.03,0,2026-05-05 08:53:00+00:00,4558.03,stop_loss,-10.86999999999989,False
-1,2026-05-05 09:15:00+00:00,2026-05-05 09:21:00+00:00,4554.14,breakout_next_open,4559.36,4538.480000000002,5.219999999999345,15.659999999998035,120,2026-05-05 11:30:00+00:00,4553.64,4559.36,1,2026-05-05 11:30:00+00:00,4555.62,timeout,-1.4799999999995634,False
-1,2026-05-05 12:45:00+00:00,2026-05-05 12:47:00+00:00,4565.75,breakout_next_open,4574.75,4538.75,9.0,27.0,120,2026-05-05 14:47:00+00:00,4568.85,4574.75,0,2026-05-05 13:04:00+00:00,4574.75,stop_loss,-9.0,False
-1,2026-05-05 13:30:00+00:00,2026-05-05 13:36:00+00:00,4574.81,breakout_next_open,4580.54,4557.620000000002,5.729999999999563,17.18999999999869,120,2026-05-05 15:45:00+00:00,4575.64,4580.54,1,2026-05-05 13:51:00+00:00,4580.54,stop_loss,-5.729999999999563,False
1,2026-05-06 09:00:00+00:00,2026-05-06 09:02:00+00:00,4702.21,breakout_next_open,4679.47,4770.429999999999,22.73999999999978,68.21999999999935,120,2026-05-06 13:45:00+00:00,4679.47,4701.21,6,2026-05-06 12:10:00+00:00,4679.47,stop_loss,-22.73999999999978,False
1,2026-05-06 13:30:00+00:00,2026-05-06 13:33:00+00:00,4689.81,breakout_next_open,4682.91,4710.510000000002,6.900000000000546,20.700000000001637,120,2026-05-06 16:00:00+00:00,4682.91,4691.56,2,2026-05-06 14:12:00+00:00,4710.510000000002,target_hit,20.700000000001637,True
1,2026-05-07 07:15:00+00:00,2026-05-07 07:17:00+00:00,4746.96,breakout_next_open,4734.45,4784.490000000001,12.510000000000218,37.530000000000655,120,2026-05-07 10:15:00+00:00,4734.45,4744.66,1,2026-05-07 08:25:00+00:00,4734.45,stop_loss,-12.510000000000218,False
1,2026-05-07 09:15:00+00:00,2026-05-07 09:17:00+00:00,4735.24,breakout_next_open,4723.15,4771.51,12.090000000000146,36.27000000000044,120,2026-05-07 12:45:00+00:00,4723.15,4727.0,2,2026-05-07 12:45:00+00:00,4750.61,timeout,15.36999999999989,True
1,2026-05-07 12:45:00+00:00,2026-05-07 12:47:00+00:00,4751.0,breakout_next_open,4737.2,4792.400000000001,13.800000000000182,41.400000000000546,120,2026-05-07 14:47:00+00:00,4737.2,4744.48,0,2026-05-07 13:05:00+00:00,4737.2,stop_loss,-13.800000000000182,False
1,2026-05-07 14:15:00+00:00,2026-05-07 14:17:00+00:00,4751.09,breakout_next_open,4746.79,4763.990000000001,4.300000000000182,12.900000000000546,120,2026-05-07 16:45:00+00:00,4746.79,4753.09,1,2026-05-07 15:00:00+00:00,4763.990000000001,target_hit,12.900000000000546,True
1,2026-05-07 15:00:00+00:00,2026-05-07 15:02:00+00:00,4760.38,breakout_next_open,4751.16,4788.040000000001,9.220000000000255,27.660000000000764,120,2026-05-07 17:02:00+00:00,4751.16,4757.18,0,2026-05-07 15:21:00+00:00,4751.16,stop_loss,-9.220000000000255,False
1,2026-05-07 18:00:00+00:00,2026-05-07 18:02:00+00:00,4710.79,breakout_next_open,4698.32,4748.200000000001,12.470000000000255,37.410000000000764,120,2026-05-07 20:45:00+00:00,4698.32,4703.85,1,2026-05-07 18:50:00+00:00,4698.32,stop_loss,-12.470000000000255,False
1,2026-05-07 19:15:00+00:00,2026-05-07 19:17:00+00:00,4710.47,breakout_next_open,4707.22,4720.22,3.25,9.75,120,2026-05-07 21:17:00+00:00,4707.22,4710.96,0,2026-05-07 19:18:00+00:00,4707.22,stop_loss,-3.25,False
1,2026-05-07 19:45:00+00:00,2026-05-07 19:52:00+00:00,4710.55,breakout_next_open,4707.04,4721.080000000001,3.5100000000002183,10.530000000000655,120,2026-05-07 21:52:00+00:00,4707.04,4710.88,0,2026-05-07 19:53:00+00:00,4707.04,stop_loss,-3.5100000000002183,False
-1,2026-05-08 07:00:00+00:00,2026-05-08 07:02:00+00:00,4724.56,breakout_next_open,4729.87,4708.630000000002,5.309999999999491,15.929999999998472,120,2026-05-08 09:02:00+00:00,4723.91,4729.87,0,2026-05-08 07:22:00+00:00,4708.630000000002,target_hit,15.929999999998472,True
1,2026-05-08 14:00:00+00:00,2026-05-08 14:02:00+00:00,4741.66,breakout_next_open,4735.08,4761.4,6.579999999999927,19.73999999999978,120,2026-05-08 16:02:00+00:00,4735.08,4740.39,0,2026-05-08 14:06:00+00:00,4735.08,stop_loss,-6.579999999999927,False
1,2026-05-08 16:15:00+00:00,2026-05-08 16:17:00+00:00,4714.16,breakout_next_open,4706.15,4738.1900000000005,8.010000000000218,24.030000000000655,120,2026-05-08 18:17:00+00:00,4706.15,4712.47,0,2026-05-08 18:17:00+00:00,4726.5,timeout,12.340000000000146,True
-1,2026-05-11 08:00:00+00:00,2026-05-11 08:02:00+00:00,4666.39,breakout_next_open,4672.05,4649.410000000001,5.6599999999998545,16.979999999999563,120,2026-05-11 10:02:00+00:00,4667.28,4672.05,0,2026-05-11 08:11:00+00:00,4672.05,stop_loss,-5.6599999999998545,False
-1,2026-05-11 08:45:00+00:00,2026-05-11 08:47:00+00:00,4671.32,breakout_next_open,4673.65,4664.33,2.3299999999999272,6.989999999999782,120,2026-05-11 10:47:00+00:00,4669.83,4673.65,0,2026-05-11 09:21:00+00:00,4664.33,target_hit,6.989999999999782,True
-1,2026-05-11 09:30:00+00:00,2026-05-11 09:32:00+00:00,4655.51,breakout_next_open,4664.07,4629.830000000002,8.55999999999949,25.679999999998472,120,2026-05-11 11:32:00+00:00,4658.82,4664.07,0,2026-05-11 09:46:00+00:00,4664.07,stop_loss,-8.55999999999949,False
1,2026-05-11 15:15:00+00:00,2026-05-11 15:17:00+00:00,4732.48,breakout_next_open,4722.7,4761.819999999999,9.779999999999745,29.339999999999236,120,2026-05-11 17:17:00+00:00,4722.7,4726.96,0,2026-05-11 16:29:00+00:00,4722.7,stop_loss,-9.779999999999745,False
1,2026-05-11 17:00:00+00:00,2026-05-11 17:02:00+00:00,4719.09,breakout_next_open,4712.06,4740.179999999999,7.029999999999745,21.089999999999236,120,2026-05-11 19:02:00+00:00,4712.06,4716.16,0,2026-05-11 19:02:00+00:00,4724.93,timeout,5.8400000000001455,True
1,2026-05-12 07:15:00+00:00,2026-05-12 07:17:00+00:00,4696.92,breakout_next_open,4689.13,4720.29,7.789999999999964,23.36999999999989,120,2026-05-12 12:15:00+00:00,4689.13,4693.95,3,2026-05-12 10:39:00+00:00,4689.13,stop_loss,-7.789999999999964,False
1,2026-05-12 11:30:00+00:00,2026-05-12 11:32:00+00:00,4700.28,breakout_next_open,4693.17,4721.609999999999,7.109999999999673,21.329999999999018,120,2026-05-12 13:45:00+00:00,4693.17,4696.56,1,2026-05-12 12:30:00+00:00,4693.17,stop_loss,-7.109999999999673,False
1,2026-05-12 14:15:00+00:00,2026-05-12 14:17:00+00:00,4688.71,breakout_next_open,4678.73,4718.6500000000015,9.980000000000473,29.94000000000142,120,2026-05-12 16:17:00+00:00,4678.73,4683.94,0,2026-05-12 14:31:00+00:00,4678.73,stop_loss,-9.980000000000473,False
-1,2026-05-13 13:45:00+00:00,2026-05-13 13:47:00+00:00,4675.09,breakout_next_open,4684.47,4646.95,9.38000000000011,28.140000000000327,120,2026-05-13 16:15:00+00:00,4679.38,4684.47,2,2026-05-13 14:25:00+00:00,4684.47,stop_loss,-9.38000000000011,False
-1,2026-05-13 16:45:00+00:00,2026-05-13 16:47:00+00:00,4699.35,breakout_next_open,4707.78,4674.060000000002,8.429999999999382,25.289999999998145,120,2026-05-13 19:45:00+00:00,4703.59,4707.78,1,2026-05-13 19:45:00+00:00,4687.9,timeout,11.450000000000728,True
-1,2026-05-14 07:00:00+00:00,2026-05-14 07:02:00+00:00,4699.77,breakout_next_open,4702.6,4691.280000000001,2.8299999999999272,8.489999999999782,120,2026-05-14 09:02:00+00:00,4698.55,4702.6,0,2026-05-14 07:03:00+00:00,4702.6,stop_loss,-2.8299999999999272,False
-1,2026-05-15 15:00:00+00:00,2026-05-15 15:04:00+00:00,4554.84,breakout_next_open,4557.58,4546.620000000001,2.7399999999997817,8.219999999999345,120,2026-05-15 17:04:00+00:00,4552.29,4557.58,0,2026-05-15 15:06:00+00:00,4557.58,stop_loss,-2.7399999999997817,False
-1,2026-05-15 15:15:00+00:00,2026-05-15 15:17:00+00:00,4551.35,breakout_next_open,4564.04,4513.280000000002,12.6899999999996,38.0699999999988,120,2026-05-15 18:15:00+00:00,4559.47,4564.04,2,2026-05-15 17:26:00+00:00,4564.04,stop_loss,-12.6899999999996,False
-1,2026-05-15 18:30:00+00:00,2026-05-15 18:32:00+00:00,4553.16,breakout_next_open,4558.99,4535.67,5.829999999999927,17.48999999999978,120,2026-05-15 20:45:00+00:00,4553.94,4558.99,1,2026-05-15 18:46:00+00:00,4558.99,stop_loss,-5.829999999999927,False
-1,2026-05-18 08:00:00+00:00,2026-05-18 08:02:00+00:00,4546.01,breakout_next_open,4551.82,4528.580000000002,5.809999999999491,17.429999999998472,120,2026-05-18 10:02:00+00:00,4547.4,4551.82,0,2026-05-18 08:33:00+00:00,4551.82,stop_loss,-5.809999999999491,False
-1,2026-05-18 09:15:00+00:00,2026-05-18 09:17:00+00:00,4546.14,breakout_next_open,4550.68,4532.52,4.539999999999964,13.61999999999989,120,2026-05-18 12:15:00+00:00,4546.68,4550.68,2,2026-05-18 10:34:00+00:00,4532.52,target_hit,13.61999999999989,True
-1,2026-05-18 11:00:00+00:00,2026-05-18 11:09:00+00:00,4537.46,breakout_next_open,4540.78,4527.500000000001,3.319999999999709,9.959999999999127,120,2026-05-18 13:09:00+00:00,4537.38,4540.78,0,2026-05-18 11:33:00+00:00,4540.78,stop_loss,-3.319999999999709,False
1,2026-05-18 14:00:00+00:00,2026-05-18 14:02:00+00:00,4570.24,breakout_next_open,4563.67,4589.949999999999,6.569999999999709,19.709999999999127,120,2026-05-18 16:02:00+00:00,4563.67,4572.74,0,2026-05-18 14:05:00+00:00,4563.67,stop_loss,-6.569999999999709,False
1,2026-05-18 15:45:00+00:00,2026-05-18 15:47:00+00:00,4541.03,breakout_next_open,4534.32,4561.16,6.710000000000036,20.13000000000011,120,2026-05-18 17:47:00+00:00,4534.32,4540.15,0,2026-05-18 16:28:00+00:00,4534.32,stop_loss,-6.710000000000036,False
1,2026-05-18 16:45:00+00:00,2026-05-18 16:47:00+00:00,4544.86,breakout_next_open,4536.62,4569.579999999999,8.239999999999782,24.719999999999345,120,2026-05-18 20:30:00+00:00,4536.62,4541.12,3,2026-05-18 18:58:00+00:00,4536.62,stop_loss,-8.239999999999782,False
1,2026-05-18 19:45:00+00:00,2026-05-18 19:47:00+00:00,4559.53,breakout_next_open,4551.17,4584.609999999999,8.359999999999673,25.079999999999018,120,2026-05-18 21:47:00+00:00,4551.17,4555.47,0,2026-05-18 22:01:00+00:00,4569.04,timeout,9.510000000000218,True
-1,2026-05-19 08:15:00+00:00,2026-05-19 08:17:00+00:00,4546.68,breakout_next_open,4559.53,4508.130000000002,12.849999999999454,38.54999999999836,120,2026-05-19 15:15:00+00:00,4554.17,4559.53,8,2026-05-19 13:23:00+00:00,4508.130000000002,target_hit,38.54999999999836,True
-1,2026-05-19 13:30:00+00:00,2026-05-19 13:32:00+00:00,4470.72,breakout_next_open,4523.39,4312.71,52.67000000000007,158.01000000000022,120,2026-05-19 19:45:00+00:00,4517.51,4523.39,5,2026-05-19 19:45:00+00:00,4487.89,timeout,-17.170000000000073,False
-1,2026-05-20 07:45:00+00:00,2026-05-20 07:47:00+00:00,4478.09,breakout_next_open,4485.26,4456.58,7.170000000000073,21.51000000000022,120,2026-05-20 10:00:00+00:00,4480.76,4485.26,1,2026-05-20 08:23:00+00:00,4485.26,stop_loss,-7.170000000000073,False
-1,2026-05-20 09:15:00+00:00,2026-05-20 09:17:00+00:00,4479.47,breakout_next_open,4486.22,4459.22,6.75,20.25,120,2026-05-20 11:17:00+00:00,4482.63,4486.22,0,2026-05-20 09:52:00+00:00,4486.22,stop_loss,-6.75,False
-1,2026-05-20 13:15:00+00:00,2026-05-20 13:25:00+00:00,4494.32,breakout_next_open,4499.44,4478.96,5.119999999999891,15.359999999999673,120,2026-05-20 15:45:00+00:00,4494.58,4499.44,1,2026-05-20 14:05:00+00:00,4478.96,target_hit,15.359999999999673,True
1,2026-05-20 16:45:00+00:00,2026-05-20 16:47:00+00:00,4533.9,breakout_next_open,4529.05,4548.449999999998,4.849999999999454,14.549999999998363,120,2026-05-20 18:47:00+00:00,4529.05,4534.09,0,2026-05-20 18:47:00+00:00,4540.05,timeout,6.150000000000546,True
-1,2026-05-22 07:15:00+00:00,2026-05-22 07:17:00+00:00,4523.47,breakout_next_open,4526.3,4514.9800000000005,2.8299999999999272,8.489999999999782,120,2026-05-22 09:17:00+00:00,4522.82,4526.3,0,2026-05-22 07:22:00+00:00,4526.3,stop_loss,-2.8299999999999272,False
-1,2026-05-22 08:15:00+00:00,2026-05-22 08:23:00+00:00,4526.89,breakout_next_open,4529.97,4517.650000000001,3.0799999999999272,9.239999999999782,120,2026-05-22 10:30:00+00:00,4526.0,4529.97,1,2026-05-22 08:35:00+00:00,4517.650000000001,target_hit,9.239999999999782,True
-1,2026-05-22 09:15:00+00:00,2026-05-22 09:17:00+00:00,4516.93,breakout_next_open,4525.62,4490.8600000000015,8.6899999999996,26.0699999999988,120,2026-05-22 11:17:00+00:00,4522.12,4525.62,0,2026-05-22 09:41:00+00:00,4525.62,stop_loss,-8.6899999999996,False
-1,2026-05-22 10:45:00+00:00,2026-05-22 10:47:00+00:00,4512.66,breakout_next_open,4519.1,4493.339999999998,6.440000000000509,19.320000000001528,120,2026-05-22 12:47:00+00:00,4514.98,4519.1,0,2026-05-22 11:39:00+00:00,4519.1,stop_loss,-6.440000000000509,False
-1,2026-05-22 13:15:00+00:00,2026-05-22 13:23:00+00:00,4525.52,breakout_next_open,4530.66,4510.100000000002,5.139999999999418,15.419999999998254,120,2026-05-22 15:45:00+00:00,4524.68,4530.66,1,2026-05-22 14:00:00+00:00,4510.100000000002,target_hit,15.419999999998254,True
-1,2026-05-22 14:00:00+00:00,2026-05-22 14:02:00+00:00,4507.18,breakout_next_open,4517.38,4476.580000000001,10.199999999999818,30.599999999999454,120,2026-05-22 16:45:00+00:00,4510.78,4517.38,3,2026-05-22 15:26:00+00:00,4517.38,stop_loss,-10.199999999999818,False
1,2026-05-26 08:00:00+00:00,2026-05-26 08:02:00+00:00,4535.71,breakout_next_open,4525.1,4567.539999999999,10.609999999999673,31.829999999999018,120,2026-05-26 10:02:00+00:00,4525.1,4530.39,0,2026-05-26 08:26:00+00:00,4525.1,stop_loss,-10.609999999999673,False
-1,2026-05-26 11:45:00+00:00,2026-05-26 11:47:00+00:00,4512.49,breakout_next_open,4524.21,4477.329999999999,11.720000000000255,35.160000000000764,120,2026-05-26 13:47:00+00:00,4517.86,4524.21,0,2026-05-26 13:02:00+00:00,4524.21,stop_loss,-11.720000000000255,False
-1,2026-05-26 13:45:00+00:00,2026-05-26 13:51:00+00:00,4519.99,breakout_next_open,4527.58,4497.219999999999,7.5900000000001455,22.770000000000437,120,2026-05-26 17:30:00+00:00,4522.74,4527.58,2,2026-05-26 17:30:00+00:00,4499.1,timeout,20.889999999999418,True
-1,2026-05-26 17:30:00+00:00,2026-05-26 17:32:00+00:00,4501.05,breakout_next_open,4505.18,4488.66,4.130000000000109,12.390000000000327,120,2026-05-26 20:00:00+00:00,4500.56,4505.18,1,2026-05-26 18:02:00+00:00,4488.66,target_hit,12.390000000000327,True
-1,2026-05-26 18:00:00+00:00,2026-05-26 18:03:00+00:00,4485.67,breakout_next_open,4494.91,4457.950000000001,9.239999999999782,27.719999999999345,120,2026-05-26 20:15:00+00:00,4490.52,4494.91,1,2026-05-26 18:26:00+00:00,4494.91,stop_loss,-9.239999999999782,False
1,2026-05-27 08:15:00+00:00,2026-05-27 08:19:00+00:00,4489.22,breakout_next_open,4483.06,4507.7,6.1599999999998545,18.479999999999563,120,2026-05-27 10:19:00+00:00,4483.06,4488.61,0,2026-05-27 10:16:00+00:00,4483.06,stop_loss,-6.1599999999998545,False
-1,2026-05-27 13:00:00+00:00,2026-05-27 13:02:00+00:00,4433.46,breakout_next_open,4445.12,4398.4800000000005,11.659999999999854,34.97999999999956,120,2026-05-27 15:30:00+00:00,4441.16,4445.12,2,2026-05-27 14:07:00+00:00,4445.12,stop_loss,-11.659999999999854,False
-1,2026-05-27 14:30:00+00:00,2026-05-27 14:32:00+00:00,4448.48,breakout_next_open,4452.77,4435.609999999997,4.290000000000873,12.87000000000262,120,2026-05-27 16:32:00+00:00,4447.87,4452.77,0,2026-05-27 14:33:00+00:00,4435.609999999997,target_hit,12.87000000000262,True
-1,2026-05-27 14:45:00+00:00,2026-05-27 14:48:00+00:00,4444.33,breakout_next_open,4449.0,4430.32,4.670000000000073,14.010000000000218,120,2026-05-27 16:48:00+00:00,4441.69,4449.0,0,2026-05-27 15:00:00+00:00,4430.32,target_hit,14.010000000000218,True
-1,2026-05-27 15:00:00+00:00,2026-05-27 15:02:00+00:00,4435.36,breakout_next_open,4444.03,4409.349999999999,8.670000000000073,26.01000000000022,120,2026-05-27 18:15:00+00:00,4437.99,4444.03,1,2026-05-27 16:21:00+00:00,4444.03,stop_loss,-8.670000000000073,False
-1,2026-05-27 17:15:00+00:00,2026-05-27 17:17:00+00:00,4446.32,breakout_next_open,4448.38,4440.1399999999985,2.0600000000004,6.1800000000012005,120,2026-05-27 19:17:00+00:00,4444.65,4448.38,0,2026-05-27 17:24:00+00:00,4448.38,stop_loss,-2.0600000000004,False
-1,2026-05-28 10:45:00+00:00,2026-05-28 10:47:00+00:00,4386.44,breakout_next_open,4396.24,4357.039999999999,9.800000000000182,29.400000000000546,120,2026-05-28 12:47:00+00:00,4391.55,4396.24,0,2026-05-28 12:36:00+00:00,4396.24,stop_loss,-9.800000000000182,False
1,2026-05-29 09:00:00+00:00,2026-05-29 09:02:00+00:00,4515.07,breakout_next_open,4509.84,4530.759999999998,5.229999999999563,15.68999999999869,120,2026-05-29 11:15:00+00:00,4509.84,4513.89,1,2026-05-29 09:29:00+00:00,4530.759999999998,target_hit,15.68999999999869,True
1,2026-05-29 09:30:00+00:00,2026-05-29 09:39:00+00:00,4530.16,breakout_next_open,4523.71,4549.509999999999,6.449999999999818,19.349999999999454,120,2026-05-29 12:45:00+00:00,4523.71,4529.8,2,2026-05-29 12:20:00+00:00,4523.71,stop_loss,-6.449999999999818,False
1,2026-05-29 13:00:00+00:00,2026-05-29 13:02:00+00:00,4518.72,breakout_next_open,4513.48,4534.440000000002,5.240000000000691,15.720000000002074,120,2026-05-29 15:30:00+00:00,4513.48,4518.23,1,2026-05-29 13:40:00+00:00,4534.440000000002,target_hit,15.720000000002074,True
1,2026-05-29 14:45:00+00:00,2026-05-29 14:47:00+00:00,4539.95,breakout_next_open,4527.04,4578.679999999999,12.909999999999854,38.72999999999956,120,2026-05-29 17:00:00+00:00,4527.04,4532.94,1,2026-05-29 15:04:00+00:00,4578.679999999999,target_hit,38.72999999999956,True
1,2026-05-29 15:15:00+00:00,2026-05-29 15:17:00+00:00,4587.77,breakout_next_open,4569.73,4641.890000000003,18.040000000000873,54.12000000000262,120,2026-05-29 17:17:00+00:00,4569.73,4576.44,0,2026-05-29 15:41:00+00:00,4569.73,stop_loss,-18.040000000000873,False
1,2026-05-29 18:15:00+00:00,2026-05-29 18:17:00+00:00,4557.05,breakout_next_open,4552.72,4570.04,4.329999999999927,12.989999999999782,120,2026-05-29 20:17:00+00:00,4552.72,4557.45,0,2026-05-29 18:45:00+00:00,4552.72,stop_loss,-4.329999999999927,False
-1,2026-06-01 11:30:00+00:00,2026-06-01 11:33:00+00:00,4507.85,breakout_next_open,4512.11,4495.070000000002,4.259999999999309,12.779999999997926,120,2026-06-01 14:45:00+00:00,4508.49,4512.11,2,2026-06-01 13:10:00+00:00,4495.070000000002,target_hit,12.779999999997926,True
-1,2026-06-01 13:15:00+00:00,2026-06-01 13:17:00+00:00,4481.48,breakout_next_open,4504.19,4413.349999999999,22.710000000000036,68.13000000000011,120,2026-06-01 16:30:00+00:00,4498.32,4504.19,3,2026-06-01 16:30:00+00:00,4469.62,timeout,11.859999999999673,True
-1,2026-06-03 15:15:00+00:00,2026-06-03 15:20:00+00:00,4445.81,breakout_next_open,4450.82,4430.7800000000025,5.009999999999309,15.029999999997926,120,2026-06-03 18:30:00+00:00,4445.65,4450.82,4,2026-06-03 18:30:00+00:00,4441.54,timeout,4.270000000000437,True
1,2026-06-04 09:45:00+00:00,2026-06-04 09:47:00+00:00,4468.24,breakout_next_open,4462.21,4486.329999999999,6.029999999999745,18.089999999999236,120,2026-06-04 12:30:00+00:00,4462.21,4467.23,2,2026-06-04 11:26:00+00:00,4486.329999999999,target_hit,18.089999999999236,True
1,2026-06-04 11:30:00+00:00,2026-06-04 11:32:00+00:00,4491.51,breakout_next_open,4481.33,4522.050000000001,10.180000000000291,30.540000000000873,120,2026-06-04 15:45:00+00:00,4481.33,4487.99,6,2026-06-04 14:35:00+00:00,4481.33,stop_loss,-10.180000000000291,False
-1,2026-06-05 12:30:00+00:00,2026-06-05 12:32:00+00:00,4451.15,breakout_next_open,4476.09,4376.329999999998,24.94000000000051,74.82000000000153,120,2026-06-05 15:45:00+00:00,4468.65,4476.09,4,2026-06-05 13:58:00+00:00,4376.329999999998,target_hit,74.82000000000153,True
-1,2026-06-05 14:00:00+00:00,2026-06-05 14:02:00+00:00,4367.69,breakout_next_open,4391.33,4296.769999999999,23.640000000000327,70.92000000000098,120,2026-06-05 21:45:00+00:00,4384.95,4391.33,13,2026-06-07 22:04:00+00:00,4321.26,timeout,46.42999999999938,True
-1,2026-06-08 07:30:00+00:00,2026-06-08 07:38:00+00:00,4306.54,breakout_next_open,4309.59,4297.389999999999,3.050000000000182,9.150000000000546,120,2026-06-08 09:38:00+00:00,4304.74,4309.59,0,2026-06-08 07:51:00+00:00,4297.389999999999,target_hit,9.150000000000546,True
-1,2026-06-08 09:00:00+00:00,2026-06-08 09:03:00+00:00,4291.27,breakout_next_open,4293.96,4283.200000000002,2.6899999999996,8.0699999999988,120,2026-06-08 11:03:00+00:00,4289.52,4293.96,0,2026-06-08 09:28:00+00:00,4283.200000000002,target_hit,8.0699999999988,True
1,2026-06-08 13:45:00+00:00,2026-06-08 13:47:00+00:00,4336.84,breakout_next_open,4331.04,4354.240000000001,5.800000000000182,17.400000000000546,120,2026-06-08 15:47:00+00:00,4331.04,4337.73,0,2026-06-08 13:50:00+00:00,4331.04,stop_loss,-5.800000000000182,False
1,2026-06-08 14:30:00+00:00,2026-06-08 14:32:00+00:00,4322.25,breakout_next_open,4316.8,4338.599999999999,5.449999999999818,16.349999999999454,120,2026-06-08 16:32:00+00:00,4316.8,4322.21,0,2026-06-08 14:37:00+00:00,4316.8,stop_loss,-5.449999999999818,False
1,2026-06-08 15:00:00+00:00,2026-06-08 15:02:00+00:00,4334.4,breakout_next_open,4323.61,4366.7699999999995,10.789999999999964,32.36999999999989,120,2026-06-08 17:02:00+00:00,4323.61,4328.44,0,2026-06-08 15:17:00+00:00,4323.61,stop_loss,-10.789999999999964,False
1,2026-06-08 15:30:00+00:00,2026-06-08 15:32:00+00:00,4330.63,breakout_next_open,4324.81,4348.089999999999,5.819999999999709,17.459999999999127,120,2026-06-08 18:15:00+00:00,4324.81,4332.62,1,2026-06-08 18:15:00+00:00,4342.51,timeout,11.88000000000011,True
1,2026-06-09 11:00:00+00:00,2026-06-09 11:02:00+00:00,4338.74,breakout_next_open,4330.38,4363.819999999999,8.359999999999673,25.079999999999018,120,2026-06-09 13:02:00+00:00,4330.38,4333.74,0,2026-06-09 13:02:00+00:00,4340.28,timeout,1.5399999999999636,True
-1,2026-06-10 07:15:00+00:00,2026-06-10 07:17:00+00:00,4200.2,breakout_next_open,4205.67,4183.789999999999,5.470000000000255,16.410000000000764,120,2026-06-10 09:17:00+00:00,4200.34,4205.67,0,2026-06-10 07:52:00+00:00,4183.789999999999,target_hit,16.410000000000764,True
-1,2026-06-10 08:00:00+00:00,2026-06-10 08:02:00+00:00,4177.98,breakout_next_open,4188.25,4147.169999999998,10.270000000000437,30.81000000000131,120,2026-06-10 13:45:00+00:00,4181.69,4188.25,8,2026-06-10 11:59:00+00:00,4147.169999999998,target_hit,30.81000000000131,True
-1,2026-06-10 14:15:00+00:00,2026-06-10 14:17:00+00:00,4174.68,breakout_next_open,4181.05,4155.570000000001,6.369999999999891,19.109999999999673,120,2026-06-10 16:30:00+00:00,4174.23,4181.05,1,2026-06-10 14:31:00+00:00,4155.570000000001,target_hit,19.109999999999673,True
-1,2026-06-10 14:30:00+00:00,2026-06-10 14:32:00+00:00,4155.65,breakout_next_open,4175.51,4096.069999999998,19.860000000000582,59.580000000001746,120,2026-06-10 21:00:00+00:00,4168.27,4175.51,10,2026-06-10 19:04:00+00:00,4096.069999999998,target_hit,59.580000000001746,True
-1,2026-06-10 19:00:00+00:00,2026-06-10 19:05:00+00:00,4096.03,breakout_next_open,4104.61,4070.29,8.579999999999927,25.73999999999978,120,2026-06-10 21:30:00+00:00,4096.89,4104.61,2,2026-06-10 20:09:00+00:00,4070.29,target_hit,25.73999999999978,True
1,2026-06-12 07:45:00+00:00,2026-06-12 07:47:00+00:00,4182.41,breakout_next_open,4173.83,4208.15,8.579999999999927,25.73999999999978,120,2026-06-12 10:15:00+00:00,4173.83,4177.95,1,2026-06-12 08:17:00+00:00,4208.15,target_hit,25.73999999999978,True
1,2026-06-12 08:15:00+00:00,2026-06-12 08:17:00+00:00,4206.69,breakout_next_open,4192.61,4248.929999999999,14.079999999999927,42.23999999999978,120,2026-06-12 11:45:00+00:00,4192.61,4198.78,1,2026-06-12 11:45:00+00:00,4210.34,timeout,3.6500000000005457,True
1,2026-06-12 15:30:00+00:00,2026-06-12 15:32:00+00:00,4222.06,breakout_next_open,4215.61,4241.410000000003,6.450000000000728,19.350000000002183,120,2026-06-12 17:32:00+00:00,4215.61,4219.38,0,2026-06-12 15:39:00+00:00,4215.61,stop_loss,-6.450000000000728,False
1,2026-06-12 16:00:00+00:00,2026-06-12 16:02:00+00:00,4210.38,breakout_next_open,4207.65,4218.5700000000015,2.730000000000473,8.190000000001419,120,2026-06-12 18:02:00+00:00,4207.65,4212.39,0,2026-06-12 16:13:00+00:00,4218.5700000000015,target_hit,8.190000000001419,True
1,2026-06-12 16:15:00+00:00,2026-06-12 16:17:00+00:00,4229.25,breakout_next_open,4214.06,4274.819999999999,15.1899999999996,45.5699999999988,120,2026-06-12 18:30:00+00:00,4214.06,4225.31,1,2026-06-12 16:35:00+00:00,4214.06,stop_loss,-15.1899999999996,False
1,2026-06-12 17:45:00+00:00,2026-06-12 17:47:00+00:00,4223.6,breakout_next_open,4215.75,4247.1500000000015,7.850000000000364,23.55000000000109,120,2026-06-12 20:30:00+00:00,4215.75,4219.97,2,2026-06-12 18:58:00+00:00,4215.75,stop_loss,-7.850000000000364,False
1,2026-06-15 07:15:00+00:00,2026-06-15 07:17:00+00:00,4314.47,breakout_next_open,4306.42,4338.620000000001,8.050000000000182,24.150000000000546,120,2026-06-15 10:15:00+00:00,4306.42,4310.8,2,2026-06-15 08:33:00+00:00,4338.620000000001,target_hit,24.150000000000546,True
1,2026-06-15 08:45:00+00:00,2026-06-15 08:47:00+00:00,4341.72,breakout_next_open,4328.98,4379.940000000002,12.740000000000691,38.220000000002074,120,2026-06-15 10:47:00+00:00,4328.98,4332.9,0,2026-06-15 10:47:00+00:00,4339.2,timeout,-2.5200000000004366,False
1,2026-06-15 13:45:00+00:00,2026-06-15 13:47:00+00:00,4360.25,breakout_next_open,4351.96,4385.12,8.289999999999964,24.86999999999989,120,2026-06-15 17:00:00+00:00,4351.96,4359.03,3,2026-06-15 15:01:00+00:00,4351.96,stop_loss,-8.289999999999964,False
-1,2026-06-16 13:15:00+00:00,2026-06-16 13:17:00+00:00,4341.1,breakout_next_open,4355.01,4299.370000000001,13.909999999999854,41.72999999999956,120,2026-06-16 16:30:00+00:00,4350.55,4355.01,2,2026-06-16 16:30:00+00:00,4343.6,timeout,-2.5,False
1,2026-06-17 15:15:00+00:00,2026-06-17 15:17:00+00:00,4353.24,breakout_next_open,4344.64,4379.039999999998,8.599999999999454,25.799999999998363,120,2026-06-17 18:30:00+00:00,4344.64,4348.53,2,2026-06-17 17:33:00+00:00,4379.039999999998,target_hit,25.799999999998363,True
1,2026-06-17 18:30:00+00:00,2026-06-17 18:32:00+00:00,4306.61,breakout_next_open,4282.46,4379.059999999999,24.149999999999636,72.44999999999891,120,2026-06-17 20:32:00+00:00,4282.46,4298.06,0,2026-06-17 18:33:00+00:00,4282.46,stop_loss,-24.149999999999636,False
-1,2026-06-18 07:45:00+00:00,2026-06-18 07:47:00+00:00,4297.22,breakout_next_open,4307.76,4265.6,10.539999999999964,31.61999999999989,120,2026-06-18 10:00:00+00:00,4303.78,4307.76,1,2026-06-18 09:00:00+00:00,4265.6,target_hit,31.61999999999989,True
-1,2026-06-18 09:00:00+00:00,2026-06-18 09:02:00+00:00,4266.69,breakout_next_open,4275.71,4239.629999999998,9.020000000000437,27.06000000000131,120,2026-06-18 15:30:00+00:00,4269.47,4275.71,9,2026-06-18 13:32:00+00:00,4275.71,stop_loss,-9.020000000000437,False
-1,2026-06-18 14:00:00+00:00,2026-06-18 14:02:00+00:00,4243.25,breakout_next_open,4265.49,4176.530000000001,22.23999999999978,66.71999999999935,120,2026-06-18 17:45:00+00:00,4259.77,4265.49,5,2026-06-18 17:45:00+00:00,4228.29,timeout,14.960000000000036,True
-1,2026-06-19 08:45:00+00:00,2026-06-19 08:47:00+00:00,4167.19,breakout_next_open,4178.33,4133.769999999999,11.140000000000327,33.42000000000098,120,2026-06-19 13:00:00+00:00,4174.1,4178.33,2,2026-06-19 12:59:00+00:00,4178.33,stop_loss,-11.140000000000327,False
1,2026-06-19 15:00:00+00:00,2026-06-19 15:02:00+00:00,4152.99,breakout_next_open,4145.4,4175.76,7.5900000000001455,22.770000000000437,120,2026-06-19 17:02:00+00:00,4145.4,4150.36,0,2026-06-19 16:12:00+00:00,4145.4,stop_loss,-7.5900000000001455,False
1,2026-06-22 09:00:00+00:00,2026-06-22 09:02:00+00:00,4198.6,breakout_next_open,4193.17,4214.890000000001,5.430000000000291,16.290000000000873,120,2026-06-22 12:15:00+00:00,4193.17,4198.01,3,2026-06-22 11:06:00+00:00,4214.890000000001,target_hit,16.290000000000873,True
1,2026-06-23 07:15:00+00:00,2026-06-23 07:21:00+00:00,4119.24,breakout_next_open,4114.37,4133.849999999999,4.869999999999891,14.609999999999673,120,2026-06-23 09:30:00+00:00,4114.37,4118.95,1,2026-06-23 07:36:00+00:00,4114.37,stop_loss,-4.869999999999891,False
-1,2026-06-23 14:45:00+00:00,2026-06-23 14:47:00+00:00,4126.83,breakout_next_open,4133.49,4106.85,6.6599999999998545,19.979999999999563,120,2026-06-23 16:47:00+00:00,4127.98,4133.49,0,2026-06-23 15:01:00+00:00,4133.49,stop_loss,-6.6599999999998545,False
-1,2026-06-23 15:15:00+00:00,2026-06-23 15:24:00+00:00,4124.4,breakout_next_open,4130.71,4105.469999999998,6.3100000000004,18.9300000000012,120,2026-06-23 17:24:00+00:00,4124.07,4130.71,0,2026-06-23 15:30:00+00:00,4130.71,stop_loss,-6.3100000000004,False
-1,2026-06-23 17:00:00+00:00,2026-06-23 17:02:00+00:00,4133.61,breakout_next_open,4138.93,4117.649999999998,5.3200000000006185,15.960000000001855,120,2026-06-23 19:02:00+00:00,4134.71,4138.93,0,2026-06-23 17:13:00+00:00,4138.93,stop_loss,-5.3200000000006185,False
-1,2026-06-24 07:15:00+00:00,2026-06-24 07:17:00+00:00,4084.41,breakout_next_open,4089.73,4068.4499999999994,5.320000000000164,15.960000000000491,120,2026-06-24 09:17:00+00:00,4085.42,4089.73,0,2026-06-24 09:17:00+00:00,4077.11,timeout,7.299999999999727,True
-1,2026-06-24 11:15:00+00:00,2026-06-24 11:17:00+00:00,4039.6,breakout_next_open,4056.03,3990.309999999999,16.43000000000029,49.29000000000087,120,2026-06-24 13:30:00+00:00,4050.79,4056.03,1,2026-06-24 11:52:00+00:00,4056.03,stop_loss,-16.43000000000029,False
-1,2026-06-24 12:15:00+00:00,2026-06-24 12:17:00+00:00,4036.01,breakout_next_open,4043.81,4012.610000000001,7.799999999999727,23.39999999999918,120,2026-06-24 14:17:00+00:00,4039.43,4043.81,0,2026-06-24 12:25:00+00:00,4012.610000000001,target_hit,23.39999999999918,True
-1,2026-06-24 12:45:00+00:00,2026-06-24 12:47:00+00:00,4012.07,breakout_next_open,4017.44,3995.9600000000005,5.369999999999891,16.109999999999673,120,2026-06-24 14:47:00+00:00,4011.04,4017.44,0,2026-06-24 12:58:00+00:00,3995.9600000000005,target_hit,16.109999999999673,True
-1,2026-06-24 13:00:00+00:00,2026-06-24 13:02:00+00:00,3972.61,breakout_next_open,4011.17,3856.9300000000003,38.559999999999945,115.67999999999984,120,2026-06-24 15:15:00+00:00,4002.88,4011.17,1,2026-06-24 13:42:00+00:00,4011.17,stop_loss,-38.559999999999945,False
-1,2026-06-24 14:15:00+00:00,2026-06-24 14:17:00+00:00,4018.99,breakout_next_open,4041.3,3952.0599999999986,22.3100000000004,66.9300000000012,120,2026-06-24 20:30:00+00:00,4031.23,4041.3,8,2026-06-24 20:30:00+00:00,3998.95,timeout,20.039999999999964,True
