side,signal_ts,entry_time,entry_price,entry_style,stop,target,sl,tp,horizon,timeout,impulse_low,impulse_high,target_updates,exit_time,exit_price,exit_reason,pnl,win
1,2025-06-02 07:30:00+00:00,2025-06-02 07:31:00+00:00,3354.8,breakout,3351.18,3365.660000000001,3.6200000000003456,10.860000000001037,120,2025-06-02 09:31:00+00:00,3351.18,3354.8,0,2025-06-02 07:55:00+00:00,3351.18,stop_loss,-3.6200000000003456,False
1,2025-06-02 11:45:00+00:00,2025-06-02 11:46:00+00:00,3358.08,breakout,3354.15,3369.8699999999994,3.9299999999998363,11.789999999999509,120,2025-06-02 13:46:00+00:00,3354.15,3358.08,0,2025-06-02 11:50:00+00:00,3354.15,stop_loss,-3.9299999999998363,False
1,2025-06-02 14:00:00+00:00,2025-06-02 14:01:00+00:00,3374.88,breakout,3369.83,3390.0300000000007,5.050000000000182,15.150000000000546,120,2025-06-02 16:01:00+00:00,3369.83,3374.88,0,2025-06-02 14:08:00+00:00,3369.83,stop_loss,-5.050000000000182,False
-1,2025-06-02 15:30:00+00:00,2025-06-02 15:31:00+00:00,3371.85,breakout,3375.3,3361.499999999999,3.450000000000273,10.350000000000819,120,2025-06-02 17:31:00+00:00,3371.85,3375.3,0,2025-06-02 15:42:00+00:00,3375.3,stop_loss,-3.450000000000273,False
-1,2025-06-03 13:45:00+00:00,2025-06-03 13:46:00+00:00,3353.32,breakout,3359.86,3333.7000000000003,6.539999999999964,19.61999999999989,120,2025-06-03 16:00:00+00:00,3353.32,3359.86,1,2025-06-03 14:05:00+00:00,3333.7000000000003,target_hit,19.61999999999989,True
-1,2025-06-03 14:15:00+00:00,2025-06-03 14:16:00+00:00,3337.65,breakout,3346.96,3309.7200000000003,9.309999999999945,27.929999999999836,120,2025-06-03 16:16:00+00:00,3337.65,3346.96,0,2025-06-03 14:30:00+00:00,3346.96,stop_loss,-9.309999999999945,False
-1,2025-06-04 11:00:00+00:00,2025-06-04 11:03:00+00:00,3349.93,breakout,3354.23,3337.0299999999993,4.300000000000182,12.900000000000546,120,2025-06-04 13:30:00+00:00,3349.93,3354.23,1,2025-06-04 12:15:00+00:00,3354.23,stop_loss,-4.300000000000182,False
1,2025-06-04 12:45:00+00:00,2025-06-04 12:46:00+00:00,3354.98,breakout,3349.75,3370.67,5.230000000000018,15.690000000000055,120,2025-06-04 16:15:00+00:00,3349.75,3354.98,1,2025-06-04 14:30:00+00:00,3370.67,target_hit,15.690000000000055,True
-1,2025-06-05 13:00:00+00:00,2025-06-05 13:01:00+00:00,3380.57,breakout,3391.08,3349.040000000001,10.509999999999764,31.52999999999929,120,2025-06-05 17:30:00+00:00,3380.57,3391.08,6,2025-06-05 15:42:00+00:00,3349.040000000001,target_hit,31.52999999999929,True
-1,2025-06-05 15:45:00+00:00,2025-06-05 15:46:00+00:00,3358.38,breakout,3361.98,3347.5800000000004,3.599999999999909,10.799999999999727,120,2025-06-05 17:46:00+00:00,3358.38,3361.98,0,2025-06-05 15:47:00+00:00,3347.5800000000004,target_hit,10.799999999999727,True
-1,2025-06-06 09:15:00+00:00,2025-06-06 09:16:00+00:00,3361.1,breakout,3365.4,3348.1999999999994,4.300000000000182,12.900000000000546,120,2025-06-06 11:16:00+00:00,3361.1,3365.4,0,2025-06-06 11:16:00+00:00,3362.13,timeout,-1.0300000000002,False
1,2025-06-06 12:30:00+00:00,2025-06-06 12:33:00+00:00,3361.13,breakout,3354.73,3380.3300000000004,6.400000000000091,19.200000000000273,120,2025-06-06 14:33:00+00:00,3354.73,3361.13,0,2025-06-06 12:35:00+00:00,3354.73,stop_loss,-6.400000000000091,False
-1,2025-06-06 13:30:00+00:00,2025-06-06 13:31:00+00:00,3354.46,breakout,3358.8,3341.4399999999996,4.3400000000001455,13.020000000000437,120,2025-06-06 15:45:00+00:00,3354.46,3358.8,1,2025-06-06 14:00:00+00:00,3341.4399999999996,target_hit,13.020000000000437,True
-1,2025-06-06 14:15:00+00:00,2025-06-06 14:16:00+00:00,3337.43,breakout,3342.58,3321.9799999999996,5.150000000000091,15.450000000000273,120,2025-06-06 16:16:00+00:00,3337.43,3342.58,0,2025-06-06 14:20:00+00:00,3321.9799999999996,target_hit,15.450000000000273,True
-1,2025-06-06 14:30:00+00:00,2025-06-06 14:31:00+00:00,3327.03,breakout,3335.98,3300.1800000000007,8.949999999999818,26.849999999999454,120,2025-06-06 17:15:00+00:00,3327.03,3335.98,2,2025-06-06 15:38:00+00:00,3335.98,stop_loss,-8.949999999999818,False
1,2025-06-09 14:00:00+00:00,2025-06-09 14:01:00+00:00,3317.59,breakout,3314.03,3328.27,3.5599999999999454,10.679999999999836,120,2025-06-09 16:01:00+00:00,3314.03,3317.59,0,2025-06-09 15:22:00+00:00,3328.27,target_hit,10.679999999999836,True
-1,2025-06-10 11:45:00+00:00,2025-06-10 11:51:00+00:00,3336.03,breakout,3339.8,3324.7200000000003,3.769999999999982,11.309999999999945,120,2025-06-10 13:51:00+00:00,3336.03,3339.8,0,2025-06-10 12:32:00+00:00,3339.8,stop_loss,-3.769999999999982,False
1,2025-06-10 13:30:00+00:00,2025-06-10 13:31:00+00:00,3346.42,breakout,3342.72,3357.520000000001,3.700000000000273,11.100000000000819,120,2025-06-10 15:31:00+00:00,3342.72,3346.42,0,2025-06-10 13:37:00+00:00,3342.72,stop_loss,-3.700000000000273,False
-1,2025-06-10 14:30:00+00:00,2025-06-10 14:33:00+00:00,3331.73,breakout,3335.93,3319.1300000000006,4.199999999999818,12.599999999999454,120,2025-06-10 18:15:00+00:00,3331.73,3335.93,2,2025-06-10 18:15:00+00:00,3322.2,timeout,9.5300000000002,True
1,2025-06-11 12:45:00+00:00,2025-06-11 12:46:00+00:00,3353.28,breakout,3337.77,3399.810000000001,15.510000000000218,46.530000000000655,120,2025-06-11 14:46:00+00:00,3337.77,3353.28,0,2025-06-11 12:56:00+00:00,3337.77,stop_loss,-15.510000000000218,False
-1,2025-06-11 13:00:00+00:00,2025-06-11 13:01:00+00:00,3351.28,breakout,3355.69,3338.0500000000006,4.4099999999998545,13.229999999999563,120,2025-06-11 15:01:00+00:00,3351.28,3355.69,0,2025-06-11 13:02:00+00:00,3338.0500000000006,target_hit,13.229999999999563,True
1,2025-06-11 13:15:00+00:00,2025-06-11 13:16:00+00:00,3341.41,breakout,3337.45,3353.29,3.9600000000000364,11.88000000000011,120,2025-06-11 15:16:00+00:00,3337.45,3341.41,0,2025-06-11 13:29:00+00:00,3337.45,stop_loss,-3.9600000000000364,False
-1,2025-06-11 13:30:00+00:00,2025-06-11 13:31:00+00:00,3337.37,breakout,3341.08,3326.24,3.7100000000000364,11.13000000000011,120,2025-06-11 15:45:00+00:00,3337.37,3341.08,1,2025-06-11 14:43:00+00:00,3341.08,stop_loss,-3.7100000000000364,False
1,2025-06-11 18:15:00+00:00,2025-06-11 18:16:00+00:00,3331.75,breakout,3327.43,3344.7100000000005,4.320000000000164,12.960000000000491,120,2025-06-11 20:16:00+00:00,3327.43,3331.75,0,2025-06-11 18:22:00+00:00,3344.7100000000005,target_hit,12.960000000000491,True
-1,2025-06-12 07:45:00+00:00,2025-06-12 07:46:00+00:00,3363.6,breakout,3368.03,3350.309999999999,4.430000000000291,13.290000000000873,120,2025-06-12 09:46:00+00:00,3363.6,3368.03,0,2025-06-12 07:47:00+00:00,3350.309999999999,target_hit,13.290000000000873,True
1,2025-06-12 08:00:00+00:00,2025-06-12 08:01:00+00:00,3345.23,breakout,3340.58,3359.1800000000003,4.650000000000091,13.950000000000273,120,2025-06-12 10:01:00+00:00,3340.58,3345.23,0,2025-06-12 08:26:00+00:00,3359.1800000000003,target_hit,13.950000000000273,True
1,2025-06-12 10:30:00+00:00,2025-06-12 10:31:00+00:00,3373.28,breakout,3368.58,3387.380000000001,4.700000000000273,14.100000000000819,120,2025-06-12 12:31:00+00:00,3368.58,3373.28,0,2025-06-12 11:03:00+00:00,3387.380000000001,target_hit,14.100000000000819,True
1,2025-06-12 13:45:00+00:00,2025-06-12 13:46:00+00:00,3386.03,breakout,3382.18,3397.5800000000013,3.850000000000364,11.550000000001091,120,2025-06-12 15:46:00+00:00,3382.18,3386.03,0,2025-06-12 15:09:00+00:00,3382.18,stop_loss,-3.850000000000364,False
1,2025-06-12 15:30:00+00:00,2025-06-12 15:31:00+00:00,3384.23,breakout,3378.68,3400.8800000000006,5.550000000000182,16.650000000000546,120,2025-06-12 17:31:00+00:00,3378.68,3384.23,0,2025-06-12 17:20:00+00:00,3378.68,stop_loss,-5.550000000000182,False
-1,2025-06-13 07:00:00+00:00,2025-06-13 07:01:00+00:00,3415.65,breakout,3419.35,3404.5500000000006,3.699999999999818,11.099999999999454,120,2025-06-13 09:01:00+00:00,3415.65,3419.35,0,2025-06-13 08:08:00+00:00,3419.35,stop_loss,-3.699999999999818,False
-1,2025-06-13 10:45:00+00:00,2025-06-13 10:46:00+00:00,3415.2,breakout,3418.55,3405.1499999999987,3.350000000000364,10.050000000001091,120,2025-06-13 12:46:00+00:00,3415.2,3418.55,0,2025-06-13 11:15:00+00:00,3418.55,stop_loss,-3.350000000000364,False
1,2025-06-13 12:45:00+00:00,2025-06-13 12:48:00+00:00,3432.09,breakout,3428.53,3442.77,3.5599999999999454,10.679999999999836,120,2025-06-13 14:48:00+00:00,3428.53,3432.09,0,2025-06-13 13:16:00+00:00,3442.77,target_hit,10.679999999999836,True
-1,2025-06-13 14:00:00+00:00,2025-06-13 14:01:00+00:00,3437.07,breakout,3441.83,3422.790000000001,4.7599999999997635,14.27999999999929,120,2025-06-13 17:00:00+00:00,3437.07,3441.83,1,2025-06-13 15:06:00+00:00,3422.790000000001,target_hit,14.27999999999929,True
-1,2025-06-13 15:15:00+00:00,2025-06-13 15:16:00+00:00,3424.99,breakout,3428.63,3414.069999999999,3.6400000000003274,10.920000000000982,120,2025-06-13 17:16:00+00:00,3424.99,3428.63,0,2025-06-13 15:19:00+00:00,3428.63,stop_loss,-3.6400000000003274,False
-1,2025-06-16 07:15:00+00:00,2025-06-16 07:16:00+00:00,3414.93,breakout,3418.45,3404.37,3.519999999999982,10.559999999999945,120,2025-06-16 09:16:00+00:00,3414.93,3418.45,0,2025-06-16 08:20:00+00:00,3418.45,stop_loss,-3.519999999999982,False
-1,2025-06-16 12:30:00+00:00,2025-06-16 12:31:00+00:00,3413.55,breakout,3417.45,3401.8500000000013,3.899999999999636,11.699999999998909,120,2025-06-16 14:31:00+00:00,3413.55,3417.45,0,2025-06-16 12:53:00+00:00,3417.45,stop_loss,-3.899999999999636,False
1,2025-06-16 13:45:00+00:00,2025-06-16 13:48:00+00:00,3409.55,breakout,3404.61,3424.3700000000003,4.940000000000055,14.820000000000164,120,2025-06-16 15:48:00+00:00,3404.61,3409.55,0,2025-06-16 13:53:00+00:00,3404.61,stop_loss,-4.940000000000055,False
-1,2025-06-16 14:00:00+00:00,2025-06-16 14:01:00+00:00,3403.06,breakout,3409.54,3383.62,6.480000000000018,19.440000000000055,120,2025-06-16 16:01:00+00:00,3403.06,3409.54,0,2025-06-16 16:01:00+00:00,3403.73,timeout,-0.6700000000000728,False
-1,2025-06-17 12:45:00+00:00,2025-06-17 12:50:00+00:00,3385.1,breakout,3388.88,3373.7599999999993,3.7800000000002,11.3400000000006,120,2025-06-17 14:50:00+00:00,3385.1,3388.88,0,2025-06-17 12:57:00+00:00,3388.88,stop_loss,-3.7800000000002,False
-1,2025-06-17 14:00:00+00:00,2025-06-17 14:01:00+00:00,3392.23,breakout,3395.58,3382.1800000000003,3.349999999999909,10.049999999999727,120,2025-06-17 16:15:00+00:00,3392.23,3395.58,1,2025-06-17 14:26:00+00:00,3382.1800000000003,target_hit,10.049999999999727,True
-1,2025-06-17 14:45:00+00:00,2025-06-17 14:46:00+00:00,3380.13,breakout,3383.98,3368.5800000000004,3.849999999999909,11.549999999999727,120,2025-06-17 16:46:00+00:00,3380.13,3383.98,0,2025-06-17 14:54:00+00:00,3383.98,stop_loss,-3.849999999999909,False
-1,2025-06-18 14:15:00+00:00,2025-06-18 14:16:00+00:00,3387.72,breakout,3391.73,3375.689999999999,4.010000000000218,12.030000000000655,120,2025-06-18 16:16:00+00:00,3387.72,3391.73,0,2025-06-18 14:20:00+00:00,3375.689999999999,target_hit,12.030000000000655,True
1,2025-06-18 14:45:00+00:00,2025-06-18 14:46:00+00:00,3386.37,breakout,3382.53,3397.889999999999,3.8399999999996908,11.519999999999072,120,2025-06-18 16:46:00+00:00,3382.53,3386.37,0,2025-06-18 15:17:00+00:00,3382.53,stop_loss,-3.8399999999996908,False
-1,2025-06-18 18:45:00+00:00,2025-06-18 18:46:00+00:00,3385.6,breakout,3390.33,3371.41,4.730000000000018,14.190000000000055,120,2025-06-18 20:46:00+00:00,3385.6,3390.33,0,2025-06-18 19:14:00+00:00,3371.41,target_hit,14.190000000000055,True
-1,2025-06-18 19:15:00+00:00,2025-06-18 19:16:00+00:00,3375.93,breakout,3379.48,3365.2799999999993,3.550000000000182,10.650000000000546,120,2025-06-18 21:16:00+00:00,3375.93,3379.48,0,2025-06-18 19:30:00+00:00,3365.2799999999993,target_hit,10.650000000000546,True
-1,2025-06-18 19:30:00+00:00,2025-06-18 19:31:00+00:00,3365.33,breakout,3369.65,3352.3699999999994,4.320000000000164,12.960000000000491,120,2025-06-18 21:31:00+00:00,3365.33,3369.65,0,2025-06-18 19:33:00+00:00,3369.65,stop_loss,-4.320000000000164,False
1,2025-06-18 19:45:00+00:00,2025-06-18 19:46:00+00:00,3369.48,breakout,3365.8,3380.5199999999995,3.6799999999998363,11.039999999999509,120,2025-06-18 21:46:00+00:00,3365.8,3369.48,0,2025-06-18 19:48:00+00:00,3365.8,stop_loss,-3.6799999999998363,False
1,2025-06-19 07:45:00+00:00,2025-06-19 07:46:00+00:00,3361.23,breakout,3357.55,3372.2699999999995,3.6799999999998363,11.039999999999509,120,2025-06-19 09:46:00+00:00,3357.55,3361.23,0,2025-06-19 09:24:00+00:00,3372.2699999999995,target_hit,11.039999999999509,True
1,2025-06-20 14:00:00+00:00,2025-06-20 14:09:00+00:00,3372.14,breakout,3367.43,3386.27,4.710000000000036,14.13000000000011,120,2025-06-20 16:09:00+00:00,3367.43,3372.14,0,2025-06-20 14:20:00+00:00,3367.43,stop_loss,-4.710000000000036,False
-1,2025-06-20 14:15:00+00:00,2025-06-20 14:21:00+00:00,3366.28,breakout,3370.98,3352.1800000000007,4.699999999999818,14.099999999999454,120,2025-06-20 16:21:00+00:00,3366.28,3370.98,0,2025-06-20 15:00:00+00:00,3370.98,stop_loss,-4.699999999999818,False
-1,2025-06-23 12:30:00+00:00,2025-06-23 12:31:00+00:00,3363.69,breakout,3368.58,3349.0200000000004,4.889999999999873,14.669999999999618,120,2025-06-23 14:31:00+00:00,3363.69,3368.58,0,2025-06-23 13:16:00+00:00,3368.58,stop_loss,-4.889999999999873,False
-1,2025-06-23 14:00:00+00:00,2025-06-23 14:04:00+00:00,3378.93,breakout,3384.55,3362.069999999999,5.620000000000346,16.860000000001037,120,2025-06-23 16:15:00+00:00,3378.93,3384.55,1,2025-06-23 14:45:00+00:00,3384.55,stop_loss,-5.620000000000346,False
-1,2025-06-23 18:45:00+00:00,2025-06-23 18:46:00+00:00,3378.73,breakout,3383.83,3363.4300000000003,5.099999999999909,15.299999999999727,120,2025-06-23 20:46:00+00:00,3378.73,3383.83,0,2025-06-23 20:46:00+00:00,3369.18,timeout,9.550000000000182,True
1,2025-06-24 08:15:00+00:00,2025-06-24 08:16:00+00:00,3330.87,breakout,3326.98,3342.5399999999995,3.8899999999998727,11.669999999999618,120,2025-06-24 10:16:00+00:00,3326.98,3330.87,0,2025-06-24 08:23:00+00:00,3326.98,stop_loss,-3.8899999999998727,False
-1,2025-06-24 12:15:00+00:00,2025-06-24 12:17:00+00:00,3312.73,breakout,3316.9,3300.22,4.170000000000073,12.510000000000218,120,2025-06-24 14:17:00+00:00,3312.73,3316.9,0,2025-06-24 12:20:00+00:00,3316.9,stop_loss,-4.170000000000073,False
-1,2025-06-24 12:45:00+00:00,2025-06-24 12:46:00+00:00,3310.28,breakout,3313.65,3300.1700000000005,3.369999999999891,10.109999999999673,120,2025-06-24 14:46:00+00:00,3310.28,3313.65,0,2025-06-24 12:49:00+00:00,3313.65,stop_loss,-3.369999999999891,False
-1,2025-06-24 13:45:00+00:00,2025-06-24 13:48:00+00:00,3297.05,breakout,3300.75,3285.9500000000007,3.699999999999818,11.099999999999454,120,2025-06-24 15:48:00+00:00,3297.05,3300.75,0,2025-06-24 13:53:00+00:00,3300.75,stop_loss,-3.699999999999818,False
1,2025-06-24 14:15:00+00:00,2025-06-24 14:16:00+00:00,3303.25,breakout,3299.43,3314.7100000000005,3.8200000000001637,11.460000000000491,120,2025-06-24 17:30:00+00:00,3299.43,3303.25,2,2025-06-24 15:32:00+00:00,3314.7100000000005,target_hit,11.460000000000491,True
-1,2025-06-26 12:45:00+00:00,2025-06-26 12:46:00+00:00,3337.73,breakout,3344.59,3317.1499999999996,6.860000000000127,20.580000000000382,120,2025-06-26 14:46:00+00:00,3337.73,3344.59,0,2025-06-26 13:10:00+00:00,3317.1499999999996,target_hit,20.580000000000382,True
-1,2025-06-27 09:15:00+00:00,2025-06-27 09:16:00+00:00,3285.33,breakout,3289.63,3272.4299999999994,4.300000000000182,12.900000000000546,120,2025-06-27 11:16:00+00:00,3285.33,3289.63,0,2025-06-27 10:09:00+00:00,3289.63,stop_loss,-4.300000000000182,False
-1,2025-06-27 12:00:00+00:00,2025-06-27 12:08:00+00:00,3276.43,breakout,3279.73,3266.5299999999993,3.300000000000182,9.900000000000546,120,2025-06-27 14:08:00+00:00,3276.43,3279.73,0,2025-06-27 12:22:00+00:00,3279.73,stop_loss,-3.300000000000182,False
-1,2025-06-27 12:45:00+00:00,2025-06-27 12:46:00+00:00,3271.93,breakout,3277.03,3256.6299999999987,5.100000000000364,15.300000000001091,120,2025-06-27 15:00:00+00:00,3271.93,3277.03,1,2025-06-27 13:27:00+00:00,3256.6299999999987,target_hit,15.300000000001091,True
1,2025-06-27 13:45:00+00:00,2025-06-27 13:46:00+00:00,3262.93,breakout,3258.33,3276.7299999999996,4.599999999999909,13.799999999999727,120,2025-06-27 15:46:00+00:00,3258.33,3262.93,0,2025-06-27 14:05:00+00:00,3276.7299999999996,target_hit,13.799999999999727,True
1,2025-07-01 12:45:00+00:00,2025-07-01 12:46:00+00:00,3354.74,breakout,3351.38,3364.819999999999,3.3599999999996726,10.079999999999018,120,2025-07-01 14:46:00+00:00,3351.38,3354.74,0,2025-07-01 13:06:00+00:00,3351.38,stop_loss,-3.3599999999996726,False
1,2025-07-02 12:30:00+00:00,2025-07-02 12:31:00+00:00,3345.83,breakout,3336.76,3373.039999999999,9.069999999999709,27.209999999999127,120,2025-07-02 15:45:00+00:00,3336.76,3345.83,1,2025-07-02 13:49:00+00:00,3336.76,stop_loss,-9.069999999999709,False
-1,2025-07-02 14:00:00+00:00,2025-07-02 14:01:00+00:00,3340.63,breakout,3344.23,3329.8300000000004,3.599999999999909,10.799999999999727,120,2025-07-02 16:01:00+00:00,3340.63,3344.23,0,2025-07-02 16:01:00+00:00,3342.33,timeout,-1.699999999999818,False
-1,2025-07-03 12:45:00+00:00,2025-07-03 12:46:00+00:00,3328.72,breakout,3351.42,3260.619999999999,22.700000000000273,68.10000000000082,120,2025-07-03 14:46:00+00:00,3328.72,3351.42,0,2025-07-03 14:46:00+00:00,3327.61,timeout,1.1099999999996726,True
-1,2025-07-07 10:45:00+00:00,2025-07-07 10:46:00+00:00,3301.83,breakout,3305.67,3290.3099999999995,3.8400000000001455,11.520000000000437,120,2025-07-07 12:46:00+00:00,3301.83,3305.67,0,2025-07-07 11:09:00+00:00,3305.67,stop_loss,-3.8400000000001455,False
1,2025-07-08 15:30:00+00:00,2025-07-08 15:31:00+00:00,3293.96,breakout,3288.85,3309.2900000000004,5.110000000000127,15.330000000000382,120,2025-07-08 19:00:00+00:00,3288.85,3293.96,1,2025-07-08 17:25:00+00:00,3309.2900000000004,target_hit,15.330000000000382,True
-1,2025-07-09 08:00:00+00:00,2025-07-09 08:01:00+00:00,3291.09,breakout,3294.84,3279.84,3.75,11.25,120,2025-07-09 10:01:00+00:00,3291.09,3294.84,0,2025-07-09 10:01:00+00:00,3290.66,timeout,0.43000000000029104,True
1,2025-07-11 11:30:00+00:00,2025-07-11 11:31:00+00:00,3345.73,breakout,3342.28,3356.0799999999995,3.449999999999818,10.349999999999454,120,2025-07-11 14:45:00+00:00,3342.28,3345.73,1,2025-07-11 12:49:00+00:00,3356.0799999999995,target_hit,10.349999999999454,True
1,2025-07-11 13:15:00+00:00,2025-07-11 13:18:00+00:00,3357.97,breakout,3354.6,3368.0799999999995,3.369999999999891,10.109999999999673,120,2025-07-11 15:18:00+00:00,3354.6,3357.97,0,2025-07-11 13:21:00+00:00,3354.6,stop_loss,-3.369999999999891,False
-1,2025-07-11 13:45:00+00:00,2025-07-11 13:48:00+00:00,3352.68,breakout,3356.47,3341.31,3.7899999999999636,11.36999999999989,120,2025-07-11 15:48:00+00:00,3352.68,3356.47,0,2025-07-11 13:52:00+00:00,3356.47,stop_loss,-3.7899999999999636,False
-1,2025-07-15 12:45:00+00:00,2025-07-15 12:46:00+00:00,3350.77,breakout,3357.85,3329.53,7.079999999999927,21.23999999999978,120,2025-07-15 15:45:00+00:00,3350.77,3357.85,2,2025-07-15 15:32:00+00:00,3329.53,target_hit,21.23999999999978,True
-1,2025-07-15 15:45:00+00:00,2025-07-15 15:46:00+00:00,3329.54,breakout,3333.85,3316.61,4.309999999999945,12.929999999999836,120,2025-07-15 17:46:00+00:00,3329.54,3333.85,0,2025-07-15 17:46:00+00:00,3328.26,timeout,1.2799999999997453,True
-1,2025-07-16 14:00:00+00:00,2025-07-16 14:01:00+00:00,3323.61,breakout,3327.11,3313.11,3.5,10.5,120,2025-07-16 16:01:00+00:00,3323.61,3327.11,0,2025-07-16 14:05:00+00:00,3327.11,stop_loss,-3.5,False
1,2025-07-16 15:00:00+00:00,2025-07-16 15:01:00+00:00,3336.12,breakout,3327.11,3363.149999999999,9.009999999999764,27.02999999999929,120,2025-07-16 17:15:00+00:00,3327.11,3336.12,1,2025-07-16 15:16:00+00:00,3363.149999999999,target_hit,27.02999999999929,True
1,2025-07-16 15:15:00+00:00,2025-07-16 15:16:00+00:00,3345.3,breakout,3339.65,3362.2500000000005,5.650000000000091,16.950000000000273,120,2025-07-16 17:16:00+00:00,3339.65,3345.3,0,2025-07-16 15:17:00+00:00,3362.2500000000005,target_hit,16.950000000000273,True
1,2025-07-16 15:30:00+00:00,2025-07-16 15:31:00+00:00,3369.95,breakout,3349.92,3430.039999999999,20.029999999999745,60.089999999999236,120,2025-07-16 17:45:00+00:00,3349.92,3369.95,1,2025-07-16 15:55:00+00:00,3349.92,stop_loss,-20.029999999999745,False
-1,2025-07-16 16:00:00+00:00,2025-07-16 16:01:00+00:00,3355.88,breakout,3361.33,3339.5300000000007,5.449999999999818,16.349999999999454,120,2025-07-16 18:01:00+00:00,3355.88,3361.33,0,2025-07-16 16:03:00+00:00,3339.5300000000007,target_hit,16.349999999999454,True
1,2025-07-16 16:15:00+00:00,2025-07-16 16:16:00+00:00,3348.02,breakout,3342.56,3364.4,5.460000000000036,16.38000000000011,120,2025-07-16 18:16:00+00:00,3342.56,3348.02,0,2025-07-16 18:16:00+00:00,3355.74,timeout,7.7199999999998,True
-1,2025-07-17 07:15:00+00:00,2025-07-17 07:16:00+00:00,3332.32,breakout,3335.43,3322.990000000001,3.1099999999996726,9.329999999999018,120,2025-07-17 09:16:00+00:00,3332.32,3335.43,0,2025-07-17 09:16:00+00:00,3329.45,timeout,2.8700000000003456,True
-1,2025-07-17 12:45:00+00:00,2025-07-17 12:46:00+00:00,3315.0,breakout,3328.1,3275.7000000000003,13.099999999999909,39.29999999999973,120,2025-07-17 15:30:00+00:00,3315.0,3328.1,2,2025-07-17 14:18:00+00:00,3328.1,stop_loss,-13.099999999999909,False
1,2025-07-22 12:45:00+00:00,2025-07-22 12:55:00+00:00,3404.91,breakout,3401.69,3414.5699999999993,3.2199999999998,9.6599999999994,120,2025-07-22 14:55:00+00:00,3401.69,3404.91,0,2025-07-22 13:23:00+00:00,3414.5699999999993,target_hit,9.6599999999994,True
-1,2025-07-23 12:30:00+00:00,2025-07-23 12:33:00+00:00,3424.24,breakout,3427.93,3413.1699999999996,3.6900000000000546,11.070000000000164,120,2025-07-23 14:33:00+00:00,3424.24,3427.93,0,2025-07-23 13:04:00+00:00,3413.1699999999996,target_hit,11.070000000000164,True
-1,2025-07-23 13:30:00+00:00,2025-07-23 13:31:00+00:00,3413.34,breakout,3417.7,3400.260000000001,4.359999999999673,13.079999999999018,120,2025-07-23 15:45:00+00:00,3413.34,3417.7,1,2025-07-23 14:05:00+00:00,3417.7,stop_loss,-4.359999999999673,False
-1,2025-07-23 16:00:00+00:00,2025-07-23 16:01:00+00:00,3407.03,breakout,3410.81,3395.690000000001,3.7799999999997453,11.339999999999236,120,2025-07-23 18:01:00+00:00,3407.03,3410.81,0,2025-07-23 16:02:00+00:00,3395.690000000001,target_hit,11.339999999999236,True
-1,2025-07-23 16:15:00+00:00,2025-07-23 16:16:00+00:00,3394.37,breakout,3398.15,3383.0299999999993,3.7800000000002,11.3400000000006,120,2025-07-23 18:16:00+00:00,3394.37,3398.15,0,2025-07-23 16:21:00+00:00,3383.0299999999993,target_hit,11.3400000000006,True
-1,2025-07-23 16:30:00+00:00,2025-07-23 16:31:00+00:00,3385.68,breakout,3389.23,3375.0299999999993,3.550000000000182,10.650000000000546,120,2025-07-23 18:31:00+00:00,3385.68,3389.23,0,2025-07-23 16:39:00+00:00,3389.23,stop_loss,-3.550000000000182,False
1,2025-07-24 12:15:00+00:00,2025-07-24 12:16:00+00:00,3361.61,breakout,3357.9,3372.7400000000002,3.7100000000000364,11.13000000000011,120,2025-07-24 14:16:00+00:00,3357.9,3361.61,0,2025-07-24 12:43:00+00:00,3357.9,stop_loss,-3.7100000000000364,False
-1,2025-07-24 12:45:00+00:00,2025-07-24 12:46:00+00:00,3361.71,breakout,3365.71,3349.71,4.0,12.0,120,2025-07-24 14:46:00+00:00,3361.71,3365.71,0,2025-07-24 13:42:00+00:00,3365.71,stop_loss,-4.0,False
-1,2025-07-25 14:45:00+00:00,2025-07-25 14:49:00+00:00,3333.72,breakout,3337.34,3322.8599999999988,3.6200000000003456,10.860000000001037,120,2025-07-25 16:49:00+00:00,3333.72,3337.34,0,2025-07-25 16:49:00+00:00,3330.14,timeout,3.5799999999999272,True
-1,2025-07-28 14:00:00+00:00,2025-07-28 14:01:00+00:00,3313.85,breakout,3317.93,3301.61,4.079999999999927,12.239999999999782,120,2025-07-28 16:01:00+00:00,3313.85,3317.93,0,2025-07-28 16:01:00+00:00,3313.93,timeout,-0.07999999999992724,False
-1,2025-07-29 13:45:00+00:00,2025-07-29 13:47:00+00:00,3315.37,breakout,3320.6,3299.68,5.230000000000018,15.690000000000055,120,2025-07-29 15:47:00+00:00,3315.37,3320.6,0,2025-07-29 14:20:00+00:00,3320.6,stop_loss,-5.230000000000018,False
1,2025-07-30 13:45:00+00:00,2025-07-30 13:47:00+00:00,3306.22,breakout,3301.55,3320.2299999999987,4.669999999999618,14.009999999998854,120,2025-07-30 15:47:00+00:00,3301.55,3306.22,0,2025-07-30 13:54:00+00:00,3301.55,stop_loss,-4.669999999999618,False
-1,2025-07-30 15:30:00+00:00,2025-07-30 15:31:00+00:00,3293.49,breakout,3298.63,3278.069999999999,5.140000000000327,15.420000000000982,120,2025-07-30 17:31:00+00:00,3293.49,3298.63,0,2025-07-30 16:54:00+00:00,3298.63,stop_loss,-5.140000000000327,False
-1,2025-07-30 19:00:00+00:00,2025-07-30 19:01:00+00:00,3286.97,breakout,3290.5,3276.379999999999,3.5300000000002,10.5900000000006,120,2025-07-30 21:01:00+00:00,3286.97,3290.5,0,2025-07-30 19:07:00+00:00,3276.379999999999,target_hit,10.5900000000006,True
-1,2025-07-30 19:15:00+00:00,2025-07-30 19:16:00+00:00,3275.51,breakout,3281.09,3258.7700000000004,5.579999999999927,16.73999999999978,120,2025-07-30 21:30:00+00:00,3275.51,3281.09,1,2025-07-30 22:01:00+00:00,3274.45,timeout,1.0600000000004002,True
1,2025-07-31 08:00:00+00:00,2025-07-31 08:07:00+00:00,3309.05,breakout,3303.9,3324.5000000000005,5.150000000000091,15.450000000000273,120,2025-07-31 10:07:00+00:00,3303.9,3309.05,0,2025-07-31 10:07:00+00:00,3305.64,timeout,-3.4100000000003092,False
1,2025-08-01 12:45:00+00:00,2025-08-01 12:46:00+00:00,3314.36,breakout,3300.87,3354.830000000001,13.490000000000236,40.47000000000071,120,2025-08-01 16:15:00+00:00,3300.87,3314.36,2,2025-08-01 14:24:00+00:00,3354.830000000001,target_hit,40.47000000000071,True
-1,2025-08-01 14:30:00+00:00,2025-08-01 14:31:00+00:00,3348.84,breakout,3353.43,3335.070000000001,4.589999999999691,13.769999999999072,120,2025-08-01 17:00:00+00:00,3348.84,3353.43,1,2025-08-01 17:00:00+00:00,3348.53,timeout,0.30999999999994543,True
1,2025-08-01 19:45:00+00:00,2025-08-01 19:46:00+00:00,3354.61,breakout,3350.99,3365.470000000001,3.6200000000003456,10.860000000001037,120,2025-08-01 21:46:00+00:00,3350.99,3354.61,0,2025-08-03 22:01:00+00:00,3365.470000000001,target_hit,10.860000000001037,True
1,2025-08-04 11:15:00+00:00,2025-08-04 11:16:00+00:00,3364.27,breakout,3359.94,3377.2599999999998,4.329999999999927,12.989999999999782,120,2025-08-04 13:16:00+00:00,3359.94,3364.27,0,2025-08-04 13:16:00+00:00,3375.24,timeout,10.9699999999998,True
-1,2025-08-05 14:00:00+00:00,2025-08-05 14:03:00+00:00,3373.14,breakout,3376.87,3361.95,3.730000000000018,11.190000000000055,120,2025-08-05 16:03:00+00:00,3373.14,3376.87,0,2025-08-05 14:05:00+00:00,3376.87,stop_loss,-3.730000000000018,False
1,2025-08-05 14:15:00+00:00,2025-08-05 14:24:00+00:00,3381.05,breakout,3372.54,3406.580000000001,8.510000000000218,25.530000000000655,120,2025-08-05 16:30:00+00:00,3372.54,3381.05,1,2025-08-05 16:30:00+00:00,3379.72,timeout,-1.330000000000382,False
1,2025-08-06 14:00:00+00:00,2025-08-06 14:01:00+00:00,3371.82,breakout,3367.99,3383.3100000000013,3.830000000000382,11.490000000001146,120,2025-08-06 16:01:00+00:00,3367.99,3371.82,0,2025-08-06 16:01:00+00:00,3377.79,timeout,5.9699999999998,True
-1,2025-08-07 08:15:00+00:00,2025-08-07 08:16:00+00:00,3387.01,breakout,3392.54,3370.420000000001,5.529999999999745,16.589999999999236,120,2025-08-07 10:30:00+00:00,3387.01,3392.54,1,2025-08-07 10:30:00+00:00,3376.55,timeout,10.460000000000036,True
-1,2025-08-07 14:00:00+00:00,2025-08-07 14:01:00+00:00,3386.8,breakout,3391.51,3372.67,4.710000000000036,14.13000000000011,120,2025-08-07 16:30:00+00:00,3386.8,3391.51,2,2025-08-07 16:01:00+00:00,3391.51,stop_loss,-4.710000000000036,False
1,2025-08-07 19:45:00+00:00,2025-08-07 19:46:00+00:00,3393.65,breakout,3389.82,3405.14,3.8299999999999272,11.489999999999782,120,2025-08-07 21:46:00+00:00,3389.82,3393.65,0,2025-08-07 22:01:00+00:00,3405.14,target_hit,11.489999999999782,True
-1,2025-08-08 10:30:00+00:00,2025-08-08 10:32:00+00:00,3389.67,breakout,3393.33,3378.6900000000005,3.6599999999998545,10.979999999999563,120,2025-08-08 12:32:00+00:00,3389.67,3393.33,0,2025-08-08 12:23:00+00:00,3393.33,stop_loss,-3.6599999999998545,False
1,2025-08-08 12:45:00+00:00,2025-08-08 12:46:00+00:00,3398.81,breakout,3394.64,3411.32,4.170000000000073,12.510000000000218,120,2025-08-08 14:46:00+00:00,3394.64,3398.81,0,2025-08-08 12:48:00+00:00,3394.64,stop_loss,-4.170000000000073,False
-1,2025-08-08 13:30:00+00:00,2025-08-08 13:34:00+00:00,3390.81,breakout,3396.01,3375.209999999999,5.200000000000273,15.600000000000819,120,2025-08-08 15:34:00+00:00,3390.81,3396.01,0,2025-08-08 13:39:00+00:00,3396.01,stop_loss,-5.200000000000273,False
-1,2025-08-08 14:15:00+00:00,2025-08-08 14:17:00+00:00,3386.5,breakout,3394.19,3363.43,7.690000000000055,23.070000000000164,120,2025-08-08 16:30:00+00:00,3386.5,3394.19,1,2025-08-08 15:18:00+00:00,3394.19,stop_loss,-7.690000000000055,False
1,2025-08-08 18:15:00+00:00,2025-08-08 18:16:00+00:00,3394.85,breakout,3381.43,3435.11,13.420000000000073,40.26000000000022,120,2025-08-08 21:15:00+00:00,3381.43,3394.85,3,2025-08-10 22:01:00+00:00,3403.21,timeout,8.360000000000127,True
1,2025-08-11 17:45:00+00:00,2025-08-11 17:46:00+00:00,3349.31,breakout,3342.24,3370.5200000000004,7.070000000000164,21.21000000000049,120,2025-08-11 19:46:00+00:00,3342.24,3349.31,0,2025-08-11 19:46:00+00:00,3353.75,timeout,4.440000000000055,True
1,2025-08-12 12:45:00+00:00,2025-08-12 12:47:00+00:00,3355.15,breakout,3341.15,3397.15,14.0,42.0,120,2025-08-12 15:30:00+00:00,3341.15,3355.15,2,2025-08-12 13:39:00+00:00,3341.15,stop_loss,-14.0,False
-1,2025-08-12 14:00:00+00:00,2025-08-12 14:01:00+00:00,3346.08,breakout,3351.66,3329.34,5.579999999999927,16.73999999999978,120,2025-08-12 16:01:00+00:00,3346.08,3351.66,0,2025-08-12 15:28:00+00:00,3351.66,stop_loss,-5.579999999999927,False
-1,2025-08-14 13:30:00+00:00,2025-08-14 13:31:00+00:00,3346.07,breakout,3350.07,3334.07,4.0,12.0,120,2025-08-14 16:15:00+00:00,3346.07,3350.07,1,2025-08-14 16:13:00+00:00,3334.07,target_hit,12.0,True
1,2025-08-15 12:45:00+00:00,2025-08-15 12:46:00+00:00,3337.8,breakout,3333.97,3349.2900000000013,3.830000000000382,11.490000000001146,120,2025-08-15 15:30:00+00:00,3333.97,3337.8,1,2025-08-15 13:46:00+00:00,3333.97,stop_loss,-3.830000000000382,False
1,2025-08-21 15:30:00+00:00,2025-08-21 15:38:00+00:00,3344.83,breakout,3339.69,3360.2499999999995,5.139999999999873,15.419999999999618,120,2025-08-21 17:38:00+00:00,3339.69,3344.83,0,2025-08-21 16:37:00+00:00,3339.69,stop_loss,-5.139999999999873,False
1,2025-08-22 14:15:00+00:00,2025-08-22 14:16:00+00:00,3346.68,breakout,3333.67,3385.709999999999,13.009999999999764,39.02999999999929,120,2025-08-22 16:45:00+00:00,3333.67,3346.68,1,2025-08-22 16:45:00+00:00,3370.45,timeout,23.769999999999982,True
-1,2025-08-28 12:45:00+00:00,2025-08-28 12:46:00+00:00,3402.39,breakout,3408.52,3383.9999999999995,6.130000000000109,18.390000000000327,120,2025-08-28 14:46:00+00:00,3402.39,3408.52,0,2025-08-28 13:50:00+00:00,3408.52,stop_loss,-6.130000000000109,False
1,2025-08-29 12:45:00+00:00,2025-08-29 12:46:00+00:00,3412.95,breakout,3404.61,3437.969999999999,8.33999999999969,25.019999999999072,120,2025-08-29 16:15:00+00:00,3404.61,3412.95,1,2025-08-29 14:30:00+00:00,3437.969999999999,target_hit,25.019999999999072,True
-1,2025-09-02 08:00:00+00:00,2025-09-02 08:03:00+00:00,3473.74,breakout,3478.13,3460.569999999999,4.390000000000327,13.170000000000982,120,2025-09-02 10:03:00+00:00,3473.74,3478.13,0,2025-09-02 08:16:00+00:00,3478.13,stop_loss,-4.390000000000327,False
1,2025-09-02 13:45:00+00:00,2025-09-02 13:46:00+00:00,3486.26,breakout,3482.73,3496.850000000001,3.5300000000002,10.5900000000006,120,2025-09-02 15:46:00+00:00,3482.73,3486.26,0,2025-09-02 14:08:00+00:00,3496.850000000001,target_hit,10.5900000000006,True
1,2025-09-02 14:15:00+00:00,2025-09-02 14:16:00+00:00,3496.21,breakout,3491.55,3510.1899999999996,4.6599999999998545,13.979999999999563,120,2025-09-02 16:16:00+00:00,3491.55,3496.21,0,2025-09-02 14:44:00+00:00,3510.1899999999996,target_hit,13.979999999999563,True
-1,2025-09-04 12:45:00+00:00,2025-09-04 12:46:00+00:00,3543.29,breakout,3553.47,3512.7500000000005,10.179999999999836,30.53999999999951,120,2025-09-04 14:46:00+00:00,3543.29,3553.47,0,2025-09-04 13:25:00+00:00,3553.47,stop_loss,-10.179999999999836,False
-1,2025-09-04 13:45:00+00:00,2025-09-04 13:46:00+00:00,3553.39,breakout,3558.64,3537.64,5.25,15.75,120,2025-09-04 16:00:00+00:00,3553.39,3558.64,1,2025-09-04 14:03:00+00:00,3537.64,target_hit,15.75,True
-1,2025-09-04 14:15:00+00:00,2025-09-04 14:18:00+00:00,3539.56,breakout,3548.93,3511.4500000000003,9.36999999999989,28.109999999999673,120,2025-09-04 16:18:00+00:00,3539.56,3548.93,0,2025-09-04 15:07:00+00:00,3548.93,stop_loss,-9.36999999999989,False
1,2025-09-05 12:30:00+00:00,2025-09-05 12:31:00+00:00,3557.91,breakout,3552.22,3574.98,5.690000000000055,17.070000000000164,120,2025-09-05 14:31:00+00:00,3552.22,3557.91,0,2025-09-05 12:32:00+00:00,3574.98,target_hit,17.070000000000164,True
1,2025-09-05 12:45:00+00:00,2025-09-05 12:46:00+00:00,3576.1,breakout,3552.63,3646.5099999999993,23.4699999999998,70.4099999999994,120,2025-09-05 16:45:00+00:00,3552.63,3576.1,3,2025-09-05 16:45:00+00:00,3595.9,timeout,19.800000000000182,True
1,2025-09-08 07:15:00+00:00,2025-09-08 07:16:00+00:00,3603.56,breakout,3600.11,3613.9099999999994,3.449999999999818,10.349999999999454,120,2025-09-08 09:16:00+00:00,3600.11,3603.56,0,2025-09-08 08:21:00+00:00,3613.9099999999994,target_hit,10.349999999999454,True
1,2025-09-08 10:15:00+00:00,2025-09-08 10:16:00+00:00,3621.38,breakout,3617.18,3633.980000000001,4.200000000000273,12.600000000000819,120,2025-09-08 12:16:00+00:00,3617.18,3621.38,0,2025-09-08 10:18:00+00:00,3617.18,stop_loss,-4.200000000000273,False
1,2025-09-08 13:15:00+00:00,2025-09-08 13:16:00+00:00,3629.35,breakout,3625.94,3639.5799999999995,3.4099999999998545,10.229999999999563,120,2025-09-08 15:16:00+00:00,3625.94,3629.35,0,2025-09-08 13:17:00+00:00,3625.94,stop_loss,-3.4099999999998545,False
-1,2025-09-08 14:00:00+00:00,2025-09-08 14:01:00+00:00,3633.24,breakout,3636.9,3622.259999999999,3.6600000000003092,10.980000000000928,120,2025-09-08 16:01:00+00:00,3633.24,3636.9,0,2025-09-08 14:07:00+00:00,3636.9,stop_loss,-3.6600000000003092,False
-1,2025-09-08 14:30:00+00:00,2025-09-08 14:31:00+00:00,3632.07,breakout,3636.02,3620.2200000000007,3.949999999999818,11.849999999999454,120,2025-09-08 16:31:00+00:00,3632.07,3636.02,0,2025-09-08 14:40:00+00:00,3636.02,stop_loss,-3.949999999999818,False
-1,2025-09-09 14:45:00+00:00,2025-09-09 14:47:00+00:00,3647.73,breakout,3654.57,3627.2099999999996,6.8400000000001455,20.520000000000437,120,2025-09-09 17:15:00+00:00,3647.73,3654.57,2,2025-09-09 15:17:00+00:00,3627.2099999999996,target_hit,20.520000000000437,True
-1,2025-09-10 14:45:00+00:00,2025-09-10 14:46:00+00:00,3650.3,breakout,3653.71,3640.0700000000006,3.4099999999998545,10.229999999999563,120,2025-09-10 16:46:00+00:00,3650.3,3653.71,0,2025-09-10 15:24:00+00:00,3640.0700000000006,target_hit,10.229999999999563,True
-1,2025-09-11 13:00:00+00:00,2025-09-11 13:01:00+00:00,3632.66,breakout,3637.4,3618.439999999999,4.7400000000002365,14.22000000000071,120,2025-09-11 15:01:00+00:00,3632.66,3637.4,0,2025-09-11 13:11:00+00:00,3637.4,stop_loss,-4.7400000000002365,False
-1,2025-09-11 13:30:00+00:00,2025-09-11 13:31:00+00:00,3629.64,breakout,3633.29,3618.6899999999996,3.650000000000091,10.950000000000273,120,2025-09-11 15:31:00+00:00,3629.64,3633.29,0,2025-09-11 13:37:00+00:00,3618.6899999999996,target_hit,10.950000000000273,True
1,2025-09-11 13:45:00+00:00,2025-09-11 13:46:00+00:00,3623.13,breakout,3619.54,3633.9000000000005,3.5900000000001455,10.770000000000437,120,2025-09-11 15:46:00+00:00,3619.54,3623.13,0,2025-09-11 14:09:00+00:00,3633.9000000000005,target_hit,10.770000000000437,True
-1,2025-09-12 08:15:00+00:00,2025-09-12 08:16:00+00:00,3643.64,breakout,3647.37,3632.45,3.730000000000018,11.190000000000055,120,2025-09-12 11:15:00+00:00,3643.64,3647.37,1,2025-09-12 09:58:00+00:00,3647.37,stop_loss,-3.730000000000018,False
1,2025-09-15 13:30:00+00:00,2025-09-15 13:31:00+00:00,3653.46,breakout,3649.58,3665.1000000000004,3.880000000000109,11.640000000000327,120,2025-09-15 15:45:00+00:00,3649.58,3653.46,1,2025-09-15 15:02:00+00:00,3665.1000000000004,target_hit,11.640000000000327,True
1,2025-09-15 16:00:00+00:00,2025-09-15 16:01:00+00:00,3674.06,breakout,3670.69,3684.1699999999996,3.369999999999891,10.109999999999673,120,2025-09-15 18:01:00+00:00,3670.69,3674.06,0,2025-09-15 16:28:00+00:00,3684.1699999999996,target_hit,10.109999999999673,True
-1,2025-09-17 18:30:00+00:00,2025-09-17 18:31:00+00:00,3684.84,breakout,3691.6,3664.560000000001,6.7599999999997635,20.27999999999929,120,2025-09-17 20:31:00+00:00,3684.84,3691.6,0,2025-09-17 18:40:00+00:00,3664.560000000001,target_hit,20.27999999999929,True
-1,2025-09-17 18:45:00+00:00,2025-09-17 18:46:00+00:00,3673.43,breakout,3684.71,3639.5899999999992,11.2800000000002,33.8400000000006,120,2025-09-17 21:45:00+00:00,3673.43,3684.71,3,2025-09-17 22:01:00+00:00,3660.24,timeout,13.190000000000055,True
1,2025-09-18 07:45:00+00:00,2025-09-18 07:46:00+00:00,3659.2,breakout,3654.5,3673.2999999999993,4.699999999999818,14.099999999999454,120,2025-09-18 09:46:00+00:00,3654.5,3659.2,0,2025-09-18 08:08:00+00:00,3654.5,stop_loss,-4.699999999999818,False
-1,2025-09-18 12:45:00+00:00,2025-09-18 12:51:00+00:00,3665.45,breakout,3673.57,3641.089999999999,8.120000000000346,24.360000000001037,120,2025-09-18 15:15:00+00:00,3665.45,3673.57,1,2025-09-18 13:39:00+00:00,3641.089999999999,target_hit,24.360000000001037,True
-1,2025-09-18 13:45:00+00:00,2025-09-18 13:46:00+00:00,3636.05,breakout,3641.25,3620.4500000000007,5.199999999999818,15.599999999999454,120,2025-09-18 15:46:00+00:00,3636.05,3641.25,0,2025-09-18 13:52:00+00:00,3641.25,stop_loss,-5.199999999999818,False
-1,2025-09-18 14:15:00+00:00,2025-09-18 14:16:00+00:00,3642.37,breakout,3646.21,3630.8499999999995,3.8400000000001455,11.520000000000437,120,2025-09-18 16:16:00+00:00,3642.37,3646.21,0,2025-09-18 14:48:00+00:00,3646.21,stop_loss,-3.8400000000001455,False
1,2025-09-19 07:15:00+00:00,2025-09-19 07:16:00+00:00,3650.56,breakout,3647.05,3661.0899999999992,3.5099999999997635,10.52999999999929,120,2025-09-19 09:16:00+00:00,3647.05,3650.56,0,2025-09-19 09:16:00+00:00,3657.53,timeout,6.970000000000255,True
-1,2025-09-22 13:45:00+00:00,2025-09-22 13:46:00+00:00,3718.77,breakout,3724.33,3702.09,5.559999999999945,16.679999999999836,120,2025-09-22 15:46:00+00:00,3718.77,3724.33,0,2025-09-22 14:53:00+00:00,3724.33,stop_loss,-5.559999999999945,False
1,2025-09-22 15:00:00+00:00,2025-09-22 15:01:00+00:00,3725.99,breakout,3721.95,3738.1099999999997,4.039999999999964,12.11999999999989,120,2025-09-22 17:01:00+00:00,3721.95,3725.99,0,2025-09-22 16:04:00+00:00,3738.1099999999997,target_hit,12.11999999999989,True
1,2025-09-23 09:15:00+00:00,2025-09-23 09:16:00+00:00,3780.64,breakout,3774.46,3799.1799999999994,6.179999999999836,18.53999999999951,120,2025-09-23 11:16:00+00:00,3774.46,3780.64,0,2025-09-23 11:16:00+00:00,3780.65,timeout,0.010000000000218279,True
-1,2025-09-23 14:00:00+00:00,2025-09-23 14:06:00+00:00,3774.53,breakout,3779.66,3759.1400000000012,5.129999999999654,15.389999999998963,120,2025-09-23 16:06:00+00:00,3774.53,3779.66,0,2025-09-23 14:10:00+00:00,3779.66,stop_loss,-5.129999999999654,False
-1,2025-09-23 19:00:00+00:00,2025-09-23 19:01:00+00:00,3765.33,breakout,3778.58,3725.58,13.25,39.75,120,2025-09-23 21:30:00+00:00,3765.33,3778.58,1,2025-09-23 22:01:00+00:00,3766.76,timeout,-1.430000000000291,False
-1,2025-09-24 14:15:00+00:00,2025-09-24 14:20:00+00:00,3755.76,breakout,3762.97,3734.1300000000015,7.209999999999582,21.629999999998745,120,2025-09-24 17:45:00+00:00,3755.76,3762.97,1,2025-09-24 16:50:00+00:00,3734.1300000000015,target_hit,21.629999999998745,True
1,2025-09-25 08:15:00+00:00,2025-09-25 08:16:00+00:00,3756.44,breakout,3752.74,3767.540000000001,3.700000000000273,11.100000000000819,120,2025-09-25 10:16:00+00:00,3752.74,3756.44,0,2025-09-25 08:35:00+00:00,3752.74,stop_loss,-3.700000000000273,False
-1,2025-09-25 11:15:00+00:00,2025-09-25 11:16:00+00:00,3752.48,breakout,3756.24,3741.2000000000007,3.7599999999997635,11.27999999999929,120,2025-09-25 13:16:00+00:00,3752.48,3756.24,0,2025-09-25 12:22:00+00:00,3756.24,stop_loss,-3.7599999999997635,False
-1,2025-09-25 12:45:00+00:00,2025-09-25 12:46:00+00:00,3743.78,breakout,3757.11,3703.7900000000004,13.329999999999927,39.98999999999978,120,2025-09-25 16:45:00+00:00,3743.78,3757.11,3,2025-09-25 16:45:00+00:00,3733.73,timeout,10.050000000000182,True
1,2025-09-26 13:15:00+00:00,2025-09-26 13:16:00+00:00,3763.1,breakout,3757.34,3780.379999999999,5.7599999999997635,17.27999999999929,120,2025-09-26 15:16:00+00:00,3757.34,3763.1,0,2025-09-26 13:22:00+00:00,3757.34,stop_loss,-5.7599999999997635,False
1,2025-09-26 13:45:00+00:00,2025-09-26 13:46:00+00:00,3757.62,breakout,3753.36,3770.399999999999,4.2599999999997635,12.77999999999929,120,2025-09-26 15:46:00+00:00,3753.36,3757.62,0,2025-09-26 14:08:00+00:00,3770.399999999999,target_hit,12.77999999999929,True
1,2025-09-26 14:15:00+00:00,2025-09-26 14:16:00+00:00,3769.53,breakout,3765.74,3780.9000000000015,3.7900000000004184,11.370000000001255,120,2025-09-26 16:16:00+00:00,3765.74,3769.53,0,2025-09-26 14:25:00+00:00,3780.9000000000015,target_hit,11.370000000001255,True
-1,2025-09-29 12:15:00+00:00,2025-09-29 12:16:00+00:00,3826.72,breakout,3830.48,3815.439999999999,3.7600000000002183,11.280000000000655,120,2025-09-29 14:16:00+00:00,3826.72,3830.48,0,2025-09-29 12:30:00+00:00,3815.439999999999,target_hit,11.280000000000655,True
-1,2025-09-29 12:45:00+00:00,2025-09-29 12:51:00+00:00,3814.54,breakout,3818.21,3803.5299999999997,3.6700000000000728,11.010000000000218,120,2025-09-29 14:51:00+00:00,3814.54,3818.21,0,2025-09-29 13:15:00+00:00,3818.21,stop_loss,-3.6700000000000728,False
1,2025-09-29 14:15:00+00:00,2025-09-29 14:25:00+00:00,3825.72,breakout,3819.62,3844.0199999999995,6.099999999999909,18.299999999999727,120,2025-09-29 16:25:00+00:00,3819.62,3825.72,0,2025-09-29 16:25:00+00:00,3832.05,timeout,6.330000000000382,True
-1,2025-09-30 07:15:00+00:00,2025-09-30 07:16:00+00:00,3852.97,breakout,3857.02,3840.8199999999993,4.050000000000182,12.150000000000546,120,2025-09-30 09:45:00+00:00,3852.97,3857.02,1,2025-09-30 07:56:00+00:00,3840.8199999999993,target_hit,12.150000000000546,True
-1,2025-09-30 08:15:00+00:00,2025-09-30 08:19:00+00:00,3834.62,breakout,3839.28,3820.639999999999,4.660000000000309,13.980000000000928,120,2025-09-30 10:19:00+00:00,3834.62,3839.28,0,2025-09-30 08:22:00+00:00,3820.639999999999,target_hit,13.980000000000928,True
-1,2025-09-30 08:30:00+00:00,2025-09-30 08:31:00+00:00,3832.34,breakout,3836.87,3818.750000000001,4.529999999999745,13.589999999999236,120,2025-09-30 10:31:00+00:00,3832.34,3836.87,0,2025-09-30 08:32:00+00:00,3818.750000000001,target_hit,13.589999999999236,True
-1,2025-09-30 08:45:00+00:00,2025-09-30 08:46:00+00:00,3818.54,breakout,3823.97,3802.2500000000005,5.429999999999836,16.28999999999951,120,2025-09-30 11:00:00+00:00,3818.54,3823.97,1,2025-09-30 09:12:00+00:00,3802.2500000000005,target_hit,16.28999999999951,True
-1,2025-09-30 09:15:00+00:00,2025-09-30 09:16:00+00:00,3806.21,breakout,3811.85,3789.2900000000004,5.639999999999873,16.919999999999618,120,2025-09-30 12:00:00+00:00,3806.21,3811.85,1,2025-09-30 10:47:00+00:00,3811.85,stop_loss,-5.639999999999873,False
1,2025-09-30 11:00:00+00:00,2025-09-30 11:01:00+00:00,3813.56,breakout,3809.68,3825.2000000000003,3.880000000000109,11.640000000000327,120,2025-09-30 13:01:00+00:00,3809.68,3813.56,0,2025-09-30 11:06:00+00:00,3809.68,stop_loss,-3.880000000000109,False
-1,2025-09-30 12:30:00+00:00,2025-09-30 12:31:00+00:00,3811.57,breakout,3816.13,3797.8900000000003,4.559999999999945,13.679999999999836,120,2025-09-30 14:31:00+00:00,3811.57,3816.13,0,2025-09-30 12:36:00+00:00,3816.13,stop_loss,-4.559999999999945,False
1,2025-09-30 12:45:00+00:00,2025-09-30 12:46:00+00:00,3815.24,breakout,3811.58,3826.2199999999993,3.6599999999998545,10.979999999999563,120,2025-09-30 15:00:00+00:00,3811.58,3815.24,1,2025-09-30 13:45:00+00:00,3826.2199999999993,target_hit,10.979999999999563,True
1,2025-09-30 13:45:00+00:00,2025-09-30 13:46:00+00:00,3819.35,breakout,3813.82,3835.939999999999,5.529999999999745,16.589999999999236,120,2025-09-30 15:46:00+00:00,3813.82,3819.35,0,2025-09-30 14:08:00+00:00,3835.939999999999,target_hit,16.589999999999236,True
1,2025-09-30 14:15:00+00:00,2025-09-30 14:16:00+00:00,3832.12,breakout,3828.12,3844.12,4.0,12.0,120,2025-09-30 16:16:00+00:00,3828.12,3832.12,0,2025-09-30 14:17:00+00:00,3844.12,target_hit,12.0,True
-1,2025-09-30 14:30:00+00:00,2025-09-30 14:31:00+00:00,3848.15,breakout,3852.44,3835.28,4.289999999999964,12.86999999999989,120,2025-09-30 16:31:00+00:00,3848.15,3852.44,0,2025-09-30 14:54:00+00:00,3852.44,stop_loss,-4.289999999999964,False
-1,2025-09-30 15:15:00+00:00,2025-09-30 15:16:00+00:00,3846.32,breakout,3850.5,3833.7800000000007,4.179999999999836,12.539999999999509,120,2025-09-30 17:16:00+00:00,3846.32,3850.5,0,2025-09-30 15:17:00+00:00,3833.7800000000007,target_hit,12.539999999999509,True
1,2025-09-30 15:30:00+00:00,2025-09-30 15:31:00+00:00,3836.79,breakout,3831.9,3851.4599999999996,4.889999999999873,14.669999999999618,120,2025-09-30 18:00:00+00:00,3831.9,3836.79,1,2025-09-30 18:00:00+00:00,3844.08,timeout,7.289999999999964,True
-1,2025-10-01 13:00:00+00:00,2025-10-01 13:06:00+00:00,3867.05,breakout,3871.94,3852.3800000000006,4.889999999999873,14.669999999999618,120,2025-10-01 15:06:00+00:00,3867.05,3871.94,0,2025-10-01 13:09:00+00:00,3871.94,stop_loss,-4.889999999999873,False
-1,2025-10-01 13:15:00+00:00,2025-10-01 13:16:00+00:00,3869.62,breakout,3874.4,3855.2799999999993,4.7800000000002,14.3400000000006,120,2025-10-01 15:16:00+00:00,3869.62,3874.4,0,2025-10-01 13:31:00+00:00,3874.4,stop_loss,-4.7800000000002,False
1,2025-10-01 13:45:00+00:00,2025-10-01 13:46:00+00:00,3874.15,breakout,3869.96,3886.7200000000003,4.190000000000055,12.570000000000164,120,2025-10-01 15:46:00+00:00,3869.96,3874.15,0,2025-10-01 13:49:00+00:00,3869.96,stop_loss,-4.190000000000055,False
-1,2025-10-01 15:00:00+00:00,2025-10-01 15:05:00+00:00,3868.94,breakout,3877.94,3841.94,9.0,27.0,120,2025-10-01 17:30:00+00:00,3868.94,3877.94,2,2025-10-01 17:30:00+00:00,3870.84,timeout,-1.900000000000091,False
1,2025-10-02 09:15:00+00:00,2025-10-02 09:17:00+00:00,3876.51,breakout,3873.23,3886.350000000001,3.2800000000002,9.8400000000006,120,2025-10-02 11:17:00+00:00,3873.23,3876.51,0,2025-10-02 11:17:00+00:00,3884.15,timeout,7.639999999999873,True
-1,2025-10-02 14:30:00+00:00,2025-10-02 14:32:00+00:00,3860.54,breakout,3865.1,3846.86,4.559999999999945,13.679999999999836,120,2025-10-02 16:32:00+00:00,3860.54,3865.1,0,2025-10-02 14:37:00+00:00,3846.86,target_hit,13.679999999999836,True
-1,2025-10-02 14:45:00+00:00,2025-10-02 14:46:00+00:00,3860.73,breakout,3866.37,3843.8100000000004,5.639999999999873,16.919999999999618,120,2025-10-02 16:46:00+00:00,3860.73,3866.37,0,2025-10-02 14:47:00+00:00,3843.8100000000004,target_hit,16.919999999999618,True
-1,2025-10-02 15:30:00+00:00,2025-10-02 15:33:00+00:00,3829.51,breakout,3834.34,3815.0200000000004,4.829999999999927,14.489999999999782,120,2025-10-02 17:33:00+00:00,3829.51,3834.34,0,2025-10-02 15:44:00+00:00,3834.34,stop_loss,-4.829999999999927,False
-1,2025-10-02 15:45:00+00:00,2025-10-02 15:46:00+00:00,3831.49,breakout,3835.94,3818.139999999999,4.450000000000273,13.350000000000819,120,2025-10-02 18:00:00+00:00,3831.49,3835.94,1,2025-10-02 16:10:00+00:00,3835.94,stop_loss,-4.450000000000273,False
1,2025-10-02 16:15:00+00:00,2025-10-02 16:16:00+00:00,3833.13,breakout,3829.1,3845.2200000000007,4.0300000000002,12.0900000000006,120,2025-10-02 18:45:00+00:00,3829.1,3833.13,1,2025-10-02 16:47:00+00:00,3845.2200000000007,target_hit,12.0900000000006,True
-1,2025-10-02 17:45:00+00:00,2025-10-02 17:46:00+00:00,3841.5,breakout,3845.33,3830.01,3.8299999999999272,11.489999999999782,120,2025-10-02 19:46:00+00:00,3841.5,3845.33,0,2025-10-02 17:52:00+00:00,3845.33,stop_loss,-3.8299999999999272,False
-1,2025-10-03 14:00:00+00:00,2025-10-03 14:01:00+00:00,3881.05,breakout,3886.39,3865.030000000001,5.339999999999691,16.019999999999072,120,2025-10-03 17:15:00+00:00,3881.05,3886.39,3,2025-10-03 15:24:00+00:00,3886.39,stop_loss,-5.339999999999691,False
1,2025-10-06 07:00:00+00:00,2025-10-06 07:01:00+00:00,3933.86,breakout,3928.96,3948.5600000000004,4.900000000000091,14.700000000000273,120,2025-10-06 10:00:00+00:00,3928.96,3933.86,1,2025-10-06 08:07:00+00:00,3948.5600000000004,target_hit,14.700000000000273,True
-1,2025-10-06 08:30:00+00:00,2025-10-06 08:31:00+00:00,3940.03,breakout,3945.02,3925.060000000001,4.989999999999782,14.969999999999345,120,2025-10-06 10:31:00+00:00,3940.03,3945.02,0,2025-10-06 08:53:00+00:00,3945.02,stop_loss,-4.989999999999782,False
-1,2025-10-06 12:30:00+00:00,2025-10-06 12:31:00+00:00,3932.64,breakout,3940.61,3908.729999999999,7.970000000000255,23.910000000000764,120,2025-10-06 15:30:00+00:00,3932.64,3940.61,1,2025-10-06 13:41:00+00:00,3940.61,stop_loss,-7.970000000000255,False
1,2025-10-06 14:45:00+00:00,2025-10-06 14:46:00+00:00,3954.51,breakout,3949.42,3969.7800000000007,5.0900000000001455,15.270000000000437,120,2025-10-06 16:46:00+00:00,3949.42,3954.51,0,2025-10-06 15:22:00+00:00,3949.42,stop_loss,-5.0900000000001455,False
1,2025-10-06 16:00:00+00:00,2025-10-06 16:01:00+00:00,3963.54,breakout,3959.23,3976.47,4.309999999999945,12.929999999999836,120,2025-10-06 18:01:00+00:00,3959.23,3963.54,0,2025-10-06 16:10:00+00:00,3959.23,stop_loss,-4.309999999999945,False
1,2025-10-06 16:30:00+00:00,2025-10-06 16:31:00+00:00,3950.8,breakout,3946.07,3964.9900000000002,4.730000000000018,14.190000000000055,120,2025-10-06 18:31:00+00:00,3946.07,3950.8,0,2025-10-06 18:31:00+00:00,3957.44,timeout,6.639999999999873,True
-1,2025-10-07 07:45:00+00:00,2025-10-07 07:47:00+00:00,3949.28,breakout,3953.46,3936.7400000000007,4.179999999999836,12.539999999999509,120,2025-10-07 09:47:00+00:00,3949.28,3953.46,0,2025-10-07 08:24:00+00:00,3953.46,stop_loss,-4.179999999999836,False
1,2025-10-07 08:30:00+00:00,2025-10-07 08:32:00+00:00,3951.69,breakout,3948.23,3962.07,3.4600000000000364,10.38000000000011,120,2025-10-07 10:32:00+00:00,3948.23,3951.69,0,2025-10-07 09:24:00+00:00,3962.07,target_hit,10.38000000000011,True
-1,2025-10-07 10:00:00+00:00,2025-10-07 10:01:00+00:00,3958.31,breakout,3961.71,3948.1099999999997,3.400000000000091,10.200000000000273,120,2025-10-07 12:01:00+00:00,3958.31,3961.71,0,2025-10-07 10:37:00+00:00,3961.71,stop_loss,-3.400000000000091,False
1,2025-10-07 13:00:00+00:00,2025-10-07 13:01:00+00:00,3978.68,breakout,3974.67,3990.709999999999,4.0099999999997635,12.02999999999929,120,2025-10-07 15:01:00+00:00,3974.67,3978.68,0,2025-10-07 13:34:00+00:00,3974.67,stop_loss,-4.0099999999997635,False
-1,2025-10-07 13:45:00+00:00,2025-10-07 13:46:00+00:00,3977.51,breakout,3983.1,3960.740000000001,5.589999999999691,16.769999999999072,120,2025-10-07 16:15:00+00:00,3977.51,3983.1,1,2025-10-07 14:34:00+00:00,3983.1,stop_loss,-5.589999999999691,False
1,2025-10-07 15:00:00+00:00,2025-10-07 15:01:00+00:00,3982.91,breakout,3979.4,3993.439999999999,3.5099999999997635,10.52999999999929,120,2025-10-07 17:01:00+00:00,3979.4,3982.91,0,2025-10-07 15:07:00+00:00,3979.4,stop_loss,-3.5099999999997635,False
-1,2025-10-07 16:00:00+00:00,2025-10-07 16:01:00+00:00,3967.66,breakout,3972.33,3953.6499999999996,4.670000000000073,14.010000000000218,120,2025-10-07 18:01:00+00:00,3967.66,3972.33,0,2025-10-07 16:06:00+00:00,3972.33,stop_loss,-4.670000000000073,False
1,2025-10-07 16:30:00+00:00,2025-10-07 16:31:00+00:00,3970.96,breakout,3966.55,3984.1899999999996,4.4099999999998545,13.229999999999563,120,2025-10-07 19:00:00+00:00,3966.55,3970.96,1,2025-10-07 17:11:00+00:00,3984.1899999999996,target_hit,13.229999999999563,True
1,2025-10-08 10:00:00+00:00,2025-10-08 10:01:00+00:00,4045.52,breakout,4040.88,4059.4399999999996,4.639999999999873,13.919999999999618,120,2025-10-08 12:01:00+00:00,4040.88,4045.52,0,2025-10-08 10:27:00+00:00,4040.88,stop_loss,-4.639999999999873,False
-1,2025-10-08 10:45:00+00:00,2025-10-08 10:46:00+00:00,4037.7,breakout,4041.62,4025.9399999999996,3.9200000000000728,11.760000000000218,120,2025-10-08 12:46:00+00:00,4037.7,4041.62,0,2025-10-08 12:04:00+00:00,4041.62,stop_loss,-3.9200000000000728,False
-1,2025-10-08 13:45:00+00:00,2025-10-08 13:46:00+00:00,4033.88,breakout,4039.7,4016.420000000001,5.819999999999709,17.459999999999127,120,2025-10-08 15:46:00+00:00,4033.88,4039.7,0,2025-10-08 13:59:00+00:00,4039.7,stop_loss,-5.819999999999709,False
1,2025-10-08 14:30:00+00:00,2025-10-08 14:31:00+00:00,4042.03,breakout,4037.96,4054.2400000000007,4.070000000000164,12.210000000000491,120,2025-10-08 16:31:00+00:00,4037.96,4042.03,0,2025-10-08 15:15:00+00:00,4037.96,stop_loss,-4.070000000000164,False
-1,2025-10-08 15:15:00+00:00,2025-10-08 15:16:00+00:00,4045.25,breakout,4049.31,4033.07,4.059999999999945,12.179999999999836,120,2025-10-08 17:16:00+00:00,4045.25,4049.31,0,2025-10-08 16:10:00+00:00,4049.31,stop_loss,-4.059999999999945,False
1,2025-10-08 16:15:00+00:00,2025-10-08 16:18:00+00:00,4055.04,breakout,4049.03,4073.0699999999993,6.0099999999997635,18.02999999999929,120,2025-10-08 18:18:00+00:00,4049.03,4055.04,0,2025-10-08 17:29:00+00:00,4049.03,stop_loss,-6.0099999999997635,False
-1,2025-10-08 19:15:00+00:00,2025-10-08 19:16:00+00:00,4040.07,breakout,4053.48,3999.8400000000006,13.409999999999854,40.22999999999956,120,2025-10-08 21:45:00+00:00,4040.07,4053.48,2,2025-10-08 22:01:00+00:00,4037.05,timeout,3.019999999999982,True
-1,2025-10-09 07:15:00+00:00,2025-10-09 07:16:00+00:00,4025.47,breakout,4029.45,4013.5299999999997,3.980000000000018,11.940000000000055,120,2025-10-09 09:16:00+00:00,4025.47,4029.45,0,2025-10-09 07:22:00+00:00,4029.45,stop_loss,-3.980000000000018,False
-1,2025-10-09 09:15:00+00:00,2025-10-09 09:17:00+00:00,4038.12,breakout,4042.31,4025.5499999999997,4.190000000000055,12.570000000000164,120,2025-10-09 11:17:00+00:00,4038.12,4042.31,0,2025-10-09 10:57:00+00:00,4042.31,stop_loss,-4.190000000000055,False
-1,2025-10-09 13:15:00+00:00,2025-10-09 13:16:00+00:00,4053.52,breakout,4057.19,4042.5099999999998,3.6700000000000728,11.010000000000218,120,2025-10-09 15:16:00+00:00,4053.52,4057.19,0,2025-10-09 13:24:00+00:00,4057.19,stop_loss,-3.6700000000000728,False
-1,2025-10-09 13:30:00+00:00,2025-10-09 13:34:00+00:00,4051.61,breakout,4056.36,4037.36,4.75,14.25,120,2025-10-09 15:34:00+00:00,4051.61,4056.36,0,2025-10-09 13:42:00+00:00,4037.36,target_hit,14.25,True
-1,2025-10-09 13:45:00+00:00,2025-10-09 13:46:00+00:00,4050.85,breakout,4056.9,4032.6999999999994,6.050000000000182,18.150000000000546,120,2025-10-09 15:46:00+00:00,4050.85,4056.9,0,2025-10-09 13:47:00+00:00,4032.6999999999994,target_hit,18.150000000000546,True
-1,2025-10-09 14:00:00+00:00,2025-10-09 14:01:00+00:00,4018.93,breakout,4029.08,3988.4799999999996,10.150000000000091,30.450000000000273,120,2025-10-09 16:01:00+00:00,4018.93,4029.08,0,2025-10-09 14:06:00+00:00,4029.08,stop_loss,-10.150000000000091,False
1,2025-10-09 14:15:00+00:00,2025-10-09 14:16:00+00:00,4025.35,breakout,4016.68,4051.36,8.670000000000073,26.01000000000022,120,2025-10-09 16:16:00+00:00,4016.68,4025.35,0,2025-10-09 14:22:00+00:00,4016.68,stop_loss,-8.670000000000073,False
1,2025-10-09 15:00:00+00:00,2025-10-09 15:01:00+00:00,4019.32,breakout,4013.46,4036.9000000000005,5.860000000000127,17.580000000000382,120,2025-10-09 17:15:00+00:00,4013.46,4019.32,1,2025-10-09 15:30:00+00:00,4013.46,stop_loss,-5.860000000000127,False
-1,2025-10-09 15:30:00+00:00,2025-10-09 15:31:00+00:00,4016.02,breakout,4020.54,4002.46,4.519999999999982,13.559999999999945,120,2025-10-09 17:31:00+00:00,4016.02,4020.54,0,2025-10-09 16:08:00+00:00,4020.54,stop_loss,-4.519999999999982,False
-1,2025-10-09 16:30:00+00:00,2025-10-09 16:32:00+00:00,4010.18,breakout,4013.9,3999.019999999999,3.7200000000002547,11.160000000000764,120,2025-10-09 18:32:00+00:00,4010.18,4013.9,0,2025-10-09 16:34:00+00:00,3999.019999999999,target_hit,11.160000000000764,True
-1,2025-10-09 16:45:00+00:00,2025-10-09 16:46:00+00:00,3997.67,breakout,4007.87,3967.0700000000006,10.199999999999818,30.599999999999454,120,2025-10-09 18:46:00+00:00,3997.67,4007.87,0,2025-10-09 16:55:00+00:00,3967.0700000000006,target_hit,30.599999999999454,True
-1,2025-10-09 17:00:00+00:00,2025-10-09 17:01:00+00:00,3979.58,breakout,3987.1,3957.02,7.519999999999982,22.559999999999945,120,2025-10-09 19:01:00+00:00,3979.58,3987.1,0,2025-10-09 17:13:00+00:00,3957.02,target_hit,22.559999999999945,True
1,2025-10-09 18:00:00+00:00,2025-10-09 18:07:00+00:00,3959.37,breakout,3952.16,3981.0,7.210000000000036,21.63000000000011,120,2025-10-09 21:00:00+00:00,3952.16,3959.37,2,2025-10-09 19:39:00+00:00,3981.0,target_hit,21.63000000000011,True
-1,2025-10-09 19:45:00+00:00,2025-10-09 19:53:00+00:00,3976.62,breakout,3981.76,3961.199999999999,5.140000000000327,15.420000000000982,120,2025-10-09 21:53:00+00:00,3976.62,3981.76,0,2025-10-09 22:01:00+00:00,3981.52,timeout,-4.900000000000091,False
-1,2025-10-10 08:00:00+00:00,2025-10-10 08:01:00+00:00,3972.61,breakout,3976.53,3960.85,3.9200000000000728,11.760000000000218,120,2025-10-10 10:01:00+00:00,3972.61,3976.53,0,2025-10-10 08:03:00+00:00,3976.53,stop_loss,-3.9200000000000728,False
1,2025-10-10 08:15:00+00:00,2025-10-10 08:16:00+00:00,3985.79,breakout,3980.49,4001.6900000000005,5.300000000000182,15.900000000000546,120,2025-10-10 10:16:00+00:00,3980.49,3985.79,0,2025-10-10 09:14:00+00:00,4001.6900000000005,target_hit,15.900000000000546,True
-1,2025-10-10 10:00:00+00:00,2025-10-10 10:01:00+00:00,3997.55,breakout,4003.15,3980.7500000000005,5.599999999999909,16.799999999999727,120,2025-10-10 14:00:00+00:00,3997.55,4003.15,2,2025-10-10 12:48:00+00:00,3980.7500000000005,target_hit,16.799999999999727,True
-1,2025-10-10 13:00:00+00:00,2025-10-10 13:02:00+00:00,3981.06,breakout,3985.45,3967.8900000000003,4.389999999999873,13.169999999999618,120,2025-10-10 15:02:00+00:00,3981.06,3985.45,0,2025-10-10 13:07:00+00:00,3985.45,stop_loss,-4.389999999999873,False
1,2025-10-10 13:30:00+00:00,2025-10-10 13:33:00+00:00,3993.63,breakout,3989.9,4004.82,3.730000000000018,11.190000000000055,120,2025-10-10 15:33:00+00:00,3989.9,3993.63,0,2025-10-10 13:37:00+00:00,3989.9,stop_loss,-3.730000000000018,False
-1,2025-10-10 14:00:00+00:00,2025-10-10 14:01:00+00:00,3985.86,breakout,3991.93,3967.650000000001,6.069999999999709,18.209999999999127,120,2025-10-10 16:15:00+00:00,3985.86,3991.93,1,2025-10-10 14:58:00+00:00,3991.93,stop_loss,-6.069999999999709,False
1,2025-10-10 15:00:00+00:00,2025-10-10 15:01:00+00:00,3993.11,breakout,3983.9,4020.7400000000002,9.210000000000036,27.63000000000011,120,2025-10-10 17:15:00+00:00,3983.9,3993.11,1,2025-10-10 15:30:00+00:00,4020.7400000000002,target_hit,27.63000000000011,True
1,2025-10-10 15:30:00+00:00,2025-10-10 15:31:00+00:00,4012.24,breakout,4006.27,4030.149999999999,5.9699999999998,17.9099999999994,120,2025-10-10 17:31:00+00:00,4006.27,4012.24,0,2025-10-10 15:40:00+00:00,4006.27,stop_loss,-5.9699999999998,False
-1,2025-10-10 16:00:00+00:00,2025-10-10 16:01:00+00:00,3996.76,breakout,4005.33,3971.050000000001,8.569999999999709,25.709999999999127,120,2025-10-10 19:45:00+00:00,3996.76,4005.33,4,2025-10-10 18:22:00+00:00,4005.33,stop_loss,-8.569999999999709,False
-1,2025-10-13 10:15:00+00:00,2025-10-13 10:16:00+00:00,4073.83,breakout,4077.85,4061.77,4.019999999999982,12.059999999999945,120,2025-10-13 12:16:00+00:00,4073.83,4077.85,0,2025-10-13 10:38:00+00:00,4077.85,stop_loss,-4.019999999999982,False
1,2025-10-13 14:00:00+00:00,2025-10-13 14:01:00+00:00,4089.91,breakout,4086.18,4101.1,3.730000000000018,11.190000000000055,120,2025-10-13 16:01:00+00:00,4086.18,4089.91,0,2025-10-13 14:52:00+00:00,4101.1,target_hit,11.19000000000051,True
-1,2025-10-13 15:30:00+00:00,2025-10-13 15:31:00+00:00,4094.06,breakout,4097.57,4083.5300000000007,3.5099999999997635,10.52999999999929,120,2025-10-13 17:31:00+00:00,4094.06,4097.57,0,2025-10-13 15:35:00+00:00,4097.57,stop_loss,-3.5099999999997635,False
1,2025-10-13 15:45:00+00:00,2025-10-13 15:46:00+00:00,4097.67,breakout,4093.48,4110.24,4.190000000000055,12.570000000000164,120,2025-10-13 17:46:00+00:00,4093.48,4097.67,0,2025-10-13 16:06:00+00:00,4110.24,target_hit,12.569999999999709,True
-1,2025-10-13 18:00:00+00:00,2025-10-13 18:05:00+00:00,4102.28,breakout,4106.6,4089.319999999998,4.3200000000006185,12.960000000001855,120,2025-10-13 20:05:00+00:00,4102.28,4106.6,0,2025-10-13 18:24:00+00:00,4106.6,stop_loss,-4.3200000000006185,False
1,2025-10-14 07:30:00+00:00,2025-10-14 07:31:00+00:00,4116.11,breakout,4110.35,4133.389999999998,5.759999999999309,17.279999999997926,120,2025-10-14 09:45:00+00:00,4110.35,4116.11,1,2025-10-14 08:10:00+00:00,4133.389999999998,target_hit,17.279999999997926,True
1,2025-10-14 08:45:00+00:00,2025-10-14 08:53:00+00:00,4142.71,breakout,4136.76,4160.5599999999995,5.949999999999818,17.849999999999454,120,2025-10-14 11:00:00+00:00,4136.76,4142.71,1,2025-10-14 09:04:00+00:00,4136.76,stop_loss,-5.949999999999818,False
-1,2025-10-14 10:00:00+00:00,2025-10-14 10:01:00+00:00,4132.23,breakout,4137.85,4115.369999999997,5.6200000000008,16.8600000000024,120,2025-10-14 12:01:00+00:00,4132.23,4137.85,0,2025-10-14 10:25:00+00:00,4137.85,stop_loss,-5.6200000000008,False
1,2025-10-14 10:30:00+00:00,2025-10-14 10:31:00+00:00,4134.1,breakout,4130.44,4145.080000000003,3.660000000000764,10.980000000002292,120,2025-10-14 12:31:00+00:00,4130.44,4134.1,0,2025-10-14 10:48:00+00:00,4130.44,stop_loss,-3.660000000000764,False
-1,2025-10-14 11:00:00+00:00,2025-10-14 11:01:00+00:00,4132.8,breakout,4137.82,4117.740000000002,5.019999999999527,15.059999999998581,120,2025-10-14 13:01:00+00:00,4132.8,4137.82,0,2025-10-14 11:23:00+00:00,4137.82,stop_loss,-5.019999999999527,False
-1,2025-10-14 12:30:00+00:00,2025-10-14 12:31:00+00:00,4127.23,breakout,4131.91,4113.189999999999,4.680000000000291,14.040000000000873,120,2025-10-14 14:31:00+00:00,4127.23,4131.91,0,2025-10-14 12:32:00+00:00,4113.189999999999,target_hit,14.040000000000873,True
-1,2025-10-14 12:45:00+00:00,2025-10-14 12:46:00+00:00,4111.06,breakout,4117.17,4092.7300000000014,6.109999999999673,18.329999999999018,120,2025-10-14 15:15:00+00:00,4111.06,4117.17,1,2025-10-14 13:16:00+00:00,4117.17,stop_loss,-6.109999999999673,False
1,2025-10-14 13:30:00+00:00,2025-10-14 13:39:00+00:00,4117.16,breakout,4112.88,4129.999999999999,4.279999999999745,12.839999999999236,120,2025-10-14 15:45:00+00:00,4112.88,4117.16,1,2025-10-14 14:01:00+00:00,4129.999999999999,target_hit,12.839999999999236,True
-1,2025-10-14 14:00:00+00:00,2025-10-14 14:07:00+00:00,4121.57,breakout,4126.8,4105.879999999998,5.230000000000473,15.690000000001419,120,2025-10-14 16:07:00+00:00,4121.57,4126.8,0,2025-10-14 14:08:00+00:00,4126.8,stop_loss,-5.230000000000473,False
1,2025-10-14 14:15:00+00:00,2025-10-14 14:16:00+00:00,4129.96,breakout,4123.32,4149.880000000001,6.640000000000327,19.920000000000982,120,2025-10-14 18:45:00+00:00,4123.32,4129.96,4,2025-10-14 16:48:00+00:00,4149.880000000001,target_hit,19.920000000000982,True
1,2025-10-14 17:15:00+00:00,2025-10-14 17:16:00+00:00,4143.09,breakout,4137.18,4160.82,5.9099999999998545,17.729999999999563,120,2025-10-14 20:15:00+00:00,4137.18,4143.09,1,2025-10-14 19:37:00+00:00,4137.18,stop_loss,-5.9099999999998545,False
-1,2025-10-14 19:45:00+00:00,2025-10-14 19:51:00+00:00,4138.0,breakout,4144.49,4118.530000000001,6.489999999999782,19.469999999999345,120,2025-10-14 21:51:00+00:00,4138.0,4144.49,0,2025-10-14 20:01:00+00:00,4144.49,stop_loss,-6.489999999999782,False
1,2025-10-15 07:45:00+00:00,2025-10-15 07:46:00+00:00,4205.34,breakout,4200.34,4220.34,5.0,15.0,120,2025-10-15 10:45:00+00:00,4200.34,4205.34,1,2025-10-15 09:15:00+00:00,4200.34,stop_loss,-5.0,False
-1,2025-10-15 09:30:00+00:00,2025-10-15 09:31:00+00:00,4196.55,breakout,4204.15,4173.750000000002,7.599999999999454,22.799999999998363,120,2025-10-15 11:31:00+00:00,4196.55,4204.15,0,2025-10-15 10:16:00+00:00,4204.15,stop_loss,-7.599999999999454,False
-1,2025-10-15 10:45:00+00:00,2025-10-15 10:46:00+00:00,4193.55,breakout,4198.12,4179.840000000001,4.569999999999709,13.709999999999127,120,2025-10-15 12:46:00+00:00,4193.55,4198.12,0,2025-10-15 10:51:00+00:00,4198.12,stop_loss,-4.569999999999709,False
-1,2025-10-15 12:30:00+00:00,2025-10-15 12:31:00+00:00,4183.74,breakout,4192.25,4158.209999999999,8.510000000000218,25.530000000000655,120,2025-10-15 14:31:00+00:00,4183.74,4192.25,0,2025-10-15 12:58:00+00:00,4192.25,stop_loss,-8.510000000000218,False
1,2025-10-15 13:00:00+00:00,2025-10-15 13:01:00+00:00,4186.38,breakout,4182.37,4198.410000000001,4.010000000000218,12.030000000000655,120,2025-10-15 15:01:00+00:00,4182.37,4186.38,0,2025-10-15 13:43:00+00:00,4198.410000000001,target_hit,12.030000000000655,True
-1,2025-10-15 13:45:00+00:00,2025-10-15 13:48:00+00:00,4188.29,breakout,4195.88,4165.5199999999995,7.5900000000001455,22.770000000000437,120,2025-10-15 15:48:00+00:00,4188.29,4195.88,0,2025-10-15 13:52:00+00:00,4195.88,stop_loss,-7.5900000000001455,False
1,2025-10-15 14:00:00+00:00,2025-10-15 14:01:00+00:00,4194.6,breakout,4189.79,4209.030000000002,4.8100000000004,14.4300000000012,120,2025-10-15 16:01:00+00:00,4189.79,4194.6,0,2025-10-15 14:10:00+00:00,4209.030000000002,target_hit,14.4300000000012,True
1,2025-10-15 14:15:00+00:00,2025-10-15 14:16:00+00:00,4197.52,breakout,4191.89,4214.410000000001,5.630000000000109,16.890000000000327,120,2025-10-15 16:16:00+00:00,4191.89,4197.52,0,2025-10-15 14:57:00+00:00,4191.89,stop_loss,-5.630000000000109,False
-1,2025-10-15 15:00:00+00:00,2025-10-15 15:01:00+00:00,4198.46,breakout,4202.33,4186.85,3.869999999999891,11.609999999999673,120,2025-10-15 17:01:00+00:00,4198.46,4202.33,0,2025-10-15 15:25:00+00:00,4202.33,stop_loss,-3.869999999999891,False
-1,2025-10-15 15:45:00+00:00,2025-10-15 15:47:00+00:00,4193.61,breakout,4198.29,4179.569999999999,4.680000000000291,14.040000000000873,120,2025-10-15 17:47:00+00:00,4193.61,4198.29,0,2025-10-15 15:51:00+00:00,4179.569999999999,target_hit,14.040000000000873,True
1,2025-10-15 16:15:00+00:00,2025-10-15 16:16:00+00:00,4193.76,breakout,4189.72,4205.88,4.039999999999964,12.11999999999989,120,2025-10-15 18:45:00+00:00,4189.72,4193.76,2,2025-10-15 17:12:00+00:00,4189.72,stop_loss,-4.039999999999964,False
1,2025-10-15 17:30:00+00:00,2025-10-15 17:40:00+00:00,4192.22,breakout,4186.78,4208.540000000002,5.440000000000509,16.320000000001528,120,2025-10-15 20:15:00+00:00,4186.78,4192.22,1,2025-10-15 19:18:00+00:00,4208.540000000002,target_hit,16.320000000001528,True
1,2025-10-16 07:00:00+00:00,2025-10-16 07:01:00+00:00,4222.92,breakout,4219.06,4234.499999999999,3.8599999999996726,11.579999999999018,120,2025-10-16 09:01:00+00:00,4219.06,4222.92,0,2025-10-16 08:01:00+00:00,4234.499999999999,target_hit,11.579999999999018,True
1,2025-10-16 13:15:00+00:00,2025-10-16 13:16:00+00:00,4240.48,breakout,4234.76,4257.639999999998,5.719999999999345,17.159999999998035,120,2025-10-16 15:16:00+00:00,4234.76,4240.48,0,2025-10-16 13:42:00+00:00,4257.639999999998,target_hit,17.159999999998035,True
-1,2025-10-16 13:45:00+00:00,2025-10-16 13:55:00+00:00,4248.82,breakout,4252.61,4237.45,3.7899999999999636,11.36999999999989,120,2025-10-16 15:55:00+00:00,4248.82,4252.61,0,2025-10-16 14:00:00+00:00,4252.61,stop_loss,-3.7899999999999636,False
1,2025-10-16 14:15:00+00:00,2025-10-16 14:16:00+00:00,4253.77,breakout,4245.45,4278.730000000002,8.320000000000618,24.960000000001855,120,2025-10-16 16:16:00+00:00,4245.45,4253.77,0,2025-10-16 16:08:00+00:00,4278.730000000002,target_hit,24.960000000001855,True
1,2025-10-16 16:30:00+00:00,2025-10-16 16:31:00+00:00,4289.51,breakout,4283.05,4308.89,6.460000000000036,19.38000000000011,120,2025-10-16 18:31:00+00:00,4283.05,4289.51,0,2025-10-16 16:34:00+00:00,4283.05,stop_loss,-6.460000000000036,False
-1,2025-10-16 16:45:00+00:00,2025-10-16 16:46:00+00:00,4283.64,breakout,4288.7,4268.460000000002,5.059999999999491,15.179999999998472,120,2025-10-16 18:46:00+00:00,4283.64,4288.7,0,2025-10-16 17:03:00+00:00,4288.7,stop_loss,-5.059999999999491,False
1,2025-10-16 17:15:00+00:00,2025-10-16 17:16:00+00:00,4288.79,breakout,4284.1,4302.859999999999,4.6899999999996,14.0699999999988,120,2025-10-16 19:16:00+00:00,4284.1,4288.79,0,2025-10-16 18:14:00+00:00,4284.1,stop_loss,-4.6899999999996,False
-1,2025-10-16 18:15:00+00:00,2025-10-16 18:16:00+00:00,4289.33,breakout,4293.18,4277.779999999999,3.850000000000364,11.550000000001091,120,2025-10-16 20:16:00+00:00,4289.33,4293.18,0,2025-10-16 18:17:00+00:00,4277.779999999999,target_hit,11.550000000001091,True
1,2025-10-16 18:45:00+00:00,2025-10-16 18:46:00+00:00,4289.35,breakout,4285.37,4301.290000000002,3.980000000000473,11.940000000001419,120,2025-10-16 20:46:00+00:00,4285.37,4289.35,0,2025-10-16 19:53:00+00:00,4301.290000000002,target_hit,11.940000000001419,True
-1,2025-10-17 07:00:00+00:00,2025-10-17 07:01:00+00:00,4360.98,breakout,4365.9,4346.219999999999,4.920000000000073,14.760000000000218,120,2025-10-17 09:15:00+00:00,4360.98,4365.9,1,2025-10-17 07:19:00+00:00,4346.219999999999,target_hit,14.760000000000218,True
-1,2025-10-17 07:30:00+00:00,2025-10-17 07:31:00+00:00,4349.66,breakout,4354.13,4336.249999999999,4.470000000000255,13.410000000000764,120,2025-10-17 09:31:00+00:00,4349.66,4354.13,0,2025-10-17 07:32:00+00:00,4336.249999999999,target_hit,13.410000000000764,True
-1,2025-10-17 07:45:00+00:00,2025-10-17 07:54:00+00:00,4330.37,breakout,4339.82,4302.02,9.449999999999818,28.349999999999454,120,2025-10-17 09:54:00+00:00,4330.37,4339.82,0,2025-10-17 07:57:00+00:00,4339.82,stop_loss,-9.449999999999818,False
-1,2025-10-17 08:00:00+00:00,2025-10-17 08:02:00+00:00,4339.4,breakout,4347.15,4316.15,7.75,23.25,120,2025-10-17 10:02:00+00:00,4339.4,4347.15,0,2025-10-17 08:18:00+00:00,4347.15,stop_loss,-7.75,False
1,2025-10-17 08:15:00+00:00,2025-10-17 08:18:00+00:00,4347.63,breakout,4342.18,4363.98,5.449999999999818,16.349999999999454,120,2025-10-17 10:18:00+00:00,4342.18,4347.63,0,2025-10-17 08:27:00+00:00,4342.18,stop_loss,-5.449999999999818,False
1,2025-10-17 08:30:00+00:00,2025-10-17 08:36:00+00:00,4340.76,breakout,4335.29,4357.170000000001,5.470000000000255,16.410000000000764,120,2025-10-17 11:15:00+00:00,4335.29,4340.76,1,2025-10-17 09:22:00+00:00,4335.29,stop_loss,-5.470000000000255,False
-1,2025-10-17 10:15:00+00:00,2025-10-17 10:20:00+00:00,4338.24,breakout,4342.05,4326.809999999999,3.8100000000004,11.4300000000012,120,2025-10-17 12:20:00+00:00,4338.24,4342.05,0,2025-10-17 10:37:00+00:00,4326.809999999999,target_hit,11.4300000000012,True
-1,2025-10-17 10:45:00+00:00,2025-10-17 10:46:00+00:00,4332.93,breakout,4338.54,4316.100000000001,5.609999999999673,16.829999999999018,120,2025-10-17 12:46:00+00:00,4332.93,4338.54,0,2025-10-17 11:13:00+00:00,4316.100000000001,target_hit,16.829999999999018,True
1,2025-10-17 11:15:00+00:00,2025-10-17 11:19:00+00:00,4331.23,breakout,4326.55,4345.269999999998,4.6799999999993815,14.039999999998145,120,2025-10-17 13:19:00+00:00,4326.55,4331.23,0,2025-10-17 11:22:00+00:00,4326.55,stop_loss,-4.6799999999993815,False
-1,2025-10-17 11:45:00+00:00,2025-10-17 11:46:00+00:00,4314.39,breakout,4323.26,4287.780000000001,8.86999999999989,26.609999999999673,120,2025-10-17 13:46:00+00:00,4314.39,4323.26,0,2025-10-17 11:59:00+00:00,4287.780000000001,target_hit,26.609999999999673,True
-1,2025-10-17 12:00:00+00:00,2025-10-17 12:01:00+00:00,4306.96,breakout,4312.37,4290.7300000000005,5.4099999999998545,16.229999999999563,120,2025-10-17 14:01:00+00:00,4306.96,4312.37,0,2025-10-17 12:02:00+00:00,4290.7300000000005,target_hit,16.229999999999563,True
1,2025-10-17 12:15:00+00:00,2025-10-17 12:16:00+00:00,4294.01,breakout,4284.51,4322.51,9.5,28.5,120,2025-10-17 15:00:00+00:00,4284.51,4294.01,2,2025-10-17 13:35:00+00:00,4284.51,stop_loss,-9.5,False
-1,2025-10-17 13:45:00+00:00,2025-10-17 13:46:00+00:00,4306.53,breakout,4315.1,4280.819999999998,8.570000000000618,25.710000000001855,120,2025-10-17 15:46:00+00:00,4306.53,4315.1,0,2025-10-17 13:48:00+00:00,4280.819999999998,target_hit,25.710000000001855,True
-1,2025-10-17 14:15:00+00:00,2025-10-17 14:16:00+00:00,4267.36,breakout,4274.53,4245.849999999999,7.170000000000073,21.51000000000022,120,2025-10-17 16:16:00+00:00,4267.36,4274.53,0,2025-10-17 14:17:00+00:00,4245.849999999999,target_hit,21.51000000000022,True
1,2025-10-17 14:30:00+00:00,2025-10-17 14:31:00+00:00,4231.6,breakout,4217.44,4274.080000000003,14.160000000000764,42.48000000000229,120,2025-10-17 18:15:00+00:00,4217.44,4231.6,4,2025-10-17 16:29:00+00:00,4217.44,stop_loss,-14.160000000000764,False
1,2025-10-17 16:45:00+00:00,2025-10-17 16:50:00+00:00,4218.93,breakout,4210.24,4245.000000000002,8.69000000000051,26.070000000001528,120,2025-10-17 18:50:00+00:00,4210.24,4218.93,0,2025-10-17 16:52:00+00:00,4210.24,stop_loss,-8.69000000000051,False
-1,2025-10-17 17:00:00+00:00,2025-10-17 17:01:00+00:00,4203.48,breakout,4209.25,4186.169999999998,5.770000000000437,17.31000000000131,120,2025-10-17 19:01:00+00:00,4203.48,4209.25,0,2025-10-17 17:04:00+00:00,4186.169999999998,target_hit,17.31000000000131,True
-1,2025-10-17 17:30:00+00:00,2025-10-17 17:31:00+00:00,4202.45,breakout,4207.12,4188.44,4.670000000000073,14.010000000000218,120,2025-10-17 19:31:00+00:00,4202.45,4207.12,0,2025-10-17 17:35:00+00:00,4207.12,stop_loss,-4.670000000000073,False
1,2025-10-17 18:15:00+00:00,2025-10-17 18:16:00+00:00,4230.07,breakout,4221.35,4256.229999999998,8.719999999999345,26.159999999998035,120,2025-10-17 21:15:00+00:00,4221.35,4230.07,2,2025-10-17 19:16:00+00:00,4221.35,stop_loss,-8.719999999999345,False
1,2025-10-17 19:45:00+00:00,2025-10-17 19:46:00+00:00,4223.55,breakout,4216.42,4244.9400000000005,7.130000000000109,21.390000000000327,120,2025-10-17 21:46:00+00:00,4216.42,4223.55,0,2025-10-17 20:28:00+00:00,4244.9400000000005,target_hit,21.390000000000327,True
1,2025-10-20 07:15:00+00:00,2025-10-20 07:16:00+00:00,4244.45,breakout,4240.23,4257.110000000001,4.220000000000255,12.660000000000764,120,2025-10-20 09:16:00+00:00,4240.23,4244.45,0,2025-10-20 07:17:00+00:00,4257.110000000001,target_hit,12.660000000000764,True
-1,2025-10-20 07:30:00+00:00,2025-10-20 07:31:00+00:00,4256.06,breakout,4260.25,4243.490000000002,4.1899999999996,12.5699999999988,120,2025-10-20 09:31:00+00:00,4256.06,4260.25,0,2025-10-20 07:44:00+00:00,4260.25,stop_loss,-4.1899999999996,False
1,2025-10-20 07:45:00+00:00,2025-10-20 07:46:00+00:00,4259.06,breakout,4255.49,4269.770000000002,3.5700000000006185,10.710000000001855,120,2025-10-20 09:46:00+00:00,4255.49,4259.06,0,2025-10-20 07:48:00+00:00,4255.49,stop_loss,-3.5700000000006185,False
1,2025-10-20 08:15:00+00:00,2025-10-20 08:16:00+00:00,4259.69,breakout,4255.4,4272.5599999999995,4.289999999999964,12.86999999999989,120,2025-10-20 10:45:00+00:00,4255.4,4259.69,1,2025-10-20 08:49:00+00:00,4255.4,stop_loss,-4.289999999999964,False
1,2025-10-20 10:15:00+00:00,2025-10-20 10:16:00+00:00,4250.98,breakout,4247.33,4261.9299999999985,3.649999999999636,10.949999999998909,120,2025-10-20 12:45:00+00:00,4247.33,4250.98,1,2025-10-20 11:22:00+00:00,4261.9299999999985,target_hit,10.949999999998909,True
1,2025-10-20 12:15:00+00:00,2025-10-20 12:18:00+00:00,4281.7,breakout,4277.79,4293.429999999999,3.9099999999998545,11.729999999999563,120,2025-10-20 14:18:00+00:00,4277.79,4281.7,0,2025-10-20 12:19:00+00:00,4293.429999999999,target_hit,11.729999999999563,True
1,2025-10-20 12:30:00+00:00,2025-10-20 12:31:00+00:00,4286.81,breakout,4280.82,4304.7800000000025,5.990000000000691,17.970000000002074,120,2025-10-20 14:31:00+00:00,4280.82,4286.81,0,2025-10-20 12:33:00+00:00,4304.7800000000025,target_hit,17.970000000002074,True
1,2025-10-20 12:45:00+00:00,2025-10-20 12:46:00+00:00,4298.43,breakout,4292.06,4317.54,6.369999999999891,19.109999999999673,120,2025-10-20 14:46:00+00:00,4292.06,4298.43,0,2025-10-20 12:47:00+00:00,4317.54,target_hit,19.109999999999673,True
1,2025-10-20 13:00:00+00:00,2025-10-20 13:01:00+00:00,4322.17,breakout,4314.69,4344.6100000000015,7.480000000000473,22.44000000000142,120,2025-10-20 15:01:00+00:00,4314.69,4322.17,0,2025-10-20 13:05:00+00:00,4314.69,stop_loss,-7.480000000000473,False
-1,2025-10-20 13:15:00+00:00,2025-10-20 13:23:00+00:00,4316.34,breakout,4321.37,4301.250000000001,5.029999999999745,15.089999999999236,120,2025-10-20 15:45:00+00:00,4316.34,4321.37,2,2025-10-20 13:59:00+00:00,4301.250000000001,target_hit,15.089999999999236,True
1,2025-10-20 14:00:00+00:00,2025-10-20 14:09:00+00:00,4309.1,breakout,4305.22,4320.740000000001,3.880000000000109,11.640000000000327,120,2025-10-20 16:09:00+00:00,4305.22,4309.1,0,2025-10-20 14:15:00+00:00,4320.740000000001,target_hit,11.640000000000327,True
1,2025-10-20 14:30:00+00:00,2025-10-20 14:31:00+00:00,4322.53,breakout,4316.27,4341.309999999998,6.259999999999309,18.779999999997926,120,2025-10-20 17:00:00+00:00,4316.27,4322.53,1,2025-10-20 15:06:00+00:00,4341.309999999998,target_hit,18.779999999997926,True
1,2025-10-20 15:15:00+00:00,2025-10-20 15:16:00+00:00,4337.28,breakout,4332.26,4352.339999999998,5.019999999999527,15.059999999998581,120,2025-10-20 17:16:00+00:00,4332.26,4337.28,0,2025-10-20 15:18:00+00:00,4352.339999999998,target_hit,15.059999999998581,True
1,2025-10-20 16:15:00+00:00,2025-10-20 16:16:00+00:00,4347.26,breakout,4343.72,4357.88,3.5399999999999636,10.61999999999989,120,2025-10-20 18:30:00+00:00,4343.72,4347.26,1,2025-10-20 16:39:00+00:00,4343.72,stop_loss,-3.5399999999999636,False
1,2025-10-20 17:45:00+00:00,2025-10-20 17:46:00+00:00,4344.69,breakout,4340.1,4358.459999999997,4.589999999999236,13.769999999997708,120,2025-10-20 19:46:00+00:00,4340.1,4344.69,0,2025-10-20 18:30:00+00:00,4358.459999999997,target_hit,13.769999999997708,True
1,2025-10-20 18:30:00+00:00,2025-10-20 18:31:00+00:00,4358.28,breakout,4352.38,4375.979999999999,5.899999999999636,17.69999999999891,120,2025-10-20 21:15:00+00:00,4352.38,4358.28,1,2025-10-20 19:55:00+00:00,4375.979999999999,target_hit,17.69999999999891,True
-1,2025-10-21 07:15:00+00:00,2025-10-21 07:16:00+00:00,4333.47,breakout,4339.21,4316.250000000001,5.739999999999782,17.219999999999345,120,2025-10-21 09:16:00+00:00,4333.47,4339.21,0,2025-10-21 07:33:00+00:00,4316.250000000001,target_hit,17.219999999999345,True
-1,2025-10-21 07:45:00+00:00,2025-10-21 07:46:00+00:00,4306.13,breakout,4319.59,4265.75,13.460000000000036,40.38000000000011,120,2025-10-21 10:00:00+00:00,4306.13,4319.59,1,2025-10-21 08:12:00+00:00,4265.75,target_hit,40.38000000000011,True
-1,2025-10-21 08:15:00+00:00,2025-10-21 08:16:00+00:00,4292.84,breakout,4301.09,4268.09,8.25,24.75,120,2025-10-21 10:16:00+00:00,4292.84,4301.09,0,2025-10-21 08:17:00+00:00,4268.09,target_hit,24.75,True
1,2025-10-21 08:30:00+00:00,2025-10-21 08:31:00+00:00,4261.37,breakout,4244.65,4311.530000000001,16.720000000000255,50.160000000000764,120,2025-10-21 14:00:00+00:00,4244.65,4261.37,3,2025-10-21 12:10:00+00:00,4244.65,stop_loss,-16.720000000000255,False
-1,2025-10-21 12:30:00+00:00,2025-10-21 12:31:00+00:00,4222.98,breakout,4228.46,4206.539999999998,5.480000000000473,16.44000000000142,120,2025-10-21 14:45:00+00:00,4222.98,4228.46,1,2025-10-21 12:46:00+00:00,4206.539999999998,target_hit,16.44000000000142,True
-1,2025-10-21 12:45:00+00:00,2025-10-21 12:46:00+00:00,4220.99,breakout,4229.45,4195.61,8.460000000000036,25.38000000000011,120,2025-10-21 14:46:00+00:00,4220.99,4229.45,0,2025-10-21 13:02:00+00:00,4195.61,target_hit,25.38000000000011,True
-1,2025-10-21 13:15:00+00:00,2025-10-21 13:16:00+00:00,4204.25,breakout,4211.46,4182.62,7.210000000000036,21.63000000000011,120,2025-10-21 15:16:00+00:00,4204.25,4211.46,0,2025-10-21 13:37:00+00:00,4211.46,stop_loss,-7.210000000000036,False
-1,2025-10-21 13:45:00+00:00,2025-10-21 13:47:00+00:00,4191.45,breakout,4201.35,4161.749999999998,9.900000000000546,29.700000000001637,120,2025-10-21 15:47:00+00:00,4191.45,4201.35,0,2025-10-21 14:20:00+00:00,4161.749999999998,target_hit,29.700000000001637,True
-1,2025-10-21 14:30:00+00:00,2025-10-21 14:31:00+00:00,4175.69,breakout,4181.91,4157.029999999999,6.220000000000255,18.660000000000764,120,2025-10-21 16:31:00+00:00,4175.69,4181.91,0,2025-10-21 14:32:00+00:00,4157.029999999999,target_hit,18.660000000000764,True
-1,2025-10-21 14:45:00+00:00,2025-10-21 14:46:00+00:00,4121.1,breakout,4137.71,4071.2700000000013,16.609999999999673,49.82999999999902,120,2025-10-21 16:46:00+00:00,4121.1,4137.71,0,2025-10-21 14:59:00+00:00,4137.71,stop_loss,-16.609999999999673,False
-1,2025-10-21 15:15:00+00:00,2025-10-21 15:20:00+00:00,4131.05,breakout,4142.1,4097.9,11.050000000000182,33.150000000000546,120,2025-10-21 17:30:00+00:00,4131.05,4142.1,1,2025-10-21 15:43:00+00:00,4142.1,stop_loss,-11.050000000000182,False
1,2025-10-21 15:45:00+00:00,2025-10-21 15:46:00+00:00,4131.81,breakout,4123.21,4157.6100000000015,8.600000000000364,25.80000000000109,120,2025-10-21 17:46:00+00:00,4123.21,4131.81,0,2025-10-21 16:21:00+00:00,4123.21,stop_loss,-8.600000000000364,False
-1,2025-10-21 16:30:00+00:00,2025-10-21 16:31:00+00:00,4130.07,breakout,4134.86,4115.7,4.789999999999964,14.36999999999989,120,2025-10-21 18:31:00+00:00,4130.07,4134.86,0,2025-10-21 16:32:00+00:00,4115.7,target_hit,14.36999999999989,True
1,2025-10-21 17:00:00+00:00,2025-10-21 17:01:00+00:00,4116.41,breakout,4111.42,4131.379999999999,4.989999999999782,14.969999999999345,120,2025-10-21 19:01:00+00:00,4111.42,4116.41,0,2025-10-21 17:02:00+00:00,4111.42,stop_loss,-4.989999999999782,False
1,2025-10-21 17:45:00+00:00,2025-10-21 17:46:00+00:00,4107.81,breakout,4100.05,4131.090000000001,7.760000000000218,23.280000000000655,120,2025-10-21 21:15:00+00:00,4100.05,4107.81,3,2025-10-21 20:40:00+00:00,4131.090000000001,target_hit,23.280000000000655,True
-1,2025-10-22 07:00:00+00:00,2025-10-22 07:01:00+00:00,4153.32,breakout,4159.75,4134.029999999999,6.430000000000291,19.290000000000873,120,2025-10-22 09:01:00+00:00,4153.32,4159.75,0,2025-10-22 07:06:00+00:00,4134.029999999999,target_hit,19.290000000000873,True
-1,2025-10-22 07:15:00+00:00,2025-10-22 07:16:00+00:00,4147.14,breakout,4152.65,4130.610000000002,5.509999999999309,16.529999999997926,120,2025-10-22 09:45:00+00:00,4147.14,4152.65,1,2025-10-22 07:58:00+00:00,4130.610000000002,target_hit,16.529999999997926,True
-1,2025-10-22 08:15:00+00:00,2025-10-22 08:16:00+00:00,4129.5,breakout,4134.62,4114.14,5.119999999999891,15.359999999999673,120,2025-10-22 10:16:00+00:00,4129.5,4134.62,0,2025-10-22 08:17:00+00:00,4114.14,target_hit,15.359999999999673,True
-1,2025-10-22 08:45:00+00:00,2025-10-22 08:46:00+00:00,4097.64,breakout,4104.28,4077.720000000002,6.639999999999418,19.919999999998254,120,2025-10-22 10:46:00+00:00,4097.64,4104.28,0,2025-10-22 08:59:00+00:00,4077.720000000002,target_hit,19.919999999998254,True
-1,2025-10-22 09:30:00+00:00,2025-10-22 09:39:00+00:00,4070.04,breakout,4077.79,4046.79,7.75,23.25,120,2025-10-22 11:45:00+00:00,4070.04,4077.79,1,2025-10-22 10:04:00+00:00,4077.79,stop_loss,-7.75,False
1,2025-10-22 10:30:00+00:00,2025-10-22 10:31:00+00:00,4085.75,breakout,4073.99,4121.030000000001,11.760000000000218,35.280000000000655,120,2025-10-22 12:31:00+00:00,4073.99,4085.75,0,2025-10-22 10:37:00+00:00,4073.99,stop_loss,-11.760000000000218,False
-1,2025-10-22 10:45:00+00:00,2025-10-22 10:46:00+00:00,4084.26,breakout,4088.37,4071.930000000001,4.109999999999673,12.329999999999018,120,2025-10-22 12:46:00+00:00,4084.26,4088.37,0,2025-10-22 10:47:00+00:00,4071.930000000001,target_hit,12.329999999999018,True
-1,2025-10-22 11:30:00+00:00,2025-10-22 11:31:00+00:00,4030.32,breakout,4039.17,4003.7700000000004,8.849999999999909,26.549999999999727,120,2025-10-22 13:31:00+00:00,4030.32,4039.17,0,2025-10-22 12:03:00+00:00,4039.17,stop_loss,-8.849999999999909,False
1,2025-10-22 12:15:00+00:00,2025-10-22 12:16:00+00:00,4034.09,breakout,4026.09,4058.09,8.0,24.0,120,2025-10-22 14:45:00+00:00,4026.09,4034.09,1,2025-10-22 12:55:00+00:00,4026.09,stop_loss,-8.0,False
1,2025-10-22 13:15:00+00:00,2025-10-22 13:16:00+00:00,4054.19,breakout,4033.25,4117.01,20.940000000000055,62.820000000000164,120,2025-10-22 16:30:00+00:00,4033.25,4054.19,3,2025-10-22 14:41:00+00:00,4033.25,stop_loss,-20.940000000000055,False
-1,2025-10-22 14:45:00+00:00,2025-10-22 14:46:00+00:00,4051.82,breakout,4058.81,4030.850000000001,6.989999999999782,20.969999999999345,120,2025-10-22 16:46:00+00:00,4051.82,4058.81,0,2025-10-22 14:47:00+00:00,4030.850000000001,target_hit,20.969999999999345,True
-1,2025-10-22 15:00:00+00:00,2025-10-22 15:01:00+00:00,4019.76,breakout,4030.94,3986.2200000000007,11.179999999999836,33.53999999999951,120,2025-10-22 17:01:00+00:00,4019.76,4030.94,0,2025-10-22 15:07:00+00:00,4030.94,stop_loss,-11.179999999999836,False
1,2025-10-22 15:15:00+00:00,2025-10-22 15:16:00+00:00,4018.96,breakout,4014.97,4030.9300000000007,3.9900000000002365,11.97000000000071,120,2025-10-22 17:16:00+00:00,4014.97,4018.96,0,2025-10-22 15:17:00+00:00,4030.9300000000007,target_hit,11.97000000000071,True
-1,2025-10-22 15:30:00+00:00,2025-10-22 15:31:00+00:00,4036.8,breakout,4042.16,4020.720000000001,5.359999999999673,16.079999999999018,120,2025-10-22 17:31:00+00:00,4036.8,4042.16,0,2025-10-22 15:56:00+00:00,4042.16,stop_loss,-5.359999999999673,False
1,2025-10-22 16:15:00+00:00,2025-10-22 16:17:00+00:00,4036.01,breakout,4030.33,4053.050000000001,5.680000000000291,17.040000000000873,120,2025-10-22 18:30:00+00:00,4030.33,4036.01,1,2025-10-22 16:32:00+00:00,4053.050000000001,target_hit,17.040000000000873,True
1,2025-10-22 17:00:00+00:00,2025-10-22 17:01:00+00:00,4054.89,breakout,4050.42,4068.2999999999993,4.4699999999998,13.4099999999994,120,2025-10-22 19:01:00+00:00,4050.42,4054.89,0,2025-10-22 17:03:00+00:00,4050.42,stop_loss,-4.4699999999998,False
-1,2025-10-22 17:15:00+00:00,2025-10-22 17:20:00+00:00,4053.18,breakout,4058.15,4038.269999999999,4.970000000000255,14.910000000000764,120,2025-10-22 19:30:00+00:00,4053.18,4058.15,1,2025-10-22 17:38:00+00:00,4058.15,stop_loss,-4.970000000000255,False
1,2025-10-22 18:00:00+00:00,2025-10-22 18:01:00+00:00,4064.55,breakout,4056.11,4089.8700000000003,8.440000000000055,25.320000000000164,120,2025-10-22 20:15:00+00:00,4056.11,4064.55,1,2025-10-22 19:12:00+00:00,4089.8700000000003,target_hit,25.320000000000164,True
1,2025-10-22 19:15:00+00:00,2025-10-22 19:16:00+00:00,4082.36,breakout,4077.67,4096.43,4.690000000000055,14.070000000000164,120,2025-10-22 21:16:00+00:00,4077.67,4082.36,0,2025-10-22 19:23:00+00:00,4096.43,target_hit,14.070000000000164,True
1,2025-10-22 19:30:00+00:00,2025-10-22 19:31:00+00:00,4098.34,breakout,4094.01,4111.33,4.329999999999927,12.989999999999782,120,2025-10-22 21:31:00+00:00,4094.01,4098.34,0,2025-10-22 19:32:00+00:00,4111.33,target_hit,12.989999999999782,True
-1,2025-10-22 19:45:00+00:00,2025-10-22 19:46:00+00:00,4105.75,breakout,4113.39,4082.829999999999,7.640000000000327,22.920000000000982,120,2025-10-22 21:46:00+00:00,4105.75,4113.39,0,2025-10-22 22:01:00+00:00,4106.6,timeout,-0.8500000000003638,False
-1,2025-10-23 07:00:00+00:00,2025-10-23 07:01:00+00:00,4113.6,breakout,4118.31,4099.47,4.710000000000036,14.13000000000011,120,2025-10-23 09:01:00+00:00,4113.6,4118.31,0,2025-10-23 07:03:00+00:00,4118.31,stop_loss,-4.710000000000036,False
1,2025-10-23 07:15:00+00:00,2025-10-23 07:16:00+00:00,4116.94,breakout,4113.32,4127.799999999999,3.619999999999891,10.859999999999673,120,2025-10-23 09:30:00+00:00,4113.32,4116.94,1,2025-10-23 07:31:00+00:00,4113.32,stop_loss,-3.619999999999891,False
-1,2025-10-23 07:45:00+00:00,2025-10-23 07:50:00+00:00,4100.15,breakout,4111.61,4065.7699999999995,11.460000000000036,34.38000000000011,120,2025-10-23 10:00:00+00:00,4100.15,4111.61,1,2025-10-23 08:05:00+00:00,4111.61,stop_loss,-11.460000000000036,False
1,2025-10-23 08:15:00+00:00,2025-10-23 08:16:00+00:00,4099.88,breakout,4094.16,4117.040000000001,5.720000000000255,17.160000000000764,120,2025-10-23 10:16:00+00:00,4094.16,4099.88,0,2025-10-23 08:17:00+00:00,4117.040000000001,target_hit,17.160000000000764,True
1,2025-10-23 08:30:00+00:00,2025-10-23 08:31:00+00:00,4115.63,breakout,4110.86,4129.940000000001,4.770000000000437,14.31000000000131,120,2025-10-23 10:31:00+00:00,4110.86,4115.63,0,2025-10-23 08:35:00+00:00,4110.86,stop_loss,-4.770000000000437,False
1,2025-10-23 09:00:00+00:00,2025-10-23 09:01:00+00:00,4116.79,breakout,4113.1,4127.859999999999,3.6899999999996,11.0699999999988,120,2025-10-23 11:01:00+00:00,4113.1,4116.79,0,2025-10-23 09:05:00+00:00,4113.1,stop_loss,-3.6899999999996,False
1,2025-10-23 09:15:00+00:00,2025-10-23 09:16:00+00:00,4121.23,breakout,4115.79,4137.549999999998,5.4399999999996,16.3199999999988,120,2025-10-23 11:16:00+00:00,4115.79,4121.23,0,2025-10-23 09:42:00+00:00,4115.79,stop_loss,-5.4399999999996,False
1,2025-10-23 10:00:00+00:00,2025-10-23 10:01:00+00:00,4117.82,breakout,4113.69,4130.21,4.130000000000109,12.390000000000327,120,2025-10-23 12:01:00+00:00,4113.69,4117.82,0,2025-10-23 10:28:00+00:00,4113.69,stop_loss,-4.130000000000109,False
-1,2025-10-23 10:30:00+00:00,2025-10-23 10:31:00+00:00,4110.02,breakout,4120.29,4079.210000000002,10.269999999999527,30.80999999999858,120,2025-10-23 13:00:00+00:00,4110.02,4120.29,1,2025-10-23 11:04:00+00:00,4120.29,stop_loss,-10.269999999999527,False
1,2025-10-23 11:15:00+00:00,2025-10-23 11:16:00+00:00,4112.68,breakout,4107.69,4127.650000000002,4.990000000000691,14.970000000002074,120,2025-10-23 13:16:00+00:00,4107.69,4112.68,0,2025-10-23 12:12:00+00:00,4107.69,stop_loss,-4.990000000000691,False
-1,2025-10-23 12:15:00+00:00,2025-10-23 12:16:00+00:00,4109.1,breakout,4112.94,4097.580000000003,3.839999999999236,11.519999999997708,120,2025-10-23 14:16:00+00:00,4109.1,4112.94,0,2025-10-23 12:30:00+00:00,4112.94,stop_loss,-3.839999999999236,False
1,2025-10-23 12:30:00+00:00,2025-10-23 12:31:00+00:00,4109.29,breakout,4105.05,4122.009999999999,4.239999999999782,12.719999999999345,120,2025-10-23 14:31:00+00:00,4105.05,4109.29,0,2025-10-23 12:39:00+00:00,4122.009999999999,target_hit,12.719999999999345,True
1,2025-10-23 12:45:00+00:00,2025-10-23 12:46:00+00:00,4115.8,breakout,4108.82,4136.740000000002,6.980000000000473,20.94000000000142,120,2025-10-23 15:15:00+00:00,4108.82,4115.8,2,2025-10-23 13:18:00+00:00,4136.740000000002,target_hit,20.94000000000142,True
-1,2025-10-23 13:45:00+00:00,2025-10-23 13:47:00+00:00,4142.64,breakout,4147.71,4127.430000000001,5.069999999999709,15.209999999999127,120,2025-10-23 15:47:00+00:00,4142.64,4147.71,0,2025-10-23 13:48:00+00:00,4147.71,stop_loss,-5.069999999999709,False
-1,2025-10-23 14:00:00+00:00,2025-10-23 14:01:00+00:00,4142.81,breakout,4150.04,4121.120000000002,7.229999999999563,21.68999999999869,120,2025-10-23 16:01:00+00:00,4142.81,4150.04,0,2025-10-23 14:03:00+00:00,4150.04,stop_loss,-7.229999999999563,False
-1,2025-10-23 14:15:00+00:00,2025-10-23 14:16:00+00:00,4149.34,breakout,4152.84,4138.84,3.5,10.5,120,2025-10-23 16:16:00+00:00,4149.34,4152.84,0,2025-10-23 14:18:00+00:00,4138.84,target_hit,10.5,True
1,2025-10-23 15:00:00+00:00,2025-10-23 15:01:00+00:00,4147.56,breakout,4143.24,4160.520000000002,4.3200000000006185,12.960000000001855,120,2025-10-23 17:01:00+00:00,4143.24,4147.56,0,2025-10-23 15:14:00+00:00,4143.24,stop_loss,-4.3200000000006185,False
-1,2025-10-23 15:15:00+00:00,2025-10-23 15:16:00+00:00,4143.33,breakout,4149.42,4125.0599999999995,6.0900000000001455,18.270000000000437,120,2025-10-23 18:45:00+00:00,4143.33,4149.42,3,2025-10-23 17:25:00+00:00,4125.0599999999995,target_hit,18.270000000000437,True
1,2025-10-23 17:45:00+00:00,2025-10-23 17:46:00+00:00,4132.19,breakout,4128.36,4143.679999999999,3.8299999999999272,11.489999999999782,120,2025-10-23 19:46:00+00:00,4128.36,4132.19,0,2025-10-23 18:27:00+00:00,4143.679999999999,target_hit,11.489999999999782,True
-1,2025-10-23 19:45:00+00:00,2025-10-23 19:46:00+00:00,4119.93,breakout,4125.7,4102.620000000002,5.769999999999527,17.30999999999858,120,2025-10-23 21:46:00+00:00,4119.93,4125.7,0,2025-10-23 20:57:00+00:00,4125.7,stop_loss,-5.769999999999527,False
-1,2025-10-24 07:30:00+00:00,2025-10-24 07:31:00+00:00,4089.16,breakout,4092.95,4077.79,3.7899999999999636,11.36999999999989,120,2025-10-24 09:31:00+00:00,4089.16,4092.95,0,2025-10-24 07:51:00+00:00,4077.79,target_hit,11.36999999999989,True
-1,2025-10-24 08:00:00+00:00,2025-10-24 08:01:00+00:00,4075.45,breakout,4084.11,4049.469999999999,8.66000000000031,25.980000000000928,120,2025-10-24 10:01:00+00:00,4075.45,4084.11,0,2025-10-24 08:15:00+00:00,4049.469999999999,target_hit,25.980000000000928,True
-1,2025-10-24 08:15:00+00:00,2025-10-24 08:16:00+00:00,4070.23,breakout,4074.95,4056.0700000000006,4.7199999999998,14.1599999999994,120,2025-10-24 10:16:00+00:00,4070.23,4074.95,0,2025-10-24 08:17:00+00:00,4056.0700000000006,target_hit,14.1599999999994,True
1,2025-10-24 08:45:00+00:00,2025-10-24 08:46:00+00:00,4057.38,breakout,4050.44,4078.2000000000003,6.940000000000055,20.820000000000164,120,2025-10-24 12:15:00+00:00,4050.44,4057.38,4,2025-10-24 11:02:00+00:00,4050.44,stop_loss,-6.940000000000055,False
1,2025-10-24 11:15:00+00:00,2025-10-24 11:16:00+00:00,4052.74,breakout,4045.31,4075.0299999999993,7.429999999999836,22.28999999999951,120,2025-10-24 14:00:00+00:00,4045.31,4052.74,1,2025-10-24 12:30:00+00:00,4075.0299999999993,target_hit,22.28999999999951,True
1,2025-10-24 13:15:00+00:00,2025-10-24 13:16:00+00:00,4085.03,breakout,4080.51,4098.59,4.519999999999982,13.559999999999945,120,2025-10-24 15:16:00+00:00,4080.51,4085.03,0,2025-10-24 13:17:00+00:00,4098.59,target_hit,13.559999999999945,True
1,2025-10-24 13:30:00+00:00,2025-10-24 13:32:00+00:00,4119.21,breakout,4111.2,4143.240000000001,8.010000000000218,24.030000000000655,120,2025-10-24 15:32:00+00:00,4111.2,4119.21,0,2025-10-24 13:40:00+00:00,4111.2,stop_loss,-8.010000000000218,False
-1,2025-10-24 13:45:00+00:00,2025-10-24 13:46:00+00:00,4110.28,breakout,4114.76,4096.839999999998,4.480000000000473,13.440000000001419,120,2025-10-24 15:46:00+00:00,4110.28,4114.76,0,2025-10-24 14:06:00+00:00,4114.76,stop_loss,-4.480000000000473,False
1,2025-10-24 14:15:00+00:00,2025-10-24 14:16:00+00:00,4107.39,breakout,4102.66,4121.580000000002,4.730000000000473,14.190000000001419,120,2025-10-24 16:16:00+00:00,4102.66,4107.39,0,2025-10-24 14:17:00+00:00,4121.580000000002,target_hit,14.190000000001419,True
-1,2025-10-24 14:30:00+00:00,2025-10-24 14:31:00+00:00,4125.42,breakout,4130.58,4109.9400000000005,5.1599999999998545,15.479999999999563,120,2025-10-24 16:31:00+00:00,4125.42,4130.58,0,2025-10-24 14:40:00+00:00,4130.58,stop_loss,-5.1599999999998545,False
-1,2025-10-24 15:00:00+00:00,2025-10-24 15:01:00+00:00,4117.3,breakout,4122.99,4100.230000000001,5.6899999999996,17.0699999999988,120,2025-10-24 17:01:00+00:00,4117.3,4122.99,0,2025-10-24 15:05:00+00:00,4122.99,stop_loss,-5.6899999999996,False
1,2025-10-24 15:30:00+00:00,2025-10-24 15:31:00+00:00,4119.04,breakout,4115.22,4130.499999999999,3.819999999999709,11.459999999999127,120,2025-10-24 17:31:00+00:00,4115.22,4119.04,0,2025-10-24 15:40:00+00:00,4130.499999999999,target_hit,11.459999999999127,True
-1,2025-10-24 16:15:00+00:00,2025-10-24 16:17:00+00:00,4131.96,breakout,4136.81,4117.409999999999,4.850000000000364,14.550000000001091,120,2025-10-24 18:17:00+00:00,4131.96,4136.81,0,2025-10-24 16:26:00+00:00,4136.81,stop_loss,-4.850000000000364,False
-1,2025-10-24 16:45:00+00:00,2025-10-24 16:46:00+00:00,4129.75,breakout,4134.74,4114.780000000001,4.989999999999782,14.969999999999345,120,2025-10-24 19:30:00+00:00,4129.75,4134.74,1,2025-10-24 17:42:00+00:00,4114.780000000001,target_hit,14.969999999999345,True
1,2025-10-24 18:30:00+00:00,2025-10-24 18:33:00+00:00,4108.18,breakout,4104.46,4119.340000000001,3.7200000000002547,11.160000000000764,120,2025-10-24 20:33:00+00:00,4104.46,4108.18,0,2025-10-24 18:42:00+00:00,4104.46,stop_loss,-3.7200000000002547,False
1,2025-10-24 19:00:00+00:00,2025-10-24 19:01:00+00:00,4109.74,breakout,4106.12,4120.599999999999,3.619999999999891,10.859999999999673,120,2025-10-24 21:15:00+00:00,4106.12,4109.74,1,2025-10-24 19:46:00+00:00,4106.12,stop_loss,-3.619999999999891,False
-1,2025-10-27 09:00:00+00:00,2025-10-27 09:08:00+00:00,4039.23,breakout,4055.98,3988.98,16.75,50.25,120,2025-10-27 16:15:00+00:00,4039.23,4055.98,12,2025-10-27 14:18:00+00:00,3988.98,target_hit,50.25,True
-1,2025-10-27 14:30:00+00:00,2025-10-27 14:31:00+00:00,3995.14,breakout,4004.73,3966.3699999999994,9.590000000000146,28.770000000000437,120,2025-10-27 18:30:00+00:00,3995.14,4004.73,5,2025-10-27 17:28:00+00:00,4004.73,stop_loss,-9.590000000000146,False
1,2025-10-27 17:30:00+00:00,2025-10-27 17:31:00+00:00,3997.77,breakout,3992.02,4015.02,5.75,17.25,120,2025-10-27 21:15:00+00:00,3992.02,3997.77,3,2025-10-27 19:29:00+00:00,3992.02,stop_loss,-5.75,False
-1,2025-10-27 19:30:00+00:00,2025-10-27 19:35:00+00:00,3988.71,breakout,3994.43,3971.5500000000006,5.7199999999998,17.1599999999994,120,2025-10-27 21:35:00+00:00,3988.71,3994.43,0,2025-10-27 20:15:00+00:00,3994.43,stop_loss,-5.7199999999998,False
1,2025-10-28 08:00:00+00:00,2025-10-28 08:01:00+00:00,3934.02,breakout,3929.54,3947.46,4.480000000000018,13.440000000000055,120,2025-10-28 10:01:00+00:00,3929.54,3934.02,0,2025-10-28 08:04:00+00:00,3929.54,stop_loss,-4.480000000000018,False
-1,2025-10-28 08:15:00+00:00,2025-10-28 08:16:00+00:00,3925.1,breakout,3929.11,3913.0699999999993,4.010000000000218,12.030000000000655,120,2025-10-28 10:16:00+00:00,3925.1,3929.11,0,2025-10-28 08:25:00+00:00,3913.0699999999993,target_hit,12.030000000000655,True
-1,2025-10-28 08:30:00+00:00,2025-10-28 08:31:00+00:00,3919.96,breakout,3923.93,3908.0500000000006,3.9699999999998,11.9099999999994,120,2025-10-28 10:31:00+00:00,3919.96,3923.93,0,2025-10-28 08:39:00+00:00,3908.0500000000006,target_hit,11.9099999999994,True
-1,2025-10-28 08:45:00+00:00,2025-10-28 08:46:00+00:00,3910.26,breakout,3914.58,3897.300000000001,4.319999999999709,12.959999999999127,120,2025-10-28 10:46:00+00:00,3910.26,3914.58,0,2025-10-28 08:59:00+00:00,3897.300000000001,target_hit,12.959999999999127,True
1,2025-10-28 09:30:00+00:00,2025-10-28 09:31:00+00:00,3904.08,breakout,3896.85,3925.77,7.230000000000018,21.690000000000055,120,2025-10-28 12:45:00+00:00,3896.85,3904.08,4,2025-10-28 10:53:00+00:00,3925.77,target_hit,21.690000000000055,True
1,2025-10-28 11:00:00+00:00,2025-10-28 11:01:00+00:00,3924.97,breakout,3921.37,3935.7699999999995,3.599999999999909,10.799999999999727,120,2025-10-28 13:01:00+00:00,3921.37,3924.97,0,2025-10-28 11:02:00+00:00,3921.37,stop_loss,-3.599999999999909,False
-1,2025-10-28 11:15:00+00:00,2025-10-28 11:16:00+00:00,3918.46,breakout,3923.6,3903.0400000000004,5.139999999999873,15.419999999999618,120,2025-10-28 13:30:00+00:00,3918.46,3923.6,1,2025-10-28 11:32:00+00:00,3923.6,stop_loss,-5.139999999999873,False
1,2025-10-28 11:45:00+00:00,2025-10-28 11:46:00+00:00,3921.48,breakout,3917.64,3933.0000000000005,3.8400000000001455,11.520000000000437,120,2025-10-28 13:46:00+00:00,3917.64,3921.48,0,2025-10-28 12:41:00+00:00,3917.64,stop_loss,-3.8400000000001455,False
1,2025-10-28 13:15:00+00:00,2025-10-28 13:16:00+00:00,3920.87,breakout,3912.48,3946.0399999999995,8.389999999999873,25.169999999999618,120,2025-10-28 16:00:00+00:00,3912.48,3920.87,2,2025-10-28 14:26:00+00:00,3946.0399999999995,target_hit,25.169999999999618,True
1,2025-10-28 14:30:00+00:00,2025-10-28 14:31:00+00:00,3945.03,breakout,3941.24,3956.4000000000015,3.7900000000004184,11.370000000001255,120,2025-10-28 16:31:00+00:00,3941.24,3945.03,0,2025-10-28 14:40:00+00:00,3941.24,stop_loss,-3.7900000000004184,False
-1,2025-10-28 14:45:00+00:00,2025-10-28 14:46:00+00:00,3945.18,breakout,3949.59,3931.949999999999,4.410000000000309,13.230000000000928,120,2025-10-28 16:46:00+00:00,3945.18,3949.59,0,2025-10-28 14:49:00+00:00,3949.59,stop_loss,-4.410000000000309,False
1,2025-10-28 15:00:00+00:00,2025-10-28 15:01:00+00:00,3949.07,breakout,3944.51,3962.75,4.559999999999945,13.679999999999836,120,2025-10-28 17:01:00+00:00,3944.51,3949.07,0,2025-10-28 15:32:00+00:00,3962.75,target_hit,13.679999999999836,True
1,2025-10-28 15:45:00+00:00,2025-10-28 15:46:00+00:00,3962.49,breakout,3957.84,3976.4399999999987,4.649999999999636,13.949999999998909,120,2025-10-28 17:46:00+00:00,3957.84,3962.49,0,2025-10-28 16:03:00+00:00,3957.84,stop_loss,-4.649999999999636,False
-1,2025-10-28 16:45:00+00:00,2025-10-28 16:46:00+00:00,3956.4,breakout,3964.73,3931.4100000000003,8.329999999999927,24.98999999999978,120,2025-10-28 18:46:00+00:00,3956.4,3964.73,0,2025-10-28 17:08:00+00:00,3964.73,stop_loss,-8.329999999999927,False
1,2025-10-28 17:15:00+00:00,2025-10-28 17:24:00+00:00,3969.65,breakout,3965.65,3981.65,4.0,12.0,120,2025-10-28 19:24:00+00:00,3965.65,3969.65,0,2025-10-28 17:31:00+00:00,3965.65,stop_loss,-4.0,False
-1,2025-10-28 17:45:00+00:00,2025-10-28 17:48:00+00:00,3962.05,breakout,3968.32,3943.2400000000002,6.269999999999982,18.809999999999945,120,2025-10-28 20:45:00+00:00,3962.05,3968.32,2,2025-10-28 20:45:00+00:00,3954.1,timeout,7.950000000000273,True
1,2025-10-29 08:45:00+00:00,2025-10-29 08:46:00+00:00,4014.16,breakout,4010.06,4026.4599999999996,4.099999999999909,12.299999999999727,120,2025-10-29 11:00:00+00:00,4010.06,4014.16,1,2025-10-29 09:48:00+00:00,4026.4599999999996,target_hit,12.299999999999727,True
1,2025-10-29 10:00:00+00:00,2025-10-29 10:01:00+00:00,4024.43,breakout,4019.17,4040.209999999999,5.2599999999997635,15.77999999999929,120,2025-10-29 12:01:00+00:00,4019.17,4024.43,0,2025-10-29 10:06:00+00:00,4019.17,stop_loss,-5.2599999999997635,False
1,2025-10-29 10:15:00+00:00,2025-10-29 10:17:00+00:00,4024.78,breakout,4018.54,4043.500000000001,6.2400000000002365,18.72000000000071,120,2025-10-29 12:45:00+00:00,4018.54,4024.78,2,2025-10-29 11:29:00+00:00,4018.54,stop_loss,-6.2400000000002365,False
-1,2025-10-29 11:45:00+00:00,2025-10-29 11:47:00+00:00,4015.39,breakout,4019.33,4003.5699999999997,3.9400000000000546,11.820000000000164,120,2025-10-29 13:47:00+00:00,4015.39,4019.33,0,2025-10-29 11:57:00+00:00,4019.33,stop_loss,-3.9400000000000546,False
-1,2025-10-29 12:00:00+00:00,2025-10-29 12:04:00+00:00,4016.2,breakout,4019.83,4005.3099999999995,3.630000000000109,10.890000000000327,120,2025-10-29 14:04:00+00:00,4016.2,4019.83,0,2025-10-29 12:10:00+00:00,4019.83,stop_loss,-3.630000000000109,False
1,2025-10-29 12:15:00+00:00,2025-10-29 12:16:00+00:00,4025.91,breakout,4021.45,4039.29,4.460000000000036,13.38000000000011,120,2025-10-29 14:16:00+00:00,4021.45,4025.91,0,2025-10-29 13:00:00+00:00,4021.45,stop_loss,-4.460000000000036,False
-1,2025-10-29 13:15:00+00:00,2025-10-29 13:16:00+00:00,4018.2,breakout,4025.73,3995.609999999999,7.5300000000002,22.5900000000006,120,2025-10-29 17:30:00+00:00,4018.2,4025.73,4,2025-10-29 15:50:00+00:00,3995.609999999999,target_hit,22.5900000000006,True
-1,2025-10-29 16:00:00+00:00,2025-10-29 16:01:00+00:00,3992.29,breakout,3997.71,3976.0299999999997,5.420000000000073,16.26000000000022,120,2025-10-29 18:01:00+00:00,3992.29,3997.71,0,2025-10-29 16:09:00+00:00,3997.71,stop_loss,-5.420000000000073,False
-1,2025-10-29 17:30:00+00:00,2025-10-29 17:31:00+00:00,3989.71,breakout,3993.81,3977.4100000000003,4.099999999999909,12.299999999999727,120,2025-10-29 19:31:00+00:00,3989.71,3993.81,0,2025-10-29 17:35:00+00:00,3993.81,stop_loss,-4.099999999999909,False
1,2025-10-29 17:45:00+00:00,2025-10-29 17:46:00+00:00,3992.18,breakout,3987.89,4005.0499999999997,4.289999999999964,12.86999999999989,120,2025-10-29 19:46:00+00:00,3987.89,3992.18,0,2025-10-29 18:01:00+00:00,3987.89,stop_loss,-4.289999999999964,False
-1,2025-10-29 18:15:00+00:00,2025-10-29 18:16:00+00:00,3988.05,breakout,3997.24,3960.4800000000014,9.1899999999996,27.5699999999988,120,2025-10-29 20:16:00+00:00,3988.05,3997.24,0,2025-10-29 18:36:00+00:00,3960.4800000000014,target_hit,27.5699999999988,True
-1,2025-10-29 19:30:00+00:00,2025-10-29 19:31:00+00:00,3966.33,breakout,3972.47,3947.9100000000003,6.139999999999873,18.419999999999618,120,2025-10-29 21:31:00+00:00,3966.33,3972.47,0,2025-10-29 19:32:00+00:00,3947.9100000000003,target_hit,18.419999999999618,True
-1,2025-10-29 19:45:00+00:00,2025-10-29 19:46:00+00:00,3946.0,breakout,3954.48,3920.56,8.480000000000018,25.440000000000055,120,2025-10-29 21:46:00+00:00,3946.0,3954.48,0,2025-10-29 20:25:00+00:00,3954.48,stop_loss,-8.480000000000018,False
1,2025-10-30 08:15:00+00:00,2025-10-30 08:16:00+00:00,3967.03,breakout,3960.03,3988.03,7.0,21.0,120,2025-10-30 10:16:00+00:00,3960.03,3967.03,0,2025-10-30 09:03:00+00:00,3988.03,target_hit,21.0,True
1,2025-10-30 09:15:00+00:00,2025-10-30 09:16:00+00:00,3981.67,breakout,3975.74,3999.460000000001,5.930000000000291,17.790000000000873,120,2025-10-30 11:16:00+00:00,3975.74,3981.67,0,2025-10-30 09:17:00+00:00,3999.460000000001,target_hit,17.790000000000873,True
-1,2025-10-30 10:15:00+00:00,2025-10-30 10:17:00+00:00,3996.48,breakout,4000.51,3984.3899999999994,4.0300000000002,12.0900000000006,120,2025-10-30 12:17:00+00:00,3996.48,4000.51,0,2025-10-30 10:21:00+00:00,3984.3899999999994,target_hit,12.0900000000006,True
-1,2025-10-30 10:30:00+00:00,2025-10-30 10:31:00+00:00,3989.88,breakout,3993.95,3977.670000000001,4.069999999999709,12.209999999999127,120,2025-10-30 12:31:00+00:00,3989.88,3993.95,0,2025-10-30 10:35:00+00:00,3977.670000000001,target_hit,12.209999999999127,True
-1,2025-10-30 10:45:00+00:00,2025-10-30 10:48:00+00:00,3979.48,breakout,3987.17,3956.41,7.690000000000055,23.070000000000164,120,2025-10-30 15:30:00+00:00,3979.48,3987.17,5,2025-10-30 13:53:00+00:00,3987.17,stop_loss,-7.690000000000055,False
1,2025-10-30 14:00:00+00:00,2025-10-30 14:01:00+00:00,3980.75,breakout,3975.06,3997.82,5.690000000000055,17.070000000000164,120,2025-10-30 16:01:00+00:00,3975.06,3980.75,0,2025-10-30 14:03:00+00:00,3997.82,target_hit,17.070000000000164,True
1,2025-10-30 14:15:00+00:00,2025-10-30 14:16:00+00:00,3999.07,breakout,3992.65,4018.3300000000004,6.420000000000073,19.26000000000022,120,2025-10-30 16:16:00+00:00,3992.65,3999.07,0,2025-10-30 14:33:00+00:00,3992.65,stop_loss,-6.420000000000073,False
-1,2025-10-30 14:45:00+00:00,2025-10-30 14:46:00+00:00,3991.9,breakout,3998.29,3972.7300000000005,6.389999999999873,19.169999999999618,120,2025-10-30 16:46:00+00:00,3991.9,3998.29,0,2025-10-30 14:47:00+00:00,3998.29,stop_loss,-6.389999999999873,False
1,2025-10-30 15:00:00+00:00,2025-10-30 15:01:00+00:00,3994.6,breakout,3989.56,4009.72,5.039999999999964,15.11999999999989,120,2025-10-30 17:01:00+00:00,3989.56,3994.6,0,2025-10-30 15:06:00+00:00,3989.56,stop_loss,-5.039999999999964,False
-1,2025-10-30 16:15:00+00:00,2025-10-30 16:16:00+00:00,3995.63,breakout,4001.71,3977.3900000000003,6.079999999999927,18.23999999999978,120,2025-10-30 18:16:00+00:00,3995.63,4001.71,0,2025-10-30 16:43:00+00:00,4001.71,stop_loss,-6.079999999999927,False
-1,2025-10-30 17:15:00+00:00,2025-10-30 17:16:00+00:00,3998.74,breakout,4002.72,3986.7999999999997,3.980000000000018,11.940000000000055,120,2025-10-30 19:16:00+00:00,3998.74,4002.72,0,2025-10-30 17:29:00+00:00,4002.72,stop_loss,-3.980000000000018,False
-1,2025-10-30 18:45:00+00:00,2025-10-30 18:46:00+00:00,4011.23,breakout,4016.86,3994.3399999999997,5.630000000000109,16.890000000000327,120,2025-10-30 20:46:00+00:00,4011.23,4016.86,0,2025-10-30 18:55:00+00:00,4016.86,stop_loss,-5.630000000000109,False
1,2025-10-30 19:45:00+00:00,2025-10-30 19:46:00+00:00,4024.2,breakout,4019.97,4036.89,4.230000000000018,12.690000000000055,120,2025-10-30 21:46:00+00:00,4019.97,4024.2,0,2025-10-30 20:24:00+00:00,4019.97,stop_loss,-4.230000000000018,False
1,2025-10-31 08:00:00+00:00,2025-10-31 08:01:00+00:00,4019.0,breakout,4015.33,4030.01,3.6700000000000728,11.010000000000218,120,2025-10-31 10:01:00+00:00,4015.33,4019.0,0,2025-10-31 08:52:00+00:00,4015.33,stop_loss,-3.6700000000000728,False
1,2025-10-31 09:30:00+00:00,2025-10-31 09:31:00+00:00,4002.89,breakout,3999.11,4014.229999999999,3.7799999999997453,11.339999999999236,120,2025-10-31 11:31:00+00:00,3999.11,4002.89,0,2025-10-31 10:07:00+00:00,4014.229999999999,target_hit,11.339999999999236,True
1,2025-10-31 12:30:00+00:00,2025-10-31 12:32:00+00:00,4020.33,breakout,4016.81,4030.89,3.519999999999982,10.559999999999945,120,2025-10-31 14:32:00+00:00,4016.81,4020.33,0,2025-10-31 12:34:00+00:00,4016.81,stop_loss,-3.519999999999982,False
1,2025-10-31 12:45:00+00:00,2025-10-31 12:46:00+00:00,4027.29,breakout,4023.04,4040.04,4.25,12.75,120,2025-10-31 14:46:00+00:00,4023.04,4027.29,0,2025-10-31 12:57:00+00:00,4023.04,stop_loss,-4.25,False
-1,2025-10-31 13:45:00+00:00,2025-10-31 13:46:00+00:00,4019.16,breakout,4024.73,4002.4499999999994,5.570000000000164,16.71000000000049,120,2025-10-31 15:46:00+00:00,4019.16,4024.73,0,2025-10-31 14:03:00+00:00,4024.73,stop_loss,-5.570000000000164,False
1,2025-10-31 14:15:00+00:00,2025-10-31 14:16:00+00:00,4021.63,breakout,4016.54,4036.9000000000005,5.0900000000001455,15.270000000000437,120,2025-10-31 16:16:00+00:00,4016.54,4021.63,0,2025-10-31 14:29:00+00:00,4016.54,stop_loss,-5.0900000000001455,False
1,2025-10-31 14:45:00+00:00,2025-10-31 14:54:00+00:00,4018.7,breakout,4013.92,4033.039999999999,4.779999999999745,14.339999999999236,120,2025-10-31 16:54:00+00:00,4013.92,4018.7,0,2025-10-31 15:03:00+00:00,4013.92,stop_loss,-4.779999999999745,False
-1,2025-10-31 15:00:00+00:00,2025-10-31 15:04:00+00:00,4012.03,breakout,4017.31,3996.190000000001,5.279999999999745,15.839999999999236,120,2025-10-31 17:04:00+00:00,4012.03,4017.31,0,2025-10-31 15:14:00+00:00,4017.31,stop_loss,-5.279999999999745,False
-1,2025-10-31 16:00:00+00:00,2025-10-31 16:01:00+00:00,4013.61,breakout,4021.67,3989.4300000000003,8.059999999999945,24.179999999999836,120,2025-10-31 18:01:00+00:00,4013.61,4021.67,0,2025-10-31 16:14:00+00:00,3989.4300000000003,target_hit,24.179999999999836,True
-1,2025-10-31 16:15:00+00:00,2025-10-31 16:16:00+00:00,4011.06,breakout,4015.31,3998.31,4.25,12.75,120,2025-10-31 18:16:00+00:00,4011.06,4015.31,0,2025-10-31 16:17:00+00:00,3998.31,target_hit,12.75,True
1,2025-10-31 16:30:00+00:00,2025-10-31 16:31:00+00:00,3982.78,breakout,3975.26,4005.34,7.519999999999982,22.559999999999945,120,2025-10-31 20:00:00+00:00,3975.26,3982.78,4,2025-10-31 18:12:00+00:00,4005.34,target_hit,22.559999999999945,True
-1,2025-10-31 19:00:00+00:00,2025-10-31 19:01:00+00:00,4002.76,breakout,4006.49,3991.5700000000015,3.7299999999995634,11.18999999999869,120,2025-10-31 21:01:00+00:00,4002.76,4006.49,0,2025-10-31 19:20:00+00:00,3991.5700000000015,target_hit,11.18999999999869,True
-1,2025-10-31 19:30:00+00:00,2025-10-31 19:35:00+00:00,3996.87,breakout,4000.78,3985.139999999999,3.9100000000003092,11.730000000000928,120,2025-10-31 21:35:00+00:00,3996.87,4000.78,0,2025-10-31 19:45:00+00:00,4000.78,stop_loss,-3.9100000000003092,False
1,2025-11-03 08:00:00+00:00,2025-11-03 08:01:00+00:00,4026.3,breakout,4022.25,4038.4500000000007,4.050000000000182,12.150000000000546,120,2025-11-03 10:01:00+00:00,4022.25,4026.3,0,2025-11-03 08:14:00+00:00,4022.25,stop_loss,-4.050000000000182,False
-1,2025-11-03 08:15:00+00:00,2025-11-03 08:16:00+00:00,4023.73,breakout,4028.19,4010.35,4.460000000000036,13.38000000000011,120,2025-11-03 10:16:00+00:00,4023.73,4028.19,0,2025-11-03 09:26:00+00:00,4010.35,target_hit,13.38000000000011,True
-1,2025-11-03 09:30:00+00:00,2025-11-03 09:31:00+00:00,4018.07,breakout,4022.57,4004.57,4.5,13.5,120,2025-11-03 11:31:00+00:00,4018.07,4022.57,0,2025-11-03 09:32:00+00:00,4004.57,target_hit,13.5,True
-1,2025-11-03 09:45:00+00:00,2025-11-03 09:46:00+00:00,4001.64,breakout,4006.4,3987.359999999999,4.760000000000218,14.280000000000655,120,2025-11-03 11:46:00+00:00,4001.64,4006.4,0,2025-11-03 11:27:00+00:00,4006.4,stop_loss,-4.760000000000218,False
1,2025-11-03 15:00:00+00:00,2025-11-03 15:01:00+00:00,4016.85,breakout,4012.53,4029.809999999999,4.319999999999709,12.959999999999127,120,2025-11-03 17:01:00+00:00,4012.53,4016.85,0,2025-11-03 15:14:00+00:00,4029.809999999999,target_hit,12.959999999999127,True
-1,2025-11-03 15:30:00+00:00,2025-11-03 15:31:00+00:00,4021.13,breakout,4025.64,4007.600000000001,4.5099999999997635,13.52999999999929,120,2025-11-03 17:31:00+00:00,4021.13,4025.64,0,2025-11-03 15:36:00+00:00,4007.600000000001,target_hit,13.52999999999929,True
-1,2025-11-03 16:00:00+00:00,2025-11-03 16:01:00+00:00,4017.78,breakout,4024.08,3998.880000000001,6.299999999999727,18.89999999999918,120,2025-11-03 18:15:00+00:00,4017.78,4024.08,1,2025-11-03 16:17:00+00:00,3998.880000000001,target_hit,18.89999999999918,True
-1,2025-11-03 16:30:00+00:00,2025-11-03 16:31:00+00:00,3999.84,breakout,4003.72,3988.200000000001,3.8799999999996544,11.639999999998963,120,2025-11-03 18:31:00+00:00,3999.84,4003.72,0,2025-11-03 16:39:00+00:00,4003.72,stop_loss,-3.8799999999996544,False
1,2025-11-03 16:45:00+00:00,2025-11-03 16:46:00+00:00,4003.37,breakout,3997.9,4019.7799999999993,5.4699999999998,16.4099999999994,120,2025-11-03 18:46:00+00:00,3997.9,4003.37,0,2025-11-03 18:46:00+00:00,4007.31,timeout,3.9400000000000546,True
-1,2025-11-03 19:15:00+00:00,2025-11-03 19:18:00+00:00,4001.98,breakout,4006.66,3987.9400000000005,4.679999999999836,14.039999999999509,120,2025-11-03 21:18:00+00:00,4001.98,4006.66,0,2025-11-03 19:53:00+00:00,4006.66,stop_loss,-4.679999999999836,False
1,2025-11-04 08:15:00+00:00,2025-11-04 08:23:00+00:00,3998.17,breakout,3993.65,4011.73,4.519999999999982,13.559999999999945,120,2025-11-04 10:23:00+00:00,3993.65,3998.17,0,2025-11-04 09:08:00+00:00,3993.65,stop_loss,-4.519999999999982,False
-1,2025-11-04 09:15:00+00:00,2025-11-04 09:16:00+00:00,3992.24,breakout,3996.24,3980.24,4.0,12.0,120,2025-11-04 11:16:00+00:00,3992.24,3996.24,0,2025-11-04 09:34:00+00:00,3996.24,stop_loss,-4.0,False
-1,2025-11-04 13:45:00+00:00,2025-11-04 13:46:00+00:00,3983.67,breakout,3987.29,3972.8100000000004,3.619999999999891,10.859999999999673,120,2025-11-04 15:46:00+00:00,3983.67,3987.29,0,2025-11-04 13:51:00+00:00,3972.8100000000004,target_hit,10.859999999999673,True
1,2025-11-04 14:15:00+00:00,2025-11-04 14:16:00+00:00,3971.41,breakout,3966.76,3985.3599999999988,4.649999999999636,13.949999999998909,120,2025-11-04 16:16:00+00:00,3966.76,3971.41,0,2025-11-04 14:29:00+00:00,3966.76,stop_loss,-4.649999999999636,False
-1,2025-11-04 14:30:00+00:00,2025-11-04 14:31:00+00:00,3951.01,breakout,3968.22,3899.3800000000015,17.20999999999958,51.629999999998745,120,2025-11-04 17:15:00+00:00,3951.01,3968.22,2,2025-11-04 15:40:00+00:00,3968.22,stop_loss,-17.20999999999958,False
1,2025-11-04 15:45:00+00:00,2025-11-04 15:46:00+00:00,3954.93,breakout,3949.39,3971.5499999999997,5.539999999999964,16.61999999999989,120,2025-11-04 18:15:00+00:00,3949.39,3954.93,1,2025-11-04 16:17:00+00:00,3971.5499999999997,target_hit,16.61999999999989,True
1,2025-11-04 16:30:00+00:00,2025-11-04 16:32:00+00:00,3972.63,breakout,3966.94,3989.7000000000003,5.690000000000055,17.070000000000164,120,2025-11-04 18:32:00+00:00,3966.94,3972.63,0,2025-11-04 16:40:00+00:00,3966.94,stop_loss,-5.690000000000055,False
-1,2025-11-04 18:30:00+00:00,2025-11-04 18:32:00+00:00,3947.14,breakout,3952.42,3931.2999999999993,5.2800000000002,15.8400000000006,120,2025-11-04 22:15:00+00:00,3947.14,3952.42,2,2025-11-04 21:26:00+00:00,3931.2999999999993,target_hit,15.8400000000006,True
1,2025-11-05 08:15:00+00:00,2025-11-05 08:16:00+00:00,3982.72,breakout,3975.93,4003.0899999999997,6.789999999999964,20.36999999999989,120,2025-11-05 10:16:00+00:00,3975.93,3982.72,0,2025-11-05 09:11:00+00:00,3975.93,stop_loss,-6.789999999999964,False
-1,2025-11-05 09:30:00+00:00,2025-11-05 09:31:00+00:00,3966.02,breakout,3971.22,3950.4200000000005,5.199999999999818,15.599999999999454,120,2025-11-05 11:31:00+00:00,3966.02,3971.22,0,2025-11-05 09:40:00+00:00,3971.22,stop_loss,-5.199999999999818,False
1,2025-11-05 09:45:00+00:00,2025-11-05 09:46:00+00:00,3969.03,breakout,3963.79,3984.750000000001,5.2400000000002365,15.72000000000071,120,2025-11-05 11:46:00+00:00,3963.79,3969.03,0,2025-11-05 10:03:00+00:00,3963.79,stop_loss,-5.2400000000002365,False
-1,2025-11-05 10:15:00+00:00,2025-11-05 10:16:00+00:00,3964.44,breakout,3969.66,3948.7800000000007,5.2199999999998,15.6599999999994,120,2025-11-05 12:16:00+00:00,3964.44,3969.66,0,2025-11-05 10:47:00+00:00,3969.66,stop_loss,-5.2199999999998,False
1,2025-11-05 14:00:00+00:00,2025-11-05 14:01:00+00:00,3975.88,breakout,3972.48,3986.0800000000004,3.400000000000091,10.200000000000273,120,2025-11-05 16:15:00+00:00,3972.48,3975.88,1,2025-11-05 14:48:00+00:00,3972.48,stop_loss,-3.400000000000091,False
-1,2025-11-05 15:00:00+00:00,2025-11-05 15:01:00+00:00,3972.98,breakout,3976.87,3961.3100000000004,3.8899999999998727,11.669999999999618,120,2025-11-05 17:01:00+00:00,3972.98,3976.87,0,2025-11-05 15:07:00+00:00,3976.87,stop_loss,-3.8899999999998727,False
1,2025-11-05 15:30:00+00:00,2025-11-05 15:31:00+00:00,3973.37,breakout,3967.67,3990.4699999999993,5.699999999999818,17.099999999999454,120,2025-11-05 18:45:00+00:00,3967.67,3973.37,3,2025-11-05 16:52:00+00:00,3990.4699999999993,target_hit,17.099999999999454,True
-1,2025-11-06 12:15:00+00:00,2025-11-06 12:16:00+00:00,4015.37,breakout,4019.23,4003.7899999999995,3.8600000000001273,11.580000000000382,120,2025-11-06 14:16:00+00:00,4015.37,4019.23,0,2025-11-06 12:53:00+00:00,4003.7899999999995,target_hit,11.580000000000382,True
-1,2025-11-06 14:30:00+00:00,2025-11-06 14:31:00+00:00,4001.58,breakout,4006.19,3987.7499999999995,4.610000000000127,13.830000000000382,120,2025-11-06 16:31:00+00:00,4001.58,4006.19,0,2025-11-06 15:01:00+00:00,3987.7499999999995,target_hit,13.830000000000382,True
-1,2025-11-06 15:15:00+00:00,2025-11-06 15:16:00+00:00,3984.0,breakout,3989.49,3967.5300000000007,5.489999999999782,16.469999999999345,120,2025-11-06 17:16:00+00:00,3984.0,3989.49,0,2025-11-06 15:18:00+00:00,3989.49,stop_loss,-5.489999999999782,False
1,2025-11-06 16:00:00+00:00,2025-11-06 16:01:00+00:00,3981.63,breakout,3978.15,3992.07,3.480000000000018,10.440000000000055,120,2025-11-06 18:15:00+00:00,3978.15,3981.63,1,2025-11-06 16:18:00+00:00,3978.15,stop_loss,-3.480000000000018,False
-1,2025-11-06 17:15:00+00:00,2025-11-06 17:16:00+00:00,3978.05,breakout,3982.25,3965.4500000000007,4.199999999999818,12.599999999999454,120,2025-11-06 19:30:00+00:00,3978.05,3982.25,1,2025-11-06 17:44:00+00:00,3982.25,stop_loss,-4.199999999999818,False
1,2025-11-06 17:45:00+00:00,2025-11-06 17:46:00+00:00,3981.09,breakout,3977.1,3993.060000000001,3.9900000000002365,11.97000000000071,120,2025-11-06 19:46:00+00:00,3977.1,3981.09,0,2025-11-06 19:11:00+00:00,3993.060000000001,target_hit,11.97000000000071,True
-1,2025-11-07 11:15:00+00:00,2025-11-07 11:16:00+00:00,4004.49,breakout,4008.37,3992.8499999999995,3.880000000000109,11.640000000000327,120,2025-11-07 13:30:00+00:00,4004.49,4008.37,1,2025-11-07 12:06:00+00:00,4008.37,stop_loss,-3.880000000000109,False
-1,2025-11-07 13:00:00+00:00,2025-11-07 13:01:00+00:00,3992.2,breakout,3996.53,3979.2099999999987,4.330000000000382,12.990000000001146,120,2025-11-07 15:01:00+00:00,3992.2,3996.53,0,2025-11-07 13:03:00+00:00,3996.53,stop_loss,-4.330000000000382,False
1,2025-11-07 14:00:00+00:00,2025-11-07 14:01:00+00:00,3999.25,breakout,3995.72,4009.8400000000006,3.5300000000002,10.5900000000006,120,2025-11-07 16:01:00+00:00,3995.72,3999.25,0,2025-11-07 14:05:00+00:00,3995.72,stop_loss,-3.5300000000002,False
-1,2025-11-07 14:45:00+00:00,2025-11-07 14:46:00+00:00,3996.34,breakout,4000.88,3982.7200000000003,4.539999999999964,13.61999999999989,120,2025-11-07 17:45:00+00:00,3996.34,4000.88,2,2025-11-07 16:22:00+00:00,4000.88,stop_loss,-4.539999999999964,False
1,2025-11-07 16:45:00+00:00,2025-11-07 16:46:00+00:00,4011.62,breakout,4007.87,4022.87,3.75,11.25,120,2025-11-07 18:46:00+00:00,4007.87,4011.62,0,2025-11-07 16:58:00+00:00,4007.87,stop_loss,-3.75,False
-1,2025-11-07 17:00:00+00:00,2025-11-07 17:01:00+00:00,4014.33,breakout,4019.83,3997.83,5.5,16.5,120,2025-11-07 19:01:00+00:00,4014.33,4019.83,0,2025-11-07 17:06:00+00:00,3997.83,target_hit,16.5,True
-1,2025-11-07 17:15:00+00:00,2025-11-07 17:16:00+00:00,4004.06,breakout,4008.78,3989.899999999999,4.720000000000255,14.160000000000764,120,2025-11-07 19:16:00+00:00,4004.06,4008.78,0,2025-11-07 18:00:00+00:00,4008.78,stop_loss,-4.720000000000255,False
1,2025-11-10 13:15:00+00:00,2025-11-10 13:21:00+00:00,4104.9,breakout,4099.51,4121.069999999998,5.389999999999418,16.169999999998254,120,2025-11-10 15:21:00+00:00,4099.51,4104.9,0,2025-11-10 13:34:00+00:00,4099.51,stop_loss,-5.389999999999418,False
-1,2025-11-10 14:00:00+00:00,2025-11-10 14:01:00+00:00,4092.5,breakout,4096.23,4081.3100000000013,3.7299999999995634,11.18999999999869,120,2025-11-10 16:30:00+00:00,4092.5,4096.23,1,2025-11-10 14:32:00+00:00,4081.3100000000013,target_hit,11.18999999999869,True
1,2025-11-10 15:15:00+00:00,2025-11-10 15:16:00+00:00,4088.49,breakout,4083.3,4104.059999999999,5.1899999999996,15.5699999999988,120,2025-11-10 17:16:00+00:00,4083.3,4088.49,0,2025-11-10 15:37:00+00:00,4083.3,stop_loss,-5.1899999999996,False
-1,2025-11-10 15:45:00+00:00,2025-11-10 15:46:00+00:00,4084.9,breakout,4089.77,4070.2900000000004,4.869999999999891,14.609999999999673,120,2025-11-10 18:00:00+00:00,4084.9,4089.77,1,2025-11-10 16:09:00+00:00,4089.77,stop_loss,-4.869999999999891,False
1,2025-11-10 18:00:00+00:00,2025-11-10 18:01:00+00:00,4098.6,breakout,4095.11,4109.0700000000015,3.4900000000002365,10.47000000000071,120,2025-11-10 20:01:00+00:00,4095.11,4098.6,0,2025-11-10 18:18:00+00:00,4109.0700000000015,target_hit,10.470000000001164,True
1,2025-11-11 09:15:00+00:00,2025-11-11 09:16:00+00:00,4139.84,breakout,4135.49,4152.890000000001,4.350000000000364,13.050000000001091,120,2025-11-11 11:16:00+00:00,4135.49,4139.84,0,2025-11-11 11:16:00+00:00,4140.28,timeout,0.4399999999995998,True
-1,2025-11-11 14:30:00+00:00,2025-11-11 14:31:00+00:00,4132.78,breakout,4137.23,4119.43,4.449999999999818,13.349999999999454,120,2025-11-11 17:00:00+00:00,4132.78,4137.23,1,2025-11-11 15:08:00+00:00,4119.43,target_hit,13.349999999999454,True
-1,2025-11-11 15:15:00+00:00,2025-11-11 15:16:00+00:00,4122.52,breakout,4126.42,4110.8200000000015,3.899999999999636,11.699999999998909,120,2025-11-11 17:16:00+00:00,4122.52,4126.42,0,2025-11-11 15:21:00+00:00,4110.8200000000015,target_hit,11.699999999998909,True
-1,2025-11-11 15:30:00+00:00,2025-11-11 15:31:00+00:00,4110.76,breakout,4115.18,4097.5,4.420000000000073,13.260000000000218,120,2025-11-11 17:31:00+00:00,4110.76,4115.18,0,2025-11-11 15:33:00+00:00,4097.5,target_hit,13.260000000000218,True
1,2025-11-11 15:45:00+00:00,2025-11-11 15:46:00+00:00,4107.96,breakout,4104.35,4118.789999999999,3.6099999999996726,10.829999999999018,120,2025-11-11 18:15:00+00:00,4104.35,4107.96,1,2025-11-11 18:15:00+00:00,4110.95,timeout,2.9899999999997817,True
1,2025-11-12 14:45:00+00:00,2025-11-12 14:46:00+00:00,4133.41,breakout,4129.11,4146.31,4.300000000000182,12.900000000000546,120,2025-11-12 16:46:00+00:00,4129.11,4133.41,0,2025-11-12 15:10:00+00:00,4146.31,target_hit,12.900000000000546,True
1,2025-11-12 15:15:00+00:00,2025-11-12 15:16:00+00:00,4153.75,breakout,4144.06,4182.819999999999,9.6899999999996,29.0699999999988,120,2025-11-12 17:45:00+00:00,4144.06,4153.75,2,2025-11-12 15:48:00+00:00,4182.819999999999,target_hit,29.0699999999988,True
1,2025-11-12 16:00:00+00:00,2025-11-12 16:01:00+00:00,4182.85,breakout,4178.17,4196.890000000001,4.680000000000291,14.040000000000873,120,2025-11-12 18:45:00+00:00,4178.17,4182.85,1,2025-11-12 16:58:00+00:00,4196.890000000001,target_hit,14.040000000000873,True
1,2025-11-12 17:30:00+00:00,2025-11-12 17:31:00+00:00,4198.34,breakout,4194.31,4210.429999999999,4.029999999999745,12.089999999999236,120,2025-11-12 19:31:00+00:00,4194.31,4198.34,0,2025-11-12 18:03:00+00:00,4194.31,stop_loss,-4.029999999999745,False
-1,2025-11-12 18:30:00+00:00,2025-11-12 18:32:00+00:00,4207.59,breakout,4211.18,4196.82,3.5900000000001455,10.770000000000437,120,2025-11-12 20:32:00+00:00,4207.59,4211.18,0,2025-11-12 19:12:00+00:00,4196.82,target_hit,10.770000000000437,True
-1,2025-11-12 19:15:00+00:00,2025-11-12 19:16:00+00:00,4204.76,breakout,4208.21,4194.410000000001,3.449999999999818,10.349999999999454,120,2025-11-12 21:16:00+00:00,4204.76,4208.21,0,2025-11-12 19:22:00+00:00,4194.410000000001,target_hit,10.349999999999454,True
1,2025-11-13 08:15:00+00:00,2025-11-13 08:16:00+00:00,4226.71,breakout,4223.36,4236.760000000001,3.350000000000364,10.050000000001091,120,2025-11-13 10:16:00+00:00,4223.36,4226.71,0,2025-11-13 08:23:00+00:00,4236.760000000001,target_hit,10.050000000001091,True
1,2025-11-13 08:30:00+00:00,2025-11-13 08:31:00+00:00,4233.93,breakout,4228.33,4250.730000000001,5.600000000000364,16.80000000000109,120,2025-11-13 10:31:00+00:00,4228.33,4233.93,0,2025-11-13 09:04:00+00:00,4228.33,stop_loss,-5.600000000000364,False
1,2025-11-13 09:45:00+00:00,2025-11-13 09:52:00+00:00,4233.86,breakout,4230.01,4245.409999999998,3.8499999999994543,11.549999999998363,120,2025-11-13 12:15:00+00:00,4230.01,4233.86,1,2025-11-13 10:37:00+00:00,4230.01,stop_loss,-3.8499999999994543,False
-1,2025-11-13 11:00:00+00:00,2025-11-13 11:01:00+00:00,4221.94,breakout,4226.82,4207.299999999999,4.880000000000109,14.640000000000327,120,2025-11-13 13:01:00+00:00,4221.94,4226.82,0,2025-11-13 11:02:00+00:00,4226.82,stop_loss,-4.880000000000109,False
-1,2025-11-13 11:15:00+00:00,2025-11-13 11:18:00+00:00,4222.77,breakout,4227.06,4209.900000000001,4.289999999999964,12.86999999999989,120,2025-11-13 13:18:00+00:00,4222.77,4227.06,0,2025-11-13 11:36:00+00:00,4227.06,stop_loss,-4.289999999999964,False
1,2025-11-13 12:15:00+00:00,2025-11-13 12:17:00+00:00,4234.93,breakout,4231.13,4246.330000000001,3.800000000000182,11.400000000000546,120,2025-11-13 14:17:00+00:00,4231.13,4234.93,0,2025-11-13 12:27:00+00:00,4231.13,stop_loss,-3.800000000000182,False
-1,2025-11-13 13:15:00+00:00,2025-11-13 13:16:00+00:00,4236.54,breakout,4241.58,4221.42,5.039999999999964,15.11999999999989,120,2025-11-13 15:16:00+00:00,4236.54,4241.58,0,2025-11-13 13:35:00+00:00,4221.42,target_hit,15.11999999999989,True
-1,2025-11-13 13:45:00+00:00,2025-11-13 13:46:00+00:00,4226.37,breakout,4233.48,4205.040000000001,7.109999999999673,21.329999999999018,120,2025-11-13 16:15:00+00:00,4226.37,4233.48,1,2025-11-13 14:30:00+00:00,4205.040000000001,target_hit,21.329999999999018,True
-1,2025-11-13 14:30:00+00:00,2025-11-13 14:31:00+00:00,4212.15,breakout,4216.16,4200.119999999999,4.010000000000218,12.030000000000655,120,2025-11-13 16:31:00+00:00,4212.15,4216.16,0,2025-11-13 14:35:00+00:00,4216.16,stop_loss,-4.010000000000218,False
-1,2025-11-13 14:45:00+00:00,2025-11-13 14:46:00+00:00,4204.76,breakout,4210.98,4186.100000000002,6.219999999999345,18.659999999998035,120,2025-11-13 16:46:00+00:00,4204.76,4210.98,0,2025-11-13 14:49:00+00:00,4186.100000000002,target_hit,18.659999999998035,True
1,2025-11-13 15:00:00+00:00,2025-11-13 15:01:00+00:00,4193.73,breakout,4185.29,4219.049999999998,8.4399999999996,25.3199999999988,120,2025-11-13 19:00:00+00:00,4185.29,4193.73,3,2025-11-13 18:31:00+00:00,4185.29,stop_loss,-8.4399999999996,False
-1,2025-11-13 18:30:00+00:00,2025-11-13 18:31:00+00:00,4193.88,breakout,4199.04,4178.400000000001,5.1599999999998545,15.479999999999563,120,2025-11-13 20:31:00+00:00,4193.88,4199.04,0,2025-11-13 18:32:00+00:00,4178.400000000001,target_hit,15.479999999999563,True
-1,2025-11-13 18:45:00+00:00,2025-11-13 18:46:00+00:00,4171.97,breakout,4189.12,4120.520000000001,17.149999999999636,51.44999999999891,120,2025-11-13 22:00:00+00:00,4171.97,4189.12,3,2025-11-13 23:01:00+00:00,4176.37,timeout,-4.399999999999636,False
1,2025-11-14 08:00:00+00:00,2025-11-14 08:01:00+00:00,4176.71,breakout,4173.38,4186.7,3.3299999999999272,9.989999999999782,120,2025-11-14 10:01:00+00:00,4173.38,4176.71,0,2025-11-14 08:09:00+00:00,4173.38,stop_loss,-3.3299999999999272,False
-1,2025-11-14 08:15:00+00:00,2025-11-14 08:16:00+00:00,4175.47,breakout,4179.35,4163.83,3.880000000000109,11.640000000000327,120,2025-11-14 10:16:00+00:00,4175.47,4179.35,0,2025-11-14 08:17:00+00:00,4179.35,stop_loss,-3.880000000000109,False
-1,2025-11-14 08:45:00+00:00,2025-11-14 08:46:00+00:00,4183.12,breakout,4187.3,4170.579999999999,4.180000000000291,12.540000000000873,120,2025-11-14 10:46:00+00:00,4183.12,4187.3,0,2025-11-14 08:56:00+00:00,4170.579999999999,target_hit,12.540000000000873,True
-1,2025-11-14 09:15:00+00:00,2025-11-14 09:18:00+00:00,4172.89,breakout,4177.32,4159.600000000002,4.4299999999993815,13.289999999998145,120,2025-11-14 12:15:00+00:00,4172.89,4177.32,1,2025-11-14 11:09:00+00:00,4159.600000000002,target_hit,13.289999999998145,True
-1,2025-11-14 11:15:00+00:00,2025-11-14 11:16:00+00:00,4151.81,breakout,4158.01,4133.210000000001,6.199999999999818,18.599999999999454,120,2025-11-14 13:30:00+00:00,4151.81,4158.01,1,2025-11-14 11:40:00+00:00,4158.01,stop_loss,-6.199999999999818,False
-1,2025-11-14 12:00:00+00:00,2025-11-14 12:01:00+00:00,4145.57,breakout,4149.86,4132.7,4.289999999999964,12.86999999999989,120,2025-11-14 14:01:00+00:00,4145.57,4149.86,0,2025-11-14 12:02:00+00:00,4132.7,target_hit,12.86999999999989,True
-1,2025-11-14 12:45:00+00:00,2025-11-14 12:55:00+00:00,4110.71,breakout,4119.42,4084.58,8.710000000000036,26.13000000000011,120,2025-11-14 15:00:00+00:00,4110.71,4119.42,1,2025-11-14 13:14:00+00:00,4084.58,target_hit,26.13000000000011,True
-1,2025-11-14 13:15:00+00:00,2025-11-14 13:16:00+00:00,4109.35,breakout,4117.02,4086.34,7.670000000000073,23.01000000000022,120,2025-11-14 15:16:00+00:00,4109.35,4117.02,0,2025-11-14 13:17:00+00:00,4086.34,target_hit,23.01000000000022,True
-1,2025-11-14 14:00:00+00:00,2025-11-14 14:02:00+00:00,4041.42,breakout,4053.22,4006.020000000001,11.799999999999727,35.39999999999918,120,2025-11-14 16:02:00+00:00,4041.42,4053.22,0,2025-11-14 14:05:00+00:00,4053.22,stop_loss,-11.799999999999727,False
-1,2025-11-14 14:30:00+00:00,2025-11-14 14:32:00+00:00,4046.92,breakout,4051.18,4034.140000000001,4.2599999999997635,12.77999999999929,120,2025-11-14 16:32:00+00:00,4046.92,4051.18,0,2025-11-14 14:33:00+00:00,4034.140000000001,target_hit,12.77999999999929,True
-1,2025-11-14 15:15:00+00:00,2025-11-14 15:16:00+00:00,4077.58,breakout,4083.04,4061.2,5.460000000000036,16.38000000000011,120,2025-11-14 17:30:00+00:00,4077.58,4083.04,1,2025-11-14 15:40:00+00:00,4083.04,stop_loss,-5.460000000000036,False
-1,2025-11-14 15:45:00+00:00,2025-11-14 15:46:00+00:00,4076.39,breakout,4081.31,4061.6299999999997,4.920000000000073,14.760000000000218,120,2025-11-14 17:46:00+00:00,4076.39,4081.31,0,2025-11-14 15:47:00+00:00,4081.31,stop_loss,-4.920000000000073,False
1,2025-11-14 16:00:00+00:00,2025-11-14 16:01:00+00:00,4079.94,breakout,4074.25,4097.01,5.690000000000055,17.070000000000164,120,2025-11-14 18:01:00+00:00,4074.25,4079.94,0,2025-11-14 16:19:00+00:00,4097.01,target_hit,17.070000000000164,True
1,2025-11-14 16:30:00+00:00,2025-11-14 16:31:00+00:00,4087.96,breakout,4082.86,4103.26,5.099999999999909,15.299999999999727,120,2025-11-14 18:31:00+00:00,4082.86,4087.96,0,2025-11-14 16:38:00+00:00,4103.26,target_hit,15.300000000000182,True
1,2025-11-14 16:45:00+00:00,2025-11-14 16:46:00+00:00,4106.72,breakout,4100.83,4124.390000000001,5.890000000000327,17.670000000000982,120,2025-11-14 18:46:00+00:00,4100.83,4106.72,0,2025-11-14 17:07:00+00:00,4100.83,stop_loss,-5.890000000000327,False
-1,2025-11-14 17:15:00+00:00,2025-11-14 17:16:00+00:00,4101.42,breakout,4106.21,4087.05,4.789999999999964,14.36999999999989,120,2025-11-14 19:16:00+00:00,4101.42,4106.21,0,2025-11-14 17:35:00+00:00,4106.21,stop_loss,-4.789999999999964,False
-1,2025-11-14 18:00:00+00:00,2025-11-14 18:01:00+00:00,4100.37,breakout,4103.87,4089.87,3.5,10.5,120,2025-11-14 20:01:00+00:00,4100.37,4103.87,0,2025-11-14 18:03:00+00:00,4089.87,target_hit,10.5,True
-1,2025-11-14 18:15:00+00:00,2025-11-14 18:16:00+00:00,4090.74,breakout,4098.63,4067.069999999999,7.890000000000327,23.670000000000982,120,2025-11-14 20:30:00+00:00,4090.74,4098.63,1,2025-11-14 18:34:00+00:00,4098.63,stop_loss,-7.890000000000327,False
1,2025-11-14 18:45:00+00:00,2025-11-14 18:50:00+00:00,4098.23,breakout,4092.09,4116.649999999998,6.139999999999418,18.419999999998254,120,2025-11-14 21:00:00+00:00,4092.09,4098.23,1,2025-11-14 19:05:00+00:00,4092.09,stop_loss,-6.139999999999418,False
-1,2025-11-17 08:45:00+00:00,2025-11-17 08:47:00+00:00,4076.27,breakout,4081.46,4060.7,5.190000000000055,15.570000000000164,120,2025-11-17 11:00:00+00:00,4076.27,4081.46,1,2025-11-17 09:14:00+00:00,4081.46,stop_loss,-5.190000000000055,False
1,2025-11-17 10:15:00+00:00,2025-11-17 10:16:00+00:00,4086.69,breakout,4082.59,4098.99,4.099999999999909,12.299999999999727,120,2025-11-17 12:16:00+00:00,4082.59,4086.69,0,2025-11-17 10:30:00+00:00,4082.59,stop_loss,-4.099999999999909,False
1,2025-11-17 11:30:00+00:00,2025-11-17 11:34:00+00:00,4071.31,breakout,4067.94,4081.4199999999996,3.369999999999891,10.109999999999673,120,2025-11-17 13:34:00+00:00,4067.94,4071.31,0,2025-11-17 11:42:00+00:00,4081.4199999999996,target_hit,10.109999999999673,True
1,2025-11-17 11:45:00+00:00,2025-11-17 11:46:00+00:00,4071.07,breakout,4066.54,4084.6600000000008,4.5300000000002,13.5900000000006,120,2025-11-17 13:46:00+00:00,4066.54,4071.07,0,2025-11-17 11:52:00+00:00,4084.6600000000008,target_hit,13.5900000000006,True
-1,2025-11-17 13:30:00+00:00,2025-11-17 13:31:00+00:00,4080.52,breakout,4086.24,4063.3600000000006,5.7199999999998,17.1599999999994,120,2025-11-17 15:45:00+00:00,4080.52,4086.24,1,2025-11-17 13:50:00+00:00,4063.3600000000006,target_hit,17.1599999999994,True
-1,2025-11-17 14:00:00+00:00,2025-11-17 14:01:00+00:00,4065.18,breakout,4069.45,4052.37,4.269999999999982,12.809999999999945,120,2025-11-17 16:01:00+00:00,4065.18,4069.45,0,2025-11-17 14:07:00+00:00,4069.45,stop_loss,-4.269999999999982,False
-1,2025-11-17 14:30:00+00:00,2025-11-17 14:31:00+00:00,4067.26,breakout,4071.55,4054.3900000000003,4.289999999999964,12.86999999999989,120,2025-11-17 16:31:00+00:00,4067.26,4071.55,0,2025-11-17 14:34:00+00:00,4071.55,stop_loss,-4.289999999999964,False
1,2025-11-17 14:45:00+00:00,2025-11-17 14:46:00+00:00,4074.75,breakout,4068.62,4093.1400000000003,6.130000000000109,18.390000000000327,120,2025-11-17 16:46:00+00:00,4068.62,4074.75,0,2025-11-17 15:07:00+00:00,4068.62,stop_loss,-6.130000000000109,False
-1,2025-11-17 15:15:00+00:00,2025-11-17 15:16:00+00:00,4069.22,breakout,4076.9,4046.179999999999,7.680000000000291,23.040000000000873,120,2025-11-17 17:16:00+00:00,4069.22,4076.9,0,2025-11-17 15:38:00+00:00,4076.9,stop_loss,-7.680000000000291,False
-1,2025-11-17 15:45:00+00:00,2025-11-17 15:46:00+00:00,4074.11,breakout,4077.48,4064.0000000000005,3.369999999999891,10.109999999999673,120,2025-11-17 17:46:00+00:00,4074.11,4077.48,0,2025-11-17 15:59:00+00:00,4064.0000000000005,target_hit,10.109999999999673,True
1,2025-11-17 16:30:00+00:00,2025-11-17 16:31:00+00:00,4063.72,breakout,4059.13,4077.489999999999,4.589999999999691,13.769999999999072,120,2025-11-17 18:31:00+00:00,4059.13,4063.72,0,2025-11-17 17:18:00+00:00,4077.489999999999,target_hit,13.769999999999072,True
1,2025-11-17 19:15:00+00:00,2025-11-17 19:16:00+00:00,4061.76,breakout,4058.11,4072.7100000000005,3.650000000000091,10.950000000000273,120,2025-11-17 21:16:00+00:00,4058.11,4061.76,0,2025-11-17 19:26:00+00:00,4058.11,stop_loss,-3.650000000000091,False
-1,2025-11-17 19:45:00+00:00,2025-11-17 19:46:00+00:00,4043.43,breakout,4053.94,4011.899999999999,10.510000000000218,31.530000000000655,120,2025-11-17 21:46:00+00:00,4043.43,4053.94,0,2025-11-17 19:56:00+00:00,4011.899999999999,target_hit,31.530000000000655,True
-1,2025-11-17 20:00:00+00:00,2025-11-17 20:01:00+00:00,4016.13,breakout,4023.17,3995.01,7.039999999999964,21.11999999999989,120,2025-11-17 22:15:00+00:00,4016.13,4023.17,1,2025-11-17 20:17:00+00:00,4023.17,stop_loss,-7.039999999999964,False
1,2025-11-17 20:30:00+00:00,2025-11-17 20:31:00+00:00,4024.19,breakout,4019.84,4037.24,4.349999999999909,13.049999999999727,120,2025-11-17 22:31:00+00:00,4019.84,4024.19,0,2025-11-17 20:51:00+00:00,4037.24,target_hit,13.049999999999727,True
1,2025-11-18 08:00:00+00:00,2025-11-18 08:03:00+00:00,4014.93,breakout,4010.94,4026.899999999999,3.9899999999997817,11.969999999999345,120,2025-11-18 10:03:00+00:00,4010.94,4014.93,0,2025-11-18 08:14:00+00:00,4026.899999999999,target_hit,11.969999999999345,True
1,2025-11-18 08:15:00+00:00,2025-11-18 08:16:00+00:00,4016.72,breakout,4012.22,4030.22,4.5,13.5,120,2025-11-18 10:16:00+00:00,4012.22,4016.72,0,2025-11-18 08:33:00+00:00,4030.22,target_hit,13.5,True
1,2025-11-18 08:45:00+00:00,2025-11-18 08:46:00+00:00,4035.19,breakout,4029.49,4052.290000000001,5.700000000000273,17.10000000000082,120,2025-11-18 14:15:00+00:00,4029.49,4035.19,4,2025-11-18 12:57:00+00:00,4029.49,stop_loss,-5.700000000000273,False
1,2025-11-18 13:15:00+00:00,2025-11-18 13:16:00+00:00,4037.4,breakout,4031.16,4056.120000000001,6.2400000000002365,18.72000000000071,120,2025-11-18 15:30:00+00:00,4031.16,4037.4,1,2025-11-18 13:35:00+00:00,4056.120000000001,target_hit,18.72000000000071,True
1,2025-11-18 13:45:00+00:00,2025-11-18 13:46:00+00:00,4060.73,breakout,4053.72,4081.7600000000007,7.010000000000218,21.030000000000655,120,2025-11-18 16:30:00+00:00,4053.72,4060.73,3,2025-11-18 14:41:00+00:00,4081.7600000000007,target_hit,21.030000000000655,True
-1,2025-11-18 15:00:00+00:00,2025-11-18 15:01:00+00:00,4067.87,breakout,4073.94,4049.6599999999994,6.070000000000164,18.21000000000049,120,2025-11-18 17:30:00+00:00,4067.87,4073.94,2,2025-11-18 15:51:00+00:00,4049.6599999999994,target_hit,18.21000000000049,True
-1,2025-11-18 16:00:00+00:00,2025-11-18 16:01:00+00:00,4054.31,breakout,4059.64,4038.32,5.329999999999927,15.989999999999782,120,2025-11-18 18:15:00+00:00,4054.31,4059.64,1,2025-11-18 16:18:00+00:00,4059.64,stop_loss,-5.329999999999927,False
1,2025-11-18 16:30:00+00:00,2025-11-18 16:31:00+00:00,4057.64,breakout,4052.97,4071.65,4.670000000000073,14.010000000000218,120,2025-11-18 19:15:00+00:00,4052.97,4057.64,1,2025-11-18 17:37:00+00:00,4071.65,target_hit,14.010000000000218,True
1,2025-11-18 19:45:00+00:00,2025-11-18 19:47:00+00:00,4079.7,breakout,4075.49,4092.33,4.210000000000036,12.63000000000011,120,2025-11-18 21:47:00+00:00,4075.49,4079.7,0,2025-11-18 20:06:00+00:00,4075.49,stop_loss,-4.210000000000036,False
1,2025-11-19 09:45:00+00:00,2025-11-19 09:46:00+00:00,4097.21,breakout,4092.44,4111.52,4.769999999999982,14.309999999999945,120,2025-11-19 11:46:00+00:00,4092.44,4097.21,0,2025-11-19 09:57:00+00:00,4111.52,target_hit,14.3100000000004,True
1,2025-11-19 10:00:00+00:00,2025-11-19 10:01:00+00:00,4104.26,breakout,4098.41,4121.810000000001,5.850000000000364,17.55000000000109,120,2025-11-19 13:30:00+00:00,4098.41,4104.26,1,2025-11-19 13:30:00+00:00,4111.49,timeout,7.229999999999563,True
1,2025-11-19 13:30:00+00:00,2025-11-19 13:31:00+00:00,4107.38,breakout,4103.28,4119.680000000001,4.100000000000364,12.300000000001091,120,2025-11-19 15:45:00+00:00,4103.28,4107.38,1,2025-11-19 14:30:00+00:00,4103.28,stop_loss,-4.100000000000364,False
-1,2025-11-19 14:30:00+00:00,2025-11-19 14:31:00+00:00,4113.53,breakout,4118.39,4098.949999999998,4.860000000000582,14.580000000001746,120,2025-11-19 16:31:00+00:00,4113.53,4118.39,0,2025-11-19 14:54:00+00:00,4118.39,stop_loss,-4.860000000000582,False
1,2025-11-19 15:00:00+00:00,2025-11-19 15:01:00+00:00,4122.87,breakout,4117.55,4138.829999999999,5.319999999999709,15.959999999999127,120,2025-11-19 17:01:00+00:00,4117.55,4122.87,0,2025-11-19 15:29:00+00:00,4117.55,stop_loss,-5.319999999999709,False
-1,2025-11-19 15:30:00+00:00,2025-11-19 15:31:00+00:00,4119.08,breakout,4123.01,4107.289999999999,3.930000000000291,11.790000000000873,120,2025-11-19 17:31:00+00:00,4119.08,4123.01,0,2025-11-19 15:45:00+00:00,4107.289999999999,target_hit,11.790000000000873,True
-1,2025-11-19 16:00:00+00:00,2025-11-19 16:01:00+00:00,4104.16,breakout,4111.06,4083.459999999998,6.900000000000546,20.700000000001637,120,2025-11-19 18:15:00+00:00,4104.16,4111.06,1,2025-11-19 16:18:00+00:00,4083.459999999998,target_hit,20.700000000001637,True
-1,2025-11-19 16:30:00+00:00,2025-11-19 16:31:00+00:00,4089.71,breakout,4094.06,4076.6600000000003,4.349999999999909,13.049999999999727,120,2025-11-19 18:31:00+00:00,4089.71,4094.06,0,2025-11-19 16:32:00+00:00,4076.6600000000003,target_hit,13.049999999999727,True
-1,2025-11-19 17:15:00+00:00,2025-11-19 17:16:00+00:00,4062.84,breakout,4072.08,4035.120000000001,9.239999999999782,27.719999999999345,120,2025-11-19 19:16:00+00:00,4062.84,4072.08,0,2025-11-19 17:25:00+00:00,4072.08,stop_loss,-9.239999999999782,False
-1,2025-11-19 19:15:00+00:00,2025-11-19 19:16:00+00:00,4079.86,breakout,4088.78,4053.1,8.920000000000073,26.76000000000022,120,2025-11-19 21:30:00+00:00,4079.86,4088.78,1,2025-11-19 21:30:00+00:00,4078.15,timeout,1.7100000000000364,True
-1,2025-11-20 08:00:00+00:00,2025-11-20 08:03:00+00:00,4055.17,breakout,4060.07,4040.47,4.900000000000091,14.700000000000273,120,2025-11-20 10:03:00+00:00,4055.17,4060.07,0,2025-11-20 08:22:00+00:00,4040.47,target_hit,14.700000000000273,True
1,2025-11-20 08:45:00+00:00,2025-11-20 08:46:00+00:00,4048.09,breakout,4043.91,4060.630000000001,4.180000000000291,12.540000000000873,120,2025-11-20 10:46:00+00:00,4043.91,4048.09,0,2025-11-20 08:56:00+00:00,4060.630000000001,target_hit,12.540000000000873,True
1,2025-11-20 09:00:00+00:00,2025-11-20 09:01:00+00:00,4057.14,breakout,4052.75,4070.3099999999995,4.389999999999873,13.169999999999618,120,2025-11-20 11:01:00+00:00,4052.75,4057.14,0,2025-11-20 09:02:00+00:00,4070.3099999999995,target_hit,13.169999999999618,True
-1,2025-11-20 09:30:00+00:00,2025-11-20 09:31:00+00:00,4064.96,breakout,4068.77,4053.53,3.8099999999999454,11.429999999999836,120,2025-11-20 11:45:00+00:00,4064.96,4068.77,1,2025-11-20 09:53:00+00:00,4068.77,stop_loss,-3.8099999999999454,False
-1,2025-11-20 10:15:00+00:00,2025-11-20 10:23:00+00:00,4059.67,breakout,4063.48,4048.2400000000002,3.8099999999999454,11.429999999999836,120,2025-11-20 12:23:00+00:00,4059.67,4063.48,0,2025-11-20 10:25:00+00:00,4063.48,stop_loss,-3.8099999999999454,False
-1,2025-11-20 11:15:00+00:00,2025-11-20 11:16:00+00:00,4056.73,breakout,4060.92,4044.16,4.190000000000055,12.570000000000164,120,2025-11-20 13:30:00+00:00,4056.73,4060.92,1,2025-11-20 11:39:00+00:00,4060.92,stop_loss,-4.190000000000055,False
-1,2025-11-20 12:00:00+00:00,2025-11-20 12:01:00+00:00,4062.62,breakout,4067.02,4049.4199999999996,4.400000000000091,13.200000000000273,120,2025-11-20 14:01:00+00:00,4062.62,4067.02,0,2025-11-20 12:07:00+00:00,4067.02,stop_loss,-4.400000000000091,False
1,2025-11-20 12:15:00+00:00,2025-11-20 12:18:00+00:00,4072.89,breakout,4067.97,4087.65,4.920000000000073,14.760000000000218,120,2025-11-20 15:00:00+00:00,4067.97,4072.89,2,2025-11-20 13:01:00+00:00,4087.65,target_hit,14.760000000000218,True
1,2025-11-20 13:00:00+00:00,2025-11-20 13:01:00+00:00,4082.38,breakout,4078.72,4093.360000000001,3.6600000000003092,10.980000000000928,120,2025-11-20 15:01:00+00:00,4078.72,4082.38,0,2025-11-20 13:06:00+00:00,4093.360000000001,target_hit,10.980000000000928,True
-1,2025-11-20 13:30:00+00:00,2025-11-20 13:31:00+00:00,4085.9,breakout,4091.0,4070.6000000000004,5.099999999999909,15.299999999999727,120,2025-11-20 15:31:00+00:00,4085.9,4091.0,0,2025-11-20 13:38:00+00:00,4091.0,stop_loss,-5.099999999999909,False
-1,2025-11-20 14:00:00+00:00,2025-11-20 14:04:00+00:00,4075.69,breakout,4082.14,4056.3400000000006,6.449999999999818,19.349999999999454,120,2025-11-20 16:04:00+00:00,4075.69,4082.14,0,2025-11-20 14:11:00+00:00,4082.14,stop_loss,-6.449999999999818,False
1,2025-11-20 14:30:00+00:00,2025-11-20 14:34:00+00:00,4083.61,breakout,4078.23,4099.75,5.380000000000109,16.140000000000327,120,2025-11-20 16:34:00+00:00,4078.23,4083.61,0,2025-11-20 14:35:00+00:00,4078.23,stop_loss,-5.380000000000109,False
1,2025-11-20 15:00:00+00:00,2025-11-20 15:03:00+00:00,4094.78,breakout,4089.2,4111.520000000001,5.580000000000382,16.740000000001146,120,2025-11-20 17:03:00+00:00,4089.2,4094.78,0,2025-11-20 15:06:00+00:00,4089.2,stop_loss,-5.580000000000382,False
-1,2025-11-20 15:15:00+00:00,2025-11-20 15:20:00+00:00,4089.64,breakout,4095.09,4073.289999999999,5.450000000000273,16.35000000000082,120,2025-11-20 17:20:00+00:00,4089.64,4095.09,0,2025-11-20 15:26:00+00:00,4095.09,stop_loss,-5.450000000000273,False
1,2025-11-20 15:30:00+00:00,2025-11-20 15:31:00+00:00,4091.6,breakout,4087.09,4105.129999999999,4.5099999999997635,13.52999999999929,120,2025-11-20 17:31:00+00:00,4087.09,4091.6,0,2025-11-20 15:33:00+00:00,4087.09,stop_loss,-4.5099999999997635,False
-1,2025-11-20 15:45:00+00:00,2025-11-20 15:46:00+00:00,4091.83,breakout,4096.52,4077.7599999999984,4.690000000000509,14.070000000001528,120,2025-11-20 17:46:00+00:00,4091.83,4096.52,0,2025-11-20 15:57:00+00:00,4077.7599999999984,target_hit,14.070000000001528,True
-1,2025-11-20 16:30:00+00:00,2025-11-20 16:31:00+00:00,4072.72,breakout,4078.72,4054.72,6.0,18.0,120,2025-11-20 18:45:00+00:00,4072.72,4078.72,1,2025-11-20 16:55:00+00:00,4054.72,target_hit,18.0,True
1,2025-11-20 17:30:00+00:00,2025-11-20 17:31:00+00:00,4056.48,breakout,4050.48,4074.48,6.0,18.0,120,2025-11-20 19:31:00+00:00,4050.48,4056.48,0,2025-11-20 17:35:00+00:00,4050.48,stop_loss,-6.0,False
1,2025-11-20 17:45:00+00:00,2025-11-20 17:48:00+00:00,4060.29,breakout,4055.88,4073.5199999999995,4.4099999999998545,13.229999999999563,120,2025-11-20 20:45:00+00:00,4055.88,4060.29,2,2025-11-20 19:18:00+00:00,4073.5199999999995,target_hit,13.229999999999563,True
1,2025-11-20 19:30:00+00:00,2025-11-20 19:31:00+00:00,4077.78,breakout,4072.54,4093.500000000001,5.2400000000002365,15.72000000000071,120,2025-11-20 21:45:00+00:00,4072.54,4077.78,1,2025-11-20 21:45:00+00:00,4078.37,timeout,0.5899999999996908,True
1,2025-11-21 08:30:00+00:00,2025-11-21 08:31:00+00:00,4041.02,breakout,4036.68,4054.0400000000004,4.3400000000001455,13.020000000000437,120,2025-11-21 10:45:00+00:00,4036.68,4041.02,1,2025-11-21 09:13:00+00:00,4054.0400000000004,target_hit,13.020000000000437,True
1,2025-11-21 09:15:00+00:00,2025-11-21 09:16:00+00:00,4047.17,breakout,4041.67,4063.67,5.5,16.5,120,2025-11-21 12:00:00+00:00,4041.67,4047.17,1,2025-11-21 10:10:00+00:00,4041.67,stop_loss,-5.5,False
-1,2025-11-21 10:15:00+00:00,2025-11-21 10:16:00+00:00,4045.59,breakout,4050.77,4030.0500000000006,5.179999999999836,15.539999999999509,120,2025-11-21 12:45:00+00:00,4045.59,4050.77,1,2025-11-21 12:30:00+00:00,4050.77,stop_loss,-5.179999999999836,False
1,2025-11-21 12:45:00+00:00,2025-11-21 12:46:00+00:00,4057.29,breakout,4043.83,4097.67,13.460000000000036,40.38000000000011,120,2025-11-21 18:45:00+00:00,4043.83,4057.29,8,2025-11-21 16:55:00+00:00,4097.67,target_hit,40.38000000000011,True
1,2025-11-21 17:00:00+00:00,2025-11-21 17:01:00+00:00,4093.39,breakout,4082.53,4125.969999999999,10.859999999999673,32.57999999999902,120,2025-11-21 19:01:00+00:00,4082.53,4093.39,0,2025-11-21 17:15:00+00:00,4082.53,stop_loss,-10.859999999999673,False
-1,2025-11-21 17:15:00+00:00,2025-11-21 17:16:00+00:00,4095.28,breakout,4101.44,4076.800000000002,6.1599999999994,18.4799999999982,120,2025-11-21 20:15:00+00:00,4095.28,4101.44,2,2025-11-21 18:31:00+00:00,4076.800000000002,target_hit,18.4799999999982,True
1,2025-11-21 19:00:00+00:00,2025-11-21 19:01:00+00:00,4083.92,breakout,4080.42,4094.42,3.5,10.5,120,2025-11-21 21:01:00+00:00,4080.42,4083.92,0,2025-11-21 20:14:00+00:00,4080.42,stop_loss,-3.5,False
-1,2025-11-21 20:30:00+00:00,2025-11-21 20:31:00+00:00,4069.57,breakout,4081.98,4032.3400000000006,12.409999999999854,37.22999999999956,120,2025-11-21 22:45:00+00:00,4069.57,4081.98,1,2025-11-23 23:01:00+00:00,4072.28,timeout,-2.7100000000000364,False
-1,2025-11-24 08:00:00+00:00,2025-11-24 08:01:00+00:00,4064.02,breakout,4067.91,4052.3500000000004,3.8899999999998727,11.669999999999618,120,2025-11-24 10:01:00+00:00,4064.02,4067.91,0,2025-11-24 09:07:00+00:00,4067.91,stop_loss,-3.8899999999998727,False
1,2025-11-24 09:15:00+00:00,2025-11-24 09:20:00+00:00,4073.64,breakout,4069.59,4085.789999999999,4.049999999999727,12.149999999999181,120,2025-11-24 11:20:00+00:00,4069.59,4073.64,0,2025-11-24 09:22:00+00:00,4069.59,stop_loss,-4.049999999999727,False
-1,2025-11-24 14:30:00+00:00,2025-11-24 14:37:00+00:00,4073.99,breakout,4077.37,4063.8499999999995,3.380000000000109,10.140000000000327,120,2025-11-24 16:45:00+00:00,4073.99,4077.37,1,2025-11-24 14:47:00+00:00,4077.37,stop_loss,-3.380000000000109,False
1,2025-11-24 15:00:00+00:00,2025-11-24 15:01:00+00:00,4078.48,breakout,4074.87,4089.3100000000004,3.6100000000001273,10.830000000000382,120,2025-11-24 17:01:00+00:00,4074.87,4078.48,0,2025-11-24 15:05:00+00:00,4089.3100000000004,target_hit,10.830000000000382,True
1,2025-11-24 15:15:00+00:00,2025-11-24 15:16:00+00:00,4085.86,breakout,4081.38,4099.3,4.480000000000018,13.440000000000055,120,2025-11-24 18:45:00+00:00,4081.38,4085.86,1,2025-11-24 17:01:00+00:00,4099.3,target_hit,13.440000000000055,True
1,2025-11-24 18:45:00+00:00,2025-11-24 18:46:00+00:00,4103.97,breakout,4098.86,4119.300000000002,5.110000000000582,15.330000000001746,120,2025-11-24 20:46:00+00:00,4098.86,4103.97,0,2025-11-24 18:52:00+00:00,4119.300000000002,target_hit,15.330000000001746,True
1,2025-11-24 19:00:00+00:00,2025-11-24 19:01:00+00:00,4120.93,breakout,4115.69,4136.650000000002,5.240000000000691,15.720000000002074,120,2025-11-24 21:01:00+00:00,4115.69,4120.93,0,2025-11-24 19:15:00+00:00,4115.69,stop_loss,-5.240000000000691,False
1,2025-11-24 20:15:00+00:00,2025-11-24 20:18:00+00:00,4123.65,breakout,4119.43,4136.309999999998,4.219999999999345,12.659999999998035,120,2025-11-24 22:18:00+00:00,4119.43,4123.65,0,2025-11-24 21:42:00+00:00,4136.309999999998,target_hit,12.659999999998035,True
-1,2025-11-25 08:45:00+00:00,2025-11-25 08:46:00+00:00,4131.4,breakout,4136.09,4117.329999999998,4.690000000000509,14.070000000001528,120,2025-11-25 10:46:00+00:00,4131.4,4136.09,0,2025-11-25 08:52:00+00:00,4117.329999999998,target_hit,14.070000000001528,True
-1,2025-11-25 09:00:00+00:00,2025-11-25 09:01:00+00:00,4119.21,breakout,4124.61,4103.010000000001,5.399999999999636,16.19999999999891,120,2025-11-25 11:01:00+00:00,4119.21,4124.61,0,2025-11-25 09:06:00+00:00,4124.61,stop_loss,-5.399999999999636,False
1,2025-11-25 10:15:00+00:00,2025-11-25 10:16:00+00:00,4133.82,breakout,4129.29,4147.409999999999,4.529999999999745,13.589999999999236,120,2025-11-25 12:16:00+00:00,4129.29,4133.82,0,2025-11-25 10:25:00+00:00,4129.29,stop_loss,-4.529999999999745,False
1,2025-11-25 11:15:00+00:00,2025-11-25 11:16:00+00:00,4132.11,breakout,4127.81,4145.0099999999975,4.299999999999272,12.899999999997817,120,2025-11-25 14:00:00+00:00,4127.81,4132.11,1,2025-11-25 12:44:00+00:00,4127.81,stop_loss,-4.299999999999272,False
-1,2025-11-25 12:45:00+00:00,2025-11-25 12:46:00+00:00,4131.06,breakout,4136.44,4114.920000000003,5.3799999999992,16.1399999999976,120,2025-11-25 14:46:00+00:00,4131.06,4136.44,0,2025-11-25 13:08:00+00:00,4136.44,stop_loss,-5.3799999999992,False
1,2025-11-25 13:15:00+00:00,2025-11-25 13:16:00+00:00,4138.76,breakout,4135.05,4149.89,3.7100000000000364,11.13000000000011,120,2025-11-25 15:30:00+00:00,4135.05,4138.76,1,2025-11-25 13:38:00+00:00,4149.89,target_hit,11.13000000000011,True
1,2025-11-25 13:45:00+00:00,2025-11-25 13:50:00+00:00,4149.26,breakout,4141.05,4173.89,8.210000000000036,24.63000000000011,120,2025-11-25 15:50:00+00:00,4141.05,4149.26,0,2025-11-25 14:06:00+00:00,4141.05,stop_loss,-8.210000000000036,False
-1,2025-11-25 14:30:00+00:00,2025-11-25 14:31:00+00:00,4134.82,breakout,4140.58,4117.539999999999,5.760000000000218,17.280000000000655,120,2025-11-25 16:31:00+00:00,4134.82,4140.58,0,2025-11-25 14:45:00+00:00,4117.539999999999,target_hit,17.280000000000655,True
-1,2025-11-25 14:45:00+00:00,2025-11-25 14:46:00+00:00,4128.24,breakout,4135.01,4107.9299999999985,6.770000000000437,20.31000000000131,120,2025-11-25 18:00:00+00:00,4128.24,4135.01,2,2025-11-25 16:16:00+00:00,4135.01,stop_loss,-6.770000000000437,False
1,2025-11-25 16:15:00+00:00,2025-11-25 16:16:00+00:00,4128.96,breakout,4124.69,4141.770000000001,4.270000000000437,12.81000000000131,120,2025-11-25 18:30:00+00:00,4124.69,4128.96,1,2025-11-25 17:00:00+00:00,4141.770000000001,target_hit,12.81000000000131,True
1,2025-11-25 17:15:00+00:00,2025-11-25 17:16:00+00:00,4150.04,breakout,4135.78,4192.820000000001,14.260000000000218,42.780000000000655,120,2025-11-25 19:45:00+00:00,4135.78,4150.04,2,2025-11-25 18:38:00+00:00,4135.78,stop_loss,-14.260000000000218,False
-1,2025-11-25 19:30:00+00:00,2025-11-25 19:38:00+00:00,4129.45,breakout,4134.76,4113.519999999999,5.3100000000004,15.9300000000012,120,2025-11-25 21:38:00+00:00,4129.45,4134.76,0,2025-11-25 20:00:00+00:00,4134.76,stop_loss,-5.3100000000004,False
1,2025-11-26 08:15:00+00:00,2025-11-26 08:16:00+00:00,4164.65,breakout,4160.35,4177.549999999997,4.299999999999272,12.899999999997817,120,2025-11-26 10:16:00+00:00,4160.35,4164.65,0,2025-11-26 08:35:00+00:00,4160.35,stop_loss,-4.299999999999272,False
-1,2025-11-26 08:45:00+00:00,2025-11-26 08:46:00+00:00,4161.88,breakout,4165.21,4151.89,3.3299999999999272,9.989999999999782,120,2025-11-26 10:46:00+00:00,4161.88,4165.21,0,2025-11-26 10:27:00+00:00,4165.21,stop_loss,-3.3299999999999272,False
-1,2025-11-26 10:45:00+00:00,2025-11-26 10:46:00+00:00,4159.53,breakout,4163.75,4146.869999999999,4.220000000000255,12.660000000000764,120,2025-11-26 12:46:00+00:00,4159.53,4163.75,0,2025-11-26 11:21:00+00:00,4163.75,stop_loss,-4.220000000000255,False
-1,2025-11-26 12:30:00+00:00,2025-11-26 12:32:00+00:00,4162.11,breakout,4167.76,4145.159999999998,5.650000000000546,16.950000000001637,120,2025-11-26 15:45:00+00:00,4162.11,4167.76,4,2025-11-26 14:08:00+00:00,4145.159999999998,target_hit,16.950000000001637,True
-1,2025-11-26 14:15:00+00:00,2025-11-26 14:16:00+00:00,4148.83,breakout,4153.95,4133.47,5.119999999999891,15.359999999999673,120,2025-11-26 16:16:00+00:00,4148.83,4153.95,0,2025-11-26 14:36:00+00:00,4153.95,stop_loss,-5.119999999999891,False
1,2025-11-26 14:45:00+00:00,2025-11-26 14:47:00+00:00,4151.18,breakout,4147.13,4163.330000000001,4.050000000000182,12.150000000000546,120,2025-11-26 16:47:00+00:00,4147.13,4151.18,0,2025-11-26 14:57:00+00:00,4147.13,stop_loss,-4.050000000000182,False
-1,2025-11-26 15:00:00+00:00,2025-11-26 15:01:00+00:00,4143.49,breakout,4149.84,4124.439999999999,6.350000000000364,19.05000000000109,120,2025-11-26 17:01:00+00:00,4143.49,4149.84,0,2025-11-26 15:13:00+00:00,4149.84,stop_loss,-6.350000000000364,False
1,2025-11-26 15:45:00+00:00,2025-11-26 15:46:00+00:00,4160.39,breakout,4155.98,4173.620000000003,4.410000000000764,13.230000000002292,120,2025-11-26 17:46:00+00:00,4155.98,4160.39,0,2025-11-26 17:46:00+00:00,4169.07,timeout,8.679999999999382,True
-1,2025-11-26 18:45:00+00:00,2025-11-26 18:46:00+00:00,4159.2,breakout,4162.94,4147.9800000000005,3.7399999999997817,11.219999999999345,120,2025-11-26 20:46:00+00:00,4159.2,4162.94,0,2025-11-26 18:51:00+00:00,4162.94,stop_loss,-3.7399999999997817,False
-1,2025-11-27 09:15:00+00:00,2025-11-27 09:16:00+00:00,4159.38,breakout,4162.91,4148.790000000001,3.5299999999997453,10.589999999999236,120,2025-11-27 11:16:00+00:00,4159.38,4162.91,0,2025-11-27 09:23:00+00:00,4148.790000000001,target_hit,10.589999999999236,True
-1,2025-11-28 08:15:00+00:00,2025-11-28 08:20:00+00:00,4159.23,breakout,4180.59,4095.149999999998,21.360000000000582,64.08000000000175,120,2025-11-28 12:45:00+00:00,4159.23,4180.59,4,2025-11-28 11:25:00+00:00,4180.59,stop_loss,-21.360000000000582,False
-1,2025-11-28 11:30:00+00:00,2025-11-28 11:31:00+00:00,4173.21,breakout,4178.58,4157.1,5.369999999999891,16.109999999999673,120,2025-11-28 13:31:00+00:00,4173.21,4178.58,0,2025-11-28 11:33:00+00:00,4178.58,stop_loss,-5.369999999999891,False
1,2025-11-28 13:45:00+00:00,2025-11-28 13:47:00+00:00,4175.93,breakout,4171.51,4189.1900000000005,4.420000000000073,13.260000000000218,120,2025-11-28 16:00:00+00:00,4171.51,4175.93,1,2025-11-28 14:11:00+00:00,4189.1900000000005,target_hit,13.260000000000218,True
1,2025-11-28 14:15:00+00:00,2025-11-28 14:16:00+00:00,4187.29,breakout,4182.51,4201.629999999999,4.779999999999745,14.339999999999236,120,2025-11-28 16:16:00+00:00,4182.51,4187.29,0,2025-11-28 14:38:00+00:00,4201.629999999999,target_hit,14.339999999999236,True
1,2025-11-28 14:45:00+00:00,2025-11-28 14:46:00+00:00,4200.91,breakout,4196.83,4213.15,4.079999999999927,12.239999999999782,120,2025-11-28 16:46:00+00:00,4196.83,4200.91,0,2025-11-28 14:48:00+00:00,4196.83,stop_loss,-4.079999999999927,False
-1,2025-11-28 15:00:00+00:00,2025-11-28 15:01:00+00:00,4197.97,breakout,4202.26,4185.1,4.289999999999964,12.86999999999989,120,2025-11-28 17:15:00+00:00,4197.97,4202.26,1,2025-11-28 15:57:00+00:00,4202.26,stop_loss,-4.289999999999964,False
1,2025-12-01 10:15:00+00:00,2025-12-01 10:16:00+00:00,4259.63,breakout,4253.92,4276.76,5.710000000000036,17.13000000000011,120,2025-12-01 12:16:00+00:00,4253.92,4259.63,0,2025-12-01 10:21:00+00:00,4253.92,stop_loss,-5.710000000000036,False
-1,2025-12-01 11:00:00+00:00,2025-12-01 11:01:00+00:00,4254.23,breakout,4257.81,4243.489999999997,3.5800000000008367,10.74000000000251,120,2025-12-01 13:30:00+00:00,4254.23,4257.81,1,2025-12-01 11:43:00+00:00,4257.81,stop_loss,-3.5800000000008367,False
1,2025-12-01 12:30:00+00:00,2025-12-01 12:34:00+00:00,4253.42,breakout,4248.55,4268.03,4.869999999999891,14.609999999999673,120,2025-12-01 14:34:00+00:00,4248.55,4253.42,0,2025-12-01 12:49:00+00:00,4248.55,stop_loss,-4.869999999999891,False
1,2025-12-01 13:30:00+00:00,2025-12-01 13:31:00+00:00,4256.01,breakout,4250.62,4272.180000000001,5.390000000000327,16.170000000000982,120,2025-12-01 15:45:00+00:00,4250.62,4256.01,1,2025-12-01 13:59:00+00:00,4250.62,stop_loss,-5.390000000000327,False
-1,2025-12-01 14:00:00+00:00,2025-12-01 14:01:00+00:00,4255.25,breakout,4258.87,4244.39,3.619999999999891,10.859999999999673,120,2025-12-01 16:01:00+00:00,4255.25,4258.87,0,2025-12-01 14:02:00+00:00,4244.39,target_hit,10.859999999999673,True
-1,2025-12-01 14:45:00+00:00,2025-12-01 14:46:00+00:00,4239.96,breakout,4245.96,4221.96,6.0,18.0,120,2025-12-01 16:46:00+00:00,4239.96,4245.96,0,2025-12-01 15:19:00+00:00,4221.96,target_hit,18.0,True
-1,2025-12-01 15:30:00+00:00,2025-12-01 15:31:00+00:00,4225.51,breakout,4231.79,4206.670000000001,6.279999999999745,18.839999999999236,120,2025-12-01 17:31:00+00:00,4225.51,4231.79,0,2025-12-01 15:35:00+00:00,4231.79,stop_loss,-6.279999999999745,False
-1,2025-12-01 15:45:00+00:00,2025-12-01 15:47:00+00:00,4223.07,breakout,4229.53,4203.69,6.460000000000036,19.38000000000011,120,2025-12-01 17:47:00+00:00,4223.07,4229.53,0,2025-12-01 15:52:00+00:00,4229.53,stop_loss,-6.460000000000036,False
-1,2025-12-01 16:45:00+00:00,2025-12-01 16:48:00+00:00,4234.87,breakout,4240.56,4217.799999999998,5.690000000000509,17.070000000001528,120,2025-12-01 19:00:00+00:00,4234.87,4240.56,1,2025-12-01 18:27:00+00:00,4240.56,stop_loss,-5.690000000000509,False
-1,2025-12-01 19:45:00+00:00,2025-12-01 19:46:00+00:00,4235.57,breakout,4239.0,4225.279999999999,3.430000000000291,10.290000000000873,120,2025-12-01 21:46:00+00:00,4235.57,4239.0,0,2025-12-01 20:11:00+00:00,4239.0,stop_loss,-3.430000000000291,False
-1,2025-12-02 09:15:00+00:00,2025-12-02 09:16:00+00:00,4207.74,breakout,4212.06,4194.779999999998,4.3200000000006185,12.960000000001855,120,2025-12-02 11:16:00+00:00,4207.74,4212.06,0,2025-12-02 09:26:00+00:00,4194.779999999998,target_hit,12.960000000001855,True
-1,2025-12-02 09:30:00+00:00,2025-12-02 09:31:00+00:00,4205.22,breakout,4208.55,4195.2300000000005,3.3299999999999272,9.989999999999782,120,2025-12-02 11:31:00+00:00,4205.22,4208.55,0,2025-12-02 09:32:00+00:00,4195.2300000000005,target_hit,9.989999999999782,True
1,2025-12-02 14:15:00+00:00,2025-12-02 14:16:00+00:00,4218.25,breakout,4213.31,4233.069999999999,4.9399999999996,14.8199999999988,120,2025-12-02 16:16:00+00:00,4213.31,4218.25,0,2025-12-02 15:05:00+00:00,4213.31,stop_loss,-4.9399999999996,False
-1,2025-12-02 15:15:00+00:00,2025-12-02 15:16:00+00:00,4211.43,breakout,4217.97,4191.81,6.539999999999964,19.61999999999989,120,2025-12-02 17:16:00+00:00,4211.43,4217.97,0,2025-12-02 15:20:00+00:00,4191.81,target_hit,19.61999999999989,True
-1,2025-12-02 15:30:00+00:00,2025-12-02 15:31:00+00:00,4201.81,breakout,4208.6,4181.4400000000005,6.789999999999964,20.36999999999989,120,2025-12-02 17:31:00+00:00,4201.81,4208.6,0,2025-12-02 15:36:00+00:00,4181.4400000000005,target_hit,20.36999999999989,True
-1,2025-12-02 15:45:00+00:00,2025-12-02 15:48:00+00:00,4183.57,breakout,4190.38,4163.1399999999985,6.8100000000004,20.4300000000012,120,2025-12-02 18:30:00+00:00,4183.57,4190.38,2,2025-12-02 17:00:00+00:00,4190.38,stop_loss,-6.8100000000004,False
1,2025-12-02 17:15:00+00:00,2025-12-02 17:19:00+00:00,4191.6,breakout,4184.58,4212.660000000002,7.020000000000437,21.06000000000131,120,2025-12-02 19:19:00+00:00,4184.58,4191.6,0,2025-12-02 18:36:00+00:00,4184.58,stop_loss,-7.020000000000437,False
1,2025-12-02 18:45:00+00:00,2025-12-02 18:46:00+00:00,4187.37,breakout,4183.72,4198.319999999999,3.649999999999636,10.949999999998909,120,2025-12-02 20:46:00+00:00,4183.72,4187.37,0,2025-12-02 19:13:00+00:00,4198.319999999999,target_hit,10.949999999998909,True
1,2025-12-03 10:30:00+00:00,2025-12-03 10:31:00+00:00,4201.42,breakout,4197.83,4212.1900000000005,3.5900000000001455,10.770000000000437,120,2025-12-03 12:31:00+00:00,4197.83,4201.42,0,2025-12-03 10:51:00+00:00,4197.83,stop_loss,-3.5900000000001455,False
1,2025-12-03 13:30:00+00:00,2025-12-03 13:32:00+00:00,4221.26,breakout,4212.25,4248.290000000001,9.010000000000218,27.030000000000655,120,2025-12-03 16:45:00+00:00,4212.25,4221.26,2,2025-12-03 14:53:00+00:00,4212.25,stop_loss,-9.010000000000218,False
-1,2025-12-03 15:00:00+00:00,2025-12-03 15:01:00+00:00,4222.22,breakout,4227.32,4206.920000000002,5.099999999999454,15.299999999998363,120,2025-12-03 17:01:00+00:00,4222.22,4227.32,0,2025-12-03 15:02:00+00:00,4206.920000000002,target_hit,15.299999999998363,True
1,2025-12-03 15:15:00+00:00,2025-12-03 15:16:00+00:00,4213.58,breakout,4206.47,4234.909999999999,7.109999999999673,21.329999999999018,120,2025-12-03 17:16:00+00:00,4206.47,4213.58,0,2025-12-03 16:54:00+00:00,4206.47,stop_loss,-7.109999999999673,False
-1,2025-12-03 17:00:00+00:00,2025-12-03 17:01:00+00:00,4210.01,breakout,4215.98,4192.100000000002,5.969999999999345,17.909999999998035,120,2025-12-03 19:01:00+00:00,4210.01,4215.98,0,2025-12-03 19:01:00+00:00,4201.85,timeout,8.159999999999854,True
-1,2025-12-04 09:00:00+00:00,2025-12-04 09:01:00+00:00,4184.78,breakout,4188.62,4173.259999999999,3.8400000000001455,11.520000000000437,120,2025-12-04 11:01:00+00:00,4184.78,4188.62,0,2025-12-04 09:04:00+00:00,4188.62,stop_loss,-3.8400000000001455,False
-1,2025-12-04 13:15:00+00:00,2025-12-04 13:16:00+00:00,4187.62,breakout,4192.55,4172.829999999999,4.930000000000291,14.790000000000873,120,2025-12-04 15:16:00+00:00,4187.62,4192.55,0,2025-12-04 13:22:00+00:00,4192.55,stop_loss,-4.930000000000291,False
1,2025-12-04 13:30:00+00:00,2025-12-04 13:31:00+00:00,4189.55,breakout,4185.9,4200.500000000002,3.6500000000005457,10.950000000001637,120,2025-12-04 15:31:00+00:00,4185.9,4189.55,0,2025-12-04 14:03:00+00:00,4200.500000000002,target_hit,10.950000000001637,True
1,2025-12-04 15:00:00+00:00,2025-12-04 15:01:00+00:00,4202.35,breakout,4197.41,4217.170000000002,4.940000000000509,14.820000000001528,120,2025-12-04 17:01:00+00:00,4197.41,4202.35,0,2025-12-04 15:02:00+00:00,4197.41,stop_loss,-4.940000000000509,False
-1,2025-12-05 13:15:00+00:00,2025-12-05 13:16:00+00:00,4227.2,breakout,4232.0,4212.799999999999,4.800000000000182,14.400000000000546,120,2025-12-05 15:16:00+00:00,4227.2,4232.0,0,2025-12-05 13:28:00+00:00,4232.0,stop_loss,-4.800000000000182,False
1,2025-12-05 13:30:00+00:00,2025-12-05 13:31:00+00:00,4235.32,breakout,4230.43,4249.989999999998,4.889999999999418,14.669999999998254,120,2025-12-05 15:31:00+00:00,4230.43,4235.32,0,2025-12-05 13:48:00+00:00,4230.43,stop_loss,-4.889999999999418,False
1,2025-12-05 14:45:00+00:00,2025-12-05 14:46:00+00:00,4233.55,breakout,4228.42,4248.9400000000005,5.130000000000109,15.390000000000327,120,2025-12-05 16:46:00+00:00,4228.42,4233.55,0,2025-12-05 15:29:00+00:00,4248.9400000000005,target_hit,15.390000000000327,True
-1,2025-12-05 16:00:00+00:00,2025-12-05 16:01:00+00:00,4245.46,breakout,4249.68,4232.799999999999,4.220000000000255,12.660000000000764,120,2025-12-05 18:01:00+00:00,4245.46,4249.68,0,2025-12-05 16:09:00+00:00,4232.799999999999,target_hit,12.660000000000764,True
-1,2025-12-05 16:15:00+00:00,2025-12-05 16:16:00+00:00,4226.4,breakout,4236.44,4196.28,10.039999999999964,30.11999999999989,120,2025-12-05 19:45:00+00:00,4226.4,4236.44,2,2025-12-05 19:45:00+00:00,4205.17,timeout,21.229999999999563,True
1,2025-12-08 09:15:00+00:00,2025-12-08 09:18:00+00:00,4210.49,breakout,4207.16,4220.48,3.3299999999999272,9.989999999999782,120,2025-12-08 11:18:00+00:00,4207.16,4210.49,0,2025-12-08 09:22:00+00:00,4207.16,stop_loss,-3.3299999999999272,False
-1,2025-12-08 13:15:00+00:00,2025-12-08 13:17:00+00:00,4207.99,breakout,4215.0,4186.959999999999,7.010000000000218,21.030000000000655,120,2025-12-08 17:00:00+00:00,4207.99,4215.0,4,2025-12-08 15:05:00+00:00,4186.959999999999,target_hit,21.030000000000655,True
-1,2025-12-08 15:15:00+00:00,2025-12-08 15:16:00+00:00,4190.62,breakout,4197.04,4171.36,6.420000000000073,19.26000000000022,120,2025-12-08 18:00:00+00:00,4190.62,4197.04,1,2025-12-08 16:31:00+00:00,4197.04,stop_loss,-6.420000000000073,False
-1,2025-12-08 19:00:00+00:00,2025-12-08 19:04:00+00:00,4184.29,breakout,4189.12,4169.8,4.829999999999927,14.489999999999782,120,2025-12-08 21:04:00+00:00,4184.29,4189.12,0,2025-12-08 20:08:00+00:00,4189.12,stop_loss,-4.829999999999927,False
-1,2025-12-09 13:30:00+00:00,2025-12-09 13:31:00+00:00,4202.54,breakout,4207.6,4187.359999999999,5.0600000000004,15.1800000000012,120,2025-12-09 16:15:00+00:00,4202.54,4207.6,2,2025-12-09 14:51:00+00:00,4207.6,stop_loss,-5.0600000000004,False
-1,2025-12-09 15:15:00+00:00,2025-12-09 15:16:00+00:00,4197.49,breakout,4205.2,4174.36,7.710000000000036,23.13000000000011,120,2025-12-09 17:16:00+00:00,4197.49,4205.2,0,2025-12-09 15:24:00+00:00,4205.2,stop_loss,-7.710000000000036,False
-1,2025-12-09 15:45:00+00:00,2025-12-09 15:46:00+00:00,4202.81,breakout,4206.91,4190.510000000002,4.099999999999454,12.299999999998363,120,2025-12-09 17:46:00+00:00,4202.81,4206.91,0,2025-12-09 15:57:00+00:00,4206.91,stop_loss,-4.099999999999454,False
1,2025-12-09 16:00:00+00:00,2025-12-09 16:01:00+00:00,4211.97,breakout,4206.84,4227.360000000001,5.130000000000109,15.390000000000327,120,2025-12-09 18:15:00+00:00,4206.84,4211.97,1,2025-12-09 17:23:00+00:00,4206.84,stop_loss,-5.130000000000109,False
1,2025-12-10 14:45:00+00:00,2025-12-10 14:46:00+00:00,4197.29,breakout,4192.82,4210.700000000001,4.470000000000255,13.410000000000764,120,2025-12-10 16:46:00+00:00,4192.82,4197.29,0,2025-12-10 14:59:00+00:00,4192.82,stop_loss,-4.470000000000255,False
-1,2025-12-10 15:15:00+00:00,2025-12-10 15:16:00+00:00,4195.22,breakout,4198.61,4185.050000000002,3.389999999999418,10.169999999998254,120,2025-12-10 17:30:00+00:00,4195.22,4198.61,1,2025-12-10 15:36:00+00:00,4198.61,stop_loss,-3.389999999999418,False
1,2025-12-10 19:15:00+00:00,2025-12-10 19:16:00+00:00,4214.08,breakout,4188.69,4290.250000000001,25.390000000000327,76.17000000000098,120,2025-12-10 21:16:00+00:00,4188.69,4214.08,0,2025-12-10 19:41:00+00:00,4188.69,stop_loss,-25.390000000000327,False
1,2025-12-10 20:00:00+00:00,2025-12-10 20:01:00+00:00,4194.34,breakout,4186.52,4217.799999999999,7.819999999999709,23.459999999999127,120,2025-12-10 22:01:00+00:00,4186.52,4194.34,0,2025-12-10 20:02:00+00:00,4217.799999999999,target_hit,23.459999999999127,True
1,2025-12-10 20:45:00+00:00,2025-12-10 20:46:00+00:00,4234.03,breakout,4230.06,4245.939999999998,3.969999999999345,11.909999999998035,120,2025-12-10 22:46:00+00:00,4230.06,4234.03,0,2025-12-10 20:53:00+00:00,4230.06,stop_loss,-3.969999999999345,False
-1,2025-12-11 13:15:00+00:00,2025-12-11 13:16:00+00:00,4217.71,breakout,4222.29,4203.97,4.579999999999927,13.739999999999782,120,2025-12-11 15:45:00+00:00,4217.71,4222.29,2,2025-12-11 13:49:00+00:00,4222.29,stop_loss,-4.579999999999927,False
1,2025-12-11 14:15:00+00:00,2025-12-11 14:16:00+00:00,4224.25,breakout,4219.51,4238.469999999999,4.739999999999782,14.219999999999345,120,2025-12-11 16:16:00+00:00,4219.51,4224.25,0,2025-12-11 14:35:00+00:00,4238.469999999999,target_hit,14.219999999999345,True
-1,2025-12-11 15:00:00+00:00,2025-12-11 15:01:00+00:00,4239.23,breakout,4244.68,4222.879999999997,5.450000000000728,16.350000000002183,120,2025-12-11 17:01:00+00:00,4239.23,4244.68,0,2025-12-11 15:33:00+00:00,4244.68,stop_loss,-5.450000000000728,False
1,2025-12-11 15:45:00+00:00,2025-12-11 15:46:00+00:00,4244.48,breakout,4240.14,4257.499999999997,4.339999999999236,13.019999999997708,120,2025-12-11 17:46:00+00:00,4240.14,4244.48,0,2025-12-11 15:50:00+00:00,4257.499999999997,target_hit,13.019999999997708,True
1,2025-12-11 16:30:00+00:00,2025-12-11 16:37:00+00:00,4260.57,breakout,4257.04,4271.159999999999,3.5299999999997453,10.589999999999236,120,2025-12-11 18:37:00+00:00,4257.04,4260.57,0,2025-12-11 16:48:00+00:00,4271.159999999999,target_hit,10.589999999999236,True
1,2025-12-11 17:00:00+00:00,2025-12-11 17:01:00+00:00,4270.49,breakout,4262.1,4295.659999999998,8.389999999999418,25.169999999998254,120,2025-12-11 19:30:00+00:00,4262.1,4270.49,1,2025-12-11 19:30:00+00:00,4273.74,timeout,3.25,True
-1,2025-12-11 20:15:00+00:00,2025-12-11 20:17:00+00:00,4268.48,breakout,4272.27,4257.109999999997,3.790000000000873,11.37000000000262,120,2025-12-11 22:17:00+00:00,4268.48,4272.27,0,2025-12-11 20:33:00+00:00,4272.27,stop_loss,-3.790000000000873,False
1,2025-12-12 08:15:00+00:00,2025-12-12 08:16:00+00:00,4295.62,breakout,4291.79,4307.11,3.8299999999999272,11.489999999999782,120,2025-12-12 10:16:00+00:00,4291.79,4295.62,0,2025-12-12 08:19:00+00:00,4291.79,stop_loss,-3.8299999999999272,False
1,2025-12-12 09:45:00+00:00,2025-12-12 09:48:00+00:00,4313.06,breakout,4308.91,4325.510000000002,4.150000000000546,12.450000000001637,120,2025-12-12 12:30:00+00:00,4308.91,4313.06,2,2025-12-12 10:40:00+00:00,4325.510000000002,target_hit,12.450000000001637,True
1,2025-12-12 10:45:00+00:00,2025-12-12 10:46:00+00:00,4323.71,breakout,4319.92,4335.08,3.7899999999999636,11.36999999999989,120,2025-12-12 12:46:00+00:00,4319.92,4323.71,0,2025-12-12 11:05:00+00:00,4335.08,target_hit,11.36999999999989,True
-1,2025-12-12 12:15:00+00:00,2025-12-12 12:16:00+00:00,4335.03,breakout,4338.43,4324.829999999998,3.4000000000005457,10.200000000001637,120,2025-12-12 14:16:00+00:00,4335.03,4338.43,0,2025-12-12 12:49:00+00:00,4324.829999999998,target_hit,10.200000000001637,True
-1,2025-12-12 14:30:00+00:00,2025-12-12 14:31:00+00:00,4340.23,breakout,4344.63,4327.029999999998,4.400000000000546,13.200000000001637,120,2025-12-12 16:31:00+00:00,4340.23,4344.63,0,2025-12-12 14:40:00+00:00,4344.63,stop_loss,-4.400000000000546,False
-1,2025-12-12 15:00:00+00:00,2025-12-12 15:01:00+00:00,4346.48,breakout,4351.64,4330.999999999997,5.160000000000764,15.480000000002292,120,2025-12-12 17:15:00+00:00,4346.48,4351.64,1,2025-12-12 15:18:00+00:00,4330.999999999997,target_hit,15.480000000002292,True
-1,2025-12-12 15:30:00+00:00,2025-12-12 15:31:00+00:00,4335.83,breakout,4341.99,4317.35,6.1599999999998545,18.479999999999563,120,2025-12-12 17:31:00+00:00,4335.83,4341.99,0,2025-12-12 15:32:00+00:00,4317.35,target_hit,18.479999999999563,True
1,2025-12-12 15:45:00+00:00,2025-12-12 15:46:00+00:00,4305.56,breakout,4295.29,4336.370000000002,10.270000000000437,30.81000000000131,120,2025-12-12 17:46:00+00:00,4295.29,4305.56,0,2025-12-12 15:55:00+00:00,4295.29,stop_loss,-10.270000000000437,False
-1,2025-12-12 16:15:00+00:00,2025-12-12 16:16:00+00:00,4284.02,breakout,4291.96,4260.200000000002,7.9399999999996,23.8199999999988,120,2025-12-12 18:16:00+00:00,4284.02,4291.96,0,2025-12-12 16:28:00+00:00,4291.96,stop_loss,-7.9399999999996,False
-1,2025-12-12 16:30:00+00:00,2025-12-12 16:34:00+00:00,4283.66,breakout,4288.45,4269.29,4.789999999999964,14.36999999999989,120,2025-12-12 18:34:00+00:00,4283.66,4288.45,0,2025-12-12 16:38:00+00:00,4269.29,target_hit,14.36999999999989,True
-1,2025-12-12 16:45:00+00:00,2025-12-12 16:46:00+00:00,4277.84,breakout,4285.81,4253.929999999999,7.970000000000255,23.910000000000764,120,2025-12-12 19:15:00+00:00,4277.84,4285.81,1,2025-12-12 17:21:00+00:00,4285.81,stop_loss,-7.970000000000255,False
1,2025-12-12 17:30:00+00:00,2025-12-12 17:31:00+00:00,4278.61,breakout,4273.02,4295.379999999997,5.589999999999236,16.769999999997708,120,2025-12-12 19:31:00+00:00,4273.02,4278.61,0,2025-12-12 17:42:00+00:00,4295.379999999997,target_hit,16.769999999997708,True
1,2025-12-12 17:45:00+00:00,2025-12-12 17:46:00+00:00,4290.29,breakout,4285.05,4306.009999999999,5.239999999999782,15.719999999999345,120,2025-12-12 20:45:00+00:00,4285.05,4290.29,1,2025-12-12 20:45:00+00:00,4299.01,timeout,8.720000000000255,True
-1,2025-12-15 10:30:00+00:00,2025-12-15 10:31:00+00:00,4342.02,breakout,4348.39,4322.910000000001,6.369999999999891,19.109999999999673,120,2025-12-15 12:31:00+00:00,4342.02,4348.39,0,2025-12-15 12:31:00+00:00,4346.63,timeout,-4.609999999999673,False
-1,2025-12-15 13:15:00+00:00,2025-12-15 13:16:00+00:00,4340.6,breakout,4344.11,4330.070000000002,3.509999999999309,10.529999999997926,120,2025-12-15 15:16:00+00:00,4340.6,4344.11,0,2025-12-15 13:49:00+00:00,4344.11,stop_loss,-3.509999999999309,False
-1,2025-12-15 14:00:00+00:00,2025-12-15 14:01:00+00:00,4336.01,breakout,4339.68,4325.0,3.6700000000000728,11.010000000000218,120,2025-12-15 16:01:00+00:00,4336.01,4339.68,0,2025-12-15 14:20:00+00:00,4325.0,target_hit,11.010000000000218,True
-1,2025-12-15 14:45:00+00:00,2025-12-15 14:53:00+00:00,4320.64,breakout,4324.74,4308.340000000002,4.099999999999454,12.299999999998363,120,2025-12-15 16:53:00+00:00,4320.64,4324.74,0,2025-12-15 14:58:00+00:00,4324.74,stop_loss,-4.099999999999454,False
-1,2025-12-15 15:00:00+00:00,2025-12-15 15:01:00+00:00,4324.81,breakout,4330.08,4309.000000000002,5.269999999999527,15.809999999998581,120,2025-12-15 18:00:00+00:00,4324.81,4330.08,3,2025-12-15 16:04:00+00:00,4309.000000000002,target_hit,15.809999999998581,True
-1,2025-12-15 16:15:00+00:00,2025-12-15 16:16:00+00:00,4312.48,breakout,4316.57,4300.209999999999,4.0900000000001455,12.270000000000437,120,2025-12-15 18:16:00+00:00,4312.48,4316.57,0,2025-12-15 16:17:00+00:00,4300.209999999999,target_hit,12.270000000000437,True
-1,2025-12-15 16:30:00+00:00,2025-12-15 16:31:00+00:00,4299.86,breakout,4305.08,4284.199999999999,5.220000000000255,15.660000000000764,120,2025-12-15 19:00:00+00:00,4299.86,4305.08,2,2025-12-15 17:42:00+00:00,4305.08,stop_loss,-5.220000000000255,False
-1,2025-12-15 18:15:00+00:00,2025-12-15 18:24:00+00:00,4301.49,breakout,4305.4,4289.76,3.9099999999998545,11.729999999999563,120,2025-12-15 20:24:00+00:00,4301.49,4305.4,0,2025-12-15 18:29:00+00:00,4305.4,stop_loss,-3.9099999999998545,False
1,2025-12-15 18:30:00+00:00,2025-12-15 18:33:00+00:00,4306.71,breakout,4301.93,4321.049999999999,4.779999999999745,14.339999999999236,120,2025-12-15 20:33:00+00:00,4301.93,4306.71,0,2025-12-15 20:23:00+00:00,4301.93,stop_loss,-4.779999999999745,False
-1,2025-12-15 20:30:00+00:00,2025-12-15 20:32:00+00:00,4304.46,breakout,4310.03,4287.750000000001,5.569999999999709,16.709999999999127,120,2025-12-15 22:32:00+00:00,4304.46,4310.03,0,2025-12-15 23:01:00+00:00,4308.75,timeout,-4.289999999999964,False
-1,2025-12-16 08:15:00+00:00,2025-12-16 08:16:00+00:00,4280.89,breakout,4284.73,4269.370000000003,3.839999999999236,11.519999999997708,120,2025-12-16 10:16:00+00:00,4280.89,4284.73,0,2025-12-16 08:45:00+00:00,4284.73,stop_loss,-3.839999999999236,False
1,2025-12-16 12:15:00+00:00,2025-12-16 12:16:00+00:00,4282.58,breakout,4278.42,4295.0599999999995,4.1599999999998545,12.479999999999563,120,2025-12-16 14:16:00+00:00,4278.42,4282.58,0,2025-12-16 12:46:00+00:00,4295.0599999999995,target_hit,12.479999999999563,True
1,2025-12-16 13:45:00+00:00,2025-12-16 13:55:00+00:00,4307.78,breakout,4300.59,4329.3499999999985,7.1899999999996,21.5699999999988,120,2025-12-16 16:15:00+00:00,4300.59,4307.78,1,2025-12-16 14:22:00+00:00,4329.3499999999985,target_hit,21.5699999999988,True
1,2025-12-16 14:30:00+00:00,2025-12-16 14:31:00+00:00,4324.06,breakout,4318.15,4341.790000000003,5.910000000000764,17.730000000002292,120,2025-12-16 17:15:00+00:00,4318.15,4324.06,2,2025-12-16 15:18:00+00:00,4318.15,stop_loss,-5.910000000000764,False
1,2025-12-16 15:45:00+00:00,2025-12-16 15:46:00+00:00,4326.43,breakout,4322.2,4339.120000000002,4.230000000000473,12.690000000001419,120,2025-12-16 17:46:00+00:00,4322.2,4326.43,0,2025-12-16 15:57:00+00:00,4322.2,stop_loss,-4.230000000000473,False
-1,2025-12-16 16:30:00+00:00,2025-12-16 16:31:00+00:00,4310.44,breakout,4315.72,4294.599999999998,5.280000000000655,15.840000000001965,120,2025-12-16 18:31:00+00:00,4310.44,4315.72,0,2025-12-16 16:38:00+00:00,4294.599999999998,target_hit,15.840000000001965,True
-1,2025-12-16 16:45:00+00:00,2025-12-16 16:46:00+00:00,4302.7,breakout,4307.82,4287.34,5.119999999999891,15.359999999999673,120,2025-12-16 18:46:00+00:00,4302.7,4307.82,0,2025-12-16 17:06:00+00:00,4307.82,stop_loss,-5.119999999999891,False
1,2025-12-16 17:15:00+00:00,2025-12-16 17:16:00+00:00,4304.52,breakout,4300.52,4316.52,4.0,12.0,120,2025-12-16 19:16:00+00:00,4300.52,4304.52,0,2025-12-16 17:28:00+00:00,4300.52,stop_loss,-4.0,False
-1,2025-12-17 08:15:00+00:00,2025-12-17 08:16:00+00:00,4316.43,breakout,4320.23,4305.0300000000025,3.7999999999992724,11.399999999997817,120,2025-12-17 10:16:00+00:00,4316.43,4320.23,0,2025-12-17 08:50:00+00:00,4320.23,stop_loss,-3.7999999999992724,False
-1,2025-12-17 10:45:00+00:00,2025-12-17 10:46:00+00:00,4313.33,breakout,4317.09,4302.049999999999,3.7600000000002183,11.280000000000655,120,2025-12-17 12:46:00+00:00,4313.33,4317.09,0,2025-12-17 10:49:00+00:00,4317.09,stop_loss,-3.7600000000002183,False
1,2025-12-17 13:15:00+00:00,2025-12-17 13:16:00+00:00,4322.07,breakout,4318.17,4333.769999999999,3.899999999999636,11.699999999998909,120,2025-12-17 15:16:00+00:00,4318.17,4322.07,0,2025-12-17 13:30:00+00:00,4333.769999999999,target_hit,11.699999999998909,True
1,2025-12-17 13:45:00+00:00,2025-12-17 13:46:00+00:00,4335.09,breakout,4328.16,4355.880000000001,6.930000000000291,20.790000000000873,120,2025-12-17 15:46:00+00:00,4328.16,4335.09,0,2025-12-17 14:14:00+00:00,4328.16,stop_loss,-6.930000000000291,False
-1,2025-12-17 14:15:00+00:00,2025-12-17 14:16:00+00:00,4338.82,breakout,4342.99,4326.3099999999995,4.170000000000073,12.510000000000218,120,2025-12-17 16:16:00+00:00,4338.82,4342.99,0,2025-12-17 14:17:00+00:00,4326.3099999999995,target_hit,12.510000000000218,True
1,2025-12-17 14:30:00+00:00,2025-12-17 14:31:00+00:00,4331.43,breakout,4327.94,4341.900000000002,3.490000000000691,10.470000000002074,120,2025-12-17 16:45:00+00:00,4327.94,4331.43,1,2025-12-17 14:47:00+00:00,4341.900000000002,target_hit,10.470000000002074,True
-1,2025-12-17 15:30:00+00:00,2025-12-17 15:36:00+00:00,4337.36,breakout,4342.1,4323.139999999998,4.740000000000691,14.220000000002074,120,2025-12-17 17:45:00+00:00,4337.36,4342.1,1,2025-12-17 16:23:00+00:00,4323.139999999998,target_hit,14.220000000002074,True
-1,2025-12-17 16:30:00+00:00,2025-12-17 16:31:00+00:00,4324.69,breakout,4332.16,4302.279999999999,7.470000000000255,22.410000000000764,120,2025-12-17 18:31:00+00:00,4324.69,4332.16,0,2025-12-17 16:44:00+00:00,4332.16,stop_loss,-7.470000000000255,False
1,2025-12-17 16:45:00+00:00,2025-12-17 16:46:00+00:00,4328.6,breakout,4324.59,4340.630000000001,4.010000000000218,12.030000000000655,120,2025-12-17 18:46:00+00:00,4324.59,4328.6,0,2025-12-17 17:34:00+00:00,4340.630000000001,target_hit,12.030000000000655,True
-1,2025-12-17 18:45:00+00:00,2025-12-17 18:47:00+00:00,4330.74,breakout,4334.8,4318.559999999999,4.0600000000004,12.1800000000012,120,2025-12-17 20:47:00+00:00,4330.74,4334.8,0,2025-12-17 18:56:00+00:00,4334.8,stop_loss,-4.0600000000004,False
-1,2025-12-18 13:15:00+00:00,2025-12-18 13:16:00+00:00,4320.11,breakout,4324.13,4308.049999999998,4.020000000000437,12.06000000000131,120,2025-12-18 15:16:00+00:00,4320.11,4324.13,0,2025-12-18 13:30:00+00:00,4324.13,stop_loss,-4.020000000000437,False
1,2025-12-18 13:30:00+00:00,2025-12-18 13:31:00+00:00,4324.04,breakout,4320.42,4334.9,3.619999999999891,10.859999999999673,120,2025-12-18 15:31:00+00:00,4320.42,4324.04,0,2025-12-18 13:40:00+00:00,4334.9,target_hit,10.859999999999673,True
1,2025-12-18 13:45:00+00:00,2025-12-18 13:47:00+00:00,4338.05,breakout,4319.87,4392.590000000001,18.18000000000029,54.54000000000087,120,2025-12-18 15:47:00+00:00,4319.87,4338.05,0,2025-12-18 14:41:00+00:00,4319.87,stop_loss,-18.18000000000029,False
-1,2025-12-18 15:15:00+00:00,2025-12-18 15:16:00+00:00,4330.98,breakout,4334.98,4318.98,4.0,12.0,120,2025-12-18 17:16:00+00:00,4330.98,4334.98,0,2025-12-18 15:31:00+00:00,4334.98,stop_loss,-4.0,False
1,2025-12-18 15:30:00+00:00,2025-12-18 15:31:00+00:00,4330.33,breakout,4325.83,4343.83,4.5,13.5,120,2025-12-18 17:31:00+00:00,4325.83,4330.33,0,2025-12-18 16:02:00+00:00,4343.83,target_hit,13.5,True
1,2025-12-18 16:15:00+00:00,2025-12-18 16:16:00+00:00,4342.24,breakout,4337.86,4355.38,4.380000000000109,13.140000000000327,120,2025-12-18 18:16:00+00:00,4337.86,4342.24,0,2025-12-18 16:17:00+00:00,4355.38,target_hit,13.140000000000327,True
1,2025-12-18 16:30:00+00:00,2025-12-18 16:35:00+00:00,4369.53,breakout,4362.15,4391.67,7.380000000000109,22.140000000000327,120,2025-12-18 18:35:00+00:00,4362.15,4369.53,0,2025-12-18 16:52:00+00:00,4362.15,stop_loss,-7.380000000000109,False
-1,2025-12-18 17:00:00+00:00,2025-12-18 17:01:00+00:00,4360.64,breakout,4364.51,4349.030000000001,3.869999999999891,11.609999999999673,120,2025-12-18 19:01:00+00:00,4360.64,4364.51,0,2025-12-18 17:06:00+00:00,4349.030000000001,target_hit,11.609999999999673,True
1,2025-12-18 17:45:00+00:00,2025-12-18 17:46:00+00:00,4332.34,breakout,4326.83,4348.870000000001,5.510000000000218,16.530000000000655,120,2025-12-18 19:46:00+00:00,4326.83,4332.34,0,2025-12-18 17:52:00+00:00,4326.83,stop_loss,-5.510000000000218,False
-1,2025-12-18 18:30:00+00:00,2025-12-18 18:31:00+00:00,4336.94,breakout,4341.54,4323.1399999999985,4.600000000000364,13.800000000001091,120,2025-12-18 21:00:00+00:00,4336.94,4341.54,1,2025-12-18 19:53:00+00:00,4323.1399999999985,target_hit,13.800000000001091,True
-1,2025-12-19 15:30:00+00:00,2025-12-19 15:31:00+00:00,4342.09,breakout,4346.75,4328.110000000001,4.6599999999998545,13.979999999999563,120,2025-12-19 17:31:00+00:00,4342.09,4346.75,0,2025-12-19 15:58:00+00:00,4346.75,stop_loss,-4.6599999999998545,False
-1,2025-12-22 15:15:00+00:00,2025-12-22 15:16:00+00:00,4415.77,breakout,4419.75,4403.830000000002,3.9799999999995634,11.93999999999869,120,2025-12-22 17:16:00+00:00,4415.77,4419.75,0,2025-12-22 15:20:00+00:00,4419.75,stop_loss,-3.9799999999995634,False
1,2025-12-22 15:45:00+00:00,2025-12-22 15:46:00+00:00,4421.98,breakout,4417.42,4435.659999999998,4.559999999999491,13.679999999998472,120,2025-12-22 17:46:00+00:00,4417.42,4421.98,0,2025-12-22 15:57:00+00:00,4435.659999999998,target_hit,13.679999999998472,True
1,2025-12-22 16:00:00+00:00,2025-12-22 16:04:00+00:00,4431.62,breakout,4427.63,4443.589999999999,3.9899999999997817,11.969999999999345,120,2025-12-22 18:45:00+00:00,4427.63,4431.62,2,2025-12-22 18:45:00+00:00,4432.36,timeout,0.7399999999997817,True
-1,2025-12-23 14:00:00+00:00,2025-12-23 14:01:00+00:00,4476.79,breakout,4487.05,4446.009999999999,10.260000000000218,30.780000000000655,120,2025-12-23 16:45:00+00:00,4476.79,4487.05,3,2025-12-23 14:58:00+00:00,4446.009999999999,target_hit,30.780000000000655,True
-1,2025-12-23 15:30:00+00:00,2025-12-23 15:31:00+00:00,4446.21,breakout,4450.88,4432.2,4.670000000000073,14.010000000000218,120,2025-12-23 17:31:00+00:00,4446.21,4450.88,0,2025-12-23 15:38:00+00:00,4450.88,stop_loss,-4.670000000000073,False
1,2025-12-23 15:45:00+00:00,2025-12-23 15:46:00+00:00,4448.57,breakout,4444.29,4461.409999999999,4.279999999999745,12.839999999999236,120,2025-12-23 18:00:00+00:00,4444.29,4448.57,1,2025-12-23 16:11:00+00:00,4461.409999999999,target_hit,12.839999999999236,True
1,2025-12-23 19:15:00+00:00,2025-12-23 19:16:00+00:00,4491.15,breakout,4485.32,4508.639999999999,5.829999999999927,17.48999999999978,120,2025-12-23 21:16:00+00:00,4485.32,4491.15,0,2025-12-23 21:16:00+00:00,4491.6,timeout,0.4500000000007276,True
-1,2025-12-24 13:30:00+00:00,2025-12-24 13:31:00+00:00,4479.87,breakout,4485.24,4463.76,5.369999999999891,16.109999999999673,120,2025-12-24 15:31:00+00:00,4479.87,4485.24,0,2025-12-24 13:37:00+00:00,4485.24,stop_loss,-5.369999999999891,False
-1,2025-12-24 14:45:00+00:00,2025-12-24 14:46:00+00:00,4479.69,breakout,4485.7,4461.659999999999,6.010000000000218,18.030000000000655,120,2025-12-24 16:46:00+00:00,4479.69,4485.7,0,2025-12-24 14:57:00+00:00,4461.659999999999,target_hit,18.030000000000655,True
-1,2025-12-24 15:00:00+00:00,2025-12-24 15:01:00+00:00,4477.54,breakout,4481.77,4464.8499999999985,4.230000000000473,12.690000000001419,120,2025-12-24 17:01:00+00:00,4477.54,4481.77,0,2025-12-24 15:02:00+00:00,4464.8499999999985,target_hit,12.690000000001419,True
1,2025-12-24 15:15:00+00:00,2025-12-24 15:16:00+00:00,4470.67,breakout,4463.46,4492.3,7.210000000000036,21.63000000000011,120,2025-12-24 17:16:00+00:00,4463.46,4470.67,0,2025-12-24 15:24:00+00:00,4463.46,stop_loss,-7.210000000000036,False
-1,2025-12-24 15:30:00+00:00,2025-12-24 15:32:00+00:00,4466.78,breakout,4472.5,4449.619999999999,5.720000000000255,17.160000000000764,120,2025-12-24 17:45:00+00:00,4466.78,4472.5,1,2025-12-24 15:47:00+00:00,4449.619999999999,target_hit,17.160000000000764,True
1,2025-12-24 16:15:00+00:00,2025-12-24 16:16:00+00:00,4461.3,breakout,4457.12,4473.840000000001,4.180000000000291,12.540000000000873,120,2025-12-24 18:16:00+00:00,4457.12,4461.3,0,2025-12-24 16:35:00+00:00,4473.840000000001,target_hit,12.540000000000873,True
-1,2025-12-24 17:30:00+00:00,2025-12-24 17:38:00+00:00,4479.69,breakout,4485.09,4463.489999999998,5.400000000000546,16.200000000001637,120,2025-12-24 19:38:00+00:00,4479.69,4485.09,0,2025-12-25 23:06:00+00:00,4485.09,stop_loss,-5.400000000000546,False
1,2025-12-26 10:30:00+00:00,2025-12-26 10:32:00+00:00,4521.77,breakout,4517.02,4536.02,4.75,14.25,120,2025-12-26 12:32:00+00:00,4517.02,4521.77,0,2025-12-26 10:36:00+00:00,4517.02,stop_loss,-4.75,False
1,2025-12-26 13:15:00+00:00,2025-12-26 13:16:00+00:00,4514.46,breakout,4510.06,4527.659999999999,4.399999999999636,13.199999999998909,120,2025-12-26 15:30:00+00:00,4510.06,4514.46,1,2025-12-26 13:41:00+00:00,4527.659999999999,target_hit,13.199999999998909,True
-1,2025-12-26 14:45:00+00:00,2025-12-26 14:46:00+00:00,4523.86,breakout,4529.75,4506.189999999999,5.890000000000327,17.670000000000982,120,2025-12-26 17:00:00+00:00,4523.86,4529.75,1,2025-12-26 15:10:00+00:00,4529.75,stop_loss,-5.890000000000327,False
1,2025-12-26 15:15:00+00:00,2025-12-26 15:17:00+00:00,4529.05,breakout,4525.16,4540.720000000001,3.8900000000003274,11.670000000000982,120,2025-12-26 17:17:00+00:00,4525.16,4529.05,0,2025-12-26 15:34:00+00:00,4540.720000000001,target_hit,11.670000000000982,True
1,2025-12-26 15:45:00+00:00,2025-12-26 15:46:00+00:00,4538.69,breakout,4534.02,4552.699999999997,4.669999999999163,14.00999999999749,120,2025-12-26 18:00:00+00:00,4534.02,4538.69,1,2025-12-26 16:52:00+00:00,4534.02,stop_loss,-4.669999999999163,False
1,2025-12-26 17:00:00+00:00,2025-12-26 17:01:00+00:00,4537.19,breakout,4531.76,4553.479999999998,5.4299999999993815,16.289999999998145,120,2025-12-26 19:01:00+00:00,4531.76,4537.19,0,2025-12-26 17:13:00+00:00,4531.76,stop_loss,-5.4299999999993815,False
-1,2025-12-26 17:15:00+00:00,2025-12-26 17:16:00+00:00,4525.99,breakout,4532.32,4507.0,6.329999999999927,18.98999999999978,120,2025-12-26 19:45:00+00:00,4525.99,4532.32,2,2025-12-26 18:53:00+00:00,4532.32,stop_loss,-6.329999999999927,False
-1,2025-12-26 20:30:00+00:00,2025-12-26 20:31:00+00:00,4524.55,breakout,4531.48,4503.760000000002,6.9299999999993815,20.789999999998145,120,2025-12-26 22:31:00+00:00,4524.55,4531.48,0,2025-12-26 20:44:00+00:00,4531.48,stop_loss,-6.9299999999993815,False
-1,2025-12-29 08:30:00+00:00,2025-12-29 08:31:00+00:00,4484.5,breakout,4488.8,4471.599999999999,4.300000000000182,12.900000000000546,120,2025-12-29 10:31:00+00:00,4484.5,4488.8,0,2025-12-29 08:38:00+00:00,4471.599999999999,target_hit,12.900000000000546,True
-1,2025-12-29 08:45:00+00:00,2025-12-29 08:46:00+00:00,4474.9,breakout,4480.82,4457.139999999999,5.920000000000073,17.76000000000022,120,2025-12-29 10:46:00+00:00,4474.9,4480.82,0,2025-12-29 08:51:00+00:00,4457.139999999999,target_hit,17.76000000000022,True
-1,2025-12-29 09:00:00+00:00,2025-12-29 09:06:00+00:00,4460.63,breakout,4467.15,4441.0700000000015,6.519999999999527,19.55999999999858,120,2025-12-29 11:06:00+00:00,4460.63,4467.15,0,2025-12-29 09:14:00+00:00,4467.15,stop_loss,-6.519999999999527,False
1,2025-12-29 09:15:00+00:00,2025-12-29 09:16:00+00:00,4464.73,breakout,4460.11,4478.589999999999,4.619999999999891,13.859999999999673,120,2025-12-29 11:30:00+00:00,4460.11,4464.73,1,2025-12-29 09:36:00+00:00,4460.11,stop_loss,-4.619999999999891,False
1,2025-12-29 09:30:00+00:00,2025-12-29 09:40:00+00:00,4467.59,breakout,4463.43,4480.07,4.1599999999998545,12.479999999999563,120,2025-12-29 11:45:00+00:00,4463.43,4467.59,1,2025-12-29 10:29:00+00:00,4463.43,stop_loss,-4.1599999999998545,False
-1,2025-12-29 10:30:00+00:00,2025-12-29 10:31:00+00:00,4467.78,breakout,4471.52,4456.559999999998,3.740000000000691,11.220000000002074,120,2025-12-29 12:45:00+00:00,4467.78,4471.52,1,2025-12-29 11:07:00+00:00,4456.559999999998,target_hit,11.220000000002074,True
1,2025-12-29 11:15:00+00:00,2025-12-29 11:16:00+00:00,4460.38,breakout,4456.02,4473.459999999999,4.359999999999673,13.079999999999018,120,2025-12-29 13:16:00+00:00,4456.02,4460.38,0,2025-12-29 11:38:00+00:00,4456.02,stop_loss,-4.359999999999673,False
-1,2025-12-29 11:45:00+00:00,2025-12-29 11:46:00+00:00,4453.58,breakout,4458.82,4437.860000000001,5.239999999999782,15.719999999999345,120,2025-12-29 14:00:00+00:00,4453.58,4458.82,1,2025-12-29 12:38:00+00:00,4458.82,stop_loss,-5.239999999999782,False
-1,2025-12-29 13:15:00+00:00,2025-12-29 13:16:00+00:00,4459.46,breakout,4466.07,4439.630000000001,6.609999999999673,19.829999999999018,120,2025-12-29 15:16:00+00:00,4459.46,4466.07,0,2025-12-29 13:41:00+00:00,4439.630000000001,target_hit,19.829999999999018,True
-1,2025-12-29 13:45:00+00:00,2025-12-29 13:46:00+00:00,4449.85,breakout,4454.78,4435.060000000002,4.9299999999993815,14.789999999998145,120,2025-12-29 15:46:00+00:00,4449.85,4454.78,0,2025-12-29 13:47:00+00:00,4435.060000000002,target_hit,14.789999999998145,True
-1,2025-12-29 14:00:00+00:00,2025-12-29 14:01:00+00:00,4423.3,breakout,4429.85,4403.65,6.550000000000182,19.650000000000546,120,2025-12-29 16:01:00+00:00,4423.3,4429.85,0,2025-12-29 14:03:00+00:00,4403.65,target_hit,19.650000000000546,True
-1,2025-12-29 14:15:00+00:00,2025-12-29 14:16:00+00:00,4411.72,breakout,4421.58,4382.140000000001,9.859999999999673,29.579999999999018,120,2025-12-29 16:16:00+00:00,4411.72,4421.58,0,2025-12-29 14:30:00+00:00,4382.140000000001,target_hit,29.579999999999018,True
-1,2025-12-29 14:45:00+00:00,2025-12-29 14:55:00+00:00,4367.44,breakout,4389.41,4301.529999999999,21.970000000000255,65.91000000000076,120,2025-12-29 19:45:00+00:00,4367.44,4389.41,6,2025-12-29 19:45:00+00:00,4332.64,timeout,34.79999999999927,True
-1,2025-12-29 20:30:00+00:00,2025-12-29 20:31:00+00:00,4339.28,breakout,4343.07,4327.91,3.7899999999999636,11.36999999999989,120,2025-12-29 22:31:00+00:00,4339.28,4343.07,0,2025-12-29 20:37:00+00:00,4327.91,target_hit,11.36999999999989,True
-1,2025-12-30 08:30:00+00:00,2025-12-30 08:31:00+00:00,4360.84,breakout,4365.69,4346.290000000002,4.849999999999454,14.549999999998363,120,2025-12-30 10:45:00+00:00,4360.84,4365.69,1,2025-12-30 08:57:00+00:00,4365.69,stop_loss,-4.849999999999454,False
-1,2025-12-30 11:15:00+00:00,2025-12-30 11:16:00+00:00,4386.48,breakout,4390.52,4374.359999999997,4.040000000000873,12.12000000000262,120,2025-12-30 13:16:00+00:00,4386.48,4390.52,0,2025-12-30 12:08:00+00:00,4390.52,stop_loss,-4.040000000000873,False
1,2025-12-30 12:15:00+00:00,2025-12-30 12:16:00+00:00,4390.6,breakout,4386.86,4401.820000000002,3.740000000000691,11.220000000002074,120,2025-12-30 14:16:00+00:00,4386.86,4390.6,0,2025-12-30 12:41:00+00:00,4401.820000000002,target_hit,11.220000000002074,True
-1,2025-12-30 13:30:00+00:00,2025-12-30 13:31:00+00:00,4391.5,breakout,4398.44,4370.680000000001,6.9399999999996,20.8199999999988,120,2025-12-30 16:30:00+00:00,4391.5,4398.44,3,2025-12-30 14:40:00+00:00,4370.680000000001,target_hit,20.8199999999988,True
-1,2025-12-30 14:45:00+00:00,2025-12-30 14:46:00+00:00,4385.59,breakout,4391.83,4366.870000000001,6.239999999999782,18.719999999999345,120,2025-12-30 16:46:00+00:00,4385.59,4391.83,0,2025-12-30 14:47:00+00:00,4366.870000000001,target_hit,18.719999999999345,True
-1,2025-12-30 15:00:00+00:00,2025-12-30 15:02:00+00:00,4364.74,breakout,4372.52,4341.399999999998,7.780000000000655,23.340000000001965,120,2025-12-30 17:02:00+00:00,4364.74,4372.52,0,2025-12-30 15:06:00+00:00,4372.52,stop_loss,-7.780000000000655,False
1,2025-12-30 15:15:00+00:00,2025-12-30 15:16:00+00:00,4371.28,breakout,4364.88,4390.479999999999,6.399999999999636,19.19999999999891,120,2025-12-30 17:16:00+00:00,4364.88,4371.28,0,2025-12-30 15:30:00+00:00,4364.88,stop_loss,-6.399999999999636,False
1,2025-12-30 15:45:00+00:00,2025-12-30 15:51:00+00:00,4367.71,breakout,4361.22,4387.179999999999,6.489999999999782,19.469999999999345,120,2025-12-30 17:51:00+00:00,4361.22,4367.71,0,2025-12-30 16:00:00+00:00,4361.22,stop_loss,-6.489999999999782,False
-1,2025-12-30 16:15:00+00:00,2025-12-30 16:16:00+00:00,4359.99,breakout,4365.73,4342.77,5.739999999999782,17.219999999999345,120,2025-12-30 18:16:00+00:00,4359.99,4365.73,0,2025-12-30 16:18:00+00:00,4365.73,stop_loss,-5.739999999999782,False
1,2025-12-30 17:00:00+00:00,2025-12-30 17:01:00+00:00,4376.12,breakout,4369.97,4394.569999999999,6.149999999999636,18.44999999999891,120,2025-12-30 19:15:00+00:00,4369.97,4376.12,1,2025-12-30 17:21:00+00:00,4369.97,stop_loss,-6.149999999999636,False
-1,2025-12-30 17:45:00+00:00,2025-12-30 17:46:00+00:00,4369.79,breakout,4373.59,4358.389999999999,3.800000000000182,11.400000000000546,120,2025-12-30 19:46:00+00:00,4369.79,4373.59,0,2025-12-30 18:03:00+00:00,4373.59,stop_loss,-3.800000000000182,False
-1,2025-12-30 20:00:00+00:00,2025-12-30 20:01:00+00:00,4358.52,breakout,4363.47,4343.670000000001,4.949999999999818,14.849999999999454,120,2025-12-30 22:01:00+00:00,4358.52,4363.47,0,2025-12-30 20:02:00+00:00,4343.670000000001,target_hit,14.849999999999454,True
1,2025-12-30 20:30:00+00:00,2025-12-30 20:31:00+00:00,4350.95,breakout,4346.4,4364.6,4.550000000000182,13.650000000000546,120,2025-12-30 22:31:00+00:00,4346.4,4350.95,0,2025-12-30 20:44:00+00:00,4346.4,stop_loss,-4.550000000000182,False
-1,2025-12-31 09:00:00+00:00,2025-12-31 09:01:00+00:00,4310.28,breakout,4313.92,4299.359999999999,3.6400000000003274,10.920000000000982,120,2025-12-31 11:01:00+00:00,4310.28,4313.92,0,2025-12-31 09:03:00+00:00,4313.92,stop_loss,-3.6400000000003274,False
1,2025-12-31 09:15:00+00:00,2025-12-31 09:16:00+00:00,4311.32,breakout,4307.28,4323.44,4.039999999999964,12.11999999999989,120,2025-12-31 11:16:00+00:00,4307.28,4311.32,0,2025-12-31 09:25:00+00:00,4323.44,target_hit,12.11999999999989,True
1,2025-12-31 09:30:00+00:00,2025-12-31 09:31:00+00:00,4317.64,breakout,4314.16,4328.080000000002,3.480000000000473,10.440000000001419,120,2025-12-31 11:31:00+00:00,4314.16,4317.64,0,2025-12-31 09:36:00+00:00,4328.080000000002,target_hit,10.440000000001419,True
-1,2025-12-31 10:00:00+00:00,2025-12-31 10:01:00+00:00,4332.29,breakout,4336.41,4319.93,4.119999999999891,12.359999999999673,120,2025-12-31 12:15:00+00:00,4332.29,4336.41,1,2025-12-31 10:28:00+00:00,4319.93,target_hit,12.359999999999673,True
-1,2025-12-31 10:45:00+00:00,2025-12-31 10:46:00+00:00,4309.61,breakout,4320.01,4278.409999999998,10.400000000000546,31.200000000001637,120,2025-12-31 13:15:00+00:00,4309.61,4320.01,1,2025-12-31 13:15:00+00:00,4313.94,timeout,-4.329999999999927,False
1,2025-12-31 13:30:00+00:00,2025-12-31 13:31:00+00:00,4326.2,breakout,4322.38,4337.659999999999,3.819999999999709,11.459999999999127,120,2025-12-31 15:45:00+00:00,4322.38,4326.2,1,2025-12-31 13:46:00+00:00,4337.659999999999,target_hit,11.459999999999127,True
1,2025-12-31 13:45:00+00:00,2025-12-31 13:46:00+00:00,4334.85,breakout,4329.6,4350.6,5.25,15.75,120,2025-12-31 16:45:00+00:00,4329.6,4334.85,1,2025-12-31 14:55:00+00:00,4350.6,target_hit,15.75,True
-1,2025-12-31 15:15:00+00:00,2025-12-31 15:16:00+00:00,4332.11,breakout,4335.78,4321.099999999999,3.6700000000000728,11.010000000000218,120,2025-12-31 17:16:00+00:00,4332.11,4335.78,0,2025-12-31 15:20:00+00:00,4335.78,stop_loss,-3.6700000000000728,False
-1,2025-12-31 15:45:00+00:00,2025-12-31 15:46:00+00:00,4337.2,breakout,4341.42,4324.539999999999,4.220000000000255,12.660000000000764,120,2025-12-31 17:46:00+00:00,4337.2,4341.42,0,2025-12-31 16:14:00+00:00,4324.539999999999,target_hit,12.660000000000764,True
-1,2025-12-31 16:15:00+00:00,2025-12-31 16:16:00+00:00,4330.21,breakout,4336.94,4310.020000000001,6.729999999999563,20.18999999999869,120,2025-12-31 21:00:00+00:00,4330.21,4336.94,3,2025-12-31 19:36:00+00:00,4310.020000000001,target_hit,20.18999999999869,True
1,2025-12-31 20:30:00+00:00,2025-12-31 20:31:00+00:00,4317.16,breakout,4313.47,4328.229999999999,3.6899999999996,11.0699999999988,120,2025-12-31 22:45:00+00:00,4313.47,4317.16,1,2025-12-31 20:51:00+00:00,4313.47,stop_loss,-3.6899999999996,False
-1,2026-01-02 12:45:00+00:00,2026-01-02 12:46:00+00:00,4385.89,breakout,4391.22,4369.900000000001,5.329999999999927,15.989999999999782,120,2026-01-02 14:46:00+00:00,4385.89,4391.22,0,2026-01-02 12:55:00+00:00,4391.22,stop_loss,-5.329999999999927,False
-1,2026-01-02 13:30:00+00:00,2026-01-02 13:31:00+00:00,4390.62,breakout,4399.3,4364.579999999999,8.680000000000291,26.040000000000873,120,2026-01-02 15:31:00+00:00,4390.62,4399.3,0,2026-01-02 13:57:00+00:00,4364.579999999999,target_hit,26.040000000000873,True
-1,2026-01-02 14:00:00+00:00,2026-01-02 14:01:00+00:00,4371.87,breakout,4376.89,4356.809999999999,5.020000000000437,15.06000000000131,120,2026-01-02 16:01:00+00:00,4371.87,4376.89,0,2026-01-02 14:34:00+00:00,4356.809999999999,target_hit,15.06000000000131,True
-1,2026-01-02 14:45:00+00:00,2026-01-02 14:46:00+00:00,4362.33,breakout,4370.17,4338.8099999999995,7.8400000000001455,23.520000000000437,120,2026-01-02 16:46:00+00:00,4362.33,4370.17,0,2026-01-02 15:11:00+00:00,4338.8099999999995,target_hit,23.520000000000437,True
-1,2026-01-02 15:15:00+00:00,2026-01-02 15:16:00+00:00,4349.62,breakout,4357.21,4326.849999999999,7.5900000000001455,22.770000000000437,120,2026-01-02 17:45:00+00:00,4349.62,4357.21,2,2026-01-02 16:03:00+00:00,4326.849999999999,target_hit,22.770000000000437,True
-1,2026-01-02 16:15:00+00:00,2026-01-02 16:16:00+00:00,4324.71,breakout,4330.66,4306.860000000001,5.949999999999818,17.849999999999454,120,2026-01-02 18:45:00+00:00,4324.71,4330.66,2,2026-01-02 17:01:00+00:00,4330.66,stop_loss,-5.949999999999818,False
1,2026-01-02 17:15:00+00:00,2026-01-02 17:16:00+00:00,4330.11,breakout,4325.01,4345.409999999998,5.099999999999454,15.299999999998363,120,2026-01-02 19:16:00+00:00,4325.01,4330.11,0,2026-01-02 17:25:00+00:00,4325.01,stop_loss,-5.099999999999454,False
-1,2026-01-02 17:45:00+00:00,2026-01-02 17:46:00+00:00,4326.53,breakout,4331.31,4312.189999999998,4.780000000000655,14.340000000001965,120,2026-01-02 19:46:00+00:00,4326.53,4331.31,0,2026-01-02 18:15:00+00:00,4312.189999999998,target_hit,14.340000000001965,True
-1,2026-01-02 18:45:00+00:00,2026-01-02 18:48:00+00:00,4312.46,breakout,4317.08,4298.6,4.619999999999891,13.859999999999673,120,2026-01-02 20:48:00+00:00,4312.46,4317.08,0,2026-01-02 19:00:00+00:00,4317.08,stop_loss,-4.619999999999891,False
1,2026-01-02 20:30:00+00:00,2026-01-02 20:35:00+00:00,4329.04,breakout,4325.73,4338.970000000001,3.3100000000004,9.9300000000012,120,2026-01-02 22:35:00+00:00,4325.73,4329.04,0,2026-01-04 23:01:00+00:00,4338.970000000001,target_hit,9.9300000000012,True
-1,2026-01-05 08:30:00+00:00,2026-01-05 08:31:00+00:00,4426.44,breakout,4429.95,4415.909999999999,3.5100000000002183,10.530000000000655,120,2026-01-05 10:31:00+00:00,4426.44,4429.95,0,2026-01-05 08:43:00+00:00,4429.95,stop_loss,-3.5100000000002183,False
-1,2026-01-05 11:30:00+00:00,2026-01-05 11:31:00+00:00,4422.86,breakout,4428.45,4406.089999999999,5.5900000000001455,16.770000000000437,120,2026-01-05 14:45:00+00:00,4422.86,4428.45,1,2026-01-05 12:50:00+00:00,4406.089999999999,target_hit,16.770000000000437,True
-1,2026-01-05 13:30:00+00:00,2026-01-05 13:31:00+00:00,4407.12,breakout,4411.44,4394.160000000001,4.319999999999709,12.959999999999127,120,2026-01-05 15:31:00+00:00,4407.12,4411.44,0,2026-01-05 13:36:00+00:00,4411.44,stop_loss,-4.319999999999709,False
1,2026-01-05 13:45:00+00:00,2026-01-05 13:46:00+00:00,4404.79,breakout,4397.51,4426.629999999999,7.279999999999745,21.839999999999236,120,2026-01-05 15:46:00+00:00,4397.51,4404.79,0,2026-01-05 14:10:00+00:00,4426.629999999999,target_hit,21.839999999999236,True
1,2026-01-05 14:15:00+00:00,2026-01-05 14:19:00+00:00,4427.89,breakout,4423.08,4442.3200000000015,4.8100000000004,14.4300000000012,120,2026-01-05 16:19:00+00:00,4423.08,4427.89,0,2026-01-05 14:22:00+00:00,4423.08,stop_loss,-4.8100000000004,False
1,2026-01-05 14:30:00+00:00,2026-01-05 14:39:00+00:00,4428.0,breakout,4423.54,4441.38,4.460000000000036,13.38000000000011,120,2026-01-05 16:39:00+00:00,4423.54,4428.0,0,2026-01-05 14:40:00+00:00,4423.54,stop_loss,-4.460000000000036,False
1,2026-01-05 15:00:00+00:00,2026-01-05 15:01:00+00:00,4433.73,breakout,4429.54,4446.299999999998,4.1899999999996,12.5699999999988,120,2026-01-05 17:01:00+00:00,4429.54,4433.73,0,2026-01-05 15:02:00+00:00,4446.299999999998,target_hit,12.5699999999988,True
1,2026-01-05 15:15:00+00:00,2026-01-05 15:22:00+00:00,4452.24,breakout,4446.54,4469.339999999999,5.699999999999818,17.099999999999454,120,2026-01-05 17:22:00+00:00,4446.54,4452.24,0,2026-01-05 15:25:00+00:00,4446.54,stop_loss,-5.699999999999818,False
1,2026-01-05 16:00:00+00:00,2026-01-05 16:01:00+00:00,4448.34,breakout,4444.69,4459.290000000002,3.6500000000005457,10.950000000001637,120,2026-01-05 18:01:00+00:00,4444.69,4448.34,0,2026-01-05 16:06:00+00:00,4444.69,stop_loss,-3.6500000000005457,False
1,2026-01-05 16:45:00+00:00,2026-01-05 16:46:00+00:00,4445.08,breakout,4440.35,4459.269999999999,4.729999999999563,14.18999999999869,120,2026-01-05 18:46:00+00:00,4440.35,4445.08,0,2026-01-05 17:00:00+00:00,4440.35,stop_loss,-4.729999999999563,False
-1,2026-01-05 19:15:00+00:00,2026-01-05 19:16:00+00:00,4439.11,breakout,4446.35,4417.389999999998,7.240000000000691,21.720000000002074,120,2026-01-05 21:16:00+00:00,4439.11,4446.35,0,2026-01-05 20:21:00+00:00,4446.35,stop_loss,-7.240000000000691,False
-1,2026-01-06 09:15:00+00:00,2026-01-06 09:16:00+00:00,4453.83,breakout,4459.96,4435.44,6.130000000000109,18.390000000000327,120,2026-01-06 12:00:00+00:00,4453.83,4459.96,2,2026-01-06 11:33:00+00:00,4459.96,stop_loss,-6.130000000000109,False
-1,2026-01-06 13:15:00+00:00,2026-01-06 13:23:00+00:00,4459.53,breakout,4464.95,4443.2699999999995,5.420000000000073,16.26000000000022,120,2026-01-06 15:23:00+00:00,4459.53,4464.95,0,2026-01-06 13:54:00+00:00,4464.95,stop_loss,-5.420000000000073,False
1,2026-01-06 14:00:00+00:00,2026-01-06 14:01:00+00:00,4463.82,breakout,4459.8,4475.879999999998,4.019999999999527,12.059999999998581,120,2026-01-06 16:01:00+00:00,4459.8,4463.82,0,2026-01-06 14:33:00+00:00,4475.879999999998,target_hit,12.059999999998581,True
1,2026-01-06 14:45:00+00:00,2026-01-06 14:46:00+00:00,4471.22,breakout,4465.05,4489.7300000000005,6.170000000000073,18.51000000000022,120,2026-01-06 16:46:00+00:00,4465.05,4471.22,0,2026-01-06 14:55:00+00:00,4489.7300000000005,target_hit,18.51000000000022,True
1,2026-01-06 15:00:00+00:00,2026-01-06 15:01:00+00:00,4486.17,breakout,4479.34,4506.66,6.829999999999927,20.48999999999978,120,2026-01-06 17:01:00+00:00,4479.34,4486.17,0,2026-01-06 15:12:00+00:00,4479.34,stop_loss,-6.829999999999927,False
-1,2026-01-06 15:30:00+00:00,2026-01-06 15:31:00+00:00,4474.57,breakout,4479.36,4460.2,4.789999999999964,14.36999999999989,120,2026-01-06 17:45:00+00:00,4474.57,4479.36,1,2026-01-06 15:48:00+00:00,4479.36,stop_loss,-4.789999999999964,False
-1,2026-01-06 16:00:00+00:00,2026-01-06 16:05:00+00:00,4473.09,breakout,4477.77,4459.049999999999,4.680000000000291,14.040000000000873,120,2026-01-06 18:05:00+00:00,4473.09,4477.77,0,2026-01-06 16:12:00+00:00,4477.77,stop_loss,-4.680000000000291,False
-1,2026-01-06 17:00:00+00:00,2026-01-06 17:01:00+00:00,4484.78,breakout,4488.34,4474.0999999999985,3.5600000000004,10.6800000000012,120,2026-01-06 19:01:00+00:00,4484.78,4488.34,0,2026-01-06 17:04:00+00:00,4488.34,stop_loss,-3.5600000000004,False
1,2026-01-07 08:00:00+00:00,2026-01-07 08:01:00+00:00,4463.13,breakout,4459.16,4475.040000000001,3.9700000000002547,11.910000000000764,120,2026-01-07 10:01:00+00:00,4459.16,4463.13,0,2026-01-07 08:07:00+00:00,4459.16,stop_loss,-3.9700000000002547,False
1,2026-01-07 08:15:00+00:00,2026-01-07 08:16:00+00:00,4464.4,breakout,4460.27,4476.789999999997,4.1299999999992,12.389999999997599,120,2026-01-07 10:16:00+00:00,4460.27,4464.4,0,2026-01-07 09:08:00+00:00,4460.27,stop_loss,-4.1299999999992,False
-1,2026-01-07 13:00:00+00:00,2026-01-07 13:01:00+00:00,4448.79,breakout,4452.67,4437.15,3.880000000000109,11.640000000000327,120,2026-01-07 15:01:00+00:00,4448.79,4452.67,0,2026-01-07 13:08:00+00:00,4437.15,target_hit,11.640000000000327,True
-1,2026-01-07 13:15:00+00:00,2026-01-07 13:16:00+00:00,4438.12,breakout,4445.73,4415.290000000001,7.609999999999673,22.829999999999018,120,2026-01-07 15:16:00+00:00,4438.12,4445.73,0,2026-01-07 13:27:00+00:00,4445.73,stop_loss,-7.609999999999673,False
1,2026-01-07 13:30:00+00:00,2026-01-07 13:31:00+00:00,4438.73,breakout,4432.24,4458.199999999999,6.489999999999782,19.469999999999345,120,2026-01-07 17:00:00+00:00,4432.24,4438.73,5,2026-01-07 15:12:00+00:00,4432.24,stop_loss,-6.489999999999782,False
-1,2026-01-07 15:15:00+00:00,2026-01-07 15:16:00+00:00,4439.57,breakout,4447.1,4416.979999999998,7.530000000000655,22.590000000001965,120,2026-01-07 17:16:00+00:00,4439.57,4447.1,0,2026-01-07 15:31:00+00:00,4447.1,stop_loss,-7.530000000000655,False
1,2026-01-07 15:30:00+00:00,2026-01-07 15:31:00+00:00,4427.1,breakout,4423.54,4437.780000000002,3.5600000000004,10.6800000000012,120,2026-01-07 17:31:00+00:00,4423.54,4427.1,0,2026-01-07 15:32:00+00:00,4437.780000000002,target_hit,10.6800000000012,True
1,2026-01-07 16:00:00+00:00,2026-01-07 16:01:00+00:00,4446.52,breakout,4442.17,4459.5700000000015,4.350000000000364,13.050000000001091,120,2026-01-07 18:01:00+00:00,4442.17,4446.52,0,2026-01-07 16:22:00+00:00,4459.5700000000015,target_hit,13.050000000001091,True
1,2026-01-07 16:30:00+00:00,2026-01-07 16:31:00+00:00,4453.47,breakout,4449.35,4465.83,4.119999999999891,12.359999999999673,120,2026-01-07 18:31:00+00:00,4449.35,4453.47,0,2026-01-07 16:43:00+00:00,4465.83,target_hit,12.359999999999673,True
-1,2026-01-07 17:45:00+00:00,2026-01-07 17:50:00+00:00,4456.21,breakout,4460.05,4444.69,3.8400000000001455,11.520000000000437,120,2026-01-07 21:00:00+00:00,4456.21,4460.05,2,2026-01-07 20:15:00+00:00,4460.05,stop_loss,-3.8400000000001455,False
-1,2026-01-08 08:00:00+00:00,2026-01-08 08:01:00+00:00,4428.5,breakout,4432.08,4417.76,3.5799999999999272,10.739999999999782,120,2026-01-08 10:01:00+00:00,4428.5,4432.08,0,2026-01-08 08:09:00+00:00,4432.08,stop_loss,-3.5799999999999272,False
1,2026-01-08 08:15:00+00:00,2026-01-08 08:16:00+00:00,4430.03,breakout,4425.44,4443.8,4.5900000000001455,13.770000000000437,120,2026-01-08 10:30:00+00:00,4425.44,4430.03,1,2026-01-08 08:33:00+00:00,4425.44,stop_loss,-4.5900000000001455,False
1,2026-01-08 09:00:00+00:00,2026-01-08 09:01:00+00:00,4428.76,breakout,4423.05,4445.89,5.710000000000036,17.13000000000011,120,2026-01-08 11:15:00+00:00,4423.05,4428.76,1,2026-01-08 11:15:00+00:00,4428.43,timeout,-0.32999999999992724,False
-1,2026-01-08 12:15:00+00:00,2026-01-08 12:16:00+00:00,4412.18,breakout,4417.87,4395.1100000000015,5.6899999999996,17.0699999999988,120,2026-01-08 14:16:00+00:00,4412.18,4417.87,0,2026-01-08 12:25:00+00:00,4417.87,stop_loss,-5.6899999999996,False
1,2026-01-08 12:30:00+00:00,2026-01-08 12:31:00+00:00,4419.23,breakout,4413.17,4437.409999999998,6.059999999999491,18.179999999998472,120,2026-01-08 16:45:00+00:00,4413.17,4419.23,4,2026-01-08 14:47:00+00:00,4437.409999999998,target_hit,18.179999999998472,True
1,2026-01-08 15:00:00+00:00,2026-01-08 15:01:00+00:00,4430.07,breakout,4425.86,4442.7,4.210000000000036,12.63000000000011,120,2026-01-08 17:01:00+00:00,4425.86,4430.07,0,2026-01-08 15:09:00+00:00,4442.7,target_hit,12.63000000000011,True
1,2026-01-08 15:30:00+00:00,2026-01-08 15:33:00+00:00,4452.98,breakout,4447.41,4469.689999999999,5.569999999999709,16.709999999999127,120,2026-01-08 17:33:00+00:00,4447.41,4452.98,0,2026-01-08 15:38:00+00:00,4447.41,stop_loss,-5.569999999999709,False
1,2026-01-08 16:00:00+00:00,2026-01-08 16:01:00+00:00,4454.38,breakout,4449.9,4467.8200000000015,4.480000000000473,13.440000000001419,120,2026-01-08 18:01:00+00:00,4449.9,4454.38,0,2026-01-08 16:13:00+00:00,4449.9,stop_loss,-4.480000000000473,False
1,2026-01-08 16:45:00+00:00,2026-01-08 16:46:00+00:00,4459.15,breakout,4454.73,4472.41,4.420000000000073,13.260000000000218,120,2026-01-08 18:46:00+00:00,4454.73,4459.15,0,2026-01-08 18:09:00+00:00,4454.73,stop_loss,-4.420000000000073,False
1,2026-01-08 20:30:00+00:00,2026-01-08 20:31:00+00:00,4462.89,breakout,4459.1,4474.26,3.7899999999999636,11.36999999999989,120,2026-01-08 22:31:00+00:00,4459.1,4462.89,0,2026-01-08 20:32:00+00:00,4474.26,target_hit,11.36999999999989,True
1,2026-01-08 20:45:00+00:00,2026-01-08 20:49:00+00:00,4475.65,breakout,4470.57,4490.889999999999,5.079999999999927,15.239999999999782,120,2026-01-08 22:49:00+00:00,4470.57,4475.65,0,2026-01-08 23:01:00+00:00,4482.21,timeout,6.5600000000004,True
1,2026-01-09 08:15:00+00:00,2026-01-09 08:17:00+00:00,4474.02,breakout,4469.18,4488.540000000001,4.8400000000001455,14.520000000000437,120,2026-01-09 10:17:00+00:00,4469.18,4474.02,0,2026-01-09 08:37:00+00:00,4469.18,stop_loss,-4.8400000000001455,False
-1,2026-01-09 12:15:00+00:00,2026-01-09 12:16:00+00:00,4473.62,breakout,4477.68,4461.439999999999,4.0600000000004,12.1800000000012,120,2026-01-09 14:16:00+00:00,4473.62,4477.68,0,2026-01-09 12:33:00+00:00,4461.439999999999,target_hit,12.1800000000012,True
1,2026-01-09 13:15:00+00:00,2026-01-09 13:16:00+00:00,4468.8,breakout,4463.63,4484.31,5.170000000000073,15.510000000000218,120,2026-01-09 15:16:00+00:00,4463.63,4468.8,0,2026-01-09 13:19:00+00:00,4463.63,stop_loss,-5.170000000000073,False
1,2026-01-09 13:45:00+00:00,2026-01-09 13:46:00+00:00,4479.44,breakout,4470.22,4507.099999999998,9.219999999999345,27.659999999998035,120,2026-01-09 16:30:00+00:00,4470.22,4479.44,2,2026-01-09 15:23:00+00:00,4507.099999999998,target_hit,27.659999999998035,True
1,2026-01-09 15:30:00+00:00,2026-01-09 15:31:00+00:00,4499.61,breakout,4495.12,4513.079999999999,4.489999999999782,13.469999999999345,120,2026-01-09 17:31:00+00:00,4495.12,4499.61,0,2026-01-09 15:37:00+00:00,4513.079999999999,target_hit,13.469999999999345,True
1,2026-01-09 15:45:00+00:00,2026-01-09 15:46:00+00:00,4512.28,breakout,4506.59,4529.3499999999985,5.6899999999996,17.0699999999988,120,2026-01-09 17:46:00+00:00,4506.59,4512.28,0,2026-01-09 16:07:00+00:00,4506.59,stop_loss,-5.6899999999996,False
-1,2026-01-09 16:15:00+00:00,2026-01-09 16:23:00+00:00,4501.21,breakout,4506.73,4484.6500000000015,5.519999999999527,16.55999999999858,120,2026-01-09 18:23:00+00:00,4501.21,4506.73,0,2026-01-09 16:37:00+00:00,4506.73,stop_loss,-5.519999999999527,False
1,2026-01-09 16:30:00+00:00,2026-01-09 16:37:00+00:00,4506.8,breakout,4502.79,4518.830000000001,4.010000000000218,12.030000000000655,120,2026-01-09 18:37:00+00:00,4502.79,4506.8,0,2026-01-09 16:41:00+00:00,4502.79,stop_loss,-4.010000000000218,False
1,2026-01-09 16:45:00+00:00,2026-01-09 16:46:00+00:00,4505.45,breakout,4501.15,4518.35,4.300000000000182,12.900000000000546,120,2026-01-09 18:46:00+00:00,4501.15,4505.45,0,2026-01-09 17:45:00+00:00,4501.15,stop_loss,-4.300000000000182,False
-1,2026-01-09 18:00:00+00:00,2026-01-09 18:01:00+00:00,4497.57,breakout,4502.03,4484.19,4.460000000000036,13.38000000000011,120,2026-01-09 20:01:00+00:00,4497.57,4502.03,0,2026-01-09 18:02:00+00:00,4484.19,target_hit,13.38000000000011,True
1,2026-01-09 18:15:00+00:00,2026-01-09 18:16:00+00:00,4488.18,breakout,4483.02,4503.66,5.1599999999998545,15.479999999999563,120,2026-01-09 20:16:00+00:00,4483.02,4488.18,0,2026-01-09 18:37:00+00:00,4503.66,target_hit,15.479999999999563,True
1,2026-01-09 18:45:00+00:00,2026-01-09 18:46:00+00:00,4496.76,breakout,4491.03,4513.950000000002,5.730000000000473,17.19000000000142,120,2026-01-09 20:46:00+00:00,4491.03,4496.76,0,2026-01-09 20:46:00+00:00,4504.72,timeout,7.960000000000036,True
1,2026-01-12 09:00:00+00:00,2026-01-12 09:01:00+00:00,4593.3,breakout,4588.47,4607.79,4.829999999999927,14.489999999999782,120,2026-01-12 11:01:00+00:00,4588.47,4593.3,0,2026-01-12 09:59:00+00:00,4588.47,stop_loss,-4.829999999999927,False
1,2026-01-12 13:15:00+00:00,2026-01-12 13:16:00+00:00,4595.64,breakout,4592.11,4606.230000000002,3.530000000000655,10.590000000001965,120,2026-01-12 15:16:00+00:00,4592.11,4595.64,0,2026-01-12 13:17:00+00:00,4606.230000000002,target_hit,10.590000000001965,True
1,2026-01-12 13:30:00+00:00,2026-01-12 13:39:00+00:00,4610.53,breakout,4606.42,4622.859999999999,4.109999999999673,12.329999999999018,120,2026-01-12 15:39:00+00:00,4606.42,4610.53,0,2026-01-12 13:41:00+00:00,4606.42,stop_loss,-4.109999999999673,False
1,2026-01-12 14:00:00+00:00,2026-01-12 14:01:00+00:00,4613.44,breakout,4608.93,4626.9699999999975,4.509999999999309,13.529999999997926,120,2026-01-12 16:01:00+00:00,4608.93,4613.44,0,2026-01-12 14:02:00+00:00,4608.93,stop_loss,-4.509999999999309,False
-1,2026-01-12 14:15:00+00:00,2026-01-12 14:16:00+00:00,4612.15,breakout,4617.42,4596.339999999998,5.270000000000437,15.81000000000131,120,2026-01-12 16:16:00+00:00,4612.15,4617.42,0,2026-01-12 14:17:00+00:00,4596.339999999998,target_hit,15.81000000000131,True
-1,2026-01-12 14:30:00+00:00,2026-01-12 14:31:00+00:00,4590.71,breakout,4596.62,4572.9800000000005,5.9099999999998545,17.729999999999563,120,2026-01-12 16:31:00+00:00,4590.71,4596.62,0,2026-01-12 14:32:00+00:00,4596.62,stop_loss,-5.9099999999998545,False
1,2026-01-12 14:45:00+00:00,2026-01-12 14:46:00+00:00,4592.63,breakout,4585.62,4613.660000000001,7.010000000000218,21.030000000000655,120,2026-01-12 16:46:00+00:00,4585.62,4592.63,0,2026-01-12 15:06:00+00:00,4613.660000000001,target_hit,21.030000000000655,True
1,2026-01-12 15:15:00+00:00,2026-01-12 15:16:00+00:00,4607.67,breakout,4601.92,4624.92,5.75,17.25,120,2026-01-12 17:16:00+00:00,4601.92,4607.67,0,2026-01-12 15:35:00+00:00,4624.92,target_hit,17.25,True
1,2026-01-12 15:45:00+00:00,2026-01-12 15:46:00+00:00,4623.42,breakout,4619.9,4633.980000000001,3.5200000000004366,10.56000000000131,120,2026-01-12 17:46:00+00:00,4619.9,4623.42,0,2026-01-12 15:47:00+00:00,4619.9,stop_loss,-3.5200000000004366,False
-1,2026-01-12 16:00:00+00:00,2026-01-12 16:02:00+00:00,4619.85,breakout,4625.21,4603.770000000001,5.359999999999673,16.079999999999018,120,2026-01-12 18:02:00+00:00,4619.85,4625.21,0,2026-01-12 16:10:00+00:00,4625.21,stop_loss,-5.359999999999673,False
1,2026-01-12 16:15:00+00:00,2026-01-12 16:16:00+00:00,4624.26,breakout,4619.47,4638.63,4.789999999999964,14.36999999999989,120,2026-01-12 18:16:00+00:00,4619.47,4624.26,0,2026-01-12 16:33:00+00:00,4619.47,stop_loss,-4.789999999999964,False
-1,2026-01-12 16:45:00+00:00,2026-01-12 16:46:00+00:00,4616.27,breakout,4620.84,4602.560000000001,4.569999999999709,13.709999999999127,120,2026-01-12 18:46:00+00:00,4616.27,4620.84,0,2026-01-12 17:52:00+00:00,4620.84,stop_loss,-4.569999999999709,False
-1,2026-01-12 18:30:00+00:00,2026-01-12 18:31:00+00:00,4603.5,breakout,4607.6,4591.199999999999,4.100000000000364,12.300000000001091,120,2026-01-12 20:31:00+00:00,4603.5,4607.6,0,2026-01-12 18:33:00+00:00,4607.6,stop_loss,-4.100000000000364,False
-1,2026-01-12 20:45:00+00:00,2026-01-12 20:46:00+00:00,4595.72,breakout,4600.63,4580.990000000001,4.9099999999998545,14.729999999999563,120,2026-01-12 22:46:00+00:00,4595.72,4600.63,0,2026-01-12 23:01:00+00:00,4600.63,stop_loss,-4.9099999999998545,False
1,2026-01-13 13:15:00+00:00,2026-01-13 13:16:00+00:00,4595.19,breakout,4590.71,4608.629999999998,4.479999999999563,13.43999999999869,120,2026-01-13 15:16:00+00:00,4590.71,4595.19,0,2026-01-13 13:30:00+00:00,4608.629999999998,target_hit,13.43999999999869,True
1,2026-01-13 13:45:00+00:00,2026-01-13 13:46:00+00:00,4614.84,breakout,4599.72,4660.2,15.11999999999989,45.35999999999967,120,2026-01-13 18:00:00+00:00,4599.72,4614.84,5,2026-01-13 16:27:00+00:00,4599.72,stop_loss,-15.11999999999989,False
-1,2026-01-13 16:30:00+00:00,2026-01-13 16:31:00+00:00,4605.62,breakout,4610.12,4592.12,4.5,13.5,120,2026-01-13 18:31:00+00:00,4605.62,4610.12,0,2026-01-13 16:46:00+00:00,4610.12,stop_loss,-4.5,False
1,2026-01-13 16:45:00+00:00,2026-01-13 16:46:00+00:00,4602.15,breakout,4596.75,4618.3499999999985,5.399999999999636,16.19999999999891,120,2026-01-13 18:46:00+00:00,4596.75,4602.15,0,2026-01-13 17:55:00+00:00,4596.75,stop_loss,-5.399999999999636,False
-1,2026-01-13 18:00:00+00:00,2026-01-13 18:01:00+00:00,4595.58,breakout,4600.92,4579.5599999999995,5.3400000000001455,16.020000000000437,120,2026-01-13 20:30:00+00:00,4595.58,4600.92,2,2026-01-13 18:45:00+00:00,4600.92,stop_loss,-5.3400000000001455,False
-1,2026-01-13 19:15:00+00:00,2026-01-13 19:16:00+00:00,4589.37,breakout,4593.67,4576.469999999999,4.300000000000182,12.900000000000546,120,2026-01-13 21:16:00+00:00,4589.37,4593.67,0,2026-01-13 19:22:00+00:00,4593.67,stop_loss,-4.300000000000182,False
-1,2026-01-13 20:45:00+00:00,2026-01-13 20:53:00+00:00,4584.36,breakout,4588.67,4571.4299999999985,4.3100000000004,12.9300000000012,120,2026-01-13 22:53:00+00:00,4584.36,4588.67,0,2026-01-13 21:00:00+00:00,4588.67,stop_loss,-4.3100000000004,False
-1,2026-01-14 08:15:00+00:00,2026-01-14 08:17:00+00:00,4626.21,breakout,4631.9,4609.140000000001,5.6899999999996,17.0699999999988,120,2026-01-14 10:30:00+00:00,4626.21,4631.9,1,2026-01-14 08:41:00+00:00,4631.9,stop_loss,-5.6899999999996,False
-1,2026-01-14 13:15:00+00:00,2026-01-14 13:16:00+00:00,4633.82,breakout,4638.2,4620.679999999999,4.380000000000109,13.140000000000327,120,2026-01-14 15:30:00+00:00,4633.82,4638.2,1,2026-01-14 14:03:00+00:00,4638.2,stop_loss,-4.380000000000109,False
-1,2026-01-14 14:45:00+00:00,2026-01-14 14:46:00+00:00,4627.9,breakout,4634.09,4609.329999999998,6.190000000000509,18.570000000001528,120,2026-01-14 16:46:00+00:00,4627.9,4634.09,0,2026-01-14 14:48:00+00:00,4609.329999999998,target_hit,18.570000000001528,True
1,2026-01-14 15:30:00+00:00,2026-01-14 15:40:00+00:00,4622.07,breakout,4616.42,4639.019999999999,5.649999999999636,16.94999999999891,120,2026-01-14 17:40:00+00:00,4616.42,4622.07,0,2026-01-14 15:43:00+00:00,4616.42,stop_loss,-5.649999999999636,False
-1,2026-01-14 15:45:00+00:00,2026-01-14 15:52:00+00:00,4611.25,breakout,4617.45,4592.650000000001,6.199999999999818,18.599999999999454,120,2026-01-14 17:52:00+00:00,4611.25,4617.45,0,2026-01-14 15:55:00+00:00,4617.45,stop_loss,-6.199999999999818,False
1,2026-01-14 16:00:00+00:00,2026-01-14 16:01:00+00:00,4618.8,breakout,4614.54,4631.580000000001,4.260000000000218,12.780000000000655,120,2026-01-14 18:15:00+00:00,4614.54,4618.8,1,2026-01-14 16:40:00+00:00,4614.54,stop_loss,-4.260000000000218,False
-1,2026-01-14 16:45:00+00:00,2026-01-14 16:46:00+00:00,4613.99,breakout,4617.81,4602.529999999998,3.8200000000006185,11.460000000001855,120,2026-01-14 19:00:00+00:00,4613.99,4617.81,1,2026-01-14 17:01:00+00:00,4617.81,stop_loss,-3.8200000000006185,False
-1,2026-01-14 17:00:00+00:00,2026-01-14 17:06:00+00:00,4612.76,breakout,4616.78,4600.700000000002,4.019999999999527,12.059999999998581,120,2026-01-14 19:06:00+00:00,4612.76,4616.78,0,2026-01-14 17:13:00+00:00,4616.78,stop_loss,-4.019999999999527,False
-1,2026-01-14 17:30:00+00:00,2026-01-14 17:32:00+00:00,4609.4,breakout,4613.55,4596.949999999998,4.150000000000546,12.450000000001637,120,2026-01-14 19:45:00+00:00,4609.4,4613.55,1,2026-01-14 17:51:00+00:00,4613.55,stop_loss,-4.150000000000546,False
1,2026-01-14 19:45:00+00:00,2026-01-14 19:46:00+00:00,4640.13,breakout,4635.13,4655.13,5.0,15.0,120,2026-01-14 21:46:00+00:00,4635.13,4640.13,0,2026-01-14 20:02:00+00:00,4635.13,stop_loss,-5.0,False
-1,2026-01-14 20:00:00+00:00,2026-01-14 20:02:00+00:00,4635.82,breakout,4639.59,4624.509999999998,3.7700000000004366,11.31000000000131,120,2026-01-14 22:02:00+00:00,4635.82,4639.59,0,2026-01-14 20:10:00+00:00,4639.59,stop_loss,-3.7700000000004366,False
-1,2026-01-15 13:30:00+00:00,2026-01-15 13:31:00+00:00,4606.77,breakout,4611.8,4591.680000000001,5.029999999999745,15.089999999999236,120,2026-01-15 15:31:00+00:00,4606.77,4611.8,0,2026-01-15 13:36:00+00:00,4591.680000000001,target_hit,15.089999999999236,True
-1,2026-01-15 13:45:00+00:00,2026-01-15 13:46:00+00:00,4599.5,breakout,4606.55,4578.349999999999,7.050000000000182,21.150000000000546,120,2026-01-15 16:00:00+00:00,4599.5,4606.55,1,2026-01-15 14:27:00+00:00,4606.55,stop_loss,-7.050000000000182,False
1,2026-01-15 14:45:00+00:00,2026-01-15 14:49:00+00:00,4609.85,breakout,4601.27,4635.59,8.579999999999927,25.73999999999978,120,2026-01-15 17:15:00+00:00,4601.27,4609.85,2,2026-01-15 17:15:00+00:00,4608.08,timeout,-1.7700000000004366,False
-1,2026-01-15 20:15:00+00:00,2026-01-15 20:16:00+00:00,4605.62,breakout,4611.35,4588.4299999999985,5.730000000000473,17.19000000000142,120,2026-01-15 22:30:00+00:00,4605.62,4611.35,1,2026-01-15 21:07:00+00:00,4611.35,stop_loss,-5.730000000000473,False
-1,2026-01-16 13:00:00+00:00,2026-01-16 13:05:00+00:00,4597.66,breakout,4603.31,4580.709999999998,5.650000000000546,16.950000000001637,120,2026-01-16 15:05:00+00:00,4597.66,4603.31,0,2026-01-16 13:07:00+00:00,4603.31,stop_loss,-5.650000000000546,False
1,2026-01-16 13:45:00+00:00,2026-01-16 13:46:00+00:00,4599.19,breakout,4594.26,4613.979999999998,4.9299999999993815,14.789999999998145,120,2026-01-16 16:45:00+00:00,4594.26,4599.19,2,2026-01-16 14:47:00+00:00,4613.979999999998,target_hit,14.789999999998145,True
1,2026-01-16 15:00:00+00:00,2026-01-16 15:01:00+00:00,4611.59,breakout,4607.43,4624.07,4.1599999999998545,12.479999999999563,120,2026-01-16 17:15:00+00:00,4607.43,4611.59,1,2026-01-16 15:19:00+00:00,4607.43,stop_loss,-4.1599999999998545,False
-1,2026-01-16 15:30:00+00:00,2026-01-16 15:31:00+00:00,4609.97,breakout,4617.65,4586.930000000002,7.6799999999993815,23.039999999998145,120,2026-01-16 17:31:00+00:00,4609.97,4617.65,0,2026-01-16 15:32:00+00:00,4586.930000000002,target_hit,23.039999999998145,True
1,2026-01-16 16:00:00+00:00,2026-01-16 16:01:00+00:00,4565.21,breakout,4555.42,4594.58,9.789999999999964,29.36999999999989,120,2026-01-16 18:01:00+00:00,4555.42,4565.21,0,2026-01-16 16:15:00+00:00,4594.58,target_hit,29.36999999999989,True
1,2026-01-16 16:15:00+00:00,2026-01-16 16:16:00+00:00,4575.6,breakout,4568.2,4597.800000000002,7.400000000000546,22.200000000001637,120,2026-01-16 18:16:00+00:00,4568.2,4575.6,0,2026-01-16 16:38:00+00:00,4597.800000000002,target_hit,22.200000000001637,True
-1,2026-01-16 16:45:00+00:00,2026-01-16 16:48:00+00:00,4589.54,breakout,4594.85,4573.609999999999,5.3100000000004,15.9300000000012,120,2026-01-16 19:30:00+00:00,4589.54,4594.85,3,2026-01-16 18:33:00+00:00,4594.85,stop_loss,-5.3100000000004,False
1,2026-01-19 08:00:00+00:00,2026-01-19 08:01:00+00:00,4666.15,breakout,4661.67,4679.589999999998,4.479999999999563,13.43999999999869,120,2026-01-19 11:15:00+00:00,4661.67,4666.15,1,2026-01-19 10:44:00+00:00,4661.67,stop_loss,-4.479999999999563,False
-1,2026-01-20 13:30:00+00:00,2026-01-20 13:32:00+00:00,4718.4,breakout,4723.6,4702.799999999997,5.200000000000728,15.600000000002183,120,2026-01-20 15:32:00+00:00,4718.4,4723.6,0,2026-01-20 13:34:00+00:00,4723.6,stop_loss,-5.200000000000728,False
1,2026-01-20 13:45:00+00:00,2026-01-20 13:46:00+00:00,4728.49,breakout,4715.98,4766.02,12.510000000000218,37.530000000000655,120,2026-01-20 19:45:00+00:00,4715.98,4728.49,7,2026-01-20 18:21:00+00:00,4766.02,target_hit,37.530000000000655,True
-1,2026-01-20 19:30:00+00:00,2026-01-20 19:31:00+00:00,4760.92,breakout,4765.18,4748.139999999999,4.260000000000218,12.780000000000655,120,2026-01-20 21:31:00+00:00,4760.92,4765.18,0,2026-01-20 20:24:00+00:00,4748.139999999999,target_hit,12.780000000000655,True
-1,2026-01-20 20:30:00+00:00,2026-01-20 20:31:00+00:00,4752.26,breakout,4759.67,4730.030000000001,7.4099999999998545,22.229999999999563,120,2026-01-20 22:31:00+00:00,4752.26,4759.67,0,2026-01-20 21:05:00+00:00,4759.67,stop_loss,-7.4099999999998545,False
1,2026-01-21 08:00:00+00:00,2026-01-21 08:01:00+00:00,4855.42,breakout,4849.77,4872.369999999999,5.649999999999636,16.94999999999891,120,2026-01-21 10:30:00+00:00,4849.77,4855.42,2,2026-01-21 09:26:00+00:00,4872.369999999999,target_hit,16.94999999999891,True
1,2026-01-21 09:30:00+00:00,2026-01-21 09:31:00+00:00,4862.84,breakout,4859.27,4873.549999999999,3.569999999999709,10.709999999999127,120,2026-01-21 11:31:00+00:00,4859.27,4862.84,0,2026-01-21 09:32:00+00:00,4873.549999999999,target_hit,10.709999999999127,True
-1,2026-01-21 09:45:00+00:00,2026-01-21 09:46:00+00:00,4871.2,breakout,4875.67,4857.789999999999,4.470000000000255,13.410000000000764,120,2026-01-21 13:00:00+00:00,4871.2,4875.67,3,2026-01-21 11:46:00+00:00,4857.789999999999,target_hit,13.410000000000764,True
-1,2026-01-21 13:00:00+00:00,2026-01-21 13:01:00+00:00,4862.44,breakout,4865.99,4851.789999999999,3.550000000000182,10.650000000000546,120,2026-01-21 15:01:00+00:00,4862.44,4865.99,0,2026-01-21 13:07:00+00:00,4865.99,stop_loss,-3.550000000000182,False
1,2026-01-21 13:45:00+00:00,2026-01-21 13:53:00+00:00,4877.44,breakout,4872.94,4890.94,4.5,13.5,120,2026-01-21 16:00:00+00:00,4872.94,4877.44,1,2026-01-21 14:02:00+00:00,4872.94,stop_loss,-4.5,False
-1,2026-01-21 14:15:00+00:00,2026-01-21 14:16:00+00:00,4873.91,breakout,4879.44,4857.320000000001,5.529999999999745,16.589999999999236,120,2026-01-21 16:16:00+00:00,4873.91,4879.44,0,2026-01-21 14:17:00+00:00,4857.320000000001,target_hit,16.589999999999236,True
1,2026-01-21 14:30:00+00:00,2026-01-21 14:31:00+00:00,4850.59,breakout,4841.88,4876.72,8.710000000000036,26.13000000000011,120,2026-01-21 17:15:00+00:00,4841.88,4850.59,2,2026-01-21 15:18:00+00:00,4841.88,stop_loss,-8.710000000000036,False
-1,2026-01-21 15:30:00+00:00,2026-01-21 15:31:00+00:00,4852.0,breakout,4858.35,4832.949999999999,6.350000000000364,19.05000000000109,120,2026-01-21 17:31:00+00:00,4852.0,4858.35,0,2026-01-21 15:32:00+00:00,4832.949999999999,target_hit,19.05000000000109,True
1,2026-01-21 15:45:00+00:00,2026-01-21 15:46:00+00:00,4837.68,breakout,4831.07,4857.510000000002,6.610000000000582,19.830000000001746,120,2026-01-21 18:15:00+00:00,4831.07,4837.68,2,2026-01-21 16:25:00+00:00,4831.07,stop_loss,-6.610000000000582,False
-1,2026-01-21 17:00:00+00:00,2026-01-21 17:01:00+00:00,4830.47,breakout,4834.9,4817.180000000002,4.4299999999993815,13.289999999998145,120,2026-01-21 19:01:00+00:00,4830.47,4834.9,0,2026-01-21 17:13:00+00:00,4817.180000000002,target_hit,13.289999999998145,True
-1,2026-01-21 17:15:00+00:00,2026-01-21 17:16:00+00:00,4829.7,breakout,4834.64,4814.879999999998,4.940000000000509,14.820000000001528,120,2026-01-21 19:16:00+00:00,4829.7,4834.64,0,2026-01-21 17:31:00+00:00,4814.879999999998,target_hit,14.820000000001528,True
-1,2026-01-21 17:45:00+00:00,2026-01-21 17:46:00+00:00,4815.38,breakout,4821.69,4796.450000000002,6.309999999999491,18.929999999998472,120,2026-01-21 19:46:00+00:00,4815.38,4821.69,0,2026-01-21 17:52:00+00:00,4821.69,stop_loss,-6.309999999999491,False
1,2026-01-21 18:00:00+00:00,2026-01-21 18:01:00+00:00,4819.98,breakout,4816.77,4829.609999999997,3.209999999999127,9.62999999999738,120,2026-01-21 20:01:00+00:00,4816.77,4819.98,0,2026-01-21 18:07:00+00:00,4829.609999999997,target_hit,9.62999999999738,True
1,2026-01-21 18:15:00+00:00,2026-01-21 18:21:00+00:00,4828.3,breakout,4823.52,4842.639999999999,4.779999999999745,14.339999999999236,120,2026-01-21 20:30:00+00:00,4823.52,4828.3,1,2026-01-21 18:49:00+00:00,4842.639999999999,target_hit,14.339999999999236,True
1,2026-01-21 19:00:00+00:00,2026-01-21 19:01:00+00:00,4841.27,breakout,4837.06,4853.900000000001,4.210000000000036,12.63000000000011,120,2026-01-21 21:01:00+00:00,4837.06,4841.27,0,2026-01-21 19:26:00+00:00,4853.900000000001,target_hit,12.63000000000011,True
-1,2026-01-21 19:30:00+00:00,2026-01-21 19:31:00+00:00,4812.45,breakout,4853.5,4689.299999999999,41.05000000000018,123.15000000000055,120,2026-01-21 21:45:00+00:00,4812.45,4853.5,1,2026-01-21 21:45:00+00:00,4837.19,timeout,-24.73999999999978,False
-1,2026-01-22 12:00:00+00:00,2026-01-22 12:01:00+00:00,4831.78,breakout,4836.05,4818.969999999998,4.270000000000437,12.81000000000131,120,2026-01-22 14:15:00+00:00,4831.78,4836.05,1,2026-01-22 13:00:00+00:00,4818.969999999998,target_hit,12.81000000000131,True
-1,2026-01-22 13:30:00+00:00,2026-01-22 13:31:00+00:00,4827.83,breakout,4833.2,4811.72,5.369999999999891,16.109999999999673,120,2026-01-22 15:31:00+00:00,4827.83,4833.2,0,2026-01-22 13:42:00+00:00,4811.72,target_hit,16.109999999999673,True
-1,2026-01-22 13:45:00+00:00,2026-01-22 13:46:00+00:00,4821.74,breakout,4830.13,4796.569999999999,8.390000000000327,25.170000000000982,120,2026-01-22 15:46:00+00:00,4821.74,4830.13,0,2026-01-22 14:28:00+00:00,4830.13,stop_loss,-8.390000000000327,False
1,2026-01-22 14:45:00+00:00,2026-01-22 14:46:00+00:00,4835.33,breakout,4829.87,4851.71,5.460000000000036,16.38000000000011,120,2026-01-22 16:46:00+00:00,4829.87,4835.33,0,2026-01-22 15:00:00+00:00,4829.87,stop_loss,-5.460000000000036,False
-1,2026-01-22 15:00:00+00:00,2026-01-22 15:01:00+00:00,4836.66,breakout,4844.35,4813.589999999998,7.690000000000509,23.070000000001528,120,2026-01-22 17:15:00+00:00,4836.66,4844.35,1,2026-01-22 15:24:00+00:00,4844.35,stop_loss,-7.690000000000509,False
1,2026-01-22 15:30:00+00:00,2026-01-22 15:31:00+00:00,4843.19,breakout,4837.87,4859.149999999999,5.319999999999709,15.959999999999127,120,2026-01-22 17:31:00+00:00,4837.87,4843.19,0,2026-01-22 15:32:00+00:00,4859.149999999999,target_hit,15.959999999999127,True
1,2026-01-22 15:45:00+00:00,2026-01-22 15:46:00+00:00,4860.39,breakout,4854.93,4876.77,5.460000000000036,16.38000000000011,120,2026-01-22 18:15:00+00:00,4854.93,4860.39,2,2026-01-22 16:18:00+00:00,4876.77,target_hit,16.38000000000011,True
1,2026-01-22 16:15:00+00:00,2026-01-22 16:18:00+00:00,4876.54,breakout,4872.17,4889.65,4.369999999999891,13.109999999999673,120,2026-01-22 19:00:00+00:00,4872.17,4876.54,3,2026-01-22 17:08:00+00:00,4872.17,stop_loss,-4.369999999999891,False
1,2026-01-22 17:30:00+00:00,2026-01-22 17:31:00+00:00,4891.27,breakout,4881.25,4921.330000000002,10.020000000000437,30.06000000000131,120,2026-01-22 20:15:00+00:00,4881.25,4891.27,2,2026-01-22 19:06:00+00:00,4921.330000000002,target_hit,30.06000000000131,True
1,2026-01-22 20:15:00+00:00,2026-01-22 20:16:00+00:00,4926.53,breakout,4922.79,4937.749999999999,3.7399999999997817,11.219999999999345,120,2026-01-22 22:16:00+00:00,4922.79,4926.53,0,2026-01-22 20:34:00+00:00,4922.79,stop_loss,-3.7399999999997817,False
-1,2026-01-22 20:45:00+00:00,2026-01-22 20:50:00+00:00,4920.46,breakout,4925.49,4905.370000000001,5.029999999999745,15.089999999999236,120,2026-01-22 22:50:00+00:00,4920.46,4925.49,0,2026-01-22 21:29:00+00:00,4925.49,stop_loss,-5.029999999999745,False
-1,2026-01-23 08:00:00+00:00,2026-01-23 08:01:00+00:00,4945.36,breakout,4949.39,4933.269999999998,4.030000000000655,12.090000000001965,120,2026-01-23 10:15:00+00:00,4945.36,4949.39,1,2026-01-23 08:20:00+00:00,4933.269999999998,target_hit,12.090000000001965,True
-1,2026-01-23 08:30:00+00:00,2026-01-23 08:31:00+00:00,4929.8,breakout,4939.42,4900.9400000000005,9.61999999999989,28.859999999999673,120,2026-01-23 11:00:00+00:00,4929.8,4939.42,1,2026-01-23 09:29:00+00:00,4900.9400000000005,target_hit,28.859999999999673,True
-1,2026-01-23 09:30:00+00:00,2026-01-23 09:31:00+00:00,4908.44,breakout,4912.89,4895.089999999997,4.450000000000728,13.350000000002183,120,2026-01-23 11:31:00+00:00,4908.44,4912.89,0,2026-01-23 09:38:00+00:00,4912.89,stop_loss,-4.450000000000728,False
1,2026-01-23 09:45:00+00:00,2026-01-23 09:46:00+00:00,4912.46,breakout,4906.75,4929.59,5.710000000000036,17.13000000000011,120,2026-01-23 12:15:00+00:00,4906.75,4912.46,2,2026-01-23 10:25:00+00:00,4929.59,target_hit,17.13000000000011,True
-1,2026-01-23 11:15:00+00:00,2026-01-23 11:16:00+00:00,4925.34,breakout,4930.13,4910.97,4.789999999999964,14.36999999999989,120,2026-01-23 13:30:00+00:00,4925.34,4930.13,1,2026-01-23 12:02:00+00:00,4930.13,stop_loss,-4.789999999999964,False
1,2026-01-23 12:15:00+00:00,2026-01-23 12:16:00+00:00,4927.27,breakout,4923.37,4938.970000000002,3.9000000000005457,11.700000000001637,120,2026-01-23 14:30:00+00:00,4923.37,4927.27,1,2026-01-23 12:40:00+00:00,4938.970000000002,target_hit,11.700000000001637,True
1,2026-01-23 13:15:00+00:00,2026-01-23 13:16:00+00:00,4940.2,breakout,4933.8,4959.399999999999,6.399999999999636,19.19999999999891,120,2026-01-23 15:16:00+00:00,4933.8,4940.2,0,2026-01-23 13:20:00+00:00,4933.8,stop_loss,-6.399999999999636,False
-1,2026-01-23 13:30:00+00:00,2026-01-23 13:31:00+00:00,4935.36,breakout,4940.91,4918.709999999999,5.550000000000182,16.650000000000546,120,2026-01-23 15:31:00+00:00,4935.36,4940.91,0,2026-01-23 13:54:00+00:00,4940.91,stop_loss,-5.550000000000182,False
-1,2026-01-23 14:00:00+00:00,2026-01-23 14:01:00+00:00,4935.78,breakout,4940.51,4921.589999999998,4.730000000000473,14.190000000001419,120,2026-01-23 16:01:00+00:00,4935.78,4940.51,0,2026-01-23 14:04:00+00:00,4940.51,stop_loss,-4.730000000000473,False
1,2026-01-23 14:15:00+00:00,2026-01-23 14:16:00+00:00,4941.03,breakout,4934.68,4960.079999999998,6.349999999999454,19.049999999998363,120,2026-01-23 16:16:00+00:00,4934.68,4941.03,0,2026-01-23 14:30:00+00:00,4934.68,stop_loss,-6.349999999999454,False
-1,2026-01-23 15:00:00+00:00,2026-01-23 15:01:00+00:00,4946.52,breakout,4951.09,4932.810000000001,4.569999999999709,13.709999999999127,120,2026-01-23 17:01:00+00:00,4946.52,4951.09,0,2026-01-23 15:05:00+00:00,4951.09,stop_loss,-4.569999999999709,False
1,2026-01-23 15:15:00+00:00,2026-01-23 15:16:00+00:00,4949.12,breakout,4944.64,4962.559999999999,4.479999999999563,13.43999999999869,120,2026-01-23 17:16:00+00:00,4944.64,4949.12,0,2026-01-23 15:17:00+00:00,4944.64,stop_loss,-4.479999999999563,False
-1,2026-01-23 15:30:00+00:00,2026-01-23 15:36:00+00:00,4948.15,breakout,4954.49,4929.129999999999,6.3400000000001455,19.020000000000437,120,2026-01-23 17:36:00+00:00,4948.15,4954.49,0,2026-01-23 15:39:00+00:00,4954.49,stop_loss,-6.3400000000001455,False
1,2026-01-23 15:45:00+00:00,2026-01-23 15:46:00+00:00,4950.33,breakout,4944.05,4969.169999999999,6.279999999999745,18.839999999999236,120,2026-01-23 17:46:00+00:00,4944.05,4950.33,0,2026-01-23 16:09:00+00:00,4969.169999999999,target_hit,18.839999999999236,True
1,2026-01-23 16:15:00+00:00,2026-01-23 16:16:00+00:00,4974.45,breakout,4963.95,5005.95,10.5,31.5,120,2026-01-23 19:15:00+00:00,4963.95,4974.45,2,2026-01-23 17:56:00+00:00,4963.95,stop_loss,-10.5,False
-1,2026-01-23 18:00:00+00:00,2026-01-23 18:01:00+00:00,4980.45,breakout,4984.27,4968.989999999998,3.8200000000006185,11.460000000001855,120,2026-01-23 20:01:00+00:00,4980.45,4984.27,0,2026-01-23 18:21:00+00:00,4984.27,stop_loss,-3.8200000000006185,False
-1,2026-01-23 18:30:00+00:00,2026-01-23 18:31:00+00:00,4979.39,breakout,4983.76,4966.280000000001,4.369999999999891,13.109999999999673,120,2026-01-23 20:31:00+00:00,4979.39,4983.76,0,2026-01-23 18:41:00+00:00,4966.280000000001,target_hit,13.109999999999673,True
-1,2026-01-23 18:45:00+00:00,2026-01-23 18:46:00+00:00,4973.68,breakout,4979.0,4957.720000000001,5.319999999999709,15.959999999999127,120,2026-01-23 21:15:00+00:00,4973.68,4979.0,2,2026-01-23 19:20:00+00:00,4979.0,stop_loss,-5.319999999999709,False
1,2026-01-26 08:15:00+00:00,2026-01-26 08:16:00+00:00,5095.01,breakout,5089.92,5110.280000000001,5.0900000000001455,15.270000000000437,120,2026-01-26 10:16:00+00:00,5089.92,5095.01,0,2026-01-26 08:48:00+00:00,5089.92,stop_loss,-5.0900000000001455,False
1,2026-01-26 09:15:00+00:00,2026-01-26 09:16:00+00:00,5090.47,breakout,5082.57,5114.170000000002,7.900000000000546,23.700000000001637,120,2026-01-26 11:16:00+00:00,5082.57,5090.47,0,2026-01-26 09:50:00+00:00,5082.57,stop_loss,-7.900000000000546,False
-1,2026-01-26 10:00:00+00:00,2026-01-26 10:01:00+00:00,5083.42,breakout,5089.98,5063.740000000002,6.559999999999491,19.679999999998472,120,2026-01-26 12:01:00+00:00,5083.42,5089.98,0,2026-01-26 10:14:00+00:00,5089.98,stop_loss,-6.559999999999491,False
-1,2026-01-26 12:15:00+00:00,2026-01-26 12:18:00+00:00,5088.06,breakout,5091.81,5076.81,3.75,11.25,120,2026-01-26 14:18:00+00:00,5088.06,5091.81,0,2026-01-26 12:21:00+00:00,5091.81,stop_loss,-3.75,False
-1,2026-01-26 12:30:00+00:00,2026-01-26 12:31:00+00:00,5090.54,breakout,5095.05,5077.009999999999,4.510000000000218,13.530000000000655,120,2026-01-26 14:45:00+00:00,5090.54,5095.05,1,2026-01-26 13:00:00+00:00,5077.009999999999,target_hit,13.530000000000655,True
-1,2026-01-26 13:00:00+00:00,2026-01-26 13:01:00+00:00,5077.22,breakout,5084.93,5054.09,7.710000000000036,23.13000000000011,120,2026-01-26 16:30:00+00:00,5077.22,5084.93,5,2026-01-26 14:34:00+00:00,5084.93,stop_loss,-7.710000000000036,False
1,2026-01-26 14:45:00+00:00,2026-01-26 14:46:00+00:00,5082.65,breakout,5077.72,5097.439999999998,4.9299999999993815,14.789999999998145,120,2026-01-26 16:46:00+00:00,5077.72,5082.65,0,2026-01-26 15:00:00+00:00,5097.439999999998,target_hit,14.789999999998145,True
1,2026-01-26 15:00:00+00:00,2026-01-26 15:01:00+00:00,5086.26,breakout,5080.8,5102.64,5.460000000000036,16.38000000000011,120,2026-01-26 17:01:00+00:00,5080.8,5086.26,0,2026-01-26 15:34:00+00:00,5080.8,stop_loss,-5.460000000000036,False
-1,2026-01-26 15:45:00+00:00,2026-01-26 15:46:00+00:00,5084.12,breakout,5089.86,5066.900000000001,5.739999999999782,17.219999999999345,120,2026-01-26 17:46:00+00:00,5084.12,5089.86,0,2026-01-26 15:53:00+00:00,5089.86,stop_loss,-5.739999999999782,False
1,2026-01-26 16:00:00+00:00,2026-01-26 16:01:00+00:00,5084.97,breakout,5079.12,5102.520000000001,5.850000000000364,17.55000000000109,120,2026-01-26 18:01:00+00:00,5079.12,5084.97,0,2026-01-26 16:04:00+00:00,5102.520000000001,target_hit,17.55000000000109,True
1,2026-01-26 16:15:00+00:00,2026-01-26 16:16:00+00:00,5096.4,breakout,5091.62,5110.739999999999,4.779999999999745,14.339999999999236,120,2026-01-26 18:16:00+00:00,5091.62,5096.4,0,2026-01-26 16:21:00+00:00,5091.62,stop_loss,-4.779999999999745,False
-1,2026-01-26 16:30:00+00:00,2026-01-26 16:31:00+00:00,5097.58,breakout,5101.38,5086.179999999999,3.800000000000182,11.400000000000546,120,2026-01-26 18:31:00+00:00,5097.58,5101.38,0,2026-01-26 16:32:00+00:00,5086.179999999999,target_hit,11.400000000000546,True
1,2026-01-26 16:45:00+00:00,2026-01-26 16:46:00+00:00,5081.59,breakout,5072.94,5107.540000000002,8.650000000000546,25.950000000001637,120,2026-01-26 20:30:00+00:00,5072.94,5081.59,3,2026-01-26 18:33:00+00:00,5072.94,stop_loss,-8.650000000000546,False
-1,2026-01-26 18:45:00+00:00,2026-01-26 18:46:00+00:00,5075.46,breakout,5083.37,5051.7300000000005,7.9099999999998545,23.729999999999563,120,2026-01-26 20:46:00+00:00,5075.46,5083.37,0,2026-01-26 19:02:00+00:00,5051.7300000000005,target_hit,23.729999999999563,True
-1,2026-01-26 19:15:00+00:00,2026-01-26 19:16:00+00:00,5059.27,breakout,5069.32,5029.120000000003,10.049999999999272,30.149999999997817,120,2026-01-26 21:16:00+00:00,5059.27,5069.32,0,2026-01-26 19:21:00+00:00,5029.120000000003,target_hit,30.149999999997817,True
-1,2026-01-26 19:30:00+00:00,2026-01-26 19:31:00+00:00,5054.64,breakout,5061.33,5034.5700000000015,6.6899999999996,20.0699999999988,120,2026-01-26 21:31:00+00:00,5054.64,5061.33,0,2026-01-26 19:36:00+00:00,5034.5700000000015,target_hit,20.0699999999988,True
1,2026-01-26 20:15:00+00:00,2026-01-26 20:16:00+00:00,5036.28,breakout,5026.5,5065.619999999999,9.779999999999745,29.339999999999236,120,2026-01-26 22:16:00+00:00,5026.5,5036.28,0,2026-01-26 21:17:00+00:00,5026.5,stop_loss,-9.779999999999745,False
1,2026-01-27 08:45:00+00:00,2026-01-27 08:46:00+00:00,5081.19,breakout,5075.01,5099.729999999998,6.1799999999993815,18.539999999998145,120,2026-01-27 13:15:00+00:00,5075.01,5081.19,2,2026-01-27 11:48:00+00:00,5075.01,stop_loss,-6.1799999999993815,False
-1,2026-01-27 12:00:00+00:00,2026-01-27 12:01:00+00:00,5078.68,breakout,5084.55,5061.070000000001,5.869999999999891,17.609999999999673,120,2026-01-27 14:15:00+00:00,5078.68,5084.55,1,2026-01-27 12:32:00+00:00,5084.55,stop_loss,-5.869999999999891,False
1,2026-01-27 12:45:00+00:00,2026-01-27 12:46:00+00:00,5083.41,breakout,5077.9,5099.9400000000005,5.510000000000218,16.530000000000655,120,2026-01-27 15:15:00+00:00,5077.9,5083.41,1,2026-01-27 13:29:00+00:00,5077.9,stop_loss,-5.510000000000218,False
-1,2026-01-27 13:30:00+00:00,2026-01-27 13:31:00+00:00,5085.85,breakout,5092.86,5064.820000000002,7.009999999999309,21.029999999997926,120,2026-01-27 15:45:00+00:00,5085.85,5092.86,1,2026-01-27 14:05:00+00:00,5064.820000000002,target_hit,21.029999999997926,True
-1,2026-01-27 14:15:00+00:00,2026-01-27 14:16:00+00:00,5070.88,breakout,5077.62,5050.660000000001,6.739999999999782,20.219999999999345,120,2026-01-27 16:16:00+00:00,5070.88,5077.62,0,2026-01-27 14:17:00+00:00,5050.660000000001,target_hit,20.219999999999345,True
1,2026-01-27 14:45:00+00:00,2026-01-27 14:46:00+00:00,5070.4,breakout,5059.43,5103.309999999998,10.969999999999345,32.909999999998035,120,2026-01-27 16:46:00+00:00,5059.43,5070.4,0,2026-01-27 14:51:00+00:00,5059.43,stop_loss,-10.969999999999345,False
-1,2026-01-27 15:00:00+00:00,2026-01-27 15:01:00+00:00,5072.35,breakout,5079.83,5049.910000000002,7.479999999999563,22.43999999999869,120,2026-01-27 17:15:00+00:00,5072.35,5079.83,1,2026-01-27 15:33:00+00:00,5079.83,stop_loss,-7.479999999999563,False
1,2026-01-27 15:45:00+00:00,2026-01-27 15:46:00+00:00,5074.62,breakout,5068.83,5091.99,5.789999999999964,17.36999999999989,120,2026-01-27 17:46:00+00:00,5068.83,5074.62,0,2026-01-27 16:00:00+00:00,5091.99,target_hit,17.36999999999989,True
-1,2026-01-27 16:30:00+00:00,2026-01-27 16:31:00+00:00,5095.18,breakout,5099.85,5081.17,4.670000000000073,14.010000000000218,120,2026-01-27 18:45:00+00:00,5095.18,5099.85,1,2026-01-27 17:05:00+00:00,5081.17,target_hit,14.010000000000218,True
-1,2026-01-27 17:30:00+00:00,2026-01-27 17:37:00+00:00,5081.37,breakout,5090.17,5054.969999999999,8.800000000000182,26.400000000000546,120,2026-01-27 20:15:00+00:00,5081.37,5090.17,3,2026-01-27 18:31:00+00:00,5090.17,stop_loss,-8.800000000000182,False
1,2026-01-27 18:30:00+00:00,2026-01-27 18:31:00+00:00,5086.5,breakout,5082.63,5098.11,3.869999999999891,11.609999999999673,120,2026-01-27 21:00:00+00:00,5082.63,5086.5,2,2026-01-27 19:06:00+00:00,5082.63,stop_loss,-3.869999999999891,False
1,2026-01-27 20:00:00+00:00,2026-01-27 20:01:00+00:00,5099.84,breakout,5094.14,5116.94,5.699999999999818,17.099999999999454,120,2026-01-27 22:01:00+00:00,5094.14,5099.84,0,2026-01-27 20:03:00+00:00,5116.94,target_hit,17.099999999999454,True
1,2026-01-27 20:15:00+00:00,2026-01-27 20:16:00+00:00,5120.31,breakout,5101.06,5178.06,19.25,57.75,120,2026-01-27 22:45:00+00:00,5101.06,5120.31,1,2026-01-27 20:55:00+00:00,5178.06,target_hit,57.75,True
1,2026-01-28 08:00:00+00:00,2026-01-28 08:01:00+00:00,5288.83,breakout,5280.33,5314.33,8.5,25.5,120,2026-01-28 10:45:00+00:00,5280.33,5288.83,2,2026-01-28 09:14:00+00:00,5280.33,stop_loss,-8.5,False
-1,2026-01-28 09:15:00+00:00,2026-01-28 09:16:00+00:00,5283.22,breakout,5292.36,5255.800000000002,9.139999999999418,27.419999999998254,120,2026-01-28 12:30:00+00:00,5283.22,5292.36,3,2026-01-28 11:04:00+00:00,5255.800000000002,target_hit,27.419999999998254,True
-1,2026-01-28 11:15:00+00:00,2026-01-28 11:16:00+00:00,5265.35,breakout,5270.81,5248.97,5.460000000000036,16.38000000000011,120,2026-01-28 13:16:00+00:00,5265.35,5270.81,0,2026-01-28 11:21:00+00:00,5248.97,target_hit,16.38000000000011,True
-1,2026-01-28 11:30:00+00:00,2026-01-28 11:32:00+00:00,5253.41,breakout,5260.39,5232.469999999998,6.980000000000473,20.94000000000142,120,2026-01-28 13:32:00+00:00,5253.41,5260.39,0,2026-01-28 11:40:00+00:00,5260.39,stop_loss,-6.980000000000473,False
1,2026-01-28 11:45:00+00:00,2026-01-28 11:46:00+00:00,5258.51,breakout,5254.48,5270.600000000002,4.030000000000655,12.090000000001965,120,2026-01-28 13:46:00+00:00,5254.48,5258.51,0,2026-01-28 12:05:00+00:00,5254.48,stop_loss,-4.030000000000655,False
1,2026-01-28 12:30:00+00:00,2026-01-28 12:32:00+00:00,5264.32,breakout,5260.54,5275.659999999999,3.7799999999997453,11.339999999999236,120,2026-01-28 14:45:00+00:00,5260.54,5264.32,1,2026-01-28 12:54:00+00:00,5275.659999999999,target_hit,11.339999999999236,True
1,2026-01-28 13:15:00+00:00,2026-01-28 13:25:00+00:00,5284.34,breakout,5280.79,5294.990000000001,3.550000000000182,10.650000000000546,120,2026-01-28 15:25:00+00:00,5280.79,5284.34,0,2026-01-28 13:26:00+00:00,5280.79,stop_loss,-3.550000000000182,False
1,2026-01-28 13:30:00+00:00,2026-01-28 13:31:00+00:00,5278.11,breakout,5274.03,5290.349999999999,4.079999999999927,12.239999999999782,120,2026-01-28 15:31:00+00:00,5274.03,5278.11,0,2026-01-28 13:35:00+00:00,5274.03,stop_loss,-4.079999999999927,False
-1,2026-01-28 13:45:00+00:00,2026-01-28 13:46:00+00:00,5274.13,breakout,5279.41,5258.290000000001,5.279999999999745,15.839999999999236,120,2026-01-28 16:00:00+00:00,5274.13,5279.41,1,2026-01-28 14:03:00+00:00,5258.290000000001,target_hit,15.839999999999236,True
-1,2026-01-28 14:00:00+00:00,2026-01-28 14:06:00+00:00,5256.93,breakout,5261.93,5241.93,5.0,15.0,120,2026-01-28 16:06:00+00:00,5256.93,5261.93,0,2026-01-28 14:10:00+00:00,5261.93,stop_loss,-5.0,False
1,2026-01-28 14:30:00+00:00,2026-01-28 14:35:00+00:00,5268.81,breakout,5264.98,5280.300000000003,3.8300000000008367,11.49000000000251,120,2026-01-28 16:35:00+00:00,5264.98,5268.81,0,2026-01-28 14:39:00+00:00,5280.300000000003,target_hit,11.49000000000251,True
-1,2026-01-28 15:00:00+00:00,2026-01-28 15:07:00+00:00,5273.89,breakout,5280.57,5253.850000000002,6.6799999999993815,20.039999999998145,120,2026-01-28 17:07:00+00:00,5273.89,5280.57,0,2026-01-28 15:08:00+00:00,5253.850000000002,target_hit,20.039999999998145,True
1,2026-01-28 15:30:00+00:00,2026-01-28 15:31:00+00:00,5266.28,breakout,5256.49,5295.65,9.789999999999964,29.36999999999989,120,2026-01-28 18:30:00+00:00,5256.49,5266.28,3,2026-01-28 16:46:00+00:00,5295.65,target_hit,29.36999999999989,True
1,2026-01-28 17:00:00+00:00,2026-01-28 17:01:00+00:00,5287.24,breakout,5282.22,5302.299999999998,5.019999999999527,15.059999999998581,120,2026-01-28 19:01:00+00:00,5282.22,5287.24,0,2026-01-28 17:02:00+00:00,5302.299999999998,target_hit,15.059999999998581,True
-1,2026-01-28 17:15:00+00:00,2026-01-28 17:16:00+00:00,5297.97,breakout,5302.87,5283.270000000001,4.899999999999636,14.699999999998909,120,2026-01-28 19:16:00+00:00,5297.97,5302.87,0,2026-01-28 17:26:00+00:00,5302.87,stop_loss,-4.899999999999636,False
1,2026-01-28 17:30:00+00:00,2026-01-28 17:31:00+00:00,5297.35,breakout,5290.41,5318.170000000002,6.940000000000509,20.820000000001528,120,2026-01-28 19:31:00+00:00,5290.41,5297.35,0,2026-01-28 17:35:00+00:00,5290.41,stop_loss,-6.940000000000509,False
-1,2026-01-28 17:45:00+00:00,2026-01-28 17:46:00+00:00,5296.14,breakout,5301.95,5278.710000000002,5.809999999999491,17.429999999998472,120,2026-01-28 19:46:00+00:00,5296.14,5301.95,0,2026-01-28 17:53:00+00:00,5301.95,stop_loss,-5.809999999999491,False
1,2026-01-28 18:00:00+00:00,2026-01-28 18:01:00+00:00,5294.65,breakout,5289.27,5310.789999999997,5.3799999999992,16.1399999999976,120,2026-01-28 20:15:00+00:00,5289.27,5294.65,1,2026-01-28 18:18:00+00:00,5310.789999999997,target_hit,16.1399999999976,True
-1,2026-01-28 18:45:00+00:00,2026-01-28 18:46:00+00:00,5290.04,breakout,5308.39,5234.989999999999,18.350000000000364,55.05000000000109,120,2026-01-28 21:30:00+00:00,5290.04,5308.39,1,2026-01-28 19:43:00+00:00,5308.39,stop_loss,-18.350000000000364,False
1,2026-01-28 19:45:00+00:00,2026-01-28 19:46:00+00:00,5292.74,breakout,5284.63,5317.069999999999,8.109999999999673,24.329999999999018,120,2026-01-28 21:46:00+00:00,5284.63,5292.74,0,2026-01-28 19:48:00+00:00,5317.069999999999,target_hit,24.329999999999018,True
1,2026-01-28 20:00:00+00:00,2026-01-28 20:01:00+00:00,5317.61,breakout,5307.32,5348.48,10.289999999999964,30.86999999999989,120,2026-01-28 22:15:00+00:00,5307.32,5317.61,1,2026-01-28 20:26:00+00:00,5348.48,target_hit,30.86999999999989,True
1,2026-01-28 20:30:00+00:00,2026-01-28 20:31:00+00:00,5329.86,breakout,5322.38,5352.299999999998,7.479999999999563,22.43999999999869,120,2026-01-28 22:31:00+00:00,5322.38,5329.86,0,2026-01-28 20:32:00+00:00,5352.299999999998,target_hit,22.43999999999869,True
1,2026-01-28 20:45:00+00:00,2026-01-28 20:46:00+00:00,5362.23,breakout,5353.11,5389.589999999999,9.11999999999989,27.359999999999673,120,2026-01-28 22:46:00+00:00,5353.11,5362.23,0,2026-01-28 20:48:00+00:00,5389.589999999999,target_hit,27.359999999999673,True
-1,2026-01-29 08:00:00+00:00,2026-01-29 08:01:00+00:00,5547.0,breakout,5551.42,5533.74,4.420000000000073,13.260000000000218,120,2026-01-29 10:01:00+00:00,5547.0,5551.42,0,2026-01-29 08:04:00+00:00,5533.74,target_hit,13.260000000000218,True
-1,2026-01-29 08:15:00+00:00,2026-01-29 08:16:00+00:00,5546.78,breakout,5555.23,5521.43,8.449999999999818,25.349999999999454,120,2026-01-29 10:16:00+00:00,5546.78,5555.23,0,2026-01-29 08:31:00+00:00,5521.43,target_hit,25.349999999999454,True
-1,2026-01-29 08:45:00+00:00,2026-01-29 08:46:00+00:00,5525.41,breakout,5530.74,5509.42,5.329999999999927,15.989999999999782,120,2026-01-29 10:46:00+00:00,5525.41,5530.74,0,2026-01-29 08:47:00+00:00,5509.42,target_hit,15.989999999999782,True
1,2026-01-29 09:00:00+00:00,2026-01-29 09:01:00+00:00,5499.11,breakout,5479.02,5559.379999999997,20.089999999999236,60.26999999999771,120,2026-01-29 11:45:00+00:00,5479.02,5499.11,1,2026-01-29 11:03:00+00:00,5479.02,stop_loss,-20.089999999999236,False
1,2026-01-29 11:30:00+00:00,2026-01-29 11:31:00+00:00,5513.17,breakout,5507.39,5530.509999999999,5.779999999999745,17.339999999999236,120,2026-01-29 14:00:00+00:00,5507.39,5513.17,1,2026-01-29 12:13:00+00:00,5530.509999999999,target_hit,17.339999999999236,True
1,2026-01-29 12:15:00+00:00,2026-01-29 12:16:00+00:00,5525.63,breakout,5522.08,5536.280000000001,3.550000000000182,10.650000000000546,120,2026-01-29 14:16:00+00:00,5522.08,5525.63,0,2026-01-29 12:17:00+00:00,5536.280000000001,target_hit,10.650000000000546,True
-1,2026-01-29 12:30:00+00:00,2026-01-29 12:37:00+00:00,5534.58,breakout,5539.29,5520.45,4.710000000000036,14.13000000000011,120,2026-01-29 14:45:00+00:00,5534.58,5539.29,1,2026-01-29 12:52:00+00:00,5539.29,stop_loss,-4.710000000000036,False
1,2026-01-29 13:00:00+00:00,2026-01-29 13:01:00+00:00,5535.15,breakout,5527.95,5556.749999999999,7.199999999999818,21.599999999999454,120,2026-01-29 15:01:00+00:00,5527.95,5535.15,0,2026-01-29 13:10:00+00:00,5527.95,stop_loss,-7.199999999999818,False
1,2026-01-29 13:30:00+00:00,2026-01-29 13:40:00+00:00,5518.89,breakout,5510.95,5542.710000000002,7.940000000000509,23.820000000001528,120,2026-01-29 15:40:00+00:00,5510.95,5518.89,0,2026-01-29 13:50:00+00:00,5510.95,stop_loss,-7.940000000000509,False
-1,2026-01-29 14:00:00+00:00,2026-01-29 14:01:00+00:00,5518.98,breakout,5524.54,5502.299999999998,5.5600000000004,16.6800000000012,120,2026-01-29 16:01:00+00:00,5518.98,5524.54,0,2026-01-29 14:07:00+00:00,5524.54,stop_loss,-5.5600000000004,False
1,2026-01-29 14:15:00+00:00,2026-01-29 14:16:00+00:00,5521.39,breakout,5513.45,5545.210000000002,7.940000000000509,23.820000000001528,120,2026-01-29 16:16:00+00:00,5513.45,5521.39,0,2026-01-29 14:27:00+00:00,5545.210000000002,target_hit,23.820000000001528,True
-1,2026-01-29 14:30:00+00:00,2026-01-29 14:34:00+00:00,5522.36,breakout,5532.75,5491.189999999999,10.390000000000327,31.170000000000982,120,2026-01-29 16:34:00+00:00,5522.36,5532.75,0,2026-01-29 14:39:00+00:00,5532.75,stop_loss,-10.390000000000327,False
-1,2026-01-29 14:45:00+00:00,2026-01-29 14:46:00+00:00,5531.76,breakout,5546.03,5488.950000000002,14.269999999999527,42.80999999999858,120,2026-01-29 16:46:00+00:00,5531.76,5546.03,0,2026-01-29 15:00:00+00:00,5488.950000000002,target_hit,42.80999999999858,True
-1,2026-01-29 15:00:00+00:00,2026-01-29 15:01:00+00:00,5509.03,breakout,5523.03,5467.03,14.0,42.0,120,2026-01-29 17:01:00+00:00,5509.03,5523.03,0,2026-01-29 15:02:00+00:00,5467.03,target_hit,42.0,True
-1,2026-01-29 15:15:00+00:00,2026-01-29 15:16:00+00:00,5481.39,breakout,5496.84,5435.040000000001,15.449999999999818,46.349999999999454,120,2026-01-29 17:16:00+00:00,5481.39,5496.84,0,2026-01-29 15:17:00+00:00,5435.040000000001,target_hit,46.349999999999454,True
-1,2026-01-29 15:30:00+00:00,2026-01-29 15:31:00+00:00,5345.42,breakout,5388.73,5215.490000000002,43.30999999999949,129.92999999999847,120,2026-01-29 17:31:00+00:00,5345.42,5388.73,0,2026-01-29 15:32:00+00:00,5215.490000000002,target_hit,129.92999999999847,True
1,2026-01-29 16:00:00+00:00,2026-01-29 16:01:00+00:00,5168.03,breakout,5115.6,5325.319999999998,52.42999999999938,157.28999999999814,120,2026-01-29 19:15:00+00:00,5115.6,5168.03,3,2026-01-29 17:16:00+00:00,5325.319999999998,target_hit,157.28999999999814,True
1,2026-01-29 17:15:00+00:00,2026-01-29 17:16:00+00:00,5281.89,breakout,5263.69,5336.4900000000025,18.200000000000728,54.60000000000218,120,2026-01-29 19:16:00+00:00,5263.69,5281.89,0,2026-01-29 17:18:00+00:00,5336.4900000000025,target_hit,54.60000000000218,True
1,2026-01-29 17:30:00+00:00,2026-01-29 17:31:00+00:00,5321.85,breakout,5293.62,5406.540000000002,28.230000000000473,84.69000000000142,120,2026-01-29 21:00:00+00:00,5293.62,5321.85,3,2026-01-29 19:30:00+00:00,5293.62,stop_loss,-28.230000000000473,False
1,2026-01-29 19:30:00+00:00,2026-01-29 19:37:00+00:00,5320.3,breakout,5304.24,5368.480000000001,16.0600000000004,48.1800000000012,120,2026-01-29 21:37:00+00:00,5304.24,5320.3,0,2026-01-29 19:54:00+00:00,5304.24,stop_loss,-16.0600000000004,False
-1,2026-01-29 20:15:00+00:00,2026-01-29 20:16:00+00:00,5294.95,breakout,5307.02,5258.739999999998,12.070000000000618,36.210000000001855,120,2026-01-29 22:16:00+00:00,5294.95,5307.02,0,2026-01-29 20:18:00+00:00,5307.02,stop_loss,-12.070000000000618,False
1,2026-01-30 08:00:00+00:00,2026-01-30 08:01:00+00:00,5162.55,breakout,5147.05,5209.05,15.5,46.5,120,2026-01-30 10:01:00+00:00,5147.05,5162.55,0,2026-01-30 08:07:00+00:00,5147.05,stop_loss,-15.5,False
-1,2026-01-30 08:15:00+00:00,2026-01-30 08:16:00+00:00,5167.94,breakout,5182.33,5124.769999999999,14.390000000000327,43.17000000000098,120,2026-01-30 10:30:00+00:00,5167.94,5182.33,1,2026-01-30 08:32:00+00:00,5124.769999999999,target_hit,43.17000000000098,True
-1,2026-01-30 08:30:00+00:00,2026-01-30 08:32:00+00:00,5133.65,breakout,5147.28,5092.759999999999,13.63000000000011,40.89000000000033,120,2026-01-30 10:32:00+00:00,5133.65,5147.28,0,2026-01-30 08:33:00+00:00,5092.759999999999,target_hit,40.89000000000033,True
-1,2026-01-30 08:45:00+00:00,2026-01-30 08:46:00+00:00,5139.55,breakout,5155.89,5090.53,16.340000000000146,49.02000000000044,120,2026-01-30 11:00:00+00:00,5139.55,5155.89,1,2026-01-30 09:06:00+00:00,5090.53,target_hit,49.02000000000044,True
-1,2026-01-30 09:00:00+00:00,2026-01-30 09:06:00+00:00,5090.75,breakout,5103.5,5052.5,12.75,38.25,120,2026-01-30 11:06:00+00:00,5090.75,5103.5,0,2026-01-30 09:12:00+00:00,5052.5,target_hit,38.25,True
1,2026-01-30 09:30:00+00:00,2026-01-30 09:31:00+00:00,5051.44,breakout,5021.2,5142.159999999999,30.23999999999978,90.71999999999935,120,2026-01-30 11:31:00+00:00,5021.2,5051.44,0,2026-01-30 09:41:00+00:00,5021.2,stop_loss,-30.23999999999978,False
1,2026-01-30 10:15:00+00:00,2026-01-30 10:16:00+00:00,5038.9,breakout,5009.36,5127.5199999999995,29.539999999999964,88.61999999999989,120,2026-01-30 13:00:00+00:00,5009.36,5038.9,3,2026-01-30 11:13:00+00:00,5127.5199999999995,target_hit,88.61999999999989,True
1,2026-01-30 11:30:00+00:00,2026-01-30 11:31:00+00:00,5128.2,breakout,5120.03,5152.71,8.170000000000073,24.51000000000022,120,2026-01-30 13:31:00+00:00,5120.03,5128.2,0,2026-01-30 11:44:00+00:00,5120.03,stop_loss,-8.170000000000073,False
-1,2026-01-30 13:00:00+00:00,2026-01-30 13:01:00+00:00,5093.76,breakout,5116.78,5024.700000000002,23.019999999999527,69.05999999999858,120,2026-01-30 15:15:00+00:00,5093.76,5116.78,1,2026-01-30 13:24:00+00:00,5024.700000000002,target_hit,69.05999999999858,True
-1,2026-01-30 13:30:00+00:00,2026-01-30 13:31:00+00:00,5066.05,breakout,5077.2,5032.600000000001,11.149999999999636,33.44999999999891,120,2026-01-30 15:31:00+00:00,5066.05,5077.2,0,2026-01-30 13:32:00+00:00,5032.600000000001,target_hit,33.44999999999891,True
-1,2026-01-30 13:45:00+00:00,2026-01-30 13:47:00+00:00,5013.29,breakout,5035.15,4947.710000000001,21.859999999999673,65.57999999999902,120,2026-01-30 16:00:00+00:00,5013.29,5035.15,1,2026-01-30 14:01:00+00:00,5035.15,stop_loss,-21.859999999999673,False
1,2026-01-30 14:15:00+00:00,2026-01-30 14:16:00+00:00,5031.47,breakout,5016.7,5075.780000000002,14.770000000000437,44.31000000000131,120,2026-01-30 16:16:00+00:00,5016.7,5031.47,0,2026-01-30 14:22:00+00:00,5075.780000000002,target_hit,44.31000000000131,True
1,2026-01-30 14:30:00+00:00,2026-01-30 14:31:00+00:00,5060.25,breakout,5047.66,5098.02,12.590000000000146,37.77000000000044,120,2026-01-30 16:31:00+00:00,5047.66,5060.25,0,2026-01-30 14:33:00+00:00,5098.02,target_hit,37.77000000000044,True
1,2026-01-30 14:45:00+00:00,2026-01-30 14:46:00+00:00,5087.71,breakout,5060.38,5169.7,27.329999999999927,81.98999999999978,120,2026-01-30 16:46:00+00:00,5060.38,5087.71,0,2026-01-30 14:54:00+00:00,5060.38,stop_loss,-27.329999999999927,False
-1,2026-01-30 15:00:00+00:00,2026-01-30 15:01:00+00:00,5077.52,breakout,5090.55,5038.430000000001,13.029999999999745,39.089999999999236,120,2026-01-30 17:01:00+00:00,5077.52,5090.55,0,2026-01-30 15:02:00+00:00,5038.430000000001,target_hit,39.089999999999236,True
1,2026-01-30 15:30:00+00:00,2026-01-30 15:31:00+00:00,5038.55,breakout,5026.15,5075.750000000002,12.400000000000546,37.20000000000164,120,2026-01-30 17:45:00+00:00,5026.15,5038.55,1,2026-01-30 16:04:00+00:00,5026.15,stop_loss,-12.400000000000546,False
-1,2026-01-30 16:15:00+00:00,2026-01-30 16:16:00+00:00,5043.02,breakout,5051.95,5016.230000000002,8.929999999999382,26.789999999998145,120,2026-01-30 18:16:00+00:00,5043.02,5051.95,0,2026-01-30 16:17:00+00:00,5016.230000000002,target_hit,26.789999999998145,True
-1,2026-01-30 16:30:00+00:00,2026-01-30 16:31:00+00:00,5022.35,breakout,5033.35,4989.35,11.0,33.0,120,2026-01-30 18:31:00+00:00,5022.35,5033.35,0,2026-01-30 16:34:00+00:00,4989.35,target_hit,33.0,True
1,2026-01-30 16:45:00+00:00,2026-01-30 16:46:00+00:00,5004.65,breakout,4992.08,5042.359999999999,12.569999999999709,37.70999999999913,120,2026-01-30 18:46:00+00:00,4992.08,5004.65,0,2026-01-30 16:48:00+00:00,4992.08,stop_loss,-12.569999999999709,False
-1,2026-01-30 17:00:00+00:00,2026-01-30 17:01:00+00:00,4997.25,breakout,5015.75,4941.75,18.5,55.5,120,2026-01-30 19:01:00+00:00,4997.25,5015.75,0,2026-01-30 17:07:00+00:00,4941.75,target_hit,55.5,True
-1,2026-01-30 17:15:00+00:00,2026-01-30 17:16:00+00:00,4974.05,breakout,4987.15,4934.750000000002,13.099999999999454,39.29999999999836,120,2026-01-30 19:16:00+00:00,4974.05,4987.15,0,2026-01-30 17:17:00+00:00,4934.750000000002,target_hit,39.29999999999836,True
-1,2026-01-30 17:45:00+00:00,2026-01-30 17:46:00+00:00,4910.4,breakout,4927.25,4859.8499999999985,16.850000000000364,50.55000000000109,120,2026-01-30 19:46:00+00:00,4910.4,4927.25,0,2026-01-30 17:49:00+00:00,4859.8499999999985,target_hit,50.55000000000109,True
1,2026-01-30 18:00:00+00:00,2026-01-30 18:01:00+00:00,4870.21,breakout,4853.25,4921.09,16.960000000000036,50.88000000000011,120,2026-01-30 20:01:00+00:00,4853.25,4870.21,0,2026-01-30 18:07:00+00:00,4853.25,stop_loss,-16.960000000000036,False
-1,2026-01-30 18:30:00+00:00,2026-01-30 18:31:00+00:00,4794.86,breakout,4819.34,4721.419999999998,24.480000000000473,73.44000000000142,120,2026-01-30 20:31:00+00:00,4794.86,4819.34,0,2026-01-30 18:36:00+00:00,4721.419999999998,target_hit,73.44000000000142,True
1,2026-01-30 19:00:00+00:00,2026-01-30 19:01:00+00:00,4812.1,breakout,4771.5,4933.9000000000015,40.600000000000364,121.80000000000109,120,2026-01-30 21:15:00+00:00,4771.5,4812.1,1,2026-01-30 19:45:00+00:00,4933.9000000000015,target_hit,121.80000000000109,True
1,2026-01-30 19:45:00+00:00,2026-01-30 19:46:00+00:00,4902.5,breakout,4889.14,4942.579999999999,13.359999999999673,40.07999999999902,120,2026-01-30 21:46:00+00:00,4889.14,4902.5,0,2026-01-30 19:55:00+00:00,4942.579999999999,target_hit,40.07999999999902,True
-1,2026-01-30 20:00:00+00:00,2026-01-30 20:01:00+00:00,4918.0,breakout,4931.98,4876.060000000001,13.979999999999563,41.93999999999869,120,2026-01-30 22:30:00+00:00,4918.0,4931.98,2,2026-01-30 20:32:00+00:00,4876.060000000001,target_hit,41.93999999999869,True
-1,2026-01-30 20:45:00+00:00,2026-01-30 20:46:00+00:00,4882.19,breakout,4895.76,4841.479999999998,13.570000000000618,40.710000000001855,120,2026-01-30 22:46:00+00:00,4882.19,4895.76,0,2026-01-30 20:54:00+00:00,4841.479999999998,target_hit,40.710000000001855,True
1,2026-02-02 08:00:00+00:00,2026-02-02 08:07:00+00:00,4598.48,breakout,4582.7,4645.819999999999,15.779999999999745,47.339999999999236,120,2026-02-02 10:07:00+00:00,4582.7,4598.48,0,2026-02-02 08:21:00+00:00,4645.819999999999,target_hit,47.339999999999236,True
-1,2026-02-02 08:45:00+00:00,2026-02-02 08:46:00+00:00,4638.46,breakout,4650.65,4601.890000000001,12.1899999999996,36.5699999999988,120,2026-02-02 10:46:00+00:00,4638.46,4650.65,0,2026-02-02 08:50:00+00:00,4650.65,stop_loss,-12.1899999999996,False
-1,2026-02-02 09:00:00+00:00,2026-02-02 09:01:00+00:00,4632.87,breakout,4644.73,4597.290000000001,11.859999999999673,35.57999999999902,120,2026-02-02 11:01:00+00:00,4632.87,4644.73,0,2026-02-02 09:11:00+00:00,4644.73,stop_loss,-11.859999999999673,False
-1,2026-02-02 09:15:00+00:00,2026-02-02 09:20:00+00:00,4627.5,breakout,4640.7,4587.900000000001,13.199999999999818,39.599999999999454,120,2026-02-02 11:20:00+00:00,4627.5,4640.7,0,2026-02-02 09:22:00+00:00,4640.7,stop_loss,-13.199999999999818,False
1,2026-02-02 09:45:00+00:00,2026-02-02 09:47:00+00:00,4704.0,breakout,4682.8,4767.599999999999,21.199999999999818,63.599999999999454,120,2026-02-02 12:15:00+00:00,4682.8,4704.0,2,2026-02-02 10:25:00+00:00,4682.8,stop_loss,-21.199999999999818,False
-1,2026-02-02 10:30:00+00:00,2026-02-02 10:31:00+00:00,4721.01,breakout,4732.1,4687.74,11.090000000000146,33.27000000000044,120,2026-02-02 12:31:00+00:00,4721.01,4732.1,0,2026-02-02 10:32:00+00:00,4687.74,target_hit,33.27000000000044,True
-1,2026-02-02 10:45:00+00:00,2026-02-02 10:46:00+00:00,4679.3,breakout,4688.16,4652.720000000001,8.859999999999673,26.579999999999018,120,2026-02-02 12:46:00+00:00,4679.3,4688.16,0,2026-02-02 10:51:00+00:00,4688.16,stop_loss,-8.859999999999673,False
1,2026-02-02 11:15:00+00:00,2026-02-02 11:16:00+00:00,4720.25,breakout,4705.6,4764.199999999999,14.649999999999636,43.94999999999891,120,2026-02-02 13:16:00+00:00,4705.6,4720.25,0,2026-02-02 11:35:00+00:00,4764.199999999999,target_hit,43.94999999999891,True
1,2026-02-02 11:45:00+00:00,2026-02-02 11:46:00+00:00,4761.4,breakout,4746.21,4806.969999999998,15.1899999999996,45.5699999999988,120,2026-02-02 14:00:00+00:00,4746.21,4761.4,1,2026-02-02 12:07:00+00:00,4746.21,stop_loss,-15.1899999999996,False
1,2026-02-02 12:15:00+00:00,2026-02-02 12:19:00+00:00,4778.36,breakout,4757.81,4840.0099999999975,20.549999999999272,61.64999999999782,120,2026-02-02 14:45:00+00:00,4757.81,4778.36,2,2026-02-02 13:00:00+00:00,4757.81,stop_loss,-20.549999999999272,False
-1,2026-02-02 13:15:00+00:00,2026-02-02 13:20:00+00:00,4743.92,breakout,4796.24,4586.960000000001,52.31999999999971,156.95999999999913,120,2026-02-02 22:45:00+00:00,4743.92,4796.24,20,2026-02-02 23:01:00+00:00,4692.35,timeout,51.56999999999971,True
-1,2026-02-03 08:00:00+00:00,2026-02-03 08:01:00+00:00,4912.6,breakout,4921.22,4886.740000000001,8.61999999999989,25.859999999999673,120,2026-02-03 10:01:00+00:00,4912.6,4921.22,0,2026-02-03 08:10:00+00:00,4921.22,stop_loss,-8.61999999999989,False
1,2026-02-03 08:30:00+00:00,2026-02-03 08:31:00+00:00,4935.72,breakout,4927.0,4961.880000000001,8.720000000000255,26.160000000000764,120,2026-02-03 10:31:00+00:00,4927.0,4935.72,0,2026-02-03 08:57:00+00:00,4927.0,stop_loss,-8.720000000000255,False
-1,2026-02-03 09:00:00+00:00,2026-02-03 09:01:00+00:00,4930.74,breakout,4936.43,4913.669999999998,5.690000000000509,17.070000000001528,120,2026-02-03 11:01:00+00:00,4930.74,4936.43,0,2026-02-03 09:02:00+00:00,4913.669999999998,target_hit,17.070000000001528,True
-1,2026-02-03 09:30:00+00:00,2026-02-03 09:31:00+00:00,4907.86,breakout,4917.16,4879.959999999999,9.300000000000182,27.900000000000546,120,2026-02-03 11:31:00+00:00,4907.86,4917.16,0,2026-02-03 09:40:00+00:00,4917.16,stop_loss,-9.300000000000182,False
1,2026-02-03 10:15:00+00:00,2026-02-03 10:16:00+00:00,4921.14,breakout,4915.62,4937.700000000002,5.520000000000437,16.56000000000131,120,2026-02-03 12:16:00+00:00,4915.62,4921.14,0,2026-02-03 10:17:00+00:00,4915.62,stop_loss,-5.520000000000437,False
-1,2026-02-03 10:30:00+00:00,2026-02-03 10:37:00+00:00,4916.22,breakout,4923.4,4894.680000000002,7.1799999999993815,21.539999999998145,120,2026-02-03 12:37:00+00:00,4916.22,4923.4,0,2026-02-03 10:47:00+00:00,4923.4,stop_loss,-7.1799999999993815,False
1,2026-02-03 10:45:00+00:00,2026-02-03 10:47:00+00:00,4923.1,breakout,4914.74,4948.180000000002,8.360000000000582,25.080000000001746,120,2026-02-03 12:47:00+00:00,4914.74,4923.1,0,2026-02-03 10:53:00+00:00,4914.74,stop_loss,-8.360000000000582,False
-1,2026-02-03 11:00:00+00:00,2026-02-03 11:01:00+00:00,4914.83,breakout,4920.69,4897.250000000001,5.859999999999673,17.579999999999018,120,2026-02-03 13:01:00+00:00,4914.83,4920.69,0,2026-02-03 11:02:00+00:00,4897.250000000001,target_hit,17.579999999999018,True
-1,2026-02-03 11:15:00+00:00,2026-02-03 11:20:00+00:00,4896.99,breakout,4903.76,4876.6799999999985,6.770000000000437,20.31000000000131,120,2026-02-03 13:20:00+00:00,4896.99,4903.76,0,2026-02-03 11:26:00+00:00,4903.76,stop_loss,-6.770000000000437,False
1,2026-02-03 11:30:00+00:00,2026-02-03 11:33:00+00:00,4910.45,breakout,4906.02,4923.739999999998,4.4299999999993815,13.289999999998145,120,2026-02-03 13:45:00+00:00,4906.02,4910.45,1,2026-02-03 11:50:00+00:00,4906.02,stop_loss,-4.4299999999993815,False
1,2026-02-03 12:15:00+00:00,2026-02-03 12:16:00+00:00,4926.29,breakout,4911.49,4970.6900000000005,14.800000000000182,44.400000000000546,120,2026-02-03 14:16:00+00:00,4911.49,4926.29,0,2026-02-03 12:20:00+00:00,4911.49,stop_loss,-14.800000000000182,False
-1,2026-02-03 12:30:00+00:00,2026-02-03 12:31:00+00:00,4918.59,breakout,4923.93,4902.57,5.3400000000001455,16.020000000000437,120,2026-02-03 14:31:00+00:00,4918.59,4923.93,0,2026-02-03 13:05:00+00:00,4923.93,stop_loss,-5.3400000000001455,False
1,2026-02-03 13:45:00+00:00,2026-02-03 13:46:00+00:00,4938.26,breakout,4930.09,4962.77,8.170000000000073,24.51000000000022,120,2026-02-03 15:46:00+00:00,4930.09,4938.26,0,2026-02-03 13:53:00+00:00,4930.09,stop_loss,-8.170000000000073,False
-1,2026-02-03 14:15:00+00:00,2026-02-03 14:16:00+00:00,4917.11,breakout,4937.27,4856.629999999997,20.160000000000764,60.48000000000229,120,2026-02-03 17:00:00+00:00,4917.11,4937.27,3,2026-02-03 15:09:00+00:00,4937.27,stop_loss,-20.160000000000764,False
1,2026-02-03 15:15:00+00:00,2026-02-03 15:16:00+00:00,4925.95,breakout,4911.57,4969.09,14.38000000000011,43.14000000000033,120,2026-02-03 17:16:00+00:00,4911.57,4925.95,0,2026-02-03 15:24:00+00:00,4911.57,stop_loss,-14.38000000000011,False
1,2026-02-03 16:15:00+00:00,2026-02-03 16:16:00+00:00,4939.99,breakout,4930.06,4969.779999999998,9.929999999999382,29.789999999998145,120,2026-02-03 18:16:00+00:00,4930.06,4939.99,0,2026-02-03 16:17:00+00:00,4969.779999999998,target_hit,29.789999999998145,True
1,2026-02-03 16:30:00+00:00,2026-02-03 16:31:00+00:00,4968.24,breakout,4944.35,5039.909999999998,23.889999999999418,71.66999999999825,120,2026-02-03 18:31:00+00:00,4944.35,4968.24,0,2026-02-03 17:08:00+00:00,4944.35,stop_loss,-23.889999999999418,False
-1,2026-02-03 17:15:00+00:00,2026-02-03 17:16:00+00:00,4947.11,breakout,4961.54,4903.819999999999,14.430000000000291,43.29000000000087,120,2026-02-03 19:16:00+00:00,4947.11,4961.54,0,2026-02-03 17:18:00+00:00,4961.54,stop_loss,-14.430000000000291,False
1,2026-02-03 17:30:00+00:00,2026-02-03 17:31:00+00:00,4953.48,breakout,4941.66,4988.939999999999,11.819999999999709,35.45999999999913,120,2026-02-03 19:31:00+00:00,4941.66,4953.48,0,2026-02-03 17:40:00+00:00,4941.66,stop_loss,-11.819999999999709,False
1,2026-02-03 18:15:00+00:00,2026-02-03 18:16:00+00:00,4933.55,breakout,4926.05,4956.05,7.5,22.5,120,2026-02-03 20:16:00+00:00,4926.05,4933.55,0,2026-02-03 18:24:00+00:00,4926.05,stop_loss,-7.5,False
1,2026-02-03 19:30:00+00:00,2026-02-03 19:31:00+00:00,4923.23,breakout,4914.49,4949.449999999999,8.739999999999782,26.219999999999345,120,2026-02-03 21:31:00+00:00,4914.49,4923.23,0,2026-02-03 19:42:00+00:00,4949.449999999999,target_hit,26.219999999999345,True
1,2026-02-03 19:45:00+00:00,2026-02-03 19:46:00+00:00,4931.71,breakout,4926.39,4947.669999999999,5.319999999999709,15.959999999999127,120,2026-02-03 21:46:00+00:00,4926.39,4931.71,0,2026-02-03 19:52:00+00:00,4926.39,stop_loss,-5.319999999999709,False
-1,2026-02-03 20:00:00+00:00,2026-02-03 20:01:00+00:00,4934.39,breakout,4942.36,4910.480000000002,7.969999999999345,23.909999999998035,120,2026-02-03 22:01:00+00:00,4934.39,4942.36,0,2026-02-03 20:03:00+00:00,4910.480000000002,target_hit,23.909999999998035,True
-1,2026-02-03 20:15:00+00:00,2026-02-03 20:16:00+00:00,4919.07,breakout,4927.67,4893.269999999999,8.600000000000364,25.80000000000109,120,2026-02-03 22:16:00+00:00,4919.07,4927.67,0,2026-02-03 20:17:00+00:00,4927.67,stop_loss,-8.600000000000364,False
1,2026-02-03 20:45:00+00:00,2026-02-03 20:46:00+00:00,4944.1,breakout,4938.0,4962.4000000000015,6.100000000000364,18.30000000000109,120,2026-02-03 22:46:00+00:00,4938.0,4944.1,0,2026-02-03 20:49:00+00:00,4938.0,stop_loss,-6.100000000000364,False
1,2026-02-04 08:00:00+00:00,2026-02-04 08:01:00+00:00,5087.7,breakout,5081.57,5106.09,6.130000000000109,18.390000000000327,120,2026-02-04 10:01:00+00:00,5081.57,5087.7,0,2026-02-04 08:03:00+00:00,5081.57,stop_loss,-6.130000000000109,False
-1,2026-02-04 08:45:00+00:00,2026-02-04 08:47:00+00:00,5074.49,breakout,5085.33,5041.969999999999,10.840000000000146,32.52000000000044,120,2026-02-04 10:47:00+00:00,5074.49,5085.33,0,2026-02-04 08:57:00+00:00,5085.33,stop_loss,-10.840000000000146,False
1,2026-02-04 09:00:00+00:00,2026-02-04 09:01:00+00:00,5081.36,breakout,5075.27,5099.629999999997,6.089999999999236,18.269999999997708,120,2026-02-04 11:01:00+00:00,5075.27,5081.36,0,2026-02-04 09:08:00+00:00,5075.27,stop_loss,-6.089999999999236,False
-1,2026-02-04 09:15:00+00:00,2026-02-04 09:16:00+00:00,5076.73,breakout,5085.77,5049.609999999997,9.040000000000873,27.12000000000262,120,2026-02-04 11:30:00+00:00,5076.73,5085.77,1,2026-02-04 09:32:00+00:00,5049.609999999997,target_hit,27.12000000000262,True
-1,2026-02-04 09:45:00+00:00,2026-02-04 09:46:00+00:00,5053.41,breakout,5058.13,5039.249999999999,4.720000000000255,14.160000000000764,120,2026-02-04 11:46:00+00:00,5053.41,5058.13,0,2026-02-04 09:50:00+00:00,5058.13,stop_loss,-4.720000000000255,False
-1,2026-02-04 10:00:00+00:00,2026-02-04 10:03:00+00:00,5052.25,breakout,5059.11,5031.670000000001,6.859999999999673,20.579999999999018,120,2026-02-04 12:30:00+00:00,5052.25,5059.11,2,2026-02-04 10:42:00+00:00,5059.11,stop_loss,-6.859999999999673,False
1,2026-02-04 10:45:00+00:00,2026-02-04 10:46:00+00:00,5054.65,breakout,5044.24,5085.879999999999,10.409999999999854,31.229999999999563,120,2026-02-04 13:00:00+00:00,5044.24,5054.65,1,2026-02-04 11:12:00+00:00,5044.24,stop_loss,-10.409999999999854,False
-1,2026-02-04 11:30:00+00:00,2026-02-04 11:31:00+00:00,5038.28,breakout,5044.46,5019.739999999999,6.180000000000291,18.540000000000873,120,2026-02-04 13:31:00+00:00,5038.28,5044.46,0,2026-02-04 11:53:00+00:00,5044.46,stop_loss,-6.180000000000291,False
1,2026-02-04 12:00:00+00:00,2026-02-04 12:01:00+00:00,5039.73,breakout,5033.15,5059.469999999999,6.579999999999927,19.73999999999978,120,2026-02-04 14:30:00+00:00,5033.15,5039.73,2,2026-02-04 12:33:00+00:00,5059.469999999999,target_hit,19.73999999999978,True
1,2026-02-04 12:45:00+00:00,2026-02-04 12:46:00+00:00,5053.35,breakout,5047.83,5069.910000000002,5.520000000000437,16.56000000000131,120,2026-02-04 14:46:00+00:00,5047.83,5053.35,0,2026-02-04 12:53:00+00:00,5047.83,stop_loss,-5.520000000000437,False
-1,2026-02-04 13:00:00+00:00,2026-02-04 13:01:00+00:00,5049.06,breakout,5055.4,5030.040000000003,6.339999999999236,19.019999999997708,120,2026-02-04 15:01:00+00:00,5049.06,5055.4,0,2026-02-04 13:09:00+00:00,5030.040000000003,target_hit,19.019999999997708,True
1,2026-02-04 13:30:00+00:00,2026-02-04 13:31:00+00:00,5043.85,breakout,5028.15,5090.950000000003,15.700000000000728,47.10000000000218,120,2026-02-04 16:00:00+00:00,5028.15,5043.85,2,2026-02-04 14:30:00+00:00,5028.15,stop_loss,-15.700000000000728,False
-1,2026-02-04 14:30:00+00:00,2026-02-04 14:31:00+00:00,5038.71,breakout,5051.28,5001.000000000001,12.569999999999709,37.70999999999913,120,2026-02-04 16:31:00+00:00,5038.71,5051.28,0,2026-02-04 14:37:00+00:00,5001.000000000001,target_hit,37.70999999999913,True
-1,2026-02-04 14:45:00+00:00,2026-02-04 14:46:00+00:00,5004.0,breakout,5030.51,4924.469999999999,26.51000000000022,79.53000000000065,120,2026-02-04 17:30:00+00:00,5004.0,5030.51,3,2026-02-04 15:32:00+00:00,4924.469999999999,target_hit,79.53000000000065,True
-1,2026-02-04 15:45:00+00:00,2026-02-04 15:46:00+00:00,4950.66,breakout,4963.2,4913.04,12.539999999999964,37.61999999999989,120,2026-02-04 17:46:00+00:00,4950.66,4963.2,0,2026-02-04 15:59:00+00:00,4913.04,target_hit,37.61999999999989,True
-1,2026-02-04 16:00:00+00:00,2026-02-04 16:01:00+00:00,4934.25,breakout,4946.43,4897.709999999999,12.180000000000291,36.54000000000087,120,2026-02-04 18:01:00+00:00,4934.25,4946.43,0,2026-02-04 16:03:00+00:00,4897.709999999999,target_hit,36.54000000000087,True
-1,2026-02-04 16:15:00+00:00,2026-02-04 16:19:00+00:00,4913.92,breakout,4922.53,4888.090000000001,8.609999999999673,25.829999999999018,120,2026-02-04 18:19:00+00:00,4913.92,4922.53,0,2026-02-04 16:27:00+00:00,4922.53,stop_loss,-8.609999999999673,False
-1,2026-02-04 16:30:00+00:00,2026-02-04 16:31:00+00:00,4919.44,breakout,4931.18,4884.2199999999975,11.740000000000691,35.220000000002074,120,2026-02-04 18:31:00+00:00,4919.44,4931.18,0,2026-02-04 16:33:00+00:00,4931.18,stop_loss,-11.740000000000691,False
-1,2026-02-04 16:45:00+00:00,2026-02-04 16:46:00+00:00,4914.96,breakout,4927.0,4878.84,12.039999999999964,36.11999999999989,120,2026-02-04 18:46:00+00:00,4914.96,4927.0,0,2026-02-04 16:48:00+00:00,4878.84,target_hit,36.11999999999989,True
-1,2026-02-04 17:15:00+00:00,2026-02-04 17:20:00+00:00,4903.45,breakout,4905.69,4896.7300000000005,2.2399999999997817,6.719999999999345,120,2026-02-04 19:20:00+00:00,4903.45,4905.69,0,2026-02-04 17:21:00+00:00,4905.69,stop_loss,-2.2399999999997817,False
-1,2026-02-04 17:30:00+00:00,2026-02-04 17:36:00+00:00,4913.53,breakout,4925.84,4876.5999999999985,12.3100000000004,36.9300000000012,120,2026-02-04 19:36:00+00:00,4913.53,4925.84,0,2026-02-04 18:00:00+00:00,4876.5999999999985,target_hit,36.9300000000012,True
-1,2026-02-04 18:00:00+00:00,2026-02-04 18:01:00+00:00,4899.0,breakout,4911.27,4862.189999999999,12.270000000000437,36.81000000000131,120,2026-02-04 20:01:00+00:00,4899.0,4911.27,0,2026-02-04 18:07:00+00:00,4911.27,stop_loss,-12.270000000000437,False
1,2026-02-04 18:30:00+00:00,2026-02-04 18:31:00+00:00,4918.49,breakout,4910.05,4943.809999999999,8.4399999999996,25.3199999999988,120,2026-02-04 20:31:00+00:00,4910.05,4918.49,0,2026-02-04 18:39:00+00:00,4910.05,stop_loss,-8.4399999999996,False
-1,2026-02-04 18:45:00+00:00,2026-02-04 18:46:00+00:00,4916.99,breakout,4924.55,4894.309999999999,7.5600000000004,22.6800000000012,120,2026-02-04 20:46:00+00:00,4916.99,4924.55,0,2026-02-04 18:55:00+00:00,4924.55,stop_loss,-7.5600000000004,False
1,2026-02-04 19:00:00+00:00,2026-02-04 19:01:00+00:00,4920.57,breakout,4913.19,4942.71,7.380000000000109,22.140000000000327,120,2026-02-04 21:01:00+00:00,4913.19,4920.57,0,2026-02-04 19:11:00+00:00,4942.71,target_hit,22.140000000000327,True
-1,2026-02-04 19:30:00+00:00,2026-02-04 19:31:00+00:00,4939.75,breakout,4945.87,4921.39,6.119999999999891,18.359999999999673,120,2026-02-04 21:45:00+00:00,4939.75,4945.87,1,2026-02-04 19:46:00+00:00,4945.87,stop_loss,-6.119999999999891,False
-1,2026-02-04 20:15:00+00:00,2026-02-04 20:16:00+00:00,4936.14,breakout,4944.55,4910.910000000001,8.409999999999854,25.229999999999563,120,2026-02-04 22:30:00+00:00,4936.14,4944.55,1,2026-02-04 20:39:00+00:00,4944.55,stop_loss,-8.409999999999854,False
1,2026-02-05 08:15:00+00:00,2026-02-05 08:16:00+00:00,4929.47,breakout,4917.47,4965.47,12.0,36.0,120,2026-02-05 10:16:00+00:00,4917.47,4929.47,0,2026-02-05 08:30:00+00:00,4917.47,stop_loss,-12.0,False
-1,2026-02-05 08:30:00+00:00,2026-02-05 08:31:00+00:00,4934.04,breakout,4940.15,4915.710000000001,6.109999999999673,18.329999999999018,120,2026-02-05 10:31:00+00:00,4934.04,4940.15,0,2026-02-05 08:45:00+00:00,4915.710000000001,target_hit,18.329999999999018,True
-1,2026-02-05 08:45:00+00:00,2026-02-05 08:46:00+00:00,4917.9,breakout,4925.39,4895.429999999998,7.490000000000691,22.470000000002074,120,2026-02-05 11:00:00+00:00,4917.9,4925.39,1,2026-02-05 09:01:00+00:00,4895.429999999998,target_hit,22.470000000002074,True
-1,2026-02-05 09:00:00+00:00,2026-02-05 09:01:00+00:00,4914.11,breakout,4923.25,4886.689999999999,9.140000000000327,27.420000000000982,120,2026-02-05 11:01:00+00:00,4914.11,4923.25,0,2026-02-05 09:03:00+00:00,4886.689999999999,target_hit,27.420000000000982,True
-1,2026-02-05 09:15:00+00:00,2026-02-05 09:16:00+00:00,4901.15,breakout,4916.08,4856.359999999999,14.930000000000291,44.79000000000087,120,2026-02-05 11:16:00+00:00,4901.15,4916.08,0,2026-02-05 09:21:00+00:00,4856.359999999999,target_hit,44.79000000000087,True
1,2026-02-05 09:30:00+00:00,2026-02-05 09:31:00+00:00,4874.68,breakout,4862.56,4911.04,12.11999999999989,36.35999999999967,120,2026-02-05 11:45:00+00:00,4862.56,4874.68,1,2026-02-05 09:55:00+00:00,4862.56,stop_loss,-12.11999999999989,False
-1,2026-02-05 10:00:00+00:00,2026-02-05 10:01:00+00:00,4887.65,breakout,4894.42,4867.339999999998,6.770000000000437,20.31000000000131,120,2026-02-05 12:01:00+00:00,4887.65,4894.42,0,2026-02-05 10:02:00+00:00,4867.339999999998,target_hit,20.31000000000131,True
1,2026-02-05 10:15:00+00:00,2026-02-05 10:16:00+00:00,4867.84,breakout,4852.73,4913.170000000002,15.110000000000582,45.330000000001746,120,2026-02-05 12:16:00+00:00,4852.73,4867.84,0,2026-02-05 10:27:00+00:00,4852.73,stop_loss,-15.110000000000582,False
-1,2026-02-05 10:30:00+00:00,2026-02-05 10:31:00+00:00,4869.9,breakout,4878.25,4844.8499999999985,8.350000000000364,25.05000000000109,120,2026-02-05 12:31:00+00:00,4869.9,4878.25,0,2026-02-05 10:43:00+00:00,4878.25,stop_loss,-8.350000000000364,False
1,2026-02-05 11:00:00+00:00,2026-02-05 11:10:00+00:00,4886.52,breakout,4875.62,4919.220000000002,10.900000000000546,32.70000000000164,120,2026-02-05 13:30:00+00:00,4875.62,4886.52,2,2026-02-05 11:39:00+00:00,4875.62,stop_loss,-10.900000000000546,False
-1,2026-02-05 11:45:00+00:00,2026-02-05 11:46:00+00:00,4884.42,breakout,4893.53,4857.090000000001,9.109999999999673,27.329999999999018,120,2026-02-05 13:46:00+00:00,4884.42,4893.53,0,2026-02-05 12:06:00+00:00,4857.090000000001,target_hit,27.329999999999018,True
1,2026-02-05 12:30:00+00:00,2026-02-05 12:31:00+00:00,4844.99,breakout,4837.62,4867.099999999999,7.369999999999891,22.109999999999673,120,2026-02-05 14:31:00+00:00,4837.62,4844.99,0,2026-02-05 12:35:00+00:00,4867.099999999999,target_hit,22.109999999999673,True
1,2026-02-05 12:45:00+00:00,2026-02-05 12:46:00+00:00,4855.55,breakout,4840.18,4901.66,15.36999999999989,46.10999999999967,120,2026-02-05 14:46:00+00:00,4840.18,4855.55,0,2026-02-05 12:59:00+00:00,4840.18,stop_loss,-15.36999999999989,False
1,2026-02-05 13:30:00+00:00,2026-02-05 13:31:00+00:00,4842.65,breakout,4824.15,4898.15,18.5,55.5,120,2026-02-05 15:31:00+00:00,4824.15,4842.65,0,2026-02-05 13:44:00+00:00,4824.15,stop_loss,-18.5,False
1,2026-02-05 14:00:00+00:00,2026-02-05 14:03:00+00:00,4832.45,breakout,4819.96,4869.919999999999,12.489999999999782,37.469999999999345,120,2026-02-05 16:03:00+00:00,4819.96,4832.45,0,2026-02-05 14:14:00+00:00,4819.96,stop_loss,-12.489999999999782,False
-1,2026-02-05 14:15:00+00:00,2026-02-05 14:16:00+00:00,4822.51,breakout,4836.34,4781.02,13.829999999999927,41.48999999999978,120,2026-02-05 16:16:00+00:00,4822.51,4836.34,0,2026-02-05 14:26:00+00:00,4836.34,stop_loss,-13.829999999999927,False
1,2026-02-05 14:30:00+00:00,2026-02-05 14:31:00+00:00,4822.16,breakout,4813.24,4848.92,8.920000000000073,26.76000000000022,120,2026-02-05 16:31:00+00:00,4813.24,4822.16,0,2026-02-05 14:32:00+00:00,4813.24,stop_loss,-8.920000000000073,False
-1,2026-02-05 15:00:00+00:00,2026-02-05 15:01:00+00:00,4847.35,breakout,4859.91,4809.670000000002,12.55999999999949,37.67999999999847,120,2026-02-05 17:15:00+00:00,4847.35,4859.91,1,2026-02-05 15:44:00+00:00,4809.670000000002,target_hit,37.67999999999847,True
-1,2026-02-05 15:45:00+00:00,2026-02-05 15:46:00+00:00,4813.58,breakout,4823.27,4784.509999999998,9.69000000000051,29.070000000001528,120,2026-02-05 17:46:00+00:00,4813.58,4823.27,0,2026-02-05 15:52:00+00:00,4823.27,stop_loss,-9.69000000000051,False
1,2026-02-05 16:30:00+00:00,2026-02-05 16:31:00+00:00,4835.3,breakout,4817.9,4887.500000000002,17.400000000000546,52.20000000000164,120,2026-02-05 18:45:00+00:00,4817.9,4835.3,1,2026-02-05 16:50:00+00:00,4887.500000000002,target_hit,52.20000000000164,True
-1,2026-02-05 17:00:00+00:00,2026-02-05 17:04:00+00:00,4873.32,breakout,4883.41,4843.049999999999,10.090000000000146,30.270000000000437,120,2026-02-05 19:04:00+00:00,4873.32,4883.41,0,2026-02-05 17:10:00+00:00,4883.41,stop_loss,-10.090000000000146,False
-1,2026-02-05 17:15:00+00:00,2026-02-05 17:16:00+00:00,4879.06,breakout,4889.84,4846.720000000001,10.779999999999745,32.339999999999236,120,2026-02-05 20:45:00+00:00,4879.06,4889.84,3,2026-02-05 19:05:00+00:00,4846.720000000001,target_hit,32.339999999999236,True
1,2026-02-05 19:30:00+00:00,2026-02-05 19:32:00+00:00,4853.97,breakout,4846.32,4876.920000000002,7.650000000000546,22.950000000001637,120,2026-02-05 21:32:00+00:00,4846.32,4853.97,0,2026-02-05 19:33:00+00:00,4846.32,stop_loss,-7.650000000000546,False
-1,2026-02-05 19:45:00+00:00,2026-02-05 19:52:00+00:00,4831.18,breakout,4849.25,4776.970000000001,18.06999999999971,54.20999999999913,120,2026-02-05 22:45:00+00:00,4831.18,4849.25,3,2026-02-05 21:34:00+00:00,4776.970000000001,target_hit,54.20999999999913,True
-1,2026-02-06 08:00:00+00:00,2026-02-06 08:01:00+00:00,4847.22,breakout,4854.18,4826.34,6.960000000000036,20.88000000000011,120,2026-02-06 10:01:00+00:00,4847.22,4854.18,0,2026-02-06 08:15:00+00:00,4854.18,stop_loss,-6.960000000000036,False
1,2026-02-06 08:30:00+00:00,2026-02-06 08:31:00+00:00,4858.38,breakout,4850.95,4880.670000000001,7.430000000000291,22.290000000000873,120,2026-02-06 10:31:00+00:00,4850.95,4858.38,0,2026-02-06 08:34:00+00:00,4880.670000000001,target_hit,22.290000000000873,True
-1,2026-02-06 09:00:00+00:00,2026-02-06 09:03:00+00:00,4852.0,breakout,4859.5,4829.5,7.5,22.5,120,2026-02-06 11:03:00+00:00,4852.0,4859.5,0,2026-02-06 09:23:00+00:00,4859.5,stop_loss,-7.5,False
1,2026-02-06 09:30:00+00:00,2026-02-06 09:31:00+00:00,4849.66,breakout,4839.22,4880.979999999999,10.4399999999996,31.3199999999988,120,2026-02-06 12:45:00+00:00,4839.22,4849.66,4,2026-02-06 11:00:00+00:00,4880.979999999999,target_hit,31.3199999999988,True
1,2026-02-06 11:00:00+00:00,2026-02-06 11:01:00+00:00,4875.33,breakout,4869.23,4893.630000000001,6.100000000000364,18.30000000000109,120,2026-02-06 13:01:00+00:00,4869.23,4875.33,0,2026-02-06 11:05:00+00:00,4869.23,stop_loss,-6.100000000000364,False
1,2026-02-06 11:15:00+00:00,2026-02-06 11:22:00+00:00,4888.11,breakout,4879.9,4912.74,8.210000000000036,24.63000000000011,120,2026-02-06 13:22:00+00:00,4879.9,4888.11,0,2026-02-06 11:34:00+00:00,4879.9,stop_loss,-8.210000000000036,False
-1,2026-02-06 11:45:00+00:00,2026-02-06 11:46:00+00:00,4885.82,breakout,4893.03,4864.19,7.210000000000036,21.63000000000011,120,2026-02-06 13:46:00+00:00,4885.82,4893.03,0,2026-02-06 11:56:00+00:00,4893.03,stop_loss,-7.210000000000036,False
1,2026-02-06 12:15:00+00:00,2026-02-06 12:16:00+00:00,4894.77,breakout,4889.31,4911.150000000001,5.460000000000036,16.38000000000011,120,2026-02-06 14:16:00+00:00,4889.31,4894.77,0,2026-02-06 12:19:00+00:00,4889.31,stop_loss,-5.460000000000036,False
-1,2026-02-06 12:30:00+00:00,2026-02-06 12:31:00+00:00,4885.02,breakout,4892.95,4861.230000000002,7.9299999999993815,23.789999999998145,120,2026-02-06 14:31:00+00:00,4885.02,4892.95,0,2026-02-06 12:39:00+00:00,4892.95,stop_loss,-7.9299999999993815,False
1,2026-02-06 12:45:00+00:00,2026-02-06 12:46:00+00:00,4883.89,breakout,4877.14,4904.14,6.75,20.25,120,2026-02-06 14:46:00+00:00,4877.14,4883.89,0,2026-02-06 13:00:00+00:00,4904.14,target_hit,20.25,True
1,2026-02-06 13:00:00+00:00,2026-02-06 13:01:00+00:00,4897.74,breakout,4893.9,4909.26,3.8400000000001455,11.520000000000437,120,2026-02-06 15:01:00+00:00,4893.9,4897.74,0,2026-02-06 13:02:00+00:00,4909.26,target_hit,11.520000000000437,True
1,2026-02-06 13:15:00+00:00,2026-02-06 13:18:00+00:00,4914.94,breakout,4897.38,4967.619999999998,17.55999999999949,52.67999999999847,120,2026-02-06 15:45:00+00:00,4897.38,4914.94,2,2026-02-06 14:25:00+00:00,4897.38,stop_loss,-17.55999999999949,False
-1,2026-02-06 14:30:00+00:00,2026-02-06 14:31:00+00:00,4913.49,breakout,4922.89,4885.289999999998,9.400000000000546,28.200000000001637,120,2026-02-06 16:31:00+00:00,4913.49,4922.89,0,2026-02-06 14:32:00+00:00,4922.89,stop_loss,-9.400000000000546,False
1,2026-02-06 14:45:00+00:00,2026-02-06 14:46:00+00:00,4914.92,breakout,4898.42,4964.42,16.5,49.5,120,2026-02-06 16:46:00+00:00,4898.42,4914.92,0,2026-02-06 15:06:00+00:00,4964.42,target_hit,49.5,True
-1,2026-02-06 15:15:00+00:00,2026-02-06 15:16:00+00:00,4944.02,breakout,4960.52,4894.52,16.5,49.5,120,2026-02-06 17:16:00+00:00,4944.02,4960.52,0,2026-02-06 15:27:00+00:00,4960.52,stop_loss,-16.5,False
-1,2026-02-06 15:30:00+00:00,2026-02-06 15:37:00+00:00,4942.53,breakout,4949.83,4920.629999999999,7.300000000000182,21.900000000000546,120,2026-02-06 17:37:00+00:00,4942.53,4949.83,0,2026-02-06 15:40:00+00:00,4949.83,stop_loss,-7.300000000000182,False
-1,2026-02-06 15:45:00+00:00,2026-02-06 15:46:00+00:00,4949.54,breakout,4956.81,4927.729999999999,7.270000000000437,21.81000000000131,120,2026-02-06 18:00:00+00:00,4949.54,4956.81,1,2026-02-06 16:26:00+00:00,4927.729999999999,target_hit,21.81000000000131,True
-1,2026-02-06 16:30:00+00:00,2026-02-06 16:31:00+00:00,4937.24,breakout,4942.09,4922.689999999999,4.850000000000364,14.550000000001091,120,2026-02-06 18:31:00+00:00,4937.24,4942.09,0,2026-02-06 16:40:00+00:00,4942.09,stop_loss,-4.850000000000364,False
1,2026-02-06 16:45:00+00:00,2026-02-06 16:46:00+00:00,4938.59,breakout,4929.75,4965.110000000001,8.840000000000146,26.520000000000437,120,2026-02-06 19:15:00+00:00,4929.75,4938.59,2,2026-02-06 17:30:00+00:00,4965.110000000001,target_hit,26.520000000000437,True
1,2026-02-06 18:00:00+00:00,2026-02-06 18:04:00+00:00,4964.15,breakout,4959.69,4977.53,4.460000000000036,13.38000000000011,120,2026-02-06 20:15:00+00:00,4959.69,4964.15,1,2026-02-06 18:22:00+00:00,4959.69,stop_loss,-4.460000000000036,False
-1,2026-02-06 18:30:00+00:00,2026-02-06 18:31:00+00:00,4958.73,breakout,4963.98,4942.98,5.25,15.75,120,2026-02-06 20:31:00+00:00,4958.73,4963.98,0,2026-02-06 18:38:00+00:00,4963.98,stop_loss,-5.25,False
-1,2026-02-06 20:15:00+00:00,2026-02-06 20:16:00+00:00,4952.32,breakout,4956.93,4938.489999999998,4.610000000000582,13.830000000001746,120,2026-02-06 22:16:00+00:00,4952.32,4956.93,0,2026-02-06 20:20:00+00:00,4956.93,stop_loss,-4.610000000000582,False
-1,2026-02-06 20:30:00+00:00,2026-02-06 20:31:00+00:00,4948.13,breakout,4953.53,4931.930000000001,5.399999999999636,16.19999999999891,120,2026-02-06 22:45:00+00:00,4948.13,4953.53,1,2026-02-06 20:53:00+00:00,4953.53,stop_loss,-5.399999999999636,False
-1,2026-02-09 08:00:00+00:00,2026-02-09 08:01:00+00:00,5009.11,breakout,5013.89,4994.769999999998,4.780000000000655,14.340000000001965,120,2026-02-09 10:01:00+00:00,5009.11,5013.89,0,2026-02-09 08:03:00+00:00,5013.89,stop_loss,-4.780000000000655,False
1,2026-02-09 08:15:00+00:00,2026-02-09 08:16:00+00:00,5016.51,breakout,5008.88,5039.400000000001,7.630000000000109,22.890000000000327,120,2026-02-09 10:30:00+00:00,5008.88,5016.51,1,2026-02-09 09:03:00+00:00,5039.400000000001,target_hit,22.890000000000327,True
1,2026-02-09 09:30:00+00:00,2026-02-09 09:31:00+00:00,5026.94,breakout,5021.93,5041.9699999999975,5.009999999999309,15.029999999997926,120,2026-02-09 11:31:00+00:00,5021.93,5026.94,0,2026-02-09 09:32:00+00:00,5021.93,stop_loss,-5.009999999999309,False
-1,2026-02-09 09:45:00+00:00,2026-02-09 09:46:00+00:00,5019.87,breakout,5026.56,4999.799999999998,6.690000000000509,20.070000000001528,120,2026-02-09 11:46:00+00:00,5019.87,5026.56,0,2026-02-09 10:02:00+00:00,4999.799999999998,target_hit,20.070000000001528,True
-1,2026-02-09 10:15:00+00:00,2026-02-09 10:25:00+00:00,5004.48,breakout,5008.59,4992.149999999998,4.110000000000582,12.330000000001746,120,2026-02-09 12:25:00+00:00,5004.48,5008.59,0,2026-02-09 10:27:00+00:00,4992.149999999998,target_hit,12.330000000001746,True
1,2026-02-09 10:45:00+00:00,2026-02-09 10:47:00+00:00,4998.34,breakout,4990.4,5022.160000000002,7.940000000000509,23.820000000001528,120,2026-02-09 12:47:00+00:00,4990.4,4998.34,0,2026-02-09 10:58:00+00:00,4990.4,stop_loss,-7.940000000000509,False
1,2026-02-09 11:00:00+00:00,2026-02-09 11:01:00+00:00,4992.98,breakout,4982.72,5023.7599999999975,10.259999999999309,30.779999999997926,120,2026-02-09 13:45:00+00:00,4982.72,4992.98,1,2026-02-09 13:09:00+00:00,5023.7599999999975,target_hit,30.779999999997926,True
1,2026-02-09 13:15:00+00:00,2026-02-09 13:16:00+00:00,5018.82,breakout,5011.39,5041.109999999998,7.4299999999993815,22.289999999998145,120,2026-02-09 15:16:00+00:00,5011.39,5018.82,0,2026-02-09 13:22:00+00:00,5011.39,stop_loss,-7.4299999999993815,False
-1,2026-02-09 13:30:00+00:00,2026-02-09 13:31:00+00:00,5018.96,breakout,5025.05,5000.69,6.0900000000001455,18.270000000000437,120,2026-02-09 15:31:00+00:00,5018.96,5025.05,0,2026-02-09 13:40:00+00:00,5000.69,target_hit,18.270000000000437,True
1,2026-02-09 14:00:00+00:00,2026-02-09 14:01:00+00:00,5003.53,breakout,4999.04,5016.999999999999,4.489999999999782,13.469999999999345,120,2026-02-09 16:01:00+00:00,4999.04,5003.53,0,2026-02-09 14:08:00+00:00,5016.999999999999,target_hit,13.469999999999345,True
1,2026-02-09 14:15:00+00:00,2026-02-09 14:16:00+00:00,5010.89,breakout,5002.39,5036.39,8.5,25.5,120,2026-02-09 16:30:00+00:00,5002.39,5010.89,1,2026-02-09 14:43:00+00:00,5036.39,target_hit,25.5,True
1,2026-02-09 14:45:00+00:00,2026-02-09 14:46:00+00:00,5031.94,breakout,5021.63,5062.869999999998,10.30999999999949,30.929999999998472,120,2026-02-09 18:00:00+00:00,5021.63,5031.94,3,2026-02-09 16:02:00+00:00,5062.869999999998,target_hit,30.929999999998472,True
1,2026-02-09 16:30:00+00:00,2026-02-09 16:31:00+00:00,5071.49,breakout,5063.29,5096.089999999999,8.199999999999818,24.599999999999454,120,2026-02-09 18:45:00+00:00,5063.29,5071.49,1,2026-02-09 17:09:00+00:00,5063.29,stop_loss,-8.199999999999818,False
-1,2026-02-09 17:15:00+00:00,2026-02-09 17:16:00+00:00,5070.65,breakout,5074.81,5058.169999999997,4.160000000000764,12.480000000002292,120,2026-02-09 19:16:00+00:00,5070.65,5074.81,0,2026-02-09 17:48:00+00:00,5058.169999999997,target_hit,12.480000000002292,True
-1,2026-02-09 18:00:00+00:00,2026-02-09 18:01:00+00:00,5058.51,breakout,5064.28,5041.200000000002,5.769999999999527,17.30999999999858,120,2026-02-09 20:45:00+00:00,5058.51,5064.28,2,2026-02-09 19:00:00+00:00,5064.28,stop_loss,-5.769999999999527,False
1,2026-02-09 19:00:00+00:00,2026-02-09 19:01:00+00:00,5061.65,breakout,5057.1,5075.299999999997,4.549999999999272,13.649999999997817,120,2026-02-09 21:01:00+00:00,5057.1,5061.65,0,2026-02-09 19:30:00+00:00,5075.299999999997,target_hit,13.649999999997817,True
1,2026-02-09 19:30:00+00:00,2026-02-09 19:31:00+00:00,5068.42,breakout,5064.57,5079.970000000001,3.850000000000364,11.550000000001091,120,2026-02-09 21:31:00+00:00,5064.57,5068.42,0,2026-02-09 19:35:00+00:00,5079.970000000001,target_hit,11.550000000001091,True
-1,2026-02-09 20:45:00+00:00,2026-02-09 20:46:00+00:00,5076.6,breakout,5084.06,5054.22,7.460000000000036,22.38000000000011,120,2026-02-09 22:46:00+00:00,5076.6,5084.06,0,2026-02-09 21:28:00+00:00,5054.22,target_hit,22.38000000000011,True
1,2026-02-10 08:45:00+00:00,2026-02-10 08:46:00+00:00,5040.51,breakout,5035.39,5055.87,5.119999999999891,15.359999999999673,120,2026-02-10 11:00:00+00:00,5035.39,5040.51,1,2026-02-10 09:08:00+00:00,5055.87,target_hit,15.359999999999673,True
-1,2026-02-10 09:30:00+00:00,2026-02-10 09:31:00+00:00,5049.63,breakout,5053.06,5039.339999999999,3.430000000000291,10.290000000000873,120,2026-02-10 12:00:00+00:00,5049.63,5053.06,2,2026-02-10 10:03:00+00:00,5053.06,stop_loss,-3.430000000000291,False
-1,2026-02-10 10:00:00+00:00,2026-02-10 10:10:00+00:00,5043.69,breakout,5050.63,5022.869999999998,6.940000000000509,20.820000000001528,120,2026-02-10 12:15:00+00:00,5043.69,5050.63,1,2026-02-10 10:25:00+00:00,5050.63,stop_loss,-6.940000000000509,False
1,2026-02-10 10:30:00+00:00,2026-02-10 10:31:00+00:00,5045.25,breakout,5039.38,5062.86,5.869999999999891,17.609999999999673,120,2026-02-10 13:45:00+00:00,5039.38,5045.25,3,2026-02-10 12:42:00+00:00,5039.38,stop_loss,-5.869999999999891,False
-1,2026-02-10 12:45:00+00:00,2026-02-10 12:46:00+00:00,5039.17,breakout,5044.17,5024.17,5.0,15.0,120,2026-02-10 14:46:00+00:00,5039.17,5044.17,0,2026-02-10 12:47:00+00:00,5024.17,target_hit,15.0,True
1,2026-02-10 13:15:00+00:00,2026-02-10 13:16:00+00:00,5036.66,breakout,5029.78,5057.3,6.880000000000109,20.640000000000327,120,2026-02-10 15:30:00+00:00,5029.78,5036.66,1,2026-02-10 13:33:00+00:00,5057.3,target_hit,20.640000000000327,True
1,2026-02-10 13:45:00+00:00,2026-02-10 13:46:00+00:00,5048.19,breakout,5036.92,5081.999999999998,11.269999999999527,33.80999999999858,120,2026-02-10 16:45:00+00:00,5036.92,5048.19,3,2026-02-10 14:47:00+00:00,5036.92,stop_loss,-11.269999999999527,False
-1,2026-02-10 15:00:00+00:00,2026-02-10 15:01:00+00:00,5042.24,breakout,5056.69,4998.89,14.449999999999818,43.349999999999454,120,2026-02-10 22:15:00+00:00,5042.24,5056.69,9,2026-02-10 23:01:00+00:00,5033.75,timeout,8.489999999999782,True
-1,2026-02-11 09:00:00+00:00,2026-02-11 09:05:00+00:00,5050.97,breakout,5055.42,5037.620000000001,4.449999999999818,13.349999999999454,120,2026-02-11 11:15:00+00:00,5050.97,5055.42,1,2026-02-11 09:19:00+00:00,5055.42,stop_loss,-4.449999999999818,False
1,2026-02-11 09:45:00+00:00,2026-02-11 09:46:00+00:00,5066.31,breakout,5057.14,5093.820000000001,9.170000000000073,27.51000000000022,120,2026-02-11 12:15:00+00:00,5057.14,5066.31,2,2026-02-11 10:44:00+00:00,5093.820000000001,target_hit,27.51000000000022,True
-1,2026-02-11 11:00:00+00:00,2026-02-11 11:01:00+00:00,5094.11,breakout,5101.9,5070.74,7.789999999999964,23.36999999999989,120,2026-02-11 13:15:00+00:00,5094.11,5101.9,1,2026-02-11 11:22:00+00:00,5101.9,stop_loss,-7.789999999999964,False
1,2026-02-11 11:30:00+00:00,2026-02-11 11:31:00+00:00,5094.25,breakout,5089.88,5107.36,4.369999999999891,13.109999999999673,120,2026-02-11 13:31:00+00:00,5089.88,5094.25,0,2026-02-11 11:32:00+00:00,5107.36,target_hit,13.109999999999673,True
-1,2026-02-11 12:00:00+00:00,2026-02-11 12:02:00+00:00,5108.97,breakout,5114.63,5091.990000000001,5.6599999999998545,16.979999999999563,120,2026-02-11 14:15:00+00:00,5108.97,5114.63,1,2026-02-11 12:19:00+00:00,5091.990000000001,target_hit,16.979999999999563,True
-1,2026-02-11 12:30:00+00:00,2026-02-11 12:31:00+00:00,5102.54,breakout,5107.38,5088.0199999999995,4.8400000000001455,14.520000000000437,120,2026-02-11 14:31:00+00:00,5102.54,5107.38,0,2026-02-11 12:33:00+00:00,5088.0199999999995,target_hit,14.520000000000437,True
-1,2026-02-11 12:45:00+00:00,2026-02-11 12:46:00+00:00,5088.53,breakout,5093.62,5073.259999999999,5.0900000000001455,15.270000000000437,120,2026-02-11 14:46:00+00:00,5088.53,5093.62,0,2026-02-11 12:47:00+00:00,5073.259999999999,target_hit,15.270000000000437,True
1,2026-02-11 13:00:00+00:00,2026-02-11 13:01:00+00:00,5075.43,breakout,5069.07,5094.510000000002,6.360000000000582,19.080000000001746,120,2026-02-11 15:01:00+00:00,5069.07,5075.43,0,2026-02-11 13:17:00+00:00,5069.07,stop_loss,-6.360000000000582,False
-1,2026-02-11 13:30:00+00:00,2026-02-11 13:31:00+00:00,5077.47,breakout,5082.94,5061.060000000002,5.469999999999345,16.409999999998035,120,2026-02-11 15:31:00+00:00,5077.47,5082.94,0,2026-02-11 13:32:00+00:00,5061.060000000002,target_hit,16.409999999998035,True
1,2026-02-11 14:00:00+00:00,2026-02-11 14:01:00+00:00,5066.96,breakout,5057.86,5094.260000000001,9.100000000000364,27.30000000000109,120,2026-02-11 16:30:00+00:00,5057.86,5066.96,2,2026-02-11 14:37:00+00:00,5057.86,stop_loss,-9.100000000000364,False
-1,2026-02-11 14:45:00+00:00,2026-02-11 14:46:00+00:00,5062.33,breakout,5070.98,5036.380000000001,8.649999999999636,25.94999999999891,120,2026-02-11 16:46:00+00:00,5062.33,5070.98,0,2026-02-11 15:05:00+00:00,5070.98,stop_loss,-8.649999999999636,False
1,2026-02-11 15:15:00+00:00,2026-02-11 15:16:00+00:00,5063.11,breakout,5054.84,5087.919999999998,8.269999999999527,24.80999999999858,120,2026-02-11 17:16:00+00:00,5054.84,5063.11,0,2026-02-11 15:24:00+00:00,5054.84,stop_loss,-8.269999999999527,False
1,2026-02-11 16:00:00+00:00,2026-02-11 16:01:00+00:00,5055.7,breakout,5048.23,5078.110000000001,7.470000000000255,22.410000000000764,120,2026-02-11 18:01:00+00:00,5048.23,5055.7,0,2026-02-11 16:17:00+00:00,5048.23,stop_loss,-7.470000000000255,False
1,2026-02-11 16:45:00+00:00,2026-02-11 16:46:00+00:00,5068.76,breakout,5056.15,5106.590000000002,12.610000000000582,37.830000000001746,120,2026-02-11 21:15:00+00:00,5056.15,5068.76,5,2026-02-11 21:15:00+00:00,5088.73,timeout,19.969999999999345,True
1,2026-02-12 09:00:00+00:00,2026-02-12 09:02:00+00:00,5068.08,breakout,5063.23,5082.630000000001,4.850000000000364,14.550000000001091,120,2026-02-12 12:00:00+00:00,5063.23,5068.08,2,2026-02-12 10:20:00+00:00,5063.23,stop_loss,-4.850000000000364,False
-1,2026-02-12 12:00:00+00:00,2026-02-12 12:05:00+00:00,5063.71,breakout,5068.14,5050.419999999999,4.430000000000291,13.290000000000873,120,2026-02-12 14:05:00+00:00,5063.71,5068.14,0,2026-02-12 12:35:00+00:00,5068.14,stop_loss,-4.430000000000291,False
-1,2026-02-12 12:45:00+00:00,2026-02-12 12:46:00+00:00,5057.42,breakout,5062.63,5041.79,5.210000000000036,15.63000000000011,120,2026-02-12 14:46:00+00:00,5057.42,5062.63,0,2026-02-12 13:10:00+00:00,5062.63,stop_loss,-5.210000000000036,False
1,2026-02-12 13:15:00+00:00,2026-02-12 13:16:00+00:00,5056.98,breakout,5052.02,5071.859999999997,4.959999999999127,14.87999999999738,120,2026-02-12 15:16:00+00:00,5052.02,5056.98,0,2026-02-12 13:20:00+00:00,5071.859999999997,target_hit,14.87999999999738,True
1,2026-02-12 13:45:00+00:00,2026-02-12 13:46:00+00:00,5072.6,breakout,5065.99,5092.430000000002,6.610000000000582,19.830000000001746,120,2026-02-12 16:00:00+00:00,5065.99,5072.6,1,2026-02-12 14:14:00+00:00,5065.99,stop_loss,-6.610000000000582,False
-1,2026-02-12 14:15:00+00:00,2026-02-12 14:16:00+00:00,5071.41,breakout,5077.27,5053.829999999998,5.860000000000582,17.580000000001746,120,2026-02-12 16:30:00+00:00,5071.41,5077.27,1,2026-02-12 14:44:00+00:00,5053.829999999998,target_hit,17.580000000001746,True
-1,2026-02-12 15:00:00+00:00,2026-02-12 15:01:00+00:00,5054.39,breakout,5060.77,5035.25,6.380000000000109,19.140000000000327,120,2026-02-12 17:01:00+00:00,5054.39,5060.77,0,2026-02-12 15:10:00+00:00,5060.77,stop_loss,-6.380000000000109,False
1,2026-02-12 15:45:00+00:00,2026-02-12 15:46:00+00:00,5072.75,breakout,5065.54,5094.38,7.210000000000036,21.63000000000011,120,2026-02-12 17:46:00+00:00,5065.54,5072.75,0,2026-02-12 15:59:00+00:00,5065.54,stop_loss,-7.210000000000036,False
-1,2026-02-12 16:30:00+00:00,2026-02-12 16:31:00+00:00,4919.65,breakout,4952.93,4819.809999999998,33.280000000000655,99.84000000000196,120,2026-02-12 18:31:00+00:00,4919.65,4952.93,0,2026-02-12 16:36:00+00:00,4952.93,stop_loss,-33.280000000000655,False
1,2026-02-12 16:45:00+00:00,2026-02-12 16:46:00+00:00,4920.12,breakout,4894.35,4997.4299999999985,25.769999999999527,77.30999999999858,120,2026-02-12 22:00:00+00:00,4894.35,4920.12,4,2026-02-12 23:01:00+00:00,4894.35,stop_loss,-25.769999999999527,False
1,2026-02-13 08:00:00+00:00,2026-02-13 08:01:00+00:00,4974.71,breakout,4970.49,4987.370000000001,4.220000000000255,12.660000000000764,120,2026-02-13 10:01:00+00:00,4970.49,4974.71,0,2026-02-13 08:06:00+00:00,4987.370000000001,target_hit,12.660000000000764,True
-1,2026-02-13 08:45:00+00:00,2026-02-13 08:49:00+00:00,4978.96,breakout,4983.19,4966.270000000001,4.229999999999563,12.68999999999869,120,2026-02-13 10:49:00+00:00,4978.96,4983.19,0,2026-02-13 08:54:00+00:00,4983.19,stop_loss,-4.229999999999563,False
-1,2026-02-13 09:00:00+00:00,2026-02-13 09:02:00+00:00,4978.76,breakout,4983.53,4964.450000000002,4.769999999999527,14.309999999998581,120,2026-02-13 11:02:00+00:00,4978.76,4983.53,0,2026-02-13 09:30:00+00:00,4964.450000000002,target_hit,14.309999999998581,True
-1,2026-02-13 09:30:00+00:00,2026-02-13 09:31:00+00:00,4974.39,breakout,4979.75,4958.310000000001,5.359999999999673,16.079999999999018,120,2026-02-13 11:31:00+00:00,4974.39,4979.75,0,2026-02-13 10:27:00+00:00,4979.75,stop_loss,-5.359999999999673,False
-1,2026-02-13 10:45:00+00:00,2026-02-13 10:46:00+00:00,4970.3,breakout,4977.01,4950.17,6.710000000000036,20.13000000000011,120,2026-02-13 12:46:00+00:00,4970.3,4977.01,0,2026-02-13 10:58:00+00:00,4950.17,target_hit,20.13000000000011,True
-1,2026-02-13 11:00:00+00:00,2026-02-13 11:01:00+00:00,4962.6,breakout,4969.01,4943.370000000001,6.4099999999998545,19.229999999999563,120,2026-02-13 13:01:00+00:00,4962.6,4969.01,0,2026-02-13 11:05:00+00:00,4943.370000000001,target_hit,19.229999999999563,True
-1,2026-02-13 11:15:00+00:00,2026-02-13 11:24:00+00:00,4943.67,breakout,4953.23,4914.990000000002,9.55999999999949,28.679999999998472,120,2026-02-13 13:45:00+00:00,4943.67,4953.23,2,2026-02-13 11:55:00+00:00,4953.23,stop_loss,-9.55999999999949,False
1,2026-02-13 12:15:00+00:00,2026-02-13 12:16:00+00:00,4959.15,breakout,4953.44,4976.28,5.710000000000036,17.13000000000011,120,2026-02-13 14:45:00+00:00,4953.44,4959.15,1,2026-02-13 13:01:00+00:00,4976.28,target_hit,17.13000000000011,True
-1,2026-02-13 13:00:00+00:00,2026-02-13 13:06:00+00:00,4967.87,breakout,4972.63,4953.589999999999,4.760000000000218,14.280000000000655,120,2026-02-13 15:06:00+00:00,4967.87,4972.63,0,2026-02-13 13:30:00+00:00,4972.63,stop_loss,-4.760000000000218,False
1,2026-02-13 14:15:00+00:00,2026-02-13 14:16:00+00:00,4997.82,breakout,4991.07,5018.07,6.75,20.25,120,2026-02-13 16:30:00+00:00,4991.07,4997.82,1,2026-02-13 14:39:00+00:00,4991.07,stop_loss,-6.75,False
1,2026-02-13 14:45:00+00:00,2026-02-13 14:48:00+00:00,5006.23,breakout,4999.09,5027.649999999998,7.139999999999418,21.419999999998254,120,2026-02-13 16:48:00+00:00,4999.09,5006.23,0,2026-02-13 14:49:00+00:00,4999.09,stop_loss,-7.139999999999418,False
1,2026-02-13 15:00:00+00:00,2026-02-13 15:01:00+00:00,4999.71,breakout,4989.76,5029.5599999999995,9.949999999999818,29.849999999999454,120,2026-02-13 17:45:00+00:00,4989.76,4999.71,2,2026-02-13 15:53:00+00:00,4989.76,stop_loss,-9.949999999999818,False
-1,2026-02-13 16:00:00+00:00,2026-02-13 16:01:00+00:00,4999.7,breakout,5010.28,4967.96,10.579999999999927,31.73999999999978,120,2026-02-13 18:01:00+00:00,4999.7,5010.28,0,2026-02-13 16:20:00+00:00,5010.28,stop_loss,-10.579999999999927,False
1,2026-02-13 16:30:00+00:00,2026-02-13 16:31:00+00:00,5006.94,breakout,4998.3,5032.859999999998,8.639999999999418,25.919999999998254,120,2026-02-13 20:15:00+00:00,4998.3,5006.94,3,2026-02-13 18:54:00+00:00,5032.859999999998,target_hit,25.919999999998254,True
1,2026-02-13 19:00:00+00:00,2026-02-13 19:01:00+00:00,5036.27,breakout,5028.44,5059.760000000003,7.830000000000837,23.49000000000251,120,2026-02-13 21:15:00+00:00,5028.44,5036.27,1,2026-02-13 19:58:00+00:00,5028.44,stop_loss,-7.830000000000837,False
-1,2026-02-13 20:00:00+00:00,2026-02-13 20:01:00+00:00,5034.47,breakout,5038.59,5022.110000000001,4.119999999999891,12.359999999999673,120,2026-02-13 22:01:00+00:00,5034.47,5038.59,0,2026-02-13 20:53:00+00:00,5022.110000000001,target_hit,12.359999999999673,True
1,2026-02-16 08:00:00+00:00,2026-02-16 08:01:00+00:00,5006.99,breakout,5001.6,5023.159999999998,5.389999999999418,16.169999999998254,120,2026-02-16 10:01:00+00:00,5001.6,5006.99,0,2026-02-16 08:12:00+00:00,5001.6,stop_loss,-5.389999999999418,False
1,2026-02-16 10:30:00+00:00,2026-02-16 10:35:00+00:00,5009.35,breakout,5004.8,5023.000000000001,4.550000000000182,13.650000000000546,120,2026-02-16 12:35:00+00:00,5004.8,5009.35,0,2026-02-16 10:37:00+00:00,5004.8,stop_loss,-4.550000000000182,False
-1,2026-02-16 12:15:00+00:00,2026-02-16 12:16:00+00:00,4997.73,breakout,5002.49,4983.449999999999,4.760000000000218,14.280000000000655,120,2026-02-16 14:16:00+00:00,4997.73,5002.49,0,2026-02-16 12:32:00+00:00,5002.49,stop_loss,-4.760000000000218,False
1,2026-02-16 12:30:00+00:00,2026-02-16 12:32:00+00:00,4999.61,breakout,4995.44,5012.12,4.170000000000073,12.510000000000218,120,2026-02-16 14:45:00+00:00,4995.44,4999.61,1,2026-02-16 13:29:00+00:00,4995.44,stop_loss,-4.170000000000073,False
-1,2026-02-16 14:30:00+00:00,2026-02-16 14:37:00+00:00,4990.41,breakout,4995.39,4975.469999999998,4.980000000000473,14.940000000001419,120,2026-02-16 17:00:00+00:00,4990.41,4995.39,1,2026-02-16 15:03:00+00:00,4975.469999999998,target_hit,14.940000000001419,True
-1,2026-02-16 15:15:00+00:00,2026-02-16 15:16:00+00:00,4982.68,breakout,4988.57,4965.010000000002,5.889999999999418,17.669999999998254,120,2026-02-16 17:45:00+00:00,4982.68,4988.57,1,2026-02-16 16:31:00+00:00,4988.57,stop_loss,-5.889999999999418,False
1,2026-02-16 16:30:00+00:00,2026-02-16 16:31:00+00:00,4984.38,breakout,4979.44,4999.200000000002,4.940000000000509,14.820000000001528,120,2026-02-16 18:31:00+00:00,4979.44,4984.38,0,2026-02-16 18:31:00+00:00,4992.47,timeout,8.090000000000146,True
-1,2026-02-16 19:15:00+00:00,2026-02-16 19:18:00+00:00,4991.02,breakout,4995.34,4978.060000000001,4.319999999999709,12.959999999999127,120,2026-02-16 21:18:00+00:00,4991.02,4995.34,0,2026-02-16 19:29:00+00:00,4995.34,stop_loss,-4.319999999999709,False
-1,2026-02-17 08:00:00+00:00,2026-02-17 08:01:00+00:00,4917.04,breakout,4922.32,4901.200000000001,5.279999999999745,15.839999999999236,120,2026-02-17 10:01:00+00:00,4917.04,4922.32,0,2026-02-17 08:02:00+00:00,4922.32,stop_loss,-5.279999999999745,False
1,2026-02-17 08:15:00+00:00,2026-02-17 08:16:00+00:00,4925.29,breakout,4916.89,4950.489999999999,8.399999999999636,25.19999999999891,120,2026-02-17 10:16:00+00:00,4916.89,4925.29,0,2026-02-17 08:38:00+00:00,4916.89,stop_loss,-8.399999999999636,False
1,2026-02-17 08:45:00+00:00,2026-02-17 08:50:00+00:00,4926.01,breakout,4918.84,4947.52,7.170000000000073,21.51000000000022,120,2026-02-17 11:15:00+00:00,4918.84,4926.01,1,2026-02-17 09:17:00+00:00,4918.84,stop_loss,-7.170000000000073,False
1,2026-02-17 09:45:00+00:00,2026-02-17 09:52:00+00:00,4925.13,breakout,4919.56,4941.839999999999,5.569999999999709,16.709999999999127,120,2026-02-17 12:15:00+00:00,4919.56,4925.13,2,2026-02-17 10:36:00+00:00,4919.56,stop_loss,-5.569999999999709,False
-1,2026-02-17 10:45:00+00:00,2026-02-17 10:46:00+00:00,4921.53,breakout,4928.07,4901.91,6.539999999999964,19.61999999999989,120,2026-02-17 13:00:00+00:00,4921.53,4928.07,1,2026-02-17 11:19:00+00:00,4928.07,stop_loss,-6.539999999999964,False
1,2026-02-17 11:45:00+00:00,2026-02-17 11:46:00+00:00,4927.74,breakout,4922.93,4942.169999999998,4.809999999999491,14.429999999998472,120,2026-02-17 13:46:00+00:00,4922.93,4927.74,0,2026-02-17 11:56:00+00:00,4922.93,stop_loss,-4.809999999999491,False
1,2026-02-17 12:00:00+00:00,2026-02-17 12:01:00+00:00,4926.83,breakout,4922.23,4940.630000000001,4.600000000000364,13.800000000001091,120,2026-02-17 14:01:00+00:00,4922.23,4926.83,0,2026-02-17 12:15:00+00:00,4940.630000000001,target_hit,13.800000000001091,True
1,2026-02-17 12:15:00+00:00,2026-02-17 12:16:00+00:00,4936.47,breakout,4928.99,4958.910000000002,7.480000000000473,22.44000000000142,120,2026-02-17 14:30:00+00:00,4928.99,4936.47,1,2026-02-17 12:58:00+00:00,4928.99,stop_loss,-7.480000000000473,False
-1,2026-02-17 13:15:00+00:00,2026-02-17 13:16:00+00:00,4928.48,breakout,4933.96,4912.039999999998,5.480000000000473,16.44000000000142,120,2026-02-17 15:16:00+00:00,4928.48,4933.96,0,2026-02-17 13:20:00+00:00,4912.039999999998,target_hit,16.44000000000142,True
-1,2026-02-17 13:30:00+00:00,2026-02-17 13:31:00+00:00,4915.16,breakout,4923.78,4889.3,8.61999999999989,25.859999999999673,120,2026-02-17 15:31:00+00:00,4915.16,4923.78,0,2026-02-17 13:45:00+00:00,4923.78,stop_loss,-8.61999999999989,False
-1,2026-02-17 13:45:00+00:00,2026-02-17 13:50:00+00:00,4914.27,breakout,4922.71,4888.950000000002,8.4399999999996,25.3199999999988,120,2026-02-17 15:50:00+00:00,4914.27,4922.71,0,2026-02-17 13:57:00+00:00,4888.950000000002,target_hit,25.3199999999988,True
-1,2026-02-17 14:00:00+00:00,2026-02-17 14:01:00+00:00,4911.69,breakout,4921.99,4880.789999999999,10.300000000000182,30.900000000000546,120,2026-02-17 16:01:00+00:00,4911.69,4921.99,0,2026-02-17 14:02:00+00:00,4880.789999999999,target_hit,30.900000000000546,True
-1,2026-02-17 14:30:00+00:00,2026-02-17 14:33:00+00:00,4891.08,breakout,4897.97,4870.409999999999,6.890000000000327,20.670000000000982,120,2026-02-17 16:33:00+00:00,4891.08,4897.97,0,2026-02-17 14:34:00+00:00,4897.97,stop_loss,-6.890000000000327,False
-1,2026-02-17 14:45:00+00:00,2026-02-17 14:46:00+00:00,4892.74,breakout,4901.27,4867.149999999998,8.530000000000655,25.590000000001965,120,2026-02-17 16:46:00+00:00,4892.74,4901.27,0,2026-02-17 14:49:00+00:00,4867.149999999998,target_hit,25.590000000001965,True
-1,2026-02-17 15:00:00+00:00,2026-02-17 15:01:00+00:00,4859.85,breakout,4872.32,4822.440000000002,12.469999999999345,37.409999999998035,120,2026-02-17 17:01:00+00:00,4859.85,4872.32,0,2026-02-17 15:05:00+00:00,4872.32,stop_loss,-12.469999999999345,False
1,2026-02-17 15:30:00+00:00,2026-02-17 15:31:00+00:00,4863.8,breakout,4855.93,4887.41,7.869999999999891,23.609999999999673,120,2026-02-17 17:31:00+00:00,4855.93,4863.8,0,2026-02-17 15:33:00+00:00,4855.93,stop_loss,-7.869999999999891,False
1,2026-02-17 15:45:00+00:00,2026-02-17 15:46:00+00:00,4864.46,breakout,4858.24,4883.120000000001,6.220000000000255,18.660000000000764,120,2026-02-17 17:46:00+00:00,4858.24,4864.46,0,2026-02-17 15:58:00+00:00,4883.120000000001,target_hit,18.660000000000764,True
1,2026-02-17 16:15:00+00:00,2026-02-17 16:16:00+00:00,4884.05,breakout,4877.51,4903.67,6.539999999999964,19.61999999999989,120,2026-02-17 18:16:00+00:00,4877.51,4884.05,0,2026-02-17 16:30:00+00:00,4877.51,stop_loss,-6.539999999999964,False
-1,2026-02-17 16:30:00+00:00,2026-02-17 16:31:00+00:00,4882.34,breakout,4887.54,4866.740000000001,5.199999999999818,15.599999999999454,120,2026-02-17 18:31:00+00:00,4882.34,4887.54,0,2026-02-17 16:43:00+00:00,4887.54,stop_loss,-5.199999999999818,False
-1,2026-02-17 16:45:00+00:00,2026-02-17 16:46:00+00:00,4876.39,breakout,4884.75,4851.310000000001,8.359999999999673,25.079999999999018,120,2026-02-17 19:00:00+00:00,4876.39,4884.75,1,2026-02-17 17:11:00+00:00,4851.310000000001,target_hit,25.079999999999018,True
-1,2026-02-17 17:15:00+00:00,2026-02-17 17:16:00+00:00,4857.2,breakout,4870.35,4817.749999999998,13.150000000000546,39.45000000000164,120,2026-02-17 20:00:00+00:00,4857.2,4870.35,1,2026-02-17 18:01:00+00:00,4870.35,stop_loss,-13.150000000000546,False
1,2026-02-17 18:30:00+00:00,2026-02-17 18:31:00+00:00,4875.6,breakout,4866.44,4903.080000000003,9.160000000000764,27.480000000002292,120,2026-02-17 20:45:00+00:00,4866.44,4875.6,1,2026-02-17 18:56:00+00:00,4903.080000000003,target_hit,27.480000000002292,True
-1,2026-02-17 19:30:00+00:00,2026-02-17 19:31:00+00:00,4889.72,breakout,4896.12,4870.520000000001,6.399999999999636,19.19999999999891,120,2026-02-17 22:45:00+00:00,4889.72,4896.12,2,2026-02-17 23:01:00+00:00,4870.520000000001,target_hit,19.19999999999891,True
-1,2026-02-18 08:45:00+00:00,2026-02-18 08:46:00+00:00,4922.17,breakout,4926.59,4908.91,4.420000000000073,13.260000000000218,120,2026-02-18 11:15:00+00:00,4922.17,4926.59,1,2026-02-18 10:38:00+00:00,4908.91,target_hit,13.260000000000218,True
-1,2026-02-18 10:45:00+00:00,2026-02-18 10:46:00+00:00,4915.21,breakout,4921.66,4895.860000000001,6.449999999999818,19.349999999999454,120,2026-02-18 14:00:00+00:00,4915.21,4921.66,1,2026-02-18 12:06:00+00:00,4921.66,stop_loss,-6.449999999999818,False
1,2026-02-18 12:15:00+00:00,2026-02-18 12:16:00+00:00,4918.32,breakout,4911.15,4939.83,7.170000000000073,21.51000000000022,120,2026-02-18 14:45:00+00:00,4911.15,4918.32,2,2026-02-18 12:58:00+00:00,4939.83,target_hit,21.51000000000022,True
1,2026-02-18 13:15:00+00:00,2026-02-18 13:16:00+00:00,4951.27,breakout,4942.37,4977.970000000002,8.900000000000546,26.700000000001637,120,2026-02-18 16:30:00+00:00,4942.37,4951.27,3,2026-02-18 14:32:00+00:00,4977.970000000002,target_hit,26.700000000001637,True
1,2026-02-18 14:45:00+00:00,2026-02-18 14:46:00+00:00,4968.44,breakout,4959.66,4994.779999999999,8.779999999999745,26.339999999999236,120,2026-02-18 16:46:00+00:00,4959.66,4968.44,0,2026-02-18 14:53:00+00:00,4994.779999999999,target_hit,26.339999999999236,True
1,2026-02-18 15:15:00+00:00,2026-02-18 15:16:00+00:00,5001.58,breakout,4992.37,5029.21,9.210000000000036,27.63000000000011,120,2026-02-18 17:30:00+00:00,4992.37,5001.58,1,2026-02-18 16:22:00+00:00,4992.37,stop_loss,-9.210000000000036,False
1,2026-02-18 16:45:00+00:00,2026-02-18 16:46:00+00:00,5004.99,breakout,5000.83,5017.469999999999,4.1599999999998545,12.479999999999563,120,2026-02-18 18:46:00+00:00,5000.83,5004.99,0,2026-02-18 16:57:00+00:00,5000.83,stop_loss,-4.1599999999998545,False
-1,2026-02-18 18:30:00+00:00,2026-02-18 18:31:00+00:00,4988.49,breakout,4994.63,4970.069999999999,6.140000000000327,18.420000000000982,120,2026-02-18 20:31:00+00:00,4988.49,4994.63,0,2026-02-18 19:11:00+00:00,4994.63,stop_loss,-6.140000000000327,False
-1,2026-02-18 19:30:00+00:00,2026-02-18 19:31:00+00:00,4990.2,breakout,4994.97,4975.8899999999985,4.770000000000437,14.31000000000131,120,2026-02-18 21:31:00+00:00,4990.2,4994.97,0,2026-02-18 19:32:00+00:00,4975.8899999999985,target_hit,14.31000000000131,True
1,2026-02-19 09:00:00+00:00,2026-02-19 09:01:00+00:00,5017.78,breakout,5013.79,5029.749999999999,3.9899999999997817,11.969999999999345,120,2026-02-19 11:01:00+00:00,5013.79,5017.78,0,2026-02-19 09:19:00+00:00,5013.79,stop_loss,-3.9899999999997817,False
-1,2026-02-19 09:30:00+00:00,2026-02-19 09:31:00+00:00,5013.58,breakout,5018.71,4998.19,5.130000000000109,15.390000000000327,120,2026-02-19 11:31:00+00:00,5013.58,5018.71,0,2026-02-19 09:36:00+00:00,4998.19,target_hit,15.390000000000327,True
-1,2026-02-19 10:30:00+00:00,2026-02-19 10:31:00+00:00,4986.34,breakout,4991.94,4969.540000000002,5.599999999999454,16.799999999998363,120,2026-02-19 12:31:00+00:00,4986.34,4991.94,0,2026-02-19 10:34:00+00:00,4991.94,stop_loss,-5.599999999999454,False
1,2026-02-19 10:45:00+00:00,2026-02-19 10:46:00+00:00,4987.12,breakout,4982.74,5000.26,4.380000000000109,13.140000000000327,120,2026-02-19 12:46:00+00:00,4982.74,4987.12,0,2026-02-19 11:16:00+00:00,4982.74,stop_loss,-4.380000000000109,False
-1,2026-02-19 12:45:00+00:00,2026-02-19 12:46:00+00:00,4988.51,breakout,4993.8,4972.64,5.289999999999964,15.86999999999989,120,2026-02-19 15:15:00+00:00,4988.51,4993.8,1,2026-02-19 13:30:00+00:00,4972.64,target_hit,15.86999999999989,True
-1,2026-02-19 14:15:00+00:00,2026-02-19 14:16:00+00:00,4988.15,breakout,4995.25,4966.8499999999985,7.100000000000364,21.30000000000109,120,2026-02-19 16:16:00+00:00,4988.15,4995.25,0,2026-02-19 14:34:00+00:00,4966.8499999999985,target_hit,21.30000000000109,True
1,2026-02-19 14:30:00+00:00,2026-02-19 14:36:00+00:00,4979.82,breakout,4971.3,5005.379999999998,8.519999999999527,25.55999999999858,120,2026-02-19 16:36:00+00:00,4971.3,4979.82,0,2026-02-19 14:53:00+00:00,5005.379999999998,target_hit,25.55999999999858,True
1,2026-02-19 15:00:00+00:00,2026-02-19 15:01:00+00:00,4995.1,breakout,4988.83,5013.910000000002,6.270000000000437,18.81000000000131,120,2026-02-19 17:15:00+00:00,4988.83,4995.1,1,2026-02-19 15:28:00+00:00,5013.910000000002,target_hit,18.81000000000131,True
1,2026-02-19 15:30:00+00:00,2026-02-19 15:31:00+00:00,5002.44,breakout,4996.44,5020.44,6.0,18.0,120,2026-02-19 17:31:00+00:00,4996.44,5002.44,0,2026-02-19 15:33:00+00:00,5020.44,target_hit,18.0,True
-1,2026-02-19 16:00:00+00:00,2026-02-19 16:05:00+00:00,5007.05,breakout,5014.12,4985.840000000001,7.069999999999709,21.209999999999127,120,2026-02-19 19:15:00+00:00,5007.05,5014.12,5,2026-02-19 17:37:00+00:00,4985.840000000001,target_hit,21.209999999999127,True
-1,2026-02-19 18:00:00+00:00,2026-02-19 18:01:00+00:00,4989.72,breakout,4995.01,4973.85,5.289999999999964,15.86999999999989,120,2026-02-19 21:45:00+00:00,4989.72,4995.01,3,2026-02-19 20:20:00+00:00,4995.01,stop_loss,-5.289999999999964,False
1,2026-02-19 20:30:00+00:00,2026-02-19 20:31:00+00:00,4994.95,breakout,4990.79,5007.429999999999,4.1599999999998545,12.479999999999563,120,2026-02-19 22:45:00+00:00,4990.79,4994.95,1,2026-02-19 23:01:00+00:00,4998.01,timeout,3.0600000000004,True
-1,2026-02-20 08:00:00+00:00,2026-02-20 08:02:00+00:00,5009.82,breakout,5015.56,4992.599999999998,5.740000000000691,17.220000000002074,120,2026-02-20 10:02:00+00:00,5009.82,5015.56,0,2026-02-20 08:03:00+00:00,5015.56,stop_loss,-5.740000000000691,False
1,2026-02-20 08:15:00+00:00,2026-02-20 08:16:00+00:00,5012.11,breakout,5006.79,5028.069999999999,5.319999999999709,15.959999999999127,120,2026-02-20 10:30:00+00:00,5006.79,5012.11,1,2026-02-20 08:38:00+00:00,5028.069999999999,target_hit,15.959999999999127,True
1,2026-02-20 09:15:00+00:00,2026-02-20 09:16:00+00:00,5039.55,breakout,5034.17,5055.6900000000005,5.380000000000109,16.140000000000327,120,2026-02-20 11:16:00+00:00,5034.17,5039.55,0,2026-02-20 09:26:00+00:00,5034.17,stop_loss,-5.380000000000109,False
-1,2026-02-20 09:30:00+00:00,2026-02-20 09:31:00+00:00,5036.83,breakout,5042.59,5019.549999999999,5.760000000000218,17.280000000000655,120,2026-02-20 12:00:00+00:00,5036.83,5042.59,2,2026-02-20 10:11:00+00:00,5019.549999999999,target_hit,17.280000000000655,True
-1,2026-02-20 12:00:00+00:00,2026-02-20 12:01:00+00:00,5023.62,breakout,5028.77,5008.169999999998,5.150000000000546,15.450000000001637,120,2026-02-20 14:15:00+00:00,5023.62,5028.77,1,2026-02-20 12:30:00+00:00,5008.169999999998,target_hit,15.450000000001637,True
-1,2026-02-20 12:30:00+00:00,2026-02-20 12:31:00+00:00,5018.63,breakout,5024.53,5000.930000000001,5.899999999999636,17.69999999999891,120,2026-02-20 14:31:00+00:00,5018.63,5024.53,0,2026-02-20 12:36:00+00:00,5024.53,stop_loss,-5.899999999999636,False
1,2026-02-20 12:45:00+00:00,2026-02-20 12:46:00+00:00,5020.38,breakout,5011.24,5047.800000000001,9.140000000000327,27.420000000000982,120,2026-02-20 15:30:00+00:00,5011.24,5020.38,1,2026-02-20 13:51:00+00:00,5047.800000000001,target_hit,27.420000000000982,True
1,2026-02-20 14:00:00+00:00,2026-02-20 14:01:00+00:00,5043.11,breakout,5036.07,5064.23,7.039999999999964,21.11999999999989,120,2026-02-20 17:00:00+00:00,5036.07,5043.11,2,2026-02-20 15:01:00+00:00,5064.23,target_hit,21.11999999999989,True
1,2026-02-20 15:00:00+00:00,2026-02-20 15:01:00+00:00,5061.01,breakout,5051.95,5088.190000000001,9.0600000000004,27.1800000000012,120,2026-02-20 17:01:00+00:00,5051.95,5061.01,0,2026-02-20 15:02:00+00:00,5051.95,stop_loss,-9.0600000000004,False
-1,2026-02-20 15:15:00+00:00,2026-02-20 15:16:00+00:00,5048.38,breakout,5060.27,5012.709999999999,11.890000000000327,35.67000000000098,120,2026-02-20 17:16:00+00:00,5048.38,5060.27,0,2026-02-20 15:27:00+00:00,5012.709999999999,target_hit,35.67000000000098,True
1,2026-02-20 15:30:00+00:00,2026-02-20 15:37:00+00:00,5032.16,breakout,5018.9,5071.9400000000005,13.260000000000218,39.780000000000655,120,2026-02-20 19:00:00+00:00,5018.9,5032.16,3,2026-02-20 17:07:00+00:00,5071.9400000000005,target_hit,39.780000000000655,True
-1,2026-02-20 18:30:00+00:00,2026-02-20 18:35:00+00:00,5060.55,breakout,5069.12,5034.840000000001,8.569999999999709,25.709999999999127,120,2026-02-20 20:35:00+00:00,5060.55,5069.12,0,2026-02-20 18:36:00+00:00,5069.12,stop_loss,-8.569999999999709,False
1,2026-02-20 18:45:00+00:00,2026-02-20 18:46:00+00:00,5064.75,breakout,5056.42,5089.74,8.329999999999927,24.98999999999978,120,2026-02-20 22:45:00+00:00,5056.42,5064.75,4,2026-02-20 20:55:00+00:00,5089.74,target_hit,24.98999999999978,True
-1,2026-02-23 08:15:00+00:00,2026-02-23 08:24:00+00:00,5131.82,breakout,5137.65,5114.33,5.829999999999927,17.48999999999978,120,2026-02-23 10:30:00+00:00,5131.82,5137.65,1,2026-02-23 08:54:00+00:00,5137.65,stop_loss,-5.829999999999927,False
1,2026-02-23 09:00:00+00:00,2026-02-23 09:01:00+00:00,5134.73,breakout,5129.36,5150.839999999999,5.369999999999891,16.109999999999673,120,2026-02-23 11:01:00+00:00,5129.36,5134.73,0,2026-02-23 10:00:00+00:00,5150.839999999999,target_hit,16.109999999999673,True
1,2026-02-23 11:00:00+00:00,2026-02-23 11:01:00+00:00,5159.56,breakout,5155.2,5172.640000000002,4.360000000000582,13.080000000001746,120,2026-02-23 13:01:00+00:00,5155.2,5159.56,0,2026-02-23 11:12:00+00:00,5155.2,stop_loss,-4.360000000000582,False
-1,2026-02-23 11:15:00+00:00,2026-02-23 11:16:00+00:00,5158.26,breakout,5162.18,5146.5,3.9200000000000728,11.760000000000218,120,2026-02-23 13:16:00+00:00,5158.26,5162.18,0,2026-02-23 12:09:00+00:00,5146.5,target_hit,11.760000000000218,True
1,2026-02-23 12:45:00+00:00,2026-02-23 12:46:00+00:00,5158.45,breakout,5154.63,5169.909999999999,3.819999999999709,11.459999999999127,120,2026-02-23 14:46:00+00:00,5154.63,5158.45,0,2026-02-23 13:09:00+00:00,5154.63,stop_loss,-3.819999999999709,False
-1,2026-02-23 13:30:00+00:00,2026-02-23 13:40:00+00:00,5147.93,breakout,5153.68,5130.68,5.75,17.25,120,2026-02-23 15:40:00+00:00,5147.93,5153.68,0,2026-02-23 13:45:00+00:00,5153.68,stop_loss,-5.75,False
-1,2026-02-23 14:00:00+00:00,2026-02-23 14:01:00+00:00,5147.97,breakout,5154.04,5129.760000000001,6.069999999999709,18.209999999999127,120,2026-02-23 16:01:00+00:00,5147.97,5154.04,0,2026-02-23 14:13:00+00:00,5154.04,stop_loss,-6.069999999999709,False
1,2026-02-23 14:15:00+00:00,2026-02-23 14:16:00+00:00,5153.78,breakout,5149.45,5166.7699999999995,4.329999999999927,12.989999999999782,120,2026-02-23 16:16:00+00:00,5149.45,5153.78,0,2026-02-23 14:30:00+00:00,5166.7699999999995,target_hit,12.989999999999782,True
1,2026-02-23 14:45:00+00:00,2026-02-23 14:46:00+00:00,5170.59,breakout,5164.52,5188.799999999999,6.069999999999709,18.209999999999127,120,2026-02-23 16:46:00+00:00,5164.52,5170.59,0,2026-02-23 14:47:00+00:00,5188.799999999999,target_hit,18.209999999999127,True
1,2026-02-23 15:00:00+00:00,2026-02-23 15:08:00+00:00,5198.1,breakout,5190.11,5222.070000000002,7.990000000000691,23.970000000002074,120,2026-02-23 17:08:00+00:00,5190.11,5198.1,0,2026-02-23 15:11:00+00:00,5190.11,stop_loss,-7.990000000000691,False
1,2026-02-23 16:30:00+00:00,2026-02-23 16:31:00+00:00,5210.92,breakout,5205.5,5227.18,5.420000000000073,16.26000000000022,120,2026-02-23 19:00:00+00:00,5205.5,5210.92,1,2026-02-23 17:11:00+00:00,5205.5,stop_loss,-5.420000000000073,False
1,2026-02-23 17:30:00+00:00,2026-02-23 17:31:00+00:00,5209.77,breakout,5202.11,5232.750000000003,7.660000000000764,22.980000000002292,120,2026-02-23 19:31:00+00:00,5202.11,5209.77,0,2026-02-23 17:35:00+00:00,5202.11,stop_loss,-7.660000000000764,False
-1,2026-02-23 17:45:00+00:00,2026-02-23 17:46:00+00:00,5200.57,breakout,5208.66,5176.299999999999,8.090000000000146,24.270000000000437,120,2026-02-23 19:46:00+00:00,5200.57,5208.66,0,2026-02-23 18:00:00+00:00,5208.66,stop_loss,-8.090000000000146,False
1,2026-02-23 18:00:00+00:00,2026-02-23 18:01:00+00:00,5204.36,breakout,5199.26,5219.659999999998,5.099999999999454,15.299999999998363,120,2026-02-23 21:45:00+00:00,5199.26,5204.36,3,2026-02-23 20:02:00+00:00,5219.659999999998,target_hit,15.299999999998363,True
-1,2026-02-24 08:00:00+00:00,2026-02-24 08:01:00+00:00,5177.89,breakout,5183.0,5162.560000000001,5.109999999999673,15.329999999999018,120,2026-02-24 11:45:00+00:00,5177.89,5183.0,2,2026-02-24 10:36:00+00:00,5162.560000000001,target_hit,15.329999999999018,True
-1,2026-02-24 12:30:00+00:00,2026-02-24 12:34:00+00:00,5156.99,breakout,5164.67,5133.949999999999,7.680000000000291,23.040000000000873,120,2026-02-24 15:00:00+00:00,5156.99,5164.67,2,2026-02-24 13:39:00+00:00,5133.949999999999,target_hit,23.040000000000873,True
-1,2026-02-24 13:45:00+00:00,2026-02-24 13:46:00+00:00,5149.12,breakout,5159.46,5118.099999999999,10.340000000000146,31.020000000000437,120,2026-02-24 15:46:00+00:00,5149.12,5159.46,0,2026-02-24 13:59:00+00:00,5118.099999999999,target_hit,31.020000000000437,True
-1,2026-02-24 14:00:00+00:00,2026-02-24 14:01:00+00:00,5139.14,breakout,5146.83,5116.0700000000015,7.6899999999996,23.0699999999988,120,2026-02-24 16:01:00+00:00,5139.14,5146.83,0,2026-02-24 14:10:00+00:00,5116.0700000000015,target_hit,23.0699999999988,True
1,2026-02-24 14:45:00+00:00,2026-02-24 14:46:00+00:00,5123.94,breakout,5111.68,5160.7199999999975,12.259999999999309,36.779999999997926,120,2026-02-24 19:15:00+00:00,5111.68,5123.94,4,2026-02-24 17:18:00+00:00,5160.7199999999975,target_hit,36.779999999997926,True
1,2026-02-24 18:00:00+00:00,2026-02-24 18:01:00+00:00,5162.39,breakout,5158.19,5174.9900000000025,4.200000000000728,12.600000000002183,120,2026-02-24 20:01:00+00:00,5158.19,5162.39,0,2026-02-24 18:24:00+00:00,5158.19,stop_loss,-4.200000000000728,False
-1,2026-02-24 18:30:00+00:00,2026-02-24 18:31:00+00:00,5159.96,breakout,5165.45,5143.490000000001,5.489999999999782,16.469999999999345,120,2026-02-24 21:30:00+00:00,5159.96,5165.45,1,2026-02-24 20:24:00+00:00,5165.45,stop_loss,-5.489999999999782,False
1,2026-02-24 20:30:00+00:00,2026-02-24 20:31:00+00:00,5164.47,breakout,5159.72,5178.72,4.75,14.25,120,2026-02-24 22:31:00+00:00,5159.72,5164.47,0,2026-02-24 20:55:00+00:00,5159.72,stop_loss,-4.75,False
1,2026-02-25 08:15:00+00:00,2026-02-25 08:19:00+00:00,5191.17,breakout,5185.13,5209.29,6.039999999999964,18.11999999999989,120,2026-02-25 10:30:00+00:00,5185.13,5191.17,1,2026-02-25 08:59:00+00:00,5185.13,stop_loss,-6.039999999999964,False
1,2026-02-25 09:15:00+00:00,2026-02-25 09:20:00+00:00,5186.92,breakout,5181.26,5203.9,5.6599999999998545,16.979999999999563,120,2026-02-25 12:00:00+00:00,5181.26,5186.92,1,2026-02-25 10:16:00+00:00,5181.26,stop_loss,-5.6599999999998545,False
-1,2026-02-25 10:15:00+00:00,2026-02-25 10:16:00+00:00,5186.16,breakout,5190.13,5174.249999999999,3.9700000000002547,11.910000000000764,120,2026-02-25 12:16:00+00:00,5186.16,5190.13,0,2026-02-25 10:20:00+00:00,5174.249999999999,target_hit,11.910000000000764,True
1,2026-02-25 10:30:00+00:00,2026-02-25 10:39:00+00:00,5180.06,breakout,5173.16,5200.760000000002,6.900000000000546,20.700000000001637,120,2026-02-25 12:45:00+00:00,5173.16,5180.06,1,2026-02-25 10:53:00+00:00,5173.16,stop_loss,-6.900000000000546,False
1,2026-02-25 11:45:00+00:00,2026-02-25 11:46:00+00:00,5173.14,breakout,5168.08,5188.3200000000015,5.0600000000004,15.1800000000012,120,2026-02-25 14:45:00+00:00,5168.08,5173.14,3,2026-02-25 13:05:00+00:00,5188.3200000000015,target_hit,15.1800000000012,True
1,2026-02-25 13:15:00+00:00,2026-02-25 13:16:00+00:00,5189.37,breakout,5184.47,5204.069999999999,4.899999999999636,14.699999999998909,120,2026-02-25 15:16:00+00:00,5184.47,5189.37,0,2026-02-25 13:41:00+00:00,5184.47,stop_loss,-4.899999999999636,False
1,2026-02-25 14:00:00+00:00,2026-02-25 14:06:00+00:00,5191.21,breakout,5186.02,5206.779999999999,5.1899999999996,15.5699999999988,120,2026-02-25 16:06:00+00:00,5186.02,5191.21,0,2026-02-25 14:14:00+00:00,5186.02,stop_loss,-5.1899999999996,False
-1,2026-02-25 14:30:00+00:00,2026-02-25 14:31:00+00:00,5179.02,breakout,5185.94,5158.260000000003,6.919999999999163,20.75999999999749,120,2026-02-25 16:31:00+00:00,5179.02,5185.94,0,2026-02-25 14:39:00+00:00,5158.260000000003,target_hit,20.75999999999749,True
1,2026-02-25 14:45:00+00:00,2026-02-25 14:50:00+00:00,5182.17,breakout,5174.52,5205.119999999999,7.649999999999636,22.94999999999891,120,2026-02-25 17:00:00+00:00,5174.52,5182.17,1,2026-02-25 15:28:00+00:00,5174.52,stop_loss,-7.649999999999636,False
-1,2026-02-25 15:30:00+00:00,2026-02-25 15:31:00+00:00,5186.14,breakout,5192.0,5168.560000000001,5.859999999999673,17.579999999999018,120,2026-02-25 17:31:00+00:00,5186.14,5192.0,0,2026-02-25 15:41:00+00:00,5192.0,stop_loss,-5.859999999999673,False
1,2026-02-25 15:45:00+00:00,2026-02-25 15:46:00+00:00,5180.27,breakout,5173.86,5199.500000000003,6.410000000000764,19.230000000002292,120,2026-02-25 18:15:00+00:00,5173.86,5180.27,1,2026-02-25 16:20:00+00:00,5199.500000000003,target_hit,19.230000000002292,True
1,2026-02-25 16:15:00+00:00,2026-02-25 16:20:00+00:00,5199.42,breakout,5194.5,5214.18,4.920000000000073,14.760000000000218,120,2026-02-25 18:45:00+00:00,5194.5,5199.42,1,2026-02-25 16:47:00+00:00,5214.18,target_hit,14.760000000000218,True
1,2026-02-25 19:30:00+00:00,2026-02-25 19:31:00+00:00,5204.66,breakout,5194.69,5234.570000000001,9.970000000000255,29.910000000000764,120,2026-02-25 22:00:00+00:00,5194.69,5204.66,1,2026-02-25 20:15:00+00:00,5194.69,stop_loss,-9.970000000000255,False
-1,2026-02-25 20:30:00+00:00,2026-02-25 20:31:00+00:00,5191.08,breakout,5197.98,5170.380000000001,6.899999999999636,20.69999999999891,120,2026-02-25 22:31:00+00:00,5191.08,5197.98,0,2026-02-25 20:45:00+00:00,5170.380000000001,target_hit,20.69999999999891,True
-1,2026-02-25 20:45:00+00:00,2026-02-25 20:46:00+00:00,5177.4,breakout,5182.47,5162.189999999998,5.0700000000006185,15.210000000001855,120,2026-02-25 22:46:00+00:00,5177.4,5182.47,0,2026-02-25 20:58:00+00:00,5162.189999999998,target_hit,15.210000000001855,True
-1,2026-02-26 08:30:00+00:00,2026-02-26 08:31:00+00:00,5185.48,breakout,5190.3,5171.019999999998,4.8200000000006185,14.460000000001855,120,2026-02-26 10:31:00+00:00,5185.48,5190.3,0,2026-02-26 08:34:00+00:00,5171.019999999998,target_hit,14.460000000001855,True
-1,2026-02-26 08:45:00+00:00,2026-02-26 08:46:00+00:00,5175.24,breakout,5180.12,5160.599999999999,4.880000000000109,14.640000000000327,120,2026-02-26 10:46:00+00:00,5175.24,5180.12,0,2026-02-26 08:49:00+00:00,5180.12,stop_loss,-4.880000000000109,False
1,2026-02-26 09:00:00+00:00,2026-02-26 09:01:00+00:00,5176.94,breakout,5169.36,5199.679999999999,7.579999999999927,22.73999999999978,120,2026-02-26 11:01:00+00:00,5169.36,5176.94,0,2026-02-26 10:52:00+00:00,5169.36,stop_loss,-7.579999999999927,False
-1,2026-02-26 11:00:00+00:00,2026-02-26 11:01:00+00:00,5170.24,breakout,5174.7,5156.86,4.460000000000036,13.38000000000011,120,2026-02-26 13:01:00+00:00,5170.24,5174.7,0,2026-02-26 11:02:00+00:00,5174.7,stop_loss,-4.460000000000036,False
-1,2026-02-26 12:00:00+00:00,2026-02-26 12:01:00+00:00,5166.33,breakout,5172.29,5148.45,5.960000000000036,17.88000000000011,120,2026-02-26 14:15:00+00:00,5166.33,5172.29,1,2026-02-26 12:17:00+00:00,5172.29,stop_loss,-5.960000000000036,False
1,2026-02-26 12:30:00+00:00,2026-02-26 12:31:00+00:00,5172.29,breakout,5166.97,5188.249999999999,5.319999999999709,15.959999999999127,120,2026-02-26 14:31:00+00:00,5166.97,5172.29,0,2026-02-26 12:45:00+00:00,5188.249999999999,target_hit,15.959999999999127,True
-1,2026-02-26 13:15:00+00:00,2026-02-26 13:16:00+00:00,5174.3,breakout,5182.16,5150.720000000001,7.859999999999673,23.579999999999018,120,2026-02-26 16:15:00+00:00,5174.3,5182.16,4,2026-02-26 14:30:00+00:00,5150.720000000001,target_hit,23.579999999999018,True
1,2026-02-26 14:30:00+00:00,2026-02-26 14:35:00+00:00,5169.44,breakout,5165.13,5182.369999999998,4.309999999999491,12.929999999998472,120,2026-02-26 16:35:00+00:00,5165.13,5169.44,0,2026-02-26 14:40:00+00:00,5165.13,stop_loss,-4.309999999999491,False
-1,2026-02-26 15:00:00+00:00,2026-02-26 15:01:00+00:00,5167.0,breakout,5174.47,5144.589999999999,7.470000000000255,22.410000000000764,120,2026-02-26 17:15:00+00:00,5167.0,5174.47,1,2026-02-26 15:27:00+00:00,5144.589999999999,target_hit,22.410000000000764,True
-1,2026-02-26 15:30:00+00:00,2026-02-26 15:31:00+00:00,5157.64,breakout,5164.31,5137.63,6.670000000000073,20.01000000000022,120,2026-02-26 17:31:00+00:00,5157.64,5164.31,0,2026-02-26 15:37:00+00:00,5164.31,stop_loss,-6.670000000000073,False
1,2026-02-26 15:45:00+00:00,2026-02-26 15:46:00+00:00,5162.71,breakout,5152.04,5194.72,10.670000000000073,32.01000000000022,120,2026-02-26 21:15:00+00:00,5152.04,5162.71,6,2026-02-26 19:49:00+00:00,5194.72,target_hit,32.01000000000022,True
1,2026-02-26 20:00:00+00:00,2026-02-26 20:02:00+00:00,5190.37,breakout,5186.14,5203.059999999999,4.229999999999563,12.68999999999869,120,2026-02-26 22:45:00+00:00,5186.14,5190.37,1,2026-02-26 21:26:00+00:00,5186.14,stop_loss,-4.229999999999563,False
1,2026-02-27 08:30:00+00:00,2026-02-27 08:32:00+00:00,5179.98,breakout,5175.46,5193.539999999998,4.519999999999527,13.559999999998581,120,2026-02-27 10:32:00+00:00,5175.46,5179.98,0,2026-02-27 09:11:00+00:00,5175.46,stop_loss,-4.519999999999527,False
1,2026-02-27 10:15:00+00:00,2026-02-27 10:16:00+00:00,5175.29,breakout,5170.72,5188.999999999999,4.569999999999709,13.709999999999127,120,2026-02-27 12:16:00+00:00,5170.72,5175.29,0,2026-02-27 10:35:00+00:00,5170.72,stop_loss,-4.569999999999709,False
1,2026-02-27 13:15:00+00:00,2026-02-27 13:16:00+00:00,5191.97,breakout,5186.65,5207.930000000002,5.3200000000006185,15.960000000001855,120,2026-02-27 15:16:00+00:00,5186.65,5191.97,0,2026-02-27 13:17:00+00:00,5207.930000000002,target_hit,15.960000000001855,True
1,2026-02-27 13:30:00+00:00,2026-02-27 13:31:00+00:00,5221.88,breakout,5211.8,5252.12,10.079999999999927,30.23999999999978,120,2026-02-27 15:31:00+00:00,5211.8,5221.88,0,2026-02-27 13:40:00+00:00,5211.8,stop_loss,-10.079999999999927,False
-1,2026-02-27 13:45:00+00:00,2026-02-27 13:46:00+00:00,5221.43,breakout,5238.85,5169.17,17.420000000000073,52.26000000000022,120,2026-02-27 16:45:00+00:00,5221.43,5238.85,3,2026-02-27 15:12:00+00:00,5238.85,stop_loss,-17.420000000000073,False
1,2026-02-27 15:15:00+00:00,2026-02-27 15:16:00+00:00,5228.31,breakout,5221.73,5248.050000000003,6.580000000000837,19.74000000000251,120,2026-02-27 17:16:00+00:00,5221.73,5228.31,0,2026-02-27 15:19:00+00:00,5221.73,stop_loss,-6.580000000000837,False
-1,2026-02-27 15:30:00+00:00,2026-02-27 15:34:00+00:00,5227.37,breakout,5237.92,5195.719999999999,10.550000000000182,31.650000000000546,120,2026-02-27 17:45:00+00:00,5227.37,5237.92,1,2026-02-27 15:48:00+00:00,5237.92,stop_loss,-10.550000000000182,False
1,2026-02-27 16:00:00+00:00,2026-02-27 16:01:00+00:00,5238.38,breakout,5233.05,5254.37,5.329999999999927,15.989999999999782,120,2026-02-27 18:01:00+00:00,5233.05,5238.38,0,2026-02-27 16:13:00+00:00,5254.37,target_hit,15.989999999999782,True
-1,2026-02-27 16:15:00+00:00,2026-02-27 16:22:00+00:00,5235.25,breakout,5241.74,5215.780000000001,6.489999999999782,19.469999999999345,120,2026-02-27 19:30:00+00:00,5235.25,5241.74,2,2026-02-27 18:45:00+00:00,5241.74,stop_loss,-6.489999999999782,False
1,2026-02-27 18:45:00+00:00,2026-02-27 18:46:00+00:00,5238.96,breakout,5234.87,5251.2300000000005,4.0900000000001455,12.270000000000437,120,2026-02-27 21:00:00+00:00,5234.87,5238.96,1,2026-02-27 19:06:00+00:00,5251.2300000000005,target_hit,12.270000000000437,True
1,2026-03-02 08:00:00+00:00,2026-03-02 08:01:00+00:00,5410.45,breakout,5405.08,5426.5599999999995,5.369999999999891,16.109999999999673,120,2026-03-02 10:01:00+00:00,5405.08,5410.45,0,2026-03-02 08:02:00+00:00,5405.08,stop_loss,-5.369999999999891,False
-1,2026-03-02 08:15:00+00:00,2026-03-02 08:16:00+00:00,5405.31,breakout,5410.57,5389.5300000000025,5.259999999999309,15.779999999997926,120,2026-03-02 10:16:00+00:00,5405.31,5410.57,0,2026-03-02 08:28:00+00:00,5410.57,stop_loss,-5.259999999999309,False
-1,2026-03-02 08:45:00+00:00,2026-03-02 08:46:00+00:00,5409.84,breakout,5417.75,5386.110000000001,7.9099999999998545,23.729999999999563,120,2026-03-02 10:46:00+00:00,5409.84,5417.75,0,2026-03-02 09:20:00+00:00,5386.110000000001,target_hit,23.729999999999563,True
1,2026-03-02 09:30:00+00:00,2026-03-02 09:31:00+00:00,5395.14,breakout,5388.85,5414.01,6.289999999999964,18.86999999999989,120,2026-03-02 11:45:00+00:00,5388.85,5395.14,1,2026-03-02 09:48:00+00:00,5388.85,stop_loss,-6.289999999999964,False
-1,2026-03-02 10:00:00+00:00,2026-03-02 10:01:00+00:00,5392.44,breakout,5398.69,5373.69,6.25,18.75,120,2026-03-02 12:15:00+00:00,5392.44,5398.69,1,2026-03-02 10:44:00+00:00,5398.69,stop_loss,-6.25,False
-1,2026-03-02 11:00:00+00:00,2026-03-02 11:08:00+00:00,5386.11,breakout,5392.7,5366.339999999999,6.5900000000001455,19.770000000000437,120,2026-03-02 13:08:00+00:00,5386.11,5392.7,0,2026-03-02 11:16:00+00:00,5392.7,stop_loss,-6.5900000000001455,False
1,2026-03-02 11:15:00+00:00,2026-03-02 11:16:00+00:00,5394.05,breakout,5388.01,5412.17,6.039999999999964,18.11999999999989,120,2026-03-02 13:16:00+00:00,5388.01,5394.05,0,2026-03-02 11:24:00+00:00,5388.01,stop_loss,-6.039999999999964,False
1,2026-03-02 11:30:00+00:00,2026-03-02 11:31:00+00:00,5391.96,breakout,5387.27,5406.029999999999,4.6899999999996,14.0699999999988,120,2026-03-02 13:31:00+00:00,5387.27,5391.96,0,2026-03-02 11:45:00+00:00,5387.27,stop_loss,-4.6899999999996,False
1,2026-03-02 12:45:00+00:00,2026-03-02 12:46:00+00:00,5395.57,breakout,5388.97,5415.369999999998,6.599999999999454,19.799999999998363,120,2026-03-02 14:46:00+00:00,5388.97,5395.57,0,2026-03-02 12:55:00+00:00,5388.97,stop_loss,-6.599999999999454,False
-1,2026-03-02 13:15:00+00:00,2026-03-02 13:16:00+00:00,5390.77,breakout,5395.81,5375.650000000001,5.039999999999964,15.11999999999989,120,2026-03-02 15:16:00+00:00,5390.77,5395.81,0,2026-03-02 13:20:00+00:00,5395.81,stop_loss,-5.039999999999964,False
1,2026-03-02 13:30:00+00:00,2026-03-02 13:31:00+00:00,5390.69,breakout,5382.7,5414.659999999999,7.989999999999782,23.969999999999345,120,2026-03-02 15:31:00+00:00,5382.7,5390.69,0,2026-03-02 13:32:00+00:00,5414.659999999999,target_hit,23.969999999999345,True
-1,2026-03-02 14:00:00+00:00,2026-03-02 14:01:00+00:00,5389.28,breakout,5395.69,5370.05,6.4099999999998545,19.229999999999563,120,2026-03-02 16:01:00+00:00,5389.28,5395.69,0,2026-03-02 14:10:00+00:00,5370.05,target_hit,19.229999999999563,True
-1,2026-03-02 14:15:00+00:00,2026-03-02 14:16:00+00:00,5388.18,breakout,5396.11,5364.390000000002,7.9299999999993815,23.789999999998145,120,2026-03-02 16:16:00+00:00,5388.18,5396.11,0,2026-03-02 14:18:00+00:00,5364.390000000002,target_hit,23.789999999998145,True
-1,2026-03-02 14:30:00+00:00,2026-03-02 14:31:00+00:00,5367.0,breakout,5376.39,5338.829999999999,9.390000000000327,28.170000000000982,120,2026-03-02 16:31:00+00:00,5367.0,5376.39,0,2026-03-02 14:32:00+00:00,5338.829999999999,target_hit,28.170000000000982,True
-1,2026-03-02 15:00:00+00:00,2026-03-02 15:01:00+00:00,5338.31,breakout,5353.06,5294.06,14.75,44.25,120,2026-03-02 17:30:00+00:00,5338.31,5353.06,2,2026-03-02 16:00:00+00:00,5294.06,target_hit,44.25,True
-1,2026-03-02 16:00:00+00:00,2026-03-02 16:01:00+00:00,5335.55,breakout,5345.21,5306.570000000001,9.659999999999854,28.979999999999563,120,2026-03-02 18:01:00+00:00,5335.55,5345.21,0,2026-03-02 16:02:00+00:00,5306.570000000001,target_hit,28.979999999999563,True
-1,2026-03-02 16:15:00+00:00,2026-03-02 16:18:00+00:00,5287.36,breakout,5315.44,5203.12,28.079999999999927,84.23999999999978,120,2026-03-02 18:18:00+00:00,5287.36,5315.44,0,2026-03-02 16:29:00+00:00,5315.44,stop_loss,-28.079999999999927,False
-1,2026-03-02 16:30:00+00:00,2026-03-02 16:35:00+00:00,5289.3,breakout,5299.7,5258.100000000001,10.399999999999636,31.19999999999891,120,2026-03-02 18:35:00+00:00,5289.3,5299.7,0,2026-03-02 16:38:00+00:00,5299.7,stop_loss,-10.399999999999636,False
-1,2026-03-02 16:45:00+00:00,2026-03-02 16:46:00+00:00,5303.6,breakout,5309.51,5285.870000000001,5.9099999999998545,17.729999999999563,120,2026-03-02 19:00:00+00:00,5303.6,5309.51,1,2026-03-02 17:07:00+00:00,5309.51,stop_loss,-5.9099999999998545,False
1,2026-03-02 17:15:00+00:00,2026-03-02 17:16:00+00:00,5298.05,breakout,5286.45,5332.850000000001,11.600000000000364,34.80000000000109,120,2026-03-02 21:00:00+00:00,5286.45,5298.05,6,2026-03-02 19:12:00+00:00,5332.850000000001,target_hit,34.80000000000109,True
1,2026-03-02 19:15:00+00:00,2026-03-02 19:16:00+00:00,5321.57,breakout,5315.02,5341.2199999999975,6.549999999999272,19.649999999997817,120,2026-03-02 21:45:00+00:00,5315.02,5321.57,1,2026-03-02 20:08:00+00:00,5341.2199999999975,target_hit,19.649999999997817,True
1,2026-03-02 20:15:00+00:00,2026-03-02 20:16:00+00:00,5335.83,breakout,5330.78,5350.9800000000005,5.050000000000182,15.150000000000546,120,2026-03-02 22:16:00+00:00,5330.78,5335.83,0,2026-03-02 20:19:00+00:00,5330.78,stop_loss,-5.050000000000182,False
1,2026-03-02 20:30:00+00:00,2026-03-02 20:37:00+00:00,5342.86,breakout,5337.11,5360.11,5.75,17.25,120,2026-03-02 22:45:00+00:00,5337.11,5342.86,1,2026-03-02 20:46:00+00:00,5337.11,stop_loss,-5.75,False
1,2026-03-02 20:45:00+00:00,2026-03-02 20:54:00+00:00,5342.59,breakout,5336.35,5361.3099999999995,6.239999999999782,18.719999999999345,120,2026-03-02 22:54:00+00:00,5336.35,5342.59,0,2026-03-02 20:57:00+00:00,5336.35,stop_loss,-6.239999999999782,False
-1,2026-03-03 08:30:00+00:00,2026-03-03 08:31:00+00:00,5317.49,breakout,5322.6,5302.159999999998,5.110000000000582,15.330000000001746,120,2026-03-03 10:31:00+00:00,5317.49,5322.6,0,2026-03-03 08:34:00+00:00,5302.159999999998,target_hit,15.330000000001746,True
1,2026-03-03 08:45:00+00:00,2026-03-03 08:46:00+00:00,5308.32,breakout,5302.75,5325.029999999999,5.569999999999709,16.709999999999127,120,2026-03-03 10:46:00+00:00,5302.75,5308.32,0,2026-03-03 08:51:00+00:00,5302.75,stop_loss,-5.569999999999709,False
-1,2026-03-03 09:00:00+00:00,2026-03-03 09:01:00+00:00,5302.07,breakout,5311.46,5273.899999999999,9.390000000000327,28.170000000000982,120,2026-03-03 11:01:00+00:00,5302.07,5311.46,0,2026-03-03 09:25:00+00:00,5273.899999999999,target_hit,28.170000000000982,True
-1,2026-03-03 09:30:00+00:00,2026-03-03 09:31:00+00:00,5292.5,breakout,5299.61,5271.170000000001,7.109999999999673,21.329999999999018,120,2026-03-03 11:31:00+00:00,5292.5,5299.61,0,2026-03-03 09:32:00+00:00,5271.170000000001,target_hit,21.329999999999018,True
1,2026-03-03 09:45:00+00:00,2026-03-03 09:46:00+00:00,5254.61,breakout,5239.85,5298.889999999998,14.759999999999309,44.279999999997926,120,2026-03-03 12:00:00+00:00,5239.85,5254.61,1,2026-03-03 10:54:00+00:00,5239.85,stop_loss,-14.759999999999309,False
-1,2026-03-03 11:00:00+00:00,2026-03-03 11:04:00+00:00,5251.84,breakout,5261.55,5222.71,9.710000000000036,29.13000000000011,120,2026-03-03 13:04:00+00:00,5251.84,5261.55,0,2026-03-03 11:07:00+00:00,5222.71,target_hit,29.13000000000011,True
-1,2026-03-03 11:30:00+00:00,2026-03-03 11:31:00+00:00,5185.5,breakout,5204.01,5129.969999999999,18.51000000000022,55.530000000000655,120,2026-03-03 13:31:00+00:00,5185.5,5204.01,0,2026-03-03 11:32:00+00:00,5129.969999999999,target_hit,55.530000000000655,True
1,2026-03-03 12:00:00+00:00,2026-03-03 12:01:00+00:00,5141.24,breakout,5122.26,5198.1799999999985,18.979999999999563,56.93999999999869,120,2026-03-03 14:15:00+00:00,5122.26,5141.24,1,2026-03-03 12:24:00+00:00,5198.1799999999985,target_hit,56.93999999999869,True
-1,2026-03-03 13:15:00+00:00,2026-03-03 13:16:00+00:00,5196.9,breakout,5225.85,5110.049999999997,28.950000000000728,86.85000000000218,120,2026-03-03 16:30:00+00:00,5196.9,5225.85,2,2026-03-03 14:35:00+00:00,5110.049999999997,target_hit,86.85000000000218,True
-1,2026-03-03 14:45:00+00:00,2026-03-03 14:46:00+00:00,5123.19,breakout,5144.8,5058.359999999998,21.610000000000582,64.83000000000175,120,2026-03-03 16:46:00+00:00,5123.19,5144.8,0,2026-03-03 14:47:00+00:00,5058.359999999998,target_hit,64.83000000000175,True
-1,2026-03-03 15:00:00+00:00,2026-03-03 15:01:00+00:00,5050.38,breakout,5074.07,4979.310000000001,23.6899999999996,71.0699999999988,120,2026-03-03 17:30:00+00:00,5050.38,5074.07,1,2026-03-03 15:48:00+00:00,5074.07,stop_loss,-23.6899999999996,False
1,2026-03-03 16:15:00+00:00,2026-03-03 16:16:00+00:00,5099.23,breakout,5089.4,5128.719999999999,9.829999999999927,29.48999999999978,120,2026-03-03 18:16:00+00:00,5089.4,5099.23,0,2026-03-03 16:36:00+00:00,5128.719999999999,target_hit,29.48999999999978,True
-1,2026-03-03 17:00:00+00:00,2026-03-03 17:01:00+00:00,5101.76,breakout,5113.75,5065.790000000001,11.989999999999782,35.969999999999345,120,2026-03-03 19:15:00+00:00,5101.76,5113.75,1,2026-03-03 17:35:00+00:00,5065.790000000001,target_hit,35.969999999999345,True
-1,2026-03-03 17:45:00+00:00,2026-03-03 17:50:00+00:00,5074.62,breakout,5085.03,5043.39,10.409999999999854,31.229999999999563,120,2026-03-03 19:50:00+00:00,5074.62,5085.03,0,2026-03-03 18:00:00+00:00,5085.03,stop_loss,-10.409999999999854,False
1,2026-03-03 18:00:00+00:00,2026-03-03 18:01:00+00:00,5084.57,breakout,5078.41,5103.049999999999,6.1599999999998545,18.479999999999563,120,2026-03-03 20:01:00+00:00,5078.41,5084.57,0,2026-03-03 18:09:00+00:00,5103.049999999999,target_hit,18.479999999999563,True
1,2026-03-03 18:15:00+00:00,2026-03-03 18:16:00+00:00,5090.17,breakout,5078.78,5124.340000000001,11.390000000000327,34.17000000000098,120,2026-03-03 20:30:00+00:00,5078.78,5090.17,1,2026-03-03 18:38:00+00:00,5124.340000000001,target_hit,34.17000000000098,True
1,2026-03-03 19:00:00+00:00,2026-03-03 19:01:00+00:00,5137.29,breakout,5130.19,5158.590000000001,7.100000000000364,21.30000000000109,120,2026-03-03 21:01:00+00:00,5130.19,5137.29,0,2026-03-03 19:08:00+00:00,5130.19,stop_loss,-7.100000000000364,False
1,2026-03-03 20:00:00+00:00,2026-03-03 20:01:00+00:00,5127.1,breakout,5119.28,5150.560000000002,7.8200000000006185,23.460000000001855,120,2026-03-03 22:01:00+00:00,5119.28,5127.1,0,2026-03-03 20:03:00+00:00,5119.28,stop_loss,-7.8200000000006185,False
1,2026-03-03 20:15:00+00:00,2026-03-03 20:18:00+00:00,5119.84,breakout,5113.2,5139.760000000001,6.640000000000327,19.920000000000982,120,2026-03-03 22:18:00+00:00,5113.2,5119.84,0,2026-03-03 20:33:00+00:00,5113.2,stop_loss,-6.640000000000327,False
-1,2026-03-03 20:30:00+00:00,2026-03-03 20:33:00+00:00,5113.56,breakout,5119.44,5095.920000000003,5.8799999999992,17.6399999999976,120,2026-03-03 22:33:00+00:00,5113.56,5119.44,0,2026-03-03 20:35:00+00:00,5119.44,stop_loss,-5.8799999999992,False
-1,2026-03-03 20:45:00+00:00,2026-03-03 20:46:00+00:00,5116.85,breakout,5124.66,5093.420000000002,7.809999999999491,23.429999999998472,120,2026-03-03 22:46:00+00:00,5116.85,5124.66,0,2026-03-03 20:51:00+00:00,5093.420000000002,target_hit,23.429999999998472,True
-1,2026-03-04 08:15:00+00:00,2026-03-04 08:16:00+00:00,5166.63,breakout,5172.82,5148.060000000001,6.1899999999996,18.5699999999988,120,2026-03-04 10:16:00+00:00,5166.63,5172.82,0,2026-03-04 08:42:00+00:00,5172.82,stop_loss,-6.1899999999996,False
1,2026-03-04 08:45:00+00:00,2026-03-04 08:46:00+00:00,5166.59,breakout,5161.17,5182.85,5.420000000000073,16.26000000000022,120,2026-03-04 10:46:00+00:00,5161.17,5166.59,0,2026-03-04 08:50:00+00:00,5182.85,target_hit,16.26000000000022,True
-1,2026-03-04 09:00:00+00:00,2026-03-04 09:01:00+00:00,5175.31,breakout,5181.7,5156.140000000002,6.389999999999418,19.169999999998254,120,2026-03-04 11:15:00+00:00,5175.31,5181.7,1,2026-03-04 09:39:00+00:00,5181.7,stop_loss,-6.389999999999418,False
1,2026-03-04 09:45:00+00:00,2026-03-04 09:46:00+00:00,5177.79,breakout,5173.36,5191.080000000001,4.430000000000291,13.290000000000873,120,2026-03-04 11:46:00+00:00,5173.36,5177.79,0,2026-03-04 10:08:00+00:00,5191.080000000001,target_hit,13.290000000000873,True
1,2026-03-04 10:15:00+00:00,2026-03-04 10:16:00+00:00,5196.83,breakout,5186.25,5228.57,10.579999999999927,31.73999999999978,120,2026-03-04 12:16:00+00:00,5186.25,5196.83,0,2026-03-04 10:24:00+00:00,5186.25,stop_loss,-10.579999999999927,False
-1,2026-03-04 10:30:00+00:00,2026-03-04 10:31:00+00:00,5190.95,breakout,5200.25,5163.049999999999,9.300000000000182,27.900000000000546,120,2026-03-04 12:31:00+00:00,5190.95,5200.25,0,2026-03-04 11:35:00+00:00,5200.25,stop_loss,-9.300000000000182,False
-1,2026-03-04 12:30:00+00:00,2026-03-04 12:31:00+00:00,5192.47,breakout,5198.11,5175.550000000002,5.639999999999418,16.919999999998254,120,2026-03-04 14:31:00+00:00,5192.47,5198.11,0,2026-03-04 12:32:00+00:00,5175.550000000002,target_hit,16.919999999998254,True
-1,2026-03-04 12:45:00+00:00,2026-03-04 12:46:00+00:00,5171.22,breakout,5179.8,5145.4800000000005,8.579999999999927,25.73999999999978,120,2026-03-04 14:46:00+00:00,5171.22,5179.8,0,2026-03-04 13:01:00+00:00,5179.8,stop_loss,-8.579999999999927,False
1,2026-03-04 13:00:00+00:00,2026-03-04 13:01:00+00:00,5172.0,breakout,5167.24,5186.280000000001,4.760000000000218,14.280000000000655,120,2026-03-04 15:01:00+00:00,5167.24,5172.0,0,2026-03-04 13:09:00+00:00,5186.280000000001,target_hit,14.280000000000655,True
1,2026-03-04 13:15:00+00:00,2026-03-04 13:16:00+00:00,5179.35,breakout,5170.29,5206.530000000002,9.0600000000004,27.1800000000012,120,2026-03-04 15:30:00+00:00,5170.29,5179.35,1,2026-03-04 13:59:00+00:00,5170.29,stop_loss,-9.0600000000004,False
1,2026-03-04 14:30:00+00:00,2026-03-04 14:31:00+00:00,5174.61,breakout,5166.79,5198.069999999999,7.819999999999709,23.459999999999127,120,2026-03-04 16:31:00+00:00,5166.79,5174.61,0,2026-03-04 14:45:00+00:00,5166.79,stop_loss,-7.819999999999709,False
1,2026-03-04 14:45:00+00:00,2026-03-04 14:46:00+00:00,5175.43,breakout,5162.33,5214.730000000001,13.100000000000364,39.30000000000109,120,2026-03-04 16:46:00+00:00,5162.33,5175.43,0,2026-03-04 14:47:00+00:00,5162.33,stop_loss,-13.100000000000364,False
1,2026-03-04 15:30:00+00:00,2026-03-04 15:31:00+00:00,5141.24,breakout,5132.19,5168.39,9.050000000000182,27.150000000000546,120,2026-03-04 18:45:00+00:00,5132.19,5141.24,4,2026-03-04 17:23:00+00:00,5132.19,stop_loss,-9.050000000000182,False
-1,2026-03-04 17:30:00+00:00,2026-03-04 17:31:00+00:00,5137.8,breakout,5144.01,5119.17,6.210000000000036,18.63000000000011,120,2026-03-04 19:45:00+00:00,5137.8,5144.01,1,2026-03-04 17:52:00+00:00,5144.01,stop_loss,-6.210000000000036,False
1,2026-03-04 18:00:00+00:00,2026-03-04 18:01:00+00:00,5140.26,breakout,5135.72,5153.88,4.539999999999964,13.61999999999989,120,2026-03-04 20:01:00+00:00,5135.72,5140.26,0,2026-03-04 18:04:00+00:00,5135.72,stop_loss,-4.539999999999964,False
-1,2026-03-04 18:15:00+00:00,2026-03-04 18:16:00+00:00,5131.72,breakout,5138.83,5110.390000000001,7.109999999999673,21.329999999999018,120,2026-03-04 20:16:00+00:00,5131.72,5138.83,0,2026-03-04 18:20:00+00:00,5110.390000000001,target_hit,21.329999999999018,True
-1,2026-03-04 18:30:00+00:00,2026-03-04 18:31:00+00:00,5120.64,breakout,5127.17,5101.050000000001,6.529999999999745,19.589999999999236,120,2026-03-04 20:31:00+00:00,5120.64,5127.17,0,2026-03-04 18:32:00+00:00,5127.17,stop_loss,-6.529999999999745,False
1,2026-03-04 18:45:00+00:00,2026-03-04 18:46:00+00:00,5130.4,breakout,5120.26,5160.819999999998,10.139999999999418,30.419999999998254,120,2026-03-04 22:45:00+00:00,5120.26,5130.4,3,2026-03-04 23:01:00+00:00,5145.86,timeout,15.460000000000036,True
-1,2026-03-05 08:15:00+00:00,2026-03-05 08:16:00+00:00,5157.2,breakout,5162.27,5141.989999999998,5.0700000000006185,15.210000000001855,120,2026-03-05 10:16:00+00:00,5157.2,5162.27,0,2026-03-05 08:17:00+00:00,5141.989999999998,target_hit,15.210000000001855,True
1,2026-03-05 08:45:00+00:00,2026-03-05 08:46:00+00:00,5150.17,breakout,5143.6,5169.879999999999,6.569999999999709,19.709999999999127,120,2026-03-05 10:46:00+00:00,5143.6,5150.17,0,2026-03-05 08:55:00+00:00,5169.879999999999,target_hit,19.709999999999127,True
1,2026-03-05 09:00:00+00:00,2026-03-05 09:01:00+00:00,5167.55,breakout,5160.59,5188.43,6.960000000000036,20.88000000000011,120,2026-03-05 11:15:00+00:00,5160.59,5167.55,1,2026-03-05 09:39:00+00:00,5160.59,stop_loss,-6.960000000000036,False
-1,2026-03-05 10:00:00+00:00,2026-03-05 10:01:00+00:00,5158.13,breakout,5166.18,5133.98,8.050000000000182,24.150000000000546,120,2026-03-05 12:45:00+00:00,5158.13,5166.18,2,2026-03-05 10:50:00+00:00,5166.18,stop_loss,-8.050000000000182,False
1,2026-03-05 11:00:00+00:00,2026-03-05 11:01:00+00:00,5162.44,breakout,5158.0,5175.759999999998,4.4399999999996,13.3199999999988,120,2026-03-05 13:01:00+00:00,5158.0,5162.44,0,2026-03-05 11:39:00+00:00,5158.0,stop_loss,-4.4399999999996,False
-1,2026-03-05 13:15:00+00:00,2026-03-05 13:16:00+00:00,5152.93,breakout,5165.16,5116.240000000002,12.229999999999563,36.68999999999869,120,2026-03-05 15:16:00+00:00,5152.93,5165.16,0,2026-03-05 13:20:00+00:00,5116.240000000002,target_hit,36.68999999999869,True
-1,2026-03-05 13:30:00+00:00,2026-03-05 13:31:00+00:00,5136.61,breakout,5160.86,5063.86,24.25,72.75,120,2026-03-05 16:45:00+00:00,5136.61,5160.86,5,2026-03-05 15:08:00+00:00,5063.86,target_hit,72.75,True
1,2026-03-05 15:30:00+00:00,2026-03-05 15:35:00+00:00,5094.7,breakout,5082.59,5131.029999999999,12.109999999999673,36.32999999999902,120,2026-03-05 17:35:00+00:00,5082.59,5094.7,0,2026-03-05 15:37:00+00:00,5082.59,stop_loss,-12.109999999999673,False
1,2026-03-05 15:45:00+00:00,2026-03-05 15:47:00+00:00,5092.08,breakout,5081.22,5124.659999999999,10.859999999999673,32.57999999999902,120,2026-03-05 18:00:00+00:00,5081.22,5092.08,1,2026-03-05 16:08:00+00:00,5081.22,stop_loss,-10.859999999999673,False
-1,2026-03-05 16:15:00+00:00,2026-03-05 16:16:00+00:00,5092.94,breakout,5102.51,5064.229999999998,9.570000000000618,28.710000000001855,120,2026-03-05 18:16:00+00:00,5092.94,5102.51,0,2026-03-05 16:24:00+00:00,5064.229999999998,target_hit,28.710000000001855,True
-1,2026-03-05 16:30:00+00:00,2026-03-05 16:31:00+00:00,5066.0,breakout,5079.48,5025.560000000001,13.479999999999563,40.43999999999869,120,2026-03-05 18:45:00+00:00,5066.0,5079.48,1,2026-03-05 16:49:00+00:00,5079.48,stop_loss,-13.479999999999563,False
1,2026-03-05 17:00:00+00:00,2026-03-05 17:01:00+00:00,5076.73,breakout,5069.93,5097.129999999997,6.799999999999272,20.399999999997817,120,2026-03-05 19:15:00+00:00,5069.93,5076.73,1,2026-03-05 17:32:00+00:00,5069.93,stop_loss,-6.799999999999272,False
-1,2026-03-05 17:45:00+00:00,2026-03-05 17:46:00+00:00,5062.29,breakout,5069.78,5039.820000000001,7.489999999999782,22.469999999999345,120,2026-03-05 19:46:00+00:00,5062.29,5069.78,0,2026-03-05 18:05:00+00:00,5069.78,stop_loss,-7.489999999999782,False
1,2026-03-05 18:00:00+00:00,2026-03-05 18:05:00+00:00,5069.82,breakout,5061.64,5094.359999999998,8.179999999999382,24.539999999998145,120,2026-03-05 20:05:00+00:00,5061.64,5069.82,0,2026-03-05 18:26:00+00:00,5061.64,stop_loss,-8.179999999999382,False
1,2026-03-05 18:30:00+00:00,2026-03-05 18:31:00+00:00,5075.7,breakout,5066.48,5103.360000000001,9.220000000000255,27.660000000000764,120,2026-03-05 21:15:00+00:00,5066.48,5075.7,2,2026-03-05 19:16:00+00:00,5066.48,stop_loss,-9.220000000000255,False
-1,2026-03-05 19:30:00+00:00,2026-03-05 19:31:00+00:00,5066.12,breakout,5073.77,5043.169999999998,7.650000000000546,22.950000000001637,120,2026-03-05 22:00:00+00:00,5066.12,5073.77,2,2026-03-05 20:11:00+00:00,5073.77,stop_loss,-7.650000000000546,False
1,2026-03-05 20:15:00+00:00,2026-03-05 20:16:00+00:00,5075.0,breakout,5069.09,5092.73,5.9099999999998545,17.729999999999563,120,2026-03-05 22:16:00+00:00,5069.09,5075.0,0,2026-03-05 20:17:00+00:00,5092.73,target_hit,17.729999999999563,True
-1,2026-03-05 20:45:00+00:00,2026-03-05 20:46:00+00:00,5076.05,breakout,5080.87,5061.590000000001,4.819999999999709,14.459999999999127,120,2026-03-05 22:46:00+00:00,5076.05,5080.87,0,2026-03-05 20:49:00+00:00,5080.87,stop_loss,-4.819999999999709,False
-1,2026-03-06 08:15:00+00:00,2026-03-06 08:16:00+00:00,5115.86,breakout,5121.43,5099.149999999998,5.5700000000006185,16.710000000001855,120,2026-03-06 10:16:00+00:00,5115.86,5121.43,0,2026-03-06 08:28:00+00:00,5099.149999999998,target_hit,16.710000000001855,True
-1,2026-03-06 08:30:00+00:00,2026-03-06 08:31:00+00:00,5107.5,breakout,5112.18,5093.459999999999,4.680000000000291,14.040000000000873,120,2026-03-06 10:31:00+00:00,5107.5,5112.18,0,2026-03-06 08:47:00+00:00,5112.18,stop_loss,-4.680000000000291,False
-1,2026-03-06 09:15:00+00:00,2026-03-06 09:16:00+00:00,5104.46,breakout,5109.66,5088.860000000001,5.199999999999818,15.599999999999454,120,2026-03-06 11:16:00+00:00,5104.46,5109.66,0,2026-03-06 09:36:00+00:00,5088.860000000001,target_hit,15.599999999999454,True
-1,2026-03-06 09:45:00+00:00,2026-03-06 09:46:00+00:00,5096.0,breakout,5101.89,5078.329999999999,5.890000000000327,17.670000000000982,120,2026-03-06 12:00:00+00:00,5096.0,5101.89,1,2026-03-06 10:05:00+00:00,5078.329999999999,target_hit,17.670000000000982,True
-1,2026-03-06 10:45:00+00:00,2026-03-06 10:46:00+00:00,5083.09,breakout,5088.42,5067.1,5.329999999999927,15.989999999999782,120,2026-03-06 12:46:00+00:00,5083.09,5088.42,0,2026-03-06 10:48:00+00:00,5088.42,stop_loss,-5.329999999999927,False
1,2026-03-06 11:00:00+00:00,2026-03-06 11:01:00+00:00,5090.3,breakout,5085.51,5104.67,4.789999999999964,14.36999999999989,120,2026-03-06 13:01:00+00:00,5085.51,5090.3,0,2026-03-06 11:03:00+00:00,5085.51,stop_loss,-4.789999999999964,False
1,2026-03-06 11:30:00+00:00,2026-03-06 11:31:00+00:00,5093.74,breakout,5089.32,5107.0,4.420000000000073,13.260000000000218,120,2026-03-06 13:31:00+00:00,5089.32,5093.74,0,2026-03-06 11:38:00+00:00,5089.32,stop_loss,-4.420000000000073,False
1,2026-03-06 12:00:00+00:00,2026-03-06 12:09:00+00:00,5086.3,breakout,5079.87,5105.590000000001,6.430000000000291,19.290000000000873,120,2026-03-06 14:30:00+00:00,5079.87,5086.3,2,2026-03-06 13:00:00+00:00,5079.87,stop_loss,-6.430000000000291,False
-1,2026-03-06 13:00:00+00:00,2026-03-06 13:01:00+00:00,5092.69,breakout,5097.87,5077.149999999999,5.180000000000291,15.540000000000873,120,2026-03-06 15:01:00+00:00,5092.69,5097.87,0,2026-03-06 13:02:00+00:00,5077.149999999999,target_hit,15.540000000000873,True
1,2026-03-06 13:30:00+00:00,2026-03-06 13:31:00+00:00,5078.82,breakout,5073.5,5094.779999999999,5.319999999999709,15.959999999999127,120,2026-03-06 15:31:00+00:00,5073.5,5078.82,0,2026-03-06 13:32:00+00:00,5094.779999999999,target_hit,15.959999999999127,True
-1,2026-03-06 14:00:00+00:00,2026-03-06 14:01:00+00:00,5115.0,breakout,5122.74,5091.780000000001,7.739999999999782,23.219999999999345,120,2026-03-06 16:01:00+00:00,5115.0,5122.74,0,2026-03-06 14:03:00+00:00,5091.780000000001,target_hit,23.219999999999345,True
1,2026-03-06 14:15:00+00:00,2026-03-06 14:16:00+00:00,5090.66,breakout,5080.94,5119.820000000001,9.720000000000255,29.160000000000764,120,2026-03-06 16:16:00+00:00,5080.94,5090.66,0,2026-03-06 14:57:00+00:00,5119.820000000001,target_hit,29.160000000000764,True
1,2026-03-06 15:00:00+00:00,2026-03-06 15:01:00+00:00,5099.9,breakout,5088.84,5133.079999999998,11.05999999999949,33.17999999999847,120,2026-03-06 17:01:00+00:00,5088.84,5099.9,0,2026-03-06 15:02:00+00:00,5133.079999999998,target_hit,33.17999999999847,True
1,2026-03-06 15:15:00+00:00,2026-03-06 15:16:00+00:00,5145.14,breakout,5127.21,5198.930000000001,17.93000000000029,53.79000000000087,120,2026-03-06 18:30:00+00:00,5127.21,5145.14,2,2026-03-06 16:40:00+00:00,5127.21,stop_loss,-17.93000000000029,False
-1,2026-03-06 17:15:00+00:00,2026-03-06 17:16:00+00:00,5133.42,breakout,5140.18,5113.139999999999,6.760000000000218,20.280000000000655,120,2026-03-06 19:16:00+00:00,5133.42,5140.18,0,2026-03-06 17:18:00+00:00,5140.18,stop_loss,-6.760000000000218,False
1,2026-03-06 18:15:00+00:00,2026-03-06 18:16:00+00:00,5145.09,breakout,5138.81,5163.929999999999,6.279999999999745,18.839999999999236,120,2026-03-06 20:16:00+00:00,5138.81,5145.09,0,2026-03-06 18:43:00+00:00,5163.929999999999,target_hit,18.839999999999236,True
1,2026-03-06 18:45:00+00:00,2026-03-06 18:46:00+00:00,5162.24,breakout,5154.36,5185.88,7.880000000000109,23.640000000000327,120,2026-03-06 20:46:00+00:00,5154.36,5162.24,0,2026-03-06 20:10:00+00:00,5154.36,stop_loss,-7.880000000000109,False
-1,2026-03-06 20:15:00+00:00,2026-03-06 20:19:00+00:00,5155.01,breakout,5160.99,5137.0700000000015,5.979999999999563,17.93999999999869,120,2026-03-06 22:19:00+00:00,5155.01,5160.99,0,2026-03-06 20:25:00+00:00,5160.99,stop_loss,-5.979999999999563,False
-1,2026-03-06 20:30:00+00:00,2026-03-06 20:31:00+00:00,5154.75,breakout,5161.34,5134.98,6.5900000000001455,19.770000000000437,120,2026-03-06 22:31:00+00:00,5154.75,5161.34,0,2026-03-06 20:40:00+00:00,5161.34,stop_loss,-6.5900000000001455,False
1,2026-03-06 20:45:00+00:00,2026-03-06 20:46:00+00:00,5156.16,breakout,5150.76,5172.359999999999,5.399999999999636,16.19999999999891,120,2026-03-06 22:46:00+00:00,5150.76,5156.16,0,2026-03-06 20:59:00+00:00,5150.76,stop_loss,-5.399999999999636,False
1,2026-03-09 08:15:00+00:00,2026-03-09 08:17:00+00:00,5104.53,breakout,5098.95,5121.2699999999995,5.579999999999927,16.73999999999978,120,2026-03-09 10:17:00+00:00,5098.95,5104.53,0,2026-03-09 08:20:00+00:00,5098.95,stop_loss,-5.579999999999927,False
1,2026-03-09 09:00:00+00:00,2026-03-09 09:01:00+00:00,5092.17,breakout,5086.8,5108.28,5.369999999999891,16.109999999999673,120,2026-03-09 11:01:00+00:00,5086.8,5092.17,0,2026-03-09 09:08:00+00:00,5108.28,target_hit,16.109999999999673,True
1,2026-03-09 09:30:00+00:00,2026-03-09 09:31:00+00:00,5117.75,breakout,5111.32,5137.040000000001,6.430000000000291,19.290000000000873,120,2026-03-09 11:31:00+00:00,5111.32,5117.75,0,2026-03-09 09:42:00+00:00,5111.32,stop_loss,-6.430000000000291,False
-1,2026-03-09 09:45:00+00:00,2026-03-09 09:46:00+00:00,5125.29,breakout,5132.62,5103.3,7.329999999999927,21.98999999999978,120,2026-03-09 11:46:00+00:00,5125.29,5132.62,0,2026-03-09 09:47:00+00:00,5103.3,target_hit,21.98999999999978,True
-1,2026-03-09 10:15:00+00:00,2026-03-09 10:20:00+00:00,5103.72,breakout,5108.92,5088.120000000001,5.199999999999818,15.599999999999454,120,2026-03-09 12:45:00+00:00,5103.72,5108.92,1,2026-03-09 10:50:00+00:00,5088.120000000001,target_hit,15.599999999999454,True
1,2026-03-09 11:45:00+00:00,2026-03-09 11:46:00+00:00,5090.53,breakout,5085.5,5105.619999999999,5.029999999999745,15.089999999999236,120,2026-03-09 13:46:00+00:00,5085.5,5090.53,0,2026-03-09 11:50:00+00:00,5085.5,stop_loss,-5.029999999999745,False
1,2026-03-09 12:00:00+00:00,2026-03-09 12:01:00+00:00,5090.58,breakout,5085.01,5107.289999999999,5.569999999999709,16.709999999999127,120,2026-03-09 14:15:00+00:00,5085.01,5090.58,1,2026-03-09 12:28:00+00:00,5107.289999999999,target_hit,16.709999999999127,True
1,2026-03-09 12:30:00+00:00,2026-03-09 12:31:00+00:00,5104.14,breakout,5097.54,5123.940000000001,6.600000000000364,19.80000000000109,120,2026-03-09 14:31:00+00:00,5097.54,5104.14,0,2026-03-09 12:50:00+00:00,5097.54,stop_loss,-6.600000000000364,False
1,2026-03-09 13:00:00+00:00,2026-03-09 13:02:00+00:00,5099.17,breakout,5093.45,5116.330000000001,5.720000000000255,17.160000000000764,120,2026-03-09 15:02:00+00:00,5093.45,5099.17,0,2026-03-09 13:06:00+00:00,5093.45,stop_loss,-5.720000000000255,False
1,2026-03-09 13:30:00+00:00,2026-03-09 13:31:00+00:00,5098.89,breakout,5094.07,5113.350000000002,4.8200000000006185,14.460000000001855,120,2026-03-09 15:31:00+00:00,5094.07,5098.89,0,2026-03-09 13:40:00+00:00,5094.07,stop_loss,-4.8200000000006185,False
1,2026-03-09 14:00:00+00:00,2026-03-09 14:01:00+00:00,5083.06,breakout,5072.78,5113.900000000002,10.280000000000655,30.840000000001965,120,2026-03-09 16:01:00+00:00,5072.78,5083.06,0,2026-03-09 14:08:00+00:00,5072.78,stop_loss,-10.280000000000655,False
1,2026-03-09 14:15:00+00:00,2026-03-09 14:25:00+00:00,5082.09,breakout,5073.19,5108.790000000002,8.900000000000546,26.700000000001637,120,2026-03-09 16:25:00+00:00,5073.19,5082.09,0,2026-03-09 14:44:00+00:00,5108.790000000002,target_hit,26.700000000001637,True
1,2026-03-09 14:45:00+00:00,2026-03-09 14:46:00+00:00,5089.61,breakout,5081.33,5114.449999999999,8.279999999999745,24.839999999999236,120,2026-03-09 16:46:00+00:00,5081.33,5089.61,0,2026-03-09 15:08:00+00:00,5081.33,stop_loss,-8.279999999999745,False
-1,2026-03-09 15:15:00+00:00,2026-03-09 15:16:00+00:00,5087.8,breakout,5093.73,5070.010000000002,5.9299999999993815,17.789999999998145,120,2026-03-09 17:16:00+00:00,5087.8,5093.73,0,2026-03-09 15:23:00+00:00,5093.73,stop_loss,-5.9299999999993815,False
1,2026-03-09 15:45:00+00:00,2026-03-09 15:50:00+00:00,5099.7,breakout,5093.02,5119.739999999998,6.6799999999993815,20.039999999998145,120,2026-03-09 19:00:00+00:00,5093.02,5099.7,3,2026-03-09 17:21:00+00:00,5093.02,stop_loss,-6.6799999999993815,False
1,2026-03-09 18:00:00+00:00,2026-03-09 18:01:00+00:00,5094.31,breakout,5090.71,5105.1100000000015,3.600000000000364,10.800000000001091,120,2026-03-09 20:01:00+00:00,5090.71,5094.31,0,2026-03-09 18:23:00+00:00,5105.1100000000015,target_hit,10.800000000001091,True
1,2026-03-09 18:30:00+00:00,2026-03-09 18:31:00+00:00,5101.04,breakout,5096.86,5113.580000000001,4.180000000000291,12.540000000000873,120,2026-03-09 20:31:00+00:00,5096.86,5101.04,0,2026-03-09 18:36:00+00:00,5113.580000000001,target_hit,12.540000000000873,True
1,2026-03-09 18:45:00+00:00,2026-03-09 18:46:00+00:00,5110.09,breakout,5105.69,5123.290000000002,4.400000000000546,13.200000000001637,120,2026-03-09 20:46:00+00:00,5105.69,5110.09,0,2026-03-09 18:53:00+00:00,5123.290000000002,target_hit,13.200000000001637,True
1,2026-03-09 19:15:00+00:00,2026-03-09 19:19:00+00:00,5131.19,breakout,5124.65,5150.8099999999995,6.539999999999964,19.61999999999989,120,2026-03-09 21:30:00+00:00,5124.65,5131.19,1,2026-03-09 22:01:00+00:00,5150.8099999999995,target_hit,19.61999999999989,True
1,2026-03-10 08:00:00+00:00,2026-03-10 08:01:00+00:00,5182.18,breakout,5177.55,5196.070000000001,4.630000000000109,13.890000000000327,120,2026-03-10 10:01:00+00:00,5177.55,5182.18,0,2026-03-10 08:03:00+00:00,5177.55,stop_loss,-4.630000000000109,False
-1,2026-03-10 08:15:00+00:00,2026-03-10 08:16:00+00:00,5179.12,breakout,5184.51,5162.949999999999,5.390000000000327,16.170000000000982,120,2026-03-10 10:16:00+00:00,5179.12,5184.51,0,2026-03-10 08:30:00+00:00,5184.51,stop_loss,-5.390000000000327,False
1,2026-03-10 08:45:00+00:00,2026-03-10 08:46:00+00:00,5189.78,breakout,5182.97,5210.209999999998,6.809999999999491,20.429999999998472,120,2026-03-10 10:46:00+00:00,5182.97,5189.78,0,2026-03-10 08:56:00+00:00,5182.97,stop_loss,-6.809999999999491,False
1,2026-03-10 09:15:00+00:00,2026-03-10 09:16:00+00:00,5185.33,breakout,5180.22,5200.659999999999,5.109999999999673,15.329999999999018,120,2026-03-10 11:16:00+00:00,5180.22,5185.33,0,2026-03-10 10:01:00+00:00,5180.22,stop_loss,-5.109999999999673,False
1,2026-03-10 10:15:00+00:00,2026-03-10 10:16:00+00:00,5181.3,breakout,5177.25,5193.450000000001,4.050000000000182,12.150000000000546,120,2026-03-10 12:16:00+00:00,5177.25,5181.3,0,2026-03-10 10:17:00+00:00,5177.25,stop_loss,-4.050000000000182,False
-1,2026-03-10 10:30:00+00:00,2026-03-10 10:31:00+00:00,5175.31,breakout,5181.09,5157.970000000001,5.779999999999745,17.339999999999236,120,2026-03-10 12:31:00+00:00,5175.31,5181.09,0,2026-03-10 10:37:00+00:00,5157.970000000001,target_hit,17.339999999999236,True
-1,2026-03-10 10:45:00+00:00,2026-03-10 10:46:00+00:00,5170.11,breakout,5177.37,5148.329999999999,7.260000000000218,21.780000000000655,120,2026-03-10 12:46:00+00:00,5170.11,5177.37,0,2026-03-10 10:52:00+00:00,5177.37,stop_loss,-7.260000000000218,False
1,2026-03-10 11:00:00+00:00,2026-03-10 11:01:00+00:00,5176.65,breakout,5171.96,5190.719999999998,4.6899999999996,14.0699999999988,120,2026-03-10 13:01:00+00:00,5171.96,5176.65,0,2026-03-10 11:09:00+00:00,5190.719999999998,target_hit,14.0699999999988,True
1,2026-03-10 11:15:00+00:00,2026-03-10 11:16:00+00:00,5184.15,breakout,5176.56,5206.919999999997,7.589999999999236,22.769999999997708,120,2026-03-10 13:16:00+00:00,5176.56,5184.15,0,2026-03-10 11:31:00+00:00,5176.56,stop_loss,-7.589999999999236,False
-1,2026-03-10 11:30:00+00:00,2026-03-10 11:31:00+00:00,5183.26,breakout,5187.62,5170.180000000001,4.359999999999673,13.079999999999018,120,2026-03-10 13:45:00+00:00,5183.26,5187.62,1,2026-03-10 12:03:00+00:00,5170.180000000001,target_hit,13.079999999999018,True
-1,2026-03-10 12:15:00+00:00,2026-03-10 12:16:00+00:00,5170.81,breakout,5177.03,5152.150000000002,6.219999999999345,18.659999999998035,120,2026-03-10 14:16:00+00:00,5170.81,5177.03,0,2026-03-10 12:21:00+00:00,5177.03,stop_loss,-6.219999999999345,False
1,2026-03-10 12:45:00+00:00,2026-03-10 12:46:00+00:00,5185.84,breakout,5181.7,5198.260000000001,4.140000000000327,12.420000000000982,120,2026-03-10 14:46:00+00:00,5181.7,5185.84,0,2026-03-10 12:52:00+00:00,5181.7,stop_loss,-4.140000000000327,False
1,2026-03-10 13:15:00+00:00,2026-03-10 13:16:00+00:00,5197.3,breakout,5185.66,5232.220000000001,11.640000000000327,34.92000000000098,120,2026-03-10 15:30:00+00:00,5185.66,5197.3,1,2026-03-10 14:10:00+00:00,5185.66,stop_loss,-11.640000000000327,False
1,2026-03-10 14:15:00+00:00,2026-03-10 14:16:00+00:00,5208.31,breakout,5201.44,5228.920000000003,6.8700000000008,20.6100000000024,120,2026-03-10 17:15:00+00:00,5201.44,5208.31,3,2026-03-10 15:20:00+00:00,5228.920000000003,target_hit,20.6100000000024,True
1,2026-03-10 15:45:00+00:00,2026-03-10 15:46:00+00:00,5230.45,breakout,5225.24,5246.08,5.210000000000036,15.63000000000011,120,2026-03-10 17:46:00+00:00,5225.24,5230.45,0,2026-03-10 16:03:00+00:00,5225.24,stop_loss,-5.210000000000036,False
-1,2026-03-10 17:30:00+00:00,2026-03-10 17:39:00+00:00,5227.31,breakout,5232.7,5211.140000000002,5.389999999999418,16.169999999998254,120,2026-03-10 19:39:00+00:00,5227.31,5232.7,0,2026-03-10 17:52:00+00:00,5232.7,stop_loss,-5.389999999999418,False
-1,2026-03-10 18:15:00+00:00,2026-03-10 18:16:00+00:00,5223.56,breakout,5228.94,5207.420000000003,5.3799999999992,16.1399999999976,120,2026-03-10 20:16:00+00:00,5223.56,5228.94,0,2026-03-10 18:17:00+00:00,5207.420000000003,target_hit,16.1399999999976,True
-1,2026-03-10 18:30:00+00:00,2026-03-10 18:31:00+00:00,5204.98,breakout,5217.4,5167.719999999999,12.420000000000073,37.26000000000022,120,2026-03-10 21:45:00+00:00,5204.98,5217.4,3,2026-03-10 22:01:00+00:00,5191.2,timeout,13.779999999999745,True
-1,2026-03-11 08:15:00+00:00,2026-03-11 08:21:00+00:00,5188.15,breakout,5194.74,5168.379999999999,6.5900000000001455,19.770000000000437,120,2026-03-11 11:15:00+00:00,5188.15,5194.74,2,2026-03-11 09:33:00+00:00,5194.74,stop_loss,-6.5900000000001455,False
1,2026-03-11 09:45:00+00:00,2026-03-11 09:46:00+00:00,5191.43,breakout,5187.62,5202.8600000000015,3.8100000000004,11.4300000000012,120,2026-03-11 11:46:00+00:00,5187.62,5191.43,0,2026-03-11 09:56:00+00:00,5187.62,stop_loss,-3.8100000000004,False
-1,2026-03-11 10:00:00+00:00,2026-03-11 10:01:00+00:00,5187.27,breakout,5190.99,5176.110000000002,3.719999999999345,11.159999999998035,120,2026-03-11 12:01:00+00:00,5187.27,5190.99,0,2026-03-11 10:05:00+00:00,5190.99,stop_loss,-3.719999999999345,False
-1,2026-03-11 10:45:00+00:00,2026-03-11 10:46:00+00:00,5185.66,breakout,5192.08,5166.4,6.420000000000073,19.26000000000022,120,2026-03-11 12:46:00+00:00,5185.66,5192.08,0,2026-03-11 11:03:00+00:00,5192.08,stop_loss,-6.420000000000073,False
1,2026-03-11 11:15:00+00:00,2026-03-11 11:16:00+00:00,5189.62,breakout,5185.51,5201.949999999999,4.109999999999673,12.329999999999018,120,2026-03-11 13:16:00+00:00,5185.51,5189.62,0,2026-03-11 11:18:00+00:00,5185.51,stop_loss,-4.109999999999673,False
-1,2026-03-11 11:30:00+00:00,2026-03-11 11:31:00+00:00,5181.81,breakout,5185.43,5170.950000000001,3.619999999999891,10.859999999999673,120,2026-03-11 13:31:00+00:00,5181.81,5185.43,0,2026-03-11 11:32:00+00:00,5185.43,stop_loss,-3.619999999999891,False
-1,2026-03-11 11:45:00+00:00,2026-03-11 11:46:00+00:00,5184.06,breakout,5188.91,5169.510000000002,4.849999999999454,14.549999999998363,120,2026-03-11 14:00:00+00:00,5184.06,5188.91,1,2026-03-11 12:07:00+00:00,5188.91,stop_loss,-4.849999999999454,False
-1,2026-03-11 12:45:00+00:00,2026-03-11 12:46:00+00:00,5183.78,breakout,5199.57,5136.41,15.789999999999964,47.36999999999989,120,2026-03-11 19:45:00+00:00,5183.78,5199.57,11,2026-03-11 19:45:00+00:00,5178.55,timeout,5.229999999999563,True
1,2026-03-12 08:00:00+00:00,2026-03-12 08:01:00+00:00,5185.22,breakout,5178.15,5206.430000000002,7.0700000000006185,21.210000000001855,120,2026-03-12 10:15:00+00:00,5178.15,5185.22,1,2026-03-12 08:24:00+00:00,5178.15,stop_loss,-7.0700000000006185,False
-1,2026-03-12 12:00:00+00:00,2026-03-12 12:01:00+00:00,5177.9,breakout,5181.61,5166.7699999999995,3.7100000000000364,11.13000000000011,120,2026-03-12 14:01:00+00:00,5177.9,5181.61,0,2026-03-12 12:15:00+00:00,5166.7699999999995,target_hit,11.13000000000011,True
-1,2026-03-12 12:15:00+00:00,2026-03-12 12:16:00+00:00,5170.93,breakout,5175.64,5156.8,4.710000000000036,14.13000000000011,120,2026-03-12 14:16:00+00:00,5170.93,5175.64,0,2026-03-12 12:32:00+00:00,5175.64,stop_loss,-4.710000000000036,False
1,2026-03-12 13:00:00+00:00,2026-03-12 13:01:00+00:00,5181.87,breakout,5177.71,5194.349999999999,4.1599999999998545,12.479999999999563,120,2026-03-12 15:01:00+00:00,5177.71,5181.87,0,2026-03-12 13:15:00+00:00,5177.71,stop_loss,-4.1599999999998545,False
-1,2026-03-12 13:15:00+00:00,2026-03-12 13:16:00+00:00,5179.69,breakout,5185.77,5161.449999999997,6.080000000000837,18.24000000000251,120,2026-03-12 15:16:00+00:00,5179.69,5185.77,0,2026-03-12 13:23:00+00:00,5161.449999999997,target_hit,18.24000000000251,True
-1,2026-03-12 13:30:00+00:00,2026-03-12 13:31:00+00:00,5175.52,breakout,5184.6,5148.280000000001,9.079999999999927,27.23999999999978,120,2026-03-12 15:45:00+00:00,5175.52,5184.6,1,2026-03-12 13:54:00+00:00,5148.280000000001,target_hit,27.23999999999978,True
1,2026-03-12 14:15:00+00:00,2026-03-12 14:16:00+00:00,5156.84,breakout,5150.18,5176.82,6.6599999999998545,19.979999999999563,120,2026-03-12 16:16:00+00:00,5150.18,5156.84,0,2026-03-12 14:24:00+00:00,5150.18,stop_loss,-6.6599999999998545,False
-1,2026-03-12 14:30:00+00:00,2026-03-12 14:31:00+00:00,5154.11,breakout,5159.87,5136.829999999999,5.760000000000218,17.280000000000655,120,2026-03-12 16:45:00+00:00,5154.11,5159.87,1,2026-03-12 15:01:00+00:00,5136.829999999999,target_hit,17.280000000000655,True
-1,2026-03-12 15:15:00+00:00,2026-03-12 15:16:00+00:00,5137.52,breakout,5145.85,5112.530000000001,8.329999999999927,24.98999999999978,120,2026-03-12 19:00:00+00:00,5137.52,5145.85,5,2026-03-12 17:33:00+00:00,5112.530000000001,target_hit,24.98999999999978,True
-1,2026-03-12 17:45:00+00:00,2026-03-12 17:46:00+00:00,5108.59,breakout,5114.39,5091.19,5.800000000000182,17.400000000000546,120,2026-03-12 20:45:00+00:00,5108.59,5114.39,2,2026-03-12 18:50:00+00:00,5091.19,target_hit,17.400000000000546,True
-1,2026-03-12 19:00:00+00:00,2026-03-12 19:01:00+00:00,5091.51,breakout,5098.03,5071.950000000002,6.519999999999527,19.55999999999858,120,2026-03-12 21:15:00+00:00,5091.51,5098.03,1,2026-03-12 20:26:00+00:00,5071.950000000002,target_hit,19.55999999999858,True
-1,2026-03-13 08:15:00+00:00,2026-03-13 08:16:00+00:00,5080.22,breakout,5086.34,5061.860000000001,6.119999999999891,18.359999999999673,120,2026-03-13 10:16:00+00:00,5080.22,5086.34,0,2026-03-13 08:22:00+00:00,5061.860000000001,target_hit,18.359999999999673,True
1,2026-03-13 08:45:00+00:00,2026-03-13 08:46:00+00:00,5074.88,breakout,5070.24,5088.800000000001,4.640000000000327,13.920000000000982,120,2026-03-13 10:46:00+00:00,5070.24,5074.88,0,2026-03-13 09:00:00+00:00,5088.800000000001,target_hit,13.920000000000982,True
1,2026-03-13 09:00:00+00:00,2026-03-13 09:01:00+00:00,5084.64,breakout,5077.81,5105.13,6.829999999999927,20.48999999999978,120,2026-03-13 13:00:00+00:00,5077.81,5084.64,4,2026-03-13 11:58:00+00:00,5105.13,target_hit,20.48999999999978,True
1,2026-03-13 12:00:00+00:00,2026-03-13 12:01:00+00:00,5103.64,breakout,5097.6,5121.76,6.039999999999964,18.11999999999989,120,2026-03-13 14:45:00+00:00,5097.6,5103.64,2,2026-03-13 12:49:00+00:00,5121.76,target_hit,18.11999999999989,True
1,2026-03-13 13:00:00+00:00,2026-03-13 13:01:00+00:00,5118.11,breakout,5110.95,5139.589999999999,7.1599999999998545,21.479999999999563,120,2026-03-13 15:01:00+00:00,5110.95,5118.11,0,2026-03-13 13:11:00+00:00,5110.95,stop_loss,-7.1599999999998545,False
-1,2026-03-13 13:30:00+00:00,2026-03-13 13:31:00+00:00,5107.83,breakout,5114.28,5088.4800000000005,6.449999999999818,19.349999999999454,120,2026-03-13 15:31:00+00:00,5107.83,5114.28,0,2026-03-13 13:45:00+00:00,5114.28,stop_loss,-6.449999999999818,False
-1,2026-03-13 14:15:00+00:00,2026-03-13 14:16:00+00:00,5093.26,breakout,5103.65,5062.090000000002,10.389999999999418,31.169999999998254,120,2026-03-13 16:30:00+00:00,5093.26,5103.65,1,2026-03-13 14:52:00+00:00,5062.090000000002,target_hit,31.169999999998254,True
-1,2026-03-13 15:00:00+00:00,2026-03-13 15:01:00+00:00,5073.25,breakout,5079.83,5053.51,6.579999999999927,19.73999999999978,120,2026-03-13 17:01:00+00:00,5073.25,5079.83,0,2026-03-13 15:02:00+00:00,5053.51,target_hit,19.73999999999978,True
1,2026-03-13 15:15:00+00:00,2026-03-13 15:16:00+00:00,5048.54,breakout,5037.54,5081.54,11.0,33.0,120,2026-03-13 17:30:00+00:00,5037.54,5048.54,1,2026-03-13 15:54:00+00:00,5037.54,stop_loss,-11.0,False
1,2026-03-13 16:15:00+00:00,2026-03-13 16:23:00+00:00,5038.72,breakout,5031.72,5059.72,7.0,21.0,120,2026-03-13 19:00:00+00:00,5031.72,5038.72,3,2026-03-13 17:15:00+00:00,5059.72,target_hit,21.0,True
1,2026-03-13 17:15:00+00:00,2026-03-13 17:16:00+00:00,5054.06,breakout,5047.33,5074.250000000002,6.730000000000473,20.19000000000142,120,2026-03-13 19:30:00+00:00,5047.33,5054.06,1,2026-03-13 17:49:00+00:00,5047.33,stop_loss,-6.730000000000473,False
-1,2026-03-13 18:00:00+00:00,2026-03-13 18:01:00+00:00,5049.5,breakout,5053.6,5037.199999999999,4.100000000000364,12.300000000001091,120,2026-03-13 20:01:00+00:00,5049.5,5053.6,0,2026-03-13 18:23:00+00:00,5037.199999999999,target_hit,12.300000000001091,True
1,2026-03-13 18:30:00+00:00,2026-03-13 18:31:00+00:00,5042.96,breakout,5038.2,5057.240000000001,4.760000000000218,14.280000000000655,120,2026-03-13 20:45:00+00:00,5038.2,5042.96,1,2026-03-13 19:11:00+00:00,5038.2,stop_loss,-4.760000000000218,False
-1,2026-03-13 19:15:00+00:00,2026-03-13 19:16:00+00:00,5040.43,breakout,5046.66,5021.740000000002,6.229999999999563,18.68999999999869,120,2026-03-13 21:45:00+00:00,5040.43,5046.66,2,2026-03-13 19:46:00+00:00,5021.740000000002,target_hit,18.68999999999869,True
-1,2026-03-13 19:45:00+00:00,2026-03-13 19:46:00+00:00,5031.55,breakout,5037.26,5014.42,5.710000000000036,17.13000000000011,120,2026-03-13 21:46:00+00:00,5031.55,5037.26,0,2026-03-13 19:47:00+00:00,5014.42,target_hit,17.13000000000011,True
1,2026-03-16 08:00:00+00:00,2026-03-16 08:10:00+00:00,4999.72,breakout,4992.87,5020.270000000001,6.850000000000364,20.55000000000109,120,2026-03-16 10:10:00+00:00,4992.87,4999.72,0,2026-03-16 08:13:00+00:00,4992.87,stop_loss,-6.850000000000364,False
1,2026-03-16 08:15:00+00:00,2026-03-16 08:23:00+00:00,4999.4,breakout,4994.72,5013.439999999998,4.6799999999993815,14.039999999998145,120,2026-03-16 10:23:00+00:00,4994.72,4999.4,0,2026-03-16 08:30:00+00:00,4994.72,stop_loss,-4.6799999999993815,False
1,2026-03-16 08:30:00+00:00,2026-03-16 08:31:00+00:00,4992.6,breakout,4987.81,5006.97,4.789999999999964,14.36999999999989,120,2026-03-16 10:31:00+00:00,4987.81,4992.6,0,2026-03-16 08:39:00+00:00,4987.81,stop_loss,-4.789999999999964,False
-1,2026-03-16 08:45:00+00:00,2026-03-16 08:46:00+00:00,4988.5,breakout,4994.35,4970.949999999999,5.850000000000364,17.55000000000109,120,2026-03-16 10:46:00+00:00,4988.5,4994.35,0,2026-03-16 08:52:00+00:00,4994.35,stop_loss,-5.850000000000364,False
-1,2026-03-16 10:00:00+00:00,2026-03-16 10:01:00+00:00,4978.2,breakout,4983.81,4961.369999999998,5.610000000000582,16.830000000001746,120,2026-03-16 12:01:00+00:00,4978.2,4983.81,0,2026-03-16 10:24:00+00:00,4983.81,stop_loss,-5.610000000000582,False
1,2026-03-16 10:30:00+00:00,2026-03-16 10:31:00+00:00,4980.72,breakout,4976.45,4993.530000000002,4.270000000000437,12.81000000000131,120,2026-03-16 12:31:00+00:00,4976.45,4980.72,0,2026-03-16 10:49:00+00:00,4993.530000000002,target_hit,12.81000000000131,True
1,2026-03-16 11:15:00+00:00,2026-03-16 11:16:00+00:00,5004.29,breakout,4998.28,5022.320000000001,6.010000000000218,18.030000000000655,120,2026-03-16 13:16:00+00:00,4998.28,5004.29,0,2026-03-16 11:26:00+00:00,5022.320000000001,target_hit,18.030000000000655,True
1,2026-03-16 11:30:00+00:00,2026-03-16 11:31:00+00:00,5008.67,breakout,5004.52,5021.119999999999,4.149999999999636,12.449999999998909,120,2026-03-16 13:31:00+00:00,5004.52,5008.67,0,2026-03-16 11:53:00+00:00,5004.52,stop_loss,-4.149999999999636,False
-1,2026-03-16 12:00:00+00:00,2026-03-16 12:01:00+00:00,5000.64,breakout,5006.63,4982.670000000001,5.989999999999782,17.969999999999345,120,2026-03-16 14:01:00+00:00,5000.64,5006.63,0,2026-03-16 12:14:00+00:00,5006.63,stop_loss,-5.989999999999782,False
1,2026-03-16 12:15:00+00:00,2026-03-16 12:16:00+00:00,5001.11,breakout,4995.46,5018.059999999999,5.649999999999636,16.94999999999891,120,2026-03-16 14:16:00+00:00,4995.46,5001.11,0,2026-03-16 12:21:00+00:00,5018.059999999999,target_hit,16.94999999999891,True
1,2026-03-16 12:30:00+00:00,2026-03-16 12:31:00+00:00,5009.59,breakout,5005.26,5022.58,4.329999999999927,12.989999999999782,120,2026-03-16 14:31:00+00:00,5005.26,5009.59,0,2026-03-16 12:32:00+00:00,5022.58,target_hit,12.989999999999782,True
-1,2026-03-16 12:45:00+00:00,2026-03-16 12:47:00+00:00,5019.48,breakout,5024.45,5004.569999999999,4.970000000000255,14.910000000000764,120,2026-03-16 14:47:00+00:00,5019.48,5024.45,0,2026-03-16 13:15:00+00:00,5024.45,stop_loss,-4.970000000000255,False
1,2026-03-16 13:30:00+00:00,2026-03-16 13:34:00+00:00,5028.33,breakout,5022.21,5046.69,6.119999999999891,18.359999999999673,120,2026-03-16 16:15:00+00:00,5022.21,5028.33,1,2026-03-16 14:23:00+00:00,5022.21,stop_loss,-6.119999999999891,False
-1,2026-03-16 14:30:00+00:00,2026-03-16 14:31:00+00:00,5024.01,breakout,5028.61,5010.210000000002,4.599999999999454,13.799999999998363,120,2026-03-16 16:31:00+00:00,5024.01,5028.61,0,2026-03-16 14:33:00+00:00,5010.210000000002,target_hit,13.799999999998363,True
-1,2026-03-16 14:45:00+00:00,2026-03-16 14:46:00+00:00,5009.73,breakout,5015.26,4993.139999999998,5.530000000000655,16.590000000001965,120,2026-03-16 16:46:00+00:00,5009.73,5015.26,0,2026-03-16 14:48:00+00:00,4993.139999999998,target_hit,16.590000000001965,True
-1,2026-03-16 15:00:00+00:00,2026-03-16 15:01:00+00:00,4994.89,breakout,5002.63,4971.670000000001,7.739999999999782,23.219999999999345,120,2026-03-16 17:15:00+00:00,4994.89,5002.63,1,2026-03-16 15:17:00+00:00,5002.63,stop_loss,-7.739999999999782,False
-1,2026-03-16 15:15:00+00:00,2026-03-16 15:25:00+00:00,4995.05,breakout,4999.4,4982.000000000002,4.349999999999454,13.049999999998363,120,2026-03-16 17:30:00+00:00,4995.05,4999.4,1,2026-03-16 15:37:00+00:00,4999.4,stop_loss,-4.349999999999454,False
-1,2026-03-16 15:45:00+00:00,2026-03-16 15:46:00+00:00,4996.47,breakout,5002.1,4979.58,5.630000000000109,16.890000000000327,120,2026-03-16 18:00:00+00:00,4996.47,5002.1,1,2026-03-16 16:26:00+00:00,4979.58,target_hit,16.890000000000327,True
-1,2026-03-16 16:30:00+00:00,2026-03-16 16:31:00+00:00,4994.37,breakout,4998.27,4982.669999999998,3.9000000000005457,11.700000000001637,120,2026-03-16 18:31:00+00:00,4994.37,4998.27,0,2026-03-16 16:32:00+00:00,4982.669999999998,target_hit,11.700000000001637,True
1,2026-03-16 16:45:00+00:00,2026-03-16 16:46:00+00:00,4983.74,breakout,4978.55,4999.309999999999,5.1899999999996,15.5699999999988,120,2026-03-16 19:00:00+00:00,4978.55,4983.74,1,2026-03-16 17:10:00+00:00,4999.309999999999,target_hit,15.5699999999988,True
-1,2026-03-16 17:30:00+00:00,2026-03-16 17:31:00+00:00,4994.72,breakout,5002.17,4972.370000000001,7.449999999999818,22.349999999999454,120,2026-03-16 19:45:00+00:00,4994.72,5002.17,1,2026-03-16 18:26:00+00:00,5002.17,stop_loss,-7.449999999999818,False
1,2026-03-16 18:30:00+00:00,2026-03-16 18:33:00+00:00,5008.36,breakout,5002.32,5026.48,6.039999999999964,18.11999999999989,120,2026-03-16 21:45:00+00:00,5002.32,5008.36,3,2026-03-16 22:01:00+00:00,5009.77,timeout,1.410000000000764,True
-1,2026-03-17 08:30:00+00:00,2026-03-17 08:31:00+00:00,5023.31,breakout,5028.46,5007.8600000000015,5.149999999999636,15.449999999998909,120,2026-03-17 11:15:00+00:00,5023.31,5028.46,1,2026-03-17 10:04:00+00:00,5007.8600000000015,target_hit,15.449999999998909,True
-1,2026-03-17 10:15:00+00:00,2026-03-17 10:16:00+00:00,5008.18,breakout,5014.76,4988.4400000000005,6.579999999999927,19.73999999999978,120,2026-03-17 13:00:00+00:00,5008.18,5014.76,3,2026-03-17 12:20:00+00:00,5014.76,stop_loss,-6.579999999999927,False
1,2026-03-17 12:30:00+00:00,2026-03-17 12:31:00+00:00,5013.53,breakout,5008.92,5027.359999999999,4.609999999999673,13.829999999999018,120,2026-03-17 15:15:00+00:00,5008.92,5013.53,1,2026-03-17 13:40:00+00:00,5027.359999999999,target_hit,13.829999999999018,True
1,2026-03-17 13:45:00+00:00,2026-03-17 13:48:00+00:00,5026.53,breakout,5017.14,5054.699999999998,9.389999999999418,28.169999999998254,120,2026-03-17 15:48:00+00:00,5017.14,5026.53,0,2026-03-17 13:51:00+00:00,5017.14,stop_loss,-9.389999999999418,False
-1,2026-03-17 14:00:00+00:00,2026-03-17 14:01:00+00:00,5019.29,breakout,5024.81,5002.729999999999,5.520000000000437,16.56000000000131,120,2026-03-17 17:00:00+00:00,5019.29,5024.81,2,2026-03-17 15:27:00+00:00,5002.729999999999,target_hit,16.56000000000131,True
1,2026-03-17 16:00:00+00:00,2026-03-17 16:01:00+00:00,4989.02,breakout,4983.79,5004.710000000002,5.230000000000473,15.690000000001419,120,2026-03-17 18:15:00+00:00,4983.79,4989.02,1,2026-03-17 16:29:00+00:00,5004.710000000002,target_hit,15.690000000001419,True
1,2026-03-17 16:30:00+00:00,2026-03-17 16:31:00+00:00,4998.4,breakout,4994.69,5009.53,3.7100000000000364,11.13000000000011,120,2026-03-17 18:31:00+00:00,4994.69,4998.4,0,2026-03-17 18:31:00+00:00,5000.62,timeout,2.2200000000002547,True
1,2026-03-18 08:15:00+00:00,2026-03-18 08:16:00+00:00,4992.65,breakout,4988.1,5006.299999999997,4.549999999999272,13.649999999997817,120,2026-03-18 10:16:00+00:00,4988.1,4992.65,0,2026-03-18 08:20:00+00:00,4988.1,stop_loss,-4.549999999999272,False
-1,2026-03-18 08:30:00+00:00,2026-03-18 08:31:00+00:00,4991.22,breakout,4995.94,4977.060000000002,4.719999999999345,14.159999999998035,120,2026-03-18 10:31:00+00:00,4991.22,4995.94,0,2026-03-18 10:31:00+00:00,4984.13,timeout,7.0900000000001455,True
-1,2026-03-18 11:30:00+00:00,2026-03-18 11:35:00+00:00,4953.94,breakout,4964.73,4921.57,10.789999999999964,32.36999999999989,120,2026-03-18 14:00:00+00:00,4953.94,4964.73,1,2026-03-18 12:03:00+00:00,4921.57,target_hit,32.36999999999989,True
-1,2026-03-18 12:15:00+00:00,2026-03-18 12:16:00+00:00,4921.95,breakout,4929.55,4899.149999999999,7.600000000000364,22.80000000000109,120,2026-03-18 14:16:00+00:00,4921.95,4929.55,0,2026-03-18 12:18:00+00:00,4899.149999999999,target_hit,22.80000000000109,True
-1,2026-03-18 12:30:00+00:00,2026-03-18 12:31:00+00:00,4902.11,breakout,4907.62,4885.579999999999,5.510000000000218,16.530000000000655,120,2026-03-18 14:31:00+00:00,4902.11,4907.62,0,2026-03-18 12:32:00+00:00,4885.579999999999,target_hit,16.530000000000655,True
-1,2026-03-18 12:45:00+00:00,2026-03-18 12:46:00+00:00,4891.04,breakout,4904.1,4851.859999999999,13.0600000000004,39.1800000000012,120,2026-03-18 15:00:00+00:00,4891.04,4904.1,1,2026-03-18 13:11:00+00:00,4851.859999999999,target_hit,39.1800000000012,True
-1,2026-03-18 13:15:00+00:00,2026-03-18 13:16:00+00:00,4858.2,breakout,4881.86,4787.22,23.659999999999854,70.97999999999956,120,2026-03-18 15:30:00+00:00,4858.2,4881.86,1,2026-03-18 13:42:00+00:00,4881.86,stop_loss,-23.659999999999854,False
-1,2026-03-18 14:30:00+00:00,2026-03-18 14:31:00+00:00,4867.71,breakout,4873.68,4849.799999999999,5.970000000000255,17.910000000000764,120,2026-03-18 16:45:00+00:00,4867.71,4873.68,1,2026-03-18 15:00:00+00:00,4873.68,stop_loss,-5.970000000000255,False
1,2026-03-18 15:00:00+00:00,2026-03-18 15:01:00+00:00,4867.84,breakout,4860.03,4891.270000000001,7.8100000000004,23.4300000000012,120,2026-03-18 19:15:00+00:00,4860.03,4867.84,4,2026-03-18 17:23:00+00:00,4891.270000000001,target_hit,23.4300000000012,True
1,2026-03-18 17:30:00+00:00,2026-03-18 17:35:00+00:00,4897.33,breakout,4891.99,4913.35,5.3400000000001455,16.020000000000437,120,2026-03-18 19:35:00+00:00,4891.99,4897.33,0,2026-03-18 17:42:00+00:00,4891.99,stop_loss,-5.3400000000001455,False
1,2026-03-18 17:45:00+00:00,2026-03-18 17:46:00+00:00,4893.56,breakout,4889.58,4905.500000000002,3.980000000000473,11.940000000001419,120,2026-03-18 19:46:00+00:00,4889.58,4893.56,0,2026-03-18 17:50:00+00:00,4889.58,stop_loss,-3.980000000000473,False
1,2026-03-18 18:00:00+00:00,2026-03-18 18:01:00+00:00,4893.71,breakout,4889.57,4906.130000000001,4.140000000000327,12.420000000000982,120,2026-03-18 20:01:00+00:00,4889.57,4893.71,0,2026-03-18 18:02:00+00:00,4889.57,stop_loss,-4.140000000000327,False
-1,2026-03-18 18:30:00+00:00,2026-03-18 18:32:00+00:00,4878.49,breakout,4887.86,4850.38,9.36999999999989,28.109999999999673,120,2026-03-18 20:45:00+00:00,4878.49,4887.86,1,2026-03-18 19:00:00+00:00,4850.38,target_hit,28.109999999999673,True
-1,2026-03-18 19:00:00+00:00,2026-03-18 19:01:00+00:00,4874.05,breakout,4879.03,4859.1100000000015,4.979999999999563,14.93999999999869,120,2026-03-18 21:01:00+00:00,4874.05,4879.03,0,2026-03-18 19:02:00+00:00,4859.1100000000015,target_hit,14.93999999999869,True
1,2026-03-18 19:15:00+00:00,2026-03-18 19:16:00+00:00,4858.55,breakout,4849.88,4884.56,8.670000000000073,26.01000000000022,120,2026-03-18 21:16:00+00:00,4849.88,4858.55,0,2026-03-18 19:23:00+00:00,4849.88,stop_loss,-8.670000000000073,False
1,2026-03-19 08:15:00+00:00,2026-03-19 08:20:00+00:00,4734.73,breakout,4727.32,4756.959999999999,7.4099999999998545,22.229999999999563,120,2026-03-19 10:20:00+00:00,4727.32,4734.73,0,2026-03-19 08:22:00+00:00,4727.32,stop_loss,-7.4099999999998545,False
-1,2026-03-19 08:45:00+00:00,2026-03-19 08:46:00+00:00,4711.67,breakout,4722.59,4678.91,10.920000000000073,32.76000000000022,120,2026-03-19 10:46:00+00:00,4711.67,4722.59,0,2026-03-19 09:23:00+00:00,4722.59,stop_loss,-10.920000000000073,False
1,2026-03-19 09:30:00+00:00,2026-03-19 09:31:00+00:00,4704.4,breakout,4694.95,4732.749999999999,9.449999999999818,28.349999999999454,120,2026-03-19 12:15:00+00:00,4694.95,4704.4,3,2026-03-19 10:17:00+00:00,4694.95,stop_loss,-9.449999999999818,False
-1,2026-03-19 10:30:00+00:00,2026-03-19 10:31:00+00:00,4697.79,breakout,4706.22,4672.499999999999,8.430000000000291,25.290000000000873,120,2026-03-19 12:31:00+00:00,4697.79,4706.22,0,2026-03-19 10:53:00+00:00,4672.499999999999,target_hit,25.290000000000873,True
-1,2026-03-19 11:30:00+00:00,2026-03-19 11:35:00+00:00,4677.37,breakout,4687.1,4648.1799999999985,9.730000000000473,29.19000000000142,120,2026-03-19 14:00:00+00:00,4677.37,4687.1,1,2026-03-19 12:01:00+00:00,4648.1799999999985,target_hit,29.19000000000142,True
-1,2026-03-19 12:00:00+00:00,2026-03-19 12:01:00+00:00,4656.63,breakout,4664.44,4633.200000000002,7.809999999999491,23.429999999998472,120,2026-03-19 14:01:00+00:00,4656.63,4664.44,0,2026-03-19 12:03:00+00:00,4633.200000000002,target_hit,23.429999999998472,True
-1,2026-03-19 12:15:00+00:00,2026-03-19 12:16:00+00:00,4637.76,breakout,4653.44,4590.720000000002,15.679999999999382,47.039999999998145,120,2026-03-19 14:30:00+00:00,4637.76,4653.44,1,2026-03-19 12:42:00+00:00,4590.720000000002,target_hit,47.039999999998145,True
-1,2026-03-19 13:00:00+00:00,2026-03-19 13:01:00+00:00,4548.64,breakout,4565.91,4496.830000000002,17.269999999999527,51.80999999999858,120,2026-03-19 15:01:00+00:00,4548.64,4565.91,0,2026-03-19 13:05:00+00:00,4565.91,stop_loss,-17.269999999999527,False
-1,2026-03-19 13:15:00+00:00,2026-03-19 13:16:00+00:00,4552.18,breakout,4574.82,4484.260000000002,22.639999999999418,67.91999999999825,120,2026-03-19 15:16:00+00:00,4552.18,4574.82,0,2026-03-19 13:20:00+00:00,4574.82,stop_loss,-22.639999999999418,False
-1,2026-03-19 13:45:00+00:00,2026-03-19 13:46:00+00:00,4557.23,breakout,4577.91,4495.189999999999,20.68000000000029,62.04000000000087,120,2026-03-19 15:46:00+00:00,4557.23,4577.91,0,2026-03-19 13:52:00+00:00,4577.91,stop_loss,-20.68000000000029,False
-1,2026-03-19 14:30:00+00:00,2026-03-19 14:31:00+00:00,4613.63,breakout,4636.09,4546.25,22.460000000000036,67.38000000000011,120,2026-03-19 17:00:00+00:00,4613.63,4636.09,1,2026-03-19 15:06:00+00:00,4636.09,stop_loss,-22.460000000000036,False
-1,2026-03-19 15:30:00+00:00,2026-03-19 15:31:00+00:00,4618.55,breakout,4629.7,4585.100000000001,11.149999999999636,33.44999999999891,120,2026-03-19 17:31:00+00:00,4618.55,4629.7,0,2026-03-19 15:32:00+00:00,4585.100000000001,target_hit,33.44999999999891,True
-1,2026-03-19 15:45:00+00:00,2026-03-19 15:46:00+00:00,4595.25,breakout,4604.11,4568.670000000001,8.859999999999673,26.579999999999018,120,2026-03-19 17:46:00+00:00,4595.25,4604.11,0,2026-03-19 15:47:00+00:00,4568.670000000001,target_hit,26.579999999999018,True
1,2026-03-19 16:15:00+00:00,2026-03-19 16:16:00+00:00,4603.49,breakout,4592.84,4635.439999999999,10.649999999999636,31.94999999999891,120,2026-03-19 18:16:00+00:00,4592.84,4603.49,0,2026-03-19 16:31:00+00:00,4592.84,stop_loss,-10.649999999999636,False
-1,2026-03-19 16:30:00+00:00,2026-03-19 16:31:00+00:00,4595.97,breakout,4606.3,4564.9800000000005,10.329999999999927,30.98999999999978,120,2026-03-19 18:31:00+00:00,4595.97,4606.3,0,2026-03-19 16:41:00+00:00,4606.3,stop_loss,-10.329999999999927,False
1,2026-03-19 16:45:00+00:00,2026-03-19 16:46:00+00:00,4595.84,breakout,4588.11,4619.030000000002,7.730000000000473,23.19000000000142,120,2026-03-19 18:46:00+00:00,4588.11,4595.84,0,2026-03-19 16:51:00+00:00,4588.11,stop_loss,-7.730000000000473,False
-1,2026-03-19 17:00:00+00:00,2026-03-19 17:01:00+00:00,4585.76,breakout,4593.07,4563.830000000002,7.309999999999491,21.929999999998472,120,2026-03-19 19:01:00+00:00,4585.76,4593.07,0,2026-03-19 17:03:00+00:00,4593.07,stop_loss,-7.309999999999491,False
1,2026-03-19 17:15:00+00:00,2026-03-19 17:18:00+00:00,4588.29,breakout,4583.92,4601.4,4.369999999999891,13.109999999999673,120,2026-03-19 19:18:00+00:00,4583.92,4588.29,0,2026-03-19 17:20:00+00:00,4601.4,target_hit,13.109999999999673,True
1,2026-03-19 17:45:00+00:00,2026-03-19 17:50:00+00:00,4613.65,breakout,4603.14,4645.179999999998,10.509999999999309,31.529999999997926,120,2026-03-19 20:00:00+00:00,4603.14,4613.65,1,2026-03-19 18:07:00+00:00,4603.14,stop_loss,-10.509999999999309,False
-1,2026-03-19 18:15:00+00:00,2026-03-19 18:23:00+00:00,4605.94,breakout,4619.39,4565.589999999997,13.450000000000728,40.35000000000218,120,2026-03-19 20:45:00+00:00,4605.94,4619.39,2,2026-03-19 18:58:00+00:00,4619.39,stop_loss,-13.450000000000728,False
1,2026-03-19 19:00:00+00:00,2026-03-19 19:01:00+00:00,4614.62,breakout,4609.55,4629.829999999999,5.069999999999709,15.209999999999127,120,2026-03-19 21:01:00+00:00,4609.55,4614.62,0,2026-03-19 19:02:00+00:00,4629.829999999999,target_hit,15.209999999999127,True
1,2026-03-19 19:15:00+00:00,2026-03-19 19:16:00+00:00,4636.59,breakout,4622.88,4677.72,13.710000000000036,41.13000000000011,120,2026-03-19 21:16:00+00:00,4622.88,4636.59,0,2026-03-19 22:01:00+00:00,4657.09,timeout,20.5,True
1,2026-03-20 08:00:00+00:00,2026-03-20 08:01:00+00:00,4698.47,breakout,4694.09,4711.610000000001,4.380000000000109,13.140000000000327,120,2026-03-20 10:01:00+00:00,4694.09,4698.47,0,2026-03-20 08:10:00+00:00,4711.610000000001,target_hit,13.140000000000327,True
1,2026-03-20 08:15:00+00:00,2026-03-20 08:16:00+00:00,4717.09,breakout,4711.25,4734.610000000001,5.8400000000001455,17.520000000000437,120,2026-03-20 10:16:00+00:00,4711.25,4717.09,0,2026-03-20 08:26:00+00:00,4734.610000000001,target_hit,17.520000000000437,True
-1,2026-03-20 08:45:00+00:00,2026-03-20 08:46:00+00:00,4715.2,breakout,4723.09,4691.529999999999,7.890000000000327,23.670000000000982,120,2026-03-20 10:46:00+00:00,4715.2,4723.09,0,2026-03-20 08:51:00+00:00,4691.529999999999,target_hit,23.670000000000982,True
-1,2026-03-20 09:00:00+00:00,2026-03-20 09:01:00+00:00,4692.87,breakout,4708.68,4645.439999999999,15.8100000000004,47.4300000000012,120,2026-03-20 12:45:00+00:00,4692.87,4708.68,7,2026-03-20 10:51:00+00:00,4645.439999999999,target_hit,47.4300000000012,True
-1,2026-03-20 10:45:00+00:00,2026-03-20 10:51:00+00:00,4649.62,breakout,4656.52,4628.919999999998,6.900000000000546,20.700000000001637,120,2026-03-20 13:00:00+00:00,4649.62,4656.52,1,2026-03-20 11:03:00+00:00,4656.52,stop_loss,-6.900000000000546,False
1,2026-03-20 11:45:00+00:00,2026-03-20 11:46:00+00:00,4671.3,breakout,4664.26,4692.42,7.039999999999964,21.11999999999989,120,2026-03-20 13:46:00+00:00,4664.26,4671.3,0,2026-03-20 11:50:00+00:00,4664.26,stop_loss,-7.039999999999964,False
1,2026-03-20 12:15:00+00:00,2026-03-20 12:16:00+00:00,4679.36,breakout,4671.48,4703.0,7.880000000000109,23.640000000000327,120,2026-03-20 14:16:00+00:00,4671.48,4679.36,0,2026-03-20 12:33:00+00:00,4671.48,stop_loss,-7.880000000000109,False
-1,2026-03-20 12:45:00+00:00,2026-03-20 12:46:00+00:00,4671.97,breakout,4676.92,4657.120000000001,4.949999999999818,14.849999999999454,120,2026-03-20 14:46:00+00:00,4671.97,4676.92,0,2026-03-20 12:51:00+00:00,4676.92,stop_loss,-4.949999999999818,False
1,2026-03-20 13:00:00+00:00,2026-03-20 13:01:00+00:00,4675.67,breakout,4667.33,4700.6900000000005,8.340000000000146,25.020000000000437,120,2026-03-20 15:01:00+00:00,4667.33,4675.67,0,2026-03-20 13:04:00+00:00,4667.33,stop_loss,-8.340000000000146,False
-1,2026-03-20 13:15:00+00:00,2026-03-20 13:16:00+00:00,4671.14,breakout,4679.68,4645.52,8.539999999999964,25.61999999999989,120,2026-03-20 15:16:00+00:00,4671.14,4679.68,0,2026-03-20 13:31:00+00:00,4645.52,target_hit,25.61999999999989,True
-1,2026-03-20 13:45:00+00:00,2026-03-20 13:46:00+00:00,4652.08,breakout,4666.52,4608.759999999998,14.44000000000051,43.32000000000153,120,2026-03-20 15:46:00+00:00,4652.08,4666.52,0,2026-03-20 14:00:00+00:00,4608.759999999998,target_hit,43.32000000000153,True
-1,2026-03-20 14:00:00+00:00,2026-03-20 14:01:00+00:00,4651.34,breakout,4662.86,4616.780000000002,11.519999999999527,34.55999999999858,120,2026-03-20 16:01:00+00:00,4651.34,4662.86,0,2026-03-20 14:02:00+00:00,4616.780000000002,target_hit,34.55999999999858,True
-1,2026-03-20 14:15:00+00:00,2026-03-20 14:16:00+00:00,4609.8,breakout,4622.52,4571.639999999999,12.720000000000255,38.160000000000764,120,2026-03-20 16:16:00+00:00,4609.8,4622.52,0,2026-03-20 14:17:00+00:00,4571.639999999999,target_hit,38.160000000000764,True
-1,2026-03-20 14:30:00+00:00,2026-03-20 14:31:00+00:00,4573.43,breakout,4589.45,4525.370000000002,16.019999999999527,48.05999999999858,120,2026-03-20 18:00:00+00:00,4573.43,4589.45,3,2026-03-20 16:15:00+00:00,4589.45,stop_loss,-16.019999999999527,False
1,2026-03-20 16:15:00+00:00,2026-03-20 16:16:00+00:00,4562.71,breakout,4551.77,4595.529999999999,10.9399999999996,32.8199999999988,120,2026-03-20 18:16:00+00:00,4551.77,4562.71,0,2026-03-20 16:18:00+00:00,4595.529999999999,target_hit,32.8199999999988,True
-1,2026-03-20 16:45:00+00:00,2026-03-20 16:46:00+00:00,4578.77,breakout,4586.06,4556.900000000001,7.289999999999964,21.86999999999989,120,2026-03-20 18:46:00+00:00,4578.77,4586.06,0,2026-03-20 16:55:00+00:00,4586.06,stop_loss,-7.289999999999964,False
-1,2026-03-20 17:00:00+00:00,2026-03-20 17:05:00+00:00,4576.87,breakout,4582.09,4561.209999999999,5.220000000000255,15.660000000000764,120,2026-03-20 19:05:00+00:00,4576.87,4582.09,0,2026-03-20 17:06:00+00:00,4582.09,stop_loss,-5.220000000000255,False
-1,2026-03-20 17:30:00+00:00,2026-03-20 17:31:00+00:00,4575.13,breakout,4583.58,4549.780000000001,8.449999999999818,25.349999999999454,120,2026-03-20 19:45:00+00:00,4575.13,4583.58,1,2026-03-20 18:22:00+00:00,4549.780000000001,target_hit,25.349999999999454,True
-1,2026-03-20 18:45:00+00:00,2026-03-20 18:46:00+00:00,4548.3,breakout,4554.3,4530.3,6.0,18.0,120,2026-03-20 20:46:00+00:00,4548.3,4554.3,0,2026-03-20 18:47:00+00:00,4530.3,target_hit,18.0,True
-1,2026-03-20 19:00:00+00:00,2026-03-20 19:01:00+00:00,4521.98,breakout,4529.61,4499.089999999999,7.630000000000109,22.890000000000327,120,2026-03-20 21:01:00+00:00,4521.98,4529.61,0,2026-03-20 19:04:00+00:00,4499.089999999999,target_hit,22.890000000000327,True
1,2026-03-20 19:30:00+00:00,2026-03-20 19:33:00+00:00,4508.37,breakout,4499.32,4535.52,9.050000000000182,27.150000000000546,120,2026-03-20 21:33:00+00:00,4499.32,4508.37,0,2026-03-20 19:34:00+00:00,4499.32,stop_loss,-9.050000000000182,False
1,2026-03-20 19:45:00+00:00,2026-03-20 19:46:00+00:00,4507.16,breakout,4498.05,4534.489999999999,9.109999999999673,27.329999999999018,120,2026-03-20 21:46:00+00:00,4498.05,4507.16,0,2026-03-20 19:57:00+00:00,4498.05,stop_loss,-9.109999999999673,False
1,2026-03-23 08:00:00+00:00,2026-03-23 08:01:00+00:00,4227.23,breakout,4216.25,4260.169999999998,10.979999999999563,32.93999999999869,120,2026-03-23 10:01:00+00:00,4216.25,4227.23,0,2026-03-23 08:02:00+00:00,4216.25,stop_loss,-10.979999999999563,False
1,2026-03-23 08:15:00+00:00,2026-03-23 08:16:00+00:00,4228.28,breakout,4202.37,4306.009999999999,25.909999999999854,77.72999999999956,120,2026-03-23 11:15:00+00:00,4202.37,4228.28,3,2026-03-23 09:30:00+00:00,4306.009999999999,target_hit,77.72999999999956,True
1,2026-03-23 09:30:00+00:00,2026-03-23 09:31:00+00:00,4283.07,breakout,4267.33,4330.289999999999,15.739999999999782,47.219999999999345,120,2026-03-23 11:31:00+00:00,4267.33,4283.07,0,2026-03-23 09:36:00+00:00,4267.33,stop_loss,-15.739999999999782,False
-1,2026-03-23 09:45:00+00:00,2026-03-23 09:46:00+00:00,4293.08,breakout,4307.49,4249.85,14.409999999999854,43.22999999999956,120,2026-03-23 11:46:00+00:00,4293.08,4307.49,0,2026-03-23 09:47:00+00:00,4249.85,target_hit,43.22999999999956,True
1,2026-03-23 10:00:00+00:00,2026-03-23 10:01:00+00:00,4235.64,breakout,4223.38,4272.420000000001,12.260000000000218,36.780000000000655,120,2026-03-23 12:01:00+00:00,4223.38,4235.64,0,2026-03-23 10:11:00+00:00,4272.420000000001,target_hit,36.780000000000655,True
1,2026-03-23 10:15:00+00:00,2026-03-23 10:16:00+00:00,4259.36,breakout,4252.22,4280.779999999998,7.139999999999418,21.419999999998254,120,2026-03-23 12:30:00+00:00,4252.22,4259.36,1,2026-03-23 10:37:00+00:00,4252.22,stop_loss,-7.139999999999418,False
-1,2026-03-23 10:45:00+00:00,2026-03-23 10:46:00+00:00,4261.08,breakout,4269.8,4234.919999999999,8.720000000000255,26.160000000000764,120,2026-03-23 12:46:00+00:00,4261.08,4269.8,0,2026-03-23 10:50:00+00:00,4269.8,stop_loss,-8.720000000000255,False
1,2026-03-23 11:15:00+00:00,2026-03-23 11:16:00+00:00,4288.91,breakout,4268.87,4349.03,20.039999999999964,60.11999999999989,120,2026-03-23 13:16:00+00:00,4268.87,4288.91,0,2026-03-23 11:17:00+00:00,4349.03,target_hit,60.11999999999989,True
-1,2026-03-23 11:30:00+00:00,2026-03-23 11:31:00+00:00,4417.24,breakout,4463.49,4278.49,46.25,138.75,120,2026-03-23 14:45:00+00:00,4417.24,4463.49,2,2026-03-23 12:49:00+00:00,4463.49,stop_loss,-46.25,False
1,2026-03-23 13:00:00+00:00,2026-03-23 13:01:00+00:00,4449.74,breakout,4433.49,4498.49,16.25,48.75,120,2026-03-23 15:01:00+00:00,4433.49,4449.74,0,2026-03-23 13:05:00+00:00,4433.49,stop_loss,-16.25,False
-1,2026-03-23 13:15:00+00:00,2026-03-23 13:16:00+00:00,4464.4,breakout,4487.27,4395.789999999997,22.8700000000008,68.6100000000024,120,2026-03-23 15:16:00+00:00,4464.4,4487.27,0,2026-03-23 14:17:00+00:00,4487.27,stop_loss,-22.8700000000008,False
1,2026-03-23 14:30:00+00:00,2026-03-23 14:31:00+00:00,4482.93,breakout,4460.91,4548.990000000002,22.020000000000437,66.06000000000131,120,2026-03-23 16:31:00+00:00,4460.91,4482.93,0,2026-03-23 14:50:00+00:00,4460.91,stop_loss,-22.020000000000437,False
-1,2026-03-23 15:00:00+00:00,2026-03-23 15:01:00+00:00,4467.83,breakout,4480.84,4428.799999999999,13.010000000000218,39.030000000000655,120,2026-03-23 17:01:00+00:00,4467.83,4480.84,0,2026-03-23 15:05:00+00:00,4480.84,stop_loss,-13.010000000000218,False
-1,2026-03-23 15:30:00+00:00,2026-03-23 15:31:00+00:00,4448.39,breakout,4466.5,4394.060000000001,18.109999999999673,54.32999999999902,120,2026-03-23 17:31:00+00:00,4448.39,4466.5,0,2026-03-23 15:52:00+00:00,4394.060000000001,target_hit,54.32999999999902,True
-1,2026-03-23 16:00:00+00:00,2026-03-23 16:01:00+00:00,4403.17,breakout,4414.8,4368.28,11.63000000000011,34.89000000000033,120,2026-03-23 18:01:00+00:00,4403.17,4414.8,0,2026-03-23 16:03:00+00:00,4368.28,target_hit,34.89000000000033,True
1,2026-03-23 16:15:00+00:00,2026-03-23 16:16:00+00:00,4373.67,breakout,4362.66,4406.700000000001,11.010000000000218,33.030000000000655,120,2026-03-23 18:16:00+00:00,4362.66,4373.67,0,2026-03-23 16:21:00+00:00,4362.66,stop_loss,-11.010000000000218,False
1,2026-03-23 16:45:00+00:00,2026-03-23 16:46:00+00:00,4366.93,breakout,4353.46,4407.340000000001,13.470000000000255,40.410000000000764,120,2026-03-23 19:15:00+00:00,4353.46,4366.93,1,2026-03-23 17:26:00+00:00,4407.340000000001,target_hit,40.410000000000764,True
1,2026-03-23 17:45:00+00:00,2026-03-23 17:46:00+00:00,4412.31,breakout,4404.17,4436.730000000001,8.140000000000327,24.420000000000982,120,2026-03-23 19:46:00+00:00,4404.17,4412.31,0,2026-03-23 18:07:00+00:00,4404.17,stop_loss,-8.140000000000327,False
-1,2026-03-23 18:00:00+00:00,2026-03-23 18:07:00+00:00,4410.64,breakout,4418.64,4386.64,8.0,24.0,120,2026-03-23 20:07:00+00:00,4410.64,4418.64,0,2026-03-23 18:09:00+00:00,4418.64,stop_loss,-8.0,False
-1,2026-03-23 18:15:00+00:00,2026-03-23 18:16:00+00:00,4420.96,breakout,4427.44,4401.520000000001,6.479999999999563,19.43999999999869,120,2026-03-23 20:16:00+00:00,4420.96,4427.44,0,2026-03-23 18:26:00+00:00,4427.44,stop_loss,-6.479999999999563,False
1,2026-03-23 18:45:00+00:00,2026-03-23 18:46:00+00:00,4434.46,breakout,4425.6,4461.039999999999,8.859999999999673,26.579999999999018,120,2026-03-23 20:46:00+00:00,4425.6,4434.46,0,2026-03-23 18:47:00+00:00,4461.039999999999,target_hit,26.579999999999018,True
-1,2026-03-23 19:15:00+00:00,2026-03-23 19:16:00+00:00,4439.36,breakout,4446.32,4418.48,6.960000000000036,20.88000000000011,120,2026-03-23 21:16:00+00:00,4439.36,4446.32,0,2026-03-23 19:17:00+00:00,4418.48,target_hit,20.88000000000011,True
-1,2026-03-24 08:00:00+00:00,2026-03-24 08:01:00+00:00,4403.08,breakout,4409.63,4383.429999999999,6.550000000000182,19.650000000000546,120,2026-03-24 10:01:00+00:00,4403.08,4409.63,0,2026-03-24 08:02:00+00:00,4409.63,stop_loss,-6.550000000000182,False
-1,2026-03-24 08:15:00+00:00,2026-03-24 08:19:00+00:00,4401.24,breakout,4418.32,4350.0,17.079999999999927,51.23999999999978,120,2026-03-24 10:30:00+00:00,4401.24,4418.32,1,2026-03-24 09:03:00+00:00,4418.32,stop_loss,-17.079999999999927,False
-1,2026-03-24 09:15:00+00:00,2026-03-24 09:16:00+00:00,4403.61,breakout,4409.15,4386.99,5.539999999999964,16.61999999999989,120,2026-03-24 11:16:00+00:00,4403.61,4409.15,0,2026-03-24 09:18:00+00:00,4409.15,stop_loss,-5.539999999999964,False
1,2026-03-24 09:30:00+00:00,2026-03-24 09:31:00+00:00,4401.18,breakout,4395.37,4418.6100000000015,5.8100000000004,17.4300000000012,120,2026-03-24 11:31:00+00:00,4395.37,4401.18,0,2026-03-24 09:40:00+00:00,4418.6100000000015,target_hit,17.4300000000012,True
-1,2026-03-24 09:45:00+00:00,2026-03-24 09:52:00+00:00,4412.11,breakout,4416.65,4398.49,4.539999999999964,13.61999999999989,120,2026-03-24 11:52:00+00:00,4412.11,4416.65,0,2026-03-24 09:54:00+00:00,4416.65,stop_loss,-4.539999999999964,False
1,2026-03-24 10:00:00+00:00,2026-03-24 10:01:00+00:00,4419.96,breakout,4415.71,4432.71,4.25,12.75,120,2026-03-24 12:01:00+00:00,4415.71,4419.96,0,2026-03-24 10:02:00+00:00,4415.71,stop_loss,-4.25,False
-1,2026-03-24 11:00:00+00:00,2026-03-24 11:01:00+00:00,4419.17,breakout,4427.11,4395.350000000001,7.9399999999996,23.8199999999988,120,2026-03-24 13:01:00+00:00,4419.17,4427.11,0,2026-03-24 11:02:00+00:00,4395.350000000001,target_hit,23.8199999999988,True
-1,2026-03-24 11:30:00+00:00,2026-03-24 11:31:00+00:00,4410.63,breakout,4418.24,4387.800000000001,7.609999999999673,22.829999999999018,120,2026-03-24 13:31:00+00:00,4410.63,4418.24,0,2026-03-24 11:32:00+00:00,4418.24,stop_loss,-7.609999999999673,False
1,2026-03-24 11:45:00+00:00,2026-03-24 11:46:00+00:00,4422.61,breakout,4413.66,4449.459999999999,8.949999999999818,26.849999999999454,120,2026-03-24 13:46:00+00:00,4413.66,4422.61,0,2026-03-24 11:52:00+00:00,4413.66,stop_loss,-8.949999999999818,False
1,2026-03-24 12:15:00+00:00,2026-03-24 12:16:00+00:00,4418.63,breakout,4406.88,4453.88,11.75,35.25,120,2026-03-24 14:16:00+00:00,4406.88,4418.63,0,2026-03-24 12:22:00+00:00,4406.88,stop_loss,-11.75,False
1,2026-03-24 13:00:00+00:00,2026-03-24 13:01:00+00:00,4379.39,breakout,4368.23,4412.870000000003,11.160000000000764,33.48000000000229,120,2026-03-24 15:01:00+00:00,4368.23,4379.39,0,2026-03-24 13:07:00+00:00,4368.23,stop_loss,-11.160000000000764,False
-1,2026-03-24 13:15:00+00:00,2026-03-24 13:19:00+00:00,4369.97,breakout,4380.71,4337.750000000001,10.739999999999782,32.219999999999345,120,2026-03-24 15:30:00+00:00,4369.97,4380.71,1,2026-03-24 13:57:00+00:00,4380.71,stop_loss,-10.739999999999782,False
1,2026-03-24 14:00:00+00:00,2026-03-24 14:01:00+00:00,4366.25,breakout,4352.88,4406.36,13.36999999999989,40.10999999999967,120,2026-03-24 16:15:00+00:00,4352.88,4366.25,1,2026-03-24 14:22:00+00:00,4406.36,target_hit,40.10999999999967,True
1,2026-03-24 14:45:00+00:00,2026-03-24 14:46:00+00:00,4415.05,breakout,4403.05,4451.05,12.0,36.0,120,2026-03-24 16:46:00+00:00,4403.05,4415.05,0,2026-03-24 14:50:00+00:00,4403.05,stop_loss,-12.0,False
-1,2026-03-24 15:00:00+00:00,2026-03-24 15:02:00+00:00,4407.5,breakout,4415.05,4384.849999999999,7.550000000000182,22.650000000000546,120,2026-03-24 17:02:00+00:00,4407.5,4415.05,0,2026-03-24 15:03:00+00:00,4415.05,stop_loss,-7.550000000000182,False
-1,2026-03-24 15:15:00+00:00,2026-03-24 15:17:00+00:00,4407.81,breakout,4421.94,4365.420000000003,14.1299999999992,42.3899999999976,120,2026-03-24 17:30:00+00:00,4407.81,4421.94,1,2026-03-24 15:37:00+00:00,4421.94,stop_loss,-14.1299999999992,False
1,2026-03-24 16:30:00+00:00,2026-03-24 16:31:00+00:00,4419.94,breakout,4414.81,4435.329999999997,5.1299999999992,15.389999999997599,120,2026-03-24 18:31:00+00:00,4414.81,4419.94,0,2026-03-24 16:35:00+00:00,4414.81,stop_loss,-5.1299999999992,False
-1,2026-03-24 16:45:00+00:00,2026-03-24 16:48:00+00:00,4417.81,breakout,4424.31,4398.31,6.5,19.5,120,2026-03-24 18:48:00+00:00,4417.81,4424.31,0,2026-03-24 16:50:00+00:00,4424.31,stop_loss,-6.5,False
-1,2026-03-24 17:00:00+00:00,2026-03-24 17:02:00+00:00,4420.39,breakout,4427.91,4397.830000000002,7.519999999999527,22.55999999999858,120,2026-03-24 19:02:00+00:00,4420.39,4427.91,0,2026-03-24 17:05:00+00:00,4397.830000000002,target_hit,22.55999999999858,True
-1,2026-03-24 17:30:00+00:00,2026-03-24 17:31:00+00:00,4401.05,breakout,4404.65,4390.250000000002,3.5999999999994543,10.799999999998363,120,2026-03-24 19:31:00+00:00,4401.05,4404.65,0,2026-03-24 17:32:00+00:00,4390.250000000002,target_hit,10.799999999998363,True
-1,2026-03-24 17:45:00+00:00,2026-03-24 17:46:00+00:00,4390.97,breakout,4397.61,4371.050000000002,6.639999999999418,19.919999999998254,120,2026-03-24 20:15:00+00:00,4390.97,4397.61,2,2026-03-24 18:19:00+00:00,4397.61,stop_loss,-6.639999999999418,False
1,2026-03-24 18:30:00+00:00,2026-03-24 18:31:00+00:00,4399.72,breakout,4392.08,4422.640000000001,7.640000000000327,22.920000000000982,120,2026-03-24 20:31:00+00:00,4392.08,4399.72,0,2026-03-24 18:32:00+00:00,4422.640000000001,target_hit,22.920000000000982,True
1,2026-03-24 19:15:00+00:00,2026-03-24 19:16:00+00:00,4394.06,breakout,4388.73,4410.050000000003,5.330000000000837,15.99000000000251,120,2026-03-24 21:16:00+00:00,4388.73,4394.06,0,2026-03-24 19:26:00+00:00,4410.050000000003,target_hit,15.99000000000251,True
1,2026-03-24 19:30:00+00:00,2026-03-24 19:31:00+00:00,4405.94,breakout,4401.11,4420.429999999999,4.829999999999927,14.489999999999782,120,2026-03-24 21:31:00+00:00,4401.11,4405.94,0,2026-03-24 19:35:00+00:00,4401.11,stop_loss,-4.829999999999927,False
-1,2026-03-24 19:45:00+00:00,2026-03-24 19:51:00+00:00,4397.03,breakout,4403.96,4376.239999999999,6.930000000000291,20.790000000000873,120,2026-03-24 21:51:00+00:00,4397.03,4403.96,0,2026-03-24 19:53:00+00:00,4403.96,stop_loss,-6.930000000000291,False
-1,2026-03-25 08:00:00+00:00,2026-03-25 08:01:00+00:00,4543.04,breakout,4549.2,4524.56,6.1599999999998545,18.479999999999563,120,2026-03-25 10:01:00+00:00,4543.04,4549.2,0,2026-03-25 08:03:00+00:00,4549.2,stop_loss,-6.1599999999998545,False
1,2026-03-25 08:15:00+00:00,2026-03-25 08:16:00+00:00,4548.35,breakout,4537.92,4579.640000000001,10.430000000000291,31.290000000000873,120,2026-03-25 11:15:00+00:00,4537.92,4548.35,2,2026-03-25 09:47:00+00:00,4537.92,stop_loss,-10.430000000000291,False
1,2026-03-25 10:15:00+00:00,2026-03-25 10:19:00+00:00,4556.58,breakout,4551.35,4572.269999999999,5.229999999999563,15.68999999999869,120,2026-03-25 12:30:00+00:00,4551.35,4556.58,1,2026-03-25 10:35:00+00:00,4551.35,stop_loss,-5.229999999999563,False
1,2026-03-25 10:30:00+00:00,2026-03-25 10:38:00+00:00,4558.31,breakout,4553.37,4573.130000000002,4.940000000000509,14.820000000001528,120,2026-03-25 12:38:00+00:00,4553.37,4558.31,0,2026-03-25 10:43:00+00:00,4553.37,stop_loss,-4.940000000000509,False
1,2026-03-25 11:15:00+00:00,2026-03-25 11:16:00+00:00,4563.42,breakout,4558.45,4578.330000000001,4.970000000000255,14.910000000000764,120,2026-03-25 13:16:00+00:00,4558.45,4563.42,0,2026-03-25 11:23:00+00:00,4578.330000000001,target_hit,14.910000000000764,True
1,2026-03-25 11:30:00+00:00,2026-03-25 11:31:00+00:00,4578.17,breakout,4568.01,4608.65,10.159999999999854,30.479999999999563,120,2026-03-25 13:45:00+00:00,4568.01,4578.17,1,2026-03-25 12:16:00+00:00,4568.01,stop_loss,-10.159999999999854,False
-1,2026-03-25 12:15:00+00:00,2026-03-25 12:16:00+00:00,4572.77,breakout,4579.24,4553.360000000002,6.469999999999345,19.409999999998035,120,2026-03-25 14:16:00+00:00,4572.77,4579.24,0,2026-03-25 12:23:00+00:00,4553.360000000002,target_hit,19.409999999998035,True
-1,2026-03-25 12:30:00+00:00,2026-03-25 12:31:00+00:00,4574.08,breakout,4579.38,4558.179999999999,5.300000000000182,15.900000000000546,120,2026-03-25 14:31:00+00:00,4574.08,4579.38,0,2026-03-25 12:32:00+00:00,4558.179999999999,target_hit,15.900000000000546,True
-1,2026-03-25 12:45:00+00:00,2026-03-25 12:46:00+00:00,4537.6,breakout,4549.19,4502.830000000003,11.589999999999236,34.76999999999771,120,2026-03-25 14:46:00+00:00,4537.6,4549.19,0,2026-03-25 12:55:00+00:00,4549.19,stop_loss,-11.589999999999236,False
1,2026-03-25 13:15:00+00:00,2026-03-25 13:16:00+00:00,4550.07,breakout,4541.33,4576.289999999999,8.739999999999782,26.219999999999345,120,2026-03-25 15:16:00+00:00,4541.33,4550.07,0,2026-03-25 13:30:00+00:00,4576.289999999999,target_hit,26.219999999999345,True
1,2026-03-25 13:30:00+00:00,2026-03-25 13:31:00+00:00,4563.76,breakout,4556.53,4585.450000000002,7.230000000000473,21.69000000000142,120,2026-03-25 15:31:00+00:00,4556.53,4563.76,0,2026-03-25 13:44:00+00:00,4556.53,stop_loss,-7.230000000000473,False
-1,2026-03-25 13:45:00+00:00,2026-03-25 13:46:00+00:00,4562.21,breakout,4569.8,4539.44,7.5900000000001455,22.770000000000437,120,2026-03-25 15:46:00+00:00,4562.21,4569.8,0,2026-03-25 14:00:00+00:00,4539.44,target_hit,22.770000000000437,True
-1,2026-03-25 14:00:00+00:00,2026-03-25 14:01:00+00:00,4555.06,breakout,4563.93,4528.450000000001,8.86999999999989,26.609999999999673,120,2026-03-25 16:15:00+00:00,4555.06,4563.93,1,2026-03-25 14:30:00+00:00,4563.93,stop_loss,-8.86999999999989,False
1,2026-03-25 14:30:00+00:00,2026-03-25 14:31:00+00:00,4558.56,breakout,4553.22,4574.580000000001,5.3400000000001455,16.020000000000437,120,2026-03-25 16:45:00+00:00,4553.22,4558.56,1,2026-03-25 14:50:00+00:00,4574.580000000001,target_hit,16.020000000000437,True
1,2026-03-25 15:45:00+00:00,2026-03-25 15:55:00+00:00,4565.02,breakout,4560.6,4578.280000000001,4.420000000000073,13.260000000000218,120,2026-03-25 17:55:00+00:00,4560.6,4565.02,0,2026-03-25 15:58:00+00:00,4560.6,stop_loss,-4.420000000000073,False
1,2026-03-25 16:00:00+00:00,2026-03-25 16:01:00+00:00,4561.71,breakout,4556.88,4576.2,4.829999999999927,14.489999999999782,120,2026-03-25 18:01:00+00:00,4556.88,4561.71,0,2026-03-25 16:04:00+00:00,4556.88,stop_loss,-4.829999999999927,False
1,2026-03-25 16:30:00+00:00,2026-03-25 16:36:00+00:00,4557.26,breakout,4548.66,4583.060000000001,8.600000000000364,25.80000000000109,120,2026-03-25 19:00:00+00:00,4548.66,4557.26,1,2026-03-25 17:05:00+00:00,4548.66,stop_loss,-8.600000000000364,False
-1,2026-03-25 17:15:00+00:00,2026-03-25 17:16:00+00:00,4550.71,breakout,4558.18,4528.299999999999,7.470000000000255,22.410000000000764,120,2026-03-25 19:16:00+00:00,4550.71,4558.18,0,2026-03-25 17:27:00+00:00,4558.18,stop_loss,-7.470000000000255,False
1,2026-03-25 17:45:00+00:00,2026-03-25 17:46:00+00:00,4556.26,breakout,4550.33,4574.050000000001,5.930000000000291,17.790000000000873,120,2026-03-25 19:46:00+00:00,4550.33,4556.26,0,2026-03-25 17:54:00+00:00,4550.33,stop_loss,-5.930000000000291,False
-1,2026-03-25 18:00:00+00:00,2026-03-25 18:02:00+00:00,4552.97,breakout,4559.12,4534.520000000001,6.149999999999636,18.44999999999891,120,2026-03-25 20:02:00+00:00,4552.97,4559.12,0,2026-03-25 18:06:00+00:00,4559.12,stop_loss,-6.149999999999636,False
1,2026-03-25 18:30:00+00:00,2026-03-25 18:31:00+00:00,4555.07,breakout,4550.84,4567.759999999998,4.229999999999563,12.68999999999869,120,2026-03-25 20:31:00+00:00,4550.84,4555.07,0,2026-03-25 18:38:00+00:00,4550.84,stop_loss,-4.229999999999563,False
-1,2026-03-25 19:00:00+00:00,2026-03-25 19:01:00+00:00,4544.19,breakout,4550.76,4524.479999999998,6.5700000000006185,19.710000000001855,120,2026-03-25 21:01:00+00:00,4544.19,4550.76,0,2026-03-25 19:08:00+00:00,4524.479999999998,target_hit,19.710000000001855,True
-1,2026-03-25 19:15:00+00:00,2026-03-25 19:16:00+00:00,4529.85,breakout,4534.85,4514.85,5.0,15.0,120,2026-03-25 21:16:00+00:00,4529.85,4534.85,0,2026-03-25 19:17:00+00:00,4514.85,target_hit,15.0,True
1,2026-03-25 19:30:00+00:00,2026-03-25 19:31:00+00:00,4513.59,breakout,4507.99,4530.390000000001,5.600000000000364,16.80000000000109,120,2026-03-25 21:31:00+00:00,4507.99,4513.59,0,2026-03-25 19:37:00+00:00,4507.99,stop_loss,-5.600000000000364,False
1,2026-03-25 19:45:00+00:00,2026-03-25 19:46:00+00:00,4518.57,breakout,4512.82,4535.82,5.75,17.25,120,2026-03-25 21:46:00+00:00,4512.82,4518.57,0,2026-03-25 20:00:00+00:00,4535.82,target_hit,17.25,True
-1,2026-03-26 08:00:00+00:00,2026-03-26 08:01:00+00:00,4456.14,breakout,4460.34,4443.540000000001,4.199999999999818,12.599999999999454,120,2026-03-26 10:01:00+00:00,4456.14,4460.34,0,2026-03-26 08:14:00+00:00,4443.540000000001,target_hit,12.599999999999454,True
-1,2026-03-26 08:15:00+00:00,2026-03-26 08:16:00+00:00,4449.27,breakout,4457.43,4424.790000000001,8.159999999999854,24.479999999999563,120,2026-03-26 10:16:00+00:00,4449.27,4457.43,0,2026-03-26 08:29:00+00:00,4424.790000000001,target_hit,24.479999999999563,True
-1,2026-03-26 08:30:00+00:00,2026-03-26 08:31:00+00:00,4440.1,breakout,4446.7,4420.300000000002,6.599999999999454,19.799999999998363,120,2026-03-26 10:31:00+00:00,4440.1,4446.7,0,2026-03-26 08:43:00+00:00,4420.300000000002,target_hit,19.799999999998363,True
1,2026-03-26 08:45:00+00:00,2026-03-26 08:54:00+00:00,4434.74,breakout,4425.15,4463.51,9.590000000000146,28.770000000000437,120,2026-03-26 10:54:00+00:00,4425.15,4434.74,0,2026-03-26 09:00:00+00:00,4425.15,stop_loss,-9.590000000000146,False
1,2026-03-26 09:00:00+00:00,2026-03-26 09:01:00+00:00,4426.95,breakout,4417.9,4454.1,9.050000000000182,27.150000000000546,120,2026-03-26 11:01:00+00:00,4417.9,4426.95,0,2026-03-26 09:05:00+00:00,4417.9,stop_loss,-9.050000000000182,False
-1,2026-03-26 09:45:00+00:00,2026-03-26 09:46:00+00:00,4421.03,breakout,4432.39,4386.949999999998,11.360000000000582,34.080000000001746,120,2026-03-26 12:00:00+00:00,4421.03,4432.39,1,2026-03-26 10:15:00+00:00,4432.39,stop_loss,-11.360000000000582,False
1,2026-03-26 10:30:00+00:00,2026-03-26 10:31:00+00:00,4432.86,breakout,4424.07,4459.23,8.789999999999964,26.36999999999989,120,2026-03-26 12:31:00+00:00,4424.07,4432.86,0,2026-03-26 10:44:00+00:00,4424.07,stop_loss,-8.789999999999964,False
1,2026-03-26 10:45:00+00:00,2026-03-26 10:50:00+00:00,4443.23,breakout,4438.91,4456.189999999999,4.319999999999709,12.959999999999127,120,2026-03-26 12:50:00+00:00,4438.91,4443.23,0,2026-03-26 10:54:00+00:00,4438.91,stop_loss,-4.319999999999709,False
1,2026-03-26 11:00:00+00:00,2026-03-26 11:01:00+00:00,4437.03,breakout,4428.19,4463.55,8.840000000000146,26.520000000000437,120,2026-03-26 13:30:00+00:00,4428.19,4437.03,2,2026-03-26 11:49:00+00:00,4428.19,stop_loss,-8.840000000000146,False
-1,2026-03-26 12:00:00+00:00,2026-03-26 12:01:00+00:00,4436.61,breakout,4442.75,4418.189999999999,6.140000000000327,18.420000000000982,120,2026-03-26 14:01:00+00:00,4436.61,4442.75,0,2026-03-26 12:02:00+00:00,4418.189999999999,target_hit,18.420000000000982,True
1,2026-03-26 12:15:00+00:00,2026-03-26 12:16:00+00:00,4431.18,breakout,4424.7,4450.620000000002,6.480000000000473,19.44000000000142,120,2026-03-26 14:45:00+00:00,4424.7,4431.18,2,2026-03-26 13:00:00+00:00,4424.7,stop_loss,-6.480000000000473,False
1,2026-03-26 13:00:00+00:00,2026-03-26 13:05:00+00:00,4440.97,breakout,4435.62,4457.020000000001,5.350000000000364,16.05000000000109,120,2026-03-26 15:05:00+00:00,4435.62,4440.97,0,2026-03-26 13:08:00+00:00,4435.62,stop_loss,-5.350000000000364,False
1,2026-03-26 14:30:00+00:00,2026-03-26 14:31:00+00:00,4457.39,breakout,4444.17,4497.050000000001,13.220000000000255,39.660000000000764,120,2026-03-26 17:00:00+00:00,4444.17,4457.39,2,2026-03-26 15:31:00+00:00,4444.17,stop_loss,-13.220000000000255,False
-1,2026-03-26 15:30:00+00:00,2026-03-26 15:31:00+00:00,4451.34,breakout,4458.56,4429.679999999999,7.220000000000255,21.660000000000764,120,2026-03-26 18:00:00+00:00,4451.34,4458.56,2,2026-03-26 16:01:00+00:00,4429.679999999999,target_hit,21.660000000000764,True
-1,2026-03-26 16:00:00+00:00,2026-03-26 16:01:00+00:00,4436.83,breakout,4444.47,4413.909999999999,7.640000000000327,22.920000000000982,120,2026-03-26 18:15:00+00:00,4436.83,4444.47,1,2026-03-26 16:21:00+00:00,4413.909999999999,target_hit,22.920000000000982,True
-1,2026-03-26 16:30:00+00:00,2026-03-26 16:31:00+00:00,4434.51,breakout,4440.52,4416.48,6.010000000000218,18.030000000000655,120,2026-03-26 18:31:00+00:00,4434.51,4440.52,0,2026-03-26 16:32:00+00:00,4416.48,target_hit,18.030000000000655,True
-1,2026-03-26 16:45:00+00:00,2026-03-26 16:46:00+00:00,4381.92,breakout,4397.16,4336.200000000001,15.239999999999782,45.719999999999345,120,2026-03-26 18:46:00+00:00,4381.92,4397.16,0,2026-03-26 17:01:00+00:00,4397.16,stop_loss,-15.239999999999782,False
1,2026-03-26 17:00:00+00:00,2026-03-26 17:01:00+00:00,4390.92,breakout,4384.33,4410.6900000000005,6.5900000000001455,19.770000000000437,120,2026-03-26 19:15:00+00:00,4384.33,4390.92,1,2026-03-26 17:23:00+00:00,4384.33,stop_loss,-6.5900000000001455,False
-1,2026-03-26 17:30:00+00:00,2026-03-26 17:31:00+00:00,4386.14,breakout,4394.28,4361.720000000002,8.139999999999418,24.419999999998254,120,2026-03-26 20:30:00+00:00,4386.14,4394.28,3,2026-03-26 18:40:00+00:00,4394.28,stop_loss,-8.139999999999418,False
1,2026-03-26 18:45:00+00:00,2026-03-26 18:46:00+00:00,4380.22,breakout,4373.22,4401.22,7.0,21.0,120,2026-03-26 21:00:00+00:00,4373.22,4380.22,1,2026-03-26 19:50:00+00:00,4373.22,stop_loss,-7.0,False
-1,2026-03-27 08:30:00+00:00,2026-03-27 08:31:00+00:00,4438.86,breakout,4445.07,4420.23,6.210000000000036,18.63000000000011,120,2026-03-27 11:45:00+00:00,4438.86,4445.07,3,2026-03-27 10:41:00+00:00,4420.23,target_hit,18.63000000000011,True
-1,2026-03-27 10:45:00+00:00,2026-03-27 10:46:00+00:00,4423.29,breakout,4428.25,4408.41,4.960000000000036,14.88000000000011,120,2026-03-27 13:00:00+00:00,4423.29,4428.25,1,2026-03-27 11:06:00+00:00,4408.41,target_hit,14.88000000000011,True
-1,2026-03-27 12:00:00+00:00,2026-03-27 12:01:00+00:00,4421.37,breakout,4425.11,4410.150000000001,3.7399999999997817,11.219999999999345,120,2026-03-27 14:01:00+00:00,4421.37,4425.11,0,2026-03-27 12:13:00+00:00,4425.11,stop_loss,-3.7399999999997817,False
1,2026-03-27 12:15:00+00:00,2026-03-27 12:16:00+00:00,4424.34,breakout,4419.18,4439.82,5.1599999999998545,15.479999999999563,120,2026-03-27 14:16:00+00:00,4419.18,4424.34,0,2026-03-27 12:20:00+00:00,4419.18,stop_loss,-5.1599999999998545,False
1,2026-03-27 12:30:00+00:00,2026-03-27 12:38:00+00:00,4434.73,breakout,4426.97,4458.0099999999975,7.759999999999309,23.279999999997926,120,2026-03-27 15:00:00+00:00,4426.97,4434.73,2,2026-03-27 13:10:00+00:00,4426.97,stop_loss,-7.759999999999309,False
1,2026-03-27 14:00:00+00:00,2026-03-27 14:01:00+00:00,4434.71,breakout,4428.31,4453.909999999999,6.399999999999636,19.19999999999891,120,2026-03-27 16:01:00+00:00,4428.31,4434.71,0,2026-03-27 14:03:00+00:00,4453.909999999999,target_hit,19.19999999999891,True
1,2026-03-27 14:15:00+00:00,2026-03-27 14:16:00+00:00,4437.38,breakout,4429.7,4460.420000000001,7.680000000000291,23.040000000000873,120,2026-03-27 16:16:00+00:00,4429.7,4437.38,0,2026-03-27 14:17:00+00:00,4460.420000000001,target_hit,23.040000000000873,True
1,2026-03-27 14:45:00+00:00,2026-03-27 14:46:00+00:00,4459.26,breakout,4451.62,4482.180000000001,7.640000000000327,22.920000000000982,120,2026-03-27 16:46:00+00:00,4451.62,4459.26,0,2026-03-27 14:50:00+00:00,4482.180000000001,target_hit,22.920000000000982,True
1,2026-03-27 15:00:00+00:00,2026-03-27 15:01:00+00:00,4476.64,breakout,4467.0,4505.560000000001,9.640000000000327,28.920000000000982,120,2026-03-27 17:01:00+00:00,4467.0,4476.64,0,2026-03-27 15:02:00+00:00,4505.560000000001,target_hit,28.920000000000982,True
1,2026-03-27 15:15:00+00:00,2026-03-27 15:16:00+00:00,4515.86,breakout,4502.59,4555.669999999998,13.269999999999527,39.80999999999858,120,2026-03-27 17:16:00+00:00,4502.59,4515.86,0,2026-03-27 15:23:00+00:00,4555.669999999998,target_hit,39.80999999999858,True
1,2026-03-27 15:30:00+00:00,2026-03-27 15:31:00+00:00,4531.17,breakout,4521.99,4558.710000000001,9.180000000000291,27.540000000000873,120,2026-03-27 17:45:00+00:00,4521.99,4531.17,1,2026-03-27 15:55:00+00:00,4521.99,stop_loss,-9.180000000000291,False
-1,2026-03-27 16:00:00+00:00,2026-03-27 16:01:00+00:00,4525.23,breakout,4533.0,4501.919999999998,7.770000000000437,23.31000000000131,120,2026-03-27 18:01:00+00:00,4525.23,4533.0,0,2026-03-27 16:10:00+00:00,4533.0,stop_loss,-7.770000000000437,False
1,2026-03-27 16:15:00+00:00,2026-03-27 16:16:00+00:00,4530.31,breakout,4520.4,4560.040000000003,9.910000000000764,29.730000000002292,120,2026-03-27 18:16:00+00:00,4520.4,4530.31,0,2026-03-27 16:31:00+00:00,4520.4,stop_loss,-9.910000000000764,False
-1,2026-03-27 16:30:00+00:00,2026-03-27 16:31:00+00:00,4526.06,breakout,4533.08,4505.000000000002,7.019999999999527,21.05999999999858,120,2026-03-27 18:45:00+00:00,4526.06,4533.08,1,2026-03-27 17:15:00+00:00,4505.000000000002,target_hit,21.05999999999858,True
-1,2026-03-27 17:15:00+00:00,2026-03-27 17:16:00+00:00,4510.99,breakout,4516.56,4494.279999999998,5.5700000000006185,16.710000000001855,120,2026-03-27 19:16:00+00:00,4510.99,4516.56,0,2026-03-27 17:25:00+00:00,4494.279999999998,target_hit,16.710000000001855,True
-1,2026-03-27 17:30:00+00:00,2026-03-27 17:31:00+00:00,4502.51,breakout,4511.76,4474.76,9.25,27.75,120,2026-03-27 19:45:00+00:00,4502.51,4511.76,1,2026-03-27 18:30:00+00:00,4511.76,stop_loss,-9.25,False
1,2026-03-27 18:30:00+00:00,2026-03-27 18:31:00+00:00,4508.3,breakout,4498.34,4538.18,9.960000000000036,29.88000000000011,120,2026-03-27 21:30:00+00:00,4498.34,4508.3,2,2026-03-27 20:49:00+00:00,4498.34,stop_loss,-9.960000000000036,False
-1,2026-03-30 07:15:00+00:00,2026-03-30 07:17:00+00:00,4528.09,breakout,4534.38,4509.22,6.289999999999964,18.86999999999989,120,2026-03-30 09:45:00+00:00,4528.09,4534.38,2,2026-03-30 08:06:00+00:00,4534.38,stop_loss,-6.289999999999964,False
1,2026-03-30 08:15:00+00:00,2026-03-30 08:16:00+00:00,4533.18,breakout,4526.52,4553.16,6.6599999999998545,19.979999999999563,120,2026-03-30 10:16:00+00:00,4526.52,4533.18,0,2026-03-30 08:23:00+00:00,4526.52,stop_loss,-6.6599999999998545,False
1,2026-03-30 08:45:00+00:00,2026-03-30 08:46:00+00:00,4535.48,breakout,4528.53,4556.329999999999,6.949999999999818,20.849999999999454,120,2026-03-30 10:46:00+00:00,4528.53,4535.48,0,2026-03-30 09:12:00+00:00,4528.53,stop_loss,-6.949999999999818,False
-1,2026-03-30 09:15:00+00:00,2026-03-30 09:16:00+00:00,4530.81,breakout,4538.73,4507.050000000003,7.919999999999163,23.75999999999749,120,2026-03-30 11:30:00+00:00,4530.81,4538.73,1,2026-03-30 10:19:00+00:00,4538.73,stop_loss,-7.919999999999163,False
-1,2026-03-30 10:30:00+00:00,2026-03-30 10:34:00+00:00,4527.75,breakout,4533.1,4511.699999999999,5.350000000000364,16.05000000000109,120,2026-03-30 12:34:00+00:00,4527.75,4533.1,0,2026-03-30 10:35:00+00:00,4533.1,stop_loss,-5.350000000000364,False
-1,2026-03-30 11:00:00+00:00,2026-03-30 11:01:00+00:00,4530.1,breakout,4534.08,4518.160000000002,3.9799999999995634,11.93999999999869,120,2026-03-30 13:01:00+00:00,4530.1,4534.08,0,2026-03-30 11:08:00+00:00,4534.08,stop_loss,-3.9799999999995634,False
1,2026-03-30 11:15:00+00:00,2026-03-30 11:16:00+00:00,4535.87,breakout,4531.47,4549.069999999999,4.399999999999636,13.199999999998909,120,2026-03-30 13:30:00+00:00,4531.47,4535.87,1,2026-03-30 11:42:00+00:00,4549.069999999999,target_hit,13.199999999998909,True
1,2026-03-30 11:45:00+00:00,2026-03-30 11:46:00+00:00,4551.73,breakout,4543.13,4577.529999999998,8.599999999999454,25.799999999998363,120,2026-03-30 13:46:00+00:00,4543.13,4551.73,0,2026-03-30 11:51:00+00:00,4577.529999999998,target_hit,25.799999999998363,True
-1,2026-03-30 12:00:00+00:00,2026-03-30 12:01:00+00:00,4567.66,breakout,4572.03,4554.55,4.369999999999891,13.109999999999673,120,2026-03-30 14:01:00+00:00,4567.66,4572.03,0,2026-03-30 12:02:00+00:00,4554.55,target_hit,13.109999999999673,True
1,2026-03-30 12:30:00+00:00,2026-03-30 12:31:00+00:00,4564.66,breakout,4558.07,4584.43,6.5900000000001455,19.770000000000437,120,2026-03-30 15:15:00+00:00,4558.07,4564.66,2,2026-03-30 13:34:00+00:00,4558.07,stop_loss,-6.5900000000001455,False
-1,2026-03-30 13:30:00+00:00,2026-03-30 13:34:00+00:00,4563.77,breakout,4569.21,4547.450000000002,5.4399999999996,16.3199999999988,120,2026-03-30 15:34:00+00:00,4563.77,4569.21,0,2026-03-30 13:42:00+00:00,4547.450000000002,target_hit,16.3199999999988,True
-1,2026-03-30 14:00:00+00:00,2026-03-30 14:01:00+00:00,4534.93,breakout,4545.55,4503.070000000001,10.61999999999989,31.859999999999673,120,2026-03-30 17:30:00+00:00,4534.93,4545.55,2,2026-03-30 15:36:00+00:00,4545.55,stop_loss,-10.61999999999989,False
1,2026-03-30 15:45:00+00:00,2026-03-30 15:46:00+00:00,4540.22,breakout,4532.63,4562.990000000001,7.5900000000001455,22.770000000000437,120,2026-03-30 17:46:00+00:00,4532.63,4540.22,0,2026-03-30 16:30:00+00:00,4532.63,stop_loss,-7.5900000000001455,False
1,2026-03-30 16:45:00+00:00,2026-03-30 16:46:00+00:00,4540.85,breakout,4535.96,4555.520000000001,4.890000000000327,14.670000000000982,120,2026-03-30 18:46:00+00:00,4535.96,4540.85,0,2026-03-30 17:02:00+00:00,4535.96,stop_loss,-4.890000000000327,False
-1,2026-03-30 17:00:00+00:00,2026-03-30 17:02:00+00:00,4536.73,breakout,4543.12,4517.559999999999,6.390000000000327,19.170000000000982,120,2026-03-30 19:15:00+00:00,4536.73,4543.12,1,2026-03-30 17:31:00+00:00,4517.559999999999,target_hit,19.170000000000982,True
-1,2026-03-30 17:45:00+00:00,2026-03-30 17:48:00+00:00,4521.8,breakout,4527.97,4503.29,6.170000000000073,18.51000000000022,120,2026-03-30 20:45:00+00:00,4521.8,4527.97,2,2026-03-30 18:57:00+00:00,4503.29,target_hit,18.51000000000022,True
-1,2026-03-30 19:00:00+00:00,2026-03-30 19:01:00+00:00,4506.8,breakout,4513.94,4485.380000000002,7.139999999999418,21.419999999998254,120,2026-03-30 21:01:00+00:00,4506.8,4513.94,0,2026-03-30 19:56:00+00:00,4513.94,stop_loss,-7.139999999999418,False
-1,2026-03-31 07:15:00+00:00,2026-03-31 07:16:00+00:00,4556.86,breakout,4563.31,4537.5099999999975,6.450000000000728,19.350000000002183,120,2026-03-31 09:30:00+00:00,4556.86,4563.31,1,2026-03-31 07:45:00+00:00,4563.31,stop_loss,-6.450000000000728,False
1,2026-03-31 08:00:00+00:00,2026-03-31 08:01:00+00:00,4565.09,breakout,4558.35,4585.3099999999995,6.739999999999782,20.219999999999345,120,2026-03-31 11:15:00+00:00,4558.35,4565.09,3,2026-03-31 09:30:00+00:00,4558.35,stop_loss,-6.739999999999782,False
-1,2026-03-31 09:30:00+00:00,2026-03-31 09:31:00+00:00,4565.23,breakout,4569.72,4551.7599999999975,4.490000000000691,13.470000000002074,120,2026-03-31 11:31:00+00:00,4565.23,4569.72,0,2026-03-31 09:39:00+00:00,4551.7599999999975,target_hit,13.470000000002074,True
-1,2026-03-31 09:45:00+00:00,2026-03-31 09:46:00+00:00,4555.64,breakout,4562.74,4534.340000000002,7.099999999999454,21.299999999998363,120,2026-03-31 11:46:00+00:00,4555.64,4562.74,0,2026-03-31 10:39:00+00:00,4534.340000000002,target_hit,21.299999999998363,True
-1,2026-03-31 10:45:00+00:00,2026-03-31 10:46:00+00:00,4548.12,breakout,4554.5,4528.98,6.380000000000109,19.140000000000327,120,2026-03-31 12:46:00+00:00,4548.12,4554.5,0,2026-03-31 11:11:00+00:00,4554.5,stop_loss,-6.380000000000109,False
1,2026-03-31 11:15:00+00:00,2026-03-31 11:16:00+00:00,4550.79,breakout,4546.96,4562.28,3.8299999999999272,11.489999999999782,120,2026-03-31 13:16:00+00:00,4546.96,4550.79,0,2026-03-31 11:17:00+00:00,4562.28,target_hit,11.489999999999782,True
1,2026-03-31 11:30:00+00:00,2026-03-31 11:31:00+00:00,4559.81,breakout,4549.63,4590.350000000001,10.180000000000291,30.540000000000873,120,2026-03-31 13:31:00+00:00,4549.63,4559.81,0,2026-03-31 11:39:00+00:00,4590.350000000001,target_hit,30.540000000000873,True
-1,2026-03-31 12:00:00+00:00,2026-03-31 12:01:00+00:00,4586.27,breakout,4591.84,4569.560000000001,5.569999999999709,16.709999999999127,120,2026-03-31 14:01:00+00:00,4586.27,4591.84,0,2026-03-31 12:06:00+00:00,4591.84,stop_loss,-5.569999999999709,False
-1,2026-03-31 12:15:00+00:00,2026-03-31 12:16:00+00:00,4584.3,breakout,4588.41,4571.970000000001,4.109999999999673,12.329999999999018,120,2026-03-31 14:16:00+00:00,4584.3,4588.41,0,2026-03-31 12:17:00+00:00,4571.970000000001,target_hit,12.329999999999018,True
1,2026-03-31 12:30:00+00:00,2026-03-31 12:31:00+00:00,4581.04,breakout,4573.8,4602.759999999999,7.239999999999782,21.719999999999345,120,2026-03-31 14:45:00+00:00,4573.8,4581.04,1,2026-03-31 12:47:00+00:00,4573.8,stop_loss,-7.239999999999782,False
-1,2026-03-31 13:00:00+00:00,2026-03-31 13:01:00+00:00,4576.05,breakout,4582.4,4557.000000000002,6.349999999999454,19.049999999998363,120,2026-03-31 15:01:00+00:00,4576.05,4582.4,0,2026-03-31 13:10:00+00:00,4582.4,stop_loss,-6.349999999999454,False
1,2026-03-31 13:30:00+00:00,2026-03-31 13:40:00+00:00,4587.28,breakout,4583.38,4598.979999999999,3.899999999999636,11.699999999998909,120,2026-03-31 15:45:00+00:00,4583.38,4587.28,1,2026-03-31 13:51:00+00:00,4598.979999999999,target_hit,11.699999999998909,True
-1,2026-03-31 14:30:00+00:00,2026-03-31 14:36:00+00:00,4610.28,breakout,4615.75,4593.869999999999,5.470000000000255,16.410000000000764,120,2026-03-31 17:00:00+00:00,4610.28,4615.75,2,2026-03-31 15:05:00+00:00,4615.75,stop_loss,-5.470000000000255,False
1,2026-03-31 15:15:00+00:00,2026-03-31 15:16:00+00:00,4605.83,breakout,4599.1,4626.019999999999,6.729999999999563,20.18999999999869,120,2026-03-31 18:30:00+00:00,4599.1,4605.83,4,2026-03-31 16:38:00+00:00,4626.019999999999,target_hit,20.18999999999869,True
1,2026-03-31 16:45:00+00:00,2026-03-31 16:46:00+00:00,4627.44,breakout,4619.77,4650.449999999997,7.669999999999163,23.00999999999749,120,2026-03-31 18:46:00+00:00,4619.77,4627.44,0,2026-03-31 16:50:00+00:00,4650.449999999997,target_hit,23.00999999999749,True
1,2026-03-31 17:15:00+00:00,2026-03-31 17:21:00+00:00,4651.49,breakout,4642.6,4678.159999999998,8.889999999999418,26.669999999998254,120,2026-03-31 19:21:00+00:00,4642.6,4651.49,0,2026-03-31 17:28:00+00:00,4642.6,stop_loss,-8.889999999999418,False
1,2026-03-31 17:30:00+00:00,2026-03-31 17:31:00+00:00,4649.19,breakout,4642.49,4669.289999999999,6.699999999999818,20.099999999999454,120,2026-03-31 19:45:00+00:00,4642.49,4649.19,1,2026-03-31 18:10:00+00:00,4669.289999999999,target_hit,20.099999999999454,True
1,2026-03-31 18:15:00+00:00,2026-03-31 18:16:00+00:00,4660.78,breakout,4653.69,4682.05,7.0900000000001455,21.270000000000437,120,2026-03-31 21:15:00+00:00,4653.69,4660.78,3,2026-03-31 19:21:00+00:00,4682.05,target_hit,21.270000000000437,True
1,2026-03-31 19:30:00+00:00,2026-03-31 19:31:00+00:00,4673.77,breakout,4668.5,4689.580000000002,5.270000000000437,15.81000000000131,120,2026-03-31 21:45:00+00:00,4668.5,4673.77,1,2026-03-31 20:27:00+00:00,4668.5,stop_loss,-5.270000000000437,False
1,2026-04-01 07:00:00+00:00,2026-04-01 07:01:00+00:00,4718.58,breakout,4708.17,4749.8099999999995,10.409999999999854,31.229999999999563,120,2026-04-01 13:15:00+00:00,4708.17,4718.58,10,2026-04-01 11:30:00+00:00,4749.8099999999995,target_hit,31.229999999999563,True
1,2026-04-01 11:30:00+00:00,2026-04-01 11:31:00+00:00,4745.06,breakout,4737.26,4768.460000000001,7.800000000000182,23.400000000000546,120,2026-04-01 13:45:00+00:00,4737.26,4745.06,1,2026-04-01 12:19:00+00:00,4737.26,stop_loss,-7.800000000000182,False
-1,2026-04-01 12:30:00+00:00,2026-04-01 12:31:00+00:00,4741.12,breakout,4746.14,4726.059999999999,5.020000000000437,15.06000000000131,120,2026-04-01 14:31:00+00:00,4741.12,4746.14,0,2026-04-01 12:35:00+00:00,4746.14,stop_loss,-5.020000000000437,False
1,2026-04-01 12:45:00+00:00,2026-04-01 12:46:00+00:00,4743.73,breakout,4737.3,4763.019999999998,6.4299999999993815,19.289999999998145,120,2026-04-01 14:46:00+00:00,4737.3,4743.73,0,2026-04-01 12:48:00+00:00,4737.3,stop_loss,-6.4299999999993815,False
-1,2026-04-01 13:00:00+00:00,2026-04-01 13:01:00+00:00,4737.64,breakout,4748.08,4706.3200000000015,10.4399999999996,31.3199999999988,120,2026-04-01 15:15:00+00:00,4737.64,4748.08,1,2026-04-01 13:38:00+00:00,4748.08,stop_loss,-10.4399999999996,False
1,2026-04-01 13:45:00+00:00,2026-04-01 13:46:00+00:00,4744.56,breakout,4737.49,4765.770000000002,7.0700000000006185,21.210000000001855,120,2026-04-01 15:46:00+00:00,4737.49,4744.56,0,2026-04-01 13:50:00+00:00,4737.49,stop_loss,-7.0700000000006185,False
-1,2026-04-01 14:00:00+00:00,2026-04-01 14:01:00+00:00,4738.03,breakout,4746.26,4713.339999999998,8.230000000000473,24.69000000000142,120,2026-04-01 16:01:00+00:00,4738.03,4746.26,0,2026-04-01 14:05:00+00:00,4746.26,stop_loss,-8.230000000000473,False
1,2026-04-01 14:30:00+00:00,2026-04-01 14:38:00+00:00,4748.74,breakout,4743.44,4764.64,5.300000000000182,15.900000000000546,120,2026-04-01 16:38:00+00:00,4743.44,4748.74,0,2026-04-01 14:53:00+00:00,4764.64,target_hit,15.900000000000546,True
1,2026-04-01 15:15:00+00:00,2026-04-01 15:16:00+00:00,4765.61,breakout,4761.45,4778.089999999999,4.1599999999998545,12.479999999999563,120,2026-04-01 17:30:00+00:00,4761.45,4765.61,1,2026-04-01 15:31:00+00:00,4778.089999999999,target_hit,12.479999999999563,True
1,2026-04-01 15:30:00+00:00,2026-04-01 15:31:00+00:00,4769.54,breakout,4763.49,4787.6900000000005,6.050000000000182,18.150000000000546,120,2026-04-01 17:45:00+00:00,4763.49,4769.54,1,2026-04-01 15:50:00+00:00,4787.6900000000005,target_hit,18.150000000000546,True
-1,2026-04-01 16:15:00+00:00,2026-04-01 16:16:00+00:00,4782.87,breakout,4789.27,4763.669999999998,6.400000000000546,19.200000000001637,120,2026-04-01 18:45:00+00:00,4782.87,4789.27,1,2026-04-01 16:59:00+00:00,4789.27,stop_loss,-6.400000000000546,False
-1,2026-04-01 17:30:00+00:00,2026-04-01 17:31:00+00:00,4783.78,breakout,4788.32,4770.16,4.539999999999964,13.61999999999989,120,2026-04-01 19:45:00+00:00,4783.78,4788.32,1,2026-04-01 18:02:00+00:00,4770.16,target_hit,13.61999999999989,True
-1,2026-04-01 18:15:00+00:00,2026-04-01 18:19:00+00:00,4759.36,breakout,4771.14,4724.019999999998,11.780000000000655,35.340000000001965,120,2026-04-01 21:30:00+00:00,4759.36,4771.14,3,2026-04-01 19:36:00+00:00,4771.14,stop_loss,-11.780000000000655,False
1,2026-04-01 19:45:00+00:00,2026-04-01 19:46:00+00:00,4768.02,breakout,4763.59,4781.310000000001,4.430000000000291,13.290000000000873,120,2026-04-01 21:46:00+00:00,4763.59,4768.02,0,2026-04-01 19:50:00+00:00,4763.59,stop_loss,-4.430000000000291,False
1,2026-04-02 07:00:00+00:00,2026-04-02 07:01:00+00:00,4597.28,breakout,4585.06,4633.939999999998,12.219999999999345,36.659999999998035,120,2026-04-02 09:30:00+00:00,4585.06,4597.28,2,2026-04-02 07:34:00+00:00,4633.939999999998,target_hit,36.659999999998035,True
1,2026-04-02 07:45:00+00:00,2026-04-02 07:46:00+00:00,4625.6,breakout,4618.62,4646.540000000002,6.980000000000473,20.94000000000142,120,2026-04-02 09:46:00+00:00,4618.62,4625.6,0,2026-04-02 07:48:00+00:00,4646.540000000002,target_hit,20.94000000000142,True
-1,2026-04-02 10:00:00+00:00,2026-04-02 10:01:00+00:00,4622.27,breakout,4627.43,4606.790000000001,5.1599999999998545,15.479999999999563,120,2026-04-02 12:01:00+00:00,4622.27,4627.43,0,2026-04-02 10:03:00+00:00,4627.43,stop_loss,-5.1599999999998545,False
-1,2026-04-02 10:30:00+00:00,2026-04-02 10:31:00+00:00,4619.8,breakout,4625.14,4603.78,5.3400000000001455,16.020000000000437,120,2026-04-02 12:31:00+00:00,4619.8,4625.14,0,2026-04-02 10:42:00+00:00,4625.14,stop_loss,-5.3400000000001455,False
1,2026-04-02 11:15:00+00:00,2026-04-02 11:16:00+00:00,4625.01,breakout,4617.42,4647.780000000001,7.5900000000001455,22.770000000000437,120,2026-04-02 13:16:00+00:00,4617.42,4625.01,0,2026-04-02 11:29:00+00:00,4617.42,stop_loss,-7.5900000000001455,False
-1,2026-04-02 11:45:00+00:00,2026-04-02 11:46:00+00:00,4609.14,breakout,4617.5,4584.060000000001,8.359999999999673,25.079999999999018,120,2026-04-02 13:46:00+00:00,4609.14,4617.5,0,2026-04-02 12:20:00+00:00,4617.5,stop_loss,-8.359999999999673,False
1,2026-04-02 12:30:00+00:00,2026-04-02 12:31:00+00:00,4618.67,breakout,4611.78,4639.340000000001,6.890000000000327,20.670000000000982,120,2026-04-02 14:31:00+00:00,4611.78,4618.67,0,2026-04-02 12:56:00+00:00,4611.78,stop_loss,-6.890000000000327,False
-1,2026-04-02 13:00:00+00:00,2026-04-02 13:01:00+00:00,4613.32,breakout,4620.08,4593.039999999999,6.760000000000218,20.280000000000655,120,2026-04-02 15:01:00+00:00,4613.32,4620.08,0,2026-04-02 13:02:00+00:00,4593.039999999999,target_hit,20.280000000000655,True
-1,2026-04-02 13:15:00+00:00,2026-04-02 13:24:00+00:00,4580.46,breakout,4603.39,4511.669999999999,22.93000000000029,68.79000000000087,120,2026-04-02 15:24:00+00:00,4580.46,4603.39,0,2026-04-02 13:30:00+00:00,4603.39,stop_loss,-22.93000000000029,False
1,2026-04-02 13:30:00+00:00,2026-04-02 13:31:00+00:00,4595.35,breakout,4586.15,4622.950000000003,9.200000000000728,27.600000000002183,120,2026-04-02 15:31:00+00:00,4586.15,4595.35,0,2026-04-02 13:40:00+00:00,4586.15,stop_loss,-9.200000000000728,False
1,2026-04-02 13:45:00+00:00,2026-04-02 13:46:00+00:00,4603.42,breakout,4596.63,4623.79,6.789999999999964,20.36999999999989,120,2026-04-02 15:46:00+00:00,4596.63,4603.42,0,2026-04-02 13:48:00+00:00,4623.79,target_hit,20.36999999999989,True
1,2026-04-02 14:00:00+00:00,2026-04-02 14:01:00+00:00,4614.36,breakout,4603.6,4646.639999999998,10.759999999999309,32.279999999997926,120,2026-04-02 16:01:00+00:00,4603.6,4614.36,0,2026-04-02 14:06:00+00:00,4646.639999999998,target_hit,32.279999999997926,True
1,2026-04-02 14:30:00+00:00,2026-04-02 14:31:00+00:00,4654.92,breakout,4645.03,4684.590000000001,9.890000000000327,29.670000000000982,120,2026-04-02 16:31:00+00:00,4645.03,4654.92,0,2026-04-02 14:35:00+00:00,4684.590000000001,target_hit,29.670000000000982,True
1,2026-04-02 14:45:00+00:00,2026-04-02 14:46:00+00:00,4666.84,breakout,4660.2,4686.760000000001,6.640000000000327,19.920000000000982,120,2026-04-02 16:46:00+00:00,4660.2,4666.84,0,2026-04-02 14:47:00+00:00,4686.760000000001,target_hit,19.920000000000982,True
-1,2026-04-02 15:00:00+00:00,2026-04-02 15:01:00+00:00,4687.69,breakout,4694.11,4668.429999999999,6.420000000000073,19.26000000000022,120,2026-04-02 17:01:00+00:00,4687.69,4694.11,0,2026-04-02 15:08:00+00:00,4668.429999999999,target_hit,19.26000000000022,True
-1,2026-04-02 15:15:00+00:00,2026-04-02 15:17:00+00:00,4674.92,breakout,4685.16,4644.200000000001,10.239999999999782,30.719999999999345,120,2026-04-02 18:00:00+00:00,4674.92,4685.16,1,2026-04-02 16:20:00+00:00,4644.200000000001,target_hit,30.719999999999345,True
1,2026-04-02 16:45:00+00:00,2026-04-02 16:46:00+00:00,4662.5,breakout,4653.8,4688.599999999999,8.699999999999818,26.099999999999454,120,2026-04-02 19:15:00+00:00,4653.8,4662.5,2,2026-04-02 17:28:00+00:00,4653.8,stop_loss,-8.699999999999818,False
-1,2026-04-02 17:30:00+00:00,2026-04-02 17:31:00+00:00,4659.92,breakout,4665.05,4644.53,5.130000000000109,15.390000000000327,120,2026-04-02 20:00:00+00:00,4659.92,4665.05,2,2026-04-02 18:46:00+00:00,4665.05,stop_loss,-5.130000000000109,False
1,2026-04-02 18:45:00+00:00,2026-04-02 18:46:00+00:00,4657.81,breakout,4651.94,4675.420000000003,5.8700000000008,17.6100000000024,120,2026-04-02 21:00:00+00:00,4651.94,4657.81,1,2026-04-02 19:02:00+00:00,4675.420000000003,target_hit,17.6100000000024,True
1,2026-04-02 19:15:00+00:00,2026-04-02 19:17:00+00:00,4672.79,breakout,4667.82,4687.700000000001,4.970000000000255,14.910000000000764,120,2026-04-02 21:17:00+00:00,4667.82,4672.79,0,2026-04-02 19:20:00+00:00,4667.82,stop_loss,-4.970000000000255,False
-1,2026-04-02 19:30:00+00:00,2026-04-02 19:31:00+00:00,4670.57,breakout,4675.85,4654.729999999998,5.280000000000655,15.840000000001965,120,2026-04-02 21:31:00+00:00,4670.57,4675.85,0,2026-04-02 19:55:00+00:00,4675.85,stop_loss,-5.280000000000655,False
1,2026-04-06 07:00:00+00:00,2026-04-06 07:01:00+00:00,4665.12,breakout,4655.6,4693.6799999999985,9.519999999999527,28.55999999999858,120,2026-04-06 09:01:00+00:00,4655.6,4665.12,0,2026-04-06 07:10:00+00:00,4655.6,stop_loss,-9.519999999999527,False
-1,2026-04-06 07:15:00+00:00,2026-04-06 07:16:00+00:00,4652.79,breakout,4657.3,4639.259999999999,4.510000000000218,13.530000000000655,120,2026-04-06 09:30:00+00:00,4652.79,4657.3,1,2026-04-06 07:37:00+00:00,4657.3,stop_loss,-4.510000000000218,False
1,2026-04-06 07:45:00+00:00,2026-04-06 07:46:00+00:00,4665.01,breakout,4658.59,4684.27,6.420000000000073,19.26000000000022,120,2026-04-06 09:46:00+00:00,4658.59,4665.01,0,2026-04-06 07:54:00+00:00,4684.27,target_hit,19.26000000000022,True
1,2026-04-06 08:00:00+00:00,2026-04-06 08:01:00+00:00,4672.55,breakout,4665.21,4694.570000000001,7.3400000000001455,22.020000000000437,120,2026-04-06 10:01:00+00:00,4665.21,4672.55,0,2026-04-06 08:04:00+00:00,4694.570000000001,target_hit,22.020000000000437,True
1,2026-04-06 08:15:00+00:00,2026-04-06 08:25:00+00:00,4694.69,breakout,4687.19,4717.19,7.5,22.5,120,2026-04-06 10:30:00+00:00,4687.19,4694.69,1,2026-04-06 10:14:00+00:00,4687.19,stop_loss,-7.5,False
-1,2026-04-06 10:45:00+00:00,2026-04-06 10:46:00+00:00,4689.14,breakout,4693.76,4675.280000000001,4.619999999999891,13.859999999999673,120,2026-04-06 12:46:00+00:00,4689.14,4693.76,0,2026-04-06 10:48:00+00:00,4693.76,stop_loss,-4.619999999999891,False
-1,2026-04-06 12:15:00+00:00,2026-04-06 12:16:00+00:00,4680.15,breakout,4684.92,4665.839999999998,4.770000000000437,14.31000000000131,120,2026-04-06 14:16:00+00:00,4680.15,4684.92,0,2026-04-06 12:21:00+00:00,4665.839999999998,target_hit,14.31000000000131,True
1,2026-04-06 12:45:00+00:00,2026-04-06 12:46:00+00:00,4673.0,breakout,4667.91,4688.27,5.0900000000001455,15.270000000000437,120,2026-04-06 15:00:00+00:00,4667.91,4673.0,1,2026-04-06 13:05:00+00:00,4667.91,stop_loss,-5.0900000000001455,False
-1,2026-04-06 13:15:00+00:00,2026-04-06 13:21:00+00:00,4661.82,breakout,4668.43,4641.989999999998,6.610000000000582,19.830000000001746,120,2026-04-06 15:21:00+00:00,4661.82,4668.43,0,2026-04-06 13:22:00+00:00,4668.43,stop_loss,-6.610000000000582,False
-1,2026-04-06 13:30:00+00:00,2026-04-06 13:32:00+00:00,4663.9,breakout,4668.47,4650.189999999998,4.5700000000006185,13.710000000001855,120,2026-04-06 15:32:00+00:00,4663.9,4668.47,0,2026-04-06 13:33:00+00:00,4668.47,stop_loss,-4.5700000000006185,False
1,2026-04-06 13:45:00+00:00,2026-04-06 13:46:00+00:00,4675.94,breakout,4668.26,4698.979999999998,7.6799999999993815,23.039999999998145,120,2026-04-06 15:46:00+00:00,4668.26,4675.94,0,2026-04-06 13:48:00+00:00,4668.26,stop_loss,-7.6799999999993815,False
1,2026-04-06 14:00:00+00:00,2026-04-06 14:01:00+00:00,4676.88,breakout,4667.37,4705.410000000001,9.510000000000218,28.530000000000655,120,2026-04-06 16:01:00+00:00,4667.37,4676.88,0,2026-04-06 14:05:00+00:00,4667.37,stop_loss,-9.510000000000218,False
-1,2026-04-06 14:15:00+00:00,2026-04-06 14:16:00+00:00,4674.57,breakout,4680.84,4655.759999999998,6.270000000000437,18.81000000000131,120,2026-04-06 16:16:00+00:00,4674.57,4680.84,0,2026-04-06 14:19:00+00:00,4680.84,stop_loss,-6.270000000000437,False
1,2026-04-06 14:30:00+00:00,2026-04-06 14:31:00+00:00,4678.15,breakout,4672.23,4695.91,5.920000000000073,17.76000000000022,120,2026-04-06 16:31:00+00:00,4672.23,4678.15,0,2026-04-06 14:35:00+00:00,4695.91,target_hit,17.76000000000022,True
-1,2026-04-06 15:00:00+00:00,2026-04-06 15:01:00+00:00,4678.85,breakout,4685.82,4657.940000000002,6.969999999999345,20.909999999998035,120,2026-04-06 17:01:00+00:00,4678.85,4685.82,0,2026-04-06 15:15:00+00:00,4657.940000000002,target_hit,20.909999999998035,True
-1,2026-04-06 15:15:00+00:00,2026-04-06 15:16:00+00:00,4678.43,breakout,4685.0,4658.720000000001,6.569999999999709,19.709999999999127,120,2026-04-06 17:16:00+00:00,4678.43,4685.0,0,2026-04-06 15:17:00+00:00,4658.720000000001,target_hit,19.709999999999127,True
-1,2026-04-06 15:30:00+00:00,2026-04-06 15:38:00+00:00,4655.13,breakout,4664.73,4626.330000000002,9.599999999999454,28.799999999998363,120,2026-04-06 17:45:00+00:00,4655.13,4664.73,1,2026-04-06 15:46:00+00:00,4664.73,stop_loss,-9.599999999999454,False
-1,2026-04-06 15:45:00+00:00,2026-04-06 15:46:00+00:00,4663.18,breakout,4668.65,4646.770000000002,5.469999999999345,16.409999999998035,120,2026-04-06 17:46:00+00:00,4663.18,4668.65,0,2026-04-06 15:59:00+00:00,4668.65,stop_loss,-5.469999999999345,False
1,2026-04-06 16:00:00+00:00,2026-04-06 16:01:00+00:00,4664.89,breakout,4659.77,4680.25,5.119999999999891,15.359999999999673,120,2026-04-06 18:01:00+00:00,4659.77,4664.89,0,2026-04-06 16:56:00+00:00,4659.77,stop_loss,-5.119999999999891,False
-1,2026-04-06 17:30:00+00:00,2026-04-06 17:31:00+00:00,4655.06,breakout,4661.0,4637.240000000002,5.9399999999996,17.8199999999988,120,2026-04-06 19:31:00+00:00,4655.06,4661.0,0,2026-04-06 18:10:00+00:00,4661.0,stop_loss,-5.9399999999996,False
-1,2026-04-06 18:45:00+00:00,2026-04-06 18:52:00+00:00,4649.39,breakout,4654.5,4634.060000000001,5.109999999999673,15.329999999999018,120,2026-04-06 20:52:00+00:00,4649.39,4654.5,0,2026-04-06 18:56:00+00:00,4654.5,stop_loss,-5.109999999999673,False
1,2026-04-06 19:00:00+00:00,2026-04-06 19:01:00+00:00,4658.33,breakout,4648.89,4686.649999999999,9.4399999999996,28.3199999999988,120,2026-04-06 21:01:00+00:00,4648.89,4658.33,0,2026-04-06 19:17:00+00:00,4648.89,stop_loss,-9.4399999999996,False
-1,2026-04-07 07:30:00+00:00,2026-04-07 07:31:00+00:00,4638.16,breakout,4648.31,4607.709999999998,10.150000000000546,30.450000000001637,120,2026-04-07 09:31:00+00:00,4638.16,4648.31,0,2026-04-07 08:01:00+00:00,4648.31,stop_loss,-10.150000000000546,False
1,2026-04-07 08:15:00+00:00,2026-04-07 08:16:00+00:00,4661.15,breakout,4648.46,4699.219999999998,12.6899999999996,38.0699999999988,120,2026-04-07 12:00:00+00:00,4648.46,4661.15,3,2026-04-07 11:02:00+00:00,4648.46,stop_loss,-12.6899999999996,False
-1,2026-04-07 11:15:00+00:00,2026-04-07 11:16:00+00:00,4645.52,breakout,4653.7,4620.980000000002,8.179999999999382,24.539999999998145,120,2026-04-07 13:30:00+00:00,4645.52,4653.7,1,2026-04-07 11:37:00+00:00,4653.7,stop_loss,-8.179999999999382,False
1,2026-04-07 11:45:00+00:00,2026-04-07 11:46:00+00:00,4652.15,breakout,4646.23,4669.91,5.920000000000073,17.76000000000022,120,2026-04-07 13:46:00+00:00,4646.23,4652.15,0,2026-04-07 12:24:00+00:00,4669.91,target_hit,17.76000000000022,True
1,2026-04-07 12:30:00+00:00,2026-04-07 12:31:00+00:00,4663.87,breakout,4656.74,4685.26,7.130000000000109,21.390000000000327,120,2026-04-07 14:31:00+00:00,4656.74,4663.87,0,2026-04-07 12:44:00+00:00,4656.74,stop_loss,-7.130000000000109,False
1,2026-04-07 13:15:00+00:00,2026-04-07 13:16:00+00:00,4654.95,breakout,4647.65,4676.85,7.300000000000182,21.900000000000546,120,2026-04-07 15:30:00+00:00,4647.65,4654.95,1,2026-04-07 13:34:00+00:00,4647.65,stop_loss,-7.300000000000182,False
-1,2026-04-07 13:45:00+00:00,2026-04-07 13:46:00+00:00,4648.88,breakout,4658.51,4619.99,9.63000000000011,28.890000000000327,120,2026-04-07 15:46:00+00:00,4648.88,4658.51,0,2026-04-07 14:06:00+00:00,4619.99,target_hit,28.890000000000327,True
-1,2026-04-07 14:15:00+00:00,2026-04-07 14:16:00+00:00,4637.04,breakout,4645.71,4611.03,8.670000000000073,26.01000000000022,120,2026-04-07 16:16:00+00:00,4637.04,4645.71,0,2026-04-07 14:18:00+00:00,4611.03,target_hit,26.01000000000022,True
1,2026-04-07 14:45:00+00:00,2026-04-07 14:46:00+00:00,4648.98,breakout,4643.23,4666.23,5.75,17.25,120,2026-04-07 16:46:00+00:00,4643.23,4648.98,0,2026-04-07 14:51:00+00:00,4643.23,stop_loss,-5.75,False
-1,2026-04-07 15:00:00+00:00,2026-04-07 15:01:00+00:00,4643.61,breakout,4650.03,4624.349999999999,6.420000000000073,19.26000000000022,120,2026-04-07 17:01:00+00:00,4643.61,4650.03,0,2026-04-07 15:05:00+00:00,4624.349999999999,target_hit,19.26000000000022,True
1,2026-04-07 15:30:00+00:00,2026-04-07 15:31:00+00:00,4653.76,breakout,4639.95,4695.190000000001,13.8100000000004,41.4300000000012,120,2026-04-07 17:31:00+00:00,4639.95,4653.76,0,2026-04-07 15:41:00+00:00,4639.95,stop_loss,-13.8100000000004,False
-1,2026-04-07 15:45:00+00:00,2026-04-07 15:46:00+00:00,4647.31,breakout,4655.39,4623.070000000001,8.079999999999927,24.23999999999978,120,2026-04-07 17:46:00+00:00,4647.31,4655.39,0,2026-04-07 15:55:00+00:00,4655.39,stop_loss,-8.079999999999927,False
1,2026-04-07 16:00:00+00:00,2026-04-07 16:01:00+00:00,4651.14,breakout,4645.9,4666.860000000002,5.240000000000691,15.720000000002074,120,2026-04-07 18:01:00+00:00,4645.9,4651.14,0,2026-04-07 16:03:00+00:00,4666.860000000002,target_hit,15.720000000002074,True
1,2026-04-07 16:15:00+00:00,2026-04-07 16:23:00+00:00,4663.14,breakout,4655.12,4687.200000000002,8.020000000000437,24.06000000000131,120,2026-04-07 18:23:00+00:00,4655.12,4663.14,0,2026-04-07 16:24:00+00:00,4655.12,stop_loss,-8.020000000000437,False
1,2026-04-07 16:30:00+00:00,2026-04-07 16:31:00+00:00,4663.57,breakout,4657.72,4681.119999999998,5.849999999999454,17.549999999998363,120,2026-04-07 18:31:00+00:00,4657.72,4663.57,0,2026-04-07 16:32:00+00:00,4657.72,stop_loss,-5.849999999999454,False
1,2026-04-07 17:45:00+00:00,2026-04-07 17:46:00+00:00,4665.41,breakout,4659.88,4681.999999999999,5.529999999999745,16.589999999999236,120,2026-04-07 20:00:00+00:00,4659.88,4665.41,1,2026-04-07 18:12:00+00:00,4681.999999999999,target_hit,16.589999999999236,True
1,2026-04-07 18:15:00+00:00,2026-04-07 18:16:00+00:00,4680.87,breakout,4675.79,4696.11,5.079999999999927,15.239999999999782,120,2026-04-07 20:16:00+00:00,4675.79,4680.87,0,2026-04-07 18:48:00+00:00,4675.79,stop_loss,-5.079999999999927,False
-1,2026-04-07 19:00:00+00:00,2026-04-07 19:01:00+00:00,4669.68,breakout,4674.95,4653.870000000002,5.269999999999527,15.809999999998581,120,2026-04-07 21:01:00+00:00,4669.68,4674.95,0,2026-04-07 19:18:00+00:00,4674.95,stop_loss,-5.269999999999527,False
1,2026-04-07 19:30:00+00:00,2026-04-07 19:31:00+00:00,4682.57,breakout,4668.4,4725.08,14.170000000000073,42.51000000000022,120,2026-04-07 21:45:00+00:00,4668.4,4682.57,1,2026-04-07 22:01:00+00:00,4725.08,target_hit,42.51000000000022,True
-1,2026-04-08 07:15:00+00:00,2026-04-08 07:16:00+00:00,4816.04,breakout,4821.48,4799.720000000001,5.4399999999996,16.3199999999988,120,2026-04-08 09:16:00+00:00,4816.04,4821.48,0,2026-04-08 07:26:00+00:00,4821.48,stop_loss,-5.4399999999996,False
1,2026-04-08 08:00:00+00:00,2026-04-08 08:01:00+00:00,4813.64,breakout,4808.05,4830.410000000001,5.5900000000001455,16.770000000000437,120,2026-04-08 10:15:00+00:00,4808.05,4813.64,1,2026-04-08 08:24:00+00:00,4808.05,stop_loss,-5.5900000000001455,False
-1,2026-04-08 08:30:00+00:00,2026-04-08 08:31:00+00:00,4806.54,breakout,4812.0,4790.16,5.460000000000036,16.38000000000011,120,2026-04-08 11:30:00+00:00,4806.54,4812.0,1,2026-04-08 09:43:00+00:00,4790.16,target_hit,16.38000000000011,True
-1,2026-04-08 09:45:00+00:00,2026-04-08 09:46:00+00:00,4790.86,breakout,4794.97,4778.529999999998,4.110000000000582,12.330000000001746,120,2026-04-08 11:46:00+00:00,4790.86,4794.97,0,2026-04-08 09:47:00+00:00,4778.529999999998,target_hit,12.330000000001746,True
1,2026-04-08 10:00:00+00:00,2026-04-08 10:01:00+00:00,4784.74,breakout,4778.1,4804.659999999998,6.639999999999418,19.919999999998254,120,2026-04-08 12:15:00+00:00,4778.1,4784.74,1,2026-04-08 10:16:00+00:00,4778.1,stop_loss,-6.639999999999418,False
1,2026-04-08 10:45:00+00:00,2026-04-08 10:46:00+00:00,4793.12,breakout,4788.35,4807.4299999999985,4.769999999999527,14.309999999998581,120,2026-04-08 12:46:00+00:00,4788.35,4793.12,0,2026-04-08 10:55:00+00:00,4788.35,stop_loss,-4.769999999999527,False
-1,2026-04-08 11:00:00+00:00,2026-04-08 11:01:00+00:00,4789.8,breakout,4796.42,4769.9400000000005,6.619999999999891,19.859999999999673,120,2026-04-08 13:15:00+00:00,4789.8,4796.42,1,2026-04-08 11:27:00+00:00,4796.42,stop_loss,-6.619999999999891,False
-1,2026-04-08 11:30:00+00:00,2026-04-08 11:35:00+00:00,4784.09,breakout,4788.08,4772.120000000001,3.9899999999997817,11.969999999999345,120,2026-04-08 13:35:00+00:00,4784.09,4788.08,0,2026-04-08 11:42:00+00:00,4788.08,stop_loss,-3.9899999999997817,False
-1,2026-04-08 12:30:00+00:00,2026-04-08 12:31:00+00:00,4792.19,breakout,4802.55,4761.109999999998,10.360000000000582,31.080000000001746,120,2026-04-08 14:31:00+00:00,4792.19,4802.55,0,2026-04-08 12:55:00+00:00,4802.55,stop_loss,-10.360000000000582,False
-1,2026-04-08 13:00:00+00:00,2026-04-08 13:10:00+00:00,4795.13,breakout,4800.7,4778.420000000001,5.569999999999709,16.709999999999127,120,2026-04-08 15:30:00+00:00,4795.13,4800.7,1,2026-04-08 13:33:00+00:00,4778.420000000001,target_hit,16.709999999999127,True
-1,2026-04-08 13:45:00+00:00,2026-04-08 13:46:00+00:00,4785.87,breakout,4795.41,4757.25,9.539999999999964,28.61999999999989,120,2026-04-08 15:46:00+00:00,4785.87,4795.41,0,2026-04-08 14:31:00+00:00,4757.25,target_hit,28.61999999999989,True
-1,2026-04-08 14:45:00+00:00,2026-04-08 14:46:00+00:00,4760.95,breakout,4769.47,4735.3899999999985,8.520000000000437,25.56000000000131,120,2026-04-08 16:46:00+00:00,4760.95,4769.47,0,2026-04-08 14:56:00+00:00,4735.3899999999985,target_hit,25.56000000000131,True
-1,2026-04-08 15:00:00+00:00,2026-04-08 15:01:00+00:00,4754.2,breakout,4760.18,4736.259999999998,5.980000000000473,17.94000000000142,120,2026-04-08 17:01:00+00:00,4754.2,4760.18,0,2026-04-08 15:10:00+00:00,4736.259999999998,target_hit,17.94000000000142,True
1,2026-04-08 15:15:00+00:00,2026-04-08 15:16:00+00:00,4746.49,breakout,4735.52,4779.399999999998,10.969999999999345,32.909999999998035,120,2026-04-08 18:45:00+00:00,4735.52,4746.49,2,2026-04-08 17:48:00+00:00,4735.52,stop_loss,-10.969999999999345,False
-1,2026-04-08 18:00:00+00:00,2026-04-08 18:01:00+00:00,4737.05,breakout,4741.66,4723.220000000001,4.609999999999673,13.829999999999018,120,2026-04-08 20:01:00+00:00,4737.05,4741.66,0,2026-04-08 18:05:00+00:00,4741.66,stop_loss,-4.609999999999673,False
-1,2026-04-08 18:30:00+00:00,2026-04-08 18:38:00+00:00,4716.27,breakout,4742.51,4637.550000000001,26.23999999999978,78.71999999999935,120,2026-04-08 20:45:00+00:00,4716.27,4742.51,1,2026-04-08 20:45:00+00:00,4723.82,timeout,-7.549999999999272,False
1,2026-04-09 07:15:00+00:00,2026-04-09 07:16:00+00:00,4716.01,breakout,4708.62,4738.180000000001,7.390000000000327,22.170000000000982,120,2026-04-09 09:16:00+00:00,4708.62,4716.01,0,2026-04-09 07:27:00+00:00,4708.62,stop_loss,-7.390000000000327,False
-1,2026-04-09 07:30:00+00:00,2026-04-09 07:31:00+00:00,4717.99,breakout,4722.58,4704.219999999999,4.5900000000001455,13.770000000000437,120,2026-04-09 09:31:00+00:00,4717.99,4722.58,0,2026-04-09 07:34:00+00:00,4722.58,stop_loss,-4.5900000000001455,False
1,2026-04-09 07:45:00+00:00,2026-04-09 07:46:00+00:00,4715.35,breakout,4708.73,4735.210000000003,6.6200000000008,19.8600000000024,120,2026-04-09 10:45:00+00:00,4708.73,4715.35,1,2026-04-09 10:24:00+00:00,4735.210000000003,target_hit,19.8600000000024,True
1,2026-04-09 10:30:00+00:00,2026-04-09 10:31:00+00:00,4739.5,breakout,4732.07,4761.790000000001,7.430000000000291,22.290000000000873,120,2026-04-09 15:00:00+00:00,4732.07,4739.5,4,2026-04-09 13:35:00+00:00,4761.790000000001,target_hit,22.290000000000873,True
1,2026-04-09 13:45:00+00:00,2026-04-09 13:46:00+00:00,4756.31,breakout,4750.17,4774.730000000001,6.140000000000327,18.420000000000982,120,2026-04-09 15:46:00+00:00,4750.17,4756.31,0,2026-04-09 14:04:00+00:00,4774.730000000001,target_hit,18.420000000000982,True
1,2026-04-09 14:15:00+00:00,2026-04-09 14:16:00+00:00,4766.95,breakout,4762.07,4781.59,4.880000000000109,14.640000000000327,120,2026-04-09 16:16:00+00:00,4762.07,4766.95,0,2026-04-09 14:18:00+00:00,4762.07,stop_loss,-4.880000000000109,False
-1,2026-04-09 14:30:00+00:00,2026-04-09 14:31:00+00:00,4765.68,breakout,4772.47,4745.31,6.789999999999964,20.36999999999989,120,2026-04-09 16:45:00+00:00,4765.68,4772.47,1,2026-04-09 15:15:00+00:00,4772.47,stop_loss,-6.789999999999964,False
1,2026-04-09 15:30:00+00:00,2026-04-09 15:31:00+00:00,4776.32,breakout,4769.12,4797.919999999999,7.199999999999818,21.599999999999454,120,2026-04-09 17:31:00+00:00,4769.12,4776.32,0,2026-04-09 15:37:00+00:00,4797.919999999999,target_hit,21.599999999999454,True
1,2026-04-09 15:45:00+00:00,2026-04-09 15:46:00+00:00,4791.54,breakout,4780.75,4823.91,10.789999999999964,32.36999999999989,120,2026-04-09 20:00:00+00:00,4780.75,4791.54,3,2026-04-09 18:14:00+00:00,4780.75,stop_loss,-10.789999999999964,False
-1,2026-04-09 18:15:00+00:00,2026-04-09 18:16:00+00:00,4789.84,breakout,4795.23,4773.670000000002,5.389999999999418,16.169999999998254,120,2026-04-09 20:30:00+00:00,4789.84,4795.23,1,2026-04-09 18:32:00+00:00,4773.670000000002,target_hit,16.169999999998254,True
-1,2026-04-09 18:45:00+00:00,2026-04-09 18:46:00+00:00,4777.08,breakout,4782.42,4761.0599999999995,5.3400000000001455,16.020000000000437,120,2026-04-09 20:46:00+00:00,4777.08,4782.42,0,2026-04-09 19:10:00+00:00,4782.42,stop_loss,-5.3400000000001455,False
1,2026-04-09 19:30:00+00:00,2026-04-09 19:31:00+00:00,4776.71,breakout,4772.87,4788.2300000000005,3.8400000000001455,11.520000000000437,120,2026-04-09 21:31:00+00:00,4772.87,4776.71,0,2026-04-09 19:33:00+00:00,4772.87,stop_loss,-3.8400000000001455,False
-1,2026-04-10 07:00:00+00:00,2026-04-10 07:01:00+00:00,4750.42,breakout,4754.46,4738.3,4.039999999999964,12.11999999999989,120,2026-04-10 09:01:00+00:00,4750.42,4754.46,0,2026-04-10 07:23:00+00:00,4754.46,stop_loss,-4.039999999999964,False
-1,2026-04-10 08:15:00+00:00,2026-04-10 08:16:00+00:00,4748.64,breakout,4753.59,4733.790000000001,4.949999999999818,14.849999999999454,120,2026-04-10 10:30:00+00:00,4748.64,4753.59,1,2026-04-10 08:47:00+00:00,4733.790000000001,target_hit,14.849999999999454,True
-1,2026-04-10 10:15:00+00:00,2026-04-10 10:16:00+00:00,4747.88,breakout,4751.64,4736.599999999999,3.7600000000002183,11.280000000000655,120,2026-04-10 12:16:00+00:00,4747.88,4751.64,0,2026-04-10 10:19:00+00:00,4751.64,stop_loss,-3.7600000000002183,False
-1,2026-04-10 10:45:00+00:00,2026-04-10 10:46:00+00:00,4756.09,breakout,4760.49,4742.890000000001,4.399999999999636,13.199999999998909,120,2026-04-10 12:46:00+00:00,4756.09,4760.49,0,2026-04-10 11:23:00+00:00,4760.49,stop_loss,-4.399999999999636,False
-1,2026-04-10 13:15:00+00:00,2026-04-10 13:19:00+00:00,4768.12,breakout,4773.1,4753.1799999999985,4.980000000000473,14.940000000001419,120,2026-04-10 15:19:00+00:00,4768.12,4773.1,0,2026-04-10 13:20:00+00:00,4773.1,stop_loss,-4.980000000000473,False
-1,2026-04-10 13:45:00+00:00,2026-04-10 13:46:00+00:00,4770.56,breakout,4777.91,4748.510000000002,7.349999999999454,22.049999999998363,120,2026-04-10 15:46:00+00:00,4770.56,4777.91,0,2026-04-10 13:57:00+00:00,4777.91,stop_loss,-7.349999999999454,False
1,2026-04-10 14:15:00+00:00,2026-04-10 14:16:00+00:00,4780.64,breakout,4773.2,4802.960000000002,7.440000000000509,22.320000000001528,120,2026-04-10 16:30:00+00:00,4773.2,4780.64,1,2026-04-10 14:42:00+00:00,4773.2,stop_loss,-7.440000000000509,False
-1,2026-04-10 15:00:00+00:00,2026-04-10 15:01:00+00:00,4776.19,breakout,4781.3,4760.859999999998,5.110000000000582,15.330000000001746,120,2026-04-10 17:01:00+00:00,4776.19,4781.3,0,2026-04-10 15:10:00+00:00,4781.3,stop_loss,-5.110000000000582,False
1,2026-04-10 15:15:00+00:00,2026-04-10 15:16:00+00:00,4777.1,breakout,4772.46,4791.020000000001,4.640000000000327,13.920000000000982,120,2026-04-10 17:30:00+00:00,4772.46,4777.1,1,2026-04-10 15:35:00+00:00,4772.46,stop_loss,-4.640000000000327,False
-1,2026-04-10 15:45:00+00:00,2026-04-10 15:46:00+00:00,4769.89,breakout,4775.39,4753.39,5.5,16.5,120,2026-04-10 18:00:00+00:00,4769.89,4775.39,1,2026-04-10 16:04:00+00:00,4753.39,target_hit,16.5,True
1,2026-04-10 16:45:00+00:00,2026-04-10 16:50:00+00:00,4764.6,breakout,4757.07,4787.190000000002,7.530000000000655,22.590000000001965,120,2026-04-10 18:50:00+00:00,4757.07,4764.6,0,2026-04-10 18:03:00+00:00,4757.07,stop_loss,-7.530000000000655,False
-1,2026-04-10 18:45:00+00:00,2026-04-10 18:46:00+00:00,4768.45,breakout,4772.69,4755.7300000000005,4.239999999999782,12.719999999999345,120,2026-04-10 21:30:00+00:00,4768.45,4772.69,1,2026-04-10 20:03:00+00:00,4755.7300000000005,target_hit,12.719999999999345,True
1,2026-04-13 07:15:00+00:00,2026-04-13 07:16:00+00:00,4729.3,breakout,4725.69,4740.130000000002,3.610000000000582,10.830000000001746,120,2026-04-13 09:16:00+00:00,4725.69,4729.3,0,2026-04-13 07:51:00+00:00,4740.130000000002,target_hit,10.830000000001746,True
-1,2026-04-13 09:15:00+00:00,2026-04-13 09:16:00+00:00,4721.77,breakout,4726.94,4706.260000000003,5.169999999999163,15.50999999999749,120,2026-04-13 12:30:00+00:00,4721.77,4726.94,2,2026-04-13 11:05:00+00:00,4726.94,stop_loss,-5.169999999999163,False
-1,2026-04-13 11:15:00+00:00,2026-04-13 11:16:00+00:00,4723.1,breakout,4727.01,4711.370000000001,3.9099999999998545,11.729999999999563,120,2026-04-13 13:30:00+00:00,4723.1,4727.01,1,2026-04-13 11:38:00+00:00,4711.370000000001,target_hit,11.729999999999563,True
-1,2026-04-13 11:45:00+00:00,2026-04-13 11:46:00+00:00,4715.48,breakout,4720.23,4701.23,4.75,14.25,120,2026-04-13 13:46:00+00:00,4715.48,4720.23,0,2026-04-13 12:13:00+00:00,4720.23,stop_loss,-4.75,False
1,2026-04-13 12:15:00+00:00,2026-04-13 12:16:00+00:00,4709.58,breakout,4703.21,4728.69,6.369999999999891,19.109999999999673,120,2026-04-13 15:00:00+00:00,4703.21,4709.58,1,2026-04-13 13:01:00+00:00,4728.69,target_hit,19.109999999999673,True
1,2026-04-13 13:00:00+00:00,2026-04-13 13:01:00+00:00,4720.38,breakout,4715.3,4735.62,5.079999999999927,15.239999999999782,120,2026-04-13 15:01:00+00:00,4715.3,4720.38,0,2026-04-13 13:12:00+00:00,4735.62,target_hit,15.239999999999782,True
1,2026-04-13 13:15:00+00:00,2026-04-13 13:16:00+00:00,4729.91,breakout,4724.2,4747.04,5.710000000000036,17.13000000000011,120,2026-04-13 15:16:00+00:00,4724.2,4729.91,0,2026-04-13 13:41:00+00:00,4724.2,stop_loss,-5.710000000000036,False
-1,2026-04-13 14:00:00+00:00,2026-04-13 14:02:00+00:00,4722.82,breakout,4728.48,4705.84,5.6599999999998545,16.979999999999563,120,2026-04-13 16:02:00+00:00,4722.82,4728.48,0,2026-04-13 14:07:00+00:00,4728.48,stop_loss,-5.6599999999998545,False
-1,2026-04-13 14:15:00+00:00,2026-04-13 14:16:00+00:00,4726.39,breakout,4731.38,4711.420000000001,4.989999999999782,14.969999999999345,120,2026-04-13 16:16:00+00:00,4726.39,4731.38,0,2026-04-13 14:23:00+00:00,4711.420000000001,target_hit,14.969999999999345,True
-1,2026-04-13 14:30:00+00:00,2026-04-13 14:31:00+00:00,4721.17,breakout,4728.87,4698.070000000001,7.699999999999818,23.099999999999454,120,2026-04-13 17:30:00+00:00,4721.17,4728.87,4,2026-04-13 16:18:00+00:00,4728.87,stop_loss,-7.699999999999818,False
1,2026-04-13 16:30:00+00:00,2026-04-13 16:31:00+00:00,4723.35,breakout,4718.7,4737.300000000002,4.650000000000546,13.950000000001637,120,2026-04-13 18:31:00+00:00,4718.7,4723.35,0,2026-04-13 16:33:00+00:00,4737.300000000002,target_hit,13.950000000001637,True
1,2026-04-13 16:45:00+00:00,2026-04-13 16:46:00+00:00,4737.46,breakout,4728.68,4763.799999999999,8.779999999999745,26.339999999999236,120,2026-04-13 18:46:00+00:00,4728.68,4737.46,0,2026-04-13 17:07:00+00:00,4728.68,stop_loss,-8.779999999999745,False
-1,2026-04-13 17:15:00+00:00,2026-04-13 17:16:00+00:00,4730.46,breakout,4735.85,4714.289999999999,5.390000000000327,16.170000000000982,120,2026-04-13 19:16:00+00:00,4730.46,4735.85,0,2026-04-13 17:17:00+00:00,4735.85,stop_loss,-5.390000000000327,False
1,2026-04-13 17:30:00+00:00,2026-04-13 17:31:00+00:00,4737.21,breakout,4731.99,4752.870000000001,5.220000000000255,15.660000000000764,120,2026-04-13 19:45:00+00:00,4731.99,4737.21,1,2026-04-13 17:53:00+00:00,4731.99,stop_loss,-5.220000000000255,False
-1,2026-04-13 18:00:00+00:00,2026-04-13 18:01:00+00:00,4736.22,breakout,4743.51,4714.35,7.289999999999964,21.86999999999989,120,2026-04-13 20:01:00+00:00,4736.22,4743.51,0,2026-04-13 19:26:00+00:00,4743.51,stop_loss,-7.289999999999964,False
-1,2026-04-14 07:30:00+00:00,2026-04-14 07:31:00+00:00,4780.43,breakout,4787.33,4759.730000000001,6.899999999999636,20.69999999999891,120,2026-04-14 09:31:00+00:00,4780.43,4787.33,0,2026-04-14 08:30:00+00:00,4787.33,stop_loss,-6.899999999999636,False
1,2026-04-14 08:30:00+00:00,2026-04-14 08:31:00+00:00,4781.89,breakout,4777.31,4795.63,4.579999999999927,13.739999999999782,120,2026-04-14 10:31:00+00:00,4777.31,4781.89,0,2026-04-14 09:30:00+00:00,4777.31,stop_loss,-4.579999999999927,False
-1,2026-04-14 09:30:00+00:00,2026-04-14 09:31:00+00:00,4781.27,breakout,4786.11,4766.750000000003,4.839999999999236,14.519999999997708,120,2026-04-14 11:45:00+00:00,4781.27,4786.11,1,2026-04-14 10:19:00+00:00,4786.11,stop_loss,-4.839999999999236,False
-1,2026-04-14 10:45:00+00:00,2026-04-14 10:46:00+00:00,4776.3,breakout,4784.7,4751.100000000001,8.399999999999636,25.19999999999891,120,2026-04-14 15:00:00+00:00,4776.3,4784.7,2,2026-04-14 13:16:00+00:00,4784.7,stop_loss,-8.399999999999636,False
1,2026-04-14 13:15:00+00:00,2026-04-14 13:16:00+00:00,4776.19,breakout,4770.96,4791.879999999998,5.229999999999563,15.68999999999869,120,2026-04-14 15:16:00+00:00,4770.96,4776.19,0,2026-04-14 13:24:00+00:00,4791.879999999998,target_hit,15.68999999999869,True
-1,2026-04-14 13:30:00+00:00,2026-04-14 13:31:00+00:00,4783.95,breakout,4788.42,4770.539999999999,4.470000000000255,13.410000000000764,120,2026-04-14 15:31:00+00:00,4783.95,4788.42,0,2026-04-14 13:33:00+00:00,4788.42,stop_loss,-4.470000000000255,False
1,2026-04-14 13:45:00+00:00,2026-04-14 13:46:00+00:00,4789.9,breakout,4784.68,4805.559999999998,5.219999999999345,15.659999999998035,120,2026-04-14 16:15:00+00:00,4784.68,4789.9,1,2026-04-14 14:19:00+00:00,4805.559999999998,target_hit,15.659999999998035,True
1,2026-04-14 14:30:00+00:00,2026-04-14 14:31:00+00:00,4802.51,breakout,4796.09,4821.77,6.420000000000073,19.26000000000022,120,2026-04-14 16:31:00+00:00,4796.09,4802.51,0,2026-04-14 14:45:00+00:00,4796.09,stop_loss,-6.420000000000073,False
-1,2026-04-14 14:45:00+00:00,2026-04-14 14:46:00+00:00,4806.03,breakout,4811.82,4788.66,5.789999999999964,17.36999999999989,120,2026-04-14 17:15:00+00:00,4806.03,4811.82,1,2026-04-14 15:36:00+00:00,4811.82,stop_loss,-5.789999999999964,False
1,2026-04-14 15:45:00+00:00,2026-04-14 15:46:00+00:00,4808.87,breakout,4801.83,4829.99,7.039999999999964,21.11999999999989,120,2026-04-14 18:30:00+00:00,4801.83,4808.87,2,2026-04-14 17:07:00+00:00,4829.99,target_hit,21.11999999999989,True
1,2026-04-14 17:15:00+00:00,2026-04-14 17:16:00+00:00,4818.28,breakout,4810.59,4841.3499999999985,7.6899999999996,23.0699999999988,120,2026-04-14 19:16:00+00:00,4810.59,4818.28,0,2026-04-14 17:40:00+00:00,4841.3499999999985,target_hit,23.0699999999988,True
1,2026-04-14 17:45:00+00:00,2026-04-14 17:46:00+00:00,4830.03,breakout,4826.58,4840.379999999999,3.449999999999818,10.349999999999454,120,2026-04-14 19:46:00+00:00,4826.58,4830.03,0,2026-04-14 18:08:00+00:00,4840.379999999999,target_hit,10.349999999999454,True
-1,2026-04-14 18:15:00+00:00,2026-04-14 18:19:00+00:00,4837.0,breakout,4843.58,4817.26,6.579999999999927,19.73999999999978,120,2026-04-14 20:19:00+00:00,4837.0,4843.58,0,2026-04-14 19:31:00+00:00,4843.58,stop_loss,-6.579999999999927,False
1,2026-04-15 07:30:00+00:00,2026-04-15 07:31:00+00:00,4811.4,breakout,4806.75,4825.3499999999985,4.649999999999636,13.949999999998909,120,2026-04-15 09:31:00+00:00,4806.75,4811.4,0,2026-04-15 07:46:00+00:00,4806.75,stop_loss,-4.649999999999636,False
-1,2026-04-15 07:45:00+00:00,2026-04-15 07:46:00+00:00,4808.63,breakout,4813.12,4795.160000000001,4.489999999999782,13.469999999999345,120,2026-04-15 10:15:00+00:00,4808.63,4813.12,1,2026-04-15 08:18:00+00:00,4813.12,stop_loss,-4.489999999999782,False
-1,2026-04-15 09:15:00+00:00,2026-04-15 09:16:00+00:00,4813.14,breakout,4819.1,4795.26,5.960000000000036,17.88000000000011,120,2026-04-15 11:16:00+00:00,4813.14,4819.1,0,2026-04-15 09:45:00+00:00,4795.26,target_hit,17.88000000000011,True
1,2026-04-15 10:00:00+00:00,2026-04-15 10:01:00+00:00,4796.85,breakout,4792.15,4810.950000000003,4.700000000000728,14.100000000002183,120,2026-04-15 12:01:00+00:00,4792.15,4796.85,0,2026-04-15 10:26:00+00:00,4792.15,stop_loss,-4.700000000000728,False
-1,2026-04-15 10:30:00+00:00,2026-04-15 10:31:00+00:00,4795.3,breakout,4801.57,4776.490000000002,6.269999999999527,18.80999999999858,120,2026-04-15 12:31:00+00:00,4795.3,4801.57,0,2026-04-15 10:45:00+00:00,4801.57,stop_loss,-6.269999999999527,False
1,2026-04-15 10:45:00+00:00,2026-04-15 10:46:00+00:00,4801.02,breakout,4795.51,4817.550000000001,5.510000000000218,16.530000000000655,120,2026-04-15 12:46:00+00:00,4795.51,4801.02,0,2026-04-15 11:02:00+00:00,4795.51,stop_loss,-5.510000000000218,False
1,2026-04-15 12:00:00+00:00,2026-04-15 12:01:00+00:00,4810.11,breakout,4805.44,4824.12,4.670000000000073,14.010000000000218,120,2026-04-15 14:01:00+00:00,4805.44,4810.11,0,2026-04-15 13:38:00+00:00,4824.12,target_hit,14.010000000000218,True
-1,2026-04-15 14:45:00+00:00,2026-04-15 14:46:00+00:00,4820.61,breakout,4825.81,4805.0099999999975,5.200000000000728,15.600000000002183,120,2026-04-15 16:46:00+00:00,4820.61,4825.81,0,2026-04-15 15:06:00+00:00,4805.0099999999975,target_hit,15.600000000002183,True
-1,2026-04-15 15:15:00+00:00,2026-04-15 15:16:00+00:00,4811.58,breakout,4815.81,4798.8899999999985,4.230000000000473,12.690000000001419,120,2026-04-15 17:16:00+00:00,4811.58,4815.81,0,2026-04-15 15:29:00+00:00,4798.8899999999985,target_hit,12.690000000001419,True
-1,2026-04-15 15:30:00+00:00,2026-04-15 15:31:00+00:00,4804.23,breakout,4809.03,4789.829999999999,4.800000000000182,14.400000000000546,120,2026-04-15 18:00:00+00:00,4804.23,4809.03,2,2026-04-15 16:13:00+00:00,4809.03,stop_loss,-4.800000000000182,False
-1,2026-04-15 16:45:00+00:00,2026-04-15 16:46:00+00:00,4806.78,breakout,4810.81,4794.689999999998,4.030000000000655,12.090000000001965,120,2026-04-15 19:30:00+00:00,4806.78,4810.81,1,2026-04-15 17:41:00+00:00,4794.689999999998,target_hit,12.090000000001965,True
1,2026-04-15 19:00:00+00:00,2026-04-15 19:05:00+00:00,4802.1,breakout,4796.96,4817.520000000001,5.140000000000327,15.420000000000982,120,2026-04-15 21:05:00+00:00,4796.96,4802.1,0,2026-04-15 19:42:00+00:00,4796.96,stop_loss,-5.140000000000327,False
1,2026-04-16 07:00:00+00:00,2026-04-16 07:04:00+00:00,4829.19,breakout,4824.74,4842.539999999999,4.449999999999818,13.349999999999454,120,2026-04-16 09:04:00+00:00,4824.74,4829.19,0,2026-04-16 07:12:00+00:00,4824.74,stop_loss,-4.449999999999818,False
-1,2026-04-16 07:15:00+00:00,2026-04-16 07:16:00+00:00,4825.19,breakout,4829.25,4813.009999999998,4.0600000000004,12.1800000000012,120,2026-04-16 09:16:00+00:00,4825.19,4829.25,0,2026-04-16 07:39:00+00:00,4829.25,stop_loss,-4.0600000000004,False
-1,2026-04-16 10:00:00+00:00,2026-04-16 10:02:00+00:00,4810.32,breakout,4814.62,4797.419999999999,4.300000000000182,12.900000000000546,120,2026-04-16 12:02:00+00:00,4810.32,4814.62,0,2026-04-16 10:03:00+00:00,4814.62,stop_loss,-4.300000000000182,False
-1,2026-04-16 10:15:00+00:00,2026-04-16 10:16:00+00:00,4811.2,breakout,4815.81,4797.369999999998,4.610000000000582,13.830000000001746,120,2026-04-16 12:16:00+00:00,4811.2,4815.81,0,2026-04-16 10:56:00+00:00,4815.81,stop_loss,-4.610000000000582,False
-1,2026-04-16 12:30:00+00:00,2026-04-16 12:31:00+00:00,4814.34,breakout,4818.85,4800.8099999999995,4.510000000000218,13.530000000000655,120,2026-04-16 14:31:00+00:00,4814.34,4818.85,0,2026-04-16 12:33:00+00:00,4818.85,stop_loss,-4.510000000000218,False
-1,2026-04-16 14:00:00+00:00,2026-04-16 14:01:00+00:00,4811.89,breakout,4819.45,4789.210000000002,7.559999999999491,22.679999999998472,120,2026-04-16 16:01:00+00:00,4811.89,4819.45,0,2026-04-16 14:04:00+00:00,4789.210000000002,target_hit,22.679999999998472,True
-1,2026-04-16 14:15:00+00:00,2026-04-16 14:22:00+00:00,4792.71,breakout,4798.09,4776.57,5.380000000000109,16.140000000000327,120,2026-04-16 16:22:00+00:00,4792.71,4798.09,0,2026-04-16 14:27:00+00:00,4798.09,stop_loss,-5.380000000000109,False
-1,2026-04-16 14:45:00+00:00,2026-04-16 14:46:00+00:00,4793.83,breakout,4799.18,4777.779999999999,5.350000000000364,16.05000000000109,120,2026-04-16 16:46:00+00:00,4793.83,4799.18,0,2026-04-16 15:03:00+00:00,4799.18,stop_loss,-5.350000000000364,False
1,2026-04-16 15:15:00+00:00,2026-04-16 15:16:00+00:00,4804.27,breakout,4798.99,4820.110000000002,5.280000000000655,15.840000000001965,120,2026-04-16 17:16:00+00:00,4798.99,4804.27,0,2026-04-16 15:36:00+00:00,4798.99,stop_loss,-5.280000000000655,False
1,2026-04-16 15:45:00+00:00,2026-04-16 15:46:00+00:00,4806.59,breakout,4798.03,4832.270000000001,8.5600000000004,25.6800000000012,120,2026-04-16 17:46:00+00:00,4798.03,4806.59,0,2026-04-16 16:24:00+00:00,4798.03,stop_loss,-8.5600000000004,False
-1,2026-04-16 16:45:00+00:00,2026-04-16 16:48:00+00:00,4786.49,breakout,4797.34,4753.939999999999,10.850000000000364,32.55000000000109,120,2026-04-16 19:45:00+00:00,4786.49,4797.34,3,2026-04-16 19:42:00+00:00,4797.34,stop_loss,-10.850000000000364,False
-1,2026-04-17 07:45:00+00:00,2026-04-17 07:46:00+00:00,4788.37,breakout,4792.72,4775.319999999999,4.350000000000364,13.050000000001091,120,2026-04-17 09:46:00+00:00,4788.37,4792.72,0,2026-04-17 08:41:00+00:00,4792.72,stop_loss,-4.350000000000364,False
1,2026-04-17 12:15:00+00:00,2026-04-17 12:16:00+00:00,4803.52,breakout,4799.4,4815.880000000003,4.1200000000008,12.360000000002401,120,2026-04-17 14:16:00+00:00,4799.4,4803.52,0,2026-04-17 12:25:00+00:00,4815.880000000003,target_hit,12.360000000002401,True
1,2026-04-17 12:30:00+00:00,2026-04-17 12:31:00+00:00,4812.42,breakout,4807.81,4826.249999999999,4.609999999999673,13.829999999999018,120,2026-04-17 14:31:00+00:00,4807.81,4812.42,0,2026-04-17 12:45:00+00:00,4826.249999999999,target_hit,13.829999999999018,True
1,2026-04-17 13:00:00+00:00,2026-04-17 13:01:00+00:00,4828.18,breakout,4821.56,4848.04,6.619999999999891,19.859999999999673,120,2026-04-17 15:01:00+00:00,4821.56,4828.18,0,2026-04-17 13:06:00+00:00,4848.04,target_hit,19.859999999999673,True
-1,2026-04-17 13:30:00+00:00,2026-04-17 13:31:00+00:00,4876.69,breakout,4884.58,4853.019999999999,7.890000000000327,23.670000000000982,120,2026-04-17 15:31:00+00:00,4876.69,4884.58,0,2026-04-17 13:32:00+00:00,4853.019999999999,target_hit,23.670000000000982,True
1,2026-04-17 13:45:00+00:00,2026-04-17 13:46:00+00:00,4857.23,breakout,4850.07,4878.709999999999,7.1599999999998545,21.479999999999563,120,2026-04-17 15:46:00+00:00,4850.07,4857.23,0,2026-04-17 13:54:00+00:00,4878.709999999999,target_hit,21.479999999999563,True
1,2026-04-17 14:00:00+00:00,2026-04-17 14:01:00+00:00,4867.73,breakout,4859.95,4891.069999999999,7.779999999999745,23.339999999999236,120,2026-04-17 17:30:00+00:00,4859.95,4867.73,3,2026-04-17 15:43:00+00:00,4859.95,stop_loss,-7.779999999999745,False
-1,2026-04-17 17:15:00+00:00,2026-04-17 17:24:00+00:00,4857.74,breakout,4866.5,4831.459999999999,8.760000000000218,26.280000000000655,120,2026-04-17 19:30:00+00:00,4857.74,4866.5,1,2026-04-17 18:06:00+00:00,4866.5,stop_loss,-8.760000000000218,False
1,2026-04-17 18:30:00+00:00,2026-04-17 18:33:00+00:00,4865.91,breakout,4860.7,4881.54,5.210000000000036,15.63000000000011,120,2026-04-17 20:33:00+00:00,4860.7,4865.91,0,2026-04-17 18:43:00+00:00,4860.7,stop_loss,-5.210000000000036,False
1,2026-04-20 07:00:00+00:00,2026-04-20 07:01:00+00:00,4793.22,breakout,4786.49,4813.410000000002,6.730000000000473,20.19000000000142,120,2026-04-20 09:30:00+00:00,4786.49,4793.22,1,2026-04-20 08:02:00+00:00,4786.49,stop_loss,-6.730000000000473,False
-1,2026-04-20 08:00:00+00:00,2026-04-20 08:02:00+00:00,4787.98,breakout,4791.72,4776.7599999999975,3.740000000000691,11.220000000002074,120,2026-04-20 10:02:00+00:00,4787.98,4791.72,0,2026-04-20 08:12:00+00:00,4791.72,stop_loss,-3.740000000000691,False
1,2026-04-20 09:45:00+00:00,2026-04-20 09:46:00+00:00,4789.13,breakout,4785.39,4800.349999999999,3.7399999999997817,11.219999999999345,120,2026-04-20 11:46:00+00:00,4785.39,4789.13,0,2026-04-20 10:19:00+00:00,4800.349999999999,target_hit,11.219999999999345,True
-1,2026-04-20 11:15:00+00:00,2026-04-20 11:18:00+00:00,4787.19,breakout,4792.16,4772.279999999999,4.970000000000255,14.910000000000764,120,2026-04-20 13:18:00+00:00,4787.19,4792.16,0,2026-04-20 11:33:00+00:00,4792.16,stop_loss,-4.970000000000255,False
1,2026-04-20 12:00:00+00:00,2026-04-20 12:01:00+00:00,4808.31,breakout,4803.95,4821.390000000002,4.360000000000582,13.080000000001746,120,2026-04-20 14:01:00+00:00,4803.95,4808.31,0,2026-04-20 12:06:00+00:00,4803.95,stop_loss,-4.360000000000582,False
-1,2026-04-20 12:30:00+00:00,2026-04-20 12:31:00+00:00,4807.86,breakout,4811.74,4796.219999999999,3.880000000000109,11.640000000000327,120,2026-04-20 15:00:00+00:00,4807.86,4811.74,1,2026-04-20 13:08:00+00:00,4811.74,stop_loss,-3.880000000000109,False
1,2026-04-20 13:30:00+00:00,2026-04-20 13:31:00+00:00,4820.65,breakout,4816.53,4833.009999999999,4.119999999999891,12.359999999999673,120,2026-04-20 15:31:00+00:00,4816.53,4820.65,0,2026-04-20 13:33:00+00:00,4816.53,stop_loss,-4.119999999999891,False
-1,2026-04-20 13:45:00+00:00,2026-04-20 13:51:00+00:00,4817.96,breakout,4824.43,4798.549999999999,6.470000000000255,19.410000000000764,120,2026-04-20 16:00:00+00:00,4817.96,4824.43,1,2026-04-20 14:24:00+00:00,4824.43,stop_loss,-6.470000000000255,False
-1,2026-04-20 14:45:00+00:00,2026-04-20 14:46:00+00:00,4817.16,breakout,4822.02,4802.579999999998,4.860000000000582,14.580000000001746,120,2026-04-20 16:46:00+00:00,4817.16,4822.02,0,2026-04-20 14:51:00+00:00,4802.579999999998,target_hit,14.580000000001746,True
-1,2026-04-20 15:15:00+00:00,2026-04-20 15:16:00+00:00,4797.27,breakout,4803.87,4777.470000000002,6.599999999999454,19.799999999998363,120,2026-04-20 17:16:00+00:00,4797.27,4803.87,0,2026-04-20 15:24:00+00:00,4803.87,stop_loss,-6.599999999999454,False
-1,2026-04-20 15:45:00+00:00,2026-04-20 15:46:00+00:00,4804.68,breakout,4809.55,4790.070000000001,4.869999999999891,14.609999999999673,120,2026-04-20 17:46:00+00:00,4804.68,4809.55,0,2026-04-20 17:07:00+00:00,4809.55,stop_loss,-4.869999999999891,False
-1,2026-04-20 17:30:00+00:00,2026-04-20 17:32:00+00:00,4807.67,breakout,4811.34,4796.66,3.6700000000000728,11.010000000000218,120,2026-04-20 19:32:00+00:00,4807.67,4811.34,0,2026-04-20 17:40:00+00:00,4811.34,stop_loss,-3.6700000000000728,False
1,2026-04-20 19:15:00+00:00,2026-04-20 19:16:00+00:00,4818.64,breakout,4813.94,4832.7400000000025,4.700000000000728,14.100000000002183,120,2026-04-20 21:16:00+00:00,4813.94,4818.64,0,2026-04-20 19:34:00+00:00,4813.94,stop_loss,-4.700000000000728,False
-1,2026-04-21 07:00:00+00:00,2026-04-21 07:02:00+00:00,4774.41,breakout,4779.42,4759.379999999999,5.010000000000218,15.030000000000655,120,2026-04-21 09:02:00+00:00,4774.41,4779.42,0,2026-04-21 07:06:00+00:00,4779.42,stop_loss,-5.010000000000218,False
-1,2026-04-21 08:15:00+00:00,2026-04-21 08:16:00+00:00,4778.44,breakout,4786.37,4754.649999999999,7.930000000000291,23.790000000000873,120,2026-04-21 10:16:00+00:00,4778.44,4786.37,0,2026-04-21 08:21:00+00:00,4786.37,stop_loss,-7.930000000000291,False
1,2026-04-21 11:45:00+00:00,2026-04-21 11:46:00+00:00,4787.28,breakout,4783.13,4799.729999999999,4.149999999999636,12.449999999998909,120,2026-04-21 14:15:00+00:00,4783.13,4787.28,1,2026-04-21 12:20:00+00:00,4783.13,stop_loss,-4.149999999999636,False
-1,2026-04-21 12:30:00+00:00,2026-04-21 12:31:00+00:00,4787.02,breakout,4790.57,4776.370000000003,3.5499999999992724,10.649999999997817,120,2026-04-21 14:31:00+00:00,4787.02,4790.57,0,2026-04-21 12:44:00+00:00,4776.370000000003,target_hit,10.649999999997817,True
1,2026-04-21 13:30:00+00:00,2026-04-21 13:31:00+00:00,4769.81,breakout,4760.95,4796.390000000002,8.860000000000582,26.580000000001746,120,2026-04-21 16:00:00+00:00,4760.95,4769.81,2,2026-04-21 14:39:00+00:00,4760.95,stop_loss,-8.860000000000582,False
-1,2026-04-21 14:45:00+00:00,2026-04-21 14:46:00+00:00,4765.53,breakout,4770.75,4749.869999999999,5.220000000000255,15.660000000000764,120,2026-04-21 16:46:00+00:00,4765.53,4770.75,0,2026-04-21 14:47:00+00:00,4749.869999999999,target_hit,15.660000000000764,True
1,2026-04-21 15:45:00+00:00,2026-04-21 15:46:00+00:00,4744.45,breakout,4739.34,4759.779999999999,5.109999999999673,15.329999999999018,120,2026-04-21 17:46:00+00:00,4739.34,4744.45,0,2026-04-21 15:56:00+00:00,4739.34,stop_loss,-5.109999999999673,False
-1,2026-04-21 16:15:00+00:00,2026-04-21 16:16:00+00:00,4740.23,breakout,4744.02,4728.859999999997,3.790000000000873,11.37000000000262,120,2026-04-21 18:16:00+00:00,4740.23,4744.02,0,2026-04-21 16:20:00+00:00,4728.859999999997,target_hit,11.37000000000262,True
-1,2026-04-21 16:30:00+00:00,2026-04-21 16:31:00+00:00,4725.61,breakout,4730.77,4710.129999999997,5.160000000000764,15.480000000002292,120,2026-04-21 18:31:00+00:00,4725.61,4730.77,0,2026-04-21 16:54:00+00:00,4710.129999999997,target_hit,15.480000000002292,True
-1,2026-04-21 17:00:00+00:00,2026-04-21 17:01:00+00:00,4713.02,breakout,4719.59,4693.310000000001,6.569999999999709,19.709999999999127,120,2026-04-21 19:30:00+00:00,4713.02,4719.59,1,2026-04-21 17:43:00+00:00,4719.59,stop_loss,-6.569999999999709,False
1,2026-04-21 17:45:00+00:00,2026-04-21 17:46:00+00:00,4702.08,breakout,4698.3,4713.419999999999,3.7799999999997453,11.339999999999236,120,2026-04-21 19:46:00+00:00,4698.3,4702.08,0,2026-04-21 17:47:00+00:00,4713.419999999999,target_hit,11.339999999999236,True
-1,2026-04-21 18:00:00+00:00,2026-04-21 18:01:00+00:00,4713.49,breakout,4719.66,4694.98,6.170000000000073,18.51000000000022,120,2026-04-21 20:01:00+00:00,4713.49,4719.66,0,2026-04-21 18:16:00+00:00,4694.98,target_hit,18.51000000000022,True
1,2026-04-21 19:00:00+00:00,2026-04-21 19:01:00+00:00,4710.92,breakout,4699.33,4745.6900000000005,11.590000000000146,34.77000000000044,120,2026-04-21 21:30:00+00:00,4699.33,4710.92,2,2026-04-21 19:38:00+00:00,4699.33,stop_loss,-11.590000000000146,False
-1,2026-04-21 19:45:00+00:00,2026-04-21 19:46:00+00:00,4705.8,breakout,4710.72,4691.04,4.920000000000073,14.760000000000218,120,2026-04-21 21:46:00+00:00,4705.8,4710.72,0,2026-04-21 19:47:00+00:00,4691.04,target_hit,14.760000000000218,True
-1,2026-04-22 10:15:00+00:00,2026-04-22 10:16:00+00:00,4750.51,breakout,4755.04,4736.920000000001,4.529999999999745,13.589999999999236,120,2026-04-22 12:16:00+00:00,4750.51,4755.04,0,2026-04-22 10:21:00+00:00,4755.04,stop_loss,-4.529999999999745,False
1,2026-04-22 12:00:00+00:00,2026-04-22 12:01:00+00:00,4753.07,breakout,4748.62,4766.419999999999,4.449999999999818,13.349999999999454,120,2026-04-22 14:01:00+00:00,4748.62,4753.07,0,2026-04-22 12:17:00+00:00,4748.62,stop_loss,-4.449999999999818,False
-1,2026-04-22 12:45:00+00:00,2026-04-22 12:46:00+00:00,4749.06,breakout,4753.54,4735.620000000002,4.479999999999563,13.43999999999869,120,2026-04-22 15:00:00+00:00,4749.06,4753.54,1,2026-04-22 13:43:00+00:00,4753.54,stop_loss,-4.479999999999563,False
-1,2026-04-22 14:15:00+00:00,2026-04-22 14:16:00+00:00,4750.6,breakout,4754.52,4738.84,3.9200000000000728,11.760000000000218,120,2026-04-22 16:16:00+00:00,4750.6,4754.52,0,2026-04-22 14:31:00+00:00,4738.84,target_hit,11.760000000000218,True
-1,2026-04-22 14:45:00+00:00,2026-04-22 14:46:00+00:00,4739.26,breakout,4744.95,4722.190000000001,5.6899999999996,17.0699999999988,120,2026-04-22 18:30:00+00:00,4739.26,4744.95,3,2026-04-22 18:30:00+00:00,4732.07,timeout,7.190000000000509,True
1,2026-04-22 18:45:00+00:00,2026-04-22 18:46:00+00:00,4737.71,breakout,4732.26,4754.0599999999995,5.449999999999818,16.349999999999454,120,2026-04-22 20:46:00+00:00,4732.26,4737.71,0,2026-04-22 20:46:00+00:00,4738.19,timeout,0.47999999999956344,True
-1,2026-04-23 07:15:00+00:00,2026-04-23 07:16:00+00:00,4709.22,breakout,4713.52,4696.32,4.300000000000182,12.900000000000546,120,2026-04-23 09:16:00+00:00,4709.22,4713.52,0,2026-04-23 07:17:00+00:00,4713.52,stop_loss,-4.300000000000182,False
-1,2026-04-23 07:30:00+00:00,2026-04-23 07:31:00+00:00,4708.55,breakout,4714.23,4691.510000000002,5.6799999999993815,17.039999999998145,120,2026-04-23 09:31:00+00:00,4708.55,4714.23,0,2026-04-23 07:45:00+00:00,4714.23,stop_loss,-5.6799999999993815,False
1,2026-04-23 07:45:00+00:00,2026-04-23 07:46:00+00:00,4708.71,breakout,4704.52,4721.279999999999,4.1899999999996,12.5699999999988,120,2026-04-23 09:46:00+00:00,4704.52,4708.71,0,2026-04-23 08:00:00+00:00,4721.279999999999,target_hit,12.5699999999988,True
-1,2026-04-23 08:30:00+00:00,2026-04-23 08:31:00+00:00,4715.05,breakout,4719.95,4700.350000000001,4.899999999999636,14.699999999998909,120,2026-04-23 10:45:00+00:00,4715.05,4719.95,1,2026-04-23 09:02:00+00:00,4700.350000000001,target_hit,14.699999999998909,True
1,2026-04-23 09:15:00+00:00,2026-04-23 09:17:00+00:00,4700.48,breakout,4696.29,4713.049999999998,4.1899999999996,12.5699999999988,120,2026-04-23 11:17:00+00:00,4696.29,4700.48,0,2026-04-23 09:54:00+00:00,4696.29,stop_loss,-4.1899999999996,False
-1,2026-04-23 10:15:00+00:00,2026-04-23 10:16:00+00:00,4692.76,breakout,4699.65,4672.090000000002,6.889999999999418,20.669999999998254,120,2026-04-23 12:30:00+00:00,4692.76,4699.65,1,2026-04-23 11:03:00+00:00,4699.65,stop_loss,-6.889999999999418,False
1,2026-04-23 12:00:00+00:00,2026-04-23 12:01:00+00:00,4713.58,breakout,4706.85,4733.769999999999,6.729999999999563,20.18999999999869,120,2026-04-23 14:01:00+00:00,4706.85,4713.58,0,2026-04-23 12:05:00+00:00,4733.769999999999,target_hit,20.18999999999869,True
1,2026-04-23 12:15:00+00:00,2026-04-23 12:16:00+00:00,4727.35,breakout,4719.51,4750.870000000001,7.8400000000001455,23.520000000000437,120,2026-04-23 15:30:00+00:00,4719.51,4727.35,2,2026-04-23 14:00:00+00:00,4719.51,stop_loss,-7.8400000000001455,False
-1,2026-04-23 15:00:00+00:00,2026-04-23 15:06:00+00:00,4729.06,breakout,4733.88,4714.600000000001,4.819999999999709,14.459999999999127,120,2026-04-23 17:06:00+00:00,4729.06,4733.88,0,2026-04-23 15:16:00+00:00,4733.88,stop_loss,-4.819999999999709,False
-1,2026-04-23 15:45:00+00:00,2026-04-23 15:46:00+00:00,4727.82,breakout,4732.65,4713.33,4.829999999999927,14.489999999999782,120,2026-04-23 18:00:00+00:00,4727.82,4732.65,1,2026-04-23 16:43:00+00:00,4732.65,stop_loss,-4.829999999999927,False
1,2026-04-23 16:45:00+00:00,2026-04-23 16:46:00+00:00,4733.52,breakout,4727.59,4751.310000000001,5.930000000000291,17.790000000000873,120,2026-04-23 18:46:00+00:00,4727.59,4733.52,0,2026-04-23 17:01:00+00:00,4727.59,stop_loss,-5.930000000000291,False
-1,2026-04-23 17:15:00+00:00,2026-04-23 17:16:00+00:00,4724.07,breakout,4735.04,4691.159999999999,10.970000000000255,32.910000000000764,120,2026-04-23 19:16:00+00:00,4724.07,4735.04,0,2026-04-23 17:41:00+00:00,4691.159999999999,target_hit,32.910000000000764,True
-1,2026-04-23 17:45:00+00:00,2026-04-23 17:46:00+00:00,4700.29,breakout,4712.35,4664.109999999999,12.0600000000004,36.1800000000012,120,2026-04-23 19:46:00+00:00,4700.29,4712.35,0,2026-04-23 18:00:00+00:00,4712.35,stop_loss,-12.0600000000004,False
1,2026-04-23 18:30:00+00:00,2026-04-23 18:31:00+00:00,4716.96,breakout,4712.29,4730.97,4.670000000000073,14.010000000000218,120,2026-04-23 20:31:00+00:00,4712.29,4716.96,0,2026-04-23 18:41:00+00:00,4712.29,stop_loss,-4.670000000000073,False
-1,2026-04-23 18:45:00+00:00,2026-04-23 18:46:00+00:00,4714.69,breakout,4719.82,4699.299999999999,5.130000000000109,15.390000000000327,120,2026-04-23 20:46:00+00:00,4714.69,4719.82,0,2026-04-23 18:59:00+00:00,4699.299999999999,target_hit,15.390000000000327,True
-1,2026-04-23 19:00:00+00:00,2026-04-23 19:01:00+00:00,4706.45,breakout,4710.55,4694.149999999999,4.100000000000364,12.300000000001091,120,2026-04-23 21:01:00+00:00,4706.45,4710.55,0,2026-04-23 19:04:00+00:00,4694.149999999999,target_hit,12.300000000001091,True
1,2026-04-23 19:15:00+00:00,2026-04-23 19:16:00+00:00,4697.49,breakout,4692.96,4711.079999999999,4.529999999999745,13.589999999999236,120,2026-04-23 21:16:00+00:00,4692.96,4697.49,0,2026-04-23 19:35:00+00:00,4692.96,stop_loss,-4.529999999999745,False
-1,2026-04-24 08:15:00+00:00,2026-04-24 08:16:00+00:00,4690.03,breakout,4694.84,4675.5999999999985,4.8100000000004,14.4300000000012,120,2026-04-24 10:16:00+00:00,4690.03,4694.84,0,2026-04-24 08:20:00+00:00,4694.84,stop_loss,-4.8100000000004,False
1,2026-04-24 11:15:00+00:00,2026-04-24 11:16:00+00:00,4681.8,breakout,4677.92,4693.4400000000005,3.880000000000109,11.640000000000327,120,2026-04-24 13:16:00+00:00,4677.92,4681.8,0,2026-04-24 11:17:00+00:00,4693.4400000000005,target_hit,11.640000000000327,True
-1,2026-04-24 11:45:00+00:00,2026-04-24 11:46:00+00:00,4710.49,breakout,4717.42,4689.699999999999,6.930000000000291,20.790000000000873,120,2026-04-24 15:30:00+00:00,4710.49,4717.42,3,2026-04-24 13:32:00+00:00,4689.699999999999,target_hit,20.790000000000873,True
1,2026-04-24 13:45:00+00:00,2026-04-24 13:46:00+00:00,4700.29,breakout,4695.01,4716.129999999999,5.279999999999745,15.839999999999236,120,2026-04-24 15:46:00+00:00,4695.01,4700.29,0,2026-04-24 13:48:00+00:00,4716.129999999999,target_hit,15.839999999999236,True
1,2026-04-24 14:00:00+00:00,2026-04-24 14:05:00+00:00,4717.57,breakout,4708.25,4745.529999999999,9.319999999999709,27.959999999999127,120,2026-04-24 19:30:00+00:00,4708.25,4717.57,5,2026-04-24 19:30:00+00:00,4719.01,timeout,1.4400000000005093,True
1,2026-04-27 12:30:00+00:00,2026-04-27 12:32:00+00:00,4707.42,breakout,4704.02,4717.619999999999,3.399999999999636,10.199999999998909,120,2026-04-27 14:32:00+00:00,4704.02,4707.42,0,2026-04-27 12:36:00+00:00,4704.02,stop_loss,-3.399999999999636,False
-1,2026-04-27 13:00:00+00:00,2026-04-27 13:01:00+00:00,4699.45,breakout,4703.33,4687.8099999999995,3.880000000000109,11.640000000000327,120,2026-04-27 15:15:00+00:00,4699.45,4703.33,1,2026-04-27 13:18:00+00:00,4703.33,stop_loss,-3.880000000000109,False
1,2026-04-27 13:30:00+00:00,2026-04-27 13:31:00+00:00,4699.36,breakout,4695.53,4710.849999999999,3.8299999999999272,11.489999999999782,120,2026-04-27 15:31:00+00:00,4695.53,4699.36,0,2026-04-27 13:33:00+00:00,4695.53,stop_loss,-3.8299999999999272,False
-1,2026-04-27 14:00:00+00:00,2026-04-27 14:09:00+00:00,4689.6,breakout,4694.79,4674.030000000002,5.1899999999996,15.5699999999988,120,2026-04-27 16:09:00+00:00,4689.6,4694.79,0,2026-04-27 14:19:00+00:00,4694.79,stop_loss,-5.1899999999996,False
-1,2026-04-27 14:30:00+00:00,2026-04-27 14:31:00+00:00,4689.45,breakout,4693.4,4677.6,3.949999999999818,11.849999999999454,120,2026-04-27 16:31:00+00:00,4689.45,4693.4,0,2026-04-27 14:36:00+00:00,4693.4,stop_loss,-3.949999999999818,False
1,2026-04-27 14:45:00+00:00,2026-04-27 14:46:00+00:00,4690.95,breakout,4685.37,4707.69,5.579999999999927,16.73999999999978,120,2026-04-27 16:46:00+00:00,4685.37,4690.95,0,2026-04-27 14:52:00+00:00,4685.37,stop_loss,-5.579999999999927,False
-1,2026-04-27 15:00:00+00:00,2026-04-27 15:01:00+00:00,4685.31,breakout,4689.09,4673.970000000001,3.7799999999997453,11.339999999999236,120,2026-04-27 17:01:00+00:00,4685.31,4689.09,0,2026-04-27 15:02:00+00:00,4673.970000000001,target_hit,11.339999999999236,True
1,2026-04-27 17:30:00+00:00,2026-04-27 17:31:00+00:00,4677.24,breakout,4672.79,4690.589999999999,4.449999999999818,13.349999999999454,120,2026-04-27 19:31:00+00:00,4672.79,4677.24,0,2026-04-27 19:31:00+00:00,4680.36,timeout,3.119999999999891,True
1,2026-04-28 07:15:00+00:00,2026-04-28 07:17:00+00:00,4633.59,breakout,4627.33,4652.370000000001,6.260000000000218,18.780000000000655,120,2026-04-28 09:17:00+00:00,4627.33,4633.59,0,2026-04-28 07:28:00+00:00,4627.33,stop_loss,-6.260000000000218,False
-1,2026-04-28 08:00:00+00:00,2026-04-28 08:01:00+00:00,4623.41,breakout,4628.59,4607.869999999999,5.180000000000291,15.540000000000873,120,2026-04-28 10:15:00+00:00,4623.41,4628.59,1,2026-04-28 08:30:00+00:00,4628.59,stop_loss,-5.180000000000291,False
-1,2026-04-28 09:15:00+00:00,2026-04-28 09:16:00+00:00,4622.73,breakout,4628.36,4605.839999999999,5.630000000000109,16.890000000000327,120,2026-04-28 11:16:00+00:00,4622.73,4628.36,0,2026-04-28 09:57:00+00:00,4605.839999999999,target_hit,16.890000000000327,True
-1,2026-04-28 10:00:00+00:00,2026-04-28 10:03:00+00:00,4609.1,breakout,4615.28,4590.560000000002,6.1799999999993815,18.539999999998145,120,2026-04-28 12:03:00+00:00,4609.1,4615.28,0,2026-04-28 10:19:00+00:00,4615.28,stop_loss,-6.1799999999993815,False
-1,2026-04-28 10:30:00+00:00,2026-04-28 10:33:00+00:00,4612.28,breakout,4616.23,4600.43,3.949999999999818,11.849999999999454,120,2026-04-28 12:33:00+00:00,4612.28,4616.23,0,2026-04-28 11:11:00+00:00,4600.43,target_hit,11.849999999999454,True
-1,2026-04-28 11:45:00+00:00,2026-04-28 11:46:00+00:00,4596.17,breakout,4600.19,4584.1100000000015,4.019999999999527,12.059999999998581,120,2026-04-28 13:46:00+00:00,4596.17,4600.19,0,2026-04-28 11:47:00+00:00,4584.1100000000015,target_hit,12.059999999998581,True
-1,2026-04-28 12:00:00+00:00,2026-04-28 12:01:00+00:00,4565.68,breakout,4572.87,4544.1100000000015,7.1899999999996,21.5699999999988,120,2026-04-28 14:01:00+00:00,4565.68,4572.87,0,2026-04-28 12:05:00+00:00,4572.87,stop_loss,-7.1899999999996,False
-1,2026-04-28 12:30:00+00:00,2026-04-28 12:31:00+00:00,4577.49,breakout,4583.76,4558.6799999999985,6.270000000000437,18.81000000000131,120,2026-04-28 14:31:00+00:00,4577.49,4583.76,0,2026-04-28 12:35:00+00:00,4583.76,stop_loss,-6.270000000000437,False
-1,2026-04-28 13:15:00+00:00,2026-04-28 13:16:00+00:00,4588.08,breakout,4594.77,4568.009999999998,6.690000000000509,20.070000000001528,120,2026-04-28 15:45:00+00:00,4588.08,4594.77,1,2026-04-28 14:02:00+00:00,4568.009999999998,target_hit,20.070000000001528,True
-1,2026-04-28 14:15:00+00:00,2026-04-28 14:16:00+00:00,4574.15,breakout,4580.86,4554.0199999999995,6.710000000000036,20.13000000000011,120,2026-04-28 16:45:00+00:00,4574.15,4580.86,1,2026-04-28 15:00:00+00:00,4580.86,stop_loss,-6.710000000000036,False
1,2026-04-28 15:30:00+00:00,2026-04-28 15:31:00+00:00,4574.94,breakout,4570.0,4589.759999999998,4.9399999999996,14.8199999999988,120,2026-04-28 18:00:00+00:00,4570.0,4574.94,1,2026-04-28 16:50:00+00:00,4589.759999999998,target_hit,14.8199999999988,True
1,2026-04-28 17:30:00+00:00,2026-04-28 17:31:00+00:00,4595.77,breakout,4589.69,4614.010000000003,6.080000000000837,18.24000000000251,120,2026-04-28 19:31:00+00:00,4589.69,4595.77,0,2026-04-28 19:31:00+00:00,4595.83,timeout,0.05999999999949068,True
-1,2026-04-29 07:45:00+00:00,2026-04-29 07:46:00+00:00,4572.44,breakout,4577.25,4558.009999999998,4.8100000000004,14.4300000000012,120,2026-04-29 10:00:00+00:00,4572.44,4577.25,1,2026-04-29 08:37:00+00:00,4558.009999999998,target_hit,14.4300000000012,True
1,2026-04-29 08:45:00+00:00,2026-04-29 08:46:00+00:00,4562.5,breakout,4558.0,4576.0,4.5,13.5,120,2026-04-29 10:46:00+00:00,4558.0,4562.5,0,2026-04-29 08:56:00+00:00,4576.0,target_hit,13.5,True
-1,2026-04-29 09:00:00+00:00,2026-04-29 09:01:00+00:00,4572.92,breakout,4577.05,4560.53,4.130000000000109,12.390000000000327,120,2026-04-29 11:01:00+00:00,4572.92,4577.05,0,2026-04-29 09:18:00+00:00,4577.05,stop_loss,-4.130000000000109,False
-1,2026-04-29 09:30:00+00:00,2026-04-29 09:31:00+00:00,4565.85,breakout,4569.95,4553.550000000002,4.099999999999454,12.299999999998363,120,2026-04-29 11:31:00+00:00,4565.85,4569.95,0,2026-04-29 09:35:00+00:00,4569.95,stop_loss,-4.099999999999454,False
-1,2026-04-29 09:45:00+00:00,2026-04-29 09:48:00+00:00,4558.79,breakout,4562.85,4546.609999999999,4.0600000000004,12.1800000000012,120,2026-04-29 12:00:00+00:00,4558.79,4562.85,1,2026-04-29 10:03:00+00:00,4562.85,stop_loss,-4.0600000000004,False
1,2026-04-29 10:15:00+00:00,2026-04-29 10:16:00+00:00,4563.01,breakout,4559.13,4574.650000000001,3.880000000000109,11.640000000000327,120,2026-04-29 12:16:00+00:00,4559.13,4563.01,0,2026-04-29 10:30:00+00:00,4574.650000000001,target_hit,11.640000000000327,True
-1,2026-04-29 11:00:00+00:00,2026-04-29 11:06:00+00:00,4566.62,breakout,4571.01,4553.449999999999,4.390000000000327,13.170000000000982,120,2026-04-29 13:06:00+00:00,4566.62,4571.01,0,2026-04-29 11:35:00+00:00,4571.01,stop_loss,-4.390000000000327,False
-1,2026-04-29 12:45:00+00:00,2026-04-29 12:50:00+00:00,4553.95,breakout,4560.44,4534.4800000000005,6.489999999999782,19.469999999999345,120,2026-04-29 15:00:00+00:00,4553.95,4560.44,1,2026-04-29 13:30:00+00:00,4534.4800000000005,target_hit,19.469999999999345,True
-1,2026-04-29 13:30:00+00:00,2026-04-29 13:31:00+00:00,4534.79,breakout,4544.12,4506.8,9.329999999999927,27.98999999999978,120,2026-04-29 16:00:00+00:00,4534.79,4544.12,2,2026-04-29 15:00:00+00:00,4544.12,stop_loss,-9.329999999999927,False
1,2026-04-29 15:00:00+00:00,2026-04-29 15:01:00+00:00,4539.85,breakout,4534.27,4556.59,5.579999999999927,16.73999999999978,120,2026-04-29 17:15:00+00:00,4534.27,4539.85,1,2026-04-29 15:45:00+00:00,4556.59,target_hit,16.73999999999978,True
1,2026-04-29 15:45:00+00:00,2026-04-29 15:46:00+00:00,4551.5,breakout,4546.33,4567.01,5.170000000000073,15.510000000000218,120,2026-04-29 17:46:00+00:00,4546.33,4551.5,0,2026-04-29 15:53:00+00:00,4546.33,stop_loss,-5.170000000000073,False
1,2026-04-29 16:00:00+00:00,2026-04-29 16:02:00+00:00,4558.99,breakout,4552.89,4577.289999999998,6.099999999999454,18.299999999998363,120,2026-04-29 18:15:00+00:00,4552.89,4558.99,1,2026-04-29 16:33:00+00:00,4552.89,stop_loss,-6.099999999999454,False
-1,2026-04-29 16:45:00+00:00,2026-04-29 16:46:00+00:00,4556.27,breakout,4560.49,4543.610000000002,4.219999999999345,12.659999999998035,120,2026-04-29 18:46:00+00:00,4556.27,4560.49,0,2026-04-29 16:57:00+00:00,4543.610000000002,target_hit,12.659999999998035,True
-1,2026-04-29 18:00:00+00:00,2026-04-29 18:01:00+00:00,4543.87,breakout,4547.47,4533.069999999999,3.600000000000364,10.800000000001091,120,2026-04-29 20:01:00+00:00,4543.87,4547.47,0,2026-04-29 18:08:00+00:00,4533.069999999999,target_hit,10.800000000001091,True
-1,2026-04-29 18:15:00+00:00,2026-04-29 18:16:00+00:00,4537.85,breakout,4548.5,4505.9000000000015,10.649999999999636,31.94999999999891,120,2026-04-29 20:45:00+00:00,4537.85,4548.5,1,2026-04-29 19:14:00+00:00,4548.5,stop_loss,-10.649999999999636,False
1,2026-04-29 19:15:00+00:00,2026-04-29 19:16:00+00:00,4545.41,breakout,4538.16,4567.16,7.25,21.75,120,2026-04-29 21:16:00+00:00,4538.16,4545.41,0,2026-04-29 19:34:00+00:00,4538.16,stop_loss,-7.25,False
1,2026-04-30 07:00:00+00:00,2026-04-30 07:01:00+00:00,4584.44,breakout,4580.62,4595.899999999999,3.819999999999709,11.459999999999127,120,2026-04-30 09:01:00+00:00,4580.62,4584.44,0,2026-04-30 07:10:00+00:00,4595.899999999999,target_hit,11.459999999999127,True
-1,2026-04-30 07:30:00+00:00,2026-04-30 07:32:00+00:00,4588.94,breakout,4593.94,4573.94,5.0,15.0,120,2026-04-30 09:32:00+00:00,4588.94,4593.94,0,2026-04-30 07:41:00+00:00,4593.94,stop_loss,-5.0,False
1,2026-04-30 07:45:00+00:00,2026-04-30 07:46:00+00:00,4591.79,breakout,4588.11,4602.830000000001,3.680000000000291,11.040000000000873,120,2026-04-30 09:46:00+00:00,4588.11,4591.79,0,2026-04-30 07:57:00+00:00,4602.830000000001,target_hit,11.040000000000873,True
1,2026-04-30 08:15:00+00:00,2026-04-30 08:16:00+00:00,4608.87,breakout,4601.9,4629.780000000001,6.970000000000255,20.910000000000764,120,2026-04-30 11:15:00+00:00,4601.9,4608.87,2,2026-04-30 09:30:00+00:00,4629.780000000001,target_hit,20.910000000000764,True
1,2026-04-30 09:30:00+00:00,2026-04-30 09:31:00+00:00,4625.66,breakout,4620.18,4642.0999999999985,5.479999999999563,16.43999999999869,120,2026-04-30 11:31:00+00:00,4620.18,4625.66,0,2026-04-30 09:41:00+00:00,4620.18,stop_loss,-5.479999999999563,False
1,2026-04-30 10:00:00+00:00,2026-04-30 10:01:00+00:00,4622.12,breakout,4618.16,4634.0,3.9600000000000364,11.88000000000011,120,2026-04-30 12:15:00+00:00,4618.16,4622.12,1,2026-04-30 10:23:00+00:00,4634.0,target_hit,11.88000000000011,True
1,2026-04-30 10:30:00+00:00,2026-04-30 10:31:00+00:00,4632.17,breakout,4628.06,4644.499999999999,4.109999999999673,12.329999999999018,120,2026-04-30 13:00:00+00:00,4628.06,4632.17,1,2026-04-30 11:09:00+00:00,4644.499999999999,target_hit,12.329999999999018,True
-1,2026-04-30 11:45:00+00:00,2026-04-30 11:46:00+00:00,4631.76,breakout,4637.95,4613.190000000001,6.1899999999996,18.5699999999988,120,2026-04-30 14:45:00+00:00,4631.76,4637.95,3,2026-04-30 12:58:00+00:00,4637.95,stop_loss,-6.1899999999996,False
1,2026-04-30 13:00:00+00:00,2026-04-30 13:01:00+00:00,4630.79,breakout,4625.95,4645.31,4.8400000000001455,14.520000000000437,120,2026-04-30 15:01:00+00:00,4625.95,4630.79,0,2026-04-30 13:15:00+00:00,4645.31,target_hit,14.520000000000437,True
1,2026-04-30 13:15:00+00:00,2026-04-30 13:16:00+00:00,4640.44,breakout,4634.84,4657.239999999998,5.599999999999454,16.799999999998363,120,2026-04-30 15:16:00+00:00,4634.84,4640.44,0,2026-04-30 13:21:00+00:00,4634.84,stop_loss,-5.599999999999454,False
-1,2026-04-30 13:30:00+00:00,2026-04-30 13:31:00+00:00,4635.79,breakout,4643.43,4612.869999999999,7.640000000000327,22.920000000000982,120,2026-04-30 15:31:00+00:00,4635.79,4643.43,0,2026-04-30 13:52:00+00:00,4612.869999999999,target_hit,22.920000000000982,True
-1,2026-04-30 14:00:00+00:00,2026-04-30 14:01:00+00:00,4616.17,breakout,4623.58,4593.9400000000005,7.4099999999998545,22.229999999999563,120,2026-04-30 16:01:00+00:00,4616.17,4623.58,0,2026-04-30 14:03:00+00:00,4623.58,stop_loss,-7.4099999999998545,False
1,2026-04-30 14:15:00+00:00,2026-04-30 14:16:00+00:00,4615.25,breakout,4609.53,4632.410000000001,5.720000000000255,17.160000000000764,120,2026-04-30 17:15:00+00:00,4609.53,4615.25,2,2026-04-30 16:16:00+00:00,4609.53,stop_loss,-5.720000000000255,False
-1,2026-04-30 16:15:00+00:00,2026-04-30 16:16:00+00:00,4610.16,breakout,4615.4,4594.4400000000005,5.239999999999782,15.719999999999345,120,2026-04-30 18:16:00+00:00,4610.16,4615.4,0,2026-04-30 16:50:00+00:00,4615.4,stop_loss,-5.239999999999782,False
1,2026-04-30 17:00:00+00:00,2026-04-30 17:02:00+00:00,4614.06,breakout,4610.21,4625.6100000000015,3.850000000000364,11.550000000001091,120,2026-04-30 20:15:00+00:00,4610.21,4614.06,1,2026-04-30 19:01:00+00:00,4625.6100000000015,target_hit,11.550000000001091,True
-1,2026-04-30 19:30:00+00:00,2026-04-30 19:31:00+00:00,4618.09,breakout,4621.87,4606.750000000001,3.7799999999997453,11.339999999999236,120,2026-04-30 21:31:00+00:00,4618.09,4621.87,0,2026-04-30 19:42:00+00:00,4621.87,stop_loss,-3.7799999999997453,False
-1,2026-05-01 07:00:00+00:00,2026-05-01 07:04:00+00:00,4591.97,breakout,4596.59,4578.110000000001,4.619999999999891,13.859999999999673,120,2026-05-01 09:04:00+00:00,4591.97,4596.59,0,2026-05-01 07:07:00+00:00,4596.59,stop_loss,-4.619999999999891,False
1,2026-05-01 07:15:00+00:00,2026-05-01 07:17:00+00:00,4596.95,breakout,4592.36,4610.72,4.5900000000001455,13.770000000000437,120,2026-05-01 09:17:00+00:00,4592.36,4596.95,0,2026-05-01 07:21:00+00:00,4592.36,stop_loss,-4.5900000000001455,False
-1,2026-05-01 07:30:00+00:00,2026-05-01 07:31:00+00:00,4590.21,breakout,4596.41,4571.610000000001,6.199999999999818,18.599999999999454,120,2026-05-01 09:31:00+00:00,4590.21,4596.41,0,2026-05-01 08:17:00+00:00,4571.610000000001,target_hit,18.599999999999454,True
1,2026-05-01 12:15:00+00:00,2026-05-01 12:16:00+00:00,4582.72,breakout,4577.07,4599.670000000002,5.650000000000546,16.950000000001637,120,2026-05-01 14:16:00+00:00,4577.07,4582.72,0,2026-05-01 12:25:00+00:00,4599.670000000002,target_hit,16.950000000001637,True
1,2026-05-01 12:30:00+00:00,2026-05-01 12:31:00+00:00,4587.85,breakout,4583.02,4602.34,4.829999999999927,14.489999999999782,120,2026-05-01 15:30:00+00:00,4583.02,4587.85,1,2026-05-01 13:36:00+00:00,4602.34,target_hit,14.489999999999782,True
1,2026-05-01 13:45:00+00:00,2026-05-01 13:46:00+00:00,4595.68,breakout,4591.78,4607.380000000002,3.9000000000005457,11.700000000001637,120,2026-05-01 15:46:00+00:00,4591.78,4595.68,0,2026-05-01 13:50:00+00:00,4607.380000000002,target_hit,11.700000000001637,True
1,2026-05-01 14:15:00+00:00,2026-05-01 14:16:00+00:00,4637.14,breakout,4625.32,4672.600000000002,11.820000000000618,35.460000000001855,120,2026-05-01 16:16:00+00:00,4625.32,4637.14,0,2026-05-01 15:02:00+00:00,4625.32,stop_loss,-11.820000000000618,False
1,2026-05-01 16:45:00+00:00,2026-05-01 16:54:00+00:00,4641.76,breakout,4637.93,4653.25,3.8299999999999272,11.489999999999782,120,2026-05-01 18:54:00+00:00,4637.93,4641.76,0,2026-05-01 17:05:00+00:00,4637.93,stop_loss,-3.8299999999999272,False
-1,2026-05-01 17:30:00+00:00,2026-05-01 17:31:00+00:00,4630.8,breakout,4636.02,4615.139999999999,5.220000000000255,15.660000000000764,120,2026-05-01 19:31:00+00:00,4630.8,4636.02,0,2026-05-01 18:16:00+00:00,4615.139999999999,target_hit,15.660000000000764,True
1,2026-05-01 18:45:00+00:00,2026-05-01 18:47:00+00:00,4622.48,breakout,4618.12,4635.559999999999,4.359999999999673,13.079999999999018,120,2026-05-01 20:47:00+00:00,4618.12,4622.48,0,2026-05-01 19:33:00+00:00,4618.12,stop_loss,-4.359999999999673,False
1,2026-05-04 07:15:00+00:00,2026-05-04 07:16:00+00:00,4591.45,breakout,4587.51,4603.269999999999,3.9399999999996,11.8199999999988,120,2026-05-04 09:16:00+00:00,4587.51,4591.45,0,2026-05-04 07:17:00+00:00,4587.51,stop_loss,-3.9399999999996,False
-1,2026-05-04 07:45:00+00:00,2026-05-04 07:53:00+00:00,4582.8,breakout,4587.59,4568.43,4.789999999999964,14.36999999999989,120,2026-05-04 10:30:00+00:00,4582.8,4587.59,3,2026-05-04 10:02:00+00:00,4568.43,target_hit,14.36999999999989,True
-1,2026-05-04 10:15:00+00:00,2026-05-04 10:16:00+00:00,4570.4,breakout,4574.79,4557.229999999999,4.390000000000327,13.170000000000982,120,2026-05-04 12:16:00+00:00,4570.4,4574.79,0,2026-05-04 10:17:00+00:00,4557.229999999999,target_hit,13.170000000000982,True
1,2026-05-04 10:45:00+00:00,2026-05-04 10:46:00+00:00,4557.75,breakout,4546.2,4592.400000000001,11.550000000000182,34.650000000000546,120,2026-05-04 16:45:00+00:00,4546.2,4557.75,9,2026-05-04 15:15:00+00:00,4546.2,stop_loss,-11.550000000000182,False
-1,2026-05-04 15:15:00+00:00,2026-05-04 15:17:00+00:00,4551.06,breakout,4555.61,4537.410000000003,4.549999999999272,13.649999999997817,120,2026-05-04 17:17:00+00:00,4551.06,4555.61,0,2026-05-04 15:20:00+00:00,4537.410000000003,target_hit,13.649999999997817,True
-1,2026-05-04 15:45:00+00:00,2026-05-04 15:46:00+00:00,4530.48,breakout,4537.04,4510.799999999998,6.5600000000004,19.6800000000012,120,2026-05-04 18:00:00+00:00,4530.48,4537.04,1,2026-05-04 16:08:00+00:00,4510.799999999998,target_hit,19.6800000000012,True
1,2026-05-04 16:15:00+00:00,2026-05-04 16:19:00+00:00,4525.99,breakout,4520.62,4542.099999999999,5.369999999999891,16.109999999999673,120,2026-05-04 18:19:00+00:00,4520.62,4525.99,0,2026-05-04 16:27:00+00:00,4520.62,stop_loss,-5.369999999999891,False
1,2026-05-04 17:15:00+00:00,2026-05-04 17:16:00+00:00,4521.53,breakout,4517.33,4534.129999999999,4.199999999999818,12.599999999999454,120,2026-05-04 19:30:00+00:00,4517.33,4521.53,1,2026-05-04 18:19:00+00:00,4517.33,stop_loss,-4.199999999999818,False
1,2026-05-04 18:45:00+00:00,2026-05-04 18:49:00+00:00,4515.42,breakout,4511.54,4527.06,3.880000000000109,11.640000000000327,120,2026-05-04 20:49:00+00:00,4511.54,4515.42,0,2026-05-04 18:52:00+00:00,4511.54,stop_loss,-3.880000000000109,False
1,2026-05-05 07:15:00+00:00,2026-05-05 07:16:00+00:00,4552.21,breakout,4547.37,4566.7300000000005,4.8400000000001455,14.520000000000437,120,2026-05-05 09:16:00+00:00,4547.37,4552.21,0,2026-05-05 07:46:00+00:00,4547.37,stop_loss,-4.8400000000001455,False
-1,2026-05-05 07:45:00+00:00,2026-05-05 07:46:00+00:00,4553.31,breakout,4558.03,4539.150000000002,4.719999999999345,14.159999999998035,120,2026-05-05 09:46:00+00:00,4553.31,4558.03,0,2026-05-05 08:53:00+00:00,4558.03,stop_loss,-4.719999999999345,False
-1,2026-05-05 09:15:00+00:00,2026-05-05 09:20:00+00:00,4553.64,breakout,4559.36,4536.480000000002,5.719999999999345,17.159999999998035,120,2026-05-05 11:30:00+00:00,4553.64,4559.36,1,2026-05-05 11:30:00+00:00,4555.62,timeout,-1.9799999999995634,False
-1,2026-05-05 12:45:00+00:00,2026-05-05 12:46:00+00:00,4568.85,breakout,4574.75,4551.1500000000015,5.899999999999636,17.69999999999891,120,2026-05-05 14:46:00+00:00,4568.85,4574.75,0,2026-05-05 13:04:00+00:00,4574.75,stop_loss,-5.899999999999636,False
1,2026-05-05 13:15:00+00:00,2026-05-05 13:16:00+00:00,4571.14,breakout,4566.96,4583.680000000001,4.180000000000291,12.540000000000873,120,2026-05-05 15:16:00+00:00,4566.96,4571.14,0,2026-05-05 13:17:00+00:00,4583.680000000001,target_hit,12.540000000000873,True
-1,2026-05-05 13:30:00+00:00,2026-05-05 13:35:00+00:00,4575.64,breakout,4580.54,4560.940000000001,4.899999999999636,14.699999999998909,120,2026-05-05 15:45:00+00:00,4575.64,4580.54,1,2026-05-05 13:51:00+00:00,4580.54,stop_loss,-4.899999999999636,False
1,2026-05-05 14:15:00+00:00,2026-05-05 14:25:00+00:00,4584.69,breakout,4579.03,4601.669999999999,5.6599999999998545,16.979999999999563,120,2026-05-05 16:30:00+00:00,4579.03,4584.69,1,2026-05-05 14:37:00+00:00,4579.03,stop_loss,-5.6599999999998545,False
-1,2026-05-05 15:30:00+00:00,2026-05-05 15:32:00+00:00,4576.6,breakout,4580.3,4565.500000000001,3.699999999999818,11.099999999999454,120,2026-05-05 17:32:00+00:00,4576.6,4580.3,0,2026-05-05 16:03:00+00:00,4565.500000000001,target_hit,11.099999999999454,True
-1,2026-05-05 16:30:00+00:00,2026-05-05 16:31:00+00:00,4557.4,breakout,4562.08,4543.359999999999,4.680000000000291,14.040000000000873,120,2026-05-05 18:31:00+00:00,4557.4,4562.08,0,2026-05-05 16:56:00+00:00,4562.08,stop_loss,-4.680000000000291,False
-1,2026-05-06 07:15:00+00:00,2026-05-06 07:16:00+00:00,4660.8,breakout,4664.99,4648.230000000001,4.1899999999996,12.5699999999988,120,2026-05-06 09:16:00+00:00,4660.8,4664.99,0,2026-05-06 07:24:00+00:00,4664.99,stop_loss,-4.1899999999996,False
-1,2026-05-06 08:15:00+00:00,2026-05-06 08:18:00+00:00,4678.27,breakout,4682.59,4665.310000000001,4.319999999999709,12.959999999999127,120,2026-05-06 10:45:00+00:00,4678.27,4682.59,1,2026-05-06 08:50:00+00:00,4682.59,stop_loss,-4.319999999999709,False
1,2026-05-06 09:00:00+00:00,2026-05-06 09:01:00+00:00,4701.21,breakout,4679.47,4766.429999999999,21.73999999999978,65.21999999999935,120,2026-05-06 13:45:00+00:00,4679.47,4701.21,6,2026-05-06 12:10:00+00:00,4679.47,stop_loss,-21.73999999999978,False
-1,2026-05-06 12:15:00+00:00,2026-05-06 12:16:00+00:00,4681.34,breakout,4686.5,4665.860000000001,5.1599999999998545,15.479999999999563,120,2026-05-06 14:16:00+00:00,4681.34,4686.5,0,2026-05-06 12:18:00+00:00,4665.860000000001,target_hit,15.479999999999563,True
-1,2026-05-06 12:45:00+00:00,2026-05-06 12:54:00+00:00,4677.88,breakout,4685.6,4654.719999999999,7.720000000000255,23.160000000000764,120,2026-05-06 14:54:00+00:00,4677.88,4685.6,0,2026-05-06 13:00:00+00:00,4685.6,stop_loss,-7.720000000000255,False
-1,2026-05-06 13:00:00+00:00,2026-05-06 13:05:00+00:00,4679.03,breakout,4684.9,4661.42,5.869999999999891,17.609999999999673,120,2026-05-06 15:05:00+00:00,4679.03,4684.9,0,2026-05-06 13:06:00+00:00,4684.9,stop_loss,-5.869999999999891,False
1,2026-05-06 13:30:00+00:00,2026-05-06 13:32:00+00:00,4691.56,breakout,4682.91,4717.510000000002,8.650000000000546,25.950000000001637,120,2026-05-06 16:00:00+00:00,4682.91,4691.56,2,2026-05-06 14:15:00+00:00,4717.510000000002,target_hit,25.950000000001637,True
1,2026-05-06 14:15:00+00:00,2026-05-06 14:16:00+00:00,4706.83,breakout,4701.19,4723.750000000001,5.640000000000327,16.920000000000982,120,2026-05-06 16:45:00+00:00,4701.19,4706.83,2,2026-05-06 14:54:00+00:00,4701.19,stop_loss,-5.640000000000327,False
-1,2026-05-06 15:00:00+00:00,2026-05-06 15:01:00+00:00,4708.13,breakout,4714.21,4689.89,6.079999999999927,18.23999999999978,120,2026-05-06 17:15:00+00:00,4708.13,4714.21,1,2026-05-06 15:43:00+00:00,4689.89,target_hit,18.23999999999978,True
-1,2026-05-06 16:00:00+00:00,2026-05-06 16:01:00+00:00,4687.72,breakout,4691.41,4676.6500000000015,3.6899999999996,11.0699999999988,120,2026-05-06 18:15:00+00:00,4687.72,4691.41,1,2026-05-06 16:41:00+00:00,4691.41,stop_loss,-3.6899999999996,False
1,2026-05-06 19:15:00+00:00,2026-05-06 19:16:00+00:00,4691.99,breakout,4688.47,4702.549999999998,3.519999999999527,10.559999999998581,120,2026-05-06 21:16:00+00:00,4688.47,4691.99,0,2026-05-06 20:45:00+00:00,4688.47,stop_loss,-3.519999999999527,False
-1,2026-05-07 07:00:00+00:00,2026-05-07 07:01:00+00:00,4742.37,breakout,4747.47,4727.069999999999,5.100000000000364,15.300000000001091,120,2026-05-07 09:01:00+00:00,4742.37,4747.47,0,2026-05-07 07:10:00+00:00,4747.47,stop_loss,-5.100000000000364,False
1,2026-05-07 07:15:00+00:00,2026-05-07 07:16:00+00:00,4744.66,breakout,4734.45,4775.29,10.210000000000036,30.63000000000011,120,2026-05-07 10:15:00+00:00,4734.45,4744.66,1,2026-05-07 08:25:00+00:00,4734.45,stop_loss,-10.210000000000036,False
-1,2026-05-07 08:30:00+00:00,2026-05-07 08:38:00+00:00,4733.78,breakout,4740.61,4713.29,6.829999999999927,20.48999999999978,120,2026-05-07 10:38:00+00:00,4733.78,4740.61,0,2026-05-07 10:38:00+00:00,4737.72,timeout,-3.9400000000005093,False
1,2026-05-07 10:45:00+00:00,2026-05-07 10:46:00+00:00,4738.1,breakout,4732.44,4755.080000000003,5.660000000000764,16.980000000002292,120,2026-05-07 12:46:00+00:00,4732.44,4738.1,0,2026-05-07 11:09:00+00:00,4732.44,stop_loss,-5.660000000000764,False
-1,2026-05-07 12:15:00+00:00,2026-05-07 12:20:00+00:00,4741.86,breakout,4745.61,4730.61,3.75,11.25,120,2026-05-07 14:30:00+00:00,4741.86,4745.61,1,2026-05-07 12:31:00+00:00,4745.61,stop_loss,-3.75,False
1,2026-05-07 12:45:00+00:00,2026-05-07 12:46:00+00:00,4744.48,breakout,4737.2,4766.319999999999,7.279999999999745,21.839999999999236,120,2026-05-07 14:46:00+00:00,4737.2,4744.48,0,2026-05-07 13:05:00+00:00,4737.2,stop_loss,-7.279999999999745,False
-1,2026-05-07 13:15:00+00:00,2026-05-07 13:16:00+00:00,4741.32,breakout,4750.57,4713.57,9.25,27.75,120,2026-05-07 15:16:00+00:00,4741.32,4750.57,0,2026-05-07 13:31:00+00:00,4750.57,stop_loss,-9.25,False
-1,2026-05-07 14:00:00+00:00,2026-05-07 14:02:00+00:00,4742.93,breakout,4749.78,4722.380000000002,6.849999999999454,20.549999999998363,120,2026-05-07 16:02:00+00:00,4742.93,4749.78,0,2026-05-07 14:12:00+00:00,4749.78,stop_loss,-6.849999999999454,False
1,2026-05-07 14:15:00+00:00,2026-05-07 14:16:00+00:00,4753.09,breakout,4746.79,4771.990000000001,6.300000000000182,18.900000000000546,120,2026-05-07 17:00:00+00:00,4746.79,4753.09,2,2026-05-07 15:24:00+00:00,4746.79,stop_loss,-6.300000000000182,False
-1,2026-05-07 15:30:00+00:00,2026-05-07 15:31:00+00:00,4745.77,breakout,4754.38,4719.940000000001,8.609999999999673,25.829999999999018,120,2026-05-07 18:00:00+00:00,4745.77,4754.38,1,2026-05-07 16:07:00+00:00,4719.940000000001,target_hit,25.829999999999018,True
-1,2026-05-07 16:45:00+00:00,2026-05-07 16:46:00+00:00,4715.3,breakout,4721.22,4697.54,5.920000000000073,17.76000000000022,120,2026-05-07 18:46:00+00:00,4715.3,4721.22,0,2026-05-07 17:26:00+00:00,4697.54,target_hit,17.76000000000022,True
-1,2026-05-07 17:30:00+00:00,2026-05-07 17:31:00+00:00,4708.83,breakout,4714.97,4690.409999999999,6.140000000000327,18.420000000000982,120,2026-05-07 20:15:00+00:00,4708.83,4714.97,2,2026-05-07 18:33:00+00:00,4714.97,stop_loss,-6.140000000000327,False
1,2026-05-07 19:15:00+00:00,2026-05-07 19:16:00+00:00,4710.96,breakout,4707.22,4722.179999999999,3.7399999999997817,11.219999999999345,120,2026-05-07 21:16:00+00:00,4707.22,4710.96,0,2026-05-07 19:17:00+00:00,4707.22,stop_loss,-3.7399999999997817,False
1,2026-05-07 19:45:00+00:00,2026-05-07 19:51:00+00:00,4710.88,breakout,4707.04,4722.400000000001,3.8400000000001455,11.520000000000437,120,2026-05-07 21:51:00+00:00,4707.04,4710.88,0,2026-05-07 19:52:00+00:00,4707.04,stop_loss,-3.8400000000001455,False
-1,2026-05-08 07:00:00+00:00,2026-05-08 07:01:00+00:00,4723.91,breakout,4729.87,4706.03,5.960000000000036,17.88000000000011,120,2026-05-08 09:01:00+00:00,4723.91,4729.87,0,2026-05-08 07:23:00+00:00,4706.03,target_hit,17.88000000000011,True
-1,2026-05-08 07:30:00+00:00,2026-05-08 07:31:00+00:00,4708.6,breakout,4714.65,4690.450000000003,6.049999999999272,18.149999999997817,120,2026-05-08 09:45:00+00:00,4708.6,4714.65,1,2026-05-08 08:16:00+00:00,4714.65,stop_loss,-6.049999999999272,False
1,2026-05-08 08:15:00+00:00,2026-05-08 08:16:00+00:00,4713.17,breakout,4709.21,4725.05,3.9600000000000364,11.88000000000011,120,2026-05-08 10:30:00+00:00,4709.21,4713.17,1,2026-05-08 09:50:00+00:00,4709.21,stop_loss,-3.9600000000000364,False
-1,2026-05-08 11:15:00+00:00,2026-05-08 11:22:00+00:00,4720.09,breakout,4725.48,4703.920000000002,5.389999999999418,16.169999999998254,120,2026-05-08 13:22:00+00:00,4720.09,4725.48,0,2026-05-08 11:27:00+00:00,4725.48,stop_loss,-5.389999999999418,False
-1,2026-05-08 12:15:00+00:00,2026-05-08 12:16:00+00:00,4706.37,breakout,4710.25,4694.73,3.880000000000109,11.640000000000327,120,2026-05-08 14:16:00+00:00,4706.37,4710.25,0,2026-05-08 12:17:00+00:00,4710.25,stop_loss,-3.880000000000109,False
1,2026-05-08 12:30:00+00:00,2026-05-08 12:31:00+00:00,4709.7,breakout,4705.42,4722.539999999999,4.279999999999745,12.839999999999236,120,2026-05-08 14:31:00+00:00,4705.42,4709.7,0,2026-05-08 12:33:00+00:00,4722.539999999999,target_hit,12.839999999999236,True
1,2026-05-08 12:45:00+00:00,2026-05-08 12:46:00+00:00,4715.52,breakout,4710.6,4730.280000000001,4.920000000000073,14.760000000000218,120,2026-05-08 14:46:00+00:00,4710.6,4715.52,0,2026-05-08 12:55:00+00:00,4730.280000000001,target_hit,14.760000000000218,True
1,2026-05-08 13:00:00+00:00,2026-05-08 13:01:00+00:00,4724.95,breakout,4720.57,4738.09,4.380000000000109,13.140000000000327,120,2026-05-08 15:01:00+00:00,4720.57,4724.95,0,2026-05-08 13:06:00+00:00,4720.57,stop_loss,-4.380000000000109,False
1,2026-05-08 13:30:00+00:00,2026-05-08 13:31:00+00:00,4726.65,breakout,4722.25,4739.8499999999985,4.399999999999636,13.199999999998909,120,2026-05-08 15:31:00+00:00,4722.25,4726.65,0,2026-05-08 13:32:00+00:00,4739.8499999999985,target_hit,13.199999999998909,True
1,2026-05-08 13:45:00+00:00,2026-05-08 13:46:00+00:00,4736.24,breakout,4726.71,4764.829999999999,9.529999999999745,28.589999999999236,120,2026-05-08 16:00:00+00:00,4726.71,4736.24,1,2026-05-08 14:09:00+00:00,4726.71,stop_loss,-9.529999999999745,False
-1,2026-05-08 14:15:00+00:00,2026-05-08 14:16:00+00:00,4742.87,breakout,4750.38,4720.339999999999,7.510000000000218,22.530000000000655,120,2026-05-08 16:16:00+00:00,4742.87,4750.38,0,2026-05-08 14:28:00+00:00,4720.339999999999,target_hit,22.530000000000655,True
-1,2026-05-08 14:30:00+00:00,2026-05-08 14:31:00+00:00,4723.33,breakout,4728.08,4709.08,4.75,14.25,120,2026-05-08 17:00:00+00:00,4723.33,4728.08,2,2026-05-08 15:14:00+00:00,4709.08,target_hit,14.25,True
-1,2026-05-08 15:30:00+00:00,2026-05-08 15:31:00+00:00,4704.44,breakout,4710.25,4687.009999999998,5.8100000000004,17.4300000000012,120,2026-05-08 17:31:00+00:00,4704.44,4710.25,0,2026-05-08 15:35:00+00:00,4710.25,stop_loss,-5.8100000000004,False
-1,2026-05-08 15:45:00+00:00,2026-05-08 15:46:00+00:00,4705.14,breakout,4714.65,4676.610000000002,9.509999999999309,28.529999999997926,120,2026-05-08 18:00:00+00:00,4705.14,4714.65,1,2026-05-08 16:22:00+00:00,4714.65,stop_loss,-9.509999999999309,False
1,2026-05-11 07:00:00+00:00,2026-05-11 07:01:00+00:00,4677.07,breakout,4673.43,4687.989999999998,3.639999999999418,10.919999999998254,120,2026-05-11 09:01:00+00:00,4673.43,4677.07,0,2026-05-11 07:15:00+00:00,4673.43,stop_loss,-3.639999999999418,False
-1,2026-05-11 08:00:00+00:00,2026-05-11 08:01:00+00:00,4667.28,breakout,4672.05,4652.969999999998,4.770000000000437,14.31000000000131,120,2026-05-11 10:01:00+00:00,4667.28,4672.05,0,2026-05-11 08:11:00+00:00,4672.05,stop_loss,-4.770000000000437,False
1,2026-05-11 08:15:00+00:00,2026-05-11 08:16:00+00:00,4670.4,breakout,4664.18,4689.059999999998,6.219999999999345,18.659999999998035,120,2026-05-11 10:30:00+00:00,4664.18,4670.4,1,2026-05-11 09:21:00+00:00,4664.18,stop_loss,-6.219999999999345,False
-1,2026-05-11 09:30:00+00:00,2026-05-11 09:31:00+00:00,4658.82,breakout,4664.07,4643.07,5.25,15.75,120,2026-05-11 11:31:00+00:00,4658.82,4664.07,0,2026-05-11 09:46:00+00:00,4664.07,stop_loss,-5.25,False
-1,2026-05-11 10:00:00+00:00,2026-05-11 10:01:00+00:00,4658.75,breakout,4663.47,4644.589999999999,4.720000000000255,14.160000000000764,120,2026-05-11 12:01:00+00:00,4658.75,4663.47,0,2026-05-11 10:21:00+00:00,4663.47,stop_loss,-4.720000000000255,False
1,2026-05-11 12:30:00+00:00,2026-05-11 12:31:00+00:00,4673.77,breakout,4669.85,4685.530000000001,3.9200000000000728,11.760000000000218,120,2026-05-11 14:31:00+00:00,4669.85,4673.77,0,2026-05-11 12:32:00+00:00,4685.530000000001,target_hit,11.760000000000218,True
1,2026-05-11 13:15:00+00:00,2026-05-11 13:16:00+00:00,4705.11,breakout,4698.83,4723.949999999999,6.279999999999745,18.839999999999236,120,2026-05-11 15:16:00+00:00,4698.83,4705.11,0,2026-05-11 13:17:00+00:00,4723.949999999999,target_hit,18.839999999999236,True
1,2026-05-11 13:30:00+00:00,2026-05-11 13:31:00+00:00,4728.07,breakout,4720.92,4749.519999999999,7.149999999999636,21.44999999999891,120,2026-05-11 16:00:00+00:00,4720.92,4728.07,2,2026-05-11 14:07:00+00:00,4720.92,stop_loss,-7.149999999999636,False
-1,2026-05-11 14:15:00+00:00,2026-05-11 14:16:00+00:00,4731.96,breakout,4738.9,4711.140000000001,6.9399999999996,20.8199999999988,120,2026-05-11 17:45:00+00:00,4731.96,4738.9,3,2026-05-11 16:42:00+00:00,4711.140000000001,target_hit,20.8199999999988,True
-1,2026-05-11 16:45:00+00:00,2026-05-11 16:46:00+00:00,4721.54,breakout,4725.22,4710.499999999999,3.680000000000291,11.040000000000873,120,2026-05-11 18:46:00+00:00,4721.54,4725.22,0,2026-05-11 18:01:00+00:00,4725.22,stop_loss,-3.680000000000291,False
-1,2026-05-12 07:00:00+00:00,2026-05-12 07:01:00+00:00,4695.85,breakout,4702.63,4675.510000000001,6.779999999999745,20.339999999999236,120,2026-05-12 09:01:00+00:00,4695.85,4702.63,0,2026-05-12 07:42:00+00:00,4702.63,stop_loss,-6.779999999999745,False
-1,2026-05-12 08:15:00+00:00,2026-05-12 08:16:00+00:00,4700.05,breakout,4704.03,4688.1100000000015,3.9799999999995634,11.93999999999869,120,2026-05-12 10:16:00+00:00,4700.05,4704.03,0,2026-05-12 08:23:00+00:00,4704.03,stop_loss,-3.9799999999995634,False
-1,2026-05-12 10:45:00+00:00,2026-05-12 10:46:00+00:00,4695.54,breakout,4700.74,4679.9400000000005,5.199999999999818,15.599999999999454,120,2026-05-12 12:46:00+00:00,4695.54,4700.74,0,2026-05-12 11:30:00+00:00,4700.74,stop_loss,-5.199999999999818,False
1,2026-05-12 11:30:00+00:00,2026-05-12 11:31:00+00:00,4696.56,breakout,4693.17,4706.730000000001,3.3900000000003274,10.170000000000982,120,2026-05-12 13:31:00+00:00,4693.17,4696.56,0,2026-05-12 11:45:00+00:00,4706.730000000001,target_hit,10.170000000000982,True
1,2026-05-12 11:45:00+00:00,2026-05-12 11:46:00+00:00,4702.89,breakout,4698.5,4716.060000000001,4.390000000000327,13.170000000000982,120,2026-05-12 13:46:00+00:00,4698.5,4702.89,0,2026-05-12 12:08:00+00:00,4698.5,stop_loss,-4.390000000000327,False
-1,2026-05-12 12:15:00+00:00,2026-05-12 12:24:00+00:00,4699.66,breakout,4704.64,4684.719999999998,4.980000000000473,14.940000000001419,120,2026-05-12 14:30:00+00:00,4699.66,4704.64,1,2026-05-12 12:41:00+00:00,4704.64,stop_loss,-4.980000000000473,False
-1,2026-05-12 13:15:00+00:00,2026-05-12 13:16:00+00:00,4699.4,breakout,4706.5,4678.0999999999985,7.100000000000364,21.30000000000109,120,2026-05-12 15:45:00+00:00,4699.4,4706.5,2,2026-05-12 13:58:00+00:00,4678.0999999999985,target_hit,21.30000000000109,True
-1,2026-05-12 14:00:00+00:00,2026-05-12 14:01:00+00:00,4695.31,breakout,4700.91,4678.510000000002,5.599999999999454,16.799999999998363,120,2026-05-12 16:30:00+00:00,4695.31,4700.91,1,2026-05-12 14:31:00+00:00,4678.510000000002,target_hit,16.799999999998363,True
-1,2026-05-12 14:30:00+00:00,2026-05-12 14:31:00+00:00,4686.84,breakout,4693.78,4666.020000000001,6.9399999999996,20.8199999999988,120,2026-05-12 16:31:00+00:00,4686.84,4693.78,0,2026-05-12 15:12:00+00:00,4666.020000000001,target_hit,20.8199999999988,True
-1,2026-05-12 15:15:00+00:00,2026-05-12 15:16:00+00:00,4669.11,breakout,4674.65,4652.49,5.539999999999964,16.61999999999989,120,2026-05-12 17:16:00+00:00,4669.11,4674.65,0,2026-05-12 15:22:00+00:00,4652.49,target_hit,16.61999999999989,True
-1,2026-05-12 15:30:00+00:00,2026-05-12 15:31:00+00:00,4661.08,breakout,4665.65,4647.370000000001,4.569999999999709,13.709999999999127,120,2026-05-12 17:31:00+00:00,4661.08,4665.65,0,2026-05-12 15:38:00+00:00,4665.65,stop_loss,-4.569999999999709,False
1,2026-05-12 15:45:00+00:00,2026-05-12 15:46:00+00:00,4660.77,breakout,4655.69,4676.010000000003,5.080000000000837,15.24000000000251,120,2026-05-12 18:15:00+00:00,4655.69,4660.77,1,2026-05-12 17:02:00+00:00,4676.010000000003,target_hit,15.24000000000251,True
1,2026-05-12 17:15:00+00:00,2026-05-12 17:16:00+00:00,4677.05,breakout,4672.85,4689.65,4.199999999999818,12.599999999999454,120,2026-05-12 20:15:00+00:00,4672.85,4677.05,1,2026-05-12 18:32:00+00:00,4689.65,target_hit,12.599999999999454,True
1,2026-05-12 18:45:00+00:00,2026-05-12 18:46:00+00:00,4690.79,breakout,4686.8,4702.759999999999,3.9899999999997817,11.969999999999345,120,2026-05-12 20:46:00+00:00,4686.8,4690.79,0,2026-05-12 19:13:00+00:00,4702.759999999999,target_hit,11.969999999999345,True
-1,2026-05-13 07:00:00+00:00,2026-05-13 07:01:00+00:00,4707.54,breakout,4711.54,4695.54,4.0,12.0,120,2026-05-13 09:01:00+00:00,4707.54,4711.54,0,2026-05-13 08:26:00+00:00,4695.54,target_hit,12.0,True
1,2026-05-13 09:00:00+00:00,2026-05-13 09:01:00+00:00,4698.59,breakout,4694.9,4709.660000000002,3.6900000000005093,11.070000000001528,120,2026-05-13 11:01:00+00:00,4694.9,4698.59,0,2026-05-13 09:14:00+00:00,4694.9,stop_loss,-3.6900000000005093,False
1,2026-05-13 09:45:00+00:00,2026-05-13 09:46:00+00:00,4691.32,breakout,4686.97,4704.369999999998,4.349999999999454,13.049999999998363,120,2026-05-13 11:46:00+00:00,4686.97,4691.32,0,2026-05-13 10:08:00+00:00,4704.369999999998,target_hit,13.049999999998363,True
1,2026-05-13 13:15:00+00:00,2026-05-13 13:16:00+00:00,4688.99,breakout,4683.41,4705.73,5.579999999999927,16.73999999999978,120,2026-05-13 15:30:00+00:00,4683.41,4688.99,1,2026-05-13 13:34:00+00:00,4683.41,stop_loss,-5.579999999999927,False
-1,2026-05-13 13:45:00+00:00,2026-05-13 13:46:00+00:00,4679.38,breakout,4684.47,4664.11,5.0900000000001455,15.270000000000437,120,2026-05-13 16:15:00+00:00,4679.38,4684.47,2,2026-05-13 14:25:00+00:00,4684.47,stop_loss,-5.0900000000001455,False
1,2026-05-13 14:30:00+00:00,2026-05-13 14:31:00+00:00,4682.33,breakout,4677.68,4696.279999999999,4.649999999999636,13.949999999998909,120,2026-05-13 16:31:00+00:00,4677.68,4682.33,0,2026-05-13 14:45:00+00:00,4677.68,stop_loss,-4.649999999999636,False
1,2026-05-13 15:15:00+00:00,2026-05-13 15:16:00+00:00,4685.8,breakout,4682.2,4696.600000000001,3.600000000000364,10.800000000001091,120,2026-05-13 17:16:00+00:00,4682.2,4685.8,0,2026-05-13 15:36:00+00:00,4696.600000000001,target_hit,10.800000000001091,True
-1,2026-05-13 16:45:00+00:00,2026-05-13 16:46:00+00:00,4703.59,breakout,4707.78,4691.020000000001,4.1899999999996,12.5699999999988,120,2026-05-13 18:46:00+00:00,4703.59,4707.78,0,2026-05-13 17:34:00+00:00,4691.020000000001,target_hit,12.5699999999988,True
-1,2026-05-13 17:45:00+00:00,2026-05-13 17:54:00+00:00,4690.12,breakout,4695.43,4674.189999999999,5.3100000000004,15.9300000000012,120,2026-05-13 21:00:00+00:00,4690.12,4695.43,1,2026-05-13 22:01:00+00:00,4691.42,timeout,-1.300000000000182,False
-1,2026-05-14 07:00:00+00:00,2026-05-14 07:01:00+00:00,4698.55,breakout,4702.6,4686.4,4.050000000000182,12.150000000000546,120,2026-05-14 09:01:00+00:00,4698.55,4702.6,0,2026-05-14 07:03:00+00:00,4702.6,stop_loss,-4.050000000000182,False
-1,2026-05-14 08:00:00+00:00,2026-05-14 08:01:00+00:00,4702.85,breakout,4708.12,4687.040000000002,5.269999999999527,15.809999999998581,120,2026-05-14 10:45:00+00:00,4702.85,4708.12,1,2026-05-14 10:45:00+00:00,4694.21,timeout,8.640000000000327,True
-1,2026-05-14 12:00:00+00:00,2026-05-14 12:01:00+00:00,4696.92,breakout,4702.17,4681.17,5.25,15.75,120,2026-05-14 14:01:00+00:00,4696.92,4702.17,0,2026-05-14 12:13:00+00:00,4702.17,stop_loss,-5.25,False
1,2026-05-14 12:30:00+00:00,2026-05-14 12:33:00+00:00,4707.7,breakout,4701.53,4726.21,6.170000000000073,18.51000000000022,120,2026-05-14 14:33:00+00:00,4701.53,4707.7,0,2026-05-14 12:43:00+00:00,4701.53,stop_loss,-6.170000000000073,False
-1,2026-05-14 13:30:00+00:00,2026-05-14 13:31:00+00:00,4694.17,breakout,4700.95,4673.830000000001,6.779999999999745,20.339999999999236,120,2026-05-14 15:31:00+00:00,4694.17,4700.95,0,2026-05-14 13:41:00+00:00,4673.830000000001,target_hit,20.339999999999236,True
-1,2026-05-14 13:45:00+00:00,2026-05-14 13:46:00+00:00,4682.81,breakout,4689.18,4663.700000000001,6.369999999999891,19.109999999999673,120,2026-05-14 15:46:00+00:00,4682.81,4689.18,0,2026-05-14 13:49:00+00:00,4689.18,stop_loss,-6.369999999999891,False
1,2026-05-14 14:00:00+00:00,2026-05-14 14:01:00+00:00,4682.72,breakout,4675.97,4702.97,6.75,20.25,120,2026-05-14 17:15:00+00:00,4675.97,4682.72,3,2026-05-14 16:07:00+00:00,4675.97,stop_loss,-6.75,False
-1,2026-05-14 17:30:00+00:00,2026-05-14 17:31:00+00:00,4676.85,breakout,4682.07,4661.190000000002,5.219999999999345,15.659999999998035,120,2026-05-14 19:31:00+00:00,4676.85,4682.07,0,2026-05-14 17:44:00+00:00,4682.07,stop_loss,-5.219999999999345,False
-1,2026-05-14 19:30:00+00:00,2026-05-14 19:32:00+00:00,4662.91,breakout,4668.58,4645.9,5.670000000000073,17.01000000000022,120,2026-05-14 21:32:00+00:00,4662.91,4668.58,0,2026-05-14 20:38:00+00:00,4645.9,target_hit,17.01000000000022,True
1,2026-05-15 07:00:00+00:00,2026-05-15 07:02:00+00:00,4571.85,breakout,4567.4,4585.200000000003,4.450000000000728,13.350000000002183,120,2026-05-15 09:02:00+00:00,4567.4,4571.85,0,2026-05-15 07:13:00+00:00,4585.200000000003,target_hit,13.350000000002183,True
1,2026-05-15 07:15:00+00:00,2026-05-15 07:16:00+00:00,4580.45,breakout,4575.98,4593.860000000001,4.470000000000255,13.410000000000764,120,2026-05-15 09:16:00+00:00,4575.98,4580.45,0,2026-05-15 07:37:00+00:00,4575.98,stop_loss,-4.470000000000255,False
-1,2026-05-15 07:45:00+00:00,2026-05-15 07:46:00+00:00,4577.28,breakout,4581.48,4564.68,4.199999999999818,12.599999999999454,120,2026-05-15 10:00:00+00:00,4577.28,4581.48,1,2026-05-15 08:01:00+00:00,4564.68,target_hit,12.599999999999454,True
-1,2026-05-15 08:00:00+00:00,2026-05-15 08:01:00+00:00,4570.73,breakout,4575.02,4557.859999999997,4.290000000000873,12.87000000000262,120,2026-05-15 10:01:00+00:00,4570.73,4575.02,0,2026-05-15 08:04:00+00:00,4557.859999999997,target_hit,12.87000000000262,True
-1,2026-05-15 08:15:00+00:00,2026-05-15 08:16:00+00:00,4567.73,breakout,4572.44,4553.599999999999,4.710000000000036,14.13000000000011,120,2026-05-15 10:16:00+00:00,4567.73,4572.44,0,2026-05-15 08:17:00+00:00,4553.599999999999,target_hit,14.13000000000011,True
-1,2026-05-15 08:30:00+00:00,2026-05-15 08:31:00+00:00,4552.99,breakout,4560.63,4530.069999999999,7.640000000000327,22.920000000000982,120,2026-05-15 10:31:00+00:00,4552.99,4560.63,0,2026-05-15 08:40:00+00:00,4560.63,stop_loss,-7.640000000000327,False
-1,2026-05-15 09:15:00+00:00,2026-05-15 09:16:00+00:00,4551.4,breakout,4555.37,4539.489999999999,3.9700000000002547,11.910000000000764,120,2026-05-15 11:16:00+00:00,4551.4,4555.37,0,2026-05-15 09:30:00+00:00,4555.37,stop_loss,-3.9700000000002547,False
-1,2026-05-15 09:45:00+00:00,2026-05-15 09:46:00+00:00,4547.91,breakout,4553.4,4531.4400000000005,5.489999999999782,16.469999999999345,120,2026-05-15 11:46:00+00:00,4547.91,4553.4,0,2026-05-15 10:06:00+00:00,4553.4,stop_loss,-5.489999999999782,False
1,2026-05-15 10:15:00+00:00,2026-05-15 10:16:00+00:00,4551.49,breakout,4545.56,4569.279999999998,5.9299999999993815,17.789999999998145,120,2026-05-15 12:45:00+00:00,4545.56,4551.49,1,2026-05-15 10:53:00+00:00,4569.279999999998,target_hit,17.789999999998145,True
1,2026-05-15 11:00:00+00:00,2026-05-15 11:01:00+00:00,4559.13,breakout,4554.08,4574.280000000001,5.050000000000182,15.150000000000546,120,2026-05-15 13:15:00+00:00,4554.08,4559.13,1,2026-05-15 11:39:00+00:00,4554.08,stop_loss,-5.050000000000182,False
-1,2026-05-15 11:45:00+00:00,2026-05-15 11:46:00+00:00,4556.56,breakout,4559.95,4546.390000000002,3.389999999999418,10.169999999998254,120,2026-05-15 14:00:00+00:00,4556.56,4559.95,1,2026-05-15 12:01:00+00:00,4546.390000000002,target_hit,10.169999999998254,True
-1,2026-05-15 12:00:00+00:00,2026-05-15 12:01:00+00:00,4549.75,breakout,4554.31,4536.069999999999,4.5600000000004,13.6800000000012,120,2026-05-15 14:01:00+00:00,4549.75,4554.31,0,2026-05-15 12:10:00+00:00,4554.31,stop_loss,-4.5600000000004,False
1,2026-05-15 12:30:00+00:00,2026-05-15 12:32:00+00:00,4551.56,breakout,4544.8,4571.840000000001,6.760000000000218,20.280000000000655,120,2026-05-15 14:32:00+00:00,4544.8,4551.56,0,2026-05-15 12:42:00+00:00,4544.8,stop_loss,-6.760000000000218,False
-1,2026-05-15 12:45:00+00:00,2026-05-15 12:46:00+00:00,4548.38,breakout,4555.96,4525.64,7.579999999999927,22.73999999999978,120,2026-05-15 15:15:00+00:00,4548.38,4555.96,1,2026-05-15 13:25:00+00:00,4555.96,stop_loss,-7.579999999999927,False
1,2026-05-15 13:30:00+00:00,2026-05-15 13:31:00+00:00,4546.89,breakout,4540.08,4567.3200000000015,6.8100000000004,20.4300000000012,120,2026-05-15 15:31:00+00:00,4540.08,4546.89,0,2026-05-15 13:35:00+00:00,4540.08,stop_loss,-6.8100000000004,False
-1,2026-05-15 13:45:00+00:00,2026-05-15 13:46:00+00:00,4537.07,breakout,4543.1,4518.979999999998,6.030000000000655,18.090000000001965,120,2026-05-15 15:46:00+00:00,4537.07,4543.1,0,2026-05-15 13:47:00+00:00,4518.979999999998,target_hit,18.090000000001965,True
1,2026-05-15 14:30:00+00:00,2026-05-15 14:31:00+00:00,4554.33,breakout,4546.9,4576.620000000001,7.430000000000291,22.290000000000873,120,2026-05-15 16:31:00+00:00,4546.9,4554.33,0,2026-05-15 14:51:00+00:00,4546.9,stop_loss,-7.430000000000291,False
-1,2026-05-15 15:00:00+00:00,2026-05-15 15:03:00+00:00,4552.29,breakout,4557.58,4536.42,5.289999999999964,15.86999999999989,120,2026-05-15 17:03:00+00:00,4552.29,4557.58,0,2026-05-15 15:06:00+00:00,4557.58,stop_loss,-5.289999999999964,False
-1,2026-05-15 15:15:00+00:00,2026-05-15 15:16:00+00:00,4559.47,breakout,4564.04,4545.760000000001,4.569999999999709,13.709999999999127,120,2026-05-15 17:16:00+00:00,4559.47,4564.04,0,2026-05-15 15:24:00+00:00,4545.760000000001,target_hit,13.709999999999127,True
-1,2026-05-15 15:45:00+00:00,2026-05-15 15:46:00+00:00,4543.44,breakout,4547.73,4530.57,4.289999999999964,12.86999999999989,120,2026-05-15 17:46:00+00:00,4543.44,4547.73,0,2026-05-15 16:06:00+00:00,4530.57,target_hit,12.86999999999989,True
1,2026-05-15 16:45:00+00:00,2026-05-15 16:46:00+00:00,4544.7,breakout,4539.98,4558.860000000001,4.720000000000255,14.160000000000764,120,2026-05-15 19:15:00+00:00,4539.98,4544.7,1,2026-05-15 17:22:00+00:00,4558.860000000001,target_hit,14.160000000000764,True
1,2026-05-15 17:45:00+00:00,2026-05-15 17:46:00+00:00,4561.68,breakout,4557.6,4573.92,4.079999999999927,12.239999999999782,120,2026-05-15 19:46:00+00:00,4557.6,4561.68,0,2026-05-15 17:55:00+00:00,4557.6,stop_loss,-4.079999999999927,False
-1,2026-05-15 18:30:00+00:00,2026-05-15 18:31:00+00:00,4553.94,breakout,4558.99,4538.789999999999,5.050000000000182,15.150000000000546,120,2026-05-15 20:45:00+00:00,4553.94,4558.99,1,2026-05-15 18:46:00+00:00,4558.99,stop_loss,-5.050000000000182,False
1,2026-05-18 07:00:00+00:00,2026-05-18 07:01:00+00:00,4544.23,breakout,4539.41,4558.689999999999,4.819999999999709,14.459999999999127,120,2026-05-18 09:01:00+00:00,4539.41,4544.23,0,2026-05-18 07:20:00+00:00,4539.41,stop_loss,-4.819999999999709,False
-1,2026-05-18 08:00:00+00:00,2026-05-18 08:01:00+00:00,4547.4,breakout,4551.82,4534.139999999999,4.420000000000073,13.260000000000218,120,2026-05-18 10:01:00+00:00,4547.4,4551.82,0,2026-05-18 08:33:00+00:00,4551.82,stop_loss,-4.420000000000073,False
1,2026-05-18 08:45:00+00:00,2026-05-18 08:46:00+00:00,4550.04,breakout,4545.83,4562.67,4.210000000000036,12.63000000000011,120,2026-05-18 11:00:00+00:00,4545.83,4550.04,1,2026-05-18 09:03:00+00:00,4545.83,stop_loss,-4.210000000000036,False
-1,2026-05-18 09:15:00+00:00,2026-05-18 09:16:00+00:00,4546.68,breakout,4550.68,4534.68,4.0,12.0,120,2026-05-18 12:15:00+00:00,4546.68,4550.68,2,2026-05-18 10:33:00+00:00,4534.68,target_hit,12.0,True
-1,2026-05-18 11:00:00+00:00,2026-05-18 11:08:00+00:00,4537.38,breakout,4540.78,4527.180000000001,3.399999999999636,10.199999999998909,120,2026-05-18 13:30:00+00:00,4537.38,4540.78,2,2026-05-18 11:33:00+00:00,4540.78,stop_loss,-3.399999999999636,False
1,2026-05-18 11:45:00+00:00,2026-05-18 11:46:00+00:00,4544.98,breakout,4538.29,4565.049999999998,6.6899999999996,20.0699999999988,120,2026-05-18 13:46:00+00:00,4538.29,4544.98,0,2026-05-18 12:42:00+00:00,4565.049999999998,target_hit,20.0699999999988,True
1,2026-05-18 12:45:00+00:00,2026-05-18 12:46:00+00:00,4563.43,breakout,4553.79,4592.350000000001,9.640000000000327,28.920000000000982,120,2026-05-18 16:00:00+00:00,4553.79,4563.43,4,2026-05-18 14:22:00+00:00,4553.79,stop_loss,-9.640000000000327,False
-1,2026-05-18 14:45:00+00:00,2026-05-18 14:46:00+00:00,4546.89,breakout,4556.64,4517.64,9.75,29.25,120,2026-05-18 18:30:00+00:00,4546.89,4556.64,4,2026-05-18 17:04:00+00:00,4556.64,stop_loss,-9.75,False
1,2026-05-18 17:15:00+00:00,2026-05-18 17:16:00+00:00,4552.2,breakout,4547.89,4565.129999999998,4.309999999999491,12.929999999998472,120,2026-05-18 19:16:00+00:00,4547.89,4552.2,0,2026-05-18 17:38:00+00:00,4547.89,stop_loss,-4.309999999999491,False
1,2026-05-18 18:30:00+00:00,2026-05-18 18:31:00+00:00,4542.37,breakout,4538.8,4553.079999999999,3.569999999999709,10.709999999999127,120,2026-05-18 20:31:00+00:00,4538.8,4542.37,0,2026-05-18 18:58:00+00:00,4538.8,stop_loss,-3.569999999999709,False
1,2026-05-18 19:45:00+00:00,2026-05-18 19:46:00+00:00,4555.47,breakout,4551.17,4568.370000000001,4.300000000000182,12.900000000000546,120,2026-05-18 21:46:00+00:00,4551.17,4555.47,0,2026-05-18 22:01:00+00:00,4568.370000000001,target_hit,12.900000000000546,True
-1,2026-05-19 07:00:00+00:00,2026-05-19 07:01:00+00:00,4545.87,breakout,4550.99,4530.51,5.119999999999891,15.359999999999673,120,2026-05-19 09:01:00+00:00,4545.87,4550.99,0,2026-05-19 07:07:00+00:00,4550.99,stop_loss,-5.119999999999891,False
-1,2026-05-19 07:30:00+00:00,2026-05-19 07:33:00+00:00,4544.91,breakout,4550.15,4529.1900000000005,5.239999999999782,15.719999999999345,120,2026-05-19 09:33:00+00:00,4544.91,4550.15,0,2026-05-19 07:46:00+00:00,4550.15,stop_loss,-5.239999999999782,False
1,2026-05-19 08:00:00+00:00,2026-05-19 08:01:00+00:00,4551.47,breakout,4542.72,4577.72,8.75,26.25,120,2026-05-19 10:01:00+00:00,4542.72,4551.47,0,2026-05-19 08:12:00+00:00,4542.72,stop_loss,-8.75,False
-1,2026-05-19 08:15:00+00:00,2026-05-19 08:16:00+00:00,4554.17,breakout,4559.53,4538.090000000001,5.359999999999673,16.079999999999018,120,2026-05-19 10:16:00+00:00,4554.17,4559.53,0,2026-05-19 08:26:00+00:00,4538.090000000001,target_hit,16.079999999999018,True
-1,2026-05-19 09:00:00+00:00,2026-05-19 09:02:00+00:00,4540.29,breakout,4545.25,4525.41,4.960000000000036,14.88000000000011,120,2026-05-19 11:02:00+00:00,4540.29,4545.25,0,2026-05-19 09:23:00+00:00,4545.25,stop_loss,-4.960000000000036,False
-1,2026-05-19 09:30:00+00:00,2026-05-19 09:31:00+00:00,4542.86,breakout,4546.96,4530.559999999999,4.100000000000364,12.300000000001091,120,2026-05-19 11:31:00+00:00,4542.86,4546.96,0,2026-05-19 10:43:00+00:00,4530.559999999999,target_hit,12.300000000001091,True
-1,2026-05-19 10:45:00+00:00,2026-05-19 10:46:00+00:00,4534.48,breakout,4543.48,4507.48,9.0,27.0,120,2026-05-19 12:46:00+00:00,4534.48,4543.48,0,2026-05-19 10:59:00+00:00,4543.48,stop_loss,-9.0,False
1,2026-05-19 11:00:00+00:00,2026-05-19 11:01:00+00:00,4534.76,breakout,4529.18,4551.5,5.579999999999927,16.73999999999978,120,2026-05-19 13:01:00+00:00,4529.18,4534.76,0,2026-05-19 12:00:00+00:00,4529.18,stop_loss,-5.579999999999927,False
-1,2026-05-19 12:00:00+00:00,2026-05-19 12:01:00+00:00,4537.21,breakout,4541.68,4523.799999999999,4.470000000000255,13.410000000000764,120,2026-05-19 14:01:00+00:00,4537.21,4541.68,0,2026-05-19 12:08:00+00:00,4541.68,stop_loss,-4.470000000000255,False
1,2026-05-19 12:15:00+00:00,2026-05-19 12:16:00+00:00,4532.52,breakout,4527.56,4547.400000000001,4.960000000000036,14.88000000000011,120,2026-05-19 14:45:00+00:00,4527.56,4532.52,1,2026-05-19 13:04:00+00:00,4527.56,stop_loss,-4.960000000000036,False
-1,2026-05-19 13:15:00+00:00,2026-05-19 13:16:00+00:00,4532.97,breakout,4537.79,4518.510000000001,4.819999999999709,14.459999999999127,120,2026-05-19 15:16:00+00:00,4532.97,4537.79,0,2026-05-19 13:17:00+00:00,4518.510000000001,target_hit,14.459999999999127,True
-1,2026-05-19 13:30:00+00:00,2026-05-19 13:31:00+00:00,4517.51,breakout,4523.39,4499.87,5.880000000000109,17.640000000000327,120,2026-05-19 15:31:00+00:00,4517.51,4523.39,0,2026-05-19 13:32:00+00:00,4499.87,target_hit,17.640000000000327,True
1,2026-05-19 14:00:00+00:00,2026-05-19 14:01:00+00:00,4482.59,breakout,4476.18,4501.82,6.4099999999998545,19.229999999999563,120,2026-05-19 16:01:00+00:00,4476.18,4482.59,0,2026-05-19 14:02:00+00:00,4501.82,target_hit,19.229999999999563,True
-1,2026-05-19 14:15:00+00:00,2026-05-19 14:16:00+00:00,4495.81,breakout,4505.09,4467.970000000001,9.279999999999745,27.839999999999236,120,2026-05-19 17:15:00+00:00,4495.81,4505.09,1,2026-05-19 15:18:00+00:00,4505.09,stop_loss,-9.279999999999745,False
1,2026-05-19 15:30:00+00:00,2026-05-19 15:31:00+00:00,4505.27,breakout,4499.88,4521.440000000001,5.390000000000327,16.170000000000982,120,2026-05-19 17:31:00+00:00,4499.88,4505.27,0,2026-05-19 15:35:00+00:00,4499.88,stop_loss,-5.390000000000327,False
1,2026-05-19 15:45:00+00:00,2026-05-19 15:46:00+00:00,4502.06,breakout,4497.76,4514.960000000001,4.300000000000182,12.900000000000546,120,2026-05-19 17:46:00+00:00,4497.76,4502.06,0,2026-05-19 16:09:00+00:00,4497.76,stop_loss,-4.300000000000182,False
-1,2026-05-19 16:15:00+00:00,2026-05-19 16:16:00+00:00,4502.31,breakout,4506.12,4490.880000000002,3.8099999999994907,11.429999999998472,120,2026-05-19 18:16:00+00:00,4502.31,4506.12,0,2026-05-19 16:24:00+00:00,4506.12,stop_loss,-3.8099999999994907,False
-1,2026-05-19 17:45:00+00:00,2026-05-19 17:46:00+00:00,4502.95,breakout,4507.01,4490.769999999999,4.0600000000004,12.1800000000012,120,2026-05-19 19:46:00+00:00,4502.95,4507.01,0,2026-05-19 18:55:00+00:00,4490.769999999999,target_hit,12.1800000000012,True
1,2026-05-20 07:00:00+00:00,2026-05-20 07:01:00+00:00,4475.24,breakout,4466.67,4500.949999999999,8.569999999999709,25.709999999999127,120,2026-05-20 12:45:00+00:00,4466.67,4475.24,5,2026-05-20 11:29:00+00:00,4500.949999999999,target_hit,25.709999999999127,True
1,2026-05-20 12:00:00+00:00,2026-05-20 12:01:00+00:00,4497.12,breakout,4491.57,4513.77,5.550000000000182,16.650000000000546,120,2026-05-20 14:45:00+00:00,4491.57,4497.12,1,2026-05-20 13:26:00+00:00,4491.57,stop_loss,-5.550000000000182,False
-1,2026-05-20 13:45:00+00:00,2026-05-20 13:51:00+00:00,4485.25,breakout,4490.4,4469.800000000001,5.149999999999636,15.449999999998909,120,2026-05-20 15:51:00+00:00,4485.25,4490.4,0,2026-05-20 14:12:00+00:00,4469.800000000001,target_hit,15.449999999998909,True
1,2026-05-20 14:30:00+00:00,2026-05-20 14:31:00+00:00,4483.88,breakout,4476.75,4505.27,7.130000000000109,21.390000000000327,120,2026-05-20 16:31:00+00:00,4476.75,4483.88,0,2026-05-20 14:32:00+00:00,4505.27,target_hit,21.390000000000327,True
1,2026-05-20 14:45:00+00:00,2026-05-20 14:47:00+00:00,4521.93,breakout,4506.96,4566.840000000001,14.970000000000255,44.910000000000764,120,2026-05-20 18:45:00+00:00,4506.96,4521.93,2,2026-05-20 18:45:00+00:00,4538.66,timeout,16.729999999999563,True
1,2026-05-21 16:15:00+00:00,2026-05-21 16:17:00+00:00,4517.34,breakout,4511.95,4533.510000000001,5.390000000000327,16.170000000000982,120,2026-05-21 18:17:00+00:00,4511.95,4517.34,0,2026-05-21 17:15:00+00:00,4533.510000000001,target_hit,16.170000000000982,True
1,2026-05-21 17:15:00+00:00,2026-05-21 17:16:00+00:00,4528.87,breakout,4517.95,4561.63,10.920000000000073,32.76000000000022,120,2026-05-21 20:15:00+00:00,4517.95,4528.87,4,2026-05-21 20:15:00+00:00,4541.74,timeout,12.86999999999989,True
-1,2026-05-22 07:15:00+00:00,2026-05-22 07:16:00+00:00,4522.82,breakout,4526.3,4512.379999999998,3.480000000000473,10.440000000001419,120,2026-05-22 09:16:00+00:00,4522.82,4526.3,0,2026-05-22 07:22:00+00:00,4526.3,stop_loss,-3.480000000000473,False
-1,2026-05-22 08:15:00+00:00,2026-05-22 08:22:00+00:00,4526.0,breakout,4529.97,4514.089999999999,3.9700000000002547,11.910000000000764,120,2026-05-22 11:15:00+00:00,4526.0,4529.97,3,2026-05-22 09:50:00+00:00,4529.97,stop_loss,-3.9700000000002547,False
-1,2026-05-22 10:45:00+00:00,2026-05-22 10:46:00+00:00,4514.98,breakout,4519.1,4502.619999999997,4.1200000000008,12.360000000002401,120,2026-05-22 12:46:00+00:00,4514.98,4519.1,0,2026-05-22 11:39:00+00:00,4519.1,stop_loss,-4.1200000000008,False
1,2026-05-22 12:15:00+00:00,2026-05-22 12:19:00+00:00,4530.73,breakout,4520.76,4560.639999999998,9.969999999999345,29.909999999998035,120,2026-05-22 14:30:00+00:00,4520.76,4530.73,1,2026-05-22 12:31:00+00:00,4520.76,stop_loss,-9.969999999999345,False
1,2026-05-22 13:00:00+00:00,2026-05-22 13:09:00+00:00,4528.85,breakout,4521.54,4550.780000000002,7.3100000000004,21.9300000000012,120,2026-05-22 15:09:00+00:00,4521.54,4528.85,0,2026-05-22 13:29:00+00:00,4521.54,stop_loss,-7.3100000000004,False
-1,2026-05-22 13:45:00+00:00,2026-05-22 13:46:00+00:00,4519.89,breakout,4527.24,4497.840000000002,7.349999999999454,22.049999999998363,120,2026-05-22 16:00:00+00:00,4519.89,4527.24,1,2026-05-22 14:14:00+00:00,4497.840000000002,target_hit,22.049999999998363,True
-1,2026-05-22 14:15:00+00:00,2026-05-22 14:16:00+00:00,4505.7,breakout,4515.08,4477.5599999999995,9.38000000000011,28.140000000000327,120,2026-05-22 16:45:00+00:00,4505.7,4515.08,2,2026-05-22 15:19:00+00:00,4515.08,stop_loss,-9.38000000000011,False
1,2026-05-22 16:30:00+00:00,2026-05-22 16:31:00+00:00,4524.1,breakout,4520.09,4536.130000000001,4.010000000000218,12.030000000000655,120,2026-05-22 18:31:00+00:00,4520.09,4524.1,0,2026-05-22 16:38:00+00:00,4520.09,stop_loss,-4.010000000000218,False
-1,2026-05-25 13:15:00+00:00,2026-05-25 13:16:00+00:00,4564.11,breakout,4568.13,4552.049999999998,4.020000000000437,12.06000000000131,120,2026-05-25 15:16:00+00:00,4564.11,4568.13,0,2026-05-25 14:05:00+00:00,4568.13,stop_loss,-4.020000000000437,False
1,2026-05-25 15:15:00+00:00,2026-05-25 15:20:00+00:00,4571.64,breakout,4566.1,4588.26,5.539999999999964,16.61999999999989,120,2026-05-25 17:20:00+00:00,4566.1,4571.64,0,2026-05-25 17:20:00+00:00,4573.28,timeout,1.639999999999418,True
1,2026-05-26 08:00:00+00:00,2026-05-26 08:01:00+00:00,4530.39,breakout,4525.1,4546.26,5.289999999999964,15.86999999999989,120,2026-05-26 10:01:00+00:00,4525.1,4530.39,0,2026-05-26 08:26:00+00:00,4525.1,stop_loss,-5.289999999999964,False
-1,2026-05-26 09:45:00+00:00,2026-05-26 09:46:00+00:00,4520.99,breakout,4525.59,4507.189999999999,4.600000000000364,13.800000000001091,120,2026-05-26 11:46:00+00:00,4520.99,4525.59,0,2026-05-26 10:09:00+00:00,4525.59,stop_loss,-4.600000000000364,False
1,2026-05-26 10:45:00+00:00,2026-05-26 10:50:00+00:00,4539.18,breakout,4534.85,4552.17,4.329999999999927,12.989999999999782,120,2026-05-26 12:50:00+00:00,4534.85,4539.18,0,2026-05-26 10:54:00+00:00,4534.85,stop_loss,-4.329999999999927,False
-1,2026-05-26 11:45:00+00:00,2026-05-26 11:46:00+00:00,4517.86,breakout,4524.21,4498.809999999999,6.350000000000364,19.05000000000109,120,2026-05-26 13:46:00+00:00,4517.86,4524.21,0,2026-05-26 13:02:00+00:00,4524.21,stop_loss,-6.350000000000364,False
1,2026-05-26 13:30:00+00:00,2026-05-26 13:32:00+00:00,4527.25,breakout,4522.03,4542.910000000001,5.220000000000255,15.660000000000764,120,2026-05-26 15:32:00+00:00,4522.03,4527.25,0,2026-05-26 13:34:00+00:00,4522.03,stop_loss,-5.220000000000255,False
-1,2026-05-26 13:45:00+00:00,2026-05-26 13:50:00+00:00,4522.74,breakout,4527.58,4508.219999999999,4.8400000000001455,14.520000000000437,120,2026-05-26 16:00:00+00:00,4522.74,4527.58,1,2026-05-26 14:14:00+00:00,4508.219999999999,target_hit,14.520000000000437,True
1,2026-05-26 14:45:00+00:00,2026-05-26 14:46:00+00:00,4521.79,breakout,4517.49,4534.6900000000005,4.300000000000182,12.900000000000546,120,2026-05-26 16:46:00+00:00,4517.49,4521.79,0,2026-05-26 14:50:00+00:00,4517.49,stop_loss,-4.300000000000182,False
-1,2026-05-26 15:30:00+00:00,2026-05-26 15:31:00+00:00,4505.1,breakout,4509.5,4491.9000000000015,4.399999999999636,13.199999999998909,120,2026-05-26 17:31:00+00:00,4505.1,4509.5,0,2026-05-26 15:52:00+00:00,4509.5,stop_loss,-4.399999999999636,False
-1,2026-05-26 17:30:00+00:00,2026-05-26 17:31:00+00:00,4500.56,breakout,4505.18,4486.700000000001,4.619999999999891,13.859999999999673,120,2026-05-26 20:00:00+00:00,4500.56,4505.18,1,2026-05-26 18:02:00+00:00,4486.700000000001,target_hit,13.859999999999673,True
-1,2026-05-26 18:00:00+00:00,2026-05-26 18:02:00+00:00,4490.52,breakout,4494.91,4477.350000000002,4.389999999999418,13.169999999998254,120,2026-05-26 20:15:00+00:00,4490.52,4494.91,1,2026-05-26 18:26:00+00:00,4494.91,stop_loss,-4.389999999999418,False
1,2026-05-26 19:30:00+00:00,2026-05-26 19:35:00+00:00,4504.12,breakout,4500.77,4514.169999999998,3.3499999999994543,10.049999999998363,120,2026-05-26 21:35:00+00:00,4500.77,4504.12,0,2026-05-26 22:01:00+00:00,4514.169999999998,target_hit,10.049999999998363,True
-1,2026-05-27 07:15:00+00:00,2026-05-27 07:16:00+00:00,4483.4,breakout,4487.42,4471.339999999998,4.020000000000437,12.06000000000131,120,2026-05-27 09:16:00+00:00,4483.4,4487.42,0,2026-05-27 07:23:00+00:00,4487.42,stop_loss,-4.020000000000437,False
1,2026-05-27 08:15:00+00:00,2026-05-27 08:18:00+00:00,4488.61,breakout,4483.06,4505.2599999999975,5.549999999999272,16.649999999997817,120,2026-05-27 10:18:00+00:00,4483.06,4488.61,0,2026-05-27 10:16:00+00:00,4483.06,stop_loss,-5.549999999999272,False
-1,2026-05-27 10:45:00+00:00,2026-05-27 10:46:00+00:00,4461.79,breakout,4473.65,4426.210000000001,11.859999999999673,35.57999999999902,120,2026-05-27 13:45:00+00:00,4461.79,4473.65,3,2026-05-27 11:58:00+00:00,4426.210000000001,target_hit,35.57999999999902,True
-1,2026-05-27 12:00:00+00:00,2026-05-27 12:01:00+00:00,4440.54,breakout,4444.51,4428.629999999999,3.9700000000002547,11.910000000000764,120,2026-05-27 14:01:00+00:00,4440.54,4444.51,0,2026-05-27 12:16:00+00:00,4428.629999999999,target_hit,11.910000000000764,True
1,2026-05-27 12:15:00+00:00,2026-05-27 12:18:00+00:00,4435.75,breakout,4430.37,4451.89,5.380000000000109,16.140000000000327,120,2026-05-27 14:18:00+00:00,4430.37,4435.75,0,2026-05-27 12:19:00+00:00,4451.89,target_hit,16.140000000000327,True
1,2026-05-27 12:30:00+00:00,2026-05-27 12:31:00+00:00,4445.94,breakout,4428.92,4496.999999999998,17.019999999999527,51.05999999999858,120,2026-05-27 14:45:00+00:00,4428.92,4445.94,1,2026-05-27 13:05:00+00:00,4428.92,stop_loss,-17.019999999999527,False
-1,2026-05-27 13:15:00+00:00,2026-05-27 13:16:00+00:00,4430.4,breakout,4439.32,4403.639999999999,8.920000000000073,26.76000000000022,120,2026-05-27 15:16:00+00:00,4430.4,4439.32,0,2026-05-27 13:28:00+00:00,4403.639999999999,target_hit,26.76000000000022,True
1,2026-05-27 13:45:00+00:00,2026-05-27 13:46:00+00:00,4412.18,breakout,4404.4,4435.520000000002,7.780000000000655,23.340000000001965,120,2026-05-27 16:00:00+00:00,4404.4,4412.18,1,2026-05-27 14:04:00+00:00,4435.520000000002,target_hit,23.340000000001965,True
1,2026-05-27 14:15:00+00:00,2026-05-27 14:16:00+00:00,4433.05,breakout,4426.89,4451.53,6.1599999999998545,18.479999999999563,120,2026-05-27 16:16:00+00:00,4426.89,4433.05,0,2026-05-27 14:17:00+00:00,4451.53,target_hit,18.479999999999563,True
-1,2026-05-27 14:30:00+00:00,2026-05-27 14:31:00+00:00,4447.87,breakout,4452.77,4433.169999999998,4.900000000000546,14.700000000001637,120,2026-05-27 16:45:00+00:00,4447.87,4452.77,1,2026-05-27 15:00:00+00:00,4433.169999999998,target_hit,14.700000000001637,True
-1,2026-05-27 15:00:00+00:00,2026-05-27 15:01:00+00:00,4437.99,breakout,4444.03,4419.87,6.039999999999964,18.11999999999989,120,2026-05-27 18:15:00+00:00,4437.99,4444.03,1,2026-05-27 16:21:00+00:00,4444.03,stop_loss,-6.039999999999964,False
1,2026-05-27 16:45:00+00:00,2026-05-27 16:46:00+00:00,4448.63,breakout,4444.97,4459.61,3.6599999999998545,10.979999999999563,120,2026-05-27 18:46:00+00:00,4444.97,4448.63,0,2026-05-27 17:08:00+00:00,4444.97,stop_loss,-3.6599999999998545,False
-1,2026-05-27 17:15:00+00:00,2026-05-27 17:16:00+00:00,4444.65,breakout,4448.38,4433.459999999998,3.730000000000473,11.190000000001419,120,2026-05-27 19:16:00+00:00,4444.65,4448.38,0,2026-05-27 17:24:00+00:00,4448.38,stop_loss,-3.730000000000473,False
1,2026-05-27 17:30:00+00:00,2026-05-27 17:31:00+00:00,4451.58,breakout,4446.25,4467.57,5.329999999999927,15.989999999999782,120,2026-05-27 20:30:00+00:00,4446.25,4451.58,1,2026-05-27 20:30:00+00:00,4454.74,timeout,3.1599999999998545,True
1,2026-05-28 07:15:00+00:00,2026-05-28 07:17:00+00:00,4390.2,breakout,4383.6,4409.999999999998,6.599999999999454,19.799999999998363,120,2026-05-28 09:30:00+00:00,4383.6,4390.2,1,2026-05-28 07:52:00+00:00,4383.6,stop_loss,-6.599999999999454,False
1,2026-05-28 08:15:00+00:00,2026-05-28 08:16:00+00:00,4392.19,breakout,4387.21,4407.129999999998,4.979999999999563,14.93999999999869,120,2026-05-28 10:16:00+00:00,4387.21,4392.19,0,2026-05-28 08:32:00+00:00,4387.21,stop_loss,-4.979999999999563,False
-1,2026-05-28 10:45:00+00:00,2026-05-28 10:46:00+00:00,4391.55,breakout,4396.24,4377.480000000001,4.6899999999996,14.0699999999988,120,2026-05-28 12:46:00+00:00,4391.55,4396.24,0,2026-05-28 10:51:00+00:00,4377.480000000001,target_hit,14.0699999999988,True
-1,2026-05-28 12:15:00+00:00,2026-05-28 12:19:00+00:00,4388.09,breakout,4392.28,4375.520000000001,4.1899999999996,12.5699999999988,120,2026-05-28 14:19:00+00:00,4388.09,4392.28,0,2026-05-28 12:30:00+00:00,4392.28,stop_loss,-4.1899999999996,False
1,2026-05-28 12:45:00+00:00,2026-05-28 12:46:00+00:00,4394.29,breakout,4383.25,4427.41,11.039999999999964,33.11999999999989,120,2026-05-28 14:46:00+00:00,4383.25,4394.29,0,2026-05-28 12:55:00+00:00,4427.41,target_hit,33.11999999999989,True
1,2026-05-28 13:00:00+00:00,2026-05-28 13:01:00+00:00,4410.76,breakout,4403.19,4433.470000000002,7.5700000000006185,22.710000000001855,120,2026-05-28 15:01:00+00:00,4403.19,4410.76,0,2026-05-28 13:02:00+00:00,4433.470000000002,target_hit,22.710000000001855,True
-1,2026-05-28 13:15:00+00:00,2026-05-28 13:16:00+00:00,4428.63,breakout,4434.96,4409.64,6.329999999999927,18.98999999999978,120,2026-05-28 15:45:00+00:00,4428.63,4434.96,1,2026-05-28 14:09:00+00:00,4434.96,stop_loss,-6.329999999999927,False
-1,2026-05-28 14:30:00+00:00,2026-05-28 14:38:00+00:00,4454.53,breakout,4466.44,4418.8,11.909999999999854,35.72999999999956,120,2026-05-28 16:38:00+00:00,4454.53,4466.44,0,2026-05-28 14:41:00+00:00,4466.44,stop_loss,-11.909999999999854,False
1,2026-05-28 14:45:00+00:00,2026-05-28 14:46:00+00:00,4468.08,breakout,4459.39,4494.149999999999,8.6899999999996,26.0699999999988,120,2026-05-28 18:15:00+00:00,4459.39,4468.08,3,2026-05-28 16:18:00+00:00,4494.149999999999,target_hit,26.0699999999988,True
1,2026-05-28 16:30:00+00:00,2026-05-28 16:31:00+00:00,4491.63,breakout,4484.52,4512.959999999999,7.109999999999673,21.329999999999018,120,2026-05-28 18:45:00+00:00,4484.52,4491.63,1,2026-05-28 17:00:00+00:00,4512.959999999999,target_hit,21.329999999999018,True
1,2026-05-28 17:00:00+00:00,2026-05-28 17:01:00+00:00,4509.2,breakout,4504.36,4523.72,4.8400000000001455,14.520000000000437,120,2026-05-28 19:01:00+00:00,4504.36,4509.2,0,2026-05-28 17:14:00+00:00,4504.36,stop_loss,-4.8400000000001455,False
-1,2026-05-28 17:15:00+00:00,2026-05-28 17:16:00+00:00,4506.2,breakout,4510.46,4493.419999999999,4.260000000000218,12.780000000000655,120,2026-05-28 19:16:00+00:00,4506.2,4510.46,0,2026-05-28 17:55:00+00:00,4510.46,stop_loss,-4.260000000000218,False
1,2026-05-28 18:00:00+00:00,2026-05-28 18:01:00+00:00,4508.43,breakout,4503.98,4521.7800000000025,4.450000000000728,13.350000000002183,120,2026-05-28 20:01:00+00:00,4503.98,4508.43,0,2026-05-28 18:30:00+00:00,4503.98,stop_loss,-4.450000000000728,False
1,2026-05-29 09:00:00+00:00,2026-05-29 09:01:00+00:00,4513.89,breakout,4509.84,4526.040000000001,4.050000000000182,12.150000000000546,120,2026-05-29 11:01:00+00:00,4509.84,4513.89,0,2026-05-29 09:11:00+00:00,4526.040000000001,target_hit,12.150000000000546,True
1,2026-05-29 09:30:00+00:00,2026-05-29 09:38:00+00:00,4529.8,breakout,4523.71,4548.070000000001,6.0900000000001455,18.270000000000437,120,2026-05-29 12:45:00+00:00,4523.71,4529.8,2,2026-05-29 12:20:00+00:00,4523.71,stop_loss,-6.0900000000001455,False
-1,2026-05-29 12:30:00+00:00,2026-05-29 12:31:00+00:00,4522.09,breakout,4530.43,4497.07,8.340000000000146,25.020000000000437,120,2026-05-29 15:15:00+00:00,4522.09,4530.43,1,2026-05-29 13:31:00+00:00,4530.43,stop_loss,-8.340000000000146,False
1,2026-05-29 13:30:00+00:00,2026-05-29 13:31:00+00:00,4528.73,breakout,4523.75,4543.669999999998,4.979999999999563,14.93999999999869,120,2026-05-29 15:31:00+00:00,4523.75,4528.73,0,2026-05-29 13:35:00+00:00,4523.75,stop_loss,-4.979999999999563,False
-1,2026-05-29 14:30:00+00:00,2026-05-29 14:31:00+00:00,4537.66,breakout,4541.45,4526.29,3.7899999999999636,11.36999999999989,120,2026-05-29 16:31:00+00:00,4537.66,4541.45,0,2026-05-29 14:44:00+00:00,4541.45,stop_loss,-3.7899999999999636,False
1,2026-05-29 14:45:00+00:00,2026-05-29 14:46:00+00:00,4532.94,breakout,4527.04,4550.6399999999985,5.899999999999636,17.69999999999891,120,2026-05-29 16:46:00+00:00,4527.04,4532.94,0,2026-05-29 14:52:00+00:00,4550.6399999999985,target_hit,17.69999999999891,True
1,2026-05-29 15:00:00+00:00,2026-05-29 15:01:00+00:00,4549.8,breakout,4540.05,4579.05,9.75,29.25,120,2026-05-29 17:01:00+00:00,4540.05,4549.8,0,2026-05-29 15:05:00+00:00,4579.05,target_hit,29.25,True
1,2026-05-29 15:15:00+00:00,2026-05-29 15:16:00+00:00,4576.44,breakout,4569.73,4596.57,6.710000000000036,20.13000000000011,120,2026-05-29 17:16:00+00:00,4569.73,4576.44,0,2026-05-29 15:41:00+00:00,4569.73,stop_loss,-6.710000000000036,False
-1,2026-05-29 15:45:00+00:00,2026-05-29 15:46:00+00:00,4578.0,breakout,4581.96,4566.12,3.9600000000000364,11.88000000000011,120,2026-05-29 17:46:00+00:00,4578.0,4581.96,0,2026-05-29 15:47:00+00:00,4566.12,target_hit,11.88000000000011,True
-1,2026-05-29 16:00:00+00:00,2026-05-29 16:09:00+00:00,4564.61,breakout,4569.58,4549.699999999999,4.970000000000255,14.910000000000764,120,2026-05-29 18:30:00+00:00,4564.61,4569.58,1,2026-05-29 16:33:00+00:00,4569.58,stop_loss,-4.970000000000255,False
-1,2026-05-29 17:45:00+00:00,2026-05-29 17:46:00+00:00,4553.49,breakout,4557.93,4540.169999999998,4.440000000000509,13.320000000001528,120,2026-05-29 19:46:00+00:00,4553.49,4557.93,0,2026-05-29 17:49:00+00:00,4557.93,stop_loss,-4.440000000000509,False
1,2026-05-29 18:15:00+00:00,2026-05-29 18:16:00+00:00,4557.45,breakout,4552.72,4571.6399999999985,4.729999999999563,14.18999999999869,120,2026-05-29 20:16:00+00:00,4552.72,4557.45,0,2026-05-29 18:45:00+00:00,4552.72,stop_loss,-4.729999999999563,False
-1,2026-06-01 08:15:00+00:00,2026-06-01 08:16:00+00:00,4497.0,breakout,4501.01,4484.969999999999,4.010000000000218,12.030000000000655,120,2026-06-01 10:16:00+00:00,4497.0,4501.01,0,2026-06-01 08:45:00+00:00,4501.01,stop_loss,-4.010000000000218,False
1,2026-06-01 08:45:00+00:00,2026-06-01 08:46:00+00:00,4498.06,breakout,4493.1,4512.9400000000005,4.960000000000036,14.88000000000011,120,2026-06-01 11:30:00+00:00,4493.1,4498.06,1,2026-06-01 09:32:00+00:00,4493.1,stop_loss,-4.960000000000036,False
-1,2026-06-01 11:30:00+00:00,2026-06-01 11:32:00+00:00,4508.49,breakout,4512.11,4497.63,3.619999999999891,10.859999999999673,120,2026-06-01 14:15:00+00:00,4508.49,4512.11,1,2026-06-01 12:22:00+00:00,4497.63,target_hit,10.859999999999673,True
-1,2026-06-01 13:15:00+00:00,2026-06-01 13:16:00+00:00,4498.32,breakout,4504.19,4480.71,5.869999999999891,17.609999999999673,120,2026-06-01 15:16:00+00:00,4498.32,4504.19,0,2026-06-01 13:20:00+00:00,4480.71,target_hit,17.609999999999673,True
-1,2026-06-01 13:45:00+00:00,2026-06-01 13:51:00+00:00,4460.88,breakout,4469.39,4435.349999999999,8.510000000000218,25.530000000000655,120,2026-06-01 16:30:00+00:00,4460.88,4469.39,2,2026-06-01 15:29:00+00:00,4469.39,stop_loss,-8.510000000000218,False
1,2026-06-01 17:30:00+00:00,2026-06-01 17:31:00+00:00,4483.24,breakout,4472.07,4516.75,11.170000000000073,33.51000000000022,120,2026-06-01 20:00:00+00:00,4472.07,4483.24,2,2026-06-01 20:00:00+00:00,4480.97,timeout,-2.269999999999527,False
1,2026-06-02 12:30:00+00:00,2026-06-02 12:35:00+00:00,4532.17,breakout,4527.33,4546.6900000000005,4.8400000000001455,14.520000000000437,120,2026-06-02 14:35:00+00:00,4527.33,4532.17,0,2026-06-02 12:37:00+00:00,4527.33,stop_loss,-4.8400000000001455,False
-1,2026-06-02 12:45:00+00:00,2026-06-02 12:47:00+00:00,4521.69,breakout,4530.29,4495.8899999999985,8.600000000000364,25.80000000000109,120,2026-06-02 15:15:00+00:00,4521.69,4530.29,2,2026-06-02 14:00:00+00:00,4495.8899999999985,target_hit,25.80000000000109,True
-1,2026-06-02 17:15:00+00:00,2026-06-02 17:16:00+00:00,4486.79,breakout,4490.69,4475.090000000001,3.899999999999636,11.699999999998909,120,2026-06-02 19:16:00+00:00,4486.79,4490.69,0,2026-06-02 17:29:00+00:00,4490.69,stop_loss,-3.899999999999636,False
1,2026-06-03 07:15:00+00:00,2026-06-03 07:16:00+00:00,4464.82,breakout,4460.42,4478.019999999999,4.399999999999636,13.199999999998909,120,2026-06-03 09:16:00+00:00,4460.42,4464.82,0,2026-06-03 07:26:00+00:00,4460.42,stop_loss,-4.399999999999636,False
-1,2026-06-03 07:30:00+00:00,2026-06-03 07:31:00+00:00,4458.41,breakout,4463.17,4444.129999999999,4.760000000000218,14.280000000000655,120,2026-06-03 09:31:00+00:00,4458.41,4463.17,0,2026-06-03 07:35:00+00:00,4463.17,stop_loss,-4.760000000000218,False
1,2026-06-03 07:45:00+00:00,2026-06-03 07:52:00+00:00,4462.32,breakout,4458.15,4474.83,4.170000000000073,12.510000000000218,120,2026-06-03 09:52:00+00:00,4458.15,4462.32,0,2026-06-03 07:55:00+00:00,4458.15,stop_loss,-4.170000000000073,False
1,2026-06-03 09:15:00+00:00,2026-06-03 09:20:00+00:00,4451.92,breakout,4446.21,4469.05,5.710000000000036,17.13000000000011,120,2026-06-03 11:20:00+00:00,4446.21,4451.92,0,2026-06-03 09:28:00+00:00,4446.21,stop_loss,-5.710000000000036,False
-1,2026-06-03 09:30:00+00:00,2026-06-03 09:36:00+00:00,4439.35,breakout,4446.27,4418.59,6.920000000000073,20.76000000000022,120,2026-06-03 11:36:00+00:00,4439.35,4446.27,0,2026-06-03 09:38:00+00:00,4446.27,stop_loss,-6.920000000000073,False
1,2026-06-03 09:45:00+00:00,2026-06-03 09:46:00+00:00,4444.38,breakout,4439.05,4460.37,5.329999999999927,15.989999999999782,120,2026-06-03 11:46:00+00:00,4439.05,4444.38,0,2026-06-03 10:07:00+00:00,4460.37,target_hit,15.989999999999782,True
1,2026-06-03 10:15:00+00:00,2026-06-03 10:16:00+00:00,4446.58,breakout,4442.42,4459.0599999999995,4.1599999999998545,12.479999999999563,120,2026-06-03 12:16:00+00:00,4442.42,4446.58,0,2026-06-03 10:17:00+00:00,4459.0599999999995,target_hit,12.479999999999563,True
1,2026-06-03 10:30:00+00:00,2026-06-03 10:31:00+00:00,4459.1,breakout,4455.48,4469.960000000003,3.6200000000008004,10.860000000002401,120,2026-06-03 12:31:00+00:00,4455.48,4459.1,0,2026-06-03 10:42:00+00:00,4455.48,stop_loss,-3.6200000000008004,False
1,2026-06-03 11:15:00+00:00,2026-06-03 11:20:00+00:00,4463.73,breakout,4459.43,4476.629999999997,4.299999999999272,12.899999999997817,120,2026-06-03 13:30:00+00:00,4459.43,4463.73,1,2026-06-03 11:45:00+00:00,4459.43,stop_loss,-4.299999999999272,False
1,2026-06-03 13:00:00+00:00,2026-06-03 13:03:00+00:00,4465.21,breakout,4460.63,4478.95,4.579999999999927,13.739999999999782,120,2026-06-03 15:15:00+00:00,4460.63,4465.21,1,2026-06-03 13:16:00+00:00,4460.63,stop_loss,-4.579999999999927,False
1,2026-06-03 13:15:00+00:00,2026-06-03 13:16:00+00:00,4462.95,breakout,4458.09,4477.529999999999,4.859999999999673,14.579999999999018,120,2026-06-03 15:16:00+00:00,4458.09,4462.95,0,2026-06-03 13:17:00+00:00,4458.09,stop_loss,-4.859999999999673,False
-1,2026-06-03 13:30:00+00:00,2026-06-03 13:31:00+00:00,4453.3,breakout,4457.91,4439.470000000001,4.609999999999673,13.829999999999018,120,2026-06-03 15:31:00+00:00,4453.3,4457.91,0,2026-06-03 13:42:00+00:00,4439.470000000001,target_hit,13.829999999999018,True
1,2026-06-03 14:00:00+00:00,2026-06-03 14:01:00+00:00,4432.46,breakout,4426.23,4451.1500000000015,6.230000000000473,18.69000000000142,120,2026-06-03 16:01:00+00:00,4426.23,4432.46,0,2026-06-03 14:07:00+00:00,4451.1500000000015,target_hit,18.69000000000142,True
1,2026-06-03 14:15:00+00:00,2026-06-03 14:16:00+00:00,4450.11,breakout,4445.89,4462.769999999998,4.219999999999345,12.659999999998035,120,2026-06-03 16:16:00+00:00,4445.89,4450.11,0,2026-06-03 14:19:00+00:00,4445.89,stop_loss,-4.219999999999345,False
1,2026-06-03 15:00:00+00:00,2026-06-03 15:01:00+00:00,4458.0,breakout,4451.18,4478.459999999999,6.819999999999709,20.459999999999127,120,2026-06-03 17:01:00+00:00,4451.18,4458.0,0,2026-06-03 15:05:00+00:00,4451.18,stop_loss,-6.819999999999709,False
-1,2026-06-03 15:15:00+00:00,2026-06-03 15:19:00+00:00,4445.65,breakout,4450.82,4430.139999999999,5.170000000000073,15.510000000000218,120,2026-06-03 18:30:00+00:00,4445.65,4450.82,4,2026-06-03 18:30:00+00:00,4441.54,timeout,4.109999999999673,True
1,2026-06-03 19:15:00+00:00,2026-06-03 19:16:00+00:00,4449.5,breakout,4445.47,4461.589999999999,4.029999999999745,12.089999999999236,120,2026-06-03 21:16:00+00:00,4445.47,4449.5,0,2026-06-03 19:45:00+00:00,4445.47,stop_loss,-4.029999999999745,False
-1,2026-06-04 07:45:00+00:00,2026-06-04 07:46:00+00:00,4462.63,breakout,4467.2,4448.920000000001,4.569999999999709,13.709999999999127,120,2026-06-04 09:46:00+00:00,4462.63,4467.2,0,2026-06-04 08:06:00+00:00,4467.2,stop_loss,-4.569999999999709,False
-1,2026-06-04 08:15:00+00:00,2026-06-04 08:16:00+00:00,4462.2,breakout,4466.19,4450.2300000000005,3.9899999999997817,11.969999999999345,120,2026-06-04 10:16:00+00:00,4462.2,4466.19,0,2026-06-04 08:30:00+00:00,4466.19,stop_loss,-3.9899999999997817,False
-1,2026-06-04 08:30:00+00:00,2026-06-04 08:31:00+00:00,4459.91,breakout,4464.34,4446.619999999999,4.430000000000291,13.290000000000873,120,2026-06-04 10:31:00+00:00,4459.91,4464.34,0,2026-06-04 08:33:00+00:00,4464.34,stop_loss,-4.430000000000291,False
1,2026-06-04 09:45:00+00:00,2026-06-04 09:46:00+00:00,4467.23,breakout,4462.21,4482.289999999998,5.019999999999527,15.059999999998581,120,2026-06-04 12:30:00+00:00,4462.21,4467.23,2,2026-06-04 11:26:00+00:00,4482.289999999998,target_hit,15.059999999998581,True
1,2026-06-04 11:30:00+00:00,2026-06-04 11:31:00+00:00,4487.99,breakout,4481.33,4507.969999999999,6.6599999999998545,19.979999999999563,120,2026-06-04 13:31:00+00:00,4481.33,4487.99,0,2026-06-04 11:56:00+00:00,4507.969999999999,target_hit,19.979999999999563,True
1,2026-06-04 12:00:00+00:00,2026-06-04 12:01:00+00:00,4498.79,breakout,4493.65,4514.210000000001,5.140000000000327,15.420000000000982,120,2026-06-04 14:01:00+00:00,4493.65,4498.79,0,2026-06-04 12:11:00+00:00,4493.65,stop_loss,-5.140000000000327,False
-1,2026-06-04 12:15:00+00:00,2026-06-04 12:16:00+00:00,4505.72,breakout,4512.98,4483.940000000002,7.259999999999309,21.779999999997926,120,2026-06-04 14:16:00+00:00,4505.72,4512.98,0,2026-06-04 13:44:00+00:00,4512.98,stop_loss,-7.259999999999309,False
1,2026-06-04 13:45:00+00:00,2026-06-04 13:46:00+00:00,4510.09,breakout,4504.84,4525.84,5.25,15.75,120,2026-06-04 15:46:00+00:00,4504.84,4510.09,0,2026-06-04 13:53:00+00:00,4504.84,stop_loss,-5.25,False
-1,2026-06-04 14:00:00+00:00,2026-06-04 14:01:00+00:00,4505.65,breakout,4512.69,4484.53,7.039999999999964,21.11999999999989,120,2026-06-04 16:15:00+00:00,4505.65,4512.69,1,2026-06-04 14:21:00+00:00,4484.53,target_hit,21.11999999999989,True
-1,2026-06-04 14:30:00+00:00,2026-06-04 14:31:00+00:00,4484.92,breakout,4489.97,4469.7699999999995,5.050000000000182,15.150000000000546,120,2026-06-04 16:31:00+00:00,4484.92,4489.97,0,2026-06-04 14:48:00+00:00,4469.7699999999995,target_hit,15.150000000000546,True
-1,2026-06-04 15:00:00+00:00,2026-06-04 15:01:00+00:00,4465.57,breakout,4471.62,4447.419999999999,6.050000000000182,18.150000000000546,120,2026-06-04 17:01:00+00:00,4465.57,4471.62,0,2026-06-04 15:05:00+00:00,4471.62,stop_loss,-6.050000000000182,False
1,2026-06-05 07:00:00+00:00,2026-06-05 07:01:00+00:00,4453.08,breakout,4448.71,4466.19,4.369999999999891,13.109999999999673,120,2026-06-05 09:01:00+00:00,4448.71,4453.08,0,2026-06-05 07:27:00+00:00,4466.19,target_hit,13.109999999999673,True
1,2026-06-05 07:30:00+00:00,2026-06-05 07:31:00+00:00,4462.76,breakout,4458.15,4476.590000000002,4.610000000000582,13.830000000001746,120,2026-06-05 11:15:00+00:00,4458.15,4462.76,3,2026-06-05 11:15:00+00:00,4461.99,timeout,-0.7700000000004366,False
-1,2026-06-05 12:30:00+00:00,2026-06-05 12:31:00+00:00,4468.65,breakout,4476.09,4446.329999999998,7.440000000000509,22.320000000001528,120,2026-06-05 14:31:00+00:00,4468.65,4476.09,0,2026-06-05 12:36:00+00:00,4446.329999999998,target_hit,22.320000000001528,True
-1,2026-06-05 12:45:00+00:00,2026-06-05 12:46:00+00:00,4446.65,breakout,4467.69,4383.53,21.039999999999964,63.11999999999989,120,2026-06-05 15:45:00+00:00,4446.65,4467.69,3,2026-06-05 13:47:00+00:00,4383.53,target_hit,63.11999999999989,True
-1,2026-06-05 14:00:00+00:00,2026-06-05 14:01:00+00:00,4384.95,breakout,4391.33,4365.8099999999995,6.380000000000109,19.140000000000327,120,2026-06-05 16:01:00+00:00,4384.95,4391.33,0,2026-06-05 14:04:00+00:00,4365.8099999999995,target_hit,19.140000000000327,True
1,2026-06-05 14:15:00+00:00,2026-06-05 14:19:00+00:00,4369.14,breakout,4364.79,4382.190000000001,4.350000000000364,13.050000000001091,120,2026-06-05 16:19:00+00:00,4364.79,4369.14,0,2026-06-05 14:21:00+00:00,4364.79,stop_loss,-4.350000000000364,False
-1,2026-06-05 14:30:00+00:00,2026-06-05 14:31:00+00:00,4364.32,breakout,4370.52,4345.7199999999975,6.200000000000728,18.600000000002183,120,2026-06-05 16:31:00+00:00,4364.32,4370.52,0,2026-06-05 14:40:00+00:00,4345.7199999999975,target_hit,18.600000000002183,True
-1,2026-06-05 14:45:00+00:00,2026-06-05 14:46:00+00:00,4355.34,breakout,4362.35,4334.3099999999995,7.010000000000218,21.030000000000655,120,2026-06-05 16:46:00+00:00,4355.34,4362.35,0,2026-06-05 14:51:00+00:00,4362.35,stop_loss,-7.010000000000218,False
1,2026-06-05 15:00:00+00:00,2026-06-05 15:01:00+00:00,4360.29,breakout,4355.15,4375.710000000001,5.140000000000327,15.420000000000982,120,2026-06-05 17:01:00+00:00,4355.15,4360.29,0,2026-06-05 15:14:00+00:00,4355.15,stop_loss,-5.140000000000327,False
-1,2026-06-05 15:15:00+00:00,2026-06-05 15:16:00+00:00,4352.98,breakout,4360.36,4330.839999999999,7.380000000000109,22.140000000000327,120,2026-06-05 17:45:00+00:00,4352.98,4360.36,1,2026-06-05 16:00:00+00:00,4330.839999999999,target_hit,22.140000000000327,True
-1,2026-06-05 16:00:00+00:00,2026-06-05 16:01:00+00:00,4334.37,breakout,4338.6,4321.6799999999985,4.230000000000473,12.690000000001419,120,2026-06-05 18:01:00+00:00,4334.37,4338.6,0,2026-06-05 16:03:00+00:00,4338.6,stop_loss,-4.230000000000473,False
-1,2026-06-05 16:15:00+00:00,2026-06-05 16:16:00+00:00,4333.57,breakout,4337.55,4321.629999999998,3.980000000000473,11.940000000001419,120,2026-06-05 18:30:00+00:00,4333.57,4337.55,1,2026-06-05 16:54:00+00:00,4337.55,stop_loss,-3.980000000000473,False
1,2026-06-05 17:00:00+00:00,2026-06-05 17:04:00+00:00,4344.79,breakout,4340.0,4359.16,4.789999999999964,14.36999999999989,120,2026-06-05 19:04:00+00:00,4340.0,4344.79,0,2026-06-05 17:06:00+00:00,4340.0,stop_loss,-4.789999999999964,False
-1,2026-06-05 17:15:00+00:00,2026-06-05 17:16:00+00:00,4340.39,breakout,4344.74,4327.340000000002,4.349999999999454,13.049999999998363,120,2026-06-05 19:30:00+00:00,4340.39,4344.74,1,2026-06-05 17:39:00+00:00,4344.74,stop_loss,-4.349999999999454,False
-1,2026-06-05 18:15:00+00:00,2026-06-05 18:16:00+00:00,4322.7,breakout,4329.35,4302.749999999998,6.650000000000546,19.950000000001637,120,2026-06-05 20:16:00+00:00,4322.7,4329.35,0,2026-06-05 18:20:00+00:00,4329.35,stop_loss,-6.650000000000546,False
-1,2026-06-05 18:45:00+00:00,2026-06-05 18:46:00+00:00,4319.11,breakout,4325.07,4301.23,5.960000000000036,17.88000000000011,120,2026-06-05 20:46:00+00:00,4319.11,4325.07,0,2026-06-05 18:56:00+00:00,4325.07,stop_loss,-5.960000000000036,False
1,2026-06-05 19:00:00+00:00,2026-06-05 19:03:00+00:00,4322.12,breakout,4317.76,4335.199999999999,4.359999999999673,13.079999999999018,120,2026-06-05 21:03:00+00:00,4317.76,4322.12,0,2026-06-05 19:06:00+00:00,4317.76,stop_loss,-4.359999999999673,False
-1,2026-06-05 19:15:00+00:00,2026-06-05 19:16:00+00:00,4317.58,breakout,4323.96,4298.44,6.380000000000109,19.140000000000327,120,2026-06-05 21:16:00+00:00,4317.58,4323.96,0,2026-06-05 19:28:00+00:00,4323.96,stop_loss,-6.380000000000109,False
1,2026-06-05 19:30:00+00:00,2026-06-05 19:31:00+00:00,4319.2,breakout,4313.64,4335.879999999998,5.559999999999491,16.679999999998472,120,2026-06-05 21:31:00+00:00,4313.64,4319.2,0,2026-06-05 20:02:00+00:00,4313.64,stop_loss,-5.559999999999491,False
1,2026-06-08 07:00:00+00:00,2026-06-08 07:03:00+00:00,4300.65,breakout,4296.17,4314.089999999998,4.479999999999563,13.43999999999869,120,2026-06-08 09:03:00+00:00,4296.17,4300.65,0,2026-06-08 07:06:00+00:00,4296.17,stop_loss,-4.479999999999563,False
1,2026-06-08 07:15:00+00:00,2026-06-08 07:16:00+00:00,4303.06,breakout,4295.68,4325.200000000001,7.380000000000109,22.140000000000327,120,2026-06-08 09:16:00+00:00,4295.68,4303.06,0,2026-06-08 07:53:00+00:00,4295.68,stop_loss,-7.380000000000109,False
-1,2026-06-08 09:00:00+00:00,2026-06-08 09:02:00+00:00,4289.52,breakout,4293.96,4276.200000000002,4.4399999999996,13.3199999999988,120,2026-06-08 11:02:00+00:00,4289.52,4293.96,0,2026-06-08 09:32:00+00:00,4276.200000000002,target_hit,13.3199999999988,True
1,2026-06-08 09:30:00+00:00,2026-06-08 09:37:00+00:00,4291.13,breakout,4287.4,4302.3200000000015,3.730000000000473,11.190000000001419,120,2026-06-08 11:45:00+00:00,4287.4,4291.13,1,2026-06-08 09:48:00+00:00,4302.3200000000015,target_hit,11.190000000001419,True
1,2026-06-08 10:00:00+00:00,2026-06-08 10:08:00+00:00,4297.63,breakout,4292.74,4312.300000000001,4.890000000000327,14.670000000000982,120,2026-06-08 12:15:00+00:00,4292.74,4297.63,1,2026-06-08 10:16:00+00:00,4292.74,stop_loss,-4.890000000000327,False
1,2026-06-08 10:45:00+00:00,2026-06-08 10:46:00+00:00,4297.27,breakout,4292.16,4312.600000000002,5.110000000000582,15.330000000001746,120,2026-06-08 12:46:00+00:00,4292.16,4297.27,0,2026-06-08 11:10:00+00:00,4312.600000000002,target_hit,15.330000000001746,True
1,2026-06-08 11:15:00+00:00,2026-06-08 11:16:00+00:00,4313.05,breakout,4304.48,4338.760000000002,8.570000000000618,25.710000000001855,120,2026-06-08 14:30:00+00:00,4304.48,4313.05,4,2026-06-08 12:42:00+00:00,4338.760000000002,target_hit,25.710000000001855,True
-1,2026-06-08 13:00:00+00:00,2026-06-08 13:01:00+00:00,4333.05,breakout,4337.63,4319.31,4.579999999999927,13.739999999999782,120,2026-06-08 15:15:00+00:00,4333.05,4337.63,1,2026-06-08 13:30:00+00:00,4337.63,stop_loss,-4.579999999999927,False
1,2026-06-08 13:30:00+00:00,2026-06-08 13:31:00+00:00,4331.11,breakout,4325.38,4348.299999999998,5.729999999999563,17.18999999999869,120,2026-06-08 15:45:00+00:00,4325.38,4331.11,1,2026-06-08 14:00:00+00:00,4325.38,stop_loss,-5.729999999999563,False
-1,2026-06-08 14:00:00+00:00,2026-06-08 14:01:00+00:00,4328.31,breakout,4333.7,4312.140000000002,5.389999999999418,16.169999999998254,120,2026-06-08 16:45:00+00:00,4328.31,4333.7,1,2026-06-08 15:01:00+00:00,4333.7,stop_loss,-5.389999999999418,False
1,2026-06-08 15:00:00+00:00,2026-06-08 15:01:00+00:00,4328.44,breakout,4323.61,4342.929999999999,4.829999999999927,14.489999999999782,120,2026-06-08 17:01:00+00:00,4323.61,4328.44,0,2026-06-08 15:17:00+00:00,4323.61,stop_loss,-4.829999999999927,False
1,2026-06-08 15:30:00+00:00,2026-06-08 15:31:00+00:00,4332.62,breakout,4324.81,4356.049999999998,7.809999999999491,23.429999999998472,120,2026-06-08 18:15:00+00:00,4324.81,4332.62,1,2026-06-08 18:15:00+00:00,4342.51,timeout,9.890000000000327,True
-1,2026-06-09 07:00:00+00:00,2026-06-09 07:01:00+00:00,4331.28,breakout,4334.99,4320.15,3.7100000000000364,11.13000000000011,120,2026-06-09 09:01:00+00:00,4331.28,4334.99,0,2026-06-09 07:03:00+00:00,4334.99,stop_loss,-3.7100000000000364,False
-1,2026-06-09 07:15:00+00:00,2026-06-09 07:16:00+00:00,4328.61,breakout,4332.94,4315.62,4.329999999999927,12.989999999999782,120,2026-06-09 09:16:00+00:00,4328.61,4332.94,0,2026-06-09 08:12:00+00:00,4332.94,stop_loss,-4.329999999999927,False
1,2026-06-09 11:00:00+00:00,2026-06-09 11:01:00+00:00,4333.74,breakout,4330.38,4343.819999999999,3.3599999999996726,10.079999999999018,120,2026-06-09 13:01:00+00:00,4330.38,4333.74,0,2026-06-09 11:51:00+00:00,4343.819999999999,target_hit,10.079999999999018,True
-1,2026-06-09 12:30:00+00:00,2026-06-09 12:31:00+00:00,4338.2,breakout,4342.97,4323.8899999999985,4.770000000000437,14.31000000000131,120,2026-06-09 14:31:00+00:00,4338.2,4342.97,0,2026-06-09 12:46:00+00:00,4342.97,stop_loss,-4.770000000000437,False
-1,2026-06-09 14:30:00+00:00,2026-06-09 14:36:00+00:00,4310.01,breakout,4316.12,4291.680000000001,6.109999999999673,18.329999999999018,120,2026-06-09 16:36:00+00:00,4310.01,4316.12,0,2026-06-09 14:44:00+00:00,4291.680000000001,target_hit,18.329999999999018,True
-1,2026-06-09 15:15:00+00:00,2026-06-09 15:22:00+00:00,4289.69,breakout,4294.27,4275.949999999997,4.580000000000837,13.74000000000251,120,2026-06-09 17:30:00+00:00,4289.69,4294.27,1,2026-06-09 15:31:00+00:00,4275.949999999997,target_hit,13.74000000000251,True
-1,2026-06-09 15:30:00+00:00,2026-06-09 15:31:00+00:00,4286.46,breakout,4291.77,4270.529999999999,5.3100000000004,15.9300000000012,120,2026-06-09 17:31:00+00:00,4286.46,4291.77,0,2026-06-09 15:32:00+00:00,4270.529999999999,target_hit,15.9300000000012,True
-1,2026-06-09 16:30:00+00:00,2026-06-09 16:38:00+00:00,4253.07,breakout,4259.8,4232.879999999998,6.730000000000473,20.19000000000142,120,2026-06-09 18:38:00+00:00,4253.07,4259.8,0,2026-06-09 17:02:00+00:00,4259.8,stop_loss,-6.730000000000473,False
1,2026-06-09 17:15:00+00:00,2026-06-09 17:16:00+00:00,4261.41,breakout,4255.84,4278.119999999999,5.569999999999709,16.709999999999127,120,2026-06-09 19:30:00+00:00,4255.84,4261.41,1,2026-06-09 17:53:00+00:00,4255.84,stop_loss,-5.569999999999709,False
-1,2026-06-09 18:00:00+00:00,2026-06-09 18:03:00+00:00,4259.77,breakout,4265.47,4242.670000000001,5.699999999999818,17.099999999999454,120,2026-06-09 20:03:00+00:00,4259.77,4265.47,0,2026-06-09 18:09:00+00:00,4265.47,stop_loss,-5.699999999999818,False
1,2026-06-09 18:15:00+00:00,2026-06-09 18:16:00+00:00,4264.97,breakout,4261.33,4275.890000000001,3.6400000000003274,10.920000000000982,120,2026-06-09 20:30:00+00:00,4261.33,4264.97,1,2026-06-09 19:12:00+00:00,4261.33,stop_loss,-3.6400000000003274,False
-1,2026-06-10 07:15:00+00:00,2026-06-10 07:16:00+00:00,4200.34,breakout,4205.67,4184.35,5.329999999999927,15.989999999999782,120,2026-06-10 09:16:00+00:00,4200.34,4205.67,0,2026-06-10 07:52:00+00:00,4184.35,target_hit,15.989999999999782,True
-1,2026-06-10 08:00:00+00:00,2026-06-10 08:01:00+00:00,4181.69,breakout,4188.25,4162.009999999998,6.5600000000004,19.6800000000012,120,2026-06-10 10:01:00+00:00,4181.69,4188.25,0,2026-06-10 08:04:00+00:00,4162.009999999998,target_hit,19.6800000000012,True
-1,2026-06-10 08:15:00+00:00,2026-06-10 08:16:00+00:00,4179.32,breakout,4187.67,4154.269999999999,8.350000000000364,25.05000000000109,120,2026-06-10 12:15:00+00:00,4179.32,4187.67,4,2026-06-10 11:05:00+00:00,4154.269999999999,target_hit,25.05000000000109,True
-1,2026-06-10 11:15:00+00:00,2026-06-10 11:25:00+00:00,4161.38,breakout,4175.42,4119.26,14.039999999999964,42.11999999999989,120,2026-06-10 15:30:00+00:00,4161.38,4175.42,3,2026-06-10 13:44:00+00:00,4175.42,stop_loss,-14.039999999999964,False
-1,2026-06-10 14:15:00+00:00,2026-06-10 14:16:00+00:00,4174.23,breakout,4181.05,4153.769999999998,6.8200000000006185,20.460000000001855,120,2026-06-10 16:30:00+00:00,4174.23,4181.05,1,2026-06-10 14:37:00+00:00,4153.769999999998,target_hit,20.460000000001855,True
-1,2026-06-10 14:45:00+00:00,2026-06-10 14:46:00+00:00,4155.48,breakout,4161.85,4136.369999999997,6.3700000000008,19.1100000000024,120,2026-06-10 16:46:00+00:00,4155.48,4161.85,0,2026-06-10 14:55:00+00:00,4136.369999999997,target_hit,19.1100000000024,True
-1,2026-06-10 15:00:00+00:00,2026-06-10 15:01:00+00:00,4140.73,breakout,4148.15,4118.469999999999,7.420000000000073,22.26000000000022,120,2026-06-10 17:01:00+00:00,4140.73,4148.15,0,2026-06-10 15:15:00+00:00,4118.469999999999,target_hit,22.26000000000022,True
-1,2026-06-10 17:00:00+00:00,2026-06-10 17:10:00+00:00,4115.88,breakout,4120.59,4101.75,4.710000000000036,14.13000000000011,120,2026-06-10 19:30:00+00:00,4115.88,4120.59,1,2026-06-10 17:45:00+00:00,4101.75,target_hit,14.13000000000011,True
-1,2026-06-10 17:45:00+00:00,2026-06-10 17:46:00+00:00,4105.7,breakout,4111.28,4088.96,5.579999999999927,16.73999999999978,120,2026-06-10 19:46:00+00:00,4105.7,4111.28,0,2026-06-10 17:48:00+00:00,4111.28,stop_loss,-5.579999999999927,False
1,2026-06-10 18:00:00+00:00,2026-06-10 18:01:00+00:00,4111.22,breakout,4103.99,4132.910000000002,7.230000000000473,21.69000000000142,120,2026-06-10 20:15:00+00:00,4103.99,4111.22,1,2026-06-10 18:50:00+00:00,4103.99,stop_loss,-7.230000000000473,False
-1,2026-06-10 19:00:00+00:00,2026-06-10 19:04:00+00:00,4096.89,breakout,4104.61,4073.7300000000023,7.719999999999345,23.159999999998035,120,2026-06-10 21:30:00+00:00,4096.89,4104.61,2,2026-06-10 20:08:00+00:00,4073.7300000000023,target_hit,23.159999999998035,True
-1,2026-06-11 07:00:00+00:00,2026-06-11 07:01:00+00:00,4094.53,breakout,4097.94,4084.300000000002,3.4099999999993997,10.2299999999982,120,2026-06-11 09:01:00+00:00,4094.53,4097.94,0,2026-06-11 07:04:00+00:00,4097.94,stop_loss,-3.4099999999993997,False
1,2026-06-11 07:30:00+00:00,2026-06-11 07:31:00+00:00,4101.14,breakout,4096.37,4115.450000000002,4.770000000000437,14.31000000000131,120,2026-06-11 10:15:00+00:00,4096.37,4101.14,1,2026-06-11 08:30:00+00:00,4096.37,stop_loss,-4.770000000000437,False
-1,2026-06-11 08:30:00+00:00,2026-06-11 08:31:00+00:00,4101.35,breakout,4105.91,4087.670000000002,4.559999999999491,13.679999999998472,120,2026-06-11 10:31:00+00:00,4101.35,4105.91,0,2026-06-11 08:53:00+00:00,4087.670000000002,target_hit,13.679999999998472,True
-1,2026-06-11 09:00:00+00:00,2026-06-11 09:01:00+00:00,4086.99,breakout,4091.6,4073.1599999999994,4.610000000000127,13.830000000000382,120,2026-06-11 11:30:00+00:00,4086.99,4091.6,1,2026-06-11 09:44:00+00:00,4091.6,stop_loss,-4.610000000000127,False
1,2026-06-11 09:45:00+00:00,2026-06-11 09:46:00+00:00,4085.69,breakout,4081.97,4096.85,3.7200000000002547,11.160000000000764,120,2026-06-11 13:30:00+00:00,4081.97,4085.69,2,2026-06-11 11:40:00+00:00,4081.97,stop_loss,-3.7200000000002547,False
-1,2026-06-11 11:45:00+00:00,2026-06-11 11:46:00+00:00,4088.12,breakout,4091.67,4077.4699999999993,3.550000000000182,10.650000000000546,120,2026-06-11 14:00:00+00:00,4088.12,4091.67,1,2026-06-11 12:10:00+00:00,4077.4699999999993,target_hit,10.650000000000546,True
-1,2026-06-11 12:30:00+00:00,2026-06-11 12:31:00+00:00,4076.71,breakout,4082.42,4059.58,5.710000000000036,17.13000000000011,120,2026-06-11 14:31:00+00:00,4076.71,4082.42,0,2026-06-11 12:32:00+00:00,4059.58,target_hit,17.13000000000011,True
1,2026-06-11 13:00:00+00:00,2026-06-11 13:01:00+00:00,4081.33,breakout,4074.57,4101.609999999999,6.7599999999997635,20.27999999999929,120,2026-06-11 15:01:00+00:00,4074.57,4081.33,0,2026-06-11 13:13:00+00:00,4074.57,stop_loss,-6.7599999999997635,False
-1,2026-06-11 13:30:00+00:00,2026-06-11 13:33:00+00:00,4072.86,breakout,4077.4,4059.2400000000002,4.539999999999964,13.61999999999989,120,2026-06-11 15:33:00+00:00,4072.86,4077.4,0,2026-06-11 13:36:00+00:00,4077.4,stop_loss,-4.539999999999964,False
1,2026-06-11 13:45:00+00:00,2026-06-11 13:46:00+00:00,4079.17,breakout,4074.2,4094.080000000001,4.970000000000255,14.910000000000764,120,2026-06-11 16:00:00+00:00,4074.2,4079.17,1,2026-06-11 14:05:00+00:00,4074.2,stop_loss,-4.970000000000255,False
-1,2026-06-11 14:15:00+00:00,2026-06-11 14:16:00+00:00,4078.43,breakout,4085.88,4056.079999999999,7.450000000000273,22.35000000000082,120,2026-06-11 17:00:00+00:00,4078.43,4085.88,2,2026-06-11 15:08:00+00:00,4085.88,stop_loss,-7.450000000000273,False
1,2026-06-11 15:15:00+00:00,2026-06-11 15:16:00+00:00,4084.39,breakout,4073.1,4118.26,11.289999999999964,33.86999999999989,120,2026-06-11 18:15:00+00:00,4073.1,4084.39,4,2026-06-11 17:03:00+00:00,4073.1,stop_loss,-11.289999999999964,False
-1,2026-06-11 17:15:00+00:00,2026-06-11 17:16:00+00:00,4076.15,breakout,4080.48,4063.1600000000003,4.329999999999927,12.989999999999782,120,2026-06-11 19:16:00+00:00,4076.15,4080.48,0,2026-06-11 17:24:00+00:00,4080.48,stop_loss,-4.329999999999927,False
1,2026-06-11 17:30:00+00:00,2026-06-11 17:31:00+00:00,4098.27,breakout,4078.21,4158.450000000002,20.0600000000004,60.1800000000012,120,2026-06-11 19:31:00+00:00,4078.21,4098.27,0,2026-06-11 17:41:00+00:00,4158.450000000002,target_hit,60.1800000000012,True
1,2026-06-11 17:45:00+00:00,2026-06-11 17:46:00+00:00,4125.36,breakout,4101.92,4195.6799999999985,23.4399999999996,70.3199999999988,120,2026-06-11 21:15:00+00:00,4101.92,4125.36,2,2026-06-11 19:17:00+00:00,4195.6799999999985,target_hit,70.3199999999988,True
1,2026-06-11 19:30:00+00:00,2026-06-11 19:31:00+00:00,4193.69,breakout,4188.21,4210.129999999998,5.479999999999563,16.43999999999869,120,2026-06-11 21:31:00+00:00,4188.21,4193.69,0,2026-06-11 19:34:00+00:00,4210.129999999998,target_hit,16.43999999999869,True
1,2026-06-11 19:45:00+00:00,2026-06-11 19:46:00+00:00,4211.99,breakout,4195.61,4261.13,16.38000000000011,49.14000000000033,120,2026-06-11 21:46:00+00:00,4195.61,4211.99,0,2026-06-11 22:01:00+00:00,4214.92,timeout,2.930000000000291,True
-1,2026-06-12 07:30:00+00:00,2026-06-12 07:32:00+00:00,4173.74,breakout,4179.24,4157.24,5.5,16.5,120,2026-06-12 09:32:00+00:00,4173.74,4179.24,0,2026-06-12 07:39:00+00:00,4179.24,stop_loss,-5.5,False
1,2026-06-12 07:45:00+00:00,2026-06-12 07:46:00+00:00,4177.95,breakout,4173.83,4190.3099999999995,4.119999999999891,12.359999999999673,120,2026-06-12 09:46:00+00:00,4173.83,4177.95,0,2026-06-12 07:59:00+00:00,4190.3099999999995,target_hit,12.359999999999673,True
1,2026-06-12 08:15:00+00:00,2026-06-12 08:16:00+00:00,4198.78,breakout,4192.61,4217.29,6.170000000000073,18.51000000000022,120,2026-06-12 10:16:00+00:00,4192.61,4198.78,0,2026-06-12 08:18:00+00:00,4217.29,target_hit,18.51000000000022,True
-1,2026-06-12 09:30:00+00:00,2026-06-12 09:31:00+00:00,4221.57,breakout,4226.01,4208.249999999998,4.440000000000509,13.320000000001528,120,2026-06-12 11:31:00+00:00,4221.57,4226.01,0,2026-06-12 09:34:00+00:00,4226.01,stop_loss,-4.440000000000509,False
1,2026-06-12 09:45:00+00:00,2026-06-12 09:47:00+00:00,4226.55,breakout,4222.84,4237.68,3.7100000000000364,11.13000000000011,120,2026-06-12 11:47:00+00:00,4222.84,4226.55,0,2026-06-12 09:51:00+00:00,4222.84,stop_loss,-3.7100000000000364,False
-1,2026-06-12 10:30:00+00:00,2026-06-12 10:31:00+00:00,4216.12,breakout,4220.64,4202.559999999999,4.520000000000437,13.56000000000131,120,2026-06-12 13:15:00+00:00,4216.12,4220.64,1,2026-06-12 11:29:00+00:00,4202.559999999999,target_hit,13.56000000000131,True
-1,2026-06-12 11:30:00+00:00,2026-06-12 11:31:00+00:00,4205.21,breakout,4209.6,4192.039999999999,4.390000000000327,13.170000000000982,120,2026-06-12 13:31:00+00:00,4205.21,4209.6,0,2026-06-12 11:42:00+00:00,4209.6,stop_loss,-4.390000000000327,False
1,2026-06-12 11:45:00+00:00,2026-06-12 11:46:00+00:00,4208.64,breakout,4204.32,4221.600000000002,4.3200000000006185,12.960000000001855,120,2026-06-12 13:46:00+00:00,4204.32,4208.64,0,2026-06-12 12:00:00+00:00,4204.32,stop_loss,-4.3200000000006185,False
1,2026-06-12 12:15:00+00:00,2026-06-12 12:16:00+00:00,4212.24,breakout,4207.71,4225.829999999999,4.529999999999745,13.589999999999236,120,2026-06-12 14:16:00+00:00,4207.71,4212.24,0,2026-06-12 12:20:00+00:00,4207.71,stop_loss,-4.529999999999745,False
-1,2026-06-12 12:30:00+00:00,2026-06-12 12:31:00+00:00,4204.16,breakout,4212.26,4179.859999999999,8.100000000000364,24.30000000000109,120,2026-06-12 16:45:00+00:00,4204.16,4212.26,5,2026-06-12 14:47:00+00:00,4179.859999999999,target_hit,24.30000000000109,True
1,2026-06-12 15:30:00+00:00,2026-06-12 15:31:00+00:00,4219.38,breakout,4215.61,4230.690000000001,3.7700000000004366,11.31000000000131,120,2026-06-12 17:31:00+00:00,4215.61,4219.38,0,2026-06-12 15:39:00+00:00,4215.61,stop_loss,-3.7700000000004366,False
-1,2026-06-12 15:45:00+00:00,2026-06-12 15:46:00+00:00,4221.76,breakout,4228.85,4200.49,7.0900000000001455,21.270000000000437,120,2026-06-12 17:46:00+00:00,4221.76,4228.85,0,2026-06-12 16:16:00+00:00,4228.85,stop_loss,-7.0900000000001455,False
1,2026-06-12 16:15:00+00:00,2026-06-12 16:16:00+00:00,4225.31,breakout,4214.06,4259.06,11.25,33.75,120,2026-06-12 18:30:00+00:00,4214.06,4225.31,1,2026-06-12 16:35:00+00:00,4214.06,stop_loss,-11.25,False
-1,2026-06-12 16:45:00+00:00,2026-06-12 16:46:00+00:00,4213.08,breakout,4218.69,4196.250000000001,5.609999999999673,16.829999999999018,120,2026-06-12 18:46:00+00:00,4213.08,4218.69,0,2026-06-12 17:00:00+00:00,4218.69,stop_loss,-5.609999999999673,False
-1,2026-06-12 17:15:00+00:00,2026-06-12 17:16:00+00:00,4218.9,breakout,4224.05,4203.449999999998,5.150000000000546,15.450000000001637,120,2026-06-12 19:16:00+00:00,4218.9,4224.05,0,2026-06-12 17:48:00+00:00,4224.05,stop_loss,-5.150000000000546,False
-1,2026-06-12 18:00:00+00:00,2026-06-12 18:04:00+00:00,4219.93,breakout,4223.86,4208.140000000002,3.9299999999993815,11.789999999998145,120,2026-06-12 20:04:00+00:00,4219.93,4223.86,0,2026-06-12 18:11:00+00:00,4223.86,stop_loss,-3.9299999999993815,False
1,2026-06-12 18:15:00+00:00,2026-06-12 18:16:00+00:00,4228.36,breakout,4224.3,4240.539999999998,4.059999999999491,12.179999999998472,120,2026-06-12 20:30:00+00:00,4224.3,4228.36,1,2026-06-12 18:31:00+00:00,4224.3,stop_loss,-4.059999999999491,False
1,2026-06-15 07:15:00+00:00,2026-06-15 07:16:00+00:00,4310.8,breakout,4306.42,4323.9400000000005,4.380000000000109,13.140000000000327,120,2026-06-15 09:16:00+00:00,4306.42,4310.8,0,2026-06-15 07:58:00+00:00,4323.9400000000005,target_hit,13.140000000000327,True
1,2026-06-15 08:00:00+00:00,2026-06-15 08:01:00+00:00,4318.97,breakout,4314.84,4331.360000000001,4.130000000000109,12.390000000000327,120,2026-06-15 10:15:00+00:00,4314.84,4318.97,1,2026-06-15 08:20:00+00:00,4331.360000000001,target_hit,12.390000000000327,True
1,2026-06-15 08:45:00+00:00,2026-06-15 08:46:00+00:00,4332.9,breakout,4328.98,4344.66,3.9200000000000728,11.760000000000218,120,2026-06-15 10:46:00+00:00,4328.98,4332.9,0,2026-06-15 10:46:00+00:00,4338.53,timeout,5.630000000000109,True
-1,2026-06-15 10:45:00+00:00,2026-06-15 10:54:00+00:00,4336.69,breakout,4340.08,4326.519999999999,3.3900000000003274,10.170000000000982,120,2026-06-15 12:54:00+00:00,4336.69,4340.08,0,2026-06-15 11:11:00+00:00,4340.08,stop_loss,-3.3900000000003274,False
-1,2026-06-15 11:45:00+00:00,2026-06-15 11:46:00+00:00,4337.92,breakout,4343.19,4322.1100000000015,5.269999999999527,15.809999999998581,120,2026-06-15 14:30:00+00:00,4337.92,4343.19,3,2026-06-15 12:34:00+00:00,4343.19,stop_loss,-5.269999999999527,False
1,2026-06-15 13:45:00+00:00,2026-06-15 13:46:00+00:00,4359.03,breakout,4351.96,4380.239999999999,7.069999999999709,21.209999999999127,120,2026-06-15 17:00:00+00:00,4351.96,4359.03,3,2026-06-15 15:01:00+00:00,4351.96,stop_loss,-7.069999999999709,False
-1,2026-06-15 15:15:00+00:00,2026-06-15 15:18:00+00:00,4351.83,breakout,4355.5,4340.82,3.6700000000000728,11.010000000000218,120,2026-06-15 17:18:00+00:00,4351.83,4355.5,0,2026-06-15 15:22:00+00:00,4355.5,stop_loss,-3.6700000000000728,False
-1,2026-06-15 16:30:00+00:00,2026-06-15 16:31:00+00:00,4347.4,breakout,4352.79,4331.229999999999,5.390000000000327,16.170000000000982,120,2026-06-15 18:31:00+00:00,4347.4,4352.79,0,2026-06-15 17:13:00+00:00,4331.229999999999,target_hit,16.170000000000982,True
-1,2026-06-15 17:15:00+00:00,2026-06-15 17:16:00+00:00,4335.08,breakout,4339.31,4322.3899999999985,4.230000000000473,12.690000000001419,120,2026-06-15 19:16:00+00:00,4335.08,4339.31,0,2026-06-15 17:36:00+00:00,4322.3899999999985,target_hit,12.690000000001419,True
-1,2026-06-15 17:45:00+00:00,2026-06-15 17:46:00+00:00,4325.77,breakout,4329.74,4313.860000000002,3.969999999999345,11.909999999998035,120,2026-06-15 19:46:00+00:00,4325.77,4329.74,0,2026-06-15 19:46:00+00:00,4320.24,timeout,5.530000000000655,True
1,2026-06-16 07:15:00+00:00,2026-06-16 07:17:00+00:00,4327.22,breakout,4323.22,4339.22,4.0,12.0,120,2026-06-16 09:17:00+00:00,4323.22,4327.22,0,2026-06-16 08:09:00+00:00,4339.22,target_hit,12.0,True
1,2026-06-16 08:15:00+00:00,2026-06-16 08:16:00+00:00,4339.48,breakout,4335.1,4352.619999999997,4.3799999999992,13.139999999997599,120,2026-06-16 10:45:00+00:00,4335.1,4339.48,2,2026-06-16 10:45:00+00:00,4346.75,timeout,7.270000000000437,True
1,2026-06-16 12:00:00+00:00,2026-06-16 12:01:00+00:00,4340.73,breakout,4336.7,4352.819999999999,4.029999999999745,12.089999999999236,120,2026-06-16 14:45:00+00:00,4336.7,4340.73,1,2026-06-16 12:51:00+00:00,4352.819999999999,target_hit,12.089999999999236,True
-1,2026-06-16 13:15:00+00:00,2026-06-16 13:16:00+00:00,4350.55,breakout,4355.01,4337.17,4.460000000000036,13.38000000000011,120,2026-06-16 15:16:00+00:00,4350.55,4355.01,0,2026-06-16 13:21:00+00:00,4337.17,target_hit,13.38000000000011,True
-1,2026-06-16 14:00:00+00:00,2026-06-16 14:02:00+00:00,4335.16,breakout,4340.6,4318.839999999998,5.440000000000509,16.320000000001528,120,2026-06-16 16:02:00+00:00,4335.16,4340.6,0,2026-06-16 14:27:00+00:00,4318.839999999998,target_hit,16.320000000001528,True
-1,2026-06-16 14:30:00+00:00,2026-06-16 14:31:00+00:00,4329.21,breakout,4333.4,4316.640000000001,4.1899999999996,12.5699999999988,120,2026-06-16 16:31:00+00:00,4329.21,4333.4,0,2026-06-16 14:32:00+00:00,4316.640000000001,target_hit,12.5699999999988,True
1,2026-06-16 14:45:00+00:00,2026-06-16 14:46:00+00:00,4324.93,breakout,4320.01,4339.6900000000005,4.920000000000073,14.760000000000218,120,2026-06-16 16:46:00+00:00,4320.01,4324.93,0,2026-06-16 15:55:00+00:00,4339.6900000000005,target_hit,14.760000000000218,True
1,2026-06-16 16:15:00+00:00,2026-06-16 16:16:00+00:00,4339.42,breakout,4334.73,4353.490000000002,4.690000000000509,14.070000000001528,120,2026-06-16 18:16:00+00:00,4334.73,4339.42,0,2026-06-16 17:14:00+00:00,4334.73,stop_loss,-4.690000000000509,False
-1,2026-06-17 08:45:00+00:00,2026-06-17 08:46:00+00:00,4319.9,breakout,4323.89,4307.929999999998,3.990000000000691,11.970000000002074,120,2026-06-17 10:46:00+00:00,4319.9,4323.89,0,2026-06-17 08:52:00+00:00,4323.89,stop_loss,-3.990000000000691,False
1,2026-06-17 13:30:00+00:00,2026-06-17 13:36:00+00:00,4338.56,breakout,4332.46,4356.8600000000015,6.100000000000364,18.30000000000109,120,2026-06-17 16:15:00+00:00,4332.46,4338.56,2,2026-06-17 14:24:00+00:00,4356.8600000000015,target_hit,18.30000000000109,True
1,2026-06-17 14:30:00+00:00,2026-06-17 14:31:00+00:00,4354.08,breakout,4346.34,4377.299999999999,7.739999999999782,23.219999999999345,120,2026-06-17 16:31:00+00:00,4346.34,4354.08,0,2026-06-17 14:47:00+00:00,4346.34,stop_loss,-7.739999999999782,False
1,2026-06-17 15:15:00+00:00,2026-06-17 15:16:00+00:00,4348.53,breakout,4344.64,4360.199999999998,3.889999999999418,11.669999999998254,120,2026-06-17 17:16:00+00:00,4344.64,4348.53,0,2026-06-17 15:25:00+00:00,4360.199999999998,target_hit,11.669999999998254,True
1,2026-06-17 15:30:00+00:00,2026-06-17 15:31:00+00:00,4351.81,breakout,4346.9,4366.540000000003,4.910000000000764,14.730000000002292,120,2026-06-17 17:31:00+00:00,4346.9,4351.81,0,2026-06-17 16:22:00+00:00,4366.540000000003,target_hit,14.730000000002292,True
1,2026-06-17 16:30:00+00:00,2026-06-17 16:31:00+00:00,4364.87,breakout,4361.51,4374.949999999999,3.3599999999996726,10.079999999999018,120,2026-06-17 18:31:00+00:00,4361.51,4364.87,0,2026-06-17 16:34:00+00:00,4361.51,stop_loss,-3.3599999999996726,False
-1,2026-06-17 18:15:00+00:00,2026-06-17 18:16:00+00:00,4336.78,breakout,4381.52,4202.559999999998,44.74000000000069,134.22000000000207,120,2026-06-17 21:45:00+00:00,4336.78,4381.52,4,2026-06-17 22:01:00+00:00,4256.76,timeout,80.01999999999953,True
1,2026-06-18 07:15:00+00:00,2026-06-18 07:16:00+00:00,4308.58,breakout,4304.34,4321.299999999999,4.239999999999782,12.719999999999345,120,2026-06-18 09:16:00+00:00,4304.34,4308.58,0,2026-06-18 07:25:00+00:00,4304.34,stop_loss,-4.239999999999782,False
-1,2026-06-18 07:45:00+00:00,2026-06-18 07:46:00+00:00,4303.78,breakout,4307.76,4291.839999999998,3.980000000000473,11.940000000001419,120,2026-06-18 09:46:00+00:00,4303.78,4307.76,0,2026-06-18 07:53:00+00:00,4291.839999999998,target_hit,11.940000000001419,True
-1,2026-06-18 08:00:00+00:00,2026-06-18 08:01:00+00:00,4288.58,breakout,4293.0,4275.32,4.420000000000073,13.260000000000218,120,2026-06-18 10:01:00+00:00,4288.58,4293.0,0,2026-06-18 08:07:00+00:00,4293.0,stop_loss,-4.420000000000073,False
-1,2026-06-18 09:00:00+00:00,2026-06-18 09:01:00+00:00,4269.47,breakout,4275.71,4250.750000000001,6.239999999999782,18.719999999999345,120,2026-06-18 13:00:00+00:00,4269.47,4275.71,4,2026-06-18 11:01:00+00:00,4250.750000000001,target_hit,18.719999999999345,True
-1,2026-06-18 11:00:00+00:00,2026-06-18 11:01:00+00:00,4256.03,breakout,4260.73,4241.93,4.699999999999818,14.099999999999454,120,2026-06-18 13:01:00+00:00,4256.03,4260.73,0,2026-06-18 11:11:00+00:00,4241.93,target_hit,14.099999999999454,True
-1,2026-06-18 11:15:00+00:00,2026-06-18 11:17:00+00:00,4246.69,breakout,4251.76,4231.479999999998,5.0700000000006185,15.210000000001855,120,2026-06-18 13:45:00+00:00,4246.69,4251.76,1,2026-06-18 12:11:00+00:00,4251.76,stop_loss,-5.0700000000006185,False
1,2026-06-18 12:15:00+00:00,2026-06-18 12:16:00+00:00,4251.78,breakout,4246.34,4268.0999999999985,5.4399999999996,16.3199999999988,120,2026-06-18 14:16:00+00:00,4246.34,4251.78,0,2026-06-18 12:22:00+00:00,4268.0999999999985,target_hit,16.3199999999988,True
-1,2026-06-18 12:30:00+00:00,2026-06-18 12:33:00+00:00,4254.98,breakout,4259.43,4241.629999999997,4.450000000000728,13.350000000002183,120,2026-06-18 14:33:00+00:00,4254.98,4259.43,0,2026-06-18 12:40:00+00:00,4241.629999999997,target_hit,13.350000000002183,True
-1,2026-06-18 12:45:00+00:00,2026-06-18 12:46:00+00:00,4250.75,breakout,4257.77,4229.689999999999,7.020000000000437,21.06000000000131,120,2026-06-18 14:46:00+00:00,4250.75,4257.77,0,2026-06-18 13:13:00+00:00,4257.77,stop_loss,-7.020000000000437,False
-1,2026-06-18 14:00:00+00:00,2026-06-18 14:01:00+00:00,4259.77,breakout,4265.49,4242.610000000002,5.719999999999345,17.159999999998035,120,2026-06-18 16:01:00+00:00,4259.77,4265.49,0,2026-06-18 14:02:00+00:00,4242.610000000002,target_hit,17.159999999998035,True
-1,2026-06-18 14:15:00+00:00,2026-06-18 14:16:00+00:00,4248.96,breakout,4258.15,4221.390000000001,9.1899999999996,27.5699999999988,120,2026-06-18 17:45:00+00:00,4248.96,4258.15,4,2026-06-18 16:35:00+00:00,4221.390000000001,target_hit,27.5699999999988,True
1,2026-06-18 17:15:00+00:00,2026-06-18 17:16:00+00:00,4228.91,breakout,4223.63,4244.749999999999,5.279999999999745,15.839999999999236,120,2026-06-18 19:16:00+00:00,4223.63,4228.91,0,2026-06-18 17:34:00+00:00,4223.63,stop_loss,-5.279999999999745,False
1,2026-06-18 19:45:00+00:00,2026-06-18 19:46:00+00:00,4210.27,breakout,4206.74,4220.860000000002,3.530000000000655,10.590000000001965,120,2026-06-18 21:46:00+00:00,4206.74,4210.27,0,2026-06-18 22:01:00+00:00,4207.5,timeout,-2.7700000000004366,False
1,2026-06-19 07:00:00+00:00,2026-06-19 07:01:00+00:00,4143.49,breakout,4138.21,4159.329999999999,5.279999999999745,15.839999999999236,120,2026-06-19 09:01:00+00:00,4138.21,4143.49,0,2026-06-19 07:09:00+00:00,4159.329999999999,target_hit,15.839999999999236,True
1,2026-06-19 07:15:00+00:00,2026-06-19 07:16:00+00:00,4156.51,breakout,4151.93,4170.25,4.579999999999927,13.739999999999782,120,2026-06-19 09:16:00+00:00,4151.93,4156.51,0,2026-06-19 07:26:00+00:00,4151.93,stop_loss,-4.579999999999927,False
1,2026-06-19 08:00:00+00:00,2026-06-19 08:09:00+00:00,4163.62,breakout,4156.0,4186.48,7.619999999999891,22.859999999999673,120,2026-06-19 11:30:00+00:00,4156.0,4163.62,2,2026-06-19 10:06:00+00:00,4156.0,stop_loss,-7.619999999999891,False
-1,2026-06-19 11:00:00+00:00,2026-06-19 11:01:00+00:00,4149.52,breakout,4153.17,4138.5700000000015,3.649999999999636,10.949999999998909,120,2026-06-19 13:01:00+00:00,4149.52,4153.17,0,2026-06-19 11:47:00+00:00,4153.17,stop_loss,-3.649999999999636,False
1,2026-06-19 12:15:00+00:00,2026-06-19 12:20:00+00:00,4156.28,breakout,4152.21,4168.489999999999,4.069999999999709,12.209999999999127,120,2026-06-19 14:20:00+00:00,4152.21,4156.28,0,2026-06-19 12:27:00+00:00,4152.21,stop_loss,-4.069999999999709,False
-1,2026-06-19 13:15:00+00:00,2026-06-19 13:16:00+00:00,4172.37,breakout,4177.03,4158.39,4.6599999999998545,13.979999999999563,120,2026-06-19 15:16:00+00:00,4172.37,4177.03,0,2026-06-19 13:44:00+00:00,4158.39,target_hit,13.979999999999563,True
-1,2026-06-19 14:00:00+00:00,2026-06-19 14:01:00+00:00,4154.7,breakout,4159.63,4139.909999999999,4.930000000000291,14.790000000000873,120,2026-06-19 16:01:00+00:00,4154.7,4159.63,0,2026-06-19 16:01:00+00:00,4148.96,timeout,5.739999999999782,True
-1,2026-06-22 07:00:00+00:00,2026-06-22 07:01:00+00:00,4200.0,breakout,4204.73,4185.810000000001,4.729999999999563,14.18999999999869,120,2026-06-22 10:00:00+00:00,4200.0,4204.73,2,2026-06-22 09:06:00+00:00,4204.73,stop_loss,-4.729999999999563,False
1,2026-06-22 10:00:00+00:00,2026-06-22 10:01:00+00:00,4208.12,breakout,4204.49,4219.01,3.630000000000109,10.890000000000327,120,2026-06-22 12:15:00+00:00,4204.49,4208.12,1,2026-06-22 10:47:00+00:00,4204.49,stop_loss,-3.630000000000109,False
-1,2026-06-22 12:30:00+00:00,2026-06-22 12:31:00+00:00,4207.05,breakout,4210.44,4196.880000000002,3.389999999999418,10.169999999998254,120,2026-06-22 14:45:00+00:00,4207.05,4210.44,1,2026-06-22 12:55:00+00:00,4196.880000000002,target_hit,10.169999999998254,True
-1,2026-06-22 13:15:00+00:00,2026-06-22 13:20:00+00:00,4190.77,breakout,4195.41,4176.850000000002,4.639999999999418,13.919999999998254,120,2026-06-22 15:30:00+00:00,4190.77,4195.41,1,2026-06-22 13:46:00+00:00,4195.41,stop_loss,-4.639999999999418,False
1,2026-06-22 13:45:00+00:00,2026-06-22 13:46:00+00:00,4192.1,breakout,4187.46,4206.020000000001,4.640000000000327,13.920000000000982,120,2026-06-22 15:46:00+00:00,4187.46,4192.1,0,2026-06-22 13:55:00+00:00,4206.020000000001,target_hit,13.920000000000982,True
-1,2026-06-22 14:15:00+00:00,2026-06-22 14:20:00+00:00,4195.17,breakout,4200.72,4178.5199999999995,5.550000000000182,16.650000000000546,120,2026-06-22 16:45:00+00:00,4195.17,4200.72,2,2026-06-22 14:46:00+00:00,4200.72,stop_loss,-5.550000000000182,False
1,2026-06-22 15:00:00+00:00,2026-06-22 15:01:00+00:00,4197.4,breakout,4192.81,4211.169999999997,4.589999999999236,13.769999999997708,120,2026-06-22 17:01:00+00:00,4192.81,4197.4,0,2026-06-22 15:19:00+00:00,4192.81,stop_loss,-4.589999999999236,False
1,2026-06-23 07:15:00+00:00,2026-06-23 07:20:00+00:00,4118.95,breakout,4114.37,4132.69,4.579999999999927,13.739999999999782,120,2026-06-23 09:30:00+00:00,4114.37,4118.95,1,2026-06-23 07:36:00+00:00,4114.37,stop_loss,-4.579999999999927,False
-1,2026-06-23 07:45:00+00:00,2026-06-23 07:46:00+00:00,4114.55,breakout,4119.39,4100.03,4.8400000000001455,14.520000000000437,120,2026-06-23 09:46:00+00:00,4114.55,4119.39,0,2026-06-23 07:51:00+00:00,4100.03,target_hit,14.520000000000437,True
1,2026-06-23 08:45:00+00:00,2026-06-23 08:46:00+00:00,4106.34,breakout,4102.2,4118.760000000001,4.140000000000327,12.420000000000982,120,2026-06-23 10:46:00+00:00,4102.2,4106.34,0,2026-06-23 08:47:00+00:00,4102.2,stop_loss,-4.140000000000327,False
1,2026-06-23 09:15:00+00:00,2026-06-23 09:16:00+00:00,4110.76,breakout,4105.86,4125.460000000002,4.900000000000546,14.700000000001637,120,2026-06-23 11:30:00+00:00,4105.86,4110.76,1,2026-06-23 10:00:00+00:00,4125.460000000002,target_hit,14.700000000001637,True
1,2026-06-23 10:00:00+00:00,2026-06-23 10:01:00+00:00,4122.62,breakout,4117.69,4137.410000000001,4.930000000000291,14.790000000000873,120,2026-06-23 12:15:00+00:00,4117.69,4122.62,1,2026-06-23 11:01:00+00:00,4117.69,stop_loss,-4.930000000000291,False
1,2026-06-23 11:15:00+00:00,2026-06-23 11:16:00+00:00,4125.85,breakout,4119.88,4143.760000000001,5.970000000000255,17.910000000000764,120,2026-06-23 13:16:00+00:00,4119.88,4125.85,0,2026-06-23 11:43:00+00:00,4119.88,stop_loss,-5.970000000000255,False
-1,2026-06-23 11:45:00+00:00,2026-06-23 11:46:00+00:00,4123.25,breakout,4126.83,4112.51,3.5799999999999272,10.739999999999782,120,2026-06-23 13:46:00+00:00,4123.25,4126.83,0,2026-06-23 12:00:00+00:00,4126.83,stop_loss,-3.5799999999999272,False
-1,2026-06-23 12:15:00+00:00,2026-06-23 12:16:00+00:00,4122.26,breakout,4126.11,4110.710000000002,3.8499999999994543,11.549999999998363,120,2026-06-23 14:45:00+00:00,4122.26,4126.11,1,2026-06-23 13:00:00+00:00,4110.710000000002,target_hit,11.549999999998363,True
-1,2026-06-23 13:15:00+00:00,2026-06-23 13:16:00+00:00,4110.02,breakout,4114.72,4095.920000000001,4.699999999999818,14.099999999999454,120,2026-06-23 15:16:00+00:00,4110.02,4114.72,0,2026-06-23 13:23:00+00:00,4114.72,stop_loss,-4.699999999999818,False
1,2026-06-23 14:00:00+00:00,2026-06-23 14:01:00+00:00,4135.35,breakout,4127.57,4158.690000000002,7.780000000000655,23.340000000001965,120,2026-06-23 16:30:00+00:00,4127.57,4135.35,2,2026-06-23 14:32:00+00:00,4127.57,stop_loss,-7.780000000000655,False
-1,2026-06-23 14:45:00+00:00,2026-06-23 14:46:00+00:00,4127.98,breakout,4133.49,4111.449999999999,5.510000000000218,16.530000000000655,120,2026-06-23 16:46:00+00:00,4127.98,4133.49,0,2026-06-23 15:01:00+00:00,4133.49,stop_loss,-5.510000000000218,False
1,2026-06-23 15:00:00+00:00,2026-06-23 15:01:00+00:00,4129.79,breakout,4125.5,4142.66,4.289999999999964,12.86999999999989,120,2026-06-23 17:01:00+00:00,4125.5,4129.79,0,2026-06-23 15:08:00+00:00,4125.5,stop_loss,-4.289999999999964,False
-1,2026-06-23 15:15:00+00:00,2026-06-23 15:23:00+00:00,4124.07,breakout,4130.71,4104.149999999999,6.640000000000327,19.920000000000982,120,2026-06-23 17:23:00+00:00,4124.07,4130.71,0,2026-06-23 15:30:00+00:00,4130.71,stop_loss,-6.640000000000327,False
1,2026-06-23 15:45:00+00:00,2026-06-23 15:46:00+00:00,4131.23,breakout,4126.46,4145.539999999998,4.769999999999527,14.309999999998581,120,2026-06-23 18:30:00+00:00,4126.46,4131.23,1,2026-06-23 18:04:00+00:00,4126.46,stop_loss,-4.769999999999527,False
-1,2026-06-24 07:15:00+00:00,2026-06-24 07:16:00+00:00,4085.42,breakout,4089.73,4072.4900000000002,4.309999999999945,12.929999999999836,120,2026-06-24 09:16:00+00:00,4085.42,4089.73,0,2026-06-24 09:07:00+00:00,4072.4900000000002,target_hit,12.929999999999836,True
1,2026-06-24 09:15:00+00:00,2026-06-24 09:16:00+00:00,4076.14,breakout,4071.83,4089.0699999999997,4.309999999999945,12.929999999999836,120,2026-06-24 11:16:00+00:00,4071.83,4076.14,0,2026-06-24 09:26:00+00:00,4071.83,stop_loss,-4.309999999999945,False
1,2026-06-24 10:30:00+00:00,2026-06-24 10:31:00+00:00,4060.83,breakout,4056.88,4072.6799999999994,3.949999999999818,11.849999999999454,120,2026-06-24 12:31:00+00:00,4056.88,4060.83,0,2026-06-24 10:38:00+00:00,4056.88,stop_loss,-3.949999999999818,False
1,2026-06-24 10:45:00+00:00,2026-06-24 10:46:00+00:00,4061.8,breakout,4057.8,4073.8,4.0,12.0,120,2026-06-24 12:46:00+00:00,4057.8,4061.8,0,2026-06-24 10:53:00+00:00,4057.8,stop_loss,-4.0,False
-1,2026-06-24 11:15:00+00:00,2026-06-24 11:16:00+00:00,4050.79,breakout,4056.03,4035.0699999999993,5.2400000000002365,15.72000000000071,120,2026-06-24 13:30:00+00:00,4050.79,4056.03,1,2026-06-24 11:52:00+00:00,4056.03,stop_loss,-5.2400000000002365,False
1,2026-06-24 12:00:00+00:00,2026-06-24 12:01:00+00:00,4045.7,breakout,4040.78,4060.4599999999987,4.919999999999618,14.759999999998854,120,2026-06-24 14:01:00+00:00,4040.78,4045.7,0,2026-06-24 12:06:00+00:00,4040.78,stop_loss,-4.919999999999618,False
-1,2026-06-24 12:15:00+00:00,2026-06-24 12:16:00+00:00,4039.43,breakout,4043.81,4026.2899999999995,4.380000000000109,13.140000000000327,120,2026-06-24 14:16:00+00:00,4039.43,4043.81,0,2026-06-24 12:25:00+00:00,4026.2899999999995,target_hit,13.140000000000327,True
-1,2026-06-24 12:45:00+00:00,2026-06-24 12:46:00+00:00,4011.04,breakout,4017.44,3991.8399999999997,6.400000000000091,19.200000000000273,120,2026-06-24 14:46:00+00:00,4011.04,4017.44,0,2026-06-24 12:59:00+00:00,3991.8399999999997,target_hit,19.200000000000273,True
-1,2026-06-24 13:00:00+00:00,2026-06-24 13:01:00+00:00,4002.88,breakout,4011.17,3978.01,8.289999999999964,24.86999999999989,120,2026-06-24 15:01:00+00:00,4002.88,4011.17,0,2026-06-24 13:02:00+00:00,3978.01,target_hit,24.86999999999989,True
-1,2026-06-24 13:15:00+00:00,2026-06-24 13:16:00+00:00,3979.26,breakout,3989.77,3947.730000000001,10.509999999999764,31.52999999999929,120,2026-06-24 15:16:00+00:00,3979.26,3989.77,0,2026-06-24 13:32:00+00:00,3989.77,stop_loss,-10.509999999999764,False
1,2026-06-24 13:45:00+00:00,2026-06-24 13:46:00+00:00,3982.02,breakout,3974.45,4004.7300000000005,7.570000000000164,22.71000000000049,120,2026-06-24 15:46:00+00:00,3974.45,3982.02,0,2026-06-24 13:47:00+00:00,4004.7300000000005,target_hit,22.71000000000049,True
1,2026-06-24 14:00:00+00:00,2026-06-24 14:01:00+00:00,4017.64,breakout,4009.95,4040.71,7.690000000000055,23.070000000000164,120,2026-06-24 16:45:00+00:00,4009.95,4017.64,1,2026-06-24 14:46:00+00:00,4009.95,stop_loss,-7.690000000000055,False
-1,2026-06-24 15:00:00+00:00,2026-06-24 15:01:00+00:00,4011.51,breakout,4016.12,3997.680000000001,4.609999999999673,13.829999999999018,120,2026-06-24 17:01:00+00:00,4011.51,4016.12,0,2026-06-24 15:06:00+00:00,3997.680000000001,target_hit,13.829999999999018,True
-1,2026-06-24 15:15:00+00:00,2026-06-24 15:16:00+00:00,4004.03,breakout,4009.44,3987.8000000000006,5.4099999999998545,16.229999999999563,120,2026-06-24 17:16:00+00:00,4004.03,4009.44,0,2026-06-24 15:19:00+00:00,4009.44,stop_loss,-5.4099999999998545,False
1,2026-06-24 15:30:00+00:00,2026-06-24 15:31:00+00:00,4005.61,breakout,4000.2,4021.840000000001,5.410000000000309,16.230000000000928,120,2026-06-24 17:31:00+00:00,4000.2,4005.61,0,2026-06-24 15:59:00+00:00,4000.2,stop_loss,-5.410000000000309,False
1,2026-06-24 16:15:00+00:00,2026-06-24 16:16:00+00:00,4003.98,breakout,3999.43,4017.6300000000006,4.550000000000182,13.650000000000546,120,2026-06-24 18:30:00+00:00,3999.43,4003.98,1,2026-06-24 16:31:00+00:00,4017.6300000000006,target_hit,13.650000000000546,True
1,2026-06-24 16:30:00+00:00,2026-06-24 16:31:00+00:00,4008.99,breakout,4003.6,4025.1599999999994,5.389999999999873,16.169999999999618,120,2026-06-24 19:00:00+00:00,4003.6,4008.99,2,2026-06-24 17:16:00+00:00,4003.6,stop_loss,-5.389999999999873,False
-1,2026-06-24 17:30:00+00:00,2026-06-24 17:31:00+00:00,3994.05,breakout,3999.24,3978.4800000000014,5.1899999999996,15.5699999999988,120,2026-06-24 19:31:00+00:00,3994.05,3999.24,0,2026-06-24 17:50:00+00:00,3978.4800000000014,target_hit,15.5699999999988,True
-1,2026-06-24 18:00:00+00:00,2026-06-24 18:01:00+00:00,3979.9,breakout,3985.18,3964.060000000001,5.279999999999745,15.839999999999236,120,2026-06-24 20:01:00+00:00,3979.9,3985.18,0,2026-06-24 18:03:00+00:00,3964.060000000001,target_hit,15.839999999999236,True
-1,2026-06-24 18:30:00+00:00,2026-06-24 18:40:00+00:00,3982.94,breakout,3987.73,3968.57,4.789999999999964,14.36999999999989,120,2026-06-24 20:40:00+00:00,3982.94,3987.73,0,2026-06-24 19:30:00+00:00,3987.73,stop_loss,-4.789999999999964,False
1,2026-06-24 19:45:00+00:00,2026-06-24 19:54:00+00:00,3989.08,breakout,3983.89,4004.65,5.190000000000055,15.570000000000164,120,2026-06-24 21:54:00+00:00,3983.89,3989.08,0,2026-06-24 22:01:00+00:00,4004.65,target_hit,15.570000000000164,True
1,2026-06-25 07:30:00+00:00,2026-06-25 07:31:00+00:00,3981.69,breakout,3977.79,3993.3900000000003,3.900000000000091,11.700000000000273,120,2026-06-25 09:31:00+00:00,3977.79,3981.69,0,2026-06-25 07:40:00+00:00,3977.79,stop_loss,-3.900000000000091,False
1,2026-06-25 08:00:00+00:00,2026-06-25 08:01:00+00:00,3983.18,breakout,3977.73,3999.5299999999993,5.449999999999818,16.349999999999454,120,2026-06-25 10:01:00+00:00,3977.73,3983.18,0,2026-06-25 08:22:00+00:00,3999.5299999999993,target_hit,16.349999999999454,True
1,2026-06-25 08:30:00+00:00,2026-06-25 08:31:00+00:00,3994.89,breakout,3989.22,4011.9,5.670000000000073,17.01000000000022,120,2026-06-25 10:31:00+00:00,3989.22,3994.89,0,2026-06-25 08:58:00+00:00,3989.22,stop_loss,-5.670000000000073,False
-1,2026-06-25 09:00:00+00:00,2026-06-25 09:01:00+00:00,3996.07,breakout,4000.11,3983.9500000000003,4.039999999999964,12.11999999999989,120,2026-06-25 12:00:00+00:00,3996.07,4000.11,2,2026-06-25 10:12:00+00:00,3983.9500000000003,target_hit,12.11999999999989,True
1,2026-06-25 11:30:00+00:00,2026-06-25 11:39:00+00:00,3982.21,breakout,3977.66,3995.8600000000006,4.550000000000182,13.650000000000546,120,2026-06-25 13:45:00+00:00,3977.66,3982.21,1,2026-06-25 12:30:00+00:00,3995.8600000000006,target_hit,13.650000000000546,True
1,2026-06-25 12:30:00+00:00,2026-06-25 12:31:00+00:00,3985.74,breakout,3980.61,4001.1299999999987,5.129999999999654,15.389999999998963,120,2026-06-25 14:31:00+00:00,3980.61,3985.74,0,2026-06-25 12:32:00+00:00,4001.1299999999987,target_hit,15.389999999998963,True
