side,signal_ts,entry_time,entry_price,entry_style,stop,target,sl,tp,horizon,timeout,impulse_low,impulse_high,target_updates,exit_time,exit_price,exit_reason,pnl,win
1,2025-06-02 07:30:00+00:00,2025-06-02 07:31:00+00:00,3355.88,open,3351.18,3369.980000000001,4.700000000000273,14.100000000000819,120,2025-06-02 09:31:00+00:00,3351.18,3354.8,0,2025-06-02 07:55:00+00:00,3351.18,stop_loss,-4.700000000000273,False
1,2025-06-02 11:00:00+00:00,2025-06-02 11:01:00+00:00,3348.4,open,3346.31,3354.6700000000005,2.0900000000001455,6.270000000000437,120,2025-06-02 13:01:00+00:00,3346.31,3350.43,0,2025-06-02 11:05:00+00:00,3346.31,stop_loss,-2.0900000000001455,False
1,2025-06-02 11:45:00+00:00,2025-06-02 11:46:00+00:00,3356.74,open,3354.15,3364.509999999999,2.5899999999996908,7.769999999999072,120,2025-06-02 13:46:00+00:00,3354.15,3358.08,0,2025-06-02 11:50:00+00:00,3354.15,stop_loss,-2.5899999999996908,False
1,2025-06-02 14:00:00+00:00,2025-06-02 14:01:00+00:00,3375.2,open,3369.83,3391.3099999999995,5.369999999999891,16.109999999999673,120,2025-06-02 16:01:00+00:00,3369.83,3374.88,0,2025-06-02 14:08:00+00:00,3369.83,stop_loss,-5.369999999999891,False
-1,2025-06-02 15:30:00+00:00,2025-06-02 15:31:00+00:00,3372.38,open,3375.3,3363.62,2.9200000000000728,8.760000000000218,120,2025-06-02 17:31:00+00:00,3371.85,3375.3,0,2025-06-02 15:42:00+00:00,3375.3,stop_loss,-2.9200000000000728,False
-1,2025-06-03 13:45:00+00:00,2025-06-03 13:46:00+00:00,3348.48,open,3359.86,3314.3399999999997,11.38000000000011,34.14000000000033,120,2025-06-03 16:15:00+00:00,3353.32,3359.86,2,2025-06-03 16:15:00+00:00,3349.99,timeout,-1.5099999999997635,False
-1,2025-06-04 11:00:00+00:00,2025-06-04 11:01:00+00:00,3351.13,open,3354.23,3341.8300000000004,3.099999999999909,9.299999999999727,120,2025-06-04 13:30:00+00:00,3349.93,3354.23,1,2025-06-04 12:15:00+00:00,3354.23,stop_loss,-3.099999999999909,False
-1,2025-06-04 12:30:00+00:00,2025-06-04 12:31:00+00:00,3349.78,open,3350.95,3346.2700000000013,1.169999999999618,3.509999999998854,120,2025-06-04 14:31:00+00:00,3345.47,3350.95,0,2025-06-04 12:32:00+00:00,3350.95,stop_loss,-1.169999999999618,False
1,2025-06-04 12:45:00+00:00,2025-06-04 12:46:00+00:00,3356.08,open,3349.75,3375.0699999999997,6.329999999999927,18.98999999999978,120,2025-06-04 16:15:00+00:00,3349.75,3354.98,1,2025-06-04 14:37:00+00:00,3375.0699999999997,target_hit,18.98999999999978,True
1,2025-06-05 10:15:00+00:00,2025-06-05 10:16:00+00:00,3391.93,open,3389.98,3397.7799999999993,1.949999999999818,5.849999999999454,120,2025-06-05 12:16:00+00:00,3389.98,3394.29,0,2025-06-05 10:31:00+00:00,3397.7799999999993,target_hit,5.849999999999454,True
-1,2025-06-05 13:00:00+00:00,2025-06-05 13:01:00+00:00,3379.43,open,3391.08,3344.4799999999996,11.650000000000091,34.95000000000027,120,2025-06-05 17:45:00+00:00,3380.57,3391.08,7,2025-06-05 15:47:00+00:00,3344.4799999999996,target_hit,34.95000000000027,True
-1,2025-06-06 09:15:00+00:00,2025-06-06 09:16:00+00:00,3360.33,open,3365.4,3345.1199999999994,5.070000000000164,15.210000000000491,120,2025-06-06 11:16:00+00:00,3361.1,3365.4,0,2025-06-06 11:16:00+00:00,3362.13,timeout,-1.800000000000182,False
-1,2025-06-06 12:45:00+00:00,2025-06-06 12:46:00+00:00,3353.01,open,3362.37,3324.930000000001,9.359999999999673,28.079999999999018,120,2025-06-06 16:15:00+00:00,3349.3,3362.37,4,2025-06-06 14:19:00+00:00,3324.930000000001,target_hit,28.079999999999018,True
-1,2025-06-06 14:30:00+00:00,2025-06-06 14:31:00+00:00,3328.43,open,3335.98,3305.7799999999993,7.550000000000182,22.650000000000546,120,2025-06-06 17:15:00+00:00,3327.03,3335.98,2,2025-06-06 15:38:00+00:00,3335.98,stop_loss,-7.550000000000182,False
1,2025-06-09 14:00:00+00:00,2025-06-09 14:01:00+00:00,3319.0,open,3314.03,3333.9099999999994,4.9699999999998,14.9099999999994,120,2025-06-09 16:01:00+00:00,3314.03,3317.59,0,2025-06-09 16:01:00+00:00,3328.26,timeout,9.260000000000218,True
-1,2025-06-10 07:45:00+00:00,2025-06-10 07:46:00+00:00,3330.56,open,3331.68,3327.2000000000003,1.1199999999998909,3.3599999999996726,120,2025-06-10 09:46:00+00:00,3327.33,3331.68,0,2025-06-10 08:07:00+00:00,3327.2000000000003,target_hit,3.3599999999996726,True
-1,2025-06-10 11:45:00+00:00,2025-06-10 11:46:00+00:00,3337.05,open,3339.8,3328.8,2.75,8.25,120,2025-06-10 13:46:00+00:00,3336.03,3339.8,0,2025-06-10 12:15:00+00:00,3328.8,target_hit,8.25,True
1,2025-06-10 13:30:00+00:00,2025-06-10 13:31:00+00:00,3345.33,open,3342.72,3353.1600000000003,2.6100000000001273,7.830000000000382,120,2025-06-10 15:31:00+00:00,3342.72,3346.42,0,2025-06-10 13:37:00+00:00,3342.72,stop_loss,-2.6100000000001273,False
-1,2025-06-10 14:30:00+00:00,2025-06-10 14:31:00+00:00,3332.95,open,3335.93,3324.0099999999998,2.980000000000018,8.940000000000055,120,2025-06-10 17:00:00+00:00,3331.73,3335.93,1,2025-06-10 15:17:00+00:00,3324.0099999999998,target_hit,8.940000000000055,True
-1,2025-06-10 16:15:00+00:00,2025-06-10 16:16:00+00:00,3322.02,open,3325.43,3311.7900000000004,3.4099999999998545,10.229999999999563,120,2025-06-10 18:16:00+00:00,3321.45,3325.43,0,2025-06-10 17:43:00+00:00,3325.43,stop_loss,-3.4099999999998545,False
1,2025-06-11 08:00:00+00:00,2025-06-11 08:01:00+00:00,3344.25,open,3342.18,3350.4600000000005,2.0700000000001637,6.210000000000491,120,2025-06-11 10:01:00+00:00,3342.18,3346.5,0,2025-06-11 09:02:00+00:00,3342.18,stop_loss,-2.0700000000001637,False
-1,2025-06-11 12:15:00+00:00,2025-06-11 12:16:00+00:00,3334.43,open,3336.9,3327.019999999999,2.4700000000002547,7.410000000000764,120,2025-06-11 14:16:00+00:00,3328.7,3336.9,0,2025-06-11 12:18:00+00:00,3336.9,stop_loss,-2.4700000000002547,False
1,2025-06-11 12:45:00+00:00,2025-06-11 12:46:00+00:00,3355.18,open,3337.77,3407.4099999999994,17.409999999999854,52.22999999999956,120,2025-06-11 14:46:00+00:00,3337.77,3353.28,0,2025-06-11 12:56:00+00:00,3337.77,stop_loss,-17.409999999999854,False
-1,2025-06-11 13:00:00+00:00,2025-06-11 13:01:00+00:00,3338.18,open,3355.69,3285.649999999999,17.51000000000022,52.530000000000655,120,2025-06-11 15:45:00+00:00,3351.28,3355.69,2,2025-06-11 15:45:00+00:00,3333.13,timeout,5.049999999999727,True
1,2025-06-11 18:15:00+00:00,2025-06-11 18:16:00+00:00,3342.85,open,3327.43,3389.11,15.420000000000073,46.26000000000022,120,2025-06-11 20:16:00+00:00,3327.43,3331.75,0,2025-06-11 20:16:00+00:00,3347.24,timeout,4.389999999999873,True
-1,2025-06-12 07:45:00+00:00,2025-06-12 07:46:00+00:00,3341.83,open,3368.03,3263.229999999999,26.200000000000273,78.60000000000082,120,2025-06-12 09:46:00+00:00,3363.6,3368.03,0,2025-06-12 09:46:00+00:00,3362.13,timeout,-20.300000000000182,False
1,2025-06-12 10:30:00+00:00,2025-06-12 10:31:00+00:00,3381.58,open,3368.58,3420.58,13.0,39.0,120,2025-06-12 12:31:00+00:00,3368.58,3373.28,0,2025-06-12 12:31:00+00:00,3384.23,timeout,2.650000000000091,True
1,2025-06-12 13:45:00+00:00,2025-06-12 13:46:00+00:00,3396.78,open,3382.18,3440.5800000000013,14.600000000000364,43.80000000000109,120,2025-06-12 15:46:00+00:00,3382.18,3386.03,0,2025-06-12 15:09:00+00:00,3382.18,stop_loss,-14.600000000000364,False
1,2025-06-12 15:30:00+00:00,2025-06-12 15:31:00+00:00,3388.78,open,3378.68,3419.0800000000013,10.100000000000364,30.30000000000109,120,2025-06-12 17:31:00+00:00,3378.68,3384.23,0,2025-06-12 17:20:00+00:00,3378.68,stop_loss,-10.100000000000364,False
-1,2025-06-13 07:00:00+00:00,2025-06-13 07:01:00+00:00,3416.68,open,3419.35,3408.6699999999996,2.6700000000000728,8.010000000000218,120,2025-06-13 09:01:00+00:00,3415.65,3419.35,0,2025-06-13 07:10:00+00:00,3408.6699999999996,target_hit,8.010000000000218,True
1,2025-06-13 07:15:00+00:00,2025-06-13 07:16:00+00:00,3414.63,open,3408.33,3433.5300000000007,6.300000000000182,18.900000000000546,120,2025-06-13 09:16:00+00:00,3408.33,3411.83,0,2025-06-13 09:16:00+00:00,3424.28,timeout,9.650000000000091,True
-1,2025-06-13 10:45:00+00:00,2025-06-13 10:46:00+00:00,3414.53,open,3418.55,3402.4700000000003,4.019999999999982,12.059999999999945,120,2025-06-13 12:46:00+00:00,3415.2,3418.55,0,2025-06-13 11:15:00+00:00,3418.55,stop_loss,-4.019999999999982,False
1,2025-06-13 12:45:00+00:00,2025-06-13 12:46:00+00:00,3430.98,open,3428.53,3438.3299999999995,2.449999999999818,7.349999999999454,120,2025-06-13 14:46:00+00:00,3428.53,3432.09,0,2025-06-13 12:58:00+00:00,3438.3299999999995,target_hit,7.349999999999454,True
-1,2025-06-13 14:00:00+00:00,2025-06-13 14:01:00+00:00,3436.45,open,3441.83,3420.3099999999995,5.380000000000109,16.140000000000327,120,2025-06-13 17:15:00+00:00,3437.07,3441.83,2,2025-06-13 16:10:00+00:00,3420.3099999999995,target_hit,16.140000000000327,True
-1,2025-06-16 07:15:00+00:00,2025-06-16 07:16:00+00:00,3411.25,open,3418.45,3389.6500000000005,7.199999999999818,21.599999999999454,120,2025-06-16 09:16:00+00:00,3414.93,3418.45,0,2025-06-16 08:20:00+00:00,3418.45,stop_loss,-7.199999999999818,False
-1,2025-06-16 12:30:00+00:00,2025-06-16 12:31:00+00:00,3414.28,open,3417.45,3404.7700000000013,3.169999999999618,9.509999999998854,120,2025-06-16 14:31:00+00:00,3413.55,3417.45,0,2025-06-16 12:53:00+00:00,3417.45,stop_loss,-3.169999999999618,False
1,2025-06-16 13:45:00+00:00,2025-06-16 13:46:00+00:00,3406.83,open,3404.61,3413.4899999999993,2.2199999999998,6.6599999999994,120,2025-06-16 15:46:00+00:00,3404.61,3409.55,0,2025-06-16 13:53:00+00:00,3404.61,stop_loss,-2.2199999999998,False
-1,2025-06-16 14:00:00+00:00,2025-06-16 14:01:00+00:00,3390.63,open,3409.54,3333.9000000000005,18.909999999999854,56.72999999999956,120,2025-06-16 16:01:00+00:00,3403.06,3409.54,0,2025-06-16 16:01:00+00:00,3403.73,timeout,-13.099999999999909,False
-1,2025-06-17 12:45:00+00:00,2025-06-17 12:46:00+00:00,3385.93,open,3388.88,3377.079999999999,2.950000000000273,8.850000000000819,120,2025-06-17 14:46:00+00:00,3385.1,3388.88,0,2025-06-17 12:57:00+00:00,3388.88,stop_loss,-2.950000000000273,False
-1,2025-06-17 14:00:00+00:00,2025-06-17 14:01:00+00:00,3389.58,open,3395.58,3371.58,6.0,18.0,120,2025-06-17 16:15:00+00:00,3392.23,3395.58,1,2025-06-17 14:37:00+00:00,3371.58,target_hit,18.0,True
-1,2025-06-17 14:45:00+00:00,2025-06-17 14:46:00+00:00,3374.97,open,3383.98,3347.939999999999,9.010000000000218,27.030000000000655,120,2025-06-17 16:46:00+00:00,3380.13,3383.98,0,2025-06-17 14:54:00+00:00,3383.98,stop_loss,-9.010000000000218,False
-1,2025-06-18 12:00:00+00:00,2025-06-18 12:01:00+00:00,3382.44,open,3385.15,3374.31,2.7100000000000364,8.13000000000011,120,2025-06-18 14:01:00+00:00,3381.13,3385.15,0,2025-06-18 12:09:00+00:00,3385.15,stop_loss,-2.7100000000000364,False
-1,2025-06-18 14:15:00+00:00,2025-06-18 14:16:00+00:00,3383.73,open,3391.73,3359.73,8.0,24.0,120,2025-06-18 16:30:00+00:00,3387.72,3391.73,1,2025-06-18 15:50:00+00:00,3391.73,stop_loss,-8.0,False
-1,2025-06-18 18:45:00+00:00,2025-06-18 18:46:00+00:00,3385.68,open,3390.33,3371.7299999999996,4.650000000000091,13.950000000000273,120,2025-06-18 20:46:00+00:00,3385.6,3390.33,0,2025-06-18 19:14:00+00:00,3371.7299999999996,target_hit,13.950000000000273,True
-1,2025-06-18 19:15:00+00:00,2025-06-18 19:16:00+00:00,3373.83,open,3379.48,3356.8799999999997,5.650000000000091,16.950000000000273,120,2025-06-18 21:30:00+00:00,3375.93,3379.48,1,2025-06-18 22:01:00+00:00,3373.35,timeout,0.4800000000000182,True
1,2025-06-19 07:45:00+00:00,2025-06-19 07:46:00+00:00,3367.03,open,3357.55,3395.4700000000003,9.480000000000018,28.440000000000055,120,2025-06-19 09:46:00+00:00,3357.55,3361.23,0,2025-06-19 09:46:00+00:00,3372.1,timeout,5.069999999999709,True
-1,2025-06-20 12:45:00+00:00,2025-06-20 12:46:00+00:00,3346.13,open,3347.75,3341.2700000000004,1.6199999999998909,4.859999999999673,120,2025-06-20 14:46:00+00:00,3342.67,3347.75,0,2025-06-20 13:05:00+00:00,3347.75,stop_loss,-1.6199999999998909,False
-1,2025-06-20 14:15:00+00:00,2025-06-20 14:16:00+00:00,3369.3,open,3370.98,3364.2600000000007,1.6799999999998363,5.039999999999509,120,2025-06-20 16:16:00+00:00,3366.28,3370.98,0,2025-06-20 15:00:00+00:00,3370.98,stop_loss,-1.6799999999998363,False
-1,2025-06-23 11:30:00+00:00,2025-06-23 11:31:00+00:00,3379.18,open,3380.55,3375.069999999999,1.3700000000003456,4.110000000001037,120,2025-06-23 13:31:00+00:00,3375.37,3380.55,0,2025-06-23 11:58:00+00:00,3380.55,stop_loss,-1.3700000000003456,False
-1,2025-06-23 12:30:00+00:00,2025-06-23 12:31:00+00:00,3359.73,open,3368.58,3333.1800000000003,8.849999999999909,26.549999999999727,120,2025-06-23 14:31:00+00:00,3363.69,3368.58,0,2025-06-23 13:16:00+00:00,3368.58,stop_loss,-8.849999999999909,False
-1,2025-06-23 14:00:00+00:00,2025-06-23 14:01:00+00:00,3381.15,open,3384.55,3370.95,3.400000000000091,10.200000000000273,120,2025-06-23 16:01:00+00:00,3378.93,3384.55,0,2025-06-23 14:06:00+00:00,3370.95,target_hit,10.200000000000273,True
-1,2025-06-23 14:15:00+00:00,2025-06-23 14:16:00+00:00,3377.56,open,3384.33,3357.25,6.769999999999982,20.309999999999945,120,2025-06-23 16:16:00+00:00,3376.16,3384.33,0,2025-06-23 14:45:00+00:00,3384.33,stop_loss,-6.769999999999982,False
-1,2025-06-23 16:45:00+00:00,2025-06-23 16:46:00+00:00,3385.58,open,3386.78,3381.979999999999,1.2000000000002728,3.6000000000008185,120,2025-06-23 18:46:00+00:00,3380.5,3386.78,0,2025-06-23 16:52:00+00:00,3386.78,stop_loss,-1.2000000000002728,False
-1,2025-06-23 18:45:00+00:00,2025-06-23 18:46:00+00:00,3378.63,open,3383.83,3363.0300000000007,5.199999999999818,15.599999999999454,120,2025-06-23 20:46:00+00:00,3378.73,3383.83,0,2025-06-23 20:46:00+00:00,3369.18,timeout,9.450000000000273,True
1,2025-06-24 08:15:00+00:00,2025-06-24 08:16:00+00:00,3331.48,open,3326.98,3344.98,4.5,13.5,120,2025-06-24 10:16:00+00:00,3326.98,3330.87,0,2025-06-24 08:23:00+00:00,3326.98,stop_loss,-4.5,False
-1,2025-06-24 12:15:00+00:00,2025-06-24 12:16:00+00:00,3314.15,open,3316.9,3305.9,2.75,8.25,120,2025-06-24 14:16:00+00:00,3312.73,3316.9,0,2025-06-24 12:20:00+00:00,3316.9,stop_loss,-2.75,False
-1,2025-06-24 12:45:00+00:00,2025-06-24 12:46:00+00:00,3308.6,open,3313.65,3293.4499999999994,5.050000000000182,15.150000000000546,120,2025-06-24 14:46:00+00:00,3310.28,3313.65,0,2025-06-24 12:49:00+00:00,3313.65,stop_loss,-5.050000000000182,False
1,2025-06-24 14:15:00+00:00,2025-06-24 14:16:00+00:00,3308.28,open,3299.43,3334.8300000000013,8.850000000000364,26.55000000000109,120,2025-06-24 17:30:00+00:00,3299.43,3303.25,2,2025-06-24 17:30:00+00:00,3320.18,timeout,11.899999999999636,True
-1,2025-06-26 12:45:00+00:00,2025-06-26 12:46:00+00:00,3333.23,open,3344.59,3299.1499999999996,11.360000000000127,34.08000000000038,120,2025-06-26 15:15:00+00:00,3337.73,3344.59,1,2025-06-26 15:15:00+00:00,3323.68,timeout,9.550000000000182,True
-1,2025-06-27 09:15:00+00:00,2025-06-27 09:16:00+00:00,3286.48,open,3289.63,3277.0299999999997,3.150000000000091,9.450000000000273,120,2025-06-27 11:16:00+00:00,3285.33,3289.63,0,2025-06-27 10:09:00+00:00,3289.63,stop_loss,-3.150000000000091,False
-1,2025-06-27 12:45:00+00:00,2025-06-27 12:46:00+00:00,3271.23,open,3277.03,3253.8299999999995,5.800000000000182,17.400000000000546,120,2025-06-27 15:00:00+00:00,3271.93,3277.03,1,2025-06-27 14:05:00+00:00,3277.03,stop_loss,-5.800000000000182,False
1,2025-07-01 12:45:00+00:00,2025-07-01 12:46:00+00:00,3355.95,open,3351.38,3369.659999999999,4.569999999999709,13.709999999999127,120,2025-07-01 14:46:00+00:00,3351.38,3354.74,0,2025-07-01 13:06:00+00:00,3351.38,stop_loss,-4.569999999999709,False
1,2025-07-02 12:30:00+00:00,2025-07-02 12:31:00+00:00,3345.04,open,3336.76,3369.879999999999,8.279999999999745,24.839999999999236,120,2025-07-02 15:45:00+00:00,3336.76,3345.83,1,2025-07-02 13:49:00+00:00,3336.76,stop_loss,-8.279999999999745,False
-1,2025-07-02 14:00:00+00:00,2025-07-02 14:01:00+00:00,3338.25,open,3344.23,3320.31,5.980000000000018,17.940000000000055,120,2025-07-02 16:01:00+00:00,3340.63,3344.23,0,2025-07-02 16:01:00+00:00,3342.33,timeout,-4.079999999999927,False
-1,2025-07-03 12:45:00+00:00,2025-07-03 12:46:00+00:00,3314.03,open,3351.42,3201.8600000000006,37.38999999999987,112.16999999999962,120,2025-07-03 14:46:00+00:00,3328.72,3351.42,0,2025-07-03 14:46:00+00:00,3327.61,timeout,-13.579999999999927,False
-1,2025-07-07 10:45:00+00:00,2025-07-07 10:46:00+00:00,3298.43,open,3305.67,3276.709999999999,7.2400000000002365,21.72000000000071,120,2025-07-07 12:46:00+00:00,3301.83,3305.67,0,2025-07-07 11:09:00+00:00,3305.67,stop_loss,-7.2400000000002365,False
1,2025-07-08 15:30:00+00:00,2025-07-08 15:31:00+00:00,3297.68,open,3288.85,3324.1699999999996,8.829999999999927,26.48999999999978,120,2025-07-08 19:00:00+00:00,3288.85,3293.96,1,2025-07-08 19:00:00+00:00,3305.83,timeout,8.150000000000091,True
-1,2025-07-09 08:00:00+00:00,2025-07-09 08:01:00+00:00,3291.35,open,3294.84,3280.879999999999,3.4900000000002365,10.47000000000071,120,2025-07-09 10:01:00+00:00,3291.09,3294.84,0,2025-07-09 10:01:00+00:00,3290.66,timeout,0.6900000000000546,True
1,2025-07-11 11:30:00+00:00,2025-07-11 11:31:00+00:00,3346.23,open,3342.28,3358.0799999999995,3.949999999999818,11.849999999999454,120,2025-07-11 14:45:00+00:00,3342.28,3345.73,1,2025-07-11 13:04:00+00:00,3358.0799999999995,target_hit,11.849999999999454,True
1,2025-07-11 13:15:00+00:00,2025-07-11 13:16:00+00:00,3356.48,open,3354.6,3362.1200000000003,1.8800000000001091,5.640000000000327,120,2025-07-11 15:16:00+00:00,3354.6,3357.97,0,2025-07-11 13:21:00+00:00,3354.6,stop_loss,-1.8800000000001091,False
-1,2025-07-11 13:45:00+00:00,2025-07-11 13:46:00+00:00,3354.03,open,3356.47,3346.7100000000014,2.4399999999996,7.3199999999987995,120,2025-07-11 15:46:00+00:00,3352.68,3356.47,0,2025-07-11 13:52:00+00:00,3356.47,stop_loss,-2.4399999999996,False
-1,2025-07-15 12:45:00+00:00,2025-07-15 12:46:00+00:00,3351.24,open,3357.85,3331.4099999999994,6.610000000000127,19.830000000000382,120,2025-07-15 15:45:00+00:00,3350.77,3357.85,2,2025-07-15 15:31:00+00:00,3331.4099999999994,target_hit,19.830000000000382,True
-1,2025-07-15 15:45:00+00:00,2025-07-15 15:46:00+00:00,3330.05,open,3333.85,3318.650000000001,3.799999999999727,11.399999999999181,120,2025-07-15 17:46:00+00:00,3329.54,3333.85,0,2025-07-15 17:46:00+00:00,3328.26,timeout,1.7899999999999636,True
-1,2025-07-16 14:00:00+00:00,2025-07-16 14:01:00+00:00,3324.58,open,3327.11,3316.9899999999993,2.5300000000002,7.5900000000006,120,2025-07-16 16:01:00+00:00,3323.61,3327.11,0,2025-07-16 14:05:00+00:00,3327.11,stop_loss,-2.5300000000002,False
1,2025-07-16 15:00:00+00:00,2025-07-16 15:01:00+00:00,3341.24,open,3327.11,3383.6299999999987,14.129999999999654,42.38999999999896,120,2025-07-16 18:15:00+00:00,3327.11,3336.12,4,2025-07-16 18:15:00+00:00,3356.22,timeout,14.980000000000018,True
-1,2025-07-17 07:15:00+00:00,2025-07-17 07:16:00+00:00,3332.71,open,3335.43,3324.5500000000006,2.7199999999998,8.1599999999994,120,2025-07-17 09:16:00+00:00,3332.32,3335.43,0,2025-07-17 09:16:00+00:00,3329.45,timeout,3.2600000000002183,True
-1,2025-07-17 12:45:00+00:00,2025-07-17 12:46:00+00:00,3312.11,open,3328.1,3264.140000000001,15.989999999999782,47.969999999999345,120,2025-07-17 15:30:00+00:00,3315.0,3328.1,2,2025-07-17 14:18:00+00:00,3328.1,stop_loss,-15.989999999999782,False
-1,2025-07-23 12:30:00+00:00,2025-07-23 12:31:00+00:00,3426.42,open,3427.93,3421.890000000001,1.5099999999997635,4.529999999999291,120,2025-07-23 14:31:00+00:00,3424.24,3427.93,0,2025-07-23 12:52:00+00:00,3421.890000000001,target_hit,4.529999999999291,True
-1,2025-07-23 13:30:00+00:00,2025-07-23 13:31:00+00:00,3410.4,open,3417.7,3388.500000000001,7.299999999999727,21.89999999999918,120,2025-07-23 15:45:00+00:00,3413.34,3417.7,1,2025-07-23 14:05:00+00:00,3417.7,stop_loss,-7.299999999999727,False
-1,2025-07-23 16:00:00+00:00,2025-07-23 16:01:00+00:00,3394.58,open,3410.81,3345.89,16.230000000000018,48.690000000000055,120,2025-07-23 18:30:00+00:00,3407.03,3410.81,2,2025-07-23 18:30:00+00:00,3394.17,timeout,0.4099999999998545,True
1,2025-07-24 12:15:00+00:00,2025-07-24 12:16:00+00:00,3362.19,open,3357.9,3375.06,4.289999999999964,12.86999999999989,120,2025-07-24 14:16:00+00:00,3357.9,3361.61,0,2025-07-24 12:43:00+00:00,3357.9,stop_loss,-4.289999999999964,False
-1,2025-07-24 12:45:00+00:00,2025-07-24 12:46:00+00:00,3359.63,open,3365.71,3341.3900000000003,6.079999999999927,18.23999999999978,120,2025-07-24 14:46:00+00:00,3361.71,3365.71,0,2025-07-24 13:42:00+00:00,3365.71,stop_loss,-6.079999999999927,False
-1,2025-07-25 14:45:00+00:00,2025-07-25 14:46:00+00:00,3335.73,open,3337.34,3330.8999999999996,1.6100000000001273,4.830000000000382,120,2025-07-25 16:46:00+00:00,3333.72,3337.34,0,2025-07-25 14:52:00+00:00,3330.8999999999996,target_hit,4.830000000000382,True
-1,2025-07-28 14:00:00+00:00,2025-07-28 14:01:00+00:00,3306.39,open,3317.93,3271.77,11.539999999999964,34.61999999999989,120,2025-07-28 16:01:00+00:00,3313.85,3317.93,0,2025-07-28 16:01:00+00:00,3313.93,timeout,-7.539999999999964,False
-1,2025-07-29 13:45:00+00:00,2025-07-29 13:46:00+00:00,3317.68,open,3320.6,3308.9199999999996,2.9200000000000728,8.760000000000218,120,2025-07-29 15:46:00+00:00,3315.37,3320.6,0,2025-07-29 14:20:00+00:00,3320.6,stop_loss,-2.9200000000000728,False
1,2025-07-30 13:45:00+00:00,2025-07-30 13:46:00+00:00,3303.93,open,3301.55,3311.069999999999,2.3799999999996544,7.139999999998963,120,2025-07-30 15:46:00+00:00,3301.55,3306.22,0,2025-07-30 13:54:00+00:00,3301.55,stop_loss,-2.3799999999996544,False
-1,2025-07-30 15:30:00+00:00,2025-07-30 15:31:00+00:00,3290.05,open,3298.63,3264.3100000000004,8.579999999999927,25.73999999999978,120,2025-07-30 17:31:00+00:00,3293.49,3298.63,0,2025-07-30 16:54:00+00:00,3298.63,stop_loss,-8.579999999999927,False
-1,2025-07-30 19:00:00+00:00,2025-07-30 19:01:00+00:00,3280.4,open,3290.5,3250.1000000000004,10.099999999999909,30.299999999999727,120,2025-07-30 21:30:00+00:00,3286.97,3290.5,2,2025-07-30 22:01:00+00:00,3274.45,timeout,5.950000000000273,True
1,2025-08-01 12:45:00+00:00,2025-08-01 12:46:00+00:00,3340.1,open,3300.87,3457.79,39.23000000000002,117.69000000000005,120,2025-08-01 16:15:00+00:00,3300.87,3314.36,2,2025-08-01 16:15:00+00:00,3346.06,timeout,5.960000000000036,True
1,2025-08-01 19:45:00+00:00,2025-08-01 19:46:00+00:00,3359.96,open,3350.99,3386.870000000001,8.970000000000255,26.910000000000764,120,2025-08-01 21:46:00+00:00,3350.99,3354.61,0,2025-08-03 22:01:00+00:00,3362.63,timeout,2.6700000000000728,True
1,2025-08-04 11:15:00+00:00,2025-08-04 11:16:00+00:00,3364.79,open,3359.94,3379.3399999999997,4.849999999999909,14.549999999999727,120,2025-08-04 13:16:00+00:00,3359.94,3364.27,0,2025-08-04 13:16:00+00:00,3375.24,timeout,10.449999999999818,True
1,2025-08-05 14:15:00+00:00,2025-08-05 14:16:00+00:00,3374.53,open,3372.54,3380.500000000001,1.9900000000002365,5.970000000000709,120,2025-08-05 16:16:00+00:00,3372.54,3381.05,0,2025-08-05 14:24:00+00:00,3380.500000000001,target_hit,5.970000000000709,True
1,2025-08-05 14:30:00+00:00,2025-08-05 14:31:00+00:00,3380.48,open,3379.08,3384.6800000000003,1.400000000000091,4.200000000000273,120,2025-08-05 16:31:00+00:00,3379.08,3382.39,0,2025-08-05 14:32:00+00:00,3379.08,stop_loss,-1.400000000000091,False
1,2025-08-06 14:00:00+00:00,2025-08-06 14:01:00+00:00,3372.74,open,3367.99,3386.99,4.75,14.25,120,2025-08-06 16:01:00+00:00,3367.99,3371.82,0,2025-08-06 16:01:00+00:00,3377.79,timeout,5.050000000000182,True
-1,2025-08-07 08:15:00+00:00,2025-08-07 08:16:00+00:00,3380.17,open,3392.54,3343.0600000000004,12.36999999999989,37.10999999999967,120,2025-08-07 10:30:00+00:00,3387.01,3392.54,1,2025-08-07 10:30:00+00:00,3376.55,timeout,3.619999999999891,True
1,2025-08-07 12:45:00+00:00,2025-08-07 12:46:00+00:00,3384.68,open,3379.85,3399.1699999999996,4.829999999999927,14.489999999999782,120,2025-08-07 14:46:00+00:00,3379.85,3385.7,0,2025-08-07 12:58:00+00:00,3379.85,stop_loss,-4.829999999999927,False
-1,2025-08-07 14:00:00+00:00,2025-08-07 14:01:00+00:00,3383.27,open,3391.51,3358.5499999999993,8.240000000000236,24.72000000000071,120,2025-08-07 16:30:00+00:00,3386.8,3391.51,2,2025-08-07 16:01:00+00:00,3391.51,stop_loss,-8.240000000000236,False
1,2025-08-07 19:45:00+00:00,2025-08-07 19:46:00+00:00,3400.11,open,3389.82,3430.98,10.289999999999964,30.86999999999989,120,2025-08-07 21:46:00+00:00,3389.82,3393.65,0,2025-08-07 22:01:00+00:00,3403.6,timeout,3.4899999999997817,True
-1,2025-08-08 10:30:00+00:00,2025-08-08 10:31:00+00:00,3391.24,open,3393.33,3384.9699999999993,2.0900000000001455,6.270000000000437,120,2025-08-08 12:31:00+00:00,3389.67,3393.33,0,2025-08-08 10:59:00+00:00,3384.9699999999993,target_hit,6.270000000000437,True
1,2025-08-08 12:45:00+00:00,2025-08-08 12:46:00+00:00,3398.74,open,3394.64,3411.0399999999995,4.099999999999909,12.299999999999727,120,2025-08-08 14:46:00+00:00,3394.64,3398.81,0,2025-08-08 12:48:00+00:00,3394.64,stop_loss,-4.099999999999909,False
-1,2025-08-08 14:15:00+00:00,2025-08-08 14:16:00+00:00,3389.28,open,3394.19,3374.5500000000006,4.9099999999998545,14.729999999999563,120,2025-08-08 16:30:00+00:00,3386.5,3394.19,1,2025-08-08 15:18:00+00:00,3394.19,stop_loss,-4.9099999999998545,False
-1,2025-08-08 18:00:00+00:00,2025-08-08 18:01:00+00:00,3381.43,open,3397.73,3332.5299999999993,16.300000000000182,48.900000000000546,120,2025-08-08 20:01:00+00:00,3379.6,3397.73,0,2025-08-08 18:04:00+00:00,3397.73,stop_loss,-16.300000000000182,False
1,2025-08-08 18:15:00+00:00,2025-08-08 18:16:00+00:00,3398.82,open,3381.43,3450.990000000001,17.390000000000327,52.17000000000098,120,2025-08-08 21:15:00+00:00,3381.43,3394.85,3,2025-08-10 22:01:00+00:00,3403.21,timeout,4.389999999999873,True
1,2025-08-11 17:45:00+00:00,2025-08-11 17:46:00+00:00,3358.66,open,3342.24,3407.92,16.420000000000073,49.26000000000022,120,2025-08-11 19:46:00+00:00,3342.24,3349.31,0,2025-08-11 19:46:00+00:00,3353.75,timeout,-4.9099999999998545,False
1,2025-08-12 12:45:00+00:00,2025-08-12 12:46:00+00:00,3352.63,open,3341.15,3387.07,11.480000000000018,34.440000000000055,120,2025-08-12 15:30:00+00:00,3341.15,3355.15,2,2025-08-12 13:39:00+00:00,3341.15,stop_loss,-11.480000000000018,False
1,2025-08-12 13:45:00+00:00,2025-08-12 13:46:00+00:00,3352.04,open,3340.77,3385.85,11.269999999999982,33.809999999999945,120,2025-08-12 15:46:00+00:00,3340.77,3355.82,0,2025-08-12 14:10:00+00:00,3340.77,stop_loss,-11.269999999999982,False
1,2025-08-12 15:30:00+00:00,2025-08-12 15:31:00+00:00,3357.23,open,3351.19,3375.35,6.039999999999964,18.11999999999989,120,2025-08-12 17:31:00+00:00,3351.19,3358.19,0,2025-08-12 15:33:00+00:00,3351.19,stop_loss,-6.039999999999964,False
1,2025-08-13 14:15:00+00:00,2025-08-13 14:16:00+00:00,3366.6,open,3365.01,3371.369999999999,1.5899999999996908,4.769999999999072,120,2025-08-13 16:16:00+00:00,3365.01,3368.78,0,2025-08-13 14:17:00+00:00,3365.01,stop_loss,-1.5899999999996908,False
-1,2025-08-14 08:15:00+00:00,2025-08-14 08:16:00+00:00,3344.12,open,3346.4,3337.2799999999993,2.2800000000002,6.8400000000006,120,2025-08-14 10:16:00+00:00,3341.54,3346.4,0,2025-08-14 08:20:00+00:00,3346.4,stop_loss,-2.2800000000002,False
-1,2025-08-14 13:30:00+00:00,2025-08-14 13:31:00+00:00,3346.14,open,3350.07,3334.349999999999,3.930000000000291,11.790000000000873,120,2025-08-14 15:31:00+00:00,3346.07,3350.07,0,2025-08-14 14:11:00+00:00,3334.349999999999,target_hit,11.790000000000873,True
-1,2025-08-14 14:15:00+00:00,2025-08-14 14:16:00+00:00,3338.85,open,3345.47,3318.9900000000002,6.619999999999891,19.859999999999673,120,2025-08-14 16:16:00+00:00,3338.19,3345.47,0,2025-08-14 14:24:00+00:00,3345.47,stop_loss,-6.619999999999891,False
-1,2025-08-14 16:30:00+00:00,2025-08-14 16:31:00+00:00,3332.62,open,3334.34,3327.459999999999,1.7200000000002547,5.160000000000764,120,2025-08-14 18:31:00+00:00,3329.82,3334.34,0,2025-08-14 16:35:00+00:00,3334.34,stop_loss,-1.7200000000002547,False
1,2025-08-15 12:45:00+00:00,2025-08-15 12:46:00+00:00,3343.83,open,3333.97,3373.4100000000003,9.860000000000127,29.580000000000382,120,2025-08-15 15:30:00+00:00,3333.97,3337.8,1,2025-08-15 13:46:00+00:00,3333.97,stop_loss,-9.860000000000127,False
-1,2025-08-19 13:15:00+00:00,2025-08-19 13:16:00+00:00,3329.63,open,3330.83,3326.0300000000007,1.199999999999818,3.5999999999994543,120,2025-08-19 15:16:00+00:00,3325.75,3330.83,0,2025-08-19 13:17:00+00:00,3330.83,stop_loss,-1.199999999999818,False
-1,2025-08-21 14:00:00+00:00,2025-08-21 14:01:00+00:00,3341.35,open,3345.32,3329.439999999999,3.9700000000002547,11.910000000000764,120,2025-08-21 16:01:00+00:00,3335.97,3345.32,0,2025-08-21 14:12:00+00:00,3345.32,stop_loss,-3.9700000000002547,False
1,2025-08-21 15:30:00+00:00,2025-08-21 15:31:00+00:00,3342.01,open,3339.69,3348.9700000000007,2.3200000000001637,6.960000000000491,120,2025-08-21 17:31:00+00:00,3339.69,3344.83,0,2025-08-21 16:37:00+00:00,3339.69,stop_loss,-2.3200000000001637,False
-1,2025-08-22 12:45:00+00:00,2025-08-22 12:46:00+00:00,3323.81,open,3325.63,3318.3499999999995,1.8200000000001637,5.460000000000491,120,2025-08-22 14:46:00+00:00,3322.12,3325.63,0,2025-08-22 12:48:00+00:00,3325.63,stop_loss,-1.8200000000001637,False
1,2025-08-22 14:15:00+00:00,2025-08-22 14:16:00+00:00,3360.43,open,3333.67,3440.709999999999,26.759999999999764,80.27999999999929,120,2025-08-22 16:45:00+00:00,3333.67,3346.68,1,2025-08-22 16:45:00+00:00,3370.45,timeout,10.019999999999982,True
-1,2025-08-28 12:45:00+00:00,2025-08-28 12:46:00+00:00,3402.31,open,3408.52,3383.68,6.210000000000036,18.63000000000011,120,2025-08-28 14:46:00+00:00,3402.39,3408.52,0,2025-08-28 13:50:00+00:00,3408.52,stop_loss,-6.210000000000036,False
1,2025-08-29 12:45:00+00:00,2025-08-29 12:46:00+00:00,3413.72,open,3404.61,3441.049999999999,9.109999999999673,27.329999999999018,120,2025-08-29 16:15:00+00:00,3404.61,3412.95,1,2025-08-29 14:59:00+00:00,3441.049999999999,target_hit,27.329999999999018,True
-1,2025-09-02 08:00:00+00:00,2025-09-02 08:01:00+00:00,3476.9,open,3478.13,3473.21,1.2300000000000182,3.6900000000000546,120,2025-09-02 10:01:00+00:00,3473.74,3478.13,0,2025-09-02 08:04:00+00:00,3473.21,target_hit,3.6900000000000546,True
1,2025-09-02 13:45:00+00:00,2025-09-02 13:46:00+00:00,3491.97,open,3482.73,3519.689999999999,9.239999999999782,27.719999999999345,120,2025-09-02 16:15:00+00:00,3482.73,3486.26,1,2025-09-02 15:58:00+00:00,3519.689999999999,target_hit,27.719999999999345,True
-1,2025-09-04 12:45:00+00:00,2025-09-04 12:46:00+00:00,3543.17,open,3553.47,3512.270000000001,10.299999999999727,30.89999999999918,120,2025-09-04 14:46:00+00:00,3543.29,3553.47,0,2025-09-04 13:25:00+00:00,3553.47,stop_loss,-10.299999999999727,False
-1,2025-09-04 13:45:00+00:00,2025-09-04 13:46:00+00:00,3547.46,open,3558.64,3513.9200000000005,11.179999999999836,33.53999999999951,120,2025-09-04 16:15:00+00:00,3553.39,3558.64,2,2025-09-04 16:15:00+00:00,3554.07,timeout,-6.610000000000127,False
1,2025-09-05 12:30:00+00:00,2025-09-05 12:31:00+00:00,3574.34,open,3552.22,3640.700000000001,22.120000000000346,66.36000000000104,120,2025-09-05 16:45:00+00:00,3552.22,3557.91,4,2025-09-05 16:45:00+00:00,3595.9,timeout,21.559999999999945,True
1,2025-09-08 07:15:00+00:00,2025-09-08 07:16:00+00:00,3606.3,open,3600.11,3624.8700000000003,6.190000000000055,18.570000000000164,120,2025-09-08 09:16:00+00:00,3600.11,3603.56,0,2025-09-08 09:16:00+00:00,3613.57,timeout,7.269999999999982,True
1,2025-09-08 10:15:00+00:00,2025-09-08 10:16:00+00:00,3621.82,open,3617.18,3635.740000000001,4.640000000000327,13.920000000000982,120,2025-09-08 12:16:00+00:00,3617.18,3621.38,0,2025-09-08 10:18:00+00:00,3617.18,stop_loss,-4.640000000000327,False
1,2025-09-08 13:15:00+00:00,2025-09-08 13:16:00+00:00,3629.69,open,3625.94,3640.94,3.75,11.25,120,2025-09-08 15:16:00+00:00,3625.94,3629.35,0,2025-09-08 13:17:00+00:00,3625.94,stop_loss,-3.75,False
-1,2025-09-08 14:00:00+00:00,2025-09-08 14:01:00+00:00,3632.58,open,3636.9,3619.6199999999994,4.320000000000164,12.960000000000491,120,2025-09-08 16:01:00+00:00,3633.24,3636.9,0,2025-09-08 14:07:00+00:00,3636.9,stop_loss,-4.320000000000164,False
-1,2025-09-08 14:30:00+00:00,2025-09-08 14:31:00+00:00,3631.98,open,3636.02,3619.86,4.039999999999964,12.11999999999989,120,2025-09-08 16:31:00+00:00,3632.07,3636.02,0,2025-09-08 14:40:00+00:00,3636.02,stop_loss,-4.039999999999964,False
-1,2025-09-09 14:45:00+00:00,2025-09-09 14:46:00+00:00,3647.84,open,3654.57,3627.65,6.730000000000018,20.190000000000055,120,2025-09-09 17:15:00+00:00,3647.73,3654.57,2,2025-09-09 15:16:00+00:00,3627.65,target_hit,20.190000000000055,True
-1,2025-09-09 15:15:00+00:00,2025-09-09 15:16:00+00:00,3632.84,open,3640.29,3610.4900000000007,7.449999999999818,22.349999999999454,120,2025-09-09 17:16:00+00:00,3635.13,3640.29,0,2025-09-09 15:26:00+00:00,3640.29,stop_loss,-7.449999999999818,False
1,2025-09-10 12:45:00+00:00,2025-09-10 12:46:00+00:00,3650.15,open,3646.83,3660.1100000000006,3.3200000000001637,9.960000000000491,120,2025-09-10 14:46:00+00:00,3646.83,3658.84,0,2025-09-10 12:47:00+00:00,3646.83,stop_loss,-3.3200000000001637,False
-1,2025-09-10 13:15:00+00:00,2025-09-10 13:16:00+00:00,3646.27,open,3647.62,3642.2200000000003,1.349999999999909,4.049999999999727,120,2025-09-10 15:16:00+00:00,3642.13,3647.62,0,2025-09-10 13:17:00+00:00,3647.62,stop_loss,-1.349999999999909,False
-1,2025-09-10 14:45:00+00:00,2025-09-10 14:46:00+00:00,3648.75,open,3653.71,3633.87,4.960000000000036,14.88000000000011,120,2025-09-10 17:30:00+00:00,3650.3,3653.71,1,2025-09-10 17:30:00+00:00,3643.81,timeout,4.940000000000055,True
1,2025-09-11 12:45:00+00:00,2025-09-11 12:46:00+00:00,3633.69,open,3611.61,3699.93,22.079999999999927,66.23999999999978,120,2025-09-11 15:45:00+00:00,3611.61,3635.48,1,2025-09-11 15:45:00+00:00,3633.35,timeout,-0.3400000000001455,False
-1,2025-09-12 08:15:00+00:00,2025-09-12 08:16:00+00:00,3643.24,open,3647.37,3630.8499999999995,4.130000000000109,12.390000000000327,120,2025-09-12 11:15:00+00:00,3643.64,3647.37,1,2025-09-12 09:58:00+00:00,3647.37,stop_loss,-4.130000000000109,False
1,2025-09-15 13:30:00+00:00,2025-09-15 13:31:00+00:00,3653.26,open,3649.58,3664.300000000001,3.680000000000291,11.040000000000873,120,2025-09-15 15:31:00+00:00,3649.58,3653.46,0,2025-09-15 13:41:00+00:00,3664.300000000001,target_hit,11.040000000000873,True
1,2025-09-15 13:45:00+00:00,2025-09-15 13:46:00+00:00,3663.65,open,3656.38,3685.46,7.269999999999982,21.809999999999945,120,2025-09-15 15:46:00+00:00,3656.38,3660.09,0,2025-09-15 13:59:00+00:00,3656.38,stop_loss,-7.269999999999982,False
1,2025-09-15 16:00:00+00:00,2025-09-15 16:01:00+00:00,3678.11,open,3670.69,3700.3700000000003,7.420000000000073,22.26000000000022,120,2025-09-15 18:01:00+00:00,3670.69,3674.06,0,2025-09-15 18:01:00+00:00,3681.44,timeout,3.3299999999999272,True
-1,2025-09-17 18:15:00+00:00,2025-09-17 18:16:00+00:00,3690.58,open,3701.5,3657.8199999999997,10.920000000000073,32.76000000000022,120,2025-09-17 20:45:00+00:00,3677.55,3701.5,2,2025-09-17 18:46:00+00:00,3657.8199999999997,target_hit,32.76000000000022,True
-1,2025-09-17 18:45:00+00:00,2025-09-17 18:46:00+00:00,3659.67,open,3684.71,3584.55,25.039999999999964,75.11999999999989,120,2025-09-17 21:45:00+00:00,3673.43,3684.71,3,2025-09-17 22:01:00+00:00,3660.24,timeout,-0.569999999999709,False
1,2025-09-18 07:45:00+00:00,2025-09-18 07:46:00+00:00,3658.6,open,3654.5,3670.8999999999996,4.099999999999909,12.299999999999727,120,2025-09-18 09:46:00+00:00,3654.5,3659.2,0,2025-09-18 08:08:00+00:00,3654.5,stop_loss,-4.099999999999909,False
-1,2025-09-18 12:45:00+00:00,2025-09-18 12:46:00+00:00,3668.56,open,3673.57,3653.5299999999993,5.010000000000218,15.030000000000655,120,2025-09-18 15:15:00+00:00,3665.45,3673.57,1,2025-09-18 13:26:00+00:00,3653.5299999999993,target_hit,15.030000000000655,True
-1,2025-09-18 13:45:00+00:00,2025-09-18 13:46:00+00:00,3631.51,open,3641.25,3602.290000000001,9.739999999999782,29.219999999999345,120,2025-09-18 15:46:00+00:00,3636.05,3641.25,0,2025-09-18 13:52:00+00:00,3641.25,stop_loss,-9.739999999999782,False
-1,2025-09-18 14:15:00+00:00,2025-09-18 14:16:00+00:00,3639.21,open,3646.21,3618.21,7.0,21.0,120,2025-09-18 16:16:00+00:00,3642.37,3646.21,0,2025-09-18 14:48:00+00:00,3646.21,stop_loss,-7.0,False
1,2025-09-19 07:15:00+00:00,2025-09-19 07:16:00+00:00,3649.87,open,3647.05,3658.329999999999,2.819999999999709,8.459999999999127,120,2025-09-19 09:16:00+00:00,3647.05,3650.56,0,2025-09-19 09:16:00+00:00,3657.53,timeout,7.660000000000309,True
-1,2025-09-22 13:45:00+00:00,2025-09-22 13:46:00+00:00,3717.33,open,3724.33,3696.33,7.0,21.0,120,2025-09-22 15:46:00+00:00,3718.77,3724.33,0,2025-09-22 14:53:00+00:00,3724.33,stop_loss,-7.0,False
1,2025-09-22 15:00:00+00:00,2025-09-22 15:01:00+00:00,3724.03,open,3721.95,3730.2700000000013,2.080000000000382,6.240000000001146,120,2025-09-22 17:01:00+00:00,3721.95,3725.99,0,2025-09-22 15:28:00+00:00,3730.2700000000013,target_hit,6.240000000001146,True
1,2025-09-23 09:15:00+00:00,2025-09-23 09:16:00+00:00,3784.11,open,3774.46,3813.0600000000004,9.650000000000091,28.950000000000273,120,2025-09-23 11:16:00+00:00,3774.46,3780.64,0,2025-09-23 11:16:00+00:00,3780.65,timeout,-3.4600000000000364,False
-1,2025-09-23 16:45:00+00:00,2025-09-23 16:46:00+00:00,3774.11,open,3777.05,3765.29,2.9400000000000546,8.820000000000164,120,2025-09-23 18:46:00+00:00,3765.79,3777.05,0,2025-09-23 16:48:00+00:00,3777.05,stop_loss,-2.9400000000000546,False
-1,2025-09-23 19:00:00+00:00,2025-09-23 19:01:00+00:00,3761.74,open,3778.58,3711.2199999999993,16.840000000000146,50.52000000000044,120,2025-09-23 21:30:00+00:00,3765.33,3778.58,1,2025-09-23 22:01:00+00:00,3766.76,timeout,-5.020000000000437,False
-1,2025-09-24 14:15:00+00:00,2025-09-24 14:16:00+00:00,3761.68,open,3762.97,3757.81,1.2899999999999636,3.869999999999891,120,2025-09-24 16:16:00+00:00,3755.76,3762.97,0,2025-09-24 14:20:00+00:00,3757.81,target_hit,3.869999999999891,True
-1,2025-09-24 15:45:00+00:00,2025-09-24 15:46:00+00:00,3745.54,open,3749.25,3734.41,3.7100000000000364,11.13000000000011,120,2025-09-24 17:46:00+00:00,3745.67,3749.25,0,2025-09-24 16:50:00+00:00,3734.41,target_hit,11.13000000000011,True
1,2025-09-25 08:15:00+00:00,2025-09-25 08:16:00+00:00,3759.61,open,3752.74,3780.220000000001,6.870000000000346,20.610000000001037,120,2025-09-25 10:16:00+00:00,3752.74,3756.44,0,2025-09-25 08:35:00+00:00,3752.74,stop_loss,-6.870000000000346,False
-1,2025-09-25 11:15:00+00:00,2025-09-25 11:16:00+00:00,3744.8,open,3756.24,3710.4800000000014,11.4399999999996,34.3199999999988,120,2025-09-25 13:16:00+00:00,3752.48,3756.24,0,2025-09-25 12:22:00+00:00,3756.24,stop_loss,-11.4399999999996,False
-1,2025-09-25 12:45:00+00:00,2025-09-25 12:46:00+00:00,3740.77,open,3757.11,3691.7499999999995,16.340000000000146,49.02000000000044,120,2025-09-25 16:45:00+00:00,3743.78,3757.11,3,2025-09-25 16:45:00+00:00,3733.73,timeout,7.039999999999964,True
1,2025-09-26 13:15:00+00:00,2025-09-26 13:16:00+00:00,3765.6,open,3757.34,3790.379999999999,8.259999999999764,24.77999999999929,120,2025-09-26 15:16:00+00:00,3757.34,3763.1,0,2025-09-26 13:22:00+00:00,3757.34,stop_loss,-8.259999999999764,False
1,2025-09-26 13:45:00+00:00,2025-09-26 13:46:00+00:00,3759.53,open,3753.36,3778.0400000000004,6.170000000000073,18.51000000000022,120,2025-09-26 16:15:00+00:00,3753.36,3757.62,1,2025-09-26 14:18:00+00:00,3778.0400000000004,target_hit,18.51000000000022,True
-1,2025-09-29 08:00:00+00:00,2025-09-29 08:01:00+00:00,3808.14,open,3809.63,3803.669999999999,1.4900000000002365,4.470000000000709,120,2025-09-29 10:01:00+00:00,3806.33,3809.63,0,2025-09-29 08:02:00+00:00,3809.63,stop_loss,-1.4900000000002365,False
-1,2025-09-29 12:15:00+00:00,2025-09-29 12:16:00+00:00,3824.05,open,3830.48,3804.7600000000007,6.429999999999836,19.28999999999951,120,2025-09-29 16:00:00+00:00,3826.72,3830.48,3,2025-09-29 14:11:00+00:00,3830.48,stop_loss,-6.429999999999836,False
1,2025-09-29 14:15:00+00:00,2025-09-29 14:16:00+00:00,3825.36,open,3819.62,3842.580000000001,5.7400000000002365,17.22000000000071,120,2025-09-29 16:16:00+00:00,3819.62,3825.72,0,2025-09-29 14:19:00+00:00,3819.62,stop_loss,-5.7400000000002365,False
-1,2025-09-29 15:15:00+00:00,2025-09-29 15:16:00+00:00,3825.32,open,3830.54,3809.6600000000008,5.2199999999998,15.6599999999994,120,2025-09-29 17:16:00+00:00,3826.52,3830.54,0,2025-09-29 15:42:00+00:00,3830.54,stop_loss,-5.2199999999998,False
-1,2025-09-30 07:15:00+00:00,2025-09-30 07:16:00+00:00,3852.64,open,3857.02,3839.4999999999995,4.380000000000109,13.140000000000327,120,2025-09-30 09:45:00+00:00,3852.97,3857.02,1,2025-09-30 07:56:00+00:00,3839.4999999999995,target_hit,13.140000000000327,True
-1,2025-09-30 08:15:00+00:00,2025-09-30 08:16:00+00:00,3836.13,open,3839.28,3826.68,3.150000000000091,9.450000000000273,120,2025-09-30 10:16:00+00:00,3834.62,3839.28,0,2025-09-30 08:22:00+00:00,3826.68,target_hit,9.450000000000273,True
-1,2025-09-30 08:30:00+00:00,2025-09-30 08:31:00+00:00,3819.09,open,3836.87,3765.750000000001,17.779999999999745,53.339999999999236,120,2025-09-30 12:00:00+00:00,3832.34,3836.87,4,2025-09-30 12:00:00+00:00,3813.21,timeout,5.880000000000109,True
-1,2025-09-30 12:30:00+00:00,2025-09-30 12:31:00+00:00,3813.99,open,3816.13,3807.569999999999,2.1400000000003274,6.420000000000982,120,2025-09-30 14:31:00+00:00,3811.57,3816.13,0,2025-09-30 12:36:00+00:00,3816.13,stop_loss,-2.1400000000003274,False
1,2025-09-30 12:45:00+00:00,2025-09-30 12:46:00+00:00,3814.87,open,3811.58,3824.74,3.2899999999999636,9.86999999999989,120,2025-09-30 15:00:00+00:00,3811.58,3815.24,1,2025-09-30 13:44:00+00:00,3824.74,target_hit,9.86999999999989,True
1,2025-09-30 13:45:00+00:00,2025-09-30 13:46:00+00:00,3825.38,open,3813.82,3860.06,11.559999999999945,34.679999999999836,120,2025-09-30 18:00:00+00:00,3813.82,3819.35,4,2025-09-30 18:00:00+00:00,3844.08,timeout,18.699999999999818,True
-1,2025-10-01 13:00:00+00:00,2025-10-01 13:01:00+00:00,3870.88,open,3871.94,3867.7000000000003,1.0599999999999454,3.1799999999998363,120,2025-10-01 15:01:00+00:00,3867.05,3871.94,0,2025-10-01 13:06:00+00:00,3867.7000000000003,target_hit,3.1799999999998363,True
-1,2025-10-01 13:15:00+00:00,2025-10-01 13:16:00+00:00,3864.25,open,3874.4,3833.7999999999997,10.150000000000091,30.450000000000273,120,2025-10-01 15:16:00+00:00,3869.62,3874.4,0,2025-10-01 13:31:00+00:00,3874.4,stop_loss,-10.150000000000091,False
1,2025-10-01 13:45:00+00:00,2025-10-01 13:46:00+00:00,3873.11,open,3869.96,3882.5600000000004,3.150000000000091,9.450000000000273,120,2025-10-01 15:46:00+00:00,3869.96,3874.15,0,2025-10-01 13:49:00+00:00,3869.96,stop_loss,-3.150000000000091,False
-1,2025-10-01 15:00:00+00:00,2025-10-01 15:01:00+00:00,3875.61,open,3877.94,3868.6200000000003,2.3299999999999272,6.989999999999782,120,2025-10-01 17:01:00+00:00,3868.94,3877.94,0,2025-10-01 15:05:00+00:00,3868.6200000000003,target_hit,6.989999999999782,True
-1,2025-10-01 15:15:00+00:00,2025-10-01 15:16:00+00:00,3868.77,open,3873.28,3855.2399999999993,4.510000000000218,13.530000000000655,120,2025-10-01 17:30:00+00:00,3868.75,3873.28,1,2025-10-01 17:30:00+00:00,3870.84,timeout,-2.0700000000001637,False
1,2025-10-02 09:15:00+00:00,2025-10-02 09:16:00+00:00,3875.42,open,3873.23,3881.9900000000002,2.1900000000000546,6.570000000000164,120,2025-10-02 11:16:00+00:00,3873.23,3876.51,0,2025-10-02 10:21:00+00:00,3881.9900000000002,target_hit,6.570000000000164,True
-1,2025-10-02 14:45:00+00:00,2025-10-02 14:46:00+00:00,3836.89,open,3866.37,3748.45,29.480000000000018,88.44000000000005,120,2025-10-02 19:45:00+00:00,3860.73,3866.37,6,2025-10-02 19:45:00+00:00,3855.94,timeout,-19.050000000000182,False
1,2025-10-03 11:30:00+00:00,2025-10-03 11:31:00+00:00,3859.26,open,3857.37,3864.930000000001,1.8900000000003274,5.670000000000982,120,2025-10-03 13:31:00+00:00,3857.37,3861.5,0,2025-10-03 11:34:00+00:00,3857.37,stop_loss,-1.8900000000003274,False
-1,2025-10-03 14:00:00+00:00,2025-10-03 14:01:00+00:00,3884.55,open,3886.39,3879.030000000001,1.8399999999996908,5.519999999999072,120,2025-10-03 16:01:00+00:00,3881.05,3886.39,0,2025-10-03 14:08:00+00:00,3879.030000000001,target_hit,5.519999999999072,True
-1,2025-10-03 14:15:00+00:00,2025-10-03 14:16:00+00:00,3871.31,open,3888.37,3820.13,17.059999999999945,51.179999999999836,120,2025-10-03 17:15:00+00:00,3879.37,3888.37,2,2025-10-03 15:27:00+00:00,3888.37,stop_loss,-17.059999999999945,False
1,2025-10-06 07:00:00+00:00,2025-10-06 07:01:00+00:00,3934.35,open,3928.96,3950.5199999999995,5.389999999999873,16.169999999999618,120,2025-10-06 10:00:00+00:00,3928.96,3933.86,1,2025-10-06 10:00:00+00:00,3940.88,timeout,6.5300000000002,True
-1,2025-10-06 12:30:00+00:00,2025-10-06 12:31:00+00:00,3929.56,open,3940.61,3896.4099999999994,11.050000000000182,33.150000000000546,120,2025-10-06 15:30:00+00:00,3932.64,3940.61,1,2025-10-06 13:41:00+00:00,3940.61,stop_loss,-11.050000000000182,False
1,2025-10-06 14:45:00+00:00,2025-10-06 14:46:00+00:00,3957.3,open,3949.42,3980.9400000000005,7.880000000000109,23.640000000000327,120,2025-10-06 16:46:00+00:00,3949.42,3954.51,0,2025-10-06 15:22:00+00:00,3949.42,stop_loss,-7.880000000000109,False
1,2025-10-06 16:00:00+00:00,2025-10-06 16:01:00+00:00,3962.57,open,3959.23,3972.5900000000006,3.3400000000001455,10.020000000000437,120,2025-10-06 18:01:00+00:00,3959.23,3963.54,0,2025-10-06 16:10:00+00:00,3959.23,stop_loss,-3.3400000000001455,False
1,2025-10-06 16:30:00+00:00,2025-10-06 16:31:00+00:00,3953.09,open,3946.07,3974.15,7.019999999999982,21.059999999999945,120,2025-10-06 18:31:00+00:00,3946.07,3950.8,0,2025-10-06 18:31:00+00:00,3957.44,timeout,4.349999999999909,True
-1,2025-10-07 07:45:00+00:00,2025-10-07 07:46:00+00:00,3949.86,open,3953.46,3939.0600000000004,3.599999999999909,10.799999999999727,120,2025-10-07 09:46:00+00:00,3949.28,3953.46,0,2025-10-07 08:24:00+00:00,3953.46,stop_loss,-3.599999999999909,False
1,2025-10-07 08:30:00+00:00,2025-10-07 08:31:00+00:00,3951.08,open,3948.23,3959.6299999999997,2.849999999999909,8.549999999999727,120,2025-10-07 10:31:00+00:00,3948.23,3951.69,0,2025-10-07 09:14:00+00:00,3959.6299999999997,target_hit,8.549999999999727,True
-1,2025-10-07 10:00:00+00:00,2025-10-07 10:01:00+00:00,3956.33,open,3961.71,3940.1899999999996,5.380000000000109,16.140000000000327,120,2025-10-07 12:01:00+00:00,3958.31,3961.71,0,2025-10-07 10:37:00+00:00,3961.71,stop_loss,-5.380000000000109,False
1,2025-10-07 13:00:00+00:00,2025-10-07 13:01:00+00:00,3979.62,open,3974.67,3994.4699999999993,4.949999999999818,14.849999999999454,120,2025-10-07 15:01:00+00:00,3974.67,3978.68,0,2025-10-07 13:34:00+00:00,3974.67,stop_loss,-4.949999999999818,False
-1,2025-10-07 13:45:00+00:00,2025-10-07 13:46:00+00:00,3974.72,open,3983.1,3949.5799999999995,8.38000000000011,25.140000000000327,120,2025-10-07 16:15:00+00:00,3977.51,3983.1,1,2025-10-07 14:34:00+00:00,3983.1,stop_loss,-8.38000000000011,False
1,2025-10-07 15:00:00+00:00,2025-10-07 15:01:00+00:00,3987.38,open,3979.4,4011.32,7.980000000000018,23.940000000000055,120,2025-10-07 17:01:00+00:00,3979.4,3982.91,0,2025-10-07 15:07:00+00:00,3979.4,stop_loss,-7.980000000000018,False
-1,2025-10-07 16:00:00+00:00,2025-10-07 16:01:00+00:00,3968.4,open,3972.33,3956.6100000000006,3.9299999999998363,11.789999999999509,120,2025-10-07 18:01:00+00:00,3967.66,3972.33,0,2025-10-07 16:06:00+00:00,3972.33,stop_loss,-3.9299999999998363,False
1,2025-10-07 16:30:00+00:00,2025-10-07 16:31:00+00:00,3970.9,open,3966.55,3983.95,4.349999999999909,13.049999999999727,120,2025-10-07 19:00:00+00:00,3966.55,3970.96,1,2025-10-07 17:11:00+00:00,3983.95,target_hit,13.049999999999727,True
1,2025-10-08 10:00:00+00:00,2025-10-08 10:01:00+00:00,4047.98,open,4040.88,4069.2799999999997,7.099999999999909,21.299999999999727,120,2025-10-08 12:01:00+00:00,4040.88,4045.52,0,2025-10-08 10:27:00+00:00,4040.88,stop_loss,-7.099999999999909,False
-1,2025-10-08 10:45:00+00:00,2025-10-08 10:46:00+00:00,4037.15,open,4041.62,4023.7400000000007,4.4699999999998,13.4099999999994,120,2025-10-08 12:46:00+00:00,4037.7,4041.62,0,2025-10-08 12:04:00+00:00,4041.62,stop_loss,-4.4699999999998,False
1,2025-10-08 12:30:00+00:00,2025-10-08 12:31:00+00:00,4039.1,open,4036.8,4045.999999999999,2.299999999999727,6.8999999999991815,120,2025-10-08 14:31:00+00:00,4036.8,4040.42,0,2025-10-08 12:35:00+00:00,4036.8,stop_loss,-2.299999999999727,False
-1,2025-10-08 13:45:00+00:00,2025-10-08 13:46:00+00:00,4028.63,open,4039.7,3995.420000000001,11.069999999999709,33.20999999999913,120,2025-10-08 15:46:00+00:00,4033.88,4039.7,0,2025-10-08 13:59:00+00:00,4039.7,stop_loss,-11.069999999999709,False
1,2025-10-08 14:30:00+00:00,2025-10-08 14:31:00+00:00,4043.86,open,4037.96,4061.5600000000004,5.900000000000091,17.700000000000273,120,2025-10-08 16:31:00+00:00,4037.96,4042.03,0,2025-10-08 15:15:00+00:00,4037.96,stop_loss,-5.900000000000091,False
-1,2025-10-08 15:15:00+00:00,2025-10-08 15:16:00+00:00,4038.45,open,4049.31,4005.8699999999994,10.860000000000127,32.58000000000038,120,2025-10-08 17:16:00+00:00,4045.25,4049.31,0,2025-10-08 16:10:00+00:00,4049.31,stop_loss,-10.860000000000127,False
1,2025-10-08 16:15:00+00:00,2025-10-08 16:16:00+00:00,4054.58,open,4049.03,4071.229999999999,5.549999999999727,16.64999999999918,120,2025-10-08 18:16:00+00:00,4049.03,4055.04,0,2025-10-08 17:29:00+00:00,4049.03,stop_loss,-5.549999999999727,False
-1,2025-10-08 19:15:00+00:00,2025-10-08 19:16:00+00:00,4040.43,open,4053.48,4001.2799999999993,13.050000000000182,39.150000000000546,120,2025-10-08 21:45:00+00:00,4040.07,4053.48,2,2025-10-08 22:01:00+00:00,4037.05,timeout,3.3799999999996544,True
-1,2025-10-09 07:15:00+00:00,2025-10-09 07:16:00+00:00,4026.12,open,4029.45,4016.13,3.3299999999999272,9.989999999999782,120,2025-10-09 09:16:00+00:00,4025.47,4029.45,0,2025-10-09 07:22:00+00:00,4029.45,stop_loss,-3.3299999999999272,False
-1,2025-10-09 09:15:00+00:00,2025-10-09 09:16:00+00:00,4039.97,open,4042.31,4032.9499999999994,2.3400000000001455,7.020000000000437,120,2025-10-09 11:16:00+00:00,4038.12,4042.31,0,2025-10-09 10:57:00+00:00,4042.31,stop_loss,-2.3400000000001455,False
-1,2025-10-09 13:15:00+00:00,2025-10-09 13:16:00+00:00,4051.7,open,4057.19,4035.229999999999,5.4900000000002365,16.47000000000071,120,2025-10-09 15:16:00+00:00,4053.52,4057.19,0,2025-10-09 13:24:00+00:00,4057.19,stop_loss,-5.4900000000002365,False
-1,2025-10-09 13:30:00+00:00,2025-10-09 13:31:00+00:00,4052.35,open,4056.36,4040.3199999999993,4.010000000000218,12.030000000000655,120,2025-10-09 15:31:00+00:00,4051.61,4056.36,0,2025-10-09 13:41:00+00:00,4040.3199999999993,target_hit,12.030000000000655,True
-1,2025-10-09 13:45:00+00:00,2025-10-09 13:46:00+00:00,4029.51,open,4056.9,3947.3400000000006,27.389999999999873,82.16999999999962,120,2025-10-09 19:00:00+00:00,4050.85,4056.9,6,2025-10-09 17:16:00+00:00,3947.3400000000006,target_hit,82.16999999999962,True
1,2025-10-09 18:15:00+00:00,2025-10-09 18:16:00+00:00,3964.11,open,3955.1,3991.140000000001,9.010000000000218,27.030000000000655,120,2025-10-09 21:00:00+00:00,3955.1,3958.81,1,2025-10-09 19:02:00+00:00,3955.1,stop_loss,-9.010000000000218,False
-1,2025-10-09 19:45:00+00:00,2025-10-09 19:46:00+00:00,3977.82,open,3981.76,3966.0,3.9400000000000546,11.820000000000164,120,2025-10-09 21:46:00+00:00,3976.62,3981.76,0,2025-10-09 19:49:00+00:00,3981.76,stop_loss,-3.9400000000000546,False
-1,2025-10-10 07:15:00+00:00,2025-10-10 07:16:00+00:00,3958.47,open,3961.64,3948.9599999999996,3.1700000000000728,9.510000000000218,120,2025-10-10 09:16:00+00:00,3957.14,3961.64,0,2025-10-10 07:19:00+00:00,3961.64,stop_loss,-3.1700000000000728,False
-1,2025-10-10 08:00:00+00:00,2025-10-10 08:01:00+00:00,3971.56,open,3976.53,3956.649999999999,4.970000000000255,14.910000000000764,120,2025-10-10 10:01:00+00:00,3972.61,3976.53,0,2025-10-10 08:03:00+00:00,3976.53,stop_loss,-4.970000000000255,False
1,2025-10-10 08:15:00+00:00,2025-10-10 08:16:00+00:00,3987.56,open,3980.49,4008.7700000000004,7.070000000000164,21.21000000000049,120,2025-10-10 10:16:00+00:00,3980.49,3985.79,0,2025-10-10 10:16:00+00:00,3991.39,timeout,3.8299999999999272,True
-1,2025-10-10 11:00:00+00:00,2025-10-10 11:01:00+00:00,3995.17,open,3998.47,3985.270000000001,3.299999999999727,9.899999999999181,120,2025-10-10 13:01:00+00:00,3993.93,3998.47,0,2025-10-10 11:05:00+00:00,3998.47,stop_loss,-3.299999999999727,False
-1,2025-10-10 12:00:00+00:00,2025-10-10 12:01:00+00:00,3988.39,open,3990.57,3981.849999999999,2.180000000000291,6.540000000000873,120,2025-10-10 14:01:00+00:00,3983.17,3990.57,0,2025-10-10 12:14:00+00:00,3990.57,stop_loss,-2.180000000000291,False
1,2025-10-10 12:15:00+00:00,2025-10-10 12:16:00+00:00,3988.07,open,3985.3,3996.38,2.769999999999982,8.309999999999945,120,2025-10-10 14:30:00+00:00,3985.3,3989.8,1,2025-10-10 12:35:00+00:00,3985.3,stop_loss,-2.769999999999982,False
1,2025-10-10 13:30:00+00:00,2025-10-10 13:31:00+00:00,3991.39,open,3989.9,3995.859999999999,1.4899999999997817,4.469999999999345,120,2025-10-10 15:31:00+00:00,3989.9,3993.63,0,2025-10-10 13:32:00+00:00,3989.9,stop_loss,-1.4899999999997817,False
1,2025-10-10 13:45:00+00:00,2025-10-10 13:46:00+00:00,3991.59,open,3989.7,3997.260000000001,1.8900000000003274,5.670000000000982,120,2025-10-10 15:46:00+00:00,3989.7,3997.63,0,2025-10-10 13:47:00+00:00,3989.7,stop_loss,-1.8900000000003274,False
-1,2025-10-10 14:00:00+00:00,2025-10-10 14:01:00+00:00,3976.85,open,3991.93,3931.61,15.079999999999927,45.23999999999978,120,2025-10-10 16:15:00+00:00,3985.86,3991.93,1,2025-10-10 14:58:00+00:00,3991.93,stop_loss,-15.079999999999927,False
1,2025-10-10 15:00:00+00:00,2025-10-10 15:01:00+00:00,3993.3,open,3983.9,4021.5000000000005,9.400000000000091,28.200000000000273,120,2025-10-10 17:15:00+00:00,3983.9,3993.11,1,2025-10-10 15:30:00+00:00,4021.5000000000005,target_hit,28.200000000000273,True
1,2025-10-10 15:30:00+00:00,2025-10-10 15:31:00+00:00,4020.33,open,4006.27,4062.5099999999998,14.059999999999945,42.179999999999836,120,2025-10-10 17:31:00+00:00,4006.27,4012.24,0,2025-10-10 15:40:00+00:00,4006.27,stop_loss,-14.059999999999945,False
-1,2025-10-10 16:00:00+00:00,2025-10-10 16:01:00+00:00,3996.12,open,4005.33,3968.49,9.210000000000036,27.63000000000011,120,2025-10-10 19:45:00+00:00,3996.76,4005.33,4,2025-10-10 18:22:00+00:00,4005.33,stop_loss,-9.210000000000036,False
1,2025-10-10 18:30:00+00:00,2025-10-10 18:31:00+00:00,4003.19,open,4001.24,4009.040000000001,1.9500000000002728,5.8500000000008185,120,2025-10-10 20:31:00+00:00,4001.24,4005.42,0,2025-10-10 18:32:00+00:00,4001.24,stop_loss,-1.9500000000002728,False
-1,2025-10-10 18:45:00+00:00,2025-10-10 18:46:00+00:00,3996.63,open,4000.95,3983.670000000001,4.319999999999709,12.959999999999127,120,2025-10-10 20:46:00+00:00,3995.29,4000.95,0,2025-10-10 18:50:00+00:00,4000.95,stop_loss,-4.319999999999709,False
-1,2025-10-13 10:15:00+00:00,2025-10-13 10:16:00+00:00,4072.34,open,4077.85,4055.810000000001,5.5099999999997635,16.52999999999929,120,2025-10-13 12:16:00+00:00,4073.83,4077.85,0,2025-10-13 10:38:00+00:00,4077.85,stop_loss,-5.5099999999997635,False
1,2025-10-13 14:00:00+00:00,2025-10-13 14:01:00+00:00,4096.31,open,4086.18,4126.700000000003,10.130000000000564,30.39000000000169,120,2025-10-13 19:00:00+00:00,4086.18,4089.91,2,2025-10-13 19:00:00+00:00,4100.51,timeout,4.199999999999818,True
1,2025-10-14 07:30:00+00:00,2025-10-14 07:31:00+00:00,4123.01,open,4110.35,4160.99,12.659999999999854,37.97999999999956,120,2025-10-14 12:30:00+00:00,4110.35,4116.11,4,2025-10-14 12:30:00+00:00,4117.99,timeout,-5.020000000000437,False
-1,2025-10-14 12:30:00+00:00,2025-10-14 12:31:00+00:00,4117.94,open,4131.91,4076.029999999999,13.970000000000255,41.910000000000764,120,2025-10-14 16:00:00+00:00,4127.23,4131.91,3,2025-10-14 14:10:00+00:00,4131.91,stop_loss,-13.970000000000255,False
1,2025-10-14 14:15:00+00:00,2025-10-14 14:16:00+00:00,4133.27,open,4123.32,4163.120000000003,9.950000000000728,29.850000000002183,120,2025-10-14 20:15:00+00:00,4123.32,4129.96,7,2025-10-14 20:15:00+00:00,4144.89,timeout,11.61999999999989,True
1,2025-10-15 07:45:00+00:00,2025-10-15 07:46:00+00:00,4205.95,open,4200.34,4222.779999999999,5.609999999999673,16.829999999999018,120,2025-10-15 10:45:00+00:00,4200.34,4205.34,1,2025-10-15 09:15:00+00:00,4200.34,stop_loss,-5.609999999999673,False
-1,2025-10-15 09:30:00+00:00,2025-10-15 09:31:00+00:00,4190.26,open,4204.15,4148.590000000002,13.889999999999418,41.669999999998254,120,2025-10-15 11:31:00+00:00,4196.55,4204.15,0,2025-10-15 10:16:00+00:00,4204.15,stop_loss,-13.889999999999418,False
-1,2025-10-15 10:45:00+00:00,2025-10-15 10:46:00+00:00,4193.88,open,4198.12,4181.160000000001,4.239999999999782,12.719999999999345,120,2025-10-15 12:46:00+00:00,4193.55,4198.12,0,2025-10-15 10:51:00+00:00,4198.12,stop_loss,-4.239999999999782,False
-1,2025-10-15 12:30:00+00:00,2025-10-15 12:31:00+00:00,4183.29,open,4192.25,4156.41,8.960000000000036,26.88000000000011,120,2025-10-15 14:31:00+00:00,4183.74,4192.25,0,2025-10-15 12:58:00+00:00,4192.25,stop_loss,-8.960000000000036,False
1,2025-10-15 13:00:00+00:00,2025-10-15 13:01:00+00:00,4186.13,open,4182.37,4197.410000000001,3.7600000000002183,11.280000000000655,120,2025-10-15 15:01:00+00:00,4182.37,4186.38,0,2025-10-15 13:13:00+00:00,4197.410000000001,target_hit,11.280000000000655,True
-1,2025-10-15 13:30:00+00:00,2025-10-15 13:31:00+00:00,4195.39,open,4197.0,4190.560000000001,1.6099999999996726,4.829999999999018,120,2025-10-15 15:31:00+00:00,4193.3,4197.0,0,2025-10-15 13:32:00+00:00,4190.560000000001,target_hit,4.829999999999018,True
-1,2025-10-15 13:45:00+00:00,2025-10-15 13:46:00+00:00,4194.08,open,4195.88,4188.679999999999,1.800000000000182,5.400000000000546,120,2025-10-15 15:46:00+00:00,4188.29,4195.88,0,2025-10-15 13:48:00+00:00,4188.679999999999,target_hit,5.400000000000546,True
1,2025-10-15 14:00:00+00:00,2025-10-15 14:01:00+00:00,4197.35,open,4189.79,4220.030000000002,7.5600000000004,22.6800000000012,120,2025-10-15 16:15:00+00:00,4189.79,4194.6,1,2025-10-15 15:34:00+00:00,4189.79,stop_loss,-7.5600000000004,False
-1,2025-10-15 15:45:00+00:00,2025-10-15 15:46:00+00:00,4196.58,open,4198.29,4191.45,1.7100000000000364,5.130000000000109,120,2025-10-15 17:46:00+00:00,4193.61,4198.29,0,2025-10-15 15:48:00+00:00,4191.45,target_hit,5.130000000000109,True
1,2025-10-15 16:15:00+00:00,2025-10-15 16:16:00+00:00,4195.11,open,4189.72,4211.279999999998,5.389999999999418,16.169999999998254,120,2025-10-15 18:45:00+00:00,4189.72,4193.76,2,2025-10-15 17:12:00+00:00,4189.72,stop_loss,-5.389999999999418,False
-1,2025-10-15 17:15:00+00:00,2025-10-15 17:16:00+00:00,4187.38,open,4190.16,4179.040000000001,2.7799999999997453,8.339999999999236,120,2025-10-15 19:16:00+00:00,4184.42,4190.16,0,2025-10-15 17:17:00+00:00,4190.16,stop_loss,-2.7799999999997453,False
1,2025-10-15 17:30:00+00:00,2025-10-15 17:31:00+00:00,4190.51,open,4186.78,4201.700000000002,3.730000000000473,11.190000000001419,120,2025-10-15 19:31:00+00:00,4186.78,4192.22,0,2025-10-15 18:05:00+00:00,4201.700000000002,target_hit,11.190000000001419,True
1,2025-10-15 18:15:00+00:00,2025-10-15 18:16:00+00:00,4199.26,open,4197.1,4205.74,2.1599999999998545,6.479999999999563,120,2025-10-15 20:16:00+00:00,4197.1,4201.61,0,2025-10-15 18:18:00+00:00,4197.1,stop_loss,-2.1599999999998545,False
1,2025-10-16 07:00:00+00:00,2025-10-16 07:01:00+00:00,4225.21,open,4219.06,4243.659999999999,6.149999999999636,18.44999999999891,120,2025-10-16 09:01:00+00:00,4219.06,4222.92,0,2025-10-16 09:01:00+00:00,4233.88,timeout,8.670000000000073,True
1,2025-10-16 13:15:00+00:00,2025-10-16 13:16:00+00:00,4245.8,open,4234.76,4278.92,11.039999999999964,33.11999999999989,120,2025-10-16 16:15:00+00:00,4234.76,4240.48,1,2025-10-16 16:08:00+00:00,4278.92,target_hit,33.11999999999989,True
1,2025-10-16 16:30:00+00:00,2025-10-16 16:31:00+00:00,4288.91,open,4283.05,4306.489999999999,5.859999999999673,17.579999999999018,120,2025-10-16 18:31:00+00:00,4283.05,4289.51,0,2025-10-16 16:34:00+00:00,4283.05,stop_loss,-5.859999999999673,False
-1,2025-10-16 16:45:00+00:00,2025-10-16 16:46:00+00:00,4272.98,open,4288.7,4225.819999999999,15.720000000000255,47.160000000000764,120,2025-10-16 18:46:00+00:00,4283.64,4288.7,0,2025-10-16 17:03:00+00:00,4288.7,stop_loss,-15.720000000000255,False
1,2025-10-16 17:15:00+00:00,2025-10-16 17:16:00+00:00,4289.71,open,4284.1,4306.539999999999,5.609999999999673,16.829999999999018,120,2025-10-16 19:16:00+00:00,4284.1,4288.79,0,2025-10-16 18:14:00+00:00,4284.1,stop_loss,-5.609999999999673,False
-1,2025-10-16 18:15:00+00:00,2025-10-16 18:16:00+00:00,4281.25,open,4293.18,4245.459999999999,11.930000000000291,35.79000000000087,120,2025-10-16 20:30:00+00:00,4289.33,4293.18,1,2025-10-16 18:42:00+00:00,4293.18,stop_loss,-11.930000000000291,False
1,2025-10-16 18:45:00+00:00,2025-10-16 18:46:00+00:00,4293.24,open,4285.37,4316.849999999999,7.869999999999891,23.609999999999673,120,2025-10-16 20:46:00+00:00,4285.37,4289.35,0,2025-10-16 20:03:00+00:00,4316.849999999999,target_hit,23.609999999999673,True
-1,2025-10-17 07:00:00+00:00,2025-10-17 07:01:00+00:00,4360.14,open,4365.9,4342.860000000002,5.759999999999309,17.279999999997926,120,2025-10-17 09:15:00+00:00,4360.98,4365.9,1,2025-10-17 07:19:00+00:00,4342.860000000002,target_hit,17.279999999997926,True
-1,2025-10-17 07:30:00+00:00,2025-10-17 07:31:00+00:00,4330.45,open,4354.13,4259.409999999999,23.68000000000029,71.04000000000087,120,2025-10-17 15:30:00+00:00,4349.66,4354.13,12,2025-10-17 13:37:00+00:00,4259.409999999999,target_hit,71.04000000000087,True
-1,2025-10-17 13:45:00+00:00,2025-10-17 13:46:00+00:00,4290.5,open,4315.1,4216.699999999999,24.600000000000364,73.80000000000109,120,2025-10-17 15:46:00+00:00,4306.53,4315.1,0,2025-10-17 14:14:00+00:00,4216.699999999999,target_hit,73.80000000000109,True
-1,2025-10-17 14:15:00+00:00,2025-10-17 14:16:00+00:00,4225.0,open,4274.53,4076.4100000000008,49.529999999999745,148.58999999999924,120,2025-10-17 21:30:00+00:00,4267.36,4274.53,11,2025-10-19 22:02:00+00:00,4258.89,timeout,-33.89000000000033,False
1,2025-10-20 07:15:00+00:00,2025-10-20 07:16:00+00:00,4255.98,open,4240.23,4303.23,15.75,47.25,120,2025-10-20 14:30:00+00:00,4240.23,4244.45,8,2025-10-20 12:33:00+00:00,4303.23,target_hit,47.25,True
1,2025-10-20 12:45:00+00:00,2025-10-20 12:46:00+00:00,4317.65,open,4292.06,4394.419999999997,25.589999999999236,76.76999999999771,120,2025-10-20 21:15:00+00:00,4292.06,4298.43,12,2025-10-20 22:01:00+00:00,4364.44,timeout,46.789999999999964,True
1,2025-10-21 07:00:00+00:00,2025-10-21 07:01:00+00:00,4340.6,open,4335.46,4356.020000000001,5.140000000000327,15.420000000000982,120,2025-10-21 09:01:00+00:00,4335.46,4343.0,0,2025-10-21 07:02:00+00:00,4335.46,stop_loss,-5.140000000000327,False
-1,2025-10-21 07:15:00+00:00,2025-10-21 07:16:00+00:00,4331.09,open,4339.21,4306.7300000000005,8.11999999999989,24.359999999999673,120,2025-10-21 09:16:00+00:00,4333.47,4339.21,0,2025-10-21 07:33:00+00:00,4306.7300000000005,target_hit,24.359999999999673,True
-1,2025-10-21 07:45:00+00:00,2025-10-21 07:46:00+00:00,4302.32,open,4319.59,4250.509999999998,17.270000000000437,51.81000000000131,120,2025-10-21 10:00:00+00:00,4306.13,4319.59,1,2025-10-21 08:14:00+00:00,4250.509999999998,target_hit,51.81000000000131,True
-1,2025-10-21 08:15:00+00:00,2025-10-21 08:16:00+00:00,4260.15,open,4301.09,4137.329999999998,40.94000000000051,122.82000000000153,120,2025-10-21 15:45:00+00:00,4292.84,4301.09,13,2025-10-21 14:29:00+00:00,4137.329999999998,target_hit,122.82000000000153,True
-1,2025-10-21 14:30:00+00:00,2025-10-21 14:31:00+00:00,4131.97,open,4181.91,3982.1500000000015,49.9399999999996,149.8199999999988,120,2025-10-21 21:45:00+00:00,4175.69,4181.91,11,2025-10-21 22:01:00+00:00,4132.55,timeout,-0.5799999999999272,False
-1,2025-10-22 07:00:00+00:00,2025-10-22 07:01:00+00:00,4153.66,open,4159.75,4135.389999999999,6.0900000000001455,18.270000000000437,120,2025-10-22 09:01:00+00:00,4153.32,4159.75,0,2025-10-22 07:06:00+00:00,4135.389999999999,target_hit,18.270000000000437,True
-1,2025-10-22 07:15:00+00:00,2025-10-22 07:16:00+00:00,4143.52,open,4152.65,4116.130000000003,9.1299999999992,27.3899999999976,120,2025-10-22 09:45:00+00:00,4147.14,4152.65,1,2025-10-22 08:04:00+00:00,4116.130000000003,target_hit,27.3899999999976,True
-1,2025-10-22 08:15:00+00:00,2025-10-22 08:16:00+00:00,4069.77,open,4134.62,3875.2200000000003,64.84999999999991,194.54999999999973,120,2025-10-22 21:45:00+00:00,4129.5,4134.62,22,2025-10-22 22:01:00+00:00,4106.6,timeout,-36.83000000000038,False
-1,2025-10-23 07:00:00+00:00,2025-10-23 07:01:00+00:00,4113.64,open,4118.31,4099.63,4.670000000000073,14.010000000000218,120,2025-10-23 09:01:00+00:00,4113.6,4118.31,0,2025-10-23 07:03:00+00:00,4118.31,stop_loss,-4.670000000000073,False
1,2025-10-23 07:15:00+00:00,2025-10-23 07:16:00+00:00,4114.99,open,4113.32,4120.0,1.6700000000000728,5.010000000000218,120,2025-10-23 09:16:00+00:00,4113.32,4116.94,0,2025-10-23 07:19:00+00:00,4120.0,target_hit,5.010000000000218,True
-1,2025-10-23 07:45:00+00:00,2025-10-23 07:46:00+00:00,4104.55,open,4111.61,4083.3700000000017,7.059999999999491,21.179999999998472,120,2025-10-23 10:00:00+00:00,4100.15,4111.61,1,2025-10-23 08:05:00+00:00,4111.61,stop_loss,-7.059999999999491,False
1,2025-10-23 08:15:00+00:00,2025-10-23 08:16:00+00:00,4114.78,open,4094.16,4176.639999999999,20.61999999999989,61.85999999999967,120,2025-10-23 19:45:00+00:00,4094.16,4099.88,14,2025-10-23 19:45:00+00:00,4117.99,timeout,3.2100000000000364,True
-1,2025-10-23 19:45:00+00:00,2025-10-23 19:46:00+00:00,4118.03,open,4125.7,4095.0199999999995,7.670000000000073,23.01000000000022,120,2025-10-23 21:46:00+00:00,4119.93,4125.7,0,2025-10-23 20:57:00+00:00,4125.7,stop_loss,-7.670000000000073,False
1,2025-10-24 07:15:00+00:00,2025-10-24 07:16:00+00:00,4092.28,open,4090.46,4097.740000000001,1.8200000000001637,5.460000000000491,120,2025-10-24 09:16:00+00:00,4090.46,4095.81,0,2025-10-24 07:24:00+00:00,4090.46,stop_loss,-1.8200000000001637,False
-1,2025-10-24 07:30:00+00:00,2025-10-24 07:31:00+00:00,4087.31,open,4092.95,4070.3900000000003,5.639999999999873,16.919999999999618,120,2025-10-24 09:31:00+00:00,4089.16,4092.95,0,2025-10-24 07:55:00+00:00,4070.3900000000003,target_hit,16.919999999999618,True
-1,2025-10-24 08:00:00+00:00,2025-10-24 08:01:00+00:00,4074.51,open,4084.11,4045.7100000000005,9.599999999999909,28.799999999999727,120,2025-10-24 12:45:00+00:00,4075.45,4084.11,5,2025-10-24 11:03:00+00:00,4045.7100000000005,target_hit,28.799999999999727,True
1,2025-10-24 11:15:00+00:00,2025-10-24 11:16:00+00:00,4058.43,open,4045.31,4097.789999999999,13.11999999999989,39.35999999999967,120,2025-10-24 14:45:00+00:00,4045.31,4052.74,2,2025-10-24 13:06:00+00:00,4097.789999999999,target_hit,39.35999999999922,True
1,2025-10-24 13:15:00+00:00,2025-10-24 13:16:00+00:00,4112.5,open,4080.51,4208.469999999999,31.98999999999978,95.96999999999935,120,2025-10-24 17:30:00+00:00,4080.51,4085.03,5,2025-10-24 17:30:00+00:00,4121.63,timeout,9.13000000000011,True
-1,2025-10-24 17:30:00+00:00,2025-10-24 17:31:00+00:00,4121.69,open,4125.13,4111.369999999998,3.4400000000005093,10.320000000001528,120,2025-10-24 19:31:00+00:00,4120.23,4125.13,0,2025-10-24 17:44:00+00:00,4111.369999999998,target_hit,10.320000000001528,True
-1,2025-10-24 18:15:00+00:00,2025-10-24 18:16:00+00:00,4103.86,open,4107.16,4093.959999999999,3.300000000000182,9.900000000000546,120,2025-10-24 20:16:00+00:00,4102.49,4107.16,0,2025-10-24 18:17:00+00:00,4107.16,stop_loss,-3.300000000000182,False
1,2025-10-24 18:30:00+00:00,2025-10-24 18:31:00+00:00,4105.69,open,4104.46,4109.379999999998,1.2299999999995634,3.6899999999986903,120,2025-10-24 20:31:00+00:00,4104.46,4108.18,0,2025-10-24 18:34:00+00:00,4109.379999999998,target_hit,3.6899999999986903,True
1,2025-10-24 19:00:00+00:00,2025-10-24 19:01:00+00:00,4112.31,open,4106.12,4130.880000000002,6.190000000000509,18.570000000001528,120,2025-10-24 21:15:00+00:00,4106.12,4109.74,1,2025-10-24 19:46:00+00:00,4106.12,stop_loss,-6.190000000000509,False
-1,2025-10-27 09:00:00+00:00,2025-10-27 09:01:00+00:00,4048.59,open,4055.98,4026.4200000000005,7.389999999999873,22.169999999999618,120,2025-10-27 12:45:00+00:00,4039.23,4055.98,4,2025-10-27 11:11:00+00:00,4026.4200000000005,target_hit,22.169999999999618,True
-1,2025-10-27 11:15:00+00:00,2025-10-27 11:16:00+00:00,4031.11,open,4037.95,4010.590000000001,6.839999999999691,20.519999999999072,120,2025-10-27 13:45:00+00:00,4031.91,4037.95,2,2025-10-27 12:03:00+00:00,4037.95,stop_loss,-6.839999999999691,False
1,2025-10-27 12:15:00+00:00,2025-10-27 12:16:00+00:00,4034.61,open,4024.71,4064.3100000000004,9.900000000000091,29.700000000000273,120,2025-10-27 15:30:00+00:00,4024.71,4030.32,3,2025-10-27 13:31:00+00:00,4024.71,stop_loss,-9.900000000000091,False
-1,2025-10-27 13:45:00+00:00,2025-10-27 13:46:00+00:00,4021.63,open,4033.87,3984.9100000000008,12.239999999999782,36.719999999999345,120,2025-10-27 16:30:00+00:00,4025.81,4033.87,3,2025-10-27 14:37:00+00:00,3984.9100000000008,target_hit,36.719999999999345,True
-1,2025-10-27 14:45:00+00:00,2025-10-27 14:46:00+00:00,3998.41,open,4000.47,3992.23,2.0599999999999454,6.179999999999836,120,2025-10-27 16:46:00+00:00,3995.33,4000.47,0,2025-10-27 14:48:00+00:00,3992.23,target_hit,6.179999999999836,True
-1,2025-10-27 15:15:00+00:00,2025-10-27 15:16:00+00:00,3976.68,open,3988.37,3941.6099999999997,11.690000000000055,35.070000000000164,120,2025-10-27 17:16:00+00:00,3978.11,3988.37,0,2025-10-27 15:29:00+00:00,3988.37,stop_loss,-11.690000000000055,False
1,2025-10-27 15:30:00+00:00,2025-10-27 15:31:00+00:00,3988.92,open,3980.02,4015.6200000000003,8.900000000000091,26.700000000000273,120,2025-10-27 17:31:00+00:00,3980.02,3984.12,0,2025-10-27 15:43:00+00:00,3980.02,stop_loss,-8.900000000000091,False
-1,2025-10-27 15:45:00+00:00,2025-10-27 15:46:00+00:00,3982.88,open,3988.03,3967.43,5.150000000000091,15.450000000000273,120,2025-10-27 17:46:00+00:00,3981.68,3988.03,0,2025-10-27 15:51:00+00:00,3988.03,stop_loss,-5.150000000000091,False
-1,2025-10-27 16:30:00+00:00,2025-10-27 16:31:00+00:00,3986.79,open,3990.31,3976.23,3.519999999999982,10.559999999999945,120,2025-10-27 18:31:00+00:00,3986.97,3990.31,0,2025-10-27 16:32:00+00:00,3990.31,stop_loss,-3.519999999999982,False
1,2025-10-27 17:30:00+00:00,2025-10-27 17:31:00+00:00,4003.45,open,3992.02,4037.7399999999993,11.429999999999836,34.28999999999951,120,2025-10-27 21:15:00+00:00,3992.02,3997.77,3,2025-10-27 19:29:00+00:00,3992.02,stop_loss,-11.429999999999836,False
-1,2025-10-27 19:30:00+00:00,2025-10-27 19:31:00+00:00,3991.3,open,3994.43,3981.910000000001,3.1299999999996544,9.389999999998963,120,2025-10-27 21:31:00+00:00,3988.71,3994.43,0,2025-10-27 20:15:00+00:00,3994.43,stop_loss,-3.1299999999996544,False
1,2025-10-28 08:00:00+00:00,2025-10-28 08:01:00+00:00,3934.57,open,3929.54,3949.6600000000008,5.0300000000002,15.0900000000006,120,2025-10-28 10:01:00+00:00,3929.54,3934.02,0,2025-10-28 08:04:00+00:00,3929.54,stop_loss,-5.0300000000002,False
-1,2025-10-28 08:15:00+00:00,2025-10-28 08:16:00+00:00,3922.11,open,3929.11,3901.11,7.0,21.0,120,2025-10-28 10:30:00+00:00,3925.1,3929.11,1,2025-10-28 08:43:00+00:00,3901.11,target_hit,21.0,True
-1,2025-10-28 08:45:00+00:00,2025-10-28 08:46:00+00:00,3905.98,open,3914.58,3880.1800000000003,8.599999999999909,25.799999999999727,120,2025-10-28 12:00:00+00:00,3910.26,3914.58,2,2025-10-28 10:37:00+00:00,3914.58,stop_loss,-8.599999999999909,False
1,2025-10-28 10:45:00+00:00,2025-10-28 10:46:00+00:00,3917.52,open,3908.71,3943.95,8.809999999999945,26.429999999999836,120,2025-10-28 14:45:00+00:00,3908.71,3913.85,3,2025-10-28 12:51:00+00:00,3908.71,stop_loss,-8.809999999999945,False
1,2025-10-28 13:15:00+00:00,2025-10-28 13:16:00+00:00,3924.64,open,3912.48,3961.1199999999994,12.159999999999854,36.47999999999956,120,2025-10-28 17:00:00+00:00,3912.48,3920.87,4,2025-10-28 15:31:00+00:00,3961.1199999999994,target_hit,36.47999999999956,True
1,2025-10-28 15:45:00+00:00,2025-10-28 15:46:00+00:00,3964.08,open,3957.84,3982.7999999999993,6.239999999999782,18.719999999999345,120,2025-10-28 17:46:00+00:00,3957.84,3962.49,0,2025-10-28 16:03:00+00:00,3957.84,stop_loss,-6.239999999999782,False
-1,2025-10-28 16:45:00+00:00,2025-10-28 16:46:00+00:00,3953.9,open,3964.73,3921.4100000000003,10.829999999999927,32.48999999999978,120,2025-10-28 18:46:00+00:00,3956.4,3964.73,0,2025-10-28 17:08:00+00:00,3964.73,stop_loss,-10.829999999999927,False
1,2025-10-28 17:15:00+00:00,2025-10-28 17:16:00+00:00,3968.63,open,3965.65,3977.57,2.980000000000018,8.940000000000055,120,2025-10-28 19:16:00+00:00,3965.65,3969.65,0,2025-10-28 17:19:00+00:00,3965.65,stop_loss,-2.980000000000018,False
-1,2025-10-28 17:45:00+00:00,2025-10-28 17:46:00+00:00,3964.44,open,3968.32,3952.7999999999997,3.880000000000109,11.640000000000327,120,2025-10-28 20:00:00+00:00,3962.05,3968.32,1,2025-10-28 18:31:00+00:00,3952.7999999999997,target_hit,11.640000000000327,True
-1,2025-10-28 18:45:00+00:00,2025-10-28 18:46:00+00:00,3950.79,open,3952.03,3947.0699999999993,1.2400000000002365,3.7200000000007094,120,2025-10-28 20:46:00+00:00,3945.16,3952.03,0,2025-10-28 18:47:00+00:00,3952.03,stop_loss,-1.2400000000002365,False
1,2025-10-29 08:45:00+00:00,2025-10-29 08:46:00+00:00,4014.41,open,4010.06,4027.4599999999996,4.349999999999909,13.049999999999727,120,2025-10-29 11:00:00+00:00,4010.06,4014.16,1,2025-10-29 09:49:00+00:00,4027.4599999999996,target_hit,13.049999999999727,True
1,2025-10-29 10:00:00+00:00,2025-10-29 10:01:00+00:00,4025.91,open,4019.17,4046.129999999999,6.739999999999782,20.219999999999345,120,2025-10-29 12:01:00+00:00,4019.17,4024.43,0,2025-10-29 10:06:00+00:00,4019.17,stop_loss,-6.739999999999782,False
1,2025-10-29 10:15:00+00:00,2025-10-29 10:16:00+00:00,4023.31,open,4018.54,4037.62,4.769999999999982,14.309999999999945,120,2025-10-29 12:45:00+00:00,4018.54,4024.78,2,2025-10-29 11:29:00+00:00,4018.54,stop_loss,-4.769999999999982,False
-1,2025-10-29 11:45:00+00:00,2025-10-29 11:46:00+00:00,4016.61,open,4019.33,4008.4500000000007,2.7199999999998,8.1599999999994,120,2025-10-29 13:46:00+00:00,4015.39,4019.33,0,2025-10-29 11:57:00+00:00,4019.33,stop_loss,-2.7199999999998,False
-1,2025-10-29 12:00:00+00:00,2025-10-29 12:01:00+00:00,4017.33,open,4019.83,4009.83,2.5,7.5,120,2025-10-29 14:01:00+00:00,4016.2,4019.83,0,2025-10-29 12:10:00+00:00,4019.83,stop_loss,-2.5,False
1,2025-10-29 12:15:00+00:00,2025-10-29 12:16:00+00:00,4029.25,open,4021.45,4052.6500000000005,7.800000000000182,23.400000000000546,120,2025-10-29 14:16:00+00:00,4021.45,4025.91,0,2025-10-29 13:00:00+00:00,4021.45,stop_loss,-7.800000000000182,False
-1,2025-10-29 13:15:00+00:00,2025-10-29 13:16:00+00:00,4014.39,open,4025.73,3980.3699999999994,11.340000000000146,34.02000000000044,120,2025-10-29 19:30:00+00:00,4018.2,4025.73,7,2025-10-29 18:01:00+00:00,3980.3699999999994,target_hit,34.02000000000044,True
-1,2025-10-29 18:15:00+00:00,2025-10-29 18:16:00+00:00,3988.0,open,3997.24,3960.2800000000007,9.239999999999782,27.719999999999345,120,2025-10-29 20:16:00+00:00,3988.05,3997.24,0,2025-10-29 18:36:00+00:00,3960.2800000000007,target_hit,27.719999999999345,True
-1,2025-10-29 19:30:00+00:00,2025-10-29 19:31:00+00:00,3953.99,open,3972.47,3898.5499999999997,18.480000000000018,55.440000000000055,120,2025-10-29 21:45:00+00:00,3966.33,3972.47,1,2025-10-29 22:01:00+00:00,3928.0,timeout,25.98999999999978,True
1,2025-10-30 08:15:00+00:00,2025-10-30 08:16:00+00:00,3967.14,open,3960.03,3988.469999999999,7.109999999999673,21.329999999999018,120,2025-10-30 10:16:00+00:00,3960.03,3967.03,0,2025-10-30 09:03:00+00:00,3988.469999999999,target_hit,21.329999999999018,True
1,2025-10-30 09:15:00+00:00,2025-10-30 09:16:00+00:00,4010.3,open,3975.74,4113.980000000001,34.5600000000004,103.6800000000012,120,2025-10-30 11:30:00+00:00,3975.74,3981.67,1,2025-10-30 10:35:00+00:00,3975.74,stop_loss,-34.5600000000004,False
-1,2025-10-30 10:45:00+00:00,2025-10-30 10:46:00+00:00,3981.57,open,3987.17,3964.7700000000004,5.599999999999909,16.799999999999727,120,2025-10-30 13:15:00+00:00,3979.48,3987.17,1,2025-10-30 11:22:00+00:00,3964.7700000000004,target_hit,16.799999999999727,True
-1,2025-10-30 11:30:00+00:00,2025-10-30 11:31:00+00:00,3970.52,open,3975.0,3957.08,4.480000000000018,13.440000000000055,120,2025-10-30 13:31:00+00:00,3971.13,3975.0,0,2025-10-30 11:35:00+00:00,3975.0,stop_loss,-4.480000000000018,False
1,2025-10-30 11:45:00+00:00,2025-10-30 11:46:00+00:00,3971.45,open,3965.29,3989.9299999999994,6.1599999999998545,18.479999999999563,120,2025-10-30 14:45:00+00:00,3965.29,3970.84,3,2025-10-30 12:58:00+00:00,3965.29,stop_loss,-6.1599999999998545,False
-1,2025-10-30 13:00:00+00:00,2025-10-30 13:01:00+00:00,3960.65,open,3975.78,3915.2599999999998,15.13000000000011,45.39000000000033,120,2025-10-30 15:01:00+00:00,3970.77,3975.78,0,2025-10-30 13:05:00+00:00,3975.78,stop_loss,-15.13000000000011,False
1,2025-10-30 13:15:00+00:00,2025-10-30 13:16:00+00:00,3974.79,open,3959.98,4019.22,14.809999999999945,44.429999999999836,120,2025-10-30 17:00:00+00:00,3959.98,3967.48,4,2025-10-30 17:00:00+00:00,4001.2,timeout,26.409999999999854,True
-1,2025-10-30 17:15:00+00:00,2025-10-30 17:16:00+00:00,3996.04,open,4002.72,3976.0000000000005,6.679999999999836,20.03999999999951,120,2025-10-30 19:16:00+00:00,3998.74,4002.72,0,2025-10-30 17:29:00+00:00,4002.72,stop_loss,-6.679999999999836,False
-1,2025-10-30 18:45:00+00:00,2025-10-30 18:46:00+00:00,4010.3,open,4016.86,3990.6200000000003,6.559999999999945,19.679999999999836,120,2025-10-30 20:46:00+00:00,4011.23,4016.86,0,2025-10-30 18:55:00+00:00,4016.86,stop_loss,-6.559999999999945,False
1,2025-10-30 19:45:00+00:00,2025-10-30 19:46:00+00:00,4025.6,open,4019.97,4042.4900000000002,5.630000000000109,16.890000000000327,120,2025-10-30 21:46:00+00:00,4019.97,4024.2,0,2025-10-30 20:24:00+00:00,4019.97,stop_loss,-5.630000000000109,False
1,2025-10-31 08:00:00+00:00,2025-10-31 08:01:00+00:00,4020.3,open,4015.33,4035.210000000001,4.970000000000255,14.910000000000764,120,2025-10-31 10:01:00+00:00,4015.33,4019.0,0,2025-10-31 08:52:00+00:00,4015.33,stop_loss,-4.970000000000255,False
-1,2025-10-31 09:00:00+00:00,2025-10-31 09:01:00+00:00,4012.2,open,4013.86,4007.219999999999,1.6600000000003092,4.980000000000928,120,2025-10-31 11:01:00+00:00,4006.77,4013.86,0,2025-10-31 09:04:00+00:00,4013.86,stop_loss,-1.6600000000003092,False
1,2025-10-31 09:30:00+00:00,2025-10-31 09:31:00+00:00,4001.72,open,3999.11,4009.549999999999,2.6099999999996726,7.829999999999018,120,2025-10-31 11:31:00+00:00,3999.11,4002.89,0,2025-10-31 09:58:00+00:00,4009.549999999999,target_hit,7.829999999999018,True
1,2025-10-31 12:30:00+00:00,2025-10-31 12:31:00+00:00,4018.65,open,4016.81,4024.1700000000005,1.8400000000001455,5.520000000000437,120,2025-10-31 14:31:00+00:00,4016.81,4020.33,0,2025-10-31 12:34:00+00:00,4016.81,stop_loss,-1.8400000000001455,False
1,2025-10-31 12:45:00+00:00,2025-10-31 12:46:00+00:00,4029.5,open,4023.04,4048.88,6.460000000000036,19.38000000000011,120,2025-10-31 14:46:00+00:00,4023.04,4027.29,0,2025-10-31 12:57:00+00:00,4023.04,stop_loss,-6.460000000000036,False
-1,2025-10-31 13:45:00+00:00,2025-10-31 13:46:00+00:00,4016.75,open,4024.73,3992.81,7.980000000000018,23.940000000000055,120,2025-10-31 15:46:00+00:00,4019.16,4024.73,0,2025-10-31 14:03:00+00:00,4024.73,stop_loss,-7.980000000000018,False
1,2025-10-31 14:15:00+00:00,2025-10-31 14:16:00+00:00,4021.58,open,4016.54,4036.7,5.039999999999964,15.11999999999989,120,2025-10-31 16:16:00+00:00,4016.54,4021.63,0,2025-10-31 14:29:00+00:00,4016.54,stop_loss,-5.039999999999964,False
-1,2025-10-31 15:00:00+00:00,2025-10-31 15:01:00+00:00,4014.29,open,4017.31,4005.23,3.019999999999982,9.059999999999945,120,2025-10-31 17:01:00+00:00,4012.03,4017.31,0,2025-10-31 15:14:00+00:00,4017.31,stop_loss,-3.019999999999982,False
-1,2025-10-31 15:15:00+00:00,2025-10-31 15:16:00+00:00,4015.74,open,4021.04,3999.8399999999992,5.300000000000182,15.900000000000546,120,2025-10-31 17:16:00+00:00,4014.6,4021.04,0,2025-10-31 15:34:00+00:00,4021.04,stop_loss,-5.300000000000182,False
-1,2025-10-31 16:00:00+00:00,2025-10-31 16:01:00+00:00,4012.34,open,4021.67,3984.3500000000004,9.329999999999927,27.98999999999978,120,2025-10-31 18:01:00+00:00,4013.61,4021.67,0,2025-10-31 16:14:00+00:00,3984.3500000000004,target_hit,27.98999999999978,True
-1,2025-10-31 16:15:00+00:00,2025-10-31 16:16:00+00:00,3979.29,open,4015.31,3871.23,36.01999999999998,108.05999999999995,120,2025-10-31 18:16:00+00:00,4011.06,4015.31,0,2025-10-31 18:16:00+00:00,4006.06,timeout,-26.769999999999982,False
-1,2025-10-31 19:00:00+00:00,2025-10-31 19:01:00+00:00,4000.99,open,4006.49,3984.49,5.5,16.5,120,2025-10-31 21:30:00+00:00,4002.76,4006.49,1,2025-10-31 20:39:00+00:00,4006.49,stop_loss,-5.5,False
1,2025-11-03 08:00:00+00:00,2025-11-03 08:01:00+00:00,4026.49,open,4022.25,4039.209999999999,4.239999999999782,12.719999999999345,120,2025-11-03 10:01:00+00:00,4022.25,4026.3,0,2025-11-03 08:14:00+00:00,4022.25,stop_loss,-4.239999999999782,False
-1,2025-11-03 08:15:00+00:00,2025-11-03 08:16:00+00:00,4019.26,open,4028.19,3992.4700000000007,8.929999999999836,26.78999999999951,120,2025-11-03 11:45:00+00:00,4023.73,4028.19,2,2025-11-03 11:45:00+00:00,4005.36,timeout,13.900000000000091,True
1,2025-11-03 15:00:00+00:00,2025-11-03 15:01:00+00:00,4026.8,open,4012.53,4069.61,14.269999999999982,42.809999999999945,120,2025-11-03 17:15:00+00:00,4012.53,4016.85,1,2025-11-03 15:27:00+00:00,4012.53,stop_loss,-14.269999999999982,False
-1,2025-11-03 15:30:00+00:00,2025-11-03 15:31:00+00:00,4010.42,open,4025.64,3964.7600000000007,15.2199999999998,45.6599999999994,120,2025-11-03 18:30:00+00:00,4021.13,4025.64,4,2025-11-03 18:30:00+00:00,4002.92,timeout,7.5,True
-1,2025-11-03 19:15:00+00:00,2025-11-03 19:16:00+00:00,4004.99,open,4006.66,3999.9799999999996,1.6700000000000728,5.010000000000218,120,2025-11-03 21:16:00+00:00,4001.98,4006.66,0,2025-11-03 19:45:00+00:00,3999.9799999999996,target_hit,5.010000000000218,True
-1,2025-11-04 09:15:00+00:00,2025-11-04 09:16:00+00:00,3991.64,open,3996.24,3977.84,4.599999999999909,13.799999999999727,120,2025-11-04 11:16:00+00:00,3992.24,3996.24,0,2025-11-04 09:34:00+00:00,3996.24,stop_loss,-4.599999999999909,False
1,2025-11-04 09:45:00+00:00,2025-11-04 09:46:00+00:00,3996.83,open,3994.8,4002.919999999999,2.0299999999997453,6.089999999999236,120,2025-11-04 11:46:00+00:00,3994.8,3999.44,0,2025-11-04 09:47:00+00:00,3994.8,stop_loss,-2.0299999999997453,False
-1,2025-11-04 13:45:00+00:00,2025-11-04 13:46:00+00:00,3981.14,open,3987.29,3962.6899999999996,6.150000000000091,18.450000000000273,120,2025-11-04 15:46:00+00:00,3983.67,3987.29,0,2025-11-04 14:29:00+00:00,3962.6899999999996,target_hit,18.450000000000273,True
-1,2025-11-04 14:30:00+00:00,2025-11-04 14:31:00+00:00,3951.18,open,3968.22,3900.06,17.039999999999964,51.11999999999989,120,2025-11-04 17:15:00+00:00,3951.01,3968.22,2,2025-11-04 15:40:00+00:00,3968.22,stop_loss,-17.039999999999964,False
1,2025-11-04 15:45:00+00:00,2025-11-04 15:46:00+00:00,3961.69,open,3949.39,3998.5900000000006,12.300000000000182,36.900000000000546,120,2025-11-04 18:45:00+00:00,3949.39,3954.93,3,2025-11-04 18:18:00+00:00,3949.39,stop_loss,-12.300000000000182,False
-1,2025-11-04 18:30:00+00:00,2025-11-04 18:31:00+00:00,3949.94,open,3952.42,3942.5,2.480000000000018,7.440000000000055,120,2025-11-04 20:31:00+00:00,3947.14,3952.42,0,2025-11-04 18:33:00+00:00,3942.5,target_hit,7.440000000000055,True
-1,2025-11-04 18:45:00+00:00,2025-11-04 18:46:00+00:00,3937.46,open,3949.11,3902.5099999999998,11.650000000000091,34.95000000000027,120,2025-11-04 22:15:00+00:00,3943.08,3949.11,1,2025-11-04 23:01:00+00:00,3935.2,timeout,2.2600000000002183,True
1,2025-11-05 08:15:00+00:00,2025-11-05 08:16:00+00:00,3983.14,open,3975.93,4004.77,7.210000000000036,21.63000000000011,120,2025-11-05 10:16:00+00:00,3975.93,3982.72,0,2025-11-05 09:11:00+00:00,3975.93,stop_loss,-7.210000000000036,False
-1,2025-11-05 09:30:00+00:00,2025-11-05 09:31:00+00:00,3964.78,open,3971.22,3945.4600000000014,6.4399999999996,19.3199999999988,120,2025-11-05 11:31:00+00:00,3966.02,3971.22,0,2025-11-05 09:40:00+00:00,3971.22,stop_loss,-6.4399999999996,False
1,2025-11-05 09:45:00+00:00,2025-11-05 09:46:00+00:00,3969.63,open,3963.79,3987.1500000000005,5.8400000000001455,17.520000000000437,120,2025-11-05 11:46:00+00:00,3963.79,3969.03,0,2025-11-05 10:03:00+00:00,3963.79,stop_loss,-5.8400000000001455,False
-1,2025-11-05 10:15:00+00:00,2025-11-05 10:16:00+00:00,3962.06,open,3969.66,3939.26,7.599999999999909,22.799999999999727,120,2025-11-05 12:16:00+00:00,3964.44,3969.66,0,2025-11-05 10:47:00+00:00,3969.66,stop_loss,-7.599999999999909,False
1,2025-11-05 14:00:00+00:00,2025-11-05 14:01:00+00:00,3976.5,open,3972.48,3988.56,4.019999999999982,12.059999999999945,120,2025-11-05 16:15:00+00:00,3972.48,3975.88,1,2025-11-05 14:48:00+00:00,3972.48,stop_loss,-4.019999999999982,False
-1,2025-11-05 15:00:00+00:00,2025-11-05 15:01:00+00:00,3966.62,open,3976.87,3935.87,10.25,30.75,120,2025-11-05 17:01:00+00:00,3972.98,3976.87,0,2025-11-05 15:07:00+00:00,3976.87,stop_loss,-10.25,False
-1,2025-11-05 15:15:00+00:00,2025-11-05 15:16:00+00:00,3970.17,open,3973.5,3960.1800000000003,3.3299999999999272,9.989999999999782,120,2025-11-05 17:16:00+00:00,3962.87,3973.5,0,2025-11-05 15:25:00+00:00,3973.5,stop_loss,-3.3299999999999272,False
1,2025-11-05 15:30:00+00:00,2025-11-05 15:31:00+00:00,3982.14,open,3967.67,4025.5499999999993,14.4699999999998,43.4099999999994,120,2025-11-05 18:45:00+00:00,3967.67,3973.37,3,2025-11-05 18:45:00+00:00,3980.57,timeout,-1.569999999999709,False
-1,2025-11-06 12:15:00+00:00,2025-11-06 12:16:00+00:00,4012.66,open,4019.23,3992.9499999999994,6.570000000000164,19.71000000000049,120,2025-11-06 14:16:00+00:00,4015.37,4019.23,0,2025-11-06 14:16:00+00:00,4005.41,timeout,7.25,True
-1,2025-11-06 14:30:00+00:00,2025-11-06 14:31:00+00:00,3994.84,open,4006.19,3960.7900000000004,11.349999999999909,34.04999999999973,120,2025-11-06 19:30:00+00:00,4001.58,4006.19,5,2025-11-06 19:30:00+00:00,3991.56,timeout,3.2800000000002,True
-1,2025-11-07 11:15:00+00:00,2025-11-07 11:16:00+00:00,4003.07,open,4008.37,3987.170000000001,5.299999999999727,15.899999999999181,120,2025-11-07 13:30:00+00:00,4004.49,4008.37,1,2025-11-07 12:06:00+00:00,4008.37,stop_loss,-5.299999999999727,False
-1,2025-11-07 13:00:00+00:00,2025-11-07 13:01:00+00:00,3994.46,open,3996.53,3988.2499999999995,2.0700000000001637,6.210000000000491,120,2025-11-07 15:01:00+00:00,3992.2,3996.53,0,2025-11-07 13:03:00+00:00,3996.53,stop_loss,-2.0700000000001637,False
1,2025-11-07 14:00:00+00:00,2025-11-07 14:01:00+00:00,3999.63,open,3995.72,4011.360000000001,3.9100000000003092,11.730000000000928,120,2025-11-07 16:01:00+00:00,3995.72,3999.25,0,2025-11-07 14:05:00+00:00,3995.72,stop_loss,-3.9100000000003092,False
-1,2025-11-07 14:45:00+00:00,2025-11-07 14:46:00+00:00,3992.08,open,4000.88,3965.6799999999994,8.800000000000182,26.400000000000546,120,2025-11-07 17:45:00+00:00,3996.34,4000.88,2,2025-11-07 16:22:00+00:00,4000.88,stop_loss,-8.800000000000182,False
1,2025-11-07 16:45:00+00:00,2025-11-07 16:46:00+00:00,4019.4,open,4007.87,4053.9900000000007,11.5300000000002,34.5900000000006,120,2025-11-07 18:46:00+00:00,4007.87,4011.62,0,2025-11-07 16:58:00+00:00,4007.87,stop_loss,-11.5300000000002,False
-1,2025-11-07 17:00:00+00:00,2025-11-07 17:01:00+00:00,4007.08,open,4019.83,3968.83,12.75,38.25,120,2025-11-07 19:15:00+00:00,4014.33,4019.83,1,2025-11-07 19:15:00+00:00,4008.01,timeout,-0.930000000000291,False
-1,2025-11-07 20:30:00+00:00,2025-11-07 20:31:00+00:00,3999.32,open,4001.58,3992.540000000001,2.2599999999997635,6.779999999999291,120,2025-11-07 22:31:00+00:00,3996.76,4001.58,0,2025-11-07 20:39:00+00:00,4001.58,stop_loss,-2.2599999999997635,False
1,2025-11-10 13:15:00+00:00,2025-11-10 13:16:00+00:00,4101.32,open,4099.51,4106.749999999998,1.8099999999994907,5.429999999998472,120,2025-11-10 15:16:00+00:00,4099.51,4104.9,0,2025-11-10 13:17:00+00:00,4099.51,stop_loss,-1.8099999999994907,False
-1,2025-11-10 14:00:00+00:00,2025-11-10 14:01:00+00:00,4092.69,open,4096.23,4082.0700000000015,3.539999999999509,10.619999999998527,120,2025-11-10 16:01:00+00:00,4092.5,4096.23,0,2025-11-10 14:30:00+00:00,4082.0700000000015,target_hit,10.619999999998527,True
-1,2025-11-10 14:30:00+00:00,2025-11-10 14:31:00+00:00,4083.02,open,4087.22,4070.4200000000005,4.199999999999818,12.599999999999454,120,2025-11-10 16:45:00+00:00,4083.16,4087.22,1,2025-11-10 14:57:00+00:00,4087.22,stop_loss,-4.199999999999818,False
1,2025-11-10 15:15:00+00:00,2025-11-10 15:16:00+00:00,4087.53,open,4083.3,4100.22,4.230000000000018,12.690000000000055,120,2025-11-10 17:16:00+00:00,4083.3,4088.49,0,2025-11-10 15:37:00+00:00,4083.3,stop_loss,-4.230000000000018,False
-1,2025-11-10 15:45:00+00:00,2025-11-10 15:46:00+00:00,4086.64,open,4089.77,4077.2499999999995,3.130000000000109,9.390000000000327,120,2025-11-10 18:00:00+00:00,4084.9,4089.77,1,2025-11-10 16:09:00+00:00,4089.77,stop_loss,-3.130000000000109,False
1,2025-11-10 18:00:00+00:00,2025-11-10 18:01:00+00:00,4102.31,open,4095.11,4123.910000000002,7.200000000000273,21.60000000000082,120,2025-11-10 20:01:00+00:00,4095.11,4098.6,0,2025-11-10 20:01:00+00:00,4112.92,timeout,10.609999999999673,True
1,2025-11-11 09:15:00+00:00,2025-11-11 09:16:00+00:00,4142.88,open,4135.49,4165.050000000001,7.390000000000327,22.170000000000982,120,2025-11-11 11:16:00+00:00,4135.49,4139.84,0,2025-11-11 11:16:00+00:00,4140.28,timeout,-2.600000000000364,False
-1,2025-11-11 14:30:00+00:00,2025-11-11 14:31:00+00:00,4130.74,open,4137.23,4111.27,6.489999999999782,19.469999999999345,120,2025-11-11 17:15:00+00:00,4132.78,4137.23,2,2025-11-11 15:21:00+00:00,4111.27,target_hit,19.469999999999345,True
-1,2025-11-11 15:30:00+00:00,2025-11-11 15:31:00+00:00,4102.24,open,4115.18,4063.4199999999983,12.94000000000051,38.82000000000153,120,2025-11-11 18:00:00+00:00,4110.76,4115.18,1,2025-11-11 16:16:00+00:00,4115.18,stop_loss,-12.94000000000051,False
1,2025-11-11 16:15:00+00:00,2025-11-11 16:16:00+00:00,4115.02,open,4106.92,4139.3200000000015,8.100000000000364,24.30000000000109,120,2025-11-11 18:16:00+00:00,4106.92,4110.28,0,2025-11-11 16:30:00+00:00,4106.92,stop_loss,-8.100000000000364,False
1,2025-11-12 14:45:00+00:00,2025-11-12 14:46:00+00:00,4134.92,open,4129.11,4152.350000000001,5.8100000000004,17.4300000000012,120,2025-11-12 16:46:00+00:00,4129.11,4133.41,0,2025-11-12 15:10:00+00:00,4152.350000000001,target_hit,17.4300000000012,True
1,2025-11-12 15:15:00+00:00,2025-11-12 15:16:00+00:00,4162.21,open,4144.06,4216.659999999999,18.149999999999636,54.44999999999891,120,2025-11-12 19:30:00+00:00,4144.06,4153.75,5,2025-11-12 19:30:00+00:00,4196.94,timeout,34.72999999999956,True
1,2025-11-13 08:15:00+00:00,2025-11-13 08:16:00+00:00,4232.8,open,4223.36,4261.120000000002,9.44000000000051,28.320000000001528,120,2025-11-13 12:15:00+00:00,4223.36,4226.71,3,2025-11-13 10:58:00+00:00,4223.36,stop_loss,-9.44000000000051,False
-1,2025-11-13 11:00:00+00:00,2025-11-13 11:01:00+00:00,4222.86,open,4226.82,4210.98,3.9600000000000364,11.88000000000011,120,2025-11-13 13:01:00+00:00,4221.94,4226.82,0,2025-11-13 11:02:00+00:00,4226.82,stop_loss,-3.9600000000000364,False
1,2025-11-13 12:15:00+00:00,2025-11-13 12:16:00+00:00,4234.91,open,4231.13,4246.249999999999,3.7799999999997453,11.339999999999236,120,2025-11-13 14:16:00+00:00,4231.13,4234.93,0,2025-11-13 12:27:00+00:00,4231.13,stop_loss,-3.7799999999997453,False
1,2025-11-13 13:00:00+00:00,2025-11-13 13:01:00+00:00,4240.96,open,4238.42,4248.58,2.5399999999999636,7.619999999999891,120,2025-11-13 15:01:00+00:00,4238.42,4242.72,0,2025-11-13 13:02:00+00:00,4238.42,stop_loss,-2.5399999999999636,False
-1,2025-11-13 13:15:00+00:00,2025-11-13 13:16:00+00:00,4230.75,open,4241.58,4198.26,10.829999999999927,32.48999999999978,120,2025-11-13 16:30:00+00:00,4236.54,4241.58,3,2025-11-13 14:42:00+00:00,4198.26,target_hit,32.48999999999978,True
-1,2025-11-13 14:45:00+00:00,2025-11-13 14:46:00+00:00,4191.85,open,4210.98,4134.460000000003,19.1299999999992,57.3899999999976,120,2025-11-13 18:00:00+00:00,4204.76,4210.98,3,2025-11-13 16:11:00+00:00,4210.98,stop_loss,-19.1299999999992,False
1,2025-11-13 16:15:00+00:00,2025-11-13 16:16:00+00:00,4210.72,open,4202.23,4236.190000000002,8.490000000000691,25.470000000002074,120,2025-11-13 18:16:00+00:00,4202.23,4207.85,0,2025-11-13 16:38:00+00:00,4202.23,stop_loss,-8.490000000000691,False
-1,2025-11-13 16:45:00+00:00,2025-11-13 16:46:00+00:00,4200.28,open,4206.54,4181.499999999999,6.260000000000218,18.780000000000655,120,2025-11-13 18:46:00+00:00,4200.96,4206.54,0,2025-11-13 16:57:00+00:00,4206.54,stop_loss,-6.260000000000218,False
1,2025-11-13 17:00:00+00:00,2025-11-13 17:01:00+00:00,4206.6,open,4198.6,4230.6,8.0,24.0,120,2025-11-13 19:01:00+00:00,4198.6,4203.29,0,2025-11-13 17:11:00+00:00,4198.6,stop_loss,-8.0,False
-1,2025-11-13 17:15:00+00:00,2025-11-13 17:16:00+00:00,4196.93,open,4198.53,4192.130000000002,1.5999999999994543,4.799999999998363,120,2025-11-13 19:16:00+00:00,4193.95,4198.53,0,2025-11-13 17:21:00+00:00,4198.53,stop_loss,-1.5999999999994543,False
-1,2025-11-13 18:30:00+00:00,2025-11-13 18:31:00+00:00,4187.5,open,4199.04,4152.88,11.539999999999964,34.61999999999989,120,2025-11-13 20:31:00+00:00,4193.88,4199.04,0,2025-11-13 18:35:00+00:00,4152.88,target_hit,34.61999999999989,True
-1,2025-11-13 18:45:00+00:00,2025-11-13 18:46:00+00:00,4157.54,open,4189.12,4062.8,31.579999999999927,94.73999999999978,120,2025-11-13 22:00:00+00:00,4171.97,4189.12,3,2025-11-13 23:01:00+00:00,4176.37,timeout,-18.829999999999927,False
1,2025-11-14 08:00:00+00:00,2025-11-14 08:01:00+00:00,4179.49,open,4173.38,4197.819999999999,6.109999999999673,18.329999999999018,120,2025-11-14 10:01:00+00:00,4173.38,4176.71,0,2025-11-14 08:09:00+00:00,4173.38,stop_loss,-6.109999999999673,False
-1,2025-11-14 08:15:00+00:00,2025-11-14 08:16:00+00:00,4176.17,open,4179.35,4166.629999999999,3.180000000000291,9.540000000000873,120,2025-11-14 10:16:00+00:00,4175.47,4179.35,0,2025-11-14 08:17:00+00:00,4179.35,stop_loss,-3.180000000000291,False
-1,2025-11-14 08:45:00+00:00,2025-11-14 08:46:00+00:00,4182.78,open,4187.3,4169.219999999998,4.520000000000437,13.56000000000131,120,2025-11-14 10:46:00+00:00,4183.12,4187.3,0,2025-11-14 09:04:00+00:00,4169.219999999998,target_hit,13.56000000000131,True
-1,2025-11-14 09:15:00+00:00,2025-11-14 09:16:00+00:00,4175.29,open,4177.32,4169.200000000001,2.0299999999997453,6.089999999999236,120,2025-11-14 11:16:00+00:00,4172.89,4177.32,0,2025-11-14 09:27:00+00:00,4169.200000000001,target_hit,6.089999999999236,True
-1,2025-11-14 10:15:00+00:00,2025-11-14 10:16:00+00:00,4164.4,open,4168.86,4151.0199999999995,4.460000000000036,13.38000000000011,120,2025-11-14 12:16:00+00:00,4163.63,4168.86,0,2025-11-14 10:21:00+00:00,4168.86,stop_loss,-4.460000000000036,False
-1,2025-11-14 11:15:00+00:00,2025-11-14 11:16:00+00:00,4151.66,open,4158.01,4132.609999999999,6.350000000000364,19.05000000000109,120,2025-11-14 13:30:00+00:00,4151.81,4158.01,1,2025-11-14 11:40:00+00:00,4158.01,stop_loss,-6.350000000000364,False
1,2025-11-14 11:45:00+00:00,2025-11-14 11:46:00+00:00,4151.56,open,4148.79,4159.870000000002,2.7700000000004366,8.31000000000131,120,2025-11-14 13:46:00+00:00,4148.79,4152.86,0,2025-11-14 11:47:00+00:00,4148.79,stop_loss,-2.7700000000004366,False
-1,2025-11-14 12:00:00+00:00,2025-11-14 12:01:00+00:00,4132.37,open,4149.86,4079.9000000000005,17.48999999999978,52.469999999999345,120,2025-11-14 15:15:00+00:00,4145.57,4149.86,3,2025-11-14 13:19:00+00:00,4079.9000000000005,target_hit,52.469999999999345,True
-1,2025-11-14 14:00:00+00:00,2025-11-14 14:01:00+00:00,4046.88,open,4053.22,4027.860000000001,6.339999999999691,19.019999999999072,120,2025-11-14 16:01:00+00:00,4041.42,4053.22,0,2025-11-14 14:05:00+00:00,4053.22,stop_loss,-6.339999999999691,False
-1,2025-11-14 14:15:00+00:00,2025-11-14 14:16:00+00:00,4050.87,open,4056.22,4034.82,5.349999999999909,16.049999999999727,120,2025-11-14 16:16:00+00:00,4046.64,4056.22,0,2025-11-14 14:21:00+00:00,4056.22,stop_loss,-5.349999999999909,False
-1,2025-11-14 15:15:00+00:00,2025-11-14 15:16:00+00:00,4077.89,open,4083.04,4062.4399999999996,5.150000000000091,15.450000000000273,120,2025-11-14 17:30:00+00:00,4077.58,4083.04,1,2025-11-14 15:40:00+00:00,4083.04,stop_loss,-5.150000000000091,False
-1,2025-11-14 15:45:00+00:00,2025-11-14 15:46:00+00:00,4074.49,open,4081.31,4054.0299999999993,6.820000000000164,20.46000000000049,120,2025-11-14 17:46:00+00:00,4076.39,4081.31,0,2025-11-14 15:47:00+00:00,4081.31,stop_loss,-6.820000000000164,False
1,2025-11-14 16:00:00+00:00,2025-11-14 16:01:00+00:00,4089.47,open,4074.25,4135.129999999999,15.2199999999998,45.6599999999994,120,2025-11-14 22:15:00+00:00,4074.25,4079.94,6,2025-11-16 23:01:00+00:00,4081.02,timeout,-8.449999999999818,False
-1,2025-11-17 08:45:00+00:00,2025-11-17 08:46:00+00:00,4078.55,open,4081.46,4069.8200000000006,2.9099999999998545,8.729999999999563,120,2025-11-17 11:00:00+00:00,4076.27,4081.46,1,2025-11-17 09:14:00+00:00,4081.46,stop_loss,-2.9099999999998545,False
1,2025-11-17 09:45:00+00:00,2025-11-17 09:46:00+00:00,4084.94,open,4082.89,4091.0900000000006,2.050000000000182,6.150000000000546,120,2025-11-17 11:46:00+00:00,4082.89,4087.3,0,2025-11-17 09:51:00+00:00,4082.89,stop_loss,-2.050000000000182,False
-1,2025-11-17 10:00:00+00:00,2025-11-17 10:01:00+00:00,4082.75,open,4084.93,4076.2100000000005,2.1799999999998363,6.539999999999509,120,2025-11-17 12:01:00+00:00,4080.47,4084.93,0,2025-11-17 10:02:00+00:00,4084.93,stop_loss,-2.1799999999998363,False
1,2025-11-17 10:15:00+00:00,2025-11-17 10:16:00+00:00,4087.07,open,4082.59,4100.51,4.480000000000018,13.440000000000055,120,2025-11-17 12:16:00+00:00,4082.59,4086.69,0,2025-11-17 10:30:00+00:00,4082.59,stop_loss,-4.480000000000018,False
1,2025-11-17 11:45:00+00:00,2025-11-17 11:46:00+00:00,4080.83,open,4066.54,4123.7,14.289999999999964,42.86999999999989,120,2025-11-17 15:15:00+00:00,4066.54,4071.07,3,2025-11-17 13:45:00+00:00,4066.54,stop_loss,-14.289999999999964,False
-1,2025-11-17 13:45:00+00:00,2025-11-17 13:46:00+00:00,4065.99,open,4076.12,4035.5999999999995,10.13000000000011,30.390000000000327,120,2025-11-17 16:30:00+00:00,4071.81,4076.12,3,2025-11-17 14:35:00+00:00,4076.12,stop_loss,-10.13000000000011,False
1,2025-11-17 14:45:00+00:00,2025-11-17 14:46:00+00:00,4076.45,open,4068.62,4099.94,7.829999999999927,23.48999999999978,120,2025-11-17 16:46:00+00:00,4068.62,4074.75,0,2025-11-17 15:07:00+00:00,4068.62,stop_loss,-7.829999999999927,False
-1,2025-11-17 15:15:00+00:00,2025-11-17 15:16:00+00:00,4069.08,open,4076.9,4045.6199999999994,7.820000000000164,23.46000000000049,120,2025-11-17 17:16:00+00:00,4069.22,4076.9,0,2025-11-17 15:38:00+00:00,4076.9,stop_loss,-7.820000000000164,False
-1,2025-11-17 15:45:00+00:00,2025-11-17 15:46:00+00:00,4071.63,open,4077.48,4054.0800000000004,5.849999999999909,17.549999999999727,120,2025-11-17 17:46:00+00:00,4074.11,4077.48,0,2025-11-17 16:08:00+00:00,4054.0800000000004,target_hit,17.549999999999727,True
1,2025-11-17 16:30:00+00:00,2025-11-17 16:31:00+00:00,4070.06,open,4059.13,4102.849999999999,10.929999999999836,32.78999999999951,120,2025-11-17 18:31:00+00:00,4059.13,4063.72,0,2025-11-17 18:31:00+00:00,4069.82,timeout,-0.23999999999978172,False
1,2025-11-17 19:15:00+00:00,2025-11-17 19:16:00+00:00,4063.45,open,4058.11,4079.469999999999,5.339999999999691,16.019999999999072,120,2025-11-17 21:16:00+00:00,4058.11,4061.76,0,2025-11-17 19:26:00+00:00,4058.11,stop_loss,-5.339999999999691,False
-1,2025-11-17 19:45:00+00:00,2025-11-17 19:46:00+00:00,4016.39,open,4053.94,3903.7399999999993,37.55000000000018,112.65000000000055,120,2025-11-17 22:45:00+00:00,4043.43,4053.94,3,2025-11-17 23:01:00+00:00,4053.94,stop_loss,-37.55000000000018,False
1,2025-11-18 08:15:00+00:00,2025-11-18 08:16:00+00:00,4021.92,open,4012.22,4051.020000000001,9.700000000000273,29.10000000000082,120,2025-11-18 15:15:00+00:00,4012.22,4016.72,6,2025-11-18 13:25:00+00:00,4051.020000000001,target_hit,29.10000000000082,True
1,2025-11-18 13:30:00+00:00,2025-11-18 13:31:00+00:00,4050.43,open,4041.69,4076.649999999999,8.739999999999782,26.219999999999345,120,2025-11-18 16:00:00+00:00,4041.69,4046.29,2,2025-11-18 14:15:00+00:00,4076.649999999999,target_hit,26.219999999999345,True
1,2025-11-18 14:15:00+00:00,2025-11-18 14:16:00+00:00,4077.37,open,4063.79,4118.11,13.579999999999927,40.73999999999978,120,2025-11-18 16:45:00+00:00,4063.79,4067.71,2,2025-11-18 14:53:00+00:00,4063.79,stop_loss,-13.579999999999927,False
-1,2025-11-18 15:00:00+00:00,2025-11-18 15:01:00+00:00,4064.84,open,4073.94,4037.5400000000004,9.099999999999909,27.299999999999727,120,2025-11-18 19:30:00+00:00,4067.87,4073.94,5,2025-11-18 17:40:00+00:00,4073.94,stop_loss,-9.099999999999909,False
1,2025-11-18 19:45:00+00:00,2025-11-18 19:46:00+00:00,4077.94,open,4075.49,4085.290000000001,2.450000000000273,7.3500000000008185,120,2025-11-18 21:46:00+00:00,4075.49,4079.7,0,2025-11-18 20:06:00+00:00,4075.49,stop_loss,-2.450000000000273,False
1,2025-11-19 09:45:00+00:00,2025-11-19 09:46:00+00:00,4099.04,open,4092.44,4118.84,6.599999999999909,19.799999999999727,120,2025-11-19 12:00:00+00:00,4092.44,4097.21,1,2025-11-19 10:06:00+00:00,4118.84,target_hit,19.800000000000182,True
-1,2025-11-19 13:15:00+00:00,2025-11-19 13:16:00+00:00,4102.68,open,4115.39,4064.55,12.710000000000036,38.13000000000011,120,2025-11-19 15:16:00+00:00,4110.76,4115.39,0,2025-11-19 13:45:00+00:00,4115.39,stop_loss,-12.710000000000036,False
1,2025-11-19 13:45:00+00:00,2025-11-19 13:46:00+00:00,4117.06,open,4111.49,4133.770000000002,5.5700000000006185,16.710000000001855,120,2025-11-19 15:46:00+00:00,4111.49,4115.26,0,2025-11-19 13:50:00+00:00,4111.49,stop_loss,-5.5700000000006185,False
-1,2025-11-19 14:30:00+00:00,2025-11-19 14:31:00+00:00,4103.88,open,4118.39,4060.3499999999995,14.510000000000218,43.530000000000655,120,2025-11-19 16:31:00+00:00,4113.53,4118.39,0,2025-11-19 14:54:00+00:00,4118.39,stop_loss,-14.510000000000218,False
1,2025-11-19 15:00:00+00:00,2025-11-19 15:01:00+00:00,4129.29,open,4117.55,4164.509999999999,11.739999999999782,35.219999999999345,120,2025-11-19 17:01:00+00:00,4117.55,4122.87,0,2025-11-19 15:29:00+00:00,4117.55,stop_loss,-11.739999999999782,False
-1,2025-11-19 15:30:00+00:00,2025-11-19 15:31:00+00:00,4118.66,open,4123.01,4105.609999999999,4.350000000000364,13.050000000001091,120,2025-11-19 17:31:00+00:00,4119.08,4123.01,0,2025-11-19 15:45:00+00:00,4105.609999999999,target_hit,13.050000000001091,True
-1,2025-11-19 16:00:00+00:00,2025-11-19 16:01:00+00:00,4097.33,open,4111.06,4056.1399999999985,13.730000000000473,41.19000000000142,120,2025-11-19 18:30:00+00:00,4104.16,4111.06,2,2025-11-19 17:08:00+00:00,4056.1399999999985,target_hit,41.19000000000142,True
-1,2025-11-19 17:15:00+00:00,2025-11-19 17:16:00+00:00,4065.19,open,4072.08,4044.5200000000004,6.889999999999873,20.669999999999618,120,2025-11-19 19:16:00+00:00,4062.84,4072.08,0,2025-11-19 17:25:00+00:00,4072.08,stop_loss,-6.889999999999873,False
-1,2025-11-19 18:45:00+00:00,2025-11-19 18:46:00+00:00,4079.42,open,4081.83,4072.1900000000005,2.4099999999998545,7.229999999999563,120,2025-11-19 20:46:00+00:00,4077.61,4081.83,0,2025-11-19 18:49:00+00:00,4081.83,stop_loss,-2.4099999999998545,False
-1,2025-11-19 19:15:00+00:00,2025-11-19 19:16:00+00:00,4074.07,open,4088.78,4029.94,14.710000000000036,44.13000000000011,120,2025-11-19 21:30:00+00:00,4079.86,4088.78,1,2025-11-19 21:30:00+00:00,4078.15,timeout,-4.079999999999927,False
-1,2025-11-20 08:30:00+00:00,2025-11-20 08:31:00+00:00,4044.35,open,4047.34,4035.379999999999,2.9900000000002365,8.97000000000071,120,2025-11-20 10:31:00+00:00,4042.79,4047.34,0,2025-11-20 08:32:00+00:00,4047.34,stop_loss,-2.9900000000002365,False
1,2025-11-20 08:45:00+00:00,2025-11-20 08:46:00+00:00,4053.43,open,4043.91,4081.99,9.519999999999982,28.559999999999945,120,2025-11-20 11:00:00+00:00,4043.91,4048.09,1,2025-11-20 11:00:00+00:00,4060.52,timeout,7.0900000000001455,True
-1,2025-11-20 11:15:00+00:00,2025-11-20 11:16:00+00:00,4053.93,open,4060.92,4032.959999999999,6.9900000000002365,20.97000000000071,120,2025-11-20 13:30:00+00:00,4056.73,4060.92,1,2025-11-20 11:39:00+00:00,4060.92,stop_loss,-6.9900000000002365,False
-1,2025-11-20 12:00:00+00:00,2025-11-20 12:01:00+00:00,4060.88,open,4067.02,4042.4600000000005,6.139999999999873,18.419999999999618,120,2025-11-20 14:01:00+00:00,4062.62,4067.02,0,2025-11-20 12:07:00+00:00,4067.02,stop_loss,-6.139999999999873,False
1,2025-11-20 12:15:00+00:00,2025-11-20 12:16:00+00:00,4072.19,open,4067.97,4084.850000000001,4.220000000000255,12.660000000000764,120,2025-11-20 15:00:00+00:00,4067.97,4072.89,2,2025-11-20 13:01:00+00:00,4084.850000000001,target_hit,12.660000000000764,True
1,2025-11-20 13:00:00+00:00,2025-11-20 13:01:00+00:00,4084.24,open,4078.72,4100.799999999999,5.519999999999982,16.559999999999945,120,2025-11-20 15:15:00+00:00,4078.72,4082.38,1,2025-11-20 13:30:00+00:00,4078.72,stop_loss,-5.519999999999982,False
-1,2025-11-20 13:30:00+00:00,2025-11-20 13:31:00+00:00,4082.15,open,4091.0,4055.6000000000004,8.849999999999909,26.549999999999727,120,2025-11-20 15:31:00+00:00,4085.9,4091.0,0,2025-11-20 13:38:00+00:00,4091.0,stop_loss,-8.849999999999909,False
-1,2025-11-20 13:45:00+00:00,2025-11-20 13:46:00+00:00,4081.79,open,4091.63,4052.2699999999995,9.840000000000146,29.520000000000437,120,2025-11-20 16:45:00+00:00,4067.39,4091.63,3,2025-11-20 14:46:00+00:00,4091.63,stop_loss,-9.840000000000146,False
1,2025-11-20 15:00:00+00:00,2025-11-20 15:01:00+00:00,4090.4,open,4089.2,4094.000000000001,1.2000000000002728,3.6000000000008185,120,2025-11-20 17:01:00+00:00,4089.2,4094.78,0,2025-11-20 15:02:00+00:00,4094.000000000001,target_hit,3.6000000000008185,True
1,2025-11-20 15:30:00+00:00,2025-11-20 15:31:00+00:00,4092.18,open,4087.09,4107.449999999999,5.089999999999691,15.269999999999072,120,2025-11-20 17:31:00+00:00,4087.09,4091.6,0,2025-11-20 15:33:00+00:00,4087.09,stop_loss,-5.089999999999691,False
-1,2025-11-20 15:45:00+00:00,2025-11-20 15:46:00+00:00,4085.34,open,4096.52,4051.7999999999993,11.180000000000291,33.54000000000087,120,2025-11-20 18:45:00+00:00,4091.83,4096.52,2,2025-11-20 16:57:00+00:00,4051.7999999999993,target_hit,33.54000000000087,True
1,2025-11-20 17:30:00+00:00,2025-11-20 17:31:00+00:00,4059.55,open,4050.48,4086.7600000000007,9.070000000000164,27.21000000000049,120,2025-11-20 19:31:00+00:00,4050.48,4056.48,0,2025-11-20 17:35:00+00:00,4050.48,stop_loss,-9.070000000000164,False
1,2025-11-20 18:00:00+00:00,2025-11-20 18:01:00+00:00,4066.59,open,4054.55,4102.71,12.039999999999964,36.11999999999989,120,2025-11-20 21:45:00+00:00,4054.55,4059.65,3,2025-11-20 21:45:00+00:00,4078.37,timeout,11.779999999999745,True
1,2025-11-21 08:30:00+00:00,2025-11-21 08:31:00+00:00,4044.54,open,4036.68,4068.1200000000003,7.860000000000127,23.580000000000382,120,2025-11-21 12:00:00+00:00,4036.68,4041.02,3,2025-11-21 10:14:00+00:00,4036.68,stop_loss,-7.860000000000127,False
-1,2025-11-21 10:15:00+00:00,2025-11-21 10:16:00+00:00,4038.04,open,4050.77,3999.85,12.730000000000018,38.190000000000055,120,2025-11-21 12:45:00+00:00,4045.59,4050.77,1,2025-11-21 12:30:00+00:00,4050.77,stop_loss,-12.730000000000018,False
1,2025-11-21 12:45:00+00:00,2025-11-21 12:46:00+00:00,4070.27,open,4043.83,4149.59,26.440000000000055,79.32000000000016,120,2025-11-21 19:00:00+00:00,4043.83,4057.29,9,2025-11-21 19:00:00+00:00,4084.06,timeout,13.789999999999964,True
1,2025-11-21 19:00:00+00:00,2025-11-21 19:01:00+00:00,4084.35,open,4080.42,4096.139999999999,3.9299999999998363,11.789999999999509,120,2025-11-21 21:01:00+00:00,4080.42,4083.92,0,2025-11-21 20:14:00+00:00,4080.42,stop_loss,-3.9299999999998363,False
-1,2025-11-21 20:30:00+00:00,2025-11-21 20:31:00+00:00,4064.36,open,4081.98,4011.5000000000005,17.61999999999989,52.85999999999967,120,2025-11-21 22:45:00+00:00,4069.57,4081.98,1,2025-11-23 23:01:00+00:00,4072.28,timeout,-7.920000000000073,False
-1,2025-11-24 08:00:00+00:00,2025-11-24 08:01:00+00:00,4062.19,open,4067.91,4045.0300000000007,5.7199999999998,17.1599999999994,120,2025-11-24 10:01:00+00:00,4064.02,4067.91,0,2025-11-24 09:07:00+00:00,4067.91,stop_loss,-5.7199999999998,False
1,2025-11-24 09:15:00+00:00,2025-11-24 09:16:00+00:00,4072.58,open,4069.59,4081.5499999999993,2.9899999999997817,8.969999999999345,120,2025-11-24 11:16:00+00:00,4069.59,4073.64,0,2025-11-24 09:22:00+00:00,4069.59,stop_loss,-2.9899999999997817,False
1,2025-11-24 15:00:00+00:00,2025-11-24 15:01:00+00:00,4085.27,open,4074.87,4116.47,10.400000000000091,31.200000000000273,120,2025-11-24 20:45:00+00:00,4074.87,4078.48,4,2025-11-24 18:51:00+00:00,4116.47,target_hit,31.200000000000273,True
1,2025-11-24 19:00:00+00:00,2025-11-24 19:01:00+00:00,4122.75,open,4115.69,4143.930000000001,7.0600000000004,21.1800000000012,120,2025-11-24 21:01:00+00:00,4115.69,4120.93,0,2025-11-24 19:15:00+00:00,4115.69,stop_loss,-7.0600000000004,False
1,2025-11-24 19:30:00+00:00,2025-11-24 19:31:00+00:00,4117.64,open,4115.94,4122.7400000000025,1.7000000000007276,5.100000000002183,120,2025-11-24 21:31:00+00:00,4115.94,4119.79,0,2025-11-24 19:36:00+00:00,4115.94,stop_loss,-1.7000000000007276,False
1,2025-11-24 20:15:00+00:00,2025-11-24 20:16:00+00:00,4123.0,open,4119.43,4133.709999999999,3.569999999999709,10.709999999999127,120,2025-11-24 22:16:00+00:00,4119.43,4123.65,0,2025-11-24 21:01:00+00:00,4133.709999999999,target_hit,10.709999999999127,True
-1,2025-11-25 08:45:00+00:00,2025-11-25 08:46:00+00:00,4125.78,open,4136.09,4094.8499999999985,10.3100000000004,30.9300000000012,120,2025-11-25 11:45:00+00:00,4131.4,4136.09,2,2025-11-25 10:05:00+00:00,4136.09,stop_loss,-10.3100000000004,False
1,2025-11-25 10:15:00+00:00,2025-11-25 10:16:00+00:00,4137.78,open,4129.29,4163.249999999999,8.489999999999782,25.469999999999345,120,2025-11-25 12:16:00+00:00,4129.29,4133.82,0,2025-11-25 10:25:00+00:00,4129.29,stop_loss,-8.489999999999782,False
1,2025-11-25 11:15:00+00:00,2025-11-25 11:16:00+00:00,4135.52,open,4127.81,4158.650000000001,7.710000000000036,23.13000000000011,120,2025-11-25 14:00:00+00:00,4127.81,4132.11,1,2025-11-25 12:44:00+00:00,4127.81,stop_loss,-7.710000000000036,False
-1,2025-11-25 12:45:00+00:00,2025-11-25 12:46:00+00:00,4120.01,open,4136.44,4070.720000000002,16.42999999999938,49.289999999998145,120,2025-11-25 14:46:00+00:00,4131.06,4136.44,0,2025-11-25 13:08:00+00:00,4136.44,stop_loss,-16.42999999999938,False
1,2025-11-25 13:15:00+00:00,2025-11-25 13:16:00+00:00,4143.08,open,4135.05,4167.169999999999,8.029999999999745,24.089999999999236,120,2025-11-25 15:45:00+00:00,4135.05,4138.76,2,2025-11-25 14:27:00+00:00,4135.05,stop_loss,-8.029999999999745,False
-1,2025-11-25 14:30:00+00:00,2025-11-25 14:31:00+00:00,4134.43,open,4140.58,4115.980000000001,6.149999999999636,18.44999999999891,120,2025-11-25 16:45:00+00:00,4134.82,4140.58,1,2025-11-25 14:46:00+00:00,4115.980000000001,target_hit,18.44999999999891,True
-1,2025-11-25 14:45:00+00:00,2025-11-25 14:46:00+00:00,4117.69,open,4135.01,4065.7299999999977,17.32000000000062,51.960000000001855,120,2025-11-25 18:00:00+00:00,4128.24,4135.01,2,2025-11-25 16:16:00+00:00,4135.01,stop_loss,-17.32000000000062,False
1,2025-11-25 16:15:00+00:00,2025-11-25 16:16:00+00:00,4131.45,open,4124.69,4151.7300000000005,6.760000000000218,20.280000000000655,120,2025-11-25 18:30:00+00:00,4124.69,4128.96,1,2025-11-25 17:10:00+00:00,4151.7300000000005,target_hit,20.280000000000655,True
1,2025-11-25 17:15:00+00:00,2025-11-25 17:16:00+00:00,4150.41,open,4135.78,4194.3,14.63000000000011,43.89000000000033,120,2025-11-25 19:45:00+00:00,4135.78,4150.04,2,2025-11-25 18:38:00+00:00,4135.78,stop_loss,-14.63000000000011,False
-1,2025-11-25 18:45:00+00:00,2025-11-25 18:46:00+00:00,4139.68,open,4142.71,4130.590000000001,3.0299999999997453,9.089999999999236,120,2025-11-25 20:46:00+00:00,4135.23,4142.71,0,2025-11-25 19:24:00+00:00,4130.590000000001,target_hit,9.089999999999236,True
-1,2025-11-25 19:30:00+00:00,2025-11-25 19:31:00+00:00,4131.78,open,4134.76,4122.839999999998,2.980000000000473,8.940000000001419,120,2025-11-25 21:31:00+00:00,4129.45,4134.76,0,2025-11-25 20:00:00+00:00,4134.76,stop_loss,-2.980000000000473,False
1,2025-11-26 08:15:00+00:00,2025-11-26 08:16:00+00:00,4166.48,open,4160.35,4184.869999999997,6.1299999999992,18.3899999999976,120,2025-11-26 10:16:00+00:00,4160.35,4164.65,0,2025-11-26 08:35:00+00:00,4160.35,stop_loss,-6.1299999999992,False
-1,2025-11-26 08:45:00+00:00,2025-11-26 08:46:00+00:00,4156.94,open,4165.21,4132.129999999998,8.270000000000437,24.81000000000131,120,2025-11-26 10:46:00+00:00,4161.88,4165.21,0,2025-11-26 10:27:00+00:00,4165.21,stop_loss,-8.270000000000437,False
-1,2025-11-26 10:45:00+00:00,2025-11-26 10:46:00+00:00,4159.03,open,4163.75,4144.869999999999,4.720000000000255,14.160000000000764,120,2025-11-26 12:46:00+00:00,4159.53,4163.75,0,2025-11-26 11:21:00+00:00,4163.75,stop_loss,-4.720000000000255,False
-1,2025-11-26 12:30:00+00:00,2025-11-26 12:31:00+00:00,4162.73,open,4167.76,4147.639999999998,5.030000000000655,15.090000000001965,120,2025-11-26 15:45:00+00:00,4162.11,4167.76,4,2025-11-26 14:07:00+00:00,4147.639999999998,target_hit,15.090000000001965,True
-1,2025-11-26 14:15:00+00:00,2025-11-26 14:16:00+00:00,4146.69,open,4153.95,4124.909999999999,7.260000000000218,21.780000000000655,120,2025-11-26 16:16:00+00:00,4148.83,4153.95,0,2025-11-26 14:36:00+00:00,4153.95,stop_loss,-7.260000000000218,False
1,2025-11-26 14:45:00+00:00,2025-11-26 14:46:00+00:00,4150.23,open,4147.13,4159.529999999998,3.0999999999994543,9.299999999998363,120,2025-11-26 16:46:00+00:00,4147.13,4151.18,0,2025-11-26 14:57:00+00:00,4147.13,stop_loss,-3.0999999999994543,False
-1,2025-11-26 15:00:00+00:00,2025-11-26 15:01:00+00:00,4138.86,open,4149.84,4105.919999999998,10.980000000000473,32.94000000000142,120,2025-11-26 17:01:00+00:00,4143.49,4149.84,0,2025-11-26 15:13:00+00:00,4149.84,stop_loss,-10.980000000000473,False
1,2025-11-26 15:45:00+00:00,2025-11-26 15:46:00+00:00,4162.51,open,4155.98,4182.100000000002,6.530000000000655,19.590000000001965,120,2025-11-26 17:46:00+00:00,4155.98,4160.39,0,2025-11-26 17:46:00+00:00,4169.07,timeout,6.559999999999491,True
-1,2025-11-26 18:45:00+00:00,2025-11-26 18:46:00+00:00,4158.43,open,4162.94,4144.900000000002,4.509999999999309,13.529999999997926,120,2025-11-26 20:46:00+00:00,4159.2,4162.94,0,2025-11-26 18:51:00+00:00,4162.94,stop_loss,-4.509999999999309,False
-1,2025-11-27 09:15:00+00:00,2025-11-27 09:16:00+00:00,4156.73,open,4162.91,4138.189999999999,6.180000000000291,18.540000000000873,120,2025-11-27 11:30:00+00:00,4159.38,4162.91,1,2025-11-27 11:30:00+00:00,4159.65,timeout,-2.9200000000000728,False
-1,2025-11-28 08:15:00+00:00,2025-11-28 08:16:00+00:00,4165.88,open,4180.59,4121.75,14.710000000000036,44.13000000000011,120,2025-11-28 12:45:00+00:00,4159.23,4180.59,4,2025-11-28 11:25:00+00:00,4180.59,stop_loss,-14.710000000000036,False
-1,2025-11-28 11:30:00+00:00,2025-11-28 11:31:00+00:00,4173.06,open,4178.58,4156.500000000002,5.519999999999527,16.55999999999858,120,2025-11-28 13:31:00+00:00,4173.21,4178.58,0,2025-11-28 11:33:00+00:00,4178.58,stop_loss,-5.519999999999527,False
-1,2025-11-28 13:30:00+00:00,2025-11-28 13:31:00+00:00,4170.04,open,4173.65,4159.210000000001,3.6099999999996726,10.829999999999018,120,2025-11-28 15:31:00+00:00,4168.55,4173.65,0,2025-11-28 13:33:00+00:00,4173.65,stop_loss,-3.6099999999996726,False
1,2025-11-28 13:45:00+00:00,2025-11-28 13:46:00+00:00,4174.91,open,4171.51,4185.109999999999,3.399999999999636,10.199999999998909,120,2025-11-28 15:46:00+00:00,4171.51,4175.93,0,2025-11-28 14:00:00+00:00,4185.109999999999,target_hit,10.199999999998909,True
1,2025-11-28 14:00:00+00:00,2025-11-28 14:01:00+00:00,4187.16,open,4174.12,4226.28,13.039999999999964,39.11999999999989,120,2025-11-28 16:45:00+00:00,4174.12,4178.71,2,2025-11-28 16:45:00+00:00,4206.43,timeout,19.270000000000437,True
-1,2025-11-28 17:15:00+00:00,2025-11-28 17:16:00+00:00,4208.31,open,4209.44,4204.920000000003,1.1299999999991996,3.389999999997599,120,2025-11-28 19:16:00+00:00,4205.48,4209.44,0,2025-11-28 17:33:00+00:00,4209.44,stop_loss,-1.1299999999991996,False
1,2025-12-01 10:15:00+00:00,2025-12-01 10:16:00+00:00,4258.17,open,4253.92,4270.92,4.25,12.75,120,2025-12-01 12:16:00+00:00,4253.92,4259.63,0,2025-12-01 10:21:00+00:00,4253.92,stop_loss,-4.25,False
-1,2025-12-01 11:00:00+00:00,2025-12-01 11:01:00+00:00,4253.89,open,4257.81,4242.13,3.9200000000000728,11.760000000000218,120,2025-12-01 13:30:00+00:00,4254.23,4257.81,1,2025-12-01 11:43:00+00:00,4257.81,stop_loss,-3.9200000000000728,False
1,2025-12-01 12:30:00+00:00,2025-12-01 12:31:00+00:00,4251.94,open,4248.55,4262.109999999998,3.389999999999418,10.169999999998254,120,2025-12-01 14:31:00+00:00,4248.55,4253.42,0,2025-12-01 12:49:00+00:00,4248.55,stop_loss,-3.389999999999418,False
1,2025-12-01 13:30:00+00:00,2025-12-01 13:31:00+00:00,4258.48,open,4250.62,4282.059999999999,7.859999999999673,23.579999999999018,120,2025-12-01 15:45:00+00:00,4250.62,4256.01,1,2025-12-01 13:59:00+00:00,4250.62,stop_loss,-7.859999999999673,False
-1,2025-12-01 14:00:00+00:00,2025-12-01 14:01:00+00:00,4247.91,open,4258.87,4215.03,10.960000000000036,32.88000000000011,120,2025-12-01 19:00:00+00:00,4255.25,4258.87,8,2025-12-01 19:00:00+00:00,4238.39,timeout,9.519999999999527,True
-1,2025-12-01 19:45:00+00:00,2025-12-01 19:46:00+00:00,4233.57,open,4239.0,4217.279999999999,5.430000000000291,16.290000000000873,120,2025-12-01 21:46:00+00:00,4235.57,4239.0,0,2025-12-01 20:11:00+00:00,4239.0,stop_loss,-5.430000000000291,False
-1,2025-12-02 09:15:00+00:00,2025-12-02 09:16:00+00:00,4208.25,open,4212.06,4196.819999999999,3.8100000000004,11.4300000000012,120,2025-12-02 11:16:00+00:00,4207.74,4212.06,0,2025-12-02 09:26:00+00:00,4196.819999999999,target_hit,11.4300000000012,True
-1,2025-12-02 09:30:00+00:00,2025-12-02 09:31:00+00:00,4193.64,open,4208.55,4148.910000000001,14.909999999999854,44.72999999999956,120,2025-12-02 11:45:00+00:00,4205.22,4208.55,1,2025-12-02 11:45:00+00:00,4198.26,timeout,-4.619999999999891,False
1,2025-12-02 14:15:00+00:00,2025-12-02 14:16:00+00:00,4223.51,open,4213.31,4254.11,10.199999999999818,30.599999999999454,120,2025-12-02 16:16:00+00:00,4213.31,4218.25,0,2025-12-02 15:05:00+00:00,4213.31,stop_loss,-10.199999999999818,False
-1,2025-12-02 15:15:00+00:00,2025-12-02 15:16:00+00:00,4208.07,open,4217.97,4178.369999999998,9.900000000000546,29.700000000001637,120,2025-12-02 17:45:00+00:00,4211.43,4217.97,2,2025-12-02 15:54:00+00:00,4178.369999999998,target_hit,29.700000000001637,True
-1,2025-12-02 16:00:00+00:00,2025-12-02 16:01:00+00:00,4173.05,open,4183.68,4141.16,10.63000000000011,31.890000000000327,120,2025-12-02 18:30:00+00:00,4170.92,4183.68,1,2025-12-02 16:35:00+00:00,4183.68,stop_loss,-10.63000000000011,False
1,2025-12-02 17:15:00+00:00,2025-12-02 17:16:00+00:00,4189.89,open,4184.58,4205.8200000000015,5.3100000000004,15.9300000000012,120,2025-12-02 19:16:00+00:00,4184.58,4191.6,0,2025-12-02 18:36:00+00:00,4184.58,stop_loss,-5.3100000000004,False
1,2025-12-02 18:45:00+00:00,2025-12-02 18:46:00+00:00,4186.74,open,4183.72,4195.799999999998,3.019999999999527,9.059999999998581,120,2025-12-02 20:46:00+00:00,4183.72,4187.37,0,2025-12-02 19:05:00+00:00,4195.799999999998,target_hit,9.059999999998581,True
1,2025-12-02 20:00:00+00:00,2025-12-02 20:01:00+00:00,4199.67,open,4194.09,4216.41,5.579999999999927,16.73999999999978,120,2025-12-02 22:01:00+00:00,4194.09,4200.12,0,2025-12-02 23:01:00+00:00,4207.05,timeout,7.380000000000109,True
1,2025-12-03 10:30:00+00:00,2025-12-03 10:31:00+00:00,4202.79,open,4197.83,4217.67,4.960000000000036,14.88000000000011,120,2025-12-03 12:31:00+00:00,4197.83,4201.42,0,2025-12-03 10:51:00+00:00,4197.83,stop_loss,-4.960000000000036,False
1,2025-12-03 13:30:00+00:00,2025-12-03 13:31:00+00:00,4219.96,open,4212.25,4243.09,7.710000000000036,23.13000000000011,120,2025-12-03 16:45:00+00:00,4212.25,4221.26,2,2025-12-03 14:53:00+00:00,4212.25,stop_loss,-7.710000000000036,False
-1,2025-12-03 15:00:00+00:00,2025-12-03 15:01:00+00:00,4210.81,open,4227.32,4161.2800000000025,16.50999999999931,49.529999999997926,120,2025-12-03 17:01:00+00:00,4222.22,4227.32,0,2025-12-03 15:33:00+00:00,4227.32,stop_loss,-16.50999999999931,False
-1,2025-12-03 16:00:00+00:00,2025-12-03 16:01:00+00:00,4217.74,open,4226.43,4191.669999999998,8.69000000000051,26.070000000001528,120,2025-12-03 19:00:00+00:00,4219.41,4226.43,2,2025-12-03 19:00:00+00:00,4199.97,timeout,17.769999999999527,True
-1,2025-12-04 09:00:00+00:00,2025-12-04 09:01:00+00:00,4184.96,open,4188.62,4173.9800000000005,3.6599999999998545,10.979999999999563,120,2025-12-04 11:01:00+00:00,4184.78,4188.62,0,2025-12-04 09:04:00+00:00,4188.62,stop_loss,-3.6599999999998545,False
-1,2025-12-04 13:15:00+00:00,2025-12-04 13:16:00+00:00,4188.21,open,4192.55,4175.19,4.3400000000001455,13.020000000000437,120,2025-12-04 15:16:00+00:00,4187.62,4192.55,0,2025-12-04 13:22:00+00:00,4192.55,stop_loss,-4.3400000000001455,False
1,2025-12-04 13:30:00+00:00,2025-12-04 13:31:00+00:00,4191.37,open,4185.9,4207.780000000001,5.470000000000255,16.410000000000764,120,2025-12-04 15:31:00+00:00,4185.9,4189.55,0,2025-12-04 14:22:00+00:00,4207.780000000001,target_hit,16.410000000000764,True
1,2025-12-04 15:00:00+00:00,2025-12-04 15:01:00+00:00,4201.51,open,4197.41,4213.810000000001,4.100000000000364,12.300000000001091,120,2025-12-04 17:01:00+00:00,4197.41,4202.35,0,2025-12-04 15:02:00+00:00,4197.41,stop_loss,-4.100000000000364,False
1,2025-12-04 16:30:00+00:00,2025-12-04 16:31:00+00:00,4215.76,open,4213.99,4221.0700000000015,1.7700000000004366,5.31000000000131,120,2025-12-04 18:31:00+00:00,4213.99,4218.56,0,2025-12-04 16:33:00+00:00,4213.99,stop_loss,-1.7700000000004366,False
-1,2025-12-05 13:15:00+00:00,2025-12-05 13:16:00+00:00,4226.58,open,4232.0,4210.32,5.420000000000073,16.26000000000022,120,2025-12-05 15:16:00+00:00,4227.2,4232.0,0,2025-12-05 13:28:00+00:00,4232.0,stop_loss,-5.420000000000073,False
1,2025-12-05 13:30:00+00:00,2025-12-05 13:31:00+00:00,4235.38,open,4230.43,4250.23,4.949999999999818,14.849999999999454,120,2025-12-05 15:31:00+00:00,4230.43,4235.32,0,2025-12-05 13:48:00+00:00,4230.43,stop_loss,-4.949999999999818,False
1,2025-12-05 14:45:00+00:00,2025-12-05 14:46:00+00:00,4236.54,open,4228.42,4260.9,8.11999999999989,24.359999999999673,120,2025-12-05 17:45:00+00:00,4228.42,4233.55,1,2025-12-05 16:09:00+00:00,4228.42,stop_loss,-8.11999999999989,False
-1,2025-12-05 16:15:00+00:00,2025-12-05 16:16:00+00:00,4207.08,open,4236.44,4119.000000000001,29.359999999999673,88.07999999999902,120,2025-12-05 19:45:00+00:00,4226.4,4236.44,2,2025-12-05 19:45:00+00:00,4205.17,timeout,1.9099999999998545,True
1,2025-12-08 09:15:00+00:00,2025-12-08 09:16:00+00:00,4209.36,open,4207.16,4215.959999999999,2.199999999999818,6.599999999999454,120,2025-12-08 11:16:00+00:00,4207.16,4210.49,0,2025-12-08 09:22:00+00:00,4207.16,stop_loss,-2.199999999999818,False
-1,2025-12-08 13:15:00+00:00,2025-12-08 13:16:00+00:00,4209.11,open,4215.0,4191.439999999999,5.890000000000327,17.670000000000982,120,2025-12-08 16:45:00+00:00,4207.99,4215.0,3,2025-12-08 15:00:00+00:00,4191.439999999999,target_hit,17.670000000000982,True
-1,2025-12-08 15:00:00+00:00,2025-12-08 15:01:00+00:00,4190.73,open,4208.76,4136.639999999998,18.030000000000655,54.090000000001965,120,2025-12-08 18:00:00+00:00,4200.18,4208.76,2,2025-12-08 18:00:00+00:00,4194.88,timeout,-4.150000000000546,False
-1,2025-12-08 19:00:00+00:00,2025-12-08 19:01:00+00:00,4187.36,open,4189.12,4182.079999999999,1.7600000000002183,5.280000000000655,120,2025-12-08 21:01:00+00:00,4184.29,4189.12,0,2025-12-08 20:08:00+00:00,4189.12,stop_loss,-1.7600000000002183,False
-1,2025-12-09 13:30:00+00:00,2025-12-09 13:31:00+00:00,4197.52,open,4207.6,4167.280000000001,10.079999999999927,30.23999999999978,120,2025-12-09 16:15:00+00:00,4202.54,4207.6,2,2025-12-09 14:51:00+00:00,4207.6,stop_loss,-10.079999999999927,False
-1,2025-12-09 15:15:00+00:00,2025-12-09 15:16:00+00:00,4198.23,open,4205.2,4177.319999999999,6.970000000000255,20.910000000000764,120,2025-12-09 17:16:00+00:00,4197.49,4205.2,0,2025-12-09 15:24:00+00:00,4205.2,stop_loss,-6.970000000000255,False
-1,2025-12-09 15:45:00+00:00,2025-12-09 15:46:00+00:00,4203.07,open,4206.91,4191.549999999999,3.8400000000001455,11.520000000000437,120,2025-12-09 17:46:00+00:00,4202.81,4206.91,0,2025-12-09 15:57:00+00:00,4206.91,stop_loss,-3.8400000000001455,False
1,2025-12-09 16:00:00+00:00,2025-12-09 16:01:00+00:00,4210.53,open,4206.84,4221.5999999999985,3.6899999999996,11.0699999999988,120,2025-12-09 18:15:00+00:00,4206.84,4211.97,1,2025-12-09 16:45:00+00:00,4221.5999999999985,target_hit,11.0699999999988,True
-1,2025-12-09 17:00:00+00:00,2025-12-09 17:01:00+00:00,4211.4,open,4217.71,4192.469999999998,6.3100000000004,18.9300000000012,120,2025-12-09 19:01:00+00:00,4213.88,4217.71,0,2025-12-09 19:01:00+00:00,4210.11,timeout,1.2899999999999636,True
1,2025-12-10 14:45:00+00:00,2025-12-10 14:46:00+00:00,4198.44,open,4192.82,4215.299999999999,5.619999999999891,16.859999999999673,120,2025-12-10 16:46:00+00:00,4192.82,4197.29,0,2025-12-10 14:59:00+00:00,4192.82,stop_loss,-5.619999999999891,False
-1,2025-12-10 15:15:00+00:00,2025-12-10 15:16:00+00:00,4194.53,open,4198.61,4182.29,4.079999999999927,12.239999999999782,120,2025-12-10 17:30:00+00:00,4195.22,4198.61,1,2025-12-10 15:36:00+00:00,4198.61,stop_loss,-4.079999999999927,False
1,2025-12-10 19:15:00+00:00,2025-12-10 19:16:00+00:00,4214.89,open,4188.69,4293.4900000000025,26.200000000000728,78.60000000000218,120,2025-12-10 21:16:00+00:00,4188.69,4214.08,0,2025-12-10 19:41:00+00:00,4188.69,stop_loss,-26.200000000000728,False
1,2025-12-10 20:00:00+00:00,2025-12-10 20:01:00+00:00,4211.76,open,4186.52,4287.48,25.23999999999978,75.71999999999935,120,2025-12-10 22:45:00+00:00,4186.52,4194.34,2,2025-12-10 23:01:00+00:00,4230.55,timeout,18.789999999999964,True
-1,2025-12-11 10:45:00+00:00,2025-12-11 10:46:00+00:00,4214.74,open,4218.25,4204.209999999999,3.5100000000002183,10.530000000000655,120,2025-12-11 12:46:00+00:00,4212.17,4218.25,0,2025-12-11 10:55:00+00:00,4218.25,stop_loss,-3.5100000000002183,False
-1,2025-12-11 13:15:00+00:00,2025-12-11 13:16:00+00:00,4209.67,open,4222.29,4171.81,12.61999999999989,37.85999999999967,120,2025-12-11 15:45:00+00:00,4217.71,4222.29,2,2025-12-11 13:49:00+00:00,4222.29,stop_loss,-12.61999999999989,False
1,2025-12-11 14:15:00+00:00,2025-12-11 14:16:00+00:00,4228.39,open,4219.51,4255.030000000001,8.88000000000011,26.640000000000327,120,2025-12-11 17:30:00+00:00,4219.51,4224.25,2,2025-12-11 15:44:00+00:00,4255.030000000001,target_hit,26.640000000000327,True
1,2025-12-11 15:45:00+00:00,2025-12-11 15:46:00+00:00,4254.3,open,4240.14,4296.78,14.159999999999854,42.47999999999956,120,2025-12-11 19:30:00+00:00,4240.14,4244.48,4,2025-12-11 19:30:00+00:00,4273.74,timeout,19.4399999999996,True
-1,2025-12-11 20:15:00+00:00,2025-12-11 20:16:00+00:00,4270.71,open,4272.27,4266.029999999999,1.5600000000004002,4.6800000000012005,120,2025-12-11 22:16:00+00:00,4268.48,4272.27,0,2025-12-11 20:21:00+00:00,4266.029999999999,target_hit,4.6800000000012005,True
1,2025-12-12 08:15:00+00:00,2025-12-12 08:16:00+00:00,4295.43,open,4291.79,4306.350000000001,3.6400000000003274,10.920000000000982,120,2025-12-12 10:16:00+00:00,4291.79,4295.62,0,2025-12-12 08:19:00+00:00,4291.79,stop_loss,-3.6400000000003274,False
1,2025-12-12 09:45:00+00:00,2025-12-12 09:46:00+00:00,4311.99,open,4308.91,4321.23,3.0799999999999272,9.239999999999782,120,2025-12-12 12:00:00+00:00,4308.91,4313.06,1,2025-12-12 10:21:00+00:00,4321.23,target_hit,9.239999999999782,True
1,2025-12-12 10:45:00+00:00,2025-12-12 10:46:00+00:00,4328.69,open,4319.92,4354.999999999998,8.769999999999527,26.30999999999858,120,2025-12-12 12:46:00+00:00,4319.92,4323.71,0,2025-12-12 12:46:00+00:00,4328.61,timeout,-0.07999999999992724,False
-1,2025-12-12 14:30:00+00:00,2025-12-12 14:31:00+00:00,4336.29,open,4344.63,4311.2699999999995,8.340000000000146,25.020000000000437,120,2025-12-12 16:31:00+00:00,4340.23,4344.63,0,2025-12-12 14:40:00+00:00,4344.63,stop_loss,-8.340000000000146,False
-1,2025-12-12 14:45:00+00:00,2025-12-12 14:46:00+00:00,4338.19,open,4341.64,4327.839999999997,3.4500000000007276,10.350000000002183,120,2025-12-12 16:46:00+00:00,4334.68,4341.64,0,2025-12-12 14:47:00+00:00,4341.64,stop_loss,-3.4500000000007276,False
-1,2025-12-12 15:00:00+00:00,2025-12-12 15:01:00+00:00,4343.77,open,4351.64,4320.160000000001,7.869999999999891,23.609999999999673,120,2025-12-12 17:15:00+00:00,4346.48,4351.64,1,2025-12-12 15:20:00+00:00,4320.160000000001,target_hit,23.609999999999673,True
-1,2025-12-12 15:30:00+00:00,2025-12-12 15:31:00+00:00,4304.73,open,4341.99,4192.949999999999,37.26000000000022,111.78000000000065,120,2025-12-12 19:15:00+00:00,4335.83,4341.99,4,2025-12-12 19:15:00+00:00,4295.1,timeout,9.6299999999992,True
-1,2025-12-12 20:30:00+00:00,2025-12-12 20:31:00+00:00,4293.48,open,4300.22,4273.2599999999975,6.740000000000691,20.220000000002074,120,2025-12-12 22:31:00+00:00,4296.07,4300.22,0,2025-12-12 20:46:00+00:00,4300.22,stop_loss,-6.740000000000691,False
-1,2025-12-15 10:30:00+00:00,2025-12-15 10:31:00+00:00,4341.74,open,4348.39,4321.789999999998,6.650000000000546,19.950000000001637,120,2025-12-15 12:31:00+00:00,4342.02,4348.39,0,2025-12-15 12:31:00+00:00,4346.63,timeout,-4.890000000000327,False
-1,2025-12-15 13:15:00+00:00,2025-12-15 13:16:00+00:00,4336.89,open,4344.11,4315.230000000002,7.219999999999345,21.659999999998035,120,2025-12-15 15:16:00+00:00,4340.6,4344.11,0,2025-12-15 13:49:00+00:00,4344.11,stop_loss,-7.219999999999345,False
-1,2025-12-15 14:00:00+00:00,2025-12-15 14:01:00+00:00,4331.85,open,4339.68,4308.360000000001,7.829999999999927,23.48999999999978,120,2025-12-15 18:00:00+00:00,4336.01,4339.68,5,2025-12-15 16:04:00+00:00,4308.360000000001,target_hit,23.48999999999978,True
-1,2025-12-15 16:15:00+00:00,2025-12-15 16:16:00+00:00,4304.65,open,4316.57,4268.889999999999,11.920000000000073,35.76000000000022,120,2025-12-15 20:45:00+00:00,4312.48,4316.57,5,2025-12-15 19:03:00+00:00,4316.57,stop_loss,-11.920000000000073,False
-1,2025-12-15 20:30:00+00:00,2025-12-15 20:31:00+00:00,4306.01,open,4310.03,4293.950000000002,4.019999999999527,12.059999999998581,120,2025-12-15 22:31:00+00:00,4304.46,4310.03,0,2025-12-15 23:01:00+00:00,4308.75,timeout,-2.7399999999997817,False
-1,2025-12-16 08:15:00+00:00,2025-12-16 08:16:00+00:00,4280.19,open,4284.73,4266.57,4.539999999999964,13.61999999999989,120,2025-12-16 10:16:00+00:00,4280.89,4284.73,0,2025-12-16 08:45:00+00:00,4284.73,stop_loss,-4.539999999999964,False
1,2025-12-16 12:15:00+00:00,2025-12-16 12:16:00+00:00,4289.29,open,4278.42,4321.9,10.86999999999989,32.60999999999967,120,2025-12-16 15:45:00+00:00,4278.42,4282.58,1,2025-12-16 14:15:00+00:00,4321.9,target_hit,32.60999999999967,True
1,2025-12-16 14:15:00+00:00,2025-12-16 14:16:00+00:00,4324.03,open,4312.2,4359.5199999999995,11.829999999999927,35.48999999999978,120,2025-12-16 18:00:00+00:00,4312.2,4316.8,5,2025-12-16 16:15:00+00:00,4312.2,stop_loss,-11.829999999999927,False
-1,2025-12-16 16:30:00+00:00,2025-12-16 16:31:00+00:00,4303.66,open,4315.72,4267.479999999999,12.0600000000004,36.1800000000012,120,2025-12-16 18:45:00+00:00,4310.44,4315.72,1,2025-12-16 18:45:00+00:00,4310.37,timeout,-6.710000000000036,False
-1,2025-12-16 19:30:00+00:00,2025-12-16 19:31:00+00:00,4307.9,open,4309.98,4301.66,2.0799999999999272,6.239999999999782,120,2025-12-16 21:31:00+00:00,4297.03,4309.98,0,2025-12-16 19:43:00+00:00,4309.98,stop_loss,-2.0799999999999272,False
-1,2025-12-17 08:15:00+00:00,2025-12-17 08:16:00+00:00,4314.0,open,4320.23,4295.310000000001,6.229999999999563,18.68999999999869,120,2025-12-17 10:16:00+00:00,4316.43,4320.23,0,2025-12-17 08:50:00+00:00,4320.23,stop_loss,-6.229999999999563,False
-1,2025-12-17 10:45:00+00:00,2025-12-17 10:46:00+00:00,4313.33,open,4317.09,4302.049999999999,3.7600000000002183,11.280000000000655,120,2025-12-17 12:46:00+00:00,4313.33,4317.09,0,2025-12-17 10:49:00+00:00,4317.09,stop_loss,-3.7600000000002183,False
1,2025-12-17 13:15:00+00:00,2025-12-17 13:16:00+00:00,4326.04,open,4318.17,4349.65,7.869999999999891,23.609999999999673,120,2025-12-17 18:45:00+00:00,4318.17,4322.07,6,2025-12-17 18:45:00+00:00,4333.87,timeout,7.829999999999927,True
-1,2025-12-17 19:00:00+00:00,2025-12-17 19:01:00+00:00,4333.58,open,4335.69,4327.250000000001,2.1099999999996726,6.329999999999018,120,2025-12-17 21:01:00+00:00,4330.34,4335.69,0,2025-12-17 19:03:00+00:00,4335.69,stop_loss,-2.1099999999996726,False
-1,2025-12-18 09:00:00+00:00,2025-12-18 09:01:00+00:00,4326.57,open,4327.81,4322.849999999998,1.2400000000006912,3.7200000000020736,120,2025-12-18 11:01:00+00:00,4322.35,4327.81,0,2025-12-18 09:04:00+00:00,4327.81,stop_loss,-1.2400000000006912,False
-1,2025-12-18 13:15:00+00:00,2025-12-18 13:16:00+00:00,4317.59,open,4324.13,4297.97,6.539999999999964,19.61999999999989,120,2025-12-18 15:16:00+00:00,4320.11,4324.13,0,2025-12-18 13:30:00+00:00,4324.13,stop_loss,-6.539999999999964,False
1,2025-12-18 13:30:00+00:00,2025-12-18 13:31:00+00:00,4331.17,open,4320.42,4363.42,10.75,32.25,120,2025-12-18 15:45:00+00:00,4320.42,4324.04,1,2025-12-18 14:41:00+00:00,4320.42,stop_loss,-10.75,False
-1,2025-12-18 15:15:00+00:00,2025-12-18 15:16:00+00:00,4329.93,open,4334.98,4314.7800000000025,5.049999999999272,15.149999999997817,120,2025-12-18 17:16:00+00:00,4330.98,4334.98,0,2025-12-18 15:31:00+00:00,4334.98,stop_loss,-5.049999999999272,False
1,2025-12-18 15:30:00+00:00,2025-12-18 15:31:00+00:00,4333.84,open,4325.83,4357.870000000001,8.010000000000218,24.030000000000655,120,2025-12-18 17:31:00+00:00,4325.83,4330.33,0,2025-12-18 16:11:00+00:00,4357.870000000001,target_hit,24.030000000000655,True
1,2025-12-18 16:15:00+00:00,2025-12-18 16:16:00+00:00,4366.26,open,4337.86,4451.460000000002,28.400000000000546,85.20000000000164,120,2025-12-18 18:30:00+00:00,4337.86,4342.24,1,2025-12-18 17:09:00+00:00,4337.86,stop_loss,-28.400000000000546,False
-1,2025-12-18 17:30:00+00:00,2025-12-18 17:31:00+00:00,4327.03,open,4330.06,4317.939999999998,3.030000000000655,9.090000000001965,120,2025-12-18 19:31:00+00:00,4322.64,4330.06,0,2025-12-18 17:32:00+00:00,4330.06,stop_loss,-3.030000000000655,False
1,2025-12-18 17:45:00+00:00,2025-12-18 17:46:00+00:00,4336.92,open,4326.83,4367.1900000000005,10.090000000000146,30.270000000000437,120,2025-12-18 19:46:00+00:00,4326.83,4332.34,0,2025-12-18 17:52:00+00:00,4326.83,stop_loss,-10.090000000000146,False
-1,2025-12-18 18:30:00+00:00,2025-12-18 18:31:00+00:00,4333.11,open,4341.54,4307.819999999999,8.430000000000291,25.290000000000873,120,2025-12-18 21:00:00+00:00,4336.94,4341.54,1,2025-12-18 21:00:00+00:00,4334.26,timeout,-1.1500000000005457,False
-1,2025-12-19 15:30:00+00:00,2025-12-19 15:31:00+00:00,4339.2,open,4346.75,4316.549999999999,7.550000000000182,22.650000000000546,120,2025-12-19 17:31:00+00:00,4342.09,4346.75,0,2025-12-19 15:58:00+00:00,4346.75,stop_loss,-7.550000000000182,False
-1,2025-12-22 08:15:00+00:00,2025-12-22 08:16:00+00:00,4411.97,open,4414.71,4403.750000000001,2.7399999999997817,8.219999999999345,120,2025-12-22 10:16:00+00:00,4410.08,4414.71,0,2025-12-22 08:30:00+00:00,4414.71,stop_loss,-2.7399999999997817,False
-1,2025-12-22 14:45:00+00:00,2025-12-22 14:46:00+00:00,4424.14,open,4426.58,4416.8200000000015,2.4399999999996,7.3199999999987995,120,2025-12-22 16:46:00+00:00,4422.24,4426.58,0,2025-12-22 14:47:00+00:00,4426.58,stop_loss,-2.4399999999996,False
-1,2025-12-22 15:15:00+00:00,2025-12-22 15:16:00+00:00,4412.49,open,4419.75,4390.709999999999,7.260000000000218,21.780000000000655,120,2025-12-22 17:16:00+00:00,4415.77,4419.75,0,2025-12-22 15:20:00+00:00,4419.75,stop_loss,-7.260000000000218,False
1,2025-12-22 15:45:00+00:00,2025-12-22 15:46:00+00:00,4431.08,open,4417.42,4472.0599999999995,13.659999999999854,40.97999999999956,120,2025-12-22 18:45:00+00:00,4417.42,4421.98,3,2025-12-22 18:45:00+00:00,4432.36,timeout,1.2799999999997453,True
-1,2025-12-23 14:00:00+00:00,2025-12-23 14:01:00+00:00,4474.55,open,4487.05,4437.05,12.5,37.5,120,2025-12-23 16:45:00+00:00,4476.79,4487.05,3,2025-12-23 15:02:00+00:00,4437.05,target_hit,37.5,True
-1,2025-12-23 15:30:00+00:00,2025-12-23 15:31:00+00:00,4445.54,open,4450.88,4429.5199999999995,5.3400000000001455,16.020000000000437,120,2025-12-23 17:31:00+00:00,4446.21,4450.88,0,2025-12-23 15:38:00+00:00,4450.88,stop_loss,-5.3400000000001455,False
1,2025-12-23 15:45:00+00:00,2025-12-23 15:46:00+00:00,4455.24,open,4444.29,4488.089999999999,10.949999999999818,32.849999999999454,120,2025-12-23 18:00:00+00:00,4444.29,4448.57,1,2025-12-23 18:00:00+00:00,4474.24,timeout,19.0,True
-1,2025-12-23 18:00:00+00:00,2025-12-23 18:01:00+00:00,4474.57,open,4477.84,4464.759999999998,3.2700000000004366,9.81000000000131,120,2025-12-23 20:01:00+00:00,4472.93,4477.84,0,2025-12-23 18:07:00+00:00,4477.84,stop_loss,-3.2700000000004366,False
1,2025-12-23 18:15:00+00:00,2025-12-23 18:16:00+00:00,4477.11,open,4474.61,4484.61,2.5,7.5,120,2025-12-23 20:16:00+00:00,4474.61,4481.24,0,2025-12-23 18:17:00+00:00,4474.61,stop_loss,-2.5,False
1,2025-12-23 19:15:00+00:00,2025-12-23 19:16:00+00:00,4493.27,open,4485.32,4517.120000000003,7.950000000000728,23.850000000002183,120,2025-12-23 21:16:00+00:00,4485.32,4491.15,0,2025-12-23 21:16:00+00:00,4491.6,timeout,-1.6700000000000728,False
1,2025-12-24 09:30:00+00:00,2025-12-24 09:31:00+00:00,4490.18,open,4487.39,4498.55,2.7899999999999636,8.36999999999989,120,2025-12-24 11:31:00+00:00,4487.39,4491.64,0,2025-12-24 09:34:00+00:00,4487.39,stop_loss,-2.7899999999999636,False
-1,2025-12-24 13:30:00+00:00,2025-12-24 13:31:00+00:00,4480.58,open,4485.24,4466.6,4.6599999999998545,13.979999999999563,120,2025-12-24 15:31:00+00:00,4479.87,4485.24,0,2025-12-24 13:37:00+00:00,4485.24,stop_loss,-4.6599999999998545,False
-1,2025-12-24 14:45:00+00:00,2025-12-24 14:46:00+00:00,4477.71,open,4485.7,4453.740000000001,7.989999999999782,23.969999999999345,120,2025-12-24 17:30:00+00:00,4479.69,4485.7,2,2025-12-24 15:42:00+00:00,4453.740000000001,target_hit,23.969999999999345,True
-1,2025-12-24 15:45:00+00:00,2025-12-24 15:46:00+00:00,4454.11,open,4462.44,4429.12,8.329999999999927,24.98999999999978,120,2025-12-24 18:00:00+00:00,4457.32,4462.44,1,2025-12-24 16:02:00+00:00,4462.44,stop_loss,-8.329999999999927,False
1,2025-12-24 16:15:00+00:00,2025-12-24 16:16:00+00:00,4466.63,open,4457.12,4495.160000000001,9.510000000000218,28.530000000000655,120,2025-12-24 18:16:00+00:00,4457.12,4461.3,0,2025-12-24 18:16:00+00:00,4478.53,timeout,11.899999999999636,True
1,2025-12-26 10:30:00+00:00,2025-12-26 10:31:00+00:00,4520.13,open,4517.02,4529.459999999999,3.1099999999996726,9.329999999999018,120,2025-12-26 12:31:00+00:00,4517.02,4521.77,0,2025-12-26 10:36:00+00:00,4517.02,stop_loss,-3.1099999999996726,False
-1,2025-12-26 11:15:00+00:00,2025-12-26 11:16:00+00:00,4510.14,open,4512.03,4504.470000000002,1.889999999999418,5.669999999998254,120,2025-12-26 13:16:00+00:00,4506.73,4512.03,0,2025-12-26 11:18:00+00:00,4512.03,stop_loss,-1.889999999999418,False
1,2025-12-26 13:15:00+00:00,2025-12-26 13:16:00+00:00,4514.89,open,4510.06,4529.38,4.829999999999927,14.489999999999782,120,2025-12-26 15:30:00+00:00,4510.06,4514.46,1,2025-12-26 14:27:00+00:00,4529.38,target_hit,14.489999999999782,True
-1,2025-12-26 14:45:00+00:00,2025-12-26 14:46:00+00:00,4520.84,open,4529.75,4494.110000000001,8.909999999999854,26.729999999999563,120,2025-12-26 17:00:00+00:00,4523.86,4529.75,1,2025-12-26 15:10:00+00:00,4529.75,stop_loss,-8.909999999999854,False
1,2025-12-26 15:15:00+00:00,2025-12-26 15:16:00+00:00,4528.46,open,4525.16,4538.360000000001,3.300000000000182,9.900000000000546,120,2025-12-26 17:16:00+00:00,4525.16,4529.05,0,2025-12-26 15:32:00+00:00,4538.360000000001,target_hit,9.900000000000546,True
1,2025-12-26 15:45:00+00:00,2025-12-26 15:46:00+00:00,4540.89,open,4534.02,4561.5,6.869999999999891,20.609999999999673,120,2025-12-26 18:00:00+00:00,4534.02,4538.69,1,2025-12-26 16:52:00+00:00,4534.02,stop_loss,-6.869999999999891,False
1,2025-12-26 17:00:00+00:00,2025-12-26 17:01:00+00:00,4535.24,open,4531.76,4545.6799999999985,3.4799999999995634,10.43999999999869,120,2025-12-26 19:01:00+00:00,4531.76,4537.19,0,2025-12-26 17:13:00+00:00,4531.76,stop_loss,-3.4799999999995634,False
-1,2025-12-26 17:15:00+00:00,2025-12-26 17:16:00+00:00,4525.12,open,4532.32,4503.52,7.199999999999818,21.599999999999454,120,2025-12-26 19:45:00+00:00,4525.99,4532.32,2,2025-12-26 18:53:00+00:00,4532.32,stop_loss,-7.199999999999818,False
-1,2025-12-26 20:30:00+00:00,2025-12-26 20:31:00+00:00,4523.79,open,4531.48,4500.720000000001,7.6899999999996,23.0699999999988,120,2025-12-26 22:31:00+00:00,4524.55,4531.48,0,2025-12-26 20:44:00+00:00,4531.48,stop_loss,-7.6899999999996,False
-1,2025-12-29 08:30:00+00:00,2025-12-29 08:31:00+00:00,4474.89,open,4488.8,4433.160000000001,13.909999999999854,41.72999999999956,120,2025-12-29 15:15:00+00:00,4484.5,4488.8,7,2025-12-29 13:42:00+00:00,4433.160000000001,target_hit,41.72999999999956,True
-1,2025-12-29 13:45:00+00:00,2025-12-29 13:46:00+00:00,4424.87,open,4454.78,4335.14,29.909999999999854,89.72999999999956,120,2025-12-29 16:45:00+00:00,4449.85,4454.78,3,2025-12-29 15:06:00+00:00,4335.14,target_hit,89.72999999999956,True
-1,2025-12-29 15:15:00+00:00,2025-12-29 15:16:00+00:00,4335.79,open,4360.91,4260.43,25.11999999999989,75.35999999999967,120,2025-12-29 19:45:00+00:00,4346.82,4360.91,5,2025-12-29 19:45:00+00:00,4332.64,timeout,3.149999999999636,True
-1,2025-12-29 20:30:00+00:00,2025-12-29 20:31:00+00:00,4339.38,open,4343.07,4328.310000000001,3.6899999999996,11.0699999999988,120,2025-12-29 22:31:00+00:00,4339.28,4343.07,0,2025-12-29 20:37:00+00:00,4328.310000000001,target_hit,11.0699999999988,True
-1,2025-12-29 20:45:00+00:00,2025-12-29 20:46:00+00:00,4333.08,open,4335.99,4324.35,2.9099999999998545,8.729999999999563,120,2025-12-29 22:46:00+00:00,4329.69,4335.99,0,2025-12-29 21:07:00+00:00,4335.99,stop_loss,-2.9099999999998545,False
-1,2025-12-30 08:30:00+00:00,2025-12-30 08:31:00+00:00,4355.1,open,4365.69,4323.330000000003,10.589999999999236,31.769999999997708,120,2025-12-30 10:45:00+00:00,4360.84,4365.69,1,2025-12-30 08:57:00+00:00,4365.69,stop_loss,-10.589999999999236,False
1,2025-12-30 10:45:00+00:00,2025-12-30 10:46:00+00:00,4382.91,open,4381.57,4386.93,1.3400000000001455,4.020000000000437,120,2025-12-30 12:46:00+00:00,4381.57,4388.56,0,2025-12-30 10:47:00+00:00,4381.57,stop_loss,-1.3400000000001455,False
-1,2025-12-30 11:15:00+00:00,2025-12-30 11:16:00+00:00,4386.39,open,4390.52,4374.0,4.130000000000109,12.390000000000327,120,2025-12-30 13:16:00+00:00,4386.48,4390.52,0,2025-12-30 12:08:00+00:00,4390.52,stop_loss,-4.130000000000109,False
1,2025-12-30 12:15:00+00:00,2025-12-30 12:16:00+00:00,4395.44,open,4386.86,4421.179999999999,8.579999999999927,25.73999999999978,120,2025-12-30 14:16:00+00:00,4386.86,4390.6,0,2025-12-30 13:31:00+00:00,4386.86,stop_loss,-8.579999999999927,False
-1,2025-12-30 13:30:00+00:00,2025-12-30 13:31:00+00:00,4388.56,open,4398.44,4358.920000000003,9.8799999999992,29.6399999999976,120,2025-12-30 16:45:00+00:00,4391.5,4398.44,4,2025-12-30 14:47:00+00:00,4358.920000000003,target_hit,29.6399999999976,True
-1,2025-12-30 15:00:00+00:00,2025-12-30 15:01:00+00:00,4370.58,open,4372.52,4364.759999999998,1.9400000000005093,5.820000000001528,120,2025-12-30 17:01:00+00:00,4364.74,4372.52,0,2025-12-30 15:02:00+00:00,4364.759999999998,target_hit,5.820000000001528,True
1,2025-12-30 15:15:00+00:00,2025-12-30 15:16:00+00:00,4371.95,open,4364.88,4393.159999999999,7.069999999999709,21.209999999999127,120,2025-12-30 17:16:00+00:00,4364.88,4371.28,0,2025-12-30 15:30:00+00:00,4364.88,stop_loss,-7.069999999999709,False
1,2025-12-30 15:45:00+00:00,2025-12-30 15:46:00+00:00,4362.36,open,4361.22,4365.779999999998,1.139999999999418,3.4199999999982538,120,2025-12-30 17:46:00+00:00,4361.22,4367.71,0,2025-12-30 15:48:00+00:00,4365.779999999998,target_hit,3.4199999999982538,True
-1,2025-12-30 16:15:00+00:00,2025-12-30 16:16:00+00:00,4360.19,open,4365.73,4343.57,5.539999999999964,16.61999999999989,120,2025-12-30 18:16:00+00:00,4359.99,4365.73,0,2025-12-30 16:18:00+00:00,4365.73,stop_loss,-5.539999999999964,False
-1,2025-12-30 16:45:00+00:00,2025-12-30 16:46:00+00:00,4367.45,open,4369.04,4362.679999999999,1.5900000000001455,4.770000000000437,120,2025-12-30 18:46:00+00:00,4364.71,4369.04,0,2025-12-30 16:50:00+00:00,4369.04,stop_loss,-1.5900000000001455,False
1,2025-12-30 17:00:00+00:00,2025-12-30 17:01:00+00:00,4381.03,open,4369.97,4414.209999999998,11.05999999999949,33.17999999999847,120,2025-12-30 19:15:00+00:00,4369.97,4376.12,1,2025-12-30 17:21:00+00:00,4369.97,stop_loss,-11.05999999999949,False
-1,2025-12-30 17:45:00+00:00,2025-12-30 17:46:00+00:00,4367.65,open,4373.59,4349.829999999998,5.940000000000509,17.820000000001528,120,2025-12-30 19:46:00+00:00,4369.79,4373.59,0,2025-12-30 18:03:00+00:00,4373.59,stop_loss,-5.940000000000509,False
-1,2025-12-30 20:00:00+00:00,2025-12-30 20:01:00+00:00,4347.72,open,4363.47,4300.47,15.75,47.25,120,2025-12-30 22:15:00+00:00,4358.52,4363.47,1,2025-12-30 23:01:00+00:00,4343.68,timeout,4.039999999999964,True
-1,2025-12-31 09:00:00+00:00,2025-12-31 09:01:00+00:00,4310.67,open,4313.92,4300.92,3.25,9.75,120,2025-12-31 11:01:00+00:00,4310.28,4313.92,0,2025-12-31 09:03:00+00:00,4313.92,stop_loss,-3.25,False
1,2025-12-31 09:15:00+00:00,2025-12-31 09:16:00+00:00,4316.45,open,4307.28,4343.96,9.170000000000073,27.51000000000022,120,2025-12-31 11:30:00+00:00,4307.28,4311.32,1,2025-12-31 10:31:00+00:00,4307.28,stop_loss,-9.170000000000073,False
-1,2025-12-31 10:45:00+00:00,2025-12-31 10:46:00+00:00,4308.61,open,4320.01,4274.409999999998,11.400000000000546,34.20000000000164,120,2025-12-31 13:15:00+00:00,4309.61,4320.01,1,2025-12-31 13:15:00+00:00,4313.94,timeout,-5.329999999999927,False
-1,2025-12-31 13:15:00+00:00,2025-12-31 13:16:00+00:00,4313.65,open,4316.65,4304.65,3.0,9.0,120,2025-12-31 15:16:00+00:00,4312.67,4316.65,0,2025-12-31 13:20:00+00:00,4316.65,stop_loss,-3.0,False
1,2025-12-31 13:30:00+00:00,2025-12-31 13:31:00+00:00,4329.32,open,4322.38,4350.1399999999985,6.9399999999996,20.8199999999988,120,2025-12-31 16:45:00+00:00,4322.38,4326.2,2,2025-12-31 14:55:00+00:00,4350.1399999999985,target_hit,20.8199999999988,True
1,2025-12-31 15:00:00+00:00,2025-12-31 15:01:00+00:00,4343.99,open,4342.94,4347.14,1.050000000000182,3.1500000000005457,120,2025-12-31 17:01:00+00:00,4342.94,4348.62,0,2025-12-31 15:02:00+00:00,4342.94,stop_loss,-1.050000000000182,False
-1,2025-12-31 15:15:00+00:00,2025-12-31 15:16:00+00:00,4332.6,open,4335.78,4323.060000000002,3.1799999999993815,9.539999999998145,120,2025-12-31 17:16:00+00:00,4332.11,4335.78,0,2025-12-31 15:20:00+00:00,4335.78,stop_loss,-3.1799999999993815,False
-1,2025-12-31 15:45:00+00:00,2025-12-31 15:46:00+00:00,4331.05,open,4341.42,4299.9400000000005,10.36999999999989,31.109999999999673,120,2025-12-31 22:15:00+00:00,4337.2,4341.42,5,2026-01-01 21:00:00+00:00,4319.05,timeout,12.0,True
-1,2026-01-02 12:45:00+00:00,2026-01-02 12:46:00+00:00,4386.95,open,4391.22,4374.1399999999985,4.270000000000437,12.81000000000131,120,2026-01-02 14:46:00+00:00,4385.89,4391.22,0,2026-01-02 12:55:00+00:00,4391.22,stop_loss,-4.270000000000437,False
-1,2026-01-02 13:30:00+00:00,2026-01-02 13:31:00+00:00,4373.93,open,4399.3,4297.820000000001,25.36999999999989,76.10999999999967,120,2026-01-02 20:45:00+00:00,4390.62,4399.3,10,2026-01-02 20:45:00+00:00,4327.85,timeout,46.07999999999993,True
-1,2026-01-05 08:30:00+00:00,2026-01-05 08:31:00+00:00,4424.8,open,4429.95,4409.350000000001,5.149999999999636,15.449999999998909,120,2026-01-05 10:31:00+00:00,4426.44,4429.95,0,2026-01-05 08:43:00+00:00,4429.95,stop_loss,-5.149999999999636,False
-1,2026-01-05 11:30:00+00:00,2026-01-05 11:31:00+00:00,4415.69,open,4428.45,4377.409999999999,12.760000000000218,38.280000000000655,120,2026-01-05 15:30:00+00:00,4422.86,4428.45,2,2026-01-05 14:11:00+00:00,4428.45,stop_loss,-12.760000000000218,False
1,2026-01-05 14:15:00+00:00,2026-01-05 14:16:00+00:00,4425.2,open,4423.08,4431.5599999999995,2.119999999999891,6.359999999999673,120,2026-01-05 16:16:00+00:00,4423.08,4427.89,0,2026-01-05 14:22:00+00:00,4423.08,stop_loss,-2.119999999999891,False
1,2026-01-05 15:00:00+00:00,2026-01-05 15:01:00+00:00,4443.7,open,4429.54,4486.179999999999,14.159999999999854,42.47999999999956,120,2026-01-05 19:00:00+00:00,4429.54,4433.73,5,2026-01-05 19:00:00+00:00,4448.06,timeout,4.360000000000582,True
-1,2026-01-05 19:15:00+00:00,2026-01-05 19:16:00+00:00,4439.27,open,4446.35,4418.030000000001,7.079999999999927,21.23999999999978,120,2026-01-05 21:16:00+00:00,4439.11,4446.35,0,2026-01-05 20:21:00+00:00,4446.35,stop_loss,-7.079999999999927,False
-1,2026-01-06 09:15:00+00:00,2026-01-06 09:16:00+00:00,4452.48,open,4459.96,4430.039999999998,7.480000000000473,22.44000000000142,120,2026-01-06 12:00:00+00:00,4453.83,4459.96,2,2026-01-06 11:33:00+00:00,4459.96,stop_loss,-7.480000000000473,False
1,2026-01-06 14:00:00+00:00,2026-01-06 14:01:00+00:00,4469.91,open,4459.8,4500.239999999999,10.109999999999673,30.329999999999018,120,2026-01-06 17:15:00+00:00,4459.8,4463.82,3,2026-01-06 17:15:00+00:00,4489.31,timeout,19.400000000000546,True
-1,2026-01-06 18:45:00+00:00,2026-01-06 18:46:00+00:00,4487.06,open,4488.27,4483.43,1.2100000000000364,3.630000000000109,120,2026-01-06 20:46:00+00:00,4483.86,4488.27,0,2026-01-06 18:47:00+00:00,4488.27,stop_loss,-1.2100000000000364,False
1,2026-01-07 08:00:00+00:00,2026-01-07 08:01:00+00:00,4461.86,open,4459.16,4469.959999999999,2.699999999999818,8.099999999999454,120,2026-01-07 10:01:00+00:00,4459.16,4463.13,0,2026-01-07 08:07:00+00:00,4459.16,stop_loss,-2.699999999999818,False
1,2026-01-07 08:15:00+00:00,2026-01-07 08:16:00+00:00,4465.41,open,4460.27,4480.829999999998,5.139999999999418,15.419999999998254,120,2026-01-07 10:16:00+00:00,4460.27,4464.4,0,2026-01-07 09:08:00+00:00,4460.27,stop_loss,-5.139999999999418,False
-1,2026-01-07 13:00:00+00:00,2026-01-07 13:01:00+00:00,4446.75,open,4452.67,4428.99,5.920000000000073,17.76000000000022,120,2026-01-07 15:01:00+00:00,4448.79,4452.67,0,2026-01-07 13:10:00+00:00,4428.99,target_hit,17.76000000000022,True
-1,2026-01-07 13:15:00+00:00,2026-01-07 13:16:00+00:00,4438.17,open,4445.73,4415.490000000002,7.559999999999491,22.679999999998472,120,2026-01-07 15:16:00+00:00,4438.12,4445.73,0,2026-01-07 13:27:00+00:00,4445.73,stop_loss,-7.559999999999491,False
1,2026-01-07 13:30:00+00:00,2026-01-07 13:31:00+00:00,4445.04,open,4432.24,4483.4400000000005,12.800000000000182,38.400000000000546,120,2026-01-07 17:00:00+00:00,4432.24,4438.73,5,2026-01-07 15:12:00+00:00,4432.24,stop_loss,-12.800000000000182,False
-1,2026-01-07 15:15:00+00:00,2026-01-07 15:16:00+00:00,4428.13,open,4447.1,4371.219999999999,18.970000000000255,56.910000000000764,120,2026-01-07 17:16:00+00:00,4439.57,4447.1,0,2026-01-07 15:31:00+00:00,4447.1,stop_loss,-18.970000000000255,False
1,2026-01-07 15:30:00+00:00,2026-01-07 15:31:00+00:00,4444.43,open,4423.54,4507.100000000001,20.890000000000327,62.67000000000098,120,2026-01-07 18:30:00+00:00,4423.54,4427.1,3,2026-01-07 18:30:00+00:00,4455.44,timeout,11.009999999999309,True
-1,2026-01-07 19:00:00+00:00,2026-01-07 19:01:00+00:00,4450.83,open,4454.75,4439.07,3.9200000000000728,11.760000000000218,120,2026-01-07 21:01:00+00:00,4450.76,4454.75,0,2026-01-07 19:04:00+00:00,4454.75,stop_loss,-3.9200000000000728,False
1,2026-01-07 19:45:00+00:00,2026-01-07 19:46:00+00:00,4453.33,open,4450.35,4462.269999999999,2.9799999999995634,8.93999999999869,120,2026-01-07 21:46:00+00:00,4450.35,4453.86,0,2026-01-07 21:00:00+00:00,4450.35,stop_loss,-2.9799999999995634,False
-1,2026-01-08 08:00:00+00:00,2026-01-08 08:01:00+00:00,4430.7,open,4432.08,4426.5599999999995,1.3800000000001091,4.140000000000327,120,2026-01-08 10:01:00+00:00,4428.5,4432.08,0,2026-01-08 08:04:00+00:00,4426.5599999999995,target_hit,4.140000000000327,True
1,2026-01-08 08:15:00+00:00,2026-01-08 08:16:00+00:00,4426.91,open,4425.44,4431.320000000001,1.4700000000002547,4.410000000000764,120,2026-01-08 10:30:00+00:00,4425.44,4430.03,1,2026-01-08 08:33:00+00:00,4425.44,stop_loss,-1.4700000000002547,False
1,2026-01-08 09:00:00+00:00,2026-01-08 09:01:00+00:00,4435.02,open,4423.05,4470.930000000001,11.970000000000255,35.910000000000764,120,2026-01-08 11:15:00+00:00,4423.05,4428.76,1,2026-01-08 11:15:00+00:00,4428.43,timeout,-6.5900000000001455,False
-1,2026-01-08 12:15:00+00:00,2026-01-08 12:16:00+00:00,4409.78,open,4417.87,4385.509999999999,8.090000000000146,24.270000000000437,120,2026-01-08 14:16:00+00:00,4412.18,4417.87,0,2026-01-08 12:25:00+00:00,4417.87,stop_loss,-8.090000000000146,False
1,2026-01-08 12:30:00+00:00,2026-01-08 12:31:00+00:00,4421.42,open,4413.17,4446.17,8.25,24.75,120,2026-01-08 17:00:00+00:00,4413.17,4419.23,5,2026-01-08 15:10:00+00:00,4446.17,target_hit,24.75,True
1,2026-01-08 15:30:00+00:00,2026-01-08 15:31:00+00:00,4448.96,open,4447.41,4453.610000000001,1.550000000000182,4.650000000000546,120,2026-01-08 17:31:00+00:00,4447.41,4452.98,0,2026-01-08 15:38:00+00:00,4447.41,stop_loss,-1.550000000000182,False
1,2026-01-08 16:00:00+00:00,2026-01-08 16:01:00+00:00,4453.61,open,4449.9,4464.74,3.7100000000000364,11.13000000000011,120,2026-01-08 18:01:00+00:00,4449.9,4454.38,0,2026-01-08 16:13:00+00:00,4449.9,stop_loss,-3.7100000000000364,False
1,2026-01-08 16:45:00+00:00,2026-01-08 16:46:00+00:00,4459.8,open,4454.73,4475.010000000002,5.0700000000006185,15.210000000001855,120,2026-01-08 18:46:00+00:00,4454.73,4459.15,0,2026-01-08 18:09:00+00:00,4454.73,stop_loss,-5.0700000000006185,False
1,2026-01-08 20:30:00+00:00,2026-01-08 20:31:00+00:00,4475.21,open,4459.1,4523.539999999999,16.109999999999673,48.32999999999902,120,2026-01-08 22:45:00+00:00,4459.1,4462.89,1,2026-01-08 23:01:00+00:00,4482.21,timeout,7.0,True
1,2026-01-09 08:15:00+00:00,2026-01-09 08:16:00+00:00,4473.95,open,4469.18,4488.259999999998,4.769999999999527,14.309999999998581,120,2026-01-09 10:16:00+00:00,4469.18,4474.02,0,2026-01-09 08:37:00+00:00,4469.18,stop_loss,-4.769999999999527,False
-1,2026-01-09 12:15:00+00:00,2026-01-09 12:16:00+00:00,4473.92,open,4477.68,4462.639999999999,3.7600000000002183,11.280000000000655,120,2026-01-09 14:16:00+00:00,4473.62,4477.68,0,2026-01-09 12:33:00+00:00,4462.639999999999,target_hit,11.280000000000655,True
1,2026-01-09 13:15:00+00:00,2026-01-09 13:16:00+00:00,4467.1,open,4463.63,4477.510000000001,3.4700000000002547,10.410000000000764,120,2026-01-09 15:16:00+00:00,4463.63,4468.8,0,2026-01-09 13:19:00+00:00,4463.63,stop_loss,-3.4700000000002547,False
1,2026-01-09 13:45:00+00:00,2026-01-09 13:46:00+00:00,4487.42,open,4470.22,4539.0199999999995,17.199999999999818,51.599999999999454,120,2026-01-09 20:45:00+00:00,4470.22,4479.44,8,2026-01-09 20:45:00+00:00,4504.21,timeout,16.789999999999964,True
1,2026-01-12 09:00:00+00:00,2026-01-12 09:01:00+00:00,4596.54,open,4588.47,4620.749999999999,8.069999999999709,24.209999999999127,120,2026-01-12 11:01:00+00:00,4588.47,4593.3,0,2026-01-12 09:59:00+00:00,4588.47,stop_loss,-8.069999999999709,False
1,2026-01-12 10:15:00+00:00,2026-01-12 10:16:00+00:00,4591.35,open,4589.04,4598.280000000002,2.3100000000004,6.9300000000012005,120,2026-01-12 12:16:00+00:00,4589.04,4592.83,0,2026-01-12 10:20:00+00:00,4589.04,stop_loss,-2.3100000000004,False
-1,2026-01-12 11:30:00+00:00,2026-01-12 11:31:00+00:00,4586.07,open,4588.48,4578.84,2.4099999999998545,7.229999999999563,120,2026-01-12 13:31:00+00:00,4583.95,4588.48,0,2026-01-12 11:36:00+00:00,4588.48,stop_loss,-2.4099999999998545,False
1,2026-01-12 12:15:00+00:00,2026-01-12 12:16:00+00:00,4582.49,open,4581.1,4586.659999999998,1.389999999999418,4.169999999998254,120,2026-01-12 14:16:00+00:00,4581.1,4584.61,0,2026-01-12 12:17:00+00:00,4581.1,stop_loss,-1.389999999999418,False
1,2026-01-12 13:15:00+00:00,2026-01-12 13:16:00+00:00,4610.44,open,4592.11,4665.429999999999,18.329999999999927,54.98999999999978,120,2026-01-12 16:00:00+00:00,4592.11,4595.64,2,2026-01-12 14:15:00+00:00,4592.11,stop_loss,-18.329999999999927,False
-1,2026-01-12 14:15:00+00:00,2026-01-12 14:16:00+00:00,4592.37,open,4617.42,4517.219999999999,25.050000000000182,75.15000000000055,120,2026-01-12 17:00:00+00:00,4612.15,4617.42,2,2026-01-12 15:09:00+00:00,4617.42,stop_loss,-25.050000000000182,False
1,2026-01-12 15:15:00+00:00,2026-01-12 15:16:00+00:00,4616.14,open,4601.92,4658.800000000001,14.220000000000255,42.660000000000764,120,2026-01-12 18:15:00+00:00,4601.92,4607.67,2,2026-01-12 18:15:00+00:00,4607.58,timeout,-8.5600000000004,False
-1,2026-01-12 18:30:00+00:00,2026-01-12 18:31:00+00:00,4604.61,open,4607.6,4595.639999999998,2.990000000000691,8.970000000002074,120,2026-01-12 20:31:00+00:00,4603.5,4607.6,0,2026-01-12 18:33:00+00:00,4607.6,stop_loss,-2.990000000000691,False
-1,2026-01-12 20:45:00+00:00,2026-01-12 20:46:00+00:00,4593.89,open,4600.63,4573.670000000001,6.739999999999782,20.219999999999345,120,2026-01-12 22:46:00+00:00,4595.72,4600.63,0,2026-01-12 23:01:00+00:00,4600.63,stop_loss,-6.739999999999782,False
1,2026-01-13 13:15:00+00:00,2026-01-13 13:16:00+00:00,4604.47,open,4590.71,4645.750000000001,13.760000000000218,41.280000000000655,120,2026-01-13 18:45:00+00:00,4590.71,4595.19,7,2026-01-13 17:58:00+00:00,4590.71,stop_loss,-13.760000000000218,False
-1,2026-01-13 18:00:00+00:00,2026-01-13 18:01:00+00:00,4590.38,open,4600.92,4558.76,10.539999999999964,31.61999999999989,120,2026-01-13 20:30:00+00:00,4595.58,4600.92,2,2026-01-13 18:45:00+00:00,4600.92,stop_loss,-10.539999999999964,False
-1,2026-01-13 19:30:00+00:00,2026-01-13 19:31:00+00:00,4594.03,open,4597.36,4584.04,3.3299999999999272,9.989999999999782,120,2026-01-13 21:31:00+00:00,4584.84,4597.36,0,2026-01-13 19:38:00+00:00,4597.36,stop_loss,-3.3299999999999272,False
-1,2026-01-13 20:15:00+00:00,2026-01-13 20:16:00+00:00,4590.98,open,4596.1,4575.619999999997,5.1200000000008,15.360000000002401,120,2026-01-13 22:16:00+00:00,4590.49,4596.1,0,2026-01-13 20:34:00+00:00,4575.619999999997,target_hit,15.360000000002401,True
-1,2026-01-13 20:45:00+00:00,2026-01-13 20:46:00+00:00,4585.49,open,4588.67,4575.949999999999,3.180000000000291,9.540000000000873,120,2026-01-13 22:46:00+00:00,4584.36,4588.67,0,2026-01-13 20:47:00+00:00,4588.67,stop_loss,-3.180000000000291,False
-1,2026-01-14 08:15:00+00:00,2026-01-14 08:16:00+00:00,4627.45,open,4631.9,4614.1,4.449999999999818,13.349999999999454,120,2026-01-14 10:30:00+00:00,4626.21,4631.9,1,2026-01-14 08:41:00+00:00,4631.9,stop_loss,-4.449999999999818,False
1,2026-01-14 12:30:00+00:00,2026-01-14 12:31:00+00:00,4637.65,open,4634.65,4646.65,3.0,9.0,120,2026-01-14 14:31:00+00:00,4634.65,4638.86,0,2026-01-14 12:38:00+00:00,4634.65,stop_loss,-3.0,False
-1,2026-01-14 13:15:00+00:00,2026-01-14 13:16:00+00:00,4630.9,open,4638.2,4608.999999999999,7.300000000000182,21.900000000000546,120,2026-01-14 15:30:00+00:00,4633.82,4638.2,1,2026-01-14 14:03:00+00:00,4638.2,stop_loss,-7.300000000000182,False
-1,2026-01-14 14:45:00+00:00,2026-01-14 14:46:00+00:00,4615.97,open,4634.09,4561.610000000001,18.11999999999989,54.35999999999967,120,2026-01-14 19:45:00+00:00,4627.9,4634.09,6,2026-01-14 18:48:00+00:00,4634.09,stop_loss,-18.11999999999989,False
1,2026-01-14 19:45:00+00:00,2026-01-14 19:46:00+00:00,4639.69,open,4635.13,4653.369999999998,4.559999999999491,13.679999999998472,120,2026-01-14 21:46:00+00:00,4635.13,4640.13,0,2026-01-14 20:02:00+00:00,4635.13,stop_loss,-4.559999999999491,False
-1,2026-01-14 20:15:00+00:00,2026-01-14 20:16:00+00:00,4636.94,open,4640.94,4624.94,4.0,12.0,120,2026-01-14 22:16:00+00:00,4627.18,4640.94,0,2026-01-14 21:14:00+00:00,4624.94,target_hit,12.0,True
1,2026-01-15 13:15:00+00:00,2026-01-15 13:16:00+00:00,4612.34,open,4610.49,4617.890000000001,1.8500000000003638,5.550000000001091,120,2026-01-15 15:16:00+00:00,4610.49,4615.42,0,2026-01-15 13:17:00+00:00,4610.49,stop_loss,-1.8500000000003638,False
-1,2026-01-15 13:30:00+00:00,2026-01-15 13:31:00+00:00,4599.73,open,4611.8,4563.519999999998,12.070000000000618,36.210000000001855,120,2026-01-15 16:30:00+00:00,4606.77,4611.8,3,2026-01-15 14:32:00+00:00,4611.8,stop_loss,-12.070000000000618,False
1,2026-01-15 14:45:00+00:00,2026-01-15 14:46:00+00:00,4602.73,open,4601.27,4607.109999999997,1.4599999999991269,4.379999999997381,120,2026-01-15 16:46:00+00:00,4601.27,4609.85,0,2026-01-15 14:47:00+00:00,4607.109999999997,target_hit,4.379999999997381,True
1,2026-01-15 15:00:00+00:00,2026-01-15 15:01:00+00:00,4614.79,open,4601.81,4653.729999999999,12.979999999999563,38.93999999999869,120,2026-01-15 17:15:00+00:00,4601.81,4607.32,1,2026-01-15 16:54:00+00:00,4601.81,stop_loss,-12.979999999999563,False
-1,2026-01-15 18:45:00+00:00,2026-01-15 18:46:00+00:00,4616.65,open,4618.79,4610.229999999999,2.1400000000003274,6.420000000000982,120,2026-01-15 20:46:00+00:00,4613.41,4618.79,0,2026-01-15 18:48:00+00:00,4618.79,stop_loss,-2.1400000000003274,False
-1,2026-01-15 20:15:00+00:00,2026-01-15 20:16:00+00:00,4607.85,open,4611.35,4597.35,3.5,10.5,120,2026-01-15 22:30:00+00:00,4605.62,4611.35,1,2026-01-15 21:07:00+00:00,4611.35,stop_loss,-3.5,False
-1,2026-01-16 13:00:00+00:00,2026-01-16 13:01:00+00:00,4600.97,open,4603.31,4593.95,2.3400000000001455,7.020000000000437,120,2026-01-16 15:01:00+00:00,4597.66,4603.31,0,2026-01-16 13:02:00+00:00,4603.31,stop_loss,-2.3400000000001455,False
-1,2026-01-16 13:30:00+00:00,2026-01-16 13:31:00+00:00,4588.52,open,4595.99,4566.110000000002,7.469999999999345,22.409999999998035,120,2026-01-16 15:31:00+00:00,4586.29,4595.99,0,2026-01-16 13:34:00+00:00,4595.99,stop_loss,-7.469999999999345,False
1,2026-01-16 13:45:00+00:00,2026-01-16 13:46:00+00:00,4599.95,open,4594.26,4617.019999999999,5.6899999999996,17.0699999999988,120,2026-01-16 17:00:00+00:00,4594.26,4599.19,3,2026-01-16 15:05:00+00:00,4617.019999999999,target_hit,17.0699999999988,True
1,2026-01-16 15:15:00+00:00,2026-01-16 15:16:00+00:00,4615.57,open,4609.3,4634.379999999998,6.269999999999527,18.80999999999858,120,2026-01-16 17:16:00+00:00,4609.3,4614.71,0,2026-01-16 15:19:00+00:00,4609.3,stop_loss,-6.269999999999527,False
-1,2026-01-16 15:30:00+00:00,2026-01-16 15:31:00+00:00,4563.75,open,4617.65,4402.050000000001,53.899999999999636,161.6999999999989,120,2026-01-16 19:30:00+00:00,4609.97,4617.65,6,2026-01-16 19:30:00+00:00,4586.49,timeout,-22.73999999999978,False
1,2026-01-16 20:15:00+00:00,2026-01-16 20:16:00+00:00,4593.18,open,4589.64,4603.8,3.5399999999999636,10.61999999999989,120,2026-01-16 22:16:00+00:00,4589.64,4593.76,0,2026-01-16 20:18:00+00:00,4589.64,stop_loss,-3.5399999999999636,False
-1,2026-01-16 20:45:00+00:00,2026-01-16 20:46:00+00:00,4585.84,open,4588.17,4578.85,2.3299999999999272,6.989999999999782,120,2026-01-16 22:46:00+00:00,4583.42,4588.17,0,2026-01-16 20:53:00+00:00,4588.17,stop_loss,-2.3299999999999272,False
1,2026-01-19 08:00:00+00:00,2026-01-19 08:01:00+00:00,4666.65,open,4661.67,4681.589999999998,4.979999999999563,14.93999999999869,120,2026-01-19 11:15:00+00:00,4661.67,4666.15,1,2026-01-19 10:44:00+00:00,4661.67,stop_loss,-4.979999999999563,False
-1,2026-01-20 13:30:00+00:00,2026-01-20 13:31:00+00:00,4720.94,open,4723.6,4712.959999999997,2.660000000000764,7.980000000002292,120,2026-01-20 15:31:00+00:00,4718.4,4723.6,0,2026-01-20 13:34:00+00:00,4723.6,stop_loss,-2.660000000000764,False
1,2026-01-20 13:45:00+00:00,2026-01-20 13:46:00+00:00,4728.26,open,4715.98,4765.100000000002,12.280000000000655,36.840000000001965,120,2026-01-20 19:45:00+00:00,4715.98,4728.49,7,2026-01-20 18:11:00+00:00,4765.100000000002,target_hit,36.840000000001965,True
-1,2026-01-20 19:30:00+00:00,2026-01-20 19:31:00+00:00,4757.48,open,4765.18,4734.379999999997,7.700000000000728,23.100000000002183,120,2026-01-20 22:30:00+00:00,4760.92,4765.18,1,2026-01-20 23:01:00+00:00,4760.95,timeout,-3.4700000000002547,False
1,2026-01-21 08:00:00+00:00,2026-01-21 08:01:00+00:00,4856.11,open,4849.77,4875.129999999997,6.339999999999236,19.019999999997708,120,2026-01-21 10:30:00+00:00,4849.77,4855.42,2,2026-01-21 09:27:00+00:00,4875.129999999997,target_hit,19.019999999997708,True
1,2026-01-21 09:30:00+00:00,2026-01-21 09:31:00+00:00,4875.16,open,4859.27,4922.829999999998,15.889999999999418,47.669999999998254,120,2026-01-21 11:31:00+00:00,4859.27,4862.84,0,2026-01-21 09:59:00+00:00,4859.27,stop_loss,-15.889999999999418,False
-1,2026-01-21 10:00:00+00:00,2026-01-21 10:01:00+00:00,4861.72,open,4867.7,4843.780000000002,5.979999999999563,17.93999999999869,120,2026-01-21 13:00:00+00:00,4863.7,4867.7,2,2026-01-21 11:17:00+00:00,4867.7,stop_loss,-5.979999999999563,False
-1,2026-01-21 13:00:00+00:00,2026-01-21 13:01:00+00:00,4863.12,open,4865.99,4854.51,2.869999999999891,8.609999999999673,120,2026-01-21 15:01:00+00:00,4862.44,4865.99,0,2026-01-21 13:07:00+00:00,4865.99,stop_loss,-2.869999999999891,False
-1,2026-01-21 13:30:00+00:00,2026-01-21 13:31:00+00:00,4868.32,open,4870.44,4861.96,2.119999999999891,6.359999999999673,120,2026-01-21 15:31:00+00:00,4867.08,4870.44,0,2026-01-21 13:32:00+00:00,4870.44,stop_loss,-2.119999999999891,False
1,2026-01-21 13:45:00+00:00,2026-01-21 13:46:00+00:00,4874.68,open,4872.94,4879.900000000002,1.7400000000006912,5.220000000002074,120,2026-01-21 15:46:00+00:00,4872.94,4877.44,0,2026-01-21 13:47:00+00:00,4872.94,stop_loss,-1.7400000000006912,False
1,2026-01-21 14:00:00+00:00,2026-01-21 14:01:00+00:00,4879.44,open,4873.71,4896.629999999998,5.729999999999563,17.18999999999869,120,2026-01-21 16:01:00+00:00,4873.71,4877.51,0,2026-01-21 14:02:00+00:00,4873.71,stop_loss,-5.729999999999563,False
-1,2026-01-21 14:15:00+00:00,2026-01-21 14:16:00+00:00,4848.58,open,4879.44,4756.000000000001,30.859999999999673,92.57999999999902,120,2026-01-21 21:45:00+00:00,4873.91,4879.44,8,2026-01-21 19:51:00+00:00,4756.000000000001,target_hit,92.57999999999902,True
1,2026-01-21 20:00:00+00:00,2026-01-21 20:01:00+00:00,4784.49,open,4765.3,4842.059999999999,19.1899999999996,57.5699999999988,120,2026-01-21 22:45:00+00:00,4765.3,4776.98,3,2026-01-21 23:01:00+00:00,4826.61,timeout,42.11999999999989,True
-1,2026-01-22 09:45:00+00:00,2026-01-22 09:46:00+00:00,4818.81,open,4831.08,4782.000000000002,12.269999999999527,36.80999999999858,120,2026-01-22 11:46:00+00:00,4816.28,4831.08,0,2026-01-22 10:50:00+00:00,4831.08,stop_loss,-12.269999999999527,False
-1,2026-01-22 12:00:00+00:00,2026-01-22 12:01:00+00:00,4827.22,open,4836.05,4800.7300000000005,8.829999999999927,26.48999999999978,120,2026-01-22 15:45:00+00:00,4831.78,4836.05,3,2026-01-22 14:32:00+00:00,4836.05,stop_loss,-8.829999999999927,False
1,2026-01-22 14:45:00+00:00,2026-01-22 14:46:00+00:00,4843.04,open,4829.87,4882.55,13.170000000000073,39.51000000000022,120,2026-01-22 16:46:00+00:00,4829.87,4835.33,0,2026-01-22 15:00:00+00:00,4829.87,stop_loss,-13.170000000000073,False
-1,2026-01-22 15:00:00+00:00,2026-01-22 15:01:00+00:00,4828.93,open,4844.35,4782.67,15.420000000000073,46.26000000000022,120,2026-01-22 17:15:00+00:00,4836.66,4844.35,1,2026-01-22 15:24:00+00:00,4844.35,stop_loss,-15.420000000000073,False
1,2026-01-22 15:30:00+00:00,2026-01-22 15:31:00+00:00,4855.29,open,4837.87,4907.55,17.420000000000073,52.26000000000022,120,2026-01-22 19:45:00+00:00,4837.87,4843.19,8,2026-01-22 18:01:00+00:00,4907.55,target_hit,52.26000000000022,True
1,2026-01-22 18:15:00+00:00,2026-01-22 18:16:00+00:00,4909.16,open,4903.06,4927.459999999998,6.099999999999454,18.299999999998363,120,2026-01-22 20:16:00+00:00,4903.06,4908.52,0,2026-01-22 20:15:00+00:00,4927.459999999998,target_hit,18.299999999998363,True
1,2026-01-22 20:15:00+00:00,2026-01-22 20:16:00+00:00,4925.95,open,4922.79,4935.429999999999,3.1599999999998545,9.479999999999563,120,2026-01-22 22:16:00+00:00,4922.79,4926.53,0,2026-01-22 20:34:00+00:00,4922.79,stop_loss,-3.1599999999998545,False
-1,2026-01-22 20:45:00+00:00,2026-01-22 20:46:00+00:00,4923.31,open,4925.49,4916.770000000002,2.1799999999993815,6.539999999998145,120,2026-01-22 22:46:00+00:00,4920.46,4925.49,0,2026-01-22 20:58:00+00:00,4916.770000000002,target_hit,6.539999999998145,True
-1,2026-01-23 08:00:00+00:00,2026-01-23 08:01:00+00:00,4945.19,open,4949.39,4932.589999999997,4.200000000000728,12.600000000002183,120,2026-01-23 10:15:00+00:00,4945.36,4949.39,1,2026-01-23 08:20:00+00:00,4932.589999999997,target_hit,12.600000000002183,True
-1,2026-01-23 08:30:00+00:00,2026-01-23 08:31:00+00:00,4914.92,open,4939.42,4841.42,24.5,73.5,120,2026-01-23 13:30:00+00:00,4929.8,4939.42,4,2026-01-23 12:49:00+00:00,4939.42,stop_loss,-24.5,False
1,2026-01-23 13:15:00+00:00,2026-01-23 13:16:00+00:00,4935.91,open,4933.8,4942.239999999999,2.1099999999996726,6.329999999999018,120,2026-01-23 15:16:00+00:00,4933.8,4940.2,0,2026-01-23 13:20:00+00:00,4933.8,stop_loss,-2.1099999999996726,False
-1,2026-01-23 13:30:00+00:00,2026-01-23 13:31:00+00:00,4936.63,open,4940.91,4923.790000000001,4.279999999999745,12.839999999999236,120,2026-01-23 15:31:00+00:00,4935.36,4940.91,0,2026-01-23 13:54:00+00:00,4940.91,stop_loss,-4.279999999999745,False
-1,2026-01-23 14:00:00+00:00,2026-01-23 14:01:00+00:00,4938.78,open,4940.51,4933.589999999998,1.730000000000473,5.190000000001419,120,2026-01-23 16:01:00+00:00,4935.78,4940.51,0,2026-01-23 14:04:00+00:00,4940.51,stop_loss,-1.730000000000473,False
1,2026-01-23 14:15:00+00:00,2026-01-23 14:16:00+00:00,4942.63,open,4934.68,4966.48,7.949999999999818,23.849999999999454,120,2026-01-23 16:16:00+00:00,4934.68,4941.03,0,2026-01-23 14:30:00+00:00,4934.68,stop_loss,-7.949999999999818,False
-1,2026-01-23 15:00:00+00:00,2026-01-23 15:01:00+00:00,4945.99,open,4951.09,4930.689999999999,5.100000000000364,15.300000000001091,120,2026-01-23 17:01:00+00:00,4946.52,4951.09,0,2026-01-23 15:05:00+00:00,4951.09,stop_loss,-5.100000000000364,False
1,2026-01-23 15:15:00+00:00,2026-01-23 15:16:00+00:00,4948.42,open,4944.64,4959.759999999999,3.7799999999997453,11.339999999999236,120,2026-01-23 17:16:00+00:00,4944.64,4949.12,0,2026-01-23 15:17:00+00:00,4944.64,stop_loss,-3.7799999999997453,False
-1,2026-01-23 15:30:00+00:00,2026-01-23 15:31:00+00:00,4949.95,open,4954.49,4936.33,4.539999999999964,13.61999999999989,120,2026-01-23 17:31:00+00:00,4948.15,4954.49,0,2026-01-23 15:39:00+00:00,4954.49,stop_loss,-4.539999999999964,False
1,2026-01-23 15:45:00+00:00,2026-01-23 15:46:00+00:00,4959.09,open,4944.05,5004.21,15.039999999999964,45.11999999999989,120,2026-01-23 20:15:00+00:00,4944.05,4950.33,4,2026-01-23 20:15:00+00:00,4983.9,timeout,24.80999999999949,True
-1,2026-01-23 20:15:00+00:00,2026-01-23 20:16:00+00:00,4983.95,open,4985.99,4977.83,2.0399999999999636,6.119999999999891,120,2026-01-23 22:16:00+00:00,4978.52,4985.99,0,2026-01-23 20:30:00+00:00,4977.83,target_hit,6.119999999999891,True
-1,2026-01-26 08:00:00+00:00,2026-01-26 08:01:00+00:00,5090.09,open,5093.57,5079.6500000000015,3.4799999999995634,10.43999999999869,120,2026-01-26 10:01:00+00:00,5089.56,5093.57,0,2026-01-26 08:02:00+00:00,5093.57,stop_loss,-3.4799999999995634,False
1,2026-01-26 08:15:00+00:00,2026-01-26 08:16:00+00:00,5096.72,open,5089.92,5117.120000000001,6.800000000000182,20.400000000000546,120,2026-01-26 10:16:00+00:00,5089.92,5095.01,0,2026-01-26 08:48:00+00:00,5089.92,stop_loss,-6.800000000000182,False
-1,2026-01-26 09:00:00+00:00,2026-01-26 09:01:00+00:00,5088.31,open,5089.76,5083.960000000001,1.449999999999818,4.349999999999454,120,2026-01-26 11:01:00+00:00,5081.76,5089.76,0,2026-01-26 09:02:00+00:00,5089.76,stop_loss,-1.449999999999818,False
1,2026-01-26 09:15:00+00:00,2026-01-26 09:16:00+00:00,5093.27,open,5082.57,5125.370000000003,10.700000000000728,32.10000000000218,120,2026-01-26 11:16:00+00:00,5082.57,5090.47,0,2026-01-26 09:50:00+00:00,5082.57,stop_loss,-10.700000000000728,False
-1,2026-01-26 10:00:00+00:00,2026-01-26 10:01:00+00:00,5084.33,open,5089.98,5067.380000000001,5.649999999999636,16.94999999999891,120,2026-01-26 12:01:00+00:00,5083.42,5089.98,0,2026-01-26 10:14:00+00:00,5089.98,stop_loss,-5.649999999999636,False
-1,2026-01-26 12:15:00+00:00,2026-01-26 12:16:00+00:00,5090.76,open,5091.81,5087.61,1.050000000000182,3.1500000000005457,120,2026-01-26 14:16:00+00:00,5088.06,5091.81,0,2026-01-26 12:18:00+00:00,5087.61,target_hit,3.1500000000005457,True
-1,2026-01-26 12:30:00+00:00,2026-01-26 12:31:00+00:00,5088.7,open,5095.05,5069.649999999999,6.350000000000364,19.05000000000109,120,2026-01-26 15:00:00+00:00,5090.54,5095.05,2,2026-01-26 13:02:00+00:00,5069.649999999999,target_hit,19.05000000000109,True
-1,2026-01-26 13:30:00+00:00,2026-01-26 13:31:00+00:00,5062.84,open,5076.83,5020.870000000001,13.989999999999782,41.969999999999345,120,2026-01-26 16:15:00+00:00,5071.94,5076.83,2,2026-01-26 14:22:00+00:00,5076.83,stop_loss,-13.989999999999782,False
1,2026-01-26 14:45:00+00:00,2026-01-26 14:46:00+00:00,5085.37,open,5077.72,5108.319999999999,7.649999999999636,22.94999999999891,120,2026-01-26 17:00:00+00:00,5077.72,5082.65,1,2026-01-26 15:34:00+00:00,5077.72,stop_loss,-7.649999999999636,False
-1,2026-01-26 15:45:00+00:00,2026-01-26 15:46:00+00:00,5079.99,open,5089.86,5050.38,9.86999999999989,29.609999999999673,120,2026-01-26 17:46:00+00:00,5084.12,5089.86,0,2026-01-26 15:53:00+00:00,5089.86,stop_loss,-9.86999999999989,False
1,2026-01-26 16:00:00+00:00,2026-01-26 16:01:00+00:00,5092.6,open,5079.12,5133.040000000002,13.480000000000473,40.44000000000142,120,2026-01-26 18:15:00+00:00,5079.12,5084.97,1,2026-01-26 16:28:00+00:00,5079.12,stop_loss,-13.480000000000473,False
-1,2026-01-26 16:30:00+00:00,2026-01-26 16:31:00+00:00,5078.72,open,5101.38,5010.740000000001,22.659999999999854,67.97999999999956,120,2026-01-26 19:30:00+00:00,5097.58,5101.38,1,2026-01-26 17:43:00+00:00,5101.38,stop_loss,-22.659999999999854,False
-1,2026-01-26 18:00:00+00:00,2026-01-26 18:01:00+00:00,5100.64,open,5104.79,5088.190000000001,4.149999999999636,12.449999999998909,120,2026-01-26 20:01:00+00:00,5098.77,5104.79,0,2026-01-26 18:07:00+00:00,5088.190000000001,target_hit,12.449999999998909,True
-1,2026-01-26 18:15:00+00:00,2026-01-26 18:16:00+00:00,5084.04,open,5101.05,5033.009999999999,17.01000000000022,51.030000000000655,120,2026-01-26 21:15:00+00:00,5092.6,5101.05,2,2026-01-26 19:21:00+00:00,5033.009999999999,target_hit,51.030000000000655,True
-1,2026-01-26 19:30:00+00:00,2026-01-26 19:31:00+00:00,5034.97,open,5061.33,4955.890000000001,26.359999999999673,79.07999999999902,120,2026-01-26 22:30:00+00:00,5054.64,5061.33,2,2026-01-26 20:32:00+00:00,5061.33,stop_loss,-26.359999999999673,False
-1,2026-01-26 20:45:00+00:00,2026-01-26 20:46:00+00:00,5049.48,open,5053.7,5036.819999999999,4.220000000000255,12.660000000000764,120,2026-01-26 22:46:00+00:00,5037.11,5053.7,0,2026-01-26 20:51:00+00:00,5053.7,stop_loss,-4.220000000000255,False
1,2026-01-27 08:45:00+00:00,2026-01-27 08:46:00+00:00,5084.2,open,5075.01,5111.769999999999,9.1899999999996,27.5699999999988,120,2026-01-27 13:15:00+00:00,5075.01,5081.19,2,2026-01-27 11:48:00+00:00,5075.01,stop_loss,-9.1899999999996,False
-1,2026-01-27 12:00:00+00:00,2026-01-27 12:01:00+00:00,5079.11,open,5084.55,5062.789999999998,5.440000000000509,16.320000000001528,120,2026-01-27 14:15:00+00:00,5078.68,5084.55,1,2026-01-27 12:32:00+00:00,5084.55,stop_loss,-5.440000000000509,False
1,2026-01-27 12:45:00+00:00,2026-01-27 12:46:00+00:00,5089.32,open,5077.9,5123.58,11.420000000000073,34.26000000000022,120,2026-01-27 15:15:00+00:00,5077.9,5083.41,1,2026-01-27 13:29:00+00:00,5077.9,stop_loss,-11.420000000000073,False
-1,2026-01-27 13:30:00+00:00,2026-01-27 13:31:00+00:00,5082.62,open,5092.86,5051.900000000001,10.239999999999782,30.719999999999345,120,2026-01-27 16:15:00+00:00,5085.85,5092.86,2,2026-01-27 14:16:00+00:00,5051.900000000001,target_hit,30.719999999999345,True
-1,2026-01-27 14:15:00+00:00,2026-01-27 14:16:00+00:00,5057.27,open,5077.62,4996.220000000002,20.349999999999454,61.04999999999836,120,2026-01-27 16:30:00+00:00,5070.88,5077.62,1,2026-01-27 14:41:00+00:00,5077.62,stop_loss,-20.349999999999454,False
1,2026-01-27 14:45:00+00:00,2026-01-27 14:46:00+00:00,5072.89,open,5059.43,5113.27,13.460000000000036,40.38000000000011,120,2026-01-27 16:46:00+00:00,5059.43,5070.4,0,2026-01-27 14:51:00+00:00,5059.43,stop_loss,-13.460000000000036,False
-1,2026-01-27 15:00:00+00:00,2026-01-27 15:01:00+00:00,5051.88,open,5079.83,4968.030000000001,27.949999999999818,83.84999999999945,120,2026-01-27 17:15:00+00:00,5072.35,5079.83,1,2026-01-27 15:33:00+00:00,5079.83,stop_loss,-27.949999999999818,False
1,2026-01-27 15:45:00+00:00,2026-01-27 15:46:00+00:00,5083.44,open,5068.83,5127.269999999999,14.609999999999673,43.82999999999902,120,2026-01-27 22:00:00+00:00,5068.83,5074.62,5,2026-01-27 20:09:00+00:00,5127.269999999999,target_hit,43.82999999999902,True
1,2026-01-27 20:15:00+00:00,2026-01-27 20:16:00+00:00,5138.04,open,5101.06,5248.979999999999,36.97999999999956,110.93999999999869,120,2026-01-27 22:45:00+00:00,5101.06,5120.31,1,2026-01-27 23:01:00+00:00,5173.9,timeout,35.85999999999967,True
1,2026-01-28 08:00:00+00:00,2026-01-28 08:01:00+00:00,5290.11,open,5280.33,5319.449999999999,9.779999999999745,29.339999999999236,120,2026-01-28 10:45:00+00:00,5280.33,5288.83,2,2026-01-28 09:14:00+00:00,5280.33,stop_loss,-9.779999999999745,False
-1,2026-01-28 09:15:00+00:00,2026-01-28 09:16:00+00:00,5279.15,open,5292.36,5239.5199999999995,13.210000000000036,39.63000000000011,120,2026-01-28 12:30:00+00:00,5283.22,5292.36,3,2026-01-28 11:06:00+00:00,5239.5199999999995,target_hit,39.63000000000011,True
-1,2026-01-28 11:15:00+00:00,2026-01-28 11:16:00+00:00,5258.59,open,5270.81,5221.929999999999,12.220000000000255,36.660000000000764,120,2026-01-28 14:15:00+00:00,5265.35,5270.81,2,2026-01-28 12:40:00+00:00,5270.81,stop_loss,-12.220000000000255,False
1,2026-01-28 12:45:00+00:00,2026-01-28 12:46:00+00:00,5270.48,open,5266.47,5282.5099999999975,4.009999999999309,12.029999999997926,120,2026-01-28 14:46:00+00:00,5266.47,5270.67,0,2026-01-28 12:49:00+00:00,5266.47,stop_loss,-4.009999999999309,False
1,2026-01-28 13:30:00+00:00,2026-01-28 13:31:00+00:00,5283.34,open,5274.03,5311.270000000001,9.3100000000004,27.9300000000012,120,2026-01-28 15:31:00+00:00,5274.03,5278.11,0,2026-01-28 13:35:00+00:00,5274.03,stop_loss,-9.3100000000004,False
-1,2026-01-28 13:45:00+00:00,2026-01-28 13:46:00+00:00,5256.98,open,5279.41,5189.689999999999,22.43000000000029,67.29000000000087,120,2026-01-28 16:15:00+00:00,5274.13,5279.41,2,2026-01-28 14:39:00+00:00,5279.41,stop_loss,-22.43000000000029,False
1,2026-01-28 15:30:00+00:00,2026-01-28 15:31:00+00:00,5274.26,open,5256.49,5327.5700000000015,17.770000000000437,53.31000000000131,120,2026-01-28 21:45:00+00:00,5256.49,5266.28,11,2026-01-28 19:57:00+00:00,5327.5700000000015,target_hit,53.31000000000131,True
1,2026-01-28 20:00:00+00:00,2026-01-28 20:01:00+00:00,5333.13,open,5307.32,5410.560000000001,25.8100000000004,77.4300000000012,120,2026-01-28 22:45:00+00:00,5307.32,5317.61,3,2026-01-28 21:54:00+00:00,5410.560000000001,target_hit,77.4300000000012,True
-1,2026-01-29 08:00:00+00:00,2026-01-29 08:01:00+00:00,5550.38,open,5551.42,5547.26,1.0399999999999636,3.119999999999891,120,2026-01-29 10:01:00+00:00,5547.0,5551.42,0,2026-01-29 08:02:00+00:00,5547.26,target_hit,3.119999999999891,True
-1,2026-01-29 08:15:00+00:00,2026-01-29 08:16:00+00:00,5542.4,open,5555.23,5503.91,12.829999999999927,38.48999999999978,120,2026-01-29 10:16:00+00:00,5546.78,5555.23,0,2026-01-29 08:43:00+00:00,5503.91,target_hit,38.48999999999978,True
-1,2026-01-29 08:45:00+00:00,2026-01-29 08:46:00+00:00,5481.39,open,5530.74,5333.340000000002,49.349999999999454,148.04999999999836,120,2026-01-29 13:45:00+00:00,5525.41,5530.74,9,2026-01-29 12:13:00+00:00,5530.74,stop_loss,-49.349999999999454,False
1,2026-01-29 12:15:00+00:00,2026-01-29 12:16:00+00:00,5537.22,open,5522.08,5582.640000000001,15.140000000000327,45.42000000000098,120,2026-01-29 15:00:00+00:00,5522.08,5525.63,1,2026-01-29 13:11:00+00:00,5522.08,stop_loss,-15.140000000000327,False
1,2026-01-29 13:30:00+00:00,2026-01-29 13:31:00+00:00,5513.8,open,5510.95,5522.350000000001,2.850000000000364,8.550000000001091,120,2026-01-29 15:31:00+00:00,5510.95,5518.89,0,2026-01-29 13:32:00+00:00,5510.95,stop_loss,-2.850000000000364,False
-1,2026-01-29 14:00:00+00:00,2026-01-29 14:01:00+00:00,5513.74,open,5524.54,5481.339999999999,10.800000000000182,32.400000000000546,120,2026-01-29 16:01:00+00:00,5518.98,5524.54,0,2026-01-29 14:07:00+00:00,5524.54,stop_loss,-10.800000000000182,False
1,2026-01-29 14:15:00+00:00,2026-01-29 14:16:00+00:00,5523.34,open,5513.45,5553.010000000001,9.890000000000327,29.670000000000982,120,2026-01-29 16:16:00+00:00,5513.45,5521.39,0,2026-01-29 14:35:00+00:00,5513.45,stop_loss,-9.890000000000327,False
-1,2026-01-29 14:45:00+00:00,2026-01-29 14:46:00+00:00,5511.5,open,5546.03,5407.910000000001,34.529999999999745,103.58999999999924,120,2026-01-29 17:00:00+00:00,5531.76,5546.03,1,2026-01-29 15:09:00+00:00,5407.910000000001,target_hit,103.58999999999924,True
1,2026-01-29 16:00:00+00:00,2026-01-29 16:01:00+00:00,5192.88,open,5115.6,5424.719999999999,77.27999999999975,231.83999999999924,120,2026-01-29 22:00:00+00:00,5115.6,5168.03,9,2026-01-29 21:27:00+00:00,5424.719999999999,target_hit,231.83999999999924,True
1,2026-01-30 08:00:00+00:00,2026-01-30 08:01:00+00:00,5171.71,open,5147.05,5245.69,24.659999999999854,73.97999999999956,120,2026-01-30 10:01:00+00:00,5147.05,5162.55,0,2026-01-30 08:07:00+00:00,5147.05,stop_loss,-24.659999999999854,False
-1,2026-01-30 08:15:00+00:00,2026-01-30 08:16:00+00:00,5134.19,open,5182.33,4989.769999999999,48.14000000000033,144.42000000000098,120,2026-01-30 11:00:00+00:00,5167.94,5182.33,3,2026-01-30 09:44:00+00:00,4989.769999999999,target_hit,144.42000000000098,True
1,2026-01-30 10:15:00+00:00,2026-01-30 10:16:00+00:00,5044.32,open,5009.36,5149.2,34.960000000000036,104.88000000000011,120,2026-01-30 14:45:00+00:00,5009.36,5038.9,8,2026-01-30 13:47:00+00:00,5009.36,stop_loss,-34.960000000000036,False
-1,2026-01-30 14:00:00+00:00,2026-01-30 14:01:00+00:00,5026.36,open,5038.69,4989.37,12.329999999999927,36.98999999999978,120,2026-01-30 16:01:00+00:00,5025.5,5038.69,0,2026-01-30 14:02:00+00:00,5038.69,stop_loss,-12.329999999999927,False
1,2026-01-30 14:15:00+00:00,2026-01-30 14:16:00+00:00,5056.66,open,5016.7,5176.54,39.960000000000036,119.88000000000011,120,2026-01-30 16:45:00+00:00,5016.7,5031.47,2,2026-01-30 14:58:00+00:00,5016.7,stop_loss,-39.960000000000036,False
-1,2026-01-30 15:00:00+00:00,2026-01-30 15:01:00+00:00,5016.35,open,5090.55,4793.750000000001,74.19999999999982,222.59999999999945,120,2026-01-30 19:45:00+00:00,5077.52,5090.55,7,2026-01-30 18:12:00+00:00,4793.750000000001,target_hit,222.59999999999945,True
1,2026-01-30 19:15:00+00:00,2026-01-30 19:16:00+00:00,4882.96,open,4875.89,4904.169999999999,7.069999999999709,21.209999999999127,120,2026-01-30 21:16:00+00:00,4875.89,4908.66,0,2026-01-30 19:19:00+00:00,4875.89,stop_loss,-7.069999999999709,False
1,2026-01-30 19:45:00+00:00,2026-01-30 19:46:00+00:00,4927.0,open,4889.14,5040.579999999999,37.85999999999967,113.57999999999902,120,2026-01-30 21:46:00+00:00,4889.14,4902.5,0,2026-01-30 20:02:00+00:00,4889.14,stop_loss,-37.85999999999967,False
-1,2026-01-30 20:15:00+00:00,2026-01-30 20:16:00+00:00,4888.1,open,4934.94,4747.580000000003,46.839999999999236,140.5199999999977,120,2026-01-30 22:45:00+00:00,4902.26,4934.94,2,2026-02-01 23:02:00+00:00,4853.83,timeout,34.27000000000044,True
-1,2026-02-02 08:45:00+00:00,2026-02-02 08:46:00+00:00,4634.83,open,4650.65,4587.370000000001,15.819999999999709,47.45999999999913,120,2026-02-02 10:46:00+00:00,4638.46,4650.65,0,2026-02-02 08:50:00+00:00,4650.65,stop_loss,-15.819999999999709,False
-1,2026-02-02 09:00:00+00:00,2026-02-02 09:01:00+00:00,4635.59,open,4644.73,4608.170000000002,9.139999999999418,27.419999999998254,120,2026-02-02 11:01:00+00:00,4632.87,4644.73,0,2026-02-02 09:03:00+00:00,4608.170000000002,target_hit,27.419999999998254,True
1,2026-02-02 09:45:00+00:00,2026-02-02 09:46:00+00:00,4700.81,open,4682.8,4754.840000000001,18.01000000000022,54.030000000000655,120,2026-02-02 12:15:00+00:00,4682.8,4704.0,2,2026-02-02 10:25:00+00:00,4682.8,stop_loss,-18.01000000000022,False
-1,2026-02-02 10:30:00+00:00,2026-02-02 10:31:00+00:00,4683.77,open,4732.1,4538.780000000001,48.32999999999993,144.98999999999978,120,2026-02-02 13:00:00+00:00,4721.01,4732.1,2,2026-02-02 11:13:00+00:00,4732.1,stop_loss,-48.32999999999993,False
1,2026-02-02 11:15:00+00:00,2026-02-02 11:16:00+00:00,4745.97,open,4705.6,4867.08,40.36999999999989,121.10999999999967,120,2026-02-02 15:00:00+00:00,4705.6,4720.25,6,2026-02-02 13:33:00+00:00,4705.6,stop_loss,-40.36999999999989,False
-1,2026-02-02 13:45:00+00:00,2026-02-02 13:46:00+00:00,4707.56,open,4743.1,4600.9400000000005,35.539999999999964,106.61999999999989,120,2026-02-02 16:30:00+00:00,4727.7,4743.1,1,2026-02-02 14:33:00+00:00,4743.1,stop_loss,-35.539999999999964,False
1,2026-02-02 14:45:00+00:00,2026-02-02 14:46:00+00:00,4748.55,open,4709.73,4865.010000000002,38.82000000000062,116.46000000000186,120,2026-02-02 16:46:00+00:00,4709.73,4725.01,0,2026-02-02 14:55:00+00:00,4709.73,stop_loss,-38.82000000000062,False
-1,2026-02-02 15:00:00+00:00,2026-02-02 15:01:00+00:00,4711.53,open,4756.6,4576.319999999998,45.07000000000062,135.21000000000186,120,2026-02-02 22:45:00+00:00,4734.5,4756.6,16,2026-02-02 23:01:00+00:00,4692.35,timeout,19.17999999999938,True
-1,2026-02-03 08:00:00+00:00,2026-02-03 08:01:00+00:00,4911.04,open,4921.22,4880.499999999999,10.180000000000291,30.540000000000873,120,2026-02-03 10:01:00+00:00,4912.6,4921.22,0,2026-02-03 08:10:00+00:00,4921.22,stop_loss,-10.180000000000291,False
1,2026-02-03 08:30:00+00:00,2026-02-03 08:31:00+00:00,4933.43,open,4927.0,4952.720000000001,6.430000000000291,19.290000000000873,120,2026-02-03 10:31:00+00:00,4927.0,4935.72,0,2026-02-03 08:57:00+00:00,4927.0,stop_loss,-6.430000000000291,False
-1,2026-02-03 09:00:00+00:00,2026-02-03 09:01:00+00:00,4915.57,open,4936.43,4852.989999999998,20.860000000000582,62.580000000001746,120,2026-02-03 15:15:00+00:00,4930.74,4936.43,8,2026-02-03 13:29:00+00:00,4936.43,stop_loss,-20.860000000000582,False
1,2026-02-03 13:45:00+00:00,2026-02-03 13:46:00+00:00,4945.55,open,4930.09,4991.93,15.460000000000036,46.38000000000011,120,2026-02-03 15:46:00+00:00,4930.09,4938.26,0,2026-02-03 13:53:00+00:00,4930.09,stop_loss,-15.460000000000036,False
-1,2026-02-03 14:15:00+00:00,2026-02-03 14:16:00+00:00,4914.86,open,4937.27,4847.629999999997,22.410000000000764,67.23000000000229,120,2026-02-03 17:00:00+00:00,4917.11,4937.27,3,2026-02-03 15:09:00+00:00,4937.27,stop_loss,-22.410000000000764,False
1,2026-02-03 15:15:00+00:00,2026-02-03 15:16:00+00:00,4940.64,open,4911.57,5027.850000000002,29.07000000000062,87.21000000000186,120,2026-02-03 17:16:00+00:00,4911.57,4925.95,0,2026-02-03 15:24:00+00:00,4911.57,stop_loss,-29.07000000000062,False
-1,2026-02-03 15:45:00+00:00,2026-02-03 15:46:00+00:00,4920.39,open,4929.5,4893.060000000001,9.109999999999673,27.329999999999018,120,2026-02-03 17:46:00+00:00,4918.58,4929.5,0,2026-02-03 15:50:00+00:00,4929.5,stop_loss,-9.109999999999673,False
1,2026-02-03 16:15:00+00:00,2026-02-03 16:16:00+00:00,4945.16,open,4930.06,4990.459999999998,15.099999999999454,45.29999999999836,120,2026-02-03 18:30:00+00:00,4930.06,4939.99,1,2026-02-03 16:38:00+00:00,4990.459999999998,target_hit,45.29999999999836,True
-1,2026-02-03 17:00:00+00:00,2026-02-03 17:01:00+00:00,4948.75,open,4980.26,4854.219999999999,31.51000000000022,94.53000000000065,120,2026-02-03 22:30:00+00:00,4967.15,4980.26,6,2026-02-03 23:01:00+00:00,4962.8,timeout,-14.050000000000182,False
1,2026-02-04 08:00:00+00:00,2026-02-04 08:01:00+00:00,5092.49,open,5081.57,5125.25,10.920000000000073,32.76000000000022,120,2026-02-04 10:01:00+00:00,5081.57,5087.7,0,2026-02-04 08:03:00+00:00,5081.57,stop_loss,-10.920000000000073,False
-1,2026-02-04 08:45:00+00:00,2026-02-04 08:46:00+00:00,5076.96,open,5085.33,5051.85,8.36999999999989,25.109999999999673,120,2026-02-04 10:46:00+00:00,5074.49,5085.33,0,2026-02-04 08:57:00+00:00,5085.33,stop_loss,-8.36999999999989,False
1,2026-02-04 09:00:00+00:00,2026-02-04 09:01:00+00:00,5085.77,open,5075.27,5117.27,10.5,31.5,120,2026-02-04 11:01:00+00:00,5075.27,5081.36,0,2026-02-04 09:08:00+00:00,5075.27,stop_loss,-10.5,False
-1,2026-02-04 09:15:00+00:00,2026-02-04 09:16:00+00:00,5062.87,open,5085.77,4994.169999999998,22.900000000000546,68.70000000000164,120,2026-02-04 16:30:00+00:00,5076.73,5085.77,10,2026-02-04 14:38:00+00:00,4994.169999999998,target_hit,68.70000000000164,True
-1,2026-02-04 14:45:00+00:00,2026-02-04 14:46:00+00:00,4972.81,open,5030.51,4799.710000000001,57.69999999999982,173.09999999999945,120,2026-02-04 22:45:00+00:00,5004.0,5030.51,20,2026-02-04 23:01:00+00:00,4990.05,timeout,-17.23999999999978,False
1,2026-02-05 08:15:00+00:00,2026-02-05 08:16:00+00:00,4939.8,open,4917.47,5006.79,22.329999999999927,66.98999999999978,120,2026-02-05 10:16:00+00:00,4917.47,4929.47,0,2026-02-05 08:30:00+00:00,4917.47,stop_loss,-22.329999999999927,False
-1,2026-02-05 08:30:00+00:00,2026-02-05 08:31:00+00:00,4921.86,open,4940.15,4866.99,18.289999999999964,54.86999999999989,120,2026-02-05 11:00:00+00:00,4934.04,4940.15,2,2026-02-05 09:11:00+00:00,4866.99,target_hit,54.86999999999989,True
-1,2026-02-05 09:15:00+00:00,2026-02-05 09:16:00+00:00,4865.33,open,4916.08,4713.08,50.75,152.25,120,2026-02-05 22:45:00+00:00,4901.15,4916.08,21,2026-02-05 23:01:00+00:00,4762.85,timeout,102.47999999999956,True
-1,2026-02-06 08:00:00+00:00,2026-02-06 08:01:00+00:00,4831.1,open,4854.18,4761.860000000001,23.079999999999927,69.23999999999978,120,2026-02-06 10:01:00+00:00,4847.22,4854.18,0,2026-02-06 08:15:00+00:00,4854.18,stop_loss,-23.079999999999927,False
1,2026-02-06 08:30:00+00:00,2026-02-06 08:31:00+00:00,4873.04,open,4850.95,4939.31,22.090000000000146,66.27000000000044,120,2026-02-06 10:45:00+00:00,4850.95,4858.38,1,2026-02-06 09:03:00+00:00,4850.95,stop_loss,-22.090000000000146,False
1,2026-02-06 09:30:00+00:00,2026-02-06 09:31:00+00:00,4866.55,open,4839.22,4948.54,27.329999999999927,81.98999999999978,120,2026-02-06 15:45:00+00:00,4839.22,4849.66,12,2026-02-06 14:38:00+00:00,4948.54,target_hit,81.98999999999978,True
1,2026-02-06 14:45:00+00:00,2026-02-06 14:46:00+00:00,4929.73,open,4898.42,5023.659999999998,31.30999999999949,93.92999999999847,120,2026-02-06 20:15:00+00:00,4898.42,4914.92,7,2026-02-06 20:15:00+00:00,4952.41,timeout,22.68000000000029,True
-1,2026-02-06 20:15:00+00:00,2026-02-06 20:16:00+00:00,4952.4,open,4956.93,4938.809999999998,4.530000000000655,13.590000000001965,120,2026-02-06 22:16:00+00:00,4952.32,4956.93,0,2026-02-06 20:20:00+00:00,4956.93,stop_loss,-4.530000000000655,False
-1,2026-02-06 20:30:00+00:00,2026-02-06 20:31:00+00:00,4947.98,open,4953.53,4931.329999999999,5.550000000000182,16.650000000000546,120,2026-02-06 22:45:00+00:00,4948.13,4953.53,1,2026-02-06 20:53:00+00:00,4953.53,stop_loss,-5.550000000000182,False
-1,2026-02-09 08:00:00+00:00,2026-02-09 08:01:00+00:00,5006.07,open,5013.89,4982.609999999998,7.8200000000006185,23.460000000001855,120,2026-02-09 10:01:00+00:00,5009.11,5013.89,0,2026-02-09 08:03:00+00:00,5013.89,stop_loss,-7.8200000000006185,False
1,2026-02-09 08:15:00+00:00,2026-02-09 08:16:00+00:00,5022.37,open,5008.88,5062.839999999999,13.489999999999782,40.469999999999345,120,2026-02-09 11:30:00+00:00,5008.88,5016.51,3,2026-02-09 09:47:00+00:00,5008.88,stop_loss,-13.489999999999782,False
1,2026-02-09 10:45:00+00:00,2026-02-09 10:46:00+00:00,4992.06,open,4990.4,4997.040000000003,1.660000000000764,4.980000000002292,120,2026-02-09 12:46:00+00:00,4990.4,4998.34,0,2026-02-09 10:47:00+00:00,4997.040000000003,target_hit,4.980000000002292,True
1,2026-02-09 11:00:00+00:00,2026-02-09 11:01:00+00:00,4993.43,open,4982.72,5025.56,10.710000000000036,32.13000000000011,120,2026-02-09 16:15:00+00:00,4982.72,4992.98,5,2026-02-09 14:30:00+00:00,5025.56,target_hit,32.13000000000011,True
1,2026-02-09 14:30:00+00:00,2026-02-09 14:31:00+00:00,5023.03,open,5013.9,5050.42,9.13000000000011,27.390000000000327,120,2026-02-09 17:00:00+00:00,5013.9,5018.28,2,2026-02-09 15:33:00+00:00,5050.42,target_hit,27.390000000000327,True
1,2026-02-09 15:45:00+00:00,2026-02-09 15:46:00+00:00,5056.35,open,5033.51,5124.870000000001,22.840000000000146,68.52000000000044,120,2026-02-09 21:45:00+00:00,5033.51,5040.29,8,2026-02-09 21:45:00+00:00,5063.32,timeout,6.969999999999345,True
1,2026-02-10 08:45:00+00:00,2026-02-10 08:46:00+00:00,5053.42,open,5035.39,5107.509999999999,18.029999999999745,54.089999999999236,120,2026-02-10 13:45:00+00:00,5035.39,5040.51,5,2026-02-10 12:43:00+00:00,5035.39,stop_loss,-18.029999999999745,False
-1,2026-02-10 12:45:00+00:00,2026-02-10 12:46:00+00:00,5025.1,open,5044.17,4967.890000000001,19.06999999999971,57.20999999999913,120,2026-02-10 15:00:00+00:00,5039.17,5044.17,1,2026-02-10 13:17:00+00:00,5044.17,stop_loss,-19.06999999999971,False
1,2026-02-10 13:30:00+00:00,2026-02-10 13:31:00+00:00,5044.0,open,5041.36,5051.920000000001,2.6400000000003274,7.920000000000982,120,2026-02-10 15:31:00+00:00,5041.36,5045.92,0,2026-02-10 13:32:00+00:00,5051.920000000001,target_hit,7.920000000000982,True
1,2026-02-10 13:45:00+00:00,2026-02-10 13:46:00+00:00,5052.56,open,5036.92,5099.480000000001,15.640000000000327,46.92000000000098,120,2026-02-10 16:45:00+00:00,5036.92,5048.19,3,2026-02-10 14:47:00+00:00,5036.92,stop_loss,-15.640000000000327,False
-1,2026-02-10 15:00:00+00:00,2026-02-10 15:01:00+00:00,5032.34,open,5056.69,4959.290000000002,24.349999999999454,73.04999999999836,120,2026-02-10 22:15:00+00:00,5042.24,5056.69,9,2026-02-10 23:01:00+00:00,5033.75,timeout,-1.4099999999998545,False
-1,2026-02-11 09:00:00+00:00,2026-02-11 09:01:00+00:00,5053.76,open,5055.42,5048.780000000001,1.6599999999998545,4.979999999999563,120,2026-02-11 11:01:00+00:00,5050.97,5055.42,0,2026-02-11 09:06:00+00:00,5048.780000000001,target_hit,4.979999999999563,True
1,2026-02-11 09:45:00+00:00,2026-02-11 09:46:00+00:00,5064.97,open,5057.14,5088.46,7.829999999999927,23.48999999999978,120,2026-02-11 12:15:00+00:00,5057.14,5066.31,2,2026-02-11 10:44:00+00:00,5088.46,target_hit,23.48999999999978,True
-1,2026-02-11 11:00:00+00:00,2026-02-11 11:01:00+00:00,5092.88,open,5101.9,5065.8200000000015,9.019999999999527,27.05999999999858,120,2026-02-11 13:15:00+00:00,5094.11,5101.9,1,2026-02-11 11:22:00+00:00,5101.9,stop_loss,-9.019999999999527,False
1,2026-02-11 11:30:00+00:00,2026-02-11 11:31:00+00:00,5105.57,open,5089.88,5152.6399999999985,15.6899999999996,47.0699999999988,120,2026-02-11 13:31:00+00:00,5089.88,5094.25,0,2026-02-11 12:20:00+00:00,5089.88,stop_loss,-15.6899999999996,False
-1,2026-02-11 12:30:00+00:00,2026-02-11 12:31:00+00:00,5094.32,open,5107.38,5055.1399999999985,13.0600000000004,39.1800000000012,120,2026-02-11 14:31:00+00:00,5102.54,5107.38,0,2026-02-11 12:41:00+00:00,5055.1399999999985,target_hit,39.1800000000012,True
-1,2026-02-11 12:45:00+00:00,2026-02-11 12:46:00+00:00,5066.61,open,5093.62,4985.579999999999,27.01000000000022,81.03000000000065,120,2026-02-11 19:15:00+00:00,5088.53,5093.62,8,2026-02-11 17:42:00+00:00,5093.62,stop_loss,-27.01000000000022,False
1,2026-02-11 17:45:00+00:00,2026-02-11 17:46:00+00:00,5093.75,open,5085.94,5117.180000000001,7.8100000000004,23.4300000000012,120,2026-02-11 19:46:00+00:00,5085.94,5092.35,0,2026-02-11 18:02:00+00:00,5085.94,stop_loss,-7.8100000000004,False
-1,2026-02-11 18:15:00+00:00,2026-02-11 18:16:00+00:00,5071.26,open,5092.07,5008.830000000002,20.80999999999949,62.42999999999847,120,2026-02-11 20:16:00+00:00,5087.6,5092.07,0,2026-02-11 19:14:00+00:00,5092.07,stop_loss,-20.80999999999949,False
1,2026-02-11 19:15:00+00:00,2026-02-11 19:16:00+00:00,5089.66,open,5083.75,5107.389999999999,5.9099999999998545,17.729999999999563,120,2026-02-11 21:16:00+00:00,5083.75,5089.35,0,2026-02-11 19:39:00+00:00,5083.75,stop_loss,-5.9099999999998545,False
-1,2026-02-11 19:45:00+00:00,2026-02-11 19:46:00+00:00,5081.37,open,5092.68,5047.439999999999,11.3100000000004,33.9300000000012,120,2026-02-11 22:00:00+00:00,5087.18,5092.68,1,2026-02-11 21:20:00+00:00,5092.68,stop_loss,-11.3100000000004,False
1,2026-02-12 09:00:00+00:00,2026-02-12 09:01:00+00:00,5067.24,open,5063.23,5079.27,4.010000000000218,12.030000000000655,120,2026-02-12 11:15:00+00:00,5063.23,5068.08,1,2026-02-12 09:50:00+00:00,5079.27,target_hit,12.030000000000655,True
-1,2026-02-12 10:15:00+00:00,2026-02-12 10:16:00+00:00,5066.03,open,5077.55,5031.469999999998,11.520000000000437,34.56000000000131,120,2026-02-12 14:45:00+00:00,5071.79,5077.55,3,2026-02-12 13:46:00+00:00,5077.55,stop_loss,-11.520000000000437,False
1,2026-02-12 13:45:00+00:00,2026-02-12 13:46:00+00:00,5075.84,open,5065.99,5105.390000000001,9.850000000000364,29.55000000000109,120,2026-02-12 16:00:00+00:00,5065.99,5072.6,1,2026-02-12 14:14:00+00:00,5065.99,stop_loss,-9.850000000000364,False
-1,2026-02-12 14:15:00+00:00,2026-02-12 14:16:00+00:00,5061.79,open,5077.27,5015.3499999999985,15.480000000000473,46.44000000000142,120,2026-02-12 17:15:00+00:00,5071.41,5077.27,3,2026-02-12 16:11:00+00:00,5015.3499999999985,target_hit,46.44000000000142,True
-1,2026-02-12 16:30:00+00:00,2026-02-12 16:31:00+00:00,4914.91,open,4952.93,4800.8499999999985,38.02000000000044,114.06000000000131,120,2026-02-12 18:31:00+00:00,4919.65,4952.93,0,2026-02-12 16:36:00+00:00,4952.93,stop_loss,-38.02000000000044,False
1,2026-02-12 16:45:00+00:00,2026-02-12 16:46:00+00:00,4953.31,open,4894.35,5130.1900000000005,58.960000000000036,176.8800000000001,120,2026-02-12 22:00:00+00:00,4894.35,4920.12,4,2026-02-12 23:01:00+00:00,4894.35,stop_loss,-58.960000000000036,False
1,2026-02-13 08:00:00+00:00,2026-02-13 08:01:00+00:00,4976.33,open,4970.49,4993.85,5.8400000000001455,17.520000000000437,120,2026-02-13 10:30:00+00:00,4970.49,4974.71,2,2026-02-13 09:28:00+00:00,4970.49,stop_loss,-5.8400000000001455,False
-1,2026-02-13 09:30:00+00:00,2026-02-13 09:31:00+00:00,4964.81,open,4979.75,4919.990000000002,14.9399999999996,44.8199999999988,120,2026-02-13 11:31:00+00:00,4974.39,4979.75,0,2026-02-13 10:27:00+00:00,4979.75,stop_loss,-14.9399999999996,False
-1,2026-02-13 10:45:00+00:00,2026-02-13 10:46:00+00:00,4970.18,open,4977.01,4949.6900000000005,6.829999999999927,20.48999999999978,120,2026-02-13 12:46:00+00:00,4970.3,4977.01,0,2026-02-13 10:58:00+00:00,4949.6900000000005,target_hit,20.48999999999978,True
-1,2026-02-13 11:00:00+00:00,2026-02-13 11:01:00+00:00,4946.45,open,4969.01,4878.769999999999,22.5600000000004,67.6800000000012,120,2026-02-13 14:00:00+00:00,4962.6,4969.01,4,2026-02-13 12:17:00+00:00,4969.01,stop_loss,-22.5600000000004,False
1,2026-02-13 13:45:00+00:00,2026-02-13 13:46:00+00:00,4981.57,open,4966.56,5026.599999999998,15.009999999999309,45.029999999997926,120,2026-02-13 16:30:00+00:00,4966.56,5000.85,2,2026-02-13 14:41:00+00:00,4966.56,stop_loss,-15.009999999999309,False
1,2026-02-13 15:00:00+00:00,2026-02-13 15:01:00+00:00,4998.34,open,4989.76,5024.08,8.579999999999927,25.73999999999978,120,2026-02-13 17:45:00+00:00,4989.76,4999.71,2,2026-02-13 15:53:00+00:00,4989.76,stop_loss,-8.579999999999927,False
-1,2026-02-13 16:00:00+00:00,2026-02-13 16:01:00+00:00,4979.97,open,5010.28,4889.040000000002,30.30999999999949,90.92999999999847,120,2026-02-13 18:01:00+00:00,4999.7,5010.28,0,2026-02-13 16:20:00+00:00,5010.28,stop_loss,-30.30999999999949,False
1,2026-02-13 16:30:00+00:00,2026-02-13 16:31:00+00:00,5026.11,open,4998.3,5109.539999999998,27.80999999999949,83.42999999999847,120,2026-02-13 22:45:00+00:00,4998.3,5006.94,7,2026-02-15 23:06:00+00:00,5014.9,timeout,-11.210000000000036,False
1,2026-02-16 08:00:00+00:00,2026-02-16 08:01:00+00:00,5009.61,open,5001.6,5033.639999999998,8.009999999999309,24.029999999997926,120,2026-02-16 10:01:00+00:00,5001.6,5006.99,0,2026-02-16 08:12:00+00:00,5001.6,stop_loss,-8.009999999999309,False
1,2026-02-16 10:30:00+00:00,2026-02-16 10:31:00+00:00,5006.19,open,5004.8,5010.359999999998,1.389999999999418,4.169999999998254,120,2026-02-16 12:31:00+00:00,5004.8,5009.35,0,2026-02-16 10:32:00+00:00,5004.8,stop_loss,-1.389999999999418,False
1,2026-02-16 12:00:00+00:00,2026-02-16 12:01:00+00:00,5005.4,open,5002.03,5015.509999999999,3.369999999999891,10.109999999999673,120,2026-02-16 14:01:00+00:00,5002.03,5006.73,0,2026-02-16 12:03:00+00:00,5002.03,stop_loss,-3.369999999999891,False
-1,2026-02-16 12:15:00+00:00,2026-02-16 12:16:00+00:00,4997.33,open,5002.49,4981.85,5.1599999999998545,15.479999999999563,120,2026-02-16 14:16:00+00:00,4997.73,5002.49,0,2026-02-16 12:32:00+00:00,5002.49,stop_loss,-5.1599999999998545,False
1,2026-02-16 12:45:00+00:00,2026-02-16 12:46:00+00:00,5004.05,open,4995.91,5028.470000000001,8.140000000000327,24.420000000000982,120,2026-02-16 14:46:00+00:00,4995.91,5002.87,0,2026-02-16 13:16:00+00:00,4995.91,stop_loss,-8.140000000000327,False
-1,2026-02-16 14:30:00+00:00,2026-02-16 14:31:00+00:00,4993.78,open,4995.39,4988.949999999998,1.610000000000582,4.830000000001746,120,2026-02-16 16:31:00+00:00,4990.41,4995.39,0,2026-02-16 14:37:00+00:00,4988.949999999998,target_hit,4.830000000001746,True
-1,2026-02-16 15:00:00+00:00,2026-02-16 15:01:00+00:00,4982.76,open,4989.5,4962.540000000001,6.739999999999782,20.219999999999345,120,2026-02-16 17:45:00+00:00,4982.55,4989.5,2,2026-02-16 16:31:00+00:00,4989.5,stop_loss,-6.739999999999782,False
1,2026-02-16 16:30:00+00:00,2026-02-16 16:31:00+00:00,4986.37,open,4979.44,5007.160000000001,6.930000000000291,20.790000000000873,120,2026-02-16 18:31:00+00:00,4979.44,4984.38,0,2026-02-16 18:31:00+00:00,4992.47,timeout,6.100000000000364,True
-1,2026-02-16 19:15:00+00:00,2026-02-16 19:16:00+00:00,4992.9,open,4995.34,4985.579999999998,2.4400000000005093,7.320000000001528,120,2026-02-16 21:16:00+00:00,4991.02,4995.34,0,2026-02-16 19:17:00+00:00,4995.34,stop_loss,-2.4400000000005093,False
-1,2026-02-17 08:00:00+00:00,2026-02-17 08:01:00+00:00,4918.13,open,4922.32,4905.560000000001,4.1899999999996,12.5699999999988,120,2026-02-17 10:01:00+00:00,4917.04,4922.32,0,2026-02-17 08:02:00+00:00,4922.32,stop_loss,-4.1899999999996,False
1,2026-02-17 08:15:00+00:00,2026-02-17 08:16:00+00:00,4928.76,open,4916.89,4964.37,11.86999999999989,35.60999999999967,120,2026-02-17 10:16:00+00:00,4916.89,4925.29,0,2026-02-17 08:38:00+00:00,4916.89,stop_loss,-11.86999999999989,False
1,2026-02-17 08:45:00+00:00,2026-02-17 08:46:00+00:00,4921.2,open,4918.84,4928.279999999999,2.3599999999996726,7.079999999999018,120,2026-02-17 10:46:00+00:00,4918.84,4926.01,0,2026-02-17 09:02:00+00:00,4928.279999999999,target_hit,7.079999999999018,True
1,2026-02-17 09:15:00+00:00,2026-02-17 09:16:00+00:00,4922.54,open,4919.76,4930.879999999999,2.7799999999997453,8.339999999999236,120,2026-02-17 11:16:00+00:00,4919.76,4924.38,0,2026-02-17 09:17:00+00:00,4919.76,stop_loss,-2.7799999999997453,False
1,2026-02-17 10:15:00+00:00,2026-02-17 10:16:00+00:00,4933.49,open,4923.49,4963.49,10.0,30.0,120,2026-02-17 12:16:00+00:00,4923.49,4929.16,0,2026-02-17 10:31:00+00:00,4923.49,stop_loss,-10.0,False
-1,2026-02-17 10:30:00+00:00,2026-02-17 10:31:00+00:00,4926.24,open,4938.48,4889.52,12.239999999999782,36.719999999999345,120,2026-02-17 13:00:00+00:00,4931.98,4938.48,2,2026-02-17 12:10:00+00:00,4938.48,stop_loss,-12.239999999999782,False
1,2026-02-17 12:15:00+00:00,2026-02-17 12:16:00+00:00,4940.16,open,4928.99,4973.67,11.170000000000073,33.51000000000022,120,2026-02-17 14:30:00+00:00,4928.99,4936.47,1,2026-02-17 12:58:00+00:00,4928.99,stop_loss,-11.170000000000073,False
-1,2026-02-17 13:15:00+00:00,2026-02-17 13:16:00+00:00,4915.9,open,4933.96,4861.719999999998,18.0600000000004,54.1800000000012,120,2026-02-17 16:00:00+00:00,4928.48,4933.96,3,2026-02-17 14:01:00+00:00,4861.719999999998,target_hit,54.1800000000012,True
-1,2026-02-17 14:00:00+00:00,2026-02-17 14:01:00+00:00,4865.34,open,4921.99,4695.390000000001,56.649999999999636,169.9499999999989,120,2026-02-17 22:45:00+00:00,4911.69,4921.99,16,2026-02-17 23:01:00+00:00,4868.6,timeout,-3.2600000000002183,False
-1,2026-02-18 08:45:00+00:00,2026-02-18 08:46:00+00:00,4921.12,open,4926.59,4904.709999999999,5.470000000000255,16.410000000000764,120,2026-02-18 14:00:00+00:00,4922.17,4926.59,3,2026-02-18 12:13:00+00:00,4926.59,stop_loss,-5.470000000000255,False
1,2026-02-18 12:15:00+00:00,2026-02-18 12:16:00+00:00,4923.34,open,4911.15,4959.910000000002,12.19000000000051,36.57000000000153,120,2026-02-18 14:45:00+00:00,4911.15,4918.32,2,2026-02-18 13:07:00+00:00,4959.910000000002,target_hit,36.57000000000153,True
1,2026-02-18 13:15:00+00:00,2026-02-18 13:16:00+00:00,4958.88,open,4942.37,5008.410000000001,16.51000000000022,49.530000000000655,120,2026-02-18 16:45:00+00:00,4942.37,4951.27,4,2026-02-18 15:04:00+00:00,5008.410000000001,target_hit,49.530000000000655,True
1,2026-02-18 15:15:00+00:00,2026-02-18 15:16:00+00:00,5004.22,open,4992.37,5039.770000000001,11.850000000000364,35.55000000000109,120,2026-02-18 17:30:00+00:00,4992.37,5001.58,1,2026-02-18 16:22:00+00:00,4992.37,stop_loss,-11.850000000000364,False
1,2026-02-18 16:45:00+00:00,2026-02-18 16:46:00+00:00,5007.2,open,5000.83,5026.3099999999995,6.369999999999891,19.109999999999673,120,2026-02-18 18:46:00+00:00,5000.83,5004.99,0,2026-02-18 16:57:00+00:00,5000.83,stop_loss,-6.369999999999891,False
-1,2026-02-18 18:30:00+00:00,2026-02-18 18:31:00+00:00,4988.51,open,4994.63,4970.150000000001,6.119999999999891,18.359999999999673,120,2026-02-18 20:31:00+00:00,4988.49,4994.63,0,2026-02-18 19:11:00+00:00,4994.63,stop_loss,-6.119999999999891,False
-1,2026-02-18 19:15:00+00:00,2026-02-18 19:16:00+00:00,4991.66,open,4992.82,4988.18,1.1599999999998545,3.4799999999995634,120,2026-02-18 21:16:00+00:00,4988.95,4992.82,0,2026-02-18 19:17:00+00:00,4992.82,stop_loss,-1.1599999999998545,False
-1,2026-02-18 19:30:00+00:00,2026-02-18 19:31:00+00:00,4977.28,open,4994.97,4924.209999999998,17.69000000000051,53.07000000000153,120,2026-02-18 21:45:00+00:00,4990.2,4994.97,1,2026-02-18 21:45:00+00:00,4979.83,timeout,-2.550000000000182,False
1,2026-02-19 09:00:00+00:00,2026-02-19 09:01:00+00:00,5016.84,open,5013.79,5025.990000000001,3.050000000000182,9.150000000000546,120,2026-02-19 11:01:00+00:00,5013.79,5017.78,0,2026-02-19 09:19:00+00:00,5013.79,stop_loss,-3.050000000000182,False
-1,2026-02-19 09:30:00+00:00,2026-02-19 09:31:00+00:00,5003.35,open,5018.71,4957.270000000001,15.359999999999673,46.07999999999902,120,2026-02-19 16:45:00+00:00,5013.58,5018.71,10,2026-02-19 15:30:00+00:00,5018.71,stop_loss,-15.359999999999673,False
1,2026-02-19 15:30:00+00:00,2026-02-19 15:31:00+00:00,5019.62,open,4996.44,5089.160000000001,23.18000000000029,69.54000000000087,120,2026-02-19 17:45:00+00:00,4996.44,5002.44,1,2026-02-19 16:27:00+00:00,4996.44,stop_loss,-23.18000000000029,False
-1,2026-02-19 16:30:00+00:00,2026-02-19 16:31:00+00:00,4999.64,open,5005.71,4981.430000000001,6.069999999999709,18.209999999999127,120,2026-02-19 18:31:00+00:00,4998.73,5005.71,0,2026-02-19 16:36:00+00:00,5005.71,stop_loss,-6.069999999999709,False
-1,2026-02-19 17:00:00+00:00,2026-02-19 17:01:00+00:00,4996.99,open,5005.66,4970.98,8.670000000000073,26.01000000000022,120,2026-02-19 21:45:00+00:00,4999.28,5005.66,5,2026-02-19 21:45:00+00:00,4998.35,timeout,-1.360000000000582,False
-1,2026-02-20 08:00:00+00:00,2026-02-20 08:01:00+00:00,5010.91,open,5015.56,4996.959999999998,4.650000000000546,13.950000000001637,120,2026-02-20 10:01:00+00:00,5009.82,5015.56,0,2026-02-20 08:03:00+00:00,5015.56,stop_loss,-4.650000000000546,False
1,2026-02-20 08:15:00+00:00,2026-02-20 08:16:00+00:00,5013.79,open,5006.79,5034.79,7.0,21.0,120,2026-02-20 10:30:00+00:00,5006.79,5012.11,1,2026-02-20 09:04:00+00:00,5034.79,target_hit,21.0,True
1,2026-02-20 09:15:00+00:00,2026-02-20 09:16:00+00:00,5040.98,open,5034.17,5061.409999999998,6.809999999999491,20.429999999998472,120,2026-02-20 11:16:00+00:00,5034.17,5039.55,0,2026-02-20 09:26:00+00:00,5034.17,stop_loss,-6.809999999999491,False
-1,2026-02-20 09:30:00+00:00,2026-02-20 09:31:00+00:00,5033.63,open,5042.59,5006.75,8.960000000000036,26.88000000000011,120,2026-02-20 14:30:00+00:00,5036.83,5042.59,7,2026-02-20 12:31:00+00:00,5006.75,target_hit,26.88000000000011,True
-1,2026-02-20 12:30:00+00:00,2026-02-20 12:31:00+00:00,5010.36,open,5024.53,4967.849999999999,14.170000000000073,42.51000000000022,120,2026-02-20 14:31:00+00:00,5018.63,5024.53,0,2026-02-20 12:36:00+00:00,5024.53,stop_loss,-14.170000000000073,False
1,2026-02-20 12:45:00+00:00,2026-02-20 12:46:00+00:00,5022.86,open,5011.24,5057.719999999999,11.61999999999989,34.85999999999967,120,2026-02-20 16:00:00+00:00,5011.24,5020.38,2,2026-02-20 14:45:00+00:00,5057.719999999999,target_hit,34.85999999999967,True
1,2026-02-20 14:45:00+00:00,2026-02-20 14:46:00+00:00,5059.51,open,5036.83,5127.550000000001,22.68000000000029,68.04000000000087,120,2026-02-20 17:00:00+00:00,5036.83,5046.16,1,2026-02-20 15:03:00+00:00,5036.83,stop_loss,-22.68000000000029,False
-1,2026-02-20 15:15:00+00:00,2026-02-20 15:16:00+00:00,5030.18,open,5060.27,4939.91,30.090000000000146,90.27000000000044,120,2026-02-20 18:15:00+00:00,5048.38,5060.27,2,2026-02-20 16:31:00+00:00,5060.27,stop_loss,-30.090000000000146,False
1,2026-02-20 16:45:00+00:00,2026-02-20 16:46:00+00:00,5067.3,open,5051.88,5113.56,15.420000000000073,46.26000000000022,120,2026-02-20 22:45:00+00:00,5051.88,5058.76,7,2026-02-22 23:01:00+00:00,5113.56,target_hit,46.26000000000022,True
-1,2026-02-23 08:30:00+00:00,2026-02-23 08:31:00+00:00,5124.31,open,5134.37,5094.130000000002,10.05999999999949,30.179999999998472,120,2026-02-23 10:31:00+00:00,5128.07,5134.37,0,2026-02-23 08:46:00+00:00,5134.37,stop_loss,-10.05999999999949,False
1,2026-02-23 08:45:00+00:00,2026-02-23 08:46:00+00:00,5131.0,open,5124.12,5151.64,6.880000000000109,20.640000000000327,120,2026-02-23 11:00:00+00:00,5124.12,5131.57,1,2026-02-23 10:01:00+00:00,5151.64,target_hit,20.640000000000327,True
-1,2026-02-23 10:15:00+00:00,2026-02-23 10:16:00+00:00,5150.12,open,5152.8,5142.079999999999,2.680000000000291,8.040000000000873,120,2026-02-23 12:16:00+00:00,5148.14,5152.8,0,2026-02-23 10:18:00+00:00,5152.8,stop_loss,-2.680000000000291,False
-1,2026-02-23 10:45:00+00:00,2026-02-23 10:46:00+00:00,5152.82,open,5158.07,5137.07,5.25,15.75,120,2026-02-23 12:46:00+00:00,5149.8,5158.07,0,2026-02-23 10:51:00+00:00,5158.07,stop_loss,-5.25,False
1,2026-02-23 11:00:00+00:00,2026-02-23 11:01:00+00:00,5162.38,open,5155.2,5183.920000000001,7.180000000000291,21.540000000000873,120,2026-02-23 13:01:00+00:00,5155.2,5159.56,0,2026-02-23 11:12:00+00:00,5155.2,stop_loss,-7.180000000000291,False
-1,2026-02-23 11:15:00+00:00,2026-02-23 11:16:00+00:00,5150.65,open,5162.18,5116.059999999998,11.530000000000655,34.590000000001965,120,2026-02-23 14:30:00+00:00,5158.26,5162.18,1,2026-02-23 12:42:00+00:00,5162.18,stop_loss,-11.530000000000655,False
1,2026-02-23 12:45:00+00:00,2026-02-23 12:46:00+00:00,5163.36,open,5154.63,5189.549999999998,8.729999999999563,26.18999999999869,120,2026-02-23 14:46:00+00:00,5154.63,5158.45,0,2026-02-23 13:09:00+00:00,5154.63,stop_loss,-8.729999999999563,False
-1,2026-02-23 13:30:00+00:00,2026-02-23 13:31:00+00:00,5151.62,open,5153.68,5145.439999999999,2.0600000000004,6.1800000000012005,120,2026-02-23 15:31:00+00:00,5147.93,5153.68,0,2026-02-23 13:32:00+00:00,5153.68,stop_loss,-2.0600000000004,False
-1,2026-02-23 14:00:00+00:00,2026-02-23 14:01:00+00:00,5145.22,open,5154.04,5118.760000000001,8.819999999999709,26.459999999999127,120,2026-02-23 16:01:00+00:00,5147.97,5154.04,0,2026-02-23 14:13:00+00:00,5154.04,stop_loss,-8.819999999999709,False
1,2026-02-23 14:15:00+00:00,2026-02-23 14:16:00+00:00,5157.26,open,5149.45,5180.690000000001,7.8100000000004,23.4300000000012,120,2026-02-23 16:16:00+00:00,5149.45,5153.78,0,2026-02-23 14:36:00+00:00,5180.690000000001,target_hit,23.4300000000012,True
1,2026-02-23 14:45:00+00:00,2026-02-23 14:46:00+00:00,5197.25,open,5164.52,5295.439999999999,32.72999999999956,98.18999999999869,120,2026-02-23 21:45:00+00:00,5164.52,5170.59,10,2026-02-23 21:45:00+00:00,5227.61,timeout,30.359999999999673,True
-1,2026-02-24 08:00:00+00:00,2026-02-24 08:01:00+00:00,5178.39,open,5183.0,5164.560000000001,4.609999999999673,13.829999999999018,120,2026-02-24 11:45:00+00:00,5177.89,5183.0,2,2026-02-24 10:36:00+00:00,5164.560000000001,target_hit,13.829999999999018,True
-1,2026-02-24 10:45:00+00:00,2026-02-24 10:46:00+00:00,5169.87,open,5176.96,5148.599999999999,7.0900000000001455,21.270000000000437,120,2026-02-24 12:46:00+00:00,5168.09,5176.96,0,2026-02-24 11:11:00+00:00,5176.96,stop_loss,-7.0900000000001455,False
-1,2026-02-24 12:30:00+00:00,2026-02-24 12:31:00+00:00,5163.54,open,5164.67,5160.15,1.1300000000001091,3.3900000000003274,120,2026-02-24 14:31:00+00:00,5156.99,5164.67,0,2026-02-24 12:32:00+00:00,5160.15,target_hit,3.3900000000003274,True
-1,2026-02-24 12:45:00+00:00,2026-02-24 12:46:00+00:00,5156.14,open,5162.83,5136.0700000000015,6.6899999999996,20.0699999999988,120,2026-02-24 15:00:00+00:00,5157.38,5162.83,1,2026-02-24 13:39:00+00:00,5136.0700000000015,target_hit,20.0699999999988,True
-1,2026-02-24 13:45:00+00:00,2026-02-24 13:46:00+00:00,5140.96,open,5159.46,5085.46,18.5,55.5,120,2026-02-24 19:00:00+00:00,5149.12,5159.46,7,2026-02-24 17:16:00+00:00,5159.46,stop_loss,-18.5,False
1,2026-02-24 17:15:00+00:00,2026-02-24 17:16:00+00:00,5158.53,open,5141.73,5208.93,16.800000000000182,50.400000000000546,120,2026-02-24 22:30:00+00:00,5141.73,5145.47,3,2026-02-24 21:50:00+00:00,5141.73,stop_loss,-16.800000000000182,False
1,2026-02-25 08:15:00+00:00,2026-02-25 08:16:00+00:00,5187.98,open,5185.13,5196.529999999998,2.8499999999994543,8.549999999998363,120,2026-02-25 10:30:00+00:00,5185.13,5191.17,1,2026-02-25 08:37:00+00:00,5196.529999999998,target_hit,8.549999999998363,True
1,2026-02-25 09:15:00+00:00,2026-02-25 09:16:00+00:00,5183.0,open,5181.26,5188.219999999999,1.7399999999997817,5.219999999999345,120,2026-02-25 11:16:00+00:00,5181.26,5186.92,0,2026-02-25 09:21:00+00:00,5188.219999999999,target_hit,5.219999999999345,True
1,2026-02-25 10:00:00+00:00,2026-02-25 10:01:00+00:00,5194.57,open,5188.86,5211.7,5.710000000000036,17.13000000000011,120,2026-02-25 12:01:00+00:00,5188.86,5193.68,0,2026-02-25 10:04:00+00:00,5188.86,stop_loss,-5.710000000000036,False
-1,2026-02-25 10:15:00+00:00,2026-02-25 10:16:00+00:00,5183.0,open,5190.13,5161.61,7.130000000000109,21.390000000000327,120,2026-02-25 12:16:00+00:00,5186.16,5190.13,0,2026-02-25 11:15:00+00:00,5161.61,target_hit,21.390000000000327,True
1,2026-02-25 11:45:00+00:00,2026-02-25 11:46:00+00:00,5174.44,open,5168.08,5193.519999999999,6.359999999999673,19.079999999999018,120,2026-02-25 16:00:00+00:00,5168.08,5173.14,5,2026-02-25 14:35:00+00:00,5168.08,stop_loss,-6.359999999999673,False
1,2026-02-25 14:45:00+00:00,2026-02-25 14:46:00+00:00,5177.68,open,5174.52,5187.16,3.1599999999998545,9.479999999999563,120,2026-02-25 16:46:00+00:00,5174.52,5182.17,0,2026-02-25 14:52:00+00:00,5187.16,target_hit,9.479999999999563,True
1,2026-02-25 15:00:00+00:00,2026-02-25 15:01:00+00:00,5191.46,open,5178.12,5231.4800000000005,13.340000000000146,40.02000000000044,120,2026-02-25 17:01:00+00:00,5178.12,5182.06,0,2026-02-25 15:27:00+00:00,5178.12,stop_loss,-13.340000000000146,False
-1,2026-02-25 15:30:00+00:00,2026-02-25 15:31:00+00:00,5177.76,open,5192.0,5135.040000000001,14.239999999999782,42.719999999999345,120,2026-02-25 17:31:00+00:00,5186.14,5192.0,0,2026-02-25 15:41:00+00:00,5192.0,stop_loss,-14.239999999999782,False
1,2026-02-25 15:45:00+00:00,2026-02-25 15:46:00+00:00,5187.6,open,5173.86,5228.820000000002,13.740000000000691,41.220000000002074,120,2026-02-25 18:45:00+00:00,5173.86,5180.27,2,2026-02-25 18:45:00+00:00,5200.68,timeout,13.079999999999927,True
1,2026-02-25 19:00:00+00:00,2026-02-25 19:01:00+00:00,5202.79,open,5198.34,5216.139999999999,4.449999999999818,13.349999999999454,120,2026-02-25 21:01:00+00:00,5198.34,5207.31,0,2026-02-25 19:05:00+00:00,5198.34,stop_loss,-4.449999999999818,False
1,2026-02-25 19:30:00+00:00,2026-02-25 19:31:00+00:00,5204.2,open,5194.69,5232.7300000000005,9.510000000000218,28.530000000000655,120,2026-02-25 22:00:00+00:00,5194.69,5204.66,1,2026-02-25 20:15:00+00:00,5194.69,stop_loss,-9.510000000000218,False
-1,2026-02-25 20:30:00+00:00,2026-02-25 20:31:00+00:00,5185.25,open,5197.98,5147.060000000001,12.729999999999563,38.18999999999869,120,2026-02-25 22:45:00+00:00,5191.08,5197.98,1,2026-02-25 20:58:00+00:00,5147.060000000001,target_hit,38.18999999999869,True
-1,2026-02-26 08:30:00+00:00,2026-02-26 08:31:00+00:00,5179.02,open,5190.3,5145.180000000001,11.279999999999745,33.839999999999236,120,2026-02-26 10:45:00+00:00,5185.48,5190.3,1,2026-02-26 10:05:00+00:00,5190.3,stop_loss,-11.279999999999745,False
-1,2026-02-26 11:00:00+00:00,2026-02-26 11:01:00+00:00,5170.07,open,5174.7,5156.179999999999,4.630000000000109,13.890000000000327,120,2026-02-26 13:01:00+00:00,5170.24,5174.7,0,2026-02-26 11:02:00+00:00,5174.7,stop_loss,-4.630000000000109,False
-1,2026-02-26 12:00:00+00:00,2026-02-26 12:01:00+00:00,5165.36,open,5172.29,5144.569999999999,6.930000000000291,20.790000000000873,120,2026-02-26 14:15:00+00:00,5166.33,5172.29,1,2026-02-26 12:17:00+00:00,5172.29,stop_loss,-6.930000000000291,False
1,2026-02-26 12:30:00+00:00,2026-02-26 12:31:00+00:00,5180.37,open,5166.97,5220.569999999999,13.399999999999636,40.19999999999891,120,2026-02-26 15:00:00+00:00,5166.97,5172.29,1,2026-02-26 13:30:00+00:00,5166.97,stop_loss,-13.399999999999636,False
-1,2026-02-26 13:30:00+00:00,2026-02-26 13:31:00+00:00,5169.78,open,5175.44,5152.8,5.6599999999998545,16.979999999999563,120,2026-02-26 15:31:00+00:00,5171.5,5175.44,0,2026-02-26 13:38:00+00:00,5175.44,stop_loss,-5.6599999999998545,False
-1,2026-02-26 13:45:00+00:00,2026-02-26 13:46:00+00:00,5166.25,open,5176.98,5134.060000000001,10.729999999999563,32.18999999999869,120,2026-02-26 17:15:00+00:00,5166.0,5176.98,5,2026-02-26 15:27:00+00:00,5134.060000000001,target_hit,32.18999999999869,True
-1,2026-02-26 15:30:00+00:00,2026-02-26 15:31:00+00:00,5144.42,open,5164.31,5084.749999999999,19.890000000000327,59.67000000000098,120,2026-02-26 17:31:00+00:00,5157.64,5164.31,0,2026-02-26 15:37:00+00:00,5164.31,stop_loss,-19.890000000000327,False
1,2026-02-26 15:45:00+00:00,2026-02-26 15:46:00+00:00,5179.81,open,5152.04,5263.120000000002,27.770000000000437,83.31000000000131,120,2026-02-26 22:45:00+00:00,5152.04,5162.71,8,2026-02-26 23:01:00+00:00,5178.86,timeout,-0.9500000000007276,False
1,2026-02-27 08:15:00+00:00,2026-02-27 08:16:00+00:00,5179.23,open,5176.15,5188.469999999999,3.0799999999999272,9.239999999999782,120,2026-02-27 10:16:00+00:00,5176.15,5181.17,0,2026-02-27 08:23:00+00:00,5176.15,stop_loss,-3.0799999999999272,False
1,2026-02-27 08:30:00+00:00,2026-02-27 08:31:00+00:00,5179.01,open,5175.46,5189.660000000001,3.550000000000182,10.650000000000546,120,2026-02-27 10:31:00+00:00,5175.46,5179.98,0,2026-02-27 09:11:00+00:00,5175.46,stop_loss,-3.550000000000182,False
1,2026-02-27 10:15:00+00:00,2026-02-27 10:16:00+00:00,5175.25,open,5170.72,5188.839999999999,4.529999999999745,13.589999999999236,120,2026-02-27 12:16:00+00:00,5170.72,5175.29,0,2026-02-27 10:35:00+00:00,5170.72,stop_loss,-4.529999999999745,False
1,2026-02-27 13:15:00+00:00,2026-02-27 13:16:00+00:00,5219.92,open,5186.65,5319.730000000001,33.27000000000044,99.81000000000131,120,2026-02-27 22:30:00+00:00,5186.65,5191.97,12,2026-03-01 23:04:00+00:00,5319.730000000001,target_hit,99.81000000000131,True
1,2026-03-02 08:00:00+00:00,2026-03-02 08:01:00+00:00,5410.54,open,5405.08,5426.92,5.460000000000036,16.38000000000011,120,2026-03-02 10:01:00+00:00,5405.08,5410.45,0,2026-03-02 08:02:00+00:00,5405.08,stop_loss,-5.460000000000036,False
-1,2026-03-02 08:15:00+00:00,2026-03-02 08:16:00+00:00,5405.18,open,5410.57,5389.010000000002,5.389999999999418,16.169999999998254,120,2026-03-02 10:16:00+00:00,5405.31,5410.57,0,2026-03-02 08:28:00+00:00,5410.57,stop_loss,-5.389999999999418,False
-1,2026-03-02 08:45:00+00:00,2026-03-02 08:46:00+00:00,5405.05,open,5417.75,5366.950000000001,12.699999999999818,38.099999999999454,120,2026-03-02 16:00:00+00:00,5409.84,5417.75,9,2026-03-02 14:10:00+00:00,5366.950000000001,target_hit,38.099999999999454,True
-1,2026-03-02 14:15:00+00:00,2026-03-02 14:16:00+00:00,5375.01,open,5396.11,5311.710000000002,21.099999999999454,63.29999999999836,120,2026-03-02 16:16:00+00:00,5388.18,5396.11,0,2026-03-02 14:26:00+00:00,5311.710000000002,target_hit,63.29999999999836,True
-1,2026-03-02 14:30:00+00:00,2026-03-02 14:31:00+00:00,5332.22,open,5376.39,5199.71,44.17000000000007,132.51000000000022,120,2026-03-02 22:00:00+00:00,5367.0,5376.39,12,2026-03-02 23:01:00+00:00,5333.97,timeout,-1.75,False
-1,2026-03-03 08:30:00+00:00,2026-03-03 08:31:00+00:00,5310.01,open,5322.6,5272.24,12.590000000000146,37.77000000000044,120,2026-03-03 11:00:00+00:00,5317.49,5322.6,1,2026-03-03 09:25:00+00:00,5272.24,target_hit,37.77000000000044,True
-1,2026-03-03 09:30:00+00:00,2026-03-03 09:31:00+00:00,5252.94,open,5299.61,5112.929999999999,46.67000000000007,140.01000000000022,120,2026-03-03 13:00:00+00:00,5292.5,5299.61,4,2026-03-03 11:29:00+00:00,5112.929999999999,target_hit,140.01000000000022,True
-1,2026-03-03 11:30:00+00:00,2026-03-03 11:31:00+00:00,5125.36,open,5204.01,4889.409999999998,78.65000000000055,235.95000000000164,120,2026-03-03 13:45:00+00:00,5185.5,5204.01,1,2026-03-03 12:26:00+00:00,5204.01,stop_loss,-78.65000000000055,False
-1,2026-03-03 12:45:00+00:00,2026-03-03 12:46:00+00:00,5200.65,open,5209.8,5173.199999999998,9.150000000000546,27.450000000001637,120,2026-03-03 14:46:00+00:00,5187.51,5209.8,0,2026-03-03 12:51:00+00:00,5209.8,stop_loss,-9.150000000000546,False
-1,2026-03-03 13:15:00+00:00,2026-03-03 13:16:00+00:00,5165.96,open,5225.85,4986.289999999999,59.89000000000033,179.67000000000098,120,2026-03-03 22:45:00+00:00,5196.9,5225.85,14,2026-03-03 23:01:00+00:00,5094.43,timeout,71.52999999999975,True
-1,2026-03-04 08:15:00+00:00,2026-03-04 08:16:00+00:00,5156.74,open,5172.82,5108.5,16.079999999999927,48.23999999999978,120,2026-03-04 10:16:00+00:00,5166.63,5172.82,0,2026-03-04 08:42:00+00:00,5172.82,stop_loss,-16.079999999999927,False
1,2026-03-04 08:45:00+00:00,2026-03-04 08:46:00+00:00,5176.74,open,5161.17,5223.449999999999,15.569999999999709,46.70999999999913,120,2026-03-04 10:46:00+00:00,5161.17,5166.59,0,2026-03-04 09:00:00+00:00,5161.17,stop_loss,-15.569999999999709,False
-1,2026-03-04 09:00:00+00:00,2026-03-04 09:01:00+00:00,5162.16,open,5181.7,5103.54,19.539999999999964,58.61999999999989,120,2026-03-04 11:15:00+00:00,5175.31,5181.7,1,2026-03-04 09:39:00+00:00,5181.7,stop_loss,-19.539999999999964,False
1,2026-03-04 09:45:00+00:00,2026-03-04 09:46:00+00:00,5183.18,open,5173.36,5212.640000000002,9.820000000000618,29.460000000001855,120,2026-03-04 14:15:00+00:00,5173.36,5177.79,5,2026-03-04 12:30:00+00:00,5173.36,stop_loss,-9.820000000000618,False
-1,2026-03-04 12:30:00+00:00,2026-03-04 12:31:00+00:00,5173.14,open,5198.11,5098.230000000002,24.969999999999345,74.90999999999804,120,2026-03-04 15:45:00+00:00,5192.47,5198.11,2,2026-03-04 15:45:00+00:00,5142.39,timeout,30.75,True
1,2026-03-04 16:00:00+00:00,2026-03-04 16:01:00+00:00,5157.19,open,5138.27,5213.949999999997,18.919999999999163,56.75999999999749,120,2026-03-04 18:45:00+00:00,5138.27,5146.19,2,2026-03-04 17:22:00+00:00,5138.27,stop_loss,-18.919999999999163,False
-1,2026-03-04 17:30:00+00:00,2026-03-04 17:31:00+00:00,5128.67,open,5144.01,5082.65,15.340000000000146,46.02000000000044,120,2026-03-04 19:45:00+00:00,5137.8,5144.01,1,2026-03-04 17:52:00+00:00,5144.01,stop_loss,-15.340000000000146,False
1,2026-03-04 18:00:00+00:00,2026-03-04 18:01:00+00:00,5142.43,open,5135.72,5162.56,6.710000000000036,20.13000000000011,120,2026-03-04 20:01:00+00:00,5135.72,5140.26,0,2026-03-04 18:04:00+00:00,5135.72,stop_loss,-6.710000000000036,False
-1,2026-03-04 18:15:00+00:00,2026-03-04 18:16:00+00:00,5122.33,open,5138.83,5072.83,16.5,49.5,120,2026-03-04 21:30:00+00:00,5131.72,5138.83,3,2026-03-04 19:55:00+00:00,5138.83,stop_loss,-16.5,False
1,2026-03-04 20:00:00+00:00,2026-03-04 20:01:00+00:00,5136.46,open,5135.07,5140.630000000001,1.3900000000003274,4.170000000000982,120,2026-03-04 22:01:00+00:00,5135.07,5139.74,0,2026-03-04 20:02:00+00:00,5135.07,stop_loss,-1.3900000000003274,False
1,2026-03-04 20:45:00+00:00,2026-03-04 20:46:00+00:00,5142.16,open,5137.24,5156.92,4.920000000000073,14.760000000000218,120,2026-03-04 22:46:00+00:00,5137.24,5142.89,0,2026-03-04 20:48:00+00:00,5137.24,stop_loss,-4.920000000000073,False
1,2026-03-05 08:00:00+00:00,2026-03-05 08:01:00+00:00,5162.21,open,5157.88,5175.2,4.329999999999927,12.989999999999782,120,2026-03-05 10:01:00+00:00,5157.88,5167.14,0,2026-03-05 08:02:00+00:00,5157.88,stop_loss,-4.329999999999927,False
-1,2026-03-05 08:15:00+00:00,2026-03-05 08:16:00+00:00,5141.56,open,5162.27,5079.43,20.710000000000036,62.13000000000011,120,2026-03-05 10:30:00+00:00,5157.2,5162.27,1,2026-03-05 08:37:00+00:00,5162.27,stop_loss,-20.710000000000036,False
1,2026-03-05 08:45:00+00:00,2026-03-05 08:46:00+00:00,5167.02,open,5143.6,5237.280000000001,23.420000000000073,70.26000000000022,120,2026-03-05 14:30:00+00:00,5143.6,5150.17,6,2026-03-05 13:16:00+00:00,5143.6,stop_loss,-23.420000000000073,False
-1,2026-03-05 13:15:00+00:00,2026-03-05 13:16:00+00:00,5157.69,open,5165.16,5135.279999999999,7.470000000000255,22.410000000000764,120,2026-03-05 15:16:00+00:00,5152.93,5165.16,0,2026-03-05 13:17:00+00:00,5135.279999999999,target_hit,22.410000000000764,True
-1,2026-03-05 13:30:00+00:00,2026-03-05 13:31:00+00:00,5115.78,open,5160.86,4980.54,45.07999999999993,135.23999999999978,120,2026-03-05 22:45:00+00:00,5136.61,5160.86,16,2026-03-05 23:01:00+00:00,5090.76,timeout,25.019999999999527,True
-1,2026-03-06 08:15:00+00:00,2026-03-06 08:16:00+00:00,5114.78,open,5121.43,5094.829999999998,6.650000000000546,19.950000000001637,120,2026-03-06 10:30:00+00:00,5115.86,5121.43,1,2026-03-06 09:13:00+00:00,5094.829999999998,target_hit,19.950000000001637,True
-1,2026-03-06 09:15:00+00:00,2026-03-06 09:16:00+00:00,5095.04,open,5109.66,5051.18,14.61999999999989,43.85999999999967,120,2026-03-06 15:15:00+00:00,5104.46,5109.66,8,2026-03-06 13:30:00+00:00,5109.66,stop_loss,-14.61999999999989,False
1,2026-03-06 13:30:00+00:00,2026-03-06 13:31:00+00:00,5119.78,open,5073.5,5258.619999999999,46.279999999999745,138.83999999999924,120,2026-03-06 20:45:00+00:00,5073.5,5078.82,10,2026-03-06 20:45:00+00:00,5159.04,timeout,39.26000000000022,True
1,2026-03-06 20:45:00+00:00,2026-03-06 20:46:00+00:00,5158.84,open,5150.76,5183.08,8.079999999999927,24.23999999999978,120,2026-03-06 22:46:00+00:00,5150.76,5156.16,0,2026-03-06 20:59:00+00:00,5150.76,stop_loss,-8.079999999999927,False
-1,2026-03-09 08:45:00+00:00,2026-03-09 08:46:00+00:00,5088.75,open,5093.91,5073.27,5.1599999999998545,15.479999999999563,120,2026-03-09 10:46:00+00:00,5086.77,5093.91,0,2026-03-09 08:48:00+00:00,5093.91,stop_loss,-5.1599999999998545,False
1,2026-03-09 09:00:00+00:00,2026-03-09 09:01:00+00:00,5098.32,open,5086.8,5132.879999999998,11.519999999999527,34.55999999999858,120,2026-03-09 11:30:00+00:00,5086.8,5092.17,1,2026-03-09 09:33:00+00:00,5132.879999999998,target_hit,34.55999999999858,True
-1,2026-03-09 09:45:00+00:00,2026-03-09 09:46:00+00:00,5097.14,open,5132.62,4990.700000000002,35.47999999999956,106.43999999999869,120,2026-03-09 19:45:00+00:00,5125.29,5132.62,13,2026-03-09 19:19:00+00:00,5132.62,stop_loss,-35.47999999999956,False
1,2026-03-09 19:30:00+00:00,2026-03-09 19:31:00+00:00,5130.15,open,5123.92,5148.839999999998,6.229999999999563,18.68999999999869,120,2026-03-09 21:31:00+00:00,5123.92,5135.66,0,2026-03-09 20:07:00+00:00,5148.839999999998,target_hit,18.68999999999869,True
1,2026-03-10 08:00:00+00:00,2026-03-10 08:01:00+00:00,5181.99,open,5177.55,5195.309999999999,4.4399999999996,13.3199999999988,120,2026-03-10 10:01:00+00:00,5177.55,5182.18,0,2026-03-10 08:03:00+00:00,5177.55,stop_loss,-4.4399999999996,False
-1,2026-03-10 08:15:00+00:00,2026-03-10 08:16:00+00:00,5179.98,open,5184.51,5166.389999999998,4.530000000000655,13.590000000001965,120,2026-03-10 10:16:00+00:00,5179.12,5184.51,0,2026-03-10 08:30:00+00:00,5184.51,stop_loss,-4.530000000000655,False
1,2026-03-10 08:45:00+00:00,2026-03-10 08:46:00+00:00,5190.82,open,5182.97,5214.369999999998,7.849999999999454,23.549999999998363,120,2026-03-10 10:46:00+00:00,5182.97,5189.78,0,2026-03-10 08:56:00+00:00,5182.97,stop_loss,-7.849999999999454,False
1,2026-03-10 09:15:00+00:00,2026-03-10 09:16:00+00:00,5187.7,open,5180.22,5210.1399999999985,7.479999999999563,22.43999999999869,120,2026-03-10 11:16:00+00:00,5180.22,5185.33,0,2026-03-10 10:01:00+00:00,5180.22,stop_loss,-7.479999999999563,False
1,2026-03-10 10:15:00+00:00,2026-03-10 10:16:00+00:00,5182.69,open,5177.25,5199.009999999998,5.4399999999996,16.3199999999988,120,2026-03-10 12:16:00+00:00,5177.25,5181.3,0,2026-03-10 10:17:00+00:00,5177.25,stop_loss,-5.4399999999996,False
-1,2026-03-10 10:30:00+00:00,2026-03-10 10:31:00+00:00,5173.93,open,5181.09,5152.450000000001,7.1599999999998545,21.479999999999563,120,2026-03-10 12:45:00+00:00,5175.31,5181.09,1,2026-03-10 11:04:00+00:00,5181.09,stop_loss,-7.1599999999998545,False
1,2026-03-10 11:15:00+00:00,2026-03-10 11:16:00+00:00,5184.13,open,5176.56,5206.839999999999,7.569999999999709,22.709999999999127,120,2026-03-10 13:16:00+00:00,5176.56,5184.15,0,2026-03-10 11:31:00+00:00,5176.56,stop_loss,-7.569999999999709,False
-1,2026-03-10 11:30:00+00:00,2026-03-10 11:31:00+00:00,5181.07,open,5187.62,5161.419999999999,6.550000000000182,19.650000000000546,120,2026-03-10 14:30:00+00:00,5183.26,5187.62,3,2026-03-10 12:45:00+00:00,5187.62,stop_loss,-6.550000000000182,False
1,2026-03-10 12:45:00+00:00,2026-03-10 12:46:00+00:00,5187.11,open,5181.7,5203.339999999999,5.4099999999998545,16.229999999999563,120,2026-03-10 14:46:00+00:00,5181.7,5185.84,0,2026-03-10 12:52:00+00:00,5181.7,stop_loss,-5.4099999999998545,False
1,2026-03-10 13:15:00+00:00,2026-03-10 13:16:00+00:00,5201.78,open,5185.66,5250.139999999999,16.11999999999989,48.35999999999967,120,2026-03-10 15:30:00+00:00,5185.66,5197.3,1,2026-03-10 14:10:00+00:00,5185.66,stop_loss,-16.11999999999989,False
1,2026-03-10 14:30:00+00:00,2026-03-10 14:31:00+00:00,5211.88,open,5197.08,5256.280000000001,14.800000000000182,44.400000000000546,120,2026-03-10 17:45:00+00:00,5197.08,5211.94,3,2026-03-10 17:45:00+00:00,5227.59,timeout,15.710000000000036,True
-1,2026-03-10 18:15:00+00:00,2026-03-10 18:16:00+00:00,5213.11,open,5228.94,5165.62,15.829999999999927,47.48999999999978,120,2026-03-10 20:16:00+00:00,5223.56,5228.94,0,2026-03-10 18:19:00+00:00,5165.62,target_hit,47.48999999999978,True
-1,2026-03-10 18:30:00+00:00,2026-03-10 18:31:00+00:00,5204.33,open,5217.4,5165.120000000001,13.069999999999709,39.20999999999913,120,2026-03-10 21:45:00+00:00,5204.98,5217.4,3,2026-03-10 22:01:00+00:00,5191.2,timeout,13.13000000000011,True
-1,2026-03-11 08:30:00+00:00,2026-03-11 08:31:00+00:00,5183.15,open,5198.73,5136.41,15.579999999999927,46.73999999999978,120,2026-03-11 14:00:00+00:00,5195.35,5198.73,6,2026-03-11 12:30:00+00:00,5198.73,stop_loss,-15.579999999999927,False
-1,2026-03-11 12:45:00+00:00,2026-03-11 12:46:00+00:00,5177.26,open,5199.57,5110.330000000002,22.30999999999949,66.92999999999847,120,2026-03-11 19:45:00+00:00,5183.78,5199.57,11,2026-03-11 19:45:00+00:00,5178.55,timeout,-1.2899999999999636,False
1,2026-03-12 08:00:00+00:00,2026-03-12 08:01:00+00:00,5185.59,open,5178.15,5207.910000000002,7.440000000000509,22.320000000001528,120,2026-03-12 10:15:00+00:00,5178.15,5185.22,1,2026-03-12 08:24:00+00:00,5178.15,stop_loss,-7.440000000000509,False
-1,2026-03-12 12:00:00+00:00,2026-03-12 12:01:00+00:00,5177.8,open,5181.61,5166.370000000002,3.8099999999994907,11.429999999998472,120,2026-03-12 14:01:00+00:00,5177.9,5181.61,0,2026-03-12 12:15:00+00:00,5166.370000000002,target_hit,11.429999999998472,True
-1,2026-03-12 12:15:00+00:00,2026-03-12 12:16:00+00:00,5165.97,open,5175.64,5136.96,9.670000000000073,29.01000000000022,120,2026-03-12 14:16:00+00:00,5170.93,5175.64,0,2026-03-12 12:32:00+00:00,5175.64,stop_loss,-9.670000000000073,False
1,2026-03-12 13:00:00+00:00,2026-03-12 13:01:00+00:00,5182.86,open,5177.71,5198.309999999999,5.149999999999636,15.449999999998909,120,2026-03-12 15:01:00+00:00,5177.71,5181.87,0,2026-03-12 13:15:00+00:00,5177.71,stop_loss,-5.149999999999636,False
-1,2026-03-12 13:15:00+00:00,2026-03-12 13:16:00+00:00,5176.62,open,5185.77,5149.169999999998,9.150000000000546,27.450000000001637,120,2026-03-12 15:45:00+00:00,5179.69,5185.77,2,2026-03-12 13:53:00+00:00,5149.169999999998,target_hit,27.450000000001637,True
-1,2026-03-12 14:00:00+00:00,2026-03-12 14:01:00+00:00,5155.86,open,5159.59,5144.669999999998,3.730000000000473,11.190000000001419,120,2026-03-12 16:01:00+00:00,5152.39,5159.59,0,2026-03-12 14:02:00+00:00,5159.59,stop_loss,-3.730000000000473,False
1,2026-03-12 14:15:00+00:00,2026-03-12 14:16:00+00:00,5159.78,open,5150.18,5188.579999999998,9.599999999999454,28.799999999998363,120,2026-03-12 16:16:00+00:00,5150.18,5156.84,0,2026-03-12 14:24:00+00:00,5150.18,stop_loss,-9.599999999999454,False
-1,2026-03-12 14:30:00+00:00,2026-03-12 14:31:00+00:00,5151.37,open,5159.87,5125.87,8.5,25.5,120,2026-03-12 16:45:00+00:00,5154.11,5159.87,1,2026-03-12 15:11:00+00:00,5125.87,target_hit,25.5,True
-1,2026-03-12 15:15:00+00:00,2026-03-12 15:16:00+00:00,5120.26,open,5145.85,5043.49,25.590000000000146,76.77000000000044,120,2026-03-12 21:15:00+00:00,5137.52,5145.85,10,2026-03-12 22:01:00+00:00,5076.49,timeout,43.77000000000044,True
-1,2026-03-13 08:15:00+00:00,2026-03-13 08:16:00+00:00,5078.28,open,5086.34,5054.0999999999985,8.0600000000004,24.1800000000012,120,2026-03-13 10:30:00+00:00,5080.22,5086.34,1,2026-03-13 08:50:00+00:00,5086.34,stop_loss,-8.0600000000004,False
1,2026-03-13 09:00:00+00:00,2026-03-13 09:01:00+00:00,5088.51,open,5077.81,5120.61,10.699999999999818,32.099999999999454,120,2026-03-13 14:45:00+00:00,5077.81,5084.64,7,2026-03-13 12:46:00+00:00,5120.61,target_hit,32.099999999999454,True
1,2026-03-13 12:45:00+00:00,2026-03-13 12:46:00+00:00,5117.74,open,5107.55,5148.309999999999,10.1899999999996,30.5699999999988,120,2026-03-13 15:15:00+00:00,5107.55,5112.61,2,2026-03-13 13:27:00+00:00,5107.55,stop_loss,-10.1899999999996,False
-1,2026-03-13 13:30:00+00:00,2026-03-13 13:31:00+00:00,5106.77,open,5114.28,5084.2400000000025,7.509999999999309,22.529999999997926,120,2026-03-13 15:31:00+00:00,5107.83,5114.28,0,2026-03-13 13:45:00+00:00,5114.28,stop_loss,-7.509999999999309,False
-1,2026-03-13 14:15:00+00:00,2026-03-13 14:16:00+00:00,5091.09,open,5103.65,5053.410000000002,12.55999999999949,37.67999999999847,120,2026-03-13 16:30:00+00:00,5093.26,5103.65,1,2026-03-13 14:55:00+00:00,5053.410000000002,target_hit,37.67999999999847,True
-1,2026-03-13 15:00:00+00:00,2026-03-13 15:01:00+00:00,5045.96,open,5079.83,4944.35,33.86999999999989,101.60999999999967,120,2026-03-13 17:45:00+00:00,5073.25,5079.83,1,2026-03-13 17:45:00+00:00,5053.73,timeout,-7.769999999999527,False
-1,2026-03-13 17:45:00+00:00,2026-03-13 17:46:00+00:00,5053.29,open,5057.56,5040.479999999999,4.270000000000437,12.81000000000131,120,2026-03-13 20:00:00+00:00,5053.45,5057.56,1,2026-03-13 18:22:00+00:00,5040.479999999999,target_hit,12.81000000000131,True
1,2026-03-13 18:30:00+00:00,2026-03-13 18:31:00+00:00,5045.86,open,5038.2,5068.839999999999,7.6599999999998545,22.979999999999563,120,2026-03-13 20:45:00+00:00,5038.2,5042.96,1,2026-03-13 19:11:00+00:00,5038.2,stop_loss,-7.6599999999998545,False
-1,2026-03-13 19:15:00+00:00,2026-03-13 19:16:00+00:00,5038.57,open,5046.66,5014.299999999999,8.090000000000146,24.270000000000437,120,2026-03-13 21:45:00+00:00,5040.43,5046.66,2,2026-03-13 19:47:00+00:00,5014.299999999999,target_hit,24.270000000000437,True
1,2026-03-16 08:00:00+00:00,2026-03-16 08:01:00+00:00,4999.1,open,4992.87,5017.790000000002,6.230000000000473,18.69000000000142,120,2026-03-16 10:01:00+00:00,4992.87,4999.72,0,2026-03-16 08:03:00+00:00,4992.87,stop_loss,-6.230000000000473,False
1,2026-03-16 08:30:00+00:00,2026-03-16 08:31:00+00:00,4995.97,open,4987.81,5020.45,8.159999999999854,24.479999999999563,120,2026-03-16 10:31:00+00:00,4987.81,4992.6,0,2026-03-16 08:39:00+00:00,4987.81,stop_loss,-8.159999999999854,False
-1,2026-03-16 08:45:00+00:00,2026-03-16 08:46:00+00:00,4986.74,open,4994.35,4963.909999999998,7.610000000000582,22.830000000001746,120,2026-03-16 10:46:00+00:00,4988.5,4994.35,0,2026-03-16 08:52:00+00:00,4994.35,stop_loss,-7.610000000000582,False
1,2026-03-16 09:00:00+00:00,2026-03-16 09:01:00+00:00,4989.97,open,4988.22,4995.22,1.75,5.25,120,2026-03-16 11:01:00+00:00,4988.22,4992.62,0,2026-03-16 09:02:00+00:00,4988.22,stop_loss,-1.75,False
-1,2026-03-16 10:00:00+00:00,2026-03-16 10:01:00+00:00,4973.46,open,4983.81,4942.409999999999,10.350000000000364,31.05000000000109,120,2026-03-16 12:01:00+00:00,4978.2,4983.81,0,2026-03-16 10:24:00+00:00,4983.81,stop_loss,-10.350000000000364,False
1,2026-03-16 10:30:00+00:00,2026-03-16 10:31:00+00:00,4986.51,open,4976.45,5016.690000000001,10.0600000000004,30.1800000000012,120,2026-03-16 13:15:00+00:00,4976.45,4980.72,1,2026-03-16 11:23:00+00:00,5016.690000000001,target_hit,30.1800000000012,True
1,2026-03-16 11:30:00+00:00,2026-03-16 11:31:00+00:00,5017.34,open,5004.52,5055.799999999999,12.819999999999709,38.45999999999913,120,2026-03-16 13:31:00+00:00,5004.52,5008.67,0,2026-03-16 11:53:00+00:00,5004.52,stop_loss,-12.819999999999709,False
-1,2026-03-16 12:00:00+00:00,2026-03-16 12:01:00+00:00,4995.46,open,5006.63,4961.95,11.170000000000073,33.51000000000022,120,2026-03-16 14:01:00+00:00,5000.64,5006.63,0,2026-03-16 12:14:00+00:00,5006.63,stop_loss,-11.170000000000073,False
1,2026-03-16 12:15:00+00:00,2026-03-16 12:16:00+00:00,5004.11,open,4995.46,5030.059999999999,8.649999999999636,25.94999999999891,120,2026-03-16 14:30:00+00:00,4995.46,5001.11,1,2026-03-16 13:16:00+00:00,5030.059999999999,target_hit,25.94999999999891,True
1,2026-03-16 13:30:00+00:00,2026-03-16 13:31:00+00:00,5023.48,open,5022.21,5027.289999999998,1.269999999999527,3.809999999998581,120,2026-03-16 15:31:00+00:00,5022.21,5028.33,0,2026-03-16 13:32:00+00:00,5022.21,stop_loss,-1.269999999999527,False
-1,2026-03-16 14:30:00+00:00,2026-03-16 14:31:00+00:00,5010.31,open,5028.61,4955.410000000003,18.299999999999272,54.89999999999782,120,2026-03-16 19:45:00+00:00,5024.01,5028.61,9,2026-03-16 19:45:00+00:00,5009.69,timeout,0.6200000000008004,True
-1,2026-03-17 08:30:00+00:00,2026-03-17 08:31:00+00:00,5020.01,open,5028.46,4994.660000000001,8.449999999999818,25.349999999999454,120,2026-03-17 12:30:00+00:00,5023.31,5028.46,3,2026-03-17 10:42:00+00:00,4994.660000000001,target_hit,25.349999999999454,True
-1,2026-03-17 11:00:00+00:00,2026-03-17 11:01:00+00:00,4998.24,open,5002.98,4984.02,4.739999999999782,14.219999999999345,120,2026-03-17 13:01:00+00:00,4999.53,5002.98,0,2026-03-17 11:08:00+00:00,5002.98,stop_loss,-4.739999999999782,False
1,2026-03-17 11:15:00+00:00,2026-03-17 11:16:00+00:00,5005.68,open,4997.8,5029.320000000001,7.880000000000109,23.640000000000327,120,2026-03-17 15:15:00+00:00,4997.8,5001.89,2,2026-03-17 13:41:00+00:00,5029.320000000001,target_hit,23.640000000000327,True
1,2026-03-17 13:45:00+00:00,2026-03-17 13:46:00+00:00,5024.39,open,5017.14,5046.14,7.25,21.75,120,2026-03-17 15:46:00+00:00,5017.14,5026.53,0,2026-03-17 13:51:00+00:00,5017.14,stop_loss,-7.25,False
-1,2026-03-17 14:00:00+00:00,2026-03-17 14:01:00+00:00,5014.17,open,5024.81,4982.249999999999,10.640000000000327,31.920000000000982,120,2026-03-17 17:00:00+00:00,5019.29,5024.81,2,2026-03-17 15:36:00+00:00,4982.249999999999,target_hit,31.920000000000982,True
1,2026-03-17 16:00:00+00:00,2026-03-17 16:01:00+00:00,4998.71,open,4983.79,5043.47,14.920000000000073,44.76000000000022,120,2026-03-17 18:30:00+00:00,4983.79,4989.02,2,2026-03-17 18:30:00+00:00,5000.49,timeout,1.7799999999997453,True
1,2026-03-18 08:15:00+00:00,2026-03-18 08:16:00+00:00,4995.75,open,4988.1,5018.699999999999,7.649999999999636,22.94999999999891,120,2026-03-18 10:16:00+00:00,4988.1,4992.65,0,2026-03-18 08:20:00+00:00,4988.1,stop_loss,-7.649999999999636,False
-1,2026-03-18 08:30:00+00:00,2026-03-18 08:31:00+00:00,4989.5,open,4995.94,4970.180000000001,6.4399999999996,19.3199999999988,120,2026-03-18 10:31:00+00:00,4991.22,4995.94,0,2026-03-18 10:31:00+00:00,4984.13,timeout,5.369999999999891,True
-1,2026-03-18 10:45:00+00:00,2026-03-18 10:46:00+00:00,4976.18,open,4981.07,4961.510000000002,4.889999999999418,14.669999999998254,120,2026-03-18 12:46:00+00:00,4959.4,4981.07,0,2026-03-18 10:57:00+00:00,4961.510000000002,target_hit,14.669999999998254,True
-1,2026-03-18 11:30:00+00:00,2026-03-18 11:31:00+00:00,4954.68,open,4964.73,4924.5300000000025,10.049999999999272,30.149999999997817,120,2026-03-18 14:00:00+00:00,4953.94,4964.73,1,2026-03-18 12:01:00+00:00,4924.5300000000025,target_hit,30.149999999997817,True
-1,2026-03-18 12:00:00+00:00,2026-03-18 12:01:00+00:00,4929.25,open,4945.69,4879.930000000001,16.4399999999996,49.3199999999988,120,2026-03-18 14:30:00+00:00,4936.44,4945.69,2,2026-03-18 12:38:00+00:00,4879.930000000001,target_hit,49.3199999999988,True
-1,2026-03-18 12:45:00+00:00,2026-03-18 12:46:00+00:00,4878.52,open,4904.1,4801.780000000001,25.579999999999927,76.73999999999978,120,2026-03-18 21:00:00+00:00,4891.04,4904.1,13,2026-03-18 22:01:00+00:00,4833.5,timeout,45.02000000000044,True
1,2026-03-19 08:30:00+00:00,2026-03-19 08:31:00+00:00,4721.12,open,4713.08,4745.24,8.039999999999964,24.11999999999989,120,2026-03-19 10:31:00+00:00,4713.08,4727.16,0,2026-03-19 08:32:00+00:00,4713.08,stop_loss,-8.039999999999964,False
-1,2026-03-19 08:45:00+00:00,2026-03-19 08:46:00+00:00,4696.94,open,4722.59,4619.989999999998,25.650000000000546,76.95000000000164,120,2026-03-19 10:46:00+00:00,4711.67,4722.59,0,2026-03-19 09:23:00+00:00,4722.59,stop_loss,-25.650000000000546,False
1,2026-03-19 09:30:00+00:00,2026-03-19 09:31:00+00:00,4713.0,open,4694.95,4767.150000000001,18.050000000000182,54.150000000000546,120,2026-03-19 12:15:00+00:00,4694.95,4704.4,3,2026-03-19 10:17:00+00:00,4694.95,stop_loss,-18.050000000000182,False
-1,2026-03-19 10:30:00+00:00,2026-03-19 10:31:00+00:00,4685.4,open,4706.22,4622.939999999998,20.82000000000062,62.460000000001855,120,2026-03-19 14:00:00+00:00,4697.79,4706.22,3,2026-03-19 12:09:00+00:00,4622.939999999998,target_hit,62.460000000001855,True
-1,2026-03-19 12:15:00+00:00,2026-03-19 12:16:00+00:00,4614.0,open,4653.44,4495.680000000001,39.4399999999996,118.3199999999988,120,2026-03-19 20:45:00+00:00,4637.76,4653.44,18,2026-03-19 19:07:00+00:00,4653.44,stop_loss,-39.4399999999996,False
1,2026-03-19 19:15:00+00:00,2026-03-19 19:16:00+00:00,4654.83,open,4622.88,4750.679999999999,31.949999999999818,95.84999999999945,120,2026-03-19 21:16:00+00:00,4622.88,4636.59,0,2026-03-19 22:01:00+00:00,4657.09,timeout,2.2600000000002183,True
1,2026-03-20 08:00:00+00:00,2026-03-20 08:01:00+00:00,4704.75,open,4694.09,4736.73,10.659999999999854,31.979999999999563,120,2026-03-20 10:30:00+00:00,4694.09,4698.47,2,2026-03-20 08:45:00+00:00,4694.09,stop_loss,-10.659999999999854,False
-1,2026-03-20 08:45:00+00:00,2026-03-20 08:46:00+00:00,4693.26,open,4723.09,4603.77,29.829999999999927,89.48999999999978,120,2026-03-20 16:00:00+00:00,4715.2,4723.09,17,2026-03-20 14:08:00+00:00,4603.77,target_hit,89.48999999999978,True
-1,2026-03-20 14:15:00+00:00,2026-03-20 14:16:00+00:00,4578.68,open,4622.52,4447.16,43.840000000000146,131.52000000000044,120,2026-03-20 21:00:00+00:00,4609.8,4622.52,10,2026-03-22 22:01:00+00:00,4478.3,timeout,100.38000000000011,True
1,2026-03-23 08:00:00+00:00,2026-03-23 08:01:00+00:00,4226.72,open,4216.25,4258.130000000001,10.470000000000255,31.410000000000764,120,2026-03-23 10:01:00+00:00,4216.25,4227.23,0,2026-03-23 08:02:00+00:00,4216.25,stop_loss,-10.470000000000255,False
1,2026-03-23 08:15:00+00:00,2026-03-23 08:16:00+00:00,4251.86,open,4202.37,4400.329999999999,49.48999999999978,148.46999999999935,120,2026-03-23 12:30:00+00:00,4202.37,4228.28,7,2026-03-23 11:07:00+00:00,4400.329999999999,target_hit,148.46999999999935,True
-1,2026-03-23 11:30:00+00:00,2026-03-23 11:31:00+00:00,4400.72,open,4463.49,4212.410000000002,62.76999999999953,188.30999999999858,120,2026-03-23 14:45:00+00:00,4417.24,4463.49,2,2026-03-23 12:49:00+00:00,4463.49,stop_loss,-62.76999999999953,False
1,2026-03-23 13:00:00+00:00,2026-03-23 13:01:00+00:00,4466.68,open,4433.49,4566.250000000002,33.19000000000051,99.57000000000153,120,2026-03-23 15:01:00+00:00,4433.49,4449.74,0,2026-03-23 13:05:00+00:00,4433.49,stop_loss,-33.19000000000051,False
-1,2026-03-23 13:15:00+00:00,2026-03-23 13:16:00+00:00,4448.12,open,4487.27,4330.669999999998,39.150000000000546,117.45000000000164,120,2026-03-23 15:16:00+00:00,4464.4,4487.27,0,2026-03-23 14:17:00+00:00,4487.27,stop_loss,-39.150000000000546,False
1,2026-03-23 14:30:00+00:00,2026-03-23 14:31:00+00:00,4481.0,open,4460.91,4541.27,20.090000000000146,60.27000000000044,120,2026-03-23 16:31:00+00:00,4460.91,4482.93,0,2026-03-23 14:50:00+00:00,4460.91,stop_loss,-20.090000000000146,False
-1,2026-03-23 15:00:00+00:00,2026-03-23 15:01:00+00:00,4460.32,open,4480.84,4398.759999999998,20.520000000000437,61.56000000000131,120,2026-03-23 17:01:00+00:00,4467.83,4480.84,0,2026-03-23 15:05:00+00:00,4480.84,stop_loss,-20.520000000000437,False
1,2026-03-23 15:15:00+00:00,2026-03-23 15:16:00+00:00,4463.08,open,4456.66,4482.34,6.420000000000073,19.26000000000022,120,2026-03-23 17:16:00+00:00,4456.66,4477.41,0,2026-03-23 15:17:00+00:00,4456.66,stop_loss,-6.420000000000073,False
-1,2026-03-23 15:30:00+00:00,2026-03-23 15:31:00+00:00,4448.31,open,4466.5,4393.740000000002,18.1899999999996,54.5699999999988,120,2026-03-23 17:31:00+00:00,4448.39,4466.5,0,2026-03-23 15:52:00+00:00,4393.740000000002,target_hit,54.5699999999988,True
-1,2026-03-23 16:00:00+00:00,2026-03-23 16:01:00+00:00,4366.12,open,4414.8,4220.079999999999,48.68000000000029,146.04000000000087,120,2026-03-23 19:30:00+00:00,4403.17,4414.8,2,2026-03-23 17:31:00+00:00,4414.8,stop_loss,-48.68000000000029,False
1,2026-03-23 17:45:00+00:00,2026-03-23 17:46:00+00:00,4420.78,open,4404.17,4470.609999999999,16.609999999999673,49.82999999999902,120,2026-03-23 19:46:00+00:00,4404.17,4412.31,0,2026-03-23 18:07:00+00:00,4404.17,stop_loss,-16.609999999999673,False
-1,2026-03-23 18:15:00+00:00,2026-03-23 18:16:00+00:00,4421.37,open,4427.44,4403.160000000001,6.069999999999709,18.209999999999127,120,2026-03-23 20:16:00+00:00,4420.96,4427.44,0,2026-03-23 18:26:00+00:00,4427.44,stop_loss,-6.069999999999709,False
1,2026-03-23 18:45:00+00:00,2026-03-23 18:46:00+00:00,4459.29,open,4425.6,4560.359999999999,33.6899999999996,101.0699999999988,120,2026-03-23 21:00:00+00:00,4425.6,4434.46,1,2026-03-23 19:11:00+00:00,4425.6,stop_loss,-33.6899999999996,False
-1,2026-03-23 19:15:00+00:00,2026-03-23 19:16:00+00:00,4405.42,open,4446.32,4282.720000000001,40.899999999999636,122.69999999999891,120,2026-03-23 21:45:00+00:00,4439.36,4446.32,2,2026-03-23 22:01:00+00:00,4419.9,timeout,-14.479999999999563,False
-1,2026-03-24 08:15:00+00:00,2026-03-24 08:16:00+00:00,4412.12,open,4418.32,4393.52,6.199999999999818,18.599999999999454,120,2026-03-24 10:16:00+00:00,4401.24,4418.32,0,2026-03-24 08:25:00+00:00,4393.52,target_hit,18.599999999999454,True
-1,2026-03-24 08:30:00+00:00,2026-03-24 08:31:00+00:00,4398.69,open,4413.25,4355.009999999998,14.5600000000004,43.6800000000012,120,2026-03-24 10:31:00+00:00,4407.59,4413.25,0,2026-03-24 08:53:00+00:00,4413.25,stop_loss,-14.5600000000004,False
1,2026-03-24 09:00:00+00:00,2026-03-24 09:01:00+00:00,4413.13,open,4403.23,4442.830000000002,9.900000000000546,29.700000000001637,120,2026-03-24 11:01:00+00:00,4403.23,4409.89,0,2026-03-24 09:09:00+00:00,4403.23,stop_loss,-9.900000000000546,False
-1,2026-03-24 09:15:00+00:00,2026-03-24 09:16:00+00:00,4397.23,open,4409.15,4361.469999999999,11.920000000000073,35.76000000000022,120,2026-03-24 11:16:00+00:00,4403.61,4409.15,0,2026-03-24 09:18:00+00:00,4409.15,stop_loss,-11.920000000000073,False
1,2026-03-24 09:30:00+00:00,2026-03-24 09:31:00+00:00,4407.75,open,4395.37,4444.89,12.38000000000011,37.14000000000033,120,2026-03-24 12:30:00+00:00,4395.37,4401.18,2,2026-03-24 11:01:00+00:00,4395.37,stop_loss,-12.38000000000011,False
-1,2026-03-24 11:30:00+00:00,2026-03-24 11:31:00+00:00,4411.59,open,4418.24,4391.640000000001,6.649999999999636,19.94999999999891,120,2026-03-24 13:31:00+00:00,4410.63,4418.24,0,2026-03-24 11:32:00+00:00,4418.24,stop_loss,-6.649999999999636,False
1,2026-03-24 11:45:00+00:00,2026-03-24 11:46:00+00:00,4422.0,open,4413.66,4447.02,8.340000000000146,25.020000000000437,120,2026-03-24 13:46:00+00:00,4413.66,4422.61,0,2026-03-24 11:52:00+00:00,4413.66,stop_loss,-8.340000000000146,False
1,2026-03-24 12:15:00+00:00,2026-03-24 12:16:00+00:00,4425.55,open,4406.88,4481.56,18.670000000000073,56.01000000000022,120,2026-03-24 14:16:00+00:00,4406.88,4418.63,0,2026-03-24 12:22:00+00:00,4406.88,stop_loss,-18.670000000000073,False
1,2026-03-24 13:00:00+00:00,2026-03-24 13:01:00+00:00,4374.27,open,4368.23,4392.390000000003,6.040000000000873,18.12000000000262,120,2026-03-24 15:01:00+00:00,4368.23,4379.39,0,2026-03-24 13:07:00+00:00,4368.23,stop_loss,-6.040000000000873,False
-1,2026-03-24 13:15:00+00:00,2026-03-24 13:16:00+00:00,4379.5,open,4380.71,4375.87,1.2100000000000364,3.630000000000109,120,2026-03-24 15:16:00+00:00,4369.97,4380.71,0,2026-03-24 13:17:00+00:00,4380.71,stop_loss,-1.2100000000000364,False
-1,2026-03-24 13:30:00+00:00,2026-03-24 13:31:00+00:00,4361.0,open,4380.75,4301.75,19.75,59.25,120,2026-03-24 15:31:00+00:00,4372.42,4380.75,0,2026-03-24 13:57:00+00:00,4380.75,stop_loss,-19.75,False
1,2026-03-24 14:00:00+00:00,2026-03-24 14:01:00+00:00,4387.96,open,4352.88,4493.2,35.07999999999993,105.23999999999978,120,2026-03-24 21:30:00+00:00,4352.88,4366.25,9,2026-03-24 22:01:00+00:00,4474.16,timeout,86.19999999999982,True
-1,2026-03-25 08:00:00+00:00,2026-03-25 08:01:00+00:00,4540.43,open,4549.2,4514.120000000002,8.769999999999527,26.30999999999858,120,2026-03-25 10:01:00+00:00,4543.04,4549.2,0,2026-03-25 08:03:00+00:00,4549.2,stop_loss,-8.769999999999527,False
1,2026-03-25 08:15:00+00:00,2026-03-25 08:16:00+00:00,4564.22,open,4537.92,4643.120000000001,26.300000000000182,78.90000000000055,120,2026-03-25 11:15:00+00:00,4537.92,4548.35,2,2026-03-25 09:47:00+00:00,4537.92,stop_loss,-26.300000000000182,False
1,2026-03-25 10:15:00+00:00,2026-03-25 10:16:00+00:00,4553.28,open,4551.35,4559.069999999998,1.9299999999993815,5.789999999998145,120,2026-03-25 12:30:00+00:00,4551.35,4556.58,1,2026-03-25 10:35:00+00:00,4551.35,stop_loss,-1.9299999999993815,False
1,2026-03-25 11:15:00+00:00,2026-03-25 11:16:00+00:00,4566.12,open,4558.45,4589.13,7.670000000000073,23.01000000000022,120,2026-03-25 13:45:00+00:00,4558.45,4563.42,2,2026-03-25 12:23:00+00:00,4558.45,stop_loss,-7.670000000000073,False
-1,2026-03-25 12:30:00+00:00,2026-03-25 12:31:00+00:00,4539.1,open,4579.38,4418.260000000001,40.279999999999745,120.83999999999924,120,2026-03-25 16:15:00+00:00,4574.08,4579.38,5,2026-03-25 14:50:00+00:00,4579.38,stop_loss,-40.279999999999745,False
1,2026-03-25 16:00:00+00:00,2026-03-25 16:01:00+00:00,4561.55,open,4556.88,4575.56,4.670000000000073,14.010000000000218,120,2026-03-25 18:01:00+00:00,4556.88,4561.71,0,2026-03-25 16:04:00+00:00,4556.88,stop_loss,-4.670000000000073,False
1,2026-03-25 16:30:00+00:00,2026-03-25 16:31:00+00:00,4555.33,open,4548.66,4575.34,6.670000000000073,20.01000000000022,120,2026-03-25 19:00:00+00:00,4548.66,4557.26,1,2026-03-25 17:05:00+00:00,4548.66,stop_loss,-6.670000000000073,False
-1,2026-03-25 17:15:00+00:00,2026-03-25 17:16:00+00:00,4550.01,open,4558.18,4525.5,8.170000000000073,24.51000000000022,120,2026-03-25 19:16:00+00:00,4550.71,4558.18,0,2026-03-25 17:27:00+00:00,4558.18,stop_loss,-8.170000000000073,False
1,2026-03-25 17:45:00+00:00,2026-03-25 17:46:00+00:00,4559.63,open,4550.33,4587.530000000001,9.300000000000182,27.900000000000546,120,2026-03-25 19:46:00+00:00,4550.33,4556.26,0,2026-03-25 17:54:00+00:00,4550.33,stop_loss,-9.300000000000182,False
-1,2026-03-25 18:00:00+00:00,2026-03-25 18:01:00+00:00,4556.94,open,4559.12,4550.399999999999,2.180000000000291,6.540000000000873,120,2026-03-25 20:01:00+00:00,4552.97,4559.12,0,2026-03-25 18:03:00+00:00,4550.399999999999,target_hit,6.540000000000873,True
1,2026-03-25 18:15:00+00:00,2026-03-25 18:16:00+00:00,4550.55,open,4546.88,4561.56,3.6700000000000728,11.010000000000218,120,2026-03-25 20:16:00+00:00,4546.88,4559.2,0,2026-03-25 18:17:00+00:00,4546.88,stop_loss,-3.6700000000000728,False
1,2026-03-25 18:30:00+00:00,2026-03-25 18:31:00+00:00,4553.87,open,4550.84,4562.959999999999,3.0299999999997453,9.089999999999236,120,2026-03-25 20:31:00+00:00,4550.84,4555.07,0,2026-03-25 18:38:00+00:00,4550.84,stop_loss,-3.0299999999997453,False
-1,2026-03-25 19:00:00+00:00,2026-03-25 19:01:00+00:00,4536.75,open,4550.76,4494.719999999999,14.010000000000218,42.030000000000655,120,2026-03-25 21:01:00+00:00,4544.19,4550.76,0,2026-03-25 19:11:00+00:00,4494.719999999999,target_hit,42.030000000000655,True
-1,2026-03-25 19:15:00+00:00,2026-03-25 19:16:00+00:00,4512.97,open,4534.85,4447.33,21.88000000000011,65.64000000000033,120,2026-03-25 21:16:00+00:00,4529.85,4534.85,0,2026-03-25 20:00:00+00:00,4534.85,stop_loss,-21.88000000000011,False
-1,2026-03-26 08:00:00+00:00,2026-03-26 08:01:00+00:00,4454.5,open,4460.34,4436.98,5.8400000000001455,17.520000000000437,120,2026-03-26 10:15:00+00:00,4456.14,4460.34,1,2026-03-26 08:16:00+00:00,4436.98,target_hit,17.520000000000437,True
-1,2026-03-26 08:15:00+00:00,2026-03-26 08:16:00+00:00,4441.52,open,4457.43,4393.790000000001,15.909999999999854,47.72999999999956,120,2026-03-26 12:15:00+00:00,4449.27,4457.43,5,2026-03-26 11:20:00+00:00,4457.43,stop_loss,-15.909999999999854,False
1,2026-03-26 11:30:00+00:00,2026-03-26 11:31:00+00:00,4446.03,open,4440.38,4462.979999999999,5.649999999999636,16.94999999999891,120,2026-03-26 13:31:00+00:00,4440.38,4445.86,0,2026-03-26 11:44:00+00:00,4440.38,stop_loss,-5.649999999999636,False
-1,2026-03-26 11:45:00+00:00,2026-03-26 11:46:00+00:00,4441.84,open,4450.94,4414.540000000002,9.099999999999454,27.299999999998363,120,2026-03-26 15:15:00+00:00,4444.41,4450.94,2,2026-03-26 13:23:00+00:00,4450.94,stop_loss,-9.099999999999454,False
1,2026-03-26 13:30:00+00:00,2026-03-26 13:31:00+00:00,4445.18,open,4443.4,4450.520000000002,1.7800000000006548,5.3400000000019645,120,2026-03-26 15:31:00+00:00,4443.4,4454.5,0,2026-03-26 13:32:00+00:00,4443.4,stop_loss,-1.7800000000006548,False
1,2026-03-26 14:00:00+00:00,2026-03-26 14:01:00+00:00,4452.76,open,4451.24,4457.3200000000015,1.5200000000004366,4.56000000000131,120,2026-03-26 16:01:00+00:00,4451.24,4461.35,0,2026-03-26 14:02:00+00:00,4451.24,stop_loss,-1.5200000000004366,False
1,2026-03-26 14:30:00+00:00,2026-03-26 14:31:00+00:00,4460.01,open,4444.17,4507.530000000001,15.840000000000146,47.52000000000044,120,2026-03-26 17:00:00+00:00,4444.17,4457.39,2,2026-03-26 15:31:00+00:00,4444.17,stop_loss,-15.840000000000146,False
-1,2026-03-26 15:30:00+00:00,2026-03-26 15:31:00+00:00,4450.41,open,4458.56,4425.959999999998,8.150000000000546,24.450000000001637,120,2026-03-26 18:00:00+00:00,4451.34,4458.56,2,2026-03-26 16:01:00+00:00,4425.959999999998,target_hit,24.450000000001637,True
-1,2026-03-26 16:00:00+00:00,2026-03-26 16:01:00+00:00,4437.18,open,4444.47,4415.31,7.289999999999964,21.86999999999989,120,2026-03-26 18:15:00+00:00,4436.83,4444.47,1,2026-03-26 16:21:00+00:00,4415.31,target_hit,21.86999999999989,True
-1,2026-03-26 16:30:00+00:00,2026-03-26 16:31:00+00:00,4387.06,open,4440.52,4226.68,53.460000000000036,160.3800000000001,120,2026-03-26 21:45:00+00:00,4434.51,4440.52,8,2026-03-26 22:01:00+00:00,4385.31,timeout,1.75,True
1,2026-03-27 08:15:00+00:00,2026-03-27 08:16:00+00:00,4446.46,open,4444.23,4453.1500000000015,2.230000000000473,6.690000000001419,120,2026-03-27 10:16:00+00:00,4444.23,4448.77,0,2026-03-27 08:17:00+00:00,4444.23,stop_loss,-2.230000000000473,False
-1,2026-03-27 08:30:00+00:00,2026-03-27 08:31:00+00:00,4433.97,open,4445.07,4400.670000000002,11.099999999999454,33.29999999999836,120,2026-03-27 14:00:00+00:00,4438.86,4445.07,8,2026-03-27 12:51:00+00:00,4445.07,stop_loss,-11.099999999999454,False
1,2026-03-27 13:00:00+00:00,2026-03-27 13:01:00+00:00,4441.18,open,4435.34,4458.700000000001,5.8400000000001455,17.520000000000437,120,2026-03-27 15:01:00+00:00,4435.34,4440.77,0,2026-03-27 13:02:00+00:00,4435.34,stop_loss,-5.8400000000001455,False
1,2026-03-27 14:00:00+00:00,2026-03-27 14:01:00+00:00,4437.17,open,4428.31,4463.749999999999,8.859999999999673,26.579999999999018,120,2026-03-27 16:01:00+00:00,4428.31,4434.71,0,2026-03-27 14:05:00+00:00,4463.749999999999,target_hit,26.579999999999018,True
1,2026-03-27 14:15:00+00:00,2026-03-27 14:16:00+00:00,4461.05,open,4429.7,4555.100000000001,31.350000000000364,94.05000000000109,120,2026-03-27 17:15:00+00:00,4429.7,4437.38,4,2026-03-27 15:23:00+00:00,4555.100000000001,target_hit,94.05000000000109,True
1,2026-03-27 15:30:00+00:00,2026-03-27 15:31:00+00:00,4543.48,open,4521.99,4607.949999999999,21.48999999999978,64.46999999999935,120,2026-03-27 17:45:00+00:00,4521.99,4531.17,1,2026-03-27 15:55:00+00:00,4521.99,stop_loss,-21.48999999999978,False
-1,2026-03-27 16:00:00+00:00,2026-03-27 16:01:00+00:00,4520.85,open,4533.0,4484.4000000000015,12.149999999999636,36.44999999999891,120,2026-03-27 18:01:00+00:00,4525.23,4533.0,0,2026-03-27 16:10:00+00:00,4533.0,stop_loss,-12.149999999999636,False
1,2026-03-27 16:15:00+00:00,2026-03-27 16:16:00+00:00,4529.28,open,4520.4,4555.92,8.88000000000011,26.640000000000327,120,2026-03-27 18:16:00+00:00,4520.4,4530.31,0,2026-03-27 16:31:00+00:00,4520.4,stop_loss,-8.88000000000011,False
-1,2026-03-27 16:30:00+00:00,2026-03-27 16:31:00+00:00,4524.42,open,4533.08,4498.4400000000005,8.659999999999854,25.979999999999563,120,2026-03-27 19:15:00+00:00,4526.06,4533.08,2,2026-03-27 17:18:00+00:00,4498.4400000000005,target_hit,25.979999999999563,True
-1,2026-03-27 17:30:00+00:00,2026-03-27 17:31:00+00:00,4489.26,open,4511.76,4421.76,22.5,67.5,120,2026-03-27 19:45:00+00:00,4502.51,4511.76,1,2026-03-27 18:30:00+00:00,4511.76,stop_loss,-22.5,False
1,2026-03-27 18:30:00+00:00,2026-03-27 18:31:00+00:00,4512.07,open,4498.34,4553.259999999998,13.729999999999563,41.18999999999869,120,2026-03-27 21:30:00+00:00,4498.34,4508.3,2,2026-03-27 20:49:00+00:00,4498.34,stop_loss,-13.729999999999563,False
-1,2026-03-30 07:15:00+00:00,2026-03-30 07:16:00+00:00,4532.9,open,4534.38,4528.459999999998,1.480000000000473,4.440000000001419,120,2026-03-30 09:16:00+00:00,4528.09,4534.38,0,2026-03-30 07:17:00+00:00,4528.459999999998,target_hit,4.440000000001419,True
-1,2026-03-30 07:30:00+00:00,2026-03-30 07:31:00+00:00,4521.7,open,4533.72,4485.6399999999985,12.020000000000437,36.06000000000131,120,2026-03-30 09:45:00+00:00,4526.91,4533.72,1,2026-03-30 08:06:00+00:00,4533.72,stop_loss,-12.020000000000437,False
1,2026-03-30 08:15:00+00:00,2026-03-30 08:16:00+00:00,4532.36,open,4526.52,4549.879999999997,5.839999999999236,17.519999999997708,120,2026-03-30 10:16:00+00:00,4526.52,4533.18,0,2026-03-30 08:23:00+00:00,4526.52,stop_loss,-5.839999999999236,False
1,2026-03-30 08:45:00+00:00,2026-03-30 08:46:00+00:00,4534.19,open,4528.53,4551.169999999999,5.6599999999998545,16.979999999999563,120,2026-03-30 10:46:00+00:00,4528.53,4535.48,0,2026-03-30 09:12:00+00:00,4528.53,stop_loss,-5.6599999999998545,False
-1,2026-03-30 09:15:00+00:00,2026-03-30 09:16:00+00:00,4526.23,open,4538.73,4488.73,12.5,37.5,120,2026-03-30 11:30:00+00:00,4530.81,4538.73,1,2026-03-30 10:19:00+00:00,4538.73,stop_loss,-12.5,False
-1,2026-03-30 10:30:00+00:00,2026-03-30 10:31:00+00:00,4529.93,open,4533.1,4520.42,3.1700000000000728,9.510000000000218,120,2026-03-30 12:31:00+00:00,4527.75,4533.1,0,2026-03-30 10:32:00+00:00,4533.1,stop_loss,-3.1700000000000728,False
-1,2026-03-30 11:00:00+00:00,2026-03-30 11:01:00+00:00,4531.32,open,4534.08,4523.039999999999,2.7600000000002183,8.280000000000655,120,2026-03-30 13:01:00+00:00,4530.1,4534.08,0,2026-03-30 11:08:00+00:00,4534.08,stop_loss,-2.7600000000002183,False
1,2026-03-30 11:15:00+00:00,2026-03-30 11:16:00+00:00,4540.67,open,4531.47,4568.2699999999995,9.199999999999818,27.599999999999454,120,2026-03-30 13:30:00+00:00,4531.47,4535.87,1,2026-03-30 11:45:00+00:00,4568.2699999999995,target_hit,27.599999999999454,True
1,2026-03-30 11:45:00+00:00,2026-03-30 11:46:00+00:00,4567.78,open,4543.13,4641.729999999999,24.649999999999636,73.94999999999891,120,2026-03-30 15:15:00+00:00,4543.13,4551.73,3,2026-03-30 13:45:00+00:00,4543.13,stop_loss,-24.649999999999636,False
-1,2026-03-30 14:00:00+00:00,2026-03-30 14:01:00+00:00,4527.01,open,4545.55,4471.39,18.539999999999964,55.61999999999989,120,2026-03-30 17:30:00+00:00,4534.93,4545.55,2,2026-03-30 15:36:00+00:00,4545.55,stop_loss,-18.539999999999964,False
1,2026-03-30 15:45:00+00:00,2026-03-30 15:46:00+00:00,4554.91,open,4532.63,4621.749999999999,22.279999999999745,66.83999999999924,120,2026-03-30 17:46:00+00:00,4532.63,4540.22,0,2026-03-30 16:30:00+00:00,4532.63,stop_loss,-22.279999999999745,False
1,2026-03-30 16:45:00+00:00,2026-03-30 16:46:00+00:00,4548.52,open,4535.96,4586.200000000002,12.5600000000004,37.6800000000012,120,2026-03-30 18:46:00+00:00,4535.96,4540.85,0,2026-03-30 17:02:00+00:00,4535.96,stop_loss,-12.5600000000004,False
-1,2026-03-30 17:15:00+00:00,2026-03-30 17:16:00+00:00,4521.41,open,4539.5,4467.139999999999,18.090000000000146,54.27000000000044,120,2026-03-30 21:00:00+00:00,4534.15,4539.5,4,2026-03-30 22:01:00+00:00,4517.06,timeout,4.349999999999454,True
-1,2026-03-31 07:00:00+00:00,2026-03-31 07:01:00+00:00,4556.49,open,4559.39,4547.789999999998,2.9000000000005457,8.700000000001637,120,2026-03-31 09:01:00+00:00,4554.38,4559.39,0,2026-03-31 07:02:00+00:00,4559.39,stop_loss,-2.9000000000005457,False
-1,2026-03-31 07:15:00+00:00,2026-03-31 07:16:00+00:00,4552.63,open,4563.31,4520.589999999999,10.680000000000291,32.04000000000087,120,2026-03-31 09:30:00+00:00,4556.86,4563.31,1,2026-03-31 07:45:00+00:00,4563.31,stop_loss,-10.680000000000291,False
1,2026-03-31 08:00:00+00:00,2026-03-31 08:01:00+00:00,4566.49,open,4558.35,4590.909999999998,8.139999999999418,24.419999999998254,120,2026-03-31 11:15:00+00:00,4558.35,4565.09,3,2026-03-31 09:30:00+00:00,4558.35,stop_loss,-8.139999999999418,False
-1,2026-03-31 09:30:00+00:00,2026-03-31 09:31:00+00:00,4558.04,open,4569.72,4522.999999999999,11.680000000000291,35.04000000000087,120,2026-03-31 12:45:00+00:00,4565.23,4569.72,2,2026-03-31 11:20:00+00:00,4569.72,stop_loss,-11.680000000000291,False
1,2026-03-31 11:30:00+00:00,2026-03-31 11:31:00+00:00,4574.59,open,4549.63,4649.47,24.960000000000036,74.88000000000011,120,2026-03-31 18:30:00+00:00,4549.63,4559.81,10,2026-03-31 16:42:00+00:00,4649.47,target_hit,74.88000000000011,True
1,2026-03-31 16:45:00+00:00,2026-03-31 16:46:00+00:00,4639.45,open,4619.77,4698.489999999998,19.67999999999938,59.039999999998145,120,2026-03-31 21:45:00+00:00,4619.77,4627.44,9,2026-03-31 22:01:00+00:00,4679.18,timeout,39.73000000000047,True
1,2026-04-01 07:00:00+00:00,2026-04-01 07:01:00+00:00,4728.76,open,4708.17,4790.530000000001,20.590000000000146,61.77000000000044,120,2026-04-01 17:45:00+00:00,4708.17,4718.58,19,2026-04-01 16:02:00+00:00,4790.530000000001,target_hit,61.77000000000044,True
-1,2026-04-01 16:15:00+00:00,2026-04-01 16:16:00+00:00,4778.3,open,4789.27,4745.389999999999,10.970000000000255,32.910000000000764,120,2026-04-01 18:45:00+00:00,4782.87,4789.27,1,2026-04-01 16:59:00+00:00,4789.27,stop_loss,-10.970000000000255,False
-1,2026-04-01 17:30:00+00:00,2026-04-01 17:31:00+00:00,4784.0,open,4788.32,4771.040000000001,4.319999999999709,12.959999999999127,120,2026-04-01 19:45:00+00:00,4783.78,4788.32,1,2026-04-01 18:01:00+00:00,4771.040000000001,target_hit,12.959999999999127,True
-1,2026-04-01 18:15:00+00:00,2026-04-01 18:16:00+00:00,4769.52,open,4771.14,4764.660000000001,1.6199999999998909,4.859999999999673,120,2026-04-01 20:16:00+00:00,4759.36,4771.14,0,2026-04-01 18:17:00+00:00,4764.660000000001,target_hit,4.859999999999673,True
-1,2026-04-01 18:30:00+00:00,2026-04-01 18:31:00+00:00,4758.0,open,4767.7,4728.900000000001,9.699999999999818,29.099999999999454,120,2026-04-01 21:00:00+00:00,4762.97,4767.7,1,2026-04-01 19:27:00+00:00,4767.7,stop_loss,-9.699999999999818,False
-1,2026-04-01 19:30:00+00:00,2026-04-01 19:31:00+00:00,4767.03,open,4768.83,4761.629999999999,1.800000000000182,5.400000000000546,120,2026-04-01 21:31:00+00:00,4762.53,4768.83,0,2026-04-01 19:35:00+00:00,4768.83,stop_loss,-1.800000000000182,False
1,2026-04-01 19:45:00+00:00,2026-04-01 19:46:00+00:00,4768.65,open,4763.59,4783.829999999998,5.059999999999491,15.179999999998472,120,2026-04-01 21:46:00+00:00,4763.59,4768.02,0,2026-04-01 19:50:00+00:00,4763.59,stop_loss,-5.059999999999491,False
1,2026-04-02 07:00:00+00:00,2026-04-02 07:01:00+00:00,4599.11,open,4585.06,4641.2599999999975,14.049999999999272,42.14999999999782,120,2026-04-02 09:30:00+00:00,4585.06,4597.28,2,2026-04-02 07:41:00+00:00,4641.2599999999975,target_hit,42.14999999999782,True
1,2026-04-02 07:45:00+00:00,2026-04-02 07:46:00+00:00,4637.54,open,4618.62,4694.3,18.920000000000073,56.76000000000022,120,2026-04-02 10:45:00+00:00,4618.62,4625.6,4,2026-04-02 08:58:00+00:00,4618.62,stop_loss,-18.920000000000073,False
-1,2026-04-02 09:45:00+00:00,2026-04-02 09:46:00+00:00,4619.29,open,4623.9,4605.460000000001,4.609999999999673,13.829999999999018,120,2026-04-02 11:46:00+00:00,4615.59,4623.9,0,2026-04-02 09:51:00+00:00,4623.9,stop_loss,-4.609999999999673,False
-1,2026-04-02 10:00:00+00:00,2026-04-02 10:01:00+00:00,4619.38,open,4627.43,4595.23,8.050000000000182,24.150000000000546,120,2026-04-02 12:01:00+00:00,4622.27,4627.43,0,2026-04-02 10:03:00+00:00,4627.43,stop_loss,-8.050000000000182,False
1,2026-04-02 10:15:00+00:00,2026-04-02 10:16:00+00:00,4625.12,open,4619.3,4642.579999999999,5.819999999999709,17.459999999999127,120,2026-04-02 12:16:00+00:00,4619.3,4625.41,0,2026-04-02 10:17:00+00:00,4619.3,stop_loss,-5.819999999999709,False
-1,2026-04-02 10:30:00+00:00,2026-04-02 10:31:00+00:00,4619.46,open,4625.14,4602.419999999999,5.680000000000291,17.040000000000873,120,2026-04-02 12:31:00+00:00,4619.8,4625.14,0,2026-04-02 10:42:00+00:00,4625.14,stop_loss,-5.680000000000291,False
1,2026-04-02 11:15:00+00:00,2026-04-02 11:16:00+00:00,4626.64,open,4617.42,4654.300000000001,9.220000000000255,27.660000000000764,120,2026-04-02 13:16:00+00:00,4617.42,4625.01,0,2026-04-02 11:29:00+00:00,4617.42,stop_loss,-9.220000000000255,False
-1,2026-04-02 11:45:00+00:00,2026-04-02 11:46:00+00:00,4598.66,open,4617.5,4542.139999999999,18.840000000000146,56.52000000000044,120,2026-04-02 13:46:00+00:00,4609.14,4617.5,0,2026-04-02 12:20:00+00:00,4617.5,stop_loss,-18.840000000000146,False
1,2026-04-02 12:30:00+00:00,2026-04-02 12:31:00+00:00,4623.3,open,4611.78,4657.8600000000015,11.520000000000437,34.56000000000131,120,2026-04-02 14:31:00+00:00,4611.78,4618.67,0,2026-04-02 12:56:00+00:00,4611.78,stop_loss,-11.520000000000437,False
-1,2026-04-02 13:00:00+00:00,2026-04-02 13:01:00+00:00,4584.9,open,4620.08,4479.359999999999,35.18000000000029,105.54000000000087,120,2026-04-02 15:15:00+00:00,4613.32,4620.08,1,2026-04-02 13:47:00+00:00,4620.08,stop_loss,-35.18000000000029,False
1,2026-04-02 14:00:00+00:00,2026-04-02 14:01:00+00:00,4642.45,open,4603.6,4758.999999999998,38.849999999999454,116.54999999999836,120,2026-04-02 21:15:00+00:00,4603.6,4614.36,11,2026-04-05 22:01:00+00:00,4655.09,timeout,12.640000000000327,True
1,2026-04-06 07:00:00+00:00,2026-04-06 07:01:00+00:00,4664.69,open,4655.6,4691.959999999997,9.089999999999236,27.269999999997708,120,2026-04-06 09:01:00+00:00,4655.6,4665.12,0,2026-04-06 07:10:00+00:00,4655.6,stop_loss,-9.089999999999236,False
-1,2026-04-06 07:15:00+00:00,2026-04-06 07:16:00+00:00,4653.8,open,4657.3,4643.3,3.5,10.5,120,2026-04-06 09:30:00+00:00,4652.79,4657.3,1,2026-04-06 07:37:00+00:00,4657.3,stop_loss,-3.5,False
1,2026-04-06 07:45:00+00:00,2026-04-06 07:46:00+00:00,4663.63,open,4658.59,4678.75,5.039999999999964,15.11999999999989,120,2026-04-06 09:46:00+00:00,4658.59,4665.01,0,2026-04-06 07:51:00+00:00,4678.75,target_hit,15.11999999999989,True
1,2026-04-06 08:00:00+00:00,2026-04-06 08:01:00+00:00,4685.84,open,4665.21,4747.7300000000005,20.63000000000011,61.89000000000033,120,2026-04-06 13:45:00+00:00,4665.21,4672.55,4,2026-04-06 12:21:00+00:00,4665.21,stop_loss,-20.63000000000011,False
-1,2026-04-06 12:30:00+00:00,2026-04-06 12:31:00+00:00,4668.22,open,4673.99,4650.910000000002,5.769999999999527,17.30999999999858,120,2026-04-06 14:31:00+00:00,4667.82,4673.99,0,2026-04-06 12:33:00+00:00,4673.99,stop_loss,-5.769999999999527,False
1,2026-04-06 12:45:00+00:00,2026-04-06 12:46:00+00:00,4678.55,open,4667.91,4710.470000000001,10.640000000000327,31.920000000000982,120,2026-04-06 15:00:00+00:00,4667.91,4673.0,1,2026-04-06 13:05:00+00:00,4667.91,stop_loss,-10.640000000000327,False
1,2026-04-06 14:00:00+00:00,2026-04-06 14:01:00+00:00,4684.79,open,4667.37,4737.05,17.420000000000073,52.26000000000022,120,2026-04-06 16:01:00+00:00,4667.37,4676.88,0,2026-04-06 14:05:00+00:00,4667.37,stop_loss,-17.420000000000073,False
-1,2026-04-06 14:15:00+00:00,2026-04-06 14:16:00+00:00,4671.91,open,4680.84,4645.119999999999,8.930000000000291,26.790000000000873,120,2026-04-06 16:16:00+00:00,4674.57,4680.84,0,2026-04-06 14:19:00+00:00,4680.84,stop_loss,-8.930000000000291,False
1,2026-04-06 14:30:00+00:00,2026-04-06 14:31:00+00:00,4689.77,open,4672.23,4742.390000000003,17.540000000000873,52.62000000000262,120,2026-04-06 16:45:00+00:00,4672.23,4678.15,1,2026-04-06 15:03:00+00:00,4672.23,stop_loss,-17.540000000000873,False
-1,2026-04-06 15:15:00+00:00,2026-04-06 15:16:00+00:00,4658.69,open,4685.0,4579.759999999998,26.3100000000004,78.9300000000012,120,2026-04-06 21:30:00+00:00,4678.43,4685.0,10,2026-04-06 22:01:00+00:00,4664.61,timeout,-5.920000000000073,False
-1,2026-04-07 07:30:00+00:00,2026-04-07 07:31:00+00:00,4640.6,open,4648.31,4617.47,7.710000000000036,23.13000000000011,120,2026-04-07 09:31:00+00:00,4638.16,4648.31,0,2026-04-07 08:01:00+00:00,4648.31,stop_loss,-7.710000000000036,False
1,2026-04-07 08:15:00+00:00,2026-04-07 08:16:00+00:00,4664.2,open,4648.46,4711.419999999999,15.739999999999782,47.219999999999345,120,2026-04-07 12:00:00+00:00,4648.46,4661.15,3,2026-04-07 11:02:00+00:00,4648.46,stop_loss,-15.739999999999782,False
-1,2026-04-07 11:15:00+00:00,2026-04-07 11:16:00+00:00,4638.23,open,4653.7,4591.819999999999,15.470000000000255,46.410000000000764,120,2026-04-07 13:30:00+00:00,4645.52,4653.7,1,2026-04-07 11:37:00+00:00,4653.7,stop_loss,-15.470000000000255,False
1,2026-04-07 11:45:00+00:00,2026-04-07 11:46:00+00:00,4660.62,open,4646.23,4703.790000000001,14.390000000000327,43.17000000000098,120,2026-04-07 14:30:00+00:00,4646.23,4652.15,1,2026-04-07 12:50:00+00:00,4646.23,stop_loss,-14.390000000000327,False
-1,2026-04-07 13:00:00+00:00,2026-04-07 13:01:00+00:00,4648.81,open,4655.62,4628.380000000002,6.809999999999491,20.429999999998472,120,2026-04-07 15:01:00+00:00,4647.35,4655.62,0,2026-04-07 13:03:00+00:00,4655.62,stop_loss,-6.809999999999491,False
1,2026-04-07 13:15:00+00:00,2026-04-07 13:16:00+00:00,4656.53,open,4647.65,4683.17,8.88000000000011,26.640000000000327,120,2026-04-07 15:30:00+00:00,4647.65,4654.95,1,2026-04-07 13:34:00+00:00,4647.65,stop_loss,-8.88000000000011,False
-1,2026-04-07 13:45:00+00:00,2026-04-07 13:46:00+00:00,4641.88,open,4658.51,4591.99,16.63000000000011,49.89000000000033,120,2026-04-07 16:30:00+00:00,4648.88,4658.51,2,2026-04-07 14:37:00+00:00,4658.51,stop_loss,-16.63000000000011,False
1,2026-04-07 14:45:00+00:00,2026-04-07 14:46:00+00:00,4648.01,open,4643.23,4662.350000000002,4.780000000000655,14.340000000001965,120,2026-04-07 16:46:00+00:00,4643.23,4648.98,0,2026-04-07 14:51:00+00:00,4643.23,stop_loss,-4.780000000000655,False
-1,2026-04-07 15:00:00+00:00,2026-04-07 15:01:00+00:00,4633.63,open,4650.03,4584.430000000001,16.399999999999636,49.19999999999891,120,2026-04-07 17:01:00+00:00,4643.61,4650.03,0,2026-04-07 15:15:00+00:00,4650.03,stop_loss,-16.399999999999636,False
1,2026-04-07 15:30:00+00:00,2026-04-07 15:31:00+00:00,4655.72,open,4639.95,4703.030000000002,15.770000000000437,47.31000000000131,120,2026-04-07 17:31:00+00:00,4639.95,4653.76,0,2026-04-07 15:41:00+00:00,4639.95,stop_loss,-15.770000000000437,False
-1,2026-04-07 15:45:00+00:00,2026-04-07 15:46:00+00:00,4646.3,open,4655.39,4619.03,9.090000000000146,27.270000000000437,120,2026-04-07 17:46:00+00:00,4647.31,4655.39,0,2026-04-07 15:55:00+00:00,4655.39,stop_loss,-9.090000000000146,False
1,2026-04-07 16:00:00+00:00,2026-04-07 16:01:00+00:00,4655.66,open,4645.9,4684.9400000000005,9.760000000000218,29.280000000000655,120,2026-04-07 19:15:00+00:00,4645.9,4651.14,3,2026-04-07 17:37:00+00:00,4684.9400000000005,target_hit,29.280000000000655,True
1,2026-04-07 17:45:00+00:00,2026-04-07 17:46:00+00:00,4672.29,open,4659.88,4709.5199999999995,12.409999999999854,37.22999999999956,120,2026-04-07 20:15:00+00:00,4659.88,4665.41,2,2026-04-07 18:55:00+00:00,4659.88,stop_loss,-12.409999999999854,False
-1,2026-04-07 19:00:00+00:00,2026-04-07 19:01:00+00:00,4662.5,open,4674.95,4625.150000000001,12.449999999999818,37.349999999999454,120,2026-04-07 21:01:00+00:00,4669.68,4674.95,0,2026-04-07 19:18:00+00:00,4674.95,stop_loss,-12.449999999999818,False
1,2026-04-07 19:30:00+00:00,2026-04-07 19:31:00+00:00,4686.06,open,4668.4,4739.040000000003,17.660000000000764,52.98000000000229,120,2026-04-07 21:45:00+00:00,4668.4,4682.57,1,2026-04-07 22:01:00+00:00,4739.040000000003,target_hit,52.98000000000229,True
-1,2026-04-08 07:15:00+00:00,2026-04-08 07:16:00+00:00,4814.28,open,4821.48,4792.68,7.199999999999818,21.599999999999454,120,2026-04-08 09:16:00+00:00,4816.04,4821.48,0,2026-04-08 07:26:00+00:00,4821.48,stop_loss,-7.199999999999818,False
1,2026-04-08 07:30:00+00:00,2026-04-08 07:31:00+00:00,4818.32,open,4814.39,4830.109999999998,3.9299999999993815,11.789999999998145,120,2026-04-08 09:31:00+00:00,4814.39,4821.45,0,2026-04-08 07:33:00+00:00,4814.39,stop_loss,-3.9299999999993815,False
-1,2026-04-08 07:45:00+00:00,2026-04-08 07:46:00+00:00,4812.41,open,4815.9,4801.9400000000005,3.4899999999997817,10.469999999999345,120,2026-04-08 09:46:00+00:00,4811.42,4815.9,0,2026-04-08 07:50:00+00:00,4815.9,stop_loss,-3.4899999999997817,False
1,2026-04-08 08:00:00+00:00,2026-04-08 08:01:00+00:00,4811.66,open,4808.05,4822.489999999999,3.6099999999996726,10.829999999999018,120,2026-04-08 10:15:00+00:00,4808.05,4813.64,1,2026-04-08 08:24:00+00:00,4808.05,stop_loss,-3.6099999999996726,False
-1,2026-04-08 08:30:00+00:00,2026-04-08 08:31:00+00:00,4805.95,open,4812.0,4787.799999999999,6.050000000000182,18.150000000000546,120,2026-04-08 11:30:00+00:00,4806.54,4812.0,1,2026-04-08 09:43:00+00:00,4787.799999999999,target_hit,18.150000000000546,True
-1,2026-04-08 09:45:00+00:00,2026-04-08 09:46:00+00:00,4779.18,open,4794.97,4731.81,15.789999999999964,47.36999999999989,120,2026-04-08 12:30:00+00:00,4790.86,4794.97,1,2026-04-08 10:45:00+00:00,4794.97,stop_loss,-15.789999999999964,False
1,2026-04-08 10:45:00+00:00,2026-04-08 10:46:00+00:00,4795.05,open,4788.35,4815.15,6.699999999999818,20.099999999999454,120,2026-04-08 12:46:00+00:00,4788.35,4793.12,0,2026-04-08 10:55:00+00:00,4788.35,stop_loss,-6.699999999999818,False
-1,2026-04-08 11:00:00+00:00,2026-04-08 11:01:00+00:00,4781.34,open,4796.42,4736.1,15.079999999999927,45.23999999999978,120,2026-04-08 13:15:00+00:00,4789.8,4796.42,1,2026-04-08 11:27:00+00:00,4796.42,stop_loss,-15.079999999999927,False
-1,2026-04-08 12:30:00+00:00,2026-04-08 12:31:00+00:00,4788.57,open,4802.55,4746.629999999998,13.980000000000473,41.94000000000142,120,2026-04-08 14:31:00+00:00,4792.19,4802.55,0,2026-04-08 12:55:00+00:00,4802.55,stop_loss,-13.980000000000473,False
-1,2026-04-08 13:30:00+00:00,2026-04-08 13:31:00+00:00,4785.96,open,4797.67,4750.83,11.710000000000036,35.13000000000011,120,2026-04-08 15:45:00+00:00,4791.83,4797.67,1,2026-04-08 14:32:00+00:00,4750.83,target_hit,35.13000000000011,True
-1,2026-04-08 14:45:00+00:00,2026-04-08 14:46:00+00:00,4758.02,open,4769.47,4723.670000000001,11.449999999999818,34.349999999999454,120,2026-04-08 20:00:00+00:00,4760.95,4769.47,5,2026-04-08 18:18:00+00:00,4723.670000000001,target_hit,34.349999999999454,True
-1,2026-04-08 18:30:00+00:00,2026-04-08 18:31:00+00:00,4721.77,open,4742.51,4659.550000000001,20.73999999999978,62.219999999999345,120,2026-04-08 20:45:00+00:00,4716.27,4742.51,1,2026-04-08 20:45:00+00:00,4723.82,timeout,-2.0499999999992724,False
-1,2026-04-09 07:00:00+00:00,2026-04-09 07:01:00+00:00,4711.15,open,4712.59,4706.829999999998,1.4400000000005093,4.320000000001528,120,2026-04-09 09:01:00+00:00,4703.89,4712.59,0,2026-04-09 07:02:00+00:00,4712.59,stop_loss,-1.4400000000005093,False
1,2026-04-09 07:15:00+00:00,2026-04-09 07:16:00+00:00,4723.99,open,4708.62,4770.099999999999,15.36999999999989,46.10999999999967,120,2026-04-09 09:16:00+00:00,4708.62,4716.01,0,2026-04-09 07:27:00+00:00,4708.62,stop_loss,-15.36999999999989,False
-1,2026-04-09 07:30:00+00:00,2026-04-09 07:31:00+00:00,4713.31,open,4722.58,4685.500000000002,9.269999999999527,27.80999999999858,120,2026-04-09 09:31:00+00:00,4717.99,4722.58,0,2026-04-09 07:34:00+00:00,4722.58,stop_loss,-9.269999999999527,False
1,2026-04-09 07:45:00+00:00,2026-04-09 07:46:00+00:00,4722.44,open,4708.73,4763.57,13.710000000000036,41.13000000000011,120,2026-04-09 15:00:00+00:00,4708.73,4715.35,6,2026-04-09 13:35:00+00:00,4763.57,target_hit,41.13000000000011,True
1,2026-04-09 13:45:00+00:00,2026-04-09 13:46:00+00:00,4775.06,open,4750.17,4849.730000000001,24.890000000000327,74.67000000000098,120,2026-04-09 16:15:00+00:00,4750.17,4756.31,1,2026-04-09 14:36:00+00:00,4750.17,stop_loss,-24.890000000000327,False
-1,2026-04-09 14:45:00+00:00,2026-04-09 14:46:00+00:00,4760.36,open,4765.14,4746.019999999998,4.780000000000655,14.340000000001965,120,2026-04-09 16:46:00+00:00,4761.16,4765.14,0,2026-04-09 14:51:00+00:00,4765.14,stop_loss,-4.780000000000655,False
1,2026-04-09 15:00:00+00:00,2026-04-09 15:01:00+00:00,4768.61,open,4754.73,4810.25,13.88000000000011,41.64000000000033,120,2026-04-09 21:45:00+00:00,4754.73,4761.57,7,2026-04-09 22:01:00+00:00,4771.28,timeout,2.6700000000000728,True
-1,2026-04-10 07:00:00+00:00,2026-04-10 07:01:00+00:00,4746.05,open,4754.46,4720.820000000001,8.409999999999854,25.229999999999563,120,2026-04-10 09:01:00+00:00,4750.42,4754.46,0,2026-04-10 07:23:00+00:00,4754.46,stop_loss,-8.409999999999854,False
-1,2026-04-10 08:15:00+00:00,2026-04-10 08:16:00+00:00,4748.72,open,4753.59,4734.110000000001,4.869999999999891,14.609999999999673,120,2026-04-10 10:30:00+00:00,4748.64,4753.59,1,2026-04-10 08:47:00+00:00,4734.110000000001,target_hit,14.609999999999673,True
-1,2026-04-10 09:00:00+00:00,2026-04-10 09:01:00+00:00,4740.81,open,4742.97,4734.330000000001,2.1599999999998545,6.479999999999563,120,2026-04-10 11:01:00+00:00,4732.94,4742.97,0,2026-04-10 09:02:00+00:00,4742.97,stop_loss,-2.1599999999998545,False
1,2026-04-10 09:30:00+00:00,2026-04-10 09:31:00+00:00,4748.72,open,4744.89,4760.21,3.8299999999999272,11.489999999999782,120,2026-04-10 11:31:00+00:00,4744.89,4754.55,0,2026-04-10 10:06:00+00:00,4744.89,stop_loss,-3.8299999999999272,False
-1,2026-04-10 10:15:00+00:00,2026-04-10 10:16:00+00:00,4747.28,open,4751.64,4734.199999999998,4.360000000000582,13.080000000001746,120,2026-04-10 12:16:00+00:00,4747.88,4751.64,0,2026-04-10 10:19:00+00:00,4751.64,stop_loss,-4.360000000000582,False
-1,2026-04-10 10:45:00+00:00,2026-04-10 10:46:00+00:00,4754.19,open,4760.49,4735.289999999999,6.300000000000182,18.900000000000546,120,2026-04-10 12:46:00+00:00,4756.09,4760.49,0,2026-04-10 11:23:00+00:00,4760.49,stop_loss,-6.300000000000182,False
1,2026-04-10 11:45:00+00:00,2026-04-10 11:46:00+00:00,4766.27,open,4763.11,4775.750000000003,3.160000000000764,9.480000000002292,120,2026-04-10 13:46:00+00:00,4763.11,4767.79,0,2026-04-10 11:51:00+00:00,4763.11,stop_loss,-3.160000000000764,False
1,2026-04-10 12:45:00+00:00,2026-04-10 12:46:00+00:00,4771.43,open,4761.27,4801.91,10.159999999999854,30.479999999999563,120,2026-04-10 17:30:00+00:00,4761.27,4778.02,5,2026-04-10 15:36:00+00:00,4761.27,stop_loss,-10.159999999999854,False
-1,2026-04-10 15:45:00+00:00,2026-04-10 15:46:00+00:00,4767.92,open,4775.39,4745.509999999999,7.470000000000255,22.410000000000764,120,2026-04-10 21:30:00+00:00,4769.89,4775.39,7,2026-04-10 20:25:00+00:00,4745.509999999999,target_hit,22.410000000000764,True
1,2026-04-13 07:15:00+00:00,2026-04-13 07:16:00+00:00,4730.22,open,4725.69,4743.810000000002,4.530000000000655,13.590000000001965,120,2026-04-13 10:15:00+00:00,4725.69,4729.3,2,2026-04-13 08:41:00+00:00,4725.69,stop_loss,-4.530000000000655,False
-1,2026-04-13 09:15:00+00:00,2026-04-13 09:16:00+00:00,4717.22,open,4726.94,4688.060000000002,9.719999999999345,29.159999999998035,120,2026-04-13 12:30:00+00:00,4721.77,4726.94,2,2026-04-13 11:05:00+00:00,4726.94,stop_loss,-9.719999999999345,False
-1,2026-04-13 11:15:00+00:00,2026-04-13 11:16:00+00:00,4721.06,open,4727.01,4703.210000000001,5.949999999999818,17.849999999999454,120,2026-04-13 13:45:00+00:00,4723.1,4727.01,2,2026-04-13 12:01:00+00:00,4703.210000000001,target_hit,17.849999999999454,True
1,2026-04-13 12:15:00+00:00,2026-04-13 12:16:00+00:00,4716.34,open,4703.21,4755.7300000000005,13.13000000000011,39.39000000000033,120,2026-04-13 15:15:00+00:00,4703.21,4709.58,2,2026-04-13 15:05:00+00:00,4703.21,stop_loss,-13.13000000000011,False
-1,2026-04-13 15:15:00+00:00,2026-04-13 15:16:00+00:00,4708.16,open,4720.15,4672.1900000000005,11.989999999999782,35.969999999999345,120,2026-04-13 17:30:00+00:00,4709.22,4720.15,1,2026-04-13 16:13:00+00:00,4720.15,stop_loss,-11.989999999999782,False
1,2026-04-13 16:15:00+00:00,2026-04-13 16:16:00+00:00,4719.49,open,4710.81,4745.529999999998,8.679999999999382,26.039999999998145,120,2026-04-13 18:45:00+00:00,4710.81,4719.95,2,2026-04-13 16:47:00+00:00,4745.529999999998,target_hit,26.039999999998145,True
-1,2026-04-13 17:00:00+00:00,2026-04-13 17:01:00+00:00,4733.25,open,4741.97,4707.089999999999,8.720000000000255,26.160000000000764,120,2026-04-13 19:15:00+00:00,4737.88,4741.97,1,2026-04-13 17:19:00+00:00,4741.97,stop_loss,-8.720000000000255,False
1,2026-04-13 17:30:00+00:00,2026-04-13 17:31:00+00:00,4746.08,open,4731.99,4788.35,14.090000000000146,42.27000000000044,120,2026-04-13 19:45:00+00:00,4731.99,4737.21,1,2026-04-13 17:53:00+00:00,4731.99,stop_loss,-14.090000000000146,False
-1,2026-04-13 18:00:00+00:00,2026-04-13 18:01:00+00:00,4731.34,open,4743.51,4694.83,12.170000000000073,36.51000000000022,120,2026-04-13 20:01:00+00:00,4736.22,4743.51,0,2026-04-13 19:26:00+00:00,4743.51,stop_loss,-12.170000000000073,False
1,2026-04-14 07:15:00+00:00,2026-04-14 07:16:00+00:00,4788.36,open,4785.97,4795.529999999998,2.389999999999418,7.169999999998254,120,2026-04-14 09:16:00+00:00,4785.97,4792.05,0,2026-04-14 07:19:00+00:00,4785.97,stop_loss,-2.389999999999418,False
-1,2026-04-14 07:30:00+00:00,2026-04-14 07:31:00+00:00,4774.49,open,4787.33,4735.969999999999,12.840000000000146,38.52000000000044,120,2026-04-14 09:31:00+00:00,4780.43,4787.33,0,2026-04-14 08:30:00+00:00,4787.33,stop_loss,-12.840000000000146,False
1,2026-04-14 08:30:00+00:00,2026-04-14 08:31:00+00:00,4786.89,open,4777.31,4815.63,9.579999999999927,28.73999999999978,120,2026-04-14 10:31:00+00:00,4777.31,4781.89,0,2026-04-14 09:30:00+00:00,4777.31,stop_loss,-9.579999999999927,False
-1,2026-04-14 09:30:00+00:00,2026-04-14 09:31:00+00:00,4776.11,open,4786.11,4746.11,10.0,30.0,120,2026-04-14 11:45:00+00:00,4781.27,4786.11,1,2026-04-14 10:19:00+00:00,4786.11,stop_loss,-10.0,False
-1,2026-04-14 10:45:00+00:00,2026-04-14 10:46:00+00:00,4768.45,open,4784.7,4719.7,16.25,48.75,120,2026-04-14 15:00:00+00:00,4776.3,4784.7,2,2026-04-14 13:16:00+00:00,4784.7,stop_loss,-16.25,False
1,2026-04-14 13:15:00+00:00,2026-04-14 13:16:00+00:00,4782.52,open,4770.96,4817.200000000002,11.5600000000004,34.6800000000012,120,2026-04-14 16:30:00+00:00,4770.96,4776.19,3,2026-04-14 14:35:00+00:00,4817.200000000002,target_hit,34.6800000000012,True
-1,2026-04-14 14:45:00+00:00,2026-04-14 14:46:00+00:00,4797.7,open,4811.82,4755.34,14.11999999999989,42.35999999999967,120,2026-04-14 17:15:00+00:00,4806.03,4811.82,1,2026-04-14 15:36:00+00:00,4811.82,stop_loss,-14.11999999999989,False
1,2026-04-14 15:45:00+00:00,2026-04-14 15:46:00+00:00,4811.11,open,4801.83,4838.949999999999,9.279999999999745,27.839999999999236,120,2026-04-14 19:15:00+00:00,4801.83,4808.87,3,2026-04-14 17:38:00+00:00,4838.949999999999,target_hit,27.839999999999236,True
1,2026-04-14 17:45:00+00:00,2026-04-14 17:46:00+00:00,4837.96,open,4826.58,4872.1,11.38000000000011,34.14000000000033,120,2026-04-14 21:15:00+00:00,4826.58,4830.03,1,2026-04-14 22:01:00+00:00,4837.66,timeout,-0.3000000000001819,False
1,2026-04-15 07:30:00+00:00,2026-04-15 07:31:00+00:00,4809.43,open,4806.75,4817.470000000001,2.680000000000291,8.040000000000873,120,2026-04-15 09:31:00+00:00,4806.75,4811.4,0,2026-04-15 07:46:00+00:00,4806.75,stop_loss,-2.680000000000291,False
-1,2026-04-15 07:45:00+00:00,2026-04-15 07:46:00+00:00,4807.87,open,4813.12,4792.12,5.25,15.75,120,2026-04-15 10:15:00+00:00,4808.63,4813.12,1,2026-04-15 08:18:00+00:00,4813.12,stop_loss,-5.25,False
1,2026-04-15 08:30:00+00:00,2026-04-15 08:31:00+00:00,4811.66,open,4810.01,4816.609999999999,1.6499999999996362,4.949999999998909,120,2026-04-15 10:31:00+00:00,4810.01,4814.92,0,2026-04-15 08:32:00+00:00,4810.01,stop_loss,-1.6499999999996362,False
-1,2026-04-15 08:45:00+00:00,2026-04-15 08:46:00+00:00,4810.62,open,4812.3,4805.579999999999,1.680000000000291,5.040000000000873,120,2026-04-15 10:46:00+00:00,4807.32,4812.3,0,2026-04-15 08:48:00+00:00,4812.3,stop_loss,-1.680000000000291,False
-1,2026-04-15 09:15:00+00:00,2026-04-15 09:16:00+00:00,4803.06,open,4819.1,4754.9400000000005,16.039999999999964,48.11999999999989,120,2026-04-15 15:00:00+00:00,4813.14,4819.1,3,2026-04-15 13:21:00+00:00,4819.1,stop_loss,-16.039999999999964,False
1,2026-04-15 14:00:00+00:00,2026-04-15 14:01:00+00:00,4827.21,open,4824.67,4834.83,2.5399999999999636,7.619999999999891,120,2026-04-15 16:01:00+00:00,4824.67,4830.36,0,2026-04-15 14:02:00+00:00,4824.67,stop_loss,-2.5399999999999636,False
-1,2026-04-15 14:15:00+00:00,2026-04-15 14:16:00+00:00,4825.73,open,4828.64,4816.999999999997,2.910000000000764,8.730000000002292,120,2026-04-15 16:16:00+00:00,4819.78,4828.64,0,2026-04-15 14:17:00+00:00,4828.64,stop_loss,-2.910000000000764,False
-1,2026-04-15 14:45:00+00:00,2026-04-15 14:46:00+00:00,4818.33,open,4825.81,4795.8899999999985,7.480000000000473,22.44000000000142,120,2026-04-15 17:15:00+00:00,4820.61,4825.81,1,2026-04-15 15:30:00+00:00,4795.8899999999985,target_hit,22.44000000000142,True
-1,2026-04-15 15:30:00+00:00,2026-04-15 15:31:00+00:00,4796.12,open,4809.03,4757.39,12.909999999999854,38.72999999999956,120,2026-04-15 18:00:00+00:00,4804.23,4809.03,2,2026-04-15 16:13:00+00:00,4809.03,stop_loss,-12.909999999999854,False
-1,2026-04-15 16:45:00+00:00,2026-04-15 16:46:00+00:00,4805.04,open,4810.81,4787.729999999999,5.770000000000437,17.31000000000131,120,2026-04-15 19:30:00+00:00,4806.78,4810.81,1,2026-04-15 19:30:00+00:00,4802.19,timeout,2.850000000000364,True
1,2026-04-16 07:00:00+00:00,2026-04-16 07:01:00+00:00,4826.22,open,4824.74,4830.660000000002,1.480000000000473,4.440000000001419,120,2026-04-16 09:01:00+00:00,4824.74,4829.19,0,2026-04-16 07:02:00+00:00,4824.74,stop_loss,-1.480000000000473,False
-1,2026-04-16 07:15:00+00:00,2026-04-16 07:16:00+00:00,4823.58,open,4829.25,4806.57,5.670000000000073,17.01000000000022,120,2026-04-16 09:16:00+00:00,4825.19,4829.25,0,2026-04-16 07:39:00+00:00,4829.25,stop_loss,-5.670000000000073,False
-1,2026-04-16 10:15:00+00:00,2026-04-16 10:16:00+00:00,4807.29,open,4815.81,4781.729999999999,8.520000000000437,25.56000000000131,120,2026-04-16 12:16:00+00:00,4811.2,4815.81,0,2026-04-16 10:56:00+00:00,4815.81,stop_loss,-8.520000000000437,False
-1,2026-04-16 12:30:00+00:00,2026-04-16 12:31:00+00:00,4813.95,open,4818.85,4799.249999999998,4.900000000000546,14.700000000001637,120,2026-04-16 14:31:00+00:00,4814.34,4818.85,0,2026-04-16 12:33:00+00:00,4818.85,stop_loss,-4.900000000000546,False
1,2026-04-16 12:45:00+00:00,2026-04-16 12:46:00+00:00,4817.44,open,4815.75,4822.509999999998,1.6899999999995998,5.0699999999987995,120,2026-04-16 14:46:00+00:00,4815.75,4820.57,0,2026-04-16 12:48:00+00:00,4815.75,stop_loss,-1.6899999999995998,False
1,2026-04-16 13:45:00+00:00,2026-04-16 13:46:00+00:00,4817.82,open,4816.17,4822.769999999999,1.6499999999996362,4.949999999998909,120,2026-04-16 15:46:00+00:00,4816.17,4822.34,0,2026-04-16 13:47:00+00:00,4816.17,stop_loss,-1.6499999999996362,False
-1,2026-04-16 14:00:00+00:00,2026-04-16 14:01:00+00:00,4794.93,open,4819.45,4721.370000000002,24.519999999999527,73.55999999999858,120,2026-04-16 19:45:00+00:00,4811.89,4819.45,8,2026-04-16 19:45:00+00:00,4798.72,timeout,-3.7899999999999636,False
-1,2026-04-17 07:45:00+00:00,2026-04-17 07:46:00+00:00,4784.29,open,4792.72,4758.999999999999,8.430000000000291,25.290000000000873,120,2026-04-17 09:46:00+00:00,4788.37,4792.72,0,2026-04-17 08:41:00+00:00,4792.72,stop_loss,-8.430000000000291,False
-1,2026-04-17 11:00:00+00:00,2026-04-17 11:01:00+00:00,4785.38,open,4787.11,4780.190000000001,1.7299999999995634,5.18999999999869,120,2026-04-17 13:01:00+00:00,4782.39,4787.11,0,2026-04-17 11:02:00+00:00,4787.11,stop_loss,-1.7299999999995634,False
1,2026-04-17 12:00:00+00:00,2026-04-17 12:01:00+00:00,4801.2,open,4798.46,4809.419999999999,2.7399999999997817,8.219999999999345,120,2026-04-17 14:15:00+00:00,4798.46,4805.98,1,2026-04-17 12:24:00+00:00,4809.419999999999,target_hit,8.219999999999345,True
1,2026-04-17 12:30:00+00:00,2026-04-17 12:31:00+00:00,4820.68,open,4807.81,4859.29,12.86999999999989,38.60999999999967,120,2026-04-17 15:00:00+00:00,4807.81,4812.42,1,2026-04-17 13:09:00+00:00,4859.29,target_hit,38.60999999999967,True
-1,2026-04-17 13:30:00+00:00,2026-04-17 13:31:00+00:00,4851.28,open,4884.58,4751.379999999999,33.30000000000018,99.90000000000055,120,2026-04-17 15:31:00+00:00,4876.69,4884.58,0,2026-04-17 14:01:00+00:00,4884.58,stop_loss,-33.30000000000018,False
1,2026-04-17 14:00:00+00:00,2026-04-17 14:01:00+00:00,4882.92,open,4859.95,4951.830000000001,22.970000000000255,68.91000000000076,120,2026-04-17 17:30:00+00:00,4859.95,4867.73,3,2026-04-17 15:43:00+00:00,4859.95,stop_loss,-22.970000000000255,False
-1,2026-04-17 17:15:00+00:00,2026-04-17 17:16:00+00:00,4862.5,open,4866.5,4850.5,4.0,12.0,120,2026-04-17 19:30:00+00:00,4857.74,4866.5,1,2026-04-17 18:06:00+00:00,4866.5,stop_loss,-4.0,False
1,2026-04-17 18:30:00+00:00,2026-04-17 18:31:00+00:00,4864.09,open,4860.7,4874.260000000001,3.3900000000003274,10.170000000000982,120,2026-04-17 20:31:00+00:00,4860.7,4865.91,0,2026-04-17 18:43:00+00:00,4860.7,stop_loss,-3.3900000000003274,False
1,2026-04-17 18:45:00+00:00,2026-04-17 18:46:00+00:00,4862.13,open,4860.43,4867.23,1.699999999999818,5.099999999999454,120,2026-04-17 20:46:00+00:00,4860.43,4864.9,0,2026-04-17 18:49:00+00:00,4860.43,stop_loss,-1.699999999999818,False
1,2026-04-20 07:00:00+00:00,2026-04-20 07:01:00+00:00,4797.46,open,4786.49,4830.370000000001,10.970000000000255,32.910000000000764,120,2026-04-20 09:30:00+00:00,4786.49,4793.22,1,2026-04-20 08:02:00+00:00,4786.49,stop_loss,-10.970000000000255,False
1,2026-04-20 09:45:00+00:00,2026-04-20 09:46:00+00:00,4792.44,open,4785.39,4813.589999999997,7.049999999999272,21.149999999997817,120,2026-04-20 11:46:00+00:00,4785.39,4789.13,0,2026-04-20 11:46:00+00:00,4797.96,timeout,5.520000000000437,True
1,2026-04-20 12:00:00+00:00,2026-04-20 12:01:00+00:00,4810.14,open,4803.95,4828.710000000002,6.190000000000509,18.570000000001528,120,2026-04-20 14:01:00+00:00,4803.95,4808.31,0,2026-04-20 12:06:00+00:00,4803.95,stop_loss,-6.190000000000509,False
-1,2026-04-20 12:30:00+00:00,2026-04-20 12:31:00+00:00,4808.07,open,4811.74,4797.0599999999995,3.6700000000000728,11.010000000000218,120,2026-04-20 15:00:00+00:00,4807.86,4811.74,1,2026-04-20 13:08:00+00:00,4811.74,stop_loss,-3.6700000000000728,False
1,2026-04-20 13:30:00+00:00,2026-04-20 13:31:00+00:00,4823.26,open,4816.53,4843.450000000002,6.730000000000473,20.19000000000142,120,2026-04-20 15:31:00+00:00,4816.53,4820.65,0,2026-04-20 13:33:00+00:00,4816.53,stop_loss,-6.730000000000473,False
-1,2026-04-20 13:45:00+00:00,2026-04-20 13:46:00+00:00,4823.23,open,4824.43,4819.629999999997,1.2000000000007276,3.600000000002183,120,2026-04-20 15:46:00+00:00,4817.96,4824.43,0,2026-04-20 13:47:00+00:00,4819.629999999997,target_hit,3.600000000002183,True
-1,2026-04-20 14:00:00+00:00,2026-04-20 14:01:00+00:00,4814.87,open,4824.85,4784.9299999999985,9.980000000000473,29.94000000000142,120,2026-04-20 16:01:00+00:00,4819.52,4824.85,0,2026-04-20 14:24:00+00:00,4824.85,stop_loss,-9.980000000000473,False
-1,2026-04-20 14:45:00+00:00,2026-04-20 14:46:00+00:00,4814.17,open,4822.02,4790.619999999999,7.850000000000364,23.55000000000109,120,2026-04-20 19:45:00+00:00,4817.16,4822.02,6,2026-04-20 19:13:00+00:00,4822.02,stop_loss,-7.850000000000364,False
1,2026-04-20 19:15:00+00:00,2026-04-20 19:16:00+00:00,4819.85,open,4813.94,4837.580000000003,5.910000000000764,17.730000000002292,120,2026-04-20 21:16:00+00:00,4813.94,4818.64,0,2026-04-20 19:34:00+00:00,4813.94,stop_loss,-5.910000000000764,False
1,2026-04-21 07:30:00+00:00,2026-04-21 07:31:00+00:00,4784.26,open,4782.76,4788.76,1.5,4.5,120,2026-04-21 09:31:00+00:00,4782.76,4788.07,0,2026-04-21 07:32:00+00:00,4782.76,stop_loss,-1.5,False
-1,2026-04-21 08:15:00+00:00,2026-04-21 08:16:00+00:00,4777.92,open,4786.37,4752.570000000001,8.449999999999818,25.349999999999454,120,2026-04-21 10:16:00+00:00,4778.44,4786.37,0,2026-04-21 08:21:00+00:00,4786.37,stop_loss,-8.449999999999818,False
-1,2026-04-21 11:15:00+00:00,2026-04-21 11:16:00+00:00,4781.94,open,4785.78,4770.419999999999,3.8400000000001455,11.520000000000437,120,2026-04-21 13:16:00+00:00,4775.29,4785.78,0,2026-04-21 11:30:00+00:00,4785.78,stop_loss,-3.8400000000001455,False
1,2026-04-21 11:45:00+00:00,2026-04-21 11:46:00+00:00,4793.29,open,4783.13,4823.7699999999995,10.159999999999854,30.479999999999563,120,2026-04-21 14:15:00+00:00,4783.13,4787.28,1,2026-04-21 12:20:00+00:00,4783.13,stop_loss,-10.159999999999854,False
-1,2026-04-21 12:30:00+00:00,2026-04-21 12:31:00+00:00,4775.37,open,4790.57,4729.77,15.199999999999818,45.599999999999454,120,2026-04-21 14:45:00+00:00,4787.02,4790.57,1,2026-04-21 13:40:00+00:00,4790.57,stop_loss,-15.199999999999818,False
1,2026-04-21 13:45:00+00:00,2026-04-21 13:46:00+00:00,4787.42,open,4775.87,4822.070000000001,11.550000000000182,34.650000000000546,120,2026-04-21 15:46:00+00:00,4775.87,4781.49,0,2026-04-21 14:00:00+00:00,4775.87,stop_loss,-11.550000000000182,False
-1,2026-04-21 14:15:00+00:00,2026-04-21 14:16:00+00:00,4777.85,open,4780.48,4769.960000000003,2.6299999999991996,7.889999999997599,120,2026-04-21 16:16:00+00:00,4773.41,4780.48,0,2026-04-21 14:17:00+00:00,4780.48,stop_loss,-2.6299999999991996,False
-1,2026-04-21 14:30:00+00:00,2026-04-21 14:31:00+00:00,4772.56,open,4778.62,4754.380000000002,6.059999999999491,18.179999999998472,120,2026-04-21 16:31:00+00:00,4773.86,4778.62,0,2026-04-21 14:40:00+00:00,4754.380000000002,target_hit,18.179999999998472,True
-1,2026-04-21 14:45:00+00:00,2026-04-21 14:46:00+00:00,4744.31,open,4770.75,4664.990000000002,26.4399999999996,79.3199999999988,120,2026-04-21 21:45:00+00:00,4765.53,4770.75,9,2026-04-21 22:01:00+00:00,4724.38,timeout,19.93000000000029,True
-1,2026-04-22 10:15:00+00:00,2026-04-22 10:16:00+00:00,4749.92,open,4755.04,4734.56,5.119999999999891,15.359999999999673,120,2026-04-22 12:16:00+00:00,4750.51,4755.04,0,2026-04-22 10:21:00+00:00,4755.04,stop_loss,-5.119999999999891,False
1,2026-04-22 12:00:00+00:00,2026-04-22 12:01:00+00:00,4752.7,open,4748.62,4764.94,4.079999999999927,12.239999999999782,120,2026-04-22 14:01:00+00:00,4748.62,4753.07,0,2026-04-22 12:17:00+00:00,4748.62,stop_loss,-4.079999999999927,False
-1,2026-04-22 12:45:00+00:00,2026-04-22 12:46:00+00:00,4746.72,open,4753.54,4726.260000000001,6.819999999999709,20.459999999999127,120,2026-04-22 15:00:00+00:00,4749.06,4753.54,1,2026-04-22 13:43:00+00:00,4753.54,stop_loss,-6.819999999999709,False
-1,2026-04-22 14:15:00+00:00,2026-04-22 14:16:00+00:00,4747.41,open,4754.52,4726.079999999998,7.110000000000582,21.330000000001746,120,2026-04-22 17:30:00+00:00,4750.6,4754.52,2,2026-04-22 15:40:00+00:00,4726.079999999998,target_hit,21.330000000001746,True
-1,2026-04-22 15:45:00+00:00,2026-04-22 15:46:00+00:00,4728.31,open,4733.83,4711.750000000002,5.519999999999527,16.55999999999858,120,2026-04-22 17:46:00+00:00,4727.6,4733.83,0,2026-04-22 16:05:00+00:00,4733.83,stop_loss,-5.519999999999527,False
-1,2026-04-22 16:30:00+00:00,2026-04-22 16:31:00+00:00,4725.08,open,4728.5,4714.82,3.4200000000000728,10.260000000000218,120,2026-04-22 18:31:00+00:00,4724.8,4728.5,0,2026-04-22 16:34:00+00:00,4728.5,stop_loss,-3.4200000000000728,False
1,2026-04-22 17:15:00+00:00,2026-04-22 17:16:00+00:00,4736.9,open,4729.28,4759.759999999999,7.619999999999891,22.859999999999673,120,2026-04-22 20:45:00+00:00,4729.28,4735.05,1,2026-04-22 20:45:00+00:00,4738.09,timeout,1.1900000000005093,True
-1,2026-04-23 07:15:00+00:00,2026-04-23 07:16:00+00:00,4712.25,open,4713.52,4708.439999999999,1.2700000000004366,3.8100000000013097,120,2026-04-23 09:16:00+00:00,4709.22,4713.52,0,2026-04-23 07:17:00+00:00,4713.52,stop_loss,-1.2700000000004366,False
-1,2026-04-23 07:30:00+00:00,2026-04-23 07:31:00+00:00,4704.56,open,4714.23,4675.550000000003,9.669999999999163,29.00999999999749,120,2026-04-23 09:31:00+00:00,4708.55,4714.23,0,2026-04-23 07:45:00+00:00,4714.23,stop_loss,-9.669999999999163,False
1,2026-04-23 07:45:00+00:00,2026-04-23 07:46:00+00:00,4714.82,open,4704.52,4745.7199999999975,10.299999999999272,30.899999999997817,120,2026-04-23 10:15:00+00:00,4704.52,4708.71,1,2026-04-23 08:44:00+00:00,4704.52,stop_loss,-10.299999999999272,False
-1,2026-04-23 08:45:00+00:00,2026-04-23 08:46:00+00:00,4702.57,open,4713.96,4668.399999999999,11.390000000000327,34.17000000000098,120,2026-04-23 12:30:00+00:00,4709.56,4713.96,2,2026-04-23 11:54:00+00:00,4713.96,stop_loss,-11.390000000000327,False
1,2026-04-23 12:00:00+00:00,2026-04-23 12:01:00+00:00,4725.67,open,4706.85,4782.129999999999,18.81999999999971,56.45999999999913,120,2026-04-23 18:45:00+00:00,4706.85,4713.58,6,2026-04-23 17:10:00+00:00,4706.85,stop_loss,-18.81999999999971,False
-1,2026-04-23 17:15:00+00:00,2026-04-23 17:16:00+00:00,4713.75,open,4735.04,4649.88,21.289999999999964,63.86999999999989,120,2026-04-23 21:30:00+00:00,4724.07,4735.04,5,2026-04-23 22:01:00+00:00,4699.18,timeout,14.569999999999709,True
1,2026-04-24 08:00:00+00:00,2026-04-24 08:01:00+00:00,4691.59,open,4690.41,4695.130000000001,1.180000000000291,3.540000000000873,120,2026-04-24 10:01:00+00:00,4690.41,4695.27,0,2026-04-24 08:02:00+00:00,4690.41,stop_loss,-1.180000000000291,False
-1,2026-04-24 08:15:00+00:00,2026-04-24 08:16:00+00:00,4690.53,open,4694.84,4677.5999999999985,4.3100000000004,12.9300000000012,120,2026-04-24 10:16:00+00:00,4690.03,4694.84,0,2026-04-24 08:20:00+00:00,4694.84,stop_loss,-4.3100000000004,False
1,2026-04-24 08:30:00+00:00,2026-04-24 08:31:00+00:00,4687.75,open,4686.58,4691.26,1.1700000000000728,3.5100000000002183,120,2026-04-24 10:31:00+00:00,4686.58,4691.63,0,2026-04-24 08:32:00+00:00,4686.58,stop_loss,-1.1700000000000728,False
1,2026-04-24 09:45:00+00:00,2026-04-24 09:46:00+00:00,4686.17,open,4683.57,4693.970000000001,2.600000000000364,7.800000000001091,120,2026-04-24 11:46:00+00:00,4683.57,4688.74,0,2026-04-24 09:50:00+00:00,4683.57,stop_loss,-2.600000000000364,False
1,2026-04-24 11:15:00+00:00,2026-04-24 11:16:00+00:00,4699.48,open,4677.92,4764.159999999998,21.55999999999949,64.67999999999847,120,2026-04-24 19:30:00+00:00,4677.92,4681.8,8,2026-04-24 19:30:00+00:00,4719.01,timeout,19.530000000000655,True
1,2026-04-27 12:30:00+00:00,2026-04-27 12:31:00+00:00,4705.98,open,4704.02,4711.859999999997,1.9599999999991269,5.879999999997381,120,2026-04-27 14:31:00+00:00,4704.02,4707.42,0,2026-04-27 12:36:00+00:00,4704.02,stop_loss,-1.9599999999991269,False
-1,2026-04-27 13:00:00+00:00,2026-04-27 13:01:00+00:00,4699.28,open,4703.33,4687.129999999999,4.050000000000182,12.150000000000546,120,2026-04-27 15:15:00+00:00,4699.45,4703.33,1,2026-04-27 13:18:00+00:00,4703.33,stop_loss,-4.050000000000182,False
1,2026-04-27 13:30:00+00:00,2026-04-27 13:31:00+00:00,4698.15,open,4695.53,4706.009999999999,2.619999999999891,7.859999999999673,120,2026-04-27 15:31:00+00:00,4695.53,4699.36,0,2026-04-27 13:33:00+00:00,4695.53,stop_loss,-2.619999999999891,False
1,2026-04-27 14:15:00+00:00,2026-04-27 14:16:00+00:00,4692.44,open,4688.51,4704.229999999998,3.9299999999993815,11.789999999998145,120,2026-04-27 16:16:00+00:00,4688.51,4692.2,0,2026-04-27 14:27:00+00:00,4688.51,stop_loss,-3.9299999999993815,False
-1,2026-04-27 14:30:00+00:00,2026-04-27 14:31:00+00:00,4686.96,open,4693.4,4667.640000000001,6.4399999999996,19.3199999999988,120,2026-04-27 16:31:00+00:00,4689.45,4693.4,0,2026-04-27 14:36:00+00:00,4693.4,stop_loss,-6.4399999999996,False
1,2026-04-27 14:45:00+00:00,2026-04-27 14:46:00+00:00,4691.98,open,4685.37,4711.809999999999,6.609999999999673,19.829999999999018,120,2026-04-27 16:46:00+00:00,4685.37,4690.95,0,2026-04-27 14:52:00+00:00,4685.37,stop_loss,-6.609999999999673,False
-1,2026-04-27 15:00:00+00:00,2026-04-27 15:01:00+00:00,4678.56,open,4689.09,4646.970000000001,10.529999999999745,31.589999999999236,120,2026-04-27 17:30:00+00:00,4685.31,4689.09,2,2026-04-27 17:30:00+00:00,4680.5,timeout,-1.9399999999995998,False
1,2026-04-27 17:30:00+00:00,2026-04-27 17:31:00+00:00,4680.52,open,4672.79,4703.710000000002,7.730000000000473,23.19000000000142,120,2026-04-27 19:31:00+00:00,4672.79,4677.24,0,2026-04-27 19:31:00+00:00,4680.36,timeout,-0.16000000000076398,False
1,2026-04-28 07:15:00+00:00,2026-04-28 07:16:00+00:00,4633.23,open,4627.33,4650.9299999999985,5.899999999999636,17.69999999999891,120,2026-04-28 09:16:00+00:00,4627.33,4633.59,0,2026-04-28 07:28:00+00:00,4627.33,stop_loss,-5.899999999999636,False
-1,2026-04-28 08:00:00+00:00,2026-04-28 08:01:00+00:00,4627.18,open,4628.59,4622.950000000001,1.4099999999998545,4.229999999999563,120,2026-04-28 10:01:00+00:00,4623.41,4628.59,0,2026-04-28 08:02:00+00:00,4622.950000000001,target_hit,4.229999999999563,True
-1,2026-04-28 08:15:00+00:00,2026-04-28 08:16:00+00:00,4621.1,open,4633.69,4583.330000000003,12.589999999999236,37.76999999999771,120,2026-04-28 10:16:00+00:00,4625.27,4633.69,0,2026-04-28 08:32:00+00:00,4633.69,stop_loss,-12.589999999999236,False
1,2026-04-28 08:45:00+00:00,2026-04-28 08:46:00+00:00,4628.45,open,4626.73,4633.610000000001,1.7200000000002547,5.160000000000764,120,2026-04-28 10:46:00+00:00,4626.73,4630.64,0,2026-04-28 08:48:00+00:00,4626.73,stop_loss,-1.7200000000002547,False
-1,2026-04-28 09:15:00+00:00,2026-04-28 09:16:00+00:00,4622.39,open,4628.36,4604.480000000002,5.969999999999345,17.909999999998035,120,2026-04-28 11:16:00+00:00,4622.73,4628.36,0,2026-04-28 09:58:00+00:00,4604.480000000002,target_hit,17.909999999998035,True
-1,2026-04-28 10:00:00+00:00,2026-04-28 10:01:00+00:00,4609.71,open,4615.28,4593.000000000001,5.569999999999709,16.709999999999127,120,2026-04-28 12:01:00+00:00,4609.1,4615.28,0,2026-04-28 10:19:00+00:00,4615.28,stop_loss,-5.569999999999709,False
-1,2026-04-28 10:30:00+00:00,2026-04-28 10:31:00+00:00,4614.25,open,4616.23,4608.310000000001,1.9799999999995634,5.93999999999869,120,2026-04-28 12:31:00+00:00,4612.28,4616.23,0,2026-04-28 10:53:00+00:00,4608.310000000001,target_hit,5.93999999999869,True
-1,2026-04-28 11:45:00+00:00,2026-04-28 11:46:00+00:00,4571.86,open,4600.19,4486.87,28.329999999999927,84.98999999999978,120,2026-04-28 14:45:00+00:00,4596.17,4600.19,4,2026-04-28 12:52:00+00:00,4600.19,stop_loss,-28.329999999999927,False
-1,2026-04-28 13:15:00+00:00,2026-04-28 13:16:00+00:00,4576.61,open,4594.77,4522.129999999997,18.160000000000764,54.48000000000229,120,2026-04-28 18:30:00+00:00,4588.08,4594.77,6,2026-04-28 16:57:00+00:00,4594.77,stop_loss,-18.160000000000764,False
1,2026-04-28 17:00:00+00:00,2026-04-28 17:01:00+00:00,4593.99,open,4589.91,4606.23,4.079999999999927,12.239999999999782,120,2026-04-28 19:01:00+00:00,4589.91,4594.67,0,2026-04-28 17:04:00+00:00,4589.91,stop_loss,-4.079999999999927,False
1,2026-04-28 17:30:00+00:00,2026-04-28 17:31:00+00:00,4595.18,open,4589.69,4611.650000000002,5.490000000000691,16.470000000002074,120,2026-04-28 19:31:00+00:00,4589.69,4595.77,0,2026-04-28 19:31:00+00:00,4595.83,timeout,0.6499999999996362,True
-1,2026-04-29 07:45:00+00:00,2026-04-29 07:46:00+00:00,4571.95,open,4577.25,4556.049999999999,5.300000000000182,15.900000000000546,120,2026-04-29 11:00:00+00:00,4572.44,4577.25,2,2026-04-29 09:18:00+00:00,4577.25,stop_loss,-5.300000000000182,False
-1,2026-04-29 09:30:00+00:00,2026-04-29 09:31:00+00:00,4566.08,open,4569.95,4554.47,3.869999999999891,11.609999999999673,120,2026-04-29 11:31:00+00:00,4565.85,4569.95,0,2026-04-29 09:35:00+00:00,4569.95,stop_loss,-3.869999999999891,False
-1,2026-04-29 09:45:00+00:00,2026-04-29 09:46:00+00:00,4561.12,open,4562.85,4555.9299999999985,1.730000000000473,5.190000000001419,120,2026-04-29 11:46:00+00:00,4558.79,4562.85,0,2026-04-29 09:50:00+00:00,4555.9299999999985,target_hit,5.190000000001419,True
-1,2026-04-29 10:00:00+00:00,2026-04-29 10:01:00+00:00,4556.99,open,4559.67,4548.949999999999,2.680000000000291,8.040000000000873,120,2026-04-29 12:01:00+00:00,4551.57,4559.67,0,2026-04-29 10:03:00+00:00,4559.67,stop_loss,-2.680000000000291,False
1,2026-04-29 10:15:00+00:00,2026-04-29 10:16:00+00:00,4570.7,open,4559.13,4605.409999999999,11.569999999999709,34.70999999999913,120,2026-04-29 13:15:00+00:00,4559.13,4563.01,2,2026-04-29 12:30:00+00:00,4559.13,stop_loss,-11.569999999999709,False
-1,2026-04-29 12:45:00+00:00,2026-04-29 12:46:00+00:00,4556.28,open,4560.44,4543.8,4.1599999999998545,12.479999999999563,120,2026-04-29 14:46:00+00:00,4553.95,4560.44,0,2026-04-29 12:55:00+00:00,4543.8,target_hit,12.479999999999563,True
-1,2026-04-29 13:00:00+00:00,2026-04-29 13:01:00+00:00,4549.15,open,4555.39,4530.429999999998,6.240000000000691,18.720000000002074,120,2026-04-29 15:01:00+00:00,4549.18,4555.39,0,2026-04-29 13:30:00+00:00,4530.429999999998,target_hit,18.720000000002074,True
-1,2026-04-29 13:30:00+00:00,2026-04-29 13:31:00+00:00,4531.39,open,4544.12,4493.200000000002,12.729999999999563,38.18999999999869,120,2026-04-29 16:00:00+00:00,4534.79,4544.12,2,2026-04-29 15:00:00+00:00,4544.12,stop_loss,-12.729999999999563,False
1,2026-04-29 15:00:00+00:00,2026-04-29 15:01:00+00:00,4544.92,open,4534.27,4576.869999999999,10.649999999999636,31.94999999999891,120,2026-04-29 19:30:00+00:00,4534.27,4539.85,5,2026-04-29 18:07:00+00:00,4534.27,stop_loss,-10.649999999999636,False
-1,2026-04-29 18:15:00+00:00,2026-04-29 18:16:00+00:00,4527.87,open,4548.5,4465.98,20.63000000000011,61.89000000000033,120,2026-04-29 20:45:00+00:00,4537.85,4548.5,1,2026-04-29 19:14:00+00:00,4548.5,stop_loss,-20.63000000000011,False
1,2026-04-29 19:15:00+00:00,2026-04-29 19:16:00+00:00,4549.54,open,4538.16,4583.68,11.38000000000011,34.14000000000033,120,2026-04-29 21:16:00+00:00,4538.16,4545.41,0,2026-04-29 19:34:00+00:00,4538.16,stop_loss,-11.38000000000011,False
1,2026-04-30 07:00:00+00:00,2026-04-30 07:01:00+00:00,4588.93,open,4580.62,4613.8600000000015,8.3100000000004,24.9300000000012,120,2026-04-30 09:45:00+00:00,4580.62,4584.44,1,2026-04-30 08:04:00+00:00,4613.8600000000015,target_hit,24.9300000000012,True
1,2026-04-30 08:15:00+00:00,2026-04-30 08:16:00+00:00,4618.31,open,4601.9,4667.540000000003,16.410000000000764,49.23000000000229,120,2026-04-30 20:15:00+00:00,4601.9,4608.87,18,2026-04-30 20:15:00+00:00,4616.45,timeout,-1.860000000000582,False
-1,2026-05-01 07:00:00+00:00,2026-05-01 07:01:00+00:00,4595.4,open,4596.59,4591.829999999998,1.1900000000005093,3.570000000001528,120,2026-05-01 09:01:00+00:00,4591.97,4596.59,0,2026-05-01 07:06:00+00:00,4591.829999999998,target_hit,3.570000000001528,True
1,2026-05-01 07:15:00+00:00,2026-05-01 07:16:00+00:00,4595.01,open,4592.36,4602.960000000002,2.6500000000005457,7.950000000001637,120,2026-05-01 09:16:00+00:00,4592.36,4596.95,0,2026-05-01 07:21:00+00:00,4592.36,stop_loss,-2.6500000000005457,False
-1,2026-05-01 07:30:00+00:00,2026-05-01 07:31:00+00:00,4590.01,open,4596.41,4570.810000000001,6.399999999999636,19.19999999999891,120,2026-05-01 09:31:00+00:00,4590.21,4596.41,0,2026-05-01 08:19:00+00:00,4570.810000000001,target_hit,19.19999999999891,True
-1,2026-05-01 10:00:00+00:00,2026-05-01 10:01:00+00:00,4562.48,open,4567.27,4548.109999999997,4.790000000000873,14.37000000000262,120,2026-05-01 12:01:00+00:00,4560.75,4567.27,0,2026-05-01 10:08:00+00:00,4567.27,stop_loss,-4.790000000000873,False
1,2026-05-01 12:15:00+00:00,2026-05-01 12:16:00+00:00,4585.45,open,4577.07,4610.59,8.38000000000011,25.140000000000327,120,2026-05-01 15:45:00+00:00,4577.07,4582.72,3,2026-05-01 13:52:00+00:00,4610.59,target_hit,25.140000000000327,True
1,2026-05-01 14:15:00+00:00,2026-05-01 14:16:00+00:00,4656.16,open,4625.32,4748.68,30.840000000000146,92.52000000000044,120,2026-05-01 16:16:00+00:00,4625.32,4637.14,0,2026-05-01 15:02:00+00:00,4625.32,stop_loss,-30.840000000000146,False
-1,2026-05-01 17:30:00+00:00,2026-05-01 17:31:00+00:00,4630.88,open,4636.02,4615.459999999999,5.140000000000327,15.420000000000982,120,2026-05-01 19:31:00+00:00,4630.8,4636.02,0,2026-05-01 18:16:00+00:00,4615.459999999999,target_hit,15.420000000000982,True
1,2026-05-01 18:45:00+00:00,2026-05-01 18:46:00+00:00,4621.81,open,4618.12,4632.880000000002,3.6900000000005093,11.070000000001528,120,2026-05-01 20:46:00+00:00,4618.12,4622.48,0,2026-05-01 19:33:00+00:00,4618.12,stop_loss,-3.6900000000005093,False
1,2026-05-04 07:15:00+00:00,2026-05-04 07:16:00+00:00,4592.16,open,4587.51,4606.109999999999,4.649999999999636,13.949999999998909,120,2026-05-04 09:16:00+00:00,4587.51,4591.45,0,2026-05-04 07:17:00+00:00,4587.51,stop_loss,-4.649999999999636,False
-1,2026-05-04 08:00:00+00:00,2026-05-04 08:01:00+00:00,4578.19,open,4587.44,4550.44,9.25,27.75,120,2026-05-04 10:30:00+00:00,4583.7,4587.44,2,2026-05-04 10:05:00+00:00,4550.44,target_hit,27.75,True
-1,2026-05-04 10:15:00+00:00,2026-05-04 10:16:00+00:00,4540.09,open,4574.79,4435.990000000001,34.69999999999982,104.09999999999945,120,2026-05-04 13:30:00+00:00,4570.4,4574.79,2,2026-05-04 12:18:00+00:00,4574.79,stop_loss,-34.69999999999982,False
1,2026-05-04 12:30:00+00:00,2026-05-04 12:31:00+00:00,4569.38,open,4564.83,4583.030000000001,4.550000000000182,13.650000000000546,120,2026-05-04 14:31:00+00:00,4564.83,4571.38,0,2026-05-04 12:35:00+00:00,4564.83,stop_loss,-4.550000000000182,False
-1,2026-05-04 13:15:00+00:00,2026-05-04 13:16:00+00:00,4566.39,open,4568.51,4560.030000000001,2.119999999999891,6.359999999999673,120,2026-05-04 15:16:00+00:00,4557.14,4568.51,0,2026-05-04 13:30:00+00:00,4560.030000000001,target_hit,6.359999999999673,True
1,2026-05-04 13:45:00+00:00,2026-05-04 13:46:00+00:00,4565.45,open,4556.64,4591.879999999998,8.80999999999949,26.429999999998472,120,2026-05-04 16:00:00+00:00,4556.64,4567.77,1,2026-05-04 14:08:00+00:00,4556.64,stop_loss,-8.80999999999949,False
1,2026-05-04 14:30:00+00:00,2026-05-04 14:31:00+00:00,4576.58,open,4559.66,4627.34,16.920000000000073,50.76000000000022,120,2026-05-04 16:45:00+00:00,4559.66,4565.45,1,2026-05-04 14:59:00+00:00,4559.66,stop_loss,-16.920000000000073,False
-1,2026-05-04 15:00:00+00:00,2026-05-04 15:01:00+00:00,4563.21,open,4577.25,4521.09,14.039999999999964,42.11999999999989,120,2026-05-04 17:15:00+00:00,4572.62,4577.25,1,2026-05-04 15:21:00+00:00,4521.09,target_hit,42.11999999999989,True
-1,2026-05-04 15:45:00+00:00,2026-05-04 15:46:00+00:00,4530.84,open,4537.04,4512.240000000001,6.199999999999818,18.599999999999454,120,2026-05-04 18:00:00+00:00,4530.48,4537.04,1,2026-05-04 16:08:00+00:00,4512.240000000001,target_hit,18.599999999999454,True
1,2026-05-04 16:30:00+00:00,2026-05-04 16:31:00+00:00,4517.56,open,4512.48,4532.800000000003,5.080000000000837,15.24000000000251,120,2026-05-04 18:31:00+00:00,4512.48,4519.91,0,2026-05-04 16:38:00+00:00,4512.48,stop_loss,-5.080000000000837,False
-1,2026-05-04 17:00:00+00:00,2026-05-04 17:01:00+00:00,4514.38,open,4515.4,4511.3200000000015,1.019999999999527,3.059999999998581,120,2026-05-04 19:01:00+00:00,4508.57,4515.4,0,2026-05-04 17:02:00+00:00,4515.4,stop_loss,-1.019999999999527,False
1,2026-05-04 17:15:00+00:00,2026-05-04 17:16:00+00:00,4522.98,open,4517.33,4539.9299999999985,5.649999999999636,16.94999999999891,120,2026-05-04 19:30:00+00:00,4517.33,4521.53,1,2026-05-04 18:19:00+00:00,4517.33,stop_loss,-5.649999999999636,False
1,2026-05-05 07:15:00+00:00,2026-05-05 07:16:00+00:00,4554.1,open,4547.37,4574.290000000002,6.730000000000473,20.19000000000142,120,2026-05-05 09:16:00+00:00,4547.37,4552.21,0,2026-05-05 07:46:00+00:00,4547.37,stop_loss,-6.730000000000473,False
-1,2026-05-05 07:45:00+00:00,2026-05-05 07:46:00+00:00,4549.41,open,4558.03,4523.55,8.61999999999989,25.859999999999673,120,2026-05-05 09:46:00+00:00,4553.31,4558.03,0,2026-05-05 08:53:00+00:00,4558.03,stop_loss,-8.61999999999989,False
-1,2026-05-05 09:15:00+00:00,2026-05-05 09:16:00+00:00,4556.1,open,4559.36,4546.320000000002,3.259999999999309,9.779999999997926,120,2026-05-05 11:30:00+00:00,4553.64,4559.36,1,2026-05-05 10:43:00+00:00,4546.320000000002,target_hit,9.779999999997926,True
1,2026-05-05 12:30:00+00:00,2026-05-05 12:31:00+00:00,4569.38,open,4567.87,4573.910000000001,1.5100000000002183,4.530000000000655,120,2026-05-05 14:31:00+00:00,4567.87,4572.65,0,2026-05-05 12:32:00+00:00,4567.87,stop_loss,-1.5100000000002183,False
-1,2026-05-05 12:45:00+00:00,2026-05-05 12:46:00+00:00,4566.9,open,4574.75,4543.3499999999985,7.850000000000364,23.55000000000109,120,2026-05-05 14:46:00+00:00,4568.85,4574.75,0,2026-05-05 13:04:00+00:00,4574.75,stop_loss,-7.850000000000364,False
1,2026-05-05 13:15:00+00:00,2026-05-05 13:16:00+00:00,4579.05,open,4566.96,4615.320000000001,12.090000000000146,36.27000000000044,120,2026-05-05 16:15:00+00:00,4566.96,4571.14,1,2026-05-05 14:18:00+00:00,4566.96,stop_loss,-12.090000000000146,False
1,2026-05-05 14:30:00+00:00,2026-05-05 14:31:00+00:00,4581.43,open,4570.94,4612.900000000002,10.490000000000691,31.470000000002074,120,2026-05-05 16:31:00+00:00,4570.94,4576.66,0,2026-05-05 15:53:00+00:00,4570.94,stop_loss,-10.490000000000691,False
-1,2026-05-05 16:30:00+00:00,2026-05-05 16:31:00+00:00,4557.1,open,4562.08,4542.160000000002,4.979999999999563,14.93999999999869,120,2026-05-05 18:31:00+00:00,4557.4,4562.08,0,2026-05-05 16:56:00+00:00,4562.08,stop_loss,-4.979999999999563,False
1,2026-05-06 07:00:00+00:00,2026-05-06 07:01:00+00:00,4667.69,open,4665.63,4673.869999999998,2.0599999999994907,6.179999999998472,120,2026-05-06 09:01:00+00:00,4665.63,4670.76,0,2026-05-06 07:12:00+00:00,4665.63,stop_loss,-2.0599999999994907,False
-1,2026-05-06 07:15:00+00:00,2026-05-06 07:16:00+00:00,4658.16,open,4664.99,4637.67,6.829999999999927,20.48999999999978,120,2026-05-06 09:16:00+00:00,4660.8,4664.99,0,2026-05-06 07:24:00+00:00,4664.99,stop_loss,-6.829999999999927,False
1,2026-05-06 08:00:00+00:00,2026-05-06 08:01:00+00:00,4678.69,open,4677.14,4683.339999999997,1.5499999999992724,4.649999999997817,120,2026-05-06 10:01:00+00:00,4677.14,4682.21,0,2026-05-06 08:02:00+00:00,4677.14,stop_loss,-1.5499999999992724,False
-1,2026-05-06 08:15:00+00:00,2026-05-06 08:16:00+00:00,4679.83,open,4682.59,4671.549999999999,2.7600000000002183,8.280000000000655,120,2026-05-06 10:45:00+00:00,4678.27,4682.59,1,2026-05-06 08:50:00+00:00,4682.59,stop_loss,-2.7600000000002183,False
1,2026-05-06 09:00:00+00:00,2026-05-06 09:01:00+00:00,4703.35,open,4679.47,4774.990000000001,23.88000000000011,71.64000000000033,120,2026-05-06 13:45:00+00:00,4679.47,4701.21,6,2026-05-06 12:10:00+00:00,4679.47,stop_loss,-23.88000000000011,False
-1,2026-05-06 12:15:00+00:00,2026-05-06 12:16:00+00:00,4674.47,open,4686.5,4638.380000000001,12.029999999999745,36.089999999999236,120,2026-05-06 14:16:00+00:00,4681.34,4686.5,0,2026-05-06 12:27:00+00:00,4686.5,stop_loss,-12.029999999999745,False
-1,2026-05-06 12:45:00+00:00,2026-05-06 12:46:00+00:00,4683.72,open,4685.6,4678.08,1.8800000000001091,5.640000000000327,120,2026-05-06 14:46:00+00:00,4677.88,4685.6,0,2026-05-06 12:54:00+00:00,4678.08,target_hit,5.640000000000327,True
1,2026-05-06 13:15:00+00:00,2026-05-06 13:16:00+00:00,4687.46,open,4685.1,4694.539999999999,2.3599999999996726,7.079999999999018,120,2026-05-06 15:16:00+00:00,4685.1,4692.75,0,2026-05-06 13:17:00+00:00,4685.1,stop_loss,-2.3599999999996726,False
1,2026-05-06 13:45:00+00:00,2026-05-06 13:46:00+00:00,4694.01,open,4682.57,4728.330000000002,11.44000000000051,34.32000000000153,120,2026-05-06 16:45:00+00:00,4682.57,4688.48,4,2026-05-06 16:07:00+00:00,4682.57,stop_loss,-11.44000000000051,False
-1,2026-05-06 16:15:00+00:00,2026-05-06 16:16:00+00:00,4684.4,open,4688.39,4672.429999999998,3.990000000000691,11.970000000002074,120,2026-05-06 18:16:00+00:00,4682.7,4688.39,0,2026-05-06 16:27:00+00:00,4688.39,stop_loss,-3.990000000000691,False
-1,2026-05-06 17:45:00+00:00,2026-05-06 17:46:00+00:00,4681.25,open,4683.07,4675.790000000001,1.819999999999709,5.459999999999127,120,2026-05-06 19:46:00+00:00,4679.55,4683.07,0,2026-05-06 17:55:00+00:00,4683.07,stop_loss,-1.819999999999709,False
1,2026-05-06 19:15:00+00:00,2026-05-06 19:16:00+00:00,4698.02,open,4688.47,4726.670000000001,9.550000000000182,28.650000000000546,120,2026-05-06 21:16:00+00:00,4688.47,4691.99,0,2026-05-06 20:45:00+00:00,4688.47,stop_loss,-9.550000000000182,False
-1,2026-05-07 07:00:00+00:00,2026-05-07 07:01:00+00:00,4739.75,open,4747.47,4716.589999999999,7.720000000000255,23.160000000000764,120,2026-05-07 09:01:00+00:00,4742.37,4747.47,0,2026-05-07 07:10:00+00:00,4747.47,stop_loss,-7.720000000000255,False
1,2026-05-07 07:15:00+00:00,2026-05-07 07:16:00+00:00,4745.12,open,4734.45,4777.13,10.670000000000073,32.01000000000022,120,2026-05-07 10:15:00+00:00,4734.45,4744.66,1,2026-05-07 08:25:00+00:00,4734.45,stop_loss,-10.670000000000073,False
1,2026-05-07 09:15:00+00:00,2026-05-07 09:16:00+00:00,4734.03,open,4723.15,4766.67,10.88000000000011,32.64000000000033,120,2026-05-07 12:45:00+00:00,4723.15,4727.0,2,2026-05-07 12:45:00+00:00,4750.61,timeout,16.579999999999927,True
1,2026-05-07 12:45:00+00:00,2026-05-07 12:46:00+00:00,4750.92,open,4737.2,4792.080000000001,13.720000000000255,41.160000000000764,120,2026-05-07 14:46:00+00:00,4737.2,4744.48,0,2026-05-07 13:05:00+00:00,4737.2,stop_loss,-13.720000000000255,False
-1,2026-05-07 13:15:00+00:00,2026-05-07 13:16:00+00:00,4735.81,open,4750.57,4691.5300000000025,14.759999999999309,44.279999999997926,120,2026-05-07 15:16:00+00:00,4741.32,4750.57,0,2026-05-07 13:31:00+00:00,4750.57,stop_loss,-14.759999999999309,False
-1,2026-05-07 14:00:00+00:00,2026-05-07 14:01:00+00:00,4746.95,open,4749.78,4738.46,2.8299999999999272,8.489999999999782,120,2026-05-07 16:01:00+00:00,4742.93,4749.78,0,2026-05-07 14:12:00+00:00,4749.78,stop_loss,-2.8299999999999272,False
1,2026-05-07 14:45:00+00:00,2026-05-07 14:46:00+00:00,4756.79,open,4748.33,4782.17,8.460000000000036,25.38000000000011,120,2026-05-07 17:00:00+00:00,4748.33,4753.82,1,2026-05-07 15:24:00+00:00,4748.33,stop_loss,-8.460000000000036,False
-1,2026-05-07 15:30:00+00:00,2026-05-07 15:31:00+00:00,4741.7,open,4754.38,4703.659999999999,12.680000000000291,38.04000000000087,120,2026-05-07 18:45:00+00:00,4745.77,4754.38,3,2026-05-07 17:25:00+00:00,4703.659999999999,target_hit,38.04000000000087,True
-1,2026-05-07 17:30:00+00:00,2026-05-07 17:31:00+00:00,4700.28,open,4714.97,4656.209999999998,14.69000000000051,44.07000000000153,120,2026-05-07 20:15:00+00:00,4708.83,4714.97,2,2026-05-07 18:33:00+00:00,4714.97,stop_loss,-14.69000000000051,False
1,2026-05-07 19:15:00+00:00,2026-05-07 19:16:00+00:00,4710.16,open,4707.22,4718.979999999999,2.9399999999996,8.8199999999988,120,2026-05-07 21:16:00+00:00,4707.22,4710.96,0,2026-05-07 19:17:00+00:00,4707.22,stop_loss,-2.9399999999996,False
-1,2026-05-07 19:30:00+00:00,2026-05-07 19:31:00+00:00,4705.45,open,4710.82,4689.34,5.369999999999891,16.109999999999673,120,2026-05-07 21:31:00+00:00,4703.89,4710.82,0,2026-05-07 19:37:00+00:00,4710.82,stop_loss,-5.369999999999891,False
1,2026-05-07 19:45:00+00:00,2026-05-07 19:46:00+00:00,4709.88,open,4707.04,4718.400000000001,2.8400000000001455,8.520000000000437,120,2026-05-07 21:46:00+00:00,4707.04,4710.88,0,2026-05-07 19:47:00+00:00,4707.04,stop_loss,-2.8400000000001455,False
-1,2026-05-08 07:00:00+00:00,2026-05-08 07:01:00+00:00,4723.8,open,4729.87,4705.590000000001,6.069999999999709,18.209999999999127,120,2026-05-08 09:01:00+00:00,4723.91,4729.87,0,2026-05-08 07:23:00+00:00,4705.590000000001,target_hit,18.209999999999127,True
-1,2026-05-08 07:30:00+00:00,2026-05-08 07:31:00+00:00,4702.46,open,4714.65,4665.890000000001,12.1899999999996,36.5699999999988,120,2026-05-08 09:45:00+00:00,4708.6,4714.65,1,2026-05-08 08:16:00+00:00,4714.65,stop_loss,-12.1899999999996,False
1,2026-05-08 08:15:00+00:00,2026-05-08 08:16:00+00:00,4714.01,open,4709.21,4728.410000000001,4.800000000000182,14.400000000000546,120,2026-05-08 10:30:00+00:00,4709.21,4713.17,1,2026-05-08 09:50:00+00:00,4709.21,stop_loss,-4.800000000000182,False
-1,2026-05-08 11:15:00+00:00,2026-05-08 11:16:00+00:00,4723.53,open,4725.48,4717.68,1.949999999999818,5.849999999999454,120,2026-05-08 13:16:00+00:00,4720.09,4725.48,0,2026-05-08 11:27:00+00:00,4725.48,stop_loss,-1.949999999999818,False
-1,2026-05-08 12:15:00+00:00,2026-05-08 12:16:00+00:00,4705.67,open,4710.25,4691.93,4.579999999999927,13.739999999999782,120,2026-05-08 14:16:00+00:00,4706.37,4710.25,0,2026-05-08 12:17:00+00:00,4710.25,stop_loss,-4.579999999999927,False
1,2026-05-08 12:30:00+00:00,2026-05-08 12:31:00+00:00,4708.8,open,4705.42,4718.9400000000005,3.380000000000109,10.140000000000327,120,2026-05-08 14:31:00+00:00,4705.42,4709.7,0,2026-05-08 12:33:00+00:00,4718.9400000000005,target_hit,10.140000000000327,True
1,2026-05-08 12:45:00+00:00,2026-05-08 12:46:00+00:00,4720.87,open,4710.6,4751.6799999999985,10.269999999999527,30.80999999999858,120,2026-05-08 16:00:00+00:00,4710.6,4715.52,5,2026-05-08 15:13:00+00:00,4710.6,stop_loss,-10.269999999999527,False
-1,2026-05-08 15:30:00+00:00,2026-05-08 15:31:00+00:00,4707.87,open,4710.25,4700.73,2.380000000000109,7.140000000000327,120,2026-05-08 17:31:00+00:00,4704.44,4710.25,0,2026-05-08 15:35:00+00:00,4710.25,stop_loss,-2.380000000000109,False
-1,2026-05-08 15:45:00+00:00,2026-05-08 15:46:00+00:00,4705.27,open,4714.65,4677.130000000003,9.3799999999992,28.1399999999976,120,2026-05-08 18:00:00+00:00,4705.14,4714.65,1,2026-05-08 16:22:00+00:00,4714.65,stop_loss,-9.3799999999992,False
1,2026-05-11 07:00:00+00:00,2026-05-11 07:01:00+00:00,4678.67,open,4673.43,4694.389999999999,5.239999999999782,15.719999999999345,120,2026-05-11 09:01:00+00:00,4673.43,4677.07,0,2026-05-11 07:15:00+00:00,4673.43,stop_loss,-5.239999999999782,False
-1,2026-05-11 08:00:00+00:00,2026-05-11 08:01:00+00:00,4666.92,open,4672.05,4651.53,5.130000000000109,15.390000000000327,120,2026-05-11 10:01:00+00:00,4667.28,4672.05,0,2026-05-11 08:11:00+00:00,4672.05,stop_loss,-5.130000000000109,False
1,2026-05-11 08:15:00+00:00,2026-05-11 08:16:00+00:00,4673.48,open,4664.18,4701.379999999997,9.299999999999272,27.899999999997817,120,2026-05-11 10:30:00+00:00,4664.18,4670.4,1,2026-05-11 09:21:00+00:00,4664.18,stop_loss,-9.299999999999272,False
-1,2026-05-11 09:30:00+00:00,2026-05-11 09:31:00+00:00,4656.49,open,4664.07,4633.75,7.579999999999927,22.73999999999978,120,2026-05-11 11:31:00+00:00,4658.82,4664.07,0,2026-05-11 09:46:00+00:00,4664.07,stop_loss,-7.579999999999927,False
-1,2026-05-11 10:00:00+00:00,2026-05-11 10:01:00+00:00,4658.69,open,4663.47,4644.349999999998,4.780000000000655,14.340000000001965,120,2026-05-11 12:01:00+00:00,4658.75,4663.47,0,2026-05-11 10:21:00+00:00,4663.47,stop_loss,-4.780000000000655,False
1,2026-05-11 12:30:00+00:00,2026-05-11 12:31:00+00:00,4690.98,open,4669.85,4754.369999999997,21.1299999999992,63.3899999999976,120,2026-05-11 19:00:00+00:00,4669.85,4673.77,8,2026-05-11 19:00:00+00:00,4725.8,timeout,34.82000000000062,True
-1,2026-05-12 07:00:00+00:00,2026-05-12 07:01:00+00:00,4695.31,open,4702.63,4673.350000000001,7.319999999999709,21.959999999999127,120,2026-05-12 09:01:00+00:00,4695.85,4702.63,0,2026-05-12 07:42:00+00:00,4702.63,stop_loss,-7.319999999999709,False
-1,2026-05-12 08:15:00+00:00,2026-05-12 08:16:00+00:00,4698.93,open,4704.03,4683.630000000002,5.099999999999454,15.299999999998363,120,2026-05-12 10:16:00+00:00,4700.05,4704.03,0,2026-05-12 08:23:00+00:00,4704.03,stop_loss,-5.099999999999454,False
1,2026-05-12 09:00:00+00:00,2026-05-12 09:01:00+00:00,4702.29,open,4698.87,4712.55,3.4200000000000728,10.260000000000218,120,2026-05-12 11:01:00+00:00,4698.87,4707.03,0,2026-05-12 09:05:00+00:00,4698.87,stop_loss,-3.4200000000000728,False
-1,2026-05-12 10:45:00+00:00,2026-05-12 10:46:00+00:00,4691.07,open,4700.74,4662.0599999999995,9.670000000000073,29.01000000000022,120,2026-05-12 12:46:00+00:00,4695.54,4700.74,0,2026-05-12 11:30:00+00:00,4700.74,stop_loss,-9.670000000000073,False
1,2026-05-12 11:30:00+00:00,2026-05-12 11:31:00+00:00,4700.96,open,4693.17,4724.33,7.789999999999964,23.36999999999989,120,2026-05-12 13:45:00+00:00,4693.17,4696.56,1,2026-05-12 12:30:00+00:00,4693.17,stop_loss,-7.789999999999964,False
-1,2026-05-12 12:30:00+00:00,2026-05-12 12:31:00+00:00,4693.61,open,4706.94,4653.62,13.329999999999927,39.98999999999978,120,2026-05-12 14:31:00+00:00,4702.42,4706.94,0,2026-05-12 12:43:00+00:00,4706.94,stop_loss,-13.329999999999927,False
1,2026-05-12 13:00:00+00:00,2026-05-12 13:01:00+00:00,4707.55,open,4702.37,4723.090000000001,5.180000000000291,15.540000000000873,120,2026-05-12 15:01:00+00:00,4702.37,4708.29,0,2026-05-12 13:03:00+00:00,4702.37,stop_loss,-5.180000000000291,False
-1,2026-05-12 13:15:00+00:00,2026-05-12 13:16:00+00:00,4685.83,open,4706.5,4623.82,20.670000000000073,62.01000000000022,120,2026-05-12 17:30:00+00:00,4699.4,4706.5,6,2026-05-12 17:30:00+00:00,4679.84,timeout,5.989999999999782,True
1,2026-05-12 18:15:00+00:00,2026-05-12 18:16:00+00:00,4681.3,open,4679.48,4686.760000000002,1.8200000000006185,5.460000000001855,120,2026-05-12 20:16:00+00:00,4679.48,4684.04,0,2026-05-12 18:27:00+00:00,4686.760000000002,target_hit,5.460000000001855,True
1,2026-05-12 18:45:00+00:00,2026-05-12 18:46:00+00:00,4695.38,open,4686.8,4721.12,8.579999999999927,25.73999999999978,120,2026-05-12 20:46:00+00:00,4686.8,4690.79,0,2026-05-12 20:46:00+00:00,4714.12,timeout,18.73999999999978,True
-1,2026-05-13 07:00:00+00:00,2026-05-13 07:01:00+00:00,4703.54,open,4711.54,4679.54,8.0,24.0,120,2026-05-13 09:01:00+00:00,4707.54,4711.54,0,2026-05-13 09:01:00+00:00,4698.7,timeout,4.8400000000001455,True
1,2026-05-13 09:00:00+00:00,2026-05-13 09:01:00+00:00,4700.36,open,4694.9,4716.74,5.460000000000036,16.38000000000011,120,2026-05-13 11:01:00+00:00,4694.9,4698.59,0,2026-05-13 09:14:00+00:00,4694.9,stop_loss,-5.460000000000036,False
1,2026-05-13 09:45:00+00:00,2026-05-13 09:46:00+00:00,4694.67,open,4686.97,4717.7699999999995,7.699999999999818,23.099999999999454,120,2026-05-13 12:15:00+00:00,4686.97,4691.32,1,2026-05-13 12:15:00+00:00,4692.33,timeout,-2.3400000000001455,False
-1,2026-05-13 12:45:00+00:00,2026-05-13 12:46:00+00:00,4682.48,open,4689.27,4662.109999999997,6.790000000000873,20.37000000000262,120,2026-05-13 15:00:00+00:00,4674.87,4689.27,1,2026-05-13 13:01:00+00:00,4689.27,stop_loss,-6.790000000000873,False
1,2026-05-13 13:15:00+00:00,2026-05-13 13:16:00+00:00,4689.23,open,4683.41,4706.689999999999,5.819999999999709,17.459999999999127,120,2026-05-13 15:30:00+00:00,4683.41,4688.99,1,2026-05-13 13:34:00+00:00,4683.41,stop_loss,-5.819999999999709,False
-1,2026-05-13 13:45:00+00:00,2026-05-13 13:46:00+00:00,4678.29,open,4684.47,4659.749999999999,6.180000000000291,18.540000000000873,120,2026-05-13 16:15:00+00:00,4679.38,4684.47,2,2026-05-13 14:25:00+00:00,4684.47,stop_loss,-6.180000000000291,False
1,2026-05-13 14:30:00+00:00,2026-05-13 14:31:00+00:00,4684.09,open,4677.68,4703.32,6.4099999999998545,19.229999999999563,120,2026-05-13 16:31:00+00:00,4677.68,4682.33,0,2026-05-13 14:45:00+00:00,4677.68,stop_loss,-6.4099999999998545,False
-1,2026-05-13 15:00:00+00:00,2026-05-13 15:01:00+00:00,4680.63,open,4685.44,4666.200000000002,4.809999999999491,14.429999999998472,120,2026-05-13 17:01:00+00:00,4677.1,4685.44,0,2026-05-13 15:02:00+00:00,4685.44,stop_loss,-4.809999999999491,False
1,2026-05-13 15:15:00+00:00,2026-05-13 15:16:00+00:00,4687.82,open,4682.2,4704.679999999999,5.619999999999891,16.859999999999673,120,2026-05-13 17:16:00+00:00,4682.2,4685.8,0,2026-05-13 16:24:00+00:00,4704.679999999999,target_hit,16.859999999999673,True
1,2026-05-13 16:30:00+00:00,2026-05-13 16:31:00+00:00,4707.76,open,4703.59,4720.27,4.170000000000073,12.510000000000218,120,2026-05-13 18:31:00+00:00,4703.59,4708.2,0,2026-05-13 16:32:00+00:00,4703.59,stop_loss,-4.170000000000073,False
-1,2026-05-13 16:45:00+00:00,2026-05-13 16:46:00+00:00,4701.14,open,4707.78,4681.220000000002,6.639999999999418,19.919999999998254,120,2026-05-13 19:45:00+00:00,4703.59,4707.78,1,2026-05-13 18:47:00+00:00,4681.220000000002,target_hit,19.919999999998254,True
-1,2026-05-13 19:00:00+00:00,2026-05-13 19:01:00+00:00,4686.07,open,4687.78,4680.94,1.7100000000000364,5.130000000000109,120,2026-05-13 21:01:00+00:00,4681.43,4687.78,0,2026-05-13 19:14:00+00:00,4687.78,stop_loss,-1.7100000000000364,False
-1,2026-05-14 07:00:00+00:00,2026-05-14 07:01:00+00:00,4698.94,open,4702.6,4687.959999999997,3.660000000000764,10.980000000002292,120,2026-05-14 09:01:00+00:00,4698.55,4702.6,0,2026-05-14 07:03:00+00:00,4702.6,stop_loss,-3.660000000000764,False
-1,2026-05-14 08:00:00+00:00,2026-05-14 08:01:00+00:00,4699.44,open,4708.12,4673.399999999999,8.680000000000291,26.040000000000873,120,2026-05-14 10:45:00+00:00,4702.85,4708.12,1,2026-05-14 10:45:00+00:00,4694.21,timeout,5.229999999999563,True
-1,2026-05-14 11:30:00+00:00,2026-05-14 11:31:00+00:00,4691.98,open,4694.08,4685.6799999999985,2.100000000000364,6.300000000001091,120,2026-05-14 13:31:00+00:00,4689.69,4694.08,0,2026-05-14 11:33:00+00:00,4694.08,stop_loss,-2.100000000000364,False
-1,2026-05-14 12:00:00+00:00,2026-05-14 12:01:00+00:00,4694.52,open,4702.17,4671.5700000000015,7.649999999999636,22.94999999999891,120,2026-05-14 14:01:00+00:00,4696.92,4702.17,0,2026-05-14 12:13:00+00:00,4702.17,stop_loss,-7.649999999999636,False
-1,2026-05-14 13:30:00+00:00,2026-05-14 13:31:00+00:00,4685.69,open,4700.95,4639.909999999999,15.260000000000218,45.780000000000655,120,2026-05-14 15:45:00+00:00,4694.17,4700.95,1,2026-05-14 14:22:00+00:00,4700.95,stop_loss,-15.260000000000218,False
1,2026-05-14 14:30:00+00:00,2026-05-14 14:31:00+00:00,4690.01,open,4688.13,4695.650000000001,1.8800000000001091,5.640000000000327,120,2026-05-14 16:31:00+00:00,4688.13,4692.55,0,2026-05-14 14:33:00+00:00,4688.13,stop_loss,-1.8800000000001091,False
-1,2026-05-14 14:45:00+00:00,2026-05-14 14:46:00+00:00,4687.51,open,4691.17,4676.530000000001,3.6599999999998545,10.979999999999563,120,2026-05-14 17:00:00+00:00,4686.7,4691.17,1,2026-05-14 15:04:00+00:00,4676.530000000001,target_hit,10.979999999999563,True
1,2026-05-14 15:15:00+00:00,2026-05-14 15:16:00+00:00,4686.43,open,4679.62,4706.8600000000015,6.8100000000004,20.4300000000012,120,2026-05-14 17:16:00+00:00,4679.62,4683.9,0,2026-05-14 16:03:00+00:00,4679.62,stop_loss,-6.8100000000004,False
-1,2026-05-14 17:30:00+00:00,2026-05-14 17:31:00+00:00,4676.79,open,4682.07,4660.950000000001,5.279999999999745,15.839999999999236,120,2026-05-14 19:31:00+00:00,4676.85,4682.07,0,2026-05-14 17:44:00+00:00,4682.07,stop_loss,-5.279999999999745,False
-1,2026-05-14 18:15:00+00:00,2026-05-14 18:16:00+00:00,4675.07,open,4676.99,4669.3099999999995,1.9200000000000728,5.760000000000218,120,2026-05-14 20:16:00+00:00,4672.05,4676.99,0,2026-05-14 18:41:00+00:00,4669.3099999999995,target_hit,5.760000000000218,True
-1,2026-05-14 19:30:00+00:00,2026-05-14 19:31:00+00:00,4664.49,open,4668.58,4652.219999999999,4.0900000000001455,12.270000000000437,120,2026-05-14 21:31:00+00:00,4662.91,4668.58,0,2026-05-14 20:04:00+00:00,4652.219999999999,target_hit,12.270000000000437,True
1,2026-05-15 07:00:00+00:00,2026-05-15 07:01:00+00:00,4568.49,open,4567.4,4571.76,1.0900000000001455,3.2700000000004366,120,2026-05-15 09:01:00+00:00,4567.4,4571.85,0,2026-05-15 07:02:00+00:00,4571.76,target_hit,3.2700000000004366,True
1,2026-05-15 07:15:00+00:00,2026-05-15 07:16:00+00:00,4585.04,open,4575.98,4612.220000000001,9.0600000000004,27.1800000000012,120,2026-05-15 09:16:00+00:00,4575.98,4580.45,0,2026-05-15 07:37:00+00:00,4575.98,stop_loss,-9.0600000000004,False
-1,2026-05-15 07:45:00+00:00,2026-05-15 07:46:00+00:00,4578.37,open,4581.48,4569.040000000001,3.1099999999996726,9.329999999999018,120,2026-05-15 09:46:00+00:00,4577.28,4581.48,0,2026-05-15 07:53:00+00:00,4569.040000000001,target_hit,9.329999999999018,True
-1,2026-05-15 08:00:00+00:00,2026-05-15 08:01:00+00:00,4568.0,open,4575.02,4546.939999999999,7.020000000000437,21.06000000000131,120,2026-05-15 10:45:00+00:00,4570.73,4575.02,3,2026-05-15 09:14:00+00:00,4546.939999999999,target_hit,21.06000000000131,True
-1,2026-05-15 09:15:00+00:00,2026-05-15 09:16:00+00:00,4542.51,open,4555.37,4503.930000000001,12.859999999999673,38.57999999999902,120,2026-05-15 11:16:00+00:00,4551.4,4555.37,0,2026-05-15 09:30:00+00:00,4555.37,stop_loss,-12.859999999999673,False
-1,2026-05-15 09:45:00+00:00,2026-05-15 09:46:00+00:00,4542.99,open,4553.4,4511.76,10.409999999999854,31.229999999999563,120,2026-05-15 11:46:00+00:00,4547.91,4553.4,0,2026-05-15 10:06:00+00:00,4553.4,stop_loss,-10.409999999999854,False
1,2026-05-15 10:15:00+00:00,2026-05-15 10:16:00+00:00,4562.28,open,4545.56,4612.439999999998,16.719999999999345,50.159999999998035,120,2026-05-15 13:15:00+00:00,4545.56,4551.49,3,2026-05-15 12:14:00+00:00,4545.56,stop_loss,-16.719999999999345,False
1,2026-05-15 12:30:00+00:00,2026-05-15 12:31:00+00:00,4548.65,open,4544.8,4560.199999999998,3.8499999999994543,11.549999999998363,120,2026-05-15 14:31:00+00:00,4544.8,4551.56,0,2026-05-15 12:42:00+00:00,4544.8,stop_loss,-3.8499999999994543,False
-1,2026-05-15 12:45:00+00:00,2026-05-15 12:46:00+00:00,4546.43,open,4555.96,4517.840000000001,9.529999999999745,28.589999999999236,120,2026-05-15 15:15:00+00:00,4548.38,4555.96,1,2026-05-15 13:25:00+00:00,4555.96,stop_loss,-9.529999999999745,False
1,2026-05-15 13:30:00+00:00,2026-05-15 13:31:00+00:00,4548.67,open,4540.08,4574.4400000000005,8.590000000000146,25.770000000000437,120,2026-05-15 15:31:00+00:00,4540.08,4546.89,0,2026-05-15 13:35:00+00:00,4540.08,stop_loss,-8.590000000000146,False
-1,2026-05-15 13:45:00+00:00,2026-05-15 13:46:00+00:00,4512.35,open,4543.1,4420.1,30.75,92.25,120,2026-05-15 16:00:00+00:00,4537.07,4543.1,1,2026-05-15 14:12:00+00:00,4543.1,stop_loss,-30.75,False
1,2026-05-15 14:30:00+00:00,2026-05-15 14:31:00+00:00,4558.58,open,4546.9,4593.620000000001,11.680000000000291,35.04000000000087,120,2026-05-15 16:31:00+00:00,4546.9,4554.33,0,2026-05-15 14:51:00+00:00,4546.9,stop_loss,-11.680000000000291,False
-1,2026-05-15 15:15:00+00:00,2026-05-15 15:16:00+00:00,4551.12,open,4564.04,4512.36,12.920000000000073,38.76000000000022,120,2026-05-15 18:15:00+00:00,4559.47,4564.04,2,2026-05-15 17:26:00+00:00,4564.04,stop_loss,-12.920000000000073,False
1,2026-05-15 17:30:00+00:00,2026-05-15 17:31:00+00:00,4561.67,open,4557.89,4573.009999999999,3.7799999999997453,11.339999999999236,120,2026-05-15 19:45:00+00:00,4557.89,4563.87,1,2026-05-15 17:55:00+00:00,4557.89,stop_loss,-3.7799999999997453,False
-1,2026-05-15 18:30:00+00:00,2026-05-15 18:31:00+00:00,4556.81,open,4558.99,4550.270000000002,2.1799999999993815,6.539999999998145,120,2026-05-15 20:45:00+00:00,4553.94,4558.99,1,2026-05-15 18:46:00+00:00,4558.99,stop_loss,-2.1799999999993815,False
1,2026-05-18 07:00:00+00:00,2026-05-18 07:01:00+00:00,4546.58,open,4539.41,4568.09,7.170000000000073,21.51000000000022,120,2026-05-18 09:01:00+00:00,4539.41,4544.23,0,2026-05-18 07:20:00+00:00,4539.41,stop_loss,-7.170000000000073,False
1,2026-05-18 07:45:00+00:00,2026-05-18 07:46:00+00:00,4551.43,open,4550.37,4554.6100000000015,1.0600000000004002,3.1800000000012005,120,2026-05-18 09:46:00+00:00,4550.37,4560.11,0,2026-05-18 07:47:00+00:00,4550.37,stop_loss,-1.0600000000004002,False
-1,2026-05-18 08:00:00+00:00,2026-05-18 08:01:00+00:00,4548.04,open,4551.82,4536.700000000001,3.7799999999997453,11.339999999999236,120,2026-05-18 10:01:00+00:00,4547.4,4551.82,0,2026-05-18 08:33:00+00:00,4551.82,stop_loss,-3.7799999999997453,False
1,2026-05-18 08:45:00+00:00,2026-05-18 08:46:00+00:00,4550.51,open,4545.83,4564.550000000001,4.680000000000291,14.040000000000873,120,2026-05-18 11:00:00+00:00,4545.83,4550.04,1,2026-05-18 09:03:00+00:00,4545.83,stop_loss,-4.680000000000291,False
-1,2026-05-18 09:15:00+00:00,2026-05-18 09:16:00+00:00,4547.57,open,4550.68,4538.239999999998,3.110000000000582,9.330000000001746,120,2026-05-18 11:45:00+00:00,4546.68,4550.68,1,2026-05-18 10:05:00+00:00,4538.239999999998,target_hit,9.330000000001746,True
-1,2026-05-18 11:00:00+00:00,2026-05-18 11:01:00+00:00,4538.92,open,4540.78,4533.340000000001,1.8599999999996726,5.579999999999018,120,2026-05-18 13:01:00+00:00,4537.38,4540.78,0,2026-05-18 11:02:00+00:00,4540.78,stop_loss,-1.8599999999996726,False
1,2026-05-18 11:45:00+00:00,2026-05-18 11:46:00+00:00,4560.29,open,4538.29,4626.29,22.0,66.0,120,2026-05-18 16:30:00+00:00,4538.29,4544.98,6,2026-05-18 14:48:00+00:00,4538.29,stop_loss,-22.0,False
-1,2026-05-18 15:15:00+00:00,2026-05-18 15:16:00+00:00,4539.73,open,4548.33,4513.9299999999985,8.600000000000364,25.80000000000109,120,2026-05-18 17:30:00+00:00,4538.22,4548.33,1,2026-05-18 16:13:00+00:00,4548.33,stop_loss,-8.600000000000364,False
-1,2026-05-18 16:30:00+00:00,2026-05-18 16:31:00+00:00,4536.63,open,4550.14,4496.099999999999,13.510000000000218,40.530000000000655,120,2026-05-18 18:31:00+00:00,4545.93,4550.14,0,2026-05-18 16:50:00+00:00,4550.14,stop_loss,-13.510000000000218,False
1,2026-05-18 17:15:00+00:00,2026-05-18 17:16:00+00:00,4553.98,open,4547.89,4572.249999999997,6.089999999999236,18.269999999997708,120,2026-05-18 19:16:00+00:00,4547.89,4552.2,0,2026-05-18 17:38:00+00:00,4547.89,stop_loss,-6.089999999999236,False
1,2026-05-18 18:30:00+00:00,2026-05-18 18:31:00+00:00,4542.3,open,4538.8,4552.8,3.5,10.5,120,2026-05-18 20:31:00+00:00,4538.8,4542.37,0,2026-05-18 18:58:00+00:00,4538.8,stop_loss,-3.5,False
-1,2026-05-18 19:00:00+00:00,2026-05-18 19:01:00+00:00,4537.66,open,4541.9,4524.9400000000005,4.239999999999782,12.719999999999345,120,2026-05-18 21:01:00+00:00,4535.14,4541.9,0,2026-05-18 19:02:00+00:00,4541.9,stop_loss,-4.239999999999782,False
1,2026-05-18 19:15:00+00:00,2026-05-18 19:16:00+00:00,4553.45,open,4537.66,4600.82,15.789999999999964,47.36999999999989,120,2026-05-18 21:45:00+00:00,4537.66,4556.18,1,2026-05-18 22:01:00+00:00,4569.04,timeout,15.590000000000146,True
-1,2026-05-19 07:00:00+00:00,2026-05-19 07:01:00+00:00,4545.94,open,4550.99,4530.789999999999,5.050000000000182,15.150000000000546,120,2026-05-19 09:01:00+00:00,4545.87,4550.99,0,2026-05-19 07:07:00+00:00,4550.99,stop_loss,-5.050000000000182,False
-1,2026-05-19 07:30:00+00:00,2026-05-19 07:31:00+00:00,4547.23,open,4550.15,4538.469999999999,2.9200000000000728,8.760000000000218,120,2026-05-19 09:31:00+00:00,4544.91,4550.15,0,2026-05-19 07:46:00+00:00,4550.15,stop_loss,-2.9200000000000728,False
1,2026-05-19 08:00:00+00:00,2026-05-19 08:01:00+00:00,4554.86,open,4542.72,4591.279999999998,12.139999999999418,36.419999999998254,120,2026-05-19 10:01:00+00:00,4542.72,4551.47,0,2026-05-19 08:12:00+00:00,4542.72,stop_loss,-12.139999999999418,False
-1,2026-05-19 08:15:00+00:00,2026-05-19 08:16:00+00:00,4546.0,open,4559.53,4505.410000000001,13.529999999999745,40.589999999999236,120,2026-05-19 15:15:00+00:00,4554.17,4559.53,8,2026-05-19 13:23:00+00:00,4505.410000000001,target_hit,40.589999999999236,True
-1,2026-05-19 13:30:00+00:00,2026-05-19 13:31:00+00:00,4490.06,open,4523.39,4390.070000000001,33.32999999999993,99.98999999999978,120,2026-05-19 19:45:00+00:00,4517.51,4523.39,5,2026-05-19 19:45:00+00:00,4487.89,timeout,2.1700000000000728,True
1,2026-05-20 07:00:00+00:00,2026-05-20 07:01:00+00:00,4475.63,open,4466.67,4502.51,8.960000000000036,26.88000000000011,120,2026-05-20 14:00:00+00:00,4466.67,4475.24,6,2026-05-20 12:30:00+00:00,4502.51,target_hit,26.88000000000011,True
1,2026-05-20 12:45:00+00:00,2026-05-20 12:46:00+00:00,4503.4,open,4499.44,4515.28,3.9600000000000364,11.88000000000011,120,2026-05-20 14:46:00+00:00,4499.44,4504.49,0,2026-05-20 12:54:00+00:00,4499.44,stop_loss,-3.9600000000000364,False
1,2026-05-20 14:30:00+00:00,2026-05-20 14:31:00+00:00,4521.21,open,4476.75,4654.59,44.460000000000036,133.3800000000001,120,2026-05-20 18:45:00+00:00,4476.75,4483.88,3,2026-05-20 18:45:00+00:00,4538.66,timeout,17.449999999999818,True
1,2026-05-21 16:15:00+00:00,2026-05-21 16:16:00+00:00,4516.12,open,4511.95,4528.63,4.170000000000073,12.510000000000218,120,2026-05-21 18:16:00+00:00,4511.95,4517.34,0,2026-05-21 17:10:00+00:00,4528.63,target_hit,12.510000000000218,True
1,2026-05-21 17:15:00+00:00,2026-05-21 17:16:00+00:00,4534.41,open,4517.95,4583.79,16.460000000000036,49.38000000000011,120,2026-05-21 20:15:00+00:00,4517.95,4528.87,4,2026-05-21 20:15:00+00:00,4541.74,timeout,7.329999999999927,True
-1,2026-05-22 07:15:00+00:00,2026-05-22 07:16:00+00:00,4524.01,open,4526.3,4517.14,2.2899999999999636,6.869999999999891,120,2026-05-22 09:16:00+00:00,4522.82,4526.3,0,2026-05-22 07:22:00+00:00,4526.3,stop_loss,-2.2899999999999636,False
-1,2026-05-22 08:15:00+00:00,2026-05-22 08:16:00+00:00,4527.55,open,4529.97,4520.29,2.4200000000000728,7.260000000000218,120,2026-05-22 10:16:00+00:00,4526.0,4529.97,0,2026-05-22 08:20:00+00:00,4529.97,stop_loss,-2.4200000000000728,False
-1,2026-05-22 08:30:00+00:00,2026-05-22 08:31:00+00:00,4525.9,open,4530.63,4511.709999999998,4.730000000000473,14.190000000001419,120,2026-05-22 11:15:00+00:00,4526.43,4530.63,2,2026-05-22 09:50:00+00:00,4530.63,stop_loss,-4.730000000000473,False
1,2026-05-22 10:15:00+00:00,2026-05-22 10:16:00+00:00,4533.26,open,4532.21,4536.410000000001,1.050000000000182,3.1500000000005457,120,2026-05-22 12:16:00+00:00,4532.21,4536.94,0,2026-05-22 10:19:00+00:00,4532.21,stop_loss,-1.050000000000182,False
-1,2026-05-22 10:45:00+00:00,2026-05-22 10:46:00+00:00,4513.58,open,4519.1,4497.019999999999,5.520000000000437,16.56000000000131,120,2026-05-22 12:46:00+00:00,4514.98,4519.1,0,2026-05-22 11:39:00+00:00,4519.1,stop_loss,-5.520000000000437,False
1,2026-05-22 12:15:00+00:00,2026-05-22 12:16:00+00:00,4529.91,open,4520.76,4557.359999999999,9.149999999999636,27.44999999999891,120,2026-05-22 14:30:00+00:00,4520.76,4530.73,1,2026-05-22 12:31:00+00:00,4520.76,stop_loss,-9.149999999999636,False
1,2026-05-22 13:00:00+00:00,2026-05-22 13:01:00+00:00,4525.51,open,4521.54,4537.420000000001,3.9700000000002547,11.910000000000764,120,2026-05-22 15:01:00+00:00,4521.54,4528.85,0,2026-05-22 13:02:00+00:00,4521.54,stop_loss,-3.9700000000002547,False
-1,2026-05-22 13:15:00+00:00,2026-05-22 13:16:00+00:00,4529.0,open,4530.66,4524.02,1.6599999999998545,4.979999999999563,120,2026-05-22 15:16:00+00:00,4524.68,4530.66,0,2026-05-22 13:24:00+00:00,4524.02,target_hit,4.979999999999563,True
-1,2026-05-22 13:45:00+00:00,2026-05-22 13:46:00+00:00,4517.62,open,4527.24,4488.76,9.61999999999989,28.859999999999673,120,2026-05-22 16:45:00+00:00,4519.89,4527.24,4,2026-05-22 16:45:00+00:00,4516.24,timeout,1.3800000000001091,True
-1,2026-05-25 07:30:00+00:00,2026-05-25 07:31:00+00:00,4554.54,open,4560.48,4536.720000000001,5.9399999999996,17.8199999999988,120,2026-05-25 09:31:00+00:00,4553.07,4560.48,0,2026-05-25 07:33:00+00:00,4560.48,stop_loss,-5.9399999999996,False
-1,2026-05-25 13:15:00+00:00,2026-05-25 13:16:00+00:00,4563.42,open,4568.13,4549.29,4.710000000000036,14.13000000000011,120,2026-05-25 15:16:00+00:00,4564.11,4568.13,0,2026-05-25 14:05:00+00:00,4568.13,stop_loss,-4.710000000000036,False
1,2026-05-25 15:15:00+00:00,2026-05-25 15:16:00+00:00,4569.88,open,4566.1,4581.219999999999,3.7799999999997453,11.339999999999236,120,2026-05-25 17:16:00+00:00,4566.1,4571.64,0,2026-05-25 17:16:00+00:00,4573.63,timeout,3.75,True
1,2026-05-25 18:15:00+00:00,2026-05-25 18:16:00+00:00,4570.49,open,4567.94,4578.14,2.550000000000182,7.650000000000546,120,2026-05-25 20:16:00+00:00,4567.94,4571.83,0,2026-05-25 18:24:00+00:00,4567.94,stop_loss,-2.550000000000182,False
-1,2026-05-26 07:45:00+00:00,2026-05-26 07:46:00+00:00,4525.64,open,4529.19,4514.9900000000025,3.5499999999992724,10.649999999997817,120,2026-05-26 09:46:00+00:00,4524.15,4529.19,0,2026-05-26 07:47:00+00:00,4529.19,stop_loss,-3.5499999999992724,False
1,2026-05-26 08:00:00+00:00,2026-05-26 08:01:00+00:00,4536.24,open,4525.1,4569.659999999998,11.139999999999418,33.419999999998254,120,2026-05-26 10:01:00+00:00,4525.1,4530.39,0,2026-05-26 08:26:00+00:00,4525.1,stop_loss,-11.139999999999418,False
1,2026-05-26 09:30:00+00:00,2026-05-26 09:31:00+00:00,4521.98,open,4519.02,4530.859999999997,2.959999999999127,8.87999999999738,120,2026-05-26 11:31:00+00:00,4519.02,4524.56,0,2026-05-26 09:32:00+00:00,4519.02,stop_loss,-2.959999999999127,False
-1,2026-05-26 09:45:00+00:00,2026-05-26 09:46:00+00:00,4515.99,open,4525.59,4487.189999999999,9.600000000000364,28.80000000000109,120,2026-05-26 11:46:00+00:00,4520.99,4525.59,0,2026-05-26 10:09:00+00:00,4525.59,stop_loss,-9.600000000000364,False
1,2026-05-26 10:45:00+00:00,2026-05-26 10:46:00+00:00,4535.98,open,4534.85,4539.369999999997,1.1299999999991996,3.389999999997599,120,2026-05-26 12:46:00+00:00,4534.85,4539.18,0,2026-05-26 10:47:00+00:00,4534.85,stop_loss,-1.1299999999991996,False
-1,2026-05-26 11:45:00+00:00,2026-05-26 11:46:00+00:00,4508.89,open,4524.21,4462.930000000001,15.319999999999709,45.95999999999913,120,2026-05-26 13:46:00+00:00,4517.86,4524.21,0,2026-05-26 13:02:00+00:00,4524.21,stop_loss,-15.319999999999709,False
1,2026-05-26 13:30:00+00:00,2026-05-26 13:31:00+00:00,4525.21,open,4522.03,4534.750000000001,3.180000000000291,9.540000000000873,120,2026-05-26 15:31:00+00:00,4522.03,4527.25,0,2026-05-26 13:34:00+00:00,4522.03,stop_loss,-3.180000000000291,False
-1,2026-05-26 14:00:00+00:00,2026-05-26 14:01:00+00:00,4512.17,open,4526.63,4468.79,14.460000000000036,43.38000000000011,120,2026-05-26 17:30:00+00:00,4519.54,4526.63,1,2026-05-26 17:30:00+00:00,4499.1,timeout,13.069999999999709,True
-1,2026-05-26 17:30:00+00:00,2026-05-26 17:31:00+00:00,4498.91,open,4505.18,4480.0999999999985,6.270000000000437,18.81000000000131,120,2026-05-26 20:15:00+00:00,4500.56,4505.18,2,2026-05-26 19:42:00+00:00,4505.18,stop_loss,-6.270000000000437,False
-1,2026-05-27 07:15:00+00:00,2026-05-27 07:16:00+00:00,4481.35,open,4487.42,4463.140000000001,6.069999999999709,18.209999999999127,120,2026-05-27 09:16:00+00:00,4483.4,4487.42,0,2026-05-27 07:23:00+00:00,4487.42,stop_loss,-6.069999999999709,False
1,2026-05-27 08:15:00+00:00,2026-05-27 08:16:00+00:00,4486.43,open,4483.06,4496.54,3.369999999999891,10.109999999999673,120,2026-05-27 10:16:00+00:00,4483.06,4488.61,0,2026-05-27 08:41:00+00:00,4496.54,target_hit,10.109999999999673,True
-1,2026-05-27 09:15:00+00:00,2026-05-27 09:16:00+00:00,4493.04,open,4496.66,4482.18,3.619999999999891,10.859999999999673,120,2026-05-27 11:16:00+00:00,4491.32,4496.66,0,2026-05-27 10:19:00+00:00,4482.18,target_hit,10.859999999999673,True
-1,2026-05-27 10:45:00+00:00,2026-05-27 10:46:00+00:00,4463.87,open,4473.65,4434.530000000001,9.779999999999745,29.339999999999236,120,2026-05-27 13:00:00+00:00,4461.79,4473.65,1,2026-05-27 11:30:00+00:00,4434.530000000001,target_hit,29.339999999999236,True
-1,2026-05-27 11:30:00+00:00,2026-05-27 11:31:00+00:00,4434.32,open,4447.86,4393.7,13.539999999999964,40.61999999999989,120,2026-05-27 14:00:00+00:00,4443.57,4447.86,2,2026-05-27 12:19:00+00:00,4447.86,stop_loss,-13.539999999999964,False
1,2026-05-27 12:30:00+00:00,2026-05-27 12:31:00+00:00,4459.77,open,4428.92,4552.3200000000015,30.850000000000364,92.55000000000109,120,2026-05-27 14:45:00+00:00,4428.92,4445.94,1,2026-05-27 13:05:00+00:00,4428.92,stop_loss,-30.850000000000364,False
-1,2026-05-27 13:15:00+00:00,2026-05-27 13:16:00+00:00,4418.29,open,4439.32,4355.200000000001,21.029999999999745,63.089999999999236,120,2026-05-27 15:30:00+00:00,4430.4,4439.32,1,2026-05-27 14:05:00+00:00,4439.32,stop_loss,-21.029999999999745,False
1,2026-05-27 14:15:00+00:00,2026-05-27 14:16:00+00:00,4447.68,open,4426.89,4510.05,20.789999999999964,62.36999999999989,120,2026-05-27 20:30:00+00:00,4426.89,4433.05,5,2026-05-27 20:30:00+00:00,4454.74,timeout,7.059999999999491,True
1,2026-05-28 07:15:00+00:00,2026-05-28 07:16:00+00:00,4387.01,open,4383.6,4397.24,3.4099999999998545,10.229999999999563,120,2026-05-28 09:30:00+00:00,4383.6,4390.2,1,2026-05-28 07:52:00+00:00,4383.6,stop_loss,-3.4099999999998545,False
1,2026-05-28 08:15:00+00:00,2026-05-28 08:16:00+00:00,4394.42,open,4387.21,4416.05,7.210000000000036,21.63000000000011,120,2026-05-28 10:16:00+00:00,4387.21,4392.19,0,2026-05-28 08:32:00+00:00,4387.21,stop_loss,-7.210000000000036,False
1,2026-05-28 09:30:00+00:00,2026-05-28 09:31:00+00:00,4393.67,open,4390.75,4402.43,2.9200000000000728,8.760000000000218,120,2026-05-28 11:31:00+00:00,4390.75,4399.6,0,2026-05-28 09:44:00+00:00,4390.75,stop_loss,-2.9200000000000728,False
1,2026-05-28 10:15:00+00:00,2026-05-28 10:16:00+00:00,4400.16,open,4397.36,4408.56,2.800000000000182,8.400000000000546,120,2026-05-28 12:16:00+00:00,4397.36,4402.23,0,2026-05-28 10:20:00+00:00,4397.36,stop_loss,-2.800000000000182,False
-1,2026-05-28 10:45:00+00:00,2026-05-28 10:46:00+00:00,4387.69,open,4396.24,4362.039999999999,8.550000000000182,25.650000000000546,120,2026-05-28 14:30:00+00:00,4391.55,4396.24,3,2026-05-28 12:36:00+00:00,4396.24,stop_loss,-8.550000000000182,False
1,2026-05-28 12:45:00+00:00,2026-05-28 12:46:00+00:00,4403.62,open,4383.25,4464.73,20.36999999999989,61.10999999999967,120,2026-05-28 16:00:00+00:00,4383.25,4394.29,3,2026-05-28 14:13:00+00:00,4464.73,target_hit,61.10999999999967,True
1,2026-05-28 14:45:00+00:00,2026-05-28 14:46:00+00:00,4476.83,open,4459.39,4529.149999999999,17.4399999999996,52.3199999999988,120,2026-05-28 20:00:00+00:00,4459.39,4468.08,7,2026-05-28 20:00:00+00:00,4497.11,timeout,20.279999999999745,True
1,2026-05-29 09:00:00+00:00,2026-05-29 09:01:00+00:00,4517.46,open,4509.84,4540.32,7.619999999999891,22.859999999999673,120,2026-05-29 12:00:00+00:00,4509.84,4513.89,3,2026-05-29 10:36:00+00:00,4540.32,target_hit,22.859999999999673,True
1,2026-05-29 10:45:00+00:00,2026-05-29 10:46:00+00:00,4540.34,open,4533.69,4560.290000000002,6.650000000000546,19.950000000001637,120,2026-05-29 12:46:00+00:00,4533.69,4538.57,0,2026-05-29 11:09:00+00:00,4533.69,stop_loss,-6.650000000000546,False
-1,2026-05-29 12:15:00+00:00,2026-05-29 12:16:00+00:00,4530.24,open,4536.15,4512.51,5.9099999999998545,17.729999999999563,120,2026-05-29 14:30:00+00:00,4529.63,4536.15,1,2026-05-29 12:42:00+00:00,4512.51,target_hit,17.729999999999563,True
1,2026-05-29 13:00:00+00:00,2026-05-29 13:01:00+00:00,4518.74,open,4513.48,4534.52,5.260000000000218,15.780000000000655,120,2026-05-29 15:30:00+00:00,4513.48,4518.23,1,2026-05-29 13:40:00+00:00,4534.52,target_hit,15.780000000000655,True
-1,2026-05-29 14:00:00+00:00,2026-05-29 14:01:00+00:00,4538.01,open,4540.41,4530.810000000001,2.399999999999636,7.199999999998909,120,2026-05-29 16:01:00+00:00,4535.13,4540.41,0,2026-05-29 14:02:00+00:00,4540.41,stop_loss,-2.399999999999636,False
1,2026-05-29 14:15:00+00:00,2026-05-29 14:16:00+00:00,4543.93,open,4538.01,4561.6900000000005,5.920000000000073,17.76000000000022,120,2026-05-29 16:16:00+00:00,4538.01,4545.98,0,2026-05-29 14:19:00+00:00,4538.01,stop_loss,-5.920000000000073,False
-1,2026-05-29 14:30:00+00:00,2026-05-29 14:31:00+00:00,4527.47,open,4541.45,4485.530000000002,13.979999999999563,41.93999999999869,120,2026-05-29 16:31:00+00:00,4537.66,4541.45,0,2026-05-29 14:44:00+00:00,4541.45,stop_loss,-13.979999999999563,False
1,2026-05-29 14:45:00+00:00,2026-05-29 14:46:00+00:00,4538.85,open,4527.04,4574.280000000002,11.8100000000004,35.4300000000012,120,2026-05-29 17:00:00+00:00,4527.04,4532.94,1,2026-05-29 15:03:00+00:00,4574.280000000002,target_hit,35.4300000000012,True
1,2026-05-29 15:15:00+00:00,2026-05-29 15:16:00+00:00,4587.01,open,4569.73,4638.850000000002,17.280000000000655,51.840000000001965,120,2026-05-29 17:16:00+00:00,4569.73,4576.44,0,2026-05-29 15:41:00+00:00,4569.73,stop_loss,-17.280000000000655,False
-1,2026-05-29 15:45:00+00:00,2026-05-29 15:46:00+00:00,4568.62,open,4581.96,4528.599999999999,13.340000000000146,40.02000000000044,120,2026-05-29 21:00:00+00:00,4578.0,4581.96,4,2026-05-31 22:01:00+00:00,4528.599999999999,target_hit,40.02000000000044,True
1,2026-06-01 08:00:00+00:00,2026-06-01 08:01:00+00:00,4501.16,open,4497.75,4511.389999999999,3.4099999999998545,10.229999999999563,120,2026-06-01 10:01:00+00:00,4497.75,4501.92,0,2026-06-01 08:03:00+00:00,4497.75,stop_loss,-3.4099999999998545,False
-1,2026-06-01 08:15:00+00:00,2026-06-01 08:16:00+00:00,4493.39,open,4501.01,4470.530000000001,7.619999999999891,22.859999999999673,120,2026-06-01 10:16:00+00:00,4497.0,4501.01,0,2026-06-01 08:45:00+00:00,4501.01,stop_loss,-7.619999999999891,False
1,2026-06-01 08:45:00+00:00,2026-06-01 08:46:00+00:00,4501.29,open,4493.1,4525.859999999999,8.1899999999996,24.5699999999988,120,2026-06-01 11:30:00+00:00,4493.1,4498.06,1,2026-06-01 09:32:00+00:00,4493.1,stop_loss,-8.1899999999996,False
-1,2026-06-01 11:30:00+00:00,2026-06-01 11:31:00+00:00,4511.02,open,4512.11,4507.750000000003,1.089999999999236,3.269999999997708,120,2026-06-01 13:31:00+00:00,4508.49,4512.11,0,2026-06-01 11:32:00+00:00,4507.750000000003,target_hit,3.269999999997708,True
-1,2026-06-01 12:15:00+00:00,2026-06-01 12:16:00+00:00,4504.13,open,4509.14,4489.099999999999,5.010000000000218,15.030000000000655,120,2026-06-01 14:16:00+00:00,4503.83,4509.14,0,2026-06-01 12:45:00+00:00,4509.14,stop_loss,-5.010000000000218,False
-1,2026-06-01 13:15:00+00:00,2026-06-01 13:16:00+00:00,4483.89,open,4504.19,4422.9900000000025,20.299999999999272,60.89999999999782,120,2026-06-01 16:30:00+00:00,4498.32,4504.19,3,2026-06-01 16:30:00+00:00,4469.62,timeout,14.270000000000437,True
1,2026-06-01 17:30:00+00:00,2026-06-01 17:31:00+00:00,4484.84,open,4472.07,4523.1500000000015,12.770000000000437,38.31000000000131,120,2026-06-01 20:00:00+00:00,4472.07,4483.24,2,2026-06-01 20:00:00+00:00,4480.97,timeout,-3.869999999999891,False
1,2026-06-02 12:00:00+00:00,2026-06-02 12:01:00+00:00,4527.05,open,4525.49,4531.730000000001,1.5600000000004002,4.6800000000012005,120,2026-06-02 14:01:00+00:00,4525.49,4529.52,0,2026-06-02 12:07:00+00:00,4525.49,stop_loss,-1.5600000000004002,False
-1,2026-06-02 12:45:00+00:00,2026-06-02 12:46:00+00:00,4525.02,open,4530.29,4509.210000000002,5.269999999999527,15.809999999998581,120,2026-06-02 15:15:00+00:00,4521.69,4530.29,2,2026-06-02 13:30:00+00:00,4509.210000000002,target_hit,15.809999999998581,True
-1,2026-06-02 14:30:00+00:00,2026-06-02 14:31:00+00:00,4496.0,open,4500.16,4483.52,4.1599999999998545,12.479999999999563,120,2026-06-02 16:31:00+00:00,4493.84,4500.16,0,2026-06-02 14:35:00+00:00,4500.16,stop_loss,-4.1599999999998545,False
-1,2026-06-02 17:45:00+00:00,2026-06-02 17:46:00+00:00,4484.45,open,4488.01,4473.769999999999,3.5600000000004,10.6800000000012,120,2026-06-02 19:46:00+00:00,4482.2,4488.01,0,2026-06-02 18:01:00+00:00,4488.01,stop_loss,-3.5600000000004,False
1,2026-06-03 07:15:00+00:00,2026-06-03 07:16:00+00:00,4467.75,open,4460.42,4489.74,7.329999999999927,21.98999999999978,120,2026-06-03 09:16:00+00:00,4460.42,4464.82,0,2026-06-03 07:26:00+00:00,4460.42,stop_loss,-7.329999999999927,False
-1,2026-06-03 07:30:00+00:00,2026-06-03 07:31:00+00:00,4456.44,open,4463.17,4436.249999999998,6.730000000000473,20.19000000000142,120,2026-06-03 09:31:00+00:00,4458.41,4463.17,0,2026-06-03 07:35:00+00:00,4463.17,stop_loss,-6.730000000000473,False
-1,2026-06-03 09:00:00+00:00,2026-06-03 09:01:00+00:00,4444.51,open,4454.84,4413.52,10.329999999999927,30.98999999999978,120,2026-06-03 11:01:00+00:00,4442.02,4454.84,0,2026-06-03 09:06:00+00:00,4454.84,stop_loss,-10.329999999999927,False
1,2026-06-03 09:15:00+00:00,2026-06-03 09:16:00+00:00,4449.48,open,4446.21,4459.289999999998,3.269999999999527,9.809999999998581,120,2026-06-03 11:16:00+00:00,4446.21,4451.92,0,2026-06-03 09:28:00+00:00,4446.21,stop_loss,-3.269999999999527,False
-1,2026-06-03 09:30:00+00:00,2026-06-03 09:31:00+00:00,4441.78,open,4446.27,4428.309999999998,4.490000000000691,13.470000000002074,120,2026-06-03 11:31:00+00:00,4439.35,4446.27,0,2026-06-03 09:38:00+00:00,4446.27,stop_loss,-4.490000000000691,False
1,2026-06-03 09:45:00+00:00,2026-06-03 09:46:00+00:00,4446.54,open,4439.05,4469.009999999999,7.489999999999782,22.469999999999345,120,2026-06-03 15:15:00+00:00,4439.05,4444.38,7,2026-06-03 13:42:00+00:00,4439.05,stop_loss,-7.489999999999782,False
1,2026-06-03 14:00:00+00:00,2026-06-03 14:01:00+00:00,4445.8,open,4426.23,4504.510000000002,19.57000000000062,58.710000000001855,120,2026-06-03 17:00:00+00:00,4426.23,4432.46,2,2026-06-03 17:00:00+00:00,4443.15,timeout,-2.6500000000005457,False
1,2026-06-03 17:00:00+00:00,2026-06-03 17:01:00+00:00,4443.61,open,4439.1,4457.139999999998,4.509999999999309,13.529999999997926,120,2026-06-03 19:01:00+00:00,4439.1,4442.87,0,2026-06-03 17:28:00+00:00,4439.1,stop_loss,-4.509999999999309,False
1,2026-06-03 19:15:00+00:00,2026-06-03 19:16:00+00:00,4450.86,open,4445.47,4467.029999999998,5.389999999999418,16.169999999998254,120,2026-06-03 21:16:00+00:00,4445.47,4449.5,0,2026-06-03 19:45:00+00:00,4445.47,stop_loss,-5.389999999999418,False
-1,2026-06-04 07:45:00+00:00,2026-06-04 07:46:00+00:00,4461.86,open,4467.2,4445.839999999999,5.3400000000001455,16.020000000000437,120,2026-06-04 09:46:00+00:00,4462.63,4467.2,0,2026-06-04 08:06:00+00:00,4467.2,stop_loss,-5.3400000000001455,False
-1,2026-06-04 08:15:00+00:00,2026-06-04 08:16:00+00:00,4461.48,open,4466.19,4447.349999999999,4.710000000000036,14.13000000000011,120,2026-06-04 10:16:00+00:00,4462.2,4466.19,0,2026-06-04 08:30:00+00:00,4466.19,stop_loss,-4.710000000000036,False
1,2026-06-04 09:45:00+00:00,2026-06-04 09:46:00+00:00,4469.29,open,4462.21,4490.53,7.079999999999927,21.23999999999978,120,2026-06-04 12:30:00+00:00,4462.21,4467.23,2,2026-06-04 11:27:00+00:00,4490.53,target_hit,21.23999999999978,True
1,2026-06-04 11:30:00+00:00,2026-06-04 11:31:00+00:00,4491.4,open,4481.33,4521.609999999999,10.069999999999709,30.209999999999127,120,2026-06-04 15:45:00+00:00,4481.33,4487.99,6,2026-06-04 14:35:00+00:00,4481.33,stop_loss,-10.069999999999709,False
-1,2026-06-04 15:00:00+00:00,2026-06-04 15:01:00+00:00,4465.85,open,4471.62,4448.540000000002,5.769999999999527,17.30999999999858,120,2026-06-04 17:01:00+00:00,4465.57,4471.62,0,2026-06-04 15:05:00+00:00,4471.62,stop_loss,-5.769999999999527,False
1,2026-06-05 07:00:00+00:00,2026-06-05 07:01:00+00:00,4452.64,open,4448.71,4464.430000000001,3.930000000000291,11.790000000000873,120,2026-06-05 09:01:00+00:00,4448.71,4453.08,0,2026-06-05 07:23:00+00:00,4464.430000000001,target_hit,11.790000000000873,True
1,2026-06-05 07:30:00+00:00,2026-06-05 07:31:00+00:00,4465.26,open,4458.15,4486.590000000002,7.110000000000582,21.330000000001746,120,2026-06-05 11:15:00+00:00,4458.15,4462.76,3,2026-06-05 11:15:00+00:00,4461.99,timeout,-3.2700000000004366,False
-1,2026-06-05 11:45:00+00:00,2026-06-05 11:46:00+00:00,4464.5,open,4466.92,4457.24,2.4200000000000728,7.260000000000218,120,2026-06-05 13:46:00+00:00,4463.33,4466.92,0,2026-06-05 11:47:00+00:00,4466.92,stop_loss,-2.4200000000000728,False
1,2026-06-05 12:00:00+00:00,2026-06-05 12:01:00+00:00,4469.89,open,4467.45,4477.210000000002,2.4400000000005093,7.320000000001528,120,2026-06-05 14:01:00+00:00,4467.45,4475.19,0,2026-06-05 12:02:00+00:00,4467.45,stop_loss,-2.4400000000005093,False
-1,2026-06-05 12:30:00+00:00,2026-06-05 12:31:00+00:00,4451.0,open,4476.09,4375.73,25.090000000000146,75.27000000000044,120,2026-06-05 15:45:00+00:00,4468.65,4476.09,4,2026-06-05 13:59:00+00:00,4375.73,target_hit,75.27000000000044,True
-1,2026-06-05 14:00:00+00:00,2026-06-05 14:01:00+00:00,4368.37,open,4391.33,4299.49,22.960000000000036,68.88000000000011,120,2026-06-05 21:45:00+00:00,4384.95,4391.33,13,2026-06-07 22:04:00+00:00,4321.26,timeout,47.10999999999967,True
1,2026-06-08 07:00:00+00:00,2026-06-08 07:01:00+00:00,4299.3,open,4296.17,4308.6900000000005,3.130000000000109,9.390000000000327,120,2026-06-08 09:01:00+00:00,4296.17,4300.65,0,2026-06-08 07:03:00+00:00,4296.17,stop_loss,-3.130000000000109,False
1,2026-06-08 07:15:00+00:00,2026-06-08 07:16:00+00:00,4303.76,open,4295.68,4328.0,8.079999999999927,24.23999999999978,120,2026-06-08 09:16:00+00:00,4295.68,4303.06,0,2026-06-08 07:53:00+00:00,4295.68,stop_loss,-8.079999999999927,False
-1,2026-06-08 09:00:00+00:00,2026-06-08 09:01:00+00:00,4292.08,open,4293.96,4286.44,1.8800000000001091,5.640000000000327,120,2026-06-08 11:01:00+00:00,4289.52,4293.96,0,2026-06-08 09:08:00+00:00,4286.44,target_hit,5.640000000000327,True
1,2026-06-08 09:45:00+00:00,2026-06-08 09:46:00+00:00,4297.61,open,4275.64,4363.519999999998,21.969999999999345,65.90999999999804,120,2026-06-08 18:15:00+00:00,4275.64,4290.5,16,2026-06-08 18:15:00+00:00,4342.51,timeout,44.900000000000546,True
-1,2026-06-09 07:00:00+00:00,2026-06-09 07:01:00+00:00,4331.92,open,4334.99,4322.710000000001,3.069999999999709,9.209999999999127,120,2026-06-09 09:01:00+00:00,4331.28,4334.99,0,2026-06-09 07:03:00+00:00,4334.99,stop_loss,-3.069999999999709,False
-1,2026-06-09 07:15:00+00:00,2026-06-09 07:16:00+00:00,4323.95,open,4332.94,4296.9800000000005,8.989999999999782,26.969999999999345,120,2026-06-09 09:16:00+00:00,4328.61,4332.94,0,2026-06-09 08:12:00+00:00,4332.94,stop_loss,-8.989999999999782,False
1,2026-06-09 08:15:00+00:00,2026-06-09 08:16:00+00:00,4334.38,open,4329.63,4348.63,4.75,14.25,120,2026-06-09 10:16:00+00:00,4329.63,4336.45,0,2026-06-09 08:48:00+00:00,4329.63,stop_loss,-4.75,False
1,2026-06-09 11:00:00+00:00,2026-06-09 11:01:00+00:00,4340.21,open,4330.38,4369.7,9.829999999999927,29.48999999999978,120,2026-06-09 13:01:00+00:00,4330.38,4333.74,0,2026-06-09 13:01:00+00:00,4340.89,timeout,0.680000000000291,True
1,2026-06-09 13:15:00+00:00,2026-06-09 13:16:00+00:00,4340.25,open,4338.68,4344.959999999999,1.569999999999709,4.709999999999127,120,2026-06-09 15:16:00+00:00,4338.68,4342.77,0,2026-06-09 13:17:00+00:00,4338.68,stop_loss,-1.569999999999709,False
-1,2026-06-09 15:30:00+00:00,2026-06-09 15:31:00+00:00,4277.98,open,4291.77,4236.609999999997,13.790000000000873,41.37000000000262,120,2026-06-09 18:30:00+00:00,4286.46,4291.77,2,2026-06-09 16:40:00+00:00,4236.609999999997,target_hit,41.37000000000262,True
1,2026-06-09 17:00:00+00:00,2026-06-09 17:01:00+00:00,4254.9,open,4243.77,4288.289999999997,11.1299999999992,33.3899999999976,120,2026-06-09 20:30:00+00:00,4243.77,4251.19,4,2026-06-09 20:30:00+00:00,4257.96,timeout,3.0600000000004,True
-1,2026-06-10 07:15:00+00:00,2026-06-10 07:16:00+00:00,4202.58,open,4205.67,4193.3099999999995,3.0900000000001455,9.270000000000437,120,2026-06-10 09:16:00+00:00,4200.34,4205.67,0,2026-06-10 07:32:00+00:00,4193.3099999999995,target_hit,9.270000000000437,True
-1,2026-06-10 08:00:00+00:00,2026-06-10 08:01:00+00:00,4179.76,open,4188.25,4154.290000000001,8.489999999999782,25.469999999999345,120,2026-06-10 12:15:00+00:00,4181.69,4188.25,5,2026-06-10 11:05:00+00:00,4154.290000000001,target_hit,25.469999999999345,True
-1,2026-06-10 11:15:00+00:00,2026-06-10 11:16:00+00:00,4170.75,open,4175.42,4156.74,4.670000000000073,14.010000000000218,120,2026-06-10 13:30:00+00:00,4161.38,4175.42,1,2026-06-10 11:38:00+00:00,4156.74,target_hit,14.010000000000218,True
-1,2026-06-10 11:45:00+00:00,2026-06-10 11:46:00+00:00,4153.31,open,4166.47,4113.830000000001,13.159999999999854,39.47999999999956,120,2026-06-10 13:46:00+00:00,4161.03,4166.47,0,2026-06-10 12:30:00+00:00,4166.47,stop_loss,-13.159999999999854,False
1,2026-06-10 12:30:00+00:00,2026-06-10 12:31:00+00:00,4169.37,open,4137.35,4265.4299999999985,32.01999999999953,96.05999999999858,120,2026-06-10 15:15:00+00:00,4137.35,4142.07,3,2026-06-10 13:16:00+00:00,4137.35,stop_loss,-32.01999999999953,False
-1,2026-06-10 13:30:00+00:00,2026-06-10 13:31:00+00:00,4149.19,open,4151.71,4141.629999999998,2.5200000000004366,7.56000000000131,120,2026-06-10 15:31:00+00:00,4141.59,4151.71,0,2026-06-10 13:32:00+00:00,4151.71,stop_loss,-2.5200000000004366,False
1,2026-06-10 14:00:00+00:00,2026-06-10 14:01:00+00:00,4175.16,open,4173.67,4179.629999999999,1.4899999999997817,4.469999999999345,120,2026-06-10 16:01:00+00:00,4173.67,4185.56,0,2026-06-10 14:02:00+00:00,4173.67,stop_loss,-1.4899999999997817,False
-1,2026-06-10 14:15:00+00:00,2026-06-10 14:16:00+00:00,4168.04,open,4181.05,4129.009999999999,13.010000000000218,39.030000000000655,120,2026-06-10 16:45:00+00:00,4174.23,4181.05,2,2026-06-10 14:56:00+00:00,4129.009999999999,target_hit,39.030000000000655,True
-1,2026-06-10 15:00:00+00:00,2026-06-10 15:01:00+00:00,4124.58,open,4148.15,4053.870000000001,23.56999999999971,70.70999999999913,120,2026-06-10 21:30:00+00:00,4140.73,4148.15,10,2026-06-10 22:01:00+00:00,4066.08,timeout,58.5,True
-1,2026-06-11 07:00:00+00:00,2026-06-11 07:01:00+00:00,4094.39,open,4097.94,4083.7400000000007,3.549999999999727,10.649999999999181,120,2026-06-11 09:01:00+00:00,4094.53,4097.94,0,2026-06-11 07:04:00+00:00,4097.94,stop_loss,-3.549999999999727,False
1,2026-06-11 07:30:00+00:00,2026-06-11 07:31:00+00:00,4108.73,open,4096.37,4145.809999999999,12.359999999999673,37.07999999999902,120,2026-06-11 10:15:00+00:00,4096.37,4101.14,1,2026-06-11 08:30:00+00:00,4096.37,stop_loss,-12.359999999999673,False
-1,2026-06-11 08:30:00+00:00,2026-06-11 08:31:00+00:00,4096.72,open,4105.91,4069.1500000000015,9.1899999999996,27.5699999999988,120,2026-06-11 14:00:00+00:00,4101.35,4105.91,6,2026-06-11 12:22:00+00:00,4069.1500000000015,target_hit,27.5699999999988,True
-1,2026-06-11 12:30:00+00:00,2026-06-11 12:31:00+00:00,4072.06,open,4082.42,4040.9799999999996,10.360000000000127,31.080000000000382,120,2026-06-11 14:45:00+00:00,4076.71,4082.42,1,2026-06-11 12:55:00+00:00,4082.42,stop_loss,-10.360000000000127,False
1,2026-06-11 13:00:00+00:00,2026-06-11 13:01:00+00:00,4081.23,open,4074.57,4101.209999999999,6.6599999999998545,19.979999999999563,120,2026-06-11 15:01:00+00:00,4074.57,4081.33,0,2026-06-11 13:13:00+00:00,4074.57,stop_loss,-6.6599999999998545,False
1,2026-06-11 13:45:00+00:00,2026-06-11 13:46:00+00:00,4082.87,open,4074.2,4108.88,8.670000000000073,26.01000000000022,120,2026-06-11 16:00:00+00:00,4074.2,4079.17,1,2026-06-11 14:05:00+00:00,4074.2,stop_loss,-8.670000000000073,False
-1,2026-06-11 14:15:00+00:00,2026-06-11 14:16:00+00:00,4063.16,open,4085.88,3994.999999999999,22.720000000000255,68.16000000000076,120,2026-06-11 17:00:00+00:00,4078.43,4085.88,2,2026-06-11 15:08:00+00:00,4085.88,stop_loss,-22.720000000000255,False
1,2026-06-11 15:15:00+00:00,2026-06-11 15:16:00+00:00,4085.16,open,4073.1,4121.34,12.059999999999945,36.179999999999836,120,2026-06-11 18:15:00+00:00,4073.1,4084.39,4,2026-06-11 17:03:00+00:00,4073.1,stop_loss,-12.059999999999945,False
-1,2026-06-11 17:15:00+00:00,2026-06-11 17:16:00+00:00,4074.59,open,4080.48,4056.9200000000005,5.889999999999873,17.669999999999618,120,2026-06-11 19:16:00+00:00,4076.15,4080.48,0,2026-06-11 17:24:00+00:00,4080.48,stop_loss,-5.889999999999873,False
1,2026-06-11 17:30:00+00:00,2026-06-11 17:31:00+00:00,4124.92,open,4078.21,4265.05,46.710000000000036,140.1300000000001,120,2026-06-11 21:45:00+00:00,4078.21,4098.27,5,2026-06-11 22:01:00+00:00,4214.92,timeout,90.0,True
-1,2026-06-12 07:30:00+00:00,2026-06-12 07:31:00+00:00,4174.2,open,4179.24,4159.08,5.039999999999964,15.11999999999989,120,2026-06-12 09:31:00+00:00,4173.74,4179.24,0,2026-06-12 07:39:00+00:00,4179.24,stop_loss,-5.039999999999964,False
1,2026-06-12 07:45:00+00:00,2026-06-12 07:46:00+00:00,4180.37,open,4173.83,4199.99,6.539999999999964,19.61999999999989,120,2026-06-12 09:46:00+00:00,4173.83,4177.95,0,2026-06-12 08:02:00+00:00,4199.99,target_hit,19.61999999999989,True
1,2026-06-12 08:15:00+00:00,2026-06-12 08:16:00+00:00,4201.04,open,4192.61,4226.330000000001,8.430000000000291,25.290000000000873,120,2026-06-12 10:16:00+00:00,4192.61,4198.78,0,2026-06-12 09:16:00+00:00,4226.330000000001,target_hit,25.290000000000873,True
-1,2026-06-12 09:30:00+00:00,2026-06-12 09:31:00+00:00,4222.34,open,4226.01,4211.33,3.6700000000000728,11.010000000000218,120,2026-06-12 11:31:00+00:00,4221.57,4226.01,0,2026-06-12 09:34:00+00:00,4226.01,stop_loss,-3.6700000000000728,False
1,2026-06-12 09:45:00+00:00,2026-06-12 09:46:00+00:00,4225.28,open,4222.84,4232.5999999999985,2.4399999999996,7.3199999999987995,120,2026-06-12 11:46:00+00:00,4222.84,4226.55,0,2026-06-12 09:51:00+00:00,4222.84,stop_loss,-2.4399999999996,False
-1,2026-06-12 10:30:00+00:00,2026-06-12 10:31:00+00:00,4209.81,open,4220.64,4177.320000000001,10.829999999999927,32.48999999999978,120,2026-06-12 16:45:00+00:00,4216.12,4220.64,8,2026-06-12 14:47:00+00:00,4177.320000000001,target_hit,32.48999999999978,True
1,2026-06-12 15:30:00+00:00,2026-06-12 15:31:00+00:00,4222.05,open,4215.61,4241.370000000002,6.440000000000509,19.320000000001528,120,2026-06-12 17:31:00+00:00,4215.61,4219.38,0,2026-06-12 15:39:00+00:00,4215.61,stop_loss,-6.440000000000509,False
-1,2026-06-12 15:45:00+00:00,2026-06-12 15:46:00+00:00,4213.91,open,4228.85,4169.089999999998,14.94000000000051,44.82000000000153,120,2026-06-12 17:46:00+00:00,4221.76,4228.85,0,2026-06-12 16:16:00+00:00,4228.85,stop_loss,-14.94000000000051,False
1,2026-06-12 16:15:00+00:00,2026-06-12 16:16:00+00:00,4228.1,open,4214.06,4270.22,14.039999999999964,42.11999999999989,120,2026-06-12 18:30:00+00:00,4214.06,4225.31,1,2026-06-12 16:35:00+00:00,4214.06,stop_loss,-14.039999999999964,False
-1,2026-06-12 16:45:00+00:00,2026-06-12 16:46:00+00:00,4211.62,open,4218.69,4190.410000000001,7.069999999999709,21.209999999999127,120,2026-06-12 18:46:00+00:00,4213.08,4218.69,0,2026-06-12 17:00:00+00:00,4218.69,stop_loss,-7.069999999999709,False
-1,2026-06-12 17:15:00+00:00,2026-06-12 17:16:00+00:00,4217.28,open,4224.05,4196.969999999998,6.770000000000437,20.31000000000131,120,2026-06-12 19:16:00+00:00,4218.9,4224.05,0,2026-06-12 17:48:00+00:00,4224.05,stop_loss,-6.770000000000437,False
-1,2026-06-12 18:00:00+00:00,2026-06-12 18:01:00+00:00,4221.71,open,4223.86,4215.260000000001,2.149999999999636,6.449999999998909,120,2026-06-12 20:01:00+00:00,4219.93,4223.86,0,2026-06-12 18:11:00+00:00,4223.86,stop_loss,-2.149999999999636,False
1,2026-06-12 18:15:00+00:00,2026-06-12 18:16:00+00:00,4228.43,open,4224.3,4240.820000000001,4.130000000000109,12.390000000000327,120,2026-06-12 20:30:00+00:00,4224.3,4228.36,1,2026-06-12 18:31:00+00:00,4224.3,stop_loss,-4.130000000000109,False
1,2026-06-15 07:15:00+00:00,2026-06-15 07:16:00+00:00,4313.85,open,4306.42,4336.140000000001,7.430000000000291,22.290000000000873,120,2026-06-15 10:15:00+00:00,4306.42,4310.8,2,2026-06-15 08:32:00+00:00,4336.140000000001,target_hit,22.290000000000873,True
1,2026-06-15 08:45:00+00:00,2026-06-15 08:46:00+00:00,4342.71,open,4328.98,4383.9000000000015,13.730000000000473,41.19000000000142,120,2026-06-15 10:46:00+00:00,4328.98,4332.9,0,2026-06-15 10:46:00+00:00,4338.53,timeout,-4.180000000000291,False
-1,2026-06-15 11:45:00+00:00,2026-06-15 11:46:00+00:00,4336.97,open,4343.19,4318.310000000002,6.219999999999345,18.659999999998035,120,2026-06-15 14:30:00+00:00,4337.92,4343.19,3,2026-06-15 12:34:00+00:00,4343.19,stop_loss,-6.219999999999345,False
1,2026-06-15 13:45:00+00:00,2026-06-15 13:46:00+00:00,4362.42,open,4351.96,4393.8,10.460000000000036,31.38000000000011,120,2026-06-15 17:00:00+00:00,4351.96,4359.03,3,2026-06-15 15:01:00+00:00,4351.96,stop_loss,-10.460000000000036,False
1,2026-06-15 15:30:00+00:00,2026-06-15 15:31:00+00:00,4354.07,open,4350.78,4363.94,3.2899999999999636,9.86999999999989,120,2026-06-15 17:31:00+00:00,4350.78,4356.22,0,2026-06-15 15:32:00+00:00,4350.78,stop_loss,-3.2899999999999636,False
-1,2026-06-15 16:30:00+00:00,2026-06-15 16:31:00+00:00,4342.5,open,4352.79,4311.63,10.289999999999964,30.86999999999989,120,2026-06-15 19:45:00+00:00,4347.4,4352.79,2,2026-06-15 19:45:00+00:00,4319.64,timeout,22.859999999999673,True
1,2026-06-16 07:15:00+00:00,2026-06-16 07:16:00+00:00,4326.93,open,4323.22,4338.06,3.7100000000000364,11.13000000000011,120,2026-06-16 09:16:00+00:00,4323.22,4327.22,0,2026-06-16 08:09:00+00:00,4338.06,target_hit,11.13000000000011,True
1,2026-06-16 08:15:00+00:00,2026-06-16 08:16:00+00:00,4340.15,open,4335.1,4355.299999999997,5.049999999999272,15.149999999997817,120,2026-06-16 10:45:00+00:00,4335.1,4339.48,2,2026-06-16 10:45:00+00:00,4346.75,timeout,6.600000000000364,True
1,2026-06-16 12:00:00+00:00,2026-06-16 12:01:00+00:00,4339.32,open,4336.7,4347.179999999999,2.619999999999891,7.859999999999673,120,2026-06-16 14:01:00+00:00,4336.7,4340.73,0,2026-06-16 12:31:00+00:00,4347.179999999999,target_hit,7.859999999999673,True
1,2026-06-16 12:45:00+00:00,2026-06-16 12:46:00+00:00,4350.62,open,4343.4,4372.280000000001,7.220000000000255,21.660000000000764,120,2026-06-16 14:46:00+00:00,4343.4,4347.21,0,2026-06-16 13:09:00+00:00,4343.4,stop_loss,-7.220000000000255,False
-1,2026-06-16 13:15:00+00:00,2026-06-16 13:16:00+00:00,4343.03,open,4355.01,4307.089999999998,11.980000000000473,35.94000000000142,120,2026-06-16 19:30:00+00:00,4350.55,4355.01,7,2026-06-16 19:30:00+00:00,4339.6,timeout,3.4299999999993815,True
1,2026-06-17 07:30:00+00:00,2026-06-17 07:31:00+00:00,4329.88,open,4327.27,4337.709999999999,2.6099999999996726,7.829999999999018,120,2026-06-17 09:31:00+00:00,4327.27,4332.68,0,2026-06-17 07:33:00+00:00,4327.27,stop_loss,-2.6099999999996726,False
-1,2026-06-17 08:45:00+00:00,2026-06-17 08:46:00+00:00,4318.66,open,4323.89,4302.969999999998,5.230000000000473,15.690000000001419,120,2026-06-17 10:46:00+00:00,4319.9,4323.89,0,2026-06-17 08:52:00+00:00,4323.89,stop_loss,-5.230000000000473,False
1,2026-06-17 13:30:00+00:00,2026-06-17 13:31:00+00:00,4335.85,open,4332.46,4346.020000000001,3.3900000000003274,10.170000000000982,120,2026-06-17 15:45:00+00:00,4332.46,4338.56,1,2026-06-17 14:07:00+00:00,4346.020000000001,target_hit,10.170000000000982,True
1,2026-06-17 14:15:00+00:00,2026-06-17 14:16:00+00:00,4342.36,open,4336.26,4360.659999999998,6.099999999999454,18.299999999998363,120,2026-06-17 16:16:00+00:00,4336.26,4340.1,0,2026-06-17 14:24:00+00:00,4360.659999999998,target_hit,18.299999999998363,True
1,2026-06-17 14:30:00+00:00,2026-06-17 14:31:00+00:00,4362.26,open,4346.34,4410.02,15.920000000000073,47.76000000000022,120,2026-06-17 16:31:00+00:00,4346.34,4354.08,0,2026-06-17 14:47:00+00:00,4346.34,stop_loss,-15.920000000000073,False
-1,2026-06-17 15:00:00+00:00,2026-06-17 15:01:00+00:00,4347.02,open,4355.26,4322.300000000001,8.239999999999782,24.719999999999345,120,2026-06-17 17:01:00+00:00,4330.78,4355.26,0,2026-06-17 15:20:00+00:00,4355.26,stop_loss,-8.239999999999782,False
1,2026-06-17 15:30:00+00:00,2026-06-17 15:31:00+00:00,4357.03,open,4346.9,4387.42,10.13000000000011,30.390000000000327,120,2026-06-17 19:45:00+00:00,4346.9,4351.81,2,2026-06-17 18:00:00+00:00,4346.9,stop_loss,-10.13000000000011,False
1,2026-06-17 18:30:00+00:00,2026-06-17 18:31:00+00:00,4287.16,open,4282.46,4301.259999999999,4.699999999999818,14.099999999999454,120,2026-06-17 20:31:00+00:00,4282.46,4298.06,0,2026-06-17 18:32:00+00:00,4301.259999999999,target_hit,14.099999999999454,True
-1,2026-06-17 19:00:00+00:00,2026-06-17 19:01:00+00:00,4293.21,open,4326.04,4194.72,32.82999999999993,98.48999999999978,120,2026-06-17 21:45:00+00:00,4313.46,4326.04,2,2026-06-17 22:01:00+00:00,4256.76,timeout,36.44999999999982,True
1,2026-06-18 07:15:00+00:00,2026-06-18 07:16:00+00:00,4309.04,open,4304.34,4323.139999999999,4.699999999999818,14.099999999999454,120,2026-06-18 09:16:00+00:00,4304.34,4308.58,0,2026-06-18 07:25:00+00:00,4304.34,stop_loss,-4.699999999999818,False
-1,2026-06-18 07:45:00+00:00,2026-06-18 07:46:00+00:00,4297.53,open,4307.76,4266.839999999998,10.230000000000473,30.69000000000142,120,2026-06-18 10:00:00+00:00,4303.78,4307.76,1,2026-06-18 08:58:00+00:00,4266.839999999998,target_hit,30.69000000000142,True
-1,2026-06-18 09:00:00+00:00,2026-06-18 09:01:00+00:00,4263.12,open,4275.71,4225.349999999999,12.590000000000146,37.77000000000044,120,2026-06-18 15:30:00+00:00,4269.47,4275.71,9,2026-06-18 13:32:00+00:00,4275.71,stop_loss,-12.590000000000146,False
-1,2026-06-18 14:00:00+00:00,2026-06-18 14:01:00+00:00,4249.43,open,4265.49,4201.250000000002,16.05999999999949,48.17999999999847,120,2026-06-18 17:45:00+00:00,4259.77,4265.49,5,2026-06-18 17:45:00+00:00,4228.29,timeout,21.140000000000327,True
1,2026-06-18 19:45:00+00:00,2026-06-18 19:46:00+00:00,4213.74,open,4206.74,4234.74,7.0,21.0,120,2026-06-18 21:46:00+00:00,4206.74,4210.27,0,2026-06-18 22:01:00+00:00,4207.5,timeout,-6.239999999999782,False
1,2026-06-19 07:00:00+00:00,2026-06-19 07:01:00+00:00,4149.17,open,4138.21,4182.05,10.960000000000036,32.88000000000011,120,2026-06-19 11:30:00+00:00,4138.21,4143.49,5,2026-06-19 11:30:00+00:00,4145.08,timeout,-4.0900000000001455,False
1,2026-06-19 12:15:00+00:00,2026-06-19 12:16:00+00:00,4154.92,open,4152.21,4163.05,2.7100000000000364,8.13000000000011,120,2026-06-19 14:16:00+00:00,4152.21,4156.28,0,2026-06-19 12:27:00+00:00,4152.21,stop_loss,-2.7100000000000364,False
-1,2026-06-19 13:15:00+00:00,2026-06-19 13:16:00+00:00,4167.42,open,4177.03,4138.590000000001,9.609999999999673,28.829999999999018,120,2026-06-19 16:00:00+00:00,4172.37,4177.03,1,2026-06-19 16:00:00+00:00,4149.74,timeout,17.68000000000029,True
-1,2026-06-22 07:00:00+00:00,2026-06-22 07:01:00+00:00,4197.54,open,4204.73,4175.970000000001,7.1899999999996,21.5699999999988,120,2026-06-22 10:00:00+00:00,4200.0,4204.73,2,2026-06-22 09:06:00+00:00,4204.73,stop_loss,-7.1899999999996,False
1,2026-06-22 09:15:00+00:00,2026-06-22 09:16:00+00:00,4204.57,open,4202.82,4209.82,1.75,5.25,120,2026-06-22 11:16:00+00:00,4202.82,4209.69,0,2026-06-22 09:27:00+00:00,4202.82,stop_loss,-1.75,False
1,2026-06-22 10:00:00+00:00,2026-06-22 10:01:00+00:00,4208.79,open,4204.49,4221.6900000000005,4.300000000000182,12.900000000000546,120,2026-06-22 12:15:00+00:00,4204.49,4208.12,1,2026-06-22 10:47:00+00:00,4204.49,stop_loss,-4.300000000000182,False
1,2026-06-22 11:15:00+00:00,2026-06-22 11:16:00+00:00,4207.59,open,4204.59,4216.59,3.0,9.0,120,2026-06-22 13:16:00+00:00,4204.59,4210.59,0,2026-06-22 11:29:00+00:00,4204.59,stop_loss,-3.0,False
1,2026-06-22 11:45:00+00:00,2026-06-22 11:46:00+00:00,4205.25,open,4202.72,4212.839999999999,2.5299999999997453,7.589999999999236,120,2026-06-22 13:46:00+00:00,4202.72,4207.55,0,2026-06-22 11:52:00+00:00,4202.72,stop_loss,-2.5299999999997453,False
-1,2026-06-22 12:30:00+00:00,2026-06-22 12:31:00+00:00,4204.96,open,4210.44,4188.520000000001,5.479999999999563,16.43999999999869,120,2026-06-22 15:15:00+00:00,4207.05,4210.44,2,2026-06-22 13:25:00+00:00,4188.520000000001,target_hit,16.43999999999869,True
-1,2026-06-22 13:30:00+00:00,2026-06-22 13:31:00+00:00,4186.18,open,4196.25,4155.970000000001,10.069999999999709,30.209999999999127,120,2026-06-22 15:31:00+00:00,4190.45,4196.25,0,2026-06-22 13:46:00+00:00,4196.25,stop_loss,-10.069999999999709,False
1,2026-06-22 13:45:00+00:00,2026-06-22 13:46:00+00:00,4193.92,open,4187.46,4213.3,6.460000000000036,19.38000000000011,120,2026-06-22 15:46:00+00:00,4187.46,4192.1,0,2026-06-22 14:35:00+00:00,4187.46,stop_loss,-6.460000000000036,False
1,2026-06-22 15:00:00+00:00,2026-06-22 15:01:00+00:00,4200.49,open,4192.81,4223.529999999998,7.6799999999993815,23.039999999998145,120,2026-06-22 17:01:00+00:00,4192.81,4197.4,0,2026-06-22 15:19:00+00:00,4192.81,stop_loss,-7.6799999999993815,False
1,2026-06-23 07:15:00+00:00,2026-06-23 07:16:00+00:00,4116.98,open,4114.37,4124.809999999999,2.6099999999996726,7.829999999999018,120,2026-06-23 09:16:00+00:00,4114.37,4118.95,0,2026-06-23 07:19:00+00:00,4114.37,stop_loss,-2.6099999999996726,False
-1,2026-06-23 07:45:00+00:00,2026-06-23 07:46:00+00:00,4104.76,open,4119.39,4060.87,14.63000000000011,43.89000000000033,120,2026-06-23 11:00:00+00:00,4114.55,4119.39,2,2026-06-23 09:39:00+00:00,4119.39,stop_loss,-14.63000000000011,False
1,2026-06-23 10:00:00+00:00,2026-06-23 10:01:00+00:00,4129.16,open,4117.69,4163.570000000001,11.470000000000255,34.410000000000764,120,2026-06-23 12:15:00+00:00,4117.69,4122.62,1,2026-06-23 11:01:00+00:00,4117.69,stop_loss,-11.470000000000255,False
1,2026-06-23 11:15:00+00:00,2026-06-23 11:16:00+00:00,4127.47,open,4119.88,4150.240000000001,7.5900000000001455,22.770000000000437,120,2026-06-23 13:16:00+00:00,4119.88,4125.85,0,2026-06-23 11:43:00+00:00,4119.88,stop_loss,-7.5900000000001455,False
-1,2026-06-23 11:45:00+00:00,2026-06-23 11:46:00+00:00,4121.01,open,4126.83,4103.550000000001,5.819999999999709,17.459999999999127,120,2026-06-23 13:46:00+00:00,4123.25,4126.83,0,2026-06-23 12:00:00+00:00,4126.83,stop_loss,-5.819999999999709,False
-1,2026-06-23 12:15:00+00:00,2026-06-23 12:16:00+00:00,4113.46,open,4126.11,4075.510000000001,12.649999999999636,37.94999999999891,120,2026-06-23 15:30:00+00:00,4122.26,4126.11,3,2026-06-23 13:40:00+00:00,4126.11,stop_loss,-12.649999999999636,False
1,2026-06-23 14:00:00+00:00,2026-06-23 14:01:00+00:00,4137.75,open,4127.57,4168.290000000001,10.180000000000291,30.540000000000873,120,2026-06-23 16:30:00+00:00,4127.57,4135.35,2,2026-06-23 14:32:00+00:00,4127.57,stop_loss,-10.180000000000291,False
-1,2026-06-23 14:45:00+00:00,2026-06-23 14:46:00+00:00,4125.94,open,4133.49,4103.289999999999,7.550000000000182,22.650000000000546,120,2026-06-23 16:46:00+00:00,4127.98,4133.49,0,2026-06-23 15:01:00+00:00,4133.49,stop_loss,-7.550000000000182,False
1,2026-06-23 15:00:00+00:00,2026-06-23 15:01:00+00:00,4131.37,open,4125.5,4148.98,5.869999999999891,17.609999999999673,120,2026-06-23 17:01:00+00:00,4125.5,4129.79,0,2026-06-23 15:08:00+00:00,4125.5,stop_loss,-5.869999999999891,False
-1,2026-06-23 15:15:00+00:00,2026-06-23 15:16:00+00:00,4128.75,open,4130.71,4122.87,1.9600000000000364,5.880000000000109,120,2026-06-23 17:16:00+00:00,4124.07,4130.71,0,2026-06-23 15:17:00+00:00,4130.71,stop_loss,-1.9600000000000364,False
1,2026-06-23 15:45:00+00:00,2026-06-23 15:46:00+00:00,4137.49,open,4126.46,4170.579999999999,11.029999999999745,33.089999999999236,120,2026-06-23 18:30:00+00:00,4126.46,4131.23,1,2026-06-23 18:04:00+00:00,4126.46,stop_loss,-11.029999999999745,False
1,2026-06-23 19:15:00+00:00,2026-06-23 19:16:00+00:00,4120.38,open,4117.68,4128.48,2.699999999999818,8.099999999999454,120,2026-06-23 21:16:00+00:00,4117.68,4122.64,0,2026-06-23 19:19:00+00:00,4117.68,stop_loss,-2.699999999999818,False
-1,2026-06-24 07:00:00+00:00,2026-06-24 07:01:00+00:00,4087.36,open,4089.23,4081.7500000000005,1.8699999999998909,5.609999999999673,120,2026-06-24 09:01:00+00:00,4084.34,4089.23,0,2026-06-24 07:02:00+00:00,4089.23,stop_loss,-1.8699999999998909,False
-1,2026-06-24 07:15:00+00:00,2026-06-24 07:16:00+00:00,4087.02,open,4089.73,4078.89,2.7100000000000364,8.13000000000011,120,2026-06-24 09:16:00+00:00,4085.42,4089.73,0,2026-06-24 07:35:00+00:00,4078.89,target_hit,8.13000000000011,True
1,2026-06-24 08:30:00+00:00,2026-06-24 08:31:00+00:00,4083.75,open,4076.39,4105.83,7.360000000000127,22.080000000000382,120,2026-06-24 10:45:00+00:00,4076.39,4080.38,1,2026-06-24 08:54:00+00:00,4076.39,stop_loss,-7.360000000000127,False
1,2026-06-24 09:15:00+00:00,2026-06-24 09:16:00+00:00,4076.49,open,4071.83,4090.4699999999993,4.6599999999998545,13.979999999999563,120,2026-06-24 11:16:00+00:00,4071.83,4076.14,0,2026-06-24 09:26:00+00:00,4071.83,stop_loss,-4.6599999999998545,False
1,2026-06-24 10:30:00+00:00,2026-06-24 10:31:00+00:00,4062.44,open,4056.88,4079.12,5.559999999999945,16.679999999999836,120,2026-06-24 12:31:00+00:00,4056.88,4060.83,0,2026-06-24 10:38:00+00:00,4056.88,stop_loss,-5.559999999999945,False
1,2026-06-24 10:45:00+00:00,2026-06-24 10:46:00+00:00,4065.47,open,4057.8,4088.4799999999987,7.669999999999618,23.009999999998854,120,2026-06-24 12:46:00+00:00,4057.8,4061.8,0,2026-06-24 10:53:00+00:00,4057.8,stop_loss,-7.669999999999618,False
-1,2026-06-24 11:15:00+00:00,2026-06-24 11:16:00+00:00,4041.01,open,4056.03,3995.9500000000003,15.019999999999982,45.059999999999945,120,2026-06-24 13:30:00+00:00,4050.79,4056.03,1,2026-06-24 11:52:00+00:00,4056.03,stop_loss,-15.019999999999982,False
1,2026-06-24 12:00:00+00:00,2026-06-24 12:01:00+00:00,4046.38,open,4040.78,4063.18,5.599999999999909,16.799999999999727,120,2026-06-24 14:01:00+00:00,4040.78,4045.7,0,2026-06-24 12:06:00+00:00,4040.78,stop_loss,-5.599999999999909,False
-1,2026-06-24 12:15:00+00:00,2026-06-24 12:16:00+00:00,4036.86,open,4043.81,4016.0100000000007,6.949999999999818,20.849999999999454,120,2026-06-24 14:16:00+00:00,4039.43,4043.81,0,2026-06-24 12:25:00+00:00,4016.0100000000007,target_hit,20.849999999999454,True
-1,2026-06-24 12:45:00+00:00,2026-06-24 12:46:00+00:00,4013.33,open,4017.44,4000.9999999999995,4.110000000000127,12.330000000000382,120,2026-06-24 14:46:00+00:00,4011.04,4017.44,0,2026-06-24 12:51:00+00:00,4000.9999999999995,target_hit,12.330000000000382,True
-1,2026-06-24 13:00:00+00:00,2026-06-24 13:01:00+00:00,3980.78,open,4011.17,3889.6100000000006,30.389999999999873,91.16999999999962,120,2026-06-24 15:15:00+00:00,4002.88,4011.17,1,2026-06-24 13:42:00+00:00,4011.17,stop_loss,-30.389999999999873,False
1,2026-06-24 13:45:00+00:00,2026-06-24 13:46:00+00:00,4014.34,open,3974.45,4134.010000000001,39.89000000000033,119.67000000000098,120,2026-06-24 19:00:00+00:00,3974.45,3982.02,8,2026-06-24 17:58:00+00:00,3974.45,stop_loss,-39.89000000000033,False
-1,2026-06-24 18:00:00+00:00,2026-06-24 18:01:00+00:00,3972.55,open,3985.18,3934.660000000001,12.629999999999654,37.88999999999896,120,2026-06-24 20:01:00+00:00,3979.9,3985.18,0,2026-06-24 18:10:00+00:00,3985.18,stop_loss,-12.629999999999654,False
1,2026-06-25 07:30:00+00:00,2026-06-25 07:31:00+00:00,3986.58,open,3977.79,4012.95,8.789999999999964,26.36999999999989,120,2026-06-25 09:31:00+00:00,3977.79,3981.69,0,2026-06-25 07:40:00+00:00,3977.79,stop_loss,-8.789999999999964,False
1,2026-06-25 08:00:00+00:00,2026-06-25 08:01:00+00:00,3990.85,open,3977.73,4030.2099999999996,13.11999999999989,39.35999999999967,120,2026-06-25 10:30:00+00:00,3977.73,3983.18,1,2026-06-25 10:30:00+00:00,3987.41,timeout,-3.4400000000000546,False
1,2026-06-25 11:45:00+00:00,2026-06-25 11:46:00+00:00,3987.76,open,3973.58,4030.300000000001,14.180000000000291,42.54000000000087,120,2026-06-25 15:00:00+00:00,3973.58,3978.01,3,2026-06-25 13:02:00+00:00,4030.300000000001,target_hit,42.54000000000087,True
1,2026-06-25 13:15:00+00:00,2026-06-25 13:16:00+00:00,4030.01,open,4012.17,4083.5300000000007,17.840000000000146,53.52000000000044,120,2026-06-25 15:30:00+00:00,4012.17,4025.08,1,2026-06-25 13:44:00+00:00,4012.17,stop_loss,-17.840000000000146,False
-1,2026-06-25 13:45:00+00:00,2026-06-25 13:46:00+00:00,4010.47,open,4024.45,3968.5299999999997,13.980000000000018,41.940000000000055,120,2026-06-25 15:46:00+00:00,4018.41,4024.45,0,2026-06-25 14:27:00+00:00,4024.45,stop_loss,-13.980000000000018,False
-1,2026-06-25 14:45:00+00:00,2026-06-25 14:46:00+00:00,4019.59,open,4022.35,4011.310000000001,2.7599999999997635,8.27999999999929,120,2026-06-25 16:46:00+00:00,4016.05,4022.35,0,2026-06-25 14:57:00+00:00,4011.310000000001,target_hit,8.27999999999929,True
-1,2026-06-25 15:00:00+00:00,2026-06-25 15:01:00+00:00,4011.84,open,4020.36,3986.28,8.519999999999982,25.559999999999945,120,2026-06-25 17:01:00+00:00,4015.45,4020.36,0,2026-06-25 15:07:00+00:00,4020.36,stop_loss,-8.519999999999982,False
