pattern,fh,sh,eh,ob,cool,os,rec,slk,rob,ros,n_bars,tpx,slx,rr,pt,nt,pnl,wr,dd
F15S60,15,60,360,-5,-20,-40,-30,10,20,10,4108,0.6,0.25,2.4,0.45,100,1261.9147853268164,50.0,-517.4404077010977
F15S60,15,60,360,-5,-20,-40,-30,10,20,10,4108,0.6,0.25,2.4,0.4,121,1134.6515657880796,49.586776859504134,-489.8043118898577
F15S60,15,60,360,-5,-20,-40,-30,10,20,10,4108,0.55,0.25,2.2,0.4,152,1078.6210065738082,45.39473684210527,-281.8112815003842
F15S60,15,60,360,-5,-20,-40,-30,10,20,10,4108,0.65,0.25,2.6,0.4,97,1053.7830942106457,48.45360824742268,-298.6731132629184
F15S60,15,60,360,-5,-20,-40,-30,10,20,10,4108,0.55,0.25,2.2,0.45,129,1015.3985981298447,47.286821705426355,-217.4179591897746
F15S60,15,60,360,-5,-20,-40,-30,10,15,10,3523,0.65,0.25,2.6,0.4,82,966.095169554786,52.4390243902439,-130.1246346663538
F15S60,15,60,360,-5,-20,-40,-30,10,20,10,4108,0.6,0.3,2.0,0.45,98,925.4193400973531,51.02040816326531,-444.1600976600257
F15S60,15,60,360,-5,-20,-40,-30,10,15,10,3523,0.65,0.25,2.6,0.45,68,907.6665222444831,50.0,-197.79707215187454
F15S60,15,60,360,-5,-20,-40,-30,10,20,10,4108,0.65,0.25,2.6,0.45,77,870.5681897098029,48.05194805194805,-224.4539560983876
F15S60,15,60,360,-5,-20,-40,-30,10,15,10,3523,0.55,0.25,2.2,0.4,132,806.9336762458483,49.24242424242424,-311.4008410894576
F15S60,15,60,360,-5,-20,-40,-30,10,20,10,4108,0.6,0.3,2.0,0.4,117,798.647529306465,48.717948717948715,-636.3213649410995
F15S60,15,60,360,-5,-20,-40,-30,10,15,10,3523,0.55,0.25,2.2,0.45,113,786.4120064222188,51.32743362831859,-247.70630535161808
F15S60,15,60,360,-5,-20,-40,-30,10,15,10,3523,0.6,0.25,2.4,0.4,91,766.6755797863489,49.45054945054945,-265.378621018423
F15S60,15,60,360,-5,-20,-40,-30,10,20,10,4108,0.65,0.35,1.8571428571428574,0.45,79,763.360630025149,51.89873417721519,-243.42999010469703
F60S90,60,90,360,-5,-20,-40,-30,0,15,15,3256,0.55,0.25,2.2,0.4,93,745.6624951311414,48.38709677419355,-211.39108718930584
F15S60,15,60,360,-5,-30,-40,-30,10,15,15,4457,0.6,0.15,4.0,0.45,101,692.8606250366101,36.633663366336634,-122.44402836552763
F15S60,15,60,360,-5,-30,-40,-30,0,15,10,3358,0.65,0.25,2.6,0.4,80,676.8808093595981,56.25,-148.02807003893304
F15S60,15,60,360,-5,-20,-40,-30,10,15,10,3523,0.6,0.3,2.0,0.4,89,673.4418947665549,50.56179775280899,-578.1705510585634
F60S90,60,90,360,-5,-20,-40,-30,0,20,15,4261,0.65,0.35,1.8571428571428574,0.4,88,664.4585803203609,48.86363636363637,-309.25588526066576
F60S90,60,90,360,-5,-20,-40,-30,10,15,15,1811,0.7,0.2,3.4999999999999996,0.4,34,664.1952918809725,41.17647058823529,-83.49051850580145
F60S90,60,90,360,-5,-20,-40,-30,0,15,15,3256,0.6,0.15,4.0,0.4,59,654.8276380866364,38.983050847457626,-102.58955816969865
F60S90,60,90,360,-5,-20,-40,-30,0,15,15,3256,0.55,0.25,2.2,0.45,76,646.8306546543636,44.73684210526316,-216.45295642232622
F15S60,15,60,360,-5,-30,-40,-30,0,15,10,3358,0.6,0.25,2.4,0.45,75,643.477525725129,50.66666666666667,-129.24093150016233
F60S90,60,90,360,-5,-20,-40,-30,0,15,10,1736,0.65,0.35,1.8571428571428574,0.4,26,633.9654763589124,50.0,-173.41775616539144
F15S60,15,60,360,-5,-30,-40,-30,0,15,10,3358,0.6,0.25,2.4,0.4,87,633.4215387160634,50.57471264367817,-129.24093150016233
F15S60,15,60,360,-5,-20,-60,-30,0,15,15,3958,0.55,0.25,2.2,0.4,133,628.502239750419,42.857142857142854,-219.4357111373347
F15S60,15,60,360,-5,-30,-40,-30,0,15,10,3358,0.6,0.3,2.0,0.4,94,622.0955351914317,52.12765957446809,-159.7606971082978
F60S90,60,90,360,-5,-20,-40,-30,0,15,15,3256,0.65,0.35,1.8571428571428574,0.4,79,609.2475680887769,44.303797468354425,-223.43754083301837
F60S90,60,90,360,-5,-20,-40,-30,0,15,10,1736,0.6,0.3,2.0,0.45,27,608.6174018027718,44.44444444444444,-106.5639924095085
F60S90,60,90,360,-5,-20,-40,-30,0,15,10,1736,0.65,0.25,2.6,0.4,29,604.570607774057,48.275862068965516,-195.6983222647218
F15S60,15,60,360,-5,-20,-60,-30,5,20,15,2920,0.6,0.15,4.0,0.4,67,604.128789909555,32.83582089552239,-102.97860449868995
F60S90,60,90,360,-5,-20,-40,-30,10,20,15,2194,0.55,0.25,2.2,0.4,70,598.0105493767132,50.0,-194.65660339571423
F60S90,60,90,360,-5,-20,-40,-30,0,15,10,1736,0.6,0.3,2.0,0.4,29,590.6604055980174,44.827586206896555,-152.51098861426271
F15S60,15,60,360,-5,-20,-60,-30,0,20,15,4303,0.6,0.25,2.4,0.4,106,581.3213812508075,45.28301886792453,-139.59300484324194
F60S90,60,90,360,-5,-20,-40,-30,0,15,15,3256,0.6,0.3,2.0,0.45,67,580.331828663936,46.26865671641791,-225.9019326751477
F15S60,15,60,360,-5,-20,-60,-30,0,15,15,3958,0.55,0.25,2.2,0.45,106,578.0611612528878,45.28301886792453,-182.0461748444759
F15S60,15,60,360,-5,-20,-40,-30,10,20,10,4108,0.65,0.35,1.8571428571428574,0.4,94,575.9005081347173,48.93617021276596,-292.5348843180809
F15S60,15,60,360,-5,-20,-60,-30,5,20,15,2920,0.6,0.15,4.0,0.45,53,575.5549475626826,35.84905660377358,-86.02363721242455
F60S90,60,90,360,-5,-20,-40,-30,0,15,10,1736,0.6,0.25,2.4,0.45,27,572.6190623920461,40.74074074074074,-133.44459801731455
F15S60,15,60,360,-5,-30,-40,-30,10,15,15,4457,0.6,0.15,4.0,0.4,120,571.6121087098486,34.166666666666664,-154.78089891691343
F15S60,15,60,360,-5,-20,-60,-30,5,15,15,2840,0.6,0.15,4.0,0.4,61,567.4542557376076,32.78688524590164,-85.05601784304872
F30S120,30,120,240,-5,-20,-40,-30,0,20,10,2894,0.55,0.25,2.2,0.4,41,564.8106287254213,58.536585365853654,-100.41619336563053
F15S60,15,60,360,-5,-20,-60,-30,0,20,15,4303,0.55,0.25,2.2,0.4,138,561.6665898281462,45.65217391304348,-260.35640067847453
F60S90,60,90,360,-5,-20,-40,-30,0,15,10,1736,0.6,0.25,2.4,0.4,29,561.6098988880835,41.37931034482759,-144.6213337473837
F60S90,60,90,360,-5,-20,-40,-30,10,15,15,1811,0.7,0.2,3.4999999999999996,0.45,30,561.1491955400252,40.0,-97.79613827350613
F15S60,15,60,360,-5,-20,-60,-30,0,20,15,4303,0.6,0.25,2.4,0.45,87,560.2473178866476,45.97701149425287,-86.49320507662196
F60S90,60,90,360,-5,-20,-40,-30,10,20,15,2194,0.65,0.35,1.8571428571428574,0.4,44,554.3998858104424,47.72727272727273,-128.68662488459267
F60S90,60,90,360,-5,-20,-40,-30,0,15,10,1736,0.55,0.25,2.2,0.4,41,550.5771814055947,51.21951219512195,-121.74630922549932
F15S60,15,60,360,-5,-20,-40,-30,10,15,10,3523,0.6,0.25,2.4,0.45,72,548.6379539232344,50.0,-167.12639802039212
F15S60,15,60,360,-5,-30,-40,-30,10,15,15,4457,0.55,0.25,2.2,0.4,190,545.1887490486943,41.578947368421055,-362.7922840698884
F15S60,15,60,360,-5,-20,-50,-30,10,15,15,3927,0.6,0.15,4.0,0.4,109,540.9005833891829,33.94495412844037,-222.5012066859308
F60S90,60,90,360,-5,-20,-40,-30,0,15,10,1736,0.7,0.2,3.4999999999999996,0.45,21,540.5301863355185,42.857142857142854,-123.39587436454622
F15S60,15,60,360,-5,-20,-40,-30,10,15,15,7430,0.7,0.2,3.4999999999999996,0.45,142,537.0424381027497,35.91549295774648,-299.2508765737757
F15S60,15,60,360,-5,-30,-40,-30,0,15,10,3358,0.6,0.3,2.0,0.45,76,537.0249044732377,53.94736842105263,-177.93029167116038
F15S60,15,60,360,-5,-20,-40,-30,10,15,10,3523,0.7,0.2,3.4999999999999996,0.4,63,533.9620554594098,46.03174603174603,-236.1093569951222
F15S60,15,60,360,-5,-20,-60,-30,5,15,15,2840,0.6,0.3,2.0,0.45,81,517.8559592978668,45.67901234567901,-146.2626892244989
F15S60,15,60,360,-5,-20,-40,-30,10,15,10,3523,0.7,0.2,3.4999999999999996,0.45,50,513.4094211847732,48.0,-187.7799197693007
F15S60,15,60,360,-5,-20,-60,-30,5,15,15,2840,0.6,0.25,2.4,0.4,92,503.0171796397035,41.30434782608695,-183.68403342231431
F15S60,15,60,360,-5,-30,-40,-30,5,20,15,4902,0.6,0.15,4.0,0.45,118,501.792416243823,33.05084745762712,-232.6813780640441
F60S90,60,90,360,-5,-20,-40,-30,0,15,10,1736,0.65,0.25,2.6,0.45,26,499.843207299823,50.0,-168.2148231725364
F15S60,15,60,360,-5,-20,-40,-30,5,20,10,4446,0.6,0.3,2.0,0.4,167,496.5929194752921,47.30538922155689,-300.64036926119115
F60S90,60,90,360,-5,-20,-40,-30,10,20,15,2194,0.7,0.2,3.4999999999999996,0.4,29,496.55599503955773,41.37931034482759,-140.068435554816
F15S60,15,60,360,-5,-20,-40,-30,5,15,10,4103,0.65,0.35,1.8571428571428574,0.4,122,495.3826899878136,46.72131147540984,-356.5941494284825
F60S90,60,90,360,-5,-20,-40,-30,0,15,10,1736,0.55,0.25,2.2,0.45,37,494.7134834027893,51.35135135135135,-127.57447933460753
F15S60,15,60,360,-5,-20,-60,-30,5,20,15,2920,0.6,0.25,2.4,0.4,90,494.3146567470785,42.22222222222222,-159.73212024404575
F60S90,60,90,360,-5,-20,-40,-30,0,20,15,4261,0.65,0.35,1.8571428571428574,0.45,74,492.6049232316859,48.64864864864865,-318.43337174798535
F60S90,60,90,360,-5,-20,-40,-30,0,20,15,4261,0.6,0.3,2.0,0.4,95,491.42729637958473,47.368421052631575,-369.9031396096734
F15S60,15,60,360,-5,-20,-40,-30,10,15,15,7430,0.55,0.25,2.2,0.45,241,479.62775887861017,40.24896265560166,-572.2855449705789
F15S60,15,60,360,-5,-30,-40,-30,10,15,15,4457,0.55,0.25,2.2,0.45,148,475.58518515470587,43.24324324324324,-226.47185643521607
F60S90,60,90,360,-5,-20,-40,-30,0,15,15,3256,0.7,0.2,3.4999999999999996,0.4,45,471.5206610625646,37.77777777777778,-179.20436659900906
F60S90,60,90,360,-5,-20,-40,-30,10,20,10,1205,0.55,0.25,2.2,0.4,25,469.38046973833843,64.0,-81.21306299161824
F15S60,15,60,360,-5,-20,-40,-30,5,15,10,4103,0.65,0.25,2.6,0.4,128,469.25226649500064,42.1875,-278.67807321955024
F30S120,30,120,240,-5,-20,-40,-30,5,15,15,3146,0.6,0.3,2.0,0.4,32,468.4742140951503,59.375,-69.69271622397173
F60S90,60,90,360,-5,-20,-40,-30,10,20,15,2194,0.55,0.25,2.2,0.45,56,468.37741255958827,51.78571428571429,-156.1561017357244
F30S120,30,120,240,-5,-20,-40,-30,5,15,15,3146,0.6,0.25,2.4,0.4,32,467.0496730118575,56.25,-66.96024888912325
F60S90,60,90,360,-5,-20,-40,-30,10,20,15,2194,0.65,0.35,1.8571428571428574,0.45,39,463.4028530927103,48.717948717948715,-90.8935678987923
F15S60,15,60,360,-5,-20,-40,-30,5,15,10,4103,0.7,0.2,3.4999999999999996,0.4,77,461.443507378764,42.857142857142854,-186.98120653431943
F30S120,30,120,240,-5,-20,-40,-30,5,15,15,3146,0.65,0.35,1.8571428571428574,0.4,25,456.05027176606336,60.0,-65.32170033089733
F15S60,15,60,360,-5,-20,-40,-30,10,15,10,3523,0.65,0.35,1.8571428571428574,0.4,82,455.92088525536883,53.65853658536586,-162.8233581601694
F15S60,15,60,360,-5,-20,-60,-30,5,15,15,2840,0.6,0.25,2.4,0.45,71,455.36134453980185,43.66197183098591,-157.6459254606052
F60S90,60,90,360,-5,-20,-40,-30,0,15,10,1736,0.7,0.2,3.4999999999999996,0.4,24,454.5013065980297,37.5,-152.2195143138615
F15S60,15,60,360,-5,-20,-40,-30,10,20,10,4108,0.7,0.2,3.4999999999999996,0.4,63,449.36535994464157,41.269841269841265,-222.1929298155237
F15S60,15,60,360,-5,-30,-40,-30,0,20,10,4477,0.55,0.25,2.2,0.4,179,444.6172266227245,43.01675977653631,-403.86874432799596
F15S60,15,60,360,-5,-20,-40,-20,5,20,15,3263,0.6,0.3,2.0,0.4,100,444.5708705202487,52.0,-392.810568805955
F15S60,15,60,360,-5,-30,-40,-30,0,15,10,3358,0.65,0.25,2.6,0.45,66,443.9655867776346,54.54545454545454,-160.29960185145137
F15S60,15,60,360,-5,-20,-60,-30,5,20,15,2920,0.6,0.3,2.0,0.45,76,442.4263593450014,46.05263157894737,-201.9230170850642
F15S60,15,60,360,-5,-20,-40,-30,5,20,10,4446,0.6,0.3,2.0,0.45,134,442.2107917886974,46.26865671641791,-275.3503590852315
F30S120,30,120,240,-5,-20,-50,-30,10,20,15,1084,0.55,0.25,2.2,0.45,10,441.8967337520944,60.0,-13.639999999999418
F60S90,60,90,360,-5,-20,-40,-30,10,20,15,2194,0.6,0.3,2.0,0.45,41,439.22141536208983,46.34146341463415,-104.94250677389664
F15S60,15,60,360,-5,-20,-60,-30,0,20,15,4303,0.7,0.2,3.4999999999999996,0.45,56,436.30124282878114,33.92857142857143,-170.4943458219941
F30S120,30,120,240,-5,-20,-50,-30,10,20,15,1084,0.55,0.25,2.2,0.4,10,435.4067337520937,60.0,-13.639999999999418
F15S60,15,60,360,-5,-20,-40,-30,10,20,15,8217,0.6,0.15,4.0,0.45,195,434.3308672575695,32.82051282051282,-462.5033760378592
F15S60,15,60,360,-5,-20,-60,-30,5,15,15,2840,0.6,0.3,2.0,0.4,95,434.234164472819,42.10526315789473,-146.33280312816078
F15S60,15,60,360,-5,-20,-60,-30,0,20,15,4303,0.6,0.15,4.0,0.45,70,433.901114335511,34.285714285714285,-112.0262759098764
F60S90,60,90,360,-5,-30,-40,-30,0,20,15,836,0.6,0.25,2.4,0.4,11,433.0325797217456,72.72727272727273,-59.58676941579688
F60S90,60,90,360,-5,-30,-40,-30,0,20,15,836,0.6,0.25,2.4,0.45,11,433.0325797217456,72.72727272727273,-59.58676941579688
F30S120,30,120,240,-5,-20,-40,-30,5,15,15,3146,0.6,0.25,2.4,0.45,26,428.9932681823889,57.692307692307686,-66.96024888912325
F60S90,60,90,360,-5,-20,-40,-30,0,20,10,2602,0.55,0.25,2.2,0.4,61,427.9166773499833,47.540983606557376,-284.7395781449841
F15S60,15,60,360,-5,-20,-60,-30,5,20,15,2920,0.6,0.3,2.0,0.4,94,425.98290234686556,45.744680851063826,-341.49787285898947
F60S90,60,90,360,-5,-20,-40,-30,10,15,10,862,0.55,0.25,2.2,0.4,14,423.7782906700131,71.42857142857143,-47.86865171837326
F60S90,60,90,360,-5,-20,-40,-30,0,15,15,3256,0.65,0.35,1.8571428571428574,0.45,64,422.86347830343675,42.1875,-226.61795589899248
F15S60,15,60,360,-5,-20,-60,-30,0,15,15,3958,0.6,0.25,2.4,0.45,94,419.45328546772726,42.5531914893617,-191.74274415475793
F15S60,15,60,360,-5,-20,-40,-30,5,15,10,4103,0.7,0.2,3.4999999999999996,0.45,66,419.18552797419716,43.93939393939394,-202.5778265232234
F60S90,60,90,360,-5,-20,-40,-30,0,15,15,3256,0.6,0.25,2.4,0.4,85,418.7605508367037,40.0,-265.7412363596368
F15S60,15,60,360,-5,-30,-40,-30,5,20,15,4902,0.6,0.15,4.0,0.4,139,417.8193329461501,33.81294964028777,-265.82229677340547
F15S60,15,60,360,-5,-20,-60,-30,0,20,15,4303,0.7,0.2,3.4999999999999996,0.4,66,417.44391505700514,36.36363636363637,-152.38434582199443
F30S120,30,120,240,-5,-20,-40,-30,5,15,15,3146,0.65,0.35,1.8571428571428574,0.45,23,416.75027176606227,56.52173913043478,-65.32170033089733
F60S90,60,90,360,-5,-30,-40,-30,0,20,15,836,0.6,0.3,2.0,0.45,11,415.3211943216975,72.72727272727273,-71.50412329895698
F60S90,60,90,360,-5,-30,-40,-30,0,20,15,836,0.6,0.3,2.0,0.4,11,415.3211943216975,72.72727272727273,-71.50412329895698
F60S90,60,90,360,-5,-20,-40,-30,0,15,15,3256,0.6,0.15,4.0,0.45,46,414.9146008173916,34.78260869565217,-147.8949129856619
F30S120,30,120,240,-5,-20,-40,-30,5,20,15,3414,0.65,0.35,1.8571428571428574,0.45,21,414.04960784126706,61.904761904761905,-61.334922087728955
F60S90,60,90,360,-5,-20,-40,-30,10,15,10,862,0.7,0.2,3.4999999999999996,0.45,11,412.54756758224266,63.63636363636363,-46.45163042462718
F30S120,30,120,240,-5,-20,-40,-30,5,15,15,3146,0.6,0.3,2.0,0.45,26,408.30501614850164,57.692307692307686,-62.05000000000018
F60S90,60,90,360,-5,-20,-40,-30,10,20,15,2194,0.65,0.25,2.6,0.4,43,400.85928769725115,41.86046511627907,-130.51379464210095
F15S60,15,60,360,-5,-20,-40,-20,0,15,15,4625,0.65,0.25,2.6,0.4,98,399.4046121428905,46.93877551020408,-290.83761454120395
F60S90,60,90,360,-5,-20,-40,-30,10,20,15,2194,0.6,0.3,2.0,0.4,47,398.2767595710602,44.680851063829785,-134.96429898083807
F60S90,60,90,360,-5,-20,-40,-30,0,20,15,4261,0.6,0.3,2.0,0.45,83,398.114700028671,45.78313253012048,-328.4116870199955
F15S60,15,60,360,-5,-20,-40,-20,5,20,15,3263,0.65,0.25,2.6,0.4,70,398.1012048139369,54.285714285714285,-283.9406752136674
F60S90,60,90,360,-5,-20,-40,-30,0,15,15,3256,0.65,0.25,2.6,0.45,63,396.46821708499874,38.095238095238095,-263.48715234007295
F15S60,15,60,360,-5,-20,-60,-30,0,15,15,3958,0.6,0.25,2.4,0.4,113,395.56372418979845,44.24778761061947,-301.75946303982346
F15S60,15,60,360,-5,-20,-40,-30,0,15,10,7138,0.65,0.25,2.6,0.45,162,394.6548258821381,38.88888888888889,-413.39796808021765
F60S90,60,90,360,-5,-20,-40,-30,0,20,15,4261,0.6,0.25,2.4,0.4,90,394.4748873397307,43.333333333333336,-364.83607986802826
F15S60,15,60,360,-5,-20,-40,-30,10,15,15,7430,0.7,0.2,3.4999999999999996,0.4,168,392.0310104511618,33.33333333333333,-325.44427594662284
F30S120,30,120,240,-5,-20,-40,-30,5,20,15,3414,0.65,0.25,2.6,0.45,21,391.06447267173826,52.38095238095239,-64.33385608871686
F30S120,30,120,240,-5,-20,-40,-30,5,20,15,3414,0.65,0.35,1.8571428571428574,0.4,29,390.38728270223464,55.172413793103445,-113.47116250221325
F60S90,60,90,360,-5,-20,-40,-30,0,15,10,1736,0.65,0.35,1.8571428571428574,0.45,22,386.602499378987,50.0,-151.23775616539115
F15S60,15,60,360,-5,-20,-60,-30,0,15,15,3958,0.6,0.15,4.0,0.45,64,385.86046833001,31.25,-130.3763521976257
F60S90,60,90,360,-5,-20,-40,-30,10,15,10,862,0.7,0.2,3.4999999999999996,0.4,12,385.5459371576153,58.333333333333336,-73.45326084925455
F60S90,60,90,360,-5,-20,-40,-30,10,20,15,2194,0.7,0.2,3.4999999999999996,0.45,25,383.79339628658136,40.0,-125.88176051025175
F30S120,30,120,240,-5,-20,-50,-30,10,20,15,1084,0.65,0.35,1.8571428571428574,0.4,7,383.62511718282167,85.71428571428571,0.0
F30S120,30,120,240,-5,-20,-50,-30,10,20,15,1084,0.65,0.25,2.6,0.4,7,383.62511718282167,85.71428571428571,0.0
F15S60,15,60,360,-5,-20,-60,-30,5,20,15,2920,0.65,0.35,1.8571428571428574,0.4,76,383.2656353656871,44.73684210526316,-193.757905329222
F15S60,15,60,360,-5,-20,-50,-30,10,20,15,4180,0.6,0.25,2.4,0.45,128,382.8614882064612,40.625,-305.75917760223547
F60S90,60,90,360,-5,-20,-40,-30,10,15,15,1811,0.65,0.25,2.6,0.45,37,382.50501097436154,40.54054054054054,-155.4691671034434
F60S90,60,90,360,-5,-20,-40,-30,5,20,15,2440,0.65,0.25,2.6,0.4,63,381.34468912089096,42.857142857142854,-195.12776408581885
F15S60,15,60,360,-5,-20,-60,-30,5,15,15,2840,0.6,0.15,4.0,0.45,49,380.55146241941975,34.69387755102041,-143.26287380403846
F30S120,30,120,240,-5,-20,-40,-30,0,15,15,4297,0.65,0.35,1.8571428571428574,0.4,42,380.23540814478247,50.0,-160.67750332007654
F60S90,60,90,360,-5,-20,-40,-30,10,15,15,1811,0.65,0.35,1.8571428571428574,0.45,35,380.1037011344756,40.0,-165.770144398517
F60S90,60,90,360,-5,-20,-40,-30,0,15,15,3256,0.6,0.25,2.4,0.45,72,379.3804725016994,38.88888888888889,-200.97827722929105
F60S90,60,90,360,-5,-20,-40,-30,10,20,15,2194,0.6,0.25,2.4,0.45,46,378.39710493651774,43.47826086956522,-197.4577503364062
F30S120,30,120,240,-5,-20,-40,-30,5,20,15,3414,0.6,0.25,2.4,0.45,28,374.498595829044,53.57142857142857,-97.83333160573511
F30S120,30,120,240,-5,-20,-40,-30,5,20,15,3414,0.65,0.25,2.6,0.4,29,372.4744746566794,48.275862068965516,-117.43831352763391
F30S120,30,120,240,-5,-20,-40,-30,0,15,15,4297,0.6,0.15,4.0,0.4,40,370.80375911781175,40.0,-107.43217558099013
F60S90,60,90,360,-5,-20,-40,-30,10,20,10,1205,0.6,0.25,2.4,0.4,18,370.4171810709554,61.111111111111114,-59.28888114620713
F30S120,30,120,240,-5,-20,-50,-30,10,20,15,1084,0.65,0.25,2.6,0.45,6,367.0751171828215,83.33333333333334,0.0
F30S120,30,120,240,-5,-20,-50,-30,10,20,15,1084,0.65,0.35,1.8571428571428574,0.45,6,367.0751171828215,83.33333333333334,0.0
F60S90,60,90,360,-5,-30,-40,-30,0,20,15,836,0.65,0.35,1.8571428571428574,0.45,7,366.73867643355516,71.42857142857143,-40.558220618218
F15S60,15,60,360,-5,-30,-40,-30,0,15,10,3358,0.55,0.25,2.2,0.45,109,366.64032060059844,46.788990825688074,-271.8053580018868
F30S120,30,120,240,-5,-20,-40,-30,5,20,15,3414,0.6,0.3,2.0,0.45,28,365.01299121028705,57.14285714285714,-114.07799792688184
F60S90,60,90,360,-5,-20,-40,-30,0,20,15,4261,0.65,0.25,2.6,0.4,92,364.99573769822973,39.130434782608695,-502.68519339324257
F60S90,60,90,360,-5,-20,-40,-30,10,20,15,2194,0.6,0.25,2.4,0.4,53,364.28955694051683,43.39622641509434,-230.693838691348
F60S90,60,90,360,-5,-30,-40,-30,0,20,15,836,0.65,0.25,2.6,0.45,7,363.3399700515356,71.42857142857143,-28.97015758444104
F60S90,60,90,360,-5,-20,-40,-30,10,20,10,1205,0.55,0.25,2.2,0.45,21,361.6803536333973,66.66666666666666,-78.53710484188105
F15S60,15,60,360,-5,-20,-40,-20,5,20,15,3263,0.65,0.35,1.8571428571428574,0.4,81,361.0996660861556,54.32098765432099,-610.6374974215928
F30S120,30,120,240,-5,-20,-40,-30,5,15,15,3146,0.65,0.25,2.6,0.4,25,358.2885410779668,52.0,-115.22701710897854
F60S90,60,90,360,-5,-20,-40,-30,10,20,10,1205,0.6,0.25,2.4,0.45,17,358.107181070955,58.82352941176471,-59.28888114620713
F60S90,60,90,360,-5,-30,-40,-30,0,20,15,836,0.65,0.35,1.8571428571428574,0.4,7,357.9586764335554,71.42857142857143,-40.558220618218
F60S90,60,90,360,-5,-20,-40,-30,0,15,15,3256,0.65,0.25,2.6,0.4,74,357.9355580642955,37.83783783783784,-356.1167737522351
F60S90,60,90,360,-5,-20,-40,-30,10,20,15,2194,0.65,0.25,2.6,0.45,38,356.40220701398675,42.10526315789473,-120.97055291007655
F30S120,30,120,240,-5,-20,-40,-30,5,20,15,3414,0.6,0.3,2.0,0.4,32,355.7129036549318,59.375,-113.78799792688187
F60S90,60,90,360,-5,-30,-40,-30,0,20,15,836,0.65,0.25,2.6,0.4,7,354.55997005153586,71.42857142857143,-28.97015758444104
F60S90,60,90,360,-5,-20,-40,-30,10,20,15,2194,0.6,0.15,4.0,0.4,43,353.4345806176916,39.53488372093023,-105.17864406320314
F30S120,30,120,240,-5,-20,-50,-30,5,15,15,1458,0.65,0.25,2.6,0.45,6,352.0024145748157,83.33333333333334,-2.819999999999709
F30S120,30,120,240,-5,-20,-50,-30,5,15,15,1458,0.65,0.35,1.8571428571428574,0.45,6,352.0024145748157,83.33333333333334,-2.819999999999709
F60S90,60,90,360,-5,-20,-40,-30,10,20,10,1205,0.6,0.3,2.0,0.4,18,351.91233351276196,61.111111111111114,-70.81865737544922
F15S60,15,60,360,-5,-20,-40,-20,5,20,15,3263,0.6,0.3,2.0,0.45,77,350.83271105550784,51.94805194805194,-405.0889597901578
F60S90,60,90,360,-5,-20,-40,-30,0,20,15,4261,0.65,0.25,2.6,0.45,78,350.071347568075,41.02564102564102,-394.15474778056523
F15S60,15,60,360,-5,-20,-40,-30,10,15,10,3523,0.6,0.15,4.0,0.45,42,350.0704002605662,45.23809523809524,-76.78464476871113
F15S60,15,60,360,-5,-20,-40,-20,0,15,15,4625,0.65,0.25,2.6,0.45,86,349.48240816919133,47.674418604651166,-307.39407539773674
F30S120,30,120,240,-5,-20,-50,-30,10,20,15,1084,0.6,0.3,2.0,0.45,8,348.7670312456812,75.0,-4.329999999999927
F30S120,30,120,240,-5,-20,-50,-30,10,20,15,1084,0.6,0.25,2.4,0.45,8,348.7670312456812,75.0,-4.329999999999927
F30S120,30,120,240,-5,-20,-50,-30,0,20,10,993,0.65,0.35,1.8571428571428574,0.4,3,348.206524922206,100.0,0.0
F30S120,30,120,240,-5,-20,-50,-30,0,20,10,993,0.65,0.35,1.8571428571428574,0.45,3,347.206524922206,100.0,0.0
F15S60,15,60,360,-5,-20,-40,-30,5,15,10,4103,0.6,0.15,4.0,0.45,100,346.6338263571779,34.0,-300.01937627318193
F15S60,15,60,360,-5,-20,-60,-30,0,20,15,4303,0.6,0.15,4.0,0.4,93,346.0862013996716,31.182795698924732,-163.99290493228682
F15S60,15,60,360,-5,-20,-40,-20,5,15,15,3087,0.6,0.3,2.0,0.45,73,345.141861939655,49.31506849315068,-389.1208173105065
F30S120,30,120,240,-5,-20,-50,-30,5,15,15,1458,0.65,0.35,1.8571428571428574,0.4,6,344.66241457481556,83.33333333333334,-2.819999999999709
F15S60,15,60,360,-5,-20,-60,-30,5,20,15,2920,0.65,0.25,2.6,0.45,62,344.2970079309698,38.70967741935484,-175.85034802441078
F15S60,15,60,360,-5,-20,-40,-30,5,15,10,4103,0.6,0.15,4.0,0.4,120,343.8672350400293,32.5,-357.9077742057257
F15S60,15,60,360,-5,-20,-60,-30,5,15,15,2840,0.65,0.35,1.8571428571428574,0.4,73,342.8563081897896,41.0958904109589,-246.31355125229356
F15S60,15,60,360,-5,-20,-50,-30,5,15,15,5154,0.55,0.25,2.2,0.4,221,341.04849281105226,41.17647058823529,-465.32636090902633
F15S60,15,60,360,-5,-30,-40,-30,0,15,10,3358,0.65,0.35,1.8571428571428574,0.45,74,340.9948835116138,52.702702702702695,-258.0906195898351
F60S90,60,90,360,-5,-20,-40,-30,10,20,10,1205,0.6,0.3,2.0,0.45,17,339.60233351276156,58.82352941176471,-70.81865737544922
F15S60,15,60,360,-5,-30,-40,-30,0,15,10,3358,0.55,0.25,2.2,0.4,133,339.16714911277586,47.368421052631575,-303.9564639592568
F15S60,15,60,360,-5,-30,-40,-30,10,20,15,5132,0.6,0.15,4.0,0.4,137,338.40665909540803,31.386861313868614,-304.54804892080574
F60S90,60,90,360,-5,-20,-40,-30,10,15,15,1811,0.65,0.35,1.8571428571428574,0.4,40,336.23204667572645,40.0,-214.69404379103707
F30S120,30,120,240,-5,-20,-50,-30,10,15,15,1000,0.65,0.35,1.8571428571428574,0.45,8,335.43273189939373,62.5,-12.670000000000073
F30S120,30,120,240,-5,-20,-50,-30,10,15,15,1000,0.65,0.25,2.6,0.4,8,335.43273189939373,62.5,-12.670000000000073
F30S120,30,120,240,-5,-20,-50,-30,10,15,15,1000,0.65,0.25,2.6,0.45,8,335.43273189939373,62.5,-12.670000000000073
F30S120,30,120,240,-5,-20,-50,-30,10,15,15,1000,0.65,0.35,1.8571428571428574,0.4,8,335.43273189939373,62.5,-12.670000000000073
F15S60,15,60,360,-5,-20,-40,-30,5,20,10,4446,0.65,0.25,2.6,0.45,118,335.31863337678124,42.3728813559322,-449.47428117850814
F30S120,30,120,240,-5,-20,-40,-30,0,15,15,4297,0.65,0.25,2.6,0.4,44,333.89283029854596,40.909090909090914,-133.9050273472053
F60S90,60,90,360,-5,-20,-40,-30,0,20,10,2602,0.6,0.3,2.0,0.4,43,333.40380172031473,46.51162790697674,-98.85917232757674
F60S90,60,90,360,-5,-30,-40,-30,0,20,15,836,0.55,0.25,2.2,0.4,9,331.83601389197884,77.77777777777779,-28.97015758444104
F30S120,30,120,240,-5,-20,-50,-30,5,15,15,1458,0.6,0.3,2.0,0.45,6,331.01761345367595,83.33333333333334,-2.819999999999709
F30S120,30,120,240,-5,-20,-50,-30,5,15,15,1458,0.6,0.25,2.4,0.45,6,331.01761345367595,83.33333333333334,-2.819999999999709
F15S60,15,60,360,-5,-20,-50,-30,10,20,15,4180,0.6,0.15,4.0,0.4,125,327.92790508014195,30.4,-240.96669542545442
F60S90,60,90,360,-5,-20,-50,-30,0,20,15,1944,0.65,0.25,2.6,0.45,14,327.10902209907636,50.0,-69.5833302018109
F30S120,30,120,240,-5,-20,-40,-30,0,20,10,2894,0.55,0.25,2.2,0.45,27,324.8257300995256,51.85185185185185,-69.42068649761313
F30S120,30,120,240,-5,-30,-40,-30,0,15,15,1555,0.65,0.35,1.8571428571428574,0.45,15,324.01978776510714,60.0,-72.38754431204052
F30S120,30,120,240,-5,-20,-50,-30,5,15,15,1458,0.6,0.3,2.0,0.4,6,323.6776134536758,83.33333333333334,-2.819999999999709
F60S90,60,90,360,-5,-30,-40,-30,0,20,15,836,0.55,0.25,2.2,0.45,9,323.2960138919789,77.77777777777779,-28.97015758444104
F30S120,30,120,240,-5,-30,-40,-30,0,15,10,778,0.65,0.35,1.8571428571428574,0.4,6,322.8796077264824,83.33333333333334,0.0
F60S90,60,90,360,-5,-20,-40,-30,5,15,15,2211,0.65,0.25,2.6,0.4,61,322.3802392434982,40.98360655737705,-218.5567394224554
F15S60,15,60,360,-5,-20,-50,-30,10,15,15,3927,0.55,0.25,2.2,0.4,181,320.56803515313004,41.43646408839779,-584.3298674735765
F15S60,15,60,360,-5,-20,-40,-30,5,20,10,4446,0.65,0.35,1.8571428571428574,0.45,114,320.3819536646747,49.122807017543856,-286.76107000866796
F60S90,60,90,360,-5,-30,-40,-30,0,20,15,836,0.6,0.15,4.0,0.4,10,320.2661165117506,60.0,-35.75206164947849
F30S120,30,120,240,-5,-20,-40,-30,0,15,15,4297,0.6,0.3,2.0,0.4,45,319.9345100988876,53.333333333333336,-115.22057208831075
F60S90,60,90,360,-5,-20,-40,-30,5,20,15,2440,0.65,0.25,2.6,0.45,55,319.360472596582,40.0,-179.8547216914385
F30S120,30,120,240,-5,-20,-40,-30,5,15,15,3146,0.65,0.25,2.6,0.45,23,318.9885410779657,47.82608695652174,-115.22701710897854
F60S90,60,90,360,-5,-20,-40,-30,10,15,10,862,0.55,0.25,2.2,0.45,12,318.2680488435517,75.0,-47.86865171837326
F15S60,15,60,360,-5,-20,-50,-30,10,15,15,3927,0.6,0.15,4.0,0.45,84,317.51718689346353,33.33333333333333,-161.17118812471654
F15S60,15,60,360,-5,-20,-60,-30,5,20,15,2920,0.65,0.35,1.8571428571428574,0.45,66,316.36319886208275,39.39393939393939,-205.67204940365082
F30S120,30,120,240,-5,-30,-40,-30,0,20,15,2241,0.6,0.3,2.0,0.4,25,315.6170544810643,64.0,-46.39000000000033
F15S60,15,60,360,-5,-20,-40,-30,0,15,10,7138,0.65,0.25,2.6,0.4,192,313.25971141023047,38.54166666666667,-485.85105340233576
F60S90,60,90,360,-5,-30,-40,-30,0,20,10,610,0.55,0.25,2.2,0.45,10,313.0229295647132,70.0,-29.242910470886272
F60S90,60,90,360,-5,-30,-40,-30,0,20,10,610,0.55,0.25,2.2,0.4,10,311.43292956471396,70.0,-29.242910470886272
F30S120,30,120,240,-5,-20,-40,-30,10,15,15,2540,0.6,0.25,2.4,0.4,20,310.7171034234002,55.00000000000001,-73.60926796594003
F15S60,15,60,360,-5,-30,-40,-30,0,20,15,7470,0.6,0.15,4.0,0.45,159,310.3708028025103,31.446540880503143,-417.813815269556
F60S90,60,90,360,-5,-20,-40,-30,10,20,10,1205,0.65,0.25,2.6,0.45,17,310.0351362206675,52.94117647058824,-128.35233075441465
F60S90,60,90,360,-5,-20,-50,-30,0,15,15,1599,0.6,0.15,4.0,0.45,12,309.99683022980935,50.0,-50.10963247881136
F30S120,30,120,240,-5,-30,-40,-30,5,20,15,1334,0.55,0.25,2.2,0.45,13,309.53700403607854,61.53846153846154,-60.88448268872435
F30S120,30,120,240,-5,-30,-40,-30,5,20,15,1334,0.55,0.25,2.2,0.4,16,308.5938223616349,62.5,-93.19766436316695
F30S120,30,120,240,-5,-20,-40,-30,5,15,15,3146,0.55,0.25,2.2,0.4,39,307.010372273799,53.84615384615385,-85.34195268042185
F30S120,30,120,240,-5,-30,-40,-30,0,20,15,2241,0.6,0.25,2.4,0.4,25,305.7846065576837,60.0,-61.85908716695667
F15S60,15,60,360,-5,-20,-60,-30,0,15,15,3958,0.6,0.15,4.0,0.4,86,305.7520246971467,30.23255813953488,-177.72474287066507
F15S60,15,60,360,-5,-20,-40,-30,5,20,15,9291,0.6,0.15,4.0,0.4,264,305.41855787704617,30.681818181818183,-497.60514907713787
F60S90,60,90,360,-5,-20,-40,-30,10,20,10,1205,0.65,0.25,2.6,0.4,18,304.70513622066755,50.0,-133.68233075441458
F30S120,30,120,240,-5,-30,-40,-30,0,15,15,1555,0.65,0.35,1.8571428571428574,0.4,16,304.2897877651076,56.25,-72.38754431204052
F60S90,60,90,360,-5,-20,-50,-30,5,15,15,1099,0.6,0.15,4.0,0.4,14,304.18750693162065,42.857142857142854,-74.65790186654522
F15S60,15,60,360,-5,-20,-60,-30,5,15,15,2840,0.7,0.2,3.4999999999999996,0.45,26,304.1321864965057,26.923076923076923,-111.1745959025584
F60S90,60,90,360,-5,-20,-50,-30,5,15,15,1099,0.6,0.15,4.0,0.45,14,303.56750693162076,42.857142857142854,-74.65790186654522
F30S120,30,120,240,-5,-20,-50,-30,10,15,15,1000,0.6,0.25,2.4,0.4,8,302.78747692288107,62.5,-46.50024270355698
F15S60,15,60,360,-5,-30,-40,-30,0,20,10,4477,0.65,0.35,1.8571428571428574,0.4,125,301.93013525777997,42.4,-539.1943403887253
F30S120,30,120,240,-5,-20,-40,-30,5,20,15,3414,0.6,0.25,2.4,0.4,32,300.91096239943045,53.125,-131.46571822532633
F15S60,15,60,360,-5,-20,-60,-30,5,20,15,2920,0.6,0.25,2.4,0.45,76,299.70424629433774,40.78947368421053,-137.31600713084936
F15S60,15,60,360,-5,-30,-40,-30,5,15,15,4440,0.6,0.15,4.0,0.4,128,298.4981864297365,32.03125,-424.4036326691894
F30S120,30,120,240,-5,-20,-50,-30,5,20,15,1521,0.65,0.35,1.8571428571428574,0.45,7,298.1134470776492,57.14285714285714,-28.038848588264045
F15S60,15,60,360,-5,-20,-50,-30,10,20,15,4180,0.6,0.25,2.4,0.4,161,297.1847012382218,39.75155279503105,-539.5236051748489
F30S120,30,120,240,-5,-20,-50,-30,10,15,15,1000,0.6,0.3,2.0,0.4,8,293.4874283821691,62.5,-55.80029124426892
F15S60,15,60,360,-5,-30,-40,-30,0,20,15,7470,0.6,0.15,4.0,0.4,194,292.4562921943175,29.896907216494846,-392.46665228742677
F30S120,30,120,240,-5,-20,-50,-30,0,15,15,1973,0.6,0.3,2.0,0.45,13,290.4910090139547,53.84615384615385,-54.4415934176277
F30S120,30,120,240,-5,-20,-50,-30,10,15,15,1000,0.6,0.25,2.4,0.45,7,290.3174769228808,57.14285714285714,-46.50024270355698
F15S60,15,60,360,-5,-20,-60,-30,5,20,15,2920,0.65,0.25,2.6,0.4,80,288.6557145981915,40.0,-253.3080372224531
F15S60,15,60,360,-5,-30,-40,-30,5,20,15,4902,0.65,0.35,1.8571428571428574,0.45,125,288.430730220502,50.4,-387.020281387915
F30S120,30,120,240,-5,-30,-40,-30,10,15,15,1067,0.65,0.25,2.6,0.4,10,287.5883510206113,70.0,-38.427156343828756
F30S120,30,120,240,-5,-20,-40,-30,10,15,15,2540,0.6,0.3,2.0,0.4,20,285.38536653315305,55.00000000000001,-87.7111215591276
F60S90,60,90,360,-5,-20,-40,-30,10,15,15,1811,0.65,0.25,2.6,0.4,42,284.49047235843045,35.714285714285715,-156.7191671034434
F60S90,60,90,360,-5,-20,-40,-30,0,20,10,2602,0.6,0.25,2.4,0.4,44,284.3223912055364,43.18181818181818,-122.48272857181564
F30S120,30,120,240,-5,-20,-40,-30,0,15,15,4297,0.55,0.25,2.2,0.4,51,284.1095396410665,49.01960784313725,-184.99997530898963
F60S90,60,90,360,-5,-20,-40,-30,10,15,15,1811,0.55,0.25,2.2,0.4,55,283.6499899935093,43.63636363636363,-261.9469369928329
F60S90,60,90,360,-5,-20,-40,-30,0,15,15,3256,0.6,0.3,2.0,0.4,81,283.0886788602097,41.9753086419753,-316.61730358303794
F30S120,30,120,240,-5,-20,-50,-30,10,15,15,1000,0.6,0.3,2.0,0.45,7,281.0174283821689,57.14285714285714,-55.80029124426892
F30S120,30,120,240,-5,-20,-40,-30,0,15,15,4297,0.6,0.15,4.0,0.45,33,280.69292661545205,36.36363636363637,-103.96032183115085
F60S90,60,90,360,-5,-20,-40,-30,10,15,15,1811,0.6,0.25,2.4,0.45,36,280.03888855602054,38.88888888888889,-183.72027614843955
F30S120,30,120,240,-5,-20,-50,-30,5,15,15,1458,0.65,0.25,2.6,0.4,6,279.96153458033587,66.66666666666666,-60.180879994479255
F15S60,15,60,360,-5,-20,-40,-30,5,20,10,4446,0.6,0.15,4.0,0.4,123,279.6839887696492,34.146341463414636,-301.347345608674
F30S120,30,120,240,-5,-30,-40,-30,0,15,10,778,0.65,0.25,2.6,0.4,6,278.07616833338307,83.33333333333334,0.0
F60S90,60,90,360,-5,-20,-40,-30,0,20,10,2602,0.7,0.2,3.4999999999999996,0.4,29,276.15938573452104,34.48275862068966,-141.90535881968253
F60S90,60,90,360,-5,-20,-40,-30,0,20,10,2602,0.55,0.25,2.2,0.45,51,275.7833006491637,43.13725490196079,-221.97972790187305
F60S90,60,90,360,-5,-20,-40,-30,10,15,15,1811,0.6,0.3,2.0,0.4,45,274.882806867784,44.44444444444444,-161.8258257018224
F30S120,30,120,240,-5,-20,-50,-30,0,20,10,993,0.65,0.25,2.6,0.45,3,273.9341162833198,66.66666666666666,0.0
F30S120,30,120,240,-5,-20,-50,-30,0,20,10,993,0.65,0.25,2.6,0.4,3,273.9341162833198,66.66666666666666,0.0
F30S120,30,120,240,-5,-20,-40,-30,0,20,15,5302,0.65,0.35,1.8571428571428574,0.4,54,273.9232605943853,50.0,-155.24375617264786
F15S60,15,60,360,-5,-20,-40,-30,0,15,10,7138,0.65,0.35,1.8571428571428574,0.45,157,273.5303918315867,47.13375796178344,-518.4964793018798
F30S120,30,120,240,-5,-30,-40,-30,10,15,15,1067,0.6,0.25,2.4,0.45,5,273.45594625603553,100.0,0.0
F30S120,30,120,240,-5,-30,-40,-30,10,15,15,1067,0.6,0.3,2.0,0.45,5,273.45594625603553,100.0,0.0
F30S120,30,120,240,-5,-20,-40,-30,10,15,15,2540,0.6,0.25,2.4,0.45,15,271.12561849233543,53.333333333333336,-47.30305193451932
F30S120,30,120,240,-5,-20,-50,-30,10,20,15,1084,0.6,0.3,2.0,0.4,11,268.22245271416523,54.54545454545454,-56.353770339170296
F15S60,15,60,360,-5,-30,-40,-30,10,20,15,5132,0.6,0.25,2.4,0.4,156,266.6903332650327,40.38461538461539,-444.7840951251701
F15S60,15,60,360,-5,-20,-40,-30,10,15,10,3523,0.6,0.15,4.0,0.4,52,266.00585041105023,40.38461538461539,-202.49268003771658
F15S60,15,60,360,-5,-20,-40,-20,5,20,15,3263,0.6,0.25,2.4,0.4,101,265.5915456474345,49.504950495049506,-399.8350915525634
F60S90,60,90,360,-5,-20,-40,-30,0,20,10,2602,0.65,0.35,1.8571428571428574,0.4,40,264.9188706852606,50.0,-151.4247268575191
F15S60,15,60,360,-5,-20,-40,-30,10,15,15,7430,0.65,0.25,2.6,0.4,214,264.46485500395465,38.78504672897196,-566.7744377231807
F30S120,30,120,240,-5,-20,-50,-30,10,20,15,1084,0.6,0.25,2.4,0.4,11,264.0311846832792,54.54545454545454,-46.96147528264191
F30S120,30,120,240,-5,-20,-40,-30,10,20,15,2909,0.6,0.25,2.4,0.45,17,263.53185336153047,47.05882352941176,-55.641097294928386
F30S120,30,120,240,-5,-30,-40,-30,10,15,15,1067,0.65,0.35,1.8571428571428574,0.4,10,262.95911266290295,70.0,-53.798018881359894
F30S120,30,120,240,-5,-20,-40,-30,0,15,15,4297,0.6,0.25,2.4,0.4,45,260.4721522269774,48.888888888888886,-124.06427443759776
F30S120,30,120,240,-5,-20,-40,-30,5,20,15,3414,0.6,0.15,4.0,0.45,16,259.07217938033955,43.75,-67.1754323240848
F30S120,30,120,240,-5,-30,-40,-30,5,20,15,1334,0.65,0.25,2.6,0.45,12,259.0679608297496,58.333333333333336,-33.840000000000146
F30S120,30,120,240,-5,-20,-50,-30,5,15,15,1458,0.6,0.25,2.4,0.4,6,258.9767334591961,66.66666666666666,-60.180879994479255
F15S60,15,60,360,-5,-20,-40,-30,10,15,10,3523,0.6,0.3,2.0,0.45,71,258.8123330117419,46.478873239436616,-549.5635899653707
F15S60,15,60,360,-5,-20,-40,-30,10,15,10,3523,0.65,0.35,1.8571428571428574,0.45,64,258.06728401301416,50.0,-281.15542740977116
F60S90,60,90,360,-5,-20,-40,-30,0,20,10,2602,0.6,0.25,2.4,0.45,39,257.64931358426065,41.02564102564102,-147.36565643620133
F30S120,30,120,240,-5,-30,-40,-30,0,15,15,1555,0.65,0.25,2.6,0.45,15,257.2063627868397,53.333333333333336,-102.2647410679283
F15S60,15,60,360,-5,-20,-40,-30,5,15,15,8690,0.65,0.25,2.6,0.4,239,256.6555936506079,38.912133891213394,-719.1709246825203
F60S90,60,90,360,-5,-20,-50,-30,0,20,10,908,0.65,0.35,1.8571428571428574,0.45,12,256.20159020285473,66.66666666666666,-115.8709206430085
F15S60,15,60,360,-5,-20,-40,-30,5,15,15,8690,0.7,0.2,3.4999999999999996,0.4,194,255.90177074059602,35.56701030927835,-627.9944481270536
F60S90,60,90,360,-5,-20,-40,-30,0,15,15,3256,0.7,0.2,3.4999999999999996,0.45,38,255.3690220265985,34.21052631578947,-221.4101591910876
F30S120,30,120,240,-5,-20,-40,-30,5,20,15,3414,0.6,0.15,4.0,0.4,21,254.81313663922174,42.857142857142854,-95.7627964824569
F60S90,60,90,360,-5,-20,-50,-30,0,15,15,1599,0.6,0.15,4.0,0.4,16,254.31072738373177,37.5,-83.17653250368176
F30S120,30,120,240,-5,-20,-50,-30,0,15,15,1973,0.6,0.3,2.0,0.4,16,253.57610331176238,50.0,-68.45159341762792
F60S90,60,90,360,-5,-20,-40,-30,5,15,15,2211,0.6,0.15,4.0,0.45,35,253.25077353608094,31.428571428571427,-154.80100800401397
F15S60,15,60,360,-5,-30,-40,-30,5,20,15,4902,0.65,0.35,1.8571428571428574,0.4,151,253.16561873892124,48.34437086092716,-426.7102813879137
F30S120,30,120,240,-5,-20,-50,-30,5,20,15,1521,0.65,0.25,2.6,0.45,7,253.12028578073296,57.14285714285714,-60.48024343025827
F30S120,30,120,240,-5,-20,-40,-30,10,20,15,2909,0.6,0.3,2.0,0.45,17,252.81563390254587,47.05882352941176,-66.35731675391298
F30S120,30,120,240,-5,-20,-40,-30,0,20,10,2894,0.65,0.25,2.6,0.4,21,252.40368116261925,52.38095238095239,-96.96795254443077
F15S60,15,60,360,-5,-20,-50,-30,10,15,15,3927,0.65,0.25,2.6,0.4,112,252.22915384226417,33.035714285714285,-339.28025621550023
F30S120,30,120,240,-5,-20,-40,-30,10,20,15,2909,0.7,0.2,3.4999999999999996,0.45,11,251.76644956691098,45.45454545454545,-30.848858991779707
F30S120,30,120,240,-5,-20,-40,-30,10,15,15,2540,0.6,0.3,2.0,0.45,15,250.62358461587473,53.333333333333336,-56.76366232142391
F15S60,15,60,360,-5,-30,-40,-30,0,15,10,3358,0.7,0.2,3.4999999999999996,0.4,47,250.2600172763564,38.297872340425535,-151.5251178001945
F15S60,15,60,360,-5,-20,-40,-30,5,20,10,4446,0.6,0.15,4.0,0.45,105,249.8065144158495,33.33333333333333,-281.85747875323796
F30S120,30,120,240,-5,-30,-40,-30,0,20,15,2241,0.6,0.3,2.0,0.45,21,248.7157756184638,66.66666666666666,-49.77000000000044
F30S120,30,120,240,-5,-20,-40,-30,10,20,15,2909,0.65,0.25,2.6,0.4,18,247.8841481340869,44.44444444444444,-44.35320578148412
F30S120,30,120,240,-5,-20,-50,-30,0,15,10,760,0.65,0.35,1.8571428571428574,0.4,5,247.46780376302377,100.0,0.0
F30S120,30,120,240,-5,-20,-40,-30,5,15,15,3146,0.55,0.25,2.2,0.45,29,246.94405762181532,48.275862068965516,-98.59023702630338
F30S120,30,120,240,-5,-20,-40,-30,0,20,10,2894,0.65,0.25,2.6,0.45,16,246.80589385878102,56.25,-69.7066855761841
F15S60,15,60,360,-5,-30,-40,-30,10,20,15,5132,0.6,0.25,2.4,0.45,132,244.98206952556984,42.42424242424242,-484.19941250683496
F30S120,30,120,240,-5,-30,-40,-30,0,20,15,2241,0.55,0.25,2.2,0.45,26,243.97416429853,46.15384615384615,-123.96409215136191
F60S90,60,90,360,-5,-30,-40,-30,0,20,15,836,0.7,0.2,3.4999999999999996,0.45,6,243.12508547594734,66.66666666666666,-23.176126067553014
F60S90,60,90,360,-5,-30,-40,-30,0,20,15,836,0.7,0.2,3.4999999999999996,0.4,6,243.12508547594734,66.66666666666666,-23.176126067553014
F30S120,30,120,240,-5,-20,-40,-30,10,20,15,2909,0.7,0.2,3.4999999999999996,0.4,12,243.10696763959504,41.66666666666667,-34.094501942432544
F30S120,30,120,240,-5,-20,-40,-30,0,15,10,2078,0.65,0.35,1.8571428571428574,0.4,15,243.09083853462198,60.0,-61.74672658471627
F30S120,30,120,240,-5,-20,-50,-30,5,20,15,1521,0.65,0.35,1.8571428571428574,0.4,8,242.6944308176703,62.5,-91.09786484824326
F60S90,60,90,360,-5,-20,-40,-30,0,20,15,4261,0.55,0.25,2.2,0.4,119,242.5277030981788,43.69747899159664,-345.5365093285609
F30S120,30,120,240,-5,-30,-40,-30,5,20,15,1334,0.65,0.35,1.8571428571428574,0.45,12,242.19106036415542,58.333333333333336,-33.840000000000146
F15S60,15,60,360,-5,-20,-40,-30,5,15,10,4103,0.6,0.3,2.0,0.45,113,242.16921348566848,46.902654867256636,-256.1961936714424
F15S60,15,60,360,-5,-20,-40,-30,5,15,10,4103,0.65,0.25,2.6,0.45,106,241.42524128381547,39.62264150943396,-441.1287166479274
F15S60,15,60,360,-5,-20,-40,-30,10,15,15,7430,0.55,0.25,2.2,0.4,282,241.37052534901431,39.71631205673759,-609.1401867570999
F60S90,60,90,360,-5,-20,-40,-30,5,15,15,2211,0.65,0.35,1.8571428571428574,0.45,48,240.78806121645675,41.66666666666667,-146.89072780467268
F30S120,30,120,240,-5,-20,-50,-30,10,15,15,1000,0.55,0.25,2.2,0.45,10,239.4585024836042,70.0,-69.01357384062976
F30S120,30,120,240,-5,-20,-40,-30,10,20,15,2909,0.6,0.15,4.0,0.4,22,239.38889622914257,36.36363636363637,-64.31072658205994
F15S60,15,60,360,-5,-20,-40,-20,5,20,15,3263,0.6,0.25,2.4,0.45,79,238.87229330557557,50.63291139240506,-388.1150915525641
F30S120,30,120,240,-5,-30,-40,-30,0,15,15,1555,0.65,0.25,2.6,0.4,16,237.0863627868398,50.0,-102.2647410679283
F30S120,30,120,240,-5,-20,-50,-30,5,20,15,1521,0.6,0.3,2.0,0.4,8,236.78192319828895,62.5,-78.08388415563786
F15S60,15,60,360,-5,-20,-50,-30,10,15,15,3927,0.55,0.25,2.2,0.45,155,235.89282771958779,39.35483870967742,-675.7118756082155
F15S60,15,60,360,-5,-30,-40,-30,10,20,15,5132,0.6,0.15,4.0,0.45,116,235.81291667546657,34.48275862068966,-260.36721666446556
F30S120,30,120,240,-5,-20,-40,-30,10,15,15,2540,0.65,0.25,2.6,0.45,13,235.50617897128177,46.15384615384615,-57.178583400003845
F30S120,30,120,240,-5,-30,-40,-30,0,20,15,2241,0.6,0.25,2.4,0.45,21,235.00075606867586,61.904761904761905,-65.23908716695678
F60S90,60,90,360,-5,-20,-40,-30,0,20,10,2602,0.6,0.3,2.0,0.45,38,234.07475203365675,42.10526315789473,-149.0478240508246
F30S120,30,120,240,-5,-20,-50,-30,0,15,15,1973,0.6,0.25,2.4,0.45,13,233.92360904526504,46.15384615384615,-103.38899338631745
F30S120,30,120,240,-5,-20,-40,-30,0,20,15,5302,0.65,0.25,2.6,0.4,57,233.7451433907454,43.859649122807014,-218.52317709043382
F30S120,30,120,240,-5,-30,-50,-30,0,20,15,721,0.6,0.15,4.0,0.45,5,233.5572294909698,40.0,-12.957459153759373
F30S120,30,120,240,-5,-30,-50,-30,0,20,15,721,0.6,0.15,4.0,0.4,5,233.5572294909698,40.0,-12.957459153759373
F15S60,15,60,360,-5,-20,-50,-30,0,15,10,3266,0.65,0.25,2.6,0.45,65,233.11424735676474,41.53846153846154,-212.17745721355413
F15S60,15,60,360,-5,-20,-60,-30,0,20,15,4303,0.55,0.25,2.2,0.45,112,233.08125048667716,41.964285714285715,-219.03301857508905
F30S120,30,120,240,-5,-20,-40,-30,10,20,15,2909,0.65,0.25,2.6,0.45,16,233.05414813408697,43.75,-44.35320578148412
F30S120,30,120,240,-5,-20,-50,-30,5,20,15,1521,0.6,0.25,2.4,0.45,7,232.0158062003984,57.14285714285714,-60.48024343025827
F30S120,30,120,240,-5,-20,-40,-30,0,15,15,4297,0.6,0.3,2.0,0.45,38,230.35139464267695,50.0,-110.80297164541025
F30S120,30,120,240,-5,-20,-40,-30,10,15,15,2540,0.6,0.15,4.0,0.45,14,230.1366717308938,42.857142857142854,-77.50255582743557
F30S120,30,120,240,-5,-20,-50,-30,0,15,15,1973,0.65,0.35,1.8571428571428574,0.4,12,229.6413097239547,50.0,-57.71067624359239
F30S120,30,120,240,-5,-20,-50,-30,10,15,15,1000,0.55,0.25,2.2,0.4,11,229.60850248360475,63.63636363636363,-69.01357384062976
F60S90,60,90,360,-5,-20,-40,-30,5,20,15,2440,0.7,0.2,3.4999999999999996,0.45,22,228.3079454022868,36.36363636363637,-95.36791345169286
F15S60,15,60,360,-5,-20,-60,-30,0,15,15,3958,0.6,0.3,2.0,0.45,94,224.7298397793861,42.5531914893617,-289.5668678371744
F30S120,30,120,240,-5,-30,-40,-30,0,20,10,1341,0.55,0.25,2.2,0.4,14,224.35320070136413,50.0,-151.33006982078405
F30S120,30,120,240,-5,-20,-40,-30,0,15,15,4297,0.65,0.25,2.6,0.45,35,223.65577473227495,42.857142857142854,-142.62502734720556
F15S60,15,60,360,-5,-30,-40,-30,5,15,15,4440,0.6,0.3,2.0,0.4,155,223.29402763085864,45.16129032258064,-723.448370580561
F30S120,30,120,240,-5,-30,-40,-30,5,15,15,1133,0.65,0.35,1.8571428571428574,0.4,9,223.23412332994485,66.66666666666666,-61.48141788592784
F15S60,15,60,360,-5,-20,-60,-30,0,15,15,3958,0.6,0.3,2.0,0.4,112,223.20807417163041,41.964285714285715,-356.7424624712503
F30S120,30,120,240,-5,-20,-40,-30,10,20,15,2909,0.65,0.35,1.8571428571428574,0.4,18,222.9416159864545,44.44444444444444,-60.11848809407729
F15S60,15,60,360,-5,-20,-50,-30,5,15,15,5154,0.55,0.25,2.2,0.45,184,221.8155945431654,39.67391304347826,-472.213308010711
F60S90,60,90,360,-5,-30,-40,-30,0,20,10,610,0.6,0.25,2.4,0.4,6,220.80143066048367,66.66666666666666,-29.242910470886272
F30S120,30,120,240,-5,-20,-50,-30,0,15,15,1973,0.65,0.35,1.8571428571428574,0.45,10,220.25130972395436,50.0,-57.71067624359239
F30S120,30,120,240,-5,-20,-50,-30,0,15,10,760,0.65,0.35,1.8571428571428574,0.45,4,220.18780376302402,100.0,0.0
F30S120,30,120,240,-5,-20,-40,-30,0,20,15,5302,0.6,0.3,2.0,0.45,58,218.79054089746387,44.827586206896555,-250.52690771971993
F60S90,60,90,360,-5,-30,-40,-30,0,20,10,610,0.65,0.25,2.6,0.4,5,217.79937017507655,80.0,0.0
F60S90,60,90,360,-5,-30,-40,-30,0,20,10,610,0.65,0.25,2.6,0.45,5,217.79937017507655,80.0,0.0
F60S90,60,90,360,-5,-20,-40,-30,5,20,15,2440,0.65,0.35,1.8571428571428574,0.4,63,216.79089950942216,39.682539682539684,-248.7973835059861
F30S120,30,120,240,-5,-30,-40,-30,5,20,15,1334,0.65,0.25,2.6,0.4,14,216.45228160356191,50.0,-49.5058129744848
F60S90,60,90,360,-5,-20,-40,-30,10,20,10,1205,0.65,0.35,1.8571428571428574,0.4,15,216.29772402929666,53.333333333333336,-112.25824378897778
F60S90,60,90,360,-5,-20,-40,-30,5,15,15,2211,0.65,0.25,2.6,0.45,55,215.46120520136628,38.18181818181819,-207.4947919789738
F60S90,60,90,360,-5,-20,-40,-30,0,20,10,2602,0.65,0.25,2.6,0.4,37,215.32962676903844,43.24324324324324,-297.12007828440073
F15S60,15,60,360,-5,-20,-40,-30,5,15,10,4103,0.55,0.25,2.2,0.45,156,214.99698592800723,47.43589743589743,-507.61440490438736
F60S90,60,90,360,-5,-20,-40,-30,10,20,10,1205,0.65,0.35,1.8571428571428574,0.45,13,214.8083584898286,53.84615384615385,-112.25824378897778
F30S120,30,120,240,-5,-20,-40,-30,10,15,15,2540,0.65,0.35,1.8571428571428574,0.45,13,214.74111016205597,46.15384615384615,-79.57001676000527
F60S90,60,90,360,-5,-20,-50,-30,10,15,15,682,0.65,0.35,1.8571428571428574,0.4,7,214.57575421931142,57.14285714285714,-47.094238906299324
F60S90,60,90,360,-5,-20,-40,-30,5,15,15,2211,0.6,0.15,4.0,0.4,45,214.01820333735668,28.888888888888886,-137.2013192980753
F15S60,15,60,360,-5,-30,-50,-30,0,15,15,2836,0.6,0.15,4.0,0.4,73,213.81575465063997,35.61643835616438,-242.93835362515392
F30S120,30,120,240,-5,-20,-50,-30,5,20,15,1521,0.6,0.3,2.0,0.45,7,213.73621644767582,57.14285714285714,-72.57629211630956
F15S60,15,60,360,-5,-20,-40,-30,10,15,15,7430,0.6,0.15,4.0,0.45,204,213.31703577211965,31.372549019607842,-379.26549458390036
F60S90,60,90,360,-5,-20,-40,-30,10,15,10,862,0.6,0.25,2.4,0.45,10,212.86015393571506,60.0,-44.502356795215746
F60S90,60,90,360,-5,-20,-40,-30,10,15,10,862,0.6,0.25,2.4,0.4,10,212.25015393571448,60.0,-44.502356795215746
F15S60,15,60,360,-5,-20,-40,-30,5,15,10,4103,0.65,0.35,1.8571428571428574,0.45,105,211.9329297379404,45.714285714285715,-317.8153901406549
F60S90,60,90,360,-5,-20,-40,-30,0,20,15,4261,0.6,0.25,2.4,0.45,74,211.74927985412387,40.54054054054054,-328.7174270528085
F30S120,30,120,240,-5,-30,-40,-30,10,20,15,1366,0.65,0.35,1.8571428571428574,0.4,10,211.39968200811927,60.0,-53.6423632907854
F30S120,30,120,240,-5,-30,-40,-30,10,20,15,1366,0.65,0.35,1.8571428571428574,0.45,10,211.39968200811927,60.0,-53.6423632907854
F30S120,30,120,240,-5,-20,-40,-30,10,15,15,2540,0.65,0.25,2.6,0.4,16,209.4913564612625,43.75,-68.40482251001959
F60S90,60,90,360,-5,-20,-40,-30,5,15,15,2211,0.65,0.35,1.8571428571428574,0.4,56,209.21244290885488,41.07142857142857,-187.15130507411232
F30S120,30,120,240,-5,-30,-40,-30,5,20,15,1334,0.65,0.35,1.8571428571428574,0.4,14,209.12106036415526,57.14285714285714,-60.22968382005911
F30S120,30,120,240,-5,-20,-50,-30,5,20,15,1521,0.55,0.25,2.2,0.45,10,209.07499084549545,60.0,-22.847748991616754
F15S60,15,60,360,-5,-20,-40,-30,10,15,15,7430,0.6,0.25,2.4,0.4,249,208.79588087531874,41.76706827309237,-600.5735939344768
F30S120,30,120,240,-5,-20,-40,-30,10,20,15,2909,0.65,0.35,1.8571428571428574,0.45,16,208.11161598645458,43.75,-60.11848809407729
F30S120,30,120,240,-5,-20,-50,-30,5,20,15,1521,0.65,0.25,2.6,0.4,8,208.07813130931936,50.0,-65.06990346303064
F30S120,30,120,240,-5,-30,-40,-30,0,15,10,778,0.65,0.35,1.8571428571428574,0.45,5,207.51480386324147,80.0,0.0
F15S60,15,60,360,-5,-20,-40,-30,5,15,10,4103,0.6,0.3,2.0,0.4,134,207.2235874250523,47.76119402985074,-305.81277414280066
F30S120,30,120,240,-5,-30,-40,-30,5,15,15,1133,0.55,0.25,2.2,0.45,12,206.90160335073097,66.66666666666666,-60.79463993234822
F60S90,60,90,360,-5,-30,-40,-30,0,20,10,610,0.65,0.35,1.8571428571428574,0.45,5,206.10220598672186,80.0,0.0
F60S90,60,90,360,-5,-30,-40,-30,0,20,10,610,0.65,0.35,1.8571428571428574,0.4,5,206.10220598672186,80.0,0.0
F60S90,60,90,360,-5,-20,-40,-30,5,20,15,2440,0.6,0.25,2.4,0.45,44,205.95240615942566,38.63636363636363,-203.8823730776353
F60S90,60,90,360,-5,-20,-40,-30,0,20,15,4261,0.7,0.2,3.4999999999999996,0.4,55,205.93471563143612,43.63636363636363,-198.25237693904273
F60S90,60,90,360,-5,-20,-40,-30,0,20,10,2602,0.65,0.25,2.6,0.45,29,205.66322784395288,48.275862068965516,-181.58955631071422
F15S60,15,60,360,-5,-20,-60,-30,0,20,15,4303,0.6,0.3,2.0,0.45,92,205.08622193923793,45.65217391304348,-297.5491231414517
F60S90,60,90,360,-5,-20,-40,-30,10,20,10,1205,0.7,0.2,3.4999999999999996,0.4,12,204.39943776137352,50.0,-34.95412409624987
F30S120,30,120,240,-5,-20,-40,-30,0,15,15,4297,0.65,0.35,1.8571428571428574,0.45,38,204.35562658663957,47.368421052631575,-173.657503320077
F60S90,60,90,360,-5,-30,-40,-30,0,20,10,610,0.6,0.3,2.0,0.4,6,202.9568487205188,66.66666666666666,-35.09149256506316
F30S120,30,120,240,-5,-20,-40,-30,10,20,15,2909,0.6,0.25,2.4,0.4,19,202.26770346046487,42.10526315789473,-80.91414990106568
F60S90,60,90,360,-5,-20,-40,-30,5,15,10,884,0.7,0.2,3.4999999999999996,0.4,8,201.91327548697427,50.0,-56.308641166384405
F30S120,30,120,240,-5,-20,-40,-30,10,15,15,2540,0.65,0.35,1.8571428571428574,0.4,16,201.6911101620558,43.75,-85.99001676000535
F15S60,15,60,360,-5,-20,-50,-30,0,15,10,3266,0.6,0.3,2.0,0.4,89,201.50993039955802,50.56179775280899,-276.7647464815327
F30S120,30,120,240,-5,-20,-50,-30,0,15,15,1973,0.65,0.25,2.6,0.4,15,201.48357745599242,40.0,-104.4189933863172
F60S90,60,90,360,-5,-20,-40,-30,5,15,15,2211,0.6,0.25,2.4,0.45,56,199.8177902783509,39.285714285714285,-178.88402009532092
F30S120,30,120,240,-5,-30,-40,-30,10,20,15,1366,0.65,0.25,2.6,0.45,10,199.369543158552,50.0,-60.15025354147656
F30S120,30,120,240,-5,-30,-40,-30,10,20,15,1366,0.65,0.25,2.6,0.4,10,199.369543158552,50.0,-60.15025354147656
F60S90,60,90,360,-5,-20,-40,-30,5,20,15,2440,0.65,0.35,1.8571428571428574,0.45,52,199.34371695291748,36.53846153846153,-238.00666835887387
F60S90,60,90,360,-5,-20,-40,-30,10,15,15,1811,0.6,0.3,2.0,0.45,36,198.5421361232752,41.66666666666667,-109.69134142040548
F15S60,15,60,360,-5,-20,-40,-20,5,15,15,3087,0.6,0.3,2.0,0.4,88,198.01073017082535,48.86363636363637,-465.59904321120257
F30S120,30,120,240,-5,-30,-40,-30,0,15,15,1555,0.7,0.2,3.4999999999999996,0.4,10,197.29257712726712,40.0,-63.29782026120574
F60S90,60,90,360,-5,-20,-50,-30,10,20,15,763,0.6,0.3,2.0,0.4,8,196.2362468352685,50.0,-87.62856735803598
F15S60,15,60,360,-5,-20,-40,-30,0,15,10,7138,0.7,0.2,3.4999999999999996,0.4,120,195.09683537728552,37.5,-527.6757303355384
F30S120,30,120,240,-5,-20,-40,-30,10,15,15,2540,0.6,0.15,4.0,0.4,18,194.312585458983,33.33333333333333,-57.12042648073748
F30S120,30,120,240,-5,-30,-40,-30,0,20,10,1341,0.6,0.25,2.4,0.45,10,194.04481364956519,50.0,-61.35724069909702
F15S60,15,60,360,-5,-20,-40,-30,5,20,10,4446,0.7,0.2,3.4999999999999996,0.45,69,192.4756758257372,33.33333333333333,-139.818859992105
F60S90,60,90,360,-5,-20,-40,-30,10,15,10,862,0.6,0.3,2.0,0.45,10,192.27239870337053,60.0,-53.40282815425962
F60S90,60,90,360,-5,-20,-40,-30,10,15,10,862,0.6,0.3,2.0,0.4,10,191.66239870336994,60.0,-53.40282815425962
F30S120,30,120,240,-5,-30,-40,-30,0,15,10,778,0.6,0.25,2.4,0.4,6,191.4871487883538,83.33333333333334,0.0
F30S120,30,120,240,-5,-30,-40,-30,0,20,15,2241,0.65,0.35,1.8571428571428574,0.45,15,191.44515560230957,60.0,-64.32944996822698
F30S120,30,120,240,-5,-20,-40,-30,10,15,15,2540,0.55,0.25,2.2,0.45,17,191.31094495636216,47.05882352941176,-45.6899999999996
F60S90,60,90,360,-5,-20,-50,-30,0,15,10,635,0.6,0.3,2.0,0.4,3,191.27753431545352,66.66666666666666,-23.670000000000073
F60S90,60,90,360,-5,-20,-50,-30,0,15,10,635,0.6,0.25,2.4,0.4,3,191.27753431545352,66.66666666666666,-23.670000000000073
F15S60,15,60,360,-5,-30,-40,-30,5,15,15,4440,0.65,0.35,1.8571428571428574,0.4,144,191.18680764893043,48.61111111111111,-577.5069356628942
F30S120,30,120,240,-5,-20,-40,-30,0,20,10,2894,0.65,0.35,1.8571428571428574,0.4,21,191.14421609994315,57.14285714285714,-97.58935980665865
F15S60,15,60,360,-5,-30,-40,-30,10,15,15,4457,0.6,0.3,2.0,0.4,142,190.77739498389155,42.25352112676056,-491.9770564757828
F30S120,30,120,240,-5,-30,-40,-30,5,20,15,1334,0.6,0.3,2.0,0.4,10,190.3939160129894,70.0,-46.43000000000029
F15S60,15,60,360,-5,-30,-50,-30,0,15,15,2836,0.6,0.15,4.0,0.45,56,190.3880341466479,33.92857142857143,-223.16276689367533
F30S120,30,120,240,-5,-20,-40,-30,0,20,15,5302,0.65,0.35,1.8571428571428574,0.45,45,190.1992163799905,48.888888888888886,-176.8937561726475
F30S120,30,120,240,-5,-30,-40,-30,10,15,15,1067,0.55,0.25,2.2,0.45,8,190.0308728299583,62.5,-76.85431268765751
F60S90,60,90,360,-5,-30,-40,-30,0,20,15,836,0.6,0.15,4.0,0.45,8,189.83007717627333,62.5,-53.13415620014348
F15S60,15,60,360,-5,-20,-40,-30,5,20,15,9291,0.6,0.15,4.0,0.45,218,189.59570917384644,31.19266055045872,-381.88943401121924
F30S120,30,120,240,-5,-30,-40,-30,0,20,10,1341,0.6,0.3,2.0,0.45,10,188.41719396264034,50.0,-55.75448930046696
F30S120,30,120,240,-5,-30,-40,-30,10,15,15,1067,0.6,0.25,2.4,0.4,9,188.01132307669104,66.66666666666666,-63.017466835515734
F60S90,60,90,360,-5,-20,-40,-30,10,15,15,1811,0.6,0.15,4.0,0.4,38,187.70197726018478,34.21052631578947,-102.61230572770728
F15S60,15,60,360,-5,-20,-40,-30,5,15,10,4103,0.55,0.25,2.2,0.4,183,187.59924328893294,47.540983606557376,-489.29901691407485
F30S120,30,120,240,-5,-30,-40,-30,10,15,15,1067,0.6,0.15,4.0,0.4,5,187.5288099178224,60.0,-29.608480101309397
F60S90,60,90,360,-5,-20,-50,-30,0,20,15,1944,0.65,0.25,2.6,0.4,21,187.04453313490785,33.33333333333333,-201.50623825014281
F30S120,30,120,240,-5,-20,-50,-30,5,20,15,1521,0.6,0.25,2.4,0.4,8,186.9736517289848,50.0,-65.06990346303064
F30S120,30,120,240,-5,-30,-40,-30,10,15,15,1067,0.65,0.25,2.6,0.45,8,186.2300125497668,62.5,-52.09715634382883
F60S90,60,90,360,-5,-20,-50,-30,5,20,15,1160,0.6,0.15,4.0,0.4,10,185.81429398475666,50.0,-96.12148867727319
F30S120,30,120,240,-5,-30,-40,-30,10,15,15,1067,0.6,0.15,4.0,0.45,5,184.94880991782247,60.0,-29.608480101309397
F30S120,30,120,240,-5,-30,-40,-30,5,15,15,1133,0.6,0.25,2.4,0.45,11,183.1987914512688,63.63636363636363,-60.79463993234822
F60S90,60,90,360,-5,-20,-40,-30,10,15,15,1811,0.55,0.25,2.2,0.45,42,182.55640277314524,35.714285714285715,-200.26736075491863
F30S120,30,120,240,-5,-20,-40,-30,10,20,15,2909,0.6,0.3,2.0,0.4,19,182.13665402126753,42.10526315789473,-90.32897988127843
F30S120,30,120,240,-5,-30,-40,-30,5,15,15,1133,0.6,0.3,2.0,0.45,11,182.0185865562994,63.63636363636363,-72.95356791881841
F60S90,60,90,360,-5,-20,-40,-30,5,20,15,2440,0.6,0.15,4.0,0.4,42,181.3508692442988,28.57142857142857,-102.98356332330104
F60S90,60,90,360,-5,-20,-60,-30,5,15,15,588,0.6,0.25,2.4,0.4,3,180.91841529957765,66.66666666666666,-21.459621048162262
F30S120,30,120,240,-5,-20,-50,-30,0,15,15,1973,0.65,0.25,2.6,0.45,14,180.5935774559921,35.714285714285715,-104.4189933863172
F30S120,30,120,240,-5,-30,-40,-30,5,20,15,1334,0.6,0.25,2.4,0.4,10,179.3779595842734,70.0,-60.88448268872435
F30S120,30,120,240,-5,-30,-40,-30,0,15,10,778,0.6,0.3,2.0,0.4,6,179.3164609097339,83.33333333333334,0.0
F30S120,30,120,240,-5,-20,-40,-30,0,15,15,4297,0.55,0.25,2.2,0.45,43,179.24689968307075,44.18604651162791,-165.879361316393
F15S60,15,60,360,-5,-20,-40,-30,5,20,10,4446,0.65,0.35,1.8571428571428574,0.4,133,179.16105470249613,46.616541353383454,-454.5770335225875
F30S120,30,120,240,-5,-20,-40,-30,10,20,15,2909,0.6,0.15,4.0,0.45,16,179.09203643813316,37.5,-105.36725147053949
F30S120,30,120,240,-5,-20,-40,-30,0,20,15,5302,0.6,0.25,2.4,0.45,58,177.18903522016944,43.103448275862064,-277.4312352047359
F60S90,60,90,360,-5,-20,-50,-30,10,20,15,763,0.65,0.35,1.8571428571428574,0.45,8,176.7113527137899,50.0,-47.654238906298815
F30S120,30,120,240,-5,-20,-50,-30,0,15,15,1973,0.6,0.25,2.4,0.4,16,175.80401049051125,37.5,-120.90272961824667
F30S120,30,120,240,-5,-20,-50,-30,10,20,15,1084,0.6,0.15,4.0,0.45,4,175.5845497340656,50.0,-4.329999999999927
F15S60,15,60,360,-5,-20,-50,-30,0,15,15,7269,0.55,0.25,2.2,0.45,249,174.13208162614274,40.562248995983936,-645.3207707632982
F30S120,30,120,240,-5,-30,-40,-30,5,20,15,1334,0.6,0.3,2.0,0.45,9,173.98391601298954,66.66666666666666,-46.43000000000029
F60S90,60,90,360,-5,-20,-40,-30,10,15,10,862,0.65,0.25,2.6,0.4,12,173.97712014232093,58.333333333333336,-53.202038030784024
F15S60,15,60,360,-5,-30,-40,-30,0,20,15,7470,0.7,0.2,3.4999999999999996,0.4,143,173.60520683515915,36.36363636363637,-351.48832291149074
F30S120,30,120,240,-5,-30,-40,-30,5,15,15,1133,0.55,0.25,2.2,0.4,16,171.77487909781075,62.5,-94.57791105673186
F60S90,60,90,360,-5,-20,-50,-30,0,20,10,908,0.7,0.2,3.4999999999999996,0.4,6,170.99063745772582,50.0,-52.68624036743313
F30S120,30,120,240,-5,-30,-40,-30,10,15,15,1067,0.6,0.3,2.0,0.4,9,170.45639844082234,66.66666666666666,-72.88696020261887
F60S90,60,90,360,-5,-20,-40,-30,10,15,10,862,0.65,0.35,1.8571428571428574,0.4,13,169.83336773604879,53.84615384615385,-107.63696564882048
F60S90,60,90,360,-5,-20,-40,-30,10,15,15,1811,0.6,0.25,2.4,0.4,42,169.7691881300575,38.095238095238095,-259.4262290728484
F60S90,60,90,360,-5,-20,-40,-30,0,20,15,4261,0.6,0.15,4.0,0.4,76,169.701981549656,28.947368421052634,-196.3769254341355
F30S120,30,120,240,-5,-30,-40,-30,5,20,15,1334,0.6,0.15,4.0,0.4,11,169.67263460392223,54.54545454545454,-46.84626839326029
F30S120,30,120,240,-5,-30,-40,-30,5,20,15,1334,0.6,0.15,4.0,0.45,11,169.67263460392223,54.54545454545454,-46.84626839326029
F15S60,15,60,360,-5,-20,-60,-30,5,15,15,2840,0.65,0.35,1.8571428571428574,0.45,62,169.21684093629028,38.70967741935484,-197.78694680351327
F60S90,60,90,360,-5,-20,-40,-30,5,15,15,2211,0.6,0.25,2.4,0.4,68,169.11162752677228,41.17647058823529,-220.03434528736761
F30S120,30,120,240,-5,-30,-40,-30,5,15,15,1133,0.65,0.35,1.8571428571428574,0.45,5,169.10464593817778,60.0,-13.670000000000073
F15S60,15,60,360,-5,-20,-40,-30,0,20,10,8850,0.65,0.35,1.8571428571428574,0.4,187,167.5057113313751,45.98930481283423,-500.17147345909416
F30S120,30,120,240,-5,-30,-50,-30,0,20,15,721,0.65,0.35,1.8571428571428574,0.4,4,167.4043310657844,75.0,-0.15999999999985448
F30S120,30,120,240,-5,-20,-40,-30,0,20,15,5302,0.6,0.15,4.0,0.45,43,167.23617105311587,39.53488372093023,-115.72778319065492
F15S60,15,60,360,-5,-20,-50,-30,0,15,10,3266,0.6,0.3,2.0,0.45,71,167.1294664151983,50.70422535211267,-284.1714907820274
F30S120,30,120,240,-5,-30,-40,-30,0,20,10,1341,0.65,0.35,1.8571428571428574,0.4,7,166.63171930142653,57.14285714285714,-52.41000000000031
F15S60,15,60,360,-5,-20,-60,-30,0,20,15,4303,0.6,0.3,2.0,0.4,116,165.89433660024497,44.827586206896555,-425.5898562751072
F30S120,30,120,240,-5,-20,-50,-30,10,20,15,1084,0.6,0.15,4.0,0.4,5,164.96914563789278,40.0,-10.615404096172824
F30S120,30,120,240,-5,-30,-40,-30,0,20,15,2241,0.7,0.2,3.4999999999999996,0.45,9,164.76324586152805,44.44444444444444,-49.48726973356497
F30S120,30,120,240,-5,-30,-40,-30,0,20,10,1341,0.65,0.25,2.6,0.4,7,164.54377693275364,57.14285714285714,-58.786420706650006
F30S120,30,120,240,-5,-30,-50,-30,0,20,15,721,0.65,0.35,1.8571428571428574,0.45,3,164.1543310657844,66.66666666666666,-0.15999999999985448
F30S120,30,120,240,-5,-30,-40,-30,5,15,15,1133,0.65,0.25,2.6,0.4,9,164.07804595490688,55.55555555555556,-111.5074952609657
F30S120,30,120,240,-5,-20,-40,-30,0,20,15,5302,0.6,0.15,4.0,0.4,53,163.82738185343214,37.735849056603776,-146.61830849932448
F30S120,30,120,240,-5,-20,-40,-30,0,15,10,2078,0.6,0.3,2.0,0.4,18,163.4913668761069,55.55555555555556,-52.92576564404226
F15S60,15,60,360,-5,-20,-40,-20,5,20,15,3263,0.65,0.25,2.6,0.45,60,163.37650693360047,51.66666666666667,-350.6530060716277
F30S120,30,120,240,-5,-30,-40,-30,5,20,15,1334,0.6,0.25,2.4,0.45,9,162.96795958427356,66.66666666666666,-60.88448268872435
F30S120,30,120,240,-5,-20,-40,-30,10,20,15,2909,0.55,0.25,2.2,0.45,23,162.9067925041045,43.47826086956522,-65.05178836034975
F30S120,30,120,240,-5,-30,-40,-30,0,15,10,778,0.65,0.25,2.6,0.45,5,162.71136447014214,80.0,0.0
F30S120,30,120,240,-5,-30,-40,-30,10,15,15,1067,0.65,0.35,1.8571428571428574,0.45,8,161.60077419205845,62.5,-67.46801888135997
F60S90,60,90,360,-5,-20,-40,-30,0,20,10,2602,0.7,0.2,3.4999999999999996,0.45,23,161.51231522098396,34.78260869565217,-133.4306863585034
F15S60,15,60,360,-5,-20,-40,-20,5,15,15,3087,0.65,0.35,1.8571428571428574,0.4,70,161.4213601318229,42.857142857142854,-363.0486433519254
F15S60,15,60,360,-5,-20,-40,-30,10,20,10,4108,0.7,0.2,3.4999999999999996,0.45,50,161.1252253671346,40.0,-201.6961226414487
F15S60,15,60,360,-5,-30,-40,-30,0,20,10,4477,0.65,0.25,2.6,0.4,131,160.94792964386352,39.69465648854962,-423.82868396351023
F30S120,30,120,240,-5,-20,-40,-30,0,20,15,5302,0.55,0.25,2.2,0.45,66,159.6437252784758,48.484848484848484,-239.9724621552714
F60S90,60,90,360,-5,-20,-40,-30,0,20,15,4261,0.55,0.25,2.2,0.45,98,158.9047926323401,42.857142857142854,-353.56110872120416
F60S90,60,90,360,-5,-20,-50,-30,10,15,15,682,0.65,0.35,1.8571428571428574,0.45,6,158.2242976884154,50.0,-47.094238906299324
F15S60,15,60,360,-5,-20,-50,-30,0,15,10,3266,0.6,0.15,4.0,0.4,59,156.80644676414158,28.8135593220339,-154.85024209930316
F30S120,30,120,240,-5,-20,-40,-30,0,15,10,2078,0.65,0.35,1.8571428571428574,0.45,12,156.3894275037046,50.0,-71.60948414937047
F15S60,15,60,360,-5,-20,-60,-30,5,20,15,2920,0.55,0.25,2.2,0.45,99,155.49088175462794,37.37373737373738,-190.86202476724247
F30S120,30,120,240,-5,-20,-40,-30,0,15,10,2078,0.6,0.25,2.4,0.45,16,155.3392677280931,50.0,-44.104804703369155
F30S120,30,120,240,-5,-20,-50,-30,10,15,15,1000,0.6,0.15,4.0,0.4,5,154.9240875585806,40.0,-27.900145622134005
F30S120,30,120,240,-5,-20,-50,-30,10,15,15,1000,0.6,0.15,4.0,0.45,5,154.9240875585806,40.0,-27.900145622134005
F30S120,30,120,240,-5,-30,-40,-30,0,15,10,778,0.6,0.25,2.4,0.45,5,153.83714878835417,80.0,0.0
F60S90,60,90,360,-5,-20,-50,-30,0,15,10,635,0.65,0.35,1.8571428571428574,0.45,2,153.69284266287286,50.0,-23.670000000000073
F60S90,60,90,360,-5,-20,-50,-30,0,15,10,635,0.65,0.35,1.8571428571428574,0.4,2,153.69284266287286,50.0,-23.670000000000073
F15S60,15,60,360,-5,-30,-40,-30,10,15,15,4457,0.65,0.35,1.8571428571428574,0.4,127,152.42518729899894,43.30708661417323,-621.5159896416803
F15S60,15,60,360,-5,-20,-40,-30,0,20,10,8850,0.7,0.2,3.4999999999999996,0.45,139,151.3303377762427,35.97122302158273,-466.42087217004246
F30S120,30,120,240,-5,-20,-40,-20,5,20,15,934,0.65,0.25,2.6,0.4,5,150.180449295357,80.0,-13.38000000000011
F30S120,30,120,240,-5,-20,-40,-20,5,20,15,934,0.65,0.35,1.8571428571428574,0.4,5,150.180449295357,80.0,-13.38000000000011
F30S120,30,120,240,-5,-20,-40,-30,10,15,15,2540,0.55,0.25,2.2,0.4,23,150.11010693543813,43.47826086956522,-94.34506553757001
F60S90,60,90,360,-5,-20,-50,-30,0,20,10,908,0.65,0.35,1.8571428571428574,0.4,16,149.96598687416963,56.25,-115.8709206430085
F15S60,15,60,360,-5,-20,-50,-30,0,20,15,8170,0.6,0.15,4.0,0.4,221,149.55328190856835,30.316742081447963,-323.90347488994576
F30S120,30,120,240,-5,-30,-40,-30,5,15,15,1133,0.6,0.25,2.4,0.4,12,149.41552032688514,58.333333333333336,-94.57791105673186
F30S120,30,120,240,-5,-20,-40,-30,0,15,10,2078,0.6,0.25,2.4,0.4,18,148.5600054749907,50.0,-44.70406695647125
F15S60,15,60,360,-5,-30,-40,-30,0,20,10,4477,0.6,0.25,2.4,0.4,134,148.28809241099543,41.04477611940299,-532.5211124219527
F30S120,30,120,240,-5,-20,-40,-30,0,15,15,4297,0.6,0.25,2.4,0.45,38,147.76475413448634,44.73684210526316,-151.9129186574146
F60S90,60,90,360,-5,-20,-50,-30,10,20,15,763,0.65,0.25,2.6,0.45,11,147.73638709805437,36.36363636363637,-97.39158406742445
F15S60,15,60,360,-5,-30,-40,-30,0,15,10,3358,0.7,0.2,3.4999999999999996,0.45,35,147.30773998317682,34.285714285714285,-151.5251178001945
F30S120,30,120,240,-5,-20,-40,-30,0,20,10,2894,0.6,0.3,2.0,0.4,23,146.7205631698739,56.52173913043478,-87.05103880779461
F30S120,30,120,240,-5,-30,-40,-30,10,20,15,1366,0.7,0.2,3.4999999999999996,0.4,8,146.64416443032724,25.0,-43.883761556759055
F30S120,30,120,240,-5,-30,-40,-30,10,20,15,1366,0.7,0.2,3.4999999999999996,0.45,8,146.64416443032724,25.0,-43.883761556759055
F60S90,60,90,360,-5,-20,-40,-30,5,20,10,1035,0.7,0.2,3.4999999999999996,0.4,8,146.46265532343477,62.5,-28.11295639942182
F15S60,15,60,360,-5,-20,-40,-20,5,20,15,3263,0.65,0.35,1.8571428571428574,0.45,64,145.37515932321094,54.6875,-539.1657161661196
F60S90,60,90,360,-5,-30,-40,-30,0,20,10,610,0.7,0.2,3.4999999999999996,0.4,4,145.35719074158806,75.0,0.0
F30S120,30,120,240,-5,-20,-50,-30,0,15,10,760,0.6,0.15,4.0,0.45,5,145.16317909308327,60.0,-37.97936489034146
F30S120,30,120,240,-5,-20,-50,-30,0,15,10,760,0.6,0.15,4.0,0.4,5,145.16317909308327,60.0,-37.97936489034146
F15S60,15,60,360,-5,-20,-40,-30,10,20,10,4108,0.6,0.15,4.0,0.4,85,144.97877204082533,35.294117647058826,-327.84358231120586
F60S90,60,90,360,-5,-20,-50,-30,5,20,15,1160,0.6,0.25,2.4,0.4,13,144.70369418798236,46.15384615384615,-87.02094143916383
F15S60,15,60,360,-5,-20,-40,-30,5,20,10,4446,0.6,0.25,2.4,0.45,130,143.55126689023427,43.84615384615385,-408.33887601210154
F60S90,60,90,360,-5,-20,-40,-30,10,20,10,1205,0.7,0.2,3.4999999999999996,0.45,11,142.59278697792342,45.45454545454545,-34.95412409624987
F15S60,15,60,360,-5,-30,-40,-30,10,20,15,5132,0.7,0.2,3.4999999999999996,0.45,86,142.33934078411812,36.04651162790697,-253.99222536471734
F30S120,30,120,240,-5,-30,-40,-30,0,15,10,778,0.6,0.3,2.0,0.45,5,141.66646090973427,80.0,0.0
F30S120,30,120,240,-5,-30,-40,-30,5,15,15,1133,0.6,0.3,2.0,0.4,12,141.47866120703975,58.333333333333336,-113.49349326807805
F30S120,30,120,240,-5,-20,-40,-30,5,15,10,1239,0.55,0.25,2.2,0.4,11,140.9486656385934,72.72727272727273,-34.57999999999993
F30S120,30,120,240,-5,-20,-40,-30,0,20,15,5302,0.65,0.25,2.6,0.45,49,140.50700645217648,44.89795918367347,-201.79816486569507
F30S120,30,120,240,-5,-30,-40,-30,0,20,15,2241,0.65,0.35,1.8571428571428574,0.4,16,140.23430456370988,56.25,-64.03944996822702
F60S90,60,90,360,-5,-20,-50,-30,0,15,10,635,0.6,0.3,2.0,0.45,2,140.0495470734204,50.0,-23.670000000000073
F60S90,60,90,360,-5,-20,-50,-30,0,15,10,635,0.6,0.25,2.4,0.45,2,140.0495470734204,50.0,-23.670000000000073
F15S60,15,60,360,-5,-30,-40,-30,0,15,10,3358,0.65,0.35,1.8571428571428574,0.4,89,137.82802912257603,52.80898876404494,-283.1488364883189
F60S90,60,90,360,-5,-20,-50,-30,10,20,15,763,0.65,0.25,2.6,0.4,12,136.83638709805473,33.33333333333333,-97.39158406742445
F60S90,60,90,360,-5,-20,-40,-30,5,15,15,2211,0.7,0.2,3.4999999999999996,0.45,23,136.07687231384443,30.434782608695656,-113.04793810142746
F15S60,15,60,360,-5,-20,-40,-20,0,15,15,4625,0.65,0.35,1.8571428571428574,0.4,108,135.73288922568372,46.2962962962963,-601.576447663509
F15S60,15,60,360,0,-20,-40,-30,0,20,15,3339,0.7,0.2,3.4999999999999996,0.45,36,135.34258082512997,44.44444444444444,-198.3621439106837
F15S60,15,60,360,-5,-30,-40,-30,5,15,15,4440,0.6,0.3,2.0,0.45,131,134.70088166437472,44.274809160305345,-500.01466357078743
F30S120,30,120,240,-5,-20,-40,-20,0,15,15,1239,0.55,0.25,2.2,0.45,8,134.55929796083046,75.0,-13.38000000000011
F60S90,60,90,360,-5,-20,-40,-30,5,20,15,2440,0.6,0.25,2.4,0.4,53,134.21555965649304,35.84905660377358,-222.15751679536424
F15S60,15,60,360,-5,-30,-40,-30,0,15,15,6070,0.7,0.2,3.4999999999999996,0.4,111,132.83538840465053,32.432432432432435,-467.0871299424407
F30S120,30,120,240,-5,-20,-40,-30,0,15,10,2078,0.6,0.3,2.0,0.45,16,132.77136687610664,50.0,-52.92576564404226
F15S60,15,60,360,-5,-20,-40,-30,0,20,10,8850,0.7,0.2,3.4999999999999996,0.4,172,132.0053354699926,38.372093023255815,-473.45181808813913
F60S90,60,90,360,-5,-20,-40,-30,10,15,10,862,0.65,0.25,2.6,0.45,11,131.92712014232075,54.54545454545454,-53.202038030784024
F30S120,30,120,240,-5,-20,-40,-30,0,20,10,2894,0.6,0.3,2.0,0.45,22,131.54056316987362,54.54545454545454,-87.05103880779461
F60S90,60,90,360,-5,-20,-50,-30,0,20,15,1944,0.65,0.35,1.8571428571428574,0.45,16,131.23632378675347,37.5,-262.8595030842839
F30S120,30,120,240,-5,-20,-40,-30,10,15,15,2540,0.7,0.2,3.4999999999999996,0.45,6,130.63771646602027,33.33333333333333,-35.05405466485536
F15S60,15,60,360,-5,-20,-40,-20,5,15,15,3087,0.6,0.15,4.0,0.4,72,130.22338528745559,36.11111111111111,-203.16007684898432
F60S90,60,90,360,-5,-20,-40,-30,5,20,10,1035,0.7,0.2,3.4999999999999996,0.45,7,129.69265532343434,57.14285714285714,-28.11295639942182
F15S60,15,60,360,-5,-30,-40,-30,0,20,10,4477,0.65,0.25,2.6,0.45,110,128.57754970264705,39.09090909090909,-422.7531498121207
F60S90,60,90,360,-5,-20,-60,-30,5,15,15,588,0.65,0.25,2.6,0.45,6,128.2963196008568,50.0,-62.29121290563762
F60S90,60,90,360,-5,-20,-60,-30,5,15,15,588,0.65,0.25,2.6,0.4,6,128.2963196008568,50.0,-62.29121290563762
F60S90,60,90,360,-5,-20,-60,-30,5,15,15,588,0.65,0.35,1.8571428571428574,0.45,3,128.10571915539458,100.0,0.0
F30S120,30,120,240,-5,-30,-40,-30,10,15,15,1067,0.55,0.25,2.2,0.4,9,128.03354623602945,55.55555555555556,-84.03163928158665
F15S60,15,60,360,-5,-20,-50,-30,10,15,15,3927,0.6,0.3,2.0,0.4,135,127.13166212420674,43.7037037037037,-510.42234226605433
F30S120,30,120,240,-5,-20,-40,-30,0,15,10,2078,0.65,0.25,2.6,0.4,13,127.00722540842798,46.15384615384615,-97.16963756255336
F30S120,30,120,240,-5,-20,-50,-30,0,15,10,760,0.7,0.2,3.4999999999999996,0.45,2,126.59788296780425,50.0,0.0
F30S120,30,120,240,-5,-20,-50,-30,0,15,10,760,0.7,0.2,3.4999999999999996,0.4,2,126.59788296780425,50.0,0.0
F30S120,30,120,240,-5,-20,-50,-30,5,20,15,1521,0.55,0.25,2.2,0.4,13,126.1403351555773,46.15384615384615,-81.52485400645492
F15S60,15,60,360,-5,-30,-40,-30,0,20,15,7470,0.7,0.2,3.4999999999999996,0.45,122,125.88229531237994,36.885245901639344,-302.9294429383117
F60S90,60,90,360,-5,-20,-50,-30,10,15,15,682,0.6,0.3,2.0,0.45,6,125.2724813689374,33.33333333333333,-68.61155241079996
F30S120,30,120,240,-5,-20,-40,-30,0,20,15,5302,0.6,0.3,2.0,0.4,67,125.15150921094664,44.776119402985074,-294.8549223894065
F60S90,60,90,360,-5,-20,-40,-30,0,20,10,2602,0.6,0.15,4.0,0.45,30,124.17618569915658,33.33333333333333,-90.8767626149488
F15S60,15,60,360,-5,-30,-40,-30,0,20,10,4477,0.55,0.25,2.2,0.45,144,124.07383769335274,42.36111111111111,-384.8222422612748
F30S120,30,120,240,-5,-30,-40,-30,10,20,15,1366,0.6,0.25,2.4,0.45,6,123.76194485256747,50.0,-76.63194755826589
F60S90,60,90,360,-5,-20,-50,-30,5,20,15,1160,0.6,0.25,2.4,0.45,11,123.71911303130491,45.45454545454545,-74.2855642512668
F30S120,30,120,240,-5,-30,-40,-30,0,20,10,1341,0.55,0.25,2.2,0.45,12,123.66398689071275,41.66666666666667,-151.33006982078405
F60S90,60,90,360,-5,-20,-50,-30,5,15,15,1099,0.6,0.3,2.0,0.45,15,123.53419077475701,40.0,-83.24547508941487
F15S60,15,60,360,-5,-20,-50,-30,10,15,15,3927,0.6,0.25,2.4,0.45,119,123.23411934618298,39.49579831932773,-413.68147011488145
F30S120,30,120,240,-5,-20,-50,-30,0,20,15,2299,0.65,0.35,1.8571428571428574,0.45,11,122.1698196644229,45.45454545454545,-37.75625704745835
F60S90,60,90,360,-5,-20,-40,-30,0,20,10,2602,0.65,0.35,1.8571428571428574,0.45,34,122.10704802042528,50.0,-138.83792389585733
F30S120,30,120,240,-5,-20,-50,-30,0,20,15,2299,0.65,0.35,1.8571428571428574,0.4,12,122.00981966442305,41.66666666666667,-37.9162570474582
F60S90,60,90,360,-5,-20,-50,-30,5,15,15,1099,0.6,0.3,2.0,0.4,16,121.94419077475686,37.5,-83.24547508941487
F30S120,30,120,240,-5,-20,-40,-30,10,20,10,1276,0.6,0.3,2.0,0.45,2,121.6153728084355,100.0,0.0
F30S120,30,120,240,-5,-20,-40,-30,10,20,10,1276,0.6,0.25,2.4,0.45,2,121.6153728084355,100.0,0.0
F30S120,30,120,240,-5,-30,-40,-30,0,20,15,2241,0.65,0.25,2.6,0.45,15,120.95149817735091,53.333333333333336,-95.84891845098264
F15S60,15,60,360,-5,-30,-40,-30,0,20,10,4477,0.7,0.2,3.4999999999999996,0.4,74,120.55160201291665,32.432432432432435,-262.86237119493035
F30S120,30,120,240,-5,-20,-40,-30,0,20,15,5302,0.55,0.25,2.2,0.4,87,120.5090739115476,44.827586206896555,-255.77644041486838
F60S90,60,90,360,-5,-30,-40,-30,0,20,10,610,0.7,0.2,3.4999999999999996,0.45,3,119.40719074158824,66.66666666666666,0.0
F15S60,15,60,360,-5,-20,-50,-30,0,15,10,3266,0.65,0.25,2.6,0.4,83,119.05099544758559,40.963855421686745,-296.6446763145227
F30S120,30,120,240,-5,-20,-40,-30,10,20,15,2909,0.55,0.25,2.2,0.4,29,118.89176547820807,41.37931034482759,-114.896815386247
F30S120,30,120,240,-5,-30,-50,-30,0,20,15,721,0.7,0.2,3.4999999999999996,0.4,3,117.22794697367954,33.33333333333333,-0.15999999999985448
F30S120,30,120,240,-5,-30,-50,-30,0,20,15,721,0.7,0.2,3.4999999999999996,0.45,3,117.22794697367954,33.33333333333333,-0.15999999999985448
F15S60,15,60,360,-5,-20,-40,-20,10,20,15,2805,0.6,0.15,4.0,0.4,73,116.9567533751183,34.24657534246575,-200.3447022363025
F30S120,30,120,240,-5,-20,-50,-30,0,15,10,760,0.65,0.25,2.6,0.4,5,116.28468784698543,60.0,-63.29894148390213
F30S120,30,120,240,-5,-20,-50,-30,0,15,10,760,0.65,0.25,2.6,0.45,5,116.28468784698543,60.0,-63.29894148390213
F30S120,30,120,240,-5,-20,-40,-20,0,15,15,1239,0.55,0.25,2.2,0.4,9,114.81929796083023,66.66666666666666,-19.740000000000236
F30S120,30,120,240,-5,-30,-40,-30,0,20,10,1341,0.65,0.35,1.8571428571428574,0.45,6,114.73171930142689,50.0,-52.41000000000031
F15S60,15,60,360,-5,-30,-40,-30,5,20,15,4902,0.55,0.25,2.2,0.4,214,114.32095011816091,39.719626168224295,-558.1992149070438
F60S90,60,90,360,-5,-20,-50,-30,0,20,10,908,0.65,0.25,2.6,0.45,8,113.80097322334586,62.5,-27.020000000000437
F15S60,15,60,360,-5,-20,-40,-20,10,20,15,2805,0.6,0.25,2.4,0.45,69,113.70976065659443,43.47826086956522,-221.87470223630135
F60S90,60,90,360,-5,-20,-40,-30,0,20,15,4261,0.6,0.15,4.0,0.45,70,112.90614834569169,28.57142857142857,-184.1928004846086
F30S120,30,120,240,-5,-30,-40,-30,0,20,10,1341,0.65,0.25,2.6,0.45,6,112.64377693275401,50.0,-58.786420706650006
F30S120,30,120,240,-5,-20,-40,-20,5,15,15,882,0.65,0.35,1.8571428571428574,0.4,6,112.39999999999964,83.33333333333334,-13.38000000000011
F15S60,15,60,360,-5,-20,-40,-30,0,15,10,7138,0.65,0.35,1.8571428571428574,0.4,183,112.22014500964497,45.3551912568306,-712.0262156264521
F30S120,30,120,240,-5,-30,-40,-30,0,20,10,1341,0.6,0.25,2.4,0.4,13,111.5364312572674,46.15384615384615,-120.14366140574703
F30S120,30,120,240,-5,-30,-40,-30,5,20,15,1334,0.7,0.2,3.4999999999999996,0.4,11,111.14672884688252,45.45454545454545,-88.31223653056713
F15S60,15,60,360,-5,-30,-40,-30,5,15,15,4440,0.7,0.2,3.4999999999999996,0.45,79,110.93025815720102,36.708860759493675,-278.766511820545
F30S120,30,120,240,-5,-20,-40,-20,0,20,15,1499,0.55,0.25,2.2,0.4,17,110.8768309431639,52.94117647058824,-103.98907239685559
F15S60,15,60,360,-5,-20,-60,-30,5,15,15,2840,0.55,0.25,2.2,0.45,86,110.62436854902853,34.883720930232556,-276.99672597346034
F30S120,30,120,240,-5,-30,-40,-30,10,20,15,1366,0.6,0.3,2.0,0.45,6,108.43555534091502,50.0,-91.95833706991834
F15S60,15,60,360,-5,-20,-40,-30,0,15,10,7138,0.7,0.2,3.4999999999999996,0.45,99,108.28137961953144,37.37373737373738,-446.64499562030824
F15S60,15,60,360,-5,-20,-60,-30,0,20,15,4303,0.65,0.25,2.6,0.4,104,107.63636623650746,40.38461538461539,-286.124377857298
F15S60,15,60,360,-5,-20,-50,-30,0,15,15,7269,0.55,0.25,2.2,0.4,289,106.15070036274892,39.44636678200692,-616.897868613637
F30S120,30,120,240,-5,-30,-40,-30,5,15,15,1133,0.65,0.25,2.6,0.45,5,105.95183968752372,40.0,-60.79463993234822
F30S120,30,120,240,-5,-20,-40,-20,5,15,15,882,0.55,0.25,2.2,0.4,5,105.51999999999953,80.0,-14.889999999999418
F30S120,30,120,240,-5,-20,-40,-20,5,15,15,882,0.55,0.25,2.2,0.45,5,105.51999999999953,80.0,-14.889999999999418
F30S120,30,120,240,-5,-20,-50,-30,5,15,15,1458,0.55,0.25,2.2,0.45,5,104.62188858942864,60.0,-2.819999999999709
F30S120,30,120,240,-5,-20,-40,-20,5,20,15,934,0.65,0.25,2.6,0.45,4,104.60999999999967,75.0,0.0
F30S120,30,120,240,-5,-20,-40,-20,5,20,15,934,0.65,0.35,1.8571428571428574,0.45,4,104.60999999999967,75.0,0.0
F60S90,60,90,360,-5,-20,-50,-30,10,20,15,763,0.65,0.35,1.8571428571428574,0.4,10,104.34612252043189,40.0,-76.39423331021499
F15S60,15,60,360,-5,-20,-50,-30,5,20,15,5359,0.65,0.25,2.6,0.45,130,104.01849658128731,40.76923076923077,-561.5654166851946
F15S60,15,60,360,0,-20,-40,-30,0,20,15,3339,0.7,0.2,3.4999999999999996,0.4,40,103.870362761053,42.5,-212.11070358304823
F30S120,30,120,240,-5,-20,-40,-30,5,15,15,3146,0.7,0.2,3.4999999999999996,0.4,18,103.80193375453746,38.88888888888889,-86.1011718788368
F30S120,30,120,240,-5,-20,-40,-30,10,15,10,972,0.65,0.35,1.8571428571428574,0.4,3,100.69737292171885,66.66666666666666,-16.550000000000182
F30S120,30,120,240,-5,-20,-40,-30,10,15,10,972,0.65,0.35,1.8571428571428574,0.45,3,100.65737292171889,66.66666666666666,-16.550000000000182
F30S120,30,120,240,-5,-30,-40,-30,10,20,15,1366,0.6,0.25,2.4,0.4,7,100.22732899977382,42.857142857142854,-76.63194755826589
F30S120,30,120,240,-5,-20,-40,-30,0,20,10,2894,0.6,0.25,2.4,0.4,23,100.08755230006182,52.17391304347826,-161.12916146640055
F30S120,30,120,240,-5,-20,-50,-30,0,20,15,2299,0.65,0.25,2.6,0.45,13,99.71331843699454,30.76923076923077,-85.48857195505661
F60S90,60,90,360,-5,-20,-50,-30,0,20,10,908,0.6,0.25,2.4,0.45,11,99.67545010482354,45.45454545454545,-135.65311535300043
F30S120,30,120,240,-5,-20,-40,-30,10,20,10,1276,0.55,0.25,2.2,0.45,6,99.54869353019149,66.66666666666666,-33.219999999999345
F30S120,30,120,240,-5,-20,-40,-20,5,15,15,882,0.65,0.35,1.8571428571428574,0.45,5,98.85999999999967,80.0,-13.38000000000011
F30S120,30,120,240,-5,-20,-40,-20,5,15,15,882,0.65,0.25,2.6,0.45,5,98.85999999999967,80.0,-13.38000000000011
F60S90,60,90,360,-5,-20,-40,-30,5,15,10,884,0.65,0.35,1.8571428571428574,0.4,15,98.83570397237509,40.0,-69.38379119081856
F15S60,15,60,360,-5,-30,-40,-30,5,15,15,4440,0.6,0.15,4.0,0.45,107,98.762749087266,30.8411214953271,-465.88586607253
F60S90,60,90,360,-5,-20,-50,-30,0,20,10,908,0.6,0.25,2.4,0.4,11,98.24545010482325,45.45454545454545,-135.65311535300043
F30S120,30,120,240,-5,-20,-40,-20,5,20,15,934,0.6,0.3,2.0,0.4,3,96.78503011879184,66.66666666666666,-13.38000000000011
F30S120,30,120,240,-5,-20,-40,-20,5,20,15,934,0.6,0.25,2.4,0.4,3,96.78503011879184,66.66666666666666,-13.38000000000011
F30S120,30,120,240,-5,-20,-40,-20,5,15,15,882,0.6,0.3,2.0,0.4,5,96.63999999999851,80.0,-13.38000000000011
F30S120,30,120,240,-5,-30,-50,-30,0,20,15,721,0.65,0.25,2.6,0.45,3,96.33035757894413,33.33333333333333,-0.15999999999985448
F15S60,15,60,360,-5,-20,-60,-30,5,20,15,2920,0.55,0.25,2.2,0.4,112,95.32309943041855,38.392857142857146,-195.35166606177017
F60S90,60,90,360,-5,-20,-40,-30,5,20,10,1035,0.65,0.25,2.6,0.4,16,95.12868774500612,43.75,-93.72440290569511
F60S90,60,90,360,-5,-20,-50,-30,5,15,15,1099,0.65,0.35,1.8571428571428574,0.45,13,94.21466363337186,53.84615384615385,-90.64737352184784
F60S90,60,90,360,-5,-20,-50,-30,0,15,15,1599,0.65,0.35,1.8571428571428574,0.45,11,93.75162604544767,36.36363636363637,-91.81393924384156
F15S60,15,60,360,-5,-30,-40,-30,10,20,15,5132,0.7,0.2,3.4999999999999996,0.4,99,93.089874749312,35.35353535353536,-257.44912518173805
F60S90,60,90,360,-5,-30,-40,-30,0,20,10,610,0.6,0.15,4.0,0.4,4,93.07711336523062,50.0,-12.498442453636017
F30S120,30,120,240,-5,-20,-40,-30,10,15,10,972,0.65,0.25,2.6,0.4,3,93.01842998704433,66.66666666666666,-24.228942934674706
F30S120,30,120,240,-5,-20,-40,-30,10,15,10,972,0.65,0.25,2.6,0.45,3,92.97842998704436,66.66666666666666,-24.228942934674706
F15S60,15,60,360,-5,-20,-50,-30,10,20,15,4180,0.7,0.2,3.4999999999999996,0.45,69,92.82138009202163,31.88405797101449,-270.43618128207754
F60S90,60,90,360,-5,-30,-40,-30,0,20,10,610,0.6,0.15,4.0,0.45,4,92.35711336523127,50.0,-12.498442453636017
F15S60,15,60,360,-5,-20,-40,-30,0,15,15,12484,0.6,0.15,4.0,0.45,251,91.8825020749664,29.482071713147413,-526.3396033681074
F30S120,30,120,240,0,-20,-40,-30,5,20,15,797,0.6,0.15,4.0,0.45,5,91.63447945030293,20.0,-11.420148678115766
F30S120,30,120,240,0,-20,-40,-30,5,20,15,797,0.6,0.15,4.0,0.4,5,91.63447945030293,20.0,-11.420148678115766
F30S120,30,120,240,-5,-30,-40,-30,0,20,10,1341,0.6,0.3,2.0,0.4,13,90.6185051237253,46.15384615384615,-140.15902365505372
F30S120,30,120,240,-5,-20,-60,-30,0,15,15,842,0.6,0.25,2.4,0.4,5,90.5103367724605,80.0,-32.82825946105095
F30S120,30,120,240,-5,-20,-60,-30,0,15,15,842,0.6,0.25,2.4,0.45,5,90.5103367724605,80.0,-32.82825946105095
F30S120,30,120,240,-5,-30,-40,-30,0,15,15,1555,0.7,0.2,3.4999999999999996,0.45,9,89.33257712726709,33.33333333333333,-69.44891039031972
F30S120,30,120,240,-5,-20,-40,-30,10,15,10,972,0.6,0.25,2.4,0.45,3,88.51786283922047,66.66666666666666,-24.228942934674706
F30S120,30,120,240,-5,-20,-40,-30,5,15,10,1239,0.6,0.25,2.4,0.4,7,88.18555339989052,57.14285714285714,-36.159999999999854
F15S60,15,60,360,-5,-20,-50,-30,5,15,15,5154,0.6,0.15,4.0,0.45,135,87.89018306227763,33.33333333333333,-321.18766711607896
F30S120,30,120,240,-5,-30,-40,-30,10,20,10,743,0.65,0.35,1.8571428571428574,0.4,2,87.63999999999942,100.0,0.0
F30S120,30,120,240,-5,-30,-40,-30,10,20,10,743,0.65,0.25,2.6,0.4,2,87.63999999999942,100.0,0.0
F30S120,30,120,240,-5,-20,-40,-20,5,15,15,882,0.6,0.15,4.0,0.45,2,86.53544336212144,50.0,-28.845147787373207
F30S120,30,120,240,-5,-20,-40,-20,5,15,15,882,0.6,0.15,4.0,0.4,2,86.53544336212144,50.0,-28.845147787373207
F30S120,30,120,240,-5,-20,-40,-30,5,15,10,1239,0.6,0.25,2.4,0.45,4,85.10000000000036,75.0,0.0
F30S120,30,120,240,-5,-20,-40,-30,5,15,10,1239,0.6,0.3,2.0,0.45,4,85.10000000000036,75.0,0.0
F60S90,60,90,360,-5,-20,-40,-30,5,20,15,2440,0.6,0.15,4.0,0.45,37,85.05214266457597,24.324324324324326,-102.98356332330104
F30S120,30,120,240,-5,-20,-40,-30,0,20,10,2894,0.6,0.25,2.4,0.45,22,84.90755230006152,50.0,-161.12916146640055
F60S90,60,90,360,-5,-20,-40,-30,5,20,15,2440,0.7,0.2,3.4999999999999996,0.4,27,84.84938310190364,29.629629629629626,-115.2861576112632
F30S120,30,120,240,-5,-20,-40,-30,5,15,10,1239,0.6,0.3,2.0,0.4,7,84.84666407986879,57.14285714285714,-36.159999999999854
F30S120,30,120,240,-5,-30,-40,-30,0,20,15,2241,0.65,0.25,2.6,0.4,16,84.73374743549357,50.0,-95.84891845098264
F30S120,30,120,240,-5,-30,-50,-30,0,20,15,721,0.6,0.25,2.4,0.45,3,84.59156288157646,33.33333333333333,-0.15999999999985448
F30S120,30,120,240,-5,-20,-40,-30,0,20,15,5302,0.6,0.25,2.4,0.4,67,84.08730963012613,41.7910447761194,-315.11624742947424
F30S120,30,120,240,-5,-20,-60,-30,0,15,15,842,0.6,0.3,2.0,0.45,5,83.94468488024995,80.0,-39.3939113532615
F30S120,30,120,240,-5,-20,-60,-30,0,15,15,842,0.6,0.3,2.0,0.4,5,83.94468488024995,80.0,-39.3939113532615
F30S120,30,120,240,-5,-20,-40,-30,10,20,10,1276,0.55,0.25,2.2,0.4,8,83.88822002437882,62.5,-43.640473505812224
F30S120,30,120,240,-5,-30,-40,-30,10,20,15,1366,0.6,0.15,4.0,0.4,5,83.86019759948886,40.0,-72.14369481134509
F30S120,30,120,240,-5,-30,-40,-30,10,20,15,1366,0.6,0.15,4.0,0.45,5,83.86019759948886,40.0,-72.14369481134509
F15S60,15,60,360,-5,-20,-40,-30,10,15,15,7430,0.6,0.15,4.0,0.4,246,83.80431793728212,29.67479674796748,-499.7692819624058
F30S120,30,120,240,-5,-20,-40,-30,10,15,10,972,0.6,0.3,2.0,0.45,3,83.67207425228571,66.66666666666666,-29.074731521609465
F30S120,30,120,240,-5,-20,-40,-20,5,15,15,882,0.6,0.3,2.0,0.45,4,83.09999999999854,75.0,-13.38000000000011
F30S120,30,120,240,-5,-20,-40,-20,5,15,15,882,0.6,0.25,2.4,0.45,4,83.09999999999854,75.0,-13.38000000000011
F15S60,15,60,360,-5,-30,-40,-30,0,15,15,6070,0.6,0.15,4.0,0.4,163,82.83582607372182,28.834355828220858,-418.26161299852765
F30S120,30,120,240,-5,-20,-40,-30,10,15,10,972,0.55,0.25,2.2,0.4,5,81.9485024499163,40.0,-39.42999999999938
F30S120,30,120,240,-5,-20,-50,-30,0,15,15,1973,0.7,0.2,3.4999999999999996,0.45,6,81.67535600875044,50.0,-48.89679909730057
F30S120,30,120,240,-5,-20,-50,-30,0,15,15,1973,0.7,0.2,3.4999999999999996,0.4,6,81.67535600875044,50.0,-48.89679909730057
F30S120,30,120,240,-5,-20,-40,-30,10,15,15,2540,0.7,0.2,3.4999999999999996,0.4,7,81.06942522061445,28.57142857142857,-35.05405466485536
F15S60,15,60,360,-5,-20,-40,-30,5,15,10,4103,0.6,0.25,2.4,0.4,139,80.23674070427978,45.32374100719424,-465.4749050561313
F30S120,30,120,240,-5,-30,-40,-30,10,20,15,1366,0.6,0.3,2.0,0.4,7,80.19401631756273,42.857142857142854,-91.95833706991834
F30S120,30,120,240,-5,-20,-50,-30,5,15,15,1458,0.7,0.2,3.4999999999999996,0.4,5,79.39263529321715,40.0,-48.14470399558377
F30S120,30,120,240,-5,-20,-50,-30,5,15,15,1458,0.7,0.2,3.4999999999999996,0.45,5,79.39263529321715,40.0,-48.14470399558377
F30S120,30,120,240,-5,-30,-40,-30,0,20,10,1341,0.6,0.15,4.0,0.4,11,79.38814614072271,27.27272727272727,-83.63173395070044
F30S120,30,120,240,-5,-30,-40,-30,0,15,15,1555,0.6,0.25,2.4,0.4,15,78.88940949942616,53.333333333333336,-137.14049624384916
F15S60,15,60,360,-5,-20,-40,-30,10,20,15,8217,0.6,0.15,4.0,0.4,252,78.7910980224633,31.746031746031743,-625.9827838812234
F30S120,30,120,240,-5,-20,-50,-30,10,20,15,1084,0.7,0.2,3.4999999999999996,0.4,4,78.21725987261107,50.0,-14.153872128230432
F30S120,30,120,240,-5,-20,-50,-30,0,20,15,2299,0.65,0.25,2.6,0.4,14,78.063937619429,28.57142857142857,-85.48857195505661
F30S120,30,120,240,-5,-30,-40,-30,5,15,15,1133,0.7,0.2,3.4999999999999996,0.4,8,77.59899560180293,37.5,-68.46571194587887
F15S60,15,60,360,-5,-30,-40,-30,0,20,10,4477,0.65,0.35,1.8571428571428574,0.45,104,77.23153047076221,40.38461538461539,-458.44015124600946
F30S120,30,120,240,-5,-20,-50,-30,10,15,15,1000,0.7,0.2,3.4999999999999996,0.4,3,77.07026190082979,33.33333333333333,-2.819999999999709
F30S120,30,120,240,-5,-20,-50,-30,10,15,15,1000,0.7,0.2,3.4999999999999996,0.45,3,77.07026190082979,33.33333333333333,-2.819999999999709
F60S90,60,90,360,-5,-30,-40,-30,0,20,10,610,0.6,0.25,2.4,0.45,5,76.84943251102777,60.0,-29.242910470886272
F15S60,15,60,360,-5,-20,-60,-30,5,15,15,2840,0.65,0.25,2.6,0.45,59,76.71901471879892,30.508474576271187,-275.86587337351784
F30S120,30,120,240,-5,-20,-40,-20,5,15,15,882,0.65,0.25,2.6,0.4,6,76.2846581373451,66.66666666666666,-22.575341862654568
F30S120,30,120,240,-5,-30,-50,-30,0,20,15,721,0.6,0.3,2.0,0.4,4,76.1027681842088,50.0,-0.15999999999985448
F30S120,30,120,240,-5,-30,-40,-30,10,15,15,1067,0.7,0.2,3.4999999999999996,0.45,5,76.0334013637439,40.0,-30.741725075063187
F30S120,30,120,240,-5,-30,-50,-30,0,20,15,721,0.55,0.25,2.2,0.45,4,76.02276818420887,50.0,-0.15999999999985448
F30S120,30,120,240,-5,-20,-40,-30,5,20,15,3414,0.55,0.25,2.2,0.45,30,75.73565141167091,46.666666666666664,-121.00357816272026
F15S60,15,60,360,-5,-20,-50,-30,5,20,15,5359,0.6,0.3,2.0,0.4,172,75.7275093334697,43.02325581395349,-428.6656202383647
F30S120,30,120,240,-5,-20,-40,-20,5,20,15,934,0.55,0.25,2.2,0.4,4,75.60000000000036,75.0,-13.38000000000011
F60S90,60,90,360,-5,-20,-40,-30,10,20,15,2194,0.6,0.15,4.0,0.45,30,75.24975219479393,30.0,-116.89639370749137
F60S90,60,90,360,-5,-20,-50,-30,10,15,15,682,0.65,0.25,2.6,0.4,8,75.06931405455362,50.0,-67.35494760848906
F60S90,60,90,360,-5,-20,-40,-30,5,15,10,884,0.55,0.25,2.2,0.45,18,75.06400483898415,50.0,-162.19162355763
F30S120,30,120,240,-5,-30,-50,-30,0,20,15,721,0.65,0.25,2.6,0.4,4,75.00125898934493,25.0,-21.489098589599053
F30S120,30,120,240,-5,-20,-40,-20,0,20,15,1499,0.55,0.25,2.2,0.45,13,74.42511728135787,53.84615384615385,-68.92078605866209
F30S120,30,120,240,-5,-30,-40,-30,0,20,15,2241,0.55,0.25,2.2,0.4,31,74.0448370626068,38.70967741935484,-219.81301060234455
F15S60,15,60,360,-5,-20,-50,-30,0,15,15,7269,0.6,0.15,4.0,0.45,159,73.33976588119049,30.81761006289308,-280.06630371817846
F30S120,30,120,240,-5,-30,-50,-30,0,20,15,721,0.6,0.3,2.0,0.45,3,72.8527681842088,33.33333333333333,-0.15999999999985448
F15S60,15,60,360,-5,-20,-40,-30,10,15,15,7430,0.6,0.25,2.4,0.45,212,72.01907241204299,41.0377358490566,-671.261240641365
F30S120,30,120,240,-5,-20,-40,-30,0,15,15,4297,0.7,0.2,3.4999999999999996,0.45,18,71.627518207516,33.33333333333333,-138.88465874951453
F30S120,30,120,240,-5,-20,-40,-30,5,15,10,1239,0.55,0.25,2.2,0.45,7,71.38555339989125,71.42857142857143,-34.57999999999993
F15S60,15,60,360,-5,-30,-50,-30,0,15,15,2836,0.6,0.25,2.4,0.45,70,70.8416239811263,44.285714285714285,-335.08881998058587
F30S120,30,120,240,-5,-20,-40,-30,5,20,10,1400,0.55,0.25,2.2,0.4,7,69.80108676106192,71.42857142857143,-38.840771539626985
F15S60,15,60,360,-5,-20,-50,-30,0,20,15,8170,0.6,0.3,2.0,0.4,239,69.57706309782498,43.51464435146444,-925.9779795099312
F30S120,30,120,240,-5,-20,-40,-30,5,20,10,1400,0.55,0.25,2.2,0.45,6,69.53108676106149,66.66666666666666,-38.840771539626985
F60S90,60,90,360,-5,-20,-50,-30,0,20,10,908,0.6,0.3,2.0,0.45,11,69.4574432182435,45.45454545454545,-158.0497384235996
F30S120,30,120,240,-5,-30,-40,-30,10,20,10,743,0.7,0.2,3.4999999999999996,0.4,1,68.15999999999985,100.0,0.0
F60S90,60,90,360,-5,-20,-50,-30,10,15,15,682,0.6,0.3,2.0,0.4,8,68.08956225363454,25.0,-93.14818625222415
F60S90,60,90,360,-5,-20,-50,-30,0,20,10,908,0.6,0.3,2.0,0.4,11,68.0274432182432,45.45454545454545,-158.0497384235996
F15S60,15,60,360,-5,-30,-40,-30,10,15,15,4457,0.65,0.25,2.6,0.45,107,67.94088239147777,39.25233644859813,-444.88686312840537
F15S60,15,60,360,-5,-20,-40,-30,5,15,15,8690,0.6,0.15,4.0,0.4,253,66.57165843850544,30.039525691699602,-414.59108690810535
F30S120,30,120,240,-5,-20,-50,-30,10,20,15,1084,0.7,0.2,3.4999999999999996,0.45,3,65.74725987261081,33.33333333333333,-14.153872128230432
F15S60,15,60,360,-5,-20,-60,-30,5,15,15,2840,0.7,0.2,3.4999999999999996,0.4,41,65.43428682694639,19.51219512195122,-251.64364748362368
F60S90,60,90,360,-5,-20,-40,-30,10,15,15,1811,0.6,0.15,4.0,0.45,31,64.08844741685652,35.483870967741936,-149.16175878939794
F30S120,30,120,240,-5,-30,-40,-30,10,20,15,1366,0.55,0.25,2.2,0.4,13,63.34457248497438,30.76923076923077,-82.29622732061034
F30S120,30,120,240,-5,-30,-40,-30,10,20,10,743,0.6,0.3,2.0,0.4,1,63.339999999999236,100.0,0.0
F30S120,30,120,240,-5,-30,-40,-30,10,20,10,743,0.6,0.3,2.0,0.45,1,63.339999999999236,100.0,0.0
F30S120,30,120,240,-5,-30,-40,-30,10,20,10,743,0.65,0.25,2.6,0.45,1,63.339999999999236,100.0,0.0
F30S120,30,120,240,-5,-30,-40,-30,10,20,10,743,0.65,0.35,1.8571428571428574,0.45,1,63.339999999999236,100.0,0.0
F30S120,30,120,240,-5,-30,-40,-30,10,20,10,743,0.6,0.25,2.4,0.4,1,63.339999999999236,100.0,0.0
F30S120,30,120,240,-5,-30,-40,-30,10,20,10,743,0.6,0.25,2.4,0.45,1,63.339999999999236,100.0,0.0
F30S120,30,120,240,-5,-30,-50,-30,0,20,15,721,0.6,0.25,2.4,0.4,4,63.26246429197727,25.0,-21.489098589599053
F60S90,60,90,360,-5,-20,-40,-30,10,20,10,1205,0.6,0.15,4.0,0.45,16,63.182398991262744,37.5,-73.40907864009841
F60S90,60,90,360,-5,-20,-40,-30,0,20,10,2602,0.6,0.15,4.0,0.4,45,62.00630504168339,33.33333333333333,-186.00623772885046
F60S90,60,90,360,-5,-20,-40,-30,5,20,10,1035,0.65,0.35,1.8571428571428574,0.4,16,61.39253275156943,43.75,-118.49049036898441
F30S120,30,120,240,-5,-20,-40,-30,10,20,10,1276,0.6,0.25,2.4,0.4,3,61.146714805093325,66.66666666666666,0.0
F60S90,60,90,360,-5,-20,-40,-30,0,20,15,4261,0.7,0.2,3.4999999999999996,0.45,47,61.094431220428305,38.297872340425535,-244.93508530981762
F30S120,30,120,240,-5,-20,-40,-30,5,20,15,3414,0.7,0.2,3.4999999999999996,0.4,18,61.09214571481334,38.88888888888889,-108.75982640226357
F60S90,60,90,360,-5,-30,-40,-30,10,20,15,501,0.7,0.2,3.4999999999999996,0.4,1,61.019879541338014,100.0,0.0
F60S90,60,90,360,-5,-30,-40,-30,10,20,15,501,0.7,0.2,3.4999999999999996,0.45,1,61.019879541338014,100.0,0.0
F60S90,60,90,360,-5,-20,-40,-30,10,15,10,862,0.65,0.35,1.8571428571428574,0.45,12,60.76708938847696,50.0,-107.63696564882048
F30S120,30,120,240,-5,-30,-40,-30,10,20,15,1366,0.55,0.25,2.2,0.45,10,60.68474138173406,30.0,-82.29622732061034
F30S120,30,120,240,-5,-20,-40,-20,5,15,15,882,0.6,0.25,2.4,0.4,5,60.52465813734398,60.0,-22.575341862654568
F30S120,30,120,240,-5,-20,-40,-30,10,20,10,1276,0.65,0.35,1.8571428571428574,0.4,2,60.214153875805096,100.0,0.0
F30S120,30,120,240,-5,-20,-40,-30,10,20,10,1276,0.65,0.25,2.6,0.4,2,60.214153875805096,100.0,0.0
F30S120,30,120,240,-5,-20,-40,-20,0,20,15,1499,0.6,0.3,2.0,0.4,17,59.05971544358499,47.05882352941176,-74.8927219989373
F60S90,60,90,360,-5,-30,-40,-30,0,20,10,610,0.6,0.3,2.0,0.45,5,59.00485057106289,60.0,-35.09149256506316
F30S120,30,120,240,-5,-30,-40,-30,0,15,15,1555,0.6,0.3,2.0,0.4,15,58.50458127218417,53.333333333333336,-136.80622990714073
F30S120,30,120,240,-5,-30,-40,-30,0,20,15,2241,0.7,0.2,3.4999999999999996,0.4,12,58.051618026518554,33.33333333333333,-98.97453946712994
F30S120,30,120,240,-5,-20,-60,-30,0,15,15,842,0.6,0.15,4.0,0.4,5,58.01028116868929,60.0,-38.05831506482173
F30S120,30,120,240,-5,-20,-40,-30,10,20,10,1276,0.65,0.25,2.6,0.45,1,57.70415387580488,100.0,0.0
F30S120,30,120,240,-5,-20,-40,-30,10,20,10,1276,0.65,0.35,1.8571428571428574,0.45,1,57.70415387580488,100.0,0.0
F15S60,15,60,360,-5,-20,-40,-20,0,20,15,5230,0.7,0.2,3.4999999999999996,0.4,95,57.59395521699298,34.73684210526316,-243.3167545301808
F30S120,30,120,240,-5,-20,-40,-20,0,20,15,1499,0.6,0.15,4.0,0.45,11,57.46911794845573,36.36363636363637,-50.27585322854611
F30S120,30,120,240,-5,-30,-40,-30,0,15,10,778,0.7,0.2,3.4999999999999996,0.4,6,57.41940530339889,50.0,-35.49686272715098
F60S90,60,90,360,-5,-20,-50,-30,5,15,15,1099,0.55,0.25,2.2,0.4,16,56.863255676254994,37.5,-115.69943365220661
F15S60,15,60,360,-5,-20,-50,-30,0,15,10,3266,0.6,0.15,4.0,0.45,50,56.61183207717386,28.000000000000004,-143.60635463376548
F60S90,60,90,360,-5,-20,-50,-30,5,15,15,1099,0.65,0.35,1.8571428571428574,0.4,16,56.17466363337098,50.0,-99.76737352184864
F30S120,30,120,240,0,-20,-40,-30,0,15,15,874,0.6,0.15,4.0,0.4,5,56.15175693964011,20.0,-43.430730125571245
F60S90,60,90,360,-5,-20,-50,-30,5,15,15,1099,0.65,0.25,2.6,0.4,14,55.849425899316884,35.714285714285715,-86.86762311362236
F30S120,30,120,240,-5,-30,-40,-30,0,15,10,778,0.55,0.25,2.2,0.4,5,55.602933106566525,60.0,-33.219999999999345
F60S90,60,90,360,-5,-20,-40,-30,5,20,10,1035,0.65,0.25,2.6,0.45,13,54.748355958960474,38.46153846153847,-89.8394300159689
F30S120,30,120,240,-5,-20,-40,-20,5,20,15,934,0.6,0.25,2.4,0.45,2,54.720000000000255,50.0,0.0
F30S120,30,120,240,-5,-20,-40,-20,5,20,15,934,0.6,0.3,2.0,0.45,2,54.720000000000255,50.0,0.0
F30S120,30,120,240,-5,-20,-40,-20,5,20,15,934,0.55,0.25,2.2,0.45,2,54.720000000000255,50.0,0.0
F30S120,30,120,240,-5,-20,-40,-30,5,15,15,3146,0.6,0.15,4.0,0.45,18,54.56377181340349,33.33333333333333,-122.11970083640335
F60S90,60,90,360,-5,-20,-40,-30,5,20,10,1035,0.6,0.15,4.0,0.45,14,54.412721749193224,42.857142857142854,-78.30435134450636
F60S90,60,90,360,-5,-20,-40,-30,5,20,10,1035,0.6,0.15,4.0,0.4,14,54.412721749193224,42.857142857142854,-78.30435134450636
F30S120,30,120,240,-5,-30,-50,-30,0,20,15,721,0.55,0.25,2.2,0.4,5,54.201734917758586,40.0,-21.98103326645014
F30S120,30,120,240,-5,-20,-60,-30,0,15,15,842,0.65,0.35,1.8571428571428574,0.4,4,53.76165096199202,75.0,-21.390000000000327
F30S120,30,120,240,-5,-20,-40,-30,10,15,10,972,0.6,0.15,4.0,0.4,1,53.52680577389492,100.0,0.0
F60S90,60,90,360,-5,-20,-50,-30,0,20,15,1944,0.6,0.3,2.0,0.4,25,52.42213136740247,36.0,-222.1437327039339
F15S60,15,60,360,-5,-20,-50,-30,5,15,15,5154,0.6,0.15,4.0,0.4,172,52.19352877613892,33.13953488372093,-465.83709701933367
F60S90,60,90,360,-5,-20,-50,-30,0,15,15,1599,0.6,0.25,2.4,0.45,12,51.42999912408595,33.33333333333333,-112.06033857349757
F15S60,15,60,360,-5,-30,-40,-30,10,15,15,4457,0.7,0.2,3.4999999999999996,0.45,75,51.238956329302255,37.333333333333336,-369.9211057452294
F60S90,60,90,360,-5,-20,-50,-30,0,15,15,1599,0.65,0.35,1.8571428571428574,0.4,13,50.57032496949523,30.76923076923077,-116.05787848768341
F30S120,30,120,240,-5,-20,-40,-30,0,15,10,2078,0.55,0.25,2.2,0.45,15,50.163280497484266,33.33333333333333,-44.104804703369155
F60S90,60,90,360,-5,-20,-40,-30,5,15,15,2211,0.6,0.3,2.0,0.45,57,49.74540420154153,36.84210526315789,-333.050093894959
F60S90,60,90,360,-5,-20,-60,-30,0,20,15,992,0.6,0.15,4.0,0.45,11,49.394755804464694,27.27272727272727,-69.77438665419231
F60S90,60,90,360,-5,-20,-60,-30,0,20,15,992,0.6,0.15,4.0,0.4,11,49.394755804464694,27.27272727272727,-69.77438665419231
F30S120,30,120,240,-5,-20,-40,-30,10,20,10,1276,0.6,0.3,2.0,0.4,3,49.05298320442489,66.66666666666666,0.0
F60S90,60,90,360,-5,-30,-40,-30,0,15,15,485,0.55,0.25,2.2,0.45,1,48.57777734256615,100.0,0.0
F30S120,30,120,240,-5,-20,-40,-20,0,20,15,1499,0.6,0.25,2.4,0.4,17,48.27525247128233,47.05882352941176,-87.8151120641528
F15S60,15,60,360,-5,-20,-40,-30,0,15,15,12484,0.7,0.2,3.4999999999999996,0.45,190,47.90064929554137,33.1578947368421,-692.5153901347544
F30S120,30,120,240,-5,-20,-50,-30,0,15,10,760,0.6,0.3,2.0,0.45,3,47.72974391219486,100.0,0.0
F60S90,60,90,360,-5,-20,-50,-30,0,20,10,908,0.6,0.15,4.0,0.4,8,47.63080364304369,37.5,-79.0293605511506
F15S60,15,60,360,-5,-20,-60,-30,5,20,15,2920,0.7,0.2,3.4999999999999996,0.4,39,47.45968559470157,25.64102564102564,-144.02152662701656
F30S120,30,120,240,-5,-20,-40,-20,0,20,15,1499,0.6,0.15,4.0,0.4,12,46.98956263059199,33.33333333333333,-60.75540854640985
F60S90,60,90,360,-5,-20,-50,-30,0,20,15,1944,0.6,0.15,4.0,0.4,13,46.83026834249131,30.76923076923077,-110.22444948426073
F15S60,15,60,360,-5,-20,-40,-20,5,15,15,3087,0.6,0.25,2.4,0.45,65,45.12937593710103,41.53846153846154,-314.2402720230648
F60S90,60,90,360,-5,-20,-50,-30,0,15,15,1599,0.65,0.25,2.6,0.45,11,43.73612558509103,36.36363636363637,-114.32236811014081
F15S60,15,60,360,-5,-20,-50,-30,0,15,10,3266,0.6,0.25,2.4,0.4,92,43.5528857811405,43.47826086956522,-474.8062679960444
F30S120,30,120,240,-5,-20,-40,-20,0,20,15,1499,0.65,0.25,2.6,0.4,13,43.224737885847844,53.84615384615385,-75.99183270415506
F30S120,30,120,240,-5,-20,-40,-30,5,15,15,3146,0.7,0.2,3.4999999999999996,0.45,12,43.178366370651474,33.33333333333333,-100.97519683591645
F60S90,60,90,360,-5,-20,-50,-30,0,15,15,1599,0.6,0.25,2.4,0.4,13,42.83734924083092,30.76923076923077,-113.02033857349761
F30S120,30,120,240,-5,-20,-60,-30,0,15,15,842,0.65,0.25,2.6,0.4,4,42.3233915009414,75.0,-32.82825946105095
F15S60,15,60,360,-5,-20,-40,-20,5,15,15,3087,0.65,0.35,1.8571428571428574,0.45,60,41.91060939671843,36.666666666666664,-349.4418562874671
F15S60,15,60,360,-5,-20,-40,-30,5,15,10,4103,0.6,0.25,2.4,0.45,109,41.07480784906784,44.95412844036697,-555.6890895044417
F30S120,30,120,240,-5,-20,-40,-30,0,15,10,2078,0.7,0.2,3.4999999999999996,0.45,5,40.491619849829476,20.0,-57.9159485143673
F60S90,60,90,360,-5,-20,-50,-30,0,20,10,908,0.65,0.25,2.6,0.4,11,40.424828828656246,45.45454545454545,-80.84268485473967
F60S90,60,90,360,-5,-20,-50,-30,10,15,15,682,0.65,0.25,2.6,0.45,6,40.23517102815731,50.0,-66.28482897184313
F60S90,60,90,360,-5,-20,-60,-30,5,20,15,607,0.6,0.15,4.0,0.4,4,40.127116390394804,50.0,-12.872132192021127
F60S90,60,90,360,-5,-20,-60,-30,5,20,15,607,0.6,0.15,4.0,0.45,4,40.127116390394804,50.0,-12.872132192021127
F30S120,30,120,240,-5,-20,-40,-30,5,20,15,3414,0.7,0.2,3.4999999999999996,0.45,15,39.15823621671143,33.33333333333333,-116.0598264022633
F60S90,60,90,360,-5,-20,-50,-30,10,20,15,763,0.6,0.25,2.4,0.4,10,38.978134896592564,40.0,-45.88509144022737
F60S90,60,90,360,-5,-20,-50,-30,10,20,15,763,0.6,0.25,2.4,0.45,10,38.978134896592564,40.0,-45.88509144022737
F15S60,15,60,360,-5,-20,-50,-30,10,15,15,3927,0.65,0.25,2.6,0.45,91,38.43571321570198,31.868131868131865,-276.20110794623815
F60S90,60,90,360,-5,-20,-40,-30,10,20,10,1205,0.6,0.15,4.0,0.4,17,38.233192862202486,35.294117647058826,-94.04828476915918
F15S60,15,60,360,-5,-20,-50,-30,0,20,15,8170,0.6,0.15,4.0,0.45,177,38.175591492804415,28.8135593220339,-372.75142074502855
F60S90,60,90,360,-5,-20,-50,-30,5,20,15,1160,0.6,0.15,4.0,0.45,9,38.13237218915583,44.44444444444444,-96.12148867727319
F60S90,60,90,360,-5,-20,-50,-30,5,15,15,1099,0.7,0.2,3.4999999999999996,0.45,6,37.976039273900824,33.33333333333333,-49.77193457769681
F60S90,60,90,360,-5,-20,-40,-30,5,15,15,2211,0.7,0.2,3.4999999999999996,0.4,26,37.78427256845771,26.923076923076923,-134.6559644819863
F30S120,30,120,240,-5,-20,-50,-30,0,15,15,1973,0.55,0.25,2.2,0.45,23,37.71961057170802,34.78260869565217,-130.4836996460317
F60S90,60,90,360,-5,-20,-60,-30,5,20,15,607,0.65,0.25,2.6,0.4,5,36.99881719566565,40.0,-42.90710730673891
F30S120,30,120,240,-5,-30,-40,-30,10,20,10,743,0.55,0.25,2.2,0.4,2,36.1899999999996,100.0,0.0
F30S120,30,120,240,-5,-20,-50,-30,0,15,10,760,0.6,0.3,2.0,0.4,5,35.94473459363053,80.0,-39.06500931856408
F30S120,30,120,240,-5,-20,-40,-30,0,15,10,2078,0.55,0.25,2.2,0.4,18,35.409737446497275,33.33333333333333,-56.20374006082875
F30S120,30,120,240,-5,-20,-50,-30,5,15,15,1458,0.55,0.25,2.2,0.4,9,35.22507226125799,44.44444444444444,-69.25225862874413
F30S120,30,120,240,-5,-20,-40,-20,0,20,15,1499,0.65,0.35,1.8571428571428574,0.4,13,35.21663450065671,53.84615384615385,-83.59496491234495
F30S120,30,120,240,-5,-20,-40,-30,5,20,10,1400,0.7,0.2,3.4999999999999996,0.4,5,35.16793468434753,60.0,-47.825551956203526
F30S120,30,120,240,-5,-20,-40,-30,0,20,10,2894,0.65,0.35,1.8571428571428574,0.45,13,35.12164396062781,46.15384615384615,-97.58935980665865
F30S120,30,120,240,-5,-20,-40,-20,0,15,15,1239,0.6,0.25,2.4,0.4,5,34.63466839649618,60.0,-38.597660679211
F30S120,30,120,240,-5,-20,-40,-30,0,20,15,5302,0.7,0.2,3.4999999999999996,0.4,25,33.633743942737965,36.0,-126.19302622332907
F60S90,60,90,360,-5,-20,-40,-30,0,15,10,1736,0.6,0.15,4.0,0.45,14,33.11466975104986,35.714285714285715,-120.91109195841364
F30S120,30,120,240,-5,-20,-40,-30,5,20,10,1400,0.7,0.2,3.4999999999999996,0.45,3,32.28444804379615,66.66666666666666,0.0
F30S120,30,120,240,-5,-20,-40,-30,5,15,10,1239,0.7,0.2,3.4999999999999996,0.45,3,31.66165828398971,66.66666666666666,0.0
F30S120,30,120,240,-5,-20,-40,-30,5,15,10,1239,0.7,0.2,3.4999999999999996,0.4,3,31.66165828398971,66.66666666666666,0.0
F60S90,60,90,360,-5,-20,-50,-30,0,15,15,1599,0.6,0.3,2.0,0.4,12,31.179675647468684,25.0,-134.97615355888865
F30S120,30,120,240,-5,-30,-40,-30,10,15,15,1067,0.7,0.2,3.4999999999999996,0.4,7,30.955540088600173,42.857142857142854,-63.26786127514333
F60S90,60,90,360,-5,-20,-50,-30,0,20,15,1944,0.6,0.15,4.0,0.45,10,29.35258286817725,30.0,-91.63376784314187
F60S90,60,90,360,-5,-20,-40,-30,5,15,10,884,0.55,0.25,2.2,0.4,21,28.975691182542505,42.857142857142854,-179.84438609663994
F60S90,60,90,360,-5,-20,-60,-30,0,20,15,992,0.6,0.3,2.0,0.45,9,28.626479571956224,33.33333333333333,-51.658001360559865
F15S60,15,60,360,-5,-20,-50,-30,5,20,15,5359,0.55,0.25,2.2,0.4,220,28.39472355474618,40.0,-691.4287133201224
F60S90,60,90,360,-5,-20,-40,-30,5,20,15,2440,0.6,0.3,2.0,0.45,47,28.30726819024676,38.297872340425535,-193.24021072272626
F30S120,30,120,240,-5,-20,-50,-30,0,15,15,1973,0.55,0.25,2.2,0.4,26,28.23404921599331,34.61538461538461,-129.45369964603105
F30S120,30,120,240,-5,-20,-60,-30,0,15,15,842,0.65,0.25,2.6,0.45,2,27.76000000000022,100.0,0.0
F30S120,30,120,240,-5,-20,-60,-30,0,15,15,842,0.65,0.35,1.8571428571428574,0.45,2,27.76000000000022,100.0,0.0
F30S120,30,120,240,-5,-20,-50,-30,5,15,15,1458,0.6,0.15,4.0,0.4,4,27.72236348385104,25.0,-36.10852799668737
F30S120,30,120,240,-5,-20,-50,-30,5,15,15,1458,0.6,0.15,4.0,0.45,4,27.72236348385104,25.0,-36.10852799668737
F60S90,60,90,360,-5,-30,-40,-30,0,15,15,485,0.55,0.25,2.2,0.4,2,27.706212708312705,50.0,0.0
F15S60,15,60,360,-5,-20,-50,-30,10,20,15,4180,0.6,0.15,4.0,0.45,98,27.102503506958328,27.55102040816326,-324.5495787068785
F60S90,60,90,360,-5,-20,-60,-30,5,15,15,588,0.7,0.2,3.4999999999999996,0.45,3,26.89824097331166,33.33333333333333,-17.626375124737024
F60S90,60,90,360,-5,-20,-60,-30,0,15,15,854,0.7,0.2,3.4999999999999996,0.4,6,26.36951958966165,33.33333333333333,-34.45680340384024
F15S60,15,60,360,-5,-30,-40,-30,0,20,10,4477,0.6,0.25,2.4,0.45,113,25.809694287793718,40.707964601769916,-558.0324733655943
F15S60,15,60,360,-5,-20,-40,-30,5,15,15,8690,0.6,0.15,4.0,0.45,205,25.763882700917748,31.21951219512195,-475.8863854187939
F60S90,60,90,360,-5,-20,-60,-30,0,20,15,992,0.55,0.25,2.2,0.4,14,25.48790549878504,42.857142857142854,-52.11341446210008
F60S90,60,90,360,-5,-20,-50,-30,5,20,15,1160,0.65,0.35,1.8571428571428574,0.4,10,25.18125270874134,40.0,-57.33000000000084
F60S90,60,90,360,-5,-20,-50,-30,5,15,15,1099,0.65,0.25,2.6,0.45,10,24.91699490767496,30.0,-82.17762311362185
F30S120,30,120,240,-5,-20,-40,-30,0,15,10,2078,0.7,0.2,3.4999999999999996,0.4,7,24.742724148008165,14.285714285714285,-73.66484421618861
F30S120,30,120,240,-5,-20,-60,-30,0,15,15,842,0.6,0.15,4.0,0.45,3,24.539183672900435,66.66666666666666,-19.69695567663075
F60S90,60,90,360,-5,-20,-50,-30,10,20,15,763,0.6,0.3,2.0,0.45,5,24.213930592653924,40.0,-51.641552410799704
F30S120,30,120,240,-5,-20,-40,-20,0,15,15,1239,0.6,0.3,2.0,0.4,5,23.96360207579528,60.0,-46.317192815053204
F30S120,30,120,240,-5,-20,-40,-30,0,15,15,4297,0.7,0.2,3.4999999999999996,0.4,20,23.91133605113737,30.0,-138.88465874951453
F60S90,60,90,360,-5,-20,-50,-30,5,20,15,1160,0.65,0.35,1.8571428571428574,0.45,8,23.36125270874163,37.5,-57.33000000000084
F30S120,30,120,240,-5,-20,-40,-30,0,20,15,5302,0.7,0.2,3.4999999999999996,0.45,23,23.167614142194452,34.78260869565217,-115.78915602387224
F15S60,15,60,360,-5,-20,-50,-30,5,20,15,5359,0.6,0.15,4.0,0.4,168,22.806251464069646,28.57142857142857,-475.2674064276566
F15S60,15,60,360,-5,-20,-40,-20,0,20,15,5230,0.65,0.25,2.6,0.4,132,22.7822009525662,43.18181818181818,-650.7949582650826
F15S60,15,60,360,-5,-20,-60,-30,0,15,15,3958,0.7,0.2,3.4999999999999996,0.45,42,22.755943720629148,30.952380952380953,-174.7856575426099
F60S90,60,90,360,-5,-20,-50,-30,5,15,15,1099,0.7,0.2,3.4999999999999996,0.4,7,21.699627234294894,28.57142857142857,-49.77193457769681
F15S60,15,60,360,-5,-20,-40,-20,10,20,15,2805,0.55,0.25,2.2,0.45,90,21.383927882939133,44.44444444444444,-323.434327729482
F60S90,60,90,360,-5,-20,-50,-30,5,20,15,1160,0.7,0.2,3.4999999999999996,0.4,8,21.326497502524944,37.5,-72.89189626107145
F30S120,30,120,240,-5,-30,-40,-30,0,20,15,2241,0.6,0.15,4.0,0.45,12,20.886615374537087,33.33333333333333,-168.11473760313766
F60S90,60,90,360,-5,-20,-50,-30,0,20,15,1944,0.55,0.25,2.2,0.4,20,20.419887705575093,35.0,-100.37056062865122
F60S90,60,90,360,-5,-20,-50,-30,5,20,15,1160,0.55,0.25,2.2,0.45,14,19.908874502349136,35.714285714285715,-130.4348703263404
F30S120,30,120,240,-5,-20,-60,-30,0,20,15,932,0.6,0.15,4.0,0.4,5,19.51231871312484,60.0,-17.9682628721348
F15S60,15,60,360,-5,-20,-50,-30,10,20,15,4180,0.55,0.25,2.2,0.45,159,18.853690096318132,41.509433962264154,-466.76628015150254
F30S120,30,120,240,-5,-20,-40,-20,0,20,15,1499,0.65,0.25,2.6,0.45,11,18.646452590846366,54.54545454545454,-75.99183270415506
F15S60,15,60,360,-5,-30,-40,-30,5,15,15,4440,0.65,0.25,2.6,0.4,134,18.389274273432875,43.28358208955223,-810.7332174518119
F15S60,15,60,360,-5,-30,-40,-30,5,15,15,4440,0.7,0.2,3.4999999999999996,0.4,97,18.150797326364227,36.08247422680412,-423.6173791542051
F15S60,15,60,360,-5,-20,-50,-30,0,15,10,3266,0.65,0.35,1.8571428571428574,0.4,82,18.091977532883902,42.68292682926829,-384.4482317728439
F60S90,60,90,360,-5,-20,-40,-30,5,15,10,884,0.65,0.25,2.6,0.4,15,17.204193275943,33.33333333333333,-72.7745783197588
F30S120,30,120,240,-5,-20,-50,-30,0,20,15,2299,0.6,0.3,2.0,0.45,13,16.813143408412998,23.076923076923077,-123.456439949583
F30S120,30,120,240,-5,-30,-40,-30,10,20,10,743,0.55,0.25,2.2,0.45,1,16.169999999999163,100.0,0.0
F30S120,30,120,240,-5,-20,-40,-30,5,15,15,3146,0.6,0.15,4.0,0.4,22,15.483426806861189,31.818181818181817,-129.2210381061259
F30S120,30,120,240,-5,-20,-40,-30,5,15,10,1239,0.65,0.25,2.6,0.45,4,15.3700000000008,75.0,0.0
F30S120,30,120,240,-5,-20,-40,-30,5,15,10,1239,0.65,0.35,1.8571428571428574,0.4,4,15.3700000000008,75.0,0.0
F30S120,30,120,240,-5,-20,-40,-30,5,15,10,1239,0.65,0.25,2.6,0.4,4,15.3700000000008,75.0,0.0
F30S120,30,120,240,-5,-20,-40,-30,5,15,10,1239,0.65,0.35,1.8571428571428574,0.45,4,15.3700000000008,75.0,0.0
F30S120,30,120,240,-5,-20,-60,-30,0,15,15,842,0.55,0.25,2.2,0.4,3,15.174826015930194,66.66666666666666,-32.82825946105095
F30S120,30,120,240,-5,-20,-60,-30,0,15,15,842,0.55,0.25,2.2,0.45,3,15.174826015930194,66.66666666666666,-32.82825946105095
F15S60,15,60,360,-5,-20,-50,-30,0,20,15,8170,0.7,0.2,3.4999999999999996,0.4,171,15.14066031966422,32.748538011695906,-490.1864092325918
F60S90,60,90,360,-5,-30,-40,-30,0,15,15,485,0.6,0.25,2.4,0.4,1,14.569999999999709,100.0,0.0
F60S90,60,90,360,-5,-30,-40,-30,0,15,15,485,0.6,0.3,2.0,0.4,1,14.569999999999709,100.0,0.0
F30S120,30,120,240,-5,-20,-40,-30,5,15,10,1239,0.6,0.15,4.0,0.4,5,14.266973229073301,40.0,-60.456358810860365
F60S90,60,90,360,-5,-20,-50,-30,0,15,15,1599,0.65,0.25,2.6,0.4,13,14.002412139895569,30.76923076923077,-161.25318101522407
F60S90,60,90,360,-5,-20,-40,-30,5,20,10,1035,0.65,0.35,1.8571428571428574,0.45,13,13.98215104860401,38.46153846153847,-98.63442048529578
F15S60,15,60,360,-5,-20,-40,-20,10,20,15,2805,0.6,0.3,2.0,0.4,78,13.416122324301341,50.0,-397.47513457963305
F30S120,30,120,240,0,-20,-40,-30,0,20,15,1063,0.6,0.15,4.0,0.45,10,13.012351532972843,20.0,-90.81077636557075
F30S120,30,120,240,0,-20,-40,-30,0,20,15,1063,0.6,0.15,4.0,0.4,10,13.012351532972843,20.0,-90.81077636557075
F60S90,60,90,360,-5,-20,-60,-30,5,20,15,607,0.65,0.35,1.8571428571428574,0.4,4,12.811031526490297,50.0,-30.03497511471687
F60S90,60,90,360,-5,-20,-60,-30,5,20,15,607,0.65,0.35,1.8571428571428574,0.45,4,12.811031526490297,50.0,-30.03497511471687
F15S60,15,60,360,-5,-20,-40,-20,10,20,15,2805,0.6,0.3,2.0,0.45,63,12.415398867471595,47.61904761904761,-357.3439805642074
F60S90,60,90,360,-5,-30,-40,-30,0,15,15,485,0.65,0.25,2.6,0.45,1,12.38000000000011,100.0,0.0
F60S90,60,90,360,-5,-30,-40,-30,0,15,15,485,0.65,0.35,1.8571428571428574,0.45,1,12.38000000000011,100.0,0.0
F30S120,30,120,240,-5,-20,-40,-20,5,15,15,882,0.7,0.2,3.4999999999999996,0.4,3,12.279999999998836,66.66666666666666,-13.670000000000073
F60S90,60,90,360,-5,-20,-60,-30,5,20,15,607,0.55,0.25,2.2,0.4,7,11.966763637389704,42.857142857142854,-27.549507285220898
F60S90,60,90,360,-5,-30,-40,-30,0,15,15,485,0.65,0.35,1.8571428571428574,0.4,1,11.86999999999989,100.0,0.0
F60S90,60,90,360,-5,-30,-40,-30,0,15,15,485,0.65,0.25,2.6,0.4,1,11.86999999999989,100.0,0.0
F60S90,60,90,360,-5,-30,-40,-30,0,15,15,485,0.7,0.2,3.4999999999999996,0.45,1,11.25,100.0,0.0
F60S90,60,90,360,-5,-30,-40,-30,0,15,15,485,0.7,0.2,3.4999999999999996,0.4,1,11.25,100.0,0.0
F30S120,30,120,240,-5,-20,-40,-30,0,15,10,2078,0.65,0.25,2.6,0.45,12,11.074733179669238,41.66666666666667,-97.16963756255336
F60S90,60,90,360,-5,-20,-50,-30,0,20,15,1944,0.6,0.25,2.4,0.45,19,10.85759333703345,31.57894736842105,-182.63142359990707
F60S90,60,90,360,-5,-20,-60,-30,5,15,15,588,0.65,0.35,1.8571428571428574,0.4,5,10.854551620075654,60.0,-30.043469467426803
F30S120,30,120,240,-5,-20,-50,-30,5,20,15,1521,0.7,0.2,3.4999999999999996,0.45,3,10.733840182403583,33.33333333333333,-48.38419474420607
F60S90,60,90,360,-5,-20,-40,-20,0,20,15,585,0.55,0.25,2.2,0.4,6,9.618202127560835,33.33333333333333,-31.412480705216694
F60S90,60,90,360,-5,-20,-40,-20,0,20,15,585,0.55,0.25,2.2,0.45,6,9.618202127560835,33.33333333333333,-31.412480705216694
F15S60,15,60,360,-5,-20,-40,-30,5,20,10,4446,0.55,0.25,2.2,0.4,195,9.085221692052983,44.1025641025641,-499.32260241506856
F30S120,30,120,240,-5,-20,-50,-30,5,20,15,1521,0.7,0.2,3.4999999999999996,0.4,4,8.873840182403455,25.0,-50.2441947442062
F15S60,15,60,360,-5,-20,-40,-20,0,15,15,4625,0.65,0.35,1.8571428571428574,0.45,95,8.691951626660739,46.31578947368421,-551.6446602407636
F30S120,30,120,240,-5,-20,-40,-20,5,20,15,934,0.7,0.2,3.4999999999999996,0.4,2,8.640000000000327,50.0,0.0
F30S120,30,120,240,-5,-20,-40,-20,5,20,15,934,0.7,0.2,3.4999999999999996,0.45,2,8.640000000000327,50.0,0.0
F15S60,15,60,360,-5,-20,-40,-20,5,20,15,3263,0.6,0.15,4.0,0.45,60,8.045673061859816,41.66666666666667,-268.1590902512221
F60S90,60,90,360,-5,-20,-50,-30,5,20,15,1160,0.65,0.25,2.6,0.4,12,7.621300130061172,33.33333333333333,-90.7068156726682
F30S120,30,120,240,-5,-30,-40,-30,0,15,15,1555,0.55,0.25,2.2,0.4,9,7.051640628848872,33.33333333333333,-99.10416406506374
F30S120,30,120,240,-5,-30,-40,-30,0,15,15,1555,0.55,0.25,2.2,0.45,9,6.971640628848945,33.33333333333333,-99.10416406506374
F30S120,30,120,240,-5,-20,-40,-20,0,20,15,1499,0.65,0.35,1.8571428571428574,0.45,11,6.926634500657656,54.54545454545454,-83.59496491234495
F60S90,60,90,360,-5,-20,-60,-30,5,20,15,607,0.65,0.25,2.6,0.45,3,5.812892693261347,33.33333333333333,-42.90710730673891
F60S90,60,90,360,-5,-20,-40,-30,0,15,10,1736,0.6,0.15,4.0,0.4,20,5.27492899078743,30.0,-159.1508327186766
F30S120,30,120,240,-5,-20,-50,-30,0,20,10,993,0.6,0.3,2.0,0.4,2,4.279999999999745,100.0,0.0
F30S120,30,120,240,-5,-30,-40,-30,0,15,15,1555,0.6,0.25,2.4,0.45,11,3.9906892132612484,45.45454545454545,-137.14049624384916
F30S120,30,120,240,-5,-20,-50,-30,0,20,10,993,0.6,0.3,2.0,0.45,1,3.7899999999999636,100.0,0.0
F30S120,30,120,240,-5,-20,-40,-30,10,15,10,972,0.55,0.25,2.2,0.45,3,3.719015168995611,33.33333333333333,-39.42999999999938
F60S90,60,90,360,-5,-20,-50,-30,0,20,15,1944,0.65,0.35,1.8571428571428574,0.4,21,3.417148075417117,28.57142857142857,-262.33950308428484
F30S120,30,120,240,-5,-30,-40,-30,0,15,10,778,0.7,0.2,3.4999999999999996,0.45,3,3.377248485520795,66.66666666666666,0.0
F60S90,60,90,360,-5,-20,-60,-30,5,15,15,588,0.6,0.15,4.0,0.4,3,2.6286250019302315,33.33333333333333,-12.875772628897721
F60S90,60,90,360,-5,-20,-50,-30,5,20,15,1160,0.55,0.25,2.2,0.4,19,1.7832038678952813,36.84210526315789,-145.44906018860183
F30S120,30,120,240,-5,-20,-50,-30,0,20,15,2299,0.6,0.15,4.0,0.4,12,1.773597395370416,25.0,-66.15098883931023
F30S120,30,120,240,-5,-20,-50,-30,0,20,15,2299,0.6,0.15,4.0,0.45,12,1.773597395370416,25.0,-66.15098883931023
F30S120,30,120,240,-5,-20,-40,-30,5,20,15,3414,0.55,0.25,2.2,0.4,43,1.3691959844154553,44.18604651162791,-142.94270466480975
F30S120,30,120,240,-5,-20,-40,-30,5,20,10,1400,0.6,0.25,2.4,0.4,7,1.2654326857809792,57.14285714285714,-54.536425614907785
F60S90,60,90,360,-5,-20,-50,-30,5,15,15,1099,0.6,0.25,2.4,0.45,11,1.0455688572437793,36.36363636363637,-120.68954150294121
F60S90,60,90,360,-5,-20,-60,-30,0,20,15,992,0.7,0.2,3.4999999999999996,0.45,6,0.9484075218269936,33.33333333333333,-56.73153345340961
F30S120,30,120,240,-5,-20,-40,-30,5,20,10,1400,0.6,0.25,2.4,0.45,7,0.9454326857812703,57.14285714285714,-55.07642561490775
F15S60,15,60,360,-5,-20,-40,-30,10,20,10,4108,0.6,0.15,4.0,0.45,65,0.5768126247526197,35.38461538461539,-345.59524028845726
F15S60,15,60,360,-5,-30,-40,-30,0,15,10,3358,0.6,0.15,4.0,0.4,67,0.40837607809771725,32.83582089552239,-231.29094893069987
F15S60,15,60,360,-5,-20,-40,-30,5,20,10,4446,0.65,0.25,2.6,0.4,138,0.3305349481238409,40.57971014492754,-701.8904830854863
F30S120,30,120,240,-5,-20,-60,-30,0,20,15,932,0.7,0.2,3.4999999999999996,0.45,1,0.32999999999992724,100.0,0.0
F30S120,30,120,240,-5,-20,-60,-30,0,20,15,932,0.7,0.2,3.4999999999999996,0.4,1,0.32999999999992724,100.0,0.0
F60S90,60,90,360,-5,-20,-50,-30,0,20,10,908,0.6,0.15,4.0,0.45,6,0.04849409166672558,33.33333333333333,-79.0293605511506
F60S90,60,90,360,-5,-20,-50,-30,0,20,10,908,0.55,0.25,2.2,0.4,19,-0.40959758854387474,42.10526315789473,-221.24340137787567
F30S120,30,120,240,0,-20,-40,-30,5,15,15,710,0.55,0.25,2.2,0.45,2,-2.219999999999345,50.0,-2.819999999999709
F15S60,15,60,360,-5,-30,-50,-30,0,20,15,3301,0.7,0.2,3.4999999999999996,0.45,62,-3.1393144793655665,37.096774193548384,-193.06502259938725
F15S60,15,60,360,-5,-30,-40,-30,10,15,15,4457,0.65,0.35,1.8571428571428574,0.45,105,-3.493138639530116,42.857142857142854,-602.6632704651147
F30S120,30,120,240,-5,-20,-50,-30,0,15,15,1973,0.6,0.15,4.0,0.4,12,-3.6433774846032065,16.666666666666664,-104.6450757341513
F15S60,15,60,360,-5,-20,-50,-30,10,15,15,3927,0.6,0.25,2.4,0.4,134,-4.002762876475117,39.55223880597015,-596.1856594715578
F30S120,30,120,240,-5,-20,-50,-30,5,20,15,1521,0.6,0.15,4.0,0.45,6,-5.216097635674032,16.666666666666664,-54.05058536569595
F60S90,60,90,360,-5,-30,-40,-30,10,20,15,501,0.55,0.25,2.2,0.45,3,-5.6628141219061945,66.66666666666666,-21.792814121906304
F60S90,60,90,360,-5,-30,-40,-30,10,20,15,501,0.55,0.25,2.2,0.4,3,-5.6628141219061945,66.66666666666666,-21.792814121906304
F60S90,60,90,360,-5,-20,-60,-30,0,20,15,992,0.6,0.3,2.0,0.4,12,-5.735144992864662,33.33333333333333,-84.73628609096158
F15S60,15,60,360,-5,-20,-40,-20,10,20,15,2805,0.65,0.35,1.8571428571428574,0.4,70,-6.020389508596509,45.714285714285715,-336.0521727483738
F15S60,15,60,360,-5,-20,-60,-30,5,20,15,2920,0.7,0.2,3.4999999999999996,0.45,30,-6.183681055312263,23.333333333333332,-118.57032681484134
F30S120,30,120,240,-5,-20,-60,-30,0,20,15,932,0.65,0.25,2.6,0.45,3,-6.239262940452136,66.66666666666666,0.0
F30S120,30,120,240,-5,-20,-40,-30,5,20,10,1400,0.6,0.3,2.0,0.4,7,-6.328554929510574,57.14285714285714,-58.74878489033745
F30S120,30,120,240,-5,-20,-40,-30,5,20,10,1400,0.65,0.35,1.8571428571428574,0.45,6,-6.351398379033526,50.0,-36.159999999999854
F15S60,15,60,360,-5,-20,-40,-20,10,20,15,2805,0.6,0.25,2.4,0.4,88,-6.372583699328061,40.909090909090914,-242.09458508039825
F30S120,30,120,240,-5,-20,-60,-30,0,20,15,932,0.6,0.25,2.4,0.4,3,-6.39926294045199,66.66666666666666,0.0
F30S120,30,120,240,-5,-20,-60,-30,0,20,15,932,0.6,0.25,2.4,0.45,3,-6.39926294045199,66.66666666666666,0.0
F30S120,30,120,240,-5,-20,-40,-30,0,20,10,2894,0.7,0.2,3.4999999999999996,0.4,10,-6.468478734973814,50.0,-109.64332645037211
F15S60,15,60,360,-5,-20,-60,-30,0,20,15,4303,0.65,0.35,1.8571428571428574,0.45,89,-6.581730451972817,38.20224719101123,-505.00066024520856
F30S120,30,120,240,-5,-20,-40,-30,5,20,10,1400,0.6,0.3,2.0,0.45,7,-6.648554929510283,57.14285714285714,-59.28878489033741
F60S90,60,90,360,-5,-20,-50,-30,0,20,10,908,0.7,0.2,3.4999999999999996,0.45,3,-7.015478468005313,33.33333333333333,-15.64276763196085
F15S60,15,60,360,-5,-30,-40,-30,0,20,10,4477,0.6,0.15,4.0,0.4,98,-7.068315914130835,28.57142857142857,-304.7956309857873
F15S60,15,60,360,-5,-30,-40,-30,10,15,15,4457,0.6,0.3,2.0,0.45,116,-7.240758588882727,43.103448275862064,-496.80905011463983
F60S90,60,90,360,-5,-20,-50,-30,0,15,10,635,0.55,0.25,2.2,0.45,6,-7.290191588544985,50.0,-49.800191588544294
F60S90,60,90,360,-5,-20,-50,-30,0,15,10,635,0.55,0.25,2.2,0.4,7,-7.310191588545422,42.857142857142854,-49.82019158854473
F30S120,30,120,240,-5,-20,-40,-20,0,20,15,1499,0.6,0.3,2.0,0.45,16,-7.360284556415081,43.75,-74.8927219989373
F60S90,60,90,360,-5,-20,-60,-30,5,15,15,588,0.55,0.25,2.2,0.45,5,-7.926950666575067,40.0,-27.549507285220898
F30S120,30,120,240,-5,-20,-50,-30,5,20,15,1521,0.6,0.15,4.0,0.4,7,-8.036097635673741,14.285714285714285,-56.87058536569566
F60S90,60,90,360,-5,-20,-40,-30,10,15,10,862,0.6,0.15,4.0,0.45,7,-8.24945929819387,28.57142857142857,-72.12177805273222
F60S90,60,90,360,-5,-20,-40,-30,10,15,10,862,0.6,0.15,4.0,0.4,7,-8.24945929819387,28.57142857142857,-72.12177805273222
F60S90,60,90,360,-5,-20,-60,-30,0,20,15,992,0.55,0.25,2.2,0.45,9,-8.25832199609522,33.33333333333333,-39.7744689830206
F30S120,30,120,240,-5,-20,-40,-20,5,15,15,882,0.7,0.2,3.4999999999999996,0.45,2,-9.400000000000546,50.0,-13.670000000000073
F60S90,60,90,360,-5,-20,-40,-20,0,20,15,585,0.65,0.35,1.8571428571428574,0.4,6,-9.569265974039808,33.33333333333333,-42.788574848807
F30S120,30,120,240,-5,-20,-60,-30,0,20,15,932,0.6,0.3,2.0,0.45,3,-10.31111552854236,66.66666666666666,0.0
F30S120,30,120,240,-5,-20,-60,-30,0,20,15,932,0.6,0.3,2.0,0.4,3,-10.31111552854236,66.66666666666666,0.0
F30S120,30,120,240,-5,-20,-40,-30,5,15,10,1239,0.6,0.15,4.0,0.45,3,-10.376358810860438,33.33333333333333,-36.33625628700702
F30S120,30,120,240,-5,-30,-40,-30,5,20,15,1334,0.7,0.2,3.4999999999999996,0.45,9,-10.62223653056708,44.44444444444444,-108.14223653056706
F30S120,30,120,240,-5,-30,-40,-30,0,15,15,1555,0.6,0.3,2.0,0.45,11,-11.49949951533199,45.45454545454545,-136.80622990714073
F30S120,30,120,240,-5,-20,-40,-20,0,15,15,1239,0.7,0.2,3.4999999999999996,0.4,1,-11.80613673943435,0.0,0.0
F60S90,60,90,360,-5,-30,-40,-30,10,20,15,501,0.6,0.15,4.0,0.45,1,-12.372012326182812,0.0,0.0
F60S90,60,90,360,-5,-30,-40,-30,10,20,15,501,0.6,0.15,4.0,0.4,1,-12.372012326182812,0.0,0.0
F60S90,60,90,360,-5,-20,-60,-30,5,15,15,588,0.6,0.15,4.0,0.45,1,-12.875772628897721,0.0,0.0
F15S60,15,60,360,-5,-20,-40,-30,0,15,10,7138,0.6,0.15,4.0,0.45,143,-13.047497979528998,32.16783216783217,-414.27933868002174
F60S90,60,90,360,-5,-20,-60,-30,0,20,15,992,0.7,0.2,3.4999999999999996,0.4,7,-13.165959476315948,28.57142857142857,-70.84590045155255
F60S90,60,90,360,-5,-30,-40,-30,0,15,15,485,0.6,0.15,4.0,0.45,1,-13.248484729791016,0.0,0.0
F60S90,60,90,360,-5,-30,-40,-30,0,15,15,485,0.6,0.15,4.0,0.4,1,-13.248484729791016,0.0,0.0
F30S120,30,120,240,-5,-20,-40,-30,10,15,10,972,0.6,0.25,2.4,0.4,6,-13.422531153426462,33.33333333333333,-68.79441286281417
F60S90,60,90,360,-5,-20,-50,-30,0,20,15,1944,0.7,0.2,3.4999999999999996,0.45,6,-13.549881024191563,33.33333333333333,-74.57618142420142
F30S120,30,120,240,0,-20,-40,-30,5,15,15,710,0.6,0.15,4.0,0.4,4,-13.667995269799576,25.0,-14.26799526979994
F30S120,30,120,240,-5,-30,-40,-30,5,15,15,1133,0.6,0.15,4.0,0.45,9,-13.904011240018917,33.33333333333333,-83.11131844135798
F30S120,30,120,240,-5,-20,-60,-30,0,20,15,932,0.65,0.35,1.8571428571428574,0.45,3,-14.062968116632874,66.66666666666666,0.0
F60S90,60,90,360,0,-20,-40,-30,0,20,15,556,0.6,0.3,2.0,0.4,2,-14.08199909526411,50.0,0.0
F30S120,30,120,240,0,-20,-40,-30,5,15,15,710,0.6,0.15,4.0,0.45,3,-14.26799526979994,0.0,-4.050000000000182
F30S120,30,120,240,0,-20,-40,-30,5,20,15,797,0.7,0.2,3.4999999999999996,0.45,2,-14.8168649041545,0.0,-1.230000000000473
F30S120,30,120,240,0,-20,-40,-30,5,15,15,710,0.7,0.2,3.4999999999999996,0.4,2,-14.853993693066514,0.0,-1.230000000000473
F30S120,30,120,240,0,-20,-40,-30,5,15,15,710,0.7,0.2,3.4999999999999996,0.45,2,-14.853993693066514,0.0,-1.230000000000473
F60S90,60,90,360,0,-20,-40,-30,0,20,15,556,0.6,0.3,2.0,0.45,2,-14.95199909526309,50.0,0.0
F30S120,30,120,240,-5,-20,-40,-30,10,20,10,1276,0.7,0.2,3.4999999999999996,0.45,1,-15.439258709272508,0.0,0.0
F60S90,60,90,360,-5,-20,-50,-30,0,20,15,1944,0.55,0.25,2.2,0.45,14,-16.12297349741675,28.57142857142857,-100.86640786220687
F60S90,60,90,360,-5,-20,-50,-30,10,15,15,682,0.6,0.25,2.4,0.45,6,-16.43974610058467,33.33333333333333,-41.96450837235352
F15S60,15,60,360,0,-20,-40,-30,0,20,15,3339,0.6,0.3,2.0,0.45,53,-16.854172214343635,49.056603773584904,-313.55395203579064
F30S120,30,120,240,0,-20,-40,-30,5,20,15,797,0.6,0.25,2.4,0.45,4,-16.960000000000946,25.0,-19.76000000000022
F30S120,30,120,240,0,-20,-40,-30,5,20,15,797,0.6,0.3,2.0,0.45,4,-16.960000000000946,25.0,-19.76000000000022
F15S60,15,60,360,-5,-20,-50,-30,0,15,10,3266,0.65,0.35,1.8571428571428574,0.45,55,-17.11092231393559,40.0,-328.0304905149551
F60S90,60,90,360,-5,-20,-60,-30,5,20,15,607,0.7,0.2,3.4999999999999996,0.45,1,-17.162842922694836,0.0,0.0
F60S90,60,90,360,-5,-20,-50,-30,5,20,15,1160,0.65,0.25,2.6,0.45,11,-17.208699869938755,27.27272727272727,-115.41681567266824
F30S120,30,120,240,-5,-20,-40,-30,5,20,10,1400,0.65,0.35,1.8571428571428574,0.4,7,-17.471398379033417,42.857142857142854,-44.39999999999873
F60S90,60,90,360,0,-20,-40,-30,0,20,15,556,0.7,0.2,3.4999999999999996,0.45,1,-18.141332730175236,0.0,0.0
F60S90,60,90,360,0,-20,-40,-30,0,20,15,556,0.7,0.2,3.4999999999999996,0.4,1,-18.141332730175236,0.0,0.0
F30S120,30,120,240,-5,-20,-40,-20,0,20,15,1499,0.6,0.25,2.4,0.45,16,-18.144747528717744,43.75,-87.8151120641528
F30S120,30,120,240,0,-20,-40,-30,5,20,15,797,0.6,0.3,2.0,0.4,4,-18.18000000000029,25.0,-19.76000000000022
F30S120,30,120,240,0,-20,-40,-30,5,20,15,797,0.6,0.25,2.4,0.4,4,-18.18000000000029,25.0,-19.76000000000022
F30S120,30,120,240,-5,-20,-50,-30,0,20,15,2299,0.7,0.2,3.4999999999999996,0.4,5,-18.20691789911325,20.0,-58.4148491822707
F15S60,15,60,360,0,-20,-40,-30,0,20,15,3339,0.6,0.15,4.0,0.45,37,-18.659496428043894,35.13513513513514,-225.09281509128414
F30S120,30,120,240,-5,-20,-50,-30,0,20,15,2299,0.7,0.2,3.4999999999999996,0.45,5,-18.77691789911296,20.0,-58.4148491822707
F30S120,30,120,240,0,-20,-40,-30,0,15,15,874,0.7,0.2,3.4999999999999996,0.4,3,-19.146078579849018,0.0,-5.5600000000004
F30S120,30,120,240,0,-20,-40,-30,0,15,15,874,0.7,0.2,3.4999999999999996,0.45,3,-19.146078579849018,0.0,-5.5600000000004
F15S60,15,60,360,0,-20,-40,-30,0,20,15,3339,0.6,0.15,4.0,0.4,46,-19.242321089961024,34.78260869565217,-224.18281509128428
F30S120,30,120,240,-5,-20,-50,-30,0,15,10,760,0.6,0.25,2.4,0.45,3,-19.359197571707227,66.66666666666666,-63.29894148390213
F15S60,15,60,360,-5,-20,-40,-30,0,15,10,7138,0.6,0.15,4.0,0.4,174,-19.80386355478322,28.735632183908045,-382.70717557340413
F30S120,30,120,240,-5,-20,-50,-30,0,20,15,2299,0.6,0.25,2.4,0.45,13,-20.30602544366684,23.076923076923077,-103.6286999579861
F30S120,30,120,240,-5,-20,-40,-30,10,15,10,972,0.6,0.3,2.0,0.4,6,-20.40394553466558,33.33333333333333,-82.55329543537664
F30S120,30,120,240,-5,-20,-40,-20,0,15,15,1239,0.6,0.15,4.0,0.45,4,-20.588643079868234,25.0,-45.46864307986834
F30S120,30,120,240,-5,-20,-40,-30,5,20,10,1400,0.65,0.25,2.6,0.45,6,-20.844567314218693,50.0,-54.536425614907785
F30S120,30,120,240,0,-20,-40,-30,5,15,15,710,0.6,0.25,2.4,0.4,3,-21.079992116333415,0.0,-4.050000000000182
F30S120,30,120,240,0,-20,-40,-30,5,15,15,710,0.6,0.25,2.4,0.45,3,-21.079992116333415,0.0,-4.050000000000182
F30S120,30,120,240,0,-20,-40,-30,5,15,15,710,0.65,0.25,2.6,0.4,3,-21.079992116333415,0.0,-4.050000000000182
F30S120,30,120,240,0,-20,-40,-30,5,15,15,710,0.65,0.25,2.6,0.45,3,-21.079992116333415,0.0,-4.050000000000182
F30S120,30,120,240,0,-20,-40,-30,5,15,15,710,0.55,0.25,2.2,0.4,3,-21.236389638329456,33.33333333333333,-21.83638963832982
F30S120,30,120,240,-5,-20,-40,-20,0,15,15,1239,0.6,0.25,2.4,0.45,4,-21.335331603504073,50.0,-38.597660679211
F60S90,60,90,360,-5,-20,-60,-30,5,15,15,588,0.6,0.25,2.4,0.45,1,-21.459621048162262,0.0,0.0
F60S90,60,90,360,-5,-20,-60,-30,0,15,15,854,0.6,0.15,4.0,0.45,5,-21.996839272744182,20.0,-29.857632852505958
F30S120,30,120,240,0,-20,-40,-30,5,20,15,797,0.65,0.25,2.6,0.4,3,-22.54358113019316,0.0,-5.5600000000004
F30S120,30,120,240,0,-20,-40,-30,5,20,15,797,0.65,0.25,2.6,0.45,3,-22.54358113019316,0.0,-5.5600000000004
F60S90,60,90,360,0,-20,-40,-30,0,20,15,556,0.65,0.25,2.6,0.4,1,-22.676665912719727,0.0,0.0
F60S90,60,90,360,0,-20,-40,-30,0,20,15,556,0.65,0.25,2.6,0.45,1,-22.676665912719727,0.0,0.0
F60S90,60,90,360,-5,-20,-60,-30,5,15,15,588,0.7,0.2,3.4999999999999996,0.4,4,-22.934729351198257,25.0,-17.626375124737024
F15S60,15,60,360,-5,-20,-50,-30,0,15,10,3266,0.6,0.25,2.4,0.45,74,-23.072860209387272,41.891891891891895,-419.1796498735539
F60S90,60,90,360,-5,-20,-50,-30,0,15,10,635,0.65,0.25,2.6,0.4,1,-23.670000000000073,0.0,0.0
F60S90,60,90,360,-5,-20,-50,-30,0,15,10,635,0.65,0.25,2.6,0.45,1,-23.670000000000073,0.0,0.0
F30S120,30,120,240,0,-20,-40,-30,5,15,15,710,0.6,0.3,2.0,0.45,3,-24.485990539599698,0.0,-4.050000000000182
F30S120,30,120,240,0,-20,-40,-30,5,15,15,710,0.6,0.3,2.0,0.4,3,-24.485990539599698,0.0,-4.050000000000182
F30S120,30,120,240,-5,-20,-50,-30,0,15,10,760,0.6,0.25,2.4,0.4,5,-24.63337200384376,60.0,-95.8531159160384
F30S120,30,120,240,0,-20,-40,-30,0,15,15,874,0.6,0.3,2.0,0.45,2,-24.86999999999989,0.0,-2.819999999999709
F30S120,30,120,240,0,-20,-40,-30,0,15,15,874,0.6,0.3,2.0,0.4,2,-24.86999999999989,0.0,-2.819999999999709
F60S90,60,90,360,-5,-20,-50,-30,10,20,15,763,0.7,0.2,3.4999999999999996,0.45,7,-25.057402512021326,42.857142857142854,-108.4328874599014
F30S120,30,120,240,-5,-30,-40,-30,5,15,15,1133,0.6,0.15,4.0,0.4,10,-25.726064050743844,30.0,-83.11131844135798
F15S60,15,60,360,-5,-20,-40,-30,0,20,10,8850,0.6,0.15,4.0,0.4,216,-25.77374962411932,29.166666666666668,-515.3027322526141
F30S120,30,120,240,-5,-20,-40,-20,5,20,15,934,0.6,0.15,4.0,0.45,1,-25.829999999999927,0.0,0.0
F30S120,30,120,240,-5,-30,-40,-30,0,20,15,2241,0.6,0.15,4.0,0.4,15,-25.865227883676653,26.666666666666668,-194.47268209093545
F15S60,15,60,360,-5,-20,-40,-30,0,20,10,8850,0.65,0.25,2.6,0.45,196,-25.928747097174437,38.775510204081634,-704.8884214206646
F60S90,60,90,360,-5,-20,-50,-30,0,20,15,1944,0.6,0.25,2.4,0.4,24,-27.524656868953116,29.166666666666668,-201.28894961900278
F30S120,30,120,240,-5,-20,-50,-30,0,15,10,760,0.55,0.25,2.2,0.45,7,-27.56054643412608,57.14285714285714,-95.8531159160384
F30S120,30,120,240,-5,-20,-50,-30,0,15,10,760,0.55,0.25,2.2,0.4,7,-27.56054643412608,57.14285714285714,-95.8531159160384
F30S120,30,120,240,0,-20,-40,-30,5,15,15,710,0.65,0.35,1.8571428571428574,0.45,3,-27.89198896286598,0.0,-4.050000000000182
F30S120,30,120,240,0,-20,-40,-30,5,15,15,710,0.65,0.35,1.8571428571428574,0.4,3,-27.89198896286598,0.0,-4.050000000000182
F15S60,15,60,360,-5,-20,-40,-20,0,20,15,5230,0.65,0.35,1.8571428571428574,0.45,104,-27.902706329133707,44.230769230769226,-751.4898129184621
F60S90,60,90,360,-5,-20,-60,-30,5,15,15,588,0.55,0.25,2.2,0.4,6,-28.059801753750435,33.33333333333333,-47.682358372396266
F30S120,30,120,240,-5,-30,-40,-30,10,20,10,743,0.6,0.15,4.0,0.45,1,-28.237058162801986,0.0,0.0
F30S120,30,120,240,-5,-30,-40,-30,10,20,10,743,0.6,0.15,4.0,0.4,1,-28.237058162801986,0.0,0.0
F60S90,60,90,360,-5,-20,-50,-30,0,15,10,635,0.6,0.15,4.0,0.4,2,-28.93988676835579,50.0,0.0
F60S90,60,90,360,-5,-20,-50,-30,0,15,10,635,0.6,0.15,4.0,0.45,2,-28.93988676835579,50.0,0.0
F15S60,15,60,360,0,-20,-40,-30,0,20,15,3339,0.6,0.3,2.0,0.4,62,-28.998734445460286,48.38709677419355,-310.3171217650688
F30S120,30,120,240,-5,-20,-60,-30,0,20,15,932,0.6,0.15,4.0,0.45,3,-29.213820636406126,33.33333333333333,-17.9682628721348
F60S90,60,90,360,-5,-20,-60,-30,0,15,15,854,0.6,0.15,4.0,0.4,6,-29.258824255599393,16.666666666666664,-37.77683927274393
F30S120,30,120,240,0,-20,-40,-30,5,20,15,797,0.65,0.35,1.8571428571428574,0.4,3,-29.33701358226972,0.0,-5.5600000000004
F30S120,30,120,240,0,-20,-40,-30,5,20,15,797,0.65,0.35,1.8571428571428574,0.45,3,-29.33701358226972,0.0,-5.5600000000004
F60S90,60,90,360,-5,-20,-50,-30,10,20,15,763,0.55,0.25,2.2,0.45,9,-30.269268336598543,33.33333333333333,-99.85926833659869
F60S90,60,90,360,-5,-20,-50,-30,0,15,15,1599,0.6,0.3,2.0,0.45,10,-30.88615355888942,20.0,-134.01615355888862
F30S120,30,120,240,0,-20,-40,-30,5,20,15,797,0.55,0.25,2.2,0.4,3,-31.20578100291823,33.33333333333333,-32.785781002918156
F60S90,60,90,360,0,-20,-40,-30,0,20,15,556,0.65,0.35,1.8571428571428574,0.45,1,-31.74733227780689,0.0,0.0
F60S90,60,90,360,0,-20,-40,-30,0,20,15,556,0.65,0.35,1.8571428571428574,0.4,1,-31.74733227780689,0.0,0.0
F30S120,30,120,240,-5,-20,-40,-30,5,20,10,1400,0.65,0.25,2.6,0.4,7,-31.964567314218584,42.857142857142854,-65.65642561490768
F30S120,30,120,240,-5,-20,-40,-20,0,15,15,1239,0.6,0.3,2.0,0.45,4,-32.006397924204975,50.0,-46.317192815053204
F15S60,15,60,360,-5,-20,-50,-30,5,20,15,5359,0.7,0.2,3.4999999999999996,0.45,93,-33.20844601956878,30.107526881720432,-302.05503982144864
F30S120,30,120,240,0,-20,-40,-30,5,20,15,797,0.55,0.25,2.2,0.45,3,-33.65578100291805,33.33333333333333,-35.235781002917975
F30S120,30,120,240,-5,-20,-40,-30,0,20,10,2894,0.7,0.2,3.4999999999999996,0.45,7,-33.86778619644383,42.857142857142854,-86.0826339118421
F15S60,15,60,360,-5,-20,-40,-30,5,20,10,4446,0.7,0.2,3.4999999999999996,0.4,86,-34.967402072762525,30.23255813953488,-274.5194232184567
F30S120,30,120,240,0,-20,-40,-30,5,20,15,797,0.7,0.2,3.4999999999999996,0.4,3,-34.98686490415457,0.0,-21.400000000000546
F60S90,60,90,360,-5,-20,-40,-30,5,15,15,2211,0.6,0.3,2.0,0.4,67,-35.214707828410155,35.82089552238806,-377.30935708752077
F30S120,30,120,240,-5,-20,-40,-30,10,20,10,1276,0.6,0.15,4.0,0.4,3,-35.42684685186941,33.33333333333333,-27.723423425934925
F30S120,30,120,240,-5,-20,-40,-30,10,20,10,1276,0.6,0.15,4.0,0.45,3,-35.42684685186941,33.33333333333333,-27.723423425934925
F30S120,30,120,240,-5,-20,-40,-30,10,15,10,972,0.7,0.2,3.4999999999999996,0.4,1,-35.65237594251175,0.0,0.0
F30S120,30,120,240,-5,-20,-60,-30,0,20,15,932,0.65,0.35,1.8571428571428574,0.4,4,-35.66296811663324,50.0,-21.600000000000364
F60S90,60,90,360,-5,-20,-60,-30,0,20,15,992,0.6,0.25,2.4,0.45,12,-35.704858357836656,25.0,-98.68566634935951
F60S90,60,90,360,-5,-20,-40,-20,0,20,15,585,0.6,0.15,4.0,0.4,1,-36.170061991466355,0.0,0.0
F60S90,60,90,360,-5,-20,-40,-20,0,20,15,585,0.6,0.15,4.0,0.45,1,-36.170061991466355,0.0,0.0
F15S60,15,60,360,-5,-20,-40,-20,10,20,15,2805,0.6,0.15,4.0,0.45,59,-36.24221555753593,32.20338983050847,-263.19917121286653
F60S90,60,90,360,-5,-20,-60,-30,5,20,15,607,0.55,0.25,2.2,0.45,6,-36.50576795563666,33.33333333333333,-33.223060938590606
F30S120,30,120,240,-5,-20,-50,-30,0,20,15,2299,0.6,0.3,2.0,0.4,16,-36.618272488553885,18.75,-132.3264399495829
F30S120,30,120,240,-5,-20,-40,-20,0,15,15,1239,0.65,0.25,2.6,0.4,8,-36.63376569989532,62.5,-66.15609477560156
F30S120,30,120,240,-5,-30,-40,-30,0,15,10,778,0.6,0.15,4.0,0.45,5,-37.697357726585324,40.0,-53.24529409072602
F30S120,30,120,240,-5,-30,-40,-30,0,15,10,778,0.6,0.15,4.0,0.4,5,-37.697357726585324,40.0,-53.24529409072602
F60S90,60,90,360,-5,-20,-50,-30,0,20,10,908,0.55,0.25,2.2,0.45,16,-38.00748989540898,37.5,-201.5109158122923
F60S90,60,90,360,-5,-20,-60,-30,5,20,15,607,0.7,0.2,3.4999999999999996,0.4,2,-38.04267864508711,0.0,-17.162842922694836
F30S120,30,120,240,-5,-20,-60,-30,0,20,15,932,0.65,0.25,2.6,0.4,4,-39.16867755715066,50.0,-32.92941461669852
F15S60,15,60,360,-5,-30,-50,-30,0,15,15,2836,0.7,0.2,3.4999999999999996,0.45,40,-39.33121761247412,32.5,-183.67730974091137
F30S120,30,120,240,-5,-30,-40,-30,0,15,15,1555,0.6,0.15,4.0,0.4,12,-40.6232790046779,25.0,-165.03664497973205
F60S90,60,90,360,-5,-20,-50,-30,10,15,15,682,0.6,0.25,2.4,0.4,7,-40.760066700074276,28.57142857142857,-66.28482897184313
F30S120,30,120,240,-5,-20,-50,-30,0,20,10,993,0.55,0.25,2.2,0.4,3,-40.98240863888623,33.33333333333333,-65.22240863888601
F30S120,30,120,240,-5,-20,-50,-30,0,20,10,993,0.55,0.25,2.2,0.45,3,-41.03240863888641,33.33333333333333,-65.22240863888601
F30S120,30,120,240,-5,-20,-40,-20,0,15,15,1239,0.65,0.25,2.6,0.45,7,-41.19376569989481,57.14285714285714,-66.15609477560156
F15S60,15,60,360,-5,-20,-60,-30,0,20,15,4303,0.65,0.25,2.6,0.45,83,-42.25806722495963,36.144578313253014,-296.1544033535183
F15S60,15,60,360,-5,-20,-40,-30,5,15,15,8690,0.7,0.2,3.4999999999999996,0.45,158,-42.31805885810081,33.54430379746836,-557.5708431179492
F15S60,15,60,360,-5,-20,-60,-30,0,15,15,3958,0.65,0.25,2.6,0.45,72,-42.77516881435531,33.33333333333333,-344.3739529418258
F30S120,30,120,240,-5,-20,-50,-30,0,20,10,993,0.6,0.15,4.0,0.4,4,-43.30344518333277,50.0,-39.13344518333179
F60S90,60,90,360,-5,-20,-40,-30,5,15,10,884,0.65,0.25,2.6,0.45,10,-43.35682449703381,30.0,-98.31776154283853
F60S90,60,90,360,-5,-20,-60,-30,5,20,15,607,0.6,0.25,2.4,0.4,5,-43.67728387074021,20.0,-42.90710730673891
F30S120,30,120,240,-5,-20,-50,-30,0,20,10,993,0.6,0.15,4.0,0.45,3,-43.79344518333255,33.33333333333333,-39.13344518333179
F15S60,15,60,360,-5,-20,-50,-30,5,20,15,5359,0.6,0.3,2.0,0.45,143,-44.52814568025087,42.65734265734265,-446.0366508940565
F60S90,60,90,360,0,-20,-40,-30,0,20,15,556,0.55,0.25,2.2,0.4,2,-45.353331825439454,0.0,-22.676665912719727
F60S90,60,90,360,0,-20,-40,-30,0,20,15,556,0.6,0.25,2.4,0.45,2,-45.353331825439454,0.0,-22.676665912719727
F60S90,60,90,360,0,-20,-40,-30,0,20,15,556,0.6,0.25,2.4,0.4,2,-45.353331825439454,0.0,-22.676665912719727
F60S90,60,90,360,0,-20,-40,-30,0,20,15,556,0.55,0.25,2.2,0.45,2,-45.353331825439454,0.0,-22.676665912719727
F30S120,30,120,240,0,-20,-40,-30,0,15,15,874,0.65,0.35,1.8571428571428574,0.4,4,-45.87563751473499,0.0,-22.100000000000364
F60S90,60,90,360,-5,-20,-40,-30,5,15,10,884,0.7,0.2,3.4999999999999996,0.45,6,-46.42229310496714,33.33333333333333,-104.49594647836784
F30S120,30,120,240,0,-20,-40,-30,0,15,15,874,0.65,0.35,1.8571428571428574,0.45,4,-47.38563751473521,0.0,-23.610000000000582
F30S120,30,120,240,-5,-20,-40,-20,0,15,15,1239,0.65,0.35,1.8571428571428574,0.4,8,-47.90746424490726,62.5,-71.5267249508961
F15S60,15,60,360,-5,-30,-40,-30,5,15,15,4440,0.6,0.25,2.4,0.45,141,-48.61128800126926,43.97163120567376,-510.0804108918969
F60S90,60,90,360,-5,-20,-40,-30,5,15,10,884,0.6,0.15,4.0,0.45,4,-48.7310819888412,0.0,-39.81942446543508
F60S90,60,90,360,-5,-20,-50,-30,10,15,15,682,0.6,0.15,4.0,0.45,6,-49.68505963026291,16.666666666666664,-68.41191699332376
F60S90,60,90,360,-5,-20,-50,-30,10,15,15,682,0.6,0.15,4.0,0.4,6,-49.68505963026291,16.666666666666664,-68.41191699332376
F60S90,60,90,360,-5,-30,-40,-30,10,20,15,501,0.6,0.25,2.4,0.4,3,-49.69576333432542,33.33333333333333,-20.62002054363711
F60S90,60,90,360,-5,-30,-40,-30,10,20,15,501,0.6,0.25,2.4,0.45,3,-49.69576333432542,33.33333333333333,-20.62002054363711
F60S90,60,90,360,-5,-20,-60,-30,0,20,15,992,0.65,0.35,1.8571428571428574,0.45,12,-50.48381318164138,33.33333333333333,-182.68238338485844
F30S120,30,120,240,-5,-20,-60,-30,0,20,15,932,0.55,0.25,2.2,0.45,4,-50.758677557150804,50.0,-32.92941461669852
F30S120,30,120,240,-5,-20,-60,-30,0,20,15,932,0.55,0.25,2.2,0.4,4,-50.758677557150804,50.0,-32.92941461669852
F15S60,15,60,360,-5,-20,-60,-30,0,15,15,3958,0.65,0.35,1.8571428571428574,0.45,76,-50.94041461122697,40.78947368421053,-422.9656037390805
F60S90,60,90,360,-5,-20,-40,-20,0,20,15,585,0.65,0.25,2.6,0.4,6,-51.298974673308294,33.33333333333333,-41.43431988293469
F15S60,15,60,360,-5,-20,-50,-30,5,20,15,5359,0.65,0.25,2.6,0.4,154,-51.610142063342664,38.961038961038966,-726.1438561971631
F60S90,60,90,360,-5,-20,-50,-30,5,20,15,1160,0.6,0.3,2.0,0.4,16,-52.25101294712067,31.25,-152.252592629859
F30S120,30,120,240,-5,-20,-40,-30,10,20,10,1276,0.7,0.2,3.4999999999999996,0.4,2,-52.40382327718635,0.0,-36.96456456791384
F30S120,30,120,240,-5,-20,-40,-20,0,15,15,1239,0.65,0.35,1.8571428571428574,0.45,7,-52.46746424490675,57.14285714285714,-71.5267249508961
F60S90,60,90,360,-5,-20,-50,-30,0,20,15,1944,0.6,0.3,2.0,0.45,17,-52.51591293331603,29.411764705882355,-172.0901914545111
F60S90,60,90,360,-5,-20,-40,-30,5,15,10,884,0.6,0.25,2.4,0.45,12,-52.75367888040273,25.0,-122.4673234785405
F60S90,60,90,360,-5,-20,-40,-30,5,20,10,1035,0.55,0.25,2.2,0.4,25,-53.27290400153788,40.0,-197.88895457729313
F30S120,30,120,240,0,-20,-40,-30,0,20,15,1063,0.7,0.2,3.4999999999999996,0.45,7,-54.21395931217057,14.285714285714285,-115.3814544007264
F30S120,30,120,240,-5,-20,-40,-20,5,20,15,934,0.6,0.15,4.0,0.4,2,-54.440325053978995,0.0,-28.610325053979068
F60S90,60,90,360,-5,-20,-50,-30,0,15,10,635,0.7,0.2,3.4999999999999996,0.45,1,-54.57318235780713,0.0,0.0
F60S90,60,90,360,-5,-20,-50,-30,0,15,10,635,0.7,0.2,3.4999999999999996,0.4,1,-54.57318235780713,0.0,0.0
F60S90,60,90,360,-5,-20,-40,-20,0,20,15,585,0.65,0.25,2.6,0.45,4,-54.69713549559037,25.0,-44.83248070521677
F60S90,60,90,360,-5,-20,-60,-30,0,15,15,854,0.7,0.2,3.4999999999999996,0.45,3,-54.775494512455225,0.0,-34.45680340384024
F60S90,60,90,360,-5,-20,-50,-30,5,20,15,1160,0.6,0.3,2.0,0.45,14,-55.6438103567948,28.57142857142857,-131.7453900395335
F30S120,30,120,240,-5,-30,-40,-30,0,15,10,778,0.55,0.25,2.2,0.45,3,-56.02343939309867,33.33333333333333,-33.219999999999345
F30S120,30,120,240,0,-20,-40,-30,0,15,15,874,0.6,0.15,4.0,0.45,4,-56.44028906045696,0.0,-46.25073012557095
F60S90,60,90,360,-5,-20,-50,-30,0,15,15,1599,0.55,0.25,2.2,0.45,15,-57.12755000742436,26.666666666666668,-143.68031547191458
F60S90,60,90,360,-5,-20,-60,-30,0,20,15,992,0.6,0.25,2.4,0.4,15,-57.18279517980909,26.666666666666668,-120.16360317133194
F15S60,15,60,360,-5,-30,-50,-30,0,15,15,2836,0.7,0.2,3.4999999999999996,0.4,49,-57.62095748217098,30.612244897959183,-220.00708760660837
F60S90,60,90,360,-5,-20,-60,-30,0,15,15,854,0.65,0.35,1.8571428571428574,0.4,4,-58.14741241843603,25.0,-65.70741241843552
F60S90,60,90,360,-5,-20,-60,-30,0,15,15,854,0.65,0.35,1.8571428571428574,0.45,4,-58.14741241843603,25.0,-65.70741241843552
F15S60,15,60,360,-5,-20,-60,-30,0,15,15,3958,0.7,0.2,3.4999999999999996,0.4,51,-58.171559445520415,31.372549019607842,-202.61634642415538
F60S90,60,90,360,-5,-20,-40,-20,0,20,15,585,0.65,0.35,1.8571428571428574,0.45,5,-59.98804783610922,20.0,-42.788574848807
F15S60,15,60,360,-5,-20,-40,-20,0,15,15,4625,0.7,0.2,3.4999999999999996,0.4,71,-61.34815101770437,33.80281690140845,-382.79529981011547
F60S90,60,90,360,-5,-30,-40,-30,10,20,15,501,0.6,0.3,2.0,0.4,3,-61.83491600119123,33.33333333333333,-24.744024652364715
F60S90,60,90,360,-5,-30,-40,-30,10,20,15,501,0.6,0.3,2.0,0.45,3,-61.83491600119123,33.33333333333333,-24.744024652364715
F30S120,30,120,240,-5,-20,-50,-30,0,20,10,993,0.7,0.2,3.4999999999999996,0.45,3,-62.062943222091235,33.33333333333333,-52.17792691110844
F30S120,30,120,240,-5,-20,-50,-30,0,20,10,993,0.7,0.2,3.4999999999999996,0.4,3,-62.062943222091235,33.33333333333333,-52.17792691110844
F60S90,60,90,360,-5,-20,-40,-30,5,15,10,884,0.65,0.35,1.8571428571428574,0.45,10,-62.1256498178891,30.0,-95.03704095414378
F15S60,15,60,360,-5,-20,-50,-30,5,20,15,5359,0.65,0.35,1.8571428571428574,0.4,143,-62.87222815708628,41.25874125874126,-447.33031719444716
F15S60,15,60,360,-5,-30,-50,-30,0,15,15,2836,0.6,0.25,2.4,0.4,87,-63.6085036730251,40.229885057471265,-424.42091206285295
F30S120,30,120,240,-5,-20,-40,-20,0,20,15,1499,0.7,0.2,3.4999999999999996,0.4,8,-63.87033827675987,12.5,-58.84525814111021
F30S120,30,120,240,-5,-20,-40,-20,0,15,15,1239,0.6,0.15,4.0,0.4,6,-64.45764667908134,16.666666666666664,-89.33764667908144
F30S120,30,120,240,-5,-20,-50,-30,0,20,10,993,0.6,0.25,2.4,0.4,2,-64.73240863888623,50.0,-65.22240863888601
F30S120,30,120,240,-5,-20,-50,-30,0,20,10,993,0.6,0.25,2.4,0.45,1,-65.22240863888601,0.0,0.0
F15S60,15,60,360,-5,-20,-50,-30,5,20,15,5359,0.6,0.15,4.0,0.45,131,-65.42548784568271,27.480916030534353,-447.5911678646653
F30S120,30,120,240,0,-20,-40,-30,0,20,15,1063,0.55,0.25,2.2,0.45,8,-66.17878285246115,37.5,-88.4280644489213
F15S60,15,60,360,-5,-20,-40,-20,5,20,15,3263,0.6,0.15,4.0,0.4,77,-66.57668803046272,40.25974025974026,-352.86769933567257
F60S90,60,90,360,-5,-20,-60,-30,5,20,15,607,0.6,0.3,2.0,0.4,4,-67.02828235167544,25.0,-51.488528768086326
F60S90,60,90,360,-5,-20,-60,-30,5,20,15,607,0.6,0.3,2.0,0.45,4,-67.02828235167544,25.0,-51.488528768086326
F15S60,15,60,360,-5,-20,-50,-30,10,20,15,4180,0.55,0.25,2.2,0.4,187,-67.43933221457655,40.64171122994652,-510.23080788165
F30S120,30,120,240,-5,-20,-40,-30,5,20,10,1400,0.6,0.15,4.0,0.4,6,-67.65278937527,16.666666666666664,-89.9979043556832
F30S120,30,120,240,0,-20,-40,-30,0,20,15,1063,0.7,0.2,3.4999999999999996,0.4,8,-67.77013998454868,12.5,-128.9376350731045
F60S90,60,90,360,-5,-20,-50,-30,10,20,15,763,0.6,0.15,4.0,0.45,8,-68.01822676198753,12.5,-63.28515725600937
F60S90,60,90,360,-5,-20,-60,-30,0,15,15,854,0.6,0.3,2.0,0.4,7,-68.41047081077159,28.57142857142857,-76.15047081077228
F60S90,60,90,360,-5,-20,-50,-30,0,15,15,1599,0.55,0.25,2.2,0.4,19,-68.52258407284262,26.31578947368421,-190.57039611595155
F60S90,60,90,360,-5,-20,-40,-30,5,20,10,1035,0.6,0.25,2.4,0.45,19,-69.46540698337594,36.84210526315789,-148.12947618691305
F15S60,15,60,360,-5,-30,-40,-30,0,15,10,3358,0.6,0.15,4.0,0.45,50,-69.73510878434854,32.0,-217.74720161882306
F30S120,30,120,240,-5,-20,-50,-30,0,20,15,2299,0.6,0.25,2.4,0.4,16,-70.2222053578057,18.75,-112.49869995798599
F60S90,60,90,360,-5,-20,-40,-30,5,15,10,884,0.6,0.3,2.0,0.45,12,-70.39843565609863,25.0,-129.08730729946092
F60S90,60,90,360,-5,-20,-60,-30,5,20,15,607,0.6,0.25,2.4,0.45,3,-70.4566145919598,0.0,-49.00306093859035
F60S90,60,90,360,-5,-20,-60,-30,0,20,15,992,0.65,0.25,2.6,0.4,10,-71.00217141800704,20.0,-139.49174094094496
F60S90,60,90,360,-5,-20,-60,-30,0,20,15,992,0.65,0.25,2.6,0.45,10,-71.00217141800704,20.0,-139.49174094094496
F15S60,15,60,360,-5,-20,-60,-30,0,15,15,3958,0.65,0.35,1.8571428571428574,0.4,98,-71.24408378259295,37.755102040816325,-496.04710004759363
F60S90,60,90,360,-5,-20,-40,-30,5,20,10,1035,0.55,0.25,2.2,0.45,22,-71.57253533709309,36.36363636363637,-175.71858591284808
F15S60,15,60,360,-5,-20,-40,-20,0,15,15,4625,0.6,0.15,4.0,0.4,114,-71.87318716707614,31.57894736842105,-367.08301319049906
F60S90,60,90,360,-5,-20,-50,-30,5,20,15,1160,0.7,0.2,3.4999999999999996,0.45,6,-72.08350249747582,16.666666666666664,-110.71242397133119
F30S120,30,120,240,-5,-20,-40,-30,0,15,10,2078,0.6,0.15,4.0,0.45,9,-72.35015459346278,11.11111111111111,-120.44225817031747
F30S120,30,120,240,-5,-20,-40,-30,0,15,10,2078,0.6,0.15,4.0,0.4,9,-72.35015459346278,11.11111111111111,-120.44225817031747
F60S90,60,90,360,-5,-20,-40,-30,5,15,10,884,0.6,0.25,2.4,0.4,13,-72.88922999783426,23.076923076923077,-122.4673234785405
F30S120,30,120,240,0,-20,-40,-30,0,15,15,874,0.6,0.25,2.4,0.4,2,-73.15455020928493,0.0,-2.819999999999709
F30S120,30,120,240,0,-20,-40,-30,0,15,15,874,0.6,0.25,2.4,0.45,2,-73.15455020928493,0.0,-2.819999999999709
F15S60,15,60,360,-5,-30,-40,-30,0,15,15,6070,0.6,0.15,4.0,0.45,136,-73.8955102163136,30.14705882352941,-461.8378400262727
F15S60,15,60,360,-5,-30,-40,-30,0,20,10,4477,0.6,0.15,4.0,0.45,83,-74.74555845630039,30.120481927710845,-299.4248632440458
F60S90,60,90,360,-5,-20,-40,-30,5,15,10,884,0.6,0.15,4.0,0.4,5,-75.44849865535389,0.0,-66.53684113194777
F30S120,30,120,240,0,-20,-40,-30,0,20,15,1063,0.65,0.35,1.8571428571428574,0.45,5,-75.69225036236912,0.0,-56.516125181184634
F30S120,30,120,240,0,-20,-40,-30,0,20,15,1063,0.55,0.25,2.2,0.4,9,-75.86475155390781,33.33333333333333,-84.9818162030083
F60S90,60,90,360,-5,-20,-60,-30,0,15,15,854,0.6,0.3,2.0,0.45,6,-76.15047081077228,16.666666666666664,-55.03324176868318
F15S60,15,60,360,-5,-30,-50,-30,0,20,15,3301,0.6,0.15,4.0,0.45,74,-77.17986481234175,28.37837837837838,-297.07618134497125
F30S120,30,120,240,0,-20,-40,-30,0,20,15,1063,0.6,0.3,2.0,0.45,7,-77.61335745345923,14.285714285714285,-61.17667872672973
F60S90,60,90,360,-5,-20,-50,-30,10,15,15,682,0.7,0.2,3.4999999999999996,0.45,6,-77.78402110287152,33.33333333333333,-36.166009842959284
F60S90,60,90,360,-5,-20,-50,-30,5,15,15,1099,0.6,0.25,2.4,0.4,14,-78.00570346073528,28.57142857142857,-130.9701038064959
F15S60,15,60,360,0,-20,-40,-30,0,20,15,3339,0.65,0.25,2.6,0.45,58,-78.86151933083102,43.103448275862064,-330.4186636116574
F60S90,60,90,360,-5,-20,-50,-30,10,20,15,763,0.7,0.2,3.4999999999999996,0.4,8,-79.27384624197202,37.5,-162.6493311898521
F15S60,15,60,360,-5,-20,-60,-30,5,15,15,2840,0.55,0.25,2.2,0.4,103,-80.01441636650407,34.95145631067961,-313.29660034705375
F60S90,60,90,360,-5,-20,-60,-30,0,15,15,854,0.65,0.25,2.6,0.4,6,-81.43609755868874,16.666666666666664,-82.51278925392944
F60S90,60,90,360,-5,-20,-60,-30,0,15,15,854,0.65,0.25,2.6,0.45,6,-81.43609755868874,16.666666666666664,-82.51278925392944
F30S120,30,120,240,-5,-20,-40,-20,0,20,15,1499,0.7,0.2,3.4999999999999996,0.45,7,-82.6703382767596,0.0,-74.11862990510826
F15S60,15,60,360,-5,-20,-40,-20,5,15,15,3087,0.55,0.25,2.2,0.4,103,-84.94882830746883,46.601941747572816,-406.17266852692046
F60S90,60,90,360,-5,-20,-50,-30,10,20,15,763,0.6,0.15,4.0,0.4,9,-86.01173423560613,11.11111111111111,-81.27866472962796
F15S60,15,60,360,-5,-20,-50,-30,5,20,15,5359,0.6,0.25,2.4,0.4,194,-88.40325300657832,40.20618556701031,-751.2168662583604
F15S60,15,60,360,-5,-30,-40,-30,5,15,15,4440,0.55,0.25,2.2,0.4,203,-88.63154045934562,42.364532019704434,-754.7489708749754
F60S90,60,90,360,-5,-20,-40,-30,5,20,10,1035,0.6,0.25,2.4,0.4,25,-88.80508887509495,40.0,-215.46951041983175
F30S120,30,120,240,-5,-20,-40,-30,0,20,10,2894,0.6,0.15,4.0,0.45,11,-89.64006210196476,18.181818181818183,-146.26318160263963
F30S120,30,120,240,-5,-20,-50,-30,0,20,15,2299,0.55,0.25,2.2,0.4,26,-90.188025043361,42.30769230769231,-127.05802504336089
F15S60,15,60,360,-5,-30,-40,-30,0,15,15,6070,0.6,0.25,2.4,0.45,141,-90.99429942626921,43.262411347517734,-618.6131426945194
F30S120,30,120,240,0,-20,-40,-30,0,15,15,874,0.65,0.25,2.6,0.4,4,-91.36714843409572,0.0,-74.38455020928541
F30S120,30,120,240,0,-20,-40,-30,0,15,15,874,0.65,0.25,2.6,0.45,4,-92.87714843409594,0.0,-75.89455020928563
F60S90,60,90,360,-5,-20,-40,-30,5,15,10,884,0.6,0.3,2.0,0.4,13,-94.56109699701665,23.076923076923077,-129.39778195020426
F60S90,60,90,360,-5,-20,-40,-30,5,15,15,2211,0.55,0.25,2.2,0.45,50,-95.79611994833112,36.0,-265.150565958656
F60S90,60,90,360,-5,-20,-50,-30,0,15,15,1599,0.7,0.2,3.4999999999999996,0.45,7,-96.828406129639,14.285714285714285,-143.22242354268928
F15S60,15,60,360,-5,-20,-40,-30,10,15,15,7430,0.65,0.35,1.8571428571428574,0.4,211,-97.02880703254004,43.127962085308056,-727.8444473863078
F15S60,15,60,360,-5,-30,-40,-30,10,20,15,5132,0.65,0.25,2.6,0.45,114,-97.4037347404128,35.96491228070175,-481.0126153864567
F60S90,60,90,360,-5,-20,-50,-30,10,20,15,763,0.55,0.25,2.2,0.4,12,-97.42576096379617,25.0,-167.0157609637963
F60S90,60,90,360,-5,-20,-60,-30,0,15,15,854,0.6,0.25,2.4,0.4,7,-98.89485806697212,14.285714285714285,-86.57278925392984
F60S90,60,90,360,-5,-20,-60,-30,0,15,15,854,0.6,0.25,2.4,0.45,7,-98.89485806697212,14.285714285714285,-86.57278925392984
F60S90,60,90,360,-5,-20,-60,-30,0,15,15,854,0.55,0.25,2.2,0.4,9,-99.33159968608925,22.22222222222222,-108.10829138132976
F15S60,15,60,360,-5,-30,-40,-30,10,20,15,5132,0.6,0.3,2.0,0.45,132,-99.68703900461514,42.42424242424242,-558.1057063890621
F30S120,30,120,240,-5,-20,-40,-30,5,20,10,1400,0.6,0.15,4.0,0.45,5,-100.14278937526979,0.0,-89.9979043556832
F15S60,15,60,360,-5,-20,-50,-30,0,15,15,7269,0.65,0.25,2.6,0.4,193,-101.32174757161465,38.34196891191709,-862.290407916485
F30S120,30,120,240,-5,-20,-50,-30,0,15,15,1973,0.6,0.15,4.0,0.45,10,-101.55734088512463,10.0,-96.9568339949933
F60S90,60,90,360,-5,-20,-50,-30,0,20,15,1944,0.7,0.2,3.4999999999999996,0.4,10,-102.05688617084115,30.0,-163.083186570851
F15S60,15,60,360,-5,-20,-50,-30,10,20,15,4180,0.7,0.2,3.4999999999999996,0.4,90,-102.6330418444195,30.0,-339.2171422639076
F30S120,30,120,240,-5,-30,-40,-30,5,15,15,1133,0.7,0.2,3.4999999999999996,0.45,4,-102.87599620877336,0.0,-89.33232884538575
F15S60,15,60,360,-5,-20,-40,-30,10,20,15,8217,0.55,0.25,2.2,0.4,314,-103.50815641518284,37.57961783439491,-826.7753903223552
F15S60,15,60,360,-5,-20,-50,-30,0,20,10,3949,0.7,0.2,3.4999999999999996,0.4,54,-104.60542044000977,25.925925925925924,-362.1655185571485
F30S120,30,120,240,0,-20,-40,-30,0,20,15,1063,0.6,0.3,2.0,0.4,9,-105.13762846202553,11.11111111111111,-88.70094973529604
F60S90,60,90,360,-5,-20,-60,-30,0,20,15,992,0.65,0.35,1.8571428571428574,0.4,15,-105.82392751112002,26.666666666666668,-213.39249771433697
F15S60,15,60,360,-5,-20,-40,-20,5,15,15,3087,0.6,0.15,4.0,0.45,63,-105.84021770370373,33.33333333333333,-374.86463886076945
F60S90,60,90,360,-5,-20,-60,-30,0,15,15,854,0.55,0.25,2.2,0.45,8,-107.03159968608907,12.5,-108.10829138132976
F15S60,15,60,360,-5,-30,-50,-30,0,15,15,2836,0.65,0.35,1.8571428571428574,0.45,66,-107.19282587427506,43.93939393939394,-477.06101268729526
F60S90,60,90,360,-5,-20,-40,-30,5,20,10,1035,0.6,0.3,2.0,0.45,19,-108.776957055798,36.84210526315789,-164.73793682516362
F15S60,15,60,360,-5,-20,-40,-20,0,20,15,5230,0.7,0.2,3.4999999999999996,0.45,77,-109.97129474066514,33.76623376623377,-444.9808397618094
F15S60,15,60,360,-5,-20,-50,-30,0,20,10,3949,0.6,0.15,4.0,0.45,62,-110.53874494430102,25.806451612903224,-251.40772303175618
F15S60,15,60,360,-5,-20,-40,-30,10,20,15,8217,0.65,0.25,2.6,0.45,194,-113.10006982392042,37.628865979381445,-711.1747421835535
F15S60,15,60,360,-5,-20,-50,-30,0,20,10,3949,0.7,0.2,3.4999999999999996,0.45,43,-113.75963731682987,23.25581395348837,-305.10251054620494
F15S60,15,60,360,-5,-20,-40,-20,5,15,15,3087,0.6,0.25,2.4,0.4,82,-114.1681376678439,40.243902439024396,-399.95249124031943
F30S120,30,120,240,-5,-20,-40,-30,0,20,10,2894,0.6,0.15,4.0,0.4,15,-114.56422177740842,20.0,-175.4458287348998
F15S60,15,60,360,-5,-20,-40,-20,5,20,15,3263,0.55,0.25,2.2,0.4,128,-115.38167072902252,42.1875,-587.4970079232953
F15S60,15,60,360,0,-20,-40,-30,0,20,15,3339,0.65,0.35,1.8571428571428574,0.4,62,-117.31126478022406,38.70967741935484,-396.4813739110764
F15S60,15,60,360,-5,-30,-40,-30,10,20,15,5132,0.65,0.35,1.8571428571428574,0.4,144,-118.07467098069037,45.83333333333333,-726.1516093112637
F30S120,30,120,240,0,-20,-40,-30,0,20,15,1063,0.65,0.25,2.6,0.45,5,-118.25628074755696,0.0,-104.55904847528245
F15S60,15,60,360,-5,-30,-40,-30,5,15,15,4440,0.6,0.25,2.4,0.4,159,-119.82687105881996,42.138364779874216,-628.8806890741489
F60S90,60,90,360,-5,-20,-50,-30,5,15,15,1099,0.55,0.25,2.2,0.45,12,-120.15390232526624,25.0,-174.20705676582838
F15S60,15,60,360,-5,-30,-50,-30,0,15,15,2836,0.65,0.35,1.8571428571428574,0.4,77,-121.1178478299812,44.15584415584416,-402.3321582670551
F15S60,15,60,360,-5,-20,-40,-20,10,20,15,2805,0.7,0.2,3.4999999999999996,0.45,42,-123.7680788169605,28.57142857142857,-373.99960595326866
F60S90,60,90,360,-5,-20,-60,-30,5,15,15,588,0.6,0.3,2.0,0.45,3,-126.25254600235348,0.0,-51.503090515589065
F60S90,60,90,360,-5,-20,-40,-20,0,20,15,585,0.6,0.3,2.0,0.4,8,-127.17881890563785,25.0,-134.2092329321631
F60S90,60,90,360,-5,-20,-60,-30,5,15,15,588,0.6,0.3,2.0,0.4,5,-127.39497071381538,20.0,-80.67551522705071
F60S90,60,90,360,-5,-20,-40,-20,0,20,15,585,0.6,0.3,2.0,0.45,7,-128.3888189056379,14.285714285714285,-135.41923293216314
F15S60,15,60,360,-5,-30,-40,-30,0,15,15,6070,0.6,0.3,2.0,0.4,177,-128.72231577761386,45.76271186440678,-740.9051202182181
F60S90,60,90,360,-5,-20,-50,-30,0,15,15,1599,0.7,0.2,3.4999999999999996,0.4,9,-130.10303240044777,11.11111111111111,-176.49704981349805
F15S60,15,60,360,-5,-20,-50,-30,5,20,15,5359,0.6,0.25,2.4,0.45,168,-132.13162498426027,38.095238095238095,-704.8985784956244
F15S60,15,60,360,-5,-20,-50,-30,0,20,10,3949,0.65,0.35,1.8571428571428574,0.4,105,-132.58038543754083,40.0,-482.8754610158858
F15S60,15,60,360,-5,-30,-40,-30,0,15,15,6070,0.65,0.35,1.8571428571428574,0.4,148,-133.28725076955197,47.97297297297297,-900.2886315097435
F60S90,60,90,360,-5,-20,-40,-20,0,20,15,585,0.6,0.25,2.4,0.4,4,-134.30839806287622,0.0,-74.0249614104332
F60S90,60,90,360,-5,-20,-40,-20,0,20,15,585,0.6,0.25,2.4,0.45,4,-134.30839806287622,0.0,-74.0249614104332
F60S90,60,90,360,-5,-20,-50,-30,10,15,15,682,0.7,0.2,3.4999999999999996,0.4,7,-134.3620323627838,28.57142857142857,-92.74402110287156
F30S120,30,120,240,-5,-30,-40,-30,0,20,10,1341,0.7,0.2,3.4999999999999996,0.45,7,-135.84198192242275,14.285714285714285,-147.28502524647
F15S60,15,60,360,-5,-30,-40,-30,10,15,15,4457,0.65,0.25,2.6,0.4,123,-135.8780138608131,35.77235772357724,-557.7874097404679
F30S120,30,120,240,-5,-20,-50,-30,0,20,15,2299,0.55,0.25,2.2,0.45,22,-137.5376752644397,40.909090909090914,-174.4076752644396
F15S60,15,60,360,-5,-30,-50,-30,0,15,15,2836,0.6,0.3,2.0,0.45,72,-137.656981337841,41.66666666666667,-426.5619913214655
F15S60,15,60,360,-5,-20,-40,-30,10,20,15,8217,0.7,0.2,3.4999999999999996,0.4,192,-137.85685350232916,32.8125,-823.807204716878
F60S90,60,90,360,-5,-20,-40,-30,5,20,10,1035,0.6,0.3,2.0,0.4,25,-138.29664579410064,40.0,-242.25797790466595
F15S60,15,60,360,-5,-20,-50,-30,5,15,15,5154,0.7,0.2,3.4999999999999996,0.4,113,-139.042571876917,26.548672566371685,-424.64091954270543
F15S60,15,60,360,-5,-30,-40,-30,0,20,10,4477,0.7,0.2,3.4999999999999996,0.45,59,-140.71041084269245,28.8135593220339,-294.799113028414
F15S60,15,60,360,-5,-20,-40,-30,10,15,15,7430,0.65,0.35,1.8571428571428574,0.45,181,-140.76452044364214,44.19889502762431,-790.2885045647172
F15S60,15,60,360,-5,-20,-40,-30,5,20,15,9291,0.7,0.2,3.4999999999999996,0.4,208,-141.3706442486241,33.17307692307692,-563.8776953960692
F30S120,30,120,240,0,-20,-40,-30,0,20,15,1063,0.6,0.25,2.4,0.45,7,-142.14252899347002,14.285714285714285,-128.44529672119552
F15S60,15,60,360,-5,-20,-40,-30,10,15,15,7430,0.65,0.25,2.6,0.45,175,-144.04157438829634,37.714285714285715,-859.6232391604317
F60S90,60,90,360,-5,-20,-40,-30,5,20,15,2440,0.6,0.3,2.0,0.4,56,-144.9670199626721,37.5,-315.41525416696186
F15S60,15,60,360,-5,-30,-50,-30,0,20,15,3301,0.6,0.15,4.0,0.4,89,-147.85055640328073,25.842696629213485,-360.7858790137934
F15S60,15,60,360,-5,-20,-40,-30,0,15,15,12484,0.7,0.2,3.4999999999999996,0.4,235,-149.16587360287122,32.340425531914896,-850.570556706562
F30S120,30,120,240,-5,-30,-40,-30,0,20,10,1341,0.6,0.15,4.0,0.45,7,-150.55857491108964,0.0,-144.12585740412487
F30S120,30,120,240,-5,-30,-40,-30,0,20,10,1341,0.7,0.2,3.4999999999999996,0.4,8,-153.41458404614878,12.5,-147.28502524647
F15S60,15,60,360,-5,-20,-40,-30,0,15,15,12484,0.6,0.15,4.0,0.4,293,-153.85563674843206,26.96245733788396,-672.15203470817
F15S60,15,60,360,-5,-20,-40,-20,10,20,15,2805,0.65,0.25,2.6,0.45,55,-154.0349416032982,34.54545454545455,-377.4190224809563
F15S60,15,60,360,-5,-20,-40,-30,10,20,15,8217,0.55,0.25,2.2,0.45,272,-154.11243373189154,37.5,-833.2422809030209
F15S60,15,60,360,-5,-20,-40,-30,5,20,10,4446,0.6,0.25,2.4,0.4,157,-154.3259493748128,42.038216560509554,-584.7532927427928
F30S120,30,120,240,0,-20,-40,-30,0,15,15,874,0.55,0.25,2.2,0.4,6,-156.48098231200856,33.33333333333333,-159.6909823120086
F30S120,30,120,240,0,-20,-40,-30,0,15,15,874,0.55,0.25,2.2,0.45,6,-156.48098231200856,33.33333333333333,-159.6909823120086
F15S60,15,60,360,-5,-30,-40,-30,10,15,15,4457,0.7,0.2,3.4999999999999996,0.4,95,-160.35176618522928,34.73684210526316,-522.6150004436331
F15S60,15,60,360,-5,-20,-40,-20,10,20,15,2805,0.55,0.25,2.2,0.4,108,-160.4893448870148,41.66666666666667,-346.8830909901826
F15S60,15,60,360,-5,-20,-40,-20,0,20,15,5230,0.6,0.15,4.0,0.4,142,-161.0115115113622,28.169014084507044,-531.2499279241329
F15S60,15,60,360,-5,-20,-40,-30,5,20,10,4446,0.55,0.25,2.2,0.45,155,-162.25100874041027,41.29032258064516,-519.3107008407337
F15S60,15,60,360,-5,-20,-40,-30,0,20,10,8850,0.65,0.35,1.8571428571428574,0.45,171,-163.54650014177287,43.27485380116959,-745.1513366950544
F15S60,15,60,360,-5,-20,-60,-30,0,15,15,3958,0.65,0.25,2.6,0.4,91,-164.95423791442454,36.26373626373626,-410.34484744835845
F15S60,15,60,360,-5,-20,-40,-20,0,20,15,5230,0.6,0.15,4.0,0.45,115,-165.87835273049313,26.956521739130434,-425.1943888557721
F30S120,30,120,240,0,-20,-40,-30,0,20,15,1063,0.6,0.25,2.4,0.4,9,-165.95775483394164,11.11111111111111,-152.26052256166713
F15S60,15,60,360,-5,-30,-50,-30,0,15,15,2836,0.65,0.25,2.6,0.45,81,-166.85607826737441,37.03703703703704,-405.8931778109559
F15S60,15,60,360,-5,-30,-40,-30,0,15,15,6070,0.65,0.35,1.8571428571428574,0.45,125,-168.53759406082736,46.400000000000006,-852.5329057355862
F15S60,15,60,360,-5,-20,-50,-30,0,20,10,3949,0.65,0.35,1.8571428571428574,0.45,85,-170.86319518104256,38.82352941176471,-522.071042078755
F15S60,15,60,360,-5,-30,-40,-30,5,20,15,4902,0.55,0.25,2.2,0.45,188,-171.98204931989767,38.82978723404255,-663.2116474812105
F15S60,15,60,360,-5,-20,-60,-30,5,15,15,2840,0.65,0.25,2.6,0.4,76,-172.8187850512636,28.947368421052634,-396.66443837133056
F15S60,15,60,360,0,-20,-40,-30,0,20,15,3339,0.65,0.35,1.8571428571428574,0.45,53,-174.7978545152514,39.62264150943396,-481.1163262737423
F15S60,15,60,360,-5,-20,-50,-30,0,15,15,7269,0.6,0.15,4.0,0.4,202,-176.15551790558766,29.7029702970297,-570.8416826056682
F15S60,15,60,360,-5,-30,-50,-30,0,20,15,3301,0.7,0.2,3.4999999999999996,0.4,77,-176.54245396745318,33.76623376623377,-390.78173246637016
F15S60,15,60,360,0,-20,-40,-30,0,20,15,3339,0.6,0.25,2.4,0.4,62,-179.17460394432146,45.16129032258064,-455.4406247894394
F15S60,15,60,360,0,-20,-40,-30,0,20,15,3339,0.65,0.25,2.6,0.4,64,-179.17991323494925,39.0625,-412.93419856787295
F15S60,15,60,360,-5,-20,-50,-30,0,15,10,3266,0.7,0.2,3.4999999999999996,0.4,43,-181.23744109476775,27.906976744186046,-267.16290931542335
F15S60,15,60,360,-5,-20,-50,-30,10,20,15,4180,0.6,0.3,2.0,0.45,130,-181.8093823771096,41.53846153846154,-588.1770000736069
F15S60,15,60,360,-5,-20,-50,-30,10,15,15,3927,0.6,0.3,2.0,0.45,117,-181.99795093184503,40.17094017094017,-484.1683069939295
F60S90,60,90,360,-5,-20,-50,-30,10,15,15,682,0.55,0.25,2.2,0.4,9,-182.85539017072097,11.11111111111111,-155.65015244248934
F15S60,15,60,360,-5,-20,-40,-20,10,20,15,2805,0.65,0.35,1.8571428571428574,0.45,48,-182.93688736442027,45.83333333333333,-517.9987170576469
F15S60,15,60,360,-5,-20,-60,-30,0,20,15,4303,0.65,0.35,1.8571428571428574,0.4,102,-183.66417522799338,37.254901960784316,-604.2180306546265
F30S120,30,120,240,0,-20,-40,-30,0,20,15,1063,0.65,0.35,1.8571428571428574,0.4,8,-183.9427930465804,0.0,-164.7666678653959
F15S60,15,60,360,0,-20,-40,-30,0,20,15,3339,0.6,0.25,2.4,0.45,53,-185.07081582582805,45.28301886792453,-458.8699333514405
F15S60,15,60,360,-5,-20,-40,-30,5,15,15,8690,0.65,0.35,1.8571428571428574,0.45,196,-185.6670924317973,43.36734693877551,-1094.9796509912862
F15S60,15,60,360,-5,-30,-40,-30,5,20,15,4902,0.7,0.2,3.4999999999999996,0.4,106,-186.76774087002877,31.132075471698112,-415.83637609864763
F60S90,60,90,360,-5,-20,-40,-30,5,20,15,2440,0.55,0.25,2.2,0.4,66,-189.481960046965,36.36363636363637,-373.6946599659891
F15S60,15,60,360,-5,-30,-40,-30,10,20,15,5132,0.55,0.25,2.2,0.4,218,-193.01210496143995,35.77981651376147,-728.1334496754794
F15S60,15,60,360,-5,-20,-50,-30,5,20,15,5359,0.7,0.2,3.4999999999999996,0.4,117,-193.5468537590241,28.205128205128204,-281.4417402910549
F15S60,15,60,360,-5,-20,-40,-30,0,20,10,8850,0.6,0.25,2.4,0.4,242,-195.8435552121823,40.082644628099175,-873.5140567239832
F15S60,15,60,360,-5,-20,-40,-20,5,15,15,3087,0.55,0.25,2.2,0.45,88,-197.7744395592522,43.18181818181818,-424.0242658955767
F15S60,15,60,360,-5,-30,-40,-30,10,20,15,5132,0.65,0.35,1.8571428571428574,0.45,113,-202.63291250768089,44.24778761061947,-919.2627477946071
F60S90,60,90,360,-5,-20,-40,-30,5,20,15,2440,0.55,0.25,2.2,0.45,52,-203.91908557734996,32.69230769230769,-343.9628150747362
F30S120,30,120,240,0,-20,-40,-30,0,20,15,1063,0.65,0.25,2.6,0.4,8,-205.85532922283937,0.0,-192.15809695056487
F15S60,15,60,360,-5,-20,-40,-30,0,20,10,8850,0.55,0.25,2.2,0.4,291,-206.13756063331812,38.144329896907216,-719.9036867450964
F15S60,15,60,360,-5,-20,-40,-30,0,20,10,8850,0.6,0.25,2.4,0.45,206,-206.9828741389465,40.77669902912621,-910.0502279800317
F15S60,15,60,360,-5,-20,-40,-30,0,20,10,8850,0.65,0.25,2.6,0.4,223,-210.58498132954082,38.56502242152467,-776.8749706645553
F15S60,15,60,360,-5,-30,-40,-30,5,15,15,4440,0.65,0.35,1.8571428571428574,0.45,122,-211.71345614151187,45.90163934426229,-797.5932784530137
F15S60,15,60,360,-5,-30,-50,-30,0,20,15,3301,0.6,0.25,2.4,0.4,119,-213.00594199961824,38.655462184873954,-609.7266146610937
F30S120,30,120,240,-5,-30,-40,-30,0,15,15,1555,0.6,0.15,4.0,0.45,8,-213.35239245875073,0.0,-203.0932100555856
F15S60,15,60,360,-5,-20,-40,-20,0,20,15,5230,0.65,0.35,1.8571428571428574,0.4,135,-215.5913370897233,45.18518518518518,-842.8759140954571
F15S60,15,60,360,-5,-20,-50,-30,0,20,10,3949,0.6,0.15,4.0,0.4,81,-217.8878953351009,28.39506172839506,-388.4397015385821
F60S90,60,90,360,-5,-20,-50,-30,10,15,15,682,0.55,0.25,2.2,0.45,8,-217.90539017072115,0.0,-190.70015244248953
F15S60,15,60,360,-5,-20,-40,-30,0,15,10,7138,0.6,0.25,2.4,0.45,169,-219.09449921048963,40.828402366863905,-869.3998722876204
F15S60,15,60,360,-5,-20,-50,-30,10,20,15,4180,0.65,0.25,2.6,0.45,109,-221.5769257657903,33.94495412844037,-530.9050746128655
F15S60,15,60,360,-5,-30,-40,-30,0,20,15,7470,0.65,0.25,2.6,0.4,174,-224.5162854892742,37.93103448275862,-702.9189907266577
F15S60,15,60,360,-5,-20,-40,-20,0,15,15,4625,0.6,0.15,4.0,0.45,82,-224.75188846024594,30.48780487804878,-320.47117511417537
F15S60,15,60,360,-5,-30,-40,-30,5,20,15,4902,0.65,0.25,2.6,0.45,126,-225.0406771659882,38.88888888888889,-738.2042243768528
F15S60,15,60,360,-5,-20,-50,-30,10,15,15,3927,0.65,0.35,1.8571428571428574,0.45,99,-226.77596895038823,34.34343434343434,-490.01781986349033
F15S60,15,60,360,0,-20,-40,-30,0,20,15,3339,0.55,0.25,2.2,0.4,74,-226.9200218453002,41.891891891891895,-378.4227669064394
F15S60,15,60,360,-5,-20,-50,-30,0,15,10,3266,0.55,0.25,2.2,0.45,102,-229.4415687321166,42.15686274509804,-571.323979030617
F15S60,15,60,360,-5,-20,-40,-30,0,15,10,7138,0.6,0.25,2.4,0.4,206,-231.84699357681393,38.83495145631068,-785.1532990934325
F15S60,15,60,360,-5,-20,-40,-20,5,15,15,3087,0.65,0.25,2.6,0.4,66,-234.84005450073528,33.33333333333333,-511.2385032852899
F15S60,15,60,360,-5,-20,-50,-30,0,20,10,3949,0.6,0.25,2.4,0.45,99,-236.00695636682258,38.38383838383838,-498.1550591409482
F15S60,15,60,360,-5,-20,-40,-30,5,15,15,8690,0.65,0.35,1.8571428571428574,0.4,223,-236.86367476181113,41.70403587443946,-1162.5244068456304
F15S60,15,60,360,-5,-20,-40,-30,10,20,15,8217,0.7,0.2,3.4999999999999996,0.45,155,-237.46804262381056,30.32258064516129,-658.5237782420377
F15S60,15,60,360,-5,-30,-50,-30,0,20,15,3301,0.65,0.25,2.6,0.4,107,-239.31820873564948,37.38317757009346,-390.43767387311345
F15S60,15,60,360,-5,-20,-40,-30,0,20,10,8850,0.6,0.15,4.0,0.45,176,-241.7072362905128,28.97727272727273,-638.1811763732562
F15S60,15,60,360,-5,-30,-40,-30,0,20,15,7470,0.6,0.3,2.0,0.4,217,-242.92915647252948,42.857142857142854,-673.9473679578286
F15S60,15,60,360,-5,-20,-40,-30,5,20,15,9291,0.65,0.25,2.6,0.4,240,-247.65271321040882,37.5,-904.4825243463138
F15S60,15,60,360,-5,-30,-50,-30,0,20,15,3301,0.65,0.35,1.8571428571428574,0.4,104,-248.14429909719638,41.34615384615385,-554.168391374963
F15S60,15,60,360,-5,-20,-50,-30,0,15,10,3266,0.7,0.2,3.4999999999999996,0.45,32,-250.00012059792334,21.875,-282.5125561982968
F15S60,15,60,360,-5,-20,-50,-30,5,20,15,5359,0.65,0.35,1.8571428571428574,0.45,132,-250.15462861089236,40.15151515151515,-568.4907279886702
F15S60,15,60,360,-5,-30,-40,-30,0,15,15,6070,0.6,0.3,2.0,0.45,145,-250.3747736627538,43.44827586206896,-704.4686547396104
F60S90,60,90,360,-5,-20,-40,-30,5,15,15,2211,0.55,0.25,2.2,0.4,62,-251.01449206328698,33.87096774193548,-361.12428761568117
F15S60,15,60,360,-5,-20,-50,-30,0,20,15,8170,0.6,0.25,2.4,0.4,239,-251.23238027216757,38.912133891213394,-727.1664450765397
F15S60,15,60,360,-5,-30,-40,-30,0,20,15,7470,0.55,0.25,2.2,0.45,221,-253.49171440819055,37.55656108597285,-608.8594059083889
F15S60,15,60,360,-5,-20,-50,-30,0,20,15,8170,0.7,0.2,3.4999999999999996,0.45,138,-257.73544366522583,31.88405797101449,-619.1990856464217
F15S60,15,60,360,-5,-20,-40,-20,5,20,15,3263,0.7,0.2,3.4999999999999996,0.4,58,-258.94672645827586,29.310344827586203,-433.30219454488315
F15S60,15,60,360,-5,-20,-50,-30,0,15,10,3266,0.55,0.25,2.2,0.4,123,-259.3626310887994,42.27642276422765,-555.9275511352175
F15S60,15,60,360,-5,-30,-40,-30,10,20,15,5132,0.65,0.25,2.6,0.4,128,-262.20271369001193,35.15625,-521.3441429299287
F15S60,15,60,360,-5,-30,-40,-30,0,20,15,7470,0.6,0.25,2.4,0.45,183,-263.96292501824564,38.25136612021858,-853.2824131749162
F15S60,15,60,360,0,-20,-40,-30,0,20,15,3339,0.55,0.25,2.2,0.45,60,-264.5269328550594,40.0,-417.8463250756281
F15S60,15,60,360,-5,-20,-40,-30,10,20,15,8217,0.65,0.25,2.6,0.4,222,-264.5523822051541,37.38738738738739,-893.0376815548198
F15S60,15,60,360,-5,-30,-40,-30,5,15,15,4440,0.55,0.25,2.2,0.45,168,-269.1392004127247,42.26190476190476,-775.7676392909525
F15S60,15,60,360,-5,-20,-50,-30,0,20,10,3949,0.55,0.25,2.2,0.4,143,-270.71906002101423,39.86013986013986,-690.2112648595125
F15S60,15,60,360,-5,-30,-40,-30,10,15,15,4457,0.6,0.25,2.4,0.4,144,-271.70879904176445,37.5,-614.8148979832731
F15S60,15,60,360,-5,-20,-40,-20,10,20,15,2805,0.7,0.2,3.4999999999999996,0.4,55,-272.7711950032549,27.27272727272727,-506.9802659528232
F15S60,15,60,360,-5,-20,-50,-30,0,20,15,8170,0.55,0.25,2.2,0.4,300,-272.97016543873224,38.0,-807.5453700654089
F15S60,15,60,360,-5,-20,-50,-30,0,20,10,3949,0.6,0.25,2.4,0.4,119,-275.32441052009744,39.49579831932773,-582.2365212200889
F15S60,15,60,360,-5,-30,-40,-30,5,20,15,4902,0.6,0.25,2.4,0.4,160,-279.3582655767823,41.25,-866.3869725533527
F15S60,15,60,360,-5,-30,-50,-30,0,20,15,3301,0.6,0.25,2.4,0.45,101,-281.9842593904541,37.62376237623762,-540.9735971008913
F15S60,15,60,360,-5,-20,-40,-20,10,20,15,2805,0.65,0.25,2.6,0.4,71,-284.40374383840117,33.80281690140845,-449.23916743748487
F15S60,15,60,360,-5,-20,-40,-20,0,15,15,4625,0.6,0.3,2.0,0.4,133,-284.7896752862707,42.10526315789473,-689.204993710679
F15S60,15,60,360,-5,-20,-40,-20,5,15,15,3087,0.7,0.2,3.4999999999999996,0.4,50,-284.856387577704,30.0,-403.23294874775365
F15S60,15,60,360,-5,-20,-40,-20,0,15,15,4625,0.7,0.2,3.4999999999999996,0.45,54,-288.592759169092,31.48148148148148,-459.70967990488725
F15S60,15,60,360,-5,-20,-50,-30,0,20,15,8170,0.65,0.25,2.6,0.4,216,-289.23333691467315,35.648148148148145,-880.8132856555139
F15S60,15,60,360,-5,-20,-40,-30,0,20,15,14616,0.7,0.2,3.4999999999999996,0.45,217,-291.18951649704786,31.797235023041477,-526.7956210587686
F15S60,15,60,360,-5,-30,-40,-30,10,20,15,5132,0.55,0.25,2.2,0.45,183,-292.36075655653576,36.6120218579235,-799.6760650419105
F15S60,15,60,360,-5,-20,-40,-30,0,20,15,14616,0.55,0.25,2.2,0.4,375,-294.7551529187749,37.6,-913.9422664688536
F15S60,15,60,360,-5,-30,-50,-30,0,20,15,3301,0.65,0.25,2.6,0.45,86,-307.33897630114825,34.883720930232556,-456.3699424436927
F15S60,15,60,360,-5,-30,-40,-30,5,20,15,4902,0.7,0.2,3.4999999999999996,0.45,79,-307.6627719079129,32.91139240506329,-542.6881982938344
F15S60,15,60,360,-5,-30,-40,-30,5,15,15,4440,0.65,0.25,2.6,0.45,109,-308.48017911668785,40.36697247706422,-721.7166189432378
F15S60,15,60,360,-5,-20,-40,-20,5,15,15,3087,0.65,0.25,2.6,0.45,58,-315.58255163441754,32.758620689655174,-475.18367024890813
F15S60,15,60,360,-5,-30,-40,-30,0,15,15,6070,0.65,0.25,2.6,0.4,162,-318.46958318816723,38.88888888888889,-844.8692576822418
F15S60,15,60,360,-5,-20,-40,-30,0,20,15,14616,0.6,0.15,4.0,0.45,253,-319.31167336542467,27.27272727272727,-606.942767425759
F15S60,15,60,360,-5,-30,-40,-30,0,20,15,7470,0.65,0.25,2.6,0.45,153,-324.69067692121826,34.64052287581699,-691.3815037538352
F15S60,15,60,360,-5,-30,-40,-30,10,20,15,5132,0.6,0.3,2.0,0.4,165,-330.80091785027344,39.39393939393939,-591.0929061537195
F15S60,15,60,360,-5,-20,-50,-30,0,20,10,3949,0.65,0.25,2.6,0.4,95,-338.8683080122378,33.68421052631579,-582.4535261217975
F15S60,15,60,360,-5,-20,-40,-30,5,15,15,8690,0.65,0.25,2.6,0.45,197,-341.456164842034,36.54822335025381,-1048.2248596823497
F15S60,15,60,360,-5,-20,-40,-30,10,20,15,8217,0.6,0.25,2.4,0.4,269,-341.6108106588831,38.28996282527881,-795.3826987409061
F15S60,15,60,360,-5,-30,-40,-30,10,15,15,4457,0.6,0.25,2.4,0.45,117,-345.81419215946244,36.75213675213676,-568.1118793727155
F15S60,15,60,360,-5,-20,-50,-30,5,15,15,5154,0.6,0.3,2.0,0.45,157,-346.48037354172084,41.40127388535032,-678.0940628450044
F15S60,15,60,360,-5,-20,-40,-30,0,20,10,8850,0.6,0.3,2.0,0.4,224,-357.0627536970651,42.410714285714285,-706.5059333157551
F15S60,15,60,360,-5,-30,-40,-30,0,15,15,6070,0.6,0.25,2.4,0.4,169,-357.2366057521772,41.42011834319527,-865.3610181158888
F15S60,15,60,360,-5,-30,-40,-30,0,20,15,7470,0.55,0.25,2.2,0.4,266,-357.5485802657995,36.09022556390977,-569.6548047177585
F15S60,15,60,360,-5,-20,-40,-30,0,20,15,14616,0.6,0.15,4.0,0.4,302,-361.4615152721831,25.165562913907287,-814.771879108237
F15S60,15,60,360,-5,-20,-40,-30,5,20,15,9291,0.55,0.25,2.2,0.4,335,-363.69068197809884,37.91044776119403,-1051.5805478010006
F15S60,15,60,360,-5,-30,-40,-30,0,15,15,6070,0.7,0.2,3.4999999999999996,0.45,85,-364.1783443981217,27.058823529411764,-740.0866406526693
F15S60,15,60,360,-5,-20,-40,-30,5,15,15,8690,0.6,0.25,2.4,0.4,266,-366.61016945677557,37.21804511278196,-1051.1992443319687
F15S60,15,60,360,-5,-20,-50,-30,10,20,15,4180,0.6,0.3,2.0,0.4,160,-371.3515080207244,40.0,-747.1436331054192
F15S60,15,60,360,-5,-20,-50,-30,10,20,15,4180,0.65,0.25,2.6,0.4,129,-378.0804860909775,31.782945736434108,-643.8607870468263
F15S60,15,60,360,-5,-20,-50,-30,0,15,15,7269,0.65,0.25,2.6,0.45,175,-385.2365233564674,36.0,-793.1121047018323
F15S60,15,60,360,-5,-20,-50,-30,0,20,10,3949,0.55,0.25,2.2,0.45,124,-388.2943311072813,37.096774193548384,-685.087502646576
F15S60,15,60,360,-5,-20,-40,-30,10,15,15,7430,0.6,0.3,2.0,0.45,202,-393.27005584923654,43.56435643564357,-852.3692365136485
F15S60,15,60,360,-5,-20,-40,-20,5,20,15,3263,0.55,0.25,2.2,0.45,103,-399.1400828747437,39.80582524271845,-612.6992590651653
F15S60,15,60,360,-5,-30,-40,-30,5,20,15,4902,0.6,0.25,2.4,0.45,134,-400.92618449454267,39.55223880597015,-797.2457529117819
F15S60,15,60,360,-5,-20,-40,-20,0,20,15,5230,0.6,0.3,2.0,0.4,163,-403.62947028989083,41.104294478527606,-801.126675119498
F15S60,15,60,360,-5,-20,-40,-30,10,20,15,8217,0.6,0.3,2.0,0.45,214,-406.5083871903066,42.99065420560748,-842.7180553707899
F15S60,15,60,360,-5,-20,-40,-20,5,15,15,3087,0.7,0.2,3.4999999999999996,0.45,42,-410.27275731535474,26.190476190476193,-444.9037604315895
F15S60,15,60,360,-5,-20,-40,-30,0,15,10,7138,0.6,0.3,2.0,0.4,210,-410.8621616055857,43.333333333333336,-1111.9241817587376
F15S60,15,60,360,-5,-20,-50,-30,5,15,15,5154,0.7,0.2,3.4999999999999996,0.45,97,-415.5525710258412,21.649484536082475,-451.186331537981
F15S60,15,60,360,-5,-20,-40,-30,0,15,15,12484,0.65,0.35,1.8571428571428574,0.4,264,-416.79615753755115,45.83333333333333,-1144.3696763803991
F15S60,15,60,360,-5,-30,-40,-30,5,20,15,4902,0.65,0.25,2.6,0.4,146,-418.2279836797097,38.35616438356164,-813.7235097971525
F15S60,15,60,360,-5,-30,-40,-30,0,20,10,4477,0.6,0.3,2.0,0.45,111,-419.10723757516143,38.73873873873874,-519.6537211051914
F15S60,15,60,360,-5,-20,-50,-30,0,15,15,7269,0.65,0.35,1.8571428571428574,0.45,157,-419.27936425715325,42.038216560509554,-928.8435193347559
F15S60,15,60,360,-5,-20,-50,-30,0,20,15,8170,0.55,0.25,2.2,0.45,259,-422.499356900425,37.06563706563706,-800.4715913582531
F15S60,15,60,360,-5,-30,-50,-30,0,20,15,3301,0.65,0.35,1.8571428571428574,0.45,87,-425.5696154301777,39.08045977011494,-610.5826640371552
F15S60,15,60,360,-5,-20,-50,-30,5,15,15,5154,0.65,0.25,2.6,0.45,138,-428.37532856349026,35.507246376811594,-769.7379347955657
F15S60,15,60,360,-5,-20,-40,-20,0,20,15,5230,0.6,0.3,2.0,0.45,129,-429.6242156531107,38.759689922480625,-791.9847947499079
F15S60,15,60,360,-5,-20,-50,-30,10,15,15,3927,0.65,0.35,1.8571428571428574,0.4,115,-433.5648358536305,33.91304347826087,-738.3658682776345
F15S60,15,60,360,-5,-20,-50,-30,10,15,15,3927,0.7,0.2,3.4999999999999996,0.45,69,-433.97184229063987,20.28985507246377,-504.8971106910485
F15S60,15,60,360,-5,-20,-50,-30,5,15,15,5154,0.6,0.25,2.4,0.4,177,-435.8937270565234,35.02824858757062,-901.0799019450351
F15S60,15,60,360,-5,-20,-50,-30,0,20,10,3949,0.65,0.25,2.6,0.45,85,-439.2167375741419,32.94117647058823,-701.0728440096518
F15S60,15,60,360,-5,-20,-40,-30,5,20,15,9291,0.55,0.25,2.2,0.45,291,-440.2698525439041,37.80068728522337,-1051.797149285232
F15S60,15,60,360,-5,-20,-40,-20,0,15,15,4625,0.6,0.3,2.0,0.45,109,-444.0477243917521,41.284403669724774,-654.6833750685696
F15S60,15,60,360,-5,-20,-50,-30,5,15,15,5154,0.6,0.3,2.0,0.4,187,-450.5003726268251,40.106951871657756,-843.6431180684513
F15S60,15,60,360,-5,-30,-50,-30,0,15,15,2836,0.6,0.3,2.0,0.4,89,-454.2175596076595,37.07865168539326,-791.226824971634
F15S60,15,60,360,-5,-30,-40,-30,0,20,15,7470,0.65,0.35,1.8571428571428574,0.4,179,-455.0503325006116,40.78212290502793,-793.7348717108453
F15S60,15,60,360,-5,-20,-40,-30,5,20,15,9291,0.7,0.2,3.4999999999999996,0.45,176,-469.3827485490042,28.97727272727273,-817.9436405200654
F15S60,15,60,360,-5,-30,-50,-30,0,15,15,2836,0.65,0.25,2.6,0.4,92,-469.67903395146004,33.69565217391305,-646.9916507237672
F15S60,15,60,360,-5,-20,-40,-20,0,20,15,5230,0.55,0.25,2.2,0.4,186,-470.47376366347316,37.096774193548384,-856.2024011538597
F15S60,15,60,360,-5,-30,-50,-30,0,20,15,3301,0.6,0.3,2.0,0.45,100,-474.3023629708109,38.0,-692.0198238471407
F15S60,15,60,360,-5,-30,-40,-30,0,20,15,7470,0.6,0.3,2.0,0.45,180,-482.4522461637098,43.888888888888886,-838.0321032917991
F15S60,15,60,360,-5,-20,-40,-30,10,20,15,8217,0.6,0.25,2.4,0.45,223,-487.6724141858458,37.219730941704036,-963.9126328771472
F15S60,15,60,360,-5,-20,-50,-30,5,15,15,5154,0.65,0.35,1.8571428571428574,0.45,128,-489.1864474547906,40.625,-820.224847411946
F15S60,15,60,360,-5,-20,-40,-20,0,15,15,4625,0.6,0.25,2.4,0.4,136,-491.03316317671397,38.970588235294116,-714.1934868327994
F15S60,15,60,360,-5,-30,-50,-30,0,20,15,3301,0.6,0.3,2.0,0.4,120,-491.65590030780913,39.166666666666664,-733.8833853666006
F15S60,15,60,360,-5,-20,-40,-30,0,20,15,14616,0.65,0.35,1.8571428571428574,0.45,239,-494.39994498282385,41.84100418410041,-1304.3839197982093
F15S60,15,60,360,-5,-20,-40,-30,0,15,15,12484,0.55,0.25,2.2,0.4,356,-496.6197817649859,37.359550561797754,-1193.0504988124903
F15S60,15,60,360,-5,-20,-50,-30,10,20,15,4180,0.65,0.35,1.8571428571428574,0.45,110,-497.4234855263994,35.45454545454545,-773.9564248549423
F15S60,15,60,360,-5,-20,-40,-30,0,20,15,14616,0.6,0.3,2.0,0.45,277,-497.89989616714547,39.71119133574007,-1381.9480538285711
F15S60,15,60,360,-5,-20,-50,-30,5,20,15,5359,0.55,0.25,2.2,0.45,180,-505.3858123565469,36.11111111111111,-862.3064322223613
F15S60,15,60,360,-5,-20,-50,-30,0,20,10,3949,0.6,0.3,2.0,0.4,128,-507.23624298381037,39.0625,-866.458021453268
F15S60,15,60,360,-5,-20,-50,-30,0,20,15,8170,0.65,0.25,2.6,0.45,182,-509.20952909870357,34.065934065934066,-823.107174017056
F15S60,15,60,360,-5,-20,-40,-20,0,20,15,5230,0.65,0.25,2.6,0.45,97,-509.98718713265544,38.144329896907216,-972.2681421927036
F15S60,15,60,360,-5,-20,-50,-30,0,15,15,7269,0.7,0.2,3.4999999999999996,0.4,148,-510.1475425178942,29.72972972972973,-726.996831027036
F15S60,15,60,360,-5,-20,-50,-30,0,20,15,8170,0.65,0.35,1.8571428571428574,0.45,172,-512.0126519799969,41.86046511627907,-830.8382207251489
F15S60,15,60,360,-5,-20,-50,-30,0,20,10,3949,0.6,0.3,2.0,0.45,104,-519.5861997939801,38.46153846153847,-765.7963788485927
F15S60,15,60,360,-5,-20,-50,-30,0,15,15,7269,0.6,0.25,2.4,0.45,191,-524.2760444092023,36.12565445026178,-919.4110286840055
F15S60,15,60,360,-5,-30,-40,-30,0,15,15,6070,0.65,0.25,2.6,0.45,128,-524.9305838474847,36.71875,-950.6941574126754
F15S60,15,60,360,-5,-20,-50,-30,10,15,15,3927,0.7,0.2,3.4999999999999996,0.4,79,-529.7724019190459,21.518987341772153,-611.7580033215522
F15S60,15,60,360,-5,-30,-40,-30,0,15,15,6070,0.55,0.25,2.2,0.4,245,-535.3201167998436,37.55102040816327,-1185.1388567626968
F15S60,15,60,360,-5,-20,-40,-30,10,20,15,8217,0.65,0.35,1.8571428571428574,0.4,220,-535.8181939559404,40.909090909090914,-856.4953207065228
F15S60,15,60,360,-5,-20,-50,-30,5,15,15,5154,0.65,0.35,1.8571428571428574,0.4,144,-541.9286781991977,38.88888888888889,-918.8496106916764
F15S60,15,60,360,-5,-20,-40,-30,10,20,15,8217,0.65,0.35,1.8571428571428574,0.45,188,-548.9971817557494,42.5531914893617,-924.1171349618571
F15S60,15,60,360,-5,-20,-40,-30,0,20,10,8850,0.6,0.3,2.0,0.45,195,-549.0008348756128,40.51282051282051,-904.3145433470008
F15S60,15,60,360,-5,-20,-40,-30,5,20,15,9291,0.6,0.3,2.0,0.4,274,-555.7187585359297,42.700729927007295,-1192.6194252217333
F15S60,15,60,360,-5,-20,-50,-30,0,20,15,8170,0.65,0.35,1.8571428571428574,0.4,204,-559.1579110565117,42.15686274509804,-1031.7241632073747
F15S60,15,60,360,-5,-20,-50,-30,0,15,15,7269,0.7,0.2,3.4999999999999996,0.45,122,-564.133862205762,30.327868852459016,-690.0534327288524
F15S60,15,60,360,-5,-20,-40,-30,0,20,15,14616,0.7,0.2,3.4999999999999996,0.4,246,-576.4822809726779,30.48780487804878,-909.0968552616696
F15S60,15,60,360,-5,-30,-50,-30,0,20,15,3301,0.55,0.25,2.2,0.4,163,-577.1897970466302,36.809815950920246,-733.6938905445272
F15S60,15,60,360,-5,-30,-40,-30,0,20,15,7470,0.6,0.25,2.4,0.4,206,-577.6311466889306,34.95145631067961,-906.9684451728658
F15S60,15,60,360,-5,-20,-40,-30,0,15,15,12484,0.65,0.25,2.6,0.45,241,-579.9278193963282,37.75933609958506,-918.8734483441299
F15S60,15,60,360,-5,-20,-50,-30,5,15,15,5154,0.65,0.25,2.6,0.4,158,-587.034793027824,34.810126582278485,-895.0569624716
F15S60,15,60,360,-5,-20,-40,-30,0,15,10,7138,0.6,0.3,2.0,0.45,180,-597.3062371227343,42.77777777777778,-1026.3056410951808
F15S60,15,60,360,-5,-20,-40,-30,5,20,15,9291,0.6,0.3,2.0,0.45,251,-598.8296838150281,41.832669322709165,-1087.1411007858478
F15S60,15,60,360,-5,-20,-50,-30,0,15,15,7269,0.6,0.3,2.0,0.4,210,-599.42939497611,39.523809523809526,-1218.6503892025207
F15S60,15,60,360,-5,-20,-50,-30,10,20,15,4180,0.65,0.35,1.8571428571428574,0.4,128,-602.9505325678156,36.71875,-975.9819435196823
F15S60,15,60,360,-5,-20,-40,-20,5,20,15,3263,0.7,0.2,3.4999999999999996,0.45,41,-616.3508916829114,19.51219512195122,-670.5597461978259
F15S60,15,60,360,-5,-30,-40,-30,0,20,10,4477,0.6,0.3,2.0,0.4,137,-616.6434324809788,39.416058394160586,-770.813320410366
F15S60,15,60,360,-5,-20,-40,-30,10,15,15,7430,0.6,0.3,2.0,0.4,245,-624.812197570162,42.04081632653061,-1117.0662400383585
F15S60,15,60,360,-5,-20,-50,-30,0,15,15,7269,0.65,0.35,1.8571428571428574,0.4,185,-624.8421051932137,41.62162162162162,-1074.3287251542797
F15S60,15,60,360,-5,-20,-40,-30,5,20,15,9291,0.65,0.35,1.8571428571428574,0.45,198,-626.4152330506518,39.8989898989899,-1026.5947020309613
F15S60,15,60,360,-5,-20,-40,-30,0,20,10,8850,0.55,0.25,2.2,0.45,248,-630.0509037263892,35.08064516129033,-961.07730861346
F15S60,15,60,360,-5,-30,-40,-30,0,20,15,7470,0.65,0.35,1.8571428571428574,0.45,153,-631.0795701849579,41.17647058823529,-891.2607567387286
F15S60,15,60,360,-5,-20,-40,-30,5,15,15,8690,0.55,0.25,2.2,0.4,312,-634.6467745201016,35.8974358974359,-1143.065195240475
F15S60,15,60,360,-5,-20,-50,-30,5,15,15,5154,0.6,0.25,2.4,0.45,153,-639.3393846820504,33.98692810457516,-822.8668887180347
F15S60,15,60,360,-5,-20,-40,-30,0,20,15,14616,0.55,0.25,2.2,0.45,338,-644.8783739187402,36.68639053254438,-1021.1732901684918
F15S60,15,60,360,-5,-30,-40,-30,0,15,15,6070,0.55,0.25,2.2,0.45,200,-648.8887941421017,38.5,-1168.3635646648313
F15S60,15,60,360,-5,-20,-50,-30,0,20,15,8170,0.6,0.3,2.0,0.45,206,-650.367607497777,39.80582524271845,-866.4083548147332
F15S60,15,60,360,-5,-20,-40,-30,5,20,15,9291,0.6,0.25,2.4,0.45,231,-661.4309313003687,37.22943722943723,-1063.9053413518322
F15S60,15,60,360,-5,-20,-40,-30,10,20,15,8217,0.6,0.3,2.0,0.4,259,-664.8291026542838,40.92664092664093,-1187.7923606213399
F15S60,15,60,360,-5,-30,-50,-30,0,15,15,2836,0.55,0.25,2.2,0.45,110,-682.6508072405991,34.54545454545455,-860.8627766691352
F15S60,15,60,360,-5,-20,-40,-30,5,15,15,8690,0.6,0.25,2.4,0.45,223,-711.6278491563667,33.6322869955157,-1095.486114905686
F15S60,15,60,360,-5,-20,-40,-30,5,15,15,8690,0.6,0.3,2.0,0.45,231,-717.831034398072,40.692640692640694,-1135.3563841290352
F15S60,15,60,360,-5,-20,-40,-30,0,20,15,14616,0.65,0.35,1.8571428571428574,0.4,273,-718.3396001208876,41.02564102564102,-1145.9622693072706
F15S60,15,60,360,-5,-20,-40,-20,0,15,15,4625,0.55,0.25,2.2,0.4,163,-741.7651892692347,35.58282208588957,-948.7285917582417
F15S60,15,60,360,-5,-20,-40,-20,0,20,15,5230,0.55,0.25,2.2,0.45,149,-743.4874092468708,35.57046979865772,-1043.9677256794507
F15S60,15,60,360,-5,-20,-40,-20,0,15,15,4625,0.55,0.25,2.2,0.45,138,-747.6195600232909,34.78260869565217,-894.2539649703349
F15S60,15,60,360,-5,-20,-40,-30,0,20,15,14616,0.6,0.25,2.4,0.4,324,-747.6605936668261,36.11111111111111,-1160.7328981087367
F15S60,15,60,360,-5,-30,-40,-30,5,20,15,4902,0.6,0.3,2.0,0.4,150,-751.2908744923361,40.0,-1061.1402170633564
F15S60,15,60,360,-5,-20,-40,-30,0,20,15,14616,0.6,0.3,2.0,0.4,310,-769.4198380514922,38.387096774193544,-1370.7007814119734
F15S60,15,60,360,-5,-20,-40,-30,5,20,15,9291,0.65,0.25,2.6,0.45,199,-771.2733129749245,34.67336683417086,-1098.8110686533155
F15S60,15,60,360,-5,-20,-40,-30,5,20,15,9291,0.6,0.25,2.4,0.4,273,-776.3600331264247,37.72893772893773,-1233.8031236057814
F15S60,15,60,360,-5,-20,-40,-30,0,15,15,12484,0.65,0.35,1.8571428571428574,0.45,233,-782.2227761513818,42.06008583690987,-1248.062255834388
F15S60,15,60,360,-5,-20,-50,-30,0,15,15,7269,0.6,0.25,2.4,0.4,233,-785.3104852231595,36.05150214592275,-1186.0059762659603
F15S60,15,60,360,-5,-20,-40,-30,0,15,15,12484,0.6,0.25,2.4,0.4,315,-804.9021958280014,36.507936507936506,-1308.5830513148771
F15S60,15,60,360,-5,-20,-40,-30,0,15,10,7138,0.55,0.25,2.2,0.45,215,-807.7443319781328,37.67441860465116,-1257.655172989509
F15S60,15,60,360,-5,-30,-40,-30,5,20,15,4902,0.6,0.3,2.0,0.45,132,-813.8011683926056,39.39393939393939,-1097.9323955303394
F15S60,15,60,360,-5,-20,-40,-30,5,15,15,8690,0.6,0.3,2.0,0.4,267,-815.0371276009091,40.074906367041194,-1323.2156814032155
F15S60,15,60,360,-5,-20,-40,-30,5,15,15,8690,0.55,0.25,2.2,0.45,275,-815.2381735306717,36.72727272727273,-1153.9928976269262
F15S60,15,60,360,-5,-30,-50,-30,0,20,15,3301,0.55,0.25,2.2,0.45,128,-868.3988943330673,34.375,-1005.2191192494306
F15S60,15,60,360,-5,-20,-50,-30,0,20,15,8170,0.6,0.25,2.4,0.45,205,-873.4549535115293,36.09756097560975,-1130.2715615001816
F15S60,15,60,360,-5,-20,-40,-20,0,15,15,4625,0.6,0.25,2.4,0.45,106,-888.9690336303534,33.0188679245283,-916.1384432341038
F15S60,15,60,360,-5,-30,-50,-30,0,15,15,2836,0.55,0.25,2.2,0.4,135,-889.0653181380462,31.851851851851855,-897.1867229047962
F15S60,15,60,360,-5,-20,-40,-30,0,15,15,12484,0.6,0.25,2.4,0.45,268,-909.4210597955944,36.56716417910448,-1224.6646864696427
F15S60,15,60,360,-5,-20,-50,-30,0,15,15,7269,0.6,0.3,2.0,0.45,176,-934.401175237931,38.63636363636363,-1112.5437873297624
F15S60,15,60,360,-5,-20,-40,-30,0,15,10,7138,0.55,0.25,2.2,0.4,250,-953.5950954279529,37.2,-1459.5036121981648
F15S60,15,60,360,-5,-20,-40,-30,5,20,15,9291,0.65,0.35,1.8571428571428574,0.4,241,-958.6682196800557,41.078838174273855,-1455.7301980131333
F15S60,15,60,360,-5,-20,-40,-30,0,15,15,12484,0.6,0.3,2.0,0.45,263,-980.4911149395566,39.543726235741445,-1408.3219844923128
F15S60,15,60,360,-5,-20,-40,-30,0,15,15,12484,0.6,0.3,2.0,0.4,299,-998.967975538791,38.46153846153847,-1460.258395135494
F60S90,60,90,360,-5,-20,-40,-20,0,15,15,437,0.7,0.2,3.4999999999999996,0.45,0,-999.0,0.0,0.0
F60S90,60,90,360,-5,-20,-40,-20,0,20,15,585,0.7,0.2,3.4999999999999996,0.45,0,-999.0,0.0,0.0
F60S90,60,90,360,-5,-20,-40,-20,0,15,15,437,0.65,0.35,1.8571428571428574,0.45,0,-999.0,0.0,0.0
F60S90,60,90,360,-5,-20,-40,-20,0,15,15,437,0.65,0.35,1.8571428571428574,0.4,0,-999.0,0.0,0.0
F30S120,30,120,240,-5,-30,-40,-30,10,20,10,743,0.7,0.2,3.4999999999999996,0.45,0,-999.0,0.0,0.0
F30S120,30,120,240,-5,-20,-40,-20,0,15,15,1239,0.7,0.2,3.4999999999999996,0.45,0,-999.0,0.0,0.0
F30S120,30,120,240,-5,-20,-60,-30,0,15,15,842,0.7,0.2,3.4999999999999996,0.45,0,-999.0,0.0,0.0
F30S120,30,120,240,-5,-20,-60,-30,0,15,15,842,0.7,0.2,3.4999999999999996,0.4,0,-999.0,0.0,0.0
F30S120,30,120,240,-5,-20,-40,-30,10,15,10,972,0.6,0.15,4.0,0.45,0,-999.0,0.0,0.0
F30S120,30,120,240,-5,-20,-40,-30,10,15,10,972,0.7,0.2,3.4999999999999996,0.45,0,-999.0,0.0,0.0
F60S90,60,90,360,-5,-30,-40,-30,10,20,15,501,0.65,0.25,2.6,0.45,0,-999.0,0.0,0.0
F60S90,60,90,360,0,-20,-40,-30,0,20,15,556,0.6,0.15,4.0,0.4,0,-999.0,0.0,0.0
F60S90,60,90,360,0,-20,-40,-30,0,20,15,556,0.6,0.15,4.0,0.45,0,-999.0,0.0,0.0
F60S90,60,90,360,-5,-30,-40,-30,10,20,15,501,0.65,0.35,1.8571428571428574,0.4,0,-999.0,0.0,0.0
F60S90,60,90,360,-5,-30,-40,-30,10,20,15,501,0.65,0.35,1.8571428571428574,0.45,0,-999.0,0.0,0.0
F60S90,60,90,360,-5,-30,-40,-30,10,20,15,501,0.65,0.25,2.6,0.4,0,-999.0,0.0,0.0
F60S90,60,90,360,-5,-20,-40,-20,0,20,15,585,0.7,0.2,3.4999999999999996,0.4,0,-999.0,0.0,0.0
F60S90,60,90,360,-5,-30,-40,-30,0,15,15,485,0.6,0.25,2.4,0.45,0,-999.0,0.0,0.0
F60S90,60,90,360,-5,-20,-40,-20,0,15,15,437,0.7,0.2,3.4999999999999996,0.4,0,-999.0,0.0,0.0
F60S90,60,90,360,-5,-30,-40,-30,0,15,15,485,0.6,0.3,2.0,0.45,0,-999.0,0.0,0.0
F60S90,60,90,360,0,-20,-40,-30,0,15,15,430,0.65,0.25,2.6,0.45,0,-999.0,0.0,0.0
F60S90,60,90,360,0,-20,-40,-30,0,15,15,430,0.7,0.2,3.4999999999999996,0.45,0,-999.0,0.0,0.0
F60S90,60,90,360,-5,-20,-40,-20,0,15,15,437,0.6,0.15,4.0,0.45,0,-999.0,0.0,0.0
F60S90,60,90,360,0,-20,-40,-30,0,15,15,430,0.6,0.25,2.4,0.4,0,-999.0,0.0,0.0
F60S90,60,90,360,-5,-20,-40,-20,0,15,15,437,0.6,0.25,2.4,0.4,0,-999.0,0.0,0.0
F60S90,60,90,360,0,-20,-40,-30,0,15,15,430,0.55,0.25,2.2,0.4,0,-999.0,0.0,0.0
F60S90,60,90,360,-5,-20,-40,-20,0,15,15,437,0.55,0.25,2.2,0.4,0,-999.0,0.0,0.0
F60S90,60,90,360,0,-20,-40,-30,0,15,15,430,0.6,0.15,4.0,0.45,0,-999.0,0.0,0.0
F60S90,60,90,360,-5,-20,-40,-20,0,15,15,437,0.6,0.15,4.0,0.4,0,-999.0,0.0,0.0
F60S90,60,90,360,0,-20,-40,-30,0,15,15,430,0.7,0.2,3.4999999999999996,0.4,0,-999.0,0.0,0.0
F60S90,60,90,360,-5,-20,-40,-20,0,15,15,437,0.6,0.3,2.0,0.45,0,-999.0,0.0,0.0
F60S90,60,90,360,0,-20,-40,-30,0,15,15,430,0.6,0.25,2.4,0.45,0,-999.0,0.0,0.0
F60S90,60,90,360,-5,-20,-40,-20,0,15,15,437,0.6,0.25,2.4,0.45,0,-999.0,0.0,0.0
F60S90,60,90,360,0,-20,-40,-30,0,15,15,430,0.65,0.25,2.6,0.4,0,-999.0,0.0,0.0
F60S90,60,90,360,0,-20,-40,-30,0,15,15,430,0.55,0.25,2.2,0.45,0,-999.0,0.0,0.0
F60S90,60,90,360,-5,-20,-40,-20,0,15,15,437,0.6,0.3,2.0,0.4,0,-999.0,0.0,0.0
F60S90,60,90,360,-5,-20,-40,-20,0,15,15,437,0.55,0.25,2.2,0.45,0,-999.0,0.0,0.0
F60S90,60,90,360,0,-20,-40,-30,0,15,15,430,0.65,0.35,1.8571428571428574,0.45,0,-999.0,0.0,0.0
F60S90,60,90,360,-5,-20,-40,-20,0,15,15,437,0.65,0.25,2.6,0.4,0,-999.0,0.0,0.0
F60S90,60,90,360,-5,-20,-40,-20,0,15,15,437,0.65,0.25,2.6,0.45,0,-999.0,0.0,0.0
F60S90,60,90,360,0,-20,-40,-30,0,15,15,430,0.65,0.35,1.8571428571428574,0.4,0,-999.0,0.0,0.0
F60S90,60,90,360,0,-20,-40,-30,0,15,15,430,0.6,0.15,4.0,0.4,0,-999.0,0.0,0.0
F60S90,60,90,360,0,-20,-40,-30,0,15,15,430,0.6,0.3,2.0,0.45,0,-999.0,0.0,0.0
F60S90,60,90,360,0,-20,-40,-30,0,15,15,430,0.6,0.3,2.0,0.4,0,-999.0,0.0,0.0
F15S60,15,60,360,-5,-20,-40,-30,0,15,15,12484,0.55,0.25,2.2,0.45,313,-1034.4416823095216,35.46325878594249,-1314.700078970513
F15S60,15,60,360,-5,-20,-40,-30,0,15,15,12484,0.65,0.25,2.6,0.4,284,-1042.5339872188033,35.563380281690144,-1306.869438411794
F15S60,15,60,360,-5,-20,-40,-30,0,20,15,14616,0.6,0.25,2.4,0.45,281,-1043.189973330661,34.16370106761566,-1451.7296481915864
F15S60,15,60,360,-5,-20,-40,-20,0,20,15,5230,0.6,0.25,2.4,0.4,164,-1061.434623721978,32.926829268292686,-1286.9298516011954
F15S60,15,60,360,-5,-20,-40,-20,0,20,15,5230,0.6,0.25,2.4,0.45,135,-1094.2442469727685,29.629629629629626,-1165.9912926830898
F15S60,15,60,360,-5,-20,-40,-30,0,20,15,14616,0.65,0.25,2.6,0.45,239,-1144.0881760112006,33.89121338912134,-1546.4225144035513
F15S60,15,60,360,-5,-20,-40,-30,0,20,15,14616,0.65,0.25,2.6,0.4,281,-1272.1645669460577,34.519572953736656,-1648.7833836912196
