fast_h,slow_h,ob,cool,os,rec,slk,exec_h,tp_x,sl_x,rr,bars,pos,hr,tp$,sl$,score
15,60,-20,-40,-70,-50,10,360,0.3,0.2,1.4999999999999998,4807,1329,27.647181194091946,24.890120357855416,16.593413571903614,1328
15,60,-20,-40,-70,-50,5,360,0.3,0.2,1.4999999999999998,4715,1289,27.338282078472957,24.814577420446824,16.543051613631217,1289
15,60,-10,-40,-70,-50,10,360,0.3,0.2,1.4999999999999998,4635,1285,27.72384034519957,24.816062750790717,16.54404183386048,1285
15,60,-10,-40,-70,-50,5,360,0.3,0.2,1.4999999999999998,4571,1248,27.3025596149639,24.685294985110794,16.456863323407195,1247
15,60,-20,-40,-70,-50,10,360,0.3,0.15,2.0,4807,1169,24.318701893072603,24.890120357855416,12.445060178927708,1169
15,60,-20,-40,-70,-50,10,360,0.35,0.2,1.7499999999999998,4807,1154,24.006656958602036,29.03847375083132,16.593413571903614,1153
15,60,-20,-40,-70,-50,5,360,0.3,0.15,2.0,4715,1137,24.114528101802758,24.814577420446824,12.407288710223412,1137
15,60,-10,-40,-70,-50,10,360,0.3,0.15,2.0,4635,1129,24.35814455231931,24.816062750790717,12.408031375395359,1129
15,60,-20,-40,-70,-50,5,360,0.35,0.2,1.7499999999999998,4715,1117,23.690349946977733,28.950340323854626,16.543051613631217,1117
15,60,-10,-40,-70,-50,10,360,0.35,0.2,1.7499999999999998,4635,1117,24.099244875943903,28.95207320925584,16.54404183386048,1116
15,60,-10,-40,-70,-50,5,360,0.3,0.15,2.0,4571,1100,24.064756070881646,24.685294985110794,12.342647492555397,1100
15,60,-10,-40,-70,-50,5,360,0.35,0.2,1.7499999999999998,4571,1085,23.736600306278714,28.799510815962584,16.456863323407195,1085
15,60,-20,-40,-70,-50,10,240,0.3,0.2,1.4999999999999998,4807,1071,22.280008321198252,24.890120357855416,16.593413571903614,1071
15,60,-20,-40,-70,-50,5,240,0.3,0.2,1.4999999999999998,4715,1047,22.205726405090136,24.814577420446824,16.543051613631217,1046
15,60,-10,-40,-70,-50,10,240,0.3,0.2,1.4999999999999998,4635,1036,22.351672060409925,24.816062750790717,16.54404183386048,1036
15,60,-10,-40,-70,-50,5,240,0.3,0.2,1.4999999999999998,4571,1017,22.24896084007876,24.685294985110794,16.456863323407195,1017
15,60,-20,-40,-70,-50,10,360,0.35,0.15,2.3333333333333335,4807,1016,21.135843561472853,29.03847375083132,12.445060178927708,1016
15,60,-20,-40,-70,-50,10,360,0.4,0.2,2.0,4807,996,20.719783648845432,33.18682714380723,16.593413571903614,995
15,60,-20,-40,-70,-50,5,360,0.35,0.15,2.3333333333333335,4715,983,20.848356309650054,28.950340323854626,12.407288710223412,983
15,60,-10,-40,-70,-50,10,360,0.35,0.15,2.3333333333333335,4635,983,21.208198489751886,28.95207320925584,12.408031375395359,983
15,60,-20,-40,-70,-50,5,360,0.4,0.2,2.0,4715,966,20.48780487804878,33.086103227262434,16.543051613631217,966
15,60,-20,-40,-70,-50,10,240,0.3,0.15,2.0,4807,963,20.033284793010196,24.890120357855416,12.445060178927708,963
15,60,-10,-40,-70,-50,10,360,0.4,0.2,2.0,4635,960,20.711974110032365,33.08808366772096,16.54404183386048,960
15,60,-10,-40,-70,-50,5,360,0.35,0.15,2.3333333333333335,4571,955,20.892583679719973,28.799510815962584,12.342647492555397,955
15,60,-20,-40,-70,-50,5,240,0.3,0.15,2.0,4715,940,19.936373276776244,24.814577420446824,12.407288710223412,939
15,60,-10,-40,-70,-50,5,360,0.4,0.2,2.0,4571,939,20.542550864143514,32.91372664681439,16.456863323407195,939
15,60,-10,-40,-70,-50,10,240,0.3,0.15,2.0,4635,932,20.10787486515642,24.816062750790717,12.408031375395359,932
15,60,-10,-40,-70,-50,5,240,0.3,0.15,2.0,4571,913,19.973747538831766,24.685294985110794,12.342647492555397,913
15,60,-20,-40,-70,-50,10,240,0.35,0.2,1.7499999999999998,4807,883,18.36904514250052,29.03847375083132,16.593413571903614,883
15,60,-20,-40,-70,-50,10,360,0.4,0.15,2.666666666666667,4807,881,18.32743915123778,33.18682714380723,12.445060178927708,881
15,60,-20,-40,-70,-50,5,240,0.35,0.2,1.7499999999999998,4715,865,18.345705196182397,28.950340323854626,16.543051613631217,865
15,60,-10,-40,-70,-50,10,240,0.35,0.2,1.7499999999999998,4635,860,18.554476806903992,28.95207320925584,16.54404183386048,860
15,60,-20,-40,-70,-50,5,360,0.4,0.15,2.666666666666667,4715,855,18.133616118769883,33.086103227262434,12.407288710223412,855
15,60,-10,-40,-70,-50,10,360,0.4,0.15,2.666666666666667,4635,849,18.31715210355987,33.08808366772096,12.408031375395359,849
15,60,-10,-40,-70,-50,5,240,0.35,0.2,1.7499999999999998,4571,846,18.507985123605337,28.799510815962584,16.456863323407195,846
15,60,-10,-40,-70,-50,5,360,0.4,0.15,2.666666666666667,4571,831,18.179829359002404,32.91372664681439,12.342647492555397,830
15,60,-20,-40,-70,-50,10,240,0.35,0.15,2.3333333333333335,4807,803,16.704805491990847,29.03847375083132,12.445060178927708,803
15,90,-20,-40,-70,-50,5,360,0.3,0.2,1.4999999999999998,2752,795,28.888081395348834,25.017486848417025,16.67832456561135,794
15,60,-20,-40,-70,-50,5,240,0.35,0.15,2.3333333333333335,4715,788,16.712619300106045,28.950340323854626,12.407288710223412,788
15,60,-10,-40,-70,-50,10,240,0.35,0.15,2.3333333333333335,4635,783,16.893203883495143,28.95207320925584,12.408031375395359,782
15,90,-20,-40,-70,-50,10,360,0.3,0.2,1.4999999999999998,2792,780,27.936962750716333,24.912830649679904,16.608553766453273,780
15,60,-10,-40,-70,-50,5,240,0.35,0.15,2.3333333333333335,4571,770,16.84532924961715,28.799510815962584,12.342647492555397,770
15,90,-10,-40,-70,-50,5,360,0.3,0.2,1.4999999999999998,2682,770,28.70991797166294,24.98166425050772,16.654442833671816,770
15,60,-20,-50,-70,-50,10,360,0.3,0.2,1.4999999999999998,2670,763,28.57677902621723,24.530056964612537,16.353371309741693,763
15,90,-10,-40,-70,-50,10,360,0.3,0.2,1.4999999999999998,2720,754,27.72058823529412,24.891714713648444,16.594476475765635,754
15,60,-10,-50,-70,-50,10,360,0.3,0.2,1.4999999999999998,2579,742,28.77084141139977,24.47714186852383,16.318094579015888,742
15,60,-20,-50,-70,-50,5,360,0.3,0.2,1.4999999999999998,2541,716,28.177882723337266,24.45166805889646,16.301112039264307,716
15,60,-20,-40,-70,-50,10,240,0.4,0.2,2.0,4807,712,14.811732889536094,33.18682714380723,16.593413571903614,712
15,60,-20,-40,-70,-50,5,240,0.4,0.2,2.0,4715,704,14.931071049840932,33.086103227262434,16.543051613631217,704
15,60,-10,-50,-70,-50,5,360,0.3,0.2,1.4999999999999998,2468,701,28.40356564019449,24.346668385853814,16.231112257235882,701
15,90,-20,-40,-70,-50,5,360,0.35,0.2,1.7499999999999998,2752,700,25.436046511627907,29.187067989819862,16.67832456561135,700
15,90,-20,-40,-70,-50,5,360,0.3,0.15,2.0,2752,694,25.218023255813954,25.017486848417025,12.508743424208513,694
15,60,-10,-40,-70,-50,10,240,0.4,0.2,2.0,4635,689,14.865156418554475,33.08808366772096,16.54404183386048,689
15,90,-20,-40,-70,-50,10,360,0.35,0.2,1.7499999999999998,2792,688,24.641833810888254,29.064969091293218,16.608553766453273,688
15,60,-10,-40,-70,-50,5,240,0.4,0.2,2.0,4571,686,15.007656967840735,32.91372664681439,16.456863323407195,686
15,90,-10,-40,-70,-50,5,360,0.35,0.2,1.7499999999999998,2682,681,25.39149888143177,29.145274958925675,16.654442833671816,681
15,90,-20,-40,-70,-50,10,360,0.3,0.15,2.0,2792,674,24.140401146131804,24.912830649679904,12.456415324839952,674
15,60,-20,-50,-70,-50,10,360,0.35,0.2,1.7499999999999998,2670,673,25.205992509363295,28.618399792047963,16.353371309741693,673
15,90,-10,-40,-70,-50,5,360,0.3,0.15,2.0,2682,671,25.018642803877704,24.98166425050772,12.49083212525386,671
15,90,-10,-40,-70,-50,10,360,0.35,0.2,1.7499999999999998,2720,669,24.595588235294116,29.040333832589855,16.594476475765635,669
15,60,-20,-50,-70,-50,10,360,0.3,0.15,2.0,2670,664,24.868913857677903,24.530056964612537,12.265028482306269,664
15,60,-10,-50,-70,-50,10,360,0.35,0.2,1.7499999999999998,2579,652,25.281116711903838,28.5566655132778,16.318094579015888,652
15,90,-10,-40,-70,-50,10,360,0.3,0.15,2.0,2720,651,23.933823529411764,24.891714713648444,12.445857356824222,651
30,60,-20,-40,-70,-50,5,360,0.3,0.2,1.4999999999999998,2343,649,27.699530516431924,24.526894616116547,16.351263077411033,649
15,60,-20,-40,-70,-50,10,240,0.4,0.15,2.666666666666667,4807,648,13.480341169128355,33.18682714380723,12.445060178927708,648
15,60,-10,-50,-70,-50,10,360,0.3,0.15,2.0,2579,645,25.009693679720822,24.47714186852383,12.238570934261915,645
15,60,-20,-40,-70,-50,5,240,0.4,0.15,2.666666666666667,4715,644,13.658536585365855,33.086103227262434,12.407288710223412,644
15,60,-20,-40,-80,-50,5,360,0.3,0.2,1.4999999999999998,2285,634,27.74617067833698,25.003692494403886,16.669128329602593,634
15,60,-20,-50,-70,-50,5,360,0.35,0.2,1.7499999999999998,2541,633,24.911452184179456,28.526946068712537,16.301112039264307,633
30,60,-20,-40,-70,-50,10,360,0.3,0.2,1.4999999999999998,2259,631,27.932713590084106,24.204516522353522,16.13634434823568,630
15,60,-10,-40,-70,-50,10,240,0.4,0.15,2.666666666666667,4635,628,13.549083063646169,33.08808366772096,12.408031375395359,627
15,60,-10,-40,-70,-50,5,240,0.4,0.15,2.666666666666667,4571,627,13.716910960402537,32.91372664681439,12.342647492555397,626
15,60,-20,-50,-70,-50,5,360,0.3,0.15,2.0,2541,625,24.596615505706414,24.45166805889646,12.22583402944823,625
15,90,-20,-40,-70,-50,5,240,0.3,0.2,1.4999999999999998,2752,624,22.674418604651162,25.017486848417025,16.67832456561135,624
15,60,-10,-50,-70,-50,5,360,0.35,0.2,1.7499999999999998,2468,618,25.040518638573744,28.404446450162787,16.231112257235882,618
15,60,-10,-40,-80,-50,5,360,0.3,0.2,1.4999999999999998,2209,615,27.840651878678134,24.952338036678086,16.634892024452057,615
15,90,-20,-40,-70,-50,5,360,0.35,0.15,2.3333333333333335,2752,615,22.34738372093023,29.187067989819862,12.508743424208513,615
15,60,-20,-50,-70,-50,10,240,0.3,0.2,1.4999999999999998,2670,615,23.03370786516854,24.530056964612537,16.353371309741693,615
15,60,-20,-40,-80,-50,10,360,0.3,0.2,1.4999999999999998,2214,614,27.732610659439928,25.044659674784292,16.69643978318953,614
15,60,-10,-50,-70,-50,5,360,0.3,0.15,2.0,2468,611,24.756888168557538,24.346668385853814,12.173334192926907,611
15,90,-20,-40,-70,-50,10,240,0.3,0.2,1.4999999999999998,2792,608,21.776504297994272,24.912830649679904,16.608553766453273,608
15,90,-10,-40,-70,-50,5,240,0.3,0.2,1.4999999999999998,2682,607,22.632363907531694,24.98166425050772,16.654442833671816,607
15,90,-20,-40,-70,-50,5,360,0.4,0.2,2.0,2752,602,21.875,33.3566491312227,16.67832456561135,602
15,90,-20,-40,-70,-50,10,360,0.35,0.15,2.3333333333333335,2792,599,21.454154727793696,29.064969091293218,12.456415324839952,599
15,60,-10,-50,-70,-50,10,240,0.3,0.2,1.4999999999999998,2579,598,23.187281892206283,24.47714186852383,16.318094579015888,598
15,90,-10,-40,-70,-50,5,360,0.35,0.15,2.3333333333333335,2682,597,22.25950782997763,29.145274958925675,12.49083212525386,597
30,60,-20,-40,-70,-50,5,360,0.3,0.15,2.0,2343,593,25.309432351685874,24.526894616116547,12.263447308058273,593
15,60,-10,-40,-80,-50,10,360,0.3,0.2,1.4999999999999998,2127,593,27.879642689233663,25.00375123502347,16.669167490015646,593
15,60,-20,-50,-70,-50,10,360,0.35,0.15,2.3333333333333335,2670,589,22.05992509363296,28.618399792047963,12.265028482306269,589
15,90,-10,-40,-70,-50,10,240,0.3,0.2,1.4999999999999998,2720,588,21.61764705882353,24.891714713648444,16.594476475765635,588
15,90,-20,-40,-70,-50,10,360,0.4,0.2,2.0,2792,586,20.988538681948423,33.217107532906546,16.608553766453273,586
15,60,-20,-50,-70,-50,10,360,0.4,0.2,2.0,2670,585,21.910112359550563,32.706742619483386,16.353371309741693,585
15,90,-10,-40,-70,-50,5,360,0.4,0.2,2.0,2682,585,21.812080536912752,33.30888566734363,16.654442833671816,585
15,60,-20,-50,-70,-50,5,240,0.3,0.2,1.4999999999999998,2541,583,22.943722943722943,24.45166805889646,16.301112039264307,583
15,90,-10,-40,-70,-50,10,360,0.35,0.15,2.3333333333333335,2720,581,21.360294117647058,29.040333832589855,12.445857356824222,581
15,60,-20,-40,-70,-40,10,360,0.3,0.2,1.4999999999999998,2110,574,27.20379146919431,24.877036429185846,16.58469095279057,573
15,60,-10,-50,-70,-50,5,240,0.3,0.2,1.4999999999999998,2468,571,23.136142625607782,24.346668385853814,16.231112257235882,571
15,60,-10,-50,-70,-50,10,360,0.35,0.15,2.3333333333333335,2579,570,22.101589763474212,28.5566655132778,12.238570934261915,569
15,60,-20,-40,-70,-40,5,360,0.3,0.2,1.4999999999999998,2070,569,27.48792270531401,24.903734162208252,16.602489441472173,569
15,90,-10,-40,-70,-50,10,360,0.4,0.2,2.0,2720,569,20.919117647058822,33.18895295153127,16.594476475765635,569
30,60,-20,-40,-70,-50,5,360,0.35,0.2,1.7499999999999998,2343,565,24.114383269312846,28.614710385469305,16.351263077411033,565
15,60,-10,-50,-70,-50,10,360,0.4,0.2,2.0,2579,564,21.868941450174486,32.636189158031776,16.318094579015888,564
15,90,-20,-40,-70,-50,5,240,0.3,0.15,2.0,2752,564,20.49418604651163,25.017486848417025,12.508743424208513,564
30,60,-20,-40,-70,-50,10,360,0.3,0.15,2.0,2259,562,24.87826471890217,24.204516522353522,12.102258261176761,562
15,60,-20,-40,-80,-50,5,360,0.3,0.15,2.0,2285,562,24.595185995623634,25.003692494403886,12.501846247201943,562
15,60,-10,-40,-70,-40,10,360,0.3,0.2,1.4999999999999998,2070,561,27.10144927536232,24.83470546084565,16.556470307230434,561
30,60,-20,-40,-70,-50,10,360,0.35,0.2,1.7499999999999998,2259,560,24.78972996901284,28.238602609412442,16.13634434823568,560
30,60,-10,-40,-70,-50,5,360,0.3,0.2,1.4999999999999998,1997,558,27.94191286930396,24.25424562281747,16.16949708187832,558
15,60,-10,-40,-70,-40,5,360,0.3,0.2,1.4999999999999998,2033,557,27.39793408755534,24.86281666878156,16.57521111252104,557
15,60,-20,-50,-70,-50,5,360,0.35,0.15,2.3333333333333335,2541,554,21.802439984258164,28.526946068712537,12.22583402944823,553
15,60,-20,-50,-70,-50,5,360,0.4,0.2,2.0,2541,551,21.684376229830775,32.602224078528614,16.301112039264307,551
15,60,-20,-50,-70,-50,10,240,0.3,0.15,2.0,2670,550,20.59925093632959,24.530056964612537,12.265028482306269,550
30,60,-20,-40,-70,-50,5,240,0.3,0.2,1.4999999999999998,2343,549,23.431498079385406,24.526894616116547,16.351263077411033,549
15,90,-10,-40,-70,-50,5,240,0.3,0.15,2.0,2682,549,20.469798657718123,24.98166425050772,12.49083212525386,549
30,60,-10,-40,-70,-50,10,360,0.3,0.2,1.4999999999999998,1947,548,28.145865434001028,24.061167914592012,16.04077860972801,548
15,60,-10,-40,-80,-50,5,360,0.3,0.15,2.0,2209,546,24.717066545948395,24.952338036678086,12.476169018339043,546
15,60,-20,-40,-80,-50,5,360,0.35,0.2,1.7499999999999998,2285,546,23.894967177242886,29.170974576804536,16.669128329602593,545
15,90,-20,-40,-70,-50,10,240,0.3,0.15,2.0,2792,544,19.484240687679083,24.912830649679904,12.456415324839952,544
15,60,-10,-50,-70,-50,5,360,0.35,0.15,2.3333333333333335,2468,540,21.88006482982172,28.404446450162787,12.173334192926907,540
15,90,-20,-40,-70,-50,5,360,0.4,0.15,2.666666666666667,2752,540,19.62209302325581,33.3566491312227,12.508743424208513,539
15,60,-10,-50,-70,-50,5,360,0.4,0.2,2.0,2468,536,21.71799027552674,32.462224514471764,16.231112257235882,536
15,60,-10,-50,-70,-50,10,240,0.3,0.15,2.0,2579,535,20.744474602559134,24.47714186852383,12.238570934261915,535
15,60,-20,-40,-80,-50,10,360,0.3,0.15,2.0,2214,535,24.164408310749774,25.044659674784292,12.522329837392146,535
15,60,-10,-40,-80,-50,5,360,0.35,0.2,1.7499999999999998,2209,532,24.083295608872792,29.111061042791096,16.634892024452057,532
15,60,-20,-40,-80,-50,10,360,0.35,0.2,1.7499999999999998,2214,527,23.803071364046975,29.218769620581675,16.69643978318953,527
15,90,-10,-40,-70,-50,10,240,0.3,0.15,2.0,2720,527,19.375,24.891714713648444,12.445857356824222,527
30,60,-20,-40,-70,-50,10,240,0.3,0.2,1.4999999999999998,2259,526,23.284639220894203,24.204516522353522,16.13634434823568,526
15,90,-10,-40,-70,-50,5,360,0.4,0.15,2.666666666666667,2682,524,19.537658463832962,33.30888566734363,12.49083212525386,524
15,90,-20,-40,-70,-50,10,360,0.4,0.15,2.666666666666667,2792,522,18.696275071633238,33.217107532906546,12.456415324839952,522
15,60,-20,-50,-70,-50,5,240,0.3,0.15,2.0,2541,520,20.464384100747736,24.45166805889646,12.22583402944823,520
15,60,-10,-40,-80,-50,10,360,0.3,0.15,2.0,2127,518,24.353549600376116,25.00375123502347,12.501875617511734,518
15,90,-20,-40,-70,-50,5,240,0.35,0.2,1.7499999999999998,2752,518,18.822674418604652,29.187067989819862,16.67832456561135,518
30,60,-20,-40,-70,-50,5,360,0.35,0.15,2.3333333333333335,2343,517,22.065727699530516,28.614710385469305,12.263447308058273,517
30,60,-10,-40,-70,-50,5,360,0.3,0.15,2.0,1997,517,25.88883324987481,24.25424562281747,12.127122811408736,517
15,60,-20,-40,-80,-50,5,240,0.3,0.2,1.4999999999999998,2285,517,22.62582056892779,25.003692494403886,16.669128329602593,517
15,60,-20,-50,-70,-50,10,240,0.35,0.2,1.7499999999999998,2670,516,19.325842696629213,28.618399792047963,16.353371309741693,516
15,60,-20,-50,-70,-50,10,360,0.4,0.15,2.666666666666667,2670,511,19.138576779026216,32.706742619483386,12.265028482306269,511
15,60,-10,-40,-80,-50,10,360,0.35,0.2,1.7499999999999998,2127,511,24.02444757874941,29.171043107527375,16.669167490015646,510
30,60,-20,-40,-70,-50,5,240,0.3,0.15,2.0,2343,509,21.724285104566796,24.526894616116547,12.263447308058273,509
15,60,-10,-50,-70,-50,5,240,0.3,0.15,2.0,2468,509,20.623987034035657,24.346668385853814,12.173334192926907,509
15,90,-10,-40,-70,-50,5,240,0.35,0.2,1.7499999999999998,2682,507,18.90380313199105,29.145274958925675,16.654442833671816,507
15,90,-10,-40,-70,-50,10,360,0.4,0.15,2.666666666666667,2720,506,18.602941176470587,33.18895295153127,12.445857356824222,506
15,60,-10,-50,-70,-50,10,240,0.35,0.2,1.7499999999999998,2579,505,19.58123303606049,28.5566655132778,16.318094579015888,505
15,60,-20,-40,-70,-40,10,360,0.35,0.2,1.7499999999999998,2110,505,23.933649289099527,29.023209167383488,16.58469095279057,505
15,60,-20,-40,-70,-40,10,360,0.3,0.15,2.0,2110,505,23.933649289099527,24.877036429185846,12.438518214592923,505
15,90,-20,-40,-70,-50,10,240,0.35,0.2,1.7499999999999998,2792,505,18.087392550143267,29.064969091293218,16.608553766453273,505
15,60,-10,-40,-80,-50,5,240,0.3,0.2,1.4999999999999998,2209,504,22.815753734721593,24.952338036678086,16.634892024452057,504
15,60,-20,-40,-70,-40,5,360,0.3,0.15,2.0,2070,500,24.154589371980677,24.903734162208252,12.451867081104126,500
15,60,-20,-40,-80,-50,10,240,0.3,0.2,1.4999999999999998,2214,500,22.58355916892502,25.044659674784292,16.69643978318953,499
30,60,-20,-40,-70,-50,10,360,0.35,0.15,2.3333333333333335,2259,499,22.089420097388224,28.238602609412442,12.102258261176761,499
30,60,-10,-40,-70,-50,10,360,0.3,0.15,2.0,1947,498,25.577812018489986,24.061167914592012,12.030583957296006,498
15,60,-20,-40,-70,-40,5,360,0.35,0.2,1.7499999999999998,2070,497,24.00966183574879,29.054356522576295,16.602489441472173,497
15,60,-10,-40,-70,-40,10,360,0.35,0.2,1.7499999999999998,2070,495,23.91304347826087,28.973823037653258,16.556470307230434,495
15,60,-10,-40,-70,-40,10,360,0.3,0.15,2.0,2070,494,23.864734299516908,24.83470546084565,12.417352730422826,494
15,90,-10,-40,-70,-50,10,240,0.35,0.2,1.7499999999999998,2720,494,18.16176470588235,29.040333832589855,16.594476475765635,493
15,60,-20,-50,-70,-50,5,240,0.35,0.2,1.7499999999999998,2541,492,19.36245572609209,28.526946068712537,16.301112039264307,492
15,60,-10,-50,-70,-50,10,360,0.4,0.15,2.666666666666667,2579,492,19.077161690577743,32.636189158031776,12.238570934261915,492
30,60,-20,-40,-70,-50,5,360,0.4,0.2,2.0,2343,491,20.956039265898422,32.70252615482207,16.351263077411033,491
15,60,-10,-40,-70,-40,5,360,0.35,0.2,1.7499999999999998,2033,489,24.053123462862764,29.00661944691182,16.57521111252104,489
15,60,-10,-40,-70,-40,5,360,0.3,0.15,2.0,2033,489,24.053123462862764,24.86281666878156,12.43140833439078,489
15,60,-20,-40,-80,-50,5,360,0.35,0.15,2.3333333333333335,2285,488,21.35667396061269,29.170974576804536,12.501846247201943,487
30,60,-10,-40,-70,-50,5,360,0.35,0.2,1.7499999999999998,1997,485,24.2864296444667,28.296619893287055,16.16949708187832,485
30,60,-10,-40,-70,-50,10,360,0.35,0.2,1.7499999999999998,1947,485,24.91011813045711,28.07136256702401,16.04077860972801,484
15,60,-10,-50,-70,-50,5,240,0.35,0.2,1.7499999999999998,2468,483,19.570502431118314,28.404446450162787,16.231112257235882,483
15,60,-10,-40,-80,-50,10,240,0.3,0.2,1.4999999999999998,2127,483,22.708039492242595,25.00375123502347,16.669167490015646,483
15,120,-20,-40,-70,-50,10,360,0.3,0.2,1.4999999999999998,1773,483,27.241962774957702,24.340779398051247,16.2271862653675,483
15,60,-20,-50,-70,-50,5,360,0.4,0.15,2.666666666666667,2541,482,18.968909878000787,32.602224078528614,12.22583402944823,482
30,60,-20,-40,-70,-50,10,240,0.3,0.15,2.0,2259,480,21.248339973439574,24.204516522353522,12.102258261176761,480
15,60,-20,-40,-80,-50,5,360,0.4,0.2,2.0,2285,479,20.962800875273523,33.338256659205186,16.669128329602593,479
15,60,-10,-40,-80,-50,5,360,0.35,0.15,2.3333333333333335,2209,477,21.593481213218652,29.111061042791096,12.476169018339043,477
15,120,-20,-40,-70,-50,5,360,0.3,0.2,1.4999999999999998,1747,477,27.303949627933598,24.32330640796249,16.215537605308327,476
15,120,-10,-40,-70,-50,10,360,0.3,0.2,1.4999999999999998,1721,474,27.542126670540384,24.208961393092814,16.139307595395213,474
15,90,-20,-40,-70,-50,5,240,0.35,0.15,2.3333333333333335,2752,472,17.151162790697676,29.187067989819862,12.508743424208513,472
30,60,-20,-40,-70,-50,5,240,0.35,0.2,1.7499999999999998,2343,471,20.102432778489117,28.614710385469305,16.351263077411033,471
30,60,-10,-40,-70,-50,5,240,0.3,0.2,1.4999999999999998,1997,471,23.585378067100653,24.25424562281747,16.16949708187832,471
15,120,-10,-40,-70,-50,5,360,0.3,0.2,1.4999999999999998,1694,470,27.744982290436838,24.173148521727015,16.11543234781801,470
30,60,-20,-40,-70,-50,10,360,0.4,0.2,2.0,2259,469,20.761398849048252,32.27268869647136,16.13634434823568,469
15,60,-20,-50,-70,-50,10,240,0.35,0.15,2.3333333333333335,2670,469,17.56554307116105,28.618399792047963,12.265028482306269,469
15,60,-10,-50,-70,-50,5,360,0.4,0.15,2.666666666666667,2468,468,18.962722852512158,32.462224514471764,12.173334192926907,468
15,60,-10,-40,-80,-50,5,360,0.4,0.2,2.0,2209,465,21.050248981439566,33.269784048904114,16.634892024452057,465
15,60,-20,-40,-70,-40,10,240,0.3,0.2,1.4999999999999998,2110,464,21.990521327014218,24.877036429185846,16.58469095279057,464
15,60,-20,-40,-80,-50,10,360,0.35,0.15,2.3333333333333335,2214,464,20.957542908762424,29.218769620581675,12.522329837392146,464
15,60,-20,-40,-80,-50,5,240,0.3,0.15,2.0,2285,463,20.26258205689278,25.003692494403886,12.501846247201943,463
15,90,-10,-40,-70,-50,5,240,0.35,0.15,2.3333333333333335,2682,462,17.225950782997764,29.145274958925675,12.49083212525386,462
15,60,-20,-40,-80,-50,10,360,0.4,0.2,2.0,2214,460,20.77687443541102,33.39287956637906,16.69643978318953,460
15,60,-10,-50,-70,-50,10,240,0.35,0.15,2.3333333333333335,2579,459,17.797595967429235,28.5566655132778,12.238570934261915,459
15,90,-20,-40,-70,-50,10,240,0.35,0.15,2.3333333333333335,2792,458,16.404011461318053,29.064969091293218,12.456415324839952,458
15,60,-20,-40,-70,-40,5,240,0.3,0.2,1.4999999999999998,2070,458,22.125603864734302,24.903734162208252,16.602489441472173,458
30,60,-10,-40,-70,-50,10,240,0.3,0.2,1.4999999999999998,1947,458,23.52336928608115,24.061167914592012,16.04077860972801,458
30,60,-20,-40,-70,-50,5,360,0.4,0.15,2.666666666666667,2343,454,19.37686726419121,32.70252615482207,12.263447308058273,454
15,60,-10,-40,-70,-40,10,240,0.3,0.2,1.4999999999999998,2070,454,21.932367149758456,24.83470546084565,16.556470307230434,454
15,60,-10,-40,-80,-50,5,240,0.3,0.15,2.0,2209,452,20.46174739701222,24.952338036678086,12.476169018339043,452
15,60,-10,-40,-80,-50,10,360,0.35,0.15,2.3333333333333335,2127,452,21.250587682181475,29.171043107527375,12.501875617511734,452
15,60,-10,-40,-70,-40,5,240,0.3,0.2,1.4999999999999998,2033,450,22.134776192818496,24.86281666878156,16.57521111252104,450
30,60,-10,-40,-70,-50,5,360,0.35,0.15,2.3333333333333335,1997,449,22.483725588382576,28.296619893287055,12.127122811408736,449
15,60,-20,-40,-70,-40,10,360,0.4,0.2,2.0,2110,449,21.27962085308057,33.16938190558114,16.58469095279057,449
15,60,-20,-50,-70,-50,5,240,0.35,0.15,2.3333333333333335,2541,448,17.63085399449036,28.526946068712537,12.22583402944823,448
15,90,-10,-40,-70,-50,10,240,0.35,0.15,2.3333333333333335,2720,448,16.470588235294116,29.040333832589855,12.445857356824222,447
15,60,-10,-40,-80,-50,10,360,0.4,0.2,2.0,2127,444,20.87447108603667,33.33833498003129,16.669167490015646,444
15,60,-20,-40,-80,-50,10,240,0.3,0.15,2.0,2214,442,19.96386630532972,25.044659674784292,12.522329837392146,442
30,60,-20,-40,-70,-50,5,240,0.35,0.15,2.3333333333333335,2343,443,18.90738369611609,28.614710385469305,12.263447308058273,442
15,60,-20,-40,-70,-40,10,360,0.35,0.15,2.3333333333333335,2110,442,20.9478672985782,29.023209167383488,12.438518214592923,442
30,60,-20,-40,-70,-50,10,240,0.35,0.2,1.7499999999999998,2259,441,19.52191235059761,28.238602609412442,16.13634434823568,441
15,60,-20,-40,-70,-40,5,360,0.4,0.2,2.0,2070,440,21.256038647342994,33.204978882944346,16.602489441472173,440
15,90,-20,-50,-70,-50,10,360,0.3,0.2,1.4999999999999998,1486,440,29.609690444145357,24.241278459794597,16.16085230652973,440
15,60,-10,-40,-70,-40,10,360,0.4,0.2,2.0,2070,439,21.207729468599034,33.11294061446087,16.556470307230434,439
30,60,-10,-40,-70,-50,10,360,0.35,0.15,2.3333333333333335,1947,439,22.547508988186955,28.07136256702401,12.030583957296006,439
15,60,-10,-50,-70,-50,5,240,0.35,0.15,2.3333333333333335,2468,439,17.78768233387358,28.404446450162787,12.173334192926907,438
30,60,-10,-40,-70,-50,5,240,0.3,0.15,2.0,1997,438,21.932899349023536,24.25424562281747,12.127122811408736,438
15,60,-20,-40,-70,-40,5,360,0.35,0.15,2.3333333333333335,2070,435,21.014492753623188,29.054356522576295,12.451867081104126,435
15,60,-20,-40,-80,-50,5,360,0.4,0.15,2.666666666666667,2285,434,18.99343544857768,33.338256659205186,12.501846247201943,434
15,60,-10,-40,-70,-40,10,360,0.35,0.15,2.3333333333333335,2070,434,20.966183574879228,28.973823037653258,12.417352730422826,434
15,120,-20,-40,-70,-50,10,360,0.35,0.2,1.7499999999999998,1773,433,24.421883812746756,28.39757596439312,16.2271862653675,433
15,90,-20,-40,-70,-50,5,240,0.4,0.2,2.0,2752,432,15.69767441860465,33.3566491312227,16.67832456561135,432
15,120,-20,-40,-70,-50,10,360,0.3,0.15,2.0,1773,432,24.36548223350254,24.340779398051247,12.170389699025623,432
15,60,-10,-40,-70,-40,5,360,0.4,0.2,2.0,2033,432,21.249385145105755,33.15042222504208,16.57521111252104,432
15,120,-20,-40,-70,-50,5,360,0.3,0.15,2.0,1747,431,24.67086433886663,24.32330640796249,12.161653203981245,431
15,60,-10,-40,-80,-50,10,240,0.3,0.15,2.0,2127,429,20.16925246826516,25.00375123502347,12.501875617511734,428
15,90,-20,-50,-70,-50,5,360,0.3,0.2,1.4999999999999998,1411,428,30.333097094259394,24.38490383768344,16.25660255845563,428
15,60,-10,-40,-70,-40,5,360,0.35,0.15,2.3333333333333335,2033,428,21.052631578947366,29.00661944691182,12.43140833439078,427
15,90,-10,-50,-70,-50,10,360,0.3,0.2,1.4999999999999998,1442,425,29.472954230235782,24.26664218072436,16.17776145381624,425
15,120,-10,-40,-70,-50,5,360,0.3,0.15,2.0,1694,425,25.088547815820544,24.173148521727015,12.086574260863507,425
30,60,-20,-40,-70,-50,10,360,0.4,0.15,2.666666666666667,2259,425,18.813634351482957,32.27268869647136,12.102258261176761,425
15,120,-10,-40,-70,-50,10,360,0.3,0.15,2.0,1721,424,24.63683904706566,24.208961393092814,12.104480696546407,424
15,120,-10,-40,-70,-50,10,360,0.35,0.2,1.7499999999999998,1721,424,24.63683904706566,28.243788291941613,16.139307595395213,424
30,60,-10,-40,-70,-50,5,360,0.4,0.2,2.0,1997,423,21.181772658988482,32.33899416375664,16.16949708187832,423
15,90,-10,-40,-70,-50,5,240,0.4,0.2,2.0,2682,423,15.771812080536913,33.30888566734363,16.654442833671816,423
15,60,-10,-40,-80,-50,5,360,0.4,0.15,2.666666666666667,2209,423,19.148936170212767,33.269784048904114,12.476169018339043,423
15,120,-20,-40,-70,-50,10,240,0.3,0.2,1.4999999999999998,1773,421,23.745064861816132,24.340779398051247,16.2271862653675,421
15,90,-20,-40,-70,-50,10,240,0.4,0.2,2.0,2792,419,15.007163323782235,33.217107532906546,16.608553766453273,419
30,60,-10,-40,-70,-50,10,240,0.3,0.15,2.0,1947,419,21.520287621982536,24.061167914592012,12.030583957296006,419
15,120,-20,-40,-70,-50,5,240,0.3,0.2,1.4999999999999998,1747,419,23.983972524327417,24.32330640796249,16.215537605308327,419
15,120,-20,-40,-70,-50,5,360,0.35,0.2,1.7499999999999998,1747,418,23.926731539782484,28.377190809289576,16.215537605308327,418
15,60,-20,-40,-80,-50,5,240,0.35,0.2,1.7499999999999998,2285,415,18.161925601750546,29.170974576804536,16.669128329602593,415
15,90,-10,-50,-70,-50,5,360,0.3,0.2,1.4999999999999998,1372,414,30.174927113702626,24.391598943358435,16.261065962238963,414
15,120,-10,-40,-70,-50,10,240,0.3,0.2,1.4999999999999998,1721,413,23.99767576990122,24.208961393092814,16.139307595395213,413
15,60,-20,-50,-70,-50,10,240,0.4,0.2,2.0,2670,413,15.46816479400749,32.706742619483386,16.353371309741693,413
15,120,-10,-40,-70,-50,5,240,0.3,0.2,1.4999999999999998,1694,413,24.380165289256198,24.173148521727015,16.11543234781801,413
15,120,-10,-40,-70,-50,5,360,0.35,0.2,1.7499999999999998,1694,411,24.26210153482881,28.202006608681515,16.11543234781801,411
15,60,-20,-40,-80,-50,10,360,0.4,0.15,2.666666666666667,2214,411,18.56368563685637,33.39287956637906,12.522329837392146,411
15,60,-20,-40,-70,-40,10,240,0.3,0.15,2.0,2110,410,19.431279620853083,24.877036429185846,12.438518214592923,410
15,90,-10,-40,-70,-50,10,240,0.4,0.2,2.0,2720,410,15.073529411764705,33.18895295153127,16.594476475765635,410
15,60,-10,-40,-80,-50,5,240,0.35,0.2,1.7499999999999998,2209,408,18.46989588048891,29.111061042791096,16.634892024452057,408
30,60,-10,-40,-70,-50,5,240,0.35,0.2,1.7499999999999998,1997,406,20.330495743615423,28.296619893287055,16.16949708187832,406
30,60,-10,-40,-70,-50,10,360,0.4,0.2,2.0,1947,404,20.749871597329225,32.08155721945602,16.04077860972801,404
30,60,-20,-40,-70,-50,10,240,0.35,0.15,2.3333333333333335,2259,404,17.884019477644976,28.238602609412442,12.102258261176761,404
15,60,-20,-40,-70,-40,5,240,0.3,0.15,2.0,2070,403,19.468599033816425,24.903734162208252,12.451867081104126,403
15,60,-10,-50,-70,-50,10,240,0.4,0.2,2.0,2579,402,15.587436991081816,32.636189158031776,16.318094579015888,402
15,60,-10,-40,-70,-40,10,240,0.3,0.15,2.0,2070,402,19.420289855072465,24.83470546084565,12.417352730422826,402
15,90,-20,-40,-70,-50,5,240,0.4,0.15,2.666666666666667,2752,401,14.57122093023256,33.3566491312227,12.508743424208513,401
15,60,-20,-40,-80,-50,10,240,0.35,0.2,1.7499999999999998,2214,399,18.021680216802167,29.218769620581675,16.69643978318953,399
15,60,-10,-40,-80,-50,10,360,0.4,0.15,2.666666666666667,2127,399,18.758815232722146,33.33833498003129,12.501875617511734,399
15,60,-20,-50,-70,-50,5,240,0.4,0.2,2.0,2541,397,15.623770169224716,32.602224078528614,16.301112039264307,397
15,60,-10,-40,-70,-40,5,240,0.3,0.15,2.0,2033,396,19.478603049680277,24.86281666878156,12.43140833439078,396
30,60,-10,-40,-70,-50,5,360,0.4,0.15,2.666666666666667,1997,396,19.82974461692539,32.33899416375664,12.127122811408736,396
15,90,-10,-40,-70,-50,5,240,0.4,0.15,2.666666666666667,2682,393,14.65324384787472,33.30888566734363,12.49083212525386,393
15,60,-20,-40,-70,-40,10,360,0.4,0.15,2.666666666666667,2110,391,18.53080568720379,33.16938190558114,12.438518214592923,391
15,60,-20,-40,-70,-40,10,240,0.35,0.2,1.7499999999999998,2110,389,18.436018957345972,29.023209167383488,16.58469095279057,389
15,60,-10,-50,-70,-50,5,240,0.4,0.2,2.0,2468,388,15.721231766612643,32.462224514471764,16.231112257235882,388
15,60,-10,-40,-80,-50,10,240,0.35,0.2,1.7499999999999998,2127,388,18.241654913023037,29.171043107527375,16.669167490015646,388
15,90,-20,-40,-70,-50,10,240,0.4,0.15,2.666666666666667,2792,387,13.861031518624642,33.217107532906546,12.456415324839952,387
15,120,-20,-40,-70,-50,5,240,0.3,0.15,2.0,1747,387,22.152261018889526,24.32330640796249,12.161653203981245,387
15,120,-20,-40,-70,-50,10,360,0.35,0.15,2.3333333333333335,1773,387,21.82741116751269,28.39757596439312,12.170389699025623,387
30,60,-10,-40,-70,-50,10,240,0.35,0.2,1.7499999999999998,1947,387,19.876733436055467,28.07136256702401,16.04077860972801,386
30,60,-20,-40,-70,-50,5,240,0.4,0.2,2.0,2343,386,16.474605206999573,32.70252615482207,16.351263077411033,386
15,60,-20,-40,-70,-40,5,240,0.35,0.2,1.7499999999999998,2070,385,18.59903381642512,29.054356522576295,16.602489441472173,385
15,90,-20,-50,-70,-50,10,360,0.35,0.2,1.7499999999999998,1486,385,25.90847913862719,28.281491536427026,16.16085230652973,385
15,120,-20,-40,-70,-50,10,240,0.3,0.15,2.0,1773,384,21.658206429780034,24.340779398051247,12.170389699025623,384
15,60,-20,-40,-70,-40,5,360,0.4,0.15,2.666666666666667,2070,384,18.55072463768116,33.204978882944346,12.451867081104126,384
15,60,-10,-40,-70,-40,10,360,0.4,0.15,2.666666666666667,2070,383,18.5024154589372,33.11294061446087,12.417352730422826,383
15,120,-10,-40,-70,-50,5,240,0.3,0.15,2.0,1694,382,22.55017709563164,24.173148521727015,12.086574260863507,382
15,60,-10,-40,-70,-40,10,240,0.35,0.2,1.7499999999999998,2070,382,18.454106280193237,28.973823037653258,16.556470307230434,382
30,60,-10,-40,-70,-50,5,240,0.35,0.15,2.3333333333333335,1997,382,19.128693039559337,28.296619893287055,12.127122811408736,382
15,90,-20,-50,-70,-50,10,360,0.3,0.15,2.0,1486,381,25.639300134589504,24.241278459794597,12.120639229897298,381
15,60,-10,-40,-70,-40,5,240,0.35,0.2,1.7499999999999998,2033,380,18.69158878504673,29.00661944691182,16.57521111252104,380
15,120,-10,-40,-70,-50,10,360,0.35,0.15,2.3333333333333335,1721,379,22.022080185938407,28.243788291941613,12.104480696546407,379
15,120,-20,-40,-70,-50,5,360,0.35,0.15,2.3333333333333335,1747,379,21.694333142530052,28.377190809289576,12.161653203981245,379
15,90,-10,-40,-70,-50,10,240,0.4,0.15,2.666666666666667,2720,379,13.933823529411764,33.18895295153127,12.445857356824222,379
15,60,-20,-40,-80,-50,5,240,0.35,0.15,2.3333333333333335,2285,378,16.542669584245075,29.170974576804536,12.501846247201943,378
15,60,-10,-40,-70,-40,5,360,0.4,0.15,2.666666666666667,2033,377,18.54402361042794,33.15042222504208,12.43140833439078,377
15,60,-20,-50,-70,-50,10,240,0.4,0.15,2.666666666666667,2670,377,14.119850187265918,32.706742619483386,12.265028482306269,377
15,120,-10,-40,-70,-50,10,240,0.3,0.15,2.0,1721,377,21.90586868099942,24.208961393092814,12.104480696546407,377
15,90,-20,-50,-70,-50,5,360,0.35,0.2,1.7499999999999998,1411,375,26.576895818568392,28.44905447729735,16.25660255845563,375
30,60,-10,-40,-70,-50,10,360,0.4,0.15,2.666666666666667,1947,375,19.26040061633282,32.08155721945602,12.030583957296006,375
15,90,-10,-50,-70,-50,10,360,0.35,0.2,1.7499999999999998,1442,374,25.93619972260749,28.31108254417842,16.17776145381624,374
15,120,-10,-40,-70,-50,5,360,0.35,0.15,2.3333333333333335,1694,373,22.018890200708384,28.202006608681515,12.086574260863507,373
15,60,-10,-40,-80,-50,5,240,0.35,0.15,2.3333333333333335,2209,372,16.840199185151654,29.111061042791096,12.476169018339043,372
15,90,-20,-50,-70,-50,5,360,0.3,0.15,2.0,1411,371,26.293408929836996,24.38490383768344,12.19245191884172,371
15,120,-20,-40,-70,-50,10,360,0.4,0.2,2.0,1773,371,20.92498589960519,32.454372530735,16.2271862653675,371
15,90,-10,-50,-70,-50,10,360,0.3,0.15,2.0,1442,368,25.52011095700416,24.26664218072436,12.13332109036218,368
15,60,-10,-50,-70,-50,10,240,0.4,0.15,2.666666666666667,2579,367,14.230321830166732,32.636189158031776,12.238570934261915,367
30,60,-20,-40,-70,-50,5,240,0.4,0.15,2.666666666666667,2343,367,15.663679043960736,32.70252615482207,12.263447308058273,367
15,120,-20,-40,-70,-50,10,240,0.35,0.2,1.7499999999999998,1773,365,20.586576424139878,28.39757596439312,16.2271862653675,365
15,90,-10,-50,-70,-50,5,360,0.35,0.2,1.7499999999999998,1372,364,26.53061224489796,28.456865433918175,16.261065962238963,364
15,60,-20,-50,-70,-50,5,240,0.4,0.15,2.666666666666667,2541,364,14.325068870523417,32.602224078528614,12.22583402944823,364
15,120,-10,-40,-70,-50,10,360,0.4,0.2,2.0,1721,363,21.092388146426497,32.278615190790426,16.139307595395213,363
15,120,-20,-40,-70,-50,5,360,0.4,0.2,2.0,1747,362,20.721236405266172,32.431075210616655,16.215537605308327,362
15,120,-20,-40,-70,-50,5,240,0.35,0.2,1.7499999999999998,1747,360,20.606754436176303,28.377190809289576,16.215537605308327,360
15,120,-10,-40,-70,-50,10,240,0.35,0.2,1.7499999999999998,1721,359,20.85996513654852,28.243788291941613,16.139307595395213,359
15,60,-20,-40,-80,-50,10,240,0.35,0.15,2.3333333333333335,2214,358,16.169828364950316,29.218769620581675,12.522329837392146,358
15,90,-10,-50,-70,-50,5,360,0.3,0.15,2.0,1372,358,26.0932944606414,24.391598943358435,12.195799471679218,358
30,60,-10,-40,-70,-50,10,240,0.35,0.15,2.3333333333333335,1947,357,18.335901386748844,28.07136256702401,12.030583957296006,357
15,120,-10,-40,-70,-50,5,360,0.4,0.2,2.0,1694,356,21.01534828807556,32.23086469563602,16.11543234781801,356
15,60,-10,-50,-70,-50,5,240,0.4,0.15,2.666666666666667,2468,355,14.384116693679092,32.462224514471764,12.173334192926907,355
30,60,-20,-40,-70,-50,10,240,0.4,0.2,2.0,2259,354,15.670650730411687,32.27268869647136,16.13634434823568,354
15,120,-10,-40,-70,-50,5,240,0.35,0.2,1.7499999999999998,1694,354,20.89728453364817,28.202006608681515,16.11543234781801,354
15,60,-10,-40,-80,-50,10,240,0.35,0.15,2.3333333333333335,2127,350,16.455101081335215,29.171043107527375,12.501875617511734,350
15,60,-20,-40,-70,-40,10,240,0.35,0.15,2.3333333333333335,2110,346,16.398104265402843,29.023209167383488,12.438518214592923,346
15,60,-20,-40,-70,-40,5,240,0.35,0.15,2.3333333333333335,2070,343,16.570048309178745,29.054356522576295,12.451867081104126,343
15,90,-20,-40,-80,-50,5,360,0.3,0.2,1.4999999999999998,1095,343,31.324200913242013,24.91926014832412,16.61284009888275,343
15,60,-10,-40,-70,-40,10,240,0.35,0.15,2.3333333333333335,2070,341,16.47342995169082,28.973823037653258,12.417352730422826,341
15,60,-10,-40,-70,-40,5,240,0.35,0.15,2.3333333333333335,2033,339,16.674864731923268,29.00661944691182,12.43140833439078,339
15,120,-20,-40,-70,-50,10,240,0.35,0.15,2.3333333333333335,1773,338,19.063733784545967,28.39757596439312,12.170389699025623,338
15,120,-20,-40,-70,-50,10,360,0.4,0.15,2.666666666666667,1773,338,19.063733784545967,32.454372530735,12.170389699025623,338
15,90,-20,-50,-70,-50,10,360,0.35,0.15,2.3333333333333335,1486,338,22.74562584118439,28.281491536427026,12.120639229897298,338
15,120,-20,-40,-70,-50,5,240,0.35,0.15,2.3333333333333335,1747,335,19.17572982255295,28.377190809289576,12.161653203981245,335
15,120,-20,-40,-70,-50,5,360,0.4,0.15,2.666666666666667,1747,334,19.118488838008012,32.431075210616655,12.161653203981245,334
30,60,-10,-40,-70,-50,5,240,0.4,0.2,2.0,1997,334,16.72508763144717,32.33899416375664,16.16949708187832,334
15,90,-20,-50,-70,-50,10,360,0.4,0.2,2.0,1486,334,22.476446837146703,32.32170461305946,16.16085230652973,334
30,90,-20,-40,-70,-50,5,360,0.3,0.2,1.4999999999999998,1156,333,28.80622837370242,24.191939984723994,16.127959989816,333
15,120,-10,-40,-70,-50,10,240,0.35,0.15,2.3333333333333335,1721,333,19.349215572341663,28.243788291941613,12.104480696546407,333
15,120,-10,-40,-70,-50,10,360,0.4,0.15,2.666666666666667,1721,331,19.233004067402675,32.278615190790426,12.104480696546407,331
30,60,-20,-40,-70,-50,10,240,0.4,0.15,2.666666666666667,2259,332,14.696768481629038,32.27268869647136,12.102258261176761,331
15,90,-20,-50,-70,-50,10,240,0.3,0.2,1.4999999999999998,1486,331,22.27456258411844,24.241278459794597,16.16085230652973,331
15,120,-10,-40,-70,-50,5,240,0.35,0.15,2.3333333333333335,1694,330,19.480519480519483,28.202006608681515,12.086574260863507,330
15,90,-10,-40,-80,-50,5,360,0.3,0.2,1.4999999999999998,1059,329,31.067044381491975,24.928589327779328,16.61905955185289,329
15,90,-20,-50,-70,-50,5,360,0.4,0.2,2.0,1411,329,23.316796598157335,32.51320511691126,16.25660255845563,329
15,90,-20,-40,-80,-50,10,360,0.3,0.2,1.4999999999999998,1067,329,30.834114339268982,24.89108370178686,16.594055801191242,329
15,120,-10,-40,-70,-50,5,360,0.4,0.15,2.666666666666667,1694,329,19.421487603305785,32.23086469563602,12.086574260863507,329
15,60,-20,-40,-70,-40,10,240,0.4,0.2,2.0,2110,329,15.592417061611375,33.16938190558114,16.58469095279057,329
15,90,-20,-50,-70,-50,5,360,0.35,0.15,2.3333333333333335,1411,328,23.245924875974485,28.44905447729735,12.19245191884172,328
15,90,-20,-50,-70,-50,5,240,0.3,0.2,1.4999999999999998,1411,328,23.245924875974485,24.38490383768344,16.25660255845563,328
15,90,-10,-50,-70,-50,10,360,0.35,0.15,2.3333333333333335,1442,327,22.676837725381414,28.31108254417842,12.13332109036218,327
15,90,-10,-50,-70,-50,10,360,0.4,0.2,2.0,1442,325,22.538141470180307,32.35552290763248,16.17776145381624,325
15,60,-20,-40,-70,-40,5,240,0.4,0.2,2.0,2070,325,15.70048309178744,33.204978882944346,16.602489441472173,325
15,60,-20,-40,-80,-50,5,240,0.4,0.2,2.0,2285,325,14.22319474835886,33.338256659205186,16.669128329602593,324
15,120,-20,-40,-70,-50,10,240,0.4,0.2,2.0,1773,322,18.161308516638467,32.454372530735,16.2271862653675,322
15,60,-10,-40,-70,-40,10,240,0.4,0.2,2.0,2070,322,15.555555555555555,33.11294061446087,16.556470307230434,322
15,60,-20,-50,-80,-50,10,360,0.3,0.2,1.4999999999999998,1083,321,29.6398891966759,24.289095217415326,16.19273014494355,321
15,60,-10,-40,-70,-40,5,240,0.4,0.2,2.0,2033,320,15.74028529267093,33.15042222504208,16.57521111252104,320
15,90,-10,-50,-70,-50,10,240,0.3,0.2,1.4999999999999998,1442,320,22.191400832177532,24.26664218072436,16.17776145381624,320
15,120,-20,-40,-70,-50,5,240,0.4,0.2,2.0,1747,320,18.317115054378935,32.431075210616655,16.215537605308327,320
15,90,-20,-40,-70,-40,5,360,0.3,0.2,1.4999999999999998,1144,321,28.059440559440556,24.950156397704365,16.633437598469577,320
30,60,-10,-40,-70,-50,5,240,0.4,0.15,2.666666666666667,1997,319,15.973960941412118,32.33899416375664,12.127122811408736,319
15,90,-10,-50,-70,-50,5,360,0.4,0.2,2.0,1372,320,23.323615160349853,32.522131924477925,16.261065962238963,319
15,60,-10,-40,-80,-50,5,240,0.4,0.2,2.0,2209,318,14.395654142145768,33.269784048904114,16.634892024452057,318
15,60,-20,-50,-80,-50,5,360,0.3,0.2,1.4999999999999998,1062,318,29.943502824858758,24.238372782711906,16.15891518847461,318
15,90,-10,-50,-70,-50,5,240,0.3,0.2,1.4999999999999998,1372,319,23.25072886297376,24.391598943358435,16.261065962238963,318
15,90,-10,-40,-70,-40,5,360,0.3,0.2,1.4999999999999998,1134,317,27.954144620811288,24.898622104679916,16.599081403119946,317
15,90,-10,-50,-70,-50,5,360,0.35,0.15,2.3333333333333335,1372,317,23.104956268221574,28.456865433918175,12.195799471679218,317
15,120,-10,-40,-70,-50,10,240,0.4,0.2,2.0,1721,316,18.361417780360256,32.278615190790426,16.139307595395213,316
15,120,-10,-40,-70,-50,5,240,0.4,0.2,2.0,1694,314,18.536009445100355,32.23086469563602,16.11543234781801,314
15,60,-10,-50,-80,-50,10,360,0.3,0.2,1.4999999999999998,1049,314,29.933269780743565,24.409767145289674,16.273178096859784,314
15,90,-10,-40,-80,-50,10,360,0.3,0.2,1.4999999999999998,1028,314,30.544747081712064,24.925640873777628,16.61709391585175,314
15,60,-10,-50,-80,-50,5,360,0.3,0.2,1.4999999999999998,1033,313,30.300096805421106,24.3090742457634,16.206049497175602,313
15,60,-20,-40,-80,-50,10,240,0.4,0.2,2.0,2214,313,14.137308039747065,33.39287956637906,16.69643978318953,313
30,90,-20,-40,-70,-50,10,360,0.3,0.2,1.4999999999999998,1070,312,29.1588785046729,23.4687807436557,15.645853829103801,312
30,60,-10,-40,-70,-50,10,240,0.4,0.2,2.0,1947,305,15.66512583461736,32.08155721945602,16.04077860972801,305
15,120,-20,-40,-70,-50,5,240,0.4,0.15,2.666666666666667,1747,305,17.458500286204924,32.431075210616655,12.161653203981245,305
15,90,-20,-40,-70,-40,10,360,0.3,0.2,1.4999999999999998,1128,305,27.03900709219858,24.678707200924524,16.45247146728302,305
15,120,-20,-40,-70,-50,10,240,0.4,0.15,2.666666666666667,1773,304,17.146080090242528,32.454372530735,12.170389699025623,304
15,90,-20,-40,-80,-50,5,360,0.3,0.15,2.0,1095,303,27.671232876712327,24.91926014832412,12.45963007416206,303
30,90,-20,-40,-70,-50,5,360,0.3,0.15,2.0,1156,304,26.297577854671278,24.191939984723994,12.095969992361997,303
15,60,-10,-40,-80,-50,10,240,0.4,0.2,2.0,2127,302,14.198401504466386,33.33833498003129,16.669167490015646,302
15,90,-20,-40,-80,-50,5,360,0.35,0.2,1.7499999999999998,1095,302,27.579908675799086,29.072470173044806,16.61284009888275,302
15,90,-10,-40,-70,-40,10,360,0.3,0.2,1.4999999999999998,1118,301,26.923076923076923,24.62400739747415,16.416004931649432,301
15,120,-10,-40,-70,-50,5,240,0.4,0.15,2.666666666666667,1694,300,17.70956316410862,32.23086469563602,12.086574260863507,300
15,120,-10,-40,-70,-50,10,240,0.4,0.15,2.666666666666667,1721,299,17.37361998837885,32.278615190790426,12.104480696546407,299
15,90,-20,-50,-70,-50,10,360,0.4,0.15,2.666666666666667,1486,298,20.053835800807537,32.32170461305946,12.120639229897298,298
15,90,-20,-50,-70,-50,10,240,0.3,0.15,2.0,1486,298,20.053835800807537,24.241278459794597,12.120639229897298,298
15,60,-20,-40,-80,-50,5,240,0.4,0.15,2.666666666666667,2285,298,13.041575492341357,33.338256659205186,12.501846247201943,298
30,90,-10,-40,-70,-50,5,360,0.3,0.2,1.4999999999999998,972,297,30.555555555555557,23.533072057561867,15.688714705041246,297
15,90,-20,-50,-70,-50,5,240,0.3,0.15,2.0,1411,296,20.978029766123317,24.38490383768344,12.19245191884172,296
30,90,-20,-40,-70,-50,5,360,0.35,0.2,1.7499999999999998,1156,296,25.60553633217993,28.223929982177992,16.127959989816,296
30,90,-20,-40,-70,-50,5,240,0.3,0.2,1.4999999999999998,1156,293,25.346020761245676,24.191939984723994,16.127959989816,293
15,60,-20,-40,-70,-40,10,240,0.4,0.15,2.666666666666667,2110,292,13.838862559241708,33.16938190558114,12.438518214592923,292
15,60,-10,-40,-80,-50,5,240,0.4,0.15,2.666666666666667,2209,292,13.218650973291082,33.269784048904114,12.476169018339043,292
15,90,-20,-50,-70,-50,5,360,0.4,0.15,2.666666666666667,1411,293,20.76541459957477,32.51320511691126,12.19245191884172,292
15,90,-10,-40,-80,-50,5,360,0.35,0.2,1.7499999999999998,1059,291,27.47875354107649,29.083354215742546,16.61905955185289,291
15,60,-20,-40,-70,-40,5,240,0.4,0.15,2.666666666666667,2070,290,14.009661835748794,33.204978882944346,12.451867081104126,290
15,60,-20,-50,-80,-50,10,360,0.35,0.2,1.7499999999999998,1083,290,26.777469990766388,28.337277753651215,16.19273014494355,290
15,90,-10,-40,-80,-50,5,360,0.3,0.15,2.0,1059,290,27.384324834749762,24.928589327779328,12.464294663889664,289
15,90,-20,-40,-80,-50,10,360,0.35,0.2,1.7499999999999998,1067,289,27.085285848172447,29.03959765208467,16.594055801191242,289
15,90,-10,-50,-70,-50,10,360,0.4,0.15,2.666666666666667,1442,289,20.041608876560332,32.35552290763248,12.13332109036218,289
15,90,-10,-50,-70,-50,10,240,0.3,0.15,2.0,1442,289,20.041608876560332,24.26664218072436,12.13332109036218,289
15,90,-10,-50,-70,-50,5,240,0.3,0.15,2.0,1372,288,20.99125364431487,24.391598943358435,12.195799471679218,288
30,60,-10,-40,-70,-50,10,240,0.4,0.15,2.666666666666667,1947,289,14.843348741653825,32.08155721945602,12.030583957296006,288
30,60,-20,-40,-80,-50,5,360,0.3,0.2,1.4999999999999998,1063,288,27.0931326434619,24.13921240725208,16.09280827150139,288
15,60,-10,-40,-70,-40,10,240,0.4,0.15,2.666666666666667,2070,287,13.86473429951691,33.11294061446087,12.417352730422826,287
15,60,-10,-40,-70,-40,5,240,0.4,0.15,2.666666666666667,2033,286,14.067879980324644,33.15042222504208,12.43140833439078,286
15,90,-20,-40,-80,-50,10,360,0.3,0.15,2.0,1067,287,26.897844423617617,24.89108370178686,12.44554185089343,286
15,60,-20,-50,-80,-50,5,360,0.35,0.2,1.7499999999999998,1062,286,26.93032015065913,28.27810157983056,16.15891518847461,285
15,90,-10,-50,-70,-50,5,360,0.4,0.15,2.666666666666667,1372,284,20.699708454810494,32.522131924477925,12.195799471679218,284
15,60,-10,-50,-80,-50,10,360,0.35,0.2,1.7499999999999998,1049,283,26.97807435653003,28.47806166950462,16.273178096859784,283
30,90,-10,-40,-70,-50,10,360,0.3,0.2,1.4999999999999998,933,282,30.22508038585209,22.78143058143018,15.18762038762012,282
15,60,-10,-50,-80,-50,5,360,0.35,0.2,1.7499999999999998,1033,281,27.202323330106488,28.3605866200573,16.206049497175602,281
15,60,-20,-40,-80,-50,10,240,0.4,0.15,2.666666666666667,2214,281,12.691960252935864,33.39287956637906,12.522329837392146,281
15,90,-20,-40,-70,-40,5,360,0.35,0.2,1.7499999999999998,1144,280,24.475524475524477,29.108515797321758,16.633437598469577,280
30,90,-20,-40,-70,-50,10,360,0.35,0.2,1.7499999999999998,1070,281,26.261682242990652,27.38024420093165,15.645853829103801,280
15,90,-20,-40,-70,-40,5,360,0.3,0.15,2.0,1144,279,24.388111888111887,24.950156397704365,12.475078198852183,279
15,60,-20,-50,-80,-50,5,360,0.3,0.15,2.0,1062,278,26.17702448210923,24.238372782711906,12.119186391355953,278
15,60,-20,-50,-80,-50,10,360,0.3,0.15,2.0,1083,278,25.669436749769158,24.289095217415326,12.144547608707663,277
15,90,-10,-40,-80,-50,10,360,0.35,0.2,1.7499999999999998,1028,277,26.945525291828794,29.07991435274056,16.61709391585175,277
15,90,-10,-40,-70,-40,5,360,0.35,0.2,1.7499999999999998,1134,276,24.33862433862434,29.0483924554599,16.599081403119946,276
15,90,-10,-40,-70,-40,5,360,0.3,0.15,2.0,1134,276,24.33862433862434,24.898622104679916,12.449311052339958,276
15,90,-20,-50,-70,-50,10,240,0.35,0.2,1.7499999999999998,1486,275,18.506056527590847,28.281491536427026,16.16085230652973,274
30,90,-20,-40,-70,-50,10,360,0.3,0.15,2.0,1070,275,25.70093457943925,23.4687807436557,11.73439037182785,274
15,60,-10,-50,-80,-50,5,360,0.3,0.15,2.0,1033,274,26.524685382381413,24.3090742457634,12.1545371228817,274
15,60,-10,-50,-80,-50,10,360,0.3,0.15,2.0,1049,273,26.024785510009536,24.409767145289674,12.204883572644837,273
15,90,-10,-40,-80,-50,10,360,0.3,0.15,2.0,1028,273,26.556420233463037,24.925640873777628,12.462820436888814,273
30,90,-20,-40,-70,-50,5,360,0.35,0.15,2.3333333333333335,1156,273,23.6159169550173,28.223929982177992,12.095969992361997,273
15,90,-20,-50,-70,-50,5,240,0.35,0.2,1.7499999999999998,1411,272,19.27710843373494,28.44905447729735,16.25660255845563,272
15,120,-20,-50,-70,-50,10,360,0.3,0.2,1.4999999999999998,935,272,29.09090909090909,23.683081804426436,15.788721202950954,272
15,60,-10,-40,-80,-50,10,240,0.4,0.15,2.666666666666667,2127,273,12.834978843441466,33.33833498003129,12.501875617511734,272
60,90,-20,-40,-70,-50,5,360,0.3,0.2,1.4999999999999998,934,271,29.014989293361886,24.48332600704251,16.32221733802834,271
30,90,-20,-40,-70,-50,5,240,0.3,0.15,2.0,1156,272,23.52941176470588,24.191939984723994,12.095969992361997,271
15,90,-10,-50,-70,-50,10,240,0.35,0.2,1.7499999999999998,1442,270,18.723994452149793,28.31108254417842,16.17776145381624,270
30,90,-10,-40,-70,-50,5,360,0.3,0.15,2.0,972,270,27.77777777777778,23.533072057561867,11.766536028780934,270
15,90,-20,-40,-80,-50,5,360,0.4,0.2,2.0,1095,268,24.474885844748858,33.2256801977655,16.61284009888275,268
30,90,-20,-40,-70,-50,10,240,0.3,0.2,1.4999999999999998,1070,268,25.04672897196262,23.4687807436557,15.645853829103801,268
15,120,-10,-50,-70,-50,10,360,0.3,0.2,1.4999999999999998,904,268,29.646017699115045,23.537097011369507,15.691398007579675,268
15,90,-20,-40,-80,-50,5,240,0.3,0.2,1.4999999999999998,1095,268,24.474885844748858,24.91926014832412,16.61284009888275,268
15,90,-20,-40,-80,-50,5,360,0.35,0.15,2.3333333333333335,1095,267,24.383561643835616,29.072470173044806,12.45963007416206,267
15,90,-10,-50,-70,-50,5,240,0.35,0.2,1.7499999999999998,1372,266,19.387755102040817,28.456865433918175,16.261065962238963,266
60,90,-20,-40,-70,-50,10,360,0.3,0.2,1.4999999999999998,890,266,29.8876404494382,23.525111129689673,15.683407419793117,266
15,90,-20,-40,-70,-40,10,360,0.35,0.2,1.7499999999999998,1128,266,23.581560283687946,28.791825067745275,16.45247146728302,266
15,60,-20,-50,-80,-50,10,240,0.3,0.2,1.4999999999999998,1083,266,24.561403508771928,24.289095217415326,16.19273014494355,265
15,60,-20,-50,-70,-40,10,360,0.3,0.2,1.4999999999999998,970,264,27.216494845360824,25.316536090948286,16.877690727298862,264
30,90,-20,-40,-70,-50,5,360,0.4,0.2,2.0,1156,264,22.837370242214533,32.255919979632,16.127959989816,264
15,90,-20,-40,-70,-40,10,360,0.3,0.15,2.0,1128,263,23.31560283687943,24.678707200924524,12.339353600462262,263
30,90,-10,-40,-70,-50,5,360,0.35,0.2,1.7499999999999998,972,263,27.05761316872428,27.45525073382218,15.688714705041246,263
30,90,-10,-40,-70,-50,5,240,0.3,0.2,1.4999999999999998,972,263,27.05761316872428,23.533072057561867,15.688714705041246,263
15,60,-10,-50,-80,-50,10,240,0.3,0.2,1.4999999999999998,1049,262,24.976167778836988,24.409767145289674,16.273178096859784,262
15,120,-20,-50,-70,-50,5,360,0.3,0.2,1.4999999999999998,901,262,29.078801331853498,23.852640812620685,15.901760541747127,262
15,90,-10,-40,-70,-40,10,360,0.35,0.2,1.7499999999999998,1118,262,23.43470483005367,28.72800863038651,16.416004931649432,262
30,60,-20,-40,-80,-50,5,360,0.3,0.15,2.0,1063,260,24.459078080903105,24.13921240725208,12.06960620362604,260
15,90,-10,-40,-70,-40,10,360,0.3,0.15,2.0,1118,260,23.25581395348837,24.62400739747415,12.312003698737074,260
15,90,-10,-40,-80,-50,5,240,0.3,0.2,1.4999999999999998,1059,259,24.45703493862134,24.928589327779328,16.61905955185289,259
15,60,-20,-50,-80,-50,5,240,0.3,0.2,1.4999999999999998,1062,258,24.293785310734464,24.238372782711906,16.15891518847461,258
15,60,-10,-50,-70,-40,10,360,0.3,0.2,1.4999999999999998,952,258,27.100840336134453,25.235895755710253,16.823930503806835,258
15,120,-10,-50,-70,-50,5,360,0.3,0.2,1.4999999999999998,871,258,29.621125143513204,23.708482666803466,15.80565511120231,258
15,90,-10,-40,-80,-50,5,360,0.35,0.15,2.3333333333333335,1059,257,24.268177525967893,29.083354215742546,12.464294663889664,257
15,90,-20,-40,-80,-50,10,240,0.3,0.2,1.4999999999999998,1067,257,24.08622305529522,24.89108370178686,16.594055801191242,257
15,60,-20,-50,-70,-40,5,360,0.3,0.2,1.4999999999999998,945,257,27.195767195767196,25.292520720751973,16.86168048050132,257
15,90,-10,-40,-80,-50,5,360,0.4,0.2,2.0,1059,257,24.268177525967893,33.23811910370578,16.61905955185289,257
15,60,-10,-50,-80,-50,5,240,0.3,0.2,1.4999999999999998,1033,256,24.78218780251694,24.3090742457634,16.206049497175602,256
15,60,-20,-50,-80,-50,5,360,0.35,0.15,2.3333333333333335,1062,255,24.01129943502825,28.27810157983056,12.119186391355953,255
15,60,-20,-50,-80,-50,10,360,0.35,0.15,2.3333333333333335,1083,256,23.63804247460757,28.337277753651215,12.144547608707663,255
15,90,-20,-40,-70,-40,5,240,0.3,0.2,1.4999999999999998,1144,255,22.29020979020979,24.950156397704365,16.633437598469577,255
15,90,-10,-40,-70,-40,5,240,0.3,0.2,1.4999999999999998,1134,254,22.39858906525573,24.898622104679916,16.599081403119946,254
30,90,-20,-40,-70,-50,5,240,0.35,0.2,1.7499999999999998,1156,254,21.972318339100347,28.223929982177992,16.127959989816,254
30,90,-10,-40,-70,-50,10,360,0.35,0.2,1.7499999999999998,933,253,27.116827438370844,26.578335678335208,15.18762038762012,252
15,60,-20,-50,-80,-50,10,360,0.4,0.2,2.0,1083,253,23.361034164358262,32.3854602898871,16.19273014494355,252
30,60,-20,-40,-80,-50,5,360,0.35,0.2,1.7499999999999998,1063,252,23.706491063029162,28.162414475127424,16.09280827150139,252
15,90,-20,-40,-80,-50,10,360,0.4,0.2,2.0,1067,253,23.711340206185564,33.188111602382484,16.594055801191242,252
15,90,-20,-40,-80,-50,10,360,0.35,0.15,2.3333333333333335,1067,252,23.617619493908155,29.03959765208467,12.44554185089343,252
15,90,-20,-50,-70,-50,10,240,0.35,0.15,2.3333333333333335,1486,252,16.95827725437416,28.281491536427026,12.120639229897298,252
15,60,-10,-50,-70,-40,5,360,0.3,0.2,1.4999999999999998,927,252,27.184466019417474,25.219303249253972,16.81286883283598,252
15,60,-10,-50,-80,-50,5,360,0.35,0.15,2.3333333333333335,1033,251,24.298160696999034,28.3605866200573,12.1545371228817,251
15,60,-10,-50,-80,-50,10,360,0.35,0.15,2.3333333333333335,1049,251,23.927550047664443,28.47806166950462,12.204883572644837,251
30,90,-20,-40,-70,-50,10,360,0.35,0.15,2.3333333333333335,1070,250,23.364485981308412,27.38024420093165,11.73439037182785,250
30,90,-10,-40,-70,-50,10,360,0.3,0.15,2.0,933,250,26.79528403001072,22.78143058143018,11.39071529071509,250
15,60,-20,-40,-80,-40,5,360,0.3,0.2,1.4999999999999998,922,250,27.114967462039047,25.120917772505933,16.747278515003956,250
15,90,-20,-50,-70,-50,5,240,0.35,0.15,2.3333333333333335,1411,249,17.647058823529413,28.44905447729735,12.19245191884172,249
15,120,-20,-50,-70,-50,10,360,0.3,0.15,2.0,935,249,26.631016042780747,23.683081804426436,11.841540902213218,249
15,60,-20,-50,-80,-50,5,360,0.4,0.2,2.0,1062,249,23.44632768361582,32.31783037694922,16.15891518847461,249
30,60,-20,-40,-80,-50,5,240,0.3,0.2,1.4999999999999998,1063,249,23.424270931326436,24.13921240725208,16.09280827150139,249
30,60,-20,-40,-80,-50,10,360,0.3,0.2,1.4999999999999998,904,249,27.544247787610622,23.826109770802418,15.884073180534946,249
15,90,-10,-50,-70,-50,10,240,0.35,0.15,2.3333333333333335,1442,247,17.128987517337034,28.31108254417842,12.13332109036218,247
30,90,-20,-40,-70,-50,5,360,0.4,0.15,2.666666666666667,1156,247,21.366782006920417,32.255919979632,12.095969992361997,247
15,90,-10,-40,-80,-50,10,240,0.3,0.2,1.4999999999999998,1028,246,23.929961089494164,24.925640873777628,16.61709391585175,246
15,60,-10,-50,-80,-50,10,360,0.4,0.2,2.0,1049,246,23.450905624404193,32.54635619371957,16.273178096859784,246
30,90,-10,-40,-70,-50,10,240,0.3,0.2,1.4999999999999998,933,245,26.259378349410508,22.78143058143018,15.18762038762012,245
15,90,-20,-40,-70,-40,5,360,0.35,0.15,2.3333333333333335,1144,245,21.416083916083917,29.108515797321758,12.475078198852183,245
15,120,-20,-50,-70,-50,10,360,0.35,0.2,1.7499999999999998,935,245,26.203208556149733,27.630262105164174,15.788721202950954,245
15,120,-10,-50,-70,-50,10,360,0.3,0.15,2.0,904,245,27.101769911504427,23.537097011369507,11.768548505684754,245
15,90,-20,-40,-80,-50,5,240,0.3,0.15,2.0,1095,244,22.28310502283105,24.91926014832412,12.45963007416206,244
15,60,-10,-40,-80,-40,5,360,0.3,0.2,1.4999999999999998,902,244,27.0509977827051,25.12123111036469,16.747487406909794,244
30,90,-10,-40,-70,-50,5,240,0.3,0.15,2.0,972,245,25.205761316872426,23.533072057561867,11.766536028780934,244
30,60,-10,-40,-80,-50,5,360,0.3,0.2,1.4999999999999998,888,244,27.47747747747748,23.756792003718804,15.837861335812535,244
15,60,-10,-50,-80,-50,5,360,0.4,0.2,2.0,1033,244,23.62052274927396,32.412098994351204,16.206049497175602,244
30,90,-20,-40,-70,-50,10,240,0.3,0.15,2.0,1070,244,22.80373831775701,23.4687807436557,11.73439037182785,244
15,60,-20,-40,-80,-40,10,360,0.3,0.2,1.4999999999999998,913,243,26.615553121577218,24.93250411147797,16.621669407651982,243
15,120,-20,-50,-70,-50,5,360,0.3,0.15,2.0,901,243,26.970033296337405,23.852640812620685,11.926320406310342,243
15,90,-10,-50,-70,-50,5,240,0.35,0.15,2.3333333333333335,1372,243,17.711370262390673,28.456865433918175,12.195799471679218,243
15,90,-10,-40,-70,-40,5,360,0.35,0.15,2.3333333333333335,1134,242,21.340388007054674,29.0483924554599,12.449311052339958,242
15,90,-20,-40,-70,-40,10,240,0.3,0.2,1.4999999999999998,1128,242,21.45390070921986,24.678707200924524,16.45247146728302,242
30,90,-10,-40,-70,-50,5,360,0.35,0.15,2.3333333333333335,972,242,24.897119341563787,27.45525073382218,11.766536028780934,242
15,90,-10,-40,-80,-50,10,360,0.4,0.2,2.0,1028,241,23.443579766536963,33.2341878317035,16.61709391585175,241
15,90,-10,-40,-80,-50,10,360,0.35,0.15,2.3333333333333335,1028,241,23.443579766536963,29.07991435274056,12.462820436888814,241
60,90,-20,-40,-70,-50,5,360,0.3,0.15,2.0,934,241,25.802997858672377,24.48332600704251,12.241663003521255,241
15,120,-10,-50,-70,-50,10,360,0.35,0.2,1.7499999999999998,904,241,26.65929203539823,27.459946513264427,15.691398007579675,241
15,90,-20,-40,-80,-50,5,360,0.4,0.15,2.666666666666667,1095,241,22.009132420091323,33.2256801977655,12.45963007416206,241
15,90,-10,-40,-70,-40,10,240,0.3,0.2,1.4999999999999998,1118,241,21.556350626118068,24.62400739747415,16.416004931649432,241
15,120,-10,-50,-70,-50,5,360,0.3,0.15,2.0,871,239,27.439724454649827,23.708482666803466,11.854241333401733,239
15,90,-20,-40,-70,-40,5,360,0.4,0.2,2.0,1144,237,20.716783216783217,33.266875196939154,16.633437598469577,237
60,90,-20,-40,-70,-50,5,360,0.35,0.2,1.7499999999999998,934,236,25.267665952890795,28.56388034154959,16.32221733802834,236
15,60,-10,-40,-80,-40,10,360,0.3,0.2,1.4999999999999998,891,236,26.487093153759822,24.94411207480322,16.629408049868815,236
15,90,-10,-40,-80,-50,5,240,0.3,0.15,2.0,1059,236,22.285174693106704,24.928589327779328,12.464294663889664,236
60,90,-20,-40,-70,-50,10,360,0.35,0.2,1.7499999999999998,890,235,26.40449438202247,27.445962984637948,15.683407419793117,235
30,90,-20,-40,-70,-50,5,240,0.35,0.15,2.3333333333333335,1156,236,20.415224913494807,28.223929982177992,12.095969992361997,235
15,60,-20,-50,-70,-40,10,360,0.35,0.2,1.7499999999999998,970,235,24.22680412371134,29.535958772773004,16.877690727298862,235
30,90,-20,-40,-70,-50,10,360,0.4,0.2,2.0,1070,235,21.962616822429908,31.291707658207603,15.645853829103801,235
15,120,-20,-50,-70,-50,5,360,0.35,0.2,1.7499999999999998,901,234,25.971143174250834,27.828080948057465,15.901760541747127,234
30,90,-10,-40,-70,-50,5,360,0.4,0.2,2.0,972,233,23.97119341563786,31.37742941008249,15.688714705041246,233
15,60,-20,-50,-80,-50,10,240,0.3,0.15,2.0,1083,234,21.60664819944598,24.289095217415326,12.144547608707663,233
15,90,-10,-40,-70,-40,5,360,0.4,0.2,2.0,1134,233,20.54673721340388,33.19816280623989,16.599081403119946,233
60,90,-20,-40,-70,-50,10,360,0.3,0.15,2.0,890,234,26.29213483146067,23.525111129689673,11.762555564844837,233
15,60,-10,-50,-80,-50,10,240,0.3,0.15,2.0,1049,232,22.1163012392755,24.409767145289674,12.204883572644837,232
15,90,-10,-40,-80,-50,5,360,0.4,0.15,2.666666666666667,1059,231,21.813031161473088,33.23811910370578,12.464294663889664,231
15,120,-20,-50,-70,-50,10,240,0.3,0.2,1.4999999999999998,935,231,24.705882352941178,23.683081804426436,15.788721202950954,231
15,90,-20,-40,-80,-50,10,240,0.3,0.15,2.0,1067,231,21.649484536082475,24.89108370178686,12.44554185089343,231
30,90,-10,-40,-70,-50,5,240,0.35,0.2,1.7499999999999998,972,230,23.662551440329217,27.45525073382218,15.688714705041246,230
15,90,-20,-40,-70,-40,10,360,0.35,0.15,2.3333333333333335,1128,230,20.390070921985814,28.791825067745275,12.339353600462262,229
30,90,-20,-40,-70,-50,10,240,0.35,0.2,1.7499999999999998,1070,229,21.401869158878505,27.38024420093165,15.645853829103801,229
15,60,-20,-50,-80,-50,5,240,0.3,0.15,2.0,1062,229,21.563088512241055,24.238372782711906,12.119186391355953,229
15,120,-10,-50,-70,-50,5,360,0.35,0.2,1.7499999999999998,871,230,26.406429391504016,27.659896444604033,15.80565511120231,229
15,60,-20,-50,-70,-40,5,360,0.35,0.2,1.7499999999999998,945,229,24.232804232804234,29.507940840877307,16.86168048050132,229
15,60,-10,-50,-70,-40,10,360,0.35,0.2,1.7499999999999998,952,229,24.054621848739497,29.441878381661954,16.823930503806835,229
30,60,-20,-40,-80,-50,5,360,0.35,0.15,2.3333333333333335,1063,229,21.54280338664158,28.162414475127424,12.06960620362604,229
15,90,-20,-40,-70,-40,5,240,0.3,0.15,2.0,1144,228,19.93006993006993,24.950156397704365,12.475078198852183,228
15,90,-10,-40,-70,-40,5,240,0.3,0.15,2.0,1134,228,20.105820105820104,24.898622104679916,12.449311052339958,228
15,120,-10,-50,-70,-50,10,240,0.3,0.2,1.4999999999999998,904,228,25.221238938053098,23.537097011369507,15.691398007579675,228
15,60,-10,-50,-80,-50,5,240,0.3,0.15,2.0,1033,228,22.07163601161665,24.3090742457634,12.1545371228817,228
15,90,-10,-40,-70,-40,10,360,0.35,0.15,2.3333333333333335,1118,227,20.304114490161002,28.72800863038651,12.312003698737074,227
15,90,-20,-50,-70,-50,10,240,0.4,0.2,2.0,1486,227,15.275908479138629,32.32170461305946,16.16085230652973,227
15,120,-20,-50,-70,-50,5,240,0.3,0.2,1.4999999999999998,901,226,25.083240843507216,23.852640812620685,15.901760541747127,226
15,60,-20,-50,-70,-40,10,360,0.3,0.15,2.0,970,226,23.298969072164947,25.316536090948286,12.658268045474143,226
15,90,-20,-50,-70,-50,5,240,0.4,0.2,2.0,1411,226,16.017009213323885,32.51320511691126,16.25660255845563,226
30,90,-10,-40,-70,-50,10,360,0.35,0.15,2.3333333333333335,933,226,24.22293676312969,26.578335678335208,11.39071529071509,226
15,60,-20,-50,-80,-50,10,360,0.4,0.15,2.666666666666667,1083,226,20.8679593721145,32.3854602898871,12.144547608707663,226
15,90,-20,-40,-80,-50,10,360,0.4,0.15,2.666666666666667,1067,226,21.180880974695405,33.188111602382484,12.44554185089343,225
15,120,-20,-50,-70,-50,10,360,0.35,0.15,2.3333333333333335,935,225,24.06417112299465,27.630262105164174,11.841540902213218,225
15,60,-20,-50,-80,-50,5,360,0.4,0.15,2.666666666666667,1062,225,21.1864406779661,32.31783037694922,12.119186391355953,225
60,90,-20,-40,-70,-50,5,240,0.3,0.2,1.4999999999999998,934,225,24.089935760171304,24.48332600704251,16.32221733802834,224
30,90,-10,-40,-70,-50,10,240,0.3,0.15,2.0,933,224,24.008574490889604,22.78143058143018,11.39071529071509,224
30,60,-20,-40,-80,-50,5,240,0.3,0.15,2.0,1063,224,21.072436500470367,24.13921240725208,12.06960620362604,224
30,60,-10,-40,-80,-50,10,360,0.3,0.2,1.4999999999999998,781,224,28.681177976952625,23.629533585742948,15.753022390495298,224
15,60,-10,-50,-70,-40,5,360,0.35,0.2,1.7499999999999998,927,224,24.163969795037758,29.42252045746297,16.81286883283598,224
15,120,-10,-50,-70,-50,5,240,0.3,0.2,1.4999999999999998,871,223,25.602755453501725,23.708482666803466,15.80565511120231,223
15,90,-20,-40,-70,-40,10,360,0.4,0.2,2.0,1128,223,19.76950354609929,32.90494293456604,16.45247146728302,223
15,90,-10,-50,-70,-50,10,240,0.4,0.2,2.0,1442,224,15.53398058252427,32.35552290763248,16.17776145381624,223
15,60,-20,-40,-80,-40,5,360,0.3,0.15,2.0,922,223,24.18655097613883,25.120917772505933,12.560458886252967,223
30,60,-20,-40,-80,-50,5,360,0.4,0.2,2.0,1063,222,20.884289746001883,32.18561654300278,16.09280827150139,222
15,90,-10,-50,-70,-50,5,240,0.4,0.2,2.0,1372,222,16.18075801749271,32.522131924477925,16.261065962238963,222
30,60,-10,-40,-80,-50,5,360,0.3,0.15,2.0,888,221,24.88738738738739,23.756792003718804,11.878396001859402,221
15,60,-10,-50,-70,-40,10,360,0.3,0.15,2.0,952,221,23.214285714285715,25.235895755710253,12.617947877855126,221
15,120,-10,-50,-70,-50,10,360,0.35,0.15,2.3333333333333335,904,221,24.446902654867255,27.459946513264427,11.768548505684754,221
15,60,-10,-50,-80,-50,5,360,0.4,0.15,2.666666666666667,1033,221,21.39399806389158,32.412098994351204,12.1545371228817,221
15,60,-10,-50,-80,-50,10,360,0.4,0.15,2.666666666666667,1049,221,21.067683508102956,32.54635619371957,12.204883572644837,221
15,90,-10,-40,-80,-50,10,240,0.3,0.15,2.0,1028,221,21.498054474708173,24.925640873777628,12.462820436888814,221
30,60,-20,-40,-80,-50,10,360,0.35,0.2,1.7499999999999998,904,221,24.446902654867255,27.797128065936153,15.884073180534946,221
15,60,-20,-50,-70,-40,5,360,0.3,0.15,2.0,945,220,23.28042328042328,25.292520720751973,12.646260360375987,219
15,60,-20,-40,-80,-40,5,360,0.35,0.2,1.7499999999999998,922,219,23.752711496746205,29.307737401256922,16.747278515003956,219
15,90,-10,-40,-70,-40,10,360,0.4,0.2,2.0,1118,219,19.58855098389982,32.832009863298865,16.416004931649432,219
15,120,-20,-50,-70,-50,5,360,0.35,0.15,2.3333333333333335,901,218,24.195338512763595,27.828080948057465,11.926320406310342,218
15,60,-10,-40,-80,-40,5,360,0.3,0.15,2.0,902,218,24.168514412416854,25.12123111036469,12.560615555182345,218
30,90,-10,-40,-70,-50,5,360,0.4,0.15,2.666666666666667,972,218,22.42798353909465,31.37742941008249,11.766536028780934,218
15,90,-20,-40,-80,-50,5,240,0.35,0.2,1.7499999999999998,1095,217,19.817351598173516,29.072470173044806,16.61284009888275,217
15,60,-20,-50,-80,-50,10,240,0.35,0.2,1.7499999999999998,1083,217,20.036934441366576,28.337277753651215,16.19273014494355,217
30,90,-20,-40,-70,-50,10,360,0.4,0.15,2.666666666666667,1070,216,20.186915887850468,31.291707658207603,11.73439037182785,216
30,90,-20,-40,-70,-50,5,240,0.4,0.2,2.0,1156,216,18.685121107266436,32.255919979632,16.127959989816,216
30,60,-20,-40,-80,-50,5,240,0.35,0.2,1.7499999999999998,1063,216,20.319849482596425,28.162414475127424,16.09280827150139,216
15,60,-20,-40,-80,-40,10,360,0.35,0.2,1.7499999999999998,913,215,23.548740416210297,29.087921463390963,16.621669407651982,215
15,90,-20,-40,-70,-40,10,240,0.3,0.15,2.0,1128,215,19.060283687943265,24.678707200924524,12.339353600462262,215
15,60,-20,-40,-80,-40,10,360,0.3,0.15,2.0,913,215,23.548740416210297,24.93250411147797,12.466252055738986,215
15,60,-10,-40,-80,-40,5,360,0.35,0.2,1.7499999999999998,902,215,23.835920177383592,29.308102962092136,16.747487406909794,215
60,90,-20,-40,-70,-50,10,240,0.3,0.2,1.4999999999999998,890,215,24.15730337078652,23.525111129689673,15.683407419793117,215
15,90,-10,-40,-80,-50,10,360,0.4,0.15,2.666666666666667,1028,215,20.914396887159533,33.2341878317035,12.462820436888814,215
30,90,-10,-40,-70,-50,5,240,0.35,0.15,2.3333333333333335,972,215,22.11934156378601,27.45525073382218,11.766536028780934,215
60,90,-20,-40,-70,-50,5,360,0.4,0.2,2.0,934,215,23.019271948608136,32.64443467605668,16.32221733802834,215
15,60,-10,-50,-70,-40,5,360,0.3,0.15,2.0,927,215,23.19309600862999,25.219303249253972,12.609651624626986,215
15,90,-10,-40,-70,-40,10,240,0.3,0.15,2.0,1118,215,19.230769230769234,24.62400739747415,12.312003698737074,215
15,120,-20,-50,-70,-50,10,360,0.4,0.2,2.0,935,214,22.887700534759357,31.57744240590191,15.788721202950954,214
30,60,-20,-40,-80,-50,10,360,0.3,0.15,2.0,904,214,23.672566371681416,23.826109770802418,11.913054885401209,214
15,120,-10,-50,-70,-50,5,360,0.35,0.15,2.3333333333333335,871,214,24.569460390355914,27.659896444604033,11.854241333401733,214
30,60,-10,-40,-80,-50,5,360,0.35,0.2,1.7499999999999998,888,214,24.0990990990991,27.716257337671934,15.837861335812535,214
15,60,-20,-50,-70,-40,10,240,0.3,0.2,1.4999999999999998,970,214,22.061855670103093,25.316536090948286,16.877690727298862,214
15,60,-10,-50,-80,-50,10,240,0.35,0.2,1.7499999999999998,1049,214,20.400381315538606,28.47806166950462,16.273178096859784,213
30,90,-10,-40,-70,-50,10,240,0.35,0.2,1.7499999999999998,933,213,22.829581993569132,26.578335678335208,15.18762038762012,213
60,90,-20,-40,-70,-50,5,360,0.35,0.15,2.3333333333333335,934,213,22.805139186295502,28.56388034154959,12.241663003521255,213
15,90,-20,-50,-70,-50,10,240,0.4,0.15,2.666666666666667,1486,213,14.333781965006729,32.32170461305946,12.120639229897298,213
15,120,-20,-50,-70,-50,10,240,0.3,0.15,2.0,935,212,22.673796791443852,23.683081804426436,11.841540902213218,212
15,90,-20,-40,-70,-40,5,360,0.4,0.15,2.666666666666667,1144,212,18.53146853146853,33.266875196939154,12.475078198852183,212
15,90,-20,-50,-70,-50,5,240,0.4,0.15,2.666666666666667,1411,212,15.024805102763997,32.51320511691126,12.19245191884172,212
30,60,-20,-40,-80,-50,10,240,0.3,0.2,1.4999999999999998,904,212,23.451327433628318,23.826109770802418,15.884073180534946,212
15,90,-10,-40,-80,-50,5,240,0.35,0.2,1.7499999999999998,1059,211,19.924457034938623,29.083354215742546,16.61905955185289,211
15,120,-10,-50,-70,-50,10,360,0.4,0.2,2.0,904,211,23.34070796460177,31.38279601515935,15.691398007579675,211
15,60,-20,-50,-70,-40,10,360,0.4,0.2,2.0,970,211,21.75257731958763,33.755381454597725,16.877690727298862,211
15,60,-20,-50,-80,-50,5,240,0.35,0.2,1.7499999999999998,1062,211,19.868173258003765,28.27810157983056,16.15891518847461,210
15,60,-10,-40,-80,-40,10,360,0.3,0.15,2.0,891,210,23.56902356902357,24.94411207480322,12.47205603740161,210
15,60,-10,-50,-80,-50,5,240,0.35,0.2,1.7499999999999998,1033,210,20.329138431752177,28.3605866200573,16.206049497175602,210
15,90,-10,-50,-70,-50,10,240,0.4,0.15,2.666666666666667,1442,210,14.563106796116504,32.35552290763248,12.13332109036218,210
15,120,-20,-50,-70,-50,5,240,0.3,0.15,2.0,901,210,23.307436182019977,23.852640812620685,11.926320406310342,210
30,90,-10,-40,-70,-50,10,360,0.4,0.2,2.0,933,210,22.508038585209004,30.37524077524024,15.18762038762012,210
15,60,-20,-50,-70,-40,5,240,0.3,0.2,1.4999999999999998,945,211,22.328042328042326,25.292520720751973,16.86168048050132,210
15,60,-10,-50,-70,-40,10,240,0.3,0.2,1.4999999999999998,952,210,22.058823529411764,25.235895755710253,16.823930503806835,210
30,60,-10,-40,-80,-50,5,240,0.3,0.2,1.4999999999999998,888,210,23.64864864864865,23.756792003718804,15.837861335812535,210
15,60,-10,-40,-80,-40,10,360,0.35,0.2,1.7499999999999998,891,210,23.56902356902357,29.101464087270415,16.629408049868815,210
60,90,-20,-40,-70,-50,10,360,0.35,0.15,2.3333333333333335,890,209,23.48314606741573,27.445962984637948,11.762555564844837,209
30,90,-20,-40,-70,-50,10,240,0.35,0.15,2.3333333333333335,1070,209,19.532710280373834,27.38024420093165,11.73439037182785,209
15,120,-10,-50,-70,-50,10,240,0.3,0.15,2.0,904,209,23.11946902654867,23.537097011369507,11.768548505684754,209
15,90,-10,-40,-70,-40,5,360,0.4,0.15,2.666666666666667,1134,209,18.430335097001763,33.19816280623989,12.449311052339958,209
15,90,-20,-40,-70,-40,5,240,0.35,0.2,1.7499999999999998,1144,208,18.181818181818183,29.108515797321758,16.633437598469577,208
15,90,-10,-50,-70,-50,5,240,0.4,0.15,2.666666666666667,1372,208,15.160349854227405,32.522131924477925,12.195799471679218,208
15,60,-10,-50,-70,-40,5,240,0.3,0.2,1.4999999999999998,927,208,22.43797195253506,25.219303249253972,16.81286883283598,208
30,120,-20,-40,-70,-50,10,360,0.3,0.2,1.4999999999999998,646,207,32.04334365325077,23.225871995647907,15.483914663765269,207
15,120,-20,-50,-70,-50,5,360,0.4,0.2,2.0,901,207,22.97447280799112,31.803521083494253,15.901760541747127,207
15,120,-10,-50,-70,-50,5,240,0.3,0.15,2.0,871,207,23.765786452353616,23.708482666803466,11.854241333401733,207
15,90,-10,-40,-70,-40,5,240,0.35,0.2,1.7499999999999998,1134,207,18.253968253968253,29.0483924554599,16.599081403119946,207
15,120,-20,-50,-70,-50,10,240,0.35,0.2,1.7499999999999998,935,206,22.032085561497325,27.630262105164174,15.788721202950954,206
30,60,-20,-40,-80,-50,5,360,0.4,0.15,2.666666666666667,1063,206,19.379115710254,32.18561654300278,12.06960620362604,206
15,60,-10,-50,-70,-40,10,360,0.4,0.2,2.0,952,205,21.53361344537815,33.64786100761367,16.823930503806835,205
15,60,-20,-50,-70,-40,5,360,0.4,0.2,2.0,945,205,21.693121693121693,33.72336096100264,16.86168048050132,205
60,90,-20,-40,-70,-50,5,240,0.3,0.15,2.0,934,204,21.841541755888652,24.48332600704251,12.241663003521255,204
30,120,-20,-40,-70,-50,5,360,0.3,0.2,1.4999999999999998,689,204,29.60812772133527,24.78482396044936,16.523215973632905,204
15,120,-10,-50,-70,-50,5,360,0.4,0.2,2.0,871,204,23.421354764638348,31.61131022240462,15.80565511120231,204
15,120,-10,-50,-70,-50,10,240,0.35,0.2,1.7499999999999998,904,205,22.676991150442475,27.459946513264427,15.691398007579675,204
30,90,-20,-40,-70,-50,5,240,0.4,0.15,2.666666666666667,1156,204,17.647058823529413,32.255919979632,12.095969992361997,204
15,90,-20,-40,-80,-50,10,240,0.35,0.2,1.7499999999999998,1067,202,18.93158388003749,29.03959765208467,16.594055801191242,202
15,120,-20,-50,-70,-50,5,240,0.35,0.2,1.7499999999999998,901,202,22.41953385127636,27.828080948057465,15.901760541747127,202
60,90,-20,-40,-70,-50,10,360,0.4,0.2,2.0,890,200,22.47191011235955,31.366814839586233,15.683407419793117,200
15,60,-10,-50,-70,-40,5,360,0.4,0.2,2.0,927,200,21.57497303128371,33.62573766567196,16.81286883283598,200
60,90,-20,-40,-70,-50,5,360,0.4,0.15,2.666666666666667,934,200,21.413276231263385,32.64443467605668,12.241663003521255,200
15,120,-10,-50,-70,-50,5,240,0.35,0.2,1.7499999999999998,871,199,22.847301951779563,27.659896444604033,15.80565511120231,199
30,60,-10,-40,-80,-50,10,360,0.35,0.2,1.7499999999999998,781,199,25.480153649167736,27.567789183366774,15.753022390495298,199
15,90,-20,-40,-80,-50,5,240,0.35,0.15,2.3333333333333335,1095,200,18.2648401826484,29.072470173044806,12.45963007416206,199
15,60,-20,-50,-70,-40,10,360,0.35,0.15,2.3333333333333335,970,200,20.618556701030926,29.535958772773004,12.658268045474143,199
30,60,-20,-40,-80,-50,5,240,0.35,0.15,2.3333333333333335,1063,198,18.626528692380056,28.162414475127424,12.06960620362604,198
15,60,-20,-40,-80,-40,5,360,0.35,0.15,2.3333333333333335,922,198,21.475054229934923,29.307737401256922,12.560458886252967,198
15,120,-20,-50,-70,-50,10,360,0.4,0.15,2.666666666666667,935,197,21.06951871657754,31.57744240590191,11.841540902213218,197
30,60,-20,-50,-70,-50,10,360,0.3,0.2,1.4999999999999998,671,197,29.359165424739196,24.52676000332257,16.35117333554838,197
15,90,-20,-40,-70,-40,10,240,0.35,0.2,1.7499999999999998,1128,197,17.4645390070922,28.791825067745275,16.45247146728302,197
15,90,-20,-40,-70,-40,10,360,0.4,0.15,2.666666666666667,1128,197,17.4645390070922,32.90494293456604,12.339353600462262,197
30,90,-10,-40,-70,-50,5,240,0.4,0.2,2.0,972,197,20.267489711934157,31.37742941008249,15.688714705041246,197
15,90,-10,-40,-70,-40,10,240,0.35,0.2,1.7499999999999998,1118,196,17.531305903398927,28.72800863038651,16.416004931649432,196
30,90,-10,-40,-70,-50,10,240,0.35,0.15,2.3333333333333335,933,196,21.007502679528404,26.578335678335208,11.39071529071509,196
60,90,-20,-40,-70,-50,10,240,0.3,0.15,2.0,890,195,21.910112359550563,23.525111129689673,11.762555564844837,195
15,60,-10,-40,-80,-40,5,360,0.35,0.15,2.3333333333333335,902,195,21.61862527716186,29.308102962092136,12.560615555182345,195
30,60,-10,-40,-80,-50,5,360,0.35,0.15,2.3333333333333335,888,195,21.95945945945946,27.716257337671934,11.878396001859402,195
15,90,-10,-40,-80,-50,5,240,0.35,0.15,2.3333333333333335,1059,195,18.413597733711047,29.083354215742546,12.464294663889664,195
15,60,-10,-50,-70,-40,10,360,0.35,0.15,2.3333333333333335,952,195,20.483193277310924,29.441878381661954,12.617947877855126,195
15,60,-20,-50,-80,-50,10,240,0.35,0.15,2.3333333333333335,1083,196,18.09787626962142,28.337277753651215,12.144547608707663,195
30,90,-10,-40,-70,-50,10,360,0.4,0.15,2.666666666666667,933,195,20.90032154340836,30.37524077524024,11.39071529071509,195
15,60,-20,-50,-70,-40,5,360,0.35,0.15,2.3333333333333335,945,195,20.634920634920633,29.507940840877307,12.646260360375987,194
15,120,-20,-50,-70,-50,5,360,0.4,0.15,2.666666666666667,901,194,21.53163152053274,31.803521083494253,11.926320406310342,194
15,60,-10,-50,-80,-50,10,240,0.35,0.15,2.3333333333333335,1049,194,18.493803622497616,28.47806166950462,12.204883572644837,194
15,90,-10,-40,-70,-40,10,360,0.4,0.15,2.666666666666667,1118,194,17.352415026833633,32.832009863298865,12.312003698737074,194
15,90,-10,-40,-80,-50,10,240,0.35,0.2,1.7499999999999998,1028,194,18.8715953307393,29.07991435274056,16.61709391585175,194
15,120,-10,-50,-70,-50,10,360,0.4,0.15,2.666666666666667,904,194,21.460176991150444,31.38279601515935,11.768548505684754,194
30,60,-10,-40,-80,-50,10,360,0.3,0.15,2.0,781,194,24.839948783610755,23.629533585742948,11.814766792871474,194
15,60,-20,-50,-80,-50,5,240,0.35,0.15,2.3333333333333335,1062,193,18.173258003766477,28.27810157983056,12.119186391355953,193
60,90,-20,-40,-70,-50,5,240,0.35,0.2,1.7499999999999998,934,193,20.663811563169165,28.56388034154959,16.32221733802834,193
30,120,-20,-40,-70,-50,5,240,0.3,0.2,1.4999999999999998,689,193,28.011611030478957,24.78482396044936,16.523215973632905,193
15,60,-10,-50,-80,-50,5,240,0.35,0.15,2.3333333333333335,1033,192,18.586640851887708,28.3605866200573,12.1545371228817,192
15,60,-20,-40,-80,-40,5,240,0.3,0.2,1.4999999999999998,922,192,20.824295010845987,25.120917772505933,16.747278515003956,192
15,60,-20,-40,-80,-40,10,360,0.35,0.15,2.3333333333333335,913,192,21.02957283680175,29.087921463390963,12.466252055738986,192
30,120,-20,-40,-70,-50,10,360,0.35,0.2,1.7499999999999998,646,192,29.721362229102166,27.09685066158922,15.483914663765269,192
15,120,-10,-50,-70,-50,5,360,0.4,0.15,2.666666666666667,871,191,21.92881745120551,31.61131022240462,11.854241333401733,191
30,120,-20,-40,-70,-50,10,360,0.3,0.15,2.0,646,191,29.566563467492262,23.225871995647907,11.612935997823953,191
15,120,-20,-50,-70,-50,10,240,0.35,0.15,2.3333333333333335,935,191,20.427807486631018,27.630262105164174,11.841540902213218,191
30,60,-10,-40,-80,-50,5,240,0.3,0.15,2.0,888,190,21.396396396396398,23.756792003718804,11.878396001859402,190
30,60,-20,-40,-80,-50,10,360,0.35,0.15,2.3333333333333335,904,190,21.01769911504425,27.797128065936153,11.913054885401209,190
30,120,-10,-40,-70,-50,10,360,0.3,0.2,1.4999999999999998,574,190,33.10104529616725,22.509635998010936,15.00642399867396,190
15,60,-10,-50,-70,-40,5,360,0.35,0.15,2.3333333333333335,927,190,20.496224379719525,29.42252045746297,12.609651624626986,190
30,60,-10,-40,-80,-50,10,240,0.3,0.2,1.4999999999999998,781,191,24.455825864276566,23.629533585742948,15.753022390495298,190
15,120,-10,-50,-70,-50,10,240,0.35,0.15,2.3333333333333335,904,190,21.01769911504425,27.459946513264427,11.768548505684754,190
15,60,-20,-40,-80,-40,10,240,0.3,0.2,1.4999999999999998,913,189,20.700985761226725,24.93250411147797,16.621669407651982,189
30,120,-20,-40,-70,-50,5,360,0.3,0.15,2.0,689,189,27.431059506531202,24.78482396044936,12.39241198022468,189
15,60,-10,-40,-80,-40,5,240,0.3,0.2,1.4999999999999998,902,189,20.953436807095343,25.12123111036469,16.747487406909794,189
15,60,-10,-40,-80,-40,10,360,0.35,0.15,2.3333333333333335,891,189,21.21212121212121,29.101464087270415,12.47205603740161,189
15,120,-20,-50,-70,-50,5,240,0.35,0.15,2.3333333333333335,901,189,20.97669256381798,27.828080948057465,11.926320406310342,189
60,90,-20,-40,-70,-50,10,360,0.4,0.15,2.666666666666667,890,188,21.123595505617978,31.366814839586233,11.762555564844837,188
30,90,-10,-40,-70,-50,5,240,0.4,0.15,2.666666666666667,972,188,19.34156378600823,31.37742941008249,11.766536028780934,188
30,60,-10,-40,-80,-50,5,360,0.4,0.2,2.0,888,188,21.17117117117117,31.67572267162507,15.837861335812535,188
30,90,-20,-40,-70,-50,10,240,0.4,0.2,2.0,1070,188,17.570093457943926,31.291707658207603,15.645853829103801,188
15,60,-20,-40,-80,-40,5,360,0.4,0.2,2.0,922,188,20.390455531453362,33.49455703000791,16.747278515003956,188
60,90,-20,-40,-70,-50,10,240,0.35,0.2,1.7499999999999998,890,187,21.01123595505618,27.445962984637948,15.683407419793117,187
30,60,-20,-40,-80,-50,10,360,0.4,0.2,2.0,904,187,20.6858407079646,31.768146361069892,15.884073180534946,187
15,90,-20,-40,-70,-40,5,240,0.35,0.15,2.3333333333333335,1144,187,16.346153846153847,29.108515797321758,12.475078198852183,187
15,90,-20,-40,-80,-50,10,240,0.35,0.15,2.3333333333333335,1067,186,17.432052483598877,29.03959765208467,12.44554185089343,186
15,60,-20,-50,-70,-40,10,240,0.3,0.15,2.0,970,186,19.175257731958766,25.316536090948286,12.658268045474143,186
15,90,-10,-40,-70,-40,5,240,0.35,0.15,2.3333333333333335,1134,187,16.490299823633155,29.0483924554599,12.449311052339958,186
30,120,-20,-40,-70,-50,5,360,0.35,0.2,1.7499999999999998,689,186,26.995645863570395,28.91562795385758,16.523215973632905,186
15,120,-10,-50,-70,-50,5,240,0.35,0.15,2.3333333333333335,871,186,21.354764638346726,27.659896444604033,11.854241333401733,186
15,120,-20,-50,-70,-50,10,240,0.4,0.2,2.0,935,186,19.893048128342247,31.57744240590191,15.788721202950954,186
60,90,-10,-40,-70,-50,10,360,0.3,0.2,1.4999999999999998,641,185,28.861154446177846,23.103419668659313,15.402279779106209,185
15,120,-10,-50,-70,-50,10,240,0.4,0.2,2.0,904,185,20.464601769911507,31.38279601515935,15.691398007579675,185
15,60,-10,-40,-80,-40,10,240,0.3,0.2,1.4999999999999998,891,185,20.763187429854096,24.94411207480322,16.629408049868815,185
30,120,-10,-40,-70,-50,5,360,0.3,0.2,1.4999999999999998,592,185,31.25,23.801499049738297,15.86766603315887,185
15,60,-20,-40,-80,-40,10,360,0.4,0.2,2.0,913,185,20.262869660460023,33.243338815303964,16.621669407651982,185
15,60,-20,-50,-70,-40,5,240,0.3,0.15,2.0,945,184,19.47089947089947,25.292520720751973,12.646260360375987,184
15,60,-10,-40,-80,-40,5,360,0.4,0.2,2.0,902,184,20.39911308203991,33.49497481381959,16.747487406909794,184
30,60,-20,-40,-80,-50,10,240,0.3,0.15,2.0,904,184,20.353982300884958,23.826109770802418,11.913054885401209,184
15,60,-10,-50,-70,-40,10,240,0.3,0.15,2.0,952,183,19.222689075630253,25.235895755710253,12.617947877855126,183
15,60,-20,-50,-70,-40,10,240,0.35,0.2,1.7499999999999998,970,183,18.8659793814433,29.535958772773004,16.877690727298862,183
30,120,-20,-40,-70,-50,10,240,0.3,0.2,1.4999999999999998,646,183,28.328173374613,23.225871995647907,15.483914663765269,183
15,120,-20,-50,-70,-50,5,240,0.4,0.2,2.0,901,183,20.310765815760266,31.803521083494253,15.901760541747127,183
15,60,-10,-50,-70,-40,5,240,0.3,0.15,2.0,927,181,19.525350593311757,25.219303249253972,12.609651624626986,181
15,60,-20,-50,-70,-40,5,240,0.35,0.2,1.7499999999999998,945,181,19.15343915343915,29.507940840877307,16.86168048050132,181
15,60,-10,-40,-80,-40,10,360,0.4,0.2,2.0,891,180,20.2020202020202,33.25881609973763,16.629408049868815,180
15,120,-10,-50,-70,-50,5,240,0.4,0.2,2.0,871,180,20.66590126291619,31.61131022240462,15.80565511120231,180
15,90,-10,-40,-80,-50,10,240,0.35,0.15,2.3333333333333335,1028,179,17.412451361867703,29.07991435274056,12.462820436888814,179
15,120,-10,-40,-70,-40,5,360,0.3,0.2,1.4999999999999998,655,179,27.328244274809162,24.223276906726014,16.148851271150676,179
60,90,-10,-40,-70,-50,5,360,0.3,0.2,1.4999999999999998,624,180,28.846153846153843,23.539316585636687,15.692877723757789,179
30,120,-20,-40,-70,-50,5,240,0.3,0.15,2.0,689,179,25.979680696661827,24.78482396044936,12.39241198022468,179
30,90,-20,-40,-70,-50,10,240,0.4,0.15,2.666666666666667,1070,179,16.728971962616825,31.291707658207603,11.73439037182785,179
15,120,-20,-40,-70,-40,5,360,0.3,0.2,1.4999999999999998,660,180,27.27272727272727,24.357566843984895,16.23837789598993,179
30,60,-10,-40,-80,-50,5,240,0.35,0.2,1.7499999999999998,888,179,20.15765765765766,27.716257337671934,15.837861335812535,179
15,60,-10,-50,-70,-40,10,240,0.35,0.2,1.7499999999999998,952,179,18.80252100840336,29.441878381661954,16.823930503806835,179
15,60,-10,-50,-70,-40,5,240,0.35,0.2,1.7499999999999998,927,178,19.2017259978425,29.42252045746297,16.81286883283598,178
60,90,-20,-40,-70,-50,5,240,0.35,0.15,2.3333333333333335,934,178,19.05781584582441,28.56388034154959,12.241663003521255,178
15,60,-20,-50,-70,-40,10,360,0.4,0.15,2.666666666666667,970,178,18.350515463917525,33.755381454597725,12.658268045474143,178
15,90,-20,-40,-80,-50,5,240,0.4,0.2,2.0,1095,177,16.164383561643834,33.2256801977655,16.61284009888275,177
15,120,-20,-50,-70,-50,10,240,0.4,0.15,2.666666666666667,935,177,18.93048128342246,31.57744240590191,11.841540902213218,177
30,60,-20,-50,-70,-50,5,360,0.3,0.2,1.4999999999999998,602,177,29.401993355481725,24.821379372019326,16.547586248012884,177
15,120,-10,-50,-70,-50,10,240,0.4,0.15,2.666666666666667,904,176,19.469026548672566,31.38279601515935,11.768548505684754,176
30,60,-10,-40,-80,-50,5,360,0.4,0.15,2.666666666666667,888,176,19.81981981981982,31.67572267162507,11.878396001859402,176
30,60,-20,-50,-70,-50,10,360,0.3,0.15,2.0,671,176,26.229508196721312,24.52676000332257,12.263380001661284,176
30,120,-20,-40,-70,-50,10,360,0.35,0.15,2.3333333333333335,646,176,27.24458204334365,27.09685066158922,11.612935997823953,176
15,120,-20,-50,-70,-50,5,240,0.4,0.15,2.666666666666667,901,176,19.533851276359602,31.803521083494253,11.926320406310342,176
30,120,-10,-40,-70,-50,10,360,0.35,0.2,1.7499999999999998,574,175,30.48780487804878,26.261241997679424,15.00642399867396,175
30,120,-10,-40,-70,-50,10,360,0.3,0.15,2.0,574,175,30.48780487804878,22.509635998010936,11.254817999005468,175
15,90,-10,-40,-70,-40,10,240,0.35,0.15,2.3333333333333335,1118,175,15.652951699463328,28.72800863038651,12.312003698737074,175
15,90,-20,-40,-70,-40,10,240,0.35,0.15,2.3333333333333335,1128,175,15.514184397163119,28.791825067745275,12.339353600462262,174
15,120,-20,-40,-80,-50,5,360,0.3,0.2,1.4999999999999998,613,174,28.38499184339315,23.136157642014822,15.42410509467655,174
15,120,-20,-40,-70,-40,10,360,0.3,0.2,1.4999999999999998,662,174,26.283987915407852,24.493379067150148,16.3289193781001,174
30,60,-20,-50,-70,-50,10,360,0.35,0.2,1.7499999999999998,671,173,25.78241430700447,28.614553337209664,16.35117333554838,173
60,90,-20,-40,-70,-50,10,240,0.35,0.15,2.3333333333333335,890,173,19.43820224719101,27.445962984637948,11.762555564844837,173
15,120,-10,-40,-70,-40,10,360,0.3,0.2,1.4999999999999998,654,173,26.452599388379205,24.22110770217436,16.147405134782908,173
15,60,-20,-50,-70,-40,5,360,0.4,0.15,2.666666666666667,945,173,18.306878306878307,33.72336096100264,12.646260360375987,173
15,120,-10,-50,-70,-50,5,240,0.4,0.15,2.666666666666667,871,173,19.862227324913892,31.61131022240462,11.854241333401733,173
30,90,-10,-40,-70,-50,10,240,0.4,0.2,2.0,933,173,18.542336548767416,30.37524077524024,15.18762038762012,173
15,60,-20,-40,-80,-40,5,360,0.4,0.15,2.666666666666667,922,172,18.655097613882862,33.49455703000791,12.560458886252967,172
30,120,-20,-40,-70,-50,5,360,0.35,0.15,2.3333333333333335,689,173,25.1088534107402,28.91562795385758,12.39241198022468,172
15,60,-10,-50,-70,-40,10,360,0.4,0.15,2.666666666666667,952,173,18.172268907563023,33.64786100761367,12.617947877855126,172
30,60,-20,-40,-80,-50,5,240,0.4,0.2,2.0,1063,172,16.180620884289745,32.18561654300278,16.09280827150139,172
30,60,-10,-40,-80,-50,10,360,0.35,0.15,2.3333333333333335,781,172,22.02304737516005,27.567789183366774,11.814766792871474,172
30,120,-10,-40,-70,-50,5,240,0.3,0.2,1.4999999999999998,592,172,29.054054054054053,23.801499049738297,15.86766603315887,172
15,120,-10,-40,-80,-50,5,360,0.3,0.2,1.4999999999999998,593,171,28.836424957841484,23.123662330518457,15.4157748870123,171
15,60,-20,-50,-80,-50,10,240,0.4,0.2,2.0,1083,171,15.789473684210526,32.3854602898871,16.19273014494355,171
30,120,-20,-40,-70,-50,5,360,0.4,0.2,2.0,689,170,24.67343976777939,33.04643194726581,16.523215973632905,170
30,120,-10,-40,-70,-50,5,360,0.3,0.15,2.0,592,170,28.716216216216218,23.801499049738297,11.900749524869148,170
15,60,-20,-40,-80,-40,5,240,0.3,0.15,2.0,922,170,18.43817787418655,25.120917772505933,12.560458886252967,170
30,120,-20,-40,-70,-50,5,240,0.35,0.2,1.7499999999999998,689,170,24.67343976777939,28.91562795385758,16.523215973632905,170
15,90,-10,-40,-80,-50,5,240,0.4,0.2,2.0,1059,171,16.147308781869686,33.23811910370578,16.61905955185289,170
30,60,-20,-40,-80,-50,10,360,0.4,0.15,2.666666666666667,904,169,18.694690265486727,31.768146361069892,11.913054885401209,169
30,60,-20,-40,-80,-50,10,240,0.35,0.2,1.7499999999999998,904,169,18.694690265486727,27.797128065936153,15.884073180534946,169
15,120,-20,-40,-80,-50,10,360,0.3,0.2,1.4999999999999998,589,169,28.69269949066214,23.327261188784618,15.551507459189748,169
15,60,-10,-40,-80,-40,5,360,0.4,0.15,2.666666666666667,902,169,18.736141906873613,33.49497481381959,12.560615555182345,169
15,60,-10,-50,-80,-50,10,240,0.4,0.2,2.0,1049,168,16.015252621544327,32.54635619371957,16.273178096859784,168
30,120,-10,-40,-70,-50,5,360,0.35,0.2,1.7499999999999998,592,168,28.37837837837838,27.768415558028014,15.86766603315887,168
15,60,-10,-40,-80,-40,5,240,0.3,0.15,2.0,902,168,18.625277161862527,25.12123111036469,12.560615555182345,168
30,120,-20,-40,-70,-50,10,240,0.3,0.15,2.0,646,168,26.006191950464398,23.225871995647907,11.612935997823953,168
60,90,-20,-40,-70,-50,5,240,0.4,0.2,2.0,934,168,17.987152034261243,32.64443467605668,16.32221733802834,168
15,60,-10,-50,-70,-40,5,360,0.4,0.15,2.666666666666667,927,168,18.12297734627832,33.62573766567196,12.609651624626986,168
15,90,-20,-50,-80,-50,5,360,0.3,0.2,1.4999999999999998,492,167,33.94308943089431,24.088374960389267,16.058916640259515,167
15,60,-20,-50,-80,-50,5,240,0.4,0.2,2.0,1062,167,15.725047080979285,32.31783037694922,16.15891518847461,167
30,60,-10,-40,-80,-50,10,240,0.3,0.15,2.0,781,167,21.382842509603073,23.629533585742948,11.814766792871474,167
30,120,-10,-40,-70,-50,10,240,0.3,0.2,1.4999999999999998,574,167,29.094076655052266,22.509635998010936,15.00642399867396,167
15,60,-20,-40,-80,-40,10,240,0.3,0.15,2.0,913,167,18.29134720700986,24.93250411147797,12.466252055738986,167
15,90,-20,-40,-80,-50,5,240,0.4,0.15,2.666666666666667,1095,166,15.159817351598173,33.2256801977655,12.45963007416206,166
15,90,-20,-40,-70,-40,5,240,0.4,0.2,2.0,1144,166,14.51048951048951,33.266875196939154,16.633437598469577,166
15,90,-20,-50,-80,-50,10,360,0.3,0.2,1.4999999999999998,494,166,33.603238866396765,23.935840057578243,15.957226705052161,166
15,60,-20,-40,-80,-40,10,360,0.4,0.15,2.666666666666667,913,166,18.181818181818183,33.243338815303964,12.466252055738986,166
15,60,-10,-50,-80,-50,5,240,0.4,0.2,2.0,1033,166,16.06969990319458,32.412098994351204,16.206049497175602,166
30,90,-10,-40,-70,-50,10,240,0.4,0.15,2.666666666666667,933,166,17.792068595927116,30.37524077524024,11.39071529071509,166
15,90,-20,-40,-80,-50,10,240,0.4,0.2,2.0,1067,165,15.463917525773196,33.188111602382484,16.594055801191242,165
30,60,-10,-40,-80,-50,10,360,0.4,0.2,2.0,781,165,21.12676056338028,31.506044780990596,15.753022390495298,165
30,60,-10,-40,-80,-50,5,240,0.35,0.15,2.3333333333333335,888,165,18.58108108108108,27.716257337671934,11.878396001859402,165
15,60,-10,-40,-80,-40,10,240,0.3,0.15,2.0,891,165,18.51851851851852,24.94411207480322,12.47205603740161,165
15,90,-10,-40,-70,-40,5,240,0.4,0.2,2.0,1134,165,14.550264550264549,33.19816280623989,16.599081403119946,165
15,120,-10,-40,-80,-50,10,360,0.3,0.2,1.4999999999999998,568,164,28.87323943661972,23.368170470197576,15.578780313465055,164
30,60,-10,-50,-70,-50,10,360,0.3,0.2,1.4999999999999998,561,163,29.055258467023172,24.203876057152055,16.1359173714347,163
15,90,-10,-50,-80,-50,5,360,0.3,0.2,1.4999999999999998,476,163,34.2436974789916,24.140818000181792,16.093878666787862,163
15,60,-10,-40,-80,-40,10,360,0.4,0.15,2.666666666666667,891,163,18.29405162738496,33.25881609973763,12.47205603740161,162
30,60,-20,-50,-70,-50,5,360,0.3,0.15,2.0,602,162,26.910299003322258,24.821379372019326,12.410689686009663,162
15,120,-20,-40,-80,-50,5,240,0.3,0.2,1.4999999999999998,613,161,26.26427406199021,23.136157642014822,15.42410509467655,161
15,90,-10,-40,-80,-50,5,240,0.4,0.15,2.666666666666667,1059,161,15.203021718602455,33.23811910370578,12.464294663889664,161
15,90,-10,-50,-80,-50,10,360,0.3,0.2,1.4999999999999998,476,161,33.82352941176471,24.01030844549203,16.00687229699469,161
30,60,-20,-40,-80,-50,5,240,0.4,0.15,2.666666666666667,1063,160,15.051740357478833,32.18561654300278,12.06960620362604,160
15,60,-20,-50,-70,-40,5,240,0.35,0.15,2.3333333333333335,945,160,16.93121693121693,29.507940840877307,12.646260360375987,160
30,120,-20,-40,-70,-50,5,240,0.35,0.15,2.3333333333333335,689,160,23.222060957910013,28.91562795385758,12.39241198022468,160
60,90,-10,-40,-70,-50,10,360,0.35,0.2,1.7499999999999998,641,161,25.117004680187204,26.953989613435866,15.402279779106209,160
60,120,-20,-40,-70,-50,10,360,0.3,0.2,1.4999999999999998,524,161,30.725190839694655,23.929910900476095,15.953273933650733,160
60,90,-10,-40,-70,-50,10,360,0.3,0.15,2.0,641,161,25.117004680187204,23.103419668659313,11.551709834329657,160
15,60,-20,-50,-70,-40,10,240,0.35,0.15,2.3333333333333335,970,161,16.597938144329895,29.535958772773004,12.658268045474143,160
30,120,-10,-40,-70,-50,10,360,0.35,0.15,2.3333333333333335,574,160,27.874564459930312,26.261241997679424,11.254817999005468,159
15,120,-10,-40,-70,-40,5,360,0.3,0.15,2.0,655,159,24.274809160305345,24.223276906726014,12.111638453363007,159
60,90,-10,-40,-70,-50,5,360,0.3,0.15,2.0,624,160,25.64102564102564,23.539316585636687,11.769658292818344,159
30,120,-20,-40,-70,-50,5,240,0.4,0.2,2.0,689,159,23.076923076923077,33.04643194726581,16.523215973632905,159
60,90,-20,-40,-70,-50,5,240,0.4,0.15,2.666666666666667,934,160,17.130620985010705,32.64443467605668,12.241663003521255,159
30,120,-20,-40,-70,-50,5,360,0.4,0.15,2.666666666666667,689,159,23.076923076923077,33.04643194726581,12.39241198022468,159
15,120,-20,-40,-70,-40,5,360,0.3,0.15,2.0,660,159,24.09090909090909,24.357566843984895,12.178783421992447,159
30,120,-10,-40,-70,-50,5,240,0.3,0.15,2.0,592,158,26.68918918918919,23.801499049738297,11.900749524869148,158
15,120,-10,-40,-80,-50,5,240,0.3,0.2,1.4999999999999998,593,158,26.644182124789207,23.123662330518457,15.4157748870123,158
15,120,-20,-40,-70,-40,5,360,0.35,0.2,1.7499999999999998,660,157,23.78787878787879,28.417161317982373,16.23837789598993,157
15,60,-10,-50,-70,-40,10,240,0.35,0.15,2.3333333333333335,952,158,16.596638655462183,29.441878381661954,12.617947877855126,157
15,120,-20,-40,-70,-40,5,240,0.3,0.2,1.4999999999999998,660,157,23.78787878787879,24.357566843984895,16.23837789598993,157
15,60,-10,-50,-70,-40,5,240,0.35,0.15,2.3333333333333335,927,157,16.936353829557714,29.42252045746297,12.609651624626986,157
15,90,-10,-40,-80,-50,10,240,0.4,0.2,2.0,1028,157,15.272373540856032,33.2341878317035,16.61709391585175,157
15,90,-20,-50,-70,-40,5,360,0.3,0.2,1.4999999999999998,509,156,30.648330058939095,24.431547609434695,16.287698406289795,156
15,60,-20,-50,-70,-40,10,240,0.4,0.2,2.0,970,156,16.082474226804123,33.755381454597725,16.877690727298862,156
15,240,-20,-40,-70,-50,10,360,0.3,0.2,1.4999999999999998,544,156,28.676470588235293,24.474058019764584,16.316038679843057,156
15,120,-10,-40,-70,-40,5,360,0.35,0.2,1.7499999999999998,655,156,23.81679389312977,28.260489724513683,16.148851271150676,156
15,120,-10,-40,-70,-40,5,240,0.3,0.2,1.4999999999999998,655,156,23.81679389312977,24.223276906726014,16.148851271150676,156
15,60,-20,-40,-80,-40,10,240,0.35,0.2,1.7499999999999998,913,155,16.97699890470975,29.087921463390963,16.621669407651982,155
30,120,-10,-40,-70,-50,5,360,0.35,0.15,2.3333333333333335,592,155,26.182432432432435,27.768415558028014,11.900749524869148,155
60,90,-10,-40,-70,-50,5,360,0.35,0.2,1.7499999999999998,624,155,24.83974358974359,27.46253601657613,15.692877723757789,155
15,60,-10,-40,-80,-40,5,240,0.35,0.2,1.7499999999999998,902,155,17.184035476718403,29.308102962092136,16.747487406909794,155
30,60,-20,-50,-70,-50,10,240,0.3,0.2,1.4999999999999998,671,155,23.09985096870343,24.52676000332257,16.35117333554838,155
15,60,-20,-50,-80,-50,10,240,0.4,0.15,2.666666666666667,1083,155,14.312096029547552,32.3854602898871,12.144547608707663,155
15,60,-20,-50,-70,-40,5,240,0.4,0.2,2.0,945,155,16.402116402116402,33.72336096100264,16.86168048050132,155
15,60,-20,-40,-80,-40,5,240,0.35,0.2,1.7499999999999998,922,156,16.919739696312362,29.307737401256922,16.747278515003956,155
15,90,-10,-40,-70,-40,10,240,0.4,0.2,2.0,1118,154,13.774597495527727,32.832009863298865,16.416004931649432,154
30,120,-10,-40,-70,-50,5,360,0.4,0.2,2.0,592,154,26.013513513513516,31.73533206631774,15.86766603315887,154
15,90,-20,-40,-70,-40,10,240,0.4,0.2,2.0,1128,155,13.741134751773048,32.90494293456604,16.45247146728302,154
15,60,-20,-50,-80,-50,5,240,0.4,0.15,2.666666666666667,1062,154,14.500941619585687,32.31783037694922,12.119186391355953,154
30,120,-20,-40,-70,-50,10,360,0.4,0.2,2.0,646,155,23.993808049535602,30.967829327530538,15.483914663765269,154
30,120,-20,-40,-70,-50,10,240,0.35,0.2,1.7499999999999998,646,154,23.8390092879257,27.09685066158922,15.483914663765269,154
15,90,-20,-50,-70,-40,10,360,0.3,0.2,1.4999999999999998,517,155,29.980657640232106,24.41972610843137,16.279817405620914,154
15,90,-10,-50,-70,-40,5,360,0.3,0.2,1.4999999999999998,503,154,30.61630218687873,24.342050620928042,16.22803374728536,154
30,120,-10,-40,-70,-50,10,240,0.3,0.15,2.0,574,153,26.65505226480836,22.509635998010936,11.254817999005468,153
30,120,-20,-40,-70,-50,5,240,0.4,0.15,2.666666666666667,689,153,22.206095791001452,33.04643194726581,12.39241198022468,153
15,120,-20,-40,-80,-50,5,360,0.3,0.15,2.0,613,153,24.95921696574225,23.136157642014822,11.568078821007411,153
15,90,-20,-40,-80,-50,10,240,0.4,0.15,2.666666666666667,1067,154,14.432989690721648,33.188111602382484,12.44554185089343,153
15,120,-20,-40,-80,-50,5,360,0.35,0.2,1.7499999999999998,613,153,24.95921696574225,26.992183915683956,15.42410509467655,153
15,60,-10,-50,-80,-50,5,240,0.4,0.15,2.666666666666667,1033,153,14.811229428848016,32.412098994351204,12.1545371228817,153
15,60,-10,-50,-80,-50,10,240,0.4,0.15,2.666666666666667,1049,153,14.585319351763584,32.54635619371957,12.204883572644837,153
15,120,-20,-40,-70,-40,10,360,0.35,0.2,1.7499999999999998,662,153,23.11178247734139,28.575608911675175,16.3289193781001,153
15,90,-20,-40,-70,-40,5,240,0.4,0.15,2.666666666666667,1144,153,13.374125874125875,33.266875196939154,12.475078198852183,153
15,90,-10,-40,-70,-40,5,240,0.4,0.15,2.666666666666667,1134,153,13.492063492063492,33.19816280623989,12.449311052339958,153
30,60,-20,-50,-70,-50,10,360,0.35,0.15,2.3333333333333335,671,153,22.801788375558868,28.614553337209664,12.263380001661284,153
15,60,-10,-40,-80,-40,10,240,0.35,0.2,1.7499999999999998,891,153,17.17171717171717,29.101464087270415,16.629408049868815,152
30,120,-10,-40,-70,-50,5,240,0.35,0.2,1.7499999999999998,592,153,25.844594594594593,27.768415558028014,15.86766603315887,152
15,120,-20,-40,-70,-40,10,360,0.3,0.15,2.0,662,152,22.9607250755287,24.493379067150148,12.246689533575074,152
15,60,-10,-50,-70,-40,5,240,0.4,0.2,2.0,927,152,16.396979503775622,33.62573766567196,16.81286883283598,152
30,60,-20,-50,-70,-50,5,360,0.35,0.2,1.7499999999999998,602,152,25.249169435215947,28.95827593402255,16.547586248012884,152
15,120,-10,-40,-70,-40,10,360,0.35,0.2,1.7499999999999998,654,152,23.24159021406728,28.257958985870083,16.147405134782908,152
30,60,-10,-50,-70,-50,5,360,0.3,0.2,1.4999999999999998,514,152,29.571984435797667,24.49215748089544,16.328104987263625,152
15,120,-10,-40,-70,-40,10,360,0.3,0.15,2.0,654,152,23.24159021406728,24.22110770217436,12.11055385108718,152
15,90,-10,-50,-70,-40,10,360,0.3,0.2,1.4999999999999998,511,153,29.9412915851272,24.331491442629282,16.22099429508619,152
30,60,-10,-40,-80,-50,10,360,0.4,0.15,2.666666666666667,781,151,19.334186939820743,31.506044780990596,11.814766792871474,151
15,60,-10,-50,-70,-40,10,240,0.4,0.2,2.0,952,152,15.966386554621847,33.64786100761367,16.823930503806835,151
30,60,-10,-50,-70,-50,10,360,0.3,0.15,2.0,561,151,26.916221033868094,24.203876057152055,12.101938028576027,151
15,120,-10,-40,-80,-50,5,360,0.35,0.2,1.7499999999999998,593,150,25.29510961214165,26.977606052271526,15.4157748870123,150
15,90,-20,-50,-80,-50,5,360,0.35,0.2,1.7499999999999998,492,150,30.48780487804878,28.10310412045415,16.058916640259515,150
60,90,-20,-40,-70,-50,10,240,0.4,0.2,2.0,890,151,16.96629213483146,31.366814839586233,15.683407419793117,150
15,120,-20,-40,-80,-50,10,360,0.35,0.2,1.7499999999999998,589,151,25.636672325976228,27.215138053582056,15.551507459189748,150
30,60,-10,-40,-80,-50,10,240,0.35,0.2,1.7499999999999998,781,150,19.206145966709347,27.567789183366774,15.753022390495298,150
60,90,-10,-40,-70,-50,10,240,0.3,0.2,1.4999999999999998,641,150,23.400936037441497,23.103419668659313,15.402279779106209,150
15,120,-10,-40,-80,-50,5,360,0.3,0.15,2.0,593,151,25.463743676222595,23.123662330518457,11.561831165259228,150
15,240,-10,-40,-70,-50,10,360,0.3,0.2,1.4999999999999998,529,150,28.35538752362949,24.55125814491104,16.367505429940696,150
15,120,-20,-40,-70,-40,10,240,0.3,0.2,1.4999999999999998,662,150,22.658610271903324,24.493379067150148,16.3289193781001,150
15,120,-20,-40,-80,-50,10,240,0.3,0.2,1.4999999999999998,589,151,25.636672325976228,23.327261188784618,15.551507459189748,150
15,120,-20,-40,-80,-50,10,360,0.3,0.15,2.0,589,149,25.29711375212224,23.327261188784618,11.663630594392309,149
60,90,-10,-40,-70,-50,5,240,0.3,0.2,1.4999999999999998,624,149,23.878205128205128,23.539316585636687,15.692877723757789,149
15,120,-10,-40,-70,-40,10,240,0.3,0.2,1.4999999999999998,654,149,22.782874617737004,24.22110770217436,16.147405134782908,149
15,90,-20,-50,-80,-50,10,360,0.35,0.2,1.7499999999999998,494,148,29.959514170040485,27.925146733841277,15.957226705052161,148
60,90,-20,-40,-70,-50,10,240,0.4,0.15,2.666666666666667,890,148,16.629213483146067,31.366814839586233,11.762555564844837,148
15,240,-20,-40,-70,-50,5,360,0.3,0.2,1.4999999999999998,536,147,27.425373134328357,24.12916906334454,16.086112708896366,147
60,120,-20,-40,-70,-50,10,360,0.35,0.2,1.7499999999999998,524,146,27.86259541984733,27.91822938388878,15.953273933650733,146
15,240,-10,-40,-70,-50,5,360,0.3,0.2,1.4999999999999998,521,146,28.023032629558543,23.991314274732897,15.994209516488601,146
15,120,-10,-40,-80,-50,10,360,0.35,0.2,1.7499999999999998,568,146,25.704225352112676,27.26286554856384,15.578780313465055,146
60,120,-20,-40,-70,-50,10,360,0.3,0.15,2.0,524,146,27.86259541984733,23.929910900476095,11.964955450238048,146
30,120,-20,-40,-70,-50,10,360,0.4,0.15,2.666666666666667,646,146,22.60061919504644,30.967829327530538,11.612935997823953,146
30,60,-20,-40,-80,-50,10,240,0.35,0.15,2.3333333333333335,904,147,16.261061946902654,27.797128065936153,11.913054885401209,146
15,120,-10,-40,-80,-50,10,240,0.3,0.2,1.4999999999999998,568,146,25.704225352112676,23.368170470197576,15.578780313465055,146
15,90,-10,-40,-80,-50,10,240,0.4,0.15,2.666666666666667,1028,147,14.299610894941633,33.2341878317035,12.462820436888814,146
15,90,-10,-50,-80,-50,5,360,0.35,0.2,1.7499999999999998,476,146,30.672268907563026,28.16428766687876,16.093878666787862,146
15,90,-20,-50,-80,-50,5,360,0.3,0.15,2.0,492,145,29.471544715447155,24.088374960389267,12.044187480194633,145
15,120,-20,-40,-80,-50,5,240,0.3,0.15,2.0,613,145,23.65415986949429,23.136157642014822,11.568078821007411,145
30,60,-20,-50,-70,-50,10,240,0.3,0.15,2.0,671,145,21.609538002980628,24.52676000332257,12.263380001661284,145
15,120,-10,-40,-80,-50,10,360,0.3,0.15,2.0,568,145,25.528169014084508,23.368170470197576,11.684085235098788,145
30,120,-10,-40,-70,-50,5,240,0.4,0.2,2.0,592,145,24.493243243243242,31.73533206631774,15.86766603315887,145
15,240,-20,-40,-70,-50,10,360,0.35,0.2,1.7499999999999998,544,144,26.47058823529412,28.553067689725346,16.316038679843057,144
60,120,-20,-40,-70,-50,5,360,0.3,0.2,1.4999999999999998,502,144,28.68525896414343,24.57668861018374,16.384459073455826,144
30,60,-10,-50,-70,-50,5,360,0.3,0.15,2.0,514,144,28.01556420233463,24.49215748089544,12.24607874044772,144
30,120,-10,-40,-70,-50,10,240,0.35,0.2,1.7499999999999998,574,144,25.087108013937282,26.261241997679424,15.00642399867396,144
15,90,-10,-50,-80,-50,10,360,0.35,0.2,1.7499999999999998,476,143,30.04201680672269,28.0120265197407,16.00687229699469,143
15,90,-20,-50,-80,-50,10,360,0.3,0.15,2.0,494,144,29.1497975708502,23.935840057578243,11.967920028789122,143
30,120,-10,-40,-70,-50,5,240,0.35,0.15,2.3333333333333335,592,143,24.155405405405407,27.768415558028014,11.900749524869148,143
30,120,-10,-40,-70,-50,5,360,0.4,0.15,2.666666666666667,592,143,24.155405405405407,31.73533206631774,11.900749524869148,143
30,120,-20,-40,-70,-50,10,240,0.35,0.15,2.3333333333333335,646,144,22.291021671826623,27.09685066158922,11.612935997823953,143
30,120,-20,-40,-70,-50,10,240,0.4,0.2,2.0,646,142,21.981424148606813,30.967829327530538,15.483914663765269,142
60,90,-10,-40,-70,-50,5,360,0.4,0.2,2.0,624,142,22.756410256410255,31.385755447515578,15.692877723757789,142
15,120,-10,-40,-80,-50,5,240,0.3,0.15,2.0,593,143,24.11467116357504,23.123662330518457,11.561831165259228,142
30,60,-10,-40,-80,-50,5,240,0.4,0.2,2.0,888,143,16.103603603603602,31.67572267162507,15.837861335812535,142
30,120,-10,-40,-70,-50,10,360,0.4,0.2,2.0,574,142,24.738675958188153,30.01284799734792,15.00642399867396,142
15,90,-10,-50,-80,-50,5,360,0.3,0.15,2.0,476,141,29.6218487394958,24.140818000181792,12.070409000090896,141
15,90,-20,-40,-70,-40,10,240,0.4,0.15,2.666666666666667,1128,141,12.5,32.90494293456604,12.339353600462262,141
15,60,-20,-40,-80,-40,5,240,0.35,0.15,2.3333333333333335,922,141,15.292841648590022,29.307737401256922,12.560458886252967,141
15,120,-20,-40,-70,-40,5,240,0.3,0.15,2.0,660,141,21.363636363636363,24.357566843984895,12.178783421992447,141
60,90,-10,-40,-70,-50,10,360,0.35,0.15,2.3333333333333335,641,142,22.152886115444616,26.953989613435866,11.551709834329657,141
15,120,-10,-40,-70,-40,5,240,0.3,0.15,2.0,655,141,21.52671755725191,24.223276906726014,12.111638453363007,141
15,60,-10,-40,-80,-40,5,240,0.35,0.15,2.3333333333333335,902,141,15.631929046563192,29.308102962092136,12.560615555182345,141
15,240,-20,-40,-70,-50,10,360,0.3,0.15,2.0,544,141,25.919117647058826,24.474058019764584,12.237029009882292,141
60,90,-10,-40,-70,-50,5,360,0.35,0.15,2.3333333333333335,624,141,22.596153846153847,27.46253601657613,11.769658292818344,141
15,240,-20,-40,-70,-50,10,240,0.3,0.2,1.4999999999999998,544,140,25.735294117647058,24.474058019764584,16.316038679843057,140
60,120,-20,-40,-70,-50,10,240,0.3,0.2,1.4999999999999998,524,140,26.717557251908396,23.929910900476095,15.953273933650733,140
15,90,-10,-40,-70,-40,10,240,0.4,0.15,2.666666666666667,1118,141,12.611806797853308,32.832009863298865,12.312003698737074,140
30,60,-20,-50,-70,-50,5,240,0.3,0.2,1.4999999999999998,602,140,23.25581395348837,24.821379372019326,16.547586248012884,140
15,90,-10,-50,-80,-50,10,360,0.3,0.15,2.0,476,139,29.20168067226891,24.01030844549203,12.005154222746015,139
30,120,-10,-40,-70,-50,5,240,0.4,0.15,2.666666666666667,592,139,23.47972972972973,31.73533206631774,11.900749524869148,139
30,60,-10,-50,-70,-50,10,360,0.35,0.2,1.7499999999999998,561,140,24.9554367201426,28.237855400010734,16.1359173714347,139
15,120,-10,-40,-70,-40,5,360,0.35,0.15,2.3333333333333335,655,139,21.22137404580153,28.260489724513683,12.111638453363007,139
15,120,-20,-40,-80,-50,5,360,0.4,0.2,2.0,613,138,22.512234910277325,30.8482101893531,15.42410509467655,138
15,120,-20,-40,-80,-50,5,240,0.35,0.2,1.7499999999999998,613,138,22.512234910277325,26.992183915683956,15.42410509467655,138
15,60,-20,-40,-80,-40,10,240,0.35,0.15,2.3333333333333335,913,138,15.115005476451259,29.087921463390963,12.466252055738986,138
15,60,-10,-40,-80,-40,10,240,0.35,0.15,2.3333333333333335,891,138,15.488215488215488,29.101464087270415,12.47205603740161,138
15,240,-10,-40,-70,-50,10,360,0.35,0.2,1.7499999999999998,529,138,26.08695652173913,28.64313450239621,16.367505429940696,138
15,90,-20,-50,-70,-40,5,360,0.35,0.2,1.7499999999999998,509,138,27.111984282907663,28.50347221100714,16.287698406289795,138
15,120,-20,-40,-70,-40,5,360,0.35,0.15,2.3333333333333335,660,139,21.06060606060606,28.417161317982373,12.178783421992447,138
15,60,-20,-50,-70,-40,10,240,0.4,0.15,2.666666666666667,970,138,14.22680412371134,33.755381454597725,12.658268045474143,138
15,60,-20,-50,-70,-40,5,240,0.4,0.15,2.666666666666667,945,138,14.603174603174605,33.72336096100264,12.646260360375987,138
30,60,-20,-50,-70,-50,5,360,0.35,0.15,2.3333333333333335,602,138,22.92358803986711,28.95827593402255,12.410689686009663,138
60,90,-10,-40,-70,-50,5,240,0.3,0.15,2.0,624,138,22.115384615384613,23.539316585636687,11.769658292818344,137
30,120,-20,-40,-70,-50,10,240,0.4,0.15,2.666666666666667,646,137,21.207430340557277,30.967829327530538,11.612935997823953,137
30,60,-20,-50,-70,-50,10,360,0.4,0.2,2.0,671,138,20.566318926974663,32.70234667109676,16.35117333554838,137
15,120,-20,-40,-80,-50,10,360,0.4,0.2,2.0,589,137,23.2597623089983,31.103014918379497,15.551507459189748,137
15,240,-10,-40,-70,-50,10,360,0.3,0.15,2.0,529,136,25.708884688090738,24.55125814491104,12.27562907245552,136
60,90,-10,-40,-70,-50,10,360,0.4,0.2,2.0,641,136,21.21684867394696,30.804559558212418,15.402279779106209,136
15,120,-20,-40,-70,-40,5,360,0.4,0.2,2.0,660,136,20.606060606060606,32.47675579197986,16.23837789598993,136
15,90,-10,-50,-70,-40,5,360,0.35,0.2,1.7499999999999998,503,136,27.037773359840955,28.399059057749373,16.22803374728536,136
15,90,-20,-50,-70,-40,10,360,0.35,0.2,1.7499999999999998,517,137,26.4990328820116,28.4896804598366,16.279817405620914,136
15,90,-10,-50,-70,-40,10,360,0.35,0.2,1.7499999999999998,511,135,26.418786692759294,28.386740016400825,16.22099429508619,135
60,120,-20,-40,-70,-50,5,240,0.3,0.2,1.4999999999999998,502,136,27.091633466135455,24.57668861018374,16.384459073455826,135
15,120,-10,-40,-80,-50,5,240,0.35,0.2,1.7499999999999998,593,135,22.765598650927487,26.977606052271526,15.4157748870123,135
30,120,-10,-40,-70,-50,10,240,0.35,0.15,2.3333333333333335,574,135,23.519163763066203,26.261241997679424,11.254817999005468,135
15,120,-10,-40,-80,-50,5,360,0.4,0.2,2.0,593,135,22.765598650927487,30.8315497740246,15.4157748870123,135
15,120,-20,-40,-80,-50,10,240,0.3,0.15,2.0,589,136,23.089983022071305,23.327261188784618,11.663630594392309,135
15,120,-10,-40,-70,-40,5,360,0.4,0.2,2.0,655,135,20.610687022900763,32.29770254230135,16.148851271150676,135
15,120,-20,-40,-80,-50,5,360,0.35,0.15,2.3333333333333335,613,135,22.02283849918434,26.992183915683956,11.568078821007411,135
15,60,-10,-50,-70,-40,10,240,0.4,0.15,2.666666666666667,952,135,14.180672268907562,33.64786100761367,12.617947877855126,135
30,60,-10,-40,-80,-50,5,240,0.4,0.15,2.666666666666667,888,135,15.202702702702704,31.67572267162507,11.878396001859402,135
15,90,-20,-50,-70,-40,5,360,0.3,0.15,2.0,509,134,26.326129666011788,24.431547609434695,12.215773804717347,134
15,120,-20,-40,-80,-50,10,360,0.35,0.15,2.3333333333333335,589,134,22.75042444821732,27.215138053582056,11.663630594392309,134
15,240,-20,-40,-70,-50,5,360,0.35,0.2,1.7499999999999998,536,135,25.186567164179102,28.150697240568626,16.086112708896366,134
30,120,-10,-40,-70,-50,10,360,0.4,0.15,2.666666666666667,574,134,23.34494773519164,30.01284799734792,11.254817999005468,134
15,240,-10,-40,-70,-50,10,240,0.3,0.2,1.4999999999999998,529,134,25.330812854442343,24.55125814491104,16.367505429940696,134
60,90,-10,-40,-70,-50,10,240,0.3,0.15,2.0,641,135,21.060842433697346,23.103419668659313,11.551709834329657,134
15,60,-10,-50,-70,-40,5,240,0.4,0.15,2.666666666666667,927,135,14.563106796116504,33.62573766567196,12.609651624626986,134
15,120,-20,-40,-70,-40,5,240,0.35,0.2,1.7499999999999998,660,134,20.303030303030305,28.417161317982373,16.23837789598993,134
60,90,-10,-40,-70,-50,5,360,0.4,0.15,2.666666666666667,624,134,21.474358974358974,31.385755447515578,11.769658292818344,134
30,60,-20,-40,-80,-50,10,240,0.4,0.2,2.0,904,133,14.712389380530974,31.768146361069892,15.884073180534946,133
15,90,-20,-50,-70,-40,10,360,0.3,0.15,2.0,517,133,25.72533849129594,24.41972610843137,12.209863054215685,133
15,120,-10,-40,-70,-40,5,240,0.35,0.2,1.7499999999999998,655,133,20.30534351145038,28.260489724513683,16.148851271150676,133
15,120,-20,-40,-70,-40,10,240,0.3,0.15,2.0,662,133,20.090634441087612,24.493379067150148,12.246689533575074,133
15,120,-10,-40,-70,-40,10,240,0.3,0.15,2.0,654,133,20.33639143730887,24.22110770217436,12.11055385108718,133
15,120,-20,-40,-70,-40,10,360,0.35,0.15,2.3333333333333335,662,133,20.090634441087612,28.575608911675175,12.246689533575074,133
60,120,-20,-40,-70,-50,5,360,0.3,0.15,2.0,502,134,26.693227091633464,24.57668861018374,12.28834430509187,133
15,120,-10,-40,-70,-40,10,360,0.35,0.15,2.3333333333333335,654,133,20.33639143730887,28.257958985870083,12.11055385108718,133
15,120,-10,-40,-80,-50,5,360,0.35,0.15,2.3333333333333335,593,133,22.4283305227656,26.977606052271526,11.561831165259228,133
15,240,-10,-40,-70,-50,5,360,0.35,0.2,1.7499999999999998,521,134,25.719769673704413,27.98986665385505,15.994209516488601,133
60,90,-10,-40,-70,-50,10,240,0.35,0.2,1.7499999999999998,641,133,20.74882995319813,26.953989613435866,15.402279779106209,133
30,60,-20,-50,-70,-50,5,240,0.3,0.15,2.0,602,134,22.259136212624583,24.821379372019326,12.410689686009663,133
15,120,-20,-40,-80,-50,10,240,0.35,0.2,1.7499999999999998,589,133,22.58064516129032,27.215138053582056,15.551507459189748,132
15,90,-10,-50,-70,-40,5,360,0.3,0.15,2.0,503,132,26.24254473161034,24.342050620928042,12.171025310464021,132
15,240,-20,-40,-70,-50,5,360,0.3,0.15,2.0,536,132,24.62686567164179,24.12916906334454,12.06458453167227,132
30,120,-10,-40,-70,-50,10,240,0.4,0.2,2.0,574,132,22.99651567944251,30.01284799734792,15.00642399867396,132
15,240,-10,-40,-70,-50,5,360,0.3,0.15,2.0,521,132,25.335892514395393,23.991314274732897,11.995657137366448,132
60,120,-20,-40,-70,-50,10,360,0.35,0.15,2.3333333333333335,524,131,25.0,27.91822938388878,11.964955450238048,131
15,240,-20,-40,-70,-50,10,360,0.35,0.15,2.3333333333333335,544,131,24.080882352941178,28.553067689725346,12.237029009882292,131
30,60,-10,-40,-80,-50,10,240,0.35,0.15,2.3333333333333335,781,132,16.901408450704224,27.567789183366774,11.814766792871474,131
60,120,-20,-40,-70,-50,10,240,0.3,0.15,2.0,524,132,25.190839694656486,23.929910900476095,11.964955450238048,131
15,240,-20,-40,-70,-50,5,240,0.3,0.2,1.4999999999999998,536,131,24.44029850746269,24.12916906334454,16.086112708896366,131
15,120,-10,-40,-80,-50,10,360,0.4,0.2,2.0,568,132,23.239436619718308,31.15756062693011,15.578780313465055,131
15,90,-10,-50,-70,-40,10,360,0.3,0.15,2.0,511,131,25.63600782778865,24.331491442629282,12.165745721314641,131
15,120,-10,-40,-80,-50,10,240,0.3,0.15,2.0,568,132,23.239436619718308,23.368170470197576,11.684085235098788,131
60,90,-10,-40,-70,-50,5,240,0.35,0.2,1.7499999999999998,624,131,20.993589743589745,27.46253601657613,15.692877723757789,131
15,120,-10,-40,-80,-50,10,360,0.35,0.15,2.3333333333333335,568,130,22.887323943661972,27.26286554856384,11.684085235098788,130
15,90,-20,-50,-80,-50,5,360,0.4,0.2,2.0,492,130,26.422764227642276,32.11783328051903,16.058916640259515,130
15,90,-20,-50,-80,-50,5,360,0.35,0.15,2.3333333333333335,492,130,26.422764227642276,28.10310412045415,12.044187480194633,130
15,120,-20,-40,-70,-40,10,360,0.4,0.2,2.0,662,130,19.637462235649547,32.6578387562002,16.3289193781001,130
15,240,-20,-40,-70,-50,10,240,0.3,0.15,2.0,544,130,23.897058823529413,24.474058019764584,12.237029009882292,130
15,120,-10,-40,-70,-40,10,360,0.4,0.2,2.0,654,129,19.724770642201836,32.294810269565815,16.147405134782908,129
15,240,-10,-40,-70,-50,5,240,0.3,0.2,1.4999999999999998,521,130,24.95201535508637,23.991314274732897,15.994209516488601,129
30,60,-10,-50,-70,-50,5,360,0.35,0.2,1.7499999999999998,514,129,25.09727626459144,28.57418372771135,16.328104987263625,129
60,90,-10,-40,-70,-50,10,360,0.4,0.15,2.666666666666667,641,129,20.12480499219969,30.804559558212418,11.551709834329657,129
15,90,-20,-40,-80,-40,5,360,0.3,0.2,1.4999999999999998,434,129,29.723502304147466,25.73800820032654,17.15867213355103,129
15,90,-20,-50,-80,-50,10,360,0.35,0.15,2.3333333333333335,494,128,25.910931174089068,27.925146733841277,11.967920028789122,128
30,60,-10,-50,-70,-50,10,360,0.35,0.15,2.3333333333333335,561,128,22.816399286987522,28.237855400010734,12.101938028576027,128
60,120,-20,-40,-70,-50,5,360,0.35,0.2,1.7499999999999998,502,128,25.49800796812749,28.672803378547695,16.384459073455826,128
15,120,-20,-40,-70,-40,10,240,0.35,0.2,1.7499999999999998,662,128,19.335347432024168,28.575608911675175,16.3289193781001,128
30,120,-10,-40,-70,-50,10,240,0.4,0.15,2.666666666666667,574,128,22.299651567944252,30.01284799734792,11.254817999005468,128
15,120,-10,-40,-80,-50,10,240,0.35,0.2,1.7499999999999998,568,128,22.535211267605636,27.26286554856384,15.578780313465055,128
15,90,-20,-50,-80,-50,10,360,0.4,0.2,2.0,494,128,25.910931174089068,31.914453410104322,15.957226705052161,128
30,60,-20,-50,-70,-50,10,240,0.35,0.2,1.7499999999999998,671,128,19.076005961251862,28.614553337209664,16.35117333554838,128
30,60,-20,-50,-70,-50,5,360,0.4,0.2,2.0,602,129,21.428571428571427,33.09517249602577,16.547586248012884,128
60,120,-20,-40,-70,-50,5,240,0.3,0.15,2.0,502,127,25.298804780876495,24.57668861018374,12.28834430509187,127
15,90,-20,-40,-80,-40,10,360,0.3,0.2,1.4999999999999998,426,127,29.812206572769952,25.156115303895017,16.770743535930013,127
15,120,-10,-40,-70,-40,10,240,0.35,0.2,1.7499999999999998,654,127,19.418960244648318,28.257958985870083,16.147405134782908,127
15,90,-10,-50,-80,-50,5,360,0.4,0.2,2.0,476,126,26.47058823529412,32.187757333575725,16.093878666787862,126
15,120,-20,-40,-80,-50,5,240,0.35,0.15,2.3333333333333335,613,126,20.554649265905383,26.992183915683956,11.568078821007411,126
15,90,-10,-50,-80,-50,5,360,0.35,0.15,2.3333333333333335,476,126,26.47058823529412,28.16428766687876,12.070409000090896,126
30,60,-10,-50,-70,-50,10,240,0.3,0.2,1.4999999999999998,561,126,22.459893048128343,24.203876057152055,16.1359173714347,126
15,240,-20,-40,-70,-50,10,360,0.4,0.2,2.0,544,125,22.977941176470587,32.632077359686114,16.316038679843057,125
15,240,-10,-40,-70,-50,10,360,0.35,0.15,2.3333333333333335,529,126,23.81852551984877,28.64313450239621,12.27562907245552,125
60,120,-10,-40,-70,-50,10,360,0.3,0.2,1.4999999999999998,394,125,31.725888324873097,24.108730625755104,16.072487083836737,125
15,240,-10,-40,-70,-50,10,240,0.3,0.15,2.0,529,125,23.629489603024574,24.55125814491104,12.27562907245552,125
15,90,-20,-50,-80,-50,5,240,0.3,0.2,1.4999999999999998,492,124,25.203252032520325,24.088374960389267,16.058916640259515,124
15,90,-20,-50,-70,-40,5,240,0.3,0.2,1.4999999999999998,509,124,24.361493123772103,24.431547609434695,16.287698406289795,124
60,90,-10,-40,-70,-50,5,240,0.35,0.15,2.3333333333333335,624,124,19.871794871794872,27.46253601657613,11.769658292818344,124
30,60,-20,-50,-70,-50,10,360,0.4,0.15,2.666666666666667,671,124,18.479880774962744,32.70234667109676,12.263380001661284,124
15,60,-20,-40,-80,-40,10,240,0.4,0.2,2.0,913,124,13.581599123767798,33.243338815303964,16.621669407651982,124
15,90,-10,-50,-70,-40,5,240,0.3,0.2,1.4999999999999998,503,124,24.652087475149106,24.342050620928042,16.22803374728536,124
15,120,-10,-40,-80,-50,5,240,0.35,0.15,2.3333333333333335,593,124,20.9106239460371,26.977606052271526,11.561831165259228,124
15,60,-20,-40,-80,-40,5,240,0.4,0.2,2.0,922,124,13.449023861171366,33.49455703000791,16.747278515003956,124
15,90,-10,-40,-80,-40,5,360,0.3,0.2,1.4999999999999998,427,125,29.274004683840747,25.648586730971147,17.099057820647435,124
15,90,-10,-40,-80,-40,10,360,0.3,0.2,1.4999999999999998,419,123,29.355608591885442,25.055265142344247,16.703510094896167,123
15,120,-10,-40,-70,-40,5,240,0.35,0.15,2.3333333333333335,655,123,18.778625954198475,28.260489724513683,12.111638453363007,123
15,120,-20,-40,-80,-50,5,360,0.4,0.15,2.666666666666667,613,123,20.0652528548124,30.8482101893531,11.568078821007411,123
15,120,-20,-40,-70,-40,5,240,0.35,0.15,2.3333333333333335,660,123,18.636363636363637,28.417161317982373,12.178783421992447,123
15,90,-10,-50,-80,-50,10,360,0.35,0.15,2.3333333333333335,476,123,25.840336134453786,28.0120265197407,12.005154222746015,123
15,90,-10,-50,-80,-50,10,360,0.4,0.2,2.0,476,123,25.840336134453786,32.01374459398938,16.00687229699469,123
15,90,-10,-50,-80,-50,5,240,0.3,0.2,1.4999999999999998,476,123,25.840336134453786,24.140818000181792,16.093878666787862,123
15,120,-20,-40,-80,-50,10,360,0.4,0.15,2.666666666666667,589,122,20.71307300509338,31.103014918379497,11.663630594392309,122
30,90,-20,-40,-80,-50,5,360,0.3,0.2,1.4999999999999998,399,123,30.82706766917293,25.384777634849023,16.923185089899352,122
15,90,-10,-50,-70,-40,10,240,0.3,0.2,1.4999999999999998,511,122,23.874755381604697,24.331491442629282,16.22099429508619,122
15,120,-20,-40,-80,-50,10,240,0.35,0.15,2.3333333333333335,589,122,20.71307300509338,27.215138053582056,11.663630594392309,122
15,240,-10,-40,-70,-50,5,360,0.35,0.15,2.3333333333333335,521,122,23.41650671785029,27.98986665385505,11.995657137366448,122
15,240,-20,-40,-70,-50,5,360,0.35,0.15,2.3333333333333335,536,122,22.761194029850746,28.150697240568626,12.06458453167227,122
60,90,-10,-40,-70,-50,10,240,0.35,0.15,2.3333333333333335,641,122,19.03276131045242,26.953989613435866,11.551709834329657,122
15,90,-20,-50,-80,-50,10,240,0.3,0.2,1.4999999999999998,494,122,24.696356275303643,23.935840057578243,15.957226705052161,122
15,90,-20,-50,-70,-40,10,240,0.3,0.2,1.4999999999999998,517,122,23.597678916827853,24.41972610843137,16.279817405620914,122
15,60,-10,-40,-80,-40,5,240,0.4,0.2,2.0,902,123,13.636363636363635,33.49497481381959,16.747487406909794,122
15,120,-10,-40,-70,-40,5,360,0.4,0.15,2.666666666666667,655,121,18.473282442748094,32.29770254230135,12.111638453363007,121
15,60,-10,-40,-80,-40,10,240,0.4,0.2,2.0,891,122,13.692480359147025,33.25881609973763,16.629408049868815,121
15,240,-10,-40,-70,-50,5,240,0.3,0.15,2.0,521,121,23.224568138195778,23.991314274732897,11.995657137366448,121
15,240,-20,-40,-70,-50,5,240,0.3,0.15,2.0,536,121,22.574626865671643,24.12916906334454,12.06458453167227,121
15,120,-10,-40,-80,-50,5,360,0.4,0.15,2.666666666666667,593,121,20.404721753794266,30.8315497740246,11.561831165259228,121
15,120,-20,-40,-70,-40,5,360,0.4,0.15,2.666666666666667,660,121,18.333333333333332,32.47675579197986,12.178783421992447,121
30,60,-20,-40,-80,-50,10,240,0.4,0.15,2.666666666666667,904,120,13.274336283185843,31.768146361069892,11.913054885401209,120
15,90,-10,-50,-80,-50,10,240,0.3,0.2,1.4999999999999998,476,120,25.210084033613445,24.01030844549203,16.00687229699469,120
30,60,-10,-50,-70,-50,5,360,0.35,0.15,2.3333333333333335,514,121,23.540856031128403,28.57418372771135,12.24607874044772,120
60,120,-20,-40,-70,-50,5,360,0.35,0.15,2.3333333333333335,502,120,23.904382470119522,28.672803378547695,12.28834430509187,120
60,90,-20,-40,-80,-50,5,360,0.3,0.2,1.4999999999999998,375,120,32.0,24.62756674518146,16.418377830120974,120
60,120,-20,-40,-70,-50,10,360,0.4,0.2,2.0,524,119,22.709923664122137,31.906547867301466,15.953273933650733,119
30,60,-20,-50,-70,-50,5,360,0.4,0.15,2.666666666666667,602,119,19.767441860465116,33.09517249602577,12.410689686009663,119
60,120,-20,-40,-70,-50,10,240,0.35,0.2,1.7499999999999998,524,119,22.709923664122137,27.91822938388878,15.953273933650733,119
15,120,-20,-40,-70,-40,5,240,0.4,0.2,2.0,660,119,18.03030303030303,32.47675579197986,16.23837789598993,119
15,240,-10,-40,-70,-50,10,360,0.4,0.2,2.0,529,119,22.495274102079396,32.73501085988139,16.367505429940696,119
30,60,-10,-50,-70,-50,5,240,0.3,0.2,1.4999999999999998,514,119,23.151750972762645,24.49215748089544,16.328104987263625,119
30,60,-10,-50,-70,-50,10,240,0.3,0.15,2.0,561,119,21.21212121212121,24.203876057152055,12.101938028576027,119
15,90,-20,-50,-70,-40,5,360,0.35,0.15,2.3333333333333335,509,119,23.37917485265226,28.50347221100714,12.215773804717347,119
15,120,-10,-40,-80,-50,10,360,0.4,0.15,2.666666666666667,568,118,20.774647887323944,31.15756062693011,11.684085235098788,118
15,90,-20,-50,-70,-40,10,360,0.35,0.15,2.3333333333333335,517,118,22.823984526112184,28.4896804598366,12.209863054215685,118
15,90,-20,-50,-70,-40,5,360,0.4,0.2,2.0,509,118,23.18271119842829,32.57539681257959,16.287698406289795,118
15,120,-10,-40,-70,-40,5,240,0.4,0.2,2.0,655,118,18.015267175572518,32.29770254230135,16.148851271150676,118
60,120,-20,-40,-70,-50,5,240,0.35,0.2,1.7499999999999998,502,118,23.50597609561753,28.672803378547695,16.384459073455826,118
30,60,-20,-50,-70,-50,10,240,0.35,0.15,2.3333333333333335,671,118,17.58569299552906,28.614553337209664,12.263380001661284,118
15,120,-10,-40,-80,-50,10,240,0.35,0.15,2.3333333333333335,568,118,20.774647887323944,27.26286554856384,11.684085235098788,118
15,90,-20,-50,-70,-40,10,360,0.4,0.2,2.0,517,117,22.63056092843327,32.55963481124183,16.279817405620914,117
15,240,-20,-40,-70,-50,10,240,0.35,0.2,1.7499999999999998,544,117,21.50735294117647,28.553067689725346,16.316038679843057,117
15,90,-10,-50,-70,-40,5,360,0.35,0.15,2.3333333333333335,503,117,23.26043737574553,28.399059057749373,12.171025310464021,117
15,120,-10,-40,-70,-40,10,240,0.35,0.15,2.3333333333333335,654,116,17.737003058103976,28.257958985870083,12.11055385108718,116
15,240,-20,-40,-70,-50,10,360,0.4,0.15,2.666666666666667,544,116,21.323529411764707,32.632077359686114,12.237029009882292,116
15,90,-10,-50,-70,-40,5,360,0.4,0.2,2.0,503,116,23.061630218687874,32.45606749457072,16.22803374728536,116
15,120,-20,-40,-70,-40,10,240,0.35,0.15,2.3333333333333335,662,116,17.522658610271904,28.575608911675175,12.246689533575074,116
30,60,-10,-50,-70,-50,5,240,0.3,0.15,2.0,514,116,22.56809338521401,24.49215748089544,12.24607874044772,116
15,240,-10,-40,-70,-50,5,360,0.4,0.2,2.0,521,115,22.072936660268713,31.988419032977202,15.994209516488601,115
15,90,-10,-50,-70,-40,10,360,0.4,0.2,2.0,511,115,22.504892367906066,32.44198859017238,16.22099429508619,115
15,240,-20,-40,-70,-50,5,360,0.4,0.2,2.0,536,116,21.641791044776117,32.17222541779273,16.086112708896366,115
15,90,-10,-50,-70,-40,10,360,0.35,0.15,2.3333333333333335,511,116,22.700587084148726,28.386740016400825,12.165745721314641,115
15,90,-20,-50,-80,-50,5,360,0.4,0.15,2.666666666666667,492,115,23.3739837398374,32.11783328051903,12.044187480194633,115
60,90,-10,-40,-70,-50,5,240,0.4,0.2,2.0,624,115,18.429487179487182,31.385755447515578,15.692877723757789,115
60,120,-20,-40,-70,-50,5,360,0.4,0.2,2.0,502,116,23.107569721115535,32.76891814691165,16.384459073455826,115
30,60,-10,-40,-80,-50,10,240,0.4,0.2,2.0,781,114,14.596670934699105,31.506044780990596,15.753022390495298,114
60,120,-10,-40,-70,-50,10,360,0.35,0.2,1.7499999999999998,394,114,28.934010152284262,28.126852396714284,16.072487083836737,114
15,120,-10,-40,-70,-40,10,360,0.4,0.15,2.666666666666667,654,114,17.431192660550458,32.294810269565815,12.11055385108718,114
15,120,-20,-40,-70,-40,10,360,0.4,0.15,2.666666666666667,662,114,17.220543806646525,32.6578387562002,12.246689533575074,114
60,120,-20,-40,-70,-50,10,240,0.35,0.15,2.3333333333333335,524,114,21.755725190839694,27.91822938388878,11.964955450238048,114
15,60,-10,-40,-80,-40,5,240,0.4,0.15,2.666666666666667,902,113,12.527716186252771,33.49497481381959,12.560615555182345,113
15,90,-20,-40,-80,-40,5,360,0.3,0.15,2.0,434,114,26.26728110599078,25.73800820032654,12.86900410016327,113
15,240,-10,-40,-70,-50,10,240,0.35,0.2,1.7499999999999998,529,113,21.361058601134218,28.64313450239621,16.367505429940696,113
60,120,-20,-40,-70,-50,10,360,0.4,0.15,2.666666666666667,524,113,21.564885496183205,31.906547867301466,11.964955450238048,113
60,90,-10,-40,-70,-50,5,240,0.4,0.15,2.666666666666667,624,113,18.108974358974358,31.385755447515578,11.769658292818344,113
30,60,-20,-50,-70,-50,5,240,0.35,0.2,1.7499999999999998,602,113,18.77076411960133,28.95827593402255,16.547586248012884,113
15,60,-20,-40,-80,-40,5,240,0.4,0.15,2.666666666666667,922,113,12.25596529284165,33.49455703000791,12.560458886252967,113
15,90,-20,-50,-80,-50,10,360,0.4,0.15,2.666666666666667,494,113,22.874493927125506,31.914453410104322,11.967920028789122,113
15,120,-20,-40,-80,-50,5,240,0.4,0.2,2.0,613,114,18.59706362153344,30.8482101893531,15.42410509467655,113
15,90,-20,-40,-80,-40,10,360,0.3,0.15,2.0,426,112,26.291079812206576,25.156115303895017,12.578057651947509,112
30,90,-20,-40,-80,-50,5,360,0.35,0.2,1.7499999999999998,399,112,28.07017543859649,29.615573907323864,16.923185089899352,112
30,90,-20,-40,-80,-50,5,360,0.3,0.15,2.0,399,112,28.07017543859649,25.384777634849023,12.692388817424511,112
15,120,-20,-40,-70,-40,10,240,0.4,0.2,2.0,662,113,17.069486404833835,32.6578387562002,16.3289193781001,112
60,120,-10,-40,-70,-50,10,360,0.3,0.15,2.0,394,112,28.426395939086298,24.108730625755104,12.054365312877552,112
15,240,-10,-40,-70,-50,10,360,0.4,0.15,2.666666666666667,529,111,20.982986767485823,32.73501085988139,12.27562907245552,111
60,120,-20,-40,-70,-50,5,360,0.4,0.15,2.666666666666667,502,111,22.111553784860558,32.76891814691165,12.28834430509187,111
15,90,-10,-50,-80,-50,5,360,0.4,0.15,2.666666666666667,476,111,23.319327731092436,32.187757333575725,12.070409000090896,111
60,120,-20,-40,-70,-50,5,240,0.35,0.15,2.3333333333333335,502,112,22.31075697211155,28.672803378547695,12.28834430509187,111
15,120,-10,-40,-70,-40,5,240,0.4,0.15,2.666666666666667,655,111,16.946564885496183,32.29770254230135,12.111638453363007,111
15,90,-20,-40,-80,-40,5,360,0.35,0.2,1.7499999999999998,434,111,25.57603686635945,30.027676233714296,17.15867213355103,111
15,120,-10,-40,-70,-40,10,240,0.4,0.2,2.0,654,112,17.12538226299694,32.294810269565815,16.147405134782908,111
60,120,-10,-40,-70,-50,10,240,0.3,0.2,1.4999999999999998,394,111,28.17258883248731,24.108730625755104,16.072487083836737,111
15,90,-10,-40,-80,-40,5,360,0.3,0.15,2.0,427,111,25.995316159250585,25.648586730971147,12.824293365485573,111
15,120,-10,-40,-80,-50,5,240,0.4,0.2,2.0,593,111,18.718381112984822,30.8315497740246,15.4157748870123,111
30,60,-10,-50,-70,-50,10,360,0.4,0.2,2.0,561,111,19.786096256684495,32.2718347428694,16.1359173714347,111
15,120,-20,-40,-80,-50,10,240,0.4,0.2,2.0,589,112,19.015280135823428,31.103014918379497,15.551507459189748,111
15,60,-10,-40,-80,-40,10,240,0.4,0.15,2.666666666666667,891,110,12.345679012345679,33.25881609973763,12.47205603740161,110
15,90,-20,-50,-70,-40,5,240,0.3,0.15,2.0,509,110,21.611001964636543,24.431547609434695,12.215773804717347,110
15,90,-20,-40,-80,-40,10,360,0.35,0.2,1.7499999999999998,426,110,25.821596244131456,29.34880118787752,16.770743535930013,110
30,60,-10,-50,-70,-50,5,360,0.4,0.2,2.0,514,110,21.40077821011673,32.65620997452725,16.328104987263625,110
15,120,-20,-40,-70,-40,5,240,0.4,0.15,2.666666666666667,660,111,16.818181818181817,32.47675579197986,12.178783421992447,110
15,90,-10,-50,-70,-40,5,240,0.3,0.15,2.0,503,110,21.868787276341948,24.342050620928042,12.171025310464021,110
60,120,-10,-40,-70,-50,5,360,0.3,0.2,1.4999999999999998,348,110,31.60919540229885,24.295371202284993,16.196914134856666,110
15,60,-20,-40,-80,-40,10,240,0.4,0.15,2.666666666666667,913,110,12.048192771084338,33.243338815303964,12.466252055738986,110
60,120,-20,-40,-70,-50,5,240,0.4,0.2,2.0,502,109,21.713147410358566,32.76891814691165,16.384459073455826,109
30,90,-10,-40,-80,-50,5,360,0.3,0.2,1.4999999999999998,341,109,31.964809384164223,24.761467422796024,16.50764494853068,109
15,90,-10,-40,-80,-40,10,360,0.3,0.15,2.0,419,109,26.014319809069214,25.055265142344247,12.527632571172123,109
15,90,-20,-50,-80,-50,5,240,0.3,0.15,2.0,492,110,22.35772357723577,24.088374960389267,12.044187480194633,109
15,90,-10,-50,-80,-50,5,240,0.3,0.15,2.0,476,109,22.899159663865547,24.140818000181792,12.070409000090896,109
60,90,-20,-40,-80,-50,5,360,0.35,0.2,1.7499999999999998,375,109,29.06666666666667,28.732161202711698,16.418377830120974,109
30,60,-20,-50,-70,-50,5,240,0.35,0.15,2.3333333333333335,602,109,18.106312292358805,28.95827593402255,12.410689686009663,109
15,240,-20,-40,-70,-50,10,240,0.35,0.15,2.3333333333333335,544,108,19.852941176470587,28.553067689725346,12.237029009882292,108
15,90,-20,-50,-70,-40,10,240,0.3,0.15,2.0,517,108,20.889748549323016,24.41972610843137,12.209863054215685,108
15,90,-10,-50,-80,-50,10,360,0.4,0.15,2.666666666666667,476,108,22.689075630252102,32.01374459398938,12.005154222746015,108
15,90,-20,-50,-80,-50,10,240,0.3,0.15,2.0,494,108,21.86234817813765,23.935840057578243,11.967920028789122,108
15,90,-10,-50,-70,-40,10,240,0.3,0.15,2.0,511,108,21.135029354207436,24.331491442629282,12.165745721314641,108
30,60,-10,-50,-70,-50,10,240,0.35,0.2,1.7499999999999998,561,108,19.25133689839572,28.237855400010734,16.1359173714347,108
15,240,-20,-40,-70,-50,5,240,0.35,0.2,1.7499999999999998,536,108,20.149253731343283,28.150697240568626,16.086112708896366,108
15,240,-10,-40,-70,-50,5,360,0.4,0.15,2.666666666666667,521,107,20.537428023032632,31.988419032977202,11.995657137366448,107
15,120,-20,-40,-80,-50,5,240,0.4,0.15,2.666666666666667,613,107,17.45513866231648,30.8482101893531,11.568078821007411,107
15,90,-10,-40,-80,-40,5,360,0.35,0.2,1.7499999999999998,427,107,25.05854800936768,29.923351186133,17.099057820647435,107
60,120,-20,-40,-70,-50,10,240,0.4,0.2,2.0,524,107,20.419847328244277,31.906547867301466,15.953273933650733,107
15,240,-10,-40,-70,-50,5,240,0.35,0.2,1.7499999999999998,521,107,20.537428023032632,27.98986665385505,15.994209516488601,107
15,120,-10,-40,-80,-50,10,240,0.4,0.2,2.0,568,107,18.838028169014084,31.15756062693011,15.578780313465055,107
60,90,-20,-40,-80,-50,10,360,0.3,0.2,1.4999999999999998,300,107,35.66666666666667,23.571977834533197,15.714651889688799,107
15,240,-20,-40,-70,-50,5,360,0.4,0.15,2.666666666666667,536,107,19.962686567164177,32.17222541779273,12.06458453167227,106
15,90,-10,-40,-80,-40,10,360,0.35,0.2,1.7499999999999998,419,106,25.29832935560859,29.231142666068287,16.703510094896167,106
15,90,-10,-50,-80,-50,10,240,0.3,0.15,2.0,476,106,22.268907563025213,24.01030844549203,12.005154222746015,106
60,120,-20,-40,-70,-50,10,240,0.4,0.15,2.666666666666667,524,106,20.229007633587788,31.906547867301466,11.964955450238048,106
60,90,-20,-40,-80,-50,5,360,0.3,0.15,2.0,375,106,28.26666666666667,24.62756674518146,12.31378337259073,106
15,90,-20,-50,-70,-40,5,360,0.4,0.15,2.666666666666667,509,105,20.6286836935167,32.57539681257959,12.215773804717347,105
60,120,-20,-40,-70,-50,5,240,0.4,0.15,2.666666666666667,502,105,20.916334661354583,32.76891814691165,12.28834430509187,105
15,240,-10,-40,-70,-50,10,240,0.35,0.15,2.3333333333333335,529,105,19.848771266540645,28.64313450239621,12.27562907245552,105
60,90,-10,-40,-70,-50,10,240,0.4,0.2,2.0,641,105,16.380655226209047,30.804559558212418,15.402279779106209,105
30,60,-10,-40,-80,-50,10,240,0.4,0.15,2.666666666666667,781,105,13.444302176696542,31.506044780990596,11.814766792871474,105
30,60,-10,-50,-70,-50,10,360,0.4,0.15,2.666666666666667,561,105,18.71657754010695,32.2718347428694,12.101938028576027,105
15,120,-10,-40,-80,-50,5,240,0.4,0.15,2.666666666666667,593,105,17.706576728499158,30.8315497740246,11.561831165259228,105
30,60,-10,-50,-70,-50,5,360,0.4,0.15,2.666666666666667,514,104,20.233463035019454,32.65620997452725,12.24607874044772,104
15,60,-20,-50,-80,-40,5,360,0.3,0.2,1.4999999999999998,368,104,28.26086956521739,24.588830862650155,16.392553908433435,104
15,120,-20,-40,-70,-40,10,240,0.4,0.15,2.666666666666667,662,104,15.709969788519636,32.6578387562002,12.246689533575074,104
15,120,-10,-40,-70,-40,10,240,0.4,0.15,2.666666666666667,654,104,15.902140672782874,32.294810269565815,12.11055385108718,104
15,120,-20,-40,-80,-50,10,240,0.4,0.15,2.666666666666667,589,105,17.826825127334462,31.103014918379497,11.663630594392309,104
15,90,-10,-50,-70,-40,5,240,0.35,0.2,1.7499999999999998,503,103,20.47713717693837,28.399059057749373,16.22803374728536,103
60,120,-10,-40,-70,-50,10,240,0.3,0.15,2.0,394,103,26.14213197969543,24.108730625755104,12.054365312877552,103
15,90,-10,-50,-70,-40,5,360,0.4,0.15,2.666666666666667,503,103,20.47713717693837,32.45606749457072,12.171025310464021,103
60,120,-10,-40,-70,-50,5,240,0.3,0.2,1.4999999999999998,348,103,29.597701149425287,24.295371202284993,16.196914134856666,103
60,90,-10,-40,-70,-50,10,240,0.4,0.15,2.666666666666667,641,103,16.06864274570983,30.804559558212418,11.551709834329657,103
30,90,-20,-40,-80,-50,10,360,0.3,0.2,1.4999999999999998,323,103,31.88854489164087,24.339057615954765,16.226038410636512,103
30,60,-20,-40,-70,-40,5,360,0.3,0.2,1.4999999999999998,402,103,25.621890547263682,23.975755055025378,15.983836703350251,103
15,90,-20,-50,-70,-40,10,360,0.4,0.15,2.666666666666667,517,104,20.116054158607348,32.55963481124183,12.209863054215685,103
15,90,-20,-50,-70,-40,5,240,0.35,0.2,1.7499999999999998,509,103,20.23575638506876,28.50347221100714,16.287698406289795,103
15,60,-20,-50,-80,-40,10,360,0.3,0.2,1.4999999999999998,372,104,27.956989247311824,24.618232716159934,16.412155144106627,103
15,60,-10,-50,-80,-40,5,360,0.3,0.2,1.4999999999999998,360,102,28.333333333333332,24.595923446800136,16.397282297866756,102
15,90,-10,-50,-70,-40,10,360,0.4,0.15,2.666666666666667,511,102,19.960861056751465,32.44198859017238,12.165745721314641,101
15,120,-10,-40,-80,-50,10,240,0.4,0.15,2.666666666666667,568,101,17.781690140845072,31.15756062693011,11.684085235098788,101
15,90,-20,-50,-70,-40,10,240,0.35,0.2,1.7499999999999998,517,101,19.535783365570598,28.4896804598366,16.279817405620914,101
30,90,-20,-50,-70,-50,10,360,0.3,0.2,1.4999999999999998,333,102,30.630630630630627,21.633479417769703,14.422319611846472,101
15,90,-10,-50,-70,-40,10,240,0.35,0.2,1.7499999999999998,511,101,19.765166340508806,28.386740016400825,16.22099429508619,101
30,90,-20,-40,-80,-50,5,360,0.35,0.15,2.3333333333333335,399,101,25.31328320802005,29.615573907323864,12.692388817424511,101
60,120,-10,-40,-70,-50,10,360,0.35,0.15,2.3333333333333335,394,101,25.63451776649746,28.126852396714284,12.054365312877552,101
60,120,-10,-40,-70,-50,5,360,0.3,0.15,2.0,348,102,29.310344827586203,24.295371202284993,12.147685601142497,101
15,60,-10,-50,-80,-40,10,360,0.3,0.2,1.4999999999999998,363,101,27.823691460055095,24.63996684538749,16.426644563591665,101
30,60,-10,-50,-70,-50,10,240,0.35,0.15,2.3333333333333335,561,101,18.003565062388592,28.237855400010734,12.101938028576027,101
30,90,-20,-40,-80,-50,5,360,0.4,0.2,2.0,399,102,25.563909774436087,33.846370179798704,16.923185089899352,101
30,60,-10,-50,-70,-50,5,240,0.35,0.2,1.7499999999999998,514,100,19.45525291828794,28.57418372771135,16.328104987263625,100
30,90,-10,-40,-80,-50,5,360,0.3,0.15,2.0,341,100,29.32551319648094,24.761467422796024,12.380733711398012,100
15,90,-20,-40,-80,-40,5,360,0.35,0.15,2.3333333333333335,434,100,23.04147465437788,30.027676233714296,12.86900410016327,100
60,90,-20,-40,-80,-50,5,240,0.3,0.2,1.4999999999999998,375,100,26.666666666666668,24.62756674518146,16.418377830120974,100
30,60,-10,-40,-70,-40,5,360,0.3,0.2,1.4999999999999998,367,100,27.247956403269757,23.517084073044906,15.67805604869661,100
30,90,-10,-40,-80,-50,5,360,0.35,0.2,1.7499999999999998,341,100,29.32551319648094,28.888378659928694,16.50764494853068,100
30,90,-20,-40,-80,-50,5,240,0.3,0.2,1.4999999999999998,399,100,25.062656641604008,25.384777634849023,16.923185089899352,100
15,240,-20,-40,-70,-50,5,240,0.35,0.15,2.3333333333333335,536,99,18.470149253731343,28.150697240568626,12.06458453167227,99
60,90,-20,-40,-80,-50,10,360,0.35,0.2,1.7499999999999998,300,100,33.33333333333333,27.500640806955403,15.714651889688799,99
15,90,-20,-40,-80,-40,10,240,0.3,0.2,1.4999999999999998,426,99,23.239436619718308,25.156115303895017,16.770743535930013,99
15,90,-20,-40,-80,-40,10,360,0.35,0.15,2.3333333333333335,426,99,23.239436619718308,29.34880118787752,12.578057651947509,99
15,240,-20,-40,-70,-50,10,240,0.4,0.2,2.0,544,99,18.198529411764707,32.632077359686114,16.316038679843057,99
15,240,-10,-40,-70,-50,5,240,0.35,0.15,2.3333333333333335,521,99,19.001919385796544,27.98986665385505,11.995657137366448,99
15,90,-20,-40,-80,-40,5,240,0.3,0.2,1.4999999999999998,434,99,22.811059907834103,25.73800820032654,17.15867213355103,99
15,90,-10,-40,-80,-40,10,240,0.3,0.2,1.4999999999999998,419,98,23.389021479713605,25.055265142344247,16.703510094896167,98
60,120,-10,-40,-70,-50,5,360,0.35,0.2,1.7499999999999998,348,98,28.160919540229884,28.344599735999164,16.196914134856666,98
60,120,-10,-40,-70,-50,10,240,0.35,0.2,1.7499999999999998,394,98,24.873096446700508,28.126852396714284,16.072487083836737,98
15,90,-10,-40,-80,-40,5,240,0.3,0.2,1.4999999999999998,427,98,22.950819672131146,25.648586730971147,17.099057820647435,98
60,90,-20,-40,-80,-50,5,360,0.4,0.2,2.0,375,97,25.866666666666667,32.83675566024195,16.418377830120974,97
30,60,-10,-50,-70,-50,5,240,0.35,0.15,2.3333333333333335,514,97,18.8715953307393,28.57418372771135,12.24607874044772,97
15,90,-10,-40,-80,-40,5,360,0.35,0.15,2.3333333333333335,427,97,22.716627634660423,29.923351186133,12.824293365485573,97
15,90,-20,-50,-80,-50,5,240,0.35,0.2,1.7499999999999998,492,97,19.715447154471544,28.10310412045415,16.058916640259515,97
15,90,-10,-40,-80,-40,10,360,0.35,0.15,2.3333333333333335,419,96,22.911694510739856,29.231142666068287,12.527632571172123,96
15,60,-20,-50,-80,-40,5,360,0.35,0.2,1.7499999999999998,368,96,26.08695652173913,28.6869693397585,16.392553908433435,96
15,90,-10,-50,-80,-50,5,240,0.35,0.2,1.7499999999999998,476,96,20.168067226890756,28.16428766687876,16.093878666787862,96
30,60,-20,-40,-70,-40,10,360,0.3,0.2,1.4999999999999998,382,96,25.13089005235602,23.189009180849247,15.4593394538995,96
15,60,-20,-50,-80,-40,10,360,0.35,0.2,1.7499999999999998,372,96,25.806451612903224,28.721271502186596,16.412155144106627,96
30,90,-20,-40,-80,-50,5,360,0.4,0.15,2.666666666666667,399,96,24.06015037593985,33.846370179798704,12.692388817424511,96
60,120,-10,-40,-70,-50,5,240,0.3,0.15,2.0,348,96,27.586206896551722,24.295371202284993,12.147685601142497,96
30,90,-20,-40,-80,-50,10,360,0.35,0.2,1.7499999999999998,323,96,29.721362229102166,28.39556721861389,16.226038410636512,96
15,240,-10,-40,-70,-50,10,240,0.4,0.2,2.0,529,95,17.958412098298677,32.73501085988139,16.367505429940696,95
60,90,-20,-40,-80,-50,5,360,0.35,0.15,2.3333333333333335,375,95,25.333333333333336,28.732161202711698,12.31378337259073,95
30,90,-20,-40,-80,-50,5,240,0.3,0.15,2.0,399,94,23.55889724310777,25.384777634849023,12.692388817424511,94
15,90,-20,-40,-80,-40,5,360,0.4,0.2,2.0,434,94,21.658986175115206,34.31734426710206,17.15867213355103,94
15,90,-20,-50,-80,-50,10,240,0.35,0.2,1.7499999999999998,494,94,19.02834008097166,27.925146733841277,15.957226705052161,94
15,60,-10,-50,-80,-40,5,360,0.35,0.2,1.7499999999999998,360,94,26.111111111111114,28.695244021266817,16.397282297866756,94
30,60,-20,-40,-70,-40,5,360,0.3,0.15,2.0,402,94,23.383084577114428,23.975755055025378,11.987877527512689,94
30,60,-10,-40,-70,-40,5,360,0.3,0.15,2.0,367,93,25.340599455040874,23.517084073044906,11.758542036522453,93
60,120,-10,-40,-70,-50,10,240,0.35,0.15,2.3333333333333335,394,93,23.604060913705585,28.126852396714284,12.054365312877552,93
60,120,-10,-40,-70,-50,10,360,0.4,0.2,2.0,394,93,23.604060913705585,32.144974167673475,16.072487083836737,93
15,120,-10,-50,-70,-40,10,360,0.3,0.2,1.4999999999999998,309,93,30.097087378640776,24.029056994256344,16.019371329504235,93
30,90,-20,-50,-70,-50,5,360,0.3,0.2,1.4999999999999998,328,93,28.353658536585364,22.269740208786843,14.84649347252456,93
30,60,-20,-50,-70,-50,10,240,0.4,0.2,2.0,671,93,13.859910581222056,32.70234667109676,16.35117333554838,93
15,60,-20,-50,-80,-40,5,360,0.3,0.15,2.0,368,93,25.271739130434785,24.588830862650155,12.294415431325078,93
15,90,-20,-40,-80,-40,10,360,0.4,0.2,2.0,426,93,21.830985915492956,33.541487071860026,16.770743535930013,93
15,120,-20,-50,-70,-40,10,360,0.3,0.2,1.4999999999999998,311,93,29.903536977491964,24.226650973086155,16.151100648724107,93
30,60,-20,-40,-70,-40,5,360,0.35,0.2,1.7499999999999998,402,93,23.134328358208954,27.971714230862933,15.983836703350251,93
15,120,-10,-50,-70,-40,5,360,0.3,0.2,1.4999999999999998,304,92,30.263157894736842,24.181089006623925,16.12072600441595,92
15,60,-20,-50,-80,-40,10,360,0.3,0.15,2.0,372,92,24.731182795698924,24.618232716159934,12.309116358079967,92
15,240,-20,-40,-70,-50,10,240,0.4,0.15,2.666666666666667,544,92,16.911764705882355,32.632077359686114,12.237029009882292,92
15,90,-10,-50,-80,-50,10,240,0.35,0.2,1.7499999999999998,476,92,19.327731092436977,28.0120265197407,16.00687229699469,92
30,90,-10,-40,-80,-50,10,360,0.3,0.2,1.4999999999999998,282,92,32.62411347517731,23.38957067403296,15.593047116021973,92
15,120,-20,-50,-70,-40,5,360,0.3,0.2,1.4999999999999998,304,92,30.263157894736842,24.181089006623925,16.12072600441595,92
60,120,-10,-40,-70,-50,5,360,0.35,0.15,2.3333333333333335,348,92,26.436781609195403,28.344599735999164,12.147685601142497,92
15,90,-20,-50,-70,-40,5,240,0.35,0.15,2.3333333333333335,509,92,18.07465618860511,28.50347221100714,12.215773804717347,92
15,60,-10,-50,-80,-40,10,360,0.35,0.2,1.7499999999999998,363,93,25.6198347107438,28.746627986285404,16.426644563591665,92
60,90,-20,-40,-80,-50,10,360,0.3,0.15,2.0,300,92,30.666666666666664,23.571977834533197,11.785988917266598,92
60,120,-10,-40,-70,-50,5,240,0.35,0.2,1.7499999999999998,348,92,26.436781609195403,28.344599735999164,16.196914134856666,92
15,90,-10,-50,-70,-40,5,240,0.35,0.15,2.3333333333333335,503,92,18.290258449304176,28.399059057749373,12.171025310464021,92
15,90,-10,-40,-80,-40,10,240,0.3,0.15,2.0,419,91,21.71837708830549,25.055265142344247,12.527632571172123,91
30,90,-10,-40,-80,-50,5,360,0.4,0.2,2.0,341,91,26.68621700879765,33.01528989706136,16.50764494853068,91
30,60,-10,-40,-70,-40,5,360,0.35,0.2,1.7499999999999998,367,91,24.795640326975477,27.436598085219057,15.67805604869661,91
60,90,-20,-40,-80,-50,5,240,0.3,0.15,2.0,375,91,24.266666666666666,24.62756674518146,12.31378337259073,91
15,60,-10,-50,-80,-40,5,360,0.3,0.15,2.0,360,91,25.27777777777778,24.595923446800136,12.297961723400068,91
30,90,-10,-40,-80,-50,5,360,0.35,0.15,2.3333333333333335,341,91,26.68621700879765,28.888378659928694,12.380733711398012,91
15,90,-20,-40,-80,-40,10,240,0.3,0.15,2.0,426,91,21.36150234741784,25.156115303895017,12.578057651947509,91
60,90,-20,-40,-80,-50,5,240,0.35,0.2,1.7499999999999998,375,91,24.266666666666666,28.732161202711698,16.418377830120974,91
30,90,-20,-40,-80,-50,5,240,0.35,0.2,1.7499999999999998,399,91,22.807017543859647,29.615573907323864,16.923185089899352,91
60,90,-20,-40,-80,-50,10,240,0.3,0.2,1.4999999999999998,300,91,30.333333333333336,23.571977834533197,15.714651889688799,91
15,90,-20,-40,-80,-40,5,240,0.3,0.15,2.0,434,91,20.967741935483872,25.73800820032654,12.86900410016327,91
15,90,-10,-40,-80,-40,5,240,0.3,0.15,2.0,427,91,21.311475409836063,25.648586730971147,12.824293365485573,91
15,90,-10,-50,-70,-40,10,240,0.35,0.15,2.3333333333333335,511,90,17.61252446183953,28.386740016400825,12.165745721314641,90
30,60,-20,-50,-70,-50,5,240,0.4,0.2,2.0,602,90,14.950166112956811,33.09517249602577,16.547586248012884,90
15,240,-20,-40,-70,-50,5,240,0.4,0.2,2.0,536,91,16.977611940298505,32.17222541779273,16.086112708896366,90
15,60,-10,-50,-80,-40,10,360,0.3,0.15,2.0,363,90,24.793388429752067,24.63996684538749,12.319983422693745,90
15,90,-20,-50,-70,-40,10,240,0.35,0.15,2.3333333333333335,517,90,17.408123791102515,28.4896804598366,12.209863054215685,90
60,90,-20,-40,-80,-50,5,360,0.4,0.15,2.666666666666667,375,90,24.0,32.83675566024195,12.31378337259073,90
30,60,-20,-50,-70,-50,10,240,0.4,0.15,2.666666666666667,671,90,13.412816691505217,32.70234667109676,12.263380001661284,90
15,90,-10,-40,-80,-40,5,360,0.4,0.2,2.0,427,90,21.07728337236534,34.19811564129487,17.099057820647435,90
60,120,-10,-40,-70,-50,5,360,0.4,0.2,2.0,348,91,26.14942528735632,32.39382826971333,16.196914134856666,90
30,90,-10,-40,-80,-50,5,240,0.3,0.2,1.4999999999999998,341,90,26.392961876832842,24.761467422796024,16.50764494853068,90
30,90,-20,-40,-80,-50,10,360,0.3,0.15,2.0,323,89,27.55417956656347,24.339057615954765,12.169528807977382,89
15,240,-10,-40,-70,-50,5,240,0.4,0.2,2.0,521,90,17.274472168905948,31.988419032977202,15.994209516488601,89
30,60,-20,-50,-70,-50,5,240,0.4,0.15,2.666666666666667,602,89,14.784053156146179,33.09517249602577,12.410689686009663,89
15,90,-10,-40,-80,-40,10,360,0.4,0.2,2.0,419,89,21.241050119331742,33.407020189792334,16.703510094896167,89
60,120,-10,-40,-70,-50,10,360,0.4,0.15,2.666666666666667,394,89,22.588832487309645,32.144974167673475,12.054365312877552,89
60,120,-10,-40,-70,-50,5,360,0.4,0.15,2.666666666666667,348,88,25.287356321839084,32.39382826971333,12.147685601142497,88
60,120,-10,-40,-70,-50,5,240,0.35,0.15,2.3333333333333335,348,88,25.287356321839084,28.344599735999164,12.147685601142497,88
30,90,-20,-50,-70,-50,10,360,0.3,0.15,2.0,333,88,26.426426426426424,21.633479417769703,10.816739708884851,88
15,240,-10,-40,-70,-50,10,240,0.4,0.15,2.666666666666667,529,89,16.824196597353495,32.73501085988139,12.27562907245552,88
30,60,-20,-40,-70,-40,10,360,0.35,0.2,1.7499999999999998,382,88,23.036649214659686,27.053844044324123,15.4593394538995,88
30,60,-20,-40,-70,-40,5,240,0.3,0.2,1.4999999999999998,402,88,21.890547263681594,23.975755055025378,15.983836703350251,88
15,90,-20,-50,-80,-50,5,240,0.35,0.15,2.3333333333333335,492,88,17.88617886178862,28.10310412045415,12.044187480194633,88
15,90,-10,-50,-80,-50,5,240,0.35,0.15,2.3333333333333335,476,87,18.277310924369747,28.16428766687876,12.070409000090896,87
30,60,-10,-40,-70,-40,10,360,0.3,0.2,1.4999999999999998,344,87,25.290697674418606,22.771038053286752,15.180692035524505,87
30,90,-20,-40,-80,-50,10,240,0.3,0.2,1.4999999999999998,323,87,26.93498452012384,24.339057615954765,16.226038410636512,87
30,90,-10,-40,-80,-50,5,360,0.4,0.15,2.666666666666667,341,87,25.513196480938415,33.01528989706136,12.380733711398012,87
15,60,-20,-50,-80,-40,5,360,0.35,0.15,2.3333333333333335,368,87,23.641304347826086,28.6869693397585,12.294415431325078,87
30,90,-20,-50,-70,-50,10,360,0.35,0.2,1.7499999999999998,333,87,26.126126126126124,25.239059320731325,14.422319611846472,87
15,240,-20,-50,-70,-50,10,360,0.3,0.2,1.4999999999999998,279,87,31.182795698924732,22.642719960703747,15.095146640469169,87
30,90,-10,-40,-80,-50,10,360,0.35,0.2,1.7499999999999998,282,86,30.49645390070922,27.28783245303845,15.593047116021973,86
30,90,-10,-50,-70,-50,10,360,0.3,0.2,1.4999999999999998,264,86,32.57575757575758,21.00314555582929,14.00209703721953,86
15,120,-20,-50,-70,-40,10,360,0.35,0.2,1.7499999999999998,311,86,27.652733118971064,28.264426135267183,16.151100648724107,86
60,120,-10,-40,-70,-50,10,240,0.4,0.2,2.0,394,86,21.82741116751269,32.144974167673475,16.072487083836737,86
15,120,-10,-50,-70,-40,10,360,0.35,0.2,1.7499999999999998,309,86,27.831715210355988,28.0338998266324,16.019371329504235,86
60,90,-20,-40,-80,-50,10,360,0.4,0.2,2.0,300,86,28.666666666666668,31.429303779377598,15.714651889688799,86
60,120,-10,-40,-70,-50,5,240,0.4,0.2,2.0,348,86,24.71264367816092,32.39382826971333,16.196914134856666,86
30,90,-20,-40,-80,-50,10,360,0.4,0.2,2.0,323,86,26.625386996904027,32.452076821273025,16.226038410636512,86
15,60,-20,-50,-80,-40,10,360,0.35,0.15,2.3333333333333335,372,86,23.118279569892472,28.721271502186596,12.309116358079967,86
30,60,-10,-40,-70,-40,5,240,0.3,0.2,1.4999999999999998,367,86,23.43324250681199,23.517084073044906,15.67805604869661,86
30,60,-20,-40,-70,-40,5,360,0.35,0.15,2.3333333333333335,402,85,21.144278606965177,27.971714230862933,11.987877527512689,85
15,120,-20,-50,-70,-40,5,360,0.35,0.2,1.7499999999999998,304,85,27.960526315789476,28.211270507727907,16.12072600441595,85
15,90,-20,-40,-80,-40,5,360,0.4,0.15,2.666666666666667,434,85,19.5852534562212,34.31734426710206,12.86900410016327,85
60,90,-20,-40,-80,-50,10,360,0.35,0.15,2.3333333333333335,300,85,28.333333333333332,27.500640806955403,11.785988917266598,85
30,60,-20,-40,-70,-40,5,360,0.4,0.2,2.0,402,85,21.144278606965177,31.967673406700502,15.983836703350251,85
30,90,-20,-40,-80,-50,5,240,0.35,0.15,2.3333333333333335,399,85,21.303258145363408,29.615573907323864,12.692388817424511,85
30,60,-20,-40,-70,-40,10,240,0.3,0.2,1.4999999999999998,382,86,22.5130890052356,23.189009180849247,15.4593394538995,85
60,120,-10,-40,-70,-50,10,240,0.4,0.15,2.666666666666667,394,85,21.573604060913706,32.144974167673475,12.054365312877552,85
15,120,-10,-50,-70,-40,5,360,0.35,0.2,1.7499999999999998,304,85,27.960526315789476,28.211270507727907,16.12072600441595,85
15,60,-10,-50,-80,-40,5,360,0.35,0.15,2.3333333333333335,360,85,23.61111111111111,28.695244021266817,12.297961723400068,85
30,90,-20,-50,-70,-50,10,240,0.3,0.2,1.4999999999999998,333,85,25.525525525525527,21.633479417769703,14.422319611846472,85
30,90,-10,-40,-80,-50,5,240,0.3,0.15,2.0,341,84,24.633431085043988,24.761467422796024,12.380733711398012,84
15,90,-20,-40,-80,-40,10,360,0.4,0.15,2.666666666666667,426,84,19.718309859154928,33.541487071860026,12.578057651947509,84
15,240,-20,-40,-70,-50,5,240,0.4,0.15,2.666666666666667,536,84,15.671641791044777,32.17222541779273,12.06458453167227,84
60,90,-10,-40,-80,-50,5,360,0.3,0.2,1.4999999999999998,261,84,32.18390804597701,23.86814959450542,15.912099729670285,84
15,90,-20,-50,-80,-50,10,240,0.35,0.15,2.3333333333333335,494,85,17.20647773279352,27.925146733841277,11.967920028789122,84
60,120,-10,-40,-70,-50,5,240,0.4,0.15,2.666666666666667,348,84,24.137931034482758,32.39382826971333,12.147685601142497,84
30,60,-10,-40,-70,-40,5,360,0.35,0.15,2.3333333333333335,367,84,22.888283378746593,27.436598085219057,11.758542036522453,84
15,240,-10,-40,-70,-50,5,240,0.4,0.15,2.666666666666667,521,84,16.122840690978887,31.988419032977202,11.995657137366448,84
30,90,-20,-50,-70,-50,5,360,0.3,0.15,2.0,328,84,25.609756097560975,22.269740208786843,11.134870104393421,84
15,60,-10,-50,-80,-40,10,360,0.35,0.15,2.3333333333333335,363,84,23.140495867768596,28.746627986285404,12.319983422693745,84
60,90,-20,-40,-80,-50,5,240,0.35,0.15,2.3333333333333335,375,83,22.133333333333333,28.732161202711698,12.31378337259073,83
30,60,-10,-40,-70,-40,5,360,0.4,0.2,2.0,367,83,22.615803814713896,31.35611209739322,15.67805604869661,83
30,60,-20,-40,-70,-40,5,240,0.35,0.2,1.7499999999999998,402,83,20.64676616915423,27.971714230862933,15.983836703350251,83
30,60,-20,-40,-70,-40,10,360,0.3,0.15,2.0,382,83,21.727748691099478,23.189009180849247,11.594504590424624,83
15,240,-10,-50,-70,-50,10,360,0.3,0.2,1.4999999999999998,268,83,30.970149253731343,22.626334169779245,15.084222779852832,83
15,120,-20,-50,-70,-40,5,240,0.3,0.2,1.4999999999999998,304,83,27.302631578947366,24.181089006623925,16.12072600441595,83
15,120,-10,-50,-70,-40,5,240,0.3,0.2,1.4999999999999998,304,83,27.302631578947366,24.181089006623925,16.12072600441595,83
15,120,-20,-50,-70,-40,10,240,0.3,0.2,1.4999999999999998,311,83,26.688102893890676,24.226650973086155,16.151100648724107,83
15,90,-10,-50,-80,-50,10,240,0.35,0.15,2.3333333333333335,476,83,17.436974789915965,28.0120265197407,12.005154222746015,83
15,240,-20,-50,-70,-50,10,240,0.3,0.2,1.4999999999999998,279,82,29.39068100358423,22.642719960703747,15.095146640469169,82
15,240,-20,-50,-70,-50,10,360,0.35,0.2,1.7499999999999998,279,82,29.39068100358423,26.41650662082104,15.095146640469169,82
30,60,-20,-40,-70,-40,10,360,0.4,0.2,2.0,382,82,21.465968586387437,30.918678907799,15.4593394538995,82
15,90,-10,-50,-70,-40,5,240,0.4,0.2,2.0,503,82,16.302186878727635,32.45606749457072,16.22803374728536,82
15,120,-10,-50,-70,-40,10,240,0.3,0.2,1.4999999999999998,309,83,26.860841423948216,24.029056994256344,16.019371329504235,82
15,90,-10,-40,-80,-40,5,360,0.4,0.15,2.666666666666667,427,82,19.20374707259953,34.19811564129487,12.824293365485573,82
30,90,-10,-40,-80,-50,5,240,0.35,0.2,1.7499999999999998,341,82,24.04692082111437,28.888378659928694,16.50764494853068,82
15,90,-20,-50,-70,-40,5,240,0.4,0.2,2.0,509,82,16.110019646365423,32.57539681257959,16.287698406289795,82
30,90,-20,-40,-80,-50,10,360,0.35,0.15,2.3333333333333335,323,82,25.386996904024766,28.39556721861389,12.169528807977382,82
15,240,-20,-50,-70,-50,5,360,0.3,0.2,1.4999999999999998,262,81,30.916030534351147,22.524285880301974,15.016190586867985,81
15,120,-20,-50,-70,-40,5,360,0.3,0.15,2.0,304,81,26.644736842105267,24.181089006623925,12.090544503311962,81
15,60,-20,-50,-80,-40,10,360,0.4,0.2,2.0,372,81,21.774193548387096,32.824310288213255,16.412155144106627,81
15,120,-10,-50,-70,-40,10,360,0.3,0.15,2.0,309,81,26.21359223300971,24.029056994256344,12.014528497128172,81
15,60,-20,-50,-80,-40,5,360,0.4,0.2,2.0,368,81,22.01086956521739,32.78510781686687,16.392553908433435,81
30,60,-20,-40,-70,-40,5,240,0.3,0.15,2.0,402,81,20.149253731343283,23.975755055025378,11.987877527512689,81
15,90,-10,-40,-80,-40,10,360,0.4,0.15,2.666666666666667,419,81,19.331742243436754,33.407020189792334,12.527632571172123,81
30,90,-10,-40,-80,-50,10,360,0.3,0.15,2.0,282,81,28.723404255319153,23.38957067403296,11.69478533701648,81
30,60,-10,-40,-70,-40,5,240,0.35,0.2,1.7499999999999998,367,81,22.070844686648503,27.436598085219057,15.67805604869661,81
60,90,-10,-40,-80,-50,10,360,0.3,0.2,1.4999999999999998,224,81,36.160714285714285,23.34606015948105,15.5640401063207,81
60,90,-20,-40,-80,-50,10,240,0.3,0.15,2.0,300,81,27.0,23.571977834533197,11.785988917266598,81
15,120,-10,-50,-70,-40,5,360,0.3,0.15,2.0,304,81,26.644736842105267,24.181089006623925,12.090544503311962,81
30,60,-10,-40,-70,-40,10,360,0.35,0.2,1.7499999999999998,344,81,23.546511627906977,26.566211062167874,15.180692035524505,81
15,120,-20,-50,-70,-40,10,360,0.3,0.15,2.0,311,81,26.04501607717042,24.226650973086155,12.113325486543078,81
15,240,-20,-50,-70,-50,10,360,0.3,0.15,2.0,279,81,29.03225806451613,22.642719960703747,11.321359980351874,81
30,60,-20,-40,-70,-40,10,240,0.35,0.2,1.7499999999999998,382,81,21.20418848167539,27.053844044324123,15.4593394538995,80
15,90,-20,-50,-70,-40,10,240,0.4,0.2,2.0,517,80,15.473887814313347,32.55963481124183,16.279817405620914,80
15,240,-10,-50,-70,-50,5,360,0.3,0.2,1.4999999999999998,255,81,31.76470588235294,22.365132220519005,14.91008814701267,80
15,90,-10,-50,-70,-40,10,240,0.4,0.2,2.0,511,80,15.655577299412915,32.44198859017238,16.22099429508619,80
60,90,-20,-40,-80,-50,10,240,0.35,0.2,1.7499999999999998,300,80,26.666666666666668,27.500640806955403,15.714651889688799,80
60,90,-20,-40,-80,-50,10,360,0.4,0.15,2.666666666666667,300,80,26.666666666666668,31.429303779377598,11.785988917266598,80
30,60,-10,-40,-70,-40,10,240,0.3,0.2,1.4999999999999998,344,79,22.96511627906977,22.771038053286752,15.180692035524505,79
30,60,-10,-40,-70,-40,10,360,0.3,0.15,2.0,344,79,22.96511627906977,22.771038053286752,11.385519026643376,79
30,90,-20,-50,-70,-50,5,360,0.35,0.2,1.7499999999999998,328,79,24.085365853658537,25.98136357691798,14.84649347252456,79
30,90,-10,-40,-80,-50,10,240,0.3,0.2,1.4999999999999998,282,79,28.01418439716312,23.38957067403296,15.593047116021973,79
30,60,-10,-40,-70,-40,5,240,0.3,0.15,2.0,367,79,21.525885558583106,23.517084073044906,11.758542036522453,79
15,90,-20,-50,-80,-50,5,240,0.4,0.2,2.0,492,79,16.056910569105693,32.11783328051903,16.058916640259515,79
30,90,-10,-50,-70,-50,5,360,0.3,0.2,1.4999999999999998,255,79,30.980392156862745,21.204142853833513,14.136095235889014,79
30,90,-20,-40,-80,-50,10,360,0.4,0.15,2.666666666666667,323,79,24.458204334365323,32.452076821273025,12.169528807977382,78
15,240,-10,-50,-70,-50,10,240,0.3,0.2,1.4999999999999998,268,78,29.1044776119403,22.626334169779245,15.084222779852832,78
30,90,-20,-50,-70,-50,10,360,0.35,0.15,2.3333333333333335,333,78,23.423423423423422,25.239059320731325,10.816739708884851,78
15,60,-10,-50,-80,-40,10,360,0.4,0.2,2.0,363,78,21.487603305785125,32.85328912718333,16.426644563591665,78
15,240,-10,-50,-70,-50,10,360,0.35,0.2,1.7499999999999998,268,78,29.1044776119403,26.397389864742447,15.084222779852832,78
30,90,-20,-40,-80,-50,10,240,0.3,0.15,2.0,323,78,24.148606811145513,24.339057615954765,12.169528807977382,78
15,60,-10,-50,-80,-40,5,360,0.4,0.2,2.0,360,79,21.944444444444443,32.79456459573351,16.397282297866756,78
30,60,-20,-40,-70,-40,10,240,0.3,0.15,2.0,382,78,20.418848167539267,23.189009180849247,11.594504590424624,78
15,60,-20,-50,-80,-40,10,240,0.3,0.2,1.4999999999999998,372,77,20.698924731182796,24.618232716159934,16.412155144106627,77
60,90,-10,-40,-80,-50,5,360,0.35,0.2,1.7499999999999998,261,77,29.50191570881226,27.846174526922994,15.912099729670285,77
30,60,-10,-50,-70,-50,5,240,0.4,0.15,2.666666666666667,514,77,14.980544747081712,32.65620997452725,12.24607874044772,77
15,60,-10,-50,-80,-40,5,240,0.3,0.2,1.4999999999999998,360,77,21.38888888888889,24.595923446800136,16.397282297866756,77
15,90,-10,-50,-80,-50,5,240,0.4,0.2,2.0,476,78,16.386554621848738,32.187757333575725,16.093878666787862,77
15,60,-20,-50,-80,-40,5,240,0.3,0.2,1.4999999999999998,368,77,20.92391304347826,24.588830862650155,16.392553908433435,77
30,60,-20,-40,-70,-40,10,360,0.35,0.15,2.3333333333333335,382,77,20.157068062827225,27.053844044324123,11.594504590424624,77
15,90,-20,-50,-80,-50,10,240,0.4,0.2,2.0,494,77,15.587044534412955,31.914453410104322,15.957226705052161,77
30,90,-20,-50,-70,-50,10,240,0.3,0.15,2.0,333,77,23.123123123123122,21.633479417769703,10.816739708884851,77
30,60,-10,-50,-70,-50,5,240,0.4,0.2,2.0,514,77,14.980544747081712,32.65620997452725,16.328104987263625,77
15,120,-10,-50,-80,-50,5,360,0.3,0.2,1.4999999999999998,266,77,28.947368421052634,22.35116981565172,14.900779877101142,77
30,60,-20,-40,-70,-40,5,360,0.4,0.15,2.666666666666667,402,77,19.154228855721392,31.967673406700502,11.987877527512689,77
15,240,-10,-50,-70,-50,10,360,0.3,0.15,2.0,268,77,28.73134328358209,22.626334169779245,11.313167084889622,77
15,120,-20,-50,-70,-40,10,360,0.4,0.2,2.0,311,76,24.437299035369776,32.302201297448214,16.151100648724107,76
15,90,-20,-50,-70,-40,5,240,0.4,0.15,2.666666666666667,509,76,14.931237721021612,32.57539681257959,12.215773804717347,76
15,240,-20,-50,-70,-50,5,360,0.35,0.2,1.7499999999999998,262,76,29.00763358778626,26.278333527018965,15.016190586867985,76
15,120,-10,-50,-70,-40,5,360,0.4,0.2,2.0,304,76,25.0,32.2414520088319,16.12072600441595,76
15,240,-10,-50,-70,-50,5,240,0.3,0.2,1.4999999999999998,255,76,29.80392156862745,22.365132220519005,14.91008814701267,76
15,60,-10,-50,-80,-40,10,240,0.3,0.2,1.4999999999999998,363,76,20.9366391184573,24.63996684538749,16.426644563591665,76
15,240,-20,-50,-70,-50,5,240,0.3,0.2,1.4999999999999998,262,76,29.00763358778626,22.524285880301974,15.016190586867985,76
30,90,-10,-40,-80,-50,10,360,0.4,0.2,2.0,282,76,26.95035460992908,31.186094232043946,15.593047116021973,76
30,60,-10,-40,-70,-40,5,360,0.4,0.15,2.666666666666667,367,76,20.708446866485016,31.35611209739322,11.758542036522453,76
15,120,-20,-50,-70,-40,5,240,0.35,0.2,1.7499999999999998,304,76,25.0,28.211270507727907,16.12072600441595,76
60,90,-10,-40,-80,-50,10,360,0.35,0.2,1.7499999999999998,224,76,33.92857142857143,27.237070186061228,15.5640401063207,76
15,120,-10,-50,-70,-40,10,360,0.4,0.2,2.0,309,76,24.59546925566343,32.03874265900847,16.019371329504235,76
15,120,-10,-50,-70,-40,10,240,0.35,0.2,1.7499999999999998,309,76,24.59546925566343,28.0338998266324,16.019371329504235,76
30,90,-20,-50,-70,-50,5,240,0.3,0.2,1.4999999999999998,328,77,23.47560975609756,22.269740208786843,14.84649347252456,76
15,120,-10,-50,-70,-40,5,240,0.35,0.2,1.7499999999999998,304,76,25.0,28.211270507727907,16.12072600441595,76
15,240,-20,-50,-70,-50,10,360,0.35,0.15,2.3333333333333335,279,77,27.598566308243726,26.41650662082104,11.321359980351874,76
15,240,-20,-50,-70,-50,10,240,0.3,0.15,2.0,279,77,27.598566308243726,22.642719960703747,11.321359980351874,76
15,90,-10,-50,-70,-40,5,240,0.4,0.15,2.666666666666667,503,76,15.109343936381709,32.45606749457072,12.171025310464021,76
15,120,-20,-50,-70,-40,10,240,0.35,0.2,1.7499999999999998,311,76,24.437299035369776,28.264426135267183,16.151100648724107,76
15,240,-10,-50,-70,-50,5,360,0.35,0.2,1.7499999999999998,255,76,29.80392156862745,26.09265425727217,14.91008814701267,76
15,120,-20,-50,-80,-50,5,360,0.3,0.2,1.4999999999999998,274,77,28.102189781021895,22.369779960201917,14.913186640134613,76
15,120,-20,-50,-70,-40,5,360,0.4,0.2,2.0,304,76,25.0,32.2414520088319,16.12072600441595,76
60,90,-20,-40,-80,-50,5,240,0.4,0.2,2.0,375,75,20.0,32.83675566024195,16.418377830120974,75
15,120,-10,-50,-70,-40,10,360,0.35,0.15,2.3333333333333335,309,75,24.271844660194176,28.0338998266324,12.014528497128172,75
15,120,-20,-50,-70,-40,10,360,0.35,0.15,2.3333333333333335,311,75,24.115755627009648,28.264426135267183,12.113325486543078,75
30,60,-20,-40,-70,-40,5,240,0.35,0.15,2.3333333333333335,402,76,18.90547263681592,27.971714230862933,11.987877527512689,75
30,90,-10,-50,-70,-50,10,360,0.3,0.15,2.0,264,75,28.40909090909091,21.00314555582929,10.501572777914644,75
30,90,-10,-40,-80,-50,5,240,0.35,0.15,2.3333333333333335,341,76,22.28739002932551,28.888378659928694,12.380733711398012,75
30,60,-10,-40,-70,-40,10,360,0.4,0.2,2.0,344,75,21.802325581395348,30.36138407104901,15.180692035524505,75
15,120,-20,-50,-80,-50,10,360,0.3,0.2,1.4999999999999998,270,75,27.77777777777778,22.013781864100956,14.675854576067303,75
15,90,-20,-40,-80,-40,5,240,0.35,0.2,1.7499999999999998,434,75,17.28110599078341,30.027676233714296,17.15867213355103,75
30,90,-10,-40,-80,-50,10,360,0.35,0.15,2.3333333333333335,282,75,26.595744680851062,27.28783245303845,11.69478533701648,75
15,90,-10,-50,-80,-50,10,240,0.4,0.2,2.0,476,75,15.756302521008402,32.01374459398938,16.00687229699469,75
15,240,-10,-50,-70,-50,5,360,0.3,0.15,2.0,255,75,29.411764705882355,22.365132220519005,11.182566110259502,75
15,90,-20,-50,-80,-50,5,240,0.4,0.15,2.666666666666667,492,74,15.040650406504067,32.11783328051903,12.044187480194633,74
15,120,-10,-50,-70,-40,10,240,0.3,0.15,2.0,309,74,23.948220064724918,24.029056994256344,12.014528497128172,74
15,240,-20,-50,-70,-50,5,360,0.3,0.15,2.0,262,75,28.62595419847328,22.524285880301974,11.262142940150987,74
30,90,-20,-40,-80,-50,10,240,0.35,0.2,1.7499999999999998,323,75,23.219814241486066,28.39556721861389,16.226038410636512,74
15,120,-10,-50,-70,-40,5,360,0.35,0.15,2.3333333333333335,304,75,24.671052631578945,28.211270507727907,12.090544503311962,74
15,90,-20,-50,-70,-40,10,240,0.4,0.15,2.666666666666667,517,74,14.313346228239846,32.55963481124183,12.209863054215685,74
15,120,-20,-50,-70,-40,10,240,0.3,0.15,2.0,311,74,23.79421221864952,24.226650973086155,12.113325486543078,74
15,120,-10,-50,-80,-50,10,360,0.3,0.2,1.4999999999999998,262,75,28.62595419847328,21.98401742433316,14.656011616222106,74
60,90,-10,-40,-80,-50,5,360,0.3,0.15,2.0,261,74,28.35249042145594,23.86814959450542,11.93407479725271,74
15,120,-10,-50,-70,-40,5,240,0.3,0.15,2.0,304,75,24.671052631578945,24.181089006623925,12.090544503311962,74
15,90,-20,-40,-80,-40,10,240,0.35,0.2,1.7499999999999998,426,74,17.370892018779344,29.34880118787752,16.770743535930013,74
15,90,-10,-40,-80,-40,5,240,0.35,0.2,1.7499999999999998,427,74,17.330210772833723,29.923351186133,17.099057820647435,74
30,60,-10,-40,-70,-40,5,240,0.35,0.15,2.3333333333333335,367,74,20.16348773841962,27.436598085219057,11.758542036522453,74
30,60,-10,-40,-70,-40,10,240,0.35,0.2,1.7499999999999998,344,74,21.511627906976745,26.566211062167874,15.180692035524505,74
15,120,-20,-50,-70,-40,5,360,0.35,0.15,2.3333333333333335,304,75,24.671052631578945,28.211270507727907,12.090544503311962,74
15,120,-20,-50,-70,-40,5,240,0.3,0.15,2.0,304,75,24.671052631578945,24.181089006623925,12.090544503311962,74
15,60,-20,-50,-80,-40,5,360,0.4,0.15,2.666666666666667,368,74,20.108695652173914,32.78510781686687,12.294415431325078,74
60,90,-20,-40,-80,-50,10,240,0.35,0.15,2.3333333333333335,300,74,24.666666666666668,27.500640806955403,11.785988917266598,74
30,90,-20,-40,-80,-50,5,240,0.4,0.2,2.0,399,75,18.796992481203006,33.846370179798704,16.923185089899352,74
30,60,-10,-50,-70,-50,10,240,0.4,0.2,2.0,561,73,13.01247771836007,32.2718347428694,16.1359173714347,73
30,90,-20,-50,-70,-50,5,240,0.3,0.15,2.0,328,73,22.25609756097561,22.269740208786843,11.134870104393421,73
15,240,-20,-50,-70,-50,10,360,0.4,0.2,2.0,279,73,26.16487455197133,30.190293280938338,15.095146640469169,73
30,60,-10,-40,-70,-40,10,360,0.35,0.15,2.3333333333333335,344,73,21.22093023255814,26.566211062167874,11.385519026643376,73
15,240,-10,-50,-70,-50,10,360,0.35,0.15,2.3333333333333335,268,73,27.238805970149254,26.397389864742447,11.313167084889622,73
15,90,-10,-50,-80,-50,5,240,0.4,0.15,2.666666666666667,476,73,15.336134453781513,32.187757333575725,12.070409000090896,73
30,60,-10,-50,-70,-50,10,240,0.4,0.15,2.666666666666667,561,73,13.01247771836007,32.2718347428694,12.101938028576027,73
15,240,-10,-50,-70,-50,10,240,0.3,0.15,2.0,268,73,27.238805970149254,22.626334169779245,11.313167084889622,73
30,90,-20,-50,-70,-50,5,360,0.35,0.15,2.3333333333333335,328,73,22.25609756097561,25.98136357691798,11.134870104393421,73
15,90,-10,-50,-70,-40,10,240,0.4,0.15,2.666666666666667,511,74,14.481409001956946,32.44198859017238,12.165745721314641,73
30,60,-20,-40,-70,-40,10,240,0.35,0.15,2.3333333333333335,382,73,19.10994764397906,27.053844044324123,11.594504590424624,73
15,90,-10,-40,-80,-40,10,240,0.35,0.2,1.7499999999999998,419,73,17.42243436754177,29.231142666068287,16.703510094896167,73
30,90,-10,-50,-70,-50,5,360,0.3,0.15,2.0,255,72,28.235294117647058,21.204142853833513,10.602071426916757,72
60,90,-20,-40,-80,-50,5,240,0.4,0.15,2.666666666666667,375,73,19.466666666666665,32.83675566024195,12.31378337259073,72
15,60,-10,-50,-80,-40,5,360,0.4,0.15,2.666666666666667,360,72,20.0,32.79456459573351,12.297961723400068,72
15,60,-20,-50,-80,-40,10,360,0.4,0.15,2.666666666666667,372,73,19.623655913978492,32.824310288213255,12.309116358079967,72
30,60,-10,-40,-70,-40,10,240,0.3,0.15,2.0,344,72,20.930232558139537,22.771038053286752,11.385519026643376,72
15,120,-10,-50,-80,-50,5,360,0.35,0.2,1.7499999999999998,266,72,27.06766917293233,26.076364784927,14.900779877101142,72
30,90,-20,-40,-80,-50,5,240,0.4,0.15,2.666666666666667,399,73,18.295739348370926,33.846370179798704,12.692388817424511,72
30,60,-20,-40,-70,-40,10,360,0.4,0.15,2.666666666666667,382,72,18.848167539267017,30.918678907799,11.594504590424624,72
15,120,-20,-50,-80,-50,5,360,0.35,0.2,1.7499999999999998,274,72,26.277372262773724,26.098076620235567,14.913186640134613,72
30,60,-20,-40,-70,-40,10,240,0.4,0.2,2.0,382,72,18.848167539267017,30.918678907799,15.4593394538995,72
30,90,-10,-40,-80,-50,10,360,0.4,0.15,2.666666666666667,282,72,25.53191489361702,31.186094232043946,11.69478533701648,72
15,240,-10,-50,-70,-50,5,360,0.35,0.15,2.3333333333333335,255,71,27.84313725490196,26.09265425727217,11.182566110259502,71
15,240,-10,-50,-70,-50,5,240,0.3,0.15,2.0,255,71,27.84313725490196,22.365132220519005,11.182566110259502,71
15,240,-20,-50,-70,-50,5,240,0.3,0.15,2.0,262,71,27.099236641221374,22.524285880301974,11.262142940150987,71
30,90,-10,-50,-70,-50,10,240,0.3,0.2,1.4999999999999998,264,72,27.27272727272727,21.00314555582929,14.00209703721953,71
30,90,-10,-50,-70,-50,10,360,0.35,0.2,1.7499999999999998,264,72,27.27272727272727,24.503669815134174,14.00209703721953,71
15,90,-20,-50,-80,-50,10,240,0.4,0.15,2.666666666666667,494,72,14.5748987854251,31.914453410104322,11.967920028789122,71
15,60,-10,-50,-80,-40,10,360,0.4,0.15,2.666666666666667,363,71,19.55922865013774,32.85328912718333,12.319983422693745,71
15,240,-20,-50,-70,-50,5,360,0.35,0.15,2.3333333333333335,262,71,27.099236641221374,26.278333527018965,11.262142940150987,71
15,120,-10,-50,-70,-40,5,240,0.35,0.15,2.3333333333333335,304,70,23.026315789473685,28.211270507727907,12.090544503311962,70
15,90,-10,-50,-80,-50,10,240,0.4,0.15,2.666666666666667,476,70,14.705882352941178,32.01374459398938,12.005154222746015,70
15,120,-10,-50,-80,-50,5,360,0.3,0.15,2.0,266,70,26.31578947368421,22.35116981565172,11.17558490782586,70
15,120,-20,-50,-70,-40,5,240,0.35,0.15,2.3333333333333335,304,70,23.026315789473685,28.211270507727907,12.090544503311962,70
15,60,-10,-50,-80,-40,5,240,0.3,0.15,2.0,360,70,19.444444444444446,24.595923446800136,12.297961723400068,70
30,90,-10,-40,-80,-50,10,240,0.3,0.15,2.0,282,71,25.177304964539005,23.38957067403296,11.69478533701648,70
15,90,-20,-40,-80,-40,5,240,0.35,0.15,2.3333333333333335,434,70,16.129032258064516,30.027676233714296,12.86900410016327,70
15,60,-20,-50,-80,-40,5,240,0.3,0.15,2.0,368,70,19.021739130434785,24.588830862650155,12.294415431325078,70
60,90,-10,-40,-80,-50,5,360,0.4,0.2,2.0,261,70,26.81992337164751,31.82419945934057,15.912099729670285,70
15,120,-20,-50,-80,-50,5,360,0.3,0.15,2.0,274,70,25.547445255474454,22.369779960201917,11.184889980100959,70
30,60,-20,-40,-70,-40,5,240,0.4,0.2,2.0,402,70,17.412935323383085,31.967673406700502,15.983836703350251,70
15,120,-10,-50,-80,-50,10,360,0.35,0.2,1.7499999999999998,262,70,26.717557251908396,25.648020328388682,14.656011616222106,70
15,120,-20,-50,-70,-40,10,240,0.35,0.15,2.3333333333333335,311,69,22.186495176848876,28.264426135267183,12.113325486543078,69
15,120,-20,-50,-70,-40,10,240,0.4,0.2,2.0,311,69,22.186495176848876,32.302201297448214,16.151100648724107,69
30,60,-10,-40,-70,-40,5,240,0.4,0.2,2.0,367,69,18.80108991825613,31.35611209739322,15.67805604869661,69
15,120,-10,-50,-70,-40,5,240,0.4,0.2,2.0,304,69,22.697368421052634,32.2414520088319,16.12072600441595,69
15,90,-20,-40,-80,-40,10,240,0.35,0.15,2.3333333333333335,426,69,16.19718309859155,29.34880118787752,12.578057651947509,69
30,90,-20,-50,-70,-50,10,360,0.4,0.2,2.0,333,69,20.72072072072072,28.844639223692944,14.422319611846472,69
60,90,-10,-40,-80,-50,10,360,0.3,0.15,2.0,224,69,30.80357142857143,23.34606015948105,11.673030079740524,69
15,120,-10,-50,-70,-40,10,240,0.35,0.15,2.3333333333333335,309,69,22.330097087378643,28.0338998266324,12.014528497128172,69
15,90,-10,-40,-80,-40,10,240,0.35,0.15,2.3333333333333335,419,69,16.467780429594274,29.231142666068287,12.527632571172123,69
15,120,-10,-50,-80,-50,5,240,0.3,0.2,1.4999999999999998,266,69,25.93984962406015,22.35116981565172,14.900779877101142,69
15,120,-20,-50,-80,-50,5,240,0.3,0.2,1.4999999999999998,274,69,25.18248175182482,22.369779960201917,14.913186640134613,69
30,90,-20,-50,-70,-50,5,360,0.4,0.2,2.0,328,70,21.341463414634145,29.69298694504912,14.84649347252456,69
15,90,-10,-40,-80,-40,5,240,0.35,0.15,2.3333333333333335,427,70,16.39344262295082,29.923351186133,12.824293365485573,69
30,90,-10,-40,-80,-50,5,240,0.4,0.2,2.0,341,69,20.234604105571847,33.01528989706136,16.50764494853068,69
15,120,-20,-50,-70,-40,5,240,0.4,0.2,2.0,304,69,22.697368421052634,32.2414520088319,16.12072600441595,69
15,120,-10,-50,-70,-40,10,240,0.4,0.2,2.0,309,69,22.330097087378643,32.03874265900847,16.019371329504235,69
15,240,-10,-50,-70,-50,10,360,0.4,0.2,2.0,268,69,25.74626865671642,30.168445559705663,15.084222779852832,69
15,120,-20,-50,-80,-50,10,360,0.35,0.2,1.7499999999999998,270,70,25.925925925925924,25.682745508117772,14.675854576067303,69
15,60,-10,-50,-80,-40,10,240,0.3,0.15,2.0,363,69,19.00826446280992,24.63996684538749,12.319983422693745,69
15,240,-20,-50,-70,-50,10,360,0.4,0.15,2.666666666666667,279,70,25.089605734767023,30.190293280938338,11.321359980351874,69
30,90,-20,-40,-80,-50,10,240,0.35,0.15,2.3333333333333335,323,69,21.36222910216718,28.39556721861389,12.169528807977382,68
15,60,-20,-50,-80,-40,10,240,0.3,0.15,2.0,372,69,18.548387096774192,24.618232716159934,12.309116358079967,68
15,120,-10,-50,-80,-50,10,360,0.3,0.15,2.0,262,68,25.954198473282442,21.98401742433316,10.99200871216658,68
30,60,-10,-40,-70,-40,10,360,0.4,0.15,2.666666666666667,344,68,19.767441860465116,30.36138407104901,11.385519026643376,68
15,120,-10,-50,-70,-40,5,360,0.4,0.15,2.666666666666667,304,68,22.36842105263158,32.2414520088319,12.090544503311962,68
15,120,-20,-50,-70,-40,5,360,0.4,0.15,2.666666666666667,304,68,22.36842105263158,32.2414520088319,12.090544503311962,68
30,90,-10,-40,-80,-50,10,240,0.35,0.2,1.7499999999999998,282,67,23.75886524822695,27.28783245303845,15.593047116021973,67
15,120,-20,-50,-80,-50,10,360,0.3,0.15,2.0,270,68,25.185185185185183,22.013781864100956,11.006890932050478,67
15,120,-10,-50,-80,-50,5,360,0.4,0.2,2.0,266,67,25.18796992481203,29.801559754202284,14.900779877101142,67
30,60,-10,-40,-70,-40,10,240,0.35,0.15,2.3333333333333335,344,67,19.476744186046513,26.566211062167874,11.385519026643376,67
15,120,-20,-50,-80,-50,5,360,0.4,0.2,2.0,274,67,24.45255474452555,29.826373280269227,14.913186640134613,67
15,240,-10,-50,-70,-50,5,360,0.4,0.2,2.0,255,67,26.27450980392157,29.82017629402534,14.91008814701267,67
30,90,-10,-50,-70,-50,5,240,0.3,0.2,1.4999999999999998,255,67,26.27450980392157,21.204142853833513,14.136095235889014,67
30,90,-10,-50,-70,-50,5,360,0.35,0.2,1.7499999999999998,255,67,26.27450980392157,24.73816666280577,14.136095235889014,67
60,90,-10,-40,-80,-50,10,360,0.4,0.2,2.0,224,67,29.910714285714285,31.1280802126414,15.5640401063207,67
60,90,-10,-40,-80,-50,5,240,0.3,0.2,1.4999999999999998,261,67,25.67049808429119,23.86814959450542,15.912099729670285,67
30,90,-10,-40,-80,-50,5,240,0.4,0.15,2.666666666666667,341,67,19.64809384164223,33.01528989706136,12.380733711398012,67
15,240,-20,-50,-70,-50,10,240,0.35,0.2,1.7499999999999998,279,67,24.014336917562723,26.41650662082104,15.095146640469169,67
15,240,-20,-50,-70,-50,5,360,0.4,0.2,2.0,262,67,25.572519083969464,30.03238117373597,15.016190586867985,67
15,120,-10,-50,-80,-50,10,240,0.3,0.2,1.4999999999999998,262,67,25.572519083969464,21.98401742433316,14.656011616222106,67
15,120,-20,-50,-70,-40,10,360,0.4,0.15,2.666666666666667,311,67,21.54340836012862,32.302201297448214,12.113325486543078,67
60,90,-10,-40,-80,-50,5,360,0.35,0.15,2.3333333333333335,261,67,25.67049808429119,27.846174526922994,11.93407479725271,67
60,90,-20,-40,-80,-50,10,240,0.4,0.2,2.0,300,67,22.333333333333332,31.429303779377598,15.714651889688799,67
30,90,-20,-50,-70,-50,10,240,0.35,0.2,1.7499999999999998,333,67,20.12012012012012,25.239059320731325,14.422319611846472,67
15,120,-10,-50,-70,-40,10,360,0.4,0.15,2.666666666666667,309,67,21.68284789644013,32.03874265900847,12.014528497128172,67
15,240,-10,-50,-70,-50,10,360,0.4,0.15,2.666666666666667,268,66,24.62686567164179,30.168445559705663,11.313167084889622,66
15,120,-20,-50,-80,-50,10,240,0.3,0.2,1.4999999999999998,270,67,24.814814814814813,22.013781864100956,14.675854576067303,66
15,120,-20,-50,-80,-50,5,360,0.35,0.15,2.3333333333333335,274,66,24.087591240875913,26.098076620235567,11.184889980100959,66
30,60,-20,-40,-70,-40,10,240,0.4,0.15,2.666666666666667,382,66,17.277486910994764,30.918678907799,11.594504590424624,66
15,120,-10,-50,-80,-50,5,360,0.35,0.15,2.3333333333333335,266,66,24.81203007518797,26.076364784927,11.17558490782586,66
60,90,-20,-40,-80,-50,10,240,0.4,0.15,2.666666666666667,300,66,22.0,31.429303779377598,11.785988917266598,66
60,90,-10,-40,-80,-50,5,360,0.4,0.15,2.666666666666667,261,65,24.904214559386972,31.82419945934057,11.93407479725271,65
60,90,-10,-40,-80,-50,10,240,0.3,0.2,1.4999999999999998,224,65,29.017857142857146,23.34606015948105,15.5640401063207,65
15,120,-20,-50,-70,-40,5,240,0.4,0.15,2.666666666666667,304,65,21.38157894736842,32.2414520088319,12.090544503311962,65
30,60,-20,-40,-70,-40,5,240,0.4,0.15,2.666666666666667,402,65,16.169154228855724,31.967673406700502,11.987877527512689,65
15,240,-10,-50,-70,-50,10,240,0.35,0.2,1.7499999999999998,268,65,24.253731343283583,26.397389864742447,15.084222779852832,65
15,120,-10,-50,-70,-40,5,240,0.4,0.15,2.666666666666667,304,65,21.38157894736842,32.2414520088319,12.090544503311962,65
30,120,-20,-50,-70,-50,10,360,0.3,0.2,1.4999999999999998,203,66,32.51231527093596,23.30269162150357,15.535127747669048,65
15,120,-20,-50,-80,-50,10,360,0.4,0.2,2.0,270,65,24.074074074074073,29.351709152134607,14.675854576067303,65
30,90,-10,-50,-70,-50,10,360,0.35,0.15,2.3333333333333335,264,65,24.62121212121212,24.503669815134174,10.501572777914644,65
15,120,-10,-50,-80,-50,10,360,0.4,0.2,2.0,262,65,24.80916030534351,29.31202323244421,14.656011616222106,65
30,60,-10,-40,-70,-40,10,240,0.4,0.2,2.0,344,65,18.8953488372093,30.36138407104901,15.180692035524505,65
30,90,-10,-50,-70,-50,10,240,0.3,0.15,2.0,264,65,24.62121212121212,21.00314555582929,10.501572777914644,65
15,240,-10,-50,-70,-50,5,360,0.4,0.15,2.666666666666667,255,64,25.098039215686274,29.82017629402534,11.182566110259502,64
15,60,-10,-50,-80,-40,5,240,0.35,0.2,1.7499999999999998,360,64,17.77777777777778,28.695244021266817,16.397282297866756,64
15,90,-20,-50,-80,-40,5,360,0.3,0.2,1.4999999999999998,180,64,35.55555555555556,24.84149913058139,16.560999420387592,64
15,60,-20,-50,-80,-40,5,240,0.35,0.2,1.7499999999999998,368,64,17.391304347826086,28.6869693397585,16.392553908433435,64
30,90,-20,-40,-80,-50,10,240,0.4,0.2,2.0,323,64,19.814241486068113,32.452076821273025,16.226038410636512,64
15,90,-20,-50,-80,-40,10,360,0.3,0.2,1.4999999999999998,180,64,35.55555555555556,24.813388274769448,16.5422588498463,64
15,60,-20,-50,-80,-40,10,240,0.35,0.2,1.7499999999999998,372,64,17.20430107526882,28.721271502186596,16.412155144106627,64
60,90,-10,-40,-80,-50,10,360,0.35,0.15,2.3333333333333335,224,64,28.57142857142857,27.237070186061228,11.673030079740524,64
30,90,-20,-50,-70,-50,5,360,0.4,0.15,2.666666666666667,328,64,19.51219512195122,29.69298694504912,11.134870104393421,64
15,120,-10,-50,-70,-40,10,240,0.4,0.15,2.666666666666667,309,64,20.711974110032365,32.03874265900847,12.014528497128172,64
15,120,-20,-50,-80,-50,10,360,0.35,0.15,2.3333333333333335,270,64,23.703703703703706,25.682745508117772,11.006890932050478,64
15,120,-20,-50,-70,-40,10,240,0.4,0.15,2.666666666666667,311,64,20.578778135048232,32.302201297448214,12.113325486543078,64
30,90,-10,-50,-70,-50,5,240,0.3,0.15,2.0,255,64,25.098039215686274,21.204142853833513,10.602071426916757,64
30,120,-20,-50,-70,-50,10,360,0.3,0.15,2.0,203,63,31.03448275862069,23.30269162150357,11.651345810751785,63
15,240,-20,-50,-70,-50,5,240,0.35,0.2,1.7499999999999998,262,63,24.045801526717558,26.278333527018965,15.016190586867985,63
15,240,-10,-50,-70,-50,5,240,0.35,0.2,1.7499999999999998,255,63,24.705882352941178,26.09265425727217,14.91008814701267,63
15,120,-20,-50,-80,-50,5,240,0.3,0.15,2.0,274,63,22.99270072992701,22.369779960201917,11.184889980100959,63
15,120,-10,-50,-80,-50,10,360,0.35,0.15,2.3333333333333335,262,64,24.427480916030532,25.648020328388682,10.99200871216658,63
30,90,-10,-50,-70,-50,5,360,0.35,0.15,2.3333333333333335,255,63,24.705882352941178,24.73816666280577,10.602071426916757,63
15,60,-10,-50,-80,-40,10,240,0.35,0.2,1.7499999999999998,363,63,17.355371900826448,28.746627986285404,16.426644563591665,63
30,90,-20,-50,-70,-50,10,360,0.4,0.15,2.666666666666667,333,63,18.91891891891892,28.844639223692944,10.816739708884851,63
15,240,-20,-50,-70,-50,5,360,0.4,0.15,2.666666666666667,262,64,24.427480916030532,30.03238117373597,11.262142940150987,63
30,60,-10,-40,-70,-40,5,240,0.4,0.15,2.666666666666667,367,64,17.43869209809264,31.35611209739322,11.758542036522453,63
15,120,-20,-50,-80,-50,5,240,0.35,0.2,1.7499999999999998,274,62,22.62773722627737,26.098076620235567,14.913186640134613,62
30,90,-10,-40,-80,-50,10,240,0.35,0.15,2.3333333333333335,282,62,21.98581560283688,27.28783245303845,11.69478533701648,62
15,240,-20,-50,-70,-50,10,240,0.35,0.15,2.3333333333333335,279,63,22.58064516129032,26.41650662082104,11.321359980351874,62
15,120,-10,-50,-80,-50,5,240,0.3,0.15,2.0,266,63,23.684210526315788,22.35116981565172,11.17558490782586,62
60,90,-10,-40,-80,-50,5,240,0.3,0.15,2.0,261,62,23.754789272030653,23.86814959450542,11.93407479725271,62
60,90,-10,-40,-80,-50,5,240,0.35,0.2,1.7499999999999998,261,62,23.754789272030653,27.846174526922994,15.912099729670285,62
60,90,-10,-40,-80,-50,10,360,0.4,0.15,2.666666666666667,224,62,27.67857142857143,31.1280802126414,11.673030079740524,62
15,120,-20,-50,-80,-50,5,360,0.4,0.15,2.666666666666667,274,62,22.62773722627737,29.826373280269227,11.184889980100959,62
15,90,-10,-50,-80,-40,10,360,0.3,0.2,1.4999999999999998,175,62,35.42857142857142,24.629808229629056,16.419872153086043,61
15,120,-10,-50,-80,-50,5,240,0.35,0.2,1.7499999999999998,266,62,23.308270676691727,26.076364784927,14.900779877101142,61
15,120,-10,-50,-80,-50,5,360,0.4,0.15,2.666666666666667,266,62,23.308270676691727,29.801559754202284,11.17558490782586,61
15,90,-10,-50,-80,-40,5,360,0.3,0.2,1.4999999999999998,175,62,35.42857142857142,24.658722252749914,16.439148168499948,61
15,120,-10,-50,-80,-50,10,240,0.3,0.15,2.0,262,61,23.282442748091604,21.98401742433316,10.99200871216658,61
15,120,-20,-50,-80,-50,10,240,0.3,0.15,2.0,270,61,22.59259259259259,22.013781864100956,11.006890932050478,61
30,90,-20,-50,-70,-50,5,240,0.35,0.2,1.7499999999999998,328,61,18.597560975609756,25.98136357691798,14.84649347252456,61
15,240,-10,-50,-70,-50,10,240,0.35,0.15,2.3333333333333335,268,61,22.761194029850746,26.397389864742447,11.313167084889622,61
15,120,-10,-50,-80,-50,10,240,0.35,0.2,1.7499999999999998,262,60,22.900763358778626,25.648020328388682,14.656011616222106,60
15,120,-10,-50,-80,-50,10,360,0.4,0.15,2.666666666666667,262,60,22.900763358778626,29.31202323244421,10.99200871216658,60
30,90,-20,-40,-80,-50,10,240,0.4,0.15,2.666666666666667,323,61,18.885448916408667,32.452076821273025,12.169528807977382,60
30,90,-10,-50,-70,-50,10,240,0.35,0.2,1.7499999999999998,264,60,22.727272727272727,24.503669815134174,14.00209703721953,60
30,60,-10,-40,-70,-40,10,240,0.4,0.15,2.666666666666667,344,60,17.441860465116278,30.36138407104901,11.385519026643376,60
15,60,-20,-50,-80,-40,5,240,0.35,0.15,2.3333333333333335,368,60,16.304347826086957,28.6869693397585,12.294415431325078,60
15,240,-20,-40,-80,-50,10,360,0.3,0.2,1.4999999999999998,162,60,37.03703703703704,22.227012855064146,14.818008570042762,60
15,120,-20,-50,-80,-50,10,240,0.35,0.2,1.7499999999999998,270,60,22.22222222222222,25.682745508117772,14.675854576067303,60
15,120,-20,-50,-80,-50,10,360,0.4,0.15,2.666666666666667,270,60,22.22222222222222,29.351709152134607,11.006890932050478,60
30,90,-20,-50,-70,-50,10,240,0.35,0.15,2.3333333333333335,333,60,18.01801801801802,25.239059320731325,10.816739708884851,60
30,90,-10,-50,-70,-50,5,360,0.4,0.2,2.0,255,59,23.137254901960784,28.27219047177803,14.136095235889014,59
15,60,-10,-50,-80,-40,5,240,0.35,0.15,2.3333333333333335,360,60,16.666666666666664,28.695244021266817,12.297961723400068,59
15,60,-20,-50,-80,-40,10,240,0.35,0.15,2.3333333333333335,372,59,15.86021505376344,28.721271502186596,12.309116358079967,59
15,240,-20,-50,-70,-50,5,240,0.35,0.15,2.3333333333333335,262,59,22.519083969465647,26.278333527018965,11.262142940150987,59
30,120,-20,-50,-70,-50,10,360,0.35,0.2,1.7499999999999998,203,59,29.064039408866993,27.186473558420833,15.535127747669048,59
15,60,-10,-50,-80,-40,10,240,0.35,0.15,2.3333333333333335,363,59,16.2534435261708,28.746627986285404,12.319983422693745,59
15,240,-10,-50,-70,-50,5,240,0.35,0.15,2.3333333333333335,255,59,23.137254901960784,26.09265425727217,11.182566110259502,59
15,240,-20,-50,-70,-50,10,240,0.4,0.2,2.0,279,59,21.14695340501792,30.190293280938338,15.095146640469169,59
15,240,-10,-40,-80,-50,10,360,0.3,0.2,1.4999999999999998,156,59,37.82051282051282,22.19173207997331,14.79448805331554,59
15,90,-20,-40,-80,-40,5,240,0.4,0.2,2.0,434,59,13.594470046082948,34.31734426710206,17.15867213355103,59
15,120,-20,-40,-80,-40,5,360,0.3,0.2,1.4999999999999998,212,58,27.358490566037734,24.708444218760533,16.47229614584036,58
15,120,-20,-50,-80,-50,5,240,0.35,0.15,2.3333333333333335,274,58,21.16788321167883,26.098076620235567,11.184889980100959,58
15,120,-10,-50,-80,-50,5,240,0.35,0.15,2.3333333333333335,266,58,21.804511278195488,26.076364784927,11.17558490782586,58
15,90,-20,-50,-80,-40,10,360,0.35,0.2,1.7499999999999998,180,58,32.22222222222222,28.94895298723102,16.5422588498463,58
15,90,-20,-50,-80,-40,5,360,0.35,0.2,1.7499999999999998,180,58,32.22222222222222,28.981748985678287,16.560999420387592,58
60,90,-10,-40,-80,-50,10,240,0.3,0.15,2.0,224,58,25.892857142857146,23.34606015948105,11.673030079740524,58
15,90,-10,-40,-80,-40,5,240,0.4,0.2,2.0,427,58,13.583138173302109,34.19811564129487,17.099057820647435,58
30,120,-20,-40,-80,-50,5,360,0.3,0.2,1.4999999999999998,197,57,28.934010152284262,25.518452071243665,17.012301380829108,57
15,90,-20,-50,-80,-40,10,360,0.3,0.15,2.0,180,57,31.666666666666664,24.813388274769448,12.406694137384724,57
15,90,-20,-50,-80,-40,5,360,0.3,0.15,2.0,180,57,31.666666666666664,24.84149913058139,12.420749565290695,57
15,120,-10,-40,-80,-40,5,360,0.3,0.2,1.4999999999999998,211,57,27.014218009478675,24.657712572394274,16.438475048262855,57
30,90,-10,-50,-70,-50,10,360,0.4,0.2,2.0,264,57,21.59090909090909,28.00419407443906,14.00209703721953,57
15,240,-10,-50,-70,-50,10,240,0.4,0.2,2.0,268,57,21.26865671641791,30.168445559705663,15.084222779852832,57
60,90,-10,-40,-80,-50,5,240,0.35,0.15,2.3333333333333335,261,57,21.839080459770116,27.846174526922994,11.93407479725271,57
15,90,-20,-40,-80,-40,10,240,0.4,0.2,2.0,426,57,13.380281690140844,33.541487071860026,16.770743535930013,57
30,120,-20,-50,-70,-50,10,360,0.35,0.15,2.3333333333333335,203,56,27.586206896551722,27.186473558420833,11.651345810751785,56
30,90,-10,-40,-80,-50,10,240,0.4,0.2,2.0,282,56,19.858156028368796,31.186094232043946,15.593047116021973,56
30,120,-10,-50,-70,-50,10,360,0.3,0.2,1.4999999999999998,173,57,32.947976878612714,22.660136064841396,15.106757376560934,56
30,90,-20,-50,-70,-50,5,240,0.35,0.15,2.3333333333333335,328,57,17.378048780487802,25.98136357691798,11.134870104393421,56
15,60,-20,-50,-80,-40,5,240,0.4,0.2,2.0,368,56,15.217391304347828,32.78510781686687,16.392553908433435,56
15,90,-10,-50,-80,-40,5,360,0.35,0.2,1.7499999999999998,175,56,32.0,28.768509294874903,16.439148168499948,56
15,60,-10,-50,-80,-40,5,240,0.4,0.2,2.0,360,56,15.555555555555555,32.79456459573351,16.397282297866756,56
15,240,-20,-50,-70,-50,10,240,0.4,0.15,2.666666666666667,279,56,20.07168458781362,30.190293280938338,11.321359980351874,56
15,120,-20,-50,-80,-50,10,240,0.35,0.15,2.3333333333333335,270,56,20.74074074074074,25.682745508117772,11.006890932050478,56
15,240,-20,-40,-80,-50,10,240,0.3,0.2,1.4999999999999998,162,56,34.5679012345679,22.227012855064146,14.818008570042762,56
15,120,-10,-50,-80,-50,10,240,0.35,0.15,2.3333333333333335,262,56,21.374045801526716,25.648020328388682,10.99200871216658,56
60,90,-10,-40,-80,-50,10,240,0.35,0.2,1.7499999999999998,224,56,25.0,27.237070186061228,15.5640401063207,56
30,120,-20,-40,-80,-50,5,240,0.3,0.2,1.4999999999999998,197,56,28.426395939086298,25.518452071243665,17.012301380829108,56
15,60,-20,-50,-80,-40,10,240,0.4,0.2,2.0,372,56,15.053763440860216,32.824310288213255,16.412155144106627,56
15,240,-20,-40,-80,-50,5,360,0.3,0.2,1.4999999999999998,165,56,33.939393939393945,22.11898476333831,14.745989842225542,56
15,90,-10,-40,-80,-40,10,240,0.4,0.2,2.0,419,56,13.365155131264917,33.407020189792334,16.703510094896167,56
15,90,-10,-50,-80,-40,10,360,0.35,0.2,1.7499999999999998,175,56,32.0,28.73477626790057,16.419872153086043,56
15,90,-20,-40,-80,-40,5,240,0.4,0.15,2.666666666666667,434,55,12.672811059907835,34.31734426710206,12.86900410016327,55
15,60,-10,-50,-80,-40,10,240,0.4,0.2,2.0,363,55,15.151515151515152,32.85328912718333,16.426644563591665,55
15,240,-10,-40,-80,-50,5,360,0.3,0.2,1.4999999999999998,156,55,35.256410256410255,21.839837337702818,14.559891558468543,55
15,240,-10,-40,-80,-50,10,240,0.3,0.2,1.4999999999999998,156,55,35.256410256410255,22.19173207997331,14.79448805331554,55
30,90,-10,-50,-70,-50,5,240,0.35,0.2,1.7499999999999998,255,55,21.568627450980394,24.73816666280577,14.136095235889014,55
15,240,-20,-50,-70,-50,5,240,0.4,0.2,2.0,262,55,20.99236641221374,30.03238117373597,15.016190586867985,55
30,90,-20,-40,-70,-40,5,360,0.3,0.2,1.4999999999999998,194,55,28.350515463917525,25.977874668559252,17.31858311237284,55
15,90,-10,-40,-80,-40,5,240,0.4,0.15,2.666666666666667,427,55,12.88056206088993,34.19811564129487,12.824293365485573,55
15,90,-10,-50,-80,-40,10,360,0.3,0.15,2.0,175,55,31.428571428571427,24.629808229629056,12.314904114814528,55
15,240,-10,-50,-70,-50,5,240,0.4,0.2,2.0,255,55,21.568627450980394,29.82017629402534,14.91008814701267,55
15,90,-10,-50,-80,-40,5,360,0.3,0.15,2.0,175,55,31.428571428571427,24.658722252749914,12.329361126374957,55
15,240,-20,-40,-80,-50,10,360,0.3,0.15,2.0,162,55,33.95061728395062,22.227012855064146,11.113506427532073,55
30,90,-10,-50,-70,-50,5,360,0.4,0.15,2.666666666666667,255,55,21.568627450980394,28.27219047177803,10.602071426916757,55
15,240,-10,-40,-80,-50,10,360,0.3,0.15,2.0,156,55,35.256410256410255,22.19173207997331,11.095866039986655,55
30,90,-10,-40,-80,-50,10,240,0.4,0.15,2.666666666666667,282,54,19.148936170212767,31.186094232043946,11.69478533701648,54
15,120,-10,-50,-80,-50,5,240,0.4,0.2,2.0,266,54,20.30075187969925,29.801559754202284,14.900779877101142,54
30,90,-10,-50,-70,-50,10,240,0.35,0.15,2.3333333333333335,264,54,20.454545454545457,24.503669815134174,10.501572777914644,54
15,240,-10,-50,-70,-50,10,240,0.4,0.15,2.666666666666667,268,54,20.149253731343283,30.168445559705663,11.313167084889622,54
30,90,-10,-40,-70,-40,5,360,0.3,0.2,1.4999999999999998,178,54,30.337078651685395,26.160931525517885,17.440621017011928,54
30,120,-10,-50,-70,-50,10,360,0.3,0.15,2.0,173,54,31.213872832369944,22.660136064841396,11.330068032420698,54
15,120,-20,-50,-80,-50,5,240,0.4,0.2,2.0,274,54,19.708029197080293,29.826373280269227,14.913186640134613,54
15,60,-10,-50,-80,-40,5,240,0.4,0.15,2.666666666666667,360,53,14.722222222222223,32.79456459573351,12.297961723400068,53
15,60,-20,-50,-80,-40,5,240,0.4,0.15,2.666666666666667,368,53,14.402173913043478,32.78510781686687,12.294415431325078,53
15,240,-10,-40,-80,-50,10,240,0.3,0.15,2.0,156,53,33.97435897435898,22.19173207997331,11.095866039986655,53
15,90,-20,-50,-80,-40,5,360,0.35,0.15,2.3333333333333335,180,53,29.444444444444446,28.981748985678287,12.420749565290695,53
15,240,-20,-40,-80,-50,10,240,0.3,0.15,2.0,162,53,32.71604938271605,22.227012855064146,11.113506427532073,53
15,90,-20,-40,-80,-40,10,240,0.4,0.15,2.666666666666667,426,53,12.44131455399061,33.541487071860026,12.578057651947509,53
30,90,-10,-50,-70,-50,10,360,0.4,0.15,2.666666666666667,264,53,20.075757575757574,28.00419407443906,10.501572777914644,53
15,90,-10,-40,-80,-40,10,240,0.4,0.15,2.666666666666667,419,53,12.649164677804295,33.407020189792334,12.527632571172123,53
60,90,-10,-40,-80,-50,5,240,0.4,0.2,2.0,261,53,20.306513409961685,31.82419945934057,15.912099729670285,53
15,90,-20,-50,-80,-40,10,360,0.35,0.15,2.3333333333333335,180,53,29.444444444444446,28.94895298723102,12.406694137384724,53
15,240,-20,-40,-80,-50,5,240,0.3,0.2,1.4999999999999998,165,53,32.121212121212125,22.11898476333831,14.745989842225542,53
15,120,-10,-40,-80,-40,10,360,0.3,0.2,1.4999999999999998,210,53,25.238095238095237,24.66651978676121,16.444346524507473,53
15,120,-20,-40,-80,-40,10,360,0.3,0.2,1.4999999999999998,211,54,25.59241706161137,24.717450127117985,16.478300084745324,53
15,240,-10,-50,-70,-50,5,240,0.4,0.15,2.666666666666667,255,52,20.392156862745097,29.82017629402534,11.182566110259502,52
15,120,-10,-50,-80,-50,5,240,0.4,0.15,2.666666666666667,266,52,19.548872180451127,29.801559754202284,11.17558490782586,52
15,120,-20,-40,-80,-40,5,360,0.35,0.2,1.7499999999999998,212,52,24.528301886792452,28.826518255220623,16.47229614584036,52
30,120,-20,-40,-80,-50,5,240,0.3,0.15,2.0,197,52,26.39593908629442,25.518452071243665,12.759226035621833,52
15,120,-10,-50,-80,-50,10,240,0.4,0.2,2.0,262,52,19.84732824427481,29.31202323244421,14.656011616222106,52
30,120,-20,-40,-80,-50,5,360,0.3,0.15,2.0,197,52,26.39593908629442,25.518452071243665,12.759226035621833,52
30,90,-10,-50,-70,-50,5,240,0.35,0.15,2.3333333333333335,255,52,20.392156862745097,24.73816666280577,10.602071426916757,52
15,60,-10,-50,-80,-40,10,240,0.4,0.15,2.666666666666667,363,52,14.325068870523417,32.85328912718333,12.319983422693745,52
60,120,-20,-40,-80,-50,5,360,0.3,0.2,1.4999999999999998,175,52,29.714285714285715,24.535829881850013,16.357219921233337,52
30,120,-10,-40,-80,-50,5,360,0.3,0.2,1.4999999999999998,171,52,30.409356725146196,24.713318765732733,16.475545843821823,52
60,90,-20,-50,-70,-50,10,360,0.3,0.2,1.4999999999999998,216,52,24.074074074074073,25.143810368731685,16.762540245821125,52
15,120,-20,-50,-80,-50,10,240,0.4,0.2,2.0,270,52,19.25925925925926,29.351709152134607,14.675854576067303,52
15,240,-20,-40,-80,-50,10,360,0.35,0.2,1.7499999999999998,162,52,32.098765432098766,25.93151499757483,14.818008570042762,52
60,90,-10,-40,-80,-50,10,240,0.35,0.15,2.3333333333333335,224,52,23.214285714285715,27.237070186061228,11.673030079740524,52
30,120,-20,-50,-70,-50,10,240,0.3,0.2,1.4999999999999998,203,52,25.615763546798032,23.30269162150357,15.535127747669048,52
15,240,-20,-50,-70,-50,5,240,0.4,0.15,2.666666666666667,262,52,19.84732824427481,30.03238117373597,11.262142940150987,52
15,120,-20,-50,-80,-50,5,240,0.4,0.15,2.666666666666667,274,52,18.97810218978102,29.826373280269227,11.184889980100959,51
60,90,-10,-40,-80,-50,5,240,0.4,0.15,2.666666666666667,261,52,19.923371647509576,31.82419945934057,11.93407479725271,51
15,120,-10,-40,-80,-40,5,360,0.35,0.2,1.7499999999999998,211,51,24.170616113744074,28.767331334459985,16.438475048262855,51
15,60,-20,-50,-80,-40,10,240,0.4,0.15,2.666666666666667,372,52,13.978494623655912,32.824310288213255,12.309116358079967,51
15,240,-10,-40,-80,-50,10,360,0.35,0.2,1.7499999999999998,156,51,32.69230769230769,25.890354093302186,14.79448805331554,51
30,120,-20,-50,-70,-50,5,360,0.3,0.2,1.4999999999999998,176,51,28.97727272727273,25.263848600442852,16.84256573362857,51
15,240,-10,-40,-80,-50,5,240,0.3,0.2,1.4999999999999998,156,52,33.33333333333333,21.839837337702818,14.559891558468543,51
15,90,-10,-50,-80,-40,10,360,0.35,0.15,2.3333333333333335,175,51,29.142857142857142,28.73477626790057,12.314904114814528,51
15,240,-20,-40,-80,-50,5,360,0.3,0.15,2.0,165,51,30.909090909090907,22.11898476333831,11.059492381669155,51
15,90,-10,-50,-80,-40,5,360,0.35,0.15,2.3333333333333335,175,51,29.142857142857142,28.768509294874903,12.329361126374957,51
30,90,-20,-50,-70,-50,5,240,0.4,0.2,2.0,328,51,15.548780487804878,29.69298694504912,14.84649347252456,51
15,240,-10,-40,-80,-50,5,360,0.3,0.15,2.0,156,51,32.69230769230769,21.839837337702818,10.919918668851409,51
30,120,-20,-40,-80,-50,10,360,0.3,0.2,1.4999999999999998,164,51,31.097560975609756,22.604395203049762,15.069596802033178,51
15,90,-10,-50,-80,-40,10,240,0.3,0.2,1.4999999999999998,175,50,28.57142857142857,24.629808229629056,16.419872153086043,50
15,90,-20,-50,-80,-40,10,240,0.3,0.2,1.4999999999999998,180,50,27.77777777777778,24.813388274769448,16.5422588498463,50
15,120,-10,-40,-80,-40,5,360,0.3,0.15,2.0,211,50,23.696682464454977,24.657712572394274,12.328856286197137,50
60,120,-20,-40,-80,-50,5,240,0.3,0.2,1.4999999999999998,175,50,28.57142857142857,24.535829881850013,16.357219921233337,50
30,120,-20,-50,-70,-50,5,360,0.3,0.15,2.0,176,50,28.40909090909091,25.263848600442852,12.631924300221426,50
15,240,-20,-40,-80,-50,5,240,0.3,0.15,2.0,165,50,30.303030303030305,22.11898476333831,11.059492381669155,50
15,90,-10,-50,-80,-40,5,240,0.3,0.2,1.4999999999999998,175,50,28.57142857142857,24.658722252749914,16.439148168499948,50
15,120,-10,-50,-80,-50,10,240,0.4,0.15,2.666666666666667,262,50,19.083969465648856,29.31202323244421,10.99200871216658,50
15,90,-20,-50,-80,-40,5,240,0.3,0.2,1.4999999999999998,180,50,27.77777777777778,24.84149913058139,16.560999420387592,50
15,240,-20,-40,-70,-40,5,360,0.3,0.2,1.4999999999999998,173,50,28.901734104046245,22.755045880345733,15.170030586897155,50
15,120,-20,-40,-80,-40,5,360,0.3,0.15,2.0,212,50,23.58490566037736,24.708444218760533,12.354222109380267,50
15,120,-20,-40,-80,-40,5,240,0.3,0.2,1.4999999999999998,212,50,23.58490566037736,24.708444218760533,16.47229614584036,50
15,240,-10,-40,-80,-50,5,240,0.3,0.15,2.0,156,50,32.05128205128205,21.839837337702818,10.919918668851409,50
30,120,-10,-50,-70,-50,10,360,0.35,0.2,1.7499999999999998,173,50,28.901734104046245,26.436825408981626,15.106757376560934,50
15,120,-20,-50,-80,-50,10,240,0.4,0.15,2.666666666666667,270,50,18.51851851851852,29.351709152134607,11.006890932050478,50
15,120,-20,-40,-80,-40,10,360,0.35,0.2,1.7499999999999998,211,49,23.22274881516588,28.837025148304317,16.478300084745324,49
30,120,-20,-50,-70,-50,10,240,0.3,0.15,2.0,203,49,24.137931034482758,23.30269162150357,11.651345810751785,49
15,120,-10,-40,-80,-40,5,240,0.3,0.2,1.4999999999999998,211,49,23.22274881516588,24.657712572394274,16.438475048262855,49
60,90,-20,-50,-70,-50,10,360,0.3,0.15,2.0,216,49,22.685185185185187,25.143810368731685,12.571905184365843,49
30,90,-20,-40,-70,-40,5,360,0.35,0.2,1.7499999999999998,194,49,25.257731958762886,30.307520446652454,17.31858311237284,49
30,90,-20,-40,-70,-40,5,360,0.3,0.15,2.0,194,48,24.742268041237114,25.977874668559252,12.988937334279626,48
30,90,-10,-40,-70,-40,5,360,0.35,0.2,1.7499999999999998,178,48,26.96629213483146,30.52108677977087,17.440621017011928,48
15,240,-10,-40,-70,-40,5,360,0.3,0.2,1.4999999999999998,171,49,28.654970760233915,22.755204422702914,15.170136281801943,48
30,90,-20,-50,-70,-50,10,240,0.4,0.2,2.0,333,49,14.714714714714713,28.844639223692944,14.422319611846472,48
30,120,-20,-40,-80,-50,10,240,0.3,0.2,1.4999999999999998,164,48,29.268292682926827,22.604395203049762,15.069596802033178,48
15,240,-10,-40,-80,-50,10,360,0.35,0.15,2.3333333333333335,156,48,30.76923076923077,25.890354093302186,11.095866039986655,48
15,240,-20,-40,-80,-50,5,360,0.35,0.2,1.7499999999999998,165,48,29.09090909090909,25.805482223894703,14.745989842225542,48
60,90,-10,-40,-80,-50,10,240,0.4,0.2,2.0,224,48,21.428571428571427,31.1280802126414,15.5640401063207,48
30,120,-10,-40,-80,-50,5,240,0.3,0.2,1.4999999999999998,171,49,28.654970760233915,24.713318765732733,16.475545843821823,48
30,120,-20,-40,-80,-50,5,360,0.35,0.2,1.7499999999999998,197,48,24.36548223350254,29.77152741645094,17.012301380829108,48
15,120,-10,-40,-80,-40,10,360,0.35,0.2,1.7499999999999998,210,48,22.857142857142858,28.777606417888073,16.444346524507473,48
30,90,-20,-50,-70,-50,5,240,0.4,0.15,2.666666666666667,328,48,14.634146341463413,29.69298694504912,11.134870104393421,48
15,240,-20,-40,-80,-50,10,360,0.35,0.15,2.3333333333333335,162,48,29.629629629629626,25.93151499757483,11.113506427532073,47
30,120,-10,-40,-80,-50,5,360,0.3,0.15,2.0,171,47,27.485380116959064,24.713318765732733,12.356659382866367,47
60,90,-10,-40,-80,-50,10,240,0.4,0.15,2.666666666666667,224,47,20.982142857142858,31.1280802126414,11.673030079740524,47
30,120,-10,-40,-80,-50,10,360,0.3,0.2,1.4999999999999998,146,47,32.19178082191781,21.61710130516228,14.411400870108189,47
30,90,-20,-50,-70,-50,10,240,0.4,0.15,2.666666666666667,333,47,14.114114114114114,28.844639223692944,10.816739708884851,47
15,240,-20,-40,-80,-50,10,240,0.35,0.2,1.7499999999999998,162,47,29.01234567901235,25.93151499757483,14.818008570042762,47
15,90,-20,-50,-80,-40,10,360,0.4,0.2,2.0,180,47,26.111111111111114,33.0845176996926,16.5422588498463,47
30,90,-10,-40,-70,-40,5,360,0.3,0.15,2.0,178,47,26.40449438202247,26.160931525517885,13.080465762758942,47
60,120,-20,-40,-80,-50,5,360,0.3,0.15,2.0,175,47,26.857142857142858,24.535829881850013,12.267914940925007,47
15,240,-10,-40,-80,-50,5,360,0.35,0.2,1.7499999999999998,156,47,30.128205128205128,25.479810227319952,14.559891558468543,47
30,90,-20,-40,-70,-40,5,240,0.3,0.2,1.4999999999999998,194,47,24.22680412371134,25.977874668559252,17.31858311237284,47
15,90,-20,-50,-80,-40,5,360,0.4,0.2,2.0,180,47,26.111111111111114,33.121998840775184,16.560999420387592,47
15,90,-10,-50,-80,-40,5,240,0.3,0.15,2.0,175,46,26.285714285714285,24.658722252749914,12.329361126374957,46
30,120,-10,-50,-70,-50,10,360,0.35,0.15,2.3333333333333335,173,47,27.167630057803464,26.436825408981626,11.330068032420698,46
30,120,-20,-40,-80,-50,10,360,0.3,0.15,2.0,164,46,28.04878048780488,22.604395203049762,11.302197601524881,46
15,90,-20,-50,-80,-40,5,240,0.3,0.15,2.0,180,46,25.555555555555554,24.84149913058139,12.420749565290695,46
15,120,-20,-40,-80,-40,10,360,0.3,0.15,2.0,211,46,21.80094786729858,24.717450127117985,12.358725063558992,46
15,240,-20,-40,-70,-40,10,360,0.3,0.2,1.4999999999999998,169,46,27.218934911242602,23.3818103722806,15.587873581520402,46
60,120,-20,-40,-80,-50,5,240,0.3,0.15,2.0,175,46,26.285714285714285,24.535829881850013,12.267914940925007,46
30,120,-20,-50,-70,-50,5,360,0.35,0.2,1.7499999999999998,176,46,26.136363636363637,29.474490033849996,16.84256573362857,46
15,120,-20,-40,-80,-40,10,240,0.3,0.2,1.4999999999999998,211,46,21.80094786729858,24.717450127117985,16.478300084745324,46
15,240,-20,-40,-80,-50,10,360,0.4,0.2,2.0,162,46,28.39506172839506,29.636017140085524,14.818008570042762,46
15,90,-10,-50,-80,-40,10,240,0.3,0.15,2.0,175,46,26.285714285714285,24.629808229629056,12.314904114814528,46
15,240,-10,-40,-80,-50,10,240,0.35,0.2,1.7499999999999998,156,46,29.48717948717949,25.890354093302186,14.79448805331554,46
15,90,-20,-50,-80,-40,10,240,0.3,0.15,2.0,180,46,25.555555555555554,24.813388274769448,12.406694137384724,46
15,120,-20,-40,-80,-40,5,360,0.35,0.15,2.3333333333333335,212,46,21.69811320754717,28.826518255220623,12.354222109380267,46
30,90,-10,-40,-70,-40,5,240,0.3,0.2,1.4999999999999998,178,46,25.842696629213485,26.160931525517885,17.440621017011928,46
15,120,-10,-40,-80,-40,5,360,0.35,0.15,2.3333333333333335,211,46,21.80094786729858,28.767331334459985,12.328856286197137,46
30,90,-20,-40,-70,-40,10,360,0.3,0.2,1.4999999999999998,158,46,29.11392405063291,24.551974311203033,16.367982874135357,46
15,120,-10,-40,-80,-40,10,360,0.3,0.15,2.0,210,46,21.904761904761905,24.66651978676121,12.333259893380605,46
15,90,-10,-50,-80,-40,5,360,0.4,0.2,2.0,175,45,25.71428571428571,32.878296336999895,16.439148168499948,45
60,120,-20,-40,-80,-50,5,360,0.35,0.2,1.7499999999999998,175,45,25.71428571428571,28.625134862158344,16.357219921233337,45
30,120,-20,-50,-70,-50,5,360,0.35,0.15,2.3333333333333335,176,45,25.568181818181817,29.474490033849996,12.631924300221426,45
30,90,-10,-50,-70,-50,5,240,0.4,0.2,2.0,255,45,17.647058823529413,28.27219047177803,14.136095235889014,45
15,90,-10,-50,-80,-40,10,360,0.4,0.2,2.0,175,45,25.71428571428571,32.839744306172086,16.419872153086043,45
30,90,-20,-40,-70,-40,10,360,0.35,0.2,1.7499999999999998,158,45,28.48101265822785,28.643970029736863,16.367982874135357,45
30,120,-20,-40,-80,-50,10,360,0.35,0.2,1.7499999999999998,164,45,27.439024390243905,26.371794403558052,15.069596802033178,45
15,240,-20,-40,-80,-50,10,240,0.35,0.15,2.3333333333333335,162,45,27.77777777777778,25.93151499757483,11.113506427532073,45
15,240,-10,-40,-70,-40,10,360,0.3,0.2,1.4999999999999998,167,45,26.94610778443114,23.389478873639565,15.592985915759712,45
30,120,-10,-40,-80,-50,5,240,0.3,0.15,2.0,171,45,26.31578947368421,24.713318765732733,12.356659382866367,45
15,120,-20,-40,-80,-40,5,360,0.4,0.2,2.0,212,45,21.22641509433962,32.94459229168072,16.47229614584036,45
30,120,-20,-40,-80,-50,5,240,0.35,0.2,1.7499999999999998,197,45,22.84263959390863,29.77152741645094,17.012301380829108,45
15,120,-10,-40,-80,-40,10,240,0.3,0.2,1.4999999999999998,210,45,21.428571428571427,24.66651978676121,16.444346524507473,45
15,240,-10,-40,-80,-50,10,360,0.4,0.2,2.0,156,45,28.846153846153843,29.58897610663108,14.79448805331554,44
15,120,-10,-40,-80,-40,5,240,0.3,0.15,2.0,211,44,20.85308056872038,24.657712572394274,12.328856286197137,44
15,90,-20,-50,-80,-40,5,360,0.4,0.15,2.666666666666667,180,44,24.444444444444443,33.121998840775184,12.420749565290695,44
15,240,-10,-40,-80,-50,10,240,0.35,0.15,2.3333333333333335,156,45,28.846153846153843,25.890354093302186,11.095866039986655,44
30,90,-20,-40,-70,-40,5,360,0.35,0.15,2.3333333333333335,194,44,22.68041237113402,30.307520446652454,12.988937334279626,44
30,120,-10,-50,-70,-50,5,360,0.3,0.2,1.4999999999999998,144,44,30.555555555555557,22.827754762274786,15.21850317484986,44
30,90,-20,-40,-70,-40,5,360,0.4,0.2,2.0,194,44,22.68041237113402,34.63716622474568,17.31858311237284,44
30,120,-20,-50,-70,-50,5,240,0.3,0.2,1.4999999999999998,176,44,25.0,25.263848600442852,16.84256573362857,44
15,120,-20,-40,-80,-40,5,240,0.35,0.2,1.7499999999999998,212,44,20.754716981132077,28.826518255220623,16.47229614584036,44
15,90,-20,-50,-80,-40,10,360,0.4,0.15,2.666666666666667,180,44,24.444444444444443,33.0845176996926,12.406694137384724,44
15,120,-20,-40,-80,-40,5,240,0.3,0.15,2.0,212,44,20.754716981132077,24.708444218760533,12.354222109380267,44
30,120,-20,-40,-80,-50,5,360,0.4,0.2,2.0,197,44,22.33502538071066,34.024602761658215,17.012301380829108,44
30,120,-20,-40,-80,-50,10,240,0.3,0.15,2.0,164,44,26.82926829268293,22.604395203049762,11.302197601524881,44
15,240,-20,-40,-80,-50,5,360,0.35,0.15,2.3333333333333335,165,44,26.666666666666668,25.805482223894703,11.059492381669155,44
15,240,-10,-40,-80,-50,5,360,0.35,0.15,2.3333333333333335,156,44,28.205128205128204,25.479810227319952,10.919918668851409,44
30,120,-10,-40,-80,-50,5,360,0.35,0.2,1.7499999999999998,171,44,25.730994152046783,28.83220522668819,16.475545843821823,44
30,120,-10,-40,-80,-50,10,240,0.3,0.2,1.4999999999999998,146,44,30.136986301369863,21.61710130516228,14.411400870108189,44
15,120,-10,-40,-80,-40,5,360,0.4,0.2,2.0,211,44,20.85308056872038,32.87695009652571,16.438475048262855,44
15,240,-20,-40,-70,-40,5,240,0.3,0.2,1.4999999999999998,173,44,25.43352601156069,22.755045880345733,15.170030586897155,43
30,90,-10,-40,-70,-40,5,360,0.4,0.2,2.0,178,43,24.15730337078652,34.881242034023856,17.440621017011928,43
30,240,-20,-40,-70,-50,10,240,0.3,0.2,1.4999999999999998,160,43,26.875,24.85554529028791,16.570363526858607,43
15,240,-20,-40,-80,-50,10,360,0.4,0.15,2.666666666666667,162,43,26.543209876543212,29.636017140085524,11.113506427532073,43
30,90,-10,-40,-70,-40,10,360,0.3,0.2,1.4999999999999998,149,43,28.859060402684566,24.360397158691665,16.240264772461114,43
15,240,-20,-40,-70,-40,5,360,0.3,0.15,2.0,173,43,24.85549132947977,22.755045880345733,11.377522940172867,43
30,90,-10,-40,-70,-40,5,360,0.35,0.15,2.3333333333333335,178,43,24.15730337078652,30.52108677977087,13.080465762758942,43
15,120,-10,-40,-80,-40,10,360,0.35,0.15,2.3333333333333335,210,43,20.476190476190474,28.777606417888073,12.333259893380605,43
15,240,-20,-40,-70,-40,5,360,0.35,0.2,1.7499999999999998,173,43,24.85549132947977,26.547553527070022,15.170030586897155,43
15,120,-10,-40,-80,-40,5,240,0.35,0.2,1.7499999999999998,211,43,20.379146919431278,28.767331334459985,16.438475048262855,43
30,120,-10,-40,-80,-50,10,360,0.3,0.15,2.0,146,43,29.45205479452055,21.61710130516228,10.80855065258114,43
30,90,-10,-50,-70,-50,5,240,0.4,0.15,2.666666666666667,255,43,16.862745098039216,28.27219047177803,10.602071426916757,43
30,120,-10,-50,-70,-50,10,240,0.3,0.2,1.4999999999999998,173,44,25.43352601156069,22.660136064841396,15.106757376560934,43
15,240,-20,-40,-80,-50,5,240,0.35,0.2,1.7499999999999998,165,43,26.060606060606062,25.805482223894703,14.745989842225542,43
30,120,-20,-40,-80,-50,5,360,0.35,0.15,2.3333333333333335,197,43,21.82741116751269,29.77152741645094,12.759226035621833,43
15,120,-20,-40,-80,-40,10,360,0.35,0.15,2.3333333333333335,211,43,20.379146919431278,28.837025148304317,12.358725063558992,43
15,240,-10,-40,-80,-50,10,360,0.4,0.15,2.666666666666667,156,43,27.564102564102566,29.58897610663108,11.095866039986655,43
30,120,-20,-40,-80,-50,10,360,0.4,0.2,2.0,164,43,26.21951219512195,30.139193604066357,15.069596802033178,43
30,120,-10,-50,-70,-50,5,360,0.3,0.15,2.0,144,43,29.86111111111111,22.827754762274786,11.413877381137393,43
30,120,-20,-50,-70,-50,5,240,0.3,0.15,2.0,176,43,24.431818181818183,25.263848600442852,12.631924300221426,43
60,90,-20,-50,-70,-50,10,360,0.35,0.2,1.7499999999999998,216,42,19.444444444444446,29.33444543018696,16.762540245821125,42
15,240,-20,-40,-80,-50,5,360,0.4,0.2,2.0,165,42,25.454545454545453,29.491979684451085,14.745989842225542,42
15,240,-10,-40,-80,-50,5,240,0.35,0.2,1.7499999999999998,156,42,26.923076923076923,25.479810227319952,14.559891558468543,42
15,120,-20,-40,-80,-40,10,360,0.4,0.2,2.0,211,42,19.90521327014218,32.95660016949065,16.478300084745324,42
60,120,-20,-40,-80,-50,10,360,0.3,0.2,1.4999999999999998,139,42,30.215827338129497,24.03099593100621,16.020663954004142,42
15,240,-10,-40,-70,-40,5,360,0.35,0.2,1.7499999999999998,171,42,24.561403508771928,26.547738493153393,15.170136281801943,42
15,240,-10,-40,-70,-40,5,240,0.3,0.2,1.4999999999999998,171,43,25.146198830409354,22.755204422702914,15.170136281801943,42
15,90,-10,-50,-80,-40,10,360,0.4,0.15,2.666666666666667,175,42,24.0,32.839744306172086,12.314904114814528,42
15,240,-10,-40,-70,-40,5,360,0.3,0.15,2.0,171,43,25.146198830409354,22.755204422702914,11.377602211351457,42
30,90,-20,-40,-70,-40,5,240,0.3,0.15,2.0,194,42,21.649484536082475,25.977874668559252,12.988937334279626,42
60,120,-20,-40,-80,-50,5,240,0.35,0.2,1.7499999999999998,175,42,24.0,28.625134862158344,16.357219921233337,42
30,90,-10,-50,-70,-50,10,240,0.4,0.2,2.0,264,42,15.909090909090908,28.00419407443906,14.00209703721953,42
30,90,-10,-40,-70,-40,10,360,0.35,0.2,1.7499999999999998,149,42,28.187919463087248,28.42046335180694,16.240264772461114,42
15,90,-10,-50,-80,-40,5,360,0.4,0.15,2.666666666666667,175,42,24.0,32.878296336999895,12.329361126374957,42
30,90,-10,-50,-70,-50,10,240,0.4,0.15,2.666666666666667,264,41,15.530303030303031,28.00419407443906,10.501572777914644,41
15,120,-20,-40,-80,-40,5,240,0.35,0.15,2.3333333333333335,212,41,19.339622641509436,28.826518255220623,12.354222109380267,41
15,240,-20,-40,-80,-50,5,240,0.35,0.15,2.3333333333333335,165,41,24.848484848484848,25.805482223894703,11.059492381669155,41
60,120,-20,-40,-80,-50,10,240,0.3,0.2,1.4999999999999998,139,41,29.496402877697843,24.03099593100621,16.020663954004142,41
15,120,-20,-40,-80,-40,10,240,0.35,0.2,1.7499999999999998,211,41,19.431279620853083,28.837025148304317,16.478300084745324,41
15,120,-10,-40,-80,-40,10,360,0.4,0.2,2.0,210,41,19.523809523809526,32.88869304901495,16.444346524507473,41
30,120,-10,-40,-80,-50,10,240,0.3,0.15,2.0,146,41,28.08219178082192,21.61710130516228,10.80855065258114,41
30,120,-20,-50,-70,-50,10,240,0.35,0.2,1.7499999999999998,203,41,20.19704433497537,27.186473558420833,15.535127747669048,41
15,120,-10,-40,-80,-40,5,240,0.35,0.15,2.3333333333333335,211,41,19.431279620853083,28.767331334459985,12.328856286197137,41
30,120,-20,-40,-80,-50,5,360,0.4,0.15,2.666666666666667,197,41,20.812182741116754,34.024602761658215,12.759226035621833,41
15,240,-10,-40,-80,-50,5,360,0.4,0.2,2.0,156,41,26.282051282051285,29.119783116937086,14.559891558468543,41
15,240,-10,-40,-80,-50,5,240,0.35,0.15,2.3333333333333335,156,41,26.282051282051285,25.479810227319952,10.919918668851409,41
30,120,-10,-50,-70,-50,10,240,0.3,0.15,2.0,173,41,23.699421965317917,22.660136064841396,11.330068032420698,41
30,90,-10,-40,-70,-40,5,240,0.3,0.15,2.0,178,41,23.03370786516854,26.160931525517885,13.080465762758942,41
30,120,-10,-40,-80,-50,10,360,0.35,0.2,1.7499999999999998,146,41,28.08219178082192,25.21995152268933,14.411400870108189,41
30,120,-10,-40,-80,-50,5,360,0.4,0.2,2.0,171,41,23.976608187134502,32.95109168764365,16.475545843821823,41
30,120,-20,-40,-80,-50,5,240,0.35,0.15,2.3333333333333335,197,41,20.812182741116754,29.77152741645094,12.759226035621833,41
30,240,-20,-40,-70,-50,10,240,0.3,0.15,2.0,160,41,25.624999999999996,24.85554529028791,12.427772645143955,40
15,240,-20,-40,-70,-40,10,240,0.3,0.2,1.4999999999999998,169,40,23.668639053254438,23.3818103722806,15.587873581520402,40
15,120,-10,-40,-80,-40,5,360,0.4,0.15,2.666666666666667,211,40,18.95734597156398,32.87695009652571,12.328856286197137,40
15,120,-10,-40,-80,-40,10,240,0.3,0.15,2.0,210,40,19.047619047619047,24.66651978676121,12.333259893380605,40
60,90,-20,-50,-70,-50,10,360,0.35,0.15,2.3333333333333335,216,40,18.51851851851852,29.33444543018696,12.571905184365843,40
15,120,-10,-40,-80,-40,10,240,0.35,0.2,1.7499999999999998,210,40,19.047619047619047,28.777606417888073,16.444346524507473,40
60,90,-20,-50,-70,-50,10,240,0.3,0.2,1.4999999999999998,216,40,18.51851851851852,25.143810368731685,16.762540245821125,40
15,120,-20,-40,-80,-40,5,360,0.4,0.15,2.666666666666667,212,40,18.867924528301888,32.94459229168072,12.354222109380267,40
15,120,-20,-40,-80,-40,10,240,0.3,0.15,2.0,211,40,18.95734597156398,24.717450127117985,12.358725063558992,40
15,240,-10,-40,-70,-40,10,360,0.3,0.15,2.0,167,40,23.952095808383234,23.389478873639565,11.694739436819782,40
30,240,-20,-40,-70,-50,10,360,0.35,0.2,1.7499999999999998,160,41,25.624999999999996,28.998136172002564,16.570363526858607,40
30,240,-20,-40,-70,-50,10,360,0.35,0.15,2.3333333333333335,160,40,25.0,28.998136172002564,12.427772645143955,40
30,120,-10,-50,-70,-50,5,360,0.35,0.2,1.7499999999999998,144,40,27.77777777777778,26.63238055598725,15.21850317484986,40
60,90,-20,-50,-70,-50,5,360,0.3,0.2,1.4999999999999998,182,40,21.978021978021978,26.727994452584987,17.81866296838999,40
60,120,-20,-40,-80,-50,5,360,0.35,0.15,2.3333333333333335,175,40,22.857142857142858,28.625134862158344,12.267914940925007,40
15,240,-20,-40,-70,-40,10,360,0.3,0.15,2.0,169,40,23.668639053254438,23.3818103722806,11.6909051861403,40
30,120,-20,-40,-80,-50,10,360,0.35,0.15,2.3333333333333335,164,40,24.390243902439025,26.371794403558052,11.302197601524881,40
30,120,-20,-50,-70,-50,5,360,0.4,0.2,2.0,176,40,22.727272727272727,33.68513146725714,16.84256573362857,40
30,240,-20,-40,-70,-50,10,360,0.3,0.15,2.0,160,40,25.0,24.85554529028791,12.427772645143955,40
60,120,-20,-40,-80,-50,5,360,0.4,0.2,2.0,175,40,22.857142857142858,32.714439842466675,16.357219921233337,40
30,120,-20,-50,-70,-50,10,360,0.4,0.15,2.666666666666667,203,40,19.704433497536947,31.070255495338095,11.651345810751785,40
30,120,-20,-50,-70,-50,10,360,0.4,0.2,2.0,203,40,19.704433497536947,31.070255495338095,15.535127747669048,40
30,240,-20,-40,-70,-50,10,360,0.3,0.2,1.4999999999999998,160,41,25.624999999999996,24.85554529028791,16.570363526858607,40
30,90,-20,-40,-70,-40,10,240,0.3,0.2,1.4999999999999998,158,40,25.31645569620253,24.551974311203033,16.367982874135357,40
30,120,-20,-50,-70,-50,5,360,0.4,0.15,2.666666666666667,176,39,22.15909090909091,33.68513146725714,12.631924300221426,39
15,240,-10,-40,-70,-40,10,240,0.3,0.2,1.4999999999999998,167,39,23.353293413173652,23.389478873639565,15.592985915759712,39
30,240,-20,-40,-70,-50,10,360,0.4,0.2,2.0,160,39,24.375,33.140727053717214,16.570363526858607,39
30,90,-20,-40,-70,-40,10,360,0.3,0.15,2.0,158,39,24.68354430379747,24.551974311203033,12.275987155601516,39
30,240,-20,-40,-70,-50,5,360,0.3,0.2,1.4999999999999998,159,39,24.528301886792452,24.633491029587383,16.422327353058247,39
30,240,-20,-40,-70,-50,5,240,0.3,0.2,1.4999999999999998,159,39,24.528301886792452,24.633491029587383,16.422327353058247,39
30,120,-20,-40,-80,-50,10,240,0.35,0.2,1.7499999999999998,164,39,23.78048780487805,26.371794403558052,15.069596802033178,39
30,90,-20,-40,-70,-40,5,360,0.4,0.15,2.666666666666667,194,40,20.618556701030926,34.63716622474568,12.988937334279626,39
15,240,-10,-40,-80,-50,5,360,0.4,0.15,2.666666666666667,156,39,25.0,29.119783116937086,10.919918668851409,39
30,90,-20,-40,-70,-40,5,240,0.35,0.2,1.7499999999999998,194,40,20.618556701030926,30.307520446652454,17.31858311237284,39
15,90,-20,-50,-80,-40,10,240,0.35,0.2,1.7499999999999998,180,39,21.666666666666668,28.94895298723102,16.5422588498463,39
15,240,-20,-40,-70,-40,10,360,0.35,0.2,1.7499999999999998,169,39,23.076923076923077,27.278778767660697,15.587873581520402,39
15,90,-20,-50,-80,-40,5,240,0.35,0.2,1.7499999999999998,180,39,21.666666666666668,28.981748985678287,16.560999420387592,39
30,120,-20,-40,-80,-50,10,360,0.4,0.15,2.666666666666667,164,39,23.78048780487805,30.139193604066357,11.302197601524881,39
30,90,-10,-40,-70,-40,5,240,0.35,0.2,1.7499999999999998,178,39,21.910112359550563,30.52108677977087,17.440621017011928,39
30,90,-10,-40,-70,-40,5,360,0.4,0.15,2.666666666666667,178,39,21.910112359550563,34.881242034023856,13.080465762758942,39
30,120,-10,-40,-80,-50,10,360,0.4,0.2,2.0,146,39,26.71232876712329,28.822801740216377,14.411400870108189,39
30,120,-10,-50,-70,-50,5,360,0.35,0.15,2.3333333333333335,144,39,27.083333333333332,26.63238055598725,11.413877381137393,39
15,90,-10,-50,-80,-40,5,240,0.35,0.2,1.7499999999999998,175,39,22.285714285714285,28.768509294874903,16.439148168499948,39
15,90,-10,-50,-80,-40,10,240,0.35,0.2,1.7499999999999998,175,39,22.285714285714285,28.73477626790057,16.419872153086043,39
15,240,-20,-40,-80,-50,5,360,0.4,0.15,2.666666666666667,165,39,23.636363636363637,29.491979684451085,11.059492381669155,39
30,120,-10,-40,-80,-50,5,240,0.35,0.2,1.7499999999999998,171,39,22.807017543859647,28.83220522668819,16.475545843821823,38
30,120,-10,-40,-80,-50,5,360,0.4,0.15,2.666666666666667,171,38,22.22222222222222,32.95109168764365,12.356659382866367,38
60,90,-20,-50,-70,-50,10,240,0.3,0.15,2.0,216,39,18.055555555555554,25.143810368731685,12.571905184365843,38
60,90,-20,-50,-70,-50,5,360,0.3,0.15,2.0,182,38,20.87912087912088,26.727994452584987,13.363997226292494,38
30,120,-20,-50,-70,-50,10,240,0.35,0.15,2.3333333333333335,203,38,18.7192118226601,27.186473558420833,11.651345810751785,38
30,120,-10,-40,-80,-50,5,360,0.35,0.15,2.3333333333333335,171,39,22.807017543859647,28.83220522668819,12.356659382866367,38
30,120,-20,-50,-70,-50,5,240,0.35,0.2,1.7499999999999998,176,38,21.59090909090909,29.474490033849996,16.84256573362857,38
60,120,-20,-40,-80,-50,10,240,0.3,0.15,2.0,139,39,28.05755395683453,24.03099593100621,12.015497965503105,38
15,240,-20,-40,-70,-40,5,240,0.35,0.2,1.7499999999999998,173,38,21.965317919075144,26.547553527070022,15.170030586897155,38
30,240,-10,-40,-70,-50,10,240,0.3,0.2,1.4999999999999998,151,38,25.165562913907287,25.120675272312493,16.747116848208332,38
30,240,-20,-40,-70,-50,5,360,0.35,0.2,1.7499999999999998,159,38,23.89937106918239,28.739072867851938,16.422327353058247,38
30,90,-20,-40,-70,-40,10,360,0.35,0.15,2.3333333333333335,158,38,24.050632911392405,28.643970029736863,12.275987155601516,38
60,120,-20,-40,-80,-50,10,360,0.3,0.15,2.0,139,39,28.05755395683453,24.03099593100621,12.015497965503105,38
60,120,-20,-40,-80,-50,5,240,0.35,0.15,2.3333333333333335,175,38,21.714285714285715,28.625134862158344,12.267914940925007,38
30,90,-20,-40,-70,-40,10,240,0.35,0.2,1.7499999999999998,158,38,24.050632911392405,28.643970029736863,16.367982874135357,38
15,240,-10,-40,-70,-40,10,360,0.35,0.2,1.7499999999999998,167,38,22.75449101796407,27.28772535257949,15.592985915759712,38
30,120,-20,-40,-80,-50,5,240,0.4,0.2,2.0,197,38,19.289340101522843,34.024602761658215,17.012301380829108,38
60,120,-20,-40,-80,-50,10,360,0.35,0.2,1.7499999999999998,139,39,28.05755395683453,28.036161919507247,16.020663954004142,38
30,240,-20,-40,-70,-50,10,360,0.4,0.15,2.666666666666667,160,38,23.75,33.140727053717214,12.427772645143955,38
15,120,-10,-40,-80,-40,10,240,0.35,0.15,2.3333333333333335,210,38,18.095238095238095,28.777606417888073,12.333259893380605,38
30,120,-10,-50,-70,-50,10,240,0.35,0.2,1.7499999999999998,173,38,21.965317919075144,26.436825408981626,15.106757376560934,38
15,120,-20,-40,-80,-40,10,240,0.35,0.15,2.3333333333333335,211,38,18.009478672985782,28.837025148304317,12.358725063558992,38
30,120,-10,-50,-70,-50,5,240,0.3,0.2,1.4999999999999998,144,38,26.38888888888889,22.827754762274786,15.21850317484986,38
15,120,-10,-40,-80,-40,10,360,0.4,0.15,2.666666666666667,210,37,17.61904761904762,32.88869304901495,12.333259893380605,37
15,90,-10,-50,-80,-40,10,240,0.35,0.15,2.3333333333333335,175,37,21.142857142857142,28.73477626790057,12.314904114814528,37
15,240,-10,-40,-70,-40,5,240,0.3,0.15,2.0,171,37,21.637426900584796,22.755204422702914,11.377602211351457,37
30,240,-20,-40,-70,-50,5,240,0.3,0.15,2.0,159,37,23.270440251572328,24.633491029587383,12.316745514793691,37
15,240,-20,-40,-80,-50,10,240,0.4,0.2,2.0,162,37,22.839506172839506,29.636017140085524,14.818008570042762,37
15,240,-10,-40,-70,-40,5,240,0.35,0.2,1.7499999999999998,171,37,21.637426900584796,26.547738493153393,15.170136281801943,37
15,240,-20,-40,-70,-40,5,240,0.3,0.15,2.0,173,37,21.38728323699422,22.755045880345733,11.377522940172867,37
30,90,-20,-40,-70,-40,10,360,0.4,0.2,2.0,158,37,23.417721518987342,32.735965748270715,16.367982874135357,37
30,90,-20,-40,-70,-40,5,240,0.35,0.15,2.3333333333333335,194,37,19.072164948453608,30.307520446652454,12.988937334279626,37
30,120,-20,-50,-70,-50,5,240,0.35,0.15,2.3333333333333335,176,37,21.022727272727273,29.474490033849996,12.631924300221426,37
60,120,-20,-40,-80,-50,5,360,0.4,0.15,2.666666666666667,175,37,21.142857142857142,32.714439842466675,12.267914940925007,37
30,120,-10,-50,-70,-50,5,240,0.3,0.15,2.0,144,37,25.694444444444443,22.827754762274786,11.413877381137393,37
60,120,-20,-40,-80,-50,10,360,0.4,0.2,2.0,139,37,26.618705035971225,32.041327908008284,16.020663954004142,37
30,240,-10,-40,-70,-50,5,360,0.3,0.2,1.4999999999999998,144,37,25.694444444444443,24.71266827157972,16.47511218105315,37
30,240,-10,-40,-70,-50,5,240,0.3,0.2,1.4999999999999998,144,37,25.694444444444443,24.71266827157972,16.47511218105315,37
15,90,-10,-50,-80,-40,5,240,0.35,0.15,2.3333333333333335,175,37,21.142857142857142,28.768509294874903,12.329361126374957,37
30,90,-10,-40,-70,-40,10,240,0.3,0.2,1.4999999999999998,149,37,24.832214765100673,24.360397158691665,16.240264772461114,37
30,120,-10,-40,-80,-50,10,360,0.35,0.15,2.3333333333333335,146,37,25.34246575342466,25.21995152268933,10.80855065258114,37
15,120,-20,-40,-80,-40,10,360,0.4,0.15,2.666666666666667,211,37,17.535545023696685,32.95660016949065,12.358725063558992,37
30,120,-20,-50,-70,-50,5,240,0.4,0.2,2.0,176,37,21.022727272727273,33.68513146725714,16.84256573362857,37
30,90,-10,-40,-70,-40,10,360,0.3,0.15,2.0,149,37,24.832214765100673,24.360397158691665,12.180198579345832,37
30,90,-10,-40,-70,-40,10,360,0.35,0.15,2.3333333333333335,149,36,24.161073825503358,28.42046335180694,12.180198579345832,36
30,240,-20,-40,-70,-50,5,360,0.4,0.2,2.0,159,36,22.641509433962266,32.84465470611649,16.422327353058247,36
30,240,-20,-40,-70,-50,10,240,0.35,0.2,1.7499999999999998,160,36,22.5,28.998136172002564,16.570363526858607,36
60,120,-20,-40,-80,-50,10,360,0.35,0.15,2.3333333333333335,139,36,25.899280575539567,28.036161919507247,12.015497965503105,36
30,120,-20,-50,-70,-50,10,240,0.4,0.15,2.666666666666667,203,36,17.733990147783253,31.070255495338095,11.651345810751785,36
30,240,-20,-40,-70,-50,5,360,0.3,0.15,2.0,159,36,22.641509433962266,24.633491029587383,12.316745514793691,36
30,240,-10,-40,-70,-50,5,360,0.35,0.2,1.7499999999999998,144,36,25.0,28.831446316843003,16.47511218105315,36
15,240,-10,-40,-80,-50,10,240,0.4,0.2,2.0,156,36,23.076923076923077,29.58897610663108,14.79448805331554,36
30,120,-20,-40,-80,-50,5,240,0.4,0.15,2.666666666666667,197,36,18.274111675126903,34.024602761658215,12.759226035621833,36
30,120,-20,-40,-70,-40,10,360,0.3,0.2,1.4999999999999998,97,36,37.11340206185567,22.720778768767865,15.147185845845241,36
30,120,-20,-50,-70,-50,5,240,0.4,0.15,2.666666666666667,176,36,20.454545454545457,33.68513146725714,12.631924300221426,36
30,120,-10,-40,-80,-50,10,360,0.4,0.15,2.666666666666667,146,36,24.65753424657534,28.822801740216377,10.80855065258114,36
30,90,-20,-40,-70,-40,10,240,0.3,0.15,2.0,158,36,22.78481012658228,24.551974311203033,12.275987155601516,36
30,120,-20,-50,-70,-50,10,240,0.4,0.2,2.0,203,36,17.733990147783253,31.070255495338095,15.535127747669048,36
15,240,-20,-40,-70,-40,5,360,0.35,0.15,2.3333333333333335,173,36,20.809248554913296,26.547553527070022,11.377522940172867,36
15,240,-20,-40,-70,-40,5,360,0.4,0.2,2.0,173,36,20.809248554913296,30.34006117379431,15.170030586897155,36
30,240,-10,-40,-70,-50,10,240,0.3,0.15,2.0,151,36,23.841059602649008,25.120675272312493,12.560337636156246,36
15,90,-20,-50,-80,-40,5,240,0.35,0.15,2.3333333333333335,180,37,20.555555555555554,28.981748985678287,12.420749565290695,36
30,240,-10,-40,-70,-50,10,360,0.3,0.2,1.4999999999999998,151,36,23.841059602649008,25.120675272312493,16.747116848208332,36
15,90,-20,-50,-80,-40,10,240,0.35,0.15,2.3333333333333335,180,37,20.555555555555554,28.94895298723102,12.406694137384724,36
30,240,-10,-40,-70,-50,10,360,0.35,0.2,1.7499999999999998,151,36,23.841059602649008,29.307454484364573,16.747116848208332,36
60,120,-20,-40,-80,-50,10,360,0.4,0.15,2.666666666666667,139,35,25.179856115107913,32.041327908008284,12.015497965503105,35
60,240,-20,-40,-70,-50,10,360,0.35,0.2,1.7499999999999998,126,35,27.77777777777778,28.665395153772323,16.380225802155614,35
30,240,-20,-40,-70,-50,5,360,0.35,0.15,2.3333333333333335,159,35,22.0125786163522,28.739072867851938,12.316745514793691,35
30,120,-10,-40,-80,-50,5,240,0.35,0.15,2.3333333333333335,171,35,20.46783625730994,28.83220522668819,12.356659382866367,35
60,240,-20,-40,-70,-50,10,360,0.3,0.2,1.4999999999999998,126,35,27.77777777777778,24.57033870323342,16.380225802155614,35
30,120,-10,-50,-70,-50,10,360,0.4,0.15,2.666666666666667,173,35,20.23121387283237,30.213514753121867,11.330068032420698,35
30,120,-10,-50,-70,-50,10,360,0.4,0.2,2.0,173,35,20.23121387283237,30.213514753121867,15.106757376560934,35
30,120,-10,-50,-70,-50,10,240,0.35,0.15,2.3333333333333335,173,35,20.23121387283237,26.436825408981626,11.330068032420698,35
60,120,-20,-40,-80,-50,10,240,0.35,0.2,1.7499999999999998,139,35,25.179856115107913,28.036161919507247,16.020663954004142,35
60,120,-20,-40,-80,-50,5,240,0.4,0.2,2.0,175,35,20.0,32.714439842466675,16.357219921233337,35
30,120,-10,-40,-80,-50,5,240,0.4,0.2,2.0,171,35,20.46783625730994,32.95109168764365,16.475545843821823,35
60,120,-10,-40,-80,-50,5,360,0.3,0.2,1.4999999999999998,123,36,29.268292682926827,24.632965234185907,16.421976822790604,35
60,240,-20,-40,-70,-50,10,360,0.4,0.2,2.0,126,35,27.77777777777778,32.76045160431123,16.380225802155614,35
30,90,-10,-40,-70,-40,5,240,0.35,0.15,2.3333333333333335,178,36,20.224719101123593,30.52108677977087,13.080465762758942,35
15,240,-10,-40,-70,-40,5,360,0.4,0.2,2.0,171,35,20.46783625730994,30.340272563603886,15.170136281801943,35
15,240,-10,-40,-70,-40,5,360,0.35,0.15,2.3333333333333335,171,36,21.052631578947366,26.547738493153393,11.377602211351457,35
30,90,-10,-40,-70,-40,10,240,0.35,0.2,1.7499999999999998,149,35,23.48993288590604,28.42046335180694,16.240264772461114,35
15,240,-10,-40,-80,-50,10,240,0.4,0.15,2.666666666666667,156,35,22.435897435897438,29.58897610663108,11.095866039986655,35
30,90,-10,-40,-70,-40,10,240,0.3,0.15,2.0,149,34,22.818791946308725,24.360397158691665,12.180198579345832,34
30,240,-10,-40,-70,-50,5,360,0.4,0.2,2.0,144,34,23.61111111111111,32.9502243621063,16.47511218105315,34
30,90,-10,-40,-70,-40,10,360,0.4,0.2,2.0,149,34,22.818791946308725,32.48052954492223,16.240264772461114,34
30,240,-10,-40,-70,-50,10,240,0.35,0.2,1.7499999999999998,151,34,22.516556291390728,29.307454484364573,16.747116848208332,34
30,240,-10,-40,-70,-50,10,360,0.3,0.15,2.0,151,35,23.178807947019866,25.120675272312493,12.560337636156246,34
30,120,-10,-40,-80,-50,10,240,0.35,0.2,1.7499999999999998,146,35,23.972602739726025,25.21995152268933,14.411400870108189,34
15,240,-20,-40,-80,-50,10,240,0.4,0.15,2.666666666666667,162,35,21.604938271604937,29.636017140085524,11.113506427532073,34
30,240,-10,-40,-70,-50,10,360,0.35,0.15,2.3333333333333335,151,35,23.178807947019866,29.307454484364573,12.560337636156246,34
60,90,-20,-50,-70,-50,10,240,0.35,0.15,2.3333333333333335,216,35,16.203703703703702,29.33444543018696,12.571905184365843,34
15,240,-20,-40,-80,-50,5,240,0.4,0.2,2.0,165,34,20.606060606060606,29.491979684451085,14.745989842225542,34
30,240,-10,-40,-70,-50,10,360,0.4,0.2,2.0,151,34,22.516556291390728,33.494233696416664,16.747116848208332,34
15,240,-20,-40,-70,-40,10,240,0.3,0.15,2.0,169,34,20.118343195266274,23.3818103722806,11.6909051861403,34
15,240,-20,-40,-70,-40,10,240,0.35,0.2,1.7499999999999998,169,34,20.118343195266274,27.278778767660697,15.587873581520402,34
15,240,-10,-40,-70,-40,10,240,0.3,0.15,2.0,167,34,20.35928143712575,23.389478873639565,11.694739436819782,34
30,120,-20,-40,-70,-40,5,360,0.3,0.2,1.4999999999999998,114,34,29.82456140350877,25.252541321950343,16.835027547966895,34
30,240,-10,-40,-70,-50,5,360,0.3,0.15,2.0,144,34,23.61111111111111,24.71266827157972,12.35633413578986,34
60,120,-10,-40,-80,-50,10,360,0.3,0.2,1.4999999999999998,113,35,30.973451327433626,24.174697262471145,16.11646484164743,34
30,120,-10,-50,-70,-50,5,240,0.35,0.15,2.3333333333333335,144,34,23.61111111111111,26.63238055598725,11.413877381137393,34
30,120,-10,-50,-70,-50,5,360,0.4,0.15,2.666666666666667,144,34,23.61111111111111,30.43700634969972,11.413877381137393,34
60,240,-20,-40,-70,-50,10,360,0.4,0.15,2.666666666666667,126,34,26.984126984126984,32.76045160431123,12.28516935161671,34
60,240,-20,-40,-70,-50,10,360,0.35,0.15,2.3333333333333335,126,34,26.984126984126984,28.665395153772323,12.28516935161671,34
60,120,-10,-40,-80,-50,5,240,0.3,0.2,1.4999999999999998,123,34,27.64227642276423,24.632965234185907,16.421976822790604,34
60,240,-20,-40,-70,-50,10,360,0.3,0.15,2.0,126,34,26.984126984126984,24.57033870323342,12.28516935161671,34
30,120,-20,-40,-80,-50,10,240,0.4,0.2,2.0,164,35,21.341463414634145,30.139193604066357,15.069596802033178,34
60,90,-20,-50,-70,-50,10,360,0.4,0.2,2.0,216,34,15.74074074074074,33.52508049164225,16.762540245821125,34
60,90,-20,-50,-70,-50,10,360,0.4,0.15,2.666666666666667,216,34,15.74074074074074,33.52508049164225,12.571905184365843,34
60,90,-20,-50,-70,-50,10,240,0.35,0.2,1.7499999999999998,216,35,16.203703703703702,29.33444543018696,16.762540245821125,34
30,120,-10,-50,-70,-50,5,360,0.4,0.2,2.0,144,35,24.305555555555554,30.43700634969972,15.21850317484986,34
30,120,-10,-50,-70,-50,5,240,0.35,0.2,1.7499999999999998,144,35,24.305555555555554,26.63238055598725,15.21850317484986,34
30,240,-20,-40,-70,-50,10,240,0.35,0.15,2.3333333333333335,160,34,21.25,28.998136172002564,12.427772645143955,34
30,120,-10,-50,-70,-50,5,240,0.4,0.2,2.0,144,34,23.61111111111111,30.43700634969972,15.21850317484986,34
30,240,-10,-40,-70,-50,5,240,0.3,0.15,2.0,144,35,24.305555555555554,24.71266827157972,12.35633413578986,34
30,120,-20,-40,-70,-40,5,240,0.3,0.2,1.4999999999999998,114,34,29.82456140350877,25.252541321950343,16.835027547966895,34
30,120,-20,-40,-80,-50,10,240,0.35,0.15,2.3333333333333335,164,35,21.341463414634145,26.371794403558052,11.302197601524881,34
30,90,-20,-40,-70,-40,10,240,0.35,0.15,2.3333333333333335,158,34,21.518987341772153,28.643970029736863,12.275987155601516,34
60,120,-10,-40,-80,-50,10,240,0.3,0.2,1.4999999999999998,113,34,30.08849557522124,24.174697262471145,16.11646484164743,34
15,90,-10,-50,-80,-40,5,240,0.4,0.2,2.0,175,33,18.857142857142858,32.878296336999895,16.439148168499948,33
15,90,-20,-50,-80,-40,10,240,0.4,0.2,2.0,180,33,18.333333333333332,33.0845176996926,16.5422588498463,33
60,90,-20,-50,-70,-50,5,240,0.3,0.2,1.4999999999999998,182,33,18.13186813186813,26.727994452584987,17.81866296838999,33
30,120,-20,-40,-70,-40,5,360,0.35,0.2,1.7499999999999998,114,33,28.947368421052634,29.461298208942065,16.835027547966895,33
30,120,-20,-40,-70,-40,5,240,0.35,0.2,1.7499999999999998,114,33,28.947368421052634,29.461298208942065,16.835027547966895,33
15,240,-10,-40,-80,-50,5,240,0.4,0.2,2.0,156,33,21.153846153846153,29.119783116937086,14.559891558468543,33
30,120,-10,-50,-70,-50,10,240,0.4,0.2,2.0,173,33,19.07514450867052,30.213514753121867,15.106757376560934,33
15,90,-10,-50,-80,-40,10,240,0.4,0.2,2.0,175,33,18.857142857142858,32.839744306172086,16.419872153086043,33
15,90,-20,-50,-80,-40,5,240,0.4,0.2,2.0,180,33,18.333333333333332,33.121998840775184,16.560999420387592,33
30,120,-20,-40,-70,-40,5,240,0.4,0.2,2.0,114,33,28.947368421052634,33.67005509593379,16.835027547966895,33
30,120,-10,-40,-70,-40,10,360,0.3,0.2,1.4999999999999998,87,33,37.93103448275862,21.892827090132876,14.59521806008859,33
30,120,-10,-50,-70,-50,10,240,0.4,0.15,2.666666666666667,173,33,19.07514450867052,30.213514753121867,11.330068032420698,33
15,240,-10,-40,-70,-40,10,240,0.35,0.2,1.7499999999999998,167,33,19.760479041916167,27.28772535257949,15.592985915759712,33
30,90,-10,-40,-70,-40,5,240,0.4,0.2,2.0,178,34,19.101123595505616,34.881242034023856,17.440621017011928,33
15,120,-10,-40,-80,-40,5,240,0.4,0.2,2.0,211,33,15.639810426540285,32.87695009652571,16.438475048262855,33
15,240,-10,-40,-70,-40,10,360,0.35,0.15,2.3333333333333335,167,33,19.760479041916167,27.28772535257949,11.694739436819782,33
60,240,-20,-40,-70,-50,10,240,0.3,0.2,1.4999999999999998,126,33,26.190476190476193,24.57033870323342,16.380225802155614,33
30,120,-20,-40,-70,-40,10,360,0.35,0.2,1.7499999999999998,97,34,35.051546391752574,26.50757523022917,15.147185845845241,33
30,90,-20,-40,-70,-40,5,240,0.4,0.2,2.0,194,34,17.525773195876287,34.63716622474568,17.31858311237284,33
15,120,-20,-40,-80,-40,5,240,0.4,0.2,2.0,212,34,16.037735849056602,32.94459229168072,16.47229614584036,33
30,120,-20,-40,-70,-40,10,240,0.3,0.2,1.4999999999999998,97,34,35.051546391752574,22.720778768767865,15.147185845845241,33
15,240,-20,-40,-70,-40,5,240,0.4,0.2,2.0,173,33,19.07514450867052,30.34006117379431,15.170030586897155,33
30,240,-20,-40,-70,-50,5,360,0.4,0.15,2.666666666666667,159,33,20.754716981132077,32.84465470611649,12.316745514793691,33
15,240,-20,-40,-70,-40,10,360,0.35,0.15,2.3333333333333335,169,33,19.526627218934912,27.278778767660697,11.6909051861403,33
60,120,-20,-40,-80,-50,5,240,0.4,0.15,2.666666666666667,175,33,18.857142857142858,32.714439842466675,12.267914940925007,33
30,240,-10,-40,-70,-50,10,360,0.4,0.15,2.666666666666667,151,33,21.85430463576159,33.494233696416664,12.560337636156246,33
15,90,-20,-50,-80,-40,5,240,0.4,0.15,2.666666666666667,180,32,17.77777777777778,33.121998840775184,12.420749565290695,32
15,90,-20,-50,-80,-40,10,240,0.4,0.15,2.666666666666667,180,32,17.77777777777778,33.0845176996926,12.406694137384724,32
30,120,-20,-40,-80,-50,10,240,0.4,0.15,2.666666666666667,164,32,19.51219512195122,30.139193604066357,11.302197601524881,32
30,240,-20,-40,-70,-50,5,240,0.35,0.2,1.7499999999999998,159,32,20.125786163522015,28.739072867851938,16.422327353058247,32
30,240,-10,-40,-70,-50,5,240,0.35,0.2,1.7499999999999998,144,32,22.22222222222222,28.831446316843003,16.47511218105315,32
30,120,-10,-50,-70,-50,5,240,0.4,0.15,2.666666666666667,144,33,22.916666666666664,30.43700634969972,11.413877381137393,32
30,240,-10,-40,-70,-50,5,360,0.35,0.15,2.3333333333333335,144,33,22.916666666666664,28.831446316843003,12.35633413578986,32
15,90,-10,-50,-80,-40,5,240,0.4,0.15,2.666666666666667,175,32,18.285714285714285,32.878296336999895,12.329361126374957,32
30,240,-10,-40,-70,-50,10,240,0.35,0.15,2.3333333333333335,151,32,21.192052980132452,29.307454484364573,12.560337636156246,32
30,120,-10,-40,-80,-50,5,240,0.4,0.15,2.666666666666667,171,33,19.298245614035086,32.95109168764365,12.356659382866367,32
30,120,-10,-40,-80,-50,10,240,0.35,0.15,2.3333333333333335,146,32,21.91780821917808,25.21995152268933,10.80855065258114,32
15,90,-10,-50,-80,-40,10,240,0.4,0.15,2.666666666666667,175,32,18.285714285714285,32.839744306172086,12.314904114814528,32
30,120,-20,-40,-70,-40,5,240,0.3,0.15,2.0,114,32,28.07017543859649,25.252541321950343,12.626270660975171,32
60,120,-10,-40,-80,-50,10,240,0.3,0.15,2.0,113,32,28.31858407079646,24.174697262471145,12.087348631235573,32
15,240,-20,-40,-80,-50,5,240,0.4,0.15,2.666666666666667,165,32,19.393939393939394,29.491979684451085,11.059492381669155,32
30,90,-20,-40,-70,-40,10,240,0.4,0.2,2.0,158,32,20.253164556962027,32.735965748270715,16.367982874135357,32
15,120,-10,-40,-80,-40,5,240,0.4,0.15,2.666666666666667,211,32,15.165876777251185,32.87695009652571,12.328856286197137,32
15,240,-20,-40,-70,-40,10,360,0.4,0.2,2.0,169,32,18.93491124260355,31.175747163040803,15.587873581520402,32
30,120,-10,-40,-70,-40,5,240,0.3,0.2,1.4999999999999998,102,32,31.372549019607842,23.468573836365255,15.645715890910173,32
60,120,-20,-40,-80,-50,10,240,0.35,0.15,2.3333333333333335,139,33,23.741007194244602,28.036161919507247,12.015497965503105,32
30,120,-10,-40,-70,-40,5,360,0.3,0.2,1.4999999999999998,102,32,31.372549019607842,23.468573836365255,15.645715890910173,32
60,120,-10,-40,-80,-50,10,360,0.35,0.2,1.7499999999999998,113,32,28.31858407079646,28.203813472883002,16.11646484164743,32
30,90,-10,-40,-70,-40,5,240,0.4,0.15,2.666666666666667,178,32,17.97752808988764,34.881242034023856,13.080465762758942,32
60,120,-20,-50,-70,-50,10,360,0.3,0.2,1.4999999999999998,132,32,24.242424242424242,25.86547257955632,17.243648386370882,32
30,90,-10,-40,-70,-40,10,240,0.35,0.15,2.3333333333333335,149,32,21.476510067114095,28.42046335180694,12.180198579345832,32
60,240,-20,-40,-70,-50,10,240,0.3,0.15,2.0,126,32,25.396825396825395,24.57033870323342,12.28516935161671,32
15,240,-10,-40,-70,-40,5,360,0.4,0.15,2.666666666666667,171,32,18.71345029239766,30.340272563603886,11.377602211351457,32
15,240,-10,-40,-70,-40,5,240,0.35,0.15,2.3333333333333335,171,32,18.71345029239766,26.547738493153393,11.377602211351457,32
60,120,-10,-40,-80,-50,10,360,0.3,0.15,2.0,113,32,28.31858407079646,24.174697262471145,12.087348631235573,32
30,90,-20,-40,-70,-40,10,360,0.4,0.15,2.666666666666667,158,32,20.253164556962027,32.735965748270715,12.275987155601516,32
15,240,-10,-40,-70,-40,5,240,0.4,0.2,2.0,171,32,18.71345029239766,30.340272563603886,15.170136281801943,32
60,120,-10,-40,-80,-50,5,360,0.35,0.2,1.7499999999999998,123,32,26.01626016260163,28.73845943988355,16.421976822790604,32
60,120,-10,-40,-80,-50,5,360,0.3,0.15,2.0,123,32,26.01626016260163,24.632965234185907,12.316482617092953,32
15,120,-20,-40,-80,-40,5,240,0.4,0.15,2.666666666666667,212,32,15.09433962264151,32.94459229168072,12.354222109380267,32
30,120,-10,-40,-80,-50,10,240,0.4,0.2,2.0,146,31,21.232876712328768,28.822801740216377,14.411400870108189,31
15,240,-20,-40,-70,-40,5,240,0.35,0.15,2.3333333333333335,173,32,18.497109826589593,26.547553527070022,11.377522940172867,31
15,240,-10,-50,-80,-50,10,360,0.3,0.2,1.4999999999999998,80,31,38.75,21.507079637719347,14.3380530918129,31
15,240,-20,-40,-70,-40,5,360,0.4,0.15,2.666666666666667,173,32,18.497109826589593,30.34006117379431,11.377522940172867,31
30,240,-10,-40,-70,-50,5,360,0.4,0.15,2.666666666666667,144,31,21.52777777777778,32.9502243621063,12.35633413578986,31
60,120,-10,-40,-80,-50,5,240,0.3,0.15,2.0,123,31,25.203252032520325,24.632965234185907,12.316482617092953,31
30,120,-20,-40,-70,-40,5,360,0.4,0.2,2.0,114,31,27.192982456140353,33.67005509593379,16.835027547966895,31
30,120,-20,-40,-70,-40,10,360,0.3,0.15,2.0,97,32,32.98969072164948,22.720778768767865,11.360389384383932,31
15,240,-10,-40,-80,-50,5,240,0.4,0.15,2.666666666666667,156,32,20.51282051282051,29.119783116937086,10.919918668851409,31
30,240,-20,-40,-70,-50,10,240,0.4,0.2,2.0,160,31,19.375,33.140727053717214,16.570363526858607,31
60,120,-20,-40,-80,-50,10,240,0.4,0.2,2.0,139,31,22.302158273381295,32.041327908008284,16.020663954004142,31
30,120,-10,-40,-70,-40,5,240,0.35,0.2,1.7499999999999998,102,31,30.392156862745097,27.380002809092794,15.645715890910173,31
30,120,-20,-40,-70,-40,5,360,0.3,0.15,2.0,114,31,27.192982456140353,25.252541321950343,12.626270660975171,31
30,120,-10,-40,-70,-40,5,240,0.4,0.2,2.0,102,31,30.392156862745097,31.291431781820346,15.645715890910173,31
15,240,-20,-50,-80,-50,10,360,0.3,0.2,1.4999999999999998,84,31,36.904761904761905,21.5850431315149,14.39002875434327,31
30,120,-10,-40,-70,-40,5,360,0.35,0.2,1.7499999999999998,102,31,30.392156862745097,27.380002809092794,15.645715890910173,31
15,240,-20,-50,-80,-50,5,360,0.3,0.2,1.4999999999999998,85,31,36.470588235294116,21.605396213595547,14.403597475730368,31
30,120,-20,-40,-70,-40,5,240,0.4,0.15,2.666666666666667,114,31,27.192982456140353,33.67005509593379,12.626270660975171,31
30,120,-10,-40,-70,-40,10,240,0.3,0.2,1.4999999999999998,87,31,35.63218390804598,21.892827090132876,14.59521806008859,31
60,90,-20,-50,-70,-50,5,240,0.3,0.15,2.0,182,31,17.032967032967033,26.727994452584987,13.363997226292494,31
60,90,-20,-50,-70,-50,5,360,0.35,0.2,1.7499999999999998,182,31,17.032967032967033,31.18266019468248,17.81866296838999,31
30,120,-20,-40,-70,-40,5,240,0.35,0.15,2.3333333333333335,114,31,27.192982456140353,29.461298208942065,12.626270660975171,31
30,120,-10,-40,-70,-40,10,360,0.35,0.2,1.7499999999999998,87,31,35.63218390804598,25.541631605155015,14.59521806008859,31
30,90,-20,-40,-70,-40,5,240,0.4,0.15,2.666666666666667,194,32,16.49484536082474,34.63716622474568,12.988937334279626,31
15,240,-10,-40,-70,-40,10,360,0.4,0.2,2.0,167,31,18.562874251497004,31.185971831519424,15.592985915759712,30
30,240,-10,-40,-70,-50,5,240,0.35,0.15,2.3333333333333335,144,30,20.833333333333336,28.831446316843003,12.35633413578986,30
30,120,-20,-40,-70,-40,10,360,0.35,0.15,2.3333333333333335,97,30,30.927835051546392,26.50757523022917,11.360389384383932,30
15,240,-10,-50,-80,-50,10,240,0.3,0.2,1.4999999999999998,80,30,37.5,21.507079637719347,14.3380530918129,30
30,120,-20,-40,-70,-40,10,240,0.3,0.15,2.0,97,31,31.958762886597935,22.720778768767865,11.360389384383932,30
60,120,-20,-40,-80,-50,10,240,0.4,0.15,2.666666666666667,139,30,21.58273381294964,32.041327908008284,12.015497965503105,30
15,120,-20,-40,-80,-40,10,240,0.4,0.2,2.0,211,31,14.691943127962084,32.95660016949065,16.478300084745324,30
30,90,-10,-40,-70,-40,10,360,0.4,0.15,2.666666666666667,149,30,20.13422818791946,32.48052954492223,12.180198579345832,30
30,240,-20,-40,-70,-50,5,240,0.35,0.15,2.3333333333333335,159,30,18.867924528301888,28.739072867851938,12.316745514793691,30
15,240,-10,-50,-80,-50,5,240,0.3,0.2,1.4999999999999998,81,30,37.03703703703704,21.529400322542195,14.352933548361467,30
60,120,-10,-40,-80,-50,10,360,0.4,0.2,2.0,113,30,26.548672566371685,32.23292968329486,16.11646484164743,30
30,120,-20,-40,-70,-40,5,360,0.35,0.15,2.3333333333333335,114,30,26.31578947368421,29.461298208942065,12.626270660975171,30
30,120,-10,-40,-70,-40,5,240,0.3,0.15,2.0,102,30,29.411764705882355,23.468573836365255,11.734286918182628,30
15,240,-20,-50,-80,-50,10,240,0.3,0.2,1.4999999999999998,84,30,35.714285714285715,21.5850431315149,14.39002875434327,30
15,240,-20,-50,-80,-50,5,240,0.3,0.2,1.4999999999999998,85,30,35.294117647058826,21.605396213595547,14.403597475730368,30
15,120,-10,-40,-80,-40,10,240,0.4,0.2,2.0,210,30,14.285714285714285,32.88869304901495,16.444346524507473,30
15,240,-10,-50,-80,-50,5,360,0.3,0.2,1.4999999999999998,81,31,38.2716049382716,21.529400322542195,14.352933548361467,30
15,240,-10,-40,-70,-40,5,240,0.4,0.15,2.666666666666667,171,29,16.95906432748538,30.340272563603886,11.377602211351457,29
15,240,-10,-40,-70,-40,10,240,0.35,0.15,2.3333333333333335,167,29,17.365269461077844,27.28772535257949,11.694739436819782,29
15,120,-10,-40,-80,-40,10,240,0.4,0.15,2.666666666666667,210,29,13.80952380952381,32.88869304901495,12.333259893380605,29
15,240,-10,-40,-70,-40,10,360,0.4,0.15,2.666666666666667,167,29,17.365269461077844,31.185971831519424,11.694739436819782,29
30,90,-10,-40,-70,-40,10,240,0.4,0.2,2.0,149,29,19.463087248322147,32.48052954492223,16.240264772461114,29
15,240,-20,-40,-70,-40,5,240,0.4,0.15,2.666666666666667,173,29,16.76300578034682,30.34006117379431,11.377522940172867,29
15,240,-20,-40,-70,-40,10,240,0.35,0.15,2.3333333333333335,169,29,17.159763313609467,27.278778767660697,11.6909051861403,29
15,240,-20,-40,-70,-40,10,240,0.4,0.2,2.0,169,29,17.159763313609467,31.175747163040803,15.587873581520402,29
15,240,-20,-40,-70,-40,10,360,0.4,0.15,2.666666666666667,169,29,17.159763313609467,31.175747163040803,11.6909051861403,29
30,90,-20,-40,-70,-40,10,240,0.4,0.15,2.666666666666667,158,29,18.354430379746837,32.735965748270715,12.275987155601516,29
60,240,-20,-40,-70,-50,5,360,0.3,0.2,1.4999999999999998,115,29,25.217391304347824,25.914590856784788,17.27639390452319,29
30,120,-10,-40,-70,-40,5,240,0.35,0.15,2.3333333333333335,102,29,28.431372549019606,27.380002809092794,11.734286918182628,29
30,120,-10,-40,-70,-40,5,240,0.4,0.15,2.666666666666667,102,29,28.431372549019606,31.291431781820346,11.734286918182628,29
30,120,-10,-40,-70,-40,5,360,0.3,0.15,2.0,102,29,28.431372549019606,23.468573836365255,11.734286918182628,29
60,120,-10,-40,-80,-50,10,360,0.35,0.15,2.3333333333333335,113,29,25.663716814159294,28.203813472883002,12.087348631235573,29
30,120,-10,-40,-70,-40,5,360,0.4,0.2,2.0,102,29,28.431372549019606,31.291431781820346,15.645715890910173,29
60,240,-20,-40,-70,-50,5,360,0.35,0.2,1.7499999999999998,115,29,25.217391304347824,30.23368933291557,17.27639390452319,29
60,120,-10,-40,-80,-50,5,360,0.4,0.2,2.0,123,29,23.577235772357724,32.84395364558121,16.421976822790604,29
30,240,-20,-40,-70,-50,10,240,0.4,0.15,2.666666666666667,160,29,18.125,33.140727053717214,12.427772645143955,29
60,240,-20,-40,-70,-50,5,360,0.4,0.2,2.0,115,29,25.217391304347824,34.55278780904638,17.27639390452319,29
30,120,-10,-40,-80,-50,10,240,0.4,0.15,2.666666666666667,146,29,19.863013698630137,28.822801740216377,10.80855065258114,29
30,240,-10,-40,-70,-50,10,240,0.4,0.2,2.0,151,29,19.205298013245034,33.494233696416664,16.747116848208332,29
15,120,-20,-40,-80,-40,10,240,0.4,0.15,2.666666666666667,211,29,13.744075829383887,32.95660016949065,12.358725063558992,29
15,240,-10,-50,-80,-50,5,360,0.35,0.2,1.7499999999999998,81,28,34.5679012345679,25.117633709632567,14.352933548361467,28
15,240,-10,-50,-80,-50,10,240,0.3,0.15,2.0,80,28,35.0,21.507079637719347,10.753539818859673,28
15,240,-10,-50,-80,-50,5,240,0.3,0.15,2.0,81,28,34.5679012345679,21.529400322542195,10.764700161271097,28
15,240,-10,-50,-80,-50,10,360,0.3,0.15,2.0,80,28,35.0,21.507079637719347,10.753539818859673,28
15,240,-10,-50,-80,-50,10,360,0.35,0.2,1.7499999999999998,80,28,35.0,25.091592910672574,14.3380530918129,28
15,240,-10,-40,-70,-40,10,240,0.4,0.2,2.0,167,28,16.766467065868262,31.185971831519424,15.592985915759712,28
60,120,-10,-40,-80,-50,10,360,0.4,0.15,2.666666666666667,113,28,24.778761061946902,32.23292968329486,12.087348631235573,28
60,120,-10,-40,-80,-50,10,240,0.35,0.2,1.7499999999999998,113,28,24.778761061946902,28.203813472883002,16.11646484164743,28
30,240,-20,-40,-70,-50,5,240,0.4,0.2,2.0,159,28,17.61006289308176,32.84465470611649,16.422327353058247,28
30,240,-10,-40,-70,-50,5,240,0.4,0.2,2.0,144,28,19.444444444444446,32.9502243621063,16.47511218105315,28
60,90,-20,-50,-70,-50,5,360,0.35,0.15,2.3333333333333335,182,29,15.934065934065933,31.18266019468248,13.363997226292494,28
15,240,-10,-50,-80,-50,5,360,0.3,0.15,2.0,81,28,34.5679012345679,21.529400322542195,10.764700161271097,28
30,120,-10,-40,-70,-40,10,360,0.3,0.15,2.0,87,29,33.33333333333333,21.892827090132876,10.946413545066438,28
30,120,-20,-40,-70,-40,5,360,0.4,0.15,2.666666666666667,114,28,24.561403508771928,33.67005509593379,12.626270660975171,28
30,120,-10,-40,-70,-40,10,240,0.3,0.15,2.0,87,28,32.18390804597701,21.892827090132876,10.946413545066438,28
30,120,-10,-40,-70,-40,5,360,0.35,0.15,2.3333333333333335,102,28,27.450980392156865,27.380002809092794,11.734286918182628,28
30,60,-20,-50,-80,-50,10,360,0.3,0.2,1.4999999999999998,122,28,22.950819672131146,24.072208427197836,16.04813895146523,28
15,240,-20,-50,-80,-50,5,240,0.3,0.15,2.0,85,28,32.94117647058823,21.605396213595547,10.802698106797774,27
15,240,-20,-50,-80,-50,5,360,0.3,0.15,2.0,85,28,32.94117647058823,21.605396213595547,10.802698106797774,27
30,120,-20,-40,-70,-40,10,240,0.35,0.2,1.7499999999999998,97,28,28.865979381443296,26.50757523022917,15.147185845845241,27
15,240,-20,-50,-80,-50,10,360,0.3,0.15,2.0,84,28,33.33333333333333,21.5850431315149,10.79252156575745,27
60,240,-10,-40,-70,-50,10,360,0.3,0.2,1.4999999999999998,93,27,29.03225806451613,25.56412113896432,17.042747425976213,27
15,240,-20,-50,-80,-50,10,240,0.3,0.15,2.0,84,28,33.33333333333333,21.5850431315149,10.79252156575745,27
60,120,-20,-50,-70,-50,10,360,0.3,0.15,2.0,132,27,20.454545454545457,25.86547257955632,12.93273628977816,27
15,240,-20,-50,-80,-50,5,360,0.35,0.2,1.7499999999999998,85,28,32.94117647058823,25.206295582528146,14.403597475730368,27
60,120,-10,-40,-80,-50,5,360,0.35,0.15,2.3333333333333335,123,28,22.76422764227642,28.73845943988355,12.316482617092953,27
30,90,-10,-40,-70,-40,10,240,0.4,0.15,2.666666666666667,149,27,18.120805369127517,32.48052954492223,12.180198579345832,27
15,120,-20,-50,-80,-40,5,360,0.3,0.2,1.4999999999999998,99,28,28.28282828282828,23.41758860288616,15.611725735257442,27
60,240,-10,-40,-70,-50,10,360,0.35,0.2,1.7499999999999998,93,27,29.03225806451613,29.824807995458368,17.042747425976213,27
15,120,-10,-50,-80,-40,5,360,0.3,0.2,1.4999999999999998,99,28,28.28282828282828,23.41758860288616,15.611725735257442,27
30,60,-20,-50,-80,-50,10,360,0.35,0.2,1.7499999999999998,122,27,22.131147540983605,28.084243165064137,16.04813895146523,27
60,90,-20,-50,-70,-50,5,360,0.4,0.2,2.0,182,27,14.835164835164836,35.63732593677998,17.81866296838999,27
30,240,-10,-40,-70,-50,10,240,0.4,0.15,2.666666666666667,151,27,17.880794701986755,33.494233696416664,12.560337636156246,27
60,120,-10,-40,-80,-50,5,240,0.35,0.2,1.7499999999999998,123,28,22.76422764227642,28.73845943988355,16.421976822790604,27
60,120,-10,-40,-80,-50,5,360,0.4,0.15,2.666666666666667,123,27,21.951219512195124,32.84395364558121,12.316482617092953,27
30,120,-20,-40,-70,-40,10,240,0.4,0.2,2.0,97,28,28.865979381443296,30.294371691690483,15.147185845845241,27
30,120,-10,-40,-70,-40,10,360,0.35,0.15,2.3333333333333335,87,27,31.03448275862069,25.541631605155015,10.946413545066438,27
60,90,-10,-50,-70,-50,10,360,0.3,0.2,1.4999999999999998,145,27,18.620689655172416,23.50512336777302,15.670082245182014,27
60,240,-10,-40,-70,-50,10,360,0.4,0.2,2.0,93,27,29.03225806451613,34.085494851952426,17.042747425976213,27
60,240,-20,-40,-70,-50,10,240,0.35,0.2,1.7499999999999998,126,27,21.428571428571427,28.665395153772323,16.380225802155614,27
15,240,-20,-50,-80,-50,10,360,0.35,0.2,1.7499999999999998,84,28,33.33333333333333,25.182550320100717,14.39002875434327,27
30,120,-20,-40,-70,-40,10,360,0.4,0.2,2.0,97,27,27.835051546391753,30.294371691690483,15.147185845845241,27
15,120,-10,-50,-80,-40,5,360,0.35,0.2,1.7499999999999998,99,27,27.27272727272727,27.320520036700525,15.611725735257442,26
15,240,-20,-50,-80,-50,10,360,0.4,0.2,2.0,84,26,30.952380952380953,28.78005750868654,14.39002875434327,26
60,240,-20,-40,-70,-50,5,360,0.4,0.15,2.666666666666667,115,26,22.608695652173914,34.55278780904638,12.957295428392394,26
15,240,-20,-50,-80,-50,5,360,0.35,0.15,2.3333333333333335,85,26,30.58823529411765,25.206295582528146,10.802698106797774,26
30,120,-10,-40,-70,-40,5,360,0.4,0.15,2.666666666666667,102,26,25.49019607843137,31.291431781820346,11.734286918182628,26
15,240,-10,-50,-80,-50,5,360,0.4,0.2,2.0,81,26,32.098765432098766,28.705867096722933,14.352933548361467,26
15,120,-20,-50,-80,-40,5,360,0.35,0.2,1.7499999999999998,99,27,27.27272727272727,27.320520036700525,15.611725735257442,26
15,240,-20,-50,-80,-50,5,360,0.4,0.2,2.0,85,26,30.58823529411765,28.807194951460737,14.403597475730368,26
15,120,-10,-50,-80,-40,5,240,0.3,0.2,1.4999999999999998,99,26,26.262626262626267,23.41758860288616,15.611725735257442,26
15,240,-20,-40,-70,-40,10,240,0.4,0.15,2.666666666666667,169,26,15.384615384615385,31.175747163040803,11.6909051861403,26
60,90,-20,-50,-70,-50,5,360,0.4,0.15,2.666666666666667,182,26,14.285714285714285,35.63732593677998,13.363997226292494,26
15,120,-20,-50,-80,-40,10,360,0.3,0.2,1.4999999999999998,98,27,27.55102040816326,23.397777701328796,15.598518467552532,26
15,120,-10,-50,-80,-40,10,360,0.3,0.2,1.4999999999999998,98,27,27.55102040816326,23.397777701328796,15.598518467552532,26
15,240,-10,-50,-80,-50,10,360,0.35,0.15,2.3333333333333335,80,26,32.5,25.091592910672574,10.753539818859673,26
15,120,-10,-50,-80,-40,10,360,0.35,0.2,1.7499999999999998,98,26,26.53061224489796,27.297407318216933,15.598518467552532,26
30,60,-10,-50,-80,-50,10,360,0.3,0.2,1.4999999999999998,97,26,26.804123711340207,23.744296244064586,15.82953082937639,26
15,240,-20,-50,-80,-50,10,360,0.35,0.15,2.3333333333333335,84,26,30.952380952380953,25.182550320100717,10.79252156575745,26
30,120,-10,-40,-70,-40,10,240,0.4,0.2,2.0,87,26,29.88505747126437,29.19043612017718,14.59521806008859,26
30,120,-20,-40,-70,-40,10,240,0.4,0.15,2.666666666666667,97,26,26.804123711340207,30.294371691690483,11.360389384383932,26
30,120,-20,-40,-70,-40,10,240,0.35,0.15,2.3333333333333335,97,26,26.804123711340207,26.50757523022917,11.360389384383932,26
60,240,-20,-40,-70,-50,5,240,0.3,0.2,1.4999999999999998,115,26,22.608695652173914,25.914590856784788,17.27639390452319,26
60,240,-20,-40,-70,-50,5,360,0.3,0.15,2.0,115,26,22.608695652173914,25.914590856784788,12.957295428392394,26
15,240,-10,-50,-80,-50,5,360,0.35,0.15,2.3333333333333335,81,26,32.098765432098766,25.117633709632567,10.764700161271097,26
15,240,-10,-40,-70,-40,10,240,0.4,0.15,2.666666666666667,167,26,15.568862275449103,31.185971831519424,11.694739436819782,26
15,120,-20,-50,-80,-40,10,360,0.35,0.2,1.7499999999999998,98,26,26.53061224489796,27.297407318216933,15.598518467552532,26
60,120,-10,-40,-80,-50,10,240,0.35,0.15,2.3333333333333335,113,26,23.008849557522122,28.203813472883002,12.087348631235573,26
15,120,-20,-50,-80,-40,5,240,0.3,0.2,1.4999999999999998,99,26,26.262626262626267,23.41758860288616,15.611725735257442,26
30,120,-10,-40,-70,-40,10,240,0.35,0.2,1.7499999999999998,87,26,29.88505747126437,25.541631605155015,14.59521806008859,26
60,240,-20,-40,-70,-50,5,360,0.35,0.15,2.3333333333333335,115,26,22.608695652173914,30.23368933291557,12.957295428392394,26
15,240,-10,-50,-80,-50,10,360,0.4,0.2,2.0,80,26,32.5,28.6761061836258,14.3380530918129,26
60,90,-10,-50,-70,-50,5,360,0.3,0.2,1.4999999999999998,118,25,21.1864406779661,23.681003452154155,15.78733563476944,25
15,120,-20,-50,-80,-40,5,360,0.35,0.15,2.3333333333333335,99,25,25.252525252525253,27.320520036700525,11.70879430144308,25
15,240,-10,-50,-80,-50,5,240,0.35,0.2,1.7499999999999998,81,25,30.864197530864196,25.117633709632567,14.352933548361467,25
30,60,-20,-50,-80,-50,10,360,0.3,0.15,2.0,122,25,20.491803278688526,24.072208427197836,12.036104213598918,25
15,120,-20,-50,-80,-40,10,240,0.3,0.2,1.4999999999999998,98,25,25.510204081632654,23.397777701328796,15.598518467552532,25
60,120,-10,-40,-80,-50,5,240,0.35,0.15,2.3333333333333335,123,25,20.32520325203252,28.73845943988355,12.316482617092953,25
30,120,-10,-40,-70,-40,10,360,0.4,0.2,2.0,87,25,28.735632183908045,29.19043612017718,14.59521806008859,25
30,240,-10,-40,-70,-50,5,240,0.4,0.15,2.666666666666667,144,26,18.055555555555554,32.9502243621063,12.35633413578986,25
30,240,-20,-40,-70,-50,5,240,0.4,0.15,2.666666666666667,159,26,16.352201257861633,32.84465470611649,12.316745514793691,25
30,60,-20,-50,-80,-50,10,240,0.3,0.2,1.4999999999999998,122,25,20.491803278688526,24.072208427197836,16.04813895146523,25
60,240,-20,-40,-70,-50,10,240,0.4,0.2,2.0,126,25,19.841269841269842,32.76045160431123,16.380225802155614,25
60,240,-10,-40,-70,-50,10,360,0.4,0.15,2.666666666666667,93,26,27.956989247311824,34.085494851952426,12.78206056948216,25
15,240,-10,-50,-80,-50,10,360,0.4,0.15,2.666666666666667,80,25,31.25,28.6761061836258,10.753539818859673,25
15,240,-20,-50,-80,-50,5,240,0.35,0.2,1.7499999999999998,85,25,29.411764705882355,25.206295582528146,14.403597475730368,25
60,240,-20,-40,-70,-50,5,240,0.3,0.15,2.0,115,25,21.73913043478261,25.914590856784788,12.957295428392394,25
60,240,-10,-40,-70,-50,10,360,0.35,0.15,2.3333333333333335,93,26,27.956989247311824,29.824807995458368,12.78206056948216,25
15,240,-20,-50,-80,-50,10,240,0.35,0.2,1.7499999999999998,84,25,29.761904761904763,25.182550320100717,14.39002875434327,25
60,240,-10,-40,-70,-50,10,360,0.3,0.15,2.0,93,26,27.956989247311824,25.56412113896432,12.78206056948216,25
60,240,-10,-40,-70,-50,10,240,0.3,0.2,1.4999999999999998,93,26,27.956989247311824,25.56412113896432,17.042747425976213,25
15,120,-10,-50,-80,-40,10,240,0.3,0.2,1.4999999999999998,98,25,25.510204081632654,23.397777701328796,15.598518467552532,25
15,120,-10,-50,-80,-40,5,360,0.3,0.15,2.0,99,25,25.252525252525253,23.41758860288616,11.70879430144308,25
15,240,-10,-50,-80,-50,5,360,0.4,0.15,2.666666666666667,81,25,30.864197530864196,28.705867096722933,10.764700161271097,25
15,240,-20,-50,-80,-50,5,360,0.4,0.15,2.666666666666667,85,25,29.411764705882355,28.807194951460737,10.802698106797774,25
60,120,-20,-50,-70,-50,5,360,0.3,0.2,1.4999999999999998,103,25,24.271844660194176,25.675223600067024,17.11681573337802,25
15,120,-20,-50,-80,-40,5,360,0.3,0.15,2.0,99,25,25.252525252525253,23.41758860288616,11.70879430144308,25
15,240,-20,-50,-80,-50,10,360,0.4,0.15,2.666666666666667,84,25,29.761904761904763,28.78005750868654,10.79252156575745,25
60,240,-20,-40,-70,-50,10,240,0.35,0.15,2.3333333333333335,126,26,20.634920634920633,28.665395153772323,12.28516935161671,25
15,120,-10,-50,-80,-40,5,360,0.35,0.15,2.3333333333333335,99,25,25.252525252525253,27.320520036700525,11.70879430144308,25
15,240,-10,-50,-80,-50,10,240,0.35,0.2,1.7499999999999998,80,25,31.25,25.091592910672574,14.3380530918129,25
15,240,-20,-50,-80,-50,10,240,0.35,0.15,2.3333333333333335,84,24,28.57142857142857,25.182550320100717,10.79252156575745,24
60,120,-10,-40,-80,-50,5,240,0.4,0.2,2.0,123,24,19.51219512195122,32.84395364558121,16.421976822790604,24
15,120,-20,-50,-80,-40,5,240,0.3,0.15,2.0,99,24,24.242424242424242,23.41758860288616,11.70879430144308,24
30,60,-20,-50,-80,-50,5,360,0.3,0.2,1.4999999999999998,112,24,21.428571428571427,22.43831546512318,14.958876976748789,24
15,240,-20,-50,-80,-50,5,240,0.35,0.15,2.3333333333333335,85,24,28.235294117647058,25.206295582528146,10.802698106797774,24
15,120,-20,-50,-80,-40,5,360,0.4,0.2,2.0,99,24,24.242424242424242,31.223451470514885,15.611725735257442,24
15,120,-20,-50,-80,-40,5,240,0.35,0.15,2.3333333333333335,99,24,24.242424242424242,27.320520036700525,11.70879430144308,24
60,90,-10,-50,-70,-50,10,360,0.3,0.15,2.0,145,24,16.551724137931036,23.50512336777302,11.75256168388651,24
30,60,-20,-50,-80,-50,5,360,0.3,0.15,2.0,112,24,21.428571428571427,22.43831546512318,11.21915773256159,24
15,120,-20,-50,-80,-40,5,240,0.35,0.2,1.7499999999999998,99,24,24.242424242424242,27.320520036700525,15.611725735257442,24
15,120,-10,-50,-80,-40,5,240,0.3,0.15,2.0,99,24,24.242424242424242,23.41758860288616,11.70879430144308,24
30,60,-20,-50,-80,-50,10,240,0.35,0.2,1.7499999999999998,122,24,19.672131147540984,28.084243165064137,16.04813895146523,24
15,120,-10,-50,-80,-40,5,240,0.35,0.15,2.3333333333333335,99,24,24.242424242424242,27.320520036700525,11.70879430144308,24
15,120,-10,-50,-80,-40,5,240,0.35,0.2,1.7499999999999998,99,24,24.242424242424242,27.320520036700525,15.611725735257442,24
15,120,-10,-50,-80,-40,10,360,0.3,0.15,2.0,98,24,24.489795918367346,23.397777701328796,11.698888850664398,24
30,60,-10,-50,-80,-50,10,360,0.35,0.2,1.7499999999999998,97,25,25.773195876288657,27.70167895140867,15.82953082937639,24
60,240,-10,-40,-70,-50,10,240,0.3,0.15,2.0,93,25,26.881720430107524,25.56412113896432,12.78206056948216,24
30,60,-20,-50,-80,-50,10,360,0.35,0.15,2.3333333333333335,122,24,19.672131147540984,28.084243165064137,12.036104213598918,24
15,240,-10,-50,-80,-50,10,240,0.35,0.15,2.3333333333333335,80,24,30.0,25.091592910672574,10.753539818859673,24
15,120,-20,-50,-80,-40,10,360,0.3,0.15,2.0,98,24,24.489795918367346,23.397777701328796,11.698888850664398,24
30,120,-20,-40,-70,-40,10,360,0.4,0.15,2.666666666666667,97,24,24.742268041237114,30.294371691690483,11.360389384383932,24
15,120,-10,-50,-80,-40,5,360,0.4,0.2,2.0,99,24,24.242424242424242,31.223451470514885,15.611725735257442,24
30,120,-10,-40,-70,-40,10,240,0.35,0.15,2.3333333333333335,87,24,27.586206896551722,25.541631605155015,10.946413545066438,24
60,240,-20,-40,-70,-50,10,240,0.4,0.15,2.666666666666667,126,24,19.047619047619047,32.76045160431123,12.28516935161671,24
60,120,-10,-40,-80,-50,10,240,0.4,0.2,2.0,113,24,21.238938053097346,32.23292968329486,16.11646484164743,24
15,120,-10,-50,-80,-40,10,360,0.35,0.15,2.3333333333333335,98,24,24.489795918367346,27.297407318216933,11.698888850664398,24
30,120,-10,-40,-70,-40,10,240,0.4,0.15,2.666666666666667,87,24,27.586206896551722,29.19043612017718,10.946413545066438,24
15,120,-20,-50,-80,-40,10,360,0.35,0.15,2.3333333333333335,98,24,24.489795918367346,27.297407318216933,11.698888850664398,24
60,120,-20,-50,-70,-50,10,360,0.35,0.2,1.7499999999999998,132,23,17.424242424242426,30.17638467614905,17.243648386370882,23
15,120,-10,-50,-80,-40,10,240,0.3,0.15,2.0,98,23,23.46938775510204,23.397777701328796,11.698888850664398,23
60,120,-20,-50,-70,-50,5,360,0.3,0.15,2.0,103,23,22.330097087378643,25.675223600067024,12.837611800033512,23
60,120,-20,-50,-70,-50,10,240,0.3,0.15,2.0,132,23,17.424242424242426,25.86547257955632,12.93273628977816,23
60,120,-20,-50,-70,-50,10,240,0.3,0.2,1.4999999999999998,132,23,17.424242424242426,25.86547257955632,17.243648386370882,23
60,240,-10,-40,-70,-50,10,240,0.35,0.2,1.7499999999999998,93,23,24.731182795698924,29.824807995458368,17.042747425976213,23
15,120,-10,-50,-80,-40,10,240,0.35,0.2,1.7499999999999998,98,23,23.46938775510204,27.297407318216933,15.598518467552532,23
15,120,-20,-50,-80,-40,10,240,0.35,0.15,2.3333333333333335,98,23,23.46938775510204,27.297407318216933,11.698888850664398,23
15,120,-20,-50,-80,-40,10,240,0.35,0.2,1.7499999999999998,98,23,23.46938775510204,27.297407318216933,15.598518467552532,23
15,120,-10,-50,-80,-40,10,360,0.4,0.2,2.0,98,23,23.46938775510204,31.197036935105064,15.598518467552532,23
15,120,-10,-50,-80,-40,10,240,0.35,0.15,2.3333333333333335,98,23,23.46938775510204,27.297407318216933,11.698888850664398,23
15,120,-20,-50,-80,-40,10,360,0.4,0.2,2.0,98,23,23.46938775510204,31.197036935105064,15.598518467552532,23
60,90,-10,-50,-70,-50,5,360,0.3,0.15,2.0,118,23,19.491525423728813,23.681003452154155,11.840501726077077,23
15,120,-20,-50,-80,-40,10,240,0.3,0.15,2.0,98,23,23.46938775510204,23.397777701328796,11.698888850664398,23
15,120,-20,-50,-80,-40,5,360,0.4,0.15,2.666666666666667,99,23,23.232323232323232,31.223451470514885,11.70879430144308,23
60,120,-10,-40,-80,-50,10,240,0.4,0.15,2.666666666666667,113,23,20.353982300884958,32.23292968329486,12.087348631235573,23
15,240,-10,-50,-80,-50,5,240,0.35,0.15,2.3333333333333335,81,24,29.629629629629626,25.117633709632567,10.764700161271097,23
60,90,-10,-50,-70,-50,5,240,0.3,0.2,1.4999999999999998,118,23,19.491525423728813,23.681003452154155,15.78733563476944,23
30,60,-10,-50,-80,-50,5,360,0.35,0.2,1.7499999999999998,91,23,25.274725274725274,25.554647311344656,14.602655606482665,23
15,120,-10,-50,-80,-40,5,360,0.4,0.15,2.666666666666667,99,23,23.232323232323232,31.223451470514885,11.70879430144308,23
30,60,-20,-50,-80,-50,5,360,0.35,0.2,1.7499999999999998,112,23,20.535714285714285,26.178034709310374,14.958876976748789,23
60,120,-10,-50,-70,-50,10,360,0.3,0.2,1.4999999999999998,96,23,23.958333333333336,26.924886925518905,17.949924617012606,23
60,90,-20,-50,-70,-50,5,240,0.35,0.2,1.7499999999999998,182,23,12.637362637362637,31.18266019468248,17.81866296838999,23
60,120,-10,-40,-80,-50,5,240,0.4,0.15,2.666666666666667,123,23,18.69918699186992,32.84395364558121,12.316482617092953,23
30,60,-20,-50,-80,-50,5,360,0.35,0.15,2.3333333333333335,112,23,20.535714285714285,26.178034709310374,11.21915773256159,23
30,60,-10,-50,-80,-50,5,360,0.3,0.15,2.0,91,23,25.274725274725274,21.903983409724,10.951991704862,23
30,60,-10,-50,-80,-50,5,360,0.3,0.2,1.4999999999999998,91,23,25.274725274725274,21.903983409724,14.602655606482665,23
30,60,-10,-50,-80,-50,5,360,0.35,0.15,2.3333333333333335,91,23,25.274725274725274,25.554647311344656,10.951991704862,23
15,120,-10,-50,-80,-40,10,360,0.4,0.15,2.666666666666667,98,22,22.448979591836736,31.197036935105064,11.698888850664398,22
60,90,-10,-50,-70,-50,10,240,0.3,0.2,1.4999999999999998,145,22,15.172413793103448,23.50512336777302,15.670082245182014,22
60,90,-20,-50,-70,-50,10,240,0.4,0.2,2.0,216,22,10.185185185185185,33.52508049164225,16.762540245821125,22
60,120,-10,-50,-70,-50,5,360,0.3,0.2,1.4999999999999998,72,22,30.555555555555557,23.2347539452947,15.4898359635298,22
15,240,-20,-40,-80,-40,5,360,0.3,0.2,1.4999999999999998,58,22,37.93103448275862,22.533790720949042,15.022527147299364,22
60,90,-20,-50,-70,-50,10,240,0.4,0.15,2.666666666666667,216,22,10.185185185185185,33.52508049164225,12.571905184365843,22
60,240,-10,-40,-70,-50,10,240,0.35,0.15,2.3333333333333335,93,22,23.655913978494624,29.824807995458368,12.78206056948216,22
60,90,-20,-50,-70,-50,5,240,0.35,0.15,2.3333333333333335,182,22,12.087912087912088,31.18266019468248,13.363997226292494,22
30,120,-10,-40,-70,-40,10,360,0.4,0.15,2.666666666666667,87,22,25.287356321839084,29.19043612017718,10.946413545066438,22
15,120,-20,-50,-80,-40,10,360,0.4,0.15,2.666666666666667,98,22,22.448979591836736,31.197036935105064,11.698888850664398,22
30,60,-10,-50,-80,-50,10,360,0.3,0.15,2.0,97,23,23.711340206185564,23.744296244064586,11.872148122032293,22
30,60,-10,-50,-80,-50,10,240,0.3,0.2,1.4999999999999998,97,22,22.68041237113402,23.744296244064586,15.82953082937639,22
30,60,-10,-50,-80,-50,10,360,0.35,0.15,2.3333333333333335,97,22,22.68041237113402,27.70167895140867,11.872148122032293,22
15,240,-10,-50,-80,-50,5,240,0.4,0.2,2.0,81,21,25.925925925925924,28.705867096722933,14.352933548361467,21
15,240,-20,-50,-80,-50,10,240,0.4,0.2,2.0,84,21,25.0,28.78005750868654,14.39002875434327,21
30,60,-10,-50,-80,-50,10,240,0.35,0.2,1.7499999999999998,97,21,21.649484536082475,27.70167895140867,15.82953082937639,21
30,60,-20,-50,-80,-50,5,240,0.3,0.2,1.4999999999999998,112,21,18.75,22.43831546512318,14.958876976748789,21
15,120,-20,-50,-80,-40,5,240,0.4,0.15,2.666666666666667,99,21,21.21212121212121,31.223451470514885,11.70879430144308,21
15,120,-20,-50,-80,-40,5,240,0.4,0.2,2.0,99,21,21.21212121212121,31.223451470514885,15.611725735257442,21
60,240,-20,-40,-70,-50,5,240,0.35,0.2,1.7499999999999998,115,21,18.26086956521739,30.23368933291557,17.27639390452319,21
30,60,-20,-50,-80,-50,5,240,0.35,0.2,1.7499999999999998,112,21,18.75,26.178034709310374,14.958876976748789,21
60,90,-10,-50,-70,-50,10,240,0.3,0.15,2.0,145,21,14.482758620689657,23.50512336777302,11.75256168388651,21
15,240,-20,-50,-80,-50,5,240,0.4,0.2,2.0,85,21,24.705882352941178,28.807194951460737,14.403597475730368,21
60,240,-10,-40,-70,-50,10,240,0.4,0.2,2.0,93,21,22.58064516129032,34.085494851952426,17.042747425976213,21
60,90,-10,-50,-70,-50,5,240,0.3,0.15,2.0,118,21,17.796610169491526,23.681003452154155,11.840501726077077,21
15,240,-20,-40,-80,-40,10,360,0.3,0.2,1.4999999999999998,56,21,37.5,22.855979868110925,15.237319912073954,21
30,60,-20,-50,-80,-50,10,360,0.4,0.15,2.666666666666667,122,21,17.21311475409836,32.09627790293046,12.036104213598918,21
30,60,-20,-50,-80,-50,10,360,0.4,0.2,2.0,122,21,17.21311475409836,32.09627790293046,16.04813895146523,21
15,120,-10,-50,-80,-40,5,240,0.4,0.15,2.666666666666667,99,21,21.21212121212121,31.223451470514885,11.70879430144308,21
15,120,-10,-50,-80,-40,5,240,0.4,0.2,2.0,99,21,21.21212121212121,31.223451470514885,15.611725735257442,21
30,60,-20,-50,-80,-50,10,240,0.3,0.15,2.0,122,21,17.21311475409836,24.072208427197836,12.036104213598918,21
15,240,-10,-50,-80,-50,10,240,0.4,0.2,2.0,80,21,26.25,28.6761061836258,14.3380530918129,21
60,120,-20,-50,-70,-50,10,240,0.35,0.2,1.7499999999999998,132,20,15.151515151515152,30.17638467614905,17.243648386370882,20
30,60,-20,-50,-80,-50,5,240,0.35,0.15,2.3333333333333335,112,20,17.857142857142858,26.178034709310374,11.21915773256159,20
30,60,-10,-50,-80,-50,5,240,0.35,0.15,2.3333333333333335,91,20,21.978021978021978,25.554647311344656,10.951991704862,20
30,60,-20,-40,-80,-40,5,360,0.3,0.2,1.4999999999999998,79,20,25.31645569620253,22.022870846514795,14.681913897676528,20
60,240,-20,-40,-70,-50,5,240,0.4,0.2,2.0,115,20,17.391304347826086,34.55278780904638,17.27639390452319,20
30,60,-20,-50,-80,-50,5,240,0.3,0.15,2.0,112,20,17.857142857142858,22.43831546512318,11.21915773256159,20
15,120,-20,-50,-80,-40,10,240,0.4,0.15,2.666666666666667,98,20,20.408163265306122,31.197036935105064,11.698888850664398,20
60,120,-10,-50,-70,-50,5,360,0.3,0.15,2.0,72,20,27.77777777777778,23.2347539452947,11.61737697264735,20
15,120,-20,-50,-80,-40,10,240,0.4,0.2,2.0,98,20,20.408163265306122,31.197036935105064,15.598518467552532,20
60,240,-20,-40,-70,-50,5,240,0.35,0.15,2.3333333333333335,115,20,17.391304347826086,30.23368933291557,12.957295428392394,20
30,60,-20,-40,-80,-40,5,360,0.3,0.15,2.0,79,20,25.31645569620253,22.022870846514795,11.011435423257398,20
15,120,-10,-50,-80,-40,10,240,0.4,0.15,2.666666666666667,98,20,20.408163265306122,31.197036935105064,11.698888850664398,20
15,240,-10,-40,-80,-40,10,360,0.3,0.2,1.4999999999999998,55,20,36.36363636363637,22.627673654766735,15.08511576984449,20
60,120,-20,-50,-70,-50,10,240,0.35,0.15,2.3333333333333335,132,20,15.151515151515152,30.17638467614905,12.93273628977816,20
15,240,-10,-40,-80,-40,5,360,0.3,0.2,1.4999999999999998,57,21,36.84210526315789,22.307842810754437,14.87189520716963,20
30,60,-10,-50,-80,-50,5,240,0.3,0.2,1.4999999999999998,91,20,21.978021978021978,21.903983409724,14.602655606482665,20
30,60,-10,-40,-80,-40,5,360,0.3,0.2,1.4999999999999998,69,20,28.985507246376812,20.33435139693231,13.556234264621539,20
30,60,-10,-40,-80,-40,5,360,0.3,0.15,2.0,69,20,28.985507246376812,20.33435139693231,10.167175698466155,20
30,60,-10,-50,-80,-50,5,240,0.3,0.15,2.0,91,20,21.978021978021978,21.903983409724,10.951991704862,20
30,60,-10,-50,-80,-50,5,240,0.35,0.2,1.7499999999999998,91,20,21.978021978021978,25.554647311344656,14.602655606482665,20
15,120,-10,-50,-80,-40,10,240,0.4,0.2,2.0,98,20,20.408163265306122,31.197036935105064,15.598518467552532,20
15,240,-10,-50,-80,-50,5,240,0.4,0.15,2.666666666666667,81,20,24.691358024691358,28.705867096722933,10.764700161271097,20
15,240,-10,-50,-80,-50,10,240,0.4,0.15,2.666666666666667,80,20,25.0,28.6761061836258,10.753539818859673,20
30,60,-20,-50,-70,-40,5,360,0.3,0.2,1.4999999999999998,71,20,28.169014084507044,20.729355730971104,13.819570487314072,20
30,60,-10,-50,-80,-50,10,360,0.4,0.15,2.666666666666667,97,19,19.587628865979383,31.65906165875278,11.872148122032293,19
30,60,-10,-50,-80,-50,10,240,0.3,0.15,2.0,97,19,19.587628865979383,23.744296244064586,11.872148122032293,19
15,240,-20,-50,-80,-50,5,240,0.4,0.15,2.666666666666667,85,20,23.52941176470588,28.807194951460737,10.802698106797774,19
15,240,-20,-40,-80,-40,5,240,0.3,0.2,1.4999999999999998,58,19,32.758620689655174,22.533790720949042,15.022527147299364,19
30,60,-10,-50,-80,-50,5,360,0.4,0.2,2.0,91,19,20.87912087912088,29.20531121296533,14.602655606482665,19
30,60,-10,-50,-70,-40,5,360,0.3,0.2,1.4999999999999998,65,19,29.230769230769234,20.75825427433436,13.838836182889573,19
30,60,-10,-50,-80,-50,5,360,0.4,0.15,2.666666666666667,91,19,20.87912087912088,29.20531121296533,10.951991704862,19
30,60,-10,-50,-80,-50,10,360,0.4,0.2,2.0,97,19,19.587628865979383,31.65906165875278,15.82953082937639,19
15,240,-20,-40,-80,-40,5,360,0.3,0.15,2.0,58,19,32.758620689655174,22.533790720949042,11.266895360474521,19
30,60,-20,-50,-80,-50,5,360,0.4,0.15,2.666666666666667,112,19,16.964285714285715,29.917753953497577,11.21915773256159,19
15,240,-10,-50,-70,-40,5,360,0.3,0.2,1.4999999999999998,76,19,25.0,20.359183940438744,13.572789293625831,19
30,60,-20,-50,-80,-50,5,360,0.4,0.2,2.0,112,19,16.964285714285715,29.917753953497577,14.958876976748789,19
30,60,-20,-50,-80,-50,10,240,0.35,0.15,2.3333333333333335,122,20,16.39344262295082,28.084243165064137,12.036104213598918,19
15,240,-20,-50,-70,-40,5,360,0.3,0.2,1.4999999999999998,76,19,25.0,20.359183940438744,13.572789293625831,19
15,240,-10,-50,-70,-40,5,240,0.3,0.2,1.4999999999999998,76,19,25.0,20.359183940438744,13.572789293625831,19
15,240,-20,-50,-70,-40,5,240,0.3,0.2,1.4999999999999998,76,19,25.0,20.359183940438744,13.572789293625831,19
60,90,-20,-50,-70,-50,5,240,0.4,0.2,2.0,182,19,10.43956043956044,35.63732593677998,17.81866296838999,19
15,240,-20,-50,-80,-50,10,240,0.4,0.15,2.666666666666667,84,20,23.809523809523807,28.78005750868654,10.79252156575745,19
30,60,-10,-40,-80,-40,5,360,0.35,0.2,1.7499999999999998,69,19,27.536231884057973,23.723409963087693,13.556234264621539,19
30,60,-10,-40,-80,-40,5,360,0.35,0.15,2.3333333333333335,69,19,27.536231884057973,23.723409963087693,10.167175698466155,19
60,90,-10,-50,-70,-50,10,360,0.35,0.2,1.7499999999999998,145,19,13.10344827586207,27.422643929068517,15.670082245182014,19
60,120,-20,-50,-70,-50,5,360,0.35,0.2,1.7499999999999998,103,20,19.41747572815534,29.954427533411526,17.11681573337802,19
60,120,-20,-50,-70,-50,5,240,0.3,0.2,1.4999999999999998,103,20,19.41747572815534,25.675223600067024,17.11681573337802,19
60,240,-10,-40,-70,-50,10,240,0.4,0.15,2.666666666666667,93,20,21.50537634408602,34.085494851952426,12.78206056948216,19
30,60,-20,-40,-80,-40,5,360,0.35,0.15,2.3333333333333335,79,19,24.050632911392405,25.693349320933926,11.011435423257398,19
30,60,-20,-40,-80,-40,5,360,0.35,0.2,1.7499999999999998,79,19,24.050632911392405,25.693349320933926,14.681913897676528,19
15,240,-20,-50,-70,-40,10,240,0.3,0.2,1.4999999999999998,75,18,24.0,20.45766314908708,13.638442099391387,18
15,240,-10,-40,-80,-40,10,360,0.3,0.15,2.0,55,18,32.72727272727273,22.627673654766735,11.313836827383367,18
15,240,-20,-40,-80,-40,10,240,0.3,0.2,1.4999999999999998,56,18,32.142857142857146,22.855979868110925,15.237319912073954,18
60,120,-10,-50,-70,-50,10,360,0.3,0.15,2.0,96,19,19.791666666666664,26.924886925518905,13.462443462759452,18
15,240,-10,-50,-70,-40,10,360,0.3,0.2,1.4999999999999998,75,18,24.0,20.45766314908708,13.638442099391387,18
15,240,-20,-40,-80,-40,10,360,0.3,0.15,2.0,56,18,32.142857142857146,22.855979868110925,11.427989934055462,18
15,240,-10,-40,-80,-40,5,240,0.3,0.2,1.4999999999999998,57,18,31.57894736842105,22.307842810754437,14.87189520716963,18
60,240,-10,-40,-70,-50,5,360,0.3,0.2,1.4999999999999998,80,18,22.5,27.630197750724385,18.42013183381626,18
15,240,-10,-40,-80,-40,5,360,0.3,0.15,2.0,57,19,33.33333333333333,22.307842810754437,11.153921405377218,18
60,90,-20,-50,-70,-50,5,240,0.4,0.15,2.666666666666667,182,18,9.89010989010989,35.63732593677998,13.363997226292494,18
60,240,-10,-40,-70,-50,5,360,0.35,0.2,1.7499999999999998,80,18,22.5,32.23523070917845,18.42013183381626,18
60,120,-10,-50,-70,-50,10,360,0.35,0.2,1.7499999999999998,96,18,18.75,31.41236807977206,17.949924617012606,18
60,240,-10,-40,-70,-50,5,360,0.4,0.2,2.0,80,18,22.5,36.84026366763252,18.42013183381626,18
60,120,-20,-50,-70,-50,5,360,0.35,0.15,2.3333333333333335,103,18,17.475728155339805,29.954427533411526,12.837611800033512,18
60,120,-20,-50,-70,-50,5,240,0.35,0.2,1.7499999999999998,103,18,17.475728155339805,29.954427533411526,17.11681573337802,18
60,240,-20,-40,-70,-50,5,240,0.4,0.15,2.666666666666667,115,19,16.52173913043478,34.55278780904638,12.957295428392394,18
30,60,-10,-50,-80,-50,10,240,0.35,0.15,2.3333333333333335,97,18,18.556701030927837,27.70167895140867,11.872148122032293,18
60,90,-10,-50,-70,-50,10,240,0.35,0.2,1.7499999999999998,145,18,12.413793103448276,27.422643929068517,15.670082245182014,18
60,90,-10,-50,-70,-50,10,240,0.35,0.15,2.3333333333333335,145,18,12.413793103448276,27.422643929068517,11.75256168388651,18
60,90,-10,-50,-70,-50,5,360,0.35,0.2,1.7499999999999998,118,19,16.101694915254235,27.627837360846513,15.78733563476944,18
60,120,-20,-50,-70,-50,5,240,0.3,0.15,2.0,103,18,17.475728155339805,25.675223600067024,12.837611800033512,18
60,120,-10,-50,-70,-50,5,240,0.3,0.2,1.4999999999999998,72,18,25.0,23.2347539452947,15.4898359635298,18
60,120,-10,-50,-70,-50,5,360,0.35,0.2,1.7499999999999998,72,18,25.0,27.107212936177152,15.4898359635298,18
15,240,-20,-50,-70,-40,10,360,0.3,0.2,1.4999999999999998,75,18,24.0,20.45766314908708,13.638442099391387,18
15,240,-10,-50,-70,-40,10,240,0.3,0.2,1.4999999999999998,75,18,24.0,20.45766314908708,13.638442099391387,18
15,240,-10,-40,-80,-40,5,240,0.3,0.15,2.0,57,17,29.82456140350877,22.307842810754437,11.153921405377218,17
30,60,-20,-50,-70,-40,10,360,0.3,0.2,1.4999999999999998,68,17,25.0,20.259978018563192,13.506652012375465,17
60,240,-10,-40,-70,-50,5,360,0.4,0.15,2.666666666666667,80,17,21.25,36.84026366763252,13.815098875362192,17
60,120,-10,-50,-70,-50,5,240,0.35,0.2,1.7499999999999998,72,17,23.61111111111111,27.107212936177152,15.4898359635298,17
60,240,-10,-40,-70,-50,5,360,0.35,0.15,2.3333333333333335,80,17,21.25,32.23523070917845,13.815098875362192,17
60,120,-20,-50,-70,-50,10,240,0.4,0.15,2.666666666666667,132,17,12.878787878787879,34.487296772741765,12.93273628977816,17
60,120,-20,-50,-70,-50,5,240,0.35,0.15,2.3333333333333335,103,17,16.50485436893204,29.954427533411526,12.837611800033512,17
60,120,-20,-50,-70,-50,10,360,0.4,0.2,2.0,132,17,12.878787878787879,34.487296772741765,17.243648386370882,17
60,120,-20,-50,-70,-50,10,240,0.4,0.2,2.0,132,17,12.878787878787879,34.487296772741765,17.243648386370882,17
60,120,-10,-50,-70,-50,10,240,0.35,0.2,1.7499999999999998,96,17,17.708333333333336,31.41236807977206,17.949924617012606,17
60,240,-10,-40,-70,-50,5,360,0.3,0.15,2.0,80,17,21.25,27.630197750724385,13.815098875362192,17
60,120,-10,-50,-70,-50,10,240,0.3,0.15,2.0,96,17,17.708333333333336,26.924886925518905,13.462443462759452,17
60,240,-10,-40,-70,-50,5,240,0.3,0.2,1.4999999999999998,80,17,21.25,27.630197750724385,18.42013183381626,17
60,120,-10,-50,-70,-50,10,240,0.35,0.15,2.3333333333333335,96,17,17.708333333333336,31.41236807977206,13.462443462759452,17
60,120,-10,-50,-70,-50,10,240,0.3,0.2,1.4999999999999998,96,17,17.708333333333336,26.924886925518905,17.949924617012606,17
60,120,-20,-50,-70,-50,10,360,0.35,0.15,2.3333333333333335,132,18,13.636363636363635,30.17638467614905,12.93273628977816,17
60,120,-20,-50,-70,-50,5,240,0.4,0.2,2.0,103,17,16.50485436893204,34.23363146675604,17.11681573337802,17
15,240,-20,-50,-70,-40,5,360,0.3,0.15,2.0,76,18,23.684210526315788,20.359183940438744,10.179591970219372,17
60,90,-10,-50,-70,-50,10,360,0.35,0.15,2.3333333333333335,145,17,11.724137931034482,27.422643929068517,11.75256168388651,17
15,240,-20,-50,-70,-40,5,360,0.35,0.2,1.7499999999999998,76,17,22.36842105263158,23.752381263845205,13.572789293625831,17
15,240,-10,-50,-70,-40,5,360,0.3,0.15,2.0,76,18,23.684210526315788,20.359183940438744,10.179591970219372,17
30,60,-10,-50,-70,-40,5,360,0.3,0.15,2.0,65,17,26.153846153846157,20.75825427433436,10.37912713716718,17
15,240,-10,-50,-70,-40,5,360,0.35,0.2,1.7499999999999998,76,17,22.36842105263158,23.752381263845205,13.572789293625831,17
60,90,-10,-50,-70,-50,5,360,0.35,0.15,2.3333333333333335,118,17,14.40677966101695,27.627837360846513,11.840501726077077,17
30,60,-20,-40,-80,-40,5,360,0.4,0.2,2.0,79,16,20.253164556962027,29.363827795353057,14.681913897676528,16
30,60,-10,-50,-70,-40,5,360,0.4,0.2,2.0,65,16,24.615384615384617,27.677672365779145,13.838836182889573,16
30,60,-20,-40,-80,-40,5,360,0.4,0.15,2.666666666666667,79,16,20.253164556962027,29.363827795353057,11.011435423257398,16
15,240,-10,-40,-80,-40,10,240,0.3,0.2,1.4999999999999998,55,17,30.909090909090907,22.627673654766735,15.08511576984449,16
15,240,-10,-40,-80,-40,10,240,0.3,0.15,2.0,55,16,29.09090909090909,22.627673654766735,11.313836827383367,16
30,60,-10,-50,-70,-40,5,360,0.35,0.2,1.7499999999999998,65,16,24.615384615384617,24.217963320056747,13.838836182889573,16
15,240,-20,-50,-70,-40,10,360,0.3,0.15,2.0,75,17,22.666666666666664,20.45766314908708,10.22883157454354,16
30,60,-10,-40,-80,-40,5,360,0.4,0.15,2.666666666666667,69,16,23.18840579710145,27.112468529243078,10.167175698466155,16
15,240,-20,-50,-70,-40,10,360,0.35,0.2,1.7499999999999998,75,16,21.333333333333336,23.86727367393493,13.638442099391387,16
15,240,-20,-40,-80,-40,5,360,0.35,0.2,1.7499999999999998,58,16,27.586206896551722,26.289422507773885,15.022527147299364,16
15,240,-10,-50,-70,-40,10,360,0.35,0.2,1.7499999999999998,75,16,21.333333333333336,23.86727367393493,13.638442099391387,16
60,120,-10,-50,-70,-50,5,240,0.3,0.15,2.0,72,16,22.22222222222222,23.2347539452947,11.61737697264735,16
60,120,-10,-50,-70,-50,5,240,0.35,0.15,2.3333333333333335,72,16,22.22222222222222,27.107212936177152,11.61737697264735,16
30,60,-10,-40,-80,-40,5,360,0.4,0.2,2.0,69,16,23.18840579710145,27.112468529243078,13.556234264621539,16
60,120,-10,-50,-70,-50,5,240,0.4,0.2,2.0,72,16,22.22222222222222,30.9796719270596,15.4898359635298,16
15,240,-10,-50,-70,-40,10,360,0.3,0.15,2.0,75,17,22.666666666666664,20.45766314908708,10.22883157454354,16
15,240,-20,-40,-80,-40,10,240,0.3,0.15,2.0,56,16,28.57142857142857,22.855979868110925,11.427989934055462,16
60,240,-10,-40,-70,-50,5,240,0.3,0.15,2.0,80,16,20.0,27.630197750724385,13.815098875362192,16
30,60,-20,-50,-70,-40,5,360,0.4,0.2,2.0,71,17,23.943661971830984,27.639140974628145,13.819570487314072,16
30,60,-20,-50,-70,-40,5,240,0.3,0.2,1.4999999999999998,71,16,22.535211267605636,20.729355730971104,13.819570487314072,16
30,60,-20,-50,-70,-40,5,360,0.3,0.15,2.0,71,17,23.943661971830984,20.729355730971104,10.364677865485552,16
60,90,-10,-50,-70,-50,5,240,0.35,0.2,1.7499999999999998,118,16,13.559322033898304,27.627837360846513,15.78733563476944,16
30,60,-20,-50,-70,-40,5,360,0.35,0.2,1.7499999999999998,71,17,23.943661971830984,24.184248352799617,13.819570487314072,16
60,120,-10,-50,-70,-50,5,360,0.35,0.15,2.3333333333333335,72,16,22.22222222222222,27.107212936177152,11.61737697264735,16
15,240,-20,-40,-80,-40,5,240,0.3,0.15,2.0,58,17,29.310344827586203,22.533790720949042,11.266895360474521,16
60,90,-10,-50,-70,-50,5,360,0.4,0.2,2.0,118,16,13.559322033898304,31.57467126953888,15.78733563476944,16
60,120,-20,-50,-70,-50,5,240,0.4,0.15,2.666666666666667,103,16,15.53398058252427,34.23363146675604,12.837611800033512,15
15,240,-10,-50,-70,-40,5,360,0.35,0.15,2.3333333333333335,76,16,21.052631578947366,23.752381263845205,10.179591970219372,15
15,240,-10,-50,-70,-40,5,240,0.35,0.2,1.7499999999999998,76,16,21.052631578947366,23.752381263845205,13.572789293625831,15
60,120,-10,-50,-70,-50,5,360,0.4,0.2,2.0,72,15,20.833333333333336,30.9796719270596,15.4898359635298,15
30,60,-20,-40,-80,-40,10,360,0.35,0.2,1.7499999999999998,67,15,22.388059701492537,27.540499796265973,15.73742845500913,15
15,240,-20,-50,-70,-40,5,240,0.4,0.2,2.0,76,15,19.736842105263158,27.145578587251663,13.572789293625831,15
15,240,-10,-50,-70,-40,5,240,0.4,0.2,2.0,76,15,19.736842105263158,27.145578587251663,13.572789293625831,15
60,90,-10,-50,-70,-50,5,360,0.4,0.15,2.666666666666667,118,15,12.711864406779661,31.57467126953888,11.840501726077077,15
15,240,-10,-50,-70,-40,10,240,0.3,0.15,2.0,75,15,20.0,20.45766314908708,10.22883157454354,15
15,240,-10,-50,-70,-40,10,360,0.35,0.15,2.3333333333333335,75,15,20.0,23.86727367393493,10.22883157454354,15
60,90,-10,-50,-70,-50,5,240,0.35,0.15,2.3333333333333335,118,15,12.711864406779661,27.627837360846513,11.840501726077077,15
15,240,-10,-50,-70,-40,5,360,0.4,0.15,2.666666666666667,76,15,19.736842105263158,27.145578587251663,10.179591970219372,15
30,60,-20,-40,-80,-40,10,360,0.3,0.2,1.4999999999999998,67,15,22.388059701492537,23.606142682513696,15.73742845500913,15
15,240,-10,-50,-70,-40,5,360,0.4,0.2,2.0,76,15,19.736842105263158,27.145578587251663,13.572789293625831,15
15,240,-10,-50,-70,-40,10,240,0.35,0.2,1.7499999999999998,75,15,20.0,23.86727367393493,13.638442099391387,15
60,120,-20,-50,-70,-50,5,360,0.4,0.2,2.0,103,16,15.53398058252427,34.23363146675604,17.11681573337802,15
15,240,-20,-50,-70,-40,5,240,0.35,0.2,1.7499999999999998,76,16,21.052631578947366,23.752381263845205,13.572789293625831,15
60,120,-10,-50,-70,-50,5,240,0.4,0.15,2.666666666666667,72,15,20.833333333333336,30.9796719270596,11.61737697264735,15
15,240,-10,-50,-70,-40,5,240,0.3,0.15,2.0,76,16,21.052631578947366,20.359183940438744,10.179591970219372,15
30,60,-20,-50,-70,-40,10,360,0.35,0.2,1.7499999999999998,68,15,22.058823529411764,23.636641021657056,13.506652012375465,15
15,240,-10,-40,-80,-40,5,360,0.35,0.2,1.7499999999999998,57,15,26.31578947368421,26.025816612546848,14.87189520716963,15
15,240,-20,-50,-70,-40,10,360,0.35,0.15,2.3333333333333335,75,15,20.0,23.86727367393493,10.22883157454354,15
30,60,-20,-50,-80,-50,5,240,0.4,0.2,2.0,112,15,13.392857142857142,29.917753953497577,14.958876976748789,15
15,240,-20,-50,-70,-40,10,240,0.35,0.2,1.7499999999999998,75,15,20.0,23.86727367393493,13.638442099391387,15
30,60,-10,-50,-70,-40,10,360,0.3,0.2,1.4999999999999998,62,15,24.193548387096776,20.239082725442287,13.49272181696153,15
15,240,-20,-50,-70,-40,10,240,0.3,0.15,2.0,75,15,20.0,20.45766314908708,10.22883157454354,15
15,240,-20,-50,-70,-40,5,360,0.4,0.2,2.0,76,15,19.736842105263158,27.145578587251663,13.572789293625831,15
15,240,-20,-40,-80,-40,10,360,0.35,0.2,1.7499999999999998,56,15,26.785714285714285,26.665309846129414,15.237319912073954,15
15,240,-20,-50,-70,-40,5,360,0.4,0.15,2.666666666666667,76,15,19.736842105263158,27.145578587251663,10.179591970219372,15
15,240,-20,-50,-70,-40,5,360,0.35,0.15,2.3333333333333335,76,16,21.052631578947366,23.752381263845205,10.179591970219372,15
30,60,-10,-50,-70,-40,5,240,0.3,0.2,1.4999999999999998,65,15,23.076923076923077,20.75825427433436,13.838836182889573,15
15,240,-20,-50,-70,-40,5,240,0.3,0.15,2.0,76,16,21.052631578947366,20.359183940438744,10.179591970219372,15
30,60,-20,-50,-70,-40,10,360,0.4,0.2,2.0,68,15,22.058823529411764,27.01330402475093,13.506652012375465,15
30,90,-20,-50,-80,-50,5,360,0.3,0.2,1.4999999999999998,50,14,28.000000000000004,23.422610764672996,15.615073843115331,14
30,60,-10,-50,-80,-50,5,240,0.4,0.2,2.0,91,14,15.384615384615385,29.20531121296533,14.602655606482665,14
30,60,-10,-40,-80,-40,5,240,0.35,0.2,1.7499999999999998,69,14,20.28985507246377,23.723409963087693,13.556234264621539,14
60,240,-10,-40,-70,-50,5,240,0.35,0.2,1.7499999999999998,80,14,17.5,32.23523070917845,18.42013183381626,14
30,60,-10,-40,-80,-40,5,240,0.35,0.15,2.3333333333333335,69,14,20.28985507246377,23.723409963087693,10.167175698466155,14
60,90,-10,-50,-70,-50,5,240,0.4,0.2,2.0,118,14,11.864406779661017,31.57467126953888,15.78733563476944,14
15,240,-10,-40,-80,-40,10,360,0.35,0.2,1.7499999999999998,55,14,25.454545454545453,26.39895259722786,15.08511576984449,14
30,60,-20,-50,-80,-50,10,240,0.4,0.2,2.0,122,14,11.475409836065573,32.09627790293046,16.04813895146523,14
30,60,-20,-50,-70,-40,5,360,0.4,0.15,2.666666666666667,71,14,19.718309859154928,27.639140974628145,10.364677865485552,14
30,60,-10,-50,-80,-50,5,240,0.4,0.15,2.666666666666667,91,14,15.384615384615385,29.20531121296533,10.951991704862,14
15,240,-20,-40,-80,-40,5,240,0.35,0.2,1.7499999999999998,58,14,24.137931034482758,26.289422507773885,15.022527147299364,14
30,60,-10,-40,-80,-40,5,240,0.3,0.2,1.4999999999999998,69,14,20.28985507246377,20.33435139693231,13.556234264621539,14
30,60,-20,-50,-70,-40,5,240,0.3,0.15,2.0,71,14,19.718309859154928,20.729355730971104,10.364677865485552,14
30,60,-20,-50,-70,-40,5,360,0.35,0.15,2.3333333333333335,71,14,19.718309859154928,24.184248352799617,10.364677865485552,14
30,60,-10,-40,-80,-40,5,240,0.3,0.15,2.0,69,14,20.28985507246377,20.33435139693231,10.167175698466155,14
15,240,-20,-40,-80,-40,5,360,0.4,0.2,2.0,58,14,24.137931034482758,30.045054294598728,15.022527147299364,14
15,240,-20,-50,-70,-40,10,360,0.4,0.2,2.0,75,14,18.666666666666668,27.276884198782774,13.638442099391387,14
60,120,-10,-50,-70,-50,10,240,0.4,0.2,2.0,96,14,14.583333333333334,35.89984923402521,17.949924617012606,14
15,240,-20,-50,-70,-40,10,360,0.4,0.15,2.666666666666667,75,14,18.666666666666668,27.276884198782774,10.22883157454354,14
60,120,-10,-50,-70,-50,10,360,0.35,0.15,2.3333333333333335,96,14,14.583333333333334,31.41236807977206,13.462443462759452,14
15,240,-10,-50,-70,-40,10,240,0.4,0.2,2.0,75,14,18.666666666666668,27.276884198782774,13.638442099391387,14
60,120,-20,-50,-70,-50,5,360,0.4,0.15,2.666666666666667,103,15,14.563106796116504,34.23363146675604,12.837611800033512,14
15,240,-10,-50,-70,-40,10,360,0.4,0.15,2.666666666666667,75,14,18.666666666666668,27.276884198782774,10.22883157454354,14
30,60,-10,-50,-70,-40,5,360,0.35,0.15,2.3333333333333335,65,14,21.53846153846154,24.217963320056747,10.37912713716718,14
30,60,-10,-50,-70,-40,5,360,0.4,0.15,2.666666666666667,65,14,21.53846153846154,27.677672365779145,10.37912713716718,14
60,120,-10,-50,-70,-50,10,240,0.4,0.15,2.666666666666667,96,14,14.583333333333334,35.89984923402521,13.462443462759452,14
60,90,-10,-50,-70,-50,10,360,0.4,0.2,2.0,145,14,9.655172413793103,31.340164490364028,15.670082245182014,14
15,240,-10,-50,-70,-40,10,360,0.4,0.2,2.0,75,14,18.666666666666668,27.276884198782774,13.638442099391387,14
60,120,-20,-50,-70,-50,10,360,0.4,0.15,2.666666666666667,132,14,10.606060606060606,34.487296772741765,12.93273628977816,14
60,90,-10,-50,-70,-50,10,360,0.4,0.15,2.666666666666667,145,14,9.655172413793103,31.340164490364028,11.75256168388651,14
15,240,-20,-50,-70,-40,10,240,0.4,0.2,2.0,75,14,18.666666666666668,27.276884198782774,13.638442099391387,14
30,60,-20,-50,-80,-50,5,240,0.4,0.15,2.666666666666667,112,14,12.5,29.917753953497577,11.21915773256159,14
60,120,-10,-50,-70,-50,5,360,0.4,0.15,2.666666666666667,72,14,19.444444444444446,30.9796719270596,11.61737697264735,14
30,60,-20,-40,-80,-40,10,360,0.4,0.2,2.0,67,13,19.402985074626866,31.47485691001826,15.73742845500913,13
30,60,-20,-40,-80,-40,5,240,0.3,0.2,1.4999999999999998,79,14,17.72151898734177,22.022870846514795,14.681913897676528,13
60,240,-10,-40,-70,-50,5,240,0.4,0.2,2.0,80,13,16.25,36.84026366763252,18.42013183381626,13
30,60,-20,-40,-80,-40,5,240,0.3,0.15,2.0,79,14,17.72151898734177,22.022870846514795,11.011435423257398,13
30,60,-20,-40,-80,-40,10,360,0.35,0.15,2.3333333333333335,67,13,19.402985074626866,27.540499796265973,11.803071341256848,13
30,60,-20,-40,-80,-40,10,360,0.3,0.15,2.0,67,13,19.402985074626866,23.606142682513696,11.803071341256848,13
30,60,-20,-40,-80,-40,5,240,0.35,0.2,1.7499999999999998,79,14,17.72151898734177,25.693349320933926,14.681913897676528,13
60,240,-10,-40,-70,-50,5,240,0.35,0.15,2.3333333333333335,80,13,16.25,32.23523070917845,13.815098875362192,13
30,60,-20,-40,-80,-40,5,240,0.35,0.15,2.3333333333333335,79,14,17.72151898734177,25.693349320933926,11.011435423257398,13
30,60,-20,-50,-70,-40,10,240,0.3,0.2,1.4999999999999998,68,14,20.588235294117645,20.259978018563192,13.506652012375465,13
15,240,-10,-40,-80,-40,5,240,0.35,0.15,2.3333333333333335,57,13,22.807017543859647,26.025816612546848,11.153921405377218,13
15,240,-20,-50,-70,-40,10,240,0.4,0.15,2.666666666666667,75,13,17.333333333333336,27.276884198782774,10.22883157454354,13
15,240,-20,-40,-80,-40,10,240,0.35,0.2,1.7499999999999998,56,13,23.214285714285715,26.665309846129414,15.237319912073954,13
15,240,-10,-40,-80,-40,5,360,0.4,0.2,2.0,57,13,22.807017543859647,29.74379041433926,14.87189520716963,13
15,240,-20,-40,-80,-40,10,360,0.4,0.2,2.0,56,13,23.214285714285715,30.474639824147907,15.237319912073954,13
15,240,-10,-40,-80,-40,5,360,0.35,0.15,2.3333333333333335,57,13,22.807017543859647,26.025816612546848,11.153921405377218,13
30,60,-20,-50,-70,-40,10,360,0.3,0.15,2.0,68,13,19.11764705882353,20.259978018563192,10.129989009281596,13
30,60,-10,-50,-70,-40,10,360,0.4,0.2,2.0,62,13,20.967741935483872,26.98544363392306,13.49272181696153,13
30,90,-20,-50,-80,-50,5,360,0.35,0.2,1.7499999999999998,50,13,26.0,27.326379225451827,15.615073843115331,13
60,120,-10,-50,-70,-50,10,360,0.4,0.2,2.0,96,13,13.541666666666666,35.89984923402521,17.949924617012606,13
15,240,-20,-50,-70,-40,5,240,0.35,0.15,2.3333333333333335,76,14,18.421052631578945,23.752381263845205,10.179591970219372,13
15,240,-20,-50,-70,-40,5,240,0.4,0.15,2.666666666666667,76,14,18.421052631578945,27.145578587251663,10.179591970219372,13
30,60,-10,-50,-70,-40,10,360,0.35,0.2,1.7499999999999998,62,13,20.967741935483872,23.61226317968267,13.49272181696153,13
30,60,-10,-50,-70,-40,10,360,0.3,0.15,2.0,62,13,20.967741935483872,20.239082725442287,10.119541362721144,13
15,240,-20,-50,-70,-40,10,240,0.35,0.15,2.3333333333333335,75,13,17.333333333333336,23.86727367393493,10.22883157454354,13
15,240,-10,-40,-80,-40,5,240,0.35,0.2,1.7499999999999998,57,13,22.807017543859647,26.025816612546848,14.87189520716963,13
15,240,-10,-50,-70,-40,5,240,0.35,0.15,2.3333333333333335,76,14,18.421052631578945,23.752381263845205,10.179591970219372,13
15,240,-20,-40,-80,-40,5,360,0.35,0.15,2.3333333333333335,58,13,22.413793103448278,26.289422507773885,11.266895360474521,13
15,240,-10,-50,-70,-40,10,240,0.4,0.15,2.666666666666667,75,13,17.333333333333336,27.276884198782774,10.22883157454354,13
15,240,-10,-50,-70,-40,10,240,0.35,0.15,2.3333333333333335,75,13,17.333333333333336,23.86727367393493,10.22883157454354,13
30,60,-10,-50,-70,-40,5,240,0.3,0.15,2.0,65,13,20.0,20.75825427433436,10.37912713716718,13
15,240,-20,-40,-80,-40,5,240,0.35,0.15,2.3333333333333335,58,13,22.413793103448278,26.289422507773885,11.266895360474521,13
60,90,-10,-50,-70,-50,5,240,0.4,0.15,2.666666666666667,118,13,11.016949152542372,31.57467126953888,11.840501726077077,13
15,240,-10,-50,-70,-40,5,240,0.4,0.15,2.666666666666667,76,14,18.421052631578945,27.145578587251663,10.179591970219372,13
30,60,-10,-50,-70,-40,10,240,0.3,0.2,1.4999999999999998,62,12,19.35483870967742,20.239082725442287,13.49272181696153,12
30,60,-20,-40,-80,-40,10,360,0.4,0.15,2.666666666666667,67,12,17.91044776119403,31.47485691001826,11.803071341256848,12
60,240,-10,-40,-70,-50,5,240,0.4,0.15,2.666666666666667,80,12,15.0,36.84026366763252,13.815098875362192,12
15,240,-20,-40,-80,-40,10,360,0.35,0.15,2.3333333333333335,56,12,21.428571428571427,26.665309846129414,11.427989934055462,12
30,60,-20,-50,-80,-50,10,240,0.4,0.15,2.666666666666667,122,13,10.655737704918032,32.09627790293046,12.036104213598918,12
30,60,-20,-50,-70,-40,5,240,0.35,0.2,1.7499999999999998,71,12,16.901408450704224,24.184248352799617,13.819570487314072,12
30,60,-10,-40,-80,-40,10,360,0.3,0.2,1.4999999999999998,51,12,23.52941176470588,21.903487288013924,14.60232485867595,12
15,240,-10,-40,-80,-40,10,360,0.4,0.2,2.0,55,12,21.818181818181817,30.17023153968898,15.08511576984449,12
15,240,-10,-40,-80,-40,10,360,0.35,0.15,2.3333333333333335,55,12,21.818181818181817,26.39895259722786,11.313836827383367,12
15,240,-20,-40,-80,-40,10,240,0.35,0.15,2.3333333333333335,56,12,21.428571428571427,26.665309846129414,11.427989934055462,12
30,60,-10,-40,-80,-40,10,360,0.35,0.2,1.7499999999999998,51,12,23.52941176470588,25.554068502682913,14.60232485867595,12
30,60,-20,-50,-70,-40,10,240,0.3,0.15,2.0,68,12,17.647058823529413,20.259978018563192,10.129989009281596,12
15,240,-20,-40,-80,-40,5,240,0.4,0.2,2.0,58,12,20.689655172413794,30.045054294598728,15.022527147299364,12
60,120,-20,-40,-70,-40,5,240,0.3,0.2,1.4999999999999998,55,12,21.818181818181817,27.34199946884329,18.22799964589553,12
60,120,-20,-40,-70,-40,5,240,0.3,0.15,2.0,55,12,21.818181818181817,27.34199946884329,13.670999734421645,12
15,240,-20,-40,-80,-40,5,360,0.4,0.15,2.666666666666667,58,12,20.689655172413794,30.045054294598728,11.266895360474521,12
30,90,-20,-50,-80,-50,5,360,0.4,0.2,2.0,50,12,24.0,31.230147686230662,15.615073843115331,12
60,120,-20,-40,-70,-40,5,240,0.35,0.15,2.3333333333333335,55,12,21.818181818181817,31.89899938031717,13.670999734421645,12
60,120,-20,-40,-70,-40,5,240,0.35,0.2,1.7499999999999998,55,12,21.818181818181817,31.89899938031717,18.22799964589553,12
15,240,-10,-40,-80,-40,10,240,0.35,0.15,2.3333333333333335,55,12,21.818181818181817,26.39895259722786,11.313836827383367,12
15,240,-10,-40,-80,-40,10,240,0.35,0.2,1.7499999999999998,55,12,21.818181818181817,26.39895259722786,15.08511576984449,12
15,240,-20,-40,-80,-40,5,240,0.4,0.15,2.666666666666667,58,11,18.96551724137931,30.045054294598728,11.266895360474521,11
30,60,-10,-40,-80,-40,10,360,0.3,0.15,2.0,51,11,21.568627450980394,21.903487288013924,10.951743644006962,11
30,60,-20,-40,-80,-40,10,240,0.3,0.2,1.4999999999999998,67,11,16.417910447761194,23.606142682513696,15.73742845500913,11
30,60,-20,-40,-80,-40,10,240,0.35,0.2,1.7499999999999998,67,11,16.417910447761194,27.540499796265973,15.73742845500913,11
30,60,-10,-40,-80,-40,10,360,0.35,0.15,2.3333333333333335,51,11,21.568627450980394,25.554068502682913,10.951743644006962,11
30,90,-20,-50,-80,-50,5,360,0.3,0.15,2.0,50,11,22.0,23.422610764672996,11.711305382336498,11
15,240,-10,-40,-80,-40,10,360,0.4,0.15,2.666666666666667,55,11,20.0,30.17023153968898,11.313836827383367,11
60,120,-20,-40,-70,-40,5,240,0.4,0.2,2.0,55,11,20.0,36.45599929179106,18.22799964589553,11
30,60,-10,-50,-70,-40,5,240,0.35,0.2,1.7499999999999998,65,11,16.923076923076923,24.217963320056747,13.838836182889573,11
60,120,-20,-40,-70,-40,5,240,0.4,0.15,2.666666666666667,55,11,20.0,36.45599929179106,13.670999734421645,11
15,240,-20,-40,-80,-40,10,240,0.4,0.2,2.0,56,11,19.642857142857142,30.474639824147907,15.237319912073954,11
30,60,-10,-50,-80,-50,10,240,0.4,0.15,2.666666666666667,97,11,11.34020618556701,31.65906165875278,11.872148122032293,11
60,120,-10,-50,-70,-50,10,360,0.4,0.15,2.666666666666667,96,11,11.458333333333332,35.89984923402521,13.462443462759452,11
15,240,-10,-40,-80,-40,5,360,0.4,0.15,2.666666666666667,57,12,21.052631578947366,29.74379041433926,11.153921405377218,11
30,60,-20,-50,-70,-40,10,360,0.4,0.15,2.666666666666667,68,11,16.176470588235293,27.01330402475093,10.129989009281596,11
30,60,-10,-50,-70,-40,10,360,0.35,0.15,2.3333333333333335,62,11,17.741935483870968,23.61226317968267,10.119541362721144,11
30,60,-20,-50,-70,-40,10,360,0.35,0.15,2.3333333333333335,68,11,16.176470588235293,23.636641021657056,10.129989009281596,11
30,60,-20,-50,-70,-40,10,240,0.35,0.2,1.7499999999999998,68,11,16.176470588235293,23.636641021657056,13.506652012375465,11
15,240,-20,-40,-80,-40,10,360,0.4,0.15,2.666666666666667,56,11,19.642857142857142,30.474639824147907,11.427989934055462,11
30,60,-10,-50,-70,-40,10,360,0.4,0.15,2.666666666666667,62,11,17.741935483870968,26.98544363392306,10.119541362721144,11
30,60,-10,-50,-80,-50,10,240,0.4,0.2,2.0,97,11,11.34020618556701,31.65906165875278,15.82953082937639,11
30,60,-10,-40,-80,-40,10,360,0.4,0.2,2.0,51,10,19.607843137254903,29.2046497173519,14.60232485867595,10
30,60,-10,-40,-80,-40,10,360,0.4,0.15,2.666666666666667,51,10,19.607843137254903,29.2046497173519,10.951743644006962,10
15,240,-10,-40,-80,-40,5,240,0.4,0.15,2.666666666666667,57,11,19.298245614035086,29.74379041433926,11.153921405377218,10
30,60,-10,-50,-70,-40,10,240,0.3,0.15,2.0,62,10,16.129032258064516,20.239082725442287,10.119541362721144,10
15,240,-10,-40,-80,-40,5,240,0.4,0.2,2.0,57,11,19.298245614035086,29.74379041433926,14.87189520716963,10
30,90,-20,-50,-80,-50,5,360,0.35,0.15,2.3333333333333335,50,10,20.0,27.326379225451827,11.711305382336498,10
15,240,-20,-40,-80,-40,10,240,0.4,0.15,2.666666666666667,56,10,17.857142857142858,30.474639824147907,11.427989934055462,10
30,60,-20,-50,-70,-40,5,240,0.4,0.2,2.0,71,10,14.084507042253522,27.639140974628145,13.819570487314072,10
15,240,-10,-40,-80,-40,10,240,0.4,0.15,2.666666666666667,55,10,18.181818181818183,30.17023153968898,11.313836827383367,10
30,60,-20,-50,-70,-40,5,240,0.35,0.15,2.3333333333333335,71,10,14.084507042253522,24.184248352799617,10.364677865485552,10
30,60,-20,-50,-70,-40,5,240,0.4,0.15,2.666666666666667,71,10,14.084507042253522,27.639140974628145,10.364677865485552,10
15,240,-10,-40,-80,-40,10,240,0.4,0.2,2.0,55,10,18.181818181818183,30.17023153968898,15.08511576984449,10
30,60,-20,-40,-80,-40,10,240,0.35,0.15,2.3333333333333335,67,10,14.925373134328357,27.540499796265973,11.803071341256848,9
30,60,-20,-40,-80,-40,10,240,0.3,0.15,2.0,67,10,14.925373134328357,23.606142682513696,11.803071341256848,9
60,90,-10,-50,-70,-50,10,240,0.4,0.2,2.0,145,10,6.896551724137931,31.340164490364028,15.670082245182014,9
60,90,-10,-50,-70,-50,10,240,0.4,0.15,2.666666666666667,145,10,6.896551724137931,31.340164490364028,11.75256168388651,9
60,90,-20,-40,-70,-40,5,360,0.3,0.2,1.4999999999999998,84,10,11.904761904761903,26.846552518962238,17.89770167930816,9
