signal_idx,ts,entry_time,exit_time,pred,side,entry_price,exit_price,pnl,entry_signal_prob,last_signal_prob,target_updates,last_target_signal_idx,last_target_time,signal_ts_close,update_ts_close,last_target_price,entry_target_price,exit_reason
115,2025-11-25T17:02:00+00:00,2025-11-25T17:03:00+00:00,2025-11-25T17:04:00+00:00,2,up,4144.53,4147.77,3.240000000000691,0.9998685375525266,0.9998685375525266,0,115,2025-11-25T17:02:00+00:00,4144.54,4148.86,4194.26436,4194.26436,reverse_signal
117,2025-11-25T17:04:00+00:00,2025-11-25T17:05:00+00:00,2025-11-25T18:14:00+00:00,0,down,4147.4,4146.29,1.1099999999996726,0.9999543502386549,0.9999379515826746,4,127,2025-11-25T17:14:00+00:00,4147.4,4146.29,4100.8422,4097.6312,timeout
229,2025-11-26T02:59:00+00:00,2025-11-26T03:00:00+00:00,2025-11-26T15:00:00+00:00,2,up,4161.94,4146.94,-15.0,0.9999312030340144,0.9999312030340144,0,229,2025-11-26T02:59:00+00:00,4161.66,4166.06,4211.88328,4211.88328,stop_loss
389,2025-11-28T00:34:00+00:00,2025-11-28T00:35:00+00:00,2025-11-28T01:38:00+00:00,0,down,4180.26,4190.23,-9.969999999999345,0.999902830183186,0.999938900700183,1,393,2025-11-28T00:38:00+00:00,4180.23,4190.23,4131.569,4130.09688,timeout
503,2025-11-28T06:01:00+00:00,2025-11-28T06:02:00+00:00,2025-11-28T15:00:00+00:00,0,down,4182.48,4197.48,-15.0,0.9999647853194152,0.9998713881832373,2,533,2025-11-28T06:31:00+00:00,4182.77,4182.86,4135.51112,4132.290239999999,stop_loss
829,2025-12-01T05:24:00+00:00,2025-12-01T05:25:00+00:00,2025-12-01T06:28:00+00:00,0,down,4222.83,4231.39,-8.5600000000004,0.9998852748597328,0.999872698020433,2,831,2025-12-01T05:26:00+00:00,4223.11,4229.07,4168.125,4172.15604,timeout
1443,2025-12-03T16:39:00+00:00,2025-12-03T16:40:00+00:00,2025-12-03T17:39:00+00:00,0,down,4222.09,4213.65,8.44000000000051,0.9983337268247482,0.9983337268247482,0,1443,2025-12-03T16:39:00+00:00,4222.2,4213.65,4171.42492,4171.42492,timeout
1558,2025-12-04T03:02:00+00:00,2025-12-04T03:03:00+00:00,2025-12-04T04:04:00+00:00,0,down,4188.71,4201.5,-12.789999999999964,0.9999730199461289,0.999989191952935,1,1560,2025-12-04T03:04:00+00:00,4189.02,4196.58,4144.05732,4138.44548,timeout
1684,2025-12-05T15:42:00+00:00,2025-12-05T15:43:00+00:00,2025-12-05T16:14:00+00:00,0,down,4257.33,4206.24204,51.08795999999984,0.9999016746101351,0.9999016746101351,0,1684,2025-12-05T15:42:00+00:00,4257.52,4210.14,4206.24204,4206.24204,target_hit
1976,2025-12-09T16:30:00+00:00,2025-12-09T16:31:00+00:00,2025-12-09T16:40:00+00:00,2,up,4216.54,4217.76,1.2200000000002547,0.9999773817137477,0.9999906782438223,0,1976,2025-12-09T16:30:00+00:00,4216.2,4207.68,4267.13848,4267.13848,reverse_signal
2024,2025-12-10T19:09:00+00:00,2025-12-10T19:10:00+00:00,2025-12-10T20:11:00+00:00,0,down,4215.93,4230.93,-15.0,0.9999763436758767,0.9999219708290302,0,2024,2025-12-10T19:09:00+00:00,4216.32,4228.11,4165.33884,4165.33884,stop_loss
2498,2025-12-12T15:20:00+00:00,2025-12-12T15:21:00+00:00,2025-12-12T16:38:00+00:00,0,down,4320.04,4268.19952,51.84047999999984,0.9999814036994883,0.9965206930085132,0,2498,2025-12-12T15:20:00+00:00,4320.13,4283.04,4268.19952,4268.19952,target_hit
2922,2025-12-16T02:59:00+00:00,2025-12-16T03:00:00+00:00,2025-12-16T03:59:00+00:00,0,down,4289.87,4291.23,-1.3599999999996726,0.999977985177234,0.999977985177234,0,2922,2025-12-16T02:59:00+00:00,4290.05,4291.23,4238.39156,4238.39156,timeout
3268,2025-12-17T16:29:00+00:00,2025-12-17T16:30:00+00:00,2025-12-17T17:30:00+00:00,0,down,4326.56,4337.62,-11.05999999999949,0.9999781745633647,0.9996710215017479,0,3268,2025-12-17T16:29:00+00:00,4326.8,4337.24,4274.641280000001,4274.641280000001,timeout
3747,2025-12-22T02:04:00+00:00,2025-12-22T02:05:00+00:00,2025-12-22T02:07:00+00:00,0,down,4382.74,4381.77,0.9699999999993452,0.9989181892155699,0.9989181892155699,0,3747,2025-12-22T02:04:00+00:00,4383.02,4389.14,4330.14712,4330.14712,reverse_signal
3750,2025-12-22T02:07:00+00:00,2025-12-22T02:08:00+00:00,2025-12-22T03:17:00+00:00,2,up,4379.25,4388.09,8.840000000000146,0.9999882360702904,0.9999383176667532,1,3758,2025-12-22T02:15:00+00:00,4378.96,4386.29,4433.825,4431.801,timeout
3825,2025-12-23T02:00:00+00:00,2025-12-23T02:01:00+00:00,2025-12-23T02:07:00+00:00,2,up,4485.67,4483.45,-2.2200000000002547,0.9998965503363502,0.9998965503363502,0,3825,2025-12-23T02:00:00+00:00,4485.35,4495.62,4539.49804,4539.49804,reverse_signal
3832,2025-12-23T02:07:00+00:00,2025-12-23T02:08:00+00:00,2025-12-23T03:07:00+00:00,2,up,4486.8,4489.48,2.6799999999993815,0.9999862803649997,0.9999862803649997,0,3832,2025-12-23T02:07:00+00:00,4486.52,4489.48,4540.6416,4540.6416,timeout
4081,2025-12-23T19:32:00+00:00,2025-12-23T19:33:00+00:00,2025-12-23T23:41:00+00:00,0,down,4489.86,4504.86,-15.0,0.9995893587462705,0.9994171950576115,4,4105,2025-12-23T19:56:00+00:00,4490.14,4493.98,4438.1948,4435.98168,stop_loss
4106,2025-12-23T23:41:00+00:00,2025-12-23T23:42:00+00:00,2025-12-24T00:41:00+00:00,0,down,4508.6,4515.02,-6.420000000000073,0.9999937013720165,0.9999937013720165,0,4106,2025-12-23T23:41:00+00:00,4508.88,4515.02,4454.496800000001,4454.496800000001,timeout
4190,2025-12-24T02:58:00+00:00,2025-12-24T02:59:00+00:00,2025-12-24T04:03:00+00:00,0,down,4488.9,4492.55,-3.6500000000005457,0.9999620592845453,0.9999775598801914,0,4190,2025-12-24T02:58:00+00:00,4489.21,4493.32,4435.0332,4435.0332,timeout
4406,2025-12-24T16:32:00+00:00,2025-12-24T16:33:00+00:00,2025-12-24T17:34:00+00:00,2,up,4470.03,4482.23,12.199999999999818,0.9998326414533487,0.9638886415048314,1,4407,2025-12-24T16:33:00+00:00,4469.77,4482.23,4524.18648,4523.67036,timeout
4497,2025-12-26T00:10:00+00:00,2025-12-26T00:11:00+00:00,2025-12-26T01:13:00+00:00,0,down,4504.28,4512.58,-8.300000000000182,0.9999735687825362,0.9999355381316991,0,4497,2025-12-26T00:10:00+00:00,4504.57,4513.13,4450.228639999999,4450.228639999999,timeout
4668,2025-12-26T15:37:00+00:00,2025-12-26T15:38:00+00:00,2025-12-26T17:33:00+00:00,0,down,4544.92,4512.49,32.43000000000029,0.9999136386483422,0.9999850929556556,0,4668,2025-12-26T15:37:00+00:00,4545.49,4541.77,4490.38096,4490.38096,timeout
4895,2025-12-28T23:13:00+00:00,2025-12-28T23:14:00+00:00,2025-12-29T00:30:00+00:00,0,down,4530.3,4475.9364000000005,54.36359999999968,0.9999957941921007,0.9799682141381834,0,4895,2025-12-28T23:13:00+00:00,4530.59,4524.11,4475.9364000000005,4475.9364000000005,target_hit
4974,2025-12-29T00:32:00+00:00,2025-12-29T00:33:00+00:00,2025-12-29T00:37:00+00:00,0,down,4487.84,4502.84,-15.0,0.5773707373140382,0.5773707373140382,0,4974,2025-12-29T00:32:00+00:00,4488.39,4497.37,4433.98592,4433.98592,stop_loss
5048,2025-12-29T02:16:00+00:00,2025-12-29T02:17:00+00:00,2025-12-29T03:16:00+00:00,0,down,4504.48,4514.6,-10.1200000000008,0.9991074255618565,0.9991074255618565,0,5048,2025-12-29T02:16:00+00:00,4504.73,4514.6,4450.42624,4450.42624,timeout
5161,2025-12-29T15:02:00+00:00,2025-12-29T15:03:00+00:00,2025-12-29T15:07:00+00:00,2,up,4343.59,4328.59,-15.0,0.9999966512129677,0.9999966512129677,0,5161,2025-12-29T15:02:00+00:00,4343.31,4332.75,4395.71308,4395.71308,stop_loss
5172,2025-12-29T15:13:00+00:00,2025-12-29T15:14:00+00:00,2025-12-29T15:16:00+00:00,2,up,4344.69,4329.69,-15.0,0.9999955857031305,0.9999955857031305,0,5172,2025-12-29T15:13:00+00:00,4344.36,4333.17,4396.826279999999,4396.826279999999,stop_loss
5283,2025-12-29T17:04:00+00:00,2025-12-29T17:05:00+00:00,2025-12-29T18:59:00+00:00,0,down,4339.73,4331.77,7.959999999999127,0.9999987623525761,0.9998941376812482,0,5283,2025-12-29T17:04:00+00:00,4340.17,4331.36,4287.65324,4287.65324,timeout
5732,2025-12-30T17:54:00+00:00,2025-12-30T17:55:00+00:00,2025-12-30T18:54:00+00:00,0,down,4368.33,4350.13,18.199999999999818,0.9999886047537468,0.9999886047537468,0,5732,2025-12-30T17:54:00+00:00,4368.65,4364.86,4315.91004,4315.91004,timeout
5871,2025-12-31T01:34:00+00:00,2025-12-31T01:35:00+00:00,2025-12-31T02:34:00+00:00,0,down,4363.97,4359.73,4.240000000000691,0.9999389989788704,0.9999389989788704,0,5871,2025-12-31T01:34:00+00:00,4364.14,4359.73,4311.60236,4311.60236,timeout
6095,2025-12-31T05:50:00+00:00,2025-12-31T05:51:00+00:00,2025-12-31T06:49:00+00:00,0,down,4303.37,4318.37,-15.0,0.9939700000305965,0.8739806060522572,0,6095,2025-12-31T05:50:00+00:00,4303.71,4322.2,4251.72956,4251.72956,stop_loss
6210,2025-12-31T15:45:00+00:00,2025-12-31T15:46:00+00:00,2025-12-31T16:45:00+00:00,0,down,4331.05,4320.3,10.75,0.9999241579044736,0.9999241579044736,0,6210,2025-12-31T15:45:00+00:00,4331.38,4320.3,4279.0774,4279.0774,timeout
6585,2026-01-04T23:04:00+00:00,2026-01-04T23:05:00+00:00,2026-01-04T23:15:00+00:00,0,down,4356.72,4371.72,-15.0,0.9999701050577924,0.9999701050577924,0,6585,2026-01-04T23:04:00+00:00,4357.06,4370.77,4304.43936,4304.43936,stop_loss
6596,2026-01-04T23:15:00+00:00,2026-01-04T23:16:00+00:00,2026-01-05T00:15:00+00:00,0,down,4369.71,4379.64,-9.930000000000291,0.999945816726042,0.999945816726042,0,6596,2026-01-04T23:15:00+00:00,4369.9,4379.64,4317.27348,4317.27348,timeout
7418,2026-01-07T15:22:00+00:00,2026-01-07T15:23:00+00:00,2026-01-07T15:31:00+00:00,0,down,4430.4,4445.4,-15.0,0.9999335298883043,0.9999335298883043,0,7418,2026-01-07T15:22:00+00:00,4430.53,4460.63,4377.2352,4377.2352,stop_loss
7656,2026-01-08T15:54:00+00:00,2026-01-08T15:55:00+00:00,2026-01-08T16:54:00+00:00,2,up,4448.55,4461.03,12.479999999999563,0.9999809356225088,0.9999809356225088,0,7656,2026-01-08T15:54:00+00:00,4448.09,4461.03,4501.9326,4501.9326,timeout
7737,2026-01-08T20:34:00+00:00,2026-01-08T20:35:00+00:00,2026-01-08T21:00:00+00:00,0,down,4476.6,4476.46,0.14000000000032742,0.9999919977310577,0.9999919977310577,0,7737,2026-01-08T20:34:00+00:00,4476.43,4474.12,4422.8808,4422.8808,reverse_signal
7780,2026-01-08T21:17:00+00:00,2026-01-08T21:18:00+00:00,2026-01-08T23:24:00+00:00,2,up,4475.81,4493.88,18.06999999999971,0.9999760986104644,0.9999643353622863,0,7780,2026-01-08T21:17:00+00:00,4475.49,4475.64,4529.51972,4529.51972,timeout
7874,2026-01-09T15:30:00+00:00,2026-01-09T15:31:00+00:00,2026-01-09T16:40:00+00:00,0,down,4507.38,4504.36,3.0200000000004366,0.9999570175567892,0.9998143948159045,2,7884,2026-01-09T15:40:00+00:00,4507.93,4504.36,4459.94068,4453.29144,timeout
7988,2026-01-09T18:11:00+00:00,2026-01-09T18:12:00+00:00,2026-01-09T19:11:00+00:00,0,down,4489.97,4496.62,-6.649999999999636,0.9999291232888555,0.9999291232888555,0,7988,2026-01-09T18:11:00+00:00,4490.29,4496.62,4436.09036,4436.09036,timeout
8080,2026-01-11T23:10:00+00:00,2026-01-11T23:11:00+00:00,2026-01-11T23:41:00+00:00,0,down,4527.62,4542.62,-15.0,0.9998711632129357,0.9998711632129357,0,8080,2026-01-11T23:10:00+00:00,4527.98,4549.85,4473.28856,4473.28856,stop_loss
8449,2026-01-12T23:43:00+00:00,2026-01-12T23:44:00+00:00,2026-01-13T00:43:00+00:00,0,down,4586.44,4586.4,0.03999999999996362,0.9999333029114511,0.9999333029114511,0,8449,2026-01-12T23:43:00+00:00,4586.77,4586.4,4531.40272,4531.40272,timeout
8580,2026-01-13T15:32:00+00:00,2026-01-13T15:33:00+00:00,2026-01-13T16:43:00+00:00,0,down,4612.16,4607.63,4.529999999999745,0.9999228631825685,0.9990656877513471,1,8591,2026-01-13T15:43:00+00:00,4612.35,4607.63,4559.01732,4556.81408,timeout
8670,2026-01-13T17:02:00+00:00,2026-01-13T17:03:00+00:00,2026-01-13T18:02:00+00:00,0,down,4615.5,4592.79,22.710000000000036,0.9999552069151585,0.9999552069151585,0,8670,2026-01-13T17:02:00+00:00,4615.9,4592.79,4560.114,4560.114,timeout
8864,2026-01-13T21:03:00+00:00,2026-01-13T21:04:00+00:00,2026-01-13T23:25:00+00:00,0,down,4586.43,4597.58,-11.149999999999636,0.9998177643446914,0.9374839512386408,2,8870,2026-01-13T21:09:00+00:00,4586.83,4594.13,4531.33356,4531.39284,timeout
9317,2026-01-15T03:29:00+00:00,2026-01-15T03:30:00+00:00,2026-01-15T06:11:00+00:00,0,down,4584.66,4599.66,-15.0,0.9999943162612004,0.998702788286743,1,9335,2026-01-15T03:47:00+00:00,4585.52,4592.49,4537.8346,4529.64408,stop_loss
9542,2026-01-16T15:20:00+00:00,2026-01-16T15:21:00+00:00,2026-01-16T15:23:00+00:00,2,up,4610.88,4602.18,-8.699999999999818,0.9990515977675516,0.9990515977675516,0,9542,2026-01-16T15:20:00+00:00,4610.57,4588.92,4666.21056,4666.21056,reverse_signal
9548,2026-01-16T15:26:00+00:00,2026-01-16T15:27:00+00:00,2026-01-16T15:29:00+00:00,2,up,4584.47,4569.47,-15.0,0.9993833356847001,0.9993901216135976,0,9548,2026-01-16T15:26:00+00:00,4583.92,4591.41,4639.48364,4639.48364,stop_loss
9551,2026-01-16T15:29:00+00:00,2026-01-16T15:30:00+00:00,2026-01-16T15:33:00+00:00,2,up,4565.44,4553.93,-11.509999999999309,0.999446463623851,0.9994378912233726,0,9551,2026-01-16T15:29:00+00:00,4565.06,4591.42,4620.22528,4620.22528,reverse_signal
9555,2026-01-16T15:33:00+00:00,2026-01-16T15:34:00+00:00,2026-01-16T15:35:00+00:00,2,up,4542.2,4544.5,2.300000000000182,0.9994430104577103,0.9994430104577103,0,9555,2026-01-16T15:33:00+00:00,4541.89,4589.8,4596.7064,4596.7064,reverse_signal
9557,2026-01-16T15:35:00+00:00,2026-01-16T15:36:00+00:00,2026-01-16T15:42:00+00:00,0,down,4545.62,4548.06,-2.4400000000005093,0.999630711873722,0.9651723570098226,5,9562,2026-01-16T15:40:00+00:00,4545.95,4596.53,4499.07536,4491.07256,reverse_signal
9564,2026-01-16T15:42:00+00:00,2026-01-16T15:43:00+00:00,2026-01-16T16:47:00+00:00,2,up,4550.23,4592.53,42.30000000000018,0.9995495688477932,0.9997998756551739,1,9565,2026-01-16T15:43:00+00:00,4550.02,4597.9,4607.35264,4604.832759999999,timeout
9840,2026-01-19T01:46:00+00:00,2026-01-19T01:47:00+00:00,2026-01-19T02:46:00+00:00,0,down,4663.42,4656.62,6.800000000000182,0.9999342428732336,0.9999342428732336,0,9840,2026-01-19T01:46:00+00:00,4663.98,4656.62,4607.45896,4607.45896,timeout
10057,2026-01-20T17:22:00+00:00,2026-01-20T17:23:00+00:00,2026-01-20T23:46:00+00:00,0,down,4754.59,4769.59,-15.0,0.9999436527300274,0.9998528021193408,7,10093,2026-01-20T17:58:00+00:00,4754.9,4759.49,4702.76144,4697.53492,stop_loss
10101,2026-01-20T23:46:00+00:00,2026-01-20T23:47:00+00:00,2026-01-21T00:55:00+00:00,0,down,4777.85,4786.67,-8.819999999999709,0.9999555561639794,0.9998988635805917,2,10105,2026-01-20T23:50:00+00:00,4778.23,4785.41,4720.417,4720.5158,timeout
10267,2026-01-21T03:35:00+00:00,2026-01-21T03:36:00+00:00,2026-01-21T04:33:00+00:00,0,down,4840.17,4855.17,-15.0,0.9995555824195087,0.9997536929022843,1,10268,2026-01-21T03:36:00+00:00,4840.5,4859.17,4782.8586,4782.08796,stop_loss
10368,2026-01-21T05:16:00+00:00,2026-01-21T05:17:00+00:00,2026-01-21T06:20:00+00:00,2,up,4869.88,4870.76,0.8800000000001091,0.999971916317273,0.9998597737699936,1,10369,2026-01-21T05:17:00+00:00,4869.56,4875.16,4928.40964,4928.31856,timeout
10493,2026-01-21T15:21:00+00:00,2026-01-21T15:22:00+00:00,2026-01-21T15:33:00+00:00,0,down,4823.08,4838.08,-15.0,0.9999322510302517,0.9999322510302517,0,10493,2026-01-21T15:21:00+00:00,4823.19,4836.68,4765.20304,4765.20304,stop_loss
10584,2026-01-21T16:52:00+00:00,2026-01-21T16:53:00+00:00,2026-01-21T17:52:00+00:00,0,down,4824.73,4821.7,3.0299999999997453,0.9999971843465902,0.9999971843465902,0,10584,2026-01-21T16:52:00+00:00,4825.01,4821.7,4766.83324,4766.83324,timeout
10741,2026-01-21T19:29:00+00:00,2026-01-21T19:30:00+00:00,2026-01-21T19:30:00+00:00,2,up,4816.96,4801.96,-15.0,0.9999468669410275,0.9999468669410275,0,10741,2026-01-21T19:29:00+00:00,4815.99,4797.2,4874.76352,4874.76352,stop_loss
10743,2026-01-21T19:31:00+00:00,2026-01-21T19:32:00+00:00,2026-01-21T19:35:00+00:00,2,up,4805.1,4790.1,-15.0,0.9992989950672224,0.9980593490929695,1,10745,2026-01-21T19:33:00+00:00,4804.98,4806.09,4865.51384,4862.761200000001,stop_loss
10747,2026-01-21T19:35:00+00:00,2026-01-21T19:36:00+00:00,2026-01-21T19:40:00+00:00,2,up,4787.19,4772.19,-15.0,0.9993429863473474,0.9994564584523208,1,10750,2026-01-21T19:38:00+00:00,4787.52,4805.39,4845.3042000000005,4844.63628,stop_loss
10752,2026-01-21T19:40:00+00:00,2026-01-21T19:41:00+00:00,2026-01-21T19:45:00+00:00,2,up,4778.91,4763.91,-15.0,0.9995596143526083,0.9990179774148082,0,10752,2026-01-21T19:40:00+00:00,4778.62,4804.46,4836.25692,4836.25692,stop_loss
10757,2026-01-21T19:45:00+00:00,2026-01-21T19:46:00+00:00,2026-01-21T19:47:00+00:00,2,up,4767.46,4766.06,-1.3999999999996362,0.9994690465263081,0.9994690465263081,0,10757,2026-01-21T19:45:00+00:00,4766.74,4818.18,4824.66952,4824.66952,reverse_signal
10759,2026-01-21T19:47:00+00:00,2026-01-21T19:48:00+00:00,2026-01-21T19:52:00+00:00,0,down,4768.79,4760.28,8.510000000000218,0.9997557382383461,0.9909893665377206,3,10762,2026-01-21T19:50:00+00:00,4769.07,4821.58,4708.03736,4711.56452,reverse_signal
10764,2026-01-21T19:52:00+00:00,2026-01-21T19:53:00+00:00,2026-01-21T20:57:00+00:00,2,up,4763.01,4824.7,61.6899999999996,0.987494118949179,0.9994926566041448,1,10768,2026-01-21T19:56:00+00:00,4762.74,4826.0,4828.758,4820.16612,timeout
11281,2026-01-22T15:32:00+00:00,2026-01-22T15:33:00+00:00,2026-01-22T15:53:00+00:00,0,down,4857.07,4872.07,-15.0,0.9995112216203991,0.9996656907125634,1,11284,2026-01-22T15:35:00+00:00,4857.33,4876.87,4804.14012,4798.785159999999,stop_loss
11539,2026-01-22T23:03:00+00:00,2026-01-22T23:04:00+00:00,2026-01-22T23:42:00+00:00,0,down,4949.38,4934.84,14.539999999999964,0.9999654060100491,0.9990403354301626,0,11539,2026-01-22T23:03:00+00:00,4949.69,4962.98,4889.98744,4889.98744,reverse_signal
11797,2026-01-23T15:19:00+00:00,2026-01-23T15:20:00+00:00,2026-01-23T16:02:00+00:00,0,down,4949.23,4964.23,-15.0,0.9999259812646454,0.999937709123581,1,11830,2026-01-23T15:52:00+00:00,4949.31,4979.97,4895.233719999999,4889.839239999999,stop_loss
11887,2026-01-23T16:49:00+00:00,2026-01-23T16:50:00+00:00,2026-01-23T17:49:00+00:00,2,up,4978.65,4983.49,4.8400000000001455,0.9972638422545975,0.9972638422545975,0,11887,2026-01-23T16:49:00+00:00,4978.42,4983.49,5038.3938,5038.3938,timeout
11990,2026-01-23T18:32:00+00:00,2026-01-23T18:33:00+00:00,2026-01-23T19:47:00+00:00,0,down,4977.99,4984.07,-6.079999999999927,0.9996786855845826,0.9997245015422981,0,11990,2026-01-23T18:32:00+00:00,4978.27,4979.48,4918.25412,4918.25412,timeout
12128,2026-01-23T20:50:00+00:00,2026-01-23T20:51:00+00:00,2026-01-25T23:01:00+00:00,0,down,4980.83,4995.83,-15.0,0.9994351860913389,0.999715859638837,0,12128,2026-01-23T20:50:00+00:00,4981.01,4982.99,4921.06004,4921.06004,stop_loss
12133,2026-01-25T23:03:00+00:00,2026-01-25T23:04:00+00:00,2026-01-25T23:54:00+00:00,0,down,5023.48,5038.48,-15.0,0.9999888467849768,0.9997085217680645,0,12133,2026-01-25T23:03:00+00:00,5025.2,5037.28,4963.19824,4963.19824,stop_loss
12637,2026-01-26T16:29:00+00:00,2026-01-26T16:30:00+00:00,2026-01-26T16:55:00+00:00,0,down,5075.72,5090.72,-15.0,0.9999505113241378,0.9998138065475183,3,12640,2026-01-26T16:32:00+00:00,5076.03,5091.01,5013.49732,5014.811360000001,stop_loss
12791,2026-01-26T19:03:00+00:00,2026-01-26T19:04:00+00:00,2026-01-26T19:07:00+00:00,0,down,5041.8,5056.8,-15.0,0.9999751705151158,0.9999751705151158,0,12791,2026-01-26T19:03:00+00:00,5041.96,5036.8,4981.298400000001,4981.298400000001,stop_loss
12804,2026-01-26T19:16:00+00:00,2026-01-26T19:17:00+00:00,2026-01-26T19:21:00+00:00,2,up,5049.07,5034.07,-15.0,0.8046725009584411,0.8046725009584411,0,12804,2026-01-26T19:16:00+00:00,5047.88,5043.55,5109.65884,5109.65884,stop_loss
12843,2026-01-26T19:55:00+00:00,2026-01-26T19:56:00+00:00,2026-01-26T20:55:00+00:00,2,up,5027.3,5058.4,31.099999999999454,0.9999931541331785,0.9999931541331785,0,12843,2026-01-26T19:55:00+00:00,5027.01,5058.4,5087.6276,5087.6276,timeout
12910,2026-01-26T21:02:00+00:00,2026-01-26T21:03:00+00:00,2026-01-26T21:36:00+00:00,0,down,5055.99,4995.31812,60.671879999999874,0.9999854213699177,0.9999865214975098,0,12910,2026-01-26T21:02:00+00:00,5056.39,5030.06,4995.31812,4995.31812,target_hit
13485,2026-01-27T20:03:00+00:00,2026-01-27T20:04:00+00:00,2026-01-27T20:10:00+00:00,0,down,5113.72,5128.72,-15.0,0.9999918540861121,0.9992678653406823,4,13491,2026-01-27T20:09:00+00:00,5114.05,5181.26,5064.547280000001,5052.3553600000005,stop_loss
13492,2026-01-27T20:10:00+00:00,2026-01-27T20:11:00+00:00,2026-01-27T20:20:00+00:00,0,down,5134.77,5149.77,-15.0,0.9999605739091386,0.999780773598312,4,13499,2026-01-27T20:17:00+00:00,5135.8,5176.2,5072.6884,5073.152760000001,stop_loss
13502,2026-01-27T20:20:00+00:00,2026-01-27T20:21:00+00:00,2026-01-27T20:23:00+00:00,0,down,5147.36,5149.36,-2.0,0.999683770559533,0.999683770559533,0,13502,2026-01-27T20:20:00+00:00,5147.57,5179.22,5085.5916799999995,5085.5916799999995,reverse_signal
13505,2026-01-27T20:23:00+00:00,2026-01-27T20:24:00+00:00,2026-01-27T23:01:00+00:00,2,up,5138.79,5173.9,35.10999999999967,0.9999178379032624,0.9999624215393629,1,13507,2026-01-27T20:25:00+00:00,5138.68,5172.0,5201.315680000001,5200.45548,timeout
13947,2026-01-28T05:34:00+00:00,2026-01-28T05:35:00+00:00,2026-01-28T05:39:00+00:00,0,down,5254.95,5259.94,-4.989999999999782,0.9998712647795283,0.9998712647795283,0,13947,2026-01-28T05:34:00+00:00,5255.27,5258.68,5191.8906,5191.8906,reverse_signal
13968,2026-01-28T05:55:00+00:00,2026-01-28T05:56:00+00:00,2026-01-28T06:55:00+00:00,2,up,5259.21,5266.12,6.9099999999998545,0.999969514875494,0.999969514875494,0,13968,2026-01-28T05:55:00+00:00,5258.7,5266.12,5322.32052,5322.32052,timeout
14049,2026-01-28T15:16:00+00:00,2026-01-28T15:17:00+00:00,2026-01-28T15:23:00+00:00,0,down,5257.25,5272.25,-15.0,0.9941274940600814,0.9994708727196738,2,14055,2026-01-28T15:22:00+00:00,5257.25,5287.26,5198.84612,5194.163,stop_loss
14056,2026-01-28T15:23:00+00:00,2026-01-28T15:24:00+00:00,2026-01-28T16:09:00+00:00,0,down,5273.83,5288.83,-15.0,0.9978192064097946,0.9995536433793676,2,14064,2026-01-28T15:31:00+00:00,5274.11,5288.01,5210.58356,5210.54404,stop_loss
14194,2026-01-28T17:41:00+00:00,2026-01-28T17:42:00+00:00,2026-01-28T17:57:00+00:00,0,down,5289.1,5304.1,-15.0,0.9999072315287578,0.9999072315287578,0,14194,2026-01-28T17:41:00+00:00,5289.39,5274.43,5225.6308,5225.6308,stop_loss
14245,2026-01-28T18:32:00+00:00,2026-01-28T18:33:00+00:00,2026-01-28T18:43:00+00:00,0,down,5281.14,5276.47,4.670000000000073,0.9999800044641204,0.9999800044641204,0,14245,2026-01-28T18:32:00+00:00,5281.36,5286.43,5217.766320000001,5217.766320000001,reverse_signal
14257,2026-01-28T18:44:00+00:00,2026-01-28T18:45:00+00:00,2026-01-28T19:03:00+00:00,2,up,5274.12,5270.97,-3.149999999999636,0.999886034518568,0.9982140958565081,1,14259,2026-01-28T18:46:00+00:00,5273.74,5309.87,5338.78576,5337.409439999999,reverse_signal
14276,2026-01-28T19:03:00+00:00,2026-01-28T19:04:00+00:00,2026-01-28T19:12:00+00:00,0,down,5275.5,5290.5,-15.0,0.9995371207131348,0.9995371207131348,0,14276,2026-01-28T19:03:00+00:00,5275.42,5331.66,5212.194,5212.194,stop_loss
14286,2026-01-28T19:13:00+00:00,2026-01-28T19:14:00+00:00,2026-01-28T19:38:00+00:00,0,down,5291.29,5306.29,-15.0,0.9999294718269979,0.9999294718269979,0,14286,2026-01-28T19:13:00+00:00,5291.57,5327.78,5227.79452,5227.79452,stop_loss
14466,2026-01-28T23:14:00+00:00,2026-01-28T23:15:00+00:00,2026-01-28T23:37:00+00:00,2,up,5474.79,5540.48748,65.69747999999981,0.997826145062737,0.997826145062737,0,14466,2026-01-28T23:14:00+00:00,5473.84,5494.95,5540.48748,5540.48748,target_hit
14491,2026-01-28T23:39:00+00:00,2026-01-28T23:40:00+00:00,2026-01-28T23:40:00+00:00,2,up,5589.45,5574.45,-15.0,0.9999159624148392,0.9999159624148392,0,14491,2026-01-28T23:39:00+00:00,5586.9,5518.73,5656.5234,5656.5234,stop_loss
14492,2026-01-28T23:40:00+00:00,2026-01-28T23:41:00+00:00,2026-01-28T23:41:00+00:00,2,up,5573.13,5558.13,-15.0,0.9999099626826962,0.9999099626826962,0,14492,2026-01-28T23:40:00+00:00,5571.2,5518.68,5640.00756,5640.00756,stop_loss
14495,2026-01-28T23:43:00+00:00,2026-01-28T23:44:00+00:00,2026-01-28T23:44:00+00:00,2,up,5550.11,5535.11,-15.0,0.9999217693901058,0.9999217693901058,0,14495,2026-01-28T23:43:00+00:00,5548.68,5507.43,5616.711319999999,5616.711319999999,stop_loss
14496,2026-01-28T23:44:00+00:00,2026-01-28T23:45:00+00:00,2026-01-28T23:46:00+00:00,2,up,5531.6,5516.6,-15.0,0.999069738571746,0.9998124558157362,0,14496,2026-01-28T23:44:00+00:00,5531.43,5509.0,5597.979200000001,5597.979200000001,stop_loss
14498,2026-01-28T23:46:00+00:00,2026-01-28T23:47:00+00:00,2026-01-28T23:47:00+00:00,2,up,5519.45,5504.45,-15.0,0.9999083166397619,0.9999083166397619,0,14498,2026-01-28T23:46:00+00:00,5517.55,5512.53,5585.6834,5585.6834,stop_loss
14499,2026-01-28T23:47:00+00:00,2026-01-28T23:48:00+00:00,2026-01-28T23:49:00+00:00,2,up,5509.85,5494.85,-15.0,0.9969445246046272,0.9824361830440047,1,14500,2026-01-28T23:48:00+00:00,5507.55,5506.53,5581.7366,5575.9682,stop_loss
14501,2026-01-28T23:49:00+00:00,2026-01-28T23:50:00+00:00,2026-01-28T23:55:00+00:00,2,up,5499.45,5484.45,-15.0,0.9909320981756503,0.9993919702201246,1,14502,2026-01-28T23:50:00+00:00,5495.75,5507.88,5569.5926,5565.4434,stop_loss
14507,2026-01-28T23:55:00+00:00,2026-01-28T23:56:00+00:00,2026-01-29T00:01:00+00:00,2,up,5500.41,5485.41,-15.0,0.9991081617590308,0.9960824529460371,1,14508,2026-01-28T23:56:00+00:00,5492.7,5519.6,5586.493,5566.41492,stop_loss
14513,2026-01-29T00:01:00+00:00,2026-01-29T00:02:00+00:00,2026-01-29T01:31:00+00:00,2,up,5463.15,5513.96,50.8100000000004,0.9998798764647571,0.9996274506422741,1,14514,2026-01-29T00:02:00+00:00,5460.65,5490.71,5549.555,5528.707799999999,reverse_signal
14574,2026-01-29T01:32:00+00:00,2026-01-29T01:33:00+00:00,2026-01-29T01:40:00+00:00,0,down,5520.65,5535.65,-15.0,0.9999767963824904,0.9751882857146719,2,14577,2026-01-29T01:35:00+00:00,5520.97,5540.06,5453.3845599999995,5454.4021999999995,stop_loss
14585,2026-01-29T01:43:00+00:00,2026-01-29T01:44:00+00:00,2026-01-29T01:46:00+00:00,0,down,5539.67,5528.53,11.140000000000327,0.6623100847706135,0.7341793426794002,1,14586,2026-01-29T01:44:00+00:00,5539.73,5526.05,5474.023880000001,5473.1939600000005,reverse_signal
14588,2026-01-29T01:46:00+00:00,2026-01-29T01:47:00+00:00,2026-01-29T01:48:00+00:00,0,down,5536.84,5538.55,-1.7100000000000364,0.9798246810648353,0.9798246810648353,0,14588,2026-01-29T01:46:00+00:00,5537.12,5531.44,5470.39792,5470.39792,reverse_signal
14598,2026-01-29T01:56:00+00:00,2026-01-29T01:57:00+00:00,2026-01-29T01:58:00+00:00,0,down,5528.74,5543.74,-15.0,0.9691400586197922,0.9888008958697087,1,14599,2026-01-29T01:57:00+00:00,5529.66,5534.34,5472.60116,5462.39512,stop_loss
14601,2026-01-29T01:59:00+00:00,2026-01-29T02:00:00+00:00,2026-01-29T02:01:00+00:00,2,up,5546.12,5531.12,-15.0,0.9849331307050251,0.9849331307050251,0,14601,2026-01-29T01:59:00+00:00,5545.68,5535.79,5612.67344,5612.67344,stop_loss
14637,2026-01-29T02:35:00+00:00,2026-01-29T02:36:00+00:00,2026-01-29T04:33:00+00:00,0,down,5540.41,5555.41,-15.0,0.9999944388499075,0.9999753718276732,7,14724,2026-01-29T04:02:00+00:00,5540.06,5555.66,5474.84392,5473.92508,stop_loss
14816,2026-01-29T05:34:00+00:00,2026-01-29T05:35:00+00:00,2026-01-29T05:49:00+00:00,0,down,5544.82,5559.82,-15.0,0.9995379436643308,0.9995379436643308,0,14816,2026-01-29T05:34:00+00:00,5544.92,5581.97,5478.28216,5478.28216,stop_loss
14842,2026-01-29T06:00:00+00:00,2026-01-29T06:01:00+00:00,2026-01-29T06:04:00+00:00,0,down,5570.23,5585.23,-15.0,0.9997780051836452,0.9999666365818778,1,14844,2026-01-29T06:02:00+00:00,5570.28,5573.76,5513.91932,5503.38724,stop_loss
14846,2026-01-29T06:04:00+00:00,2026-01-29T06:05:00+00:00,2026-01-29T15:00:00+00:00,0,down,5582.51,5515.51988,66.99012000000039,0.9999523592410612,0.9999523592410612,0,14846,2026-01-29T06:04:00+00:00,5582.68,5568.86,5515.51988,5515.51988,target_hit
14902,2026-01-29T15:00:00+00:00,2026-01-29T15:01:00+00:00,2026-01-29T15:08:00+00:00,0,down,5485.15,5419.3282,65.82179999999971,0.9994578633502703,0.9866461245079511,0,14902,2026-01-29T15:00:00+00:00,5487.25,5192.05,5419.3282,5419.3282,target_hit
14910,2026-01-29T15:08:00+00:00,2026-01-29T15:09:00+00:00,2026-01-29T15:10:00+00:00,0,down,5418.03,5416.76,1.269999999999527,0.9962120156441764,0.9962120156441764,0,14910,2026-01-29T15:08:00+00:00,5420.28,5246.35,5353.01364,5353.01364,reverse_signal
14912,2026-01-29T15:10:00+00:00,2026-01-29T15:11:00+00:00,2026-01-29T15:11:00+00:00,2,up,5427.06,5412.06,-15.0,0.971365097179968,0.971365097179968,0,14912,2026-01-29T15:10:00+00:00,5425.17,5237.58,5492.18472,5492.18472,stop_loss
14913,2026-01-29T15:11:00+00:00,2026-01-29T15:12:00+00:00,2026-01-29T15:12:00+00:00,2,up,5412.81,5397.81,-15.0,0.99248619519175,0.99248619519175,0,14913,2026-01-29T15:11:00+00:00,5410.84,5250.95,5477.763720000001,5477.763720000001,stop_loss
14914,2026-01-29T15:12:00+00:00,2026-01-29T15:13:00+00:00,2026-01-29T15:13:00+00:00,2,up,5428.14,5413.14,-15.0,0.9880575731018328,0.9880575731018328,0,14914,2026-01-29T15:12:00+00:00,5426.59,5251.86,5493.27768,5493.27768,stop_loss
14915,2026-01-29T15:13:00+00:00,2026-01-29T15:14:00+00:00,2026-01-29T15:14:00+00:00,2,up,5411.29,5396.29,-15.0,0.9985392365654011,0.9985392365654011,0,14915,2026-01-29T15:13:00+00:00,5408.19,5268.61,5476.22548,5476.22548,stop_loss
14916,2026-01-29T15:14:00+00:00,2026-01-29T15:15:00+00:00,2026-01-29T15:15:00+00:00,2,up,5384.64,5369.64,-15.0,0.9998125412778502,0.9998125412778502,0,14916,2026-01-29T15:14:00+00:00,5381.95,5271.93,5449.25568,5449.25568,stop_loss
14917,2026-01-29T15:15:00+00:00,2026-01-29T15:16:00+00:00,2026-01-29T15:16:00+00:00,2,up,5357.55,5342.55,-15.0,0.9999017995510028,0.9999017995510028,0,14917,2026-01-29T15:15:00+00:00,5354.45,5264.61,5421.8406,5421.8406,stop_loss
14918,2026-01-29T15:16:00+00:00,2026-01-29T15:17:00+00:00,2026-01-29T15:17:00+00:00,2,up,5327.08,5312.08,-15.0,0.9996658159877938,0.9996658159877938,0,14918,2026-01-29T15:16:00+00:00,5325.42,5246.2,5391.00496,5391.00496,stop_loss
14919,2026-01-29T15:17:00+00:00,2026-01-29T15:18:00+00:00,2026-01-29T15:26:00+00:00,2,up,5298.86,5283.86,-15.0,0.9958895623452577,0.9979410557518784,1,14920,2026-01-29T15:18:00+00:00,5296.5,5261.94,5404.2318,5362.44632,stop_loss
14928,2026-01-29T15:26:00+00:00,2026-01-29T15:27:00+00:00,2026-01-29T15:27:00+00:00,2,up,5260.43,5245.43,-15.0,0.9932504669065632,0.9932504669065632,0,14928,2026-01-29T15:26:00+00:00,5253.3,5288.97,5323.55516,5323.55516,stop_loss
14929,2026-01-29T15:27:00+00:00,2026-01-29T15:28:00+00:00,2026-01-29T15:28:00+00:00,2,up,5135.48,5120.48,-15.0,0.9993674365337885,0.9993674365337885,0,14929,2026-01-29T15:27:00+00:00,5130.43,5289.47,5197.1057599999995,5197.1057599999995,stop_loss
14930,2026-01-29T15:28:00+00:00,2026-01-29T15:29:00+00:00,2026-01-29T15:29:00+00:00,2,up,5172.03,5157.03,-15.0,0.9710570209953259,0.9710570209953259,0,14930,2026-01-29T15:28:00+00:00,5166.53,5295.25,5234.09436,5234.09436,stop_loss
14931,2026-01-29T15:29:00+00:00,2026-01-29T15:30:00+00:00,2026-01-29T15:30:00+00:00,2,up,5198.21,5183.21,-15.0,0.9813132436602896,0.9813132436602896,0,14931,2026-01-29T15:29:00+00:00,5189.5,5288.77,5260.58852,5260.58852,stop_loss
14932,2026-01-29T15:30:00+00:00,2026-01-29T15:31:00+00:00,2026-01-29T15:31:00+00:00,2,up,5229.24,5214.24,-15.0,0.9889098896933332,0.9889098896933332,0,14932,2026-01-29T15:30:00+00:00,5227.46,5303.32,5291.990879999999,5291.990879999999,stop_loss
14933,2026-01-29T15:31:00+00:00,2026-01-29T15:32:00+00:00,2026-01-29T15:32:00+00:00,2,up,5188.04,5173.04,-15.0,0.9999190516255125,0.9999190516255125,0,14933,2026-01-29T15:31:00+00:00,5182.37,5306.85,5250.29648,5250.29648,stop_loss
14934,2026-01-29T15:32:00+00:00,2026-01-29T15:33:00+00:00,2026-01-29T15:33:00+00:00,2,up,5149.34,5134.34,-15.0,0.9999594428584342,0.9999594428584342,0,14934,2026-01-29T15:32:00+00:00,5146.09,5307.71,5211.13208,5211.13208,stop_loss
14935,2026-01-29T15:33:00+00:00,2026-01-29T15:34:00+00:00,2026-01-29T15:34:00+00:00,2,up,5176.29,5161.29,-15.0,0.9999605630354887,0.9999605630354887,0,14935,2026-01-29T15:33:00+00:00,5174.75,5301.01,5238.40548,5238.40548,stop_loss
14936,2026-01-29T15:34:00+00:00,2026-01-29T15:35:00+00:00,2026-01-29T15:35:00+00:00,2,up,5164.35,5149.35,-15.0,0.999929691300924,0.999929691300924,0,14936,2026-01-29T15:34:00+00:00,5162.9,5282.76,5226.3222000000005,5226.3222000000005,stop_loss
14937,2026-01-29T15:35:00+00:00,2026-01-29T15:36:00+00:00,2026-01-29T15:36:00+00:00,2,up,5129.85,5114.85,-15.0,0.999966209713384,0.999966209713384,0,14937,2026-01-29T15:35:00+00:00,5128.74,5264.81,5191.408200000001,5191.408200000001,stop_loss
14938,2026-01-29T15:36:00+00:00,2026-01-29T15:37:00+00:00,2026-01-29T15:42:00+00:00,2,up,5137.85,5122.85,-15.0,0.9999178778259699,0.9999830892903109,1,14939,2026-01-29T15:37:00+00:00,5135.96,5258.0,5237.76792,5199.5042,stop_loss
14944,2026-01-29T15:42:00+00:00,2026-01-29T15:43:00+00:00,2026-01-29T15:44:00+00:00,2,up,5123.35,5108.35,-15.0,0.9999749365148768,0.9999787211696074,1,14945,2026-01-29T15:43:00+00:00,5123.16,5276.31,5196.974200000001,5184.8302,stop_loss
14946,2026-01-29T15:44:00+00:00,2026-01-29T15:45:00+00:00,2026-01-29T16:03:00+00:00,2,up,5124.16,5224.74348,100.58348000000024,0.9999936225816279,0.9999888580203642,1,14947,2026-01-29T15:45:00+00:00,5119.31,5266.46,5224.74348,5185.64992,target_hit
14965,2026-01-29T16:03:00+00:00,2026-01-29T16:04:00+00:00,2026-01-29T16:27:00+00:00,2,up,5228.54,5292.49688,63.95687999999973,0.9999919107406291,0.9999399209085782,1,14966,2026-01-29T16:04:00+00:00,5223.89,5286.25,5292.49688,5291.28248,target_hit
14989,2026-01-29T16:27:00+00:00,2026-01-29T16:28:00+00:00,2026-01-29T16:35:00+00:00,2,up,5291.17,5276.17,-15.0,0.9999644319512166,0.9999287251466912,0,14989,2026-01-29T16:27:00+00:00,5289.47,5363.83,5354.66404,5354.66404,stop_loss
14997,2026-01-29T16:35:00+00:00,2026-01-29T16:36:00+00:00,2026-01-29T16:36:00+00:00,2,up,5266.52,5251.52,-15.0,0.9999334576152099,0.9999334576152099,0,14997,2026-01-29T16:35:00+00:00,5264.81,5354.48,5329.71824,5329.71824,stop_loss
14998,2026-01-29T16:36:00+00:00,2026-01-29T16:37:00+00:00,2026-01-29T16:52:00+00:00,2,up,5258.45,5243.45,-15.0,0.999920131070083,0.9999700591472025,1,15002,2026-01-29T16:40:00+00:00,5256.11,5360.26,5328.15976,5321.551399999999,stop_loss
15016,2026-01-29T16:54:00+00:00,2026-01-29T16:55:00+00:00,2026-01-29T17:17:00+00:00,2,up,5253.9,5322.76,68.86000000000058,0.9999741854579343,0.9983605976278374,1,15022,2026-01-29T17:00:00+00:00,5251.57,5344.22,5343.85588,5316.9468,reverse_signal
15048,2026-01-29T17:26:00+00:00,2026-01-29T17:27:00+00:00,2026-01-29T17:33:00+00:00,2,up,5360.25,5345.25,-15.0,0.9975235295652238,0.9888790362087987,1,15051,2026-01-29T17:29:00+00:00,5358.81,5329.83,5425.81776,5424.573,stop_loss
15055,2026-01-29T17:33:00+00:00,2026-01-29T17:34:00+00:00,2026-01-29T17:52:00+00:00,2,up,5346.19,5331.19,-15.0,0.9979594520594943,0.9986555541789022,1,15057,2026-01-29T17:35:00+00:00,5343.67,5346.58,5418.733759999999,5410.344279999999,stop_loss
15076,2026-01-29T17:54:00+00:00,2026-01-29T17:55:00+00:00,2026-01-29T17:56:00+00:00,2,up,5343.31,5328.31,-15.0,0.9983142156149065,0.9983142156149065,0,15076,2026-01-29T17:54:00+00:00,5341.55,5350.57,5407.42972,5407.42972,stop_loss
15080,2026-01-29T17:58:00+00:00,2026-01-29T17:59:00+00:00,2026-01-29T18:27:00+00:00,2,up,5330.1,5315.1,-15.0,0.9985272153248271,0.9991143727931358,1,15081,2026-01-29T17:59:00+00:00,5328.42,5338.87,5398.767,5394.0612,stop_loss
15119,2026-01-29T18:37:00+00:00,2026-01-29T18:38:00+00:00,2026-01-29T18:41:00+00:00,2,up,5358.08,5343.08,-15.0,0.9986247093717666,0.9986247093717666,0,15119,2026-01-29T18:37:00+00:00,5356.68,5322.56,5422.37696,5422.37696,stop_loss
15124,2026-01-29T18:42:00+00:00,2026-01-29T18:43:00+00:00,2026-01-29T19:01:00+00:00,2,up,5338.41,5323.41,-15.0,0.998313728669348,0.9981427955216644,1,15126,2026-01-29T18:44:00+00:00,5337.37,5316.91,5405.2944,5402.47092,stop_loss
15155,2026-01-29T19:13:00+00:00,2026-01-29T19:14:00+00:00,2026-01-29T19:14:00+00:00,2,up,5319.23,5304.23,-15.0,0.998105666228259,0.998105666228259,0,15155,2026-01-29T19:13:00+00:00,5317.9,5296.97,5383.060759999999,5383.060759999999,stop_loss
15156,2026-01-29T19:14:00+00:00,2026-01-29T19:15:00+00:00,2026-01-29T19:17:00+00:00,2,up,5307.85,5319.79,11.9399999999996,0.996532862082753,0.9994276051395923,1,15157,2026-01-29T19:15:00+00:00,5305.87,5291.91,5376.73576,5371.5442,reverse_signal
15159,2026-01-29T19:17:00+00:00,2026-01-29T19:18:00+00:00,2026-01-29T19:47:00+00:00,0,down,5323.33,5316.81,6.519999999999527,0.9997926053118148,0.5824636383397885,2,15161,2026-01-29T19:19:00+00:00,5325.49,5311.21,5256.22916,5259.45004,reverse_signal
15189,2026-01-29T19:47:00+00:00,2026-01-29T19:48:00+00:00,2026-01-29T19:50:00+00:00,2,up,5324.49,5315.67,-8.819999999999709,0.998966076737226,0.998966076737226,0,15189,2026-01-29T19:47:00+00:00,5322.61,5367.42,5388.383879999999,5388.383879999999,reverse_signal
15193,2026-01-29T19:51:00+00:00,2026-01-29T19:52:00+00:00,2026-01-29T20:04:00+00:00,0,down,5311.98,5284.95,27.029999999999745,0.9998209237648397,0.9999499292815638,2,15198,2026-01-29T19:56:00+00:00,5312.75,5399.88,5247.92008,5248.236239999999,reverse_signal
15206,2026-01-29T20:04:00+00:00,2026-01-29T20:05:00+00:00,2026-01-29T20:11:00+00:00,0,down,5293.93,5308.93,-15.0,0.5973147569371038,0.5973147569371038,0,15206,2026-01-29T20:04:00+00:00,5293.69,5400.36,5230.402840000001,5230.402840000001,stop_loss
15281,2026-01-29T21:19:00+00:00,2026-01-29T21:20:00+00:00,2026-01-29T21:44:00+00:00,2,up,5395.83,5380.83,-15.0,0.9792597190471745,0.9792597190471745,0,15281,2026-01-29T21:19:00+00:00,5394.49,5405.15,5460.57996,5460.57996,stop_loss
15326,2026-01-29T23:05:00+00:00,2026-01-29T23:06:00+00:00,2026-01-29T23:17:00+00:00,2,up,5426.04,5411.04,-15.0,0.9981867702444017,0.9973646959994563,0,15326,2026-01-29T23:05:00+00:00,5424.37,5442.6,5491.15248,5491.15248,stop_loss
15338,2026-01-29T23:17:00+00:00,2026-01-29T23:18:00+00:00,2026-01-30T00:24:00+00:00,2,up,5396.59,5437.64,41.05000000000018,0.9989197813451568,0.9990258070639576,1,15343,2026-01-29T23:22:00+00:00,5393.5,5437.38,5465.761399999999,5461.34908,timeout
15411,2026-01-30T00:30:00+00:00,2026-01-30T00:31:00+00:00,2026-01-30T00:47:00+00:00,2,up,5416.61,5401.61,-15.0,0.9985637283702979,0.9985637283702979,0,15411,2026-01-30T00:30:00+00:00,5415.43,5347.15,5481.60932,5481.60932,stop_loss
15441,2026-01-30T01:30:00+00:00,2026-01-30T01:31:00+00:00,2026-01-30T01:46:00+00:00,2,up,5348.96,5333.96,-15.0,0.959604067364073,0.9999854399652373,1,15443,2026-01-30T01:32:00+00:00,5347.15,5153.02,5423.925319999999,5413.14752,stop_loss
15457,2026-01-30T01:46:00+00:00,2026-01-30T01:47:00+00:00,2026-01-30T01:57:00+00:00,2,up,5331.44,5316.44,-15.0,0.9999918461438104,0.9999928060124236,1,15461,2026-01-30T01:50:00+00:00,5328.63,5240.8,5402.04588,5395.41728,stop_loss
15468,2026-01-30T01:57:00+00:00,2026-01-30T01:58:00+00:00,2026-01-30T01:59:00+00:00,2,up,5313.85,5298.85,-15.0,0.9999955458934718,0.9999918533076941,0,15468,2026-01-30T01:57:00+00:00,5311.8,5213.0,5377.6162,5377.6162,stop_loss
15470,2026-01-30T01:59:00+00:00,2026-01-30T02:00:00+00:00,2026-01-30T02:00:00+00:00,2,up,5302.28,5287.28,-15.0,0.9999868340835066,0.9999868340835066,0,15470,2026-01-30T01:59:00+00:00,5299.94,5223.85,5365.90736,5365.90736,stop_loss
15471,2026-01-30T02:00:00+00:00,2026-01-30T02:01:00+00:00,2026-01-30T02:08:00+00:00,2,up,5298.35,5283.35,-15.0,0.999996084637578,0.9999964834411278,1,15472,2026-01-30T02:01:00+00:00,5296.55,5219.15,5374.4284,5361.930200000001,stop_loss
15479,2026-01-30T02:08:00+00:00,2026-01-30T02:09:00+00:00,2026-01-30T02:10:00+00:00,2,up,5282.85,5267.85,-15.0,0.9999838749132361,0.9999955300989533,0,15479,2026-01-30T02:08:00+00:00,5278.75,5190.85,5346.2442,5346.2442,stop_loss
15481,2026-01-30T02:10:00+00:00,2026-01-30T02:11:00+00:00,2026-01-30T02:12:00+00:00,2,up,5268.05,5253.05,-15.0,0.9999887780902067,0.9999873127751007,1,15482,2026-01-30T02:11:00+00:00,5265.05,5192.15,5331.873799999999,5331.2666,stop_loss
15483,2026-01-30T02:12:00+00:00,2026-01-30T02:13:00+00:00,2026-01-30T02:14:00+00:00,2,up,5222.82,5207.82,-15.0,0.9999963882451316,0.999995140654218,0,15483,2026-01-30T02:12:00+00:00,5218.85,5188.4,5285.49384,5285.49384,stop_loss
15485,2026-01-30T02:14:00+00:00,2026-01-30T02:15:00+00:00,2026-01-30T02:15:00+00:00,2,up,5214.23,5199.23,-15.0,0.9999901066041071,0.9999901066041071,0,15485,2026-01-30T02:14:00+00:00,5210.18,5180.46,5276.800759999999,5276.800759999999,stop_loss
15486,2026-01-30T02:15:00+00:00,2026-01-30T02:16:00+00:00,2026-01-30T02:17:00+00:00,2,up,5205.48,5190.48,-15.0,0.9999891793936901,0.9999910059883147,0,15486,2026-01-30T02:15:00+00:00,5200.2,5190.5,5267.94576,5267.94576,stop_loss
15488,2026-01-30T02:17:00+00:00,2026-01-30T02:18:00+00:00,2026-01-30T02:18:00+00:00,2,up,5194.95,5179.95,-15.0,0.9999942955488662,0.9999942955488662,0,15488,2026-01-30T02:17:00+00:00,5191.6,5192.95,5257.2894,5257.2894,stop_loss
15489,2026-01-30T02:18:00+00:00,2026-01-30T02:19:00+00:00,2026-01-30T02:19:00+00:00,2,up,5173.15,5158.15,-15.0,0.9999939999298423,0.9999939999298423,0,15489,2026-01-30T02:18:00+00:00,5171.55,5192.8,5235.2278,5235.2278,stop_loss
15490,2026-01-30T02:19:00+00:00,2026-01-30T02:20:00+00:00,2026-01-30T02:21:00+00:00,2,up,5148.69,5133.69,-15.0,0.9999912769089364,0.9999921779605746,1,15491,2026-01-30T02:20:00+00:00,5142.65,5179.34,5216.7588,5210.474279999999,stop_loss
15492,2026-01-30T02:21:00+00:00,2026-01-30T02:22:00+00:00,2026-01-30T02:23:00+00:00,2,up,5131.25,5116.25,-15.0,0.999983820837788,0.9999784097341179,1,15493,2026-01-30T02:22:00+00:00,5126.05,5176.9,5196.5188,5192.825,stop_loss
15494,2026-01-30T02:23:00+00:00,2026-01-30T02:24:00+00:00,2026-01-30T02:42:00+00:00,2,up,5138.05,5224.0958,86.04579999999987,0.9999739948513101,0.9999852257057229,1,15495,2026-01-30T02:24:00+00:00,5135.65,5196.1,5224.0958,5199.7066,target_hit
15513,2026-01-30T02:42:00+00:00,2026-01-30T02:43:00+00:00,2026-01-30T02:57:00+00:00,2,up,5223.25,5208.25,-15.0,0.9999784029456786,0.999987967660127,1,15516,2026-01-30T02:45:00+00:00,5219.85,5155.36,5289.319200000001,5285.929,stop_loss
15528,2026-01-30T02:57:00+00:00,2026-01-30T02:58:00+00:00,2026-01-30T02:58:00+00:00,2,up,5215.8,5200.8,-15.0,0.9999799563671097,0.9999799563671097,0,15528,2026-01-30T02:57:00+00:00,5213.0,5188.15,5278.3896,5278.3896,stop_loss
15529,2026-01-30T02:58:00+00:00,2026-01-30T02:59:00+00:00,2026-01-30T03:03:00+00:00,2,up,5220.51,5205.51,-15.0,0.999991224783892,0.999967258846999,1,15530,2026-01-30T02:59:00+00:00,5217.65,5195.15,5286.5362000000005,5283.156120000001,stop_loss
15536,2026-01-30T03:05:00+00:00,2026-01-30T03:06:00+00:00,2026-01-30T03:14:00+00:00,2,up,5191.46,5176.46,-15.0,0.9999885827253373,0.9999715523171463,1,15538,2026-01-30T03:07:00+00:00,5189.3,5218.5,5258.4026,5253.75752,stop_loss
15545,2026-01-30T03:14:00+00:00,2026-01-30T03:15:00+00:00,2026-01-30T03:39:00+00:00,2,up,5182.66,5167.66,-15.0,0.9999870533110097,0.999980424279719,1,15546,2026-01-30T03:15:00+00:00,5180.46,5220.55,5252.786,5244.85192,stop_loss
15575,2026-01-30T03:44:00+00:00,2026-01-30T03:45:00+00:00,2026-01-30T04:07:00+00:00,2,up,5156.2,5222.0718,65.8717999999999,0.9999577640834517,0.9999445419681332,1,15577,2026-01-30T03:46:00+00:00,5153.8,5206.3,5222.0718,5218.0743999999995,target_hit
15602,2026-01-30T04:11:00+00:00,2026-01-30T04:12:00+00:00,2026-01-30T04:15:00+00:00,2,up,5225.1,5210.1,-15.0,0.9850229968919679,0.7893479114053481,0,15602,2026-01-30T04:11:00+00:00,5223.39,5213.98,5287.801200000001,5287.801200000001,stop_loss
15614,2026-01-30T04:23:00+00:00,2026-01-30T04:24:00+00:00,2026-01-30T04:26:00+00:00,2,up,5214.5,5199.5,-15.0,0.9978363947956091,0.9978363947956091,0,15614,2026-01-30T04:23:00+00:00,5211.67,5233.6,5277.074,5277.074,stop_loss
15627,2026-01-30T04:36:00+00:00,2026-01-30T04:37:00+00:00,2026-01-30T04:44:00+00:00,2,up,5219.0,5204.0,-15.0,0.969665301987978,0.969665301987978,0,15627,2026-01-30T04:36:00+00:00,5216.4,5227.29,5281.628,5281.628,stop_loss
15709,2026-01-30T05:58:00+00:00,2026-01-30T05:59:00+00:00,2026-01-30T06:01:00+00:00,2,up,5188.65,5187.59,-1.0599999999994907,0.998266727343138,0.998266727343138,0,15709,2026-01-30T05:58:00+00:00,5186.45,5150.83,5250.913799999999,5250.913799999999,reverse_signal
15712,2026-01-30T06:01:00+00:00,2026-01-30T06:02:00+00:00,2026-01-30T06:46:00+00:00,0,down,5197.9,5154.2,43.69999999999982,0.9999961875308732,0.978106963068329,2,15716,2026-01-30T06:05:00+00:00,5199.83,5152.87,5128.69812,5135.5252,reverse_signal
15757,2026-01-30T06:46:00+00:00,2026-01-30T06:47:00+00:00,2026-01-30T06:52:00+00:00,2,up,5159.28,5154.5,-4.779999999999745,0.8878101380123716,0.5985460925423721,1,15759,2026-01-30T06:48:00+00:00,5157.41,5146.55,5226.9294,5221.19136,reverse_signal
15771,2026-01-30T15:00:00+00:00,2026-01-30T15:01:00+00:00,2026-01-30T15:04:00+00:00,0,down,5016.35,4993.95,22.400000000000546,0.9999527448960229,0.9999527448960229,0,15771,2026-01-30T15:00:00+00:00,5017.95,5050.5,4956.1538,4956.1538,reverse_signal
15775,2026-01-30T15:04:00+00:00,2026-01-30T15:05:00+00:00,2026-01-30T15:05:00+00:00,0,down,4984.25,4999.25,-15.0,0.9153342389253177,0.9153342389253177,0,15775,2026-01-30T15:04:00+00:00,4986.77,5023.18,4924.439,4924.439,stop_loss
15776,2026-01-30T15:05:00+00:00,2026-01-30T15:06:00+00:00,2026-01-30T15:07:00+00:00,0,down,4994.15,5009.15,-15.0,0.9070111436665108,0.8801263939962295,1,15777,2026-01-30T15:06:00+00:00,4998.03,5036.55,4946.2738,4934.2202,stop_loss
15778,2026-01-30T15:07:00+00:00,2026-01-30T15:08:00+00:00,2026-01-30T15:09:00+00:00,0,down,5012.25,4996.35,15.899999999999636,0.9999470619135016,0.9999470619135016,0,15778,2026-01-30T15:07:00+00:00,5014.15,5030.55,4952.103,4952.103,reverse_signal
15780,2026-01-30T15:09:00+00:00,2026-01-30T15:10:00+00:00,2026-01-30T15:20:00+00:00,2,up,5000.88,5048.95,48.06999999999971,0.8188798746432693,0.8956747690826167,1,15781,2026-01-30T15:10:00+00:00,4998.75,5025.56,5070.5754,5060.89056,reverse_signal
15791,2026-01-30T15:20:00+00:00,2026-01-30T15:21:00+00:00,2026-01-30T15:35:00+00:00,0,down,5045.15,5060.15,-15.0,0.9721054806491457,0.9312385070875349,4,15795,2026-01-30T15:24:00+00:00,5047.0,4993.66,4980.4092,4984.6082,stop_loss
15806,2026-01-30T15:35:00+00:00,2026-01-30T15:36:00+00:00,2026-01-30T15:47:00+00:00,0,down,5061.17,5055.81,5.359999999999673,0.9843173719172533,0.791485213064485,2,15813,2026-01-30T15:42:00+00:00,5062.36,5004.25,5002.273639999999,5000.43596,reverse_signal
15819,2026-01-30T15:48:00+00:00,2026-01-30T15:49:00+00:00,2026-01-30T15:54:00+00:00,2,up,5061.22,5046.22,-15.0,0.9975443873643153,0.9974853162571343,1,15820,2026-01-30T15:49:00+00:00,5060.05,4981.06,5122.91604,5121.95464,stop_loss
15825,2026-01-30T15:54:00+00:00,2026-01-30T15:55:00+00:00,2026-01-30T16:01:00+00:00,2,up,5042.54,5050.23,7.6899999999996,0.9864241648212633,0.9826216073721713,1,15826,2026-01-30T15:55:00+00:00,5041.21,4977.9,5109.70944,5103.05048,reverse_signal
15832,2026-01-30T16:01:00+00:00,2026-01-30T16:02:00+00:00,2026-01-30T16:27:00+00:00,0,down,5043.69,5007.04,36.649999999999636,0.9997354318249866,0.9999016339261785,0,15832,2026-01-30T16:01:00+00:00,5044.87,4976.75,4983.16572,4983.16572,reverse_signal
15861,2026-01-30T16:30:00+00:00,2026-01-30T16:31:00+00:00,2026-01-30T16:34:00+00:00,2,up,5001.19,4986.19,-15.0,0.9999753917857732,0.9999753917857732,0,15861,2026-01-30T16:30:00+00:00,4999.97,4913.75,5061.20428,5061.20428,stop_loss
15865,2026-01-30T16:34:00+00:00,2026-01-30T16:35:00+00:00,2026-01-30T16:35:00+00:00,2,up,4988.15,4973.15,-15.0,0.9999276394826159,0.9999276394826159,0,15865,2026-01-30T16:34:00+00:00,4986.55,4912.85,5048.007799999999,5048.007799999999,stop_loss
15866,2026-01-30T16:35:00+00:00,2026-01-30T16:36:00+00:00,2026-01-30T16:51:00+00:00,2,up,4971.75,4956.75,-15.0,0.9999721481804744,0.9999760735378781,1,15868,2026-01-30T16:37:00+00:00,4967.32,4903.42,5032.8278,5031.411,stop_loss
15882,2026-01-30T16:51:00+00:00,2026-01-30T16:52:00+00:00,2026-01-30T16:52:00+00:00,2,up,4962.85,4947.85,-15.0,0.9999709411804402,0.9999709411804402,0,15882,2026-01-30T16:51:00+00:00,4961.04,4846.15,5022.4042,5022.4042,stop_loss
15883,2026-01-30T16:52:00+00:00,2026-01-30T16:53:00+00:00,2026-01-30T16:57:00+00:00,2,up,4967.32,4976.05,8.730000000000473,0.9999618047361618,0.7896789652287273,1,15884,2026-01-30T16:53:00+00:00,4962.95,4823.5,5035.6614,5026.927839999999,reverse_signal
15888,2026-01-30T16:57:00+00:00,2026-01-30T16:58:00+00:00,2026-01-30T16:59:00+00:00,0,down,4977.0,4981.3,-4.300000000000182,0.9983373665455347,0.9983373665455347,0,15888,2026-01-30T16:57:00+00:00,4979.05,4848.7,4917.276,4917.276,reverse_signal
15890,2026-01-30T16:59:00+00:00,2026-01-30T17:00:00+00:00,2026-01-30T17:01:00+00:00,2,up,4986.35,4978.55,-7.800000000000182,0.9106917124410053,0.9106917124410053,0,15890,2026-01-30T16:59:00+00:00,4984.93,4849.35,5046.1862,5046.1862,reverse_signal
15892,2026-01-30T17:01:00+00:00,2026-01-30T17:02:00+00:00,2026-01-30T17:04:00+00:00,0,down,4974.55,4980.35,-5.800000000000182,0.9999610370578167,0.9996918232650593,1,15893,2026-01-30T17:02:00+00:00,4976.75,4871.6,4920.84268,4914.8554,reverse_signal
15895,2026-01-30T17:04:00+00:00,2026-01-30T17:05:00+00:00,2026-01-30T17:10:00+00:00,0,down,4973.64,4933.8,39.840000000000146,0.9919343532324975,0.993026541712866,0,15895,2026-01-30T17:04:00+00:00,4975.55,4882.86,4913.95632,4913.95632,reverse_signal
15901,2026-01-30T17:10:00+00:00,2026-01-30T17:11:00+00:00,2026-01-30T17:12:00+00:00,2,up,4945.34,4930.34,-15.0,0.9999089208870617,0.9999549814188511,0,15901,2026-01-30T17:10:00+00:00,4945.25,4820.95,5004.68408,5004.68408,stop_loss
15903,2026-01-30T17:12:00+00:00,2026-01-30T17:13:00+00:00,2026-01-30T17:13:00+00:00,2,up,4916.45,4901.45,-15.0,0.9999786657780777,0.9999786657780777,0,15903,2026-01-30T17:12:00+00:00,4914.45,4793.35,4975.4474,4975.4474,stop_loss
15904,2026-01-30T17:13:00+00:00,2026-01-30T17:14:00+00:00,2026-01-30T17:32:00+00:00,2,up,4913.55,4898.55,-15.0,0.9981543024706072,0.9999861591188993,1,15905,2026-01-30T17:14:00+00:00,4911.65,4807.2,4972.968,4972.5126,stop_loss
15923,2026-01-30T17:32:00+00:00,2026-01-30T17:33:00+00:00,2026-01-30T17:39:00+00:00,2,up,4904.85,4889.85,-15.0,0.999979802294568,0.9999896483489377,1,15925,2026-01-30T17:34:00+00:00,4903.25,4749.72,4971.8042000000005,4963.7082,stop_loss
15930,2026-01-30T17:39:00+00:00,2026-01-30T17:40:00+00:00,2026-01-30T17:42:00+00:00,2,up,4890.22,4875.22,-15.0,0.9999846438014903,0.9999066275872515,1,15931,2026-01-30T17:40:00+00:00,4888.64,4713.05,4952.9304,4948.90264,stop_loss
15933,2026-01-30T17:42:00+00:00,2026-01-30T17:43:00+00:00,2026-01-30T17:43:00+00:00,2,up,4873.1,4858.1,-15.0,0.9999863107409898,0.9999863107409898,0,15933,2026-01-30T17:42:00+00:00,4869.51,4753.95,4931.577200000001,4931.577200000001,stop_loss
15934,2026-01-30T17:43:00+00:00,2026-01-30T17:44:00+00:00,2026-01-30T17:44:00+00:00,2,up,4857.0,4842.0,-15.0,0.999974953771045,0.999974953771045,0,15934,2026-01-30T17:43:00+00:00,4852.03,4760.1,4915.284,4915.284,stop_loss
15935,2026-01-30T17:44:00+00:00,2026-01-30T17:45:00+00:00,2026-01-30T17:51:00+00:00,2,up,4863.5,4848.5,-15.0,0.999976357766863,0.9999680754924907,1,15936,2026-01-30T17:45:00+00:00,4858.75,4798.8,4926.2642000000005,4921.862,stop_loss
15942,2026-01-30T17:51:00+00:00,2026-01-30T17:52:00+00:00,2026-01-30T17:52:00+00:00,2,up,4848.75,4833.75,-15.0,0.9999752906477251,0.9999752906477251,0,15942,2026-01-30T17:51:00+00:00,4846.15,4833.2,4906.935,4906.935,stop_loss
15943,2026-01-30T17:52:00+00:00,2026-01-30T17:53:00+00:00,2026-01-30T17:54:00+00:00,2,up,4833.83,4818.83,-15.0,0.9999452094602402,0.999974661325335,0,15943,2026-01-30T17:52:00+00:00,4831.25,4821.97,4891.83596,4891.83596,stop_loss
15945,2026-01-30T17:54:00+00:00,2026-01-30T17:55:00+00:00,2026-01-30T18:05:00+00:00,2,up,4813.86,4889.478,75.6180000000004,0.9999697205015422,0.9999822544000494,1,15947,2026-01-30T17:56:00+00:00,4813.56,4879.8,4889.478,4871.626319999999,target_hit
15956,2026-01-30T18:05:00+00:00,2026-01-30T18:06:00+00:00,2026-01-30T18:06:00+00:00,2,up,4875.75,4860.75,-15.0,0.9999810193730218,0.9999810193730218,0,15956,2026-01-30T18:05:00+00:00,4872.35,4900.61,4934.259,4934.259,stop_loss
15957,2026-01-30T18:06:00+00:00,2026-01-30T18:07:00+00:00,2026-01-30T18:07:00+00:00,2,up,4861.33,4846.33,-15.0,0.9999859934086758,0.9999859934086758,0,15957,2026-01-30T18:06:00+00:00,4859.45,4896.4,4919.66596,4919.66596,stop_loss
15958,2026-01-30T18:07:00+00:00,2026-01-30T18:08:00+00:00,2026-01-30T18:08:00+00:00,2,up,4849.75,4834.75,-15.0,0.9999798439587216,0.9999798439587216,0,15958,2026-01-30T18:07:00+00:00,4847.8,4885.29,4907.947,4907.947,stop_loss
15959,2026-01-30T18:08:00+00:00,2026-01-30T18:09:00+00:00,2026-01-30T18:09:00+00:00,2,up,4838.95,4823.95,-15.0,0.9999820398848833,0.9999820398848833,0,15959,2026-01-30T18:08:00+00:00,4836.28,4894.05,4897.0174,4897.0174,stop_loss
15960,2026-01-30T18:09:00+00:00,2026-01-30T18:10:00+00:00,2026-01-30T18:10:00+00:00,2,up,4814.85,4799.85,-15.0,0.9999820789735051,0.9999820789735051,0,15960,2026-01-30T18:09:00+00:00,4812.25,4908.83,4872.6282,4872.6282,stop_loss
15961,2026-01-30T18:10:00+00:00,2026-01-30T18:11:00+00:00,2026-01-30T18:11:00+00:00,2,up,4824.95,4809.95,-15.0,0.9999809426249863,0.9999809426249863,0,15961,2026-01-30T18:10:00+00:00,4820.95,4905.8,4882.8494,4882.8494,stop_loss
15962,2026-01-30T18:11:00+00:00,2026-01-30T18:12:00+00:00,2026-01-30T18:12:00+00:00,2,up,4817.35,4802.35,-15.0,0.9999585123238626,0.9999585123238626,0,15962,2026-01-30T18:11:00+00:00,4813.6,4884.3,4875.158200000001,4875.158200000001,stop_loss
15963,2026-01-30T18:12:00+00:00,2026-01-30T18:13:00+00:00,2026-01-30T18:17:00+00:00,2,up,4796.35,4781.35,-15.0,0.9999462727378691,0.9999644760086933,1,15964,2026-01-30T18:13:00+00:00,4793.35,4873.9,4863.44936,4853.9062,stop_loss
15968,2026-01-30T18:17:00+00:00,2026-01-30T18:18:00+00:00,2026-01-30T18:18:00+00:00,2,up,4792.25,4777.25,-15.0,0.9999843472933431,0.9999843472933431,0,15968,2026-01-30T18:17:00+00:00,4790.17,4892.05,4849.757,4849.757,stop_loss
15969,2026-01-30T18:18:00+00:00,2026-01-30T18:19:00+00:00,2026-01-30T18:19:00+00:00,2,up,4770.8,4755.8,-15.0,0.9999851970178747,0.9999851970178747,0,15969,2026-01-30T18:18:00+00:00,4769.4,4876.66,4828.0496,4828.0496,stop_loss
15970,2026-01-30T18:19:00+00:00,2026-01-30T18:20:00+00:00,2026-01-30T18:20:00+00:00,2,up,4758.71,4743.71,-15.0,0.9999835304268992,0.9999835304268992,0,15970,2026-01-30T18:19:00+00:00,4753.2,4876.25,4815.81452,4815.81452,stop_loss
15971,2026-01-30T18:20:00+00:00,2026-01-30T18:21:00+00:00,2026-01-30T18:21:00+00:00,2,up,4734.22,4719.22,-15.0,0.9999851038018479,0.9999851038018479,0,15971,2026-01-30T18:20:00+00:00,4729.15,4883.98,4791.03064,4791.03064,stop_loss
15972,2026-01-30T18:21:00+00:00,2026-01-30T18:22:00+00:00,2026-01-30T18:22:00+00:00,2,up,4725.25,4710.25,-15.0,0.9999857307705393,0.9999857307705393,0,15972,2026-01-30T18:21:00+00:00,4722.11,4885.2,4781.953,4781.953,stop_loss
15973,2026-01-30T18:22:00+00:00,2026-01-30T18:23:00+00:00,2026-01-30T18:29:00+00:00,2,up,4714.12,4699.12,-15.0,0.9999811814248069,0.9999834822656023,1,15974,2026-01-30T18:23:00+00:00,4710.2,4859.0,4793.3582400000005,4770.68944,stop_loss
15980,2026-01-30T18:29:00+00:00,2026-01-30T18:30:00+00:00,2026-01-30T18:30:00+00:00,2,up,4745.39,4730.39,-15.0,0.9999735413560754,0.9999735413560754,0,15980,2026-01-30T18:29:00+00:00,4741.62,4891.45,4802.33468,4802.33468,stop_loss
15981,2026-01-30T18:30:00+00:00,2026-01-30T18:31:00+00:00,2026-01-30T18:31:00+00:00,2,up,4742.23,4727.23,-15.0,0.9999827124872104,0.9999827124872104,0,15981,2026-01-30T18:30:00+00:00,4738.65,4896.7,4799.136759999999,4799.136759999999,stop_loss
15982,2026-01-30T18:31:00+00:00,2026-01-30T18:32:00+00:00,2026-01-30T18:36:00+00:00,2,up,4752.75,4737.75,-15.0,0.9999832628772582,0.9999554133061717,1,15983,2026-01-30T18:32:00+00:00,4752.4,4899.7,4810.90632,4809.783,stop_loss
15987,2026-01-30T18:36:00+00:00,2026-01-30T18:37:00+00:00,2026-01-30T18:38:00+00:00,2,up,4725.39,4710.39,-15.0,0.9999785363568833,0.9999674139267074,0,15987,2026-01-30T18:36:00+00:00,4724.5,4895.65,4782.09468,4782.09468,stop_loss
15989,2026-01-30T18:38:00+00:00,2026-01-30T18:39:00+00:00,2026-01-30T18:39:00+00:00,2,up,4712.75,4697.75,-15.0,0.9999806640606106,0.9999806640606106,0,15989,2026-01-30T18:38:00+00:00,4709.95,4914.66,4769.303,4769.303,stop_loss
15990,2026-01-30T18:39:00+00:00,2026-01-30T18:40:00+00:00,2026-01-30T18:44:00+00:00,2,up,4702.14,4769.6066,67.46659999999974,0.9999865631980533,0.9999730127845091,1,15991,2026-01-30T18:40:00+00:00,4693.08,4907.75,4769.6066,4758.565680000001,target_hit
15995,2026-01-30T18:44:00+00:00,2026-01-30T18:45:00+00:00,2026-01-30T18:53:00+00:00,2,up,4781.79,4856.3856000000005,74.59560000000056,0.999964646765826,0.9999842448016586,1,15996,2026-01-30T18:45:00+00:00,4778.45,4924.0,4856.3856000000005,4839.17148,target_hit
16004,2026-01-30T18:53:00+00:00,2026-01-30T18:54:00+00:00,2026-01-30T19:23:00+00:00,2,up,4857.45,4842.45,-15.0,0.9999809067066812,0.999469480463297,1,16005,2026-01-30T18:54:00+00:00,4853.69,4931.06,4917.925319999999,4915.7393999999995,stop_loss
16034,2026-01-30T19:23:00+00:00,2026-01-30T19:24:00+00:00,2026-01-30T19:35:00+00:00,2,up,4862.2,4905.15,42.94999999999982,0.9921006225646737,0.9971395272215734,1,16035,2026-01-30T19:24:00+00:00,4859.0,4894.99,4926.314799999999,4920.5464,reverse_signal
16060,2026-01-30T19:49:00+00:00,2026-01-30T19:50:00+00:00,2026-01-30T20:00:00+00:00,2,up,4917.4,4902.4,-15.0,0.9850551678270657,0.9851087159110982,1,16063,2026-01-30T19:52:00+00:00,4913.9,4859.75,4988.7653199999995,4976.408799999999,stop_loss
16072,2026-01-30T20:01:00+00:00,2026-01-30T20:02:00+00:00,2026-01-30T20:02:00+00:00,2,up,4901.25,4886.25,-15.0,0.9851332756191549,0.9851332756191549,0,16072,2026-01-30T20:01:00+00:00,4897.6,4846.71,4960.065,4960.065,stop_loss
16074,2026-01-30T20:03:00+00:00,2026-01-30T20:04:00+00:00,2026-01-30T20:08:00+00:00,2,up,4901.15,4886.15,-15.0,0.9699517185459843,0.9699517185459843,0,16074,2026-01-30T20:03:00+00:00,4898.3,4858.13,4959.9637999999995,4959.9637999999995,stop_loss
16085,2026-01-30T20:14:00+00:00,2026-01-30T20:15:00+00:00,2026-01-30T20:16:00+00:00,2,up,4900.48,4885.48,-15.0,0.9917542268444602,0.9923407719384337,0,16085,2026-01-30T20:14:00+00:00,4897.95,4839.89,4959.28576,4959.28576,stop_loss
16087,2026-01-30T20:16:00+00:00,2026-01-30T20:17:00+00:00,2026-01-30T20:32:00+00:00,2,up,4887.49,4872.49,-15.0,0.9979895279768792,0.9970849071636187,1,16088,2026-01-30T20:17:00+00:00,4884.25,4854.38,4949.50984,4946.13988,stop_loss
16104,2026-01-30T20:33:00+00:00,2026-01-30T20:34:00+00:00,2026-01-30T20:37:00+00:00,2,up,4873.57,4858.57,-15.0,0.9984090688451734,0.99723788121033,0,16104,2026-01-30T20:33:00+00:00,4868.68,4875.61,4932.052839999999,4932.052839999999,stop_loss
16108,2026-01-30T20:37:00+00:00,2026-01-30T20:38:00+00:00,2026-01-30T20:53:00+00:00,2,up,4855.33,4859.65,4.319999999999709,0.997348945951419,0.9979040062962498,1,16110,2026-01-30T20:39:00+00:00,4851.95,4855.02,4918.9778,4913.59396,reverse_signal
16124,2026-01-30T20:53:00+00:00,2026-01-30T20:54:00+00:00,2026-01-30T21:03:00+00:00,0,down,4853.75,4858.55,-4.800000000000182,0.9988607899863048,0.997042376097232,0,16124,2026-01-30T20:53:00+00:00,4856.67,4883.58,4795.505,4795.505,reverse_signal
16134,2026-01-30T21:03:00+00:00,2026-01-30T21:04:00+00:00,2026-01-30T21:05:00+00:00,2,up,4861.55,4846.55,-15.0,0.9968727905175557,0.920087551728352,0,16134,2026-01-30T21:03:00+00:00,4858.13,4817.6,4919.8886,4919.8886,stop_loss
16136,2026-01-30T21:05:00+00:00,2026-01-30T21:06:00+00:00,2026-01-30T21:13:00+00:00,2,up,4844.59,4838.25,-6.3400000000001455,0.86617908451051,0.6175456133011559,1,16137,2026-01-30T21:06:00+00:00,4844.23,4819.38,4910.6186800000005,4902.72508,reverse_signal
16144,2026-01-30T21:13:00+00:00,2026-01-30T21:14:00+00:00,2026-01-30T21:16:00+00:00,0,down,4838.4,4837.68,0.7199999999993452,0.899226458517972,0.9974468751490231,1,16145,2026-01-30T21:14:00+00:00,4838.71,4735.23,4782.10772,4780.339199999999,reverse_signal
16147,2026-01-30T21:16:00+00:00,2026-01-30T21:17:00+00:00,2026-01-30T21:19:00+00:00,2,up,4851.98,4852.55,0.5700000000006185,0.9999549427449976,0.9999549427449976,0,16147,2026-01-30T21:16:00+00:00,4851.71,4700.05,4910.203759999999,4910.203759999999,reverse_signal
16150,2026-01-30T21:19:00+00:00,2026-01-30T21:20:00+00:00,2026-01-30T21:21:00+00:00,0,down,4858.66,4865.36,-6.699999999999818,0.9341102279329994,0.9341102279329994,0,16150,2026-01-30T21:19:00+00:00,4859.24,4729.49,4800.35608,4800.35608,reverse_signal
16152,2026-01-30T21:21:00+00:00,2026-01-30T21:22:00+00:00,2026-01-30T21:27:00+00:00,0,down,4875.73,4873.31,2.4199999999991633,0.9996811154283298,0.8482429152644537,2,16156,2026-01-30T21:25:00+00:00,4876.05,4728.8,4825.25368,4817.22124,reverse_signal
16159,2026-01-30T21:28:00+00:00,2026-01-30T21:29:00+00:00,2026-01-30T21:38:00+00:00,2,up,4874.12,4859.12,-15.0,0.9993428424508518,0.9984710475191327,1,16160,2026-01-30T21:29:00+00:00,4873.81,4722.54,4932.8928,4932.60944,stop_loss
16196,2026-02-01T23:07:00+00:00,2026-02-01T23:08:00+00:00,2026-02-01T23:11:00+00:00,0,down,4820.73,4762.88124,57.84875999999986,0.9917156537281321,0.9917156537281321,0,16196,2026-02-01T23:07:00+00:00,4825.77,4780.4,4762.88124,4762.88124,target_hit
16201,2026-02-01T23:12:00+00:00,2026-02-01T23:13:00+00:00,2026-02-01T23:14:00+00:00,2,up,4760.43,4745.43,-15.0,0.9718610319075044,0.9636496519838296,1,16202,2026-02-01T23:13:00+00:00,4757.05,4837.8,4822.81756,4817.55516,stop_loss
16203,2026-02-01T23:14:00+00:00,2026-02-01T23:15:00+00:00,2026-02-01T23:15:00+00:00,2,up,4746.28,4731.28,-15.0,0.9741799876194552,0.9741799876194552,0,16203,2026-02-01T23:14:00+00:00,4739.18,4844.4,4803.23536,4803.23536,stop_loss
16204,2026-02-01T23:15:00+00:00,2026-02-01T23:16:00+00:00,2026-02-01T23:18:00+00:00,2,up,4737.08,4722.08,-15.0,0.9999239548251214,0.9903587530305652,0,16204,2026-02-01T23:15:00+00:00,4732.18,4853.5,4793.92496,4793.92496,stop_loss
16207,2026-02-01T23:18:00+00:00,2026-02-01T23:19:00+00:00,2026-02-01T23:38:00+00:00,2,up,4705.85,4770.568,64.71799999999985,0.9998498181021923,0.9986599290308413,1,16208,2026-02-01T23:19:00+00:00,4700.05,4865.08,4770.568,4762.3202,target_hit
16227,2026-02-01T23:38:00+00:00,2026-02-01T23:39:00+00:00,2026-02-01T23:45:00+00:00,2,up,4780.5,4765.5,-15.0,0.9998045082547237,0.9999750092524886,0,16227,2026-02-01T23:38:00+00:00,4775.95,4825.5,4837.866,4837.866,stop_loss
16234,2026-02-01T23:45:00+00:00,2026-02-01T23:46:00+00:00,2026-02-01T23:46:00+00:00,2,up,4746.83,4731.83,-15.0,0.9999709753800001,0.9999709753800001,0,16234,2026-02-01T23:45:00+00:00,4741.94,4793.2,4803.79196,4803.79196,stop_loss
16235,2026-02-01T23:46:00+00:00,2026-02-01T23:47:00+00:00,2026-02-01T23:47:00+00:00,2,up,4746.25,4731.25,-15.0,0.9999707110116693,0.9999707110116693,0,16235,2026-02-01T23:46:00+00:00,4749.35,4794.66,4803.205,4803.205,stop_loss
16236,2026-02-01T23:47:00+00:00,2026-02-01T23:48:00+00:00,2026-02-02T00:08:00+00:00,2,up,4736.55,4803.3062,66.75619999999981,0.9999540761501058,0.9999728913999224,1,16238,2026-02-01T23:49:00+00:00,4733.15,4796.6,4803.3062,4793.3886,target_hit
16257,2026-02-02T00:08:00+00:00,2026-02-02T00:09:00+00:00,2026-02-02T00:21:00+00:00,2,up,4808.97,4875.7148,66.74479999999949,0.9999894569737907,0.9981922870951585,1,16258,2026-02-02T00:09:00+00:00,4807.19,4653.15,4875.7148,4866.67764,target_hit
16270,2026-02-02T00:21:00+00:00,2026-02-02T00:22:00+00:00,2026-02-02T00:23:00+00:00,2,up,4885.57,4870.57,-15.0,0.9980712631581014,0.9983834740176153,0,16270,2026-02-02T00:21:00+00:00,4882.3,4690.93,4944.19684,4944.19684,stop_loss
16272,2026-02-02T00:23:00+00:00,2026-02-02T00:24:00+00:00,2026-02-02T00:25:00+00:00,2,up,4867.14,4852.14,-15.0,0.9971388326145624,0.9988358517359606,0,16272,2026-02-02T00:23:00+00:00,4866.5,4648.79,4925.54568,4925.54568,stop_loss
16274,2026-02-02T00:25:00+00:00,2026-02-02T00:26:00+00:00,2026-02-02T00:30:00+00:00,2,up,4844.91,4829.91,-15.0,0.9980366735892177,0.9991324394049272,1,16276,2026-02-02T00:27:00+00:00,4843.5,4683.4,4908.0077200000005,4903.04892,stop_loss
16282,2026-02-02T00:33:00+00:00,2026-02-02T00:34:00+00:00,2026-02-02T00:44:00+00:00,2,up,4815.06,4800.06,-15.0,0.967540331217419,0.9998681236486235,1,16283,2026-02-02T00:34:00+00:00,4811.9,4702.6,4875.92732,4872.84072,stop_loss
16293,2026-02-02T00:44:00+00:00,2026-02-02T00:45:00+00:00,2026-02-02T00:45:00+00:00,2,up,4805.26,4790.26,-15.0,0.7949932838431928,0.7949932838431928,0,16293,2026-02-02T00:44:00+00:00,4802.4,4713.7,4862.92312,4862.92312,stop_loss
16294,2026-02-02T00:45:00+00:00,2026-02-02T00:46:00+00:00,2026-02-02T00:48:00+00:00,2,up,4794.24,4779.24,-15.0,0.9622370736513002,0.9066680687121866,1,16295,2026-02-02T00:46:00+00:00,4793.2,4718.0,4852.19592,4851.77088,stop_loss
16297,2026-02-02T00:48:00+00:00,2026-02-02T00:49:00+00:00,2026-02-02T00:55:00+00:00,2,up,4794.35,4779.35,-15.0,0.6877176459480289,0.9980771542287128,1,16299,2026-02-02T00:50:00+00:00,4791.2,4730.1,4852.50964,4851.8822,stop_loss
16305,2026-02-02T00:56:00+00:00,2026-02-02T00:57:00+00:00,2026-02-02T01:30:00+00:00,2,up,4767.12,4752.12,-15.0,0.9999456830897013,0.9999144280463518,1,16306,2026-02-02T00:57:00+00:00,4764.88,4737.2,4827.6448,4824.32544,stop_loss
16309,2026-02-02T01:30:00+00:00,2026-02-02T01:31:00+00:00,2026-02-02T01:31:00+00:00,0,down,4676.03,4691.03,-15.0,0.739041209311218,0.739041209311218,0,16309,2026-02-02T01:30:00+00:00,4677.07,4745.75,4619.91764,4619.91764,stop_loss
16310,2026-02-02T01:31:00+00:00,2026-02-02T01:32:00+00:00,2026-02-02T01:51:00+00:00,2,up,4688.09,4747.595600000001,59.50560000000041,0.9970022768686343,0.9999820785075569,1,16311,2026-02-02T01:32:00+00:00,4683.7,4768.31,4747.595600000001,4744.3470800000005,target_hit
16330,2026-02-02T01:51:00+00:00,2026-02-02T01:52:00+00:00,2026-02-02T01:56:00+00:00,2,up,4743.9,4728.9,-15.0,0.9928652322341909,0.9996237413000707,0,16330,2026-02-02T01:51:00+00:00,4742.1,4726.06,4800.8268,4800.8268,stop_loss
16335,2026-02-02T01:56:00+00:00,2026-02-02T01:57:00+00:00,2026-02-02T02:03:00+00:00,2,up,4733.98,4718.98,-15.0,0.9999068755679156,0.9997607360107857,1,16336,2026-02-02T01:57:00+00:00,4731.75,4702.95,4794.0464,4790.787759999999,stop_loss
16342,2026-02-02T02:03:00+00:00,2026-02-02T02:04:00+00:00,2026-02-02T02:10:00+00:00,2,up,4719.04,4704.04,-15.0,0.9999876305954809,0.9999832678489231,1,16343,2026-02-02T02:04:00+00:00,4715.13,4705.95,4779.645640000001,4775.66848,stop_loss
16349,2026-02-02T02:10:00+00:00,2026-02-02T02:11:00+00:00,2026-02-02T02:32:00+00:00,2,up,4699.62,4765.508,65.88799999999992,0.9999813333236447,0.9999660442416959,1,16350,2026-02-02T02:11:00+00:00,4699.3,4709.06,4765.508,4756.01544,target_hit
16385,2026-02-02T02:46:00+00:00,2026-02-02T02:47:00+00:00,2026-02-02T02:48:00+00:00,2,up,4748.24,4733.24,-15.0,0.9755473230953874,0.9755473230953874,0,16385,2026-02-02T02:46:00+00:00,4748.62,4666.62,4805.218879999999,4805.218879999999,stop_loss
16394,2026-02-02T02:55:00+00:00,2026-02-02T02:56:00+00:00,2026-02-02T02:57:00+00:00,2,up,4732.08,4717.08,-15.0,0.9689050998504626,0.9689050998504626,0,16394,2026-02-02T02:55:00+00:00,4729.83,4658.08,4788.86496,4788.86496,stop_loss
16398,2026-02-02T02:59:00+00:00,2026-02-02T03:00:00+00:00,2026-02-02T03:00:00+00:00,0,down,4710.25,4725.25,-15.0,0.9999598355998192,0.9999598355998192,0,16398,2026-02-02T02:59:00+00:00,4712.97,4648.04,4653.727,4653.727,stop_loss
16399,2026-02-02T03:00:00+00:00,2026-02-02T03:01:00+00:00,2026-02-02T03:02:00+00:00,0,down,4726.82,4716.55,10.269999999999527,0.9995895231368965,0.9995895231368965,0,16399,2026-02-02T03:00:00+00:00,4728.38,4659.45,4670.09816,4670.09816,reverse_signal
16402,2026-02-02T03:03:00+00:00,2026-02-02T03:04:00+00:00,2026-02-02T03:14:00+00:00,2,up,4712.85,4697.85,-15.0,0.8556894614188764,0.9984399235454545,1,16404,2026-02-02T03:05:00+00:00,4711.29,4619.03,4770.6489599999995,4769.4042,stop_loss
16417,2026-02-02T03:18:00+00:00,2026-02-02T03:19:00+00:00,2026-02-02T03:31:00+00:00,2,up,4705.53,4690.53,-15.0,0.996606357394394,0.9977655508442218,1,16418,2026-02-02T03:19:00+00:00,4703.88,4696.2,4772.4402,4761.99636,stop_loss
16430,2026-02-02T03:31:00+00:00,2026-02-02T03:32:00+00:00,2026-02-02T03:41:00+00:00,0,down,4687.32,4640.35,46.969999999999345,0.9998965249104816,0.9995918682955679,0,16430,2026-02-02T03:31:00+00:00,4687.51,4699.3,4631.07216,4631.07216,reverse_signal
16440,2026-02-02T03:41:00+00:00,2026-02-02T03:42:00+00:00,2026-02-02T03:44:00+00:00,0,down,4650.98,4665.77,-14.790000000000873,0.9996539282432224,0.9993011080093926,0,16440,2026-02-02T03:41:00+00:00,4651.0,4679.1,4595.16824,4595.16824,reverse_signal
16443,2026-02-02T03:44:00+00:00,2026-02-02T03:45:00+00:00,2026-02-02T03:46:00+00:00,0,down,4665.4,4666.7,-1.300000000000182,0.671979595074273,0.671979595074273,0,16443,2026-02-02T03:44:00+00:00,4667.15,4689.9,4609.4151999999995,4609.4151999999995,reverse_signal
16445,2026-02-02T03:46:00+00:00,2026-02-02T03:47:00+00:00,2026-02-02T03:55:00+00:00,2,up,4669.95,4654.95,-15.0,0.9999065974338724,0.9985264384396529,1,16446,2026-02-02T03:47:00+00:00,4666.62,4702.59,4732.375120000001,4725.9893999999995,stop_loss
16454,2026-02-02T03:55:00+00:00,2026-02-02T03:56:00+00:00,2026-02-02T03:58:00+00:00,2,up,4659.9,4644.9,-15.0,0.9988716748262481,0.9962696313089218,0,16454,2026-02-02T03:55:00+00:00,4658.08,4677.55,4715.8188,4715.8188,stop_loss
16457,2026-02-02T03:58:00+00:00,2026-02-02T03:59:00+00:00,2026-02-02T04:01:00+00:00,2,up,4647.65,4632.65,-15.0,0.9998744058784991,0.9998221952152179,1,16459,2026-02-02T04:00:00+00:00,4644.74,4677.76,4713.67336,4703.4218,stop_loss
16460,2026-02-02T04:01:00+00:00,2026-02-02T04:02:00+00:00,2026-02-02T04:05:00+00:00,2,up,4620.9,4605.9,-15.0,0.9994234302634861,0.9999464628753065,0,16460,2026-02-02T04:01:00+00:00,4618.92,4688.05,4676.350799999999,4676.350799999999,stop_loss
16464,2026-02-02T04:05:00+00:00,2026-02-02T04:06:00+00:00,2026-02-02T04:19:00+00:00,2,up,4619.36,4692.38088,73.02088000000003,0.9992641546264192,0.9999682770007784,1,16465,2026-02-02T04:06:00+00:00,4619.03,4674.6,4692.38088,4674.79232,target_hit
16478,2026-02-02T04:19:00+00:00,2026-02-02T04:20:00+00:00,2026-02-02T04:21:00+00:00,2,up,4698.57,4683.57,-15.0,0.9999824659354569,0.999965646394891,0,16478,2026-02-02T04:19:00+00:00,4696.2,4661.32,4754.95284,4754.95284,stop_loss
16480,2026-02-02T04:21:00+00:00,2026-02-02T04:22:00+00:00,2026-02-02T04:29:00+00:00,2,up,4684.18,4669.18,-15.0,0.9999355449694765,0.9999570084553926,1,16484,2026-02-02T04:25:00+00:00,4682.47,4666.94,4740.92652,4740.39016,stop_loss
16488,2026-02-02T04:29:00+00:00,2026-02-02T04:30:00+00:00,2026-02-02T05:12:00+00:00,2,up,4672.1,4657.1,-15.0,0.9999750279792574,0.9115971308386797,1,16489,2026-02-02T04:30:00+00:00,4669.51,4637.27,4731.98044,4728.1652,stop_loss
16533,2026-02-02T05:14:00+00:00,2026-02-02T05:15:00+00:00,2026-02-02T05:40:00+00:00,0,down,4661.55,4624.49,37.0600000000004,0.9996763627320272,0.9994277423727188,3,16548,2026-02-02T05:29:00+00:00,4664.0,4487.4,4603.6848,4605.6114,reverse_signal
16559,2026-02-02T05:40:00+00:00,2026-02-02T05:41:00+00:00,2026-02-02T05:45:00+00:00,0,down,4611.17,4577.8,33.36999999999989,0.9993044683236019,0.9994804359978047,0,16559,2026-02-02T05:40:00+00:00,4613.95,4421.68,4555.83596,4555.83596,reverse_signal
16565,2026-02-02T05:46:00+00:00,2026-02-02T05:47:00+00:00,2026-02-02T05:47:00+00:00,2,up,4579.35,4564.35,-15.0,0.9943484666006887,0.9943484666006887,0,16565,2026-02-02T05:46:00+00:00,4574.15,4453.9,4634.3022,4634.3022,stop_loss
16566,2026-02-02T05:47:00+00:00,2026-02-02T05:48:00+00:00,2026-02-02T05:49:00+00:00,2,up,4557.2,4542.2,-15.0,0.9945149408269606,0.8748967357824871,0,16566,2026-02-02T05:47:00+00:00,4555.13,4444.9,4611.886399999999,4611.886399999999,stop_loss
16568,2026-02-02T05:49:00+00:00,2026-02-02T05:50:00+00:00,2026-02-02T05:50:00+00:00,2,up,4554.98,4539.98,-15.0,0.9986035353606194,0.9986035353606194,0,16568,2026-02-02T05:49:00+00:00,4554.69,4437.9,4609.639759999999,4609.639759999999,stop_loss
16569,2026-02-02T05:50:00+00:00,2026-02-02T05:51:00+00:00,2026-02-02T05:51:00+00:00,2,up,4551.59,4536.59,-15.0,0.999597129159712,0.999597129159712,0,16569,2026-02-02T05:50:00+00:00,4545.81,4470.4,4606.2090800000005,4606.2090800000005,stop_loss
16570,2026-02-02T05:51:00+00:00,2026-02-02T05:52:00+00:00,2026-02-02T05:52:00+00:00,2,up,4530.05,4515.05,-15.0,0.9998218427752686,0.9998218427752686,0,16570,2026-02-02T05:51:00+00:00,4527.77,4467.5,4584.4106,4584.4106,stop_loss
16571,2026-02-02T05:52:00+00:00,2026-02-02T05:53:00+00:00,2026-02-02T05:53:00+00:00,2,up,4518.0,4503.0,-15.0,0.9991672042652959,0.9991672042652959,0,16571,2026-02-02T05:52:00+00:00,4513.14,4472.82,4572.216,4572.216,stop_loss
16572,2026-02-02T05:53:00+00:00,2026-02-02T05:54:00+00:00,2026-02-02T06:20:00+00:00,2,up,4520.95,4505.95,-15.0,0.9965909391462892,0.9999706620145328,1,16573,2026-02-02T05:54:00+00:00,4521.11,4483.1,4591.95,4575.2014,stop_loss
16599,2026-02-02T06:20:00+00:00,2026-02-02T06:21:00+00:00,2026-02-02T06:21:00+00:00,2,up,4509.23,4494.23,-15.0,0.9999814060724705,0.9999814060724705,0,16599,2026-02-02T06:20:00+00:00,4506.2,4536.8,4563.340759999999,4563.340759999999,stop_loss
16600,2026-02-02T06:21:00+00:00,2026-02-02T06:22:00+00:00,2026-02-02T06:23:00+00:00,2,up,4490.6,4475.6,-15.0,0.9999798769934684,0.9999815998808216,0,16600,2026-02-02T06:21:00+00:00,4487.27,4538.4,4544.4872000000005,4544.4872000000005,stop_loss
16602,2026-02-02T06:23:00+00:00,2026-02-02T06:24:00+00:00,2026-02-02T06:24:00+00:00,2,up,4487.04,4472.04,-15.0,0.9999838083772986,0.9999838083772986,0,16602,2026-02-02T06:23:00+00:00,4480.6,4542.9,4540.88448,4540.88448,stop_loss
16603,2026-02-02T06:24:00+00:00,2026-02-02T06:25:00+00:00,2026-02-02T06:27:00+00:00,2,up,4453.5,4438.5,-15.0,0.9999909995236093,0.9999851470397758,1,16604,2026-02-02T06:25:00+00:00,4449.2,4569.7,4520.9076000000005,4506.942,stop_loss
16606,2026-02-02T06:27:00+00:00,2026-02-02T06:28:00+00:00,2026-02-02T06:37:00+00:00,2,up,4460.13,4445.13,-15.0,0.9999833903355209,0.9999852352846501,1,16607,2026-02-02T06:28:00+00:00,4455.7,4558.8,4529.1048,4513.65156,stop_loss
16616,2026-02-02T06:37:00+00:00,2026-02-02T06:38:00+00:00,2026-02-02T06:38:00+00:00,2,up,4430.5,4415.5,-15.0,0.9999810089574156,0.9999810089574156,0,16616,2026-02-02T06:37:00+00:00,4426.61,4565.2,4483.666,4483.666,stop_loss
16617,2026-02-02T06:38:00+00:00,2026-02-02T06:39:00+00:00,2026-02-02T06:50:00+00:00,2,up,4409.0,4469.88256,60.88256000000001,0.9999867756717329,0.9999891125357857,1,16619,2026-02-02T06:40:00+00:00,4403.65,4581.6,4469.88256,4461.908,target_hit
16629,2026-02-02T06:50:00+00:00,2026-02-02T06:51:00+00:00,2026-02-02T06:51:00+00:00,2,up,4472.8,4457.8,-15.0,0.9999912785720341,0.9999912785720341,0,16629,2026-02-02T06:50:00+00:00,4470.4,4602.3,4526.4736,4526.4736,stop_loss
16630,2026-02-02T06:51:00+00:00,2026-02-02T06:52:00+00:00,2026-02-02T15:00:00+00:00,2,up,4471.14,4526.49384,55.353839999999764,0.9999883731629061,0.9999852809959309,1,16631,2026-02-02T06:52:00+00:00,4467.5,4589.6,4526.49384,4524.793680000001,target_hit
16639,2026-02-02T15:00:00+00:00,2026-02-02T15:01:00+00:00,2026-02-02T15:01:00+00:00,2,up,4713.63,4698.63,-15.0,0.9903405770249798,0.9903405770249798,0,16639,2026-02-02T15:00:00+00:00,4711.3,4610.67,4770.19356,4770.19356,stop_loss
16640,2026-02-02T15:01:00+00:00,2026-02-02T15:02:00+00:00,2026-02-02T15:16:00+00:00,2,up,4701.65,4717.6,15.950000000000728,0.9936600447935886,0.7889440881941159,1,16641,2026-02-02T15:02:00+00:00,4697.43,4617.27,4761.5106000000005,4758.069799999999,reverse_signal
16655,2026-02-02T15:16:00+00:00,2026-02-02T15:17:00+00:00,2026-02-02T15:22:00+00:00,0,down,4721.95,4711.66,10.289999999999964,0.6563184358384888,0.9998215853485912,0,16655,2026-02-02T15:16:00+00:00,4724.65,4678.75,4665.286599999999,4665.286599999999,reverse_signal
16661,2026-02-02T15:22:00+00:00,2026-02-02T15:23:00+00:00,2026-02-02T15:26:00+00:00,0,down,4699.52,4714.52,-15.0,0.9997582576268665,0.9977122120193403,2,16663,2026-02-02T15:24:00+00:00,4701.75,4697.34,4642.5626,4643.125760000001,stop_loss
16666,2026-02-02T15:27:00+00:00,2026-02-02T15:28:00+00:00,2026-02-02T15:36:00+00:00,0,down,4690.02,4688.7,1.3200000000006185,0.7755388880401821,0.9937715043022628,0,16666,2026-02-02T15:27:00+00:00,4691.14,4677.03,4633.73976,4633.73976,reverse_signal
16675,2026-02-02T15:36:00+00:00,2026-02-02T15:37:00+00:00,2026-02-02T15:39:00+00:00,0,down,4684.92,4699.92,-15.0,0.9978404955247713,0.9992100946259106,1,16677,2026-02-02T15:38:00+00:00,4686.55,4669.38,4632.722119999999,4628.70096,stop_loss
16678,2026-02-02T15:39:00+00:00,2026-02-02T15:40:00+00:00,2026-02-02T15:41:00+00:00,0,down,4703.17,4699.15,4.020000000000437,0.99884610453225,0.99884610453225,0,16678,2026-02-02T15:39:00+00:00,4704.15,4679.44,4646.73196,4646.73196,reverse_signal
16680,2026-02-02T15:41:00+00:00,2026-02-02T15:42:00+00:00,2026-02-02T15:42:00+00:00,2,up,4697.85,4682.85,-15.0,0.9978008570195337,0.9978008570195337,0,16680,2026-02-02T15:41:00+00:00,4696.35,4681.65,4754.224200000001,4754.224200000001,stop_loss
16681,2026-02-02T15:42:00+00:00,2026-02-02T15:43:00+00:00,2026-02-02T15:54:00+00:00,0,down,4681.8,4641.91,39.89000000000033,0.9974337644827435,0.9976079230055377,0,16681,2026-02-02T15:42:00+00:00,4682.89,4679.98,4625.6184,4625.6184,reverse_signal
16693,2026-02-02T15:54:00+00:00,2026-02-02T15:55:00+00:00,2026-02-02T15:57:00+00:00,0,down,4642.47,4636.88,5.5900000000001455,0.9503517846093493,0.5994897331324703,1,16694,2026-02-02T15:55:00+00:00,4642.85,4659.05,4589.4082,4586.76036,reverse_signal
16696,2026-02-02T15:57:00+00:00,2026-02-02T15:58:00+00:00,2026-02-02T15:59:00+00:00,0,down,4628.68,4629.32,-0.6399999999994179,0.9034008458369798,0.9034008458369798,0,16696,2026-02-02T15:57:00+00:00,4630.33,4672.49,4573.13584,4573.13584,reverse_signal
16698,2026-02-02T15:59:00+00:00,2026-02-02T16:00:00+00:00,2026-02-02T16:01:00+00:00,2,up,4620.95,4605.95,-15.0,0.9998246143133013,0.9999428002939297,0,16698,2026-02-02T15:59:00+00:00,4618.94,4665.98,4676.4014,4676.4014,stop_loss
16700,2026-02-02T16:01:00+00:00,2026-02-02T16:02:00+00:00,2026-02-02T16:09:00+00:00,2,up,4601.85,4672.677240000001,70.82724000000053,0.9994882145227941,0.9999049785288362,1,16701,2026-02-02T16:02:00+00:00,4598.87,4669.13,4672.677240000001,4657.0722000000005,target_hit
16708,2026-02-02T16:09:00+00:00,2026-02-02T16:10:00+00:00,2026-02-02T16:22:00+00:00,2,up,4677.17,4703.7,26.529999999999745,0.9999761127595207,0.8893907442847289,1,16709,2026-02-02T16:10:00+00:00,4675.25,4702.7,4737.49584,4733.29604,reverse_signal
16721,2026-02-02T16:22:00+00:00,2026-02-02T16:23:00+00:00,2026-02-02T16:24:00+00:00,0,down,4697.75,4700.45,-2.699999999999818,0.799301644877025,0.799301644877025,0,16721,2026-02-02T16:22:00+00:00,4699.43,4675.6,4641.377,4641.377,reverse_signal
16723,2026-02-02T16:24:00+00:00,2026-02-02T16:25:00+00:00,2026-02-02T16:27:00+00:00,0,down,4696.25,4679.93,16.31999999999971,0.8752816693167055,0.8752816693167055,0,16723,2026-02-02T16:24:00+00:00,4697.34,4674.05,4639.895,4639.895,reverse_signal
16726,2026-02-02T16:27:00+00:00,2026-02-02T16:28:00+00:00,2026-02-02T16:32:00+00:00,2,up,4677.19,4662.19,-15.0,0.9996160239180971,0.9992506596541239,1,16729,2026-02-02T16:30:00+00:00,4675.48,4666.51,4735.15812,4733.31628,stop_loss
16731,2026-02-02T16:32:00+00:00,2026-02-02T16:33:00+00:00,2026-02-02T17:27:00+00:00,2,up,4653.35,4674.6,21.25,0.9999669925747564,0.9767094356987749,1,16732,2026-02-02T16:33:00+00:00,4651.19,4685.41,4715.4646,4709.1902,reverse_signal
16787,2026-02-02T17:28:00+00:00,2026-02-02T17:29:00+00:00,2026-02-02T17:35:00+00:00,2,up,4662.91,4673.39,10.480000000000473,0.9903904585805199,0.9931048904142985,1,16788,2026-02-02T17:29:00+00:00,4662.76,4632.0,4723.621319999999,4718.86492,reverse_signal
16794,2026-02-02T17:35:00+00:00,2026-02-02T17:36:00+00:00,2026-02-02T17:58:00+00:00,0,down,4675.2,4685.24,-10.039999999999964,0.9952862582294217,0.9996114110963519,1,16809,2026-02-02T17:50:00+00:00,4676.52,4659.51,4620.1053600000005,4619.0976,reverse_signal
16818,2026-02-02T17:59:00+00:00,2026-02-02T18:00:00+00:00,2026-02-02T18:01:00+00:00,2,up,4675.03,4660.03,-15.0,0.9974160114553561,0.9974160114553561,0,16818,2026-02-02T17:59:00+00:00,4674.2,4657.58,4731.13036,4731.13036,stop_loss
16822,2026-02-02T18:03:00+00:00,2026-02-02T18:04:00+00:00,2026-02-02T18:10:00+00:00,2,up,4653.42,4661.8,8.38000000000011,0.9966256302348023,0.9966256302348023,0,16822,2026-02-02T18:03:00+00:00,4652.63,4642.39,4709.26104,4709.26104,reverse_signal
16829,2026-02-02T18:10:00+00:00,2026-02-02T18:11:00+00:00,2026-02-02T18:59:00+00:00,0,down,4670.19,4659.04,11.149999999999636,0.9878348288366565,0.9910319907163735,2,16856,2026-02-02T18:37:00+00:00,4671.02,4655.28,4611.91484,4614.14772,reverse_signal
16879,2026-02-02T19:00:00+00:00,2026-02-02T19:01:00+00:00,2026-02-02T19:20:00+00:00,2,up,4647.67,4632.67,-15.0,0.9811098590635421,0.9834210995629846,0,16879,2026-02-02T19:00:00+00:00,4646.36,4681.25,4703.44204,4703.44204,stop_loss
16921,2026-02-02T19:42:00+00:00,2026-02-02T19:43:00+00:00,2026-02-02T19:45:00+00:00,0,down,4691.98,4706.98,-15.0,0.9491811655521718,0.9838311204484959,1,16923,2026-02-02T19:44:00+00:00,4692.92,4680.85,4638.4624,4635.67624,stop_loss
16938,2026-02-02T19:59:00+00:00,2026-02-02T20:00:00+00:00,2026-02-02T20:02:00+00:00,0,down,4683.71,4692.4,-8.6899999999996,0.9999461751759529,0.9999461751759529,0,16938,2026-02-02T19:59:00+00:00,4685.67,4653.25,4627.50548,4627.50548,reverse_signal
16942,2026-02-02T20:03:00+00:00,2026-02-02T20:04:00+00:00,2026-02-02T20:21:00+00:00,2,up,4682.32,4667.32,-15.0,0.9671090832932211,0.9983465970260185,1,16947,2026-02-02T20:08:00+00:00,4681.35,4657.89,4743.9018,4738.507839999999,stop_loss
16960,2026-02-02T20:21:00+00:00,2026-02-02T20:22:00+00:00,2026-02-02T20:36:00+00:00,2,up,4664.85,4663.17,-1.680000000000291,0.9959055954146957,0.9777916109699659,1,16968,2026-02-02T20:29:00+00:00,4663.48,4680.26,4725.3822,4720.8282,reverse_signal
16977,2026-02-02T20:38:00+00:00,2026-02-02T20:39:00+00:00,2026-02-02T20:41:00+00:00,0,down,4668.41,4683.41,-15.0,0.9999694539450067,0.9999694539450067,0,16977,2026-02-02T20:38:00+00:00,4670.16,4680.06,4612.38908,4612.38908,stop_loss
16980,2026-02-02T20:41:00+00:00,2026-02-02T20:42:00+00:00,2026-02-02T21:00:00+00:00,0,down,4681.3,4653.19,28.110000000000582,0.9999736898548135,0.9999856513292853,2,16988,2026-02-02T20:49:00+00:00,4682.83,4665.93,4612.0334,4625.124400000001,reverse_signal
17000,2026-02-02T21:01:00+00:00,2026-02-02T21:02:00+00:00,2026-02-02T21:12:00+00:00,2,up,4650.75,4667.94,17.1899999999996,0.9947631559512705,0.9984528079075493,1,17002,2026-02-02T21:03:00+00:00,4647.16,4700.0,4714.82704,4706.559,reverse_signal
17053,2026-02-02T21:54:00+00:00,2026-02-02T21:55:00+00:00,2026-02-02T23:01:00+00:00,0,down,4663.25,4678.25,-15.0,0.999823127080104,0.999823127080104,0,17053,2026-02-02T21:54:00+00:00,4666.19,4771.93,4607.291,4607.291,stop_loss
17063,2026-02-02T23:05:00+00:00,2026-02-02T23:06:00+00:00,2026-02-02T23:08:00+00:00,0,down,4701.35,4716.35,-15.0,0.9999976887495714,0.9996581051330355,2,17065,2026-02-02T23:07:00+00:00,4704.32,4780.83,4656.72064,4644.933800000001,stop_loss
17078,2026-02-02T23:20:00+00:00,2026-02-02T23:21:00+00:00,2026-02-02T23:21:00+00:00,0,down,4733.13,4748.13,-15.0,0.9999291283314059,0.9999291283314059,0,17078,2026-02-02T23:20:00+00:00,4735.05,4806.31,4676.33244,4676.33244,stop_loss
17079,2026-02-02T23:21:00+00:00,2026-02-02T23:22:00+00:00,2026-02-02T23:30:00+00:00,2,up,4748.2,4733.2,-15.0,0.9997866456449089,0.9808516090283559,1,17081,2026-02-02T23:23:00+00:00,4745.8,4807.75,4805.836200000001,4805.1784,stop_loss
17088,2026-02-02T23:30:00+00:00,2026-02-02T23:31:00+00:00,2026-02-02T23:33:00+00:00,2,up,4732.36,4717.36,-15.0,0.9793012659283413,0.9979007223988564,0,17088,2026-02-02T23:30:00+00:00,4730.4,4823.65,4789.148319999999,4789.148319999999,stop_loss
17091,2026-02-02T23:33:00+00:00,2026-02-02T23:34:00+00:00,2026-02-03T00:04:00+00:00,2,up,4728.1,4793.66184,65.56183999999939,0.9981084839287373,0.9991143424568953,1,17092,2026-02-02T23:34:00+00:00,4725.7,4824.79,4793.66184,4784.8372,target_hit
17122,2026-02-03T00:04:00+00:00,2026-02-03T00:05:00+00:00,2026-02-03T00:05:00+00:00,2,up,4796.19,4781.19,-15.0,0.9998266558639588,0.9998266558639588,0,17122,2026-02-03T00:04:00+00:00,4794.2,4811.35,4853.74428,4853.74428,stop_loss
17131,2026-02-03T00:13:00+00:00,2026-02-03T00:14:00+00:00,2026-02-03T01:30:00+00:00,2,up,4775.55,4843.7356,68.1855999999998,0.9992074181896367,0.9986227227463718,1,17132,2026-02-03T00:14:00+00:00,4773.7,4828.3,4843.7356,4832.8566,target_hit
17178,2026-02-03T01:30:00+00:00,2026-02-03T01:31:00+00:00,2026-02-03T01:32:00+00:00,2,up,4853.1,4838.1,-15.0,0.9980827882611439,0.9980827882611439,0,17178,2026-02-03T01:30:00+00:00,4851.35,4765.47,4911.3372,4911.3372,stop_loss
17180,2026-02-03T01:32:00+00:00,2026-02-03T01:33:00+00:00,2026-02-03T01:38:00+00:00,2,up,4848.56,4833.56,-15.0,0.9975526082528883,0.9984820855196783,1,17182,2026-02-03T01:34:00+00:00,4847.24,4772.96,4908.0482,4906.74272,stop_loss
17190,2026-02-03T01:42:00+00:00,2026-02-03T01:43:00+00:00,2026-02-03T01:49:00+00:00,2,up,4844.7,4829.7,-15.0,0.9987294863334429,0.9988890109004712,0,17190,2026-02-03T01:42:00+00:00,4842.8,4774.65,4902.8364,4902.8364,stop_loss
17199,2026-02-03T01:51:00+00:00,2026-02-03T01:52:00+00:00,2026-02-03T02:04:00+00:00,2,up,4826.8,4811.8,-15.0,0.9990539604842119,0.9986342419741703,1,17200,2026-02-03T01:52:00+00:00,4824.71,4763.07,4885.2276,4884.7216,stop_loss
17213,2026-02-03T02:05:00+00:00,2026-02-03T02:06:00+00:00,2026-02-03T02:07:00+00:00,2,up,4818.1,4803.1,-15.0,0.9992361848590465,0.9992361848590465,0,17213,2026-02-03T02:05:00+00:00,4815.9,4786.56,4875.917200000001,4875.917200000001,stop_loss
17215,2026-02-03T02:07:00+00:00,2026-02-03T02:08:00+00:00,2026-02-03T02:10:00+00:00,2,up,4815.7,4800.7,-15.0,0.9997454560682218,0.9997454560682218,0,17215,2026-02-03T02:07:00+00:00,4813.91,4777.62,4873.4884,4873.4884,stop_loss
17221,2026-02-03T02:13:00+00:00,2026-02-03T02:14:00+00:00,2026-02-03T02:18:00+00:00,2,up,4797.65,4782.65,-15.0,0.9988683321789514,0.9997204553180674,1,17222,2026-02-03T02:14:00+00:00,4793.78,4768.14,4858.08576,4855.221799999999,stop_loss
17226,2026-02-03T02:18:00+00:00,2026-02-03T02:19:00+00:00,2026-02-03T02:23:00+00:00,2,up,4782.46,4787.04,4.579999999999927,0.988428796930221,0.9978275103462053,1,17228,2026-02-03T02:20:00+00:00,4782.35,4760.26,4843.917759999999,4839.84952,reverse_signal
17231,2026-02-03T02:23:00+00:00,2026-02-03T02:24:00+00:00,2026-02-03T02:35:00+00:00,0,down,4783.12,4775.17,7.949999999999818,0.9999402232473903,0.9692914423073802,2,17233,2026-02-03T02:25:00+00:00,4785.75,4760.85,4720.6146,4725.72256,reverse_signal
17244,2026-02-03T02:36:00+00:00,2026-02-03T02:37:00+00:00,2026-02-03T02:37:00+00:00,2,up,4780.25,4765.25,-15.0,0.9787225548114207,0.9787225548114207,0,17244,2026-02-03T02:36:00+00:00,4778.95,4789.54,4837.613,4837.613,stop_loss
17245,2026-02-03T02:37:00+00:00,2026-02-03T02:38:00+00:00,2026-02-03T02:40:00+00:00,2,up,4769.65,4777.25,7.600000000000364,0.9872449671931075,0.9919157788669914,1,17246,2026-02-03T02:38:00+00:00,4767.4,4801.11,4829.7194,4826.8858,reverse_signal
17248,2026-02-03T02:40:00+00:00,2026-02-03T02:41:00+00:00,2026-02-03T02:42:00+00:00,2,up,4782.68,4773.88,-8.800000000000182,0.9936728895593597,0.9936728895593597,0,17248,2026-02-03T02:40:00+00:00,4780.62,4805.77,4840.072160000001,4840.072160000001,reverse_signal
17251,2026-02-03T02:43:00+00:00,2026-02-03T02:44:00+00:00,2026-02-03T02:46:00+00:00,0,down,4770.6,4754.4,16.200000000000728,0.9793804416278378,0.9793804416278378,0,17251,2026-02-03T02:43:00+00:00,4773.0,4809.85,4713.352800000001,4713.352800000001,reverse_signal
17254,2026-02-03T02:46:00+00:00,2026-02-03T02:47:00+00:00,2026-02-03T02:48:00+00:00,2,up,4752.18,4755.97,3.7899999999999636,0.9991025294417862,0.9991025294417862,0,17254,2026-02-03T02:46:00+00:00,4750.62,4796.7,4809.206160000001,4809.206160000001,reverse_signal
17256,2026-02-03T02:48:00+00:00,2026-02-03T02:49:00+00:00,2026-02-03T02:53:00+00:00,0,down,4751.36,4766.36,-15.0,0.9957238816711467,0.9765434960653597,3,17259,2026-02-03T02:51:00+00:00,4752.9,4798.61,4703.1764,4694.34368,stop_loss
17262,2026-02-03T02:54:00+00:00,2026-02-03T02:55:00+00:00,2026-02-03T03:00:00+00:00,0,down,4770.93,4785.93,-15.0,0.9976081179801395,0.9989208294898865,1,17266,2026-02-03T02:58:00+00:00,4771.35,4810.86,4717.008400000001,4713.6788400000005,stop_loss
17268,2026-02-03T03:00:00+00:00,2026-02-03T03:01:00+00:00,2026-02-03T03:02:00+00:00,0,down,4789.41,4785.1,4.309999999999491,0.9996850775572277,0.9996850775572277,0,17268,2026-02-03T03:00:00+00:00,4790.95,4814.67,4731.93708,4731.93708,reverse_signal
17270,2026-02-03T03:02:00+00:00,2026-02-03T03:03:00+00:00,2026-02-03T03:06:00+00:00,2,up,4788.39,4786.18,-2.2100000000000364,0.9974132711641576,0.7470257933188298,1,17272,2026-02-03T03:04:00+00:00,4786.83,4816.78,4845.92152,4845.8506800000005,reverse_signal
17274,2026-02-03T03:06:00+00:00,2026-02-03T03:07:00+00:00,2026-02-03T03:08:00+00:00,0,down,4785.04,4779.47,5.569999999999709,0.9990499405298905,0.9990499405298905,0,17274,2026-02-03T03:06:00+00:00,4786.82,4820.81,4727.61952,4727.61952,reverse_signal
17278,2026-02-03T03:10:00+00:00,2026-02-03T03:11:00+00:00,2026-02-03T03:26:00+00:00,2,up,4769.8,4754.8,-15.0,0.9985616441446191,0.9992659048545119,1,17279,2026-02-03T03:11:00+00:00,4767.06,4820.66,4827.553720000001,4827.037600000001,stop_loss
17294,2026-02-03T03:26:00+00:00,2026-02-03T03:27:00+00:00,2026-02-03T04:28:00+00:00,2,up,4760.34,4805.71,45.36999999999989,0.9999815046730012,0.9999833993714219,1,17296,2026-02-03T03:28:00+00:00,4758.34,4805.71,4825.610680000001,4817.46408,timeout
17432,2026-02-03T05:44:00+00:00,2026-02-03T05:45:00+00:00,2026-02-03T06:03:00+00:00,2,up,4821.4,4820.5,-0.8999999999996362,0.9998314214090926,0.9998314214090926,0,17432,2026-02-03T05:44:00+00:00,4819.98,4890.84,4879.256799999999,4879.256799999999,reverse_signal
17459,2026-02-03T06:11:00+00:00,2026-02-03T06:12:00+00:00,2026-02-03T06:17:00+00:00,0,down,4838.09,4853.09,-15.0,0.9999826663034236,0.9999826663034236,0,17459,2026-02-03T06:11:00+00:00,4839.73,4886.35,4780.032920000001,4780.032920000001,stop_loss
17469,2026-02-03T06:21:00+00:00,2026-02-03T06:22:00+00:00,2026-02-03T06:26:00+00:00,0,down,4854.63,4869.63,-15.0,0.9998723096169542,0.9987918186957521,2,17472,2026-02-03T06:24:00+00:00,4856.35,4892.36,4803.5275599999995,4796.3744400000005,stop_loss
17501,2026-02-03T06:53:00+00:00,2026-02-03T06:54:00+00:00,2026-02-03T07:54:00+00:00,2,up,4880.88,4921.36,40.47999999999956,0.9998796104373685,0.9998755756093127,0,17501,2026-02-03T06:53:00+00:00,4879.78,4918.43,4939.45056,4939.45056,timeout
17510,2026-02-03T15:02:00+00:00,2026-02-03T15:03:00+00:00,2026-02-03T15:08:00+00:00,0,down,4915.15,4930.15,-15.0,0.9999399443701608,0.9969577178895564,1,17512,2026-02-03T15:04:00+00:00,4916.01,4940.1,4861.21688,4856.1682,stop_loss
17518,2026-02-03T15:10:00+00:00,2026-02-03T15:11:00+00:00,2026-02-03T16:16:00+00:00,0,down,4940.26,4955.26,-15.0,0.999616093810751,0.9999926400844691,2,17529,2026-02-03T15:21:00+00:00,4941.14,4968.18,4861.5034000000005,4880.97688,stop_loss
17636,2026-02-03T17:08:00+00:00,2026-02-03T17:09:00+00:00,2026-02-03T17:11:00+00:00,2,up,4942.88,4937.43,-5.449999999999818,0.9861138670683827,0.9859623083161795,0,17636,2026-02-03T17:08:00+00:00,4941.19,4941.54,5002.19456,5002.19456,reverse_signal
17639,2026-02-03T17:11:00+00:00,2026-02-03T17:12:00+00:00,2026-02-03T17:13:00+00:00,0,down,4926.81,4941.81,-15.0,0.9999519029152591,0.9999519029152591,0,17639,2026-02-03T17:11:00+00:00,4926.92,4945.16,4867.68828,4867.68828,stop_loss
17641,2026-02-03T17:13:00+00:00,2026-02-03T17:14:00+00:00,2026-02-03T17:17:00+00:00,0,down,4944.52,4951.92,-7.399999999999636,0.9999623342174322,0.999966799774391,2,17643,2026-02-03T17:15:00+00:00,4946.18,4947.27,4884.5732,4885.18576,reverse_signal
17646,2026-02-03T17:18:00+00:00,2026-02-03T17:19:00+00:00,2026-02-03T17:27:00+00:00,2,up,4963.86,4948.86,-15.0,0.9960111473151511,0.9960111473151511,0,17646,2026-02-03T17:18:00+00:00,4962.4,4938.87,5023.42632,5023.42632,stop_loss
17674,2026-02-03T17:46:00+00:00,2026-02-03T17:47:00+00:00,2026-02-03T17:48:00+00:00,2,up,4910.53,4924.85,14.320000000000618,0.9983207397520502,0.9983207397520502,0,17674,2026-02-03T17:46:00+00:00,4908.07,4911.6,4969.45636,4969.45636,reverse_signal
17687,2026-02-03T17:59:00+00:00,2026-02-03T18:00:00+00:00,2026-02-03T18:06:00+00:00,0,down,4927.91,4942.91,-15.0,0.9995183268917418,0.9974765018911945,2,17693,2026-02-03T18:05:00+00:00,4929.45,4889.29,4879.49488,4868.775079999999,stop_loss
17700,2026-02-03T18:12:00+00:00,2026-02-03T18:13:00+00:00,2026-02-03T18:30:00+00:00,0,down,4953.25,4909.65,43.600000000000364,0.9999861211946867,0.9999861211946867,0,17700,2026-02-03T18:12:00+00:00,4953.51,4904.8,4893.811,4893.811,reverse_signal
17719,2026-02-03T18:31:00+00:00,2026-02-03T18:32:00+00:00,2026-02-03T18:32:00+00:00,2,up,4911.97,4896.97,-15.0,0.9989282123323875,0.9989282123323875,0,17719,2026-02-03T18:31:00+00:00,4911.03,4923.49,4970.913640000001,4970.913640000001,stop_loss
17722,2026-02-03T18:34:00+00:00,2026-02-03T18:35:00+00:00,2026-02-03T18:54:00+00:00,2,up,4896.48,4906.07,9.590000000000146,0.9999945539342603,0.9999945539342603,0,17722,2026-02-03T18:34:00+00:00,4895.6,4924.55,4955.23776,4955.23776,reverse_signal
17758,2026-02-03T19:10:00+00:00,2026-02-03T19:11:00+00:00,2026-02-03T19:12:00+00:00,0,down,4889.69,4904.69,-15.0,0.9988508961908106,0.9988508961908106,0,17758,2026-02-03T19:10:00+00:00,4891.04,4913.7,4831.01372,4831.01372,stop_loss
17760,2026-02-03T19:12:00+00:00,2026-02-03T19:13:00+00:00,2026-02-03T20:02:00+00:00,2,up,4904.71,4914.64,9.930000000000291,0.999985022377619,0.9996381337184506,1,17773,2026-02-03T19:25:00+00:00,4903.89,4930.53,4980.628839999999,4963.56652,reverse_signal
17811,2026-02-03T20:03:00+00:00,2026-02-03T20:04:00+00:00,2026-02-03T20:17:00+00:00,0,down,4910.78,4925.78,-15.0,0.9999908763526183,0.9999908763526183,0,17811,2026-02-03T20:03:00+00:00,4911.2,4949.66,4851.85064,4851.85064,stop_loss
17832,2026-02-03T20:24:00+00:00,2026-02-03T20:25:00+00:00,2026-02-03T20:34:00+00:00,0,down,4936.09,4951.09,-15.0,0.9999777383321661,0.9999930608677838,1,17835,2026-02-03T20:27:00+00:00,4937.33,4954.78,4882.5675599999995,4876.85692,stop_loss
17857,2026-02-03T20:49:00+00:00,2026-02-03T20:50:00+00:00,2026-02-03T21:49:00+00:00,2,up,4938.74,4939.11,0.36999999999989086,0.9978874819603015,0.9978874819603015,0,17857,2026-02-03T20:49:00+00:00,4938.02,4939.11,4998.0048799999995,4998.0048799999995,timeout
17941,2026-02-03T23:14:00+00:00,2026-02-03T23:15:00+00:00,2026-02-03T23:18:00+00:00,2,up,4934.7,4933.15,-1.550000000000182,0.9971671426152316,0.9985532137422004,0,17941,2026-02-03T23:14:00+00:00,4931.85,4986.41,4993.9164,4993.9164,reverse_signal
17945,2026-02-03T23:18:00+00:00,2026-02-03T23:19:00+00:00,2026-02-03T23:22:00+00:00,0,down,4939.85,4933.96,5.890000000000327,0.9999867003395407,0.9999867003395407,0,17945,2026-02-03T23:18:00+00:00,4942.15,4997.16,4880.571800000001,4880.571800000001,reverse_signal
17949,2026-02-03T23:22:00+00:00,2026-02-03T23:23:00+00:00,2026-02-03T23:25:00+00:00,2,up,4940.81,4934.75,-6.0600000000004,0.9973676317256289,0.9973676317256289,0,17949,2026-02-03T23:22:00+00:00,4938.45,4991.81,5000.09972,5000.09972,reverse_signal
17957,2026-02-03T23:30:00+00:00,2026-02-03T23:31:00+00:00,2026-02-03T23:42:00+00:00,0,down,4935.1,4950.1,-15.0,0.9980746967219237,0.9996897513249908,0,17957,2026-02-03T23:30:00+00:00,4936.6,4987.05,4875.8788,4875.8788,stop_loss
17981,2026-02-03T23:54:00+00:00,2026-02-03T23:55:00+00:00,2026-02-04T00:02:00+00:00,0,down,4942.87,4957.87,-15.0,0.999663684743324,0.999663684743324,0,17981,2026-02-03T23:54:00+00:00,4945.0,5005.86,4883.55556,4883.55556,stop_loss
18013,2026-02-04T00:26:00+00:00,2026-02-04T00:27:00+00:00,2026-02-04T00:47:00+00:00,0,down,4981.97,4996.97,-15.0,0.9999944773852397,0.9999944773852397,0,18013,2026-02-04T00:26:00+00:00,4983.16,5041.96,4922.186360000001,4922.186360000001,stop_loss
18147,2026-02-04T03:10:00+00:00,2026-02-04T03:11:00+00:00,2026-02-04T03:35:00+00:00,0,down,5053.93,5068.93,-15.0,0.9999935914435764,0.9999772600365018,2,18151,2026-02-04T03:14:00+00:00,5055.54,5074.04,4990.1212399999995,4993.28284,stop_loss
18290,2026-02-04T05:33:00+00:00,2026-02-04T05:34:00+00:00,2026-02-04T06:37:00+00:00,0,down,5075.91,5066.67,9.239999999999782,0.999882867997606,0.9999862140589573,0,18290,2026-02-04T05:33:00+00:00,5078.12,5061.39,5014.99908,5014.99908,timeout
18377,2026-02-04T15:00:00+00:00,2026-02-04T15:01:00+00:00,2026-02-04T15:03:00+00:00,0,down,4980.99,4995.99,-15.0,0.7265470253132815,0.966067611001961,1,18379,2026-02-04T15:02:00+00:00,4984.15,4902.28,4927.51168,4921.2181199999995,stop_loss
18380,2026-02-04T15:03:00+00:00,2026-02-04T15:04:00+00:00,2026-02-04T15:08:00+00:00,0,down,4997.67,5004.8,-7.130000000000109,0.5881202711719685,0.6738007201711348,0,18380,2026-02-04T15:03:00+00:00,4999.73,4904.23,4937.69796,4937.69796,reverse_signal
18386,2026-02-04T15:09:00+00:00,2026-02-04T15:10:00+00:00,2026-02-04T15:12:00+00:00,2,up,4999.77,4984.77,-15.0,0.9999484343068268,0.8283908227159318,0,18386,2026-02-04T15:09:00+00:00,4996.56,4921.84,5059.76724,5059.76724,stop_loss
18389,2026-02-04T15:12:00+00:00,2026-02-04T15:13:00+00:00,2026-02-04T15:15:00+00:00,2,up,4989.39,4974.39,-15.0,0.9142796731971593,0.9713628388271285,1,18391,2026-02-04T15:14:00+00:00,4988.35,4931.91,5050.072279999999,5049.262680000001,stop_loss
18392,2026-02-04T15:15:00+00:00,2026-02-04T15:16:00+00:00,2026-02-04T15:22:00+00:00,2,up,4975.6,4960.6,-15.0,0.9618580473191467,0.9999924728992852,1,18393,2026-02-04T15:16:00+00:00,4974.55,4920.48,5038.656919999999,5035.3072,stop_loss
18399,2026-02-04T15:22:00+00:00,2026-02-04T15:23:00+00:00,2026-02-04T15:31:00+00:00,2,up,4954.79,4939.79,-15.0,0.9999949262154235,0.9999943226869138,1,18401,2026-02-04T15:24:00+00:00,4953.22,4900.93,5024.96456,5014.24748,stop_loss
18408,2026-02-04T15:31:00+00:00,2026-02-04T15:32:00+00:00,2026-02-04T15:32:00+00:00,2,up,4941.72,4926.72,-15.0,0.9999901899433907,0.9999901899433907,0,18408,2026-02-04T15:31:00+00:00,4939.17,4917.19,5001.020640000001,5001.020640000001,stop_loss
18409,2026-02-04T15:32:00+00:00,2026-02-04T15:33:00+00:00,2026-02-04T15:35:00+00:00,2,up,4926.46,4911.46,-15.0,0.999984370901983,0.9999878483835595,0,18409,2026-02-04T15:32:00+00:00,4924.09,4925.92,4985.57752,4985.57752,stop_loss
18412,2026-02-04T15:35:00+00:00,2026-02-04T15:36:00+00:00,2026-02-04T15:36:00+00:00,2,up,4911.63,4896.63,-15.0,0.9999930781501394,0.9999930781501394,0,18412,2026-02-04T15:35:00+00:00,4910.0,4921.59,4970.56956,4970.56956,stop_loss
18413,2026-02-04T15:36:00+00:00,2026-02-04T15:37:00+00:00,2026-02-04T16:46:00+00:00,2,up,4901.15,4886.15,-15.0,0.9999884615992701,0.9999736359095661,1,18414,2026-02-04T15:37:00+00:00,4900.25,4919.79,4970.9946,4959.9637999999995,stop_loss
18484,2026-02-04T16:47:00+00:00,2026-02-04T16:48:00+00:00,2026-02-04T16:48:00+00:00,2,up,4885.06,4870.06,-15.0,0.9999664149106553,0.9999664149106553,0,18484,2026-02-04T16:47:00+00:00,4885.21,4901.74,4943.68072,4943.68072,stop_loss
18485,2026-02-04T16:48:00+00:00,2026-02-04T16:49:00+00:00,2026-02-04T17:33:00+00:00,2,up,4864.09,4923.5,59.409999999999854,0.9999755609144961,0.9275795707394663,1,18498,2026-02-04T17:01:00+00:00,4863.92,4873.08,4959.2047999999995,4922.4590800000005,reverse_signal
18530,2026-02-04T17:33:00+00:00,2026-02-04T17:34:00+00:00,2026-02-04T17:35:00+00:00,2,up,4922.6,4920.11,-2.490000000000691,0.5555019430894841,0.5555019430894841,0,18530,2026-02-04T17:33:00+00:00,4921.21,4921.44,4981.671200000001,4981.671200000001,reverse_signal
18532,2026-02-04T17:35:00+00:00,2026-02-04T17:36:00+00:00,2026-02-04T17:41:00+00:00,0,down,4919.56,4913.58,5.980000000000473,0.9832099004187725,0.9996089983207793,0,18532,2026-02-04T17:35:00+00:00,4920.35,4924.16,4860.525280000001,4860.525280000001,reverse_signal
18538,2026-02-04T17:41:00+00:00,2026-02-04T17:42:00+00:00,2026-02-04T17:45:00+00:00,2,up,4914.65,4899.65,-15.0,0.9994988557837081,0.9694247320642739,0,18538,2026-02-04T17:41:00+00:00,4913.06,4913.12,4973.6258,4973.6258,stop_loss
18555,2026-02-04T17:58:00+00:00,2026-02-04T17:59:00+00:00,2026-02-04T18:07:00+00:00,0,down,4902.75,4917.75,-15.0,0.9999975113024298,0.994808745811048,1,18563,2026-02-04T18:06:00+00:00,4904.62,4930.83,4850.60576,4843.917,stop_loss
18564,2026-02-04T18:07:00+00:00,2026-02-04T18:08:00+00:00,2026-02-04T18:28:00+00:00,0,down,4916.98,4931.98,-15.0,0.9986467148570666,0.9996215555331361,2,18575,2026-02-04T18:18:00+00:00,4918.2,4941.25,4849.7462,4857.97624,stop_loss
18585,2026-02-04T18:28:00+00:00,2026-02-04T18:29:00+00:00,2026-02-04T18:35:00+00:00,0,down,4933.99,4924.86,9.13000000000011,0.9562759883004052,0.9999126564858645,0,18585,2026-02-04T18:28:00+00:00,4935.17,4938.52,4874.78212,4874.78212,reverse_signal
18599,2026-02-04T18:42:00+00:00,2026-02-04T18:43:00+00:00,2026-02-04T18:47:00+00:00,0,down,4917.71,4915.95,1.7600000000002183,0.9998252776986211,0.9998252776986211,0,18599,2026-02-04T18:42:00+00:00,4919.11,4940.51,4858.69748,4858.69748,reverse_signal
18606,2026-02-04T18:49:00+00:00,2026-02-04T18:50:00+00:00,2026-02-04T19:00:00+00:00,2,up,4918.25,4926.82,8.569999999999709,0.9991405368282086,0.9991405368282086,0,18606,2026-02-04T18:49:00+00:00,4916.91,4938.22,4977.269,4977.269,reverse_signal
18625,2026-02-04T19:08:00+00:00,2026-02-04T19:09:00+00:00,2026-02-04T19:53:00+00:00,0,down,4940.67,4955.67,-15.0,0.9999449277714479,0.9999225931738619,1,18627,2026-02-04T19:10:00+00:00,4941.73,4937.63,4882.1723600000005,4881.38196,stop_loss
18691,2026-02-04T20:14:00+00:00,2026-02-04T20:15:00+00:00,2026-02-04T20:39:00+00:00,0,down,4933.49,4948.49,-15.0,0.999857035591136,0.999959283136003,0,18691,2026-02-04T20:14:00+00:00,4933.53,4954.21,4874.28812,4874.28812,stop_loss
18916,2026-02-05T01:30:00+00:00,2026-02-05T01:31:00+00:00,2026-02-05T02:01:00+00:00,2,up,4964.68,4949.68,-15.0,0.9318937893229773,0.999764434285463,1,18926,2026-02-05T01:40:00+00:00,4962.5,4911.1,5027.67672,5024.25616,stop_loss
18951,2026-02-05T02:05:00+00:00,2026-02-05T02:06:00+00:00,2026-02-05T02:11:00+00:00,2,up,4944.35,4929.35,-15.0,0.9997546285979859,0.9999921616768837,0,18951,2026-02-05T02:05:00+00:00,4941.95,4837.62,5003.6822,5003.6822,stop_loss
18957,2026-02-05T02:11:00+00:00,2026-02-05T02:12:00+00:00,2026-02-05T02:13:00+00:00,2,up,4936.51,4921.51,-15.0,0.9999969040150459,0.9999977375427981,0,18957,2026-02-05T02:11:00+00:00,4933.65,4852.2,4995.74812,4995.74812,stop_loss
18959,2026-02-05T02:13:00+00:00,2026-02-05T02:14:00+00:00,2026-02-05T02:14:00+00:00,2,up,4929.17,4914.17,-15.0,0.9996501017808586,0.9996501017808586,0,18959,2026-02-05T02:13:00+00:00,4925.8,4850.2,4988.3200400000005,4988.3200400000005,stop_loss
18960,2026-02-05T02:14:00+00:00,2026-02-05T02:15:00+00:00,2026-02-05T02:15:00+00:00,2,up,4916.0,4901.0,-15.0,0.99999603006053,0.99999603006053,0,18960,2026-02-05T02:14:00+00:00,4913.51,4845.6,4974.992,4974.992,stop_loss
18961,2026-02-05T02:15:00+00:00,2026-02-05T02:16:00+00:00,2026-02-05T02:44:00+00:00,2,up,4910.7,4895.7,-15.0,0.9999976778602282,0.9999931605428455,1,18964,2026-02-05T02:18:00+00:00,4906.7,4854.35,4973.3222000000005,4969.6284,stop_loss
18990,2026-02-05T02:44:00+00:00,2026-02-05T02:45:00+00:00,2026-02-05T02:45:00+00:00,2,up,4897.85,4882.85,-15.0,0.9999952463655196,0.9999952463655196,0,18990,2026-02-05T02:44:00+00:00,4895.15,4865.85,4956.6242,4956.6242,stop_loss
18993,2026-02-05T02:47:00+00:00,2026-02-05T02:48:00+00:00,2026-02-05T02:51:00+00:00,2,up,4842.9,4827.9,-15.0,0.9999806713737293,0.9999810206243881,0,18993,2026-02-05T02:47:00+00:00,4840.71,4866.1,4901.0148,4901.0148,stop_loss
18997,2026-02-05T02:51:00+00:00,2026-02-05T02:52:00+00:00,2026-02-05T03:00:00+00:00,2,up,4817.25,4802.25,-15.0,0.9999870764750064,0.9999792654977087,1,18999,2026-02-05T02:53:00+00:00,4812.93,4871.58,4896.966799999999,4875.057,stop_loss
19006,2026-02-05T03:00:00+00:00,2026-02-05T03:01:00+00:00,2026-02-05T03:19:00+00:00,2,up,4796.85,4861.243200000001,64.39320000000043,0.9999701440050809,0.9998031086143889,1,19007,2026-02-05T03:01:00+00:00,4792.95,4875.33,4861.243200000001,4854.412200000001,target_hit
19025,2026-02-05T03:19:00+00:00,2026-02-05T03:20:00+00:00,2026-02-05T03:36:00+00:00,2,up,4861.15,4846.15,-15.0,0.9999740785024341,0.9999863893150306,1,19026,2026-02-05T03:20:00+00:00,4859.1,4889.73,4927.235720000001,4919.4838,stop_loss
19046,2026-02-05T03:40:00+00:00,2026-02-05T03:41:00+00:00,2026-02-05T04:56:00+00:00,2,up,4859.11,4865.4,6.289999999999964,0.9999756079585408,0.9999867769953374,1,19048,2026-02-05T03:42:00+00:00,4856.58,4878.93,4935.271,4917.41932,timeout
19145,2026-02-05T05:19:00+00:00,2026-02-05T05:20:00+00:00,2026-02-05T05:28:00+00:00,0,down,4851.75,4866.75,-15.0,0.9999803214416455,0.9998707274887185,3,19150,2026-02-05T05:24:00+00:00,4853.19,4915.57,4792.86704,4793.529,stop_loss
19157,2026-02-05T05:31:00+00:00,2026-02-05T05:32:00+00:00,2026-02-05T05:41:00+00:00,0,down,4849.56,4864.56,-15.0,0.9999553110488982,0.9973935143305905,2,19162,2026-02-05T05:36:00+00:00,4850.49,4914.03,4776.8318,4791.36528,stop_loss
19168,2026-02-05T05:42:00+00:00,2026-02-05T05:43:00+00:00,2026-02-05T05:45:00+00:00,0,down,4876.71,4891.71,-15.0,0.9977883866825837,0.9966437177927528,2,19170,2026-02-05T05:44:00+00:00,4879.01,4930.29,4828.64252,4818.18948,stop_loss
19171,2026-02-05T05:45:00+00:00,2026-02-05T05:46:00+00:00,2026-02-05T05:57:00+00:00,0,down,4898.85,4891.25,7.600000000000364,0.9966278725652662,0.9400911634665826,2,19180,2026-02-05T05:54:00+00:00,4903.05,4909.16,4847.6714,4840.0638,reverse_signal
19185,2026-02-05T05:59:00+00:00,2026-02-05T06:00:00+00:00,2026-02-05T06:08:00+00:00,0,down,4895.4,4906.93,-11.530000000000655,0.5564976955400349,0.5564976955400349,0,19185,2026-02-05T05:59:00+00:00,4897.51,4921.35,4836.655199999999,4836.655199999999,reverse_signal
19195,2026-02-05T06:09:00+00:00,2026-02-05T06:10:00+00:00,2026-02-05T06:19:00+00:00,2,up,4914.18,4917.99,3.8099999999994907,0.996849816106183,0.5552001998345553,0,19195,2026-02-05T06:09:00+00:00,4911.8,4926.25,4973.15016,4973.15016,reverse_signal
19246,2026-02-05T15:00:00+00:00,2026-02-05T15:01:00+00:00,2026-02-05T15:01:00+00:00,2,up,4846.9,4831.9,-15.0,0.9972946455311803,0.9972946455311803,0,19246,2026-02-05T15:00:00+00:00,4844.95,4813.02,4905.0628,4905.0628,stop_loss
19247,2026-02-05T15:01:00+00:00,2026-02-05T15:02:00+00:00,2026-02-05T15:08:00+00:00,2,up,4831.25,4833.45,2.199999999999818,0.9974545190959978,0.9990497678188339,1,19248,2026-02-05T15:02:00+00:00,4831.59,4824.99,4892.3622000000005,4889.225,reverse_signal
19254,2026-02-05T15:08:00+00:00,2026-02-05T15:09:00+00:00,2026-02-05T15:11:00+00:00,2,up,4851.72,4836.72,-15.0,0.997738662703979,0.9718838638413463,0,19254,2026-02-05T15:08:00+00:00,4849.58,4835.74,4909.940640000001,4909.940640000001,stop_loss
19257,2026-02-05T15:11:00+00:00,2026-02-05T15:12:00+00:00,2026-02-05T15:15:00+00:00,2,up,4840.3,4827.3,-13.0,0.998170271620176,0.993568755390138,0,19257,2026-02-05T15:11:00+00:00,4838.57,4827.46,4898.3836,4898.3836,reverse_signal
19261,2026-02-05T15:15:00+00:00,2026-02-05T15:16:00+00:00,2026-02-05T16:22:00+00:00,0,down,4832.02,4847.02,-15.0,0.9999937742579349,0.9999576371853346,5,19268,2026-02-05T15:22:00+00:00,4833.49,4846.71,4771.407679999999,4774.035760000001,stop_loss
19329,2026-02-05T16:23:00+00:00,2026-02-05T16:24:00+00:00,2026-02-05T16:38:00+00:00,0,down,4849.5,4864.5,-15.0,0.9998116339564282,0.9998116339564282,0,19329,2026-02-05T16:23:00+00:00,4850.45,4868.14,4791.306,4791.306,stop_loss
19353,2026-02-05T16:47:00+00:00,2026-02-05T16:48:00+00:00,2026-02-05T16:49:00+00:00,0,down,4866.09,4881.09,-15.0,0.9985583690752667,0.9985583690752667,0,19353,2026-02-05T16:47:00+00:00,4867.38,4880.7,4807.69692,4807.69692,stop_loss
19369,2026-02-05T17:03:00+00:00,2026-02-05T17:04:00+00:00,2026-02-05T17:22:00+00:00,2,up,4877.4,4862.4,-15.0,0.9769418400460831,0.9603473041769965,0,19369,2026-02-05T17:03:00+00:00,4876.49,4872.12,4935.9288,4935.9288,stop_loss
19449,2026-02-05T18:23:00+00:00,2026-02-05T18:24:00+00:00,2026-02-05T18:42:00+00:00,2,up,4858.35,4866.42,8.069999999999709,0.9965969146609855,0.9965969146609855,0,19449,2026-02-05T18:23:00+00:00,4858.66,4851.54,4916.6502,4916.6502,reverse_signal
19468,2026-02-05T18:42:00+00:00,2026-02-05T18:43:00+00:00,2026-02-05T20:23:00+00:00,0,down,4870.59,4811.69832,58.891679999999724,0.9999904033129982,0.9992958973996847,2,19472,2026-02-05T18:46:00+00:00,4871.66,4839.65,4811.69832,4812.14292,target_hit
19645,2026-02-05T21:39:00+00:00,2026-02-05T21:40:00+00:00,2026-02-05T23:06:00+00:00,2,up,4767.0,4767.1,0.1000000000003638,0.7254818518330025,0.8741859566442537,1,19658,2026-02-05T21:52:00+00:00,4765.11,4710.69,4828.74788,4824.204,reverse_signal
19671,2026-02-05T23:06:00+00:00,2026-02-05T23:07:00+00:00,2026-02-05T23:21:00+00:00,2,up,4774.12,4759.12,-15.0,0.9998895289903168,0.9999876634005163,0,19671,2026-02-05T23:06:00+00:00,4771.41,4689.72,4831.409439999999,4831.409439999999,stop_loss
19693,2026-02-05T23:28:00+00:00,2026-02-05T23:29:00+00:00,2026-02-05T23:38:00+00:00,2,up,4756.95,4741.95,-15.0,0.9999357385957094,0.9999357385957094,0,19693,2026-02-05T23:28:00+00:00,4755.35,4719.66,4814.0334,4814.0334,stop_loss
19715,2026-02-05T23:50:00+00:00,2026-02-05T23:51:00+00:00,2026-02-06T00:00:00+00:00,2,up,4716.3,4701.3,-15.0,0.9999720444403145,0.9999758837335595,1,19720,2026-02-05T23:55:00+00:00,4715.15,4746.24,4773.1992,4772.8956,stop_loss
19735,2026-02-06T00:10:00+00:00,2026-02-06T00:11:00+00:00,2026-02-06T00:14:00+00:00,2,up,4697.68,4682.68,-15.0,0.999992706760976,0.9999827852778099,1,19736,2026-02-06T00:11:00+00:00,4695.09,4747.25,4757.95848,4754.05216,stop_loss
19741,2026-02-06T00:16:00+00:00,2026-02-06T00:17:00+00:00,2026-02-06T00:28:00+00:00,2,up,4667.82,4726.6472,58.82720000000063,0.9999837469272719,0.9999918616129586,1,19744,2026-02-06T00:19:00+00:00,4666.1,4717.66,4726.6472,4723.833839999999,target_hit
19753,2026-02-06T00:28:00+00:00,2026-02-06T00:29:00+00:00,2026-02-06T01:30:00+00:00,2,up,4721.03,4706.03,-15.0,0.9999903611674436,0.9997816060242569,1,19754,2026-02-06T00:29:00+00:00,4719.66,4710.95,4779.7266,4777.68236,stop_loss
19785,2026-02-06T01:30:00+00:00,2026-02-06T01:31:00+00:00,2026-02-06T01:33:00+00:00,0,down,4719.25,4734.25,-15.0,0.9999139193508425,0.9998528684190661,1,19786,2026-02-06T01:31:00+00:00,4721.8,4823.9,4673.289400000001,4662.619,stop_loss
19788,2026-02-06T01:33:00+00:00,2026-02-06T01:34:00+00:00,2026-02-06T01:46:00+00:00,0,down,4735.5,4750.5,-15.0,0.9975510374095328,0.9999573874584655,6,19797,2026-02-06T01:42:00+00:00,4738.0,4840.03,4676.6485999999995,4678.674,stop_loss
19801,2026-02-06T01:46:00+00:00,2026-02-06T01:47:00+00:00,2026-02-06T01:54:00+00:00,0,down,4748.95,4763.95,-15.0,0.999876266921901,0.999876266921901,0,19801,2026-02-06T01:46:00+00:00,4751.49,4824.25,4691.9626,4691.9626,stop_loss
19824,2026-02-06T02:09:00+00:00,2026-02-06T02:10:00+00:00,2026-02-06T04:03:00+00:00,2,up,4790.88,4824.53,33.649999999999636,0.9974711709625214,0.9890466894054059,1,19852,2026-02-06T02:37:00+00:00,4789.06,4816.04,4888.39516,4848.37056,timeout
19984,2026-02-06T04:49:00+00:00,2026-02-06T04:50:00+00:00,2026-02-06T05:23:00+00:00,0,down,4820.28,4835.28,-15.0,0.9999754336286519,0.9999899718714825,2,19991,2026-02-06T04:56:00+00:00,4822.35,4887.42,4757.6646,4762.43664,stop_loss
20022,2026-02-06T05:27:00+00:00,2026-02-06T05:28:00+00:00,2026-02-06T05:38:00+00:00,0,down,4845.6,4860.6,-15.0,0.9999852664739917,0.9999702194166019,2,20028,2026-02-06T05:33:00+00:00,4847.53,4853.06,4796.82892,4787.4528,stop_loss
20033,2026-02-06T05:38:00+00:00,2026-02-06T05:39:00+00:00,2026-02-06T05:40:00+00:00,0,down,4850.02,4865.02,-15.0,0.999793018204644,0.999793018204644,0,20033,2026-02-06T05:38:00+00:00,4852.46,4841.93,4791.81976,4791.81976,stop_loss
20035,2026-02-06T05:40:00+00:00,2026-02-06T05:41:00+00:00,2026-02-06T06:24:00+00:00,2,up,4868.24,4853.24,-15.0,0.9994955127338295,0.9997648438665658,1,20049,2026-02-06T05:54:00+00:00,4866.51,4846.03,4944.05516,4926.65888,stop_loss
20091,2026-02-06T06:36:00+00:00,2026-02-06T06:37:00+00:00,2026-02-06T06:56:00+00:00,2,up,4848.43,4833.43,-15.0,0.9978888825037557,0.9997537192706414,0,20091,2026-02-06T06:36:00+00:00,4845.37,4853.32,4906.61116,4906.61116,stop_loss
20116,2026-02-06T15:01:00+00:00,2026-02-06T15:02:00+00:00,2026-02-06T15:06:00+00:00,0,down,4947.88,4962.88,-15.0,0.9998312241217353,0.999953285903557,0,20116,2026-02-06T15:01:00+00:00,4949.14,4944.91,4888.50544,4888.50544,stop_loss
20125,2026-02-06T15:10:00+00:00,2026-02-06T15:11:00+00:00,2026-02-06T15:20:00+00:00,2,up,4957.05,4942.05,-15.0,0.9988994441046734,0.9988994441046734,0,20125,2026-02-06T15:10:00+00:00,4955.04,4947.21,5016.5346,5016.5346,stop_loss
20142,2026-02-06T15:27:00+00:00,2026-02-06T15:28:00+00:00,2026-02-06T15:45:00+00:00,2,up,4951.37,4936.37,-15.0,0.9981917483071941,0.9981917483071941,0,20142,2026-02-06T15:27:00+00:00,4950.45,4934.01,5010.78644,5010.78644,stop_loss
20211,2026-02-06T16:36:00+00:00,2026-02-06T16:37:00+00:00,2026-02-06T16:48:00+00:00,0,down,4933.58,4948.58,-15.0,0.9997917135977235,0.9999866939048376,4,20217,2026-02-06T16:42:00+00:00,4933.46,4955.12,4881.87596,4874.37704,stop_loss
20227,2026-02-06T16:52:00+00:00,2026-02-06T16:53:00+00:00,2026-02-06T17:04:00+00:00,0,down,4943.15,4958.15,-15.0,0.9997843261896303,0.9999456549277298,2,20234,2026-02-06T16:59:00+00:00,4944.2,4961.52,4893.04036,4883.8322,stop_loss
20239,2026-02-06T17:04:00+00:00,2026-02-06T17:05:00+00:00,2026-02-06T18:04:00+00:00,0,down,4958.13,4963.87,-5.739999999999782,0.9999588379118103,0.9999588379118103,0,20239,2026-02-06T17:04:00+00:00,4958.92,4963.87,4898.63244,4898.63244,timeout
20350,2026-02-06T18:55:00+00:00,2026-02-06T18:56:00+00:00,2026-02-06T20:02:00+00:00,0,down,4965.92,4952.39,13.529999999999745,0.9996152475102615,0.999624043757436,0,20350,2026-02-06T18:55:00+00:00,4966.25,4960.5,4906.32896,4906.32896,timeout
20525,2026-02-08T23:11:00+00:00,2026-02-08T23:12:00+00:00,2026-02-08T23:24:00+00:00,0,down,4982.52,4997.52,-15.0,0.9999943576151697,0.9999943576151697,0,20525,2026-02-08T23:11:00+00:00,4982.59,5031.65,4922.72976,4922.72976,stop_loss
20553,2026-02-08T23:39:00+00:00,2026-02-08T23:40:00+00:00,2026-02-09T00:15:00+00:00,2,up,5037.7,5022.7,-15.0,0.9998671999567732,0.9998671999567732,0,20553,2026-02-08T23:39:00+00:00,5035.64,5028.29,5098.1524,5098.1524,stop_loss
20634,2026-02-09T01:30:00+00:00,2026-02-09T01:31:00+00:00,2026-02-09T01:47:00+00:00,0,down,5021.25,4998.05,23.199999999999818,0.9993180955612393,0.7284051063660995,0,20634,2026-02-09T01:30:00+00:00,5022.53,4995.54,4960.995,4960.995,reverse_signal
20662,2026-02-09T01:58:00+00:00,2026-02-09T01:59:00+00:00,2026-02-09T02:11:00+00:00,0,down,4979.39,4994.39,-15.0,0.9090589207379249,0.9117717927463648,3,20666,2026-02-09T02:02:00+00:00,4981.33,5015.09,4915.053,4919.637320000001,stop_loss
21304,2026-02-09T23:09:00+00:00,2026-02-09T23:10:00+00:00,2026-02-09T23:10:00+00:00,0,down,5014.4,5029.4,-15.0,0.9987921691213517,0.9987921691213517,0,21304,2026-02-09T23:09:00+00:00,5029.24,5043.74,4954.227199999999,4954.227199999999,stop_loss
21318,2026-02-09T23:23:00+00:00,2026-02-09T23:24:00+00:00,2026-02-10T00:27:00+00:00,2,up,5012.98,5037.32,24.340000000000146,0.9042819974126114,0.9948321718941867,1,21319,2026-02-09T23:24:00+00:00,5009.22,5043.73,5073.915,5073.135759999999,timeout
21442,2026-02-10T01:57:00+00:00,2026-02-10T01:58:00+00:00,2026-02-10T02:06:00+00:00,0,down,5025.72,5040.72,-15.0,0.9986622667618079,0.9986622667618079,0,21442,2026-02-10T01:57:00+00:00,5026.6,5046.02,4965.41136,4965.41136,stop_loss
21630,2026-02-10T05:53:00+00:00,2026-02-10T05:54:00+00:00,2026-02-10T06:53:00+00:00,0,down,5037.68,5021.77,15.909999999999854,0.9998661611610391,0.9998661611610391,0,21630,2026-02-10T05:53:00+00:00,5038.02,5021.77,4977.2278400000005,4977.2278400000005,timeout
22035,2026-02-10T20:38:00+00:00,2026-02-10T20:39:00+00:00,2026-02-10T20:48:00+00:00,0,down,5029.56,5044.56,-15.0,0.9997336465606371,0.9997336465606371,0,22035,2026-02-10T20:38:00+00:00,5030.24,5025.87,4969.20528,4969.20528,stop_loss
22233,2026-02-11T02:10:00+00:00,2026-02-11T02:11:00+00:00,2026-02-11T02:45:00+00:00,0,down,5039.75,5054.75,-15.0,0.9999502529708774,0.9999502529708774,0,22233,2026-02-11T02:10:00+00:00,5040.15,5051.72,4979.273,4979.273,stop_loss
22331,2026-02-11T03:48:00+00:00,2026-02-11T03:49:00+00:00,2026-02-11T04:48:00+00:00,0,down,5057.28,5058.42,-1.1400000000003274,0.9998769354852575,0.9998769354852575,0,22331,2026-02-11T03:48:00+00:00,5058.05,5051.75,4996.59264,4996.59264,timeout
22357,2026-02-11T15:12:00+00:00,2026-02-11T15:13:00+00:00,2026-02-11T15:25:00+00:00,0,down,5072.68,5050.16,22.520000000000437,0.9801172191823103,0.831794860585246,0,22357,2026-02-11T15:12:00+00:00,5073.35,5061.16,5011.80784,5011.80784,reverse_signal
22370,2026-02-11T15:25:00+00:00,2026-02-11T15:26:00+00:00,2026-02-11T15:29:00+00:00,2,up,5054.45,5048.27,-6.1799999999993815,0.9945662488611988,0.9894174080241713,0,22370,2026-02-11T15:25:00+00:00,5053.53,5057.17,5115.1034,5115.1034,reverse_signal
22375,2026-02-11T15:30:00+00:00,2026-02-11T15:31:00+00:00,2026-02-11T15:34:00+00:00,2,up,5050.07,5052.15,2.0799999999999272,0.9972906742280856,0.9977614498392926,0,22375,2026-02-11T15:30:00+00:00,5048.85,5067.55,5110.67084,5110.67084,reverse_signal
22382,2026-02-11T15:37:00+00:00,2026-02-11T15:38:00+00:00,2026-02-11T15:52:00+00:00,0,down,5043.51,5058.51,-15.0,0.9999888424995333,0.9999888424995333,0,22382,2026-02-11T15:37:00+00:00,5044.93,5071.71,4982.987880000001,4982.987880000001,stop_loss
22420,2026-02-11T16:15:00+00:00,2026-02-11T16:16:00+00:00,2026-02-11T17:19:00+00:00,2,up,5053.87,5083.42,29.550000000000182,0.9998577928680334,0.9998140694043195,1,22424,2026-02-11T16:19:00+00:00,5053.44,5083.42,5115.77132,5114.51644,timeout
22680,2026-02-11T23:11:00+00:00,2026-02-11T23:12:00+00:00,2026-02-12T00:12:00+00:00,0,down,5059.45,5053.02,6.4299999999993815,0.9999892868570692,0.9998649666940748,1,22681,2026-02-11T23:12:00+00:00,5060.55,5053.02,5009.5058,4998.7366,timeout
22785,2026-02-12T00:56:00+00:00,2026-02-12T00:57:00+00:00,2026-02-12T02:01:00+00:00,2,up,5061.22,5069.49,8.269999999999527,0.9657423201586538,0.9993527627145475,0,22785,2026-02-12T00:56:00+00:00,5060.12,5059.6,5121.95464,5121.95464,reverse_signal
22820,2026-02-12T02:11:00+00:00,2026-02-12T02:12:00+00:00,2026-02-12T03:52:00+00:00,0,down,5066.4,5076.66,-10.260000000000218,0.9999041875727318,0.9999935190616018,3,22861,2026-02-12T02:52:00+00:00,5067.24,5059.43,5004.496639999999,5005.6032,timeout
22988,2026-02-12T15:00:00+00:00,2026-02-12T15:01:00+00:00,2026-02-12T15:06:00+00:00,0,down,5040.8,5055.8,-15.0,0.9999908835078289,0.9999908835078289,0,22988,2026-02-12T15:00:00+00:00,5041.3,5062.19,4980.3104,4980.3104,stop_loss
23063,2026-02-12T16:15:00+00:00,2026-02-12T16:16:00+00:00,2026-02-12T16:22:00+00:00,0,down,4946.57,4922.89,23.67999999999938,0.9999851917768305,0.9993784750480035,2,23065,2026-02-12T16:17:00+00:00,4948.87,4958.75,4863.1336,4887.21116,reverse_signal
23070,2026-02-12T16:22:00+00:00,2026-02-12T16:23:00+00:00,2026-02-12T16:26:00+00:00,2,up,4911.69,4896.69,-15.0,0.8453777088522033,0.9966364840067997,1,23071,2026-02-12T16:23:00+00:00,4910.57,4977.37,4985.516799999999,4970.630279999999,stop_loss
23074,2026-02-12T16:26:00+00:00,2026-02-12T16:27:00+00:00,2026-02-12T16:39:00+00:00,2,up,4891.15,4954.40792,63.25792000000001,0.9948565316794757,0.9998033236499319,1,23075,2026-02-12T16:27:00+00:00,4889.3,4977.42,4954.40792,4949.8438,target_hit
23087,2026-02-12T16:39:00+00:00,2026-02-12T16:40:00+00:00,2026-02-12T16:46:00+00:00,2,up,4957.73,4942.73,-15.0,0.9995811428186878,0.9999353722918046,1,23089,2026-02-12T16:41:00+00:00,4956.35,4966.78,5021.51364,5017.22276,stop_loss
23094,2026-02-12T16:46:00+00:00,2026-02-12T16:47:00+00:00,2026-02-12T18:08:00+00:00,2,up,4945.38,4930.38,-15.0,0.9998682437114377,0.9999976713043351,1,23098,2026-02-12T16:50:00+00:00,4945.07,4952.42,5013.9843599999995,5004.724560000001,stop_loss
23181,2026-02-12T18:13:00+00:00,2026-02-12T18:14:00+00:00,2026-02-12T18:22:00+00:00,0,down,4926.97,4924.15,2.8200000000006185,0.9999882174643908,0.9999758305103617,3,23187,2026-02-12T18:19:00+00:00,4927.91,4943.54,4849.31148,4867.8463600000005,reverse_signal
23191,2026-02-12T18:23:00+00:00,2026-02-12T18:24:00+00:00,2026-02-12T18:28:00+00:00,0,down,4918.13,4933.13,-15.0,0.9999768750884575,0.9999768750884575,0,23191,2026-02-12T18:23:00+00:00,4918.17,4942.73,4859.11244,4859.11244,stop_loss
23202,2026-02-12T18:34:00+00:00,2026-02-12T18:35:00+00:00,2026-02-12T18:51:00+00:00,0,down,4932.57,4947.57,-15.0,0.9999696915219211,0.9999968395881713,2,23204,2026-02-12T18:36:00+00:00,4933.11,4946.6,4872.0256,4873.3791599999995,stop_loss
23221,2026-02-12T18:53:00+00:00,2026-02-12T18:54:00+00:00,2026-02-12T19:53:00+00:00,0,down,4947.42,4956.39,-8.970000000000255,0.999997231998154,0.999997231998154,0,23221,2026-02-12T18:53:00+00:00,4948.42,4956.39,4888.0509600000005,4888.0509600000005,timeout
23293,2026-02-12T20:05:00+00:00,2026-02-12T20:06:00+00:00,2026-02-12T20:09:00+00:00,0,down,4945.16,4942.4,2.7600000000002183,0.9999872900428023,0.9999872900428023,0,23293,2026-02-12T20:05:00+00:00,4946.07,4918.75,4885.81808,4885.81808,reverse_signal
23326,2026-02-12T20:38:00+00:00,2026-02-12T20:39:00+00:00,2026-02-12T21:56:00+00:00,0,down,4918.37,4923.09,-4.720000000000255,0.9999940726256035,0.999559991882039,2,23344,2026-02-12T20:56:00+00:00,4919.25,4923.09,4856.14844,4859.34956,timeout
23477,2026-02-13T00:10:00+00:00,2026-02-13T00:11:00+00:00,2026-02-13T01:30:00+00:00,0,down,4944.56,4959.56,-15.0,0.9999777557558803,0.9999627798855929,0,23477,2026-02-13T00:10:00+00:00,4946.6,4966.71,4885.225280000001,4885.225280000001,stop_loss
23690,2026-02-13T05:19:00+00:00,2026-02-13T05:20:00+00:00,2026-02-13T06:21:00+00:00,0,down,4972.63,4955.18,17.449999999999818,0.9999926420221861,0.9999453305153629,2,23692,2026-02-13T05:21:00+00:00,4973.79,4955.18,4921.5738,4912.95844,timeout
23829,2026-02-13T15:38:00+00:00,2026-02-13T15:39:00+00:00,2026-02-13T16:27:00+00:00,0,down,5007.99,5022.99,-15.0,0.9999554680989555,0.9999961606317065,0,23829,2026-02-13T15:38:00+00:00,5008.9,5017.74,4947.89412,4947.89412,stop_loss
23879,2026-02-13T16:28:00+00:00,2026-02-13T16:29:00+00:00,2026-02-13T17:43:00+00:00,0,down,5033.07,5021.73,11.340000000000146,0.9999788037342834,0.999939101666456,0,23879,2026-02-13T16:28:00+00:00,5033.26,5018.64,4972.673159999999,4972.673159999999,timeout
24034,2026-02-13T19:11:00+00:00,2026-02-13T19:12:00+00:00,2026-02-13T21:23:00+00:00,0,down,5038.58,5019.7,18.88000000000011,0.9997953764687711,0.9997623612601154,0,24034,2026-02-13T19:11:00+00:00,5038.94,5032.5,4978.11704,4978.11704,timeout
24152,2026-02-15T23:45:00+00:00,2026-02-15T23:46:00+00:00,2026-02-16T00:45:00+00:00,0,down,5018.72,5013.69,5.030000000000655,0.9997749530226019,0.9997749530226019,0,24152,2026-02-15T23:45:00+00:00,5020.94,5013.69,4958.49536,4958.49536,timeout
24222,2026-02-16T00:55:00+00:00,2026-02-16T00:56:00+00:00,2026-02-16T01:59:00+00:00,2,up,5020.43,5028.66,8.229999999999563,0.9998060794820225,0.9999292630630241,0,24222,2026-02-16T00:55:00+00:00,5020.12,5026.08,5080.675160000001,5080.675160000001,timeout
24785,2026-02-17T05:17:00+00:00,2026-02-17T05:18:00+00:00,2026-02-17T05:29:00+00:00,0,down,4899.9,4899.27,0.6299999999991996,0.9999968183475532,0.5503852501092317,3,24793,2026-02-17T05:25:00+00:00,4900.15,4895.35,4838.44348,4841.1012,reverse_signal
24799,2026-02-17T05:31:00+00:00,2026-02-17T05:32:00+00:00,2026-02-17T05:32:00+00:00,2,up,4884.14,4869.14,-15.0,0.8549360612794588,0.8549360612794588,0,24799,2026-02-17T05:31:00+00:00,4879.65,4895.16,4942.74968,4942.74968,stop_loss
24801,2026-02-17T05:33:00+00:00,2026-02-17T05:34:00+00:00,2026-02-17T06:49:00+00:00,2,up,4879.45,4907.9,28.449999999999818,0.9568060046990248,0.999824172830741,1,24802,2026-02-17T05:34:00+00:00,4878.1,4904.07,4942.587759999999,4938.0034,timeout
24902,2026-02-17T15:14:00+00:00,2026-02-17T15:15:00+00:00,2026-02-17T16:01:00+00:00,2,up,4857.85,4881.76,23.909999999999854,0.9999951502501002,0.9999951502501002,0,24902,2026-02-17T15:14:00+00:00,4856.96,4882.45,4916.144200000001,4916.144200000001,reverse_signal
24991,2026-02-17T16:43:00+00:00,2026-02-17T16:44:00+00:00,2026-02-17T18:21:00+00:00,0,down,4874.25,4879.06,-4.8100000000004,0.9999955804835918,0.9999516439255687,2,25025,2026-02-17T17:17:00+00:00,4875.41,4875.05,4802.85572,4815.759,timeout
25137,2026-02-17T19:09:00+00:00,2026-02-17T19:10:00+00:00,2026-02-17T19:29:00+00:00,2,up,4898.18,4883.18,-15.0,0.9999266974016472,0.9999266974016472,0,25137,2026-02-17T19:09:00+00:00,4897.13,4876.4,4956.95816,4956.95816,stop_loss
25537,2026-02-18T15:03:00+00:00,2026-02-18T15:04:00+00:00,2026-02-18T16:05:00+00:00,2,up,5008.17,5002.65,-5.520000000000437,0.9999613551243768,0.9999196988441272,0,25537,2026-02-18T15:03:00+00:00,5006.77,5002.27,5068.26804,5068.26804,timeout
26129,2026-02-20T01:56:00+00:00,2026-02-20T01:57:00+00:00,2026-02-20T02:58:00+00:00,0,down,4999.9,4992.14,7.759999999999309,0.9991359150205803,0.9998392044788457,0,26129,2026-02-20T01:56:00+00:00,5000.62,4995.2,4939.901199999999,4939.901199999999,timeout
26177,2026-02-20T03:42:00+00:00,2026-02-20T03:43:00+00:00,2026-02-20T06:00:00+00:00,0,down,4988.64,5003.64,-15.0,0.999926882034702,0.999926882034702,0,26177,2026-02-20T03:42:00+00:00,4990.19,4999.4,4928.77632,4928.77632,stop_loss
26275,2026-02-20T15:14:00+00:00,2026-02-20T15:15:00+00:00,2026-02-20T15:16:00+00:00,2,up,5023.69,5030.18,6.490000000000691,0.9996860084473005,0.9996860084473005,0,26275,2026-02-20T15:14:00+00:00,5021.97,5053.58,5083.974279999999,5083.974279999999,reverse_signal
26277,2026-02-20T15:16:00+00:00,2026-02-20T15:17:00+00:00,2026-02-20T15:18:00+00:00,0,down,5024.35,5039.35,-15.0,0.9938826664978309,0.9961748904047762,1,26278,2026-02-20T15:17:00+00:00,5026.16,5049.41,4976.19044,4964.0578000000005,stop_loss
26279,2026-02-20T15:18:00+00:00,2026-02-20T15:19:00+00:00,2026-02-20T15:21:00+00:00,2,up,5045.32,5030.32,-15.0,0.999393842840889,0.9994019659257001,0,26279,2026-02-20T15:18:00+00:00,5043.77,5049.82,5105.86384,5105.86384,stop_loss
26282,2026-02-20T15:21:00+00:00,2026-02-20T15:22:00+00:00,2026-02-20T15:44:00+00:00,0,down,5031.38,5046.38,-15.0,0.9926221016469154,0.9872206874958598,2,26285,2026-02-20T15:24:00+00:00,5032.58,5051.97,4964.59132,4971.00344,stop_loss
26503,2026-02-20T21:00:00+00:00,2026-02-20T21:01:00+00:00,2026-02-22T23:01:00+00:00,0,down,5096.18,5111.18,-15.0,0.9999253883164972,0.9999253883164972,0,26503,2026-02-20T21:00:00+00:00,5096.44,5111.89,5035.02584,5035.02584,stop_loss
26636,2026-02-23T00:14:00+00:00,2026-02-23T00:15:00+00:00,2026-02-23T01:14:00+00:00,2,up,5140.17,5155.09,14.920000000000073,0.9998382408536973,0.9998382408536973,0,26636,2026-02-23T00:14:00+00:00,5138.17,5147.6,5201.85204,5201.85204,timeout
26776,2026-02-23T03:04:00+00:00,2026-02-23T03:05:00+00:00,2026-02-23T03:06:00+00:00,2,up,5172.49,5170.96,-1.5299999999997453,0.9999511779847859,0.9999511779847859,0,26776,2026-02-23T03:04:00+00:00,5171.39,5162.4,5234.55988,5234.55988,reverse_signal
26781,2026-02-23T03:09:00+00:00,2026-02-23T03:10:00+00:00,2026-02-23T15:00:00+00:00,0,down,5164.77,5179.77,-15.0,0.9997234523854477,0.9997234523854477,0,26781,2026-02-23T03:09:00+00:00,5166.0,5156.86,5102.79276,5102.79276,stop_loss
26896,2026-02-23T16:45:00+00:00,2026-02-23T16:46:00+00:00,2026-02-23T17:36:00+00:00,2,up,5209.92,5194.92,-15.0,0.9998869612439533,0.9998869612439533,0,26896,2026-02-23T16:45:00+00:00,5209.65,5201.14,5272.43904,5272.43904,stop_loss
27020,2026-02-23T18:49:00+00:00,2026-02-23T18:50:00+00:00,2026-02-23T23:02:00+00:00,0,down,5208.98,5223.98,-15.0,0.9999662944492413,0.9999662944492413,0,27020,2026-02-23T18:49:00+00:00,5210.07,5217.89,5146.472239999999,5146.472239999999,stop_loss
27074,2026-02-24T00:04:00+00:00,2026-02-24T00:05:00+00:00,2026-02-24T01:30:00+00:00,0,down,5230.09,5170.204,59.88600000000042,0.9999894420010303,0.9997665119304531,1,27077,2026-02-24T00:07:00+00:00,5231.21,5204.67,5170.204,5167.32892,target_hit
27130,2026-02-24T01:30:00+00:00,2026-02-24T01:31:00+00:00,2026-02-24T02:40:00+00:00,2,up,5167.05,5184.72,17.670000000000073,0.9840605268192917,0.999983163357939,1,27140,2026-02-24T01:40:00+00:00,5165.76,5184.72,5230.14756,5229.0546,timeout
27379,2026-02-24T06:35:00+00:00,2026-02-24T06:36:00+00:00,2026-02-24T06:48:00+00:00,0,down,5160.16,5175.16,-15.0,0.9995670998387323,0.9995670998387323,0,27379,2026-02-24T06:35:00+00:00,5161.53,5182.81,5098.23808,5098.23808,stop_loss
27549,2026-02-24T17:29:00+00:00,2026-02-24T17:30:00+00:00,2026-02-24T18:29:00+00:00,0,down,5158.5,5158.75,-0.25,0.9999293810026291,0.9999293810026291,0,27549,2026-02-24T17:29:00+00:00,5158.94,5158.75,5096.598,5096.598,timeout
27677,2026-02-24T21:09:00+00:00,2026-02-24T21:10:00+00:00,2026-02-24T23:29:00+00:00,0,down,5157.09,5131.73,25.360000000000582,0.9990464603002208,0.9978676025561304,6,27692,2026-02-24T21:24:00+00:00,5157.9,5134.24,5093.30796,5095.20492,timeout
27953,2026-02-25T03:16:00+00:00,2026-02-25T03:17:00+00:00,2026-02-25T05:49:00+00:00,0,down,5183.89,5198.89,-15.0,0.9989255938258668,0.9999630894724754,0,27953,2026-02-25T03:16:00+00:00,5185.01,5182.2,5121.68332,5121.68332,stop_loss
28251,2026-02-25T17:45:00+00:00,2026-02-25T17:46:00+00:00,2026-02-25T18:47:00+00:00,0,down,5204.59,5208.41,-3.819999999999709,0.9998777436801365,0.9999136138308664,2,28253,2026-02-25T17:47:00+00:00,5205.93,5206.36,5144.60492,5142.13492,timeout
28451,2026-02-26T00:00:00+00:00,2026-02-26T00:01:00+00:00,2026-02-26T00:22:00+00:00,0,down,5160.89,5175.89,-15.0,0.9999791073980817,0.9998047383748998,2,28465,2026-02-26T00:14:00+00:00,5162.68,5188.23,5106.75464,5098.95932,stop_loss
28505,2026-02-26T00:54:00+00:00,2026-02-26T00:55:00+00:00,2026-02-26T01:59:00+00:00,0,down,5188.9,5192.04,-3.1400000000003274,0.9994681439328023,0.9997831083803057,1,28510,2026-02-26T00:59:00+00:00,5189.9,5192.04,5127.54216,5126.633199999999,timeout
28603,2026-02-26T15:30:00+00:00,2026-02-26T15:31:00+00:00,2026-02-26T15:35:00+00:00,0,down,5144.42,5159.42,-15.0,0.9999971026424196,0.9999971026424196,0,28603,2026-02-26T15:30:00+00:00,5145.4,5180.47,5082.68696,5082.68696,stop_loss
28862,2026-02-26T20:32:00+00:00,2026-02-26T20:33:00+00:00,2026-02-26T21:32:00+00:00,0,down,5193.29,5181.46,11.829999999999927,0.9999491093863806,0.9999491093863806,0,28862,2026-02-26T20:32:00+00:00,5194.34,5186.92,5130.97052,5130.97052,timeout
28869,2026-02-26T23:03:00+00:00,2026-02-26T23:04:00+00:00,2026-02-27T00:03:00+00:00,0,down,5182.0,5181.09,0.9099999999998545,0.9999595123583528,0.9999595123583528,0,28869,2026-02-26T23:03:00+00:00,5184.57,5181.09,5119.816,5119.816,timeout
29077,2026-02-27T15:18:00+00:00,2026-02-27T15:19:00+00:00,2026-02-27T15:48:00+00:00,0,down,5222.45,5237.45,-15.0,0.9999892040790318,0.9998993325059614,9,29104,2026-02-27T15:45:00+00:00,5223.37,5236.96,5169.47288,5159.7806,stop_loss
29149,2026-02-27T16:30:00+00:00,2026-02-27T16:31:00+00:00,2026-02-27T17:13:00+00:00,2,up,5238.08,5233.46,-4.619999999999891,0.9995205986677359,0.9995205986677359,0,29149,2026-02-27T16:30:00+00:00,5237.81,5228.2,5300.93696,5300.93696,reverse_signal
29193,2026-02-27T17:14:00+00:00,2026-02-27T17:15:00+00:00,2026-02-27T18:16:00+00:00,0,down,5231.35,5233.3,-1.949999999999818,0.9999711199297159,0.9999453201832778,2,29195,2026-02-27T17:16:00+00:00,5232.42,5233.3,5168.41572,5168.5738,timeout
29280,2026-02-27T19:17:00+00:00,2026-02-27T19:18:00+00:00,2026-02-27T21:40:00+00:00,0,down,5249.27,5264.27,-15.0,0.9999028637591859,0.9998628615649553,2,29304,2026-02-27T19:41:00+00:00,5250.22,5258.3,5184.45096,5186.27876,stop_loss
29368,2026-02-27T21:45:00+00:00,2026-02-27T21:46:00+00:00,2026-03-01T23:04:00+00:00,0,down,5277.72,5292.72,-15.0,0.9999528128503855,0.9999528128503855,0,29368,2026-02-27T21:45:00+00:00,5277.99,5387.64,5214.387360000001,5214.387360000001,stop_loss
29385,2026-03-01T23:06:00+00:00,2026-03-01T23:07:00+00:00,2026-03-01T23:09:00+00:00,0,down,5340.64,5347.83,-7.1899999999996,0.9999322233285336,0.9999322233285336,0,29385,2026-03-01T23:06:00+00:00,5346.16,5373.19,5276.552320000001,5276.552320000001,reverse_signal
29388,2026-03-01T23:09:00+00:00,2026-03-01T23:10:00+00:00,2026-03-01T23:22:00+00:00,2,up,5353.15,5351.42,-1.7299999999995634,0.9996019081195284,0.9998345583429465,0,29388,2026-03-01T23:09:00+00:00,5350.05,5367.12,5417.3877999999995,5417.3877999999995,reverse_signal
29422,2026-03-01T23:43:00+00:00,2026-03-01T23:44:00+00:00,2026-03-02T00:02:00+00:00,2,up,5385.35,5370.35,-15.0,0.9999586372890991,0.999184005739251,0,29422,2026-03-01T23:43:00+00:00,5382.68,5364.07,5449.974200000001,5449.974200000001,stop_loss
29807,2026-03-02T15:00:00+00:00,2026-03-02T15:01:00+00:00,2026-03-02T16:00:00+00:00,2,up,5322.32,5307.32,-15.0,0.9999830575733798,0.9999965412939895,1,29809,2026-03-02T15:02:00+00:00,5321.97,5266.71,5389.8917599999995,5386.18784,stop_loss
29888,2026-03-02T16:21:00+00:00,2026-03-02T16:22:00+00:00,2026-03-02T16:23:00+00:00,0,down,5283.09,5298.09,-15.0,0.9998683987715486,0.9998683987715486,0,29888,2026-03-02T16:21:00+00:00,5283.07,5299.58,5219.69292,5219.69292,stop_loss
29890,2026-03-02T16:23:00+00:00,2026-03-02T16:24:00+00:00,2026-03-02T16:29:00+00:00,0,down,5299.34,5314.34,-15.0,0.7877803804198473,0.9999008951458133,1,29892,2026-03-02T16:25:00+00:00,5299.78,5308.16,5245.786,5235.74792,stop_loss
29901,2026-03-02T16:34:00+00:00,2026-03-02T16:35:00+00:00,2026-03-02T16:37:00+00:00,0,down,5297.57,5293.5,4.069999999999709,0.937803802866886,0.5997662342258151,0,29901,2026-03-02T16:34:00+00:00,5297.86,5319.96,5233.999159999999,5233.999159999999,reverse_signal
29905,2026-03-02T16:38:00+00:00,2026-03-02T16:39:00+00:00,2026-03-02T16:59:00+00:00,2,up,5304.25,5289.25,-15.0,0.6273215673331072,0.9991376666043811,0,29905,2026-03-02T16:38:00+00:00,5303.98,5310.23,5367.901,5367.901,stop_loss
30032,2026-03-02T18:45:00+00:00,2026-03-02T18:46:00+00:00,2026-03-02T19:01:00+00:00,0,down,5302.14,5317.14,-15.0,0.9999942612136599,0.9999942612136599,0,30032,2026-03-02T18:45:00+00:00,5304.19,5326.92,5238.51432,5238.51432,stop_loss
30172,2026-03-02T21:05:00+00:00,2026-03-02T21:06:00+00:00,2026-03-02T23:10:00+00:00,0,down,5338.66,5335.31,3.3499999999994543,0.9994401354235644,0.9976166153387929,1,30176,2026-03-02T21:09:00+00:00,5338.93,5335.31,5275.5248,5274.59608,timeout
30344,2026-03-03T01:58:00+00:00,2026-03-03T01:59:00+00:00,2026-03-03T02:11:00+00:00,2,up,5343.88,5347.43,3.550000000000182,0.9999427354906545,0.999833955413041,0,30344,2026-03-03T01:58:00+00:00,5342.46,5367.18,5408.00656,5408.00656,reverse_signal
30494,2026-03-03T05:40:00+00:00,2026-03-03T05:41:00+00:00,2026-03-03T15:00:00+00:00,0,down,5343.01,5279.200159999999,63.809840000000804,0.999901324236063,0.7868954281412237,1,30496,2026-03-03T05:42:00+00:00,5344.19,5312.74,5279.200159999999,5278.8938800000005,target_hit
30574,2026-03-03T15:00:00+00:00,2026-03-03T15:01:00+00:00,2026-03-03T15:04:00+00:00,2,up,5053.7,5038.7,-15.0,0.9999442409242308,0.9999665327234227,1,30576,2026-03-03T15:02:00+00:00,5049.35,5095.55,5119.3032,5114.3444,stop_loss
30578,2026-03-03T15:04:00+00:00,2026-03-03T15:05:00+00:00,2026-03-03T15:16:00+00:00,2,up,5035.25,5020.25,-15.0,0.9999702099572177,0.9999809550377169,1,30579,2026-03-03T15:05:00+00:00,5031.23,5114.45,5105.894200000001,5095.673,stop_loss
30590,2026-03-03T15:16:00+00:00,2026-03-03T15:17:00+00:00,2026-03-03T15:48:00+00:00,2,up,5009.76,5072.62976,62.86975999999959,0.9999899965985228,0.9999842820044409,1,30592,2026-03-03T15:18:00+00:00,5007.14,5105.77,5072.62976,5069.87712,target_hit
30637,2026-03-03T16:03:00+00:00,2026-03-03T16:04:00+00:00,2026-03-03T17:01:00+00:00,2,up,5105.1,5090.1,-15.0,0.9999900626219734,0.987362378298261,1,30683,2026-03-03T16:49:00+00:00,5103.32,5081.48,5170.85448,5166.3612,stop_loss
30748,2026-03-03T17:54:00+00:00,2026-03-03T17:55:00+00:00,2026-03-03T18:00:00+00:00,0,down,5071.45,5086.45,-15.0,0.9999894871111707,0.9999800414495043,2,30751,2026-03-03T17:57:00+00:00,5073.98,5136.64,5018.85228,5010.5926,stop_loss
30828,2026-03-03T19:14:00+00:00,2026-03-03T19:15:00+00:00,2026-03-03T19:35:00+00:00,2,up,5113.86,5098.86,-15.0,0.8876858409799503,0.8876858409799503,0,30828,2026-03-03T19:14:00+00:00,5112.0,5118.03,5175.22632,5175.22632,stop_loss
30928,2026-03-03T20:54:00+00:00,2026-03-03T20:55:00+00:00,2026-03-03T21:06:00+00:00,0,down,5094.54,5109.54,-15.0,0.9993239872301198,0.9993239872301198,0,30928,2026-03-03T20:54:00+00:00,5096.08,5089.14,5033.40552,5033.40552,stop_loss
30943,2026-03-03T21:09:00+00:00,2026-03-03T21:10:00+00:00,2026-03-03T23:05:00+00:00,0,down,5100.94,5115.94,-15.0,0.9998974413905762,0.9991416856378903,2,30949,2026-03-03T21:15:00+00:00,5102.12,5128.87,5040.12392,5039.728719999999,stop_loss
31358,2026-03-04T05:35:00+00:00,2026-03-04T05:36:00+00:00,2026-03-04T06:35:00+00:00,0,down,5162.37,5153.94,8.430000000000291,0.9999888207000546,0.9999888207000546,0,31358,2026-03-04T05:35:00+00:00,5163.78,5153.94,5100.42156,5100.42156,timeout
31443,2026-03-04T15:00:00+00:00,2026-03-04T15:01:00+00:00,2026-03-04T15:35:00+00:00,0,down,5151.64,5166.64,-15.0,0.9999159721249338,0.7485373834527698,4,31448,2026-03-04T15:05:00+00:00,5154.8,5154.89,5084.41596,5089.820320000001,stop_loss
31486,2026-03-04T15:43:00+00:00,2026-03-04T15:44:00+00:00,2026-03-04T16:40:00+00:00,2,up,5141.48,5150.15,8.670000000000073,0.9999715815119238,0.9999715815119238,0,31486,2026-03-04T15:43:00+00:00,5140.58,5154.5,5203.17776,5203.17776,reverse_signal
31551,2026-03-04T16:48:00+00:00,2026-03-04T16:49:00+00:00,2026-03-04T19:06:00+00:00,0,down,5148.8,5131.48,17.32000000000062,0.9999988598136172,0.9999669425829185,3,31564,2026-03-04T17:01:00+00:00,5149.39,5140.33,5084.8408,5087.0144,reverse_signal
31761,2026-03-04T20:18:00+00:00,2026-03-04T20:19:00+00:00,2026-03-04T20:38:00+00:00,0,down,5128.04,5143.04,-15.0,0.9999286492260347,0.9997084599949612,6,31780,2026-03-04T20:37:00+00:00,5129.11,5136.35,5080.473840000001,5066.50352,stop_loss
31786,2026-03-04T20:43:00+00:00,2026-03-04T20:44:00+00:00,2026-03-04T21:43:00+00:00,0,down,5144.37,5150.66,-6.289999999999964,0.999532490466945,0.999532490466945,0,31786,2026-03-04T20:43:00+00:00,5145.39,5136.62,5082.63756,5082.63756,timeout
31844,2026-03-04T23:58:00+00:00,2026-03-04T23:59:00+00:00,2026-03-05T00:21:00+00:00,0,down,5164.89,5179.89,-15.0,0.999733533219904,0.999733533219904,0,31844,2026-03-04T23:58:00+00:00,5165.9,5168.45,5102.91132,5102.91132,stop_loss
32011,2026-03-05T06:10:00+00:00,2026-03-05T06:11:00+00:00,2026-03-05T06:30:00+00:00,0,down,5130.88,5145.88,-15.0,0.9979696546714136,0.9943535173270857,1,32013,2026-03-05T06:12:00+00:00,5132.5,5165.88,5072.55008,5069.30944,stop_loss
32070,2026-03-05T15:09:00+00:00,2026-03-05T15:10:00+00:00,2026-03-05T15:22:00+00:00,2,up,5071.05,5081.87,10.819999999999709,0.9996149092273596,0.9997940794097944,1,32079,2026-03-05T15:18:00+00:00,5068.91,5076.18,5153.53916,5131.9026,reverse_signal
32083,2026-03-05T15:22:00+00:00,2026-03-05T15:23:00+00:00,2026-03-05T15:24:00+00:00,2,up,5083.84,5083.7,-0.14000000000032742,0.9962803489234966,0.9962803489234966,0,32083,2026-03-05T15:22:00+00:00,5081.5,5072.38,5144.84608,5144.84608,reverse_signal
32086,2026-03-05T15:25:00+00:00,2026-03-05T15:26:00+00:00,2026-03-05T15:31:00+00:00,0,down,5075.05,5090.05,-15.0,0.9957825989467609,0.9957825989467609,0,32086,2026-03-05T15:25:00+00:00,5077.53,5066.2,5014.1494,5014.1494,stop_loss
32099,2026-03-05T15:38:00+00:00,2026-03-05T15:39:00+00:00,2026-03-05T16:10:00+00:00,2,up,5090.42,5075.42,-15.0,0.9964327409829613,0.9964327409829613,0,32099,2026-03-05T15:38:00+00:00,5088.68,5063.01,5151.50504,5151.50504,stop_loss
32246,2026-03-05T18:05:00+00:00,2026-03-05T18:06:00+00:00,2026-03-05T18:42:00+00:00,0,down,5069.49,5084.49,-15.0,0.9999273056868354,0.9999931343116936,6,32265,2026-03-05T18:24:00+00:00,5070.54,5070.35,5006.37384,5008.65612,stop_loss
32337,2026-03-05T19:36:00+00:00,2026-03-05T19:37:00+00:00,2026-03-05T20:11:00+00:00,0,down,5059.37,5074.37,-15.0,0.9999308130433485,0.9999308130433485,0,32337,2026-03-05T19:36:00+00:00,5060.52,5077.73,4998.65756,4998.65756,stop_loss
32377,2026-03-05T20:16:00+00:00,2026-03-05T20:17:00+00:00,2026-03-05T21:18:00+00:00,0,down,5089.33,5080.79,8.539999999999964,0.9999422055467071,0.9999920706629039,1,32379,2026-03-05T20:18:00+00:00,5090.3,5080.79,5033.54384,5028.25804,timeout
32725,2026-03-06T15:15:00+00:00,2026-03-06T15:16:00+00:00,2026-03-06T16:32:00+00:00,2,up,5145.97,5139.59,-6.380000000000109,0.9993817386228342,0.9849724193839914,1,32736,2026-03-06T15:26:00+00:00,5144.64,5136.67,5230.258879999999,5207.721640000001,timeout
32829,2026-03-06T16:59:00+00:00,2026-03-06T17:00:00+00:00,2026-03-06T18:39:00+00:00,0,down,5139.96,5154.96,-15.0,0.9999941346532507,0.9999650212645776,2,32840,2026-03-06T17:10:00+00:00,5140.94,5143.03,5077.29248,5078.28048,stop_loss
32956,2026-03-06T19:06:00+00:00,2026-03-06T19:07:00+00:00,2026-03-06T20:06:00+00:00,2,up,5164.85,5158.77,-6.079999999999927,0.9999840883762853,0.9999840883762853,0,32956,2026-03-06T19:06:00+00:00,5163.89,5158.77,5226.8282,5226.8282,timeout
33078,2026-03-08T22:10:00+00:00,2026-03-08T22:11:00+00:00,2026-03-08T22:20:00+00:00,0,down,5163.24,5135.96,27.279999999999745,0.9980738693713014,0.995354310003462,0,33078,2026-03-08T22:10:00+00:00,5170.81,5096.38,5101.28112,5101.28112,reverse_signal
33088,2026-03-08T22:20:00+00:00,2026-03-08T22:21:00+00:00,2026-03-08T22:22:00+00:00,2,up,5143.52,5141.7,-1.8200000000006185,0.9997650690274015,0.9997650690274015,0,33088,2026-03-08T22:20:00+00:00,5140.7,5098.28,5205.2422400000005,5205.2422400000005,reverse_signal
33090,2026-03-08T22:22:00+00:00,2026-03-08T22:23:00+00:00,2026-03-08T22:23:00+00:00,2,up,5155.81,5140.81,-15.0,0.9985676731532941,0.9985676731532941,0,33090,2026-03-08T22:22:00+00:00,5151.3,5104.55,5217.67972,5217.67972,stop_loss
33091,2026-03-08T22:23:00+00:00,2026-03-08T22:24:00+00:00,2026-03-08T23:11:00+00:00,0,down,5154.92,5098.1,56.81999999999971,0.9986849526197411,0.960089264855692,4,33103,2026-03-08T22:35:00+00:00,5158.76,5085.27,5084.76176,5093.06096,reverse_signal
33167,2026-03-08T23:39:00+00:00,2026-03-08T23:40:00+00:00,2026-03-08T23:42:00+00:00,2,up,5075.78,5060.78,-15.0,0.9999914333315683,0.9999914333315683,0,33167,2026-03-08T23:39:00+00:00,5068.84,5056.26,5136.689359999999,5136.689359999999,stop_loss
33176,2026-03-08T23:48:00+00:00,2026-03-08T23:49:00+00:00,2026-03-09T00:06:00+00:00,2,up,5068.69,5053.69,-15.0,0.9999944859374541,0.9999904575539176,1,33189,2026-03-09T00:01:00+00:00,5066.86,5017.94,5133.94684,5129.514279999999,stop_loss
33203,2026-03-09T00:15:00+00:00,2026-03-09T00:16:00+00:00,2026-03-09T01:16:00+00:00,2,up,5034.86,5075.06,40.20000000000073,0.9999430610778443,0.9999727584586698,1,33204,2026-03-09T00:16:00+00:00,5033.62,5079.01,5101.0264799999995,5095.278319999999,timeout
33282,2026-03-09T02:04:00+00:00,2026-03-09T02:05:00+00:00,2026-03-09T02:07:00+00:00,0,down,5064.09,5079.09,-15.0,0.9999917633728445,0.9999642311171324,2,33284,2026-03-09T02:06:00+00:00,5064.92,5092.85,5012.7069200000005,5003.32092,stop_loss
33356,2026-03-09T03:18:00+00:00,2026-03-09T03:19:00+00:00,2026-03-09T04:18:00+00:00,0,down,5095.23,5091.63,3.5999999999994543,0.9999957810688672,0.9999957810688672,0,33356,2026-03-09T03:18:00+00:00,5096.07,5091.63,5034.08724,5034.08724,timeout
33428,2026-03-09T05:33:00+00:00,2026-03-09T05:34:00+00:00,2026-03-09T05:44:00+00:00,0,down,5107.39,5122.39,-15.0,0.999994383936772,0.999994383936772,0,33428,2026-03-09T05:33:00+00:00,5108.48,5127.3,5046.101320000001,5046.101320000001,stop_loss
33442,2026-03-09T05:47:00+00:00,2026-03-09T05:48:00+00:00,2026-03-09T06:47:00+00:00,0,down,5130.07,5109.4,20.670000000000073,0.9999763973608002,0.9999763973608002,0,33442,2026-03-09T05:47:00+00:00,5131.11,5109.4,5068.50916,5068.50916,timeout
33551,2026-03-09T15:36:00+00:00,2026-03-09T15:37:00+00:00,2026-03-09T16:38:00+00:00,0,down,5098.16,5106.17,-8.010000000000218,0.9999930778472633,0.9999976225709661,0,33551,2026-03-09T15:36:00+00:00,5098.96,5104.65,5036.98208,5036.98208,timeout
33699,2026-03-09T19:20:00+00:00,2026-03-09T19:21:00+00:00,2026-03-09T20:32:00+00:00,2,up,5137.62,5138.33,0.7100000000000364,0.9999872164230179,0.9998973429659666,1,33706,2026-03-09T19:27:00+00:00,5137.2,5138.24,5200.1316400000005,5199.2714399999995,timeout
34306,2026-03-10T18:16:00+00:00,2026-03-10T18:17:00+00:00,2026-03-10T19:23:00+00:00,0,down,5205.3,5207.42,-2.119999999999891,0.9999278265763869,0.9997117314836508,0,34306,2026-03-10T18:16:00+00:00,5205.61,5201.61,5142.8364,5142.8364,timeout
34527,2026-03-11T00:55:00+00:00,2026-03-11T00:56:00+00:00,2026-03-11T01:58:00+00:00,0,down,5216.13,5210.43,5.699999999999818,0.9998092327327737,0.9994641047753742,1,34530,2026-03-11T00:58:00+00:00,5217.16,5210.43,5154.99868,5153.53644,timeout
34669,2026-03-11T03:47:00+00:00,2026-03-11T03:48:00+00:00,2026-03-11T04:47:00+00:00,0,down,5206.17,5183.8,22.36999999999989,0.9999426419180528,0.9999426419180528,0,34669,2026-03-11T03:47:00+00:00,5206.78,5203.68,5143.69596,5143.69596,timeout
34834,2026-03-11T18:03:00+00:00,2026-03-11T18:04:00+00:00,2026-03-11T19:21:00+00:00,0,down,5170.46,5159.46,11.0,0.9989313505023474,0.9998048302928101,4,34852,2026-03-11T18:21:00+00:00,5171.23,5176.07,5113.789199999999,5108.41448,timeout
35041,2026-03-12T00:58:00+00:00,2026-03-12T00:59:00+00:00,2026-03-12T01:44:00+00:00,0,down,5153.68,5168.68,-15.0,0.9995709593495199,0.9995709593495199,0,35041,2026-03-12T00:58:00+00:00,5154.3,5167.01,5091.835840000001,5091.835840000001,stop_loss
35096,2026-03-12T02:23:00+00:00,2026-03-12T02:24:00+00:00,2026-03-12T03:23:00+00:00,0,down,5168.78,5153.71,15.069999999999709,0.9993874313582747,0.9993874313582747,0,35096,2026-03-12T02:23:00+00:00,5169.7,5153.71,5106.75464,5106.75464,timeout
35236,2026-03-12T06:43:00+00:00,2026-03-12T06:44:00+00:00,2026-03-12T07:43:00+00:00,0,down,5167.79,5138.34,29.449999999999818,0.999777022300443,0.999777022300443,0,35236,2026-03-12T06:43:00+00:00,5169.12,5178.27,5105.77652,5105.77652,timeout
35713,2026-03-13T00:03:00+00:00,2026-03-13T00:04:00+00:00,2026-03-13T01:59:00+00:00,0,down,5099.54,5114.54,-15.0,0.9998078883607013,0.9999309865743088,2,35723,2026-03-13T00:13:00+00:00,5100.5,5119.92,5046.5558,5038.34552,stop_loss
36166,2026-03-15T23:02:00+00:00,2026-03-15T23:03:00+00:00,2026-03-16T00:06:00+00:00,0,down,5013.65,5023.39,-9.740000000000691,0.9999704228100307,0.999982982070296,0,36166,2026-03-15T23:02:00+00:00,5013.65,5021.29,4953.486199999999,4953.486199999999,timeout
36640,2026-03-16T18:03:00+00:00,2026-03-16T18:04:00+00:00,2026-03-16T18:27:00+00:00,0,down,4992.24,5007.24,-15.0,0.9999699873262635,0.999989175100132,1,36644,2026-03-16T18:07:00+00:00,4992.51,5009.58,4936.87792,4932.333119999999,stop_loss
37197,2026-03-18T17:02:00+00:00,2026-03-18T17:03:00+00:00,2026-03-18T18:03:00+00:00,0,down,4889.31,4884.7,4.610000000000582,0.9999076882773376,0.9999269154903612,0,37197,2026-03-18T17:02:00+00:00,4889.3,4889.65,4830.63828,4830.63828,timeout
37271,2026-03-18T18:17:00+00:00,2026-03-18T18:18:00+00:00,2026-03-18T19:38:00+00:00,0,down,4886.3,4858.61,27.69000000000051,0.9999722266361947,0.9999582682649172,0,37271,2026-03-18T18:17:00+00:00,4886.68,4861.27,4827.664400000001,4827.664400000001,timeout
37588,2026-03-19T00:35:00+00:00,2026-03-19T00:36:00+00:00,2026-03-19T01:35:00+00:00,0,down,4845.58,4856.79,-11.210000000000036,0.9999708616684077,0.9999708616684077,0,37588,2026-03-19T00:35:00+00:00,4846.89,4854.32,4787.43304,4787.43304,timeout
37778,2026-03-19T06:47:00+00:00,2026-03-19T06:48:00+00:00,2026-03-19T06:51:00+00:00,2,up,4765.95,4750.95,-15.0,0.9661075171940504,0.9999734170052245,1,37780,2026-03-19T06:49:00+00:00,4765.65,4750.11,4824.48736,4823.1413999999995,stop_loss
37782,2026-03-19T06:51:00+00:00,2026-03-19T06:52:00+00:00,2026-03-19T15:00:00+00:00,2,up,4754.26,4739.26,-15.0,0.9999591323792884,0.9999982095153364,1,37783,2026-03-19T06:52:00+00:00,4753.41,4748.34,4812.54576,4811.31112,stop_loss
37808,2026-03-19T15:17:00+00:00,2026-03-19T15:18:00+00:00,2026-03-19T15:31:00+00:00,2,up,4605.13,4590.13,-15.0,0.987729318050463,0.9873661271344604,1,37809,2026-03-19T15:18:00+00:00,4604.88,4600.96,4661.90956,4660.39156,stop_loss
37843,2026-03-19T15:52:00+00:00,2026-03-19T15:53:00+00:00,2026-03-19T15:56:00+00:00,0,down,4587.95,4602.95,-15.0,0.9999499673836898,0.9368705779951002,2,37846,2026-03-19T15:55:00+00:00,4588.15,4588.15,4535.2658,4532.8946,stop_loss
37847,2026-03-19T15:56:00+00:00,2026-03-19T15:57:00+00:00,2026-03-19T16:07:00+00:00,0,down,4608.52,4623.52,-15.0,0.9999555231014756,0.9998229076760285,0,37847,2026-03-19T15:56:00+00:00,4608.81,4590.1,4553.21776,4553.21776,stop_loss
37858,2026-03-19T16:07:00+00:00,2026-03-19T16:08:00+00:00,2026-03-19T16:10:00+00:00,2,up,4625.13,4610.13,-15.0,0.9141814578382836,0.9988305234640099,0,37858,2026-03-19T16:07:00+00:00,4624.77,4588.6,4680.63156,4680.63156,stop_loss
37861,2026-03-19T16:10:00+00:00,2026-03-19T16:11:00+00:00,2026-03-19T16:25:00+00:00,2,up,4604.94,4609.28,4.3400000000001455,0.9993688736189995,0.9645687005516919,1,37864,2026-03-19T16:13:00+00:00,4604.76,4578.09,4661.97028,4660.19928,reverse_signal
37884,2026-03-19T16:33:00+00:00,2026-03-19T16:34:00+00:00,2026-03-19T17:22:00+00:00,0,down,4595.35,4610.35,-15.0,0.9988245832610047,0.9953934410102004,1,37931,2026-03-19T17:20:00+00:00,4595.48,4607.73,4549.81904,4540.205800000001,stop_loss
37940,2026-03-19T17:29:00+00:00,2026-03-19T17:30:00+00:00,2026-03-19T17:31:00+00:00,0,down,4603.51,4618.51,-15.0,0.9999738953274154,0.9999738953274154,0,37940,2026-03-19T17:29:00+00:00,4603.07,4609.82,4548.26788,4548.26788,stop_loss
37942,2026-03-19T17:31:00+00:00,2026-03-19T17:32:00+00:00,2026-03-19T18:16:00+00:00,0,down,4615.98,4614.62,1.3599999999996726,0.999979869803781,0.999979869803781,0,37942,2026-03-19T17:31:00+00:00,4617.07,4608.26,4560.588239999999,4560.588239999999,reverse_signal
38044,2026-03-19T19:13:00+00:00,2026-03-19T19:14:00+00:00,2026-03-19T19:26:00+00:00,2,up,4650.43,4635.43,-15.0,0.9976398712045828,0.9908200625651852,1,38045,2026-03-19T19:14:00+00:00,4650.29,4654.19,4712.80304,4706.23516,stop_loss
38057,2026-03-19T19:26:00+00:00,2026-03-19T19:27:00+00:00,2026-03-19T20:32:00+00:00,2,up,4637.95,4654.84,16.890000000000327,0.9992462675698718,0.999791231874997,1,38058,2026-03-19T19:27:00+00:00,4637.57,4656.37,4698.33144,4693.6053999999995,timeout
38215,2026-03-19T23:05:00+00:00,2026-03-19T23:06:00+00:00,2026-03-20T00:08:00+00:00,0,down,4643.58,4658.58,-15.0,0.9993710159777165,0.9997147710606648,3,38224,2026-03-19T23:14:00+00:00,4643.87,4662.23,4583.2332,4587.85704,stop_loss
38461,2026-03-20T03:41:00+00:00,2026-03-20T03:42:00+00:00,2026-03-20T04:47:00+00:00,2,up,4730.99,4715.99,-15.0,0.9998576209342325,0.9999603596333713,1,38462,2026-03-20T03:42:00+00:00,4730.71,4719.69,4788.80424,4787.76188,stop_loss
38646,2026-03-20T15:00:00+00:00,2026-03-20T15:01:00+00:00,2026-03-20T15:25:00+00:00,2,up,4568.21,4553.21,-15.0,0.9999707670363326,0.999991800430104,1,38647,2026-03-20T15:01:00+00:00,4568.06,4561.37,4630.0214399999995,4623.02852,stop_loss
38676,2026-03-20T15:30:00+00:00,2026-03-20T15:31:00+00:00,2026-03-20T15:49:00+00:00,2,up,4563.15,4548.15,-15.0,0.999957839808889,0.9999442275408675,1,38679,2026-03-20T15:33:00+00:00,4562.26,4581.96,4628.67548,4617.9078,stop_loss
38719,2026-03-20T16:13:00+00:00,2026-03-20T16:14:00+00:00,2026-03-20T16:31:00+00:00,2,up,4584.96,4569.96,-15.0,0.9936030048539399,0.9936030048539399,0,38719,2026-03-20T16:13:00+00:00,4584.35,4583.33,4639.97952,4639.97952,stop_loss
38773,2026-03-20T17:07:00+00:00,2026-03-20T17:08:00+00:00,2026-03-20T18:07:00+00:00,0,down,4595.28,4575.23,20.050000000000182,0.9999342068346367,0.9999342068346367,0,38773,2026-03-20T17:07:00+00:00,4595.93,4575.23,4540.13664,4540.13664,timeout
38836,2026-03-20T18:10:00+00:00,2026-03-20T18:11:00+00:00,2026-03-20T18:13:00+00:00,0,down,4560.78,4575.78,-15.0,0.9997278128800864,0.9997278128800864,0,38836,2026-03-20T18:10:00+00:00,4561.68,4500.25,4506.0506399999995,4506.0506399999995,stop_loss
38876,2026-03-20T18:50:00+00:00,2026-03-20T18:51:00+00:00,2026-03-20T18:56:00+00:00,0,down,4509.98,4485.85,24.1299999999992,0.9962086583928662,0.9962086583928662,0,38876,2026-03-20T18:50:00+00:00,4510.98,4510.09,4455.86024,4455.86024,reverse_signal
38882,2026-03-20T18:56:00+00:00,2026-03-20T18:57:00+00:00,2026-03-20T20:26:00+00:00,2,up,4486.33,4509.7,23.36999999999989,0.9995146996104184,0.9999969425816411,1,38883,2026-03-20T18:57:00+00:00,4485.15,4504.63,4544.568160000001,4540.16596,timeout
39010,2026-03-22T22:05:00+00:00,2026-03-22T22:06:00+00:00,2026-03-22T22:07:00+00:00,0,down,4490.86,4505.86,-15.0,0.999983718142927,0.9999086077221079,0,39010,2026-03-22T22:05:00+00:00,4492.8,4503.93,4436.969679999999,4436.969679999999,stop_loss
39012,2026-03-22T22:07:00+00:00,2026-03-22T22:08:00+00:00,2026-03-22T22:19:00+00:00,0,down,4503.78,4518.78,-15.0,0.9993820680588423,0.9970081291522183,2,39016,2026-03-22T22:11:00+00:00,4507.44,4492.17,4446.81016,4449.73464,stop_loss
39024,2026-03-22T22:19:00+00:00,2026-03-22T22:20:00+00:00,2026-03-22T22:22:00+00:00,0,down,4513.79,4528.79,-15.0,0.9997150462916292,0.9999633795542738,2,39026,2026-03-22T22:21:00+00:00,4515.17,4489.21,4470.98652,4459.62452,stop_loss
39027,2026-03-22T22:22:00+00:00,2026-03-22T22:23:00+00:00,2026-03-22T23:48:00+00:00,0,down,4523.41,4461.88704,61.52296000000024,0.9997087394035125,0.9999756283055721,4,39037,2026-03-22T22:32:00+00:00,4524.4,4488.3,4461.88704,4469.12908,target_hit
39113,2026-03-22T23:48:00+00:00,2026-03-22T23:49:00+00:00,2026-03-23T00:02:00+00:00,0,down,4461.14,4457.11,4.030000000000655,0.9999275780260074,0.9999886162444761,2,39125,2026-03-23T00:00:00+00:00,4461.41,4345.74,4415.619,4407.606320000001,reverse_signal
39127,2026-03-23T00:02:00+00:00,2026-03-23T00:03:00+00:00,2026-03-23T00:03:00+00:00,2,up,4452.74,4437.74,-15.0,0.9953475435750437,0.9953475435750437,0,39127,2026-03-23T00:02:00+00:00,4452.26,4358.08,4506.17288,4506.17288,stop_loss
39128,2026-03-23T00:03:00+00:00,2026-03-23T00:04:00+00:00,2026-03-23T00:07:00+00:00,0,down,4435.73,4439.44,-3.7100000000000364,0.9999705384312297,0.995892344889602,2,39130,2026-03-23T00:05:00+00:00,4436.08,4391.18,4372.71016,4382.50124,reverse_signal
39132,2026-03-23T00:07:00+00:00,2026-03-23T00:08:00+00:00,2026-03-23T00:10:00+00:00,0,down,4446.41,4440.12,6.289999999999964,0.6729870611781255,0.6729870611781255,0,39132,2026-03-23T00:07:00+00:00,4447.24,4393.94,4393.05308,4393.05308,reverse_signal
39136,2026-03-23T00:11:00+00:00,2026-03-23T00:12:00+00:00,2026-03-23T00:15:00+00:00,2,up,4447.77,4432.77,-15.0,0.9997317699789994,0.9909702600396834,0,39136,2026-03-23T00:11:00+00:00,4447.05,4417.13,4501.14324,4501.14324,stop_loss
39140,2026-03-23T00:15:00+00:00,2026-03-23T00:16:00+00:00,2026-03-23T00:34:00+00:00,2,up,4416.73,4401.73,-15.0,0.9997589540478045,0.9999951258487176,1,39143,2026-03-23T00:18:00+00:00,4415.47,4430.18,4478.494680000001,4469.7307599999995,stop_loss
39159,2026-03-23T00:34:00+00:00,2026-03-23T00:35:00+00:00,2026-03-23T00:35:00+00:00,2,up,4401.88,4386.88,-15.0,0.9999820945044019,0.9999820945044019,0,39159,2026-03-23T00:34:00+00:00,4401.38,4441.25,4454.70256,4454.70256,stop_loss
39160,2026-03-23T00:35:00+00:00,2026-03-23T00:36:00+00:00,2026-03-23T00:36:00+00:00,2,up,4368.17,4353.17,-15.0,0.9999815202912008,0.9999815202912008,0,39160,2026-03-23T00:35:00+00:00,4366.4,4435.29,4420.58804,4420.58804,stop_loss
39161,2026-03-23T00:36:00+00:00,2026-03-23T00:37:00+00:00,2026-03-23T00:37:00+00:00,2,up,4351.05,4336.05,-15.0,0.9999946879035411,0.9999946879035411,0,39161,2026-03-23T00:36:00+00:00,4347.43,4434.51,4403.2626,4403.2626,stop_loss
39162,2026-03-23T00:37:00+00:00,2026-03-23T00:38:00+00:00,2026-03-23T01:30:00+00:00,2,up,4333.07,4401.1374,68.0673999999999,0.9999950510096693,0.9999932700250003,1,39164,2026-03-23T00:39:00+00:00,4331.29,4445.1,4401.1374,4385.0668399999995,target_hit
39191,2026-03-23T01:36:00+00:00,2026-03-23T01:37:00+00:00,2026-03-23T01:48:00+00:00,2,up,4435.13,4420.13,-15.0,0.9999866771351698,0.9999866771351698,0,39191,2026-03-23T01:36:00+00:00,4434.51,4386.91,4488.35156,4488.35156,stop_loss
39203,2026-03-23T01:48:00+00:00,2026-03-23T01:49:00+00:00,2026-03-23T01:56:00+00:00,2,up,4418.64,4403.64,-15.0,0.999816613794277,0.999816613794277,0,39203,2026-03-23T01:48:00+00:00,4417.35,4375.46,4471.663680000001,4471.663680000001,stop_loss
39228,2026-03-23T02:13:00+00:00,2026-03-23T02:14:00+00:00,2026-03-23T02:15:00+00:00,0,down,4391.58,4406.58,-15.0,0.9960859206134347,0.9999775864778468,1,39229,2026-03-23T02:14:00+00:00,4393.35,4349.72,4344.1273200000005,4338.88104,stop_loss
39230,2026-03-23T02:15:00+00:00,2026-03-23T02:16:00+00:00,2026-03-23T02:30:00+00:00,0,down,4408.36,4399.35,9.009999999999309,0.9997465646273463,0.613577328668,2,39232,2026-03-23T02:17:00+00:00,4409.06,4361.59,4354.422280000001,4355.45968,reverse_signal
39245,2026-03-23T02:30:00+00:00,2026-03-23T02:31:00+00:00,2026-03-23T02:40:00+00:00,0,down,4400.67,4374.48,26.19000000000051,0.98620561930833,0.9906532346922073,0,39245,2026-03-23T02:30:00+00:00,4401.61,4359.14,4347.86196,4347.86196,reverse_signal
39260,2026-03-23T02:45:00+00:00,2026-03-23T02:46:00+00:00,2026-03-23T02:53:00+00:00,2,up,4374.85,4359.85,-15.0,0.997574027327232,0.997574027327232,0,39260,2026-03-23T02:45:00+00:00,4373.38,4339.32,4427.3482,4427.3482,stop_loss
39273,2026-03-23T02:58:00+00:00,2026-03-23T02:59:00+00:00,2026-03-23T03:08:00+00:00,0,down,4366.75,4368.9,-2.149999999999636,0.9999912010486288,0.9996861770826355,3,39280,2026-03-23T03:05:00+00:00,4367.67,4364.72,4318.795,4314.349,reverse_signal
39284,2026-03-23T03:09:00+00:00,2026-03-23T03:10:00+00:00,2026-03-23T03:40:00+00:00,2,up,4356.91,4341.91,-15.0,0.8231357083509812,0.9999445038178123,0,39284,2026-03-23T03:09:00+00:00,4355.99,4369.2,4409.1929199999995,4409.1929199999995,stop_loss
39425,2026-03-23T05:30:00+00:00,2026-03-23T05:31:00+00:00,2026-03-23T06:01:00+00:00,0,down,4331.52,4303.44,28.080000000000837,0.9999984179342134,0.8037721649425321,2,39438,2026-03-23T05:43:00+00:00,4331.85,4198.66,4270.83748,4279.54176,reverse_signal
39457,2026-03-23T06:02:00+00:00,2026-03-23T06:03:00+00:00,2026-03-23T06:05:00+00:00,2,up,4294.44,4279.44,-15.0,0.999931174204603,0.9998188029540913,0,39457,2026-03-23T06:02:00+00:00,4293.17,4193.93,4345.973279999999,4345.973279999999,stop_loss
39460,2026-03-23T06:05:00+00:00,2026-03-23T06:06:00+00:00,2026-03-23T06:28:00+00:00,2,up,4279.22,4264.22,-15.0,0.9998526024302461,0.9999874055629835,1,39462,2026-03-23T06:07:00+00:00,4278.21,4162.5,4334.13288,4330.57064,stop_loss
39483,2026-03-23T06:28:00+00:00,2026-03-23T06:29:00+00:00,2026-03-23T06:31:00+00:00,2,up,4252.15,4237.15,-15.0,0.9999874155853228,0.9999958836268702,0,39483,2026-03-23T06:28:00+00:00,4251.31,4135.24,4303.1758,4303.1758,stop_loss
39486,2026-03-23T06:31:00+00:00,2026-03-23T06:32:00+00:00,2026-03-23T06:32:00+00:00,2,up,4244.33,4229.33,-15.0,0.999991815272221,0.999991815272221,0,39486,2026-03-23T06:31:00+00:00,4243.24,4144.54,4295.26196,4295.26196,stop_loss
39487,2026-03-23T06:32:00+00:00,2026-03-23T06:33:00+00:00,2026-03-23T06:43:00+00:00,2,up,4227.32,4212.32,-15.0,0.9999969914151958,0.9999967537547391,1,39488,2026-03-23T06:33:00+00:00,4225.46,4158.54,4278.472879999999,4278.047839999999,stop_loss
39498,2026-03-23T06:43:00+00:00,2026-03-23T06:44:00+00:00,2026-03-23T06:44:00+00:00,2,up,4198.35,4183.35,-15.0,0.999990734205074,0.999990734205074,0,39498,2026-03-23T06:43:00+00:00,4197.21,4200.77,4248.7302,4248.7302,stop_loss
39499,2026-03-23T06:44:00+00:00,2026-03-23T06:45:00+00:00,2026-03-23T06:47:00+00:00,2,up,4183.42,4168.42,-15.0,0.999996304048176,0.9999912508176999,1,39500,2026-03-23T06:45:00+00:00,4181.97,4217.03,4247.4854399999995,4233.62104,stop_loss
39502,2026-03-23T06:47:00+00:00,2026-03-23T06:48:00+00:00,2026-03-23T15:00:00+00:00,2,up,4171.38,4242.21292,70.83291999999983,0.9999963213177363,0.9999952352184757,1,39503,2026-03-23T06:48:00+00:00,4169.49,4222.22,4242.21292,4221.43656,target_hit
39515,2026-03-23T15:00:00+00:00,2026-03-23T15:01:00+00:00,2026-03-23T15:15:00+00:00,2,up,4461.28,4465.05,3.7700000000004366,0.9907828260895102,0.9992539126004,1,39516,2026-03-23T15:01:00+00:00,4460.41,4373.84,4525.06692,4514.81536,reverse_signal
39532,2026-03-23T15:17:00+00:00,2026-03-23T15:18:00+00:00,2026-03-23T15:35:00+00:00,2,up,4440.94,4425.94,-15.0,0.9994631505528346,0.9980950515202168,1,39541,2026-03-23T15:26:00+00:00,4440.69,4363.08,4498.98768,4494.23128,stop_loss
39550,2026-03-23T15:35:00+00:00,2026-03-23T15:36:00+00:00,2026-03-23T15:44:00+00:00,0,down,4426.79,4411.79,15.0,0.9999819860380209,0.9991534351358253,0,39550,2026-03-23T15:35:00+00:00,4426.88,4378.3,4373.66852,4373.66852,reverse_signal
39559,2026-03-23T15:44:00+00:00,2026-03-23T15:45:00+00:00,2026-03-23T15:53:00+00:00,0,down,4407.84,4394.61,13.230000000000473,0.9999464763451669,0.9994183691434105,0,39559,2026-03-23T15:44:00+00:00,4408.75,4386.38,4354.94592,4354.94592,reverse_signal
39569,2026-03-23T15:54:00+00:00,2026-03-23T15:55:00+00:00,2026-03-23T15:56:00+00:00,0,down,4396.32,4371.52,24.799999999999272,0.9992207543496923,0.9992207543496923,0,39569,2026-03-23T15:54:00+00:00,4397.22,4388.3,4343.56416,4343.56416,reverse_signal
39571,2026-03-23T15:56:00+00:00,2026-03-23T15:57:00+00:00,2026-03-23T15:59:00+00:00,2,up,4367.61,4352.61,-15.0,0.9292523843365991,0.9944211931086819,1,39572,2026-03-23T15:57:00+00:00,4366.53,4377.81,4423.3204399999995,4420.02132,stop_loss
39574,2026-03-23T15:59:00+00:00,2026-03-23T16:00:00+00:00,2026-03-23T17:31:00+00:00,2,up,4364.1,4418.6956,54.59559999999965,0.997408088560623,0.9999649339896632,1,39575,2026-03-23T16:00:00+00:00,4363.55,4384.86,4418.6956,4416.4692000000005,target_hit
39771,2026-03-23T19:16:00+00:00,2026-03-23T19:17:00+00:00,2026-03-23T19:31:00+00:00,2,up,4400.22,4410.01,9.789999999999964,0.9983140301944222,0.9982061080938909,1,39772,2026-03-23T19:17:00+00:00,4399.95,4407.08,4457.27304,4453.02264,reverse_signal
39788,2026-03-23T19:33:00+00:00,2026-03-23T19:34:00+00:00,2026-03-23T19:46:00+00:00,0,down,4411.91,4426.91,-15.0,0.9998208388190181,0.9998208388190181,0,39788,2026-03-23T19:33:00+00:00,4412.22,4404.08,4358.967079999999,4358.967079999999,stop_loss
39808,2026-03-23T19:53:00+00:00,2026-03-23T19:54:00+00:00,2026-03-23T22:04:00+00:00,0,down,4410.84,4383.5,27.340000000000146,0.9825735903187527,0.7512918005797958,0,39808,2026-03-23T19:53:00+00:00,4411.12,4408.32,4357.90992,4357.90992,timeout
39891,2026-03-23T22:17:00+00:00,2026-03-23T22:18:00+00:00,2026-03-23T22:27:00+00:00,0,down,4396.38,4411.38,-15.0,0.9999837133462498,0.9996652121899507,6,39900,2026-03-23T22:26:00+00:00,4397.37,4445.65,4351.03344,4343.62344,stop_loss
39906,2026-03-23T22:32:00+00:00,2026-03-23T22:33:00+00:00,2026-03-23T22:52:00+00:00,0,down,4406.42,4421.42,-15.0,0.999993706372331,0.9966331184762695,3,39914,2026-03-23T22:40:00+00:00,4406.74,4425.43,4354.08636,4353.54296,stop_loss
39943,2026-03-23T23:09:00+00:00,2026-03-23T23:10:00+00:00,2026-03-23T23:27:00+00:00,0,down,4432.95,4447.95,-15.0,0.9999893366124707,0.9999893366124707,0,39943,2026-03-23T23:09:00+00:00,4434.0,4433.63,4379.7546,4379.7546,stop_loss
40012,2026-03-24T00:18:00+00:00,2026-03-24T00:19:00+00:00,2026-03-24T00:27:00+00:00,2,up,4407.75,4392.75,-15.0,0.9982546063808696,0.9984469395135714,1,40013,2026-03-24T00:19:00+00:00,4406.9,4345.71,4464.62016,4460.643,stop_loss
40022,2026-03-24T00:28:00+00:00,2026-03-24T00:29:00+00:00,2026-03-24T00:33:00+00:00,0,down,4377.39,4375.96,1.430000000000291,0.999946513944185,0.999946513944185,0,40022,2026-03-24T00:28:00+00:00,4377.71,4362.53,4324.86132,4324.86132,reverse_signal
40028,2026-03-24T00:34:00+00:00,2026-03-24T00:35:00+00:00,2026-03-24T00:42:00+00:00,0,down,4371.95,4347.96,23.98999999999978,0.9972173816048656,0.9980501179601614,0,40028,2026-03-24T00:34:00+00:00,4372.69,4360.71,4319.4866,4319.4866,reverse_signal
40040,2026-03-24T00:46:00+00:00,2026-03-24T00:47:00+00:00,2026-03-24T01:41:00+00:00,2,up,4359.27,4344.27,-15.0,0.9981658049230459,0.9999880712339034,1,40041,2026-03-24T00:47:00+00:00,4358.53,4311.71,4419.24208,4411.58124,stop_loss
40065,2026-03-24T01:41:00+00:00,2026-03-24T01:42:00+00:00,2026-03-24T01:45:00+00:00,2,up,4335.22,4320.22,-15.0,0.9999888910071772,0.9999928280277683,0,40065,2026-03-24T01:41:00+00:00,4334.32,4355.06,4387.24264,4387.24264,stop_loss
40069,2026-03-24T01:45:00+00:00,2026-03-24T01:46:00+00:00,2026-03-24T01:47:00+00:00,2,up,4327.49,4312.49,-15.0,0.9999958855086295,0.9999958855086295,0,40069,2026-03-24T01:45:00+00:00,4326.04,4368.64,4379.4198799999995,4379.4198799999995,stop_loss
40071,2026-03-24T01:47:00+00:00,2026-03-24T01:48:00+00:00,2026-03-24T02:44:00+00:00,2,up,4313.38,4364.23,50.849999999999454,0.9999857094448639,0.9993172985586705,1,40082,2026-03-24T01:58:00+00:00,4311.71,4362.27,4378.24596,4365.14056,reverse_signal
40174,2026-03-24T03:30:00+00:00,2026-03-24T03:31:00+00:00,2026-03-24T04:36:00+00:00,0,down,4353.64,4340.01,13.63000000000011,0.9999924819844591,0.9999716980752835,0,40174,2026-03-24T03:30:00+00:00,4354.44,4343.41,4301.396320000001,4301.396320000001,timeout
40277,2026-03-24T05:13:00+00:00,2026-03-24T05:14:00+00:00,2026-03-24T05:40:00+00:00,0,down,4336.22,4351.22,-15.0,0.8966312716352624,0.9999068269045496,3,40302,2026-03-24T05:38:00+00:00,4337.1,4386.86,4285.73652,4284.18536,stop_loss
40305,2026-03-24T05:41:00+00:00,2026-03-24T05:42:00+00:00,2026-03-24T06:22:00+00:00,0,down,4371.0,4386.0,-15.0,0.9896528477051801,0.9996054710197819,2,40337,2026-03-24T06:13:00+00:00,4372.37,4423.59,4312.2742,4318.548,stop_loss
40346,2026-03-24T06:22:00+00:00,2026-03-24T06:23:00+00:00,2026-03-24T06:44:00+00:00,2,up,4391.12,4376.12,-15.0,0.9998049691193622,0.9898161567738764,0,40346,2026-03-24T06:22:00+00:00,4389.68,4416.14,4443.81344,4443.81344,stop_loss
40386,2026-03-24T15:02:00+00:00,2026-03-24T15:03:00+00:00,2026-03-24T15:10:00+00:00,2,up,4410.46,4395.46,-15.0,0.9873052761760667,0.9910537139441354,0,40386,2026-03-24T15:02:00+00:00,4408.91,4407.75,4463.38552,4463.38552,stop_loss
40394,2026-03-24T15:10:00+00:00,2026-03-24T15:11:00+00:00,2026-03-24T16:10:00+00:00,2,up,4402.84,4410.09,7.25,0.994316844514303,0.994316844514303,0,40394,2026-03-24T15:10:00+00:00,4401.97,4410.09,4455.67408,4455.67408,timeout
40470,2026-03-24T16:26:00+00:00,2026-03-24T16:27:00+00:00,2026-03-24T18:36:00+00:00,0,down,4420.04,4419.19,0.8500000000003638,0.9999508237044779,0.9998807879228244,3,40511,2026-03-24T17:07:00+00:00,4421.4,4390.95,4349.25504,4366.99952,timeout
40646,2026-03-24T19:22:00+00:00,2026-03-24T19:23:00+00:00,2026-03-24T20:22:00+00:00,0,down,4406.66,4421.66,-15.0,0.9999954356355294,0.9999956510222682,2,40651,2026-03-24T19:27:00+00:00,4406.84,4461.34,4356.6848,4353.7800799999995,stop_loss
40707,2026-03-24T20:23:00+00:00,2026-03-24T20:24:00+00:00,2026-03-24T20:24:00+00:00,0,down,4436.23,4451.23,-15.0,0.9999975599283023,0.9999975599283023,0,40707,2026-03-24T20:23:00+00:00,4436.36,4479.37,4382.995239999999,4382.995239999999,stop_loss
40708,2026-03-24T20:24:00+00:00,2026-03-24T20:25:00+00:00,2026-03-24T20:25:00+00:00,0,down,4463.8,4478.8,-15.0,0.9999981185223277,0.9999981185223277,0,40708,2026-03-24T20:24:00+00:00,4464.12,4473.16,4410.2344,4410.2344,stop_loss
40710,2026-03-24T20:26:00+00:00,2026-03-24T20:27:00+00:00,2026-03-24T20:37:00+00:00,0,down,4480.64,4468.7,11.94000000000051,0.999996283818287,0.9999758649476546,0,40710,2026-03-24T20:26:00+00:00,4481.26,4477.48,4426.87232,4426.87232,reverse_signal
40721,2026-03-24T20:37:00+00:00,2026-03-24T20:38:00+00:00,2026-03-24T20:41:00+00:00,2,up,4466.28,4463.01,-3.269999999999527,0.8979292877886906,0.6503081994321618,1,40722,2026-03-24T20:38:00+00:00,4465.69,4463.92,4524.01444,4519.87536,reverse_signal
40725,2026-03-24T20:41:00+00:00,2026-03-24T20:42:00+00:00,2026-03-24T23:04:00+00:00,2,up,4455.58,4474.68,19.100000000000364,0.9874902742385407,0.9997631349593123,1,40728,2026-03-24T20:44:00+00:00,4455.66,4470.36,4513.206279999999,4509.04696,timeout
40852,2026-03-24T23:49:00+00:00,2026-03-24T23:50:00+00:00,2026-03-25T00:52:00+00:00,2,up,4550.2,4563.77,13.570000000000618,0.9998670803852835,0.9994643037466304,0,40852,2026-03-24T23:49:00+00:00,4548.87,4564.67,4604.8024,4604.8024,timeout
41020,2026-03-25T03:07:00+00:00,2026-03-25T03:08:00+00:00,2026-03-25T04:42:00+00:00,0,down,4576.12,4572.99,3.130000000000109,0.9999818548355642,0.9999679467594152,0,41020,2026-03-25T03:07:00+00:00,4577.27,4570.95,4521.20656,4521.20656,timeout
41244,2026-03-25T15:29:00+00:00,2026-03-25T15:30:00+00:00,2026-03-25T18:01:00+00:00,0,down,4560.68,4557.09,3.5900000000001455,0.9999549073257477,0.999939375274692,9,41254,2026-03-25T15:39:00+00:00,4560.96,4559.56,4503.78812,4505.951840000001,timeout
41356,2026-03-25T18:03:00+00:00,2026-03-25T18:04:00+00:00,2026-03-25T20:13:00+00:00,0,down,4548.62,4527.88,20.73999999999978,0.999982809111742,0.9996195350279169,7,41421,2026-03-25T19:08:00+00:00,4549.03,4531.25,4462.46996,4494.03656,timeout
41651,2026-03-25T23:59:00+00:00,2026-03-26T00:00:00+00:00,2026-03-26T00:02:00+00:00,0,down,4498.28,4513.28,-15.0,0.999749857452317,0.999749857452317,0,41651,2026-03-25T23:59:00+00:00,4499.3,4535.8,4444.3006399999995,4444.3006399999995,stop_loss
41659,2026-03-26T00:07:00+00:00,2026-03-26T00:08:00+00:00,2026-03-26T00:16:00+00:00,0,down,4516.2,4531.2,-15.0,0.9999579532843821,0.9998098472035314,2,41666,2026-03-26T00:14:00+00:00,4517.08,4539.24,4473.387360000001,4462.0055999999995,stop_loss
41746,2026-03-26T02:04:00+00:00,2026-03-26T02:05:00+00:00,2026-03-26T03:12:00+00:00,0,down,4533.36,4507.27,26.089999999999236,0.9999762100468796,0.9999383554394566,0,41746,2026-03-26T02:04:00+00:00,4534.25,4505.29,4478.95968,4478.95968,timeout
41878,2026-03-26T05:30:00+00:00,2026-03-26T05:31:00+00:00,2026-03-26T05:59:00+00:00,0,down,4488.05,4446.3,41.75,0.9997572247662294,0.7871346401373006,2,41893,2026-03-26T05:45:00+00:00,4488.34,4450.07,4423.77988,4434.1934,reverse_signal
41907,2026-03-26T05:59:00+00:00,2026-03-26T06:00:00+00:00,2026-03-26T06:06:00+00:00,2,up,4439.91,4424.91,-15.0,0.9999227368430794,0.999990953324643,1,41908,2026-03-26T06:00:00+00:00,4438.97,4457.23,4499.8074,4493.18892,stop_loss
41914,2026-03-26T06:06:00+00:00,2026-03-26T06:07:00+00:00,2026-03-26T07:22:00+00:00,2,up,4425.98,4465.38,39.400000000000546,0.9999898863270301,0.999998368914753,1,41915,2026-03-26T06:07:00+00:00,4425.7,4445.04,4489.41416,4479.091759999999,timeout
41977,2026-03-26T15:09:00+00:00,2026-03-26T15:10:00+00:00,2026-03-26T15:33:00+00:00,2,up,4454.83,4439.83,-15.0,0.9956337180048358,0.9956337180048358,0,41977,2026-03-26T15:09:00+00:00,4454.31,4439.77,4508.28796,4508.28796,stop_loss
42012,2026-03-26T15:44:00+00:00,2026-03-26T15:45:00+00:00,2026-03-26T16:24:00+00:00,0,down,4439.82,4403.78,36.039999999999964,0.9999904395030631,0.9998250682625838,0,42012,2026-03-26T15:44:00+00:00,4440.52,4382.25,4386.54216,4386.54216,reverse_signal
42058,2026-03-26T16:30:00+00:00,2026-03-26T16:31:00+00:00,2026-03-26T16:38:00+00:00,2,up,4387.36,4372.36,-15.0,0.999673572528524,0.9999738927914041,1,42060,2026-03-26T16:32:00+00:00,4386.35,4379.52,4440.44348,4440.00832,stop_loss
42069,2026-03-26T16:41:00+00:00,2026-03-26T16:42:00+00:00,2026-03-26T17:47:00+00:00,2,up,4381.98,4388.31,6.330000000000837,0.9999620990193084,0.999982009253246,1,42073,2026-03-26T16:45:00+00:00,4380.52,4386.33,4436.608,4434.56376,timeout
42178,2026-03-26T18:30:00+00:00,2026-03-26T18:31:00+00:00,2026-03-26T18:40:00+00:00,0,down,4378.73,4393.73,-15.0,0.9999951802861745,0.9999951802861745,0,42178,2026-03-26T18:30:00+00:00,4379.53,4383.21,4326.18524,4326.18524,stop_loss
42188,2026-03-26T18:40:00+00:00,2026-03-26T18:41:00+00:00,2026-03-26T20:13:00+00:00,0,down,4393.95,4408.95,-15.0,0.9999497768035949,0.9999833516317775,2,42233,2026-03-26T19:25:00+00:00,4394.24,4400.25,4331.60936,4341.2226,stop_loss
42281,2026-03-26T20:13:00+00:00,2026-03-26T20:14:00+00:00,2026-03-26T20:33:00+00:00,0,down,4409.14,4405.39,3.75,0.9765181022806873,0.9803682790942014,3,42292,2026-03-26T20:24:00+00:00,4410.85,4400.6,4348.21764,4356.230320000001,reverse_signal
42302,2026-03-26T20:34:00+00:00,2026-03-26T20:35:00+00:00,2026-03-26T20:39:00+00:00,0,down,4401.15,4416.15,-15.0,0.8040491588925767,0.8040491588925767,0,42302,2026-03-26T20:34:00+00:00,4401.48,4407.37,4348.3362,4348.3362,stop_loss
42309,2026-03-26T20:41:00+00:00,2026-03-26T20:42:00+00:00,2026-03-26T20:49:00+00:00,2,up,4413.31,4398.31,-15.0,0.9994280224549407,0.9994280224549407,0,42309,2026-03-26T20:41:00+00:00,4412.59,4413.84,4466.26972,4466.26972,stop_loss
42320,2026-03-26T20:52:00+00:00,2026-03-26T20:53:00+00:00,2026-03-26T22:05:00+00:00,0,down,4379.06,4394.06,-15.0,0.9962240748001059,0.9994278877121101,0,42320,2026-03-26T20:52:00+00:00,4380.14,4413.36,4326.511280000001,4326.511280000001,stop_loss
42332,2026-03-26T22:05:00+00:00,2026-03-26T22:06:00+00:00,2026-03-26T22:15:00+00:00,0,down,4394.41,4409.41,-15.0,0.9999755579873179,0.9999755579873179,0,42332,2026-03-26T22:05:00+00:00,4395.46,4397.62,4341.6770799999995,4341.6770799999995,stop_loss
42342,2026-03-26T22:15:00+00:00,2026-03-26T22:16:00+00:00,2026-03-26T22:46:00+00:00,0,down,4402.83,4417.83,-15.0,0.9999085692989398,0.9999810948584354,3,42347,2026-03-26T22:20:00+00:00,4404.87,4398.95,4351.784320000001,4349.99604,stop_loss
42425,2026-03-26T23:38:00+00:00,2026-03-26T23:39:00+00:00,2026-03-27T01:25:00+00:00,0,down,4406.8,4405.61,1.1900000000005093,0.9999952704228106,0.9999907536266981,0,42425,2026-03-26T23:38:00+00:00,4407.75,4389.22,4353.9184000000005,4353.9184000000005,timeout
42729,2026-03-27T05:35:00+00:00,2026-03-27T05:36:00+00:00,2026-03-27T06:44:00+00:00,0,down,4464.9,4465.25,-0.3500000000003638,0.9999850601759208,0.9999351872304028,3,42738,2026-03-27T05:44:00+00:00,4464.87,4465.25,4412.2202800000005,4411.321199999999,timeout
42814,2026-03-27T15:00:00+00:00,2026-03-27T15:01:00+00:00,2026-03-27T16:31:00+00:00,2,up,4507.85,4523.64,15.789999999999964,0.9972027727421868,0.9983917120934536,1,42817,2026-03-27T15:03:00+00:00,4506.98,4526.87,4567.409,4561.944200000001,timeout
42949,2026-03-27T17:15:00+00:00,2026-03-27T17:16:00+00:00,2026-03-27T18:15:00+00:00,0,down,4504.5,4505.47,-0.9700000000002547,0.9996577402139257,0.9996577402139257,0,42949,2026-03-27T17:15:00+00:00,4504.69,4505.47,4450.446,4450.446,timeout
43132,2026-03-27T20:18:00+00:00,2026-03-27T20:19:00+00:00,2026-03-29T22:22:00+00:00,0,down,4508.37,4507.86,0.5100000000002183,0.9998611878370619,0.9992951654662175,2,43181,2026-03-29T22:08:00+00:00,4508.61,4475.95,4432.82996,4454.26956,reverse_signal
43196,2026-03-29T22:23:00+00:00,2026-03-29T22:24:00+00:00,2026-03-29T22:44:00+00:00,2,up,4506.23,4491.23,-15.0,0.9538430813047869,0.9538430813047869,0,43196,2026-03-29T22:23:00+00:00,4505.2,4473.84,4560.30476,4560.30476,stop_loss
43293,2026-03-30T00:00:00+00:00,2026-03-30T00:01:00+00:00,2026-03-30T00:20:00+00:00,0,down,4434.55,4446.99,-12.4399999999996,0.9974670111520979,0.9974670111520979,0,43293,2026-03-30T00:00:00+00:00,4435.25,4443.84,4381.3354,4381.3354,reverse_signal
43314,2026-03-30T00:21:00+00:00,2026-03-30T00:22:00+00:00,2026-03-30T00:29:00+00:00,2,up,4461.59,4446.59,-15.0,0.9999878561957147,0.9999892460665762,0,43314,2026-03-30T00:21:00+00:00,4460.55,4463.33,4515.12908,4515.12908,stop_loss
43488,2026-03-30T03:45:00+00:00,2026-03-30T03:46:00+00:00,2026-03-30T04:20:00+00:00,2,up,4501.7,4486.7,-15.0,0.9995778652965688,0.9999510450228805,1,43493,2026-03-30T03:50:00+00:00,4500.92,4490.7,4558.7058,4555.7204,stop_loss
43726,2026-03-30T15:43:00+00:00,2026-03-30T15:44:00+00:00,2026-03-30T16:43:00+00:00,0,down,4552.47,4546.78,5.690000000000509,0.999998630582127,0.999998630582127,0,43726,2026-03-30T15:43:00+00:00,4552.75,4546.78,4497.84036,4497.84036,timeout
44078,2026-03-30T23:06:00+00:00,2026-03-30T23:07:00+00:00,2026-03-30T23:43:00+00:00,0,down,4504.13,4519.13,-15.0,0.9999858864302117,0.9999867207134941,0,44078,2026-03-30T23:06:00+00:00,4505.55,4525.77,4450.08044,4450.08044,stop_loss
44147,2026-03-31T00:15:00+00:00,2026-03-31T00:16:00+00:00,2026-03-31T00:37:00+00:00,0,down,4510.3,4525.3,-15.0,0.9999660275550672,0.999983228067584,3,44161,2026-03-31T00:29:00+00:00,4511.26,4582.05,4458.47844,4456.1764,stop_loss
44169,2026-03-31T00:37:00+00:00,2026-03-31T00:38:00+00:00,2026-03-31T00:44:00+00:00,0,down,4518.24,4533.24,-15.0,0.9976997183905626,0.9976997183905626,0,44169,2026-03-31T00:37:00+00:00,4519.29,4580.25,4464.021119999999,4464.021119999999,stop_loss
44180,2026-03-31T00:48:00+00:00,2026-03-31T00:49:00+00:00,2026-03-31T01:30:00+00:00,0,down,4535.04,4550.04,-15.0,0.9999782563458889,0.9999349280537483,3,44189,2026-03-31T00:57:00+00:00,4536.31,4603.45,4487.268760000001,4480.61952,stop_loss
44195,2026-03-31T01:33:00+00:00,2026-03-31T01:34:00+00:00,2026-03-31T02:48:00+00:00,2,up,4586.75,4571.75,-15.0,0.9999451451814809,0.9976267586618551,1,44215,2026-03-31T01:53:00+00:00,4585.61,4575.82,4666.4332,4641.791,stop_loss
44308,2026-03-31T03:26:00+00:00,2026-03-31T03:27:00+00:00,2026-03-31T04:26:00+00:00,0,down,4562.12,4562.66,-0.5399999999999636,0.9999882125568588,0.9999882125568588,0,44308,2026-03-31T03:26:00+00:00,4563.08,4562.66,4507.37456,4507.37456,timeout
44600,2026-03-31T16:42:00+00:00,2026-03-31T16:43:00+00:00,2026-03-31T17:05:00+00:00,0,down,4646.55,4648.36,-1.8099999999994907,0.9999711944217247,0.9999463402140731,0,44600,2026-03-31T16:42:00+00:00,4646.93,4661.45,4590.7914,4590.7914,reverse_signal
44625,2026-03-31T17:07:00+00:00,2026-03-31T17:08:00+00:00,2026-03-31T17:26:00+00:00,0,down,4646.01,4645.88,0.13000000000010914,0.9998250062552555,0.9998250062552555,0,44625,2026-03-31T17:07:00+00:00,4646.56,4659.79,4590.25788,4590.25788,reverse_signal
44819,2026-03-31T20:21:00+00:00,2026-03-31T20:22:00+00:00,2026-03-31T22:38:00+00:00,0,down,4676.22,4691.22,-15.0,0.9978747143407034,0.9997353964074926,0,44819,2026-03-31T20:21:00+00:00,4676.98,4669.62,4620.1053600000005,4620.1053600000005,stop_loss
44868,2026-03-31T22:38:00+00:00,2026-03-31T22:39:00+00:00,2026-03-31T23:50:00+00:00,0,down,4692.56,4691.33,1.230000000000473,0.9999299023542121,0.9999694131988831,0,44868,2026-03-31T22:38:00+00:00,4692.84,4688.5,4636.24928,4636.24928,timeout
44949,2026-03-31T23:59:00+00:00,2026-04-01T00:00:00+00:00,2026-04-01T00:59:00+00:00,2,up,4696.52,4710.88,14.359999999999673,0.9994953312657814,0.9994953312657814,0,44949,2026-03-31T23:59:00+00:00,4696.2,4710.88,4752.87824,4752.87824,timeout
45039,2026-04-01T01:59:00+00:00,2026-04-01T02:00:00+00:00,2026-04-01T03:04:00+00:00,0,down,4692.69,4685.38,7.309999999999491,0.9998902568127479,0.9999087026889979,1,45044,2026-04-01T02:04:00+00:00,4693.72,4685.38,4639.72704,4636.3777199999995,timeout
45568,2026-04-01T22:29:00+00:00,2026-04-01T22:30:00+00:00,2026-04-01T23:06:00+00:00,0,down,4771.99,4786.99,-15.0,0.9999532482692015,0.9999532482692015,0,45568,2026-04-01T22:29:00+00:00,4773.31,4795.69,4714.726119999999,4714.726119999999,stop_loss
45719,2026-04-02T01:30:00+00:00,2026-04-02T01:31:00+00:00,2026-04-02T01:32:00+00:00,2,up,4685.81,4670.81,-15.0,0.9728466231821907,0.9761771999950379,0,45719,2026-04-02T01:30:00+00:00,4685.54,4686.04,4742.039720000001,4742.039720000001,stop_loss
45721,2026-04-02T01:32:00+00:00,2026-04-02T01:33:00+00:00,2026-04-02T03:14:00+00:00,2,up,4664.74,4689.72,24.980000000000473,0.9814579845672928,0.9999968158587245,1,45723,2026-04-02T01:34:00+00:00,4662.44,4670.3,4738.46736,4720.71688,timeout
45836,2026-04-02T03:27:00+00:00,2026-04-02T03:28:00+00:00,2026-04-02T05:18:00+00:00,0,down,4696.74,4672.42,24.31999999999971,0.9144652369533459,0.9999962549544452,0,45836,2026-04-02T03:27:00+00:00,4697.62,4668.37,4640.37912,4640.37912,timeout
45976,2026-04-02T05:47:00+00:00,2026-04-02T05:48:00+00:00,2026-04-02T05:54:00+00:00,0,down,4608.9,4606.65,2.25,0.9996048132257156,0.9882026494673158,2,45978,2026-04-02T05:49:00+00:00,4609.21,4599.66,4537.22204,4553.593199999999,reverse_signal
45984,2026-04-02T05:55:00+00:00,2026-04-02T05:56:00+00:00,2026-04-02T06:02:00+00:00,2,up,4600.21,4585.21,-15.0,0.9694142141338346,0.9728316369139411,0,45984,2026-04-02T05:55:00+00:00,4599.49,4598.37,4655.41252,4655.41252,stop_loss
45991,2026-04-02T06:02:00+00:00,2026-04-02T06:03:00+00:00,2026-04-02T06:07:00+00:00,2,up,4589.51,4574.51,-15.0,0.6292550685455689,0.8469008644403081,0,45991,2026-04-02T06:02:00+00:00,4588.2,4600.25,4644.58412,4644.58412,stop_loss
45996,2026-04-02T06:07:00+00:00,2026-04-02T06:08:00+00:00,2026-04-02T06:08:00+00:00,2,up,4577.03,4562.03,-15.0,0.9454196746746871,0.9454196746746871,0,45996,2026-04-02T06:07:00+00:00,4575.66,4607.71,4631.95436,4631.95436,stop_loss
45997,2026-04-02T06:08:00+00:00,2026-04-02T06:09:00+00:00,2026-04-02T15:00:00+00:00,2,up,4567.86,4630.64888,62.78888000000006,0.9998733023801675,0.9999975288723366,1,46002,2026-04-02T06:13:00+00:00,4567.08,4616.08,4630.64888,4622.67432,target_hit
46130,2026-04-02T16:21:00+00:00,2026-04-02T16:22:00+00:00,2026-04-02T16:36:00+00:00,0,down,4650.71,4665.71,-15.0,0.9999954565513482,0.9999887335094824,1,46131,2026-04-02T16:22:00+00:00,4651.62,4662.34,4600.73068,4594.90148,stop_loss
46201,2026-04-02T17:32:00+00:00,2026-04-02T17:33:00+00:00,2026-04-02T18:41:00+00:00,0,down,4649.67,4664.67,-15.0,0.999997612922276,0.9998105806007559,3,46250,2026-04-02T18:21:00+00:00,4650.5,4668.71,4600.602239999999,4593.87396,stop_loss
46387,2026-04-05T22:03:00+00:00,2026-04-05T22:04:00+00:00,2026-04-05T22:46:00+00:00,0,down,4633.93,4648.93,-15.0,0.9999902310450833,0.9966935685330557,2,46401,2026-04-05T22:17:00+00:00,4637.34,4632.06,4585.84152,4578.322840000001,stop_loss
46433,2026-04-05T22:49:00+00:00,2026-04-05T22:50:00+00:00,2026-04-05T22:54:00+00:00,2,up,4643.38,4628.38,-15.0,0.9999297788793774,0.9999297788793774,0,46433,2026-04-05T22:49:00+00:00,4641.18,4612.7,4699.10056,4699.10056,stop_loss
46441,2026-04-05T22:57:00+00:00,2026-04-05T22:58:00+00:00,2026-04-05T23:12:00+00:00,2,up,4643.07,4628.07,-15.0,0.9998685281124271,0.9999648208148652,1,46445,2026-04-05T23:01:00+00:00,4640.34,4613.49,4699.869680000001,4698.78684,stop_loss
46509,2026-04-06T00:05:00+00:00,2026-04-06T00:06:00+00:00,2026-04-06T00:08:00+00:00,0,down,4618.93,4623.8,-4.869999999999891,0.9748715885541483,0.9748715885541483,0,46509,2026-04-06T00:05:00+00:00,4620.8,4633.99,4563.50284,4563.50284,reverse_signal
46564,2026-04-06T01:30:00+00:00,2026-04-06T01:31:00+00:00,2026-04-06T02:14:00+00:00,2,up,4633.16,4638.77,5.610000000000582,0.9967616997777367,0.9967616997777367,0,46564,2026-04-06T01:30:00+00:00,4631.84,4664.53,4688.75792,4688.75792,reverse_signal
46617,2026-04-06T02:23:00+00:00,2026-04-06T02:24:00+00:00,2026-04-06T03:23:00+00:00,0,down,4668.78,4629.78,39.0,0.9999028621151411,0.9999028621151411,0,46617,2026-04-06T02:23:00+00:00,4669.75,4629.78,4612.75464,4612.75464,timeout
46923,2026-04-06T15:29:00+00:00,2026-04-06T15:30:00+00:00,2026-04-06T16:40:00+00:00,0,down,4666.96,4664.61,2.350000000000364,0.9999415989651058,0.9999928494637607,2,46932,2026-04-06T15:38:00+00:00,4667.97,4668.34,4599.44628,4610.95648,timeout
47016,2026-04-06T17:14:00+00:00,2026-04-06T17:15:00+00:00,2026-04-06T18:55:00+00:00,0,down,4653.29,4653.37,-0.07999999999992724,0.9999054606111495,0.9998803006249842,10,47057,2026-04-06T17:55:00+00:00,4654.28,4649.84,4597.99392,4597.45052,timeout
47121,2026-04-07T01:51:00+00:00,2026-04-07T01:52:00+00:00,2026-04-07T01:58:00+00:00,0,down,4631.17,4625.31,5.859999999999673,0.9923611755654886,0.9996898802734598,0,47121,2026-04-07T01:51:00+00:00,4631.6,4651.32,4575.59596,4575.59596,reverse_signal
47276,2026-04-07T05:26:00+00:00,2026-04-07T05:27:00+00:00,2026-04-07T06:43:00+00:00,0,down,4638.7,4653.7,-15.0,0.9996884975552753,0.9999650059863396,2,47293,2026-04-07T05:43:00+00:00,4640.17,4653.53,4579.51832,4583.0356,stop_loss
47452,2026-04-07T16:22:00+00:00,2026-04-07T16:23:00+00:00,2026-04-07T17:21:00+00:00,2,up,4659.78,4653.78,-6.0,0.997537379182185,0.997537379182185,0,47452,2026-04-07T16:22:00+00:00,4659.02,4655.96,4715.69736,4715.69736,reverse_signal
47557,2026-04-07T18:07:00+00:00,2026-04-07T18:08:00+00:00,2026-04-07T18:55:00+00:00,2,up,4677.89,4662.89,-15.0,0.999970058694019,0.9999848191966247,1,47558,2026-04-07T18:08:00+00:00,4676.98,4664.17,4734.15624,4734.02468,stop_loss
47633,2026-04-07T19:23:00+00:00,2026-04-07T19:24:00+00:00,2026-04-07T19:45:00+00:00,0,down,4685.55,4700.55,-15.0,0.9999884879447806,0.9976623606667565,3,47644,2026-04-07T19:34:00+00:00,4686.57,4711.45,4630.281760000001,4629.3234,stop_loss
47656,2026-04-07T19:46:00+00:00,2026-04-07T19:47:00+00:00,2026-04-07T20:48:00+00:00,0,down,4713.27,4711.05,2.2200000000002547,0.9997304648397624,0.9999401597200911,0,47656,2026-04-07T19:46:00+00:00,4714.33,4711.55,4656.710760000001,4656.710760000001,timeout
47775,2026-04-07T22:46:00+00:00,2026-04-07T22:47:00+00:00,2026-04-07T22:49:00+00:00,0,down,4767.92,4765.38,2.5399999999999636,0.9999802836890862,0.9999802836890862,0,47775,2026-04-07T22:46:00+00:00,4769.26,4813.21,4710.70496,4710.70496,reverse_signal
47785,2026-04-07T22:56:00+00:00,2026-04-07T22:57:00+00:00,2026-04-08T00:17:00+00:00,2,up,4809.55,4831.8,22.25,0.9997558555255404,0.9998215461849931,1,47792,2026-04-07T23:03:00+00:00,4808.63,4845.22,4878.91272,4867.2646,timeout
47912,2026-04-08T01:33:00+00:00,2026-04-08T01:34:00+00:00,2026-04-08T01:50:00+00:00,0,down,4797.57,4812.57,-15.0,0.9999887961105308,0.9999887961105308,0,47912,2026-04-08T01:33:00+00:00,4798.54,4814.14,4739.999159999999,4739.999159999999,stop_loss
47950,2026-04-08T02:11:00+00:00,2026-04-08T02:12:00+00:00,2026-04-08T02:56:00+00:00,2,up,4815.72,4800.72,-15.0,0.9999854558019328,0.9989172533051015,1,47951,2026-04-08T02:12:00+00:00,4814.75,4801.3,4874.824240000001,4873.50864,stop_loss
48102,2026-04-08T05:31:00+00:00,2026-04-08T05:32:00+00:00,2026-04-08T05:50:00+00:00,0,down,4818.2,4833.2,-15.0,0.9999529839166476,0.9999529839166476,0,48102,2026-04-08T05:31:00+00:00,4818.52,4830.51,4760.3816,4760.3816,stop_loss
48284,2026-04-08T16:33:00+00:00,2026-04-08T16:34:00+00:00,2026-04-08T17:43:00+00:00,0,down,4756.87,4742.23,14.640000000000327,0.9999935585008946,0.999994373907469,1,48294,2026-04-08T16:43:00+00:00,4757.31,4742.23,4701.76356,4699.78756,timeout
48365,2026-04-08T18:18:00+00:00,2026-04-08T18:19:00+00:00,2026-04-08T19:25:00+00:00,0,down,4724.86,4713.42,11.4399999999996,0.9993403379423793,0.9872912471413139,3,48372,2026-04-08T18:25:00+00:00,4726.33,4713.42,4665.45456,4668.161679999999,timeout
48689,2026-04-09T02:03:00+00:00,2026-04-09T02:04:00+00:00,2026-04-09T03:22:00+00:00,0,down,4723.81,4707.47,16.340000000000146,0.9995938214215091,0.9995735223092768,4,48708,2026-04-09T02:22:00+00:00,4724.31,4707.47,4669.4263200000005,4667.12428,timeout
48781,2026-04-09T03:35:00+00:00,2026-04-09T03:36:00+00:00,2026-04-09T04:44:00+00:00,0,down,4713.22,4721.14,-7.920000000000073,0.9997224572415042,0.9920782168628638,1,48790,2026-04-09T03:44:00+00:00,4713.46,4721.14,4658.429880000001,4656.66136,timeout
48887,2026-04-09T15:34:00+00:00,2026-04-09T15:35:00+00:00,2026-04-09T15:52:00+00:00,0,down,4791.94,4786.01,5.9299999999993815,0.999911787607173,0.999911787607173,0,48887,2026-04-09T15:34:00+00:00,4792.46,4794.64,4734.43672,4734.43672,reverse_signal
49110,2026-04-10T02:05:00+00:00,2026-04-10T02:06:00+00:00,2026-04-10T03:05:00+00:00,0,down,4757.01,4755.16,1.8500000000003638,0.9998679669795588,0.9998679669795588,0,49110,2026-04-10T02:05:00+00:00,4757.33,4755.16,4699.92588,4699.92588,timeout
