signal_idx,ts,entry_time,exit_time,pred,side,entry_price,exit_price,pnl,entry_signal_prob,last_signal_prob,target_updates,last_target_signal_idx,last_target_time,signal_ts_close,update_ts_close,last_target_price,entry_target_price,exit_reason
1529,2025-12-01T15:01:00+00:00,2025-12-01T15:02:00+00:00,2025-12-01T15:22:00+00:00,0,down,4242.2,4220.989,21.21100000000024,0.974053987007657,0.974053987007657,0,1529,2025-12-01T15:01:00+00:00,4242.49,4228.28,4220.989,4220.989,target_hit
1550,2025-12-01T15:22:00+00:00,2025-12-01T15:23:00+00:00,2025-12-01T15:37:00+00:00,0,down,4219.97,4234.97,-15.0,0.8550703265998414,0.9898658267890237,6,1560,2025-12-01T15:32:00+00:00,4220.08,4231.81,4205.4272,4198.870150000001,stop_loss
1565,2025-12-01T15:37:00+00:00,2025-12-01T15:38:00+00:00,2025-12-01T16:02:00+00:00,0,down,4232.29,4234.84,-2.550000000000182,0.9905925637381501,0.9905925637381501,0,1565,2025-12-01T15:37:00+00:00,4232.97,4234.84,4211.12855,4211.12855,timeout
2188,2025-12-03T15:03:00+00:00,2025-12-03T15:04:00+00:00,2025-12-03T15:28:00+00:00,0,down,4212.35,4221.42,-9.069999999999709,0.638341785026401,0.638341785026401,0,2188,2025-12-03T15:03:00+00:00,4212.63,4221.42,4191.2882500000005,4191.2882500000005,timeout
2810,2025-12-05T16:15:00+00:00,2025-12-05T16:16:00+00:00,2025-12-05T17:05:00+00:00,0,down,4207.08,4217.51,-10.430000000000291,0.6512934197345241,0.9953976138407433,2,2812,2025-12-05T16:17:00+00:00,4207.19,4210.14,4182.582,4186.0446,timeout
3364,2025-12-10T19:31:00+00:00,2025-12-10T19:32:00+00:00,2025-12-10T19:58:00+00:00,0,down,4200.38,4215.38,-15.0,0.9971881883049549,0.9959974785480136,3,3369,2025-12-10T19:36:00+00:00,4200.65,4214.92,4175.82595,4179.3781,stop_loss
3393,2025-12-10T20:00:00+00:00,2025-12-10T20:01:00+00:00,2025-12-10T20:07:00+00:00,0,down,4211.46,4226.46,-15.0,0.9971061747900829,0.9906814673647928,2,3397,2025-12-10T20:04:00+00:00,4211.92,4232.85,4202.8004,4190.4027,stop_loss
4034,2025-12-12T15:19:00+00:00,2025-12-12T15:20:00+00:00,2025-12-12T15:25:00+00:00,0,down,4326.36,4304.7282,21.631800000000112,0.9894966646645802,0.9906681497077462,0,4034,2025-12-12T15:19:00+00:00,4326.37,4317.64,4304.7282,4304.7282,target_hit
4040,2025-12-12T15:25:00+00:00,2025-12-12T15:26:00+00:00,2025-12-12T15:59:00+00:00,0,down,4309.18,4283.7735,25.40650000000005,0.9911850801258817,0.9544592926099134,3,4043,2025-12-12T15:28:00+00:00,4309.55,4303.44,4283.7735,4287.6341,target_hit
4074,2025-12-12T15:59:00+00:00,2025-12-12T16:00:00+00:00,2025-12-12T16:40:00+00:00,0,down,4289.89,4262.8984,26.99160000000029,0.916393569690638,0.6188054565157115,2,4076,2025-12-12T16:01:00+00:00,4290.79,4287.16,4262.8984,4268.44055,target_hit
5482,2025-12-18T16:15:00+00:00,2025-12-18T16:16:00+00:00,2025-12-18T16:22:00+00:00,0,down,4366.16,4371.92,-5.760000000000218,0.5836302560387159,0.5836302560387159,0,5482,2025-12-18T16:15:00+00:00,4366.39,4367.74,4344.3292,4344.3292,reverse_signal
5489,2025-12-18T16:22:00+00:00,2025-12-18T16:23:00+00:00,2025-12-18T16:47:00+00:00,0,down,4369.62,4368.18,1.4399999999995998,0.7082045525254745,0.7082045525254745,0,5489,2025-12-18T16:22:00+00:00,4369.84,4368.18,4347.7719,4347.7719,timeout
7896,2025-12-29T00:16:00+00:00,2025-12-29T00:17:00+00:00,2025-12-29T00:23:00+00:00,0,down,4519.33,4496.7333499999995,22.59665000000041,0.7846245536013975,0.7340183189023766,0,7896,2025-12-29T00:16:00+00:00,4519.43,4502.12,4496.7333499999995,4496.7333499999995,target_hit
7903,2025-12-29T00:23:00+00:00,2025-12-29T00:24:00+00:00,2025-12-29T00:30:00+00:00,0,down,4495.5,4473.0225,22.477499999999964,0.5656545256929499,0.6005499324736234,0,7903,2025-12-29T00:23:00+00:00,4495.79,4504.84,4473.0225,4473.0225,target_hit
7912,2025-12-29T00:32:00+00:00,2025-12-29T00:33:00+00:00,2025-12-29T00:37:00+00:00,0,down,4487.84,4502.84,-15.0,0.566334786161248,0.6489474642097992,3,7916,2025-12-29T00:36:00+00:00,4488.39,4499.55,4478.86315,4465.4008,stop_loss
7918,2025-12-29T00:38:00+00:00,2025-12-29T00:39:00+00:00,2025-12-29T01:07:00+00:00,0,down,4494.3,4502.13,-7.829999999999927,0.6117451496714235,0.5658999210576344,4,7922,2025-12-29T00:42:00+00:00,4494.53,4506.31,4479.101949999999,4471.8285000000005,timeout
8125,2025-12-29T15:00:00+00:00,2025-12-29T15:01:00+00:00,2025-12-29T15:06:00+00:00,2,up,4351.77,4336.77,-15.0,0.977651572154443,0.9372631173978955,0,8125,2025-12-29T15:00:00+00:00,4351.46,4323.35,4373.528850000001,4373.528850000001,stop_loss
8131,2025-12-29T15:06:00+00:00,2025-12-29T15:07:00+00:00,2025-12-29T15:21:00+00:00,2,up,4335.86,4320.86,-15.0,0.845226234964508,0.6751659296651541,1,8134,2025-12-29T15:09:00+00:00,4335.25,4328.01,4365.2979,4357.5392999999995,stop_loss
8146,2025-12-29T15:21:00+00:00,2025-12-29T15:22:00+00:00,2025-12-29T16:05:00+00:00,2,up,4317.25,4336.45,19.199999999999818,0.5506002196266074,0.9897954286703399,1,8152,2025-12-29T15:27:00+00:00,4316.81,4327.08,4347.4692000000005,4338.83625,reverse_signal
8190,2025-12-29T16:05:00+00:00,2025-12-29T16:06:00+00:00,2025-12-29T16:51:00+00:00,0,down,4330.75,4338.46,-7.710000000000036,0.937492274887796,0.9430912131226983,4,8211,2025-12-29T16:26:00+00:00,4331.06,4338.46,4311.3748,4309.09625,timeout
8247,2025-12-29T17:02:00+00:00,2025-12-29T17:03:00+00:00,2025-12-29T17:51:00+00:00,0,down,4338.85,4324.04,14.8100000000004,0.9438163302256518,0.9199798963566586,2,8250,2025-12-29T17:05:00+00:00,4339.12,4326.94,4314.9966,4317.155750000001,timeout
8424,2025-12-29T23:11:00+00:00,2025-12-29T23:12:00+00:00,2025-12-29T23:36:00+00:00,0,down,4343.34,4333.3,10.039999999999964,0.7136986888347109,0.7136986888347109,0,8424,2025-12-29T23:11:00+00:00,4343.62,4333.3,4321.6233,4321.6233,timeout
8519,2025-12-30T00:46:00+00:00,2025-12-30T00:47:00+00:00,2025-12-30T01:24:00+00:00,0,down,4341.66,4334.87,6.789999999999964,0.8807665097934907,0.6233470455307437,0,8519,2025-12-30T00:46:00+00:00,4341.94,4336.51,4319.9517,4319.9517,timeout
8806,2025-12-30T15:00:00+00:00,2025-12-30T15:01:00+00:00,2025-12-30T15:53:00+00:00,0,down,4370.58,4368.49,2.0900000000001455,0.8876548951573641,0.987739321171169,2,8813,2025-12-30T15:07:00+00:00,4370.62,4367.54,4348.6077000000005,4348.7271,timeout
9017,2025-12-30T20:00:00+00:00,2025-12-30T20:01:00+00:00,2025-12-30T20:41:00+00:00,0,down,4347.72,4351.64,-3.9200000000000728,0.8642565906593754,0.9622530721758837,2,9033,2025-12-30T20:16:00+00:00,4348.12,4351.64,4328.777349999999,4325.981400000001,timeout
9357,2025-12-31T03:32:00+00:00,2025-12-31T03:33:00+00:00,2025-12-31T04:02:00+00:00,0,down,4351.85,4346.18,5.670000000000073,0.9661108492413005,0.8507951470369478,1,9362,2025-12-31T03:37:00+00:00,4352.16,4346.18,4330.538500000001,4330.09075,timeout
9488,2025-12-31T05:50:00+00:00,2025-12-31T05:51:00+00:00,2025-12-31T05:55:00+00:00,0,down,4303.37,4281.85315,21.516849999999977,0.6038387641761693,0.5550579943433356,0,9488,2025-12-31T05:50:00+00:00,4303.71,4296.51,4281.85315,4281.85315,target_hit
9494,2025-12-31T05:56:00+00:00,2025-12-31T05:57:00+00:00,2025-12-31T06:11:00+00:00,0,down,4286.11,4301.11,-15.0,0.5583758872308309,0.6486986909350037,2,9499,2025-12-31T06:01:00+00:00,4286.11,4300.64,4257.575150000001,4264.67945,stop_loss
9511,2025-12-31T06:13:00+00:00,2025-12-31T06:14:00+00:00,2025-12-31T06:39:00+00:00,2,up,4299.32,4314.18,14.860000000000582,0.6974064449114625,0.8366268717117433,0,9511,2025-12-31T06:13:00+00:00,4298.91,4313.33,4320.8166,4320.8166,timeout
10120,2026-01-02T15:04:00+00:00,2026-01-02T15:05:00+00:00,2026-01-02T15:52:00+00:00,0,down,4342.21,4339.62,2.5900000000001455,0.9926898612648807,0.9480314554090395,2,10126,2026-01-02T15:10:00+00:00,4342.32,4340.85,4319.94175,4320.49895,timeout
10500,2026-01-05T01:30:00+00:00,2026-01-05T01:31:00+00:00,2026-01-05T01:55:00+00:00,0,down,4396.27,4398.42,-2.149999999999636,0.5858406024228386,0.5858406024228386,0,10500,2026-01-05T01:30:00+00:00,4396.78,4398.42,4374.28865,4374.28865,timeout
11630,2026-01-07T15:05:00+00:00,2026-01-07T15:06:00+00:00,2026-01-07T16:02:00+00:00,0,down,4443.44,4446.64,-3.2000000000007276,0.635226698156574,0.9717703340882953,1,11662,2026-01-07T15:37:00+00:00,4443.65,4446.64,4427.10325,4421.2228,timeout
12096,2026-01-08T15:02:00+00:00,2026-01-08T15:03:00+00:00,2026-01-08T15:10:00+00:00,0,down,4431.73,4446.73,-15.0,0.9949411536020057,0.9832269104313665,3,12101,2026-01-08T15:07:00+00:00,4432.01,4452.19,4418.108450000001,4409.571349999999,stop_loss
12104,2026-01-08T15:10:00+00:00,2026-01-08T15:11:00+00:00,2026-01-08T15:41:00+00:00,0,down,4447.58,4452.7,-5.119999999999891,0.9454623607960019,0.6159361542351557,2,12106,2026-01-08T15:12:00+00:00,4447.71,4448.84,4424.59585,4425.3421,timeout
13127,2026-01-12T15:02:00+00:00,2026-01-12T15:03:00+00:00,2026-01-12T15:27:00+00:00,0,down,4611.84,4618.89,-7.050000000000182,0.8695873799641953,0.8695873799641953,0,13127,2026-01-12T15:02:00+00:00,4612.1,4618.89,4588.7808,4588.7808,timeout
14424,2026-01-14T15:11:00+00:00,2026-01-14T15:12:00+00:00,2026-01-14T15:41:00+00:00,0,down,4612.84,4620.48,-7.639999999999418,0.9875040846936389,0.9031481914124069,2,14429,2026-01-14T15:16:00+00:00,4613.23,4620.48,4597.536800000001,4589.7758,timeout
14853,2026-01-15T01:31:00+00:00,2026-01-15T01:32:00+00:00,2026-01-15T01:44:00+00:00,0,down,4586.74,4601.74,-15.0,0.9963923642227975,0.9987488541759771,1,14860,2026-01-15T01:38:00+00:00,4587.03,4602.34,4575.2289,4563.8063,stop_loss
14872,2026-01-15T01:50:00+00:00,2026-01-15T01:51:00+00:00,2026-01-15T02:15:00+00:00,0,down,4602.29,4612.05,-9.760000000000218,0.9650769764378048,0.9650769764378048,0,14872,2026-01-15T01:50:00+00:00,4602.56,4612.05,4579.27855,4579.27855,timeout
15506,2026-01-16T15:25:00+00:00,2026-01-16T15:26:00+00:00,2026-01-16T15:30:00+00:00,0,down,4587.02,4564.084900000001,22.935099999999693,0.634353800699641,0.7953002980796489,0,15506,2026-01-16T15:25:00+00:00,4587.33,4566.57,4564.084900000001,4564.084900000001,target_hit
15511,2026-01-16T15:30:00+00:00,2026-01-16T15:31:00+00:00,2026-01-16T15:34:00+00:00,0,down,4563.75,4540.93125,22.818750000000364,0.9961211401142414,0.997913611661296,0,15511,2026-01-16T15:30:00+00:00,4564.07,4573.79,4540.93125,4540.93125,target_hit
15515,2026-01-16T15:34:00+00:00,2026-01-16T15:35:00+00:00,2026-01-16T15:45:00+00:00,0,down,4544.5,4559.5,-15.0,0.9933585839058228,0.9834378092163283,10,15525,2026-01-16T15:44:00+00:00,4544.79,4586.64,4532.5832,4521.7775,stop_loss
15526,2026-01-16T15:45:00+00:00,2026-01-16T15:46:00+00:00,2026-01-16T16:03:00+00:00,0,down,4563.04,4578.04,-15.0,0.9979143279848921,0.9966829534481123,7,15533,2026-01-16T15:52:00+00:00,4563.33,4588.92,4538.18505,4540.2248,stop_loss
15561,2026-01-16T16:20:00+00:00,2026-01-16T16:21:00+00:00,2026-01-16T16:45:00+00:00,0,down,4588.88,4596.67,-7.789999999999964,0.9970219184782795,0.9970219184782795,0,15561,2026-01-16T16:20:00+00:00,4589.02,4596.67,4565.9356,4565.9356,timeout
15709,2026-01-18T23:03:00+00:00,2026-01-18T23:04:00+00:00,2026-01-18T23:22:00+00:00,2,up,4648.3,4671.5415,23.241500000000087,0.552831485014839,0.552831485014839,0,15709,2026-01-18T23:03:00+00:00,4646.65,4682.76,4671.5415,4671.5415,target_hit
15737,2026-01-18T23:31:00+00:00,2026-01-18T23:32:00+00:00,2026-01-19T00:12:00+00:00,0,down,4684.0,4668.61,15.390000000000327,0.7666725615132468,0.8320042649107378,2,15739,2026-01-18T23:33:00+00:00,4685.8,4674.53,4657.754199999999,4660.58,timeout
16725,2026-01-21T15:00:00+00:00,2026-01-21T15:01:00+00:00,2026-01-21T15:20:00+00:00,0,down,4856.14,4828.963849999999,27.176150000001144,0.954384493719159,0.946591821176087,10,16741,2026-01-21T15:16:00+00:00,4856.28,4839.07,4828.963849999999,4831.8593,target_hit
16745,2026-01-21T15:20:00+00:00,2026-01-21T15:21:00+00:00,2026-01-21T15:39:00+00:00,0,down,4830.55,4845.55,-15.0,0.9491993351859319,0.990709176354988,10,16763,2026-01-21T15:38:00+00:00,4830.52,4847.41,4819.8198,4806.39725,stop_loss
16764,2026-01-21T15:39:00+00:00,2026-01-21T15:40:00+00:00,2026-01-21T15:57:00+00:00,0,down,4839.24,4854.24,-15.0,0.9898794788134683,0.6272525834727876,2,16766,2026-01-21T15:41:00+00:00,4839.56,4849.76,4814.87465,4815.0437999999995,stop_loss
16837,2026-01-21T16:52:00+00:00,2026-01-21T16:53:00+00:00,2026-01-21T17:17:00+00:00,0,down,4824.73,4820.6,4.1299999999992,0.6439918820207602,0.6439918820207602,0,16837,2026-01-21T16:52:00+00:00,4825.01,4820.6,4800.60635,4800.60635,timeout
16871,2026-01-21T17:26:00+00:00,2026-01-21T17:27:00+00:00,2026-01-21T18:06:00+00:00,0,down,4818.04,4827.86,-9.819999999999709,0.9977247508633985,0.9952049174436933,0,16871,2026-01-21T17:26:00+00:00,4818.16,4819.88,4793.9498,4793.9498,timeout
16995,2026-01-21T19:30:00+00:00,2026-01-21T19:31:00+00:00,2026-01-21T19:37:00+00:00,0,down,4802.93,4778.91535,24.014650000000074,0.5661592702064423,0.5661592702064423,0,16995,2026-01-21T19:30:00+00:00,4802.55,4773.35,4778.91535,4778.91535,target_hit
17002,2026-01-21T19:37:00+00:00,2026-01-21T19:38:00+00:00,2026-01-21T20:15:00+00:00,0,down,4777.36,4792.36,-15.0,0.55960714020206,0.9486768106059341,2,17004,2026-01-21T19:39:00+00:00,4777.46,4775.8,4750.1499,4753.473199999999,stop_loss
17040,2026-01-21T20:15:00+00:00,2026-01-21T20:16:00+00:00,2026-01-21T20:50:00+00:00,2,up,4789.96,4823.0754,33.11539999999968,0.6393972223933149,0.6542609567114674,1,17045,2026-01-21T20:20:00+00:00,4789.63,4818.18,4823.0754,4813.9098,target_hit
17082,2026-01-21T20:57:00+00:00,2026-01-21T20:58:00+00:00,2026-01-21T21:26:00+00:00,2,up,4824.35,4835.91,11.55999999999949,0.8049229176827726,0.6535021074108702,0,17082,2026-01-21T20:57:00+00:00,4824.7,4837.66,4848.471750000001,4848.471750000001,timeout
17116,2026-01-21T21:31:00+00:00,2026-01-21T21:32:00+00:00,2026-01-21T21:59:00+00:00,2,up,4835.33,4832.65,-2.680000000000291,0.9912087351718281,0.967682015873703,0,17116,2026-01-21T21:31:00+00:00,4835.02,4829.87,4859.50665,4859.50665,timeout
17175,2026-01-21T23:31:00+00:00,2026-01-21T23:32:00+00:00,2026-01-22T00:09:00+00:00,0,down,4801.05,4790.97,10.079999999999927,0.9728216008886194,0.7933720962122159,0,17175,2026-01-21T23:31:00+00:00,4801.53,4790.41,4777.04475,4777.04475,timeout
17249,2026-01-22T00:45:00+00:00,2026-01-22T00:46:00+00:00,2026-01-22T01:14:00+00:00,2,up,4792.2,4797.22,5.020000000000437,0.9864740447805098,0.9815387323085478,0,17249,2026-01-22T00:45:00+00:00,4792.05,4787.15,4816.161,4816.161,timeout
17354,2026-01-22T03:00:00+00:00,2026-01-22T03:01:00+00:00,2026-01-22T03:19:00+00:00,0,down,4786.72,4789.74,-3.019999999999527,0.9637498832024723,0.9637498832024723,0,17354,2026-01-22T03:00:00+00:00,4787.14,4792.4,4762.7864,4762.7864,reverse_signal
17373,2026-01-22T03:19:00+00:00,2026-01-22T03:20:00+00:00,2026-01-22T03:54:00+00:00,2,up,4787.07,4794.71,7.640000000000327,0.9110968032497117,0.7933844530845202,1,17383,2026-01-22T03:29:00+00:00,4786.85,4794.71,4816.723800000001,4811.005349999999,timeout
17917,2026-01-22T21:44:00+00:00,2026-01-22T21:45:00+00:00,2026-01-22T23:10:00+00:00,2,up,4939.34,4957.21,17.86999999999989,0.5577410727034074,0.5577410727034074,0,17917,2026-01-22T21:44:00+00:00,4939.01,4957.21,4964.036700000001,4964.036700000001,timeout
18699,2026-01-25T23:03:00+00:00,2026-01-25T23:04:00+00:00,2026-01-25T23:05:00+00:00,2,up,5025.48,5010.48,-15.0,0.9249608662130033,0.907956367337972,0,18699,2026-01-25T23:03:00+00:00,5023.2,5014.04,5050.6074,5050.6074,stop_loss
18701,2026-01-25T23:05:00+00:00,2026-01-25T23:06:00+00:00,2026-01-25T23:16:00+00:00,2,up,5007.87,5020.1,12.230000000000473,0.8912215649419954,0.7431485663072649,1,18703,2026-01-25T23:07:00+00:00,5005.67,5025.51,5038.869000000001,5032.90935,reverse_signal
18712,2026-01-25T23:16:00+00:00,2026-01-25T23:17:00+00:00,2026-01-25T23:54:00+00:00,0,down,5024.6,5039.6,-15.0,0.8921799045402767,0.8936551265619764,2,18714,2026-01-25T23:18:00+00:00,5026.9,5028.22,4998.3825,4999.477000000001,stop_loss
18826,2026-01-26T01:40:00+00:00,2026-01-26T01:41:00+00:00,2026-01-26T02:17:00+00:00,0,down,5076.01,5076.2,-0.18999999999959982,0.964478672658376,0.9335796664530461,3,18838,2026-01-26T01:52:00+00:00,5076.35,5076.2,5049.99315,5050.6299500000005,timeout
19063,2026-01-26T05:37:00+00:00,2026-01-26T05:38:00+00:00,2026-01-26T05:53:00+00:00,0,down,5059.87,5074.87,-15.0,0.9924345617992857,0.9924345617992857,0,19063,2026-01-26T05:37:00+00:00,5059.91,5077.04,5034.57065,5034.57065,stop_loss
19236,2026-01-26T16:30:00+00:00,2026-01-26T16:31:00+00:00,2026-01-26T16:58:00+00:00,0,down,5078.72,5093.72,-15.0,0.9911301707810367,0.8959309607102168,2,19240,2026-01-26T16:34:00+00:00,5079.03,5089.73,5050.05285,5053.3264,stop_loss
19365,2026-01-26T18:39:00+00:00,2026-01-26T18:40:00+00:00,2026-01-26T19:02:00+00:00,0,down,5068.42,5054.94825,13.471749999999702,0.987460654710082,0.9788851270191737,6,19379,2026-01-26T18:53:00+00:00,5068.56,5044.05,5054.94825,5043.0779,target_hit
19393,2026-01-26T19:07:00+00:00,2026-01-26T19:08:00+00:00,2026-01-26T19:20:00+00:00,0,down,5060.11,5034.80945,25.30054999999993,0.8023867217961069,0.8365479895212448,0,19393,2026-01-26T19:07:00+00:00,5060.44,5039.53,5034.80945,5034.80945,target_hit
19406,2026-01-26T19:20:00+00:00,2026-01-26T19:21:00+00:00,2026-01-26T19:48:00+00:00,0,down,5034.17,5021.62,12.550000000000182,0.9520113512766618,0.7467744361357587,2,19413,2026-01-26T19:27:00+00:00,5034.3,5023.6,5005.3276,5008.99915,reverse_signal
19434,2026-01-26T19:48:00+00:00,2026-01-26T19:49:00+00:00,2026-01-26T20:05:00+00:00,2,up,5012.68,5042.83875,30.1587499999996,0.9213649949304963,0.7077418075182862,1,19435,2026-01-26T19:49:00+00:00,5012.39,5050.07,5042.83875,5037.7434,target_hit
19455,2026-01-26T20:09:00+00:00,2026-01-26T20:10:00+00:00,2026-01-26T21:15:00+00:00,2,up,5042.31,5033.77,-8.539999999999964,0.6638559723292714,0.6374859175985085,1,19460,2026-01-26T20:14:00+00:00,5042.2,5040.71,5075.32035,5067.52155,reverse_signal
19521,2026-01-26T21:15:00+00:00,2026-01-26T21:16:00+00:00,2026-01-26T21:21:00+00:00,2,up,5033.12,5018.12,-15.0,0.8172900635869058,0.822444612775303,1,19524,2026-01-26T21:18:00+00:00,5032.83,5011.24,5058.436350000001,5058.2856,stop_loss
19527,2026-01-26T21:21:00+00:00,2026-01-26T21:22:00+00:00,2026-01-26T21:32:00+00:00,2,up,5022.58,5007.58,-15.0,0.8774497341754002,0.836812079466859,1,19534,2026-01-26T21:28:00+00:00,5022.25,5010.77,5048.145149999999,5047.6929,stop_loss
19538,2026-01-26T21:32:00+00:00,2026-01-26T21:33:00+00:00,2026-01-26T23:01:00+00:00,0,down,5007.27,5022.27,-15.0,0.5617106482752577,0.5923159716347465,3,19556,2026-01-26T21:50:00+00:00,5007.43,5044.19,4988.7110999999995,4982.23365,stop_loss
19567,2026-01-26T23:02:00+00:00,2026-01-26T23:03:00+00:00,2026-01-26T23:08:00+00:00,0,down,5021.72,5036.72,-15.0,0.6840165609771958,0.8613315708025128,4,19571,2026-01-26T23:06:00+00:00,5021.98,5043.56,5010.03395,4996.611400000001,stop_loss
19580,2026-01-26T23:15:00+00:00,2026-01-26T23:16:00+00:00,2026-01-26T23:40:00+00:00,2,up,5043.35,5051.72,8.36999999999989,0.9110712385644871,0.9110712385644871,0,19580,2026-01-26T23:15:00+00:00,5043.04,5051.72,5068.56675,5068.56675,timeout
19685,2026-01-27T01:30:00+00:00,2026-01-27T01:31:00+00:00,2026-01-27T02:23:00+00:00,0,down,5070.05,5067.33,2.7200000000002547,0.9474618617044651,0.7913705315643711,0,19685,2026-01-27T01:30:00+00:00,5070.21,5063.97,5044.69975,5044.69975,timeout
19952,2026-01-27T15:00:00+00:00,2026-01-27T15:01:00+00:00,2026-01-27T15:03:00+00:00,0,down,5051.88,5066.88,-15.0,0.5709761223818537,0.6445663332146584,2,19954,2026-01-27T15:02:00+00:00,5051.9,5071.77,5037.31685,5026.6206,stop_loss
19955,2026-01-27T15:03:00+00:00,2026-01-27T15:04:00+00:00,2026-01-27T15:37:00+00:00,0,down,5066.81,5081.81,-15.0,0.6844322889875674,0.8372257697600616,2,19958,2026-01-27T15:06:00+00:00,5067.03,5075.03,5039.6949,5041.47595,stop_loss
20183,2026-01-27T20:04:00+00:00,2026-01-27T20:05:00+00:00,2026-01-27T20:20:00+00:00,2,up,5119.15,5146.404,27.254000000000815,0.7955129623493274,0.6346288658939081,1,20184,2026-01-27T20:05:00+00:00,5118.88,5145.59,5146.404,5144.74575,target_hit
20200,2026-01-27T20:21:00+00:00,2026-01-27T20:22:00+00:00,2026-01-27T20:47:00+00:00,0,down,5144.25,5159.25,-15.0,0.5619443587049728,0.5736356629989481,2,20210,2026-01-27T20:31:00+00:00,5144.5,5169.52,5117.67305,5118.52875,stop_loss
20226,2026-01-27T20:47:00+00:00,2026-01-27T20:48:00+00:00,2026-01-27T20:48:00+00:00,0,down,5154.46,5169.46,-15.0,0.6545018267428484,0.6545018267428484,0,20226,2026-01-27T20:47:00+00:00,5153.42,5175.46,5128.6877,5128.6877,stop_loss
20227,2026-01-27T20:48:00+00:00,2026-01-27T20:49:00+00:00,2026-01-27T20:55:00+00:00,0,down,5163.84,5178.84,-15.0,0.7057730448149093,0.6226792169830132,1,20232,2026-01-27T20:53:00+00:00,5164.17,5177.14,5147.7917,5138.0208,stop_loss
20234,2026-01-27T20:55:00+00:00,2026-01-27T20:56:00+00:00,2026-01-27T21:24:00+00:00,0,down,5179.54,5174.24,5.300000000000182,0.7794197763009878,0.7625383719081896,2,20238,2026-01-27T20:59:00+00:00,5179.63,5174.24,5151.542850000001,5153.6422999999995,timeout
20375,2026-01-28T00:17:00+00:00,2026-01-28T00:18:00+00:00,2026-01-28T00:42:00+00:00,0,down,5162.13,5166.54,-4.4099999999998545,0.6944935441645741,0.6944935441645741,0,20375,2026-01-28T00:17:00+00:00,5162.46,5166.54,5136.31935,5136.31935,timeout
20450,2026-01-28T02:02:00+00:00,2026-01-28T02:03:00+00:00,2026-01-28T02:27:00+00:00,0,down,5208.08,5220.04,-11.960000000000036,0.7679540432422515,0.7679540432422515,0,20450,2026-01-28T02:02:00+00:00,5208.66,5220.04,5182.0396,5182.0396,timeout
20524,2026-01-28T03:16:00+00:00,2026-01-28T03:17:00+00:00,2026-01-28T03:41:00+00:00,0,down,5242.21,5226.88,15.329999999999927,0.9928805299636128,0.9928805299636128,0,20524,2026-01-28T03:16:00+00:00,5242.5,5226.88,5215.99895,5215.99895,timeout
20601,2026-01-28T04:33:00+00:00,2026-01-28T04:34:00+00:00,2026-01-28T05:10:00+00:00,0,down,5239.31,5254.31,-15.0,0.9555553165122963,0.9064077161992237,2,20614,2026-01-28T04:46:00+00:00,5239.6,5255.05,5212.0886,5213.113450000001,stop_loss
20638,2026-01-28T05:10:00+00:00,2026-01-28T05:11:00+00:00,2026-01-28T06:09:00+00:00,0,down,5255.93,5257.11,-1.1799999999993815,0.8765588683750449,0.981039907694495,5,20660,2026-01-28T05:32:00+00:00,5256.24,5263.49,5228.8643,5229.65035,timeout
20748,2026-01-28T15:00:00+00:00,2026-01-28T15:01:00+00:00,2026-01-28T15:07:00+00:00,0,down,5294.04,5268.6643,25.375699999999597,0.9907811810189947,0.9751266855620192,3,20754,2026-01-28T15:06:00+00:00,5294.42,5273.87,5268.6643,5267.5698,target_hit
20755,2026-01-28T15:07:00+00:00,2026-01-28T15:08:00+00:00,2026-01-28T15:24:00+00:00,0,down,5259.72,5274.72,-15.0,0.9772238884251818,0.8843897022113568,2,20765,2026-01-28T15:17:00+00:00,5259.98,5279.86,5221.19285,5233.4214,stop_loss
20773,2026-01-28T15:25:00+00:00,2026-01-28T15:26:00+00:00,2026-01-28T15:41:00+00:00,0,down,5268.22,5283.22,-15.0,0.8528082931169209,0.5818074831502753,5,20781,2026-01-28T15:33:00+00:00,5268.71,5280.55,5244.93355,5241.878900000001,stop_loss
20794,2026-01-28T15:46:00+00:00,2026-01-28T15:47:00+00:00,2026-01-28T16:03:00+00:00,2,up,5276.51,5277.82,1.3099999999994907,0.5749232149901425,0.5614081992442704,1,20807,2026-01-28T15:59:00+00:00,5276.25,5286.32,5304.80205,5302.8925500000005,reverse_signal
20913,2026-01-28T17:45:00+00:00,2026-01-28T17:46:00+00:00,2026-01-28T17:57:00+00:00,0,down,5288.95,5303.95,-15.0,0.8983037738514625,0.989238189478385,7,20923,2026-01-28T17:55:00+00:00,5289.47,5313.85,5275.9676,5262.50525,stop_loss
20926,2026-01-28T17:58:00+00:00,2026-01-28T17:59:00+00:00,2026-01-28T18:20:00+00:00,0,down,5299.78,5314.78,-15.0,0.9755709275872634,0.8866413777159844,0,20926,2026-01-28T17:58:00+00:00,5300.04,5323.48,5273.2811,5273.2811,stop_loss
20949,2026-01-28T18:21:00+00:00,2026-01-28T18:22:00+00:00,2026-01-28T18:29:00+00:00,2,up,5320.14,5305.14,-15.0,0.6466527438504378,0.8245754066195157,1,20951,2026-01-28T18:23:00+00:00,5319.8,5275.48,5349.7959,5346.7407,stop_loss
20957,2026-01-28T18:29:00+00:00,2026-01-28T18:30:00+00:00,2026-01-28T18:30:00+00:00,2,up,5308.39,5293.39,-15.0,0.644194925761209,0.644194925761209,0,20957,2026-01-28T18:29:00+00:00,5305.41,5275.44,5334.93195,5334.93195,stop_loss
20958,2026-01-28T18:30:00+00:00,2026-01-28T18:31:00+00:00,2026-01-28T19:37:00+00:00,0,down,5290.68,5305.68,-15.0,0.8524205592255535,0.9708132648476102,15,21014,2026-01-28T19:26:00+00:00,5290.96,5314.49,5259.04265,5264.2266,stop_loss
21030,2026-01-28T19:42:00+00:00,2026-01-28T19:43:00+00:00,2026-01-28T19:56:00+00:00,0,down,5306.17,5321.17,-15.0,0.9482310319612579,0.97584294659243,2,21032,2026-01-28T19:44:00+00:00,5306.87,5332.3,5284.45495,5279.63915,stop_loss
21044,2026-01-28T19:56:00+00:00,2026-01-28T19:57:00+00:00,2026-01-28T20:06:00+00:00,0,down,5323.95,5338.95,-15.0,0.6160938559734029,0.9632086896893276,6,21052,2026-01-28T20:04:00+00:00,5324.03,5354.8,5305.68825,5297.33025,stop_loss
21061,2026-01-28T20:13:00+00:00,2026-01-28T20:14:00+00:00,2026-01-28T20:25:00+00:00,0,down,5327.75,5342.75,-15.0,0.6442229423918719,0.5822658056025019,4,21072,2026-01-28T20:24:00+00:00,5327.78,5389.06,5312.026400000001,5301.11125,stop_loss
21073,2026-01-28T20:25:00+00:00,2026-01-28T20:26:00+00:00,2026-01-28T20:30:00+00:00,0,down,5344.42,5359.42,-15.0,0.5782804873795406,0.5782804873795406,0,21073,2026-01-28T20:25:00+00:00,5344.56,5387.62,5317.6979,5317.6979,stop_loss
21079,2026-01-28T20:31:00+00:00,2026-01-28T20:32:00+00:00,2026-01-28T20:42:00+00:00,2,up,5357.27,5385.28245,28.012449999999262,0.5664867104681295,0.5801534876594685,1,21080,2026-01-28T20:32:00+00:00,5357.95,5376.58,5385.28245,5384.056350000001,target_hit
21094,2026-01-28T20:46:00+00:00,2026-01-28T20:47:00+00:00,2026-01-28T21:36:00+00:00,0,down,5383.37,5385.2,-1.8299999999999272,0.9101262994032832,0.7186111007097682,5,21099,2026-01-28T20:51:00+00:00,5383.63,5382.12,5354.66215,5356.45315,timeout
21184,2026-01-28T23:17:00+00:00,2026-01-28T23:18:00+00:00,2026-01-28T23:30:00+00:00,0,down,5483.78,5498.78,-15.0,0.9089253624964935,0.9954054729637901,4,21196,2026-01-28T23:29:00+00:00,5484.13,5487.9,5462.947999999999,5456.3611,stop_loss
21197,2026-01-28T23:30:00+00:00,2026-01-28T23:31:00+00:00,2026-01-28T23:35:00+00:00,0,down,5495.55,5510.55,-15.0,0.7936267265781146,0.8145226514350985,2,21201,2026-01-28T23:34:00+00:00,5495.91,5513.85,5474.0522,5468.07225,stop_loss
21202,2026-01-28T23:35:00+00:00,2026-01-28T23:36:00+00:00,2026-01-28T23:37:00+00:00,0,down,5511.29,5526.29,-15.0,0.9170296447021788,0.8753295572388465,1,21203,2026-01-28T23:36:00+00:00,5511.62,5463.85,5492.70845,5483.73355,stop_loss
21204,2026-01-28T23:37:00+00:00,2026-01-28T23:38:00+00:00,2026-01-28T23:38:00+00:00,0,down,5543.46,5558.46,-15.0,0.8512479953910761,0.8512479953910761,0,21204,2026-01-28T23:37:00+00:00,5546.68,5485.85,5515.7427,5515.7427,stop_loss
21205,2026-01-28T23:38:00+00:00,2026-01-28T23:39:00+00:00,2026-01-28T23:39:00+00:00,0,down,5566.65,5581.65,-15.0,0.8693858692039038,0.8693858692039038,0,21205,2026-01-28T23:38:00+00:00,5569.45,5491.3,5538.81675,5538.81675,stop_loss
21206,2026-01-28T23:39:00+00:00,2026-01-28T23:40:00+00:00,2026-01-28T23:41:00+00:00,0,down,5586.96,5559.0252,27.934799999999996,0.9208669389843114,0.88052411270866,0,21206,2026-01-28T23:39:00+00:00,5590.45,5486.3,5559.0252,5559.0252,target_hit
21208,2026-01-28T23:41:00+00:00,2026-01-28T23:42:00+00:00,2026-01-28T23:44:00+00:00,0,down,5569.7,5541.8515,27.848500000000058,0.8406479432970506,0.7614915414384968,0,21208,2026-01-28T23:41:00+00:00,5572.3,5496.65,5541.8515,5541.8515,target_hit
21211,2026-01-28T23:44:00+00:00,2026-01-28T23:45:00+00:00,2026-01-28T23:49:00+00:00,0,down,5531.3,5503.6435,27.65650000000005,0.7699375744837952,0.567608951046568,0,21211,2026-01-28T23:44:00+00:00,5531.73,5505.35,5503.6435,5503.6435,target_hit
21216,2026-01-28T23:49:00+00:00,2026-01-28T23:50:00+00:00,2026-01-28T23:56:00+00:00,0,down,5496.75,5511.75,-15.0,0.5560044024249994,0.6610446715189533,3,21222,2026-01-28T23:55:00+00:00,5497.55,5472.23,5467.37575,5469.26625,stop_loss
21224,2026-01-28T23:57:00+00:00,2026-01-28T23:58:00+00:00,2026-01-29T00:00:00+00:00,0,down,5523.5,5495.8825,27.61750000000029,0.5749723219633279,0.5749723219633279,0,21224,2026-01-28T23:57:00+00:00,5525.7,5481.93,5495.8825,5495.8825,target_hit
21243,2026-01-29T00:16:00+00:00,2026-01-29T00:17:00+00:00,2026-01-29T00:20:00+00:00,2,up,5488.88,5473.88,-15.0,0.8601672743804263,0.8239321709858227,0,21243,2026-01-29T00:16:00+00:00,5488.25,5508.23,5516.3244,5516.3244,stop_loss
21247,2026-01-29T00:20:00+00:00,2026-01-29T00:21:00+00:00,2026-01-29T00:32:00+00:00,2,up,5472.07,5507.219099999999,35.149099999999635,0.962439930166044,0.56893099421298,1,21249,2026-01-29T00:22:00+00:00,5472.13,5510.5,5507.219099999999,5499.43035,target_hit
21275,2026-01-29T00:48:00+00:00,2026-01-29T00:49:00+00:00,2026-01-29T00:52:00+00:00,0,down,5506.52,5521.52,-15.0,0.5674002390302766,0.5674002390302766,0,21275,2026-01-29T00:48:00+00:00,5506.83,5481.69,5478.9874,5478.9874,stop_loss
21282,2026-01-29T00:55:00+00:00,2026-01-29T00:56:00+00:00,2026-01-29T01:40:00+00:00,0,down,5521.89,5536.89,-15.0,0.5583932073826015,0.5706606558553984,2,21295,2026-01-29T01:38:00+00:00,5522.24,5520.3,5490.1314,5494.28055,stop_loss
21297,2026-01-29T01:40:00+00:00,2026-01-29T01:41:00+00:00,2026-01-29T01:42:00+00:00,0,down,5536.09,5551.09,-15.0,0.5712093873329478,0.6224107767634035,1,21298,2026-01-29T01:41:00+00:00,5536.21,5520.76,5516.82725,5508.40955,stop_loss
21299,2026-01-29T01:42:00+00:00,2026-01-29T01:43:00+00:00,2026-01-29T01:47:00+00:00,0,down,5549.79,5537.14,12.649999999999636,0.5618618749883445,0.5618618749883445,0,21299,2026-01-29T01:42:00+00:00,5550.65,5524.95,5522.04105,5522.04105,reverse_signal
21304,2026-01-29T01:47:00+00:00,2026-01-29T01:48:00+00:00,2026-01-29T02:02:00+00:00,2,up,5538.55,5523.55,-15.0,0.6043019763707294,0.5721142221452393,1,21307,2026-01-29T01:50:00+00:00,5538.42,5518.21,5569.8205499999995,5566.24275,stop_loss
21319,2026-01-29T02:02:00+00:00,2026-01-29T02:03:00+00:00,2026-01-29T02:04:00+00:00,0,down,5505.34,5520.34,-15.0,0.5963106623869516,0.6288584937794344,1,21320,2026-01-29T02:03:00+00:00,5505.65,5522.76,5492.6985,5477.8133,stop_loss
21321,2026-01-29T02:04:00+00:00,2026-01-29T02:05:00+00:00,2026-01-29T02:12:00+00:00,0,down,5519.21,5534.21,-15.0,0.6371809064006422,0.5645695467822243,4,21325,2026-01-29T02:08:00+00:00,5521.04,5539.77,5485.3156,5491.61395,stop_loss
21329,2026-01-29T02:12:00+00:00,2026-01-29T02:13:00+00:00,2026-01-29T02:36:00+00:00,0,down,5529.76,5544.76,-15.0,0.6391394055008564,0.8808889967488294,5,21352,2026-01-29T02:35:00+00:00,5530.04,5541.92,5512.3597,5502.1112,stop_loss
21353,2026-01-29T02:36:00+00:00,2026-01-29T02:37:00+00:00,2026-01-29T02:42:00+00:00,0,down,5546.56,5518.827200000001,27.73279999999977,0.6939870865123943,0.942013419945661,0,21353,2026-01-29T02:36:00+00:00,5547.02,5546.49,5518.827200000001,5518.827200000001,target_hit
21359,2026-01-29T02:42:00+00:00,2026-01-29T02:43:00+00:00,2026-01-29T02:48:00+00:00,0,down,5523.1,5538.1,-15.0,0.8851136174206428,0.7701491525228895,4,21364,2026-01-29T02:47:00+00:00,5523.39,5531.04,5507.33495,5495.4845000000005,stop_loss
21366,2026-01-29T02:49:00+00:00,2026-01-29T02:50:00+00:00,2026-01-29T03:04:00+00:00,0,down,5539.83,5511.7428,28.08719999999994,0.6758511833071548,0.781071661186246,2,21368,2026-01-29T02:51:00+00:00,5540.19,5536.27,5511.7428,5512.13085,target_hit
21381,2026-01-29T03:04:00+00:00,2026-01-29T03:05:00+00:00,2026-01-29T03:11:00+00:00,0,down,5515.02,5530.02,-15.0,0.6319589619727648,0.6319589619727648,0,21381,2026-01-29T03:04:00+00:00,5515.37,5522.49,5487.4449,5487.4449,stop_loss
21391,2026-01-29T03:14:00+00:00,2026-01-29T03:15:00+00:00,2026-01-29T04:33:00+00:00,0,down,5538.49,5553.49,-15.0,0.5679178762192576,0.9281465587323451,2,21393,2026-01-29T03:16:00+00:00,5538.66,5525.5,5508.588650000001,5510.79755,stop_loss
21479,2026-01-29T04:42:00+00:00,2026-01-29T04:43:00+00:00,2026-01-29T05:21:00+00:00,0,down,5560.35,5532.548250000001,27.80174999999963,0.5660762470372673,0.7414171514908955,0,21479,2026-01-29T04:42:00+00:00,5560.63,5558.89,5532.548250000001,5532.548250000001,target_hit
21519,2026-01-29T05:22:00+00:00,2026-01-29T05:23:00+00:00,2026-01-29T05:30:00+00:00,0,down,5529.46,5544.46,-15.0,0.7979370830925769,0.975464210529203,5,21526,2026-01-29T05:29:00+00:00,5529.75,5554.42,5514.8372500000005,5501.8127,stop_loss
21527,2026-01-29T05:30:00+00:00,2026-01-29T05:31:00+00:00,2026-01-29T05:49:00+00:00,0,down,5544.65,5559.65,-15.0,0.9389342250858381,0.9812134967163895,9,21539,2026-01-29T05:42:00+00:00,5545.19,5586.62,5520.3993,5516.92675,stop_loss
21557,2026-01-29T06:00:00+00:00,2026-01-29T06:01:00+00:00,2026-01-29T06:04:00+00:00,0,down,5570.23,5585.23,-15.0,0.9124500023595536,0.8152628941753989,2,21559,2026-01-29T06:02:00+00:00,5570.28,5589.1,5552.98555,5542.378849999999,stop_loss
21563,2026-01-29T06:06:00+00:00,2026-01-29T06:07:00+00:00,2026-01-29T06:58:00+00:00,0,down,5586.43,5556.5178,29.912200000000666,0.6551828038882779,0.580307811055178,3,21571,2026-01-29T06:14:00+00:00,5586.9,5583.75,5556.5178,5558.497850000001,target_hit
21617,2026-01-29T15:00:00+00:00,2026-01-29T15:01:00+00:00,2026-01-29T15:01:00+00:00,2,up,5487.01,5472.01,-15.0,0.8834126284555717,0.8834126284555717,0,21617,2026-01-29T15:00:00+00:00,5485.63,5304.06,5514.44505,5514.44505,stop_loss
21618,2026-01-29T15:01:00+00:00,2026-01-29T15:02:00+00:00,2026-01-29T15:04:00+00:00,2,up,5458.8,5443.8,-15.0,0.9643621209919631,0.9309956346571955,0,21618,2026-01-29T15:01:00+00:00,5458.39,5253.3,5486.094,5486.094,stop_loss
21621,2026-01-29T15:04:00+00:00,2026-01-29T15:05:00+00:00,2026-01-29T15:06:00+00:00,2,up,5459.44,5444.44,-15.0,0.9137192565215193,0.8796055068387836,1,21622,2026-01-29T15:05:00+00:00,5457.43,5227.46,5487.65175,5486.7372,stop_loss
21623,2026-01-29T15:06:00+00:00,2026-01-29T15:07:00+00:00,2026-01-29T15:08:00+00:00,2,up,5443.11,5428.11,-15.0,0.9461086187009855,0.9532772577487505,0,21623,2026-01-29T15:06:00+00:00,5440.28,5182.37,5470.32555,5470.32555,stop_loss
21625,2026-01-29T15:08:00+00:00,2026-01-29T15:09:00+00:00,2026-01-29T15:10:00+00:00,2,up,5420.53,5405.53,-15.0,0.9849107368025379,0.9912745016914896,0,21625,2026-01-29T15:08:00+00:00,5417.78,5174.75,5447.63265,5447.63265,stop_loss
21627,2026-01-29T15:10:00+00:00,2026-01-29T15:11:00+00:00,2026-01-29T15:11:00+00:00,2,up,5427.06,5412.06,-15.0,0.9731672003467022,0.9731672003467022,0,21627,2026-01-29T15:10:00+00:00,5425.17,5128.74,5454.1953,5454.1953,stop_loss
21628,2026-01-29T15:11:00+00:00,2026-01-29T15:12:00+00:00,2026-01-29T15:12:00+00:00,2,up,5412.81,5397.81,-15.0,0.9749008880575641,0.9749008880575641,0,21628,2026-01-29T15:11:00+00:00,5410.84,5135.96,5439.87405,5439.87405,stop_loss
21629,2026-01-29T15:12:00+00:00,2026-01-29T15:13:00+00:00,2026-01-29T15:13:00+00:00,2,up,5428.14,5413.14,-15.0,0.9937060155243831,0.9937060155243831,0,21629,2026-01-29T15:12:00+00:00,5426.59,5175.66,5455.2807,5455.2807,stop_loss
21630,2026-01-29T15:13:00+00:00,2026-01-29T15:14:00+00:00,2026-01-29T15:14:00+00:00,2,up,5411.29,5396.29,-15.0,0.9921261768274048,0.9921261768274048,0,21630,2026-01-29T15:13:00+00:00,5408.19,5210.2,5438.34645,5438.34645,stop_loss
21631,2026-01-29T15:14:00+00:00,2026-01-29T15:15:00+00:00,2026-01-29T15:15:00+00:00,2,up,5384.64,5369.64,-15.0,0.8245438880474031,0.8245438880474031,0,21631,2026-01-29T15:14:00+00:00,5381.95,5202.02,5411.5632000000005,5411.5632000000005,stop_loss
21632,2026-01-29T15:15:00+00:00,2026-01-29T15:16:00+00:00,2026-01-29T15:16:00+00:00,2,up,5357.55,5342.55,-15.0,0.6661284220158962,0.6661284220158962,0,21632,2026-01-29T15:15:00+00:00,5354.45,5173.78,5384.337750000001,5384.337750000001,stop_loss
21634,2026-01-29T15:17:00+00:00,2026-01-29T15:18:00+00:00,2026-01-29T15:18:00+00:00,2,up,5298.86,5325.3543,26.494300000000294,0.7243008855662921,0.7243008855662921,0,21634,2026-01-29T15:17:00+00:00,5296.5,5123.16,5325.3543,5325.3543,target_hit
21635,2026-01-29T15:18:00+00:00,2026-01-29T15:19:00+00:00,2026-01-29T15:19:00+00:00,2,up,5343.5,5328.5,-15.0,0.7210738977775693,0.7210738977775693,0,21635,2026-01-29T15:18:00+00:00,5340.15,5135.35,5370.2175,5370.2175,stop_loss
21636,2026-01-29T15:19:00+00:00,2026-01-29T15:20:00+00:00,2026-01-29T15:21:00+00:00,2,up,5329.52,5356.167600000001,26.64760000000024,0.6084203845478591,0.6084203845478591,0,21636,2026-01-29T15:19:00+00:00,5326.9,5119.31,5356.167600000001,5356.167600000001,target_hit
21638,2026-01-29T15:21:00+00:00,2026-01-29T15:22:00+00:00,2026-01-29T15:22:00+00:00,2,up,5361.47,5346.47,-15.0,0.6735690655362131,0.6735690655362131,0,21638,2026-01-29T15:21:00+00:00,5358.36,5167.95,5388.27735,5388.27735,stop_loss
21639,2026-01-29T15:22:00+00:00,2026-01-29T15:23:00+00:00,2026-01-29T15:23:00+00:00,2,up,5355.1,5340.1,-15.0,0.7159949833872696,0.7159949833872696,0,21639,2026-01-29T15:22:00+00:00,5352.09,5156.93,5381.8755,5381.8755,stop_loss
21641,2026-01-29T15:24:00+00:00,2026-01-29T15:25:00+00:00,2026-01-29T15:26:00+00:00,2,up,5298.33,5283.33,-15.0,0.7242820148728518,0.8014784752274386,1,21642,2026-01-29T15:25:00+00:00,5293.38,5192.1,5330.5803000000005,5324.82165,stop_loss
21644,2026-01-29T15:27:00+00:00,2026-01-29T15:28:00+00:00,2026-01-29T15:28:00+00:00,2,up,5135.48,5120.48,-15.0,0.689188794443136,0.689188794443136,0,21644,2026-01-29T15:27:00+00:00,5130.43,5194.26,5161.157399999999,5161.157399999999,stop_loss
21645,2026-01-29T15:28:00+00:00,2026-01-29T15:29:00+00:00,2026-01-29T15:29:00+00:00,2,up,5172.03,5157.03,-15.0,0.6422122892313228,0.6422122892313228,0,21645,2026-01-29T15:28:00+00:00,5166.53,5205.89,5197.89015,5197.89015,stop_loss
21646,2026-01-29T15:29:00+00:00,2026-01-29T15:30:00+00:00,2026-01-29T15:30:00+00:00,2,up,5198.21,5183.21,-15.0,0.6907984620279439,0.6907984620279439,0,21646,2026-01-29T15:29:00+00:00,5189.5,5194.9,5224.20105,5224.20105,stop_loss
21662,2026-01-29T15:45:00+00:00,2026-01-29T15:46:00+00:00,2026-01-29T15:46:00+00:00,2,up,5165.95,5150.95,-15.0,0.6401630486061833,0.6401630486061833,0,21662,2026-01-29T15:45:00+00:00,5162.79,5237.58,5191.77975,5191.77975,stop_loss
21663,2026-01-29T15:46:00+00:00,2026-01-29T15:47:00+00:00,2026-01-29T15:47:00+00:00,2,up,5170.15,5155.15,-15.0,0.619746813430031,0.619746813430031,0,21663,2026-01-29T15:46:00+00:00,5167.95,5250.95,5196.000749999999,5196.000749999999,stop_loss
21664,2026-01-29T15:47:00+00:00,2026-01-29T15:48:00+00:00,2026-01-29T15:50:00+00:00,2,up,5158.87,5189.2873500000005,30.417350000000624,0.6158945915038173,0.6228809410897737,1,21665,2026-01-29T15:48:00+00:00,5156.93,5268.61,5189.2873500000005,5184.66435,target_hit
21667,2026-01-29T15:50:00+00:00,2026-01-29T15:51:00+00:00,2026-01-29T15:51:00+00:00,2,up,5197.2,5182.2,-15.0,0.5587186985747856,0.5587186985747856,0,21667,2026-01-29T15:50:00+00:00,5192.1,5264.61,5223.186,5223.186,stop_loss
21668,2026-01-29T15:51:00+00:00,2026-01-29T15:52:00+00:00,2026-01-29T15:52:00+00:00,2,up,5198.48,5183.48,-15.0,0.7038291203432802,0.7038291203432802,0,21668,2026-01-29T15:51:00+00:00,5195.55,5246.2,5224.4724,5224.4724,stop_loss
21669,2026-01-29T15:52:00+00:00,2026-01-29T15:53:00+00:00,2026-01-29T15:55:00+00:00,2,up,5197.84,5182.84,-15.0,0.6446148623038328,0.5787025498638793,1,21670,2026-01-29T15:53:00+00:00,5194.26,5261.94,5231.91945,5223.8292,stop_loss
21672,2026-01-29T15:55:00+00:00,2026-01-29T15:56:00+00:00,2026-01-29T15:57:00+00:00,2,up,5186.71,5171.71,-15.0,0.551187587717806,0.5740702036332828,1,21673,2026-01-29T15:56:00+00:00,5182.6,5255.49,5218.4826,5212.64355,stop_loss
21674,2026-01-29T15:57:00+00:00,2026-01-29T15:58:00+00:00,2026-01-29T16:02:00+00:00,2,up,5177.35,5212.5229500000005,35.17295000000013,0.6417933314965294,0.5665723673904092,1,21675,2026-01-29T15:58:00+00:00,5175.66,5254.24,5212.5229500000005,5203.23675,target_hit
21751,2026-01-29T17:14:00+00:00,2026-01-29T17:15:00+00:00,2026-01-29T17:15:00+00:00,0,down,5295.64,5310.64,-15.0,0.6419758625189602,0.6419758625189602,0,21751,2026-01-29T17:14:00+00:00,5295.72,5365.26,5269.161800000001,5269.161800000001,stop_loss
21752,2026-01-29T17:15:00+00:00,2026-01-29T17:16:00+00:00,2026-01-29T17:18:00+00:00,0,down,5319.7,5334.7,-15.0,0.8900449360640013,0.8510449832265408,2,21754,2026-01-29T17:17:00+00:00,5321.45,5366.65,5299.718250000001,5293.1015,stop_loss
21757,2026-01-29T17:20:00+00:00,2026-01-29T17:21:00+00:00,2026-01-29T17:26:00+00:00,0,down,5332.39,5347.39,-15.0,0.7681172363832326,0.571692701605209,2,21759,2026-01-29T17:22:00+00:00,5333.7,5350.68,5304.504199999999,5305.728050000001,stop_loss
21763,2026-01-29T17:26:00+00:00,2026-01-29T17:27:00+00:00,2026-01-29T17:37:00+00:00,0,down,5358.95,5373.95,-15.0,0.9774850402658608,0.6630898979262324,4,21767,2026-01-29T17:30:00+00:00,5361.06,5332.95,5328.45385,5332.15525,stop_loss
21774,2026-01-29T17:37:00+00:00,2026-01-29T17:38:00+00:00,2026-01-29T17:52:00+00:00,0,down,5362.85,5335.389,27.46100000000024,0.7884544042553014,0.6415645158294507,3,21777,2026-01-29T17:40:00+00:00,5363.61,5332.57,5335.389,5336.03575,target_hit
21790,2026-01-29T17:53:00+00:00,2026-01-29T17:54:00+00:00,2026-01-29T17:56:00+00:00,2,up,5336.56,5321.56,-15.0,0.5901679894390033,0.6565763683782331,1,21791,2026-01-29T17:54:00+00:00,5335.12,5352.93,5368.25775,5363.2428,stop_loss
21793,2026-01-29T17:56:00+00:00,2026-01-29T17:57:00+00:00,2026-01-29T18:01:00+00:00,2,up,5322.42,5344.27,21.850000000000364,0.6432161970056519,0.5753899473288459,1,21795,2026-01-29T17:58:00+00:00,5320.75,5338.4,5355.0621,5349.0321,reverse_signal
21799,2026-01-29T18:02:00+00:00,2026-01-29T18:03:00+00:00,2026-01-29T18:13:00+00:00,0,down,5343.74,5358.74,-15.0,0.7569404286260093,0.7088408823083991,2,21801,2026-01-29T18:04:00+00:00,5345.25,5331.51,5311.8871,5317.021299999999,stop_loss
21811,2026-01-29T18:14:00+00:00,2026-01-29T18:15:00+00:00,2026-01-29T18:24:00+00:00,0,down,5355.23,5328.45385,26.77614999999969,0.7085352298329344,0.7085352298329344,0,21811,2026-01-29T18:14:00+00:00,5356.04,5354.8,5328.45385,5328.45385,target_hit
21822,2026-01-29T18:25:00+00:00,2026-01-29T18:26:00+00:00,2026-01-29T18:27:00+00:00,2,up,5331.84,5316.84,-15.0,0.7376028855585732,0.7376028855585732,0,21822,2026-01-29T18:25:00+00:00,5330.63,5359.63,5358.4992,5358.4992,stop_loss
21824,2026-01-29T18:27:00+00:00,2026-01-29T18:28:00+00:00,2026-01-29T18:31:00+00:00,2,up,5311.99,5338.54995,26.559949999999844,0.8031888485875561,0.8031888485875561,0,21824,2026-01-29T18:27:00+00:00,5310.15,5355.39,5338.54995,5338.54995,target_hit
21830,2026-01-29T18:33:00+00:00,2026-01-29T18:34:00+00:00,2026-01-29T19:11:00+00:00,0,down,5349.76,5321.857,27.903000000000247,0.6517947372652929,0.9414108401844496,2,21832,2026-01-29T18:35:00+00:00,5353.3,5328.34,5321.857,5323.0112,target_hit
21868,2026-01-29T19:11:00+00:00,2026-01-29T19:12:00+00:00,2026-01-29T19:16:00+00:00,0,down,5314.77,5315.07,-0.2999999999992724,0.9060687547455267,0.9390480482013548,3,21871,2026-01-29T19:14:00+00:00,5316.95,5313.27,5281.4500499999995,5288.196150000001,reverse_signal
21873,2026-01-29T19:16:00+00:00,2026-01-29T19:17:00+00:00,2026-01-29T19:18:00+00:00,0,down,5319.79,5324.92,-5.130000000000109,0.6549571948579849,0.6549571948579849,0,21873,2026-01-29T19:16:00+00:00,5321.46,5310.15,5293.19105,5293.19105,reverse_signal
21875,2026-01-29T19:18:00+00:00,2026-01-29T19:19:00+00:00,2026-01-29T19:22:00+00:00,2,up,5325.14,5310.14,-15.0,0.6199950360589526,0.729730856265203,0,21875,2026-01-29T19:18:00+00:00,5323.19,5320.47,5351.7657,5351.7657,stop_loss
21879,2026-01-29T19:22:00+00:00,2026-01-29T19:23:00+00:00,2026-01-29T19:30:00+00:00,2,up,5312.95,5297.95,-15.0,0.8438503631052819,0.7385731085056189,1,21880,2026-01-29T19:23:00+00:00,5310.92,5316.04,5347.61505,5339.514749999999,stop_loss
21887,2026-01-29T19:30:00+00:00,2026-01-29T19:31:00+00:00,2026-01-29T19:42:00+00:00,2,up,5297.31,5325.94725,28.637249999999767,0.9257329475887226,0.8209283148070643,1,21889,2026-01-29T19:32:00+00:00,5295.9,5311.76,5325.94725,5323.79655,target_hit
21899,2026-01-29T19:42:00+00:00,2026-01-29T19:43:00+00:00,2026-01-29T19:49:00+00:00,2,up,5326.62,5311.62,-15.0,0.9381357384152101,0.8823682282923339,0,21899,2026-01-29T19:42:00+00:00,5325.39,5296.26,5353.2531,5353.2531,stop_loss
21906,2026-01-29T19:49:00+00:00,2026-01-29T19:50:00+00:00,2026-01-29T19:54:00+00:00,2,up,5317.16,5302.16,-15.0,0.8787273229193484,0.8850773128027611,0,21906,2026-01-29T19:49:00+00:00,5315.59,5295.98,5343.7458,5343.7458,stop_loss
21911,2026-01-29T19:54:00+00:00,2026-01-29T19:55:00+00:00,2026-01-29T20:03:00+00:00,2,up,5305.23,5290.23,-15.0,0.8899360105899317,0.8896102603748737,1,21912,2026-01-29T19:55:00+00:00,5303.14,5306.81,5338.83135,5331.756149999999,stop_loss
21921,2026-01-29T20:04:00+00:00,2026-01-29T20:05:00+00:00,2026-01-29T20:11:00+00:00,0,down,5293.93,5308.93,-15.0,0.5568655670934319,0.5568655670934319,0,21921,2026-01-29T20:04:00+00:00,5293.69,5318.59,5267.46035,5267.46035,stop_loss
21932,2026-01-29T20:15:00+00:00,2026-01-29T20:16:00+00:00,2026-01-29T20:18:00+00:00,0,down,5291.14,5306.14,-15.0,0.6021426508884091,0.6321281299832766,1,21934,2026-01-29T20:17:00+00:00,5292.87,5354.58,5276.763599999999,5264.6843,stop_loss
21936,2026-01-29T20:19:00+00:00,2026-01-29T20:20:00+00:00,2026-01-29T20:24:00+00:00,0,down,5309.82,5324.82,-15.0,0.5602769210210814,0.6038476790616717,2,21940,2026-01-29T20:23:00+00:00,5311.21,5366.62,5293.8975,5283.2708999999995,stop_loss
21941,2026-01-29T20:24:00+00:00,2026-01-29T20:25:00+00:00,2026-01-29T20:37:00+00:00,0,down,5323.34,5325.72,-2.380000000000109,0.5739328511000885,0.6281397808562742,2,21945,2026-01-29T20:28:00+00:00,5323.95,5391.7,5293.1214,5296.723300000001,reverse_signal
21955,2026-01-29T20:38:00+00:00,2026-01-29T20:39:00+00:00,2026-01-29T20:49:00+00:00,2,up,5345.4,5363.48,18.079999999999927,0.6599031370411546,0.6758970749764308,1,21956,2026-01-29T20:39:00+00:00,5344.47,5398.86,5373.9561,5372.1269999999995,reverse_signal
21966,2026-01-29T20:49:00+00:00,2026-01-29T20:50:00+00:00,2026-01-29T20:50:00+00:00,0,down,5371.39,5386.39,-15.0,0.8223398088845104,0.8223398088845104,0,21966,2026-01-29T20:49:00+00:00,5372.57,5398.62,5344.53305,5344.53305,stop_loss
21967,2026-01-29T20:50:00+00:00,2026-01-29T20:51:00+00:00,2026-01-29T20:52:00+00:00,0,down,5384.07,5399.07,-15.0,0.8814797973134206,0.8331282587761487,1,21968,2026-01-29T20:51:00+00:00,5385.48,5396.79,5369.02995,5357.149649999999,stop_loss
21969,2026-01-29T20:52:00+00:00,2026-01-29T20:53:00+00:00,2026-01-29T20:57:00+00:00,0,down,5390.31,5405.31,-15.0,0.8085661086490146,0.8202740497493988,4,21973,2026-01-29T20:56:00+00:00,5393.57,5395.73,5372.8806,5363.358450000001,stop_loss
21974,2026-01-29T20:57:00+00:00,2026-01-29T20:58:00+00:00,2026-01-29T21:18:00+00:00,0,down,5399.86,5397.3,2.5599999999994907,0.8429437162191078,0.5838307817126445,6,21982,2026-01-29T21:05:00+00:00,5400.82,5409.75,5370.64185,5372.860699999999,reverse_signal
21996,2026-01-29T21:19:00+00:00,2026-01-29T21:20:00+00:00,2026-01-29T21:44:00+00:00,2,up,5395.83,5380.83,-15.0,0.6602867224402407,0.7751211597242575,1,21999,2026-01-29T21:22:00+00:00,5394.49,5391.82,5426.3166,5422.80915,stop_loss
22021,2026-01-29T21:44:00+00:00,2026-01-29T21:45:00+00:00,2026-01-29T21:58:00+00:00,2,up,5385.02,5370.02,-15.0,0.8253191547012779,0.8707503357431041,1,22022,2026-01-29T21:45:00+00:00,5382.65,5423.75,5420.2062,5411.945100000001,stop_loss
22035,2026-01-29T21:58:00+00:00,2026-01-29T21:59:00+00:00,2026-01-29T23:01:00+00:00,2,up,5373.99,5400.85995,26.869950000000244,0.7336475663891109,0.7336475663891109,0,22035,2026-01-29T21:58:00+00:00,5369.63,5400.7,5400.85995,5400.85995,target_hit
22042,2026-01-29T23:06:00+00:00,2026-01-29T23:07:00+00:00,2026-01-29T23:17:00+00:00,0,down,5439.31,5412.113450000001,27.19654999999966,0.5569176351687712,0.5933408958005952,0,22042,2026-01-29T23:06:00+00:00,5441.18,5415.12,5412.113450000001,5412.113450000001,target_hit
22087,2026-01-29T23:51:00+00:00,2026-01-29T23:52:00+00:00,2026-01-30T00:17:00+00:00,2,up,5434.6,5444.16,9.55999999999949,0.5669723141870908,0.554030526830577,1,22088,2026-01-29T23:52:00+00:00,5433.35,5444.16,5466.3759,5461.773,timeout
22118,2026-01-30T00:22:00+00:00,2026-01-30T00:23:00+00:00,2026-01-30T00:28:00+00:00,2,up,5438.16,5423.16,-15.0,0.9048051646429052,0.9048051646429052,0,22118,2026-01-30T00:22:00+00:00,5437.38,5395.88,5465.3508,5465.3508,stop_loss
22125,2026-01-30T00:29:00+00:00,2026-01-30T00:30:00+00:00,2026-01-30T00:30:00+00:00,2,up,5427.75,5412.75,-15.0,0.8735211759893953,0.8735211759893953,0,22125,2026-01-30T00:29:00+00:00,5426.45,5417.71,5454.88875,5454.88875,stop_loss
22126,2026-01-30T00:30:00+00:00,2026-01-30T00:31:00+00:00,2026-01-30T00:42:00+00:00,2,up,5416.61,5405.99,-10.61999999999989,0.7720559537110476,0.7720559537110476,0,22126,2026-01-30T00:30:00+00:00,5415.43,5413.93,5443.69305,5443.69305,reverse_signal
22143,2026-01-30T00:47:00+00:00,2026-01-30T00:48:00+00:00,2026-01-30T00:53:00+00:00,0,down,5395.74,5410.74,-15.0,0.5682253238331869,0.5818174645761293,1,22144,2026-01-30T00:48:00+00:00,5397.82,5330.5,5379.567,5368.7613,stop_loss
22156,2026-01-30T01:30:00+00:00,2026-01-30T01:31:00+00:00,2026-01-30T01:46:00+00:00,2,up,5348.96,5333.96,-15.0,0.5674114749164931,0.996895039509453,1,22159,2026-01-30T01:33:00+00:00,5347.15,5310.34,5393.232,5375.7048,stop_loss
22172,2026-01-30T01:46:00+00:00,2026-01-30T01:47:00+00:00,2026-01-30T01:57:00+00:00,2,up,5331.44,5316.44,-15.0,0.9977399373240655,0.996804778312808,1,22173,2026-01-30T01:47:00+00:00,5328.63,5218.85,5363.0016,5358.097199999999,stop_loss
22183,2026-01-30T01:57:00+00:00,2026-01-30T01:58:00+00:00,2026-01-30T01:59:00+00:00,2,up,5313.85,5298.85,-15.0,0.9967458648007892,0.9955698859356791,0,22183,2026-01-30T01:57:00+00:00,5311.8,5134.9,5340.41925,5340.41925,stop_loss
22185,2026-01-30T01:59:00+00:00,2026-01-30T02:00:00+00:00,2026-01-30T02:00:00+00:00,2,up,5302.28,5287.28,-15.0,0.9974242846092514,0.9974242846092514,0,22185,2026-01-30T01:59:00+00:00,5299.94,5162.15,5328.7914,5328.7914,stop_loss
22186,2026-01-30T02:00:00+00:00,2026-01-30T02:01:00+00:00,2026-01-30T02:08:00+00:00,2,up,5298.35,5283.35,-15.0,0.7130949712509179,0.6414282000587969,1,22188,2026-01-30T02:02:00+00:00,5296.55,5184.58,5334.9821999999995,5324.8417500000005,stop_loss
22194,2026-01-30T02:08:00+00:00,2026-01-30T02:09:00+00:00,2026-01-30T02:10:00+00:00,2,up,5282.85,5267.85,-15.0,0.7237755157123053,0.6609576637598185,0,22194,2026-01-30T02:08:00+00:00,5278.75,5166.4,5309.26425,5309.26425,stop_loss
22196,2026-01-30T02:10:00+00:00,2026-01-30T02:11:00+00:00,2026-01-30T02:12:00+00:00,2,up,5268.05,5253.05,-15.0,0.8401411842910549,0.8401411842910549,0,22196,2026-01-30T02:10:00+00:00,5265.05,5160.25,5294.39025,5294.39025,stop_loss
22198,2026-01-30T02:12:00+00:00,2026-01-30T02:13:00+00:00,2026-01-30T02:14:00+00:00,2,up,5222.82,5207.82,-15.0,0.8277970504820216,0.8265129923492385,0,22198,2026-01-30T02:12:00+00:00,5218.85,5197.72,5248.9340999999995,5248.9340999999995,stop_loss
22200,2026-01-30T02:14:00+00:00,2026-01-30T02:15:00+00:00,2026-01-30T02:15:00+00:00,2,up,5214.23,5199.23,-15.0,0.7931680623506069,0.7931680623506069,0,22200,2026-01-30T02:14:00+00:00,5210.18,5209.9,5240.301149999999,5240.301149999999,stop_loss
22234,2026-01-30T02:48:00+00:00,2026-01-30T02:49:00+00:00,2026-01-30T02:53:00+00:00,2,up,5241.4,5226.4,-15.0,0.6150293709278679,0.5530165016491885,0,22234,2026-01-30T02:48:00+00:00,5238.15,5182.1,5267.607,5267.607,stop_loss
22239,2026-01-30T02:53:00+00:00,2026-01-30T02:54:00+00:00,2026-01-30T02:57:00+00:00,2,up,5225.07,5210.07,-15.0,0.5730361133288007,0.5893407325411097,1,22241,2026-01-30T02:55:00+00:00,5223.2,5179.34,5252.38125,5251.19535,stop_loss
22244,2026-01-30T02:58:00+00:00,2026-01-30T02:59:00+00:00,2026-01-30T03:03:00+00:00,2,up,5220.51,5205.51,-15.0,0.5849632577281855,0.5884120598480567,0,22244,2026-01-30T02:58:00+00:00,5217.65,5180.6,5246.61255,5246.61255,stop_loss
22250,2026-01-30T03:04:00+00:00,2026-01-30T03:05:00+00:00,2026-01-30T03:05:00+00:00,2,up,5209.2,5194.2,-15.0,0.6471902084747234,0.6471902084747234,0,22250,2026-01-30T03:04:00+00:00,5207.0,5198.31,5235.246,5235.246,stop_loss
22251,2026-01-30T03:05:00+00:00,2026-01-30T03:06:00+00:00,2026-01-30T03:14:00+00:00,2,up,5191.46,5176.46,-15.0,0.623869366659402,0.6552762653401145,1,22253,2026-01-30T03:07:00+00:00,5189.3,5202.35,5222.03025,5217.4173,stop_loss
22260,2026-01-30T03:14:00+00:00,2026-01-30T03:15:00+00:00,2026-01-30T03:31:00+00:00,2,up,5182.66,5216.4525,33.79250000000047,0.6370632144247818,0.9685171150137575,1,22261,2026-01-30T03:15:00+00:00,5180.46,5166.15,5216.4525,5208.5733,target_hit
22309,2026-01-30T04:03:00+00:00,2026-01-30T04:04:00+00:00,2026-01-30T04:16:00+00:00,0,down,5212.35,5227.35,-15.0,0.7822393705391004,0.9655761150061922,5,22315,2026-01-30T04:09:00+00:00,5214.95,5213.65,5184.15895,5186.2882500000005,stop_loss
22322,2026-01-30T04:16:00+00:00,2026-01-30T04:17:00+00:00,2026-01-30T04:22:00+00:00,2,up,5228.45,5213.45,-15.0,0.7041020561623232,0.7041020561623232,0,22322,2026-01-30T04:16:00+00:00,5225.85,5215.35,5254.59225,5254.59225,stop_loss
22329,2026-01-30T04:23:00+00:00,2026-01-30T04:24:00+00:00,2026-01-30T04:38:00+00:00,0,down,5212.2,5227.2,-15.0,0.5932818287289245,0.6017572489109362,7,22343,2026-01-30T04:37:00+00:00,5213.95,5216.52,5196.1287999999995,5186.139,stop_loss
22344,2026-01-30T04:38:00+00:00,2026-01-30T04:39:00+00:00,2026-01-30T05:01:00+00:00,0,down,5223.01,5210.59,12.420000000000073,0.5798802424320635,0.8331626391523191,0,22344,2026-01-30T04:38:00+00:00,5224.67,5215.37,5196.89495,5196.89495,reverse_signal
22367,2026-01-30T05:01:00+00:00,2026-01-30T05:02:00+00:00,2026-01-30T05:36:00+00:00,2,up,5208.29,5222.21,13.920000000000073,0.9148760221419336,0.698653518905687,1,22368,2026-01-30T05:02:00+00:00,5207.84,5233.13,5241.1755,5234.33145,reverse_signal
22402,2026-01-30T05:36:00+00:00,2026-01-30T05:37:00+00:00,2026-01-30T05:57:00+00:00,0,down,5227.52,5198.4173,29.102700000000368,0.5768785270976197,0.5569776418668271,6,22412,2026-01-30T05:46:00+00:00,5229.08,5199.16,5198.4173,5201.3824,target_hit
22426,2026-01-30T06:00:00+00:00,2026-01-30T06:01:00+00:00,2026-01-30T06:03:00+00:00,0,down,5187.59,5202.59,-15.0,0.9868715816423258,0.9407564912948542,2,22428,2026-01-30T06:02:00+00:00,5190.1,5184.55,5171.711499999999,5161.652050000001,stop_loss
22429,2026-01-30T06:03:00+00:00,2026-01-30T06:04:00+00:00,2026-01-30T06:18:00+00:00,0,down,5199.35,5165.0350499999995,34.31495000000086,0.9844956063973456,0.9637031164794323,2,22431,2026-01-30T06:05:00+00:00,5202.15,5168.63,5165.0350499999995,5173.35325,target_hit
22446,2026-01-30T06:20:00+00:00,2026-01-30T06:21:00+00:00,2026-01-30T06:24:00+00:00,0,down,5180.2,5195.2,-15.0,0.5517569668431415,0.5540768168436779,1,22449,2026-01-30T06:23:00+00:00,5182.85,5168.2,5163.4132,5154.299,stop_loss
22453,2026-01-30T06:27:00+00:00,2026-01-30T06:28:00+00:00,2026-01-30T06:30:00+00:00,0,down,5182.55,5156.63725,25.912750000000415,0.5535818930270369,0.5535818930270369,0,22453,2026-01-30T06:27:00+00:00,5184.55,5161.8,5156.63725,5156.63725,target_hit
22456,2026-01-30T06:30:00+00:00,2026-01-30T06:31:00+00:00,2026-01-30T06:31:00+00:00,2,up,5168.68,5153.68,-15.0,0.9503477862111713,0.9503477862111713,0,22456,2026-01-30T06:30:00+00:00,5166.3,5156.25,5194.5234,5194.5234,stop_loss
22457,2026-01-30T06:31:00+00:00,2026-01-30T06:32:00+00:00,2026-01-30T06:46:00+00:00,2,up,5163.4,5151.99,-11.409999999999854,0.875400917036002,0.7847553765042767,1,22461,2026-01-30T06:35:00+00:00,5160.3,5129.9,5190.27225,5189.217,reverse_signal
22472,2026-01-30T06:46:00+00:00,2026-01-30T06:47:00+00:00,2026-01-30T06:49:00+00:00,0,down,5157.29,5172.29,-15.0,0.7056044580546404,0.8797369709176275,2,22474,2026-01-30T06:48:00+00:00,5159.24,5186.16,5142.3589999999995,5131.50355,stop_loss
22475,2026-01-30T06:49:00+00:00,2026-01-30T06:50:00+00:00,2026-01-30T15:00:00+00:00,0,down,5165.2,5132.16025,33.03974999999991,0.7949507500034138,0.9562554922964513,2,22480,2026-01-30T06:54:00+00:00,5168.0,5177.36,5132.16025,5139.374,target_hit
22487,2026-01-30T15:01:00+00:00,2026-01-30T15:02:00+00:00,2026-01-30T15:02:00+00:00,2,up,5005.35,4990.35,-15.0,0.550737332826231,0.550737332826231,0,22487,2026-01-30T15:01:00+00:00,5003.3,5043.35,5030.37675,5030.37675,stop_loss
22502,2026-01-30T15:16:00+00:00,2026-01-30T15:17:00+00:00,2026-01-30T15:51:00+00:00,2,up,5044.33,5073.89325,29.563250000000153,0.5540370194699715,0.9480646706979464,1,22503,2026-01-30T15:17:00+00:00,5042.45,5061.24,5073.89325,5069.55165,target_hit
22537,2026-01-30T15:51:00+00:00,2026-01-30T15:52:00+00:00,2026-01-30T15:54:00+00:00,2,up,5065.19,5050.19,-15.0,0.6954058951234638,0.6954058951234638,0,22537,2026-01-30T15:51:00+00:00,5064.85,5025.55,5090.51595,5090.51595,stop_loss
22542,2026-01-30T15:56:00+00:00,2026-01-30T15:57:00+00:00,2026-01-30T16:01:00+00:00,0,down,5053.31,5050.53,2.780000000000655,0.7720370695974879,0.7720370695974879,0,22542,2026-01-30T15:56:00+00:00,5054.55,5003.45,5028.04345,5028.04345,reverse_signal
22547,2026-01-30T16:01:00+00:00,2026-01-30T16:02:00+00:00,2026-01-30T16:03:00+00:00,2,up,5045.1,5030.1,-15.0,0.9221139272400471,0.9774194285414488,0,22547,2026-01-30T16:01:00+00:00,5044.77,5005.9,5070.3255,5070.3255,stop_loss
22549,2026-01-30T16:03:00+00:00,2026-01-30T16:04:00+00:00,2026-01-30T16:16:00+00:00,2,up,5028.17,5032.03,3.8599999999996726,0.9895651230743916,0.9447405585564149,1,22551,2026-01-30T16:05:00+00:00,5026.97,4999.97,5055.099749999999,5053.31085,reverse_signal
22562,2026-01-30T16:16:00+00:00,2026-01-30T16:17:00+00:00,2026-01-30T16:22:00+00:00,0,down,5025.89,5000.76055,25.12945000000036,0.9134243646178617,0.8747890343348939,0,22562,2026-01-30T16:16:00+00:00,5027.0,4995.5,5000.76055,5000.76055,target_hit
22568,2026-01-30T16:22:00+00:00,2026-01-30T16:23:00+00:00,2026-01-30T16:31:00+00:00,0,down,5005.23,5001.19,4.039999999999964,0.5935217869405447,0.5564596695856374,2,22570,2026-01-30T16:24:00+00:00,5004.94,4983.15,4968.691699999999,4980.20385,reverse_signal
22577,2026-01-30T16:31:00+00:00,2026-01-30T16:32:00+00:00,2026-01-30T16:34:00+00:00,2,up,5006.18,4991.18,-15.0,0.6394641368393266,0.7064967768269634,0,22577,2026-01-30T16:31:00+00:00,5004.6,4976.75,5031.2109,5031.2109,stop_loss
22580,2026-01-30T16:34:00+00:00,2026-01-30T16:35:00+00:00,2026-01-30T16:35:00+00:00,2,up,4988.15,4973.15,-15.0,0.78503293558359,0.78503293558359,0,22580,2026-01-30T16:34:00+00:00,4986.55,4984.93,5013.090749999999,5013.090749999999,stop_loss
22581,2026-01-30T16:35:00+00:00,2026-01-30T16:36:00+00:00,2026-01-30T16:42:00+00:00,2,up,4971.75,4998.01575,26.26574999999957,0.776674719130608,0.6808257189291239,1,22583,2026-01-30T16:37:00+00:00,4967.32,4979.71,4998.01575,4996.60875,target_hit
22588,2026-01-30T16:42:00+00:00,2026-01-30T16:43:00+00:00,2026-01-30T16:48:00+00:00,2,up,5004.05,4989.05,-15.0,0.8487422065190778,0.5638631716464417,1,22589,2026-01-30T16:43:00+00:00,5002.45,4930.15,5034.09525,5029.07025,stop_loss
22596,2026-01-30T16:50:00+00:00,2026-01-30T16:51:00+00:00,2026-01-30T16:51:00+00:00,2,up,4973.4,4958.4,-15.0,0.5662690657910119,0.5662690657910119,0,22596,2026-01-30T16:50:00+00:00,4971.15,4924.55,4998.267,4998.267,stop_loss
22598,2026-01-30T16:52:00+00:00,2026-01-30T16:53:00+00:00,2026-01-30T17:06:00+00:00,2,up,4967.32,4952.32,-15.0,0.5791841867714991,0.5688564894045434,1,22606,2026-01-30T17:00:00+00:00,4962.95,4938.05,5003.14125,4992.156599999999,stop_loss
22612,2026-01-30T17:06:00+00:00,2026-01-30T17:07:00+00:00,2026-01-30T17:07:00+00:00,2,up,4953.8,4938.8,-15.0,0.6000071827684121,0.6000071827684121,0,22612,2026-01-30T17:06:00+00:00,4953.15,4906.33,4978.569,4978.569,stop_loss
22613,2026-01-30T17:07:00+00:00,2026-01-30T17:08:00+00:00,2026-01-30T17:12:00+00:00,2,up,4938.75,4923.75,-15.0,0.5664950907813306,0.6085357761675128,1,22616,2026-01-30T17:10:00+00:00,4937.15,4903.95,4969.97625,4963.44375,stop_loss
22618,2026-01-30T17:12:00+00:00,2026-01-30T17:13:00+00:00,2026-01-30T17:13:00+00:00,2,up,4916.45,4901.45,-15.0,0.5552122475482572,0.5552122475482572,0,22618,2026-01-30T17:12:00+00:00,4914.45,4903.42,4941.03225,4941.03225,stop_loss
22619,2026-01-30T17:13:00+00:00,2026-01-30T17:14:00+00:00,2026-01-30T17:32:00+00:00,2,up,4913.55,4898.55,-15.0,0.6103977778271735,0.8218608053661325,1,22622,2026-01-30T17:16:00+00:00,4911.65,4899.15,4953.29325,4938.11775,stop_loss
22639,2026-01-30T17:33:00+00:00,2026-01-30T17:34:00+00:00,2026-01-30T17:39:00+00:00,2,up,4905.45,4890.45,-15.0,0.5549067529634313,0.5549067529634313,0,22639,2026-01-30T17:33:00+00:00,4903.15,4833.5,4929.97725,4929.97725,stop_loss
22651,2026-01-30T17:45:00+00:00,2026-01-30T17:46:00+00:00,2026-01-30T17:46:00+00:00,2,up,4869.86,4854.86,-15.0,0.9291793685851515,0.9291793685851515,0,22651,2026-01-30T17:45:00+00:00,4867.85,4820.95,4894.2092999999995,4894.2092999999995,stop_loss
22652,2026-01-30T17:46:00+00:00,2026-01-30T17:47:00+00:00,2026-01-30T17:49:00+00:00,2,up,4869.85,4854.85,-15.0,0.8450349102213801,0.8464809678596537,1,22653,2026-01-30T17:47:00+00:00,4868.85,4793.35,4900.7217,4894.199250000001,stop_loss
22655,2026-01-30T17:49:00+00:00,2026-01-30T17:50:00+00:00,2026-01-30T17:51:00+00:00,2,up,4859.56,4844.56,-15.0,0.6365548438419945,0.5768772165293077,0,22655,2026-01-30T17:49:00+00:00,4856.05,4807.2,4883.857800000001,4883.857800000001,stop_loss
22657,2026-01-30T17:51:00+00:00,2026-01-30T17:52:00+00:00,2026-01-30T17:52:00+00:00,2,up,4848.75,4833.75,-15.0,0.7049938109310383,0.7049938109310383,0,22657,2026-01-30T17:51:00+00:00,4846.15,4792.55,4872.99375,4872.99375,stop_loss
22658,2026-01-30T17:52:00+00:00,2026-01-30T17:53:00+00:00,2026-01-30T17:54:00+00:00,2,up,4833.83,4818.83,-15.0,0.7959205057424199,0.6428597773807707,0,22658,2026-01-30T17:52:00+00:00,4831.25,4790.17,4857.99915,4857.99915,stop_loss
22661,2026-01-30T17:55:00+00:00,2026-01-30T17:56:00+00:00,2026-01-30T17:56:00+00:00,2,up,4809.24,4833.2862,24.04619999999977,0.7926133600907095,0.7926133600907095,0,22661,2026-01-30T17:55:00+00:00,4806.65,4729.15,4833.2862,4833.2862,target_hit
22664,2026-01-30T17:58:00+00:00,2026-01-30T17:59:00+00:00,2026-01-30T18:02:00+00:00,2,up,4835.3,4873.596750000001,38.29675000000043,0.7027914386459649,0.6704661530737517,1,22665,2026-01-30T17:59:00+00:00,4833.5,4716.87,4873.596750000001,4859.4765,target_hit
22668,2026-01-30T18:02:00+00:00,2026-01-30T18:03:00+00:00,2026-01-30T18:03:00+00:00,2,up,4871.42,4856.42,-15.0,0.5854920686681684,0.5854920686681684,0,22668,2026-01-30T18:02:00+00:00,4869.1,4743.2,4895.7771,4895.7771,stop_loss
22669,2026-01-30T18:03:00+00:00,2026-01-30T18:04:00+00:00,2026-01-30T18:07:00+00:00,2,up,4863.18,4848.18,-15.0,0.5958801844303633,0.7120144178041388,1,22670,2026-01-30T18:04:00+00:00,4860.8,4741.62,4907.1738000000005,4887.4959,stop_loss
22673,2026-01-30T18:07:00+00:00,2026-01-30T18:08:00+00:00,2026-01-30T18:08:00+00:00,2,up,4849.75,4834.75,-15.0,0.6204314938122457,0.6204314938122457,0,22673,2026-01-30T18:07:00+00:00,4847.8,4753.86,4873.99875,4873.99875,stop_loss
22674,2026-01-30T18:08:00+00:00,2026-01-30T18:09:00+00:00,2026-01-30T18:09:00+00:00,2,up,4838.95,4823.95,-15.0,0.6060231730489558,0.6060231730489558,0,22674,2026-01-30T18:08:00+00:00,4836.28,4764.95,4863.1447499999995,4863.1447499999995,stop_loss
22675,2026-01-30T18:09:00+00:00,2026-01-30T18:10:00+00:00,2026-01-30T18:10:00+00:00,2,up,4814.85,4799.85,-15.0,0.6158543288267317,0.6158543288267317,0,22675,2026-01-30T18:09:00+00:00,4812.25,4749.72,4838.92425,4838.92425,stop_loss
22676,2026-01-30T18:10:00+00:00,2026-01-30T18:11:00+00:00,2026-01-30T18:11:00+00:00,2,up,4824.95,4809.95,-15.0,0.5827450089107749,0.5827450089107749,0,22676,2026-01-30T18:10:00+00:00,4820.95,4742.19,4849.07475,4849.07475,stop_loss
22677,2026-01-30T18:11:00+00:00,2026-01-30T18:12:00+00:00,2026-01-30T18:12:00+00:00,2,up,4817.35,4802.35,-15.0,0.5891120009990107,0.5891120009990107,0,22677,2026-01-30T18:11:00+00:00,4813.6,4724.5,4841.436750000001,4841.436750000001,stop_loss
22678,2026-01-30T18:12:00+00:00,2026-01-30T18:13:00+00:00,2026-01-30T18:17:00+00:00,2,up,4796.35,4781.35,-15.0,0.6738386800592082,0.6128129128685414,1,22679,2026-01-30T18:13:00+00:00,4793.35,4709.95,4829.8089,4820.33175,stop_loss
22726,2026-01-30T19:00:00+00:00,2026-01-30T19:01:00+00:00,2026-01-30T19:02:00+00:00,2,up,4904.25,4889.25,-15.0,0.566586398765196,0.566586398765196,0,22726,2026-01-30T19:00:00+00:00,4900.75,4870.65,4928.77125,4928.77125,stop_loss
22730,2026-01-30T19:04:00+00:00,2026-01-30T19:05:00+00:00,2026-01-30T19:09:00+00:00,0,down,4897.03,4912.03,-15.0,0.5682492864682768,0.6083687163246672,2,22734,2026-01-30T19:08:00+00:00,4899.75,4915.9,4872.2164999999995,4872.544849999999,stop_loss
22736,2026-01-30T19:10:00+00:00,2026-01-30T19:11:00+00:00,2026-01-30T19:13:00+00:00,0,down,4905.0,4880.475,24.524999999999636,0.6879427826929061,0.6726246106347332,0,22736,2026-01-30T19:10:00+00:00,4909.74,4903.63,4880.475,4880.475,target_hit
22741,2026-01-30T19:15:00+00:00,2026-01-30T19:16:00+00:00,2026-01-30T19:17:00+00:00,0,down,4879.5,4894.5,-15.0,0.5654554753956454,0.6377074290400986,1,22742,2026-01-30T19:16:00+00:00,4883.3,4905.32,4867.49025,4855.1025,stop_loss
22743,2026-01-30T19:17:00+00:00,2026-01-30T19:18:00+00:00,2026-01-30T19:22:00+00:00,0,down,4892.02,4867.5599,24.46010000000024,0.5521901802926262,0.5527223237890554,0,22743,2026-01-30T19:17:00+00:00,4894.92,4911.56,4867.5599,4867.5599,target_hit
22748,2026-01-30T19:22:00+00:00,2026-01-30T19:23:00+00:00,2026-01-30T19:25:00+00:00,0,down,4862.42,4877.42,-15.0,0.5616864564224429,0.5616864564224429,0,22748,2026-01-30T19:22:00+00:00,4866.4,4926.55,4838.1079,4838.1079,stop_loss
22751,2026-01-30T19:25:00+00:00,2026-01-30T19:26:00+00:00,2026-01-30T19:27:00+00:00,0,down,4869.57,4884.57,-15.0,0.6111539307711045,0.6111539307711045,0,22751,2026-01-30T19:25:00+00:00,4873.2,4918.65,4845.22215,4845.22215,stop_loss
22753,2026-01-30T19:27:00+00:00,2026-01-30T19:28:00+00:00,2026-01-30T19:33:00+00:00,0,down,4892.5,4907.5,-15.0,0.5738467232120678,0.9673602073910011,4,22758,2026-01-30T19:32:00+00:00,4894.4,4946.22,4878.385499999999,4868.0375,stop_loss
22759,2026-01-30T19:33:00+00:00,2026-01-30T19:34:00+00:00,2026-01-30T19:44:00+00:00,0,down,4913.65,4928.65,-15.0,0.96104590724139,0.9196441535875561,3,22766,2026-01-30T19:40:00+00:00,4915.9,4907.48,4885.9674,4889.081749999999,stop_loss
22770,2026-01-30T19:44:00+00:00,2026-01-30T19:45:00+00:00,2026-01-30T19:54:00+00:00,0,down,4925.65,4940.65,-15.0,0.9605150432756796,0.9605150432756796,0,22770,2026-01-30T19:44:00+00:00,4928.9,4901.85,4901.02175,4901.02175,stop_loss
22781,2026-01-30T19:55:00+00:00,2026-01-30T19:56:00+00:00,2026-01-30T20:00:00+00:00,2,up,4942.42,4927.42,-15.0,0.6892401872113483,0.5634117325446373,1,22783,2026-01-30T19:57:00+00:00,4940.49,4903.86,4968.6195,4967.1321,stop_loss
22786,2026-01-30T20:00:00+00:00,2026-01-30T20:01:00+00:00,2026-01-30T20:05:00+00:00,0,down,4903.84,4918.84,-15.0,0.7555777800719317,0.8173919676981045,2,22789,2026-01-30T20:03:00+00:00,4906.12,4895.53,4876.843250000001,4879.3208,stop_loss
22791,2026-01-30T20:05:00+00:00,2026-01-30T20:06:00+00:00,2026-01-30T20:16:00+00:00,0,down,4905.14,4889.9,15.240000000000691,0.8207534256035495,0.7712915644648737,0,22791,2026-01-30T20:05:00+00:00,4907.48,4888.73,4880.6143,4880.6143,reverse_signal
22802,2026-01-30T20:16:00+00:00,2026-01-30T20:17:00+00:00,2026-01-30T20:31:00+00:00,2,up,4887.49,4888.3,0.8100000000004002,0.8007238048278776,0.6930227909341928,1,22805,2026-01-30T20:19:00+00:00,4884.25,4860.95,4924.902,4911.92745,reverse_signal
22817,2026-01-30T20:31:00+00:00,2026-01-30T20:32:00+00:00,2026-01-30T20:33:00+00:00,0,down,4888.14,4863.6993,24.440700000000106,0.9431986044090765,0.9125050020295847,0,22817,2026-01-30T20:31:00+00:00,4891.39,4833.95,4863.6993,4863.6993,target_hit
22819,2026-01-30T20:33:00+00:00,2026-01-30T20:34:00+00:00,2026-01-30T20:34:00+00:00,0,down,4870.65,4885.65,-15.0,0.960305016218743,0.960305016218743,0,22819,2026-01-30T20:33:00+00:00,4871.7,4836.48,4846.2967499999995,4846.2967499999995,stop_loss
22820,2026-01-30T20:34:00+00:00,2026-01-30T20:35:00+00:00,2026-01-30T20:37:00+00:00,0,down,4880.85,4856.445750000001,24.404249999999593,0.9386229848772248,0.9477011267065593,0,22820,2026-01-30T20:34:00+00:00,4884.06,4848.05,4856.445750000001,4856.445750000001,target_hit
22823,2026-01-30T20:37:00+00:00,2026-01-30T20:38:00+00:00,2026-01-30T20:42:00+00:00,0,down,4853.15,4868.15,-15.0,0.8807327008117533,0.9659130472829057,4,22827,2026-01-30T20:41:00+00:00,4855.53,4852.69,4839.23225,4828.88425,stop_loss
22828,2026-01-30T20:42:00+00:00,2026-01-30T20:43:00+00:00,2026-01-30T20:54:00+00:00,0,down,4869.85,4842.0282,27.82180000000062,0.9647898134524214,0.6851282077841814,4,22835,2026-01-30T20:49:00+00:00,4871.91,4840.19,4842.0282,4845.50075,target_hit
22847,2026-01-30T21:01:00+00:00,2026-01-30T21:02:00+00:00,2026-01-30T21:08:00+00:00,2,up,4849.0,4834.0,-15.0,0.8492533571005287,0.6521885841515976,1,22849,2026-01-30T21:03:00+00:00,4846.71,4873.81,4882.42065,4873.245,stop_loss
22854,2026-01-30T21:08:00+00:00,2026-01-30T21:09:00+00:00,2026-01-30T21:21:00+00:00,2,up,4833.95,4867.16475,33.214750000000095,0.8415191646449209,0.6383867446924771,1,22855,2026-01-30T21:09:00+00:00,4833.67,4876.28,4867.16475,4858.11975,target_hit
22867,2026-01-30T21:21:00+00:00,2026-01-30T21:22:00+00:00,2026-01-30T21:38:00+00:00,2,up,4876.03,4861.03,-15.0,0.5581266749218919,0.9284037133330525,1,22869,2026-01-30T21:23:00+00:00,4875.75,4864.02,4906.7316,4900.41015,stop_loss
22884,2026-01-30T21:38:00+00:00,2026-01-30T21:39:00+00:00,2026-01-30T21:51:00+00:00,2,up,4853.66,4879.2951,25.63510000000042,0.9579250088436086,0.6305600210279152,1,22885,2026-01-30T21:39:00+00:00,4853.32,4816.85,4879.2951,4877.9283,target_hit
22898,2026-01-30T21:52:00+00:00,2026-01-30T21:53:00+00:00,2026-02-01T23:02:00+00:00,2,up,4890.65,4875.65,-15.0,0.7018173218759519,0.6836091645038231,1,22904,2026-01-30T21:58:00+00:00,4888.79,4734.5,4915.12335,4915.103249999999,stop_loss
22906,2026-02-01T23:02:00+00:00,2026-02-01T23:03:00+00:00,2026-02-01T23:03:00+00:00,2,up,4856.03,4841.03,-15.0,0.5933676717508248,0.5933676717508248,0,22906,2026-02-01T23:02:00+00:00,4849.03,4724.0,4880.310149999999,4880.310149999999,stop_loss
22907,2026-02-01T23:03:00+00:00,2026-02-01T23:04:00+00:00,2026-02-01T23:05:00+00:00,2,up,4837.88,4822.88,-15.0,0.7767959714951667,0.7767959714951667,0,22907,2026-02-01T23:03:00+00:00,4832.48,4722.8,4862.0694,4862.0694,stop_loss
22909,2026-02-01T23:05:00+00:00,2026-02-01T23:06:00+00:00,2026-02-01T23:06:00+00:00,2,up,4822.45,4807.45,-15.0,0.7018707217670452,0.7018707217670452,0,22909,2026-02-01T23:05:00+00:00,4817.6,4717.89,4846.56225,4846.56225,stop_loss
22911,2026-02-01T23:07:00+00:00,2026-02-01T23:08:00+00:00,2026-02-01T23:09:00+00:00,2,up,4825.53,4810.53,-15.0,0.6404046602818401,0.6150821392375094,0,22911,2026-02-01T23:07:00+00:00,4820.97,4732.2,4849.65765,4849.65765,stop_loss
22913,2026-02-01T23:09:00+00:00,2026-02-01T23:10:00+00:00,2026-02-01T23:10:00+00:00,2,up,4817.13,4802.13,-15.0,0.8022074034193996,0.8022074034193996,0,22913,2026-02-01T23:09:00+00:00,4812.28,4746.27,4841.21565,4841.21565,stop_loss
22917,2026-02-01T23:13:00+00:00,2026-02-01T23:14:00+00:00,2026-02-01T23:14:00+00:00,2,up,4770.48,4755.48,-15.0,0.7913872928883223,0.7913872928883223,0,22917,2026-02-01T23:13:00+00:00,4765.63,4775.95,4794.332399999999,4794.332399999999,stop_loss
22919,2026-02-01T23:15:00+00:00,2026-02-01T23:16:00+00:00,2026-02-01T23:18:00+00:00,2,up,4737.08,4722.08,-15.0,0.9847372067726623,0.9410024091984622,0,22919,2026-02-01T23:15:00+00:00,4732.18,4780.5,4760.7654,4760.7654,stop_loss
22922,2026-02-01T23:18:00+00:00,2026-02-01T23:19:00+00:00,2026-02-01T23:21:00+00:00,2,up,4705.85,4737.57,31.719999999999345,0.9894464446088294,0.9781357737396126,1,22923,2026-02-01T23:19:00+00:00,4700.05,4773.1,4737.57,4729.37925,target_hit
22925,2026-02-01T23:21:00+00:00,2026-02-01T23:22:00+00:00,2026-02-01T23:25:00+00:00,2,up,4730.05,4715.05,-15.0,0.9812915974191805,0.9773350982630268,1,22927,2026-02-01T23:23:00+00:00,4724.69,4730.35,4763.8005,4753.70025,stop_loss
22929,2026-02-01T23:25:00+00:00,2026-02-01T23:26:00+00:00,2026-02-01T23:27:00+00:00,2,up,4739.6,4724.6,-15.0,0.989599605372047,0.9861565829502144,0,22929,2026-02-01T23:25:00+00:00,4734.5,4758.95,4763.298000000001,4763.298000000001,stop_loss
22931,2026-02-01T23:27:00+00:00,2026-02-01T23:28:00+00:00,2026-02-01T23:30:00+00:00,2,up,4728.25,4713.25,-15.0,0.9853691361567924,0.963179092197733,0,22931,2026-02-01T23:27:00+00:00,4724.0,4753.6,4751.89125,4751.89125,stop_loss
22934,2026-02-01T23:30:00+00:00,2026-02-01T23:31:00+00:00,2026-02-01T23:34:00+00:00,2,up,4722.44,4746.1527,23.71270000000004,0.9978248168852029,0.995474192761908,1,22935,2026-02-01T23:31:00+00:00,4717.89,4755.4,4746.1527,4746.052199999999,target_hit
22938,2026-02-01T23:34:00+00:00,2026-02-01T23:35:00+00:00,2026-02-01T23:39:00+00:00,2,up,4750.87,4779.20715,28.337150000000292,0.9979045220018082,0.998501728568121,1,22939,2026-02-01T23:35:00+00:00,4746.27,4757.0,4779.20715,4774.62435,target_hit
22943,2026-02-01T23:39:00+00:00,2026-02-01T23:40:00+00:00,2026-02-01T23:45:00+00:00,2,up,4780.55,4765.55,-15.0,0.9957365627921685,0.9979194660682993,0,22943,2026-02-01T23:39:00+00:00,4775.7,4784.4,4804.45275,4804.45275,stop_loss
22949,2026-02-01T23:45:00+00:00,2026-02-01T23:46:00+00:00,2026-02-01T23:46:00+00:00,2,up,4746.83,4731.83,-15.0,0.9148846644353483,0.9148846644353483,0,22949,2026-02-01T23:45:00+00:00,4741.94,4816.01,4770.56415,4770.56415,stop_loss
22950,2026-02-01T23:46:00+00:00,2026-02-01T23:47:00+00:00,2026-02-01T23:47:00+00:00,2,up,4746.25,4731.25,-15.0,0.8425945074937295,0.8425945074937295,0,22950,2026-02-01T23:46:00+00:00,4749.35,4833.2,4769.98125,4769.98125,stop_loss
22951,2026-02-01T23:47:00+00:00,2026-02-01T23:48:00+00:00,2026-02-02T00:02:00+00:00,2,up,4736.55,4770.08175,33.5317500000001,0.8510460428592648,0.9141137116156897,1,22953,2026-02-01T23:49:00+00:00,4733.15,4844.4,4770.08175,4760.23275,target_hit
22970,2026-02-02T00:06:00+00:00,2026-02-02T00:07:00+00:00,2026-02-02T00:08:00+00:00,0,down,4783.56,4798.56,-15.0,0.6631622869211131,0.5996164052596813,0,22970,2026-02-02T00:06:00+00:00,4786.5,4829.0,4759.6422,4759.6422,stop_loss
22972,2026-02-02T00:08:00+00:00,2026-02-02T00:09:00+00:00,2026-02-02T00:09:00+00:00,0,down,4806.88,4821.88,-15.0,0.6176063450212115,0.6176063450212115,0,22972,2026-02-02T00:08:00+00:00,4809.79,4814.74,4782.845600000001,4782.845600000001,stop_loss
22974,2026-02-02T00:10:00+00:00,2026-02-02T00:11:00+00:00,2026-02-02T00:11:00+00:00,0,down,4816.21,4831.21,-15.0,0.6098736022184984,0.6098736022184984,0,22974,2026-02-02T00:10:00+00:00,4818.3,4829.32,4792.12895,4792.12895,stop_loss
22975,2026-02-02T00:11:00+00:00,2026-02-02T00:12:00+00:00,2026-02-02T00:15:00+00:00,0,down,4833.4,4848.4,-15.0,0.5826546456055781,0.6367452874293491,0,22975,2026-02-02T00:11:00+00:00,4835.17,4831.8,4809.232999999999,4809.232999999999,stop_loss
22979,2026-02-02T00:15:00+00:00,2026-02-02T00:16:00+00:00,2026-02-02T00:18:00+00:00,0,down,4853.2,4868.2,-15.0,0.8992999515033896,0.9400556435809673,0,22979,2026-02-02T00:15:00+00:00,4856.04,4829.09,4828.934,4828.934,stop_loss
22982,2026-02-02T00:18:00+00:00,2026-02-02T00:19:00+00:00,2026-02-02T00:21:00+00:00,0,down,4866.19,4881.19,-15.0,0.9163791634012007,0.9431878743561488,2,22984,2026-02-02T00:20:00+00:00,4869.71,4794.14,4835.45125,4841.85905,stop_loss
22985,2026-02-02T00:21:00+00:00,2026-02-02T00:22:00+00:00,2026-02-02T00:24:00+00:00,0,down,4883.1,4858.6845,24.415500000000065,0.8904695176680291,0.9224602959641497,0,22985,2026-02-02T00:21:00+00:00,4885.48,4796.8,4858.6845,4858.6845,target_hit
22988,2026-02-02T00:24:00+00:00,2026-02-02T00:25:00+00:00,2026-02-02T00:25:00+00:00,0,down,4853.35,4829.083250000001,24.266749999999774,0.9145810869646419,0.9145810869646419,0,22988,2026-02-02T00:24:00+00:00,4857.25,4798.98,4829.083250000001,4829.083250000001,target_hit
22989,2026-02-02T00:25:00+00:00,2026-02-02T00:26:00+00:00,2026-02-02T00:43:00+00:00,0,down,4843.3,4810.2877,33.01230000000032,0.9424343004244622,0.9804023260598869,5,22994,2026-02-02T00:30:00+00:00,4845.11,4780.6,4810.2877,4819.0835,target_hit
23007,2026-02-02T00:43:00+00:00,2026-02-02T00:44:00+00:00,2026-02-02T00:47:00+00:00,0,down,4807.2,4783.164,24.036000000000058,0.9745225631104221,0.8438067940957075,0,23007,2026-02-02T00:43:00+00:00,4806.9,4715.82,4783.164,4783.164,target_hit
23011,2026-02-02T00:47:00+00:00,2026-02-02T00:48:00+00:00,2026-02-02T00:48:00+00:00,0,down,4782.54,4797.54,-15.0,0.8464935195660028,0.8464935195660028,0,23011,2026-02-02T00:47:00+00:00,4784.86,4594.6,4758.6273,4758.6273,stop_loss
23012,2026-02-02T00:48:00+00:00,2026-02-02T00:49:00+00:00,2026-02-02T00:56:00+00:00,0,down,4791.44,4772.8956,18.54439999999977,0.8938408741053265,0.8939430061147516,2,23014,2026-02-02T00:50:00+00:00,4793.36,4672.1,4772.8956,4767.4828,target_hit
23020,2026-02-02T00:56:00+00:00,2026-02-02T00:57:00+00:00,2026-02-02T01:30:00+00:00,2,up,4767.12,4752.12,-15.0,0.557922035455826,0.5766729576077649,1,23021,2026-02-02T00:57:00+00:00,4764.88,4682.01,4794.2519999999995,4790.9556,stop_loss
23042,2026-02-02T01:48:00+00:00,2026-02-02T01:49:00+00:00,2026-02-02T02:03:00+00:00,2,up,4726.31,4711.31,-15.0,0.6079896124417514,0.5503832494344937,1,23045,2026-02-02T01:51:00+00:00,4724.9,4739.35,4765.8105000000005,4749.9415500000005,stop_loss
23057,2026-02-02T02:03:00+00:00,2026-02-02T02:04:00+00:00,2026-02-02T02:04:00+00:00,0,down,4715.48,4730.48,-15.0,0.6954314618686064,0.6954314618686064,0,23057,2026-02-02T02:03:00+00:00,4717.36,4742.07,4691.902599999999,4691.902599999999,stop_loss
23058,2026-02-02T02:04:00+00:00,2026-02-02T02:05:00+00:00,2026-02-02T02:10:00+00:00,0,down,4724.16,4700.777999999999,23.382000000000517,0.6016919898639443,0.5852643188028335,1,23060,2026-02-02T02:06:00+00:00,4727.14,4749.2,4700.777999999999,4700.5392,target_hit
23084,2026-02-02T02:30:00+00:00,2026-02-02T02:31:00+00:00,2026-02-02T02:33:00+00:00,2,up,4745.65,4770.62445,24.974450000000616,0.6437224920114964,0.6824986751104067,1,23085,2026-02-02T02:31:00+00:00,4743.54,4731.5,4770.62445,4769.37825,target_hit
23087,2026-02-02T02:33:00+00:00,2026-02-02T02:34:00+00:00,2026-02-02T02:47:00+00:00,2,up,4759.27,4744.27,-15.0,0.770372484335798,0.5811520986827368,1,23097,2026-02-02T02:43:00+00:00,4757.21,4709.78,4795.7796,4783.06635,stop_loss
23101,2026-02-02T02:47:00+00:00,2026-02-02T02:48:00+00:00,2026-02-02T02:48:00+00:00,2,up,4743.95,4728.95,-15.0,0.718801738413769,0.718801738413769,0,23101,2026-02-02T02:47:00+00:00,4741.97,4710.65,4767.66975,4767.66975,stop_loss
23103,2026-02-02T02:49:00+00:00,2026-02-02T02:50:00+00:00,2026-02-02T02:57:00+00:00,2,up,4730.42,4715.42,-15.0,0.7860966766111881,0.6549651740789572,1,23110,2026-02-02T02:56:00+00:00,4727.8,4723.25,4755.1575,4754.0721,stop_loss
23111,2026-02-02T02:57:00+00:00,2026-02-02T02:58:00+00:00,2026-02-02T03:05:00+00:00,2,up,4704.92,4706.19,1.269999999999527,0.8059076073686537,0.6105081890594464,1,23113,2026-02-02T02:59:00+00:00,4702.95,4715.0,4733.2284,4728.4446,reverse_signal
23119,2026-02-02T03:05:00+00:00,2026-02-02T03:06:00+00:00,2026-02-02T03:15:00+00:00,0,down,4714.45,4689.9325,24.517499999999927,0.5978761492569,0.6645822619095652,3,23124,2026-02-02T03:10:00+00:00,4716.12,4660.6,4689.9325,4690.87775,target_hit
23129,2026-02-02T03:15:00+00:00,2026-02-02T03:16:00+00:00,2026-02-02T03:17:00+00:00,0,down,4671.45,4686.45,-15.0,0.6118411998667146,0.6760071862887185,1,23130,2026-02-02T03:16:00+00:00,4677.15,4651.0,4659.3064,4648.09275,stop_loss
23133,2026-02-02T03:19:00+00:00,2026-02-02T03:20:00+00:00,2026-02-02T03:31:00+00:00,0,down,4716.15,4697.75,18.399999999999636,0.6171899029331442,0.6013144494768561,3,23141,2026-02-02T03:27:00+00:00,4718.3,4675.15,4684.5595,4692.56925,reverse_signal
23145,2026-02-02T03:31:00+00:00,2026-02-02T03:32:00+00:00,2026-02-02T03:33:00+00:00,2,up,4687.42,4672.42,-15.0,0.9507705330890386,0.9263044307963423,0,23145,2026-02-02T03:31:00+00:00,4687.41,4657.13,4710.8571,4710.8571,stop_loss
23147,2026-02-02T03:33:00+00:00,2026-02-02T03:34:00+00:00,2026-02-02T03:35:00+00:00,2,up,4679.05,4664.05,-15.0,0.9084284989803408,0.9369945404176654,0,23147,2026-02-02T03:33:00+00:00,4676.25,4644.74,4702.44525,4702.44525,stop_loss
23149,2026-02-02T03:35:00+00:00,2026-02-02T03:36:00+00:00,2026-02-02T03:39:00+00:00,2,up,4659.9,4644.9,-15.0,0.9506118166918852,0.8800722206455334,1,23150,2026-02-02T03:36:00+00:00,4658.0,4618.92,4684.65675,4683.1995,stop_loss
23153,2026-02-02T03:39:00+00:00,2026-02-02T03:40:00+00:00,2026-02-02T03:40:00+00:00,2,up,4655.56,4640.56,-15.0,0.9453562286587391,0.9453562286587391,0,23153,2026-02-02T03:39:00+00:00,4652.95,4610.14,4678.8378,4678.8378,stop_loss
23154,2026-02-02T03:40:00+00:00,2026-02-02T03:41:00+00:00,2026-02-02T03:47:00+00:00,2,up,4640.35,4674.1545,33.80449999999928,0.8676478843288019,0.9311093191934208,1,23155,2026-02-02T03:41:00+00:00,4636.8,4636.74,4674.1545,4663.5517500000005,target_hit
23183,2026-02-02T04:09:00+00:00,2026-02-02T04:10:00+00:00,2026-02-02T04:15:00+00:00,0,down,4655.13,4670.13,-15.0,0.8403755266847339,0.7038182931929808,2,23185,2026-02-02T04:11:00+00:00,4656.5,4691.8,4625.30725,4631.8543500000005,stop_loss
23189,2026-02-02T04:15:00+00:00,2026-02-02T04:16:00+00:00,2026-02-02T04:20:00+00:00,2,up,4673.48,4699.0584,25.57840000000033,0.9977785345932069,0.9928859279810542,1,23192,2026-02-02T04:18:00+00:00,4671.35,4684.1,4699.0584,4696.8474,target_hit
23194,2026-02-02T04:20:00+00:00,2026-02-02T04:21:00+00:00,2026-02-02T04:23:00+00:00,2,up,4691.6,4676.6,-15.0,0.990226952263261,0.9865606783626806,0,23194,2026-02-02T04:20:00+00:00,4689.29,4698.2,4715.058,4715.058,stop_loss
23197,2026-02-02T04:23:00+00:00,2026-02-02T04:24:00+00:00,2026-02-02T04:39:00+00:00,2,up,4680.2,4665.2,-15.0,0.9790642678548044,0.9497472766233537,1,23199,2026-02-02T04:25:00+00:00,4678.36,4686.9,4708.1335500000005,4703.601,stop_loss
23213,2026-02-02T04:39:00+00:00,2026-02-02T04:40:00+00:00,2026-02-02T04:46:00+00:00,2,up,4669.3,4700.2845,30.98449999999957,0.9760143079364829,0.9597316539547305,1,23215,2026-02-02T04:41:00+00:00,4666.28,4674.6,4700.2845,4692.6465,target_hit
23220,2026-02-02T04:46:00+00:00,2026-02-02T04:47:00+00:00,2026-02-02T04:50:00+00:00,0,down,4702.97,4679.455150000001,23.51484999999957,0.5566497946843911,0.5566497946843911,0,23220,2026-02-02T04:46:00+00:00,4705.28,4668.87,4679.455150000001,4679.455150000001,target_hit
23224,2026-02-02T04:50:00+00:00,2026-02-02T04:51:00+00:00,2026-02-02T05:12:00+00:00,0,down,4686.94,4661.04765,25.89234999999917,0.5669230013136881,0.6512408423099336,2,23236,2026-02-02T05:02:00+00:00,4689.61,4663.45,4661.04765,4663.5053,target_hit
23246,2026-02-02T05:12:00+00:00,2026-02-02T05:13:00+00:00,2026-02-02T05:16:00+00:00,0,down,4659.37,4674.37,-15.0,0.5520619414836302,0.8285708630089466,0,23246,2026-02-02T05:12:00+00:00,4662.48,4607.9,4636.07315,4636.07315,stop_loss
23250,2026-02-02T05:16:00+00:00,2026-02-02T05:17:00+00:00,2026-02-02T05:30:00+00:00,0,down,4671.22,4647.8639,23.35609999999997,0.7829671200805498,0.8724495906826425,0,23250,2026-02-02T05:16:00+00:00,4675.09,4605.05,4647.8639,4647.8639,target_hit
23264,2026-02-02T05:30:00+00:00,2026-02-02T05:31:00+00:00,2026-02-02T05:37:00+00:00,0,down,4634.76,4610.2529,24.50709999999981,0.8917821795848024,0.8511740176468111,2,23268,2026-02-02T05:34:00+00:00,4637.57,4551.2,4610.2529,4611.586200000001,target_hit
23271,2026-02-02T05:37:00+00:00,2026-02-02T05:38:00+00:00,2026-02-02T05:38:00+00:00,0,down,4604.88,4619.88,-15.0,0.8204038840082879,0.8204038840082879,0,23271,2026-02-02T05:37:00+00:00,4607.9,4555.46,4581.8556,4581.8556,stop_loss
23272,2026-02-02T05:38:00+00:00,2026-02-02T05:39:00+00:00,2026-02-02T05:44:00+00:00,0,down,4616.71,4590.88025,25.829749999999876,0.8382735801545802,0.8570877359213308,2,23274,2026-02-02T05:40:00+00:00,4618.99,4556.55,4590.88025,4593.62645,target_hit
23278,2026-02-02T05:44:00+00:00,2026-02-02T05:45:00+00:00,2026-02-02T05:48:00+00:00,0,down,4574.55,4551.67725,22.87275000000045,0.5648234737584412,0.5648234737584412,0,23278,2026-02-02T05:44:00+00:00,4577.5,4552.7,4551.67725,4551.67725,target_hit
23294,2026-02-02T06:00:00+00:00,2026-02-02T06:01:00+00:00,2026-02-02T06:06:00+00:00,0,down,4567.95,4532.6827,35.26729999999952,0.7923887575097037,0.9866899234838594,2,23296,2026-02-02T06:02:00+00:00,4569.5,4458.1,4532.6827,4545.11025,target_hit
23310,2026-02-02T06:16:00+00:00,2026-02-02T06:17:00+00:00,2026-02-02T06:17:00+00:00,2,up,4535.9,4520.9,-15.0,0.564048920608902,0.564048920608902,0,23310,2026-02-02T06:16:00+00:00,4533.2,4429.6,4558.5795,4558.5795,stop_loss
23311,2026-02-02T06:17:00+00:00,2026-02-02T06:18:00+00:00,2026-02-02T06:20:00+00:00,2,up,4524.9,4509.9,-15.0,0.6810394891802464,0.6810394891802464,0,23311,2026-02-02T06:17:00+00:00,4522.1,4438.4,4547.5244999999995,4547.5244999999995,stop_loss
23314,2026-02-02T06:20:00+00:00,2026-02-02T06:21:00+00:00,2026-02-02T06:21:00+00:00,2,up,4509.23,4494.23,-15.0,0.6394944112241585,0.6394944112241585,0,23314,2026-02-02T06:20:00+00:00,4506.2,4454.6,4531.77615,4531.77615,stop_loss
23315,2026-02-02T06:21:00+00:00,2026-02-02T06:22:00+00:00,2026-02-02T06:23:00+00:00,2,up,4490.6,4475.6,-15.0,0.5725915087508288,0.69277742188832,0,23315,2026-02-02T06:21:00+00:00,4487.27,4453.9,4513.053000000001,4513.053000000001,stop_loss
23318,2026-02-02T06:24:00+00:00,2026-02-02T06:25:00+00:00,2026-02-02T06:25:00+00:00,2,up,4453.5,4475.7675,22.267499999999927,0.6153131673335178,0.6153131673335178,0,23318,2026-02-02T06:24:00+00:00,4449.2,4437.9,4475.7675,4475.7675,target_hit
23319,2026-02-02T06:25:00+00:00,2026-02-02T06:26:00+00:00,2026-02-02T06:26:00+00:00,2,up,4470.0,4455.0,-15.0,0.6590993376877696,0.6590993376877696,0,23319,2026-02-02T06:25:00+00:00,4467.3,4470.4,4492.35,4492.35,stop_loss
23320,2026-02-02T06:26:00+00:00,2026-02-02T06:27:00+00:00,2026-02-02T06:27:00+00:00,2,up,4454.6,4439.6,-15.0,0.57482183312196,0.57482183312196,0,23320,2026-02-02T06:26:00+00:00,4451.2,4467.5,4476.8730000000005,4476.8730000000005,stop_loss
23321,2026-02-02T06:27:00+00:00,2026-02-02T06:28:00+00:00,2026-02-02T06:30:00+00:00,2,up,4460.13,4497.777,37.646999999999935,0.6446659633047456,0.7100640994795322,1,23322,2026-02-02T06:28:00+00:00,4455.7,4475.3,4497.777,4482.43065,target_hit
23324,2026-02-02T06:30:00+00:00,2026-02-02T06:31:00+00:00,2026-02-02T06:31:00+00:00,2,up,4496.6,4481.6,-15.0,0.8786370901707039,0.8786370901707039,0,23324,2026-02-02T06:30:00+00:00,4490.63,4498.49,4519.0830000000005,4519.0830000000005,stop_loss
23325,2026-02-02T06:31:00+00:00,2026-02-02T06:32:00+00:00,2026-02-02T06:33:00+00:00,2,up,4482.8,4467.8,-15.0,0.6517751704319149,0.7871048962794562,0,23325,2026-02-02T06:31:00+00:00,4478.3,4507.94,4505.214,4505.214,stop_loss
23327,2026-02-02T06:33:00+00:00,2026-02-02T06:34:00+00:00,2026-02-02T06:36:00+00:00,2,up,4468.9,4453.9,-15.0,0.8510396982040751,0.8402885716055926,0,23327,2026-02-02T06:33:00+00:00,4465.56,4501.9,4491.2445,4491.2445,stop_loss
23330,2026-02-02T06:36:00+00:00,2026-02-02T06:37:00+00:00,2026-02-02T06:37:00+00:00,2,up,4458.51,4443.51,-15.0,0.825442737201447,0.825442737201447,0,23330,2026-02-02T06:36:00+00:00,4454.9,4510.6,4480.80255,4480.80255,stop_loss
23331,2026-02-02T06:37:00+00:00,2026-02-02T06:38:00+00:00,2026-02-02T06:38:00+00:00,2,up,4430.5,4415.5,-15.0,0.780091741564152,0.780091741564152,0,23331,2026-02-02T06:37:00+00:00,4426.61,4522.7,4452.6525,4452.6525,stop_loss
23332,2026-02-02T06:38:00+00:00,2026-02-02T06:39:00+00:00,2026-02-02T06:42:00+00:00,2,up,4409.0,4438.9644,29.96439999999984,0.6736402686870891,0.888171456596149,1,23334,2026-02-02T06:40:00+00:00,4403.65,4533.7,4438.9644,4431.045,target_hit
23336,2026-02-02T06:42:00+00:00,2026-02-02T06:43:00+00:00,2026-02-02T06:43:00+00:00,2,up,4442.34,4427.34,-15.0,0.8807035911505441,0.8807035911505441,0,23336,2026-02-02T06:42:00+00:00,4438.4,4546.2,4464.5517,4464.5517,stop_loss
23337,2026-02-02T06:43:00+00:00,2026-02-02T06:44:00+00:00,2026-02-02T06:44:00+00:00,2,up,4430.7,4452.8535,22.15350000000035,0.8808162568383296,0.8808162568383296,0,23337,2026-02-02T06:43:00+00:00,4427.66,4547.3,4452.8535,4452.8535,target_hit
23338,2026-02-02T06:44:00+00:00,2026-02-02T06:45:00+00:00,2026-02-02T06:49:00+00:00,2,up,4454.3,4439.3,-15.0,0.858891350813154,0.6767416234933269,0,23338,2026-02-02T06:44:00+00:00,4450.7,4552.2,4476.5715,4476.5715,stop_loss
23343,2026-02-02T06:49:00+00:00,2026-02-02T06:50:00+00:00,2026-02-02T06:50:00+00:00,2,up,4442.1,4464.3105000000005,22.21050000000014,0.6102030520492402,0.6102030520492402,0,23343,2026-02-02T06:49:00+00:00,4437.9,4536.8,4464.3105000000005,4464.3105000000005,target_hit
23344,2026-02-02T06:50:00+00:00,2026-02-02T06:51:00+00:00,2026-02-02T06:51:00+00:00,2,up,4472.8,4457.8,-15.0,0.5719011464089353,0.5719011464089353,0,23344,2026-02-02T06:50:00+00:00,4470.4,4549.1,4495.164,4495.164,stop_loss
23345,2026-02-02T06:51:00+00:00,2026-02-02T06:52:00+00:00,2026-02-02T06:55:00+00:00,2,up,4471.14,4495.1840999999995,24.044099999999162,0.5645017871392707,0.603897375541091,1,23346,2026-02-02T06:52:00+00:00,4467.5,4537.3,4495.1840999999995,4493.4957,target_hit
23349,2026-02-02T06:55:00+00:00,2026-02-02T06:56:00+00:00,2026-02-02T15:00:00+00:00,2,up,4501.5,4530.4797,28.979699999999866,0.6532798369621791,0.5662830417368752,1,23350,2026-02-02T06:56:00+00:00,4498.49,4538.4,4530.4797,4524.0075,target_hit
23354,2026-02-02T15:00:00+00:00,2026-02-02T15:01:00+00:00,2026-02-02T15:03:00+00:00,0,down,4711.53,4726.53,-15.0,0.850419937662007,0.7271514930209936,0,23354,2026-02-02T15:00:00+00:00,4713.4,4707.59,4687.97235,4687.97235,stop_loss
23357,2026-02-02T15:03:00+00:00,2026-02-02T15:04:00+00:00,2026-02-02T15:05:00+00:00,0,down,4728.05,4743.05,-15.0,0.6496106300952934,0.6496106300952934,0,23357,2026-02-02T15:03:00+00:00,4730.15,4678.27,4704.40975,4704.40975,stop_loss
23359,2026-02-02T15:05:00+00:00,2026-02-02T15:06:00+00:00,2026-02-02T15:12:00+00:00,0,down,4731.8,4708.1410000000005,23.65899999999965,0.6618715668751431,0.5714359420412198,0,23359,2026-02-02T15:05:00+00:00,4733.95,4659.0,4708.1410000000005,4708.1410000000005,target_hit
23369,2026-02-02T15:15:00+00:00,2026-02-02T15:16:00+00:00,2026-02-02T15:24:00+00:00,0,down,4717.6,4688.420099999999,29.179900000001,0.687112096353039,0.6349335897826103,2,23371,2026-02-02T15:17:00+00:00,4719.95,4682.89,4688.420099999999,4694.012000000001,target_hit
23378,2026-02-02T15:24:00+00:00,2026-02-02T15:25:00+00:00,2026-02-02T15:25:00+00:00,0,down,4697.07,4712.07,-15.0,0.6494284319776532,0.6494284319776532,0,23378,2026-02-02T15:24:00+00:00,4698.95,4660.15,4673.58465,4673.58465,stop_loss
23379,2026-02-02T15:25:00+00:00,2026-02-02T15:26:00+00:00,2026-02-02T15:28:00+00:00,0,down,4707.2,4689.0867499999995,18.113250000000335,0.6964278608979946,0.6405342662364075,1,23380,2026-02-02T15:26:00+00:00,4707.59,4661.25,4689.0867499999995,4683.664,target_hit
23382,2026-02-02T15:28:00+00:00,2026-02-02T15:29:00+00:00,2026-02-02T15:30:00+00:00,0,down,4676.6,4659.13725,17.462750000000597,0.6277681605231975,0.606506591230779,1,23383,2026-02-02T15:29:00+00:00,4678.27,4642.85,4659.13725,4653.217000000001,target_hit
23384,2026-02-02T15:30:00+00:00,2026-02-02T15:31:00+00:00,2026-02-02T15:33:00+00:00,0,down,4656.37,4671.37,-15.0,0.9286511949079786,0.9238751288877726,1,23386,2026-02-02T15:32:00+00:00,4659.0,4630.33,4640.23225,4633.08815,stop_loss
23387,2026-02-02T15:33:00+00:00,2026-02-02T15:34:00+00:00,2026-02-02T15:35:00+00:00,0,down,4675.55,4690.55,-15.0,0.967913434804171,0.9765903887505231,1,23388,2026-02-02T15:34:00+00:00,4677.75,4620.85,4661.803849999999,4652.1722500000005,stop_loss
23389,2026-02-02T15:35:00+00:00,2026-02-02T15:36:00+00:00,2026-02-02T15:39:00+00:00,0,down,4686.54,4701.54,-15.0,0.9890727839645148,0.9411346429994026,2,23392,2026-02-02T15:38:00+00:00,4689.91,4632.39,4665.54505,4663.1073,stop_loss
23393,2026-02-02T15:39:00+00:00,2026-02-02T15:40:00+00:00,2026-02-02T15:43:00+00:00,0,down,4703.17,4679.65415,23.515849999999773,0.9907516133318378,0.9526585446630399,0,23393,2026-02-02T15:39:00+00:00,4704.15,4645.55,4679.65415,4679.65415,target_hit
23397,2026-02-02T15:43:00+00:00,2026-02-02T15:44:00+00:00,2026-02-02T15:53:00+00:00,0,down,4674.1,4643.9237,30.176300000000083,0.9266381423217979,0.8330856878662589,2,23399,2026-02-02T15:45:00+00:00,4675.93,4682.96,4643.9237,4650.7295,target_hit
23407,2026-02-02T15:53:00+00:00,2026-02-02T15:54:00+00:00,2026-02-02T16:00:00+00:00,0,down,4640.09,4613.785150000001,26.304849999999533,0.6436156704593821,0.5505185413599327,3,23410,2026-02-02T15:56:00+00:00,4641.95,4706.55,4613.785150000001,4616.88955,target_hit
23420,2026-02-02T16:06:00+00:00,2026-02-02T16:07:00+00:00,2026-02-02T16:09:00+00:00,0,down,4663.81,4678.81,-15.0,0.6878824170741604,0.9571657652240028,2,23422,2026-02-02T16:08:00+00:00,4665.55,4661.24,4649.56535,4640.49095,stop_loss
23423,2026-02-02T16:09:00+00:00,2026-02-02T16:10:00+00:00,2026-02-02T16:11:00+00:00,0,down,4675.75,4690.75,-15.0,0.9348015972379633,0.976403677454554,1,23424,2026-02-02T16:10:00+00:00,4677.38,4670.15,4659.5452000000005,4652.37125,stop_loss
23425,2026-02-02T16:11:00+00:00,2026-02-02T16:12:00+00:00,2026-02-02T16:14:00+00:00,0,down,4683.65,4698.65,-15.0,0.975764705268394,0.962204989114065,2,23427,2026-02-02T16:13:00+00:00,4685.85,4669.38,4671.67425,4660.23175,stop_loss
23428,2026-02-02T16:14:00+00:00,2026-02-02T16:15:00+00:00,2026-02-02T16:32:00+00:00,0,down,4696.65,4662.85855,33.79144999999971,0.9142318440605086,0.987069209794659,5,23439,2026-02-02T16:25:00+00:00,4698.75,4655.12,4662.85855,4673.166749999999,target_hit
23457,2026-02-02T16:43:00+00:00,2026-02-02T16:44:00+00:00,2026-02-02T16:45:00+00:00,0,down,4686.55,4663.11725,23.432749999999942,0.6121368389170002,0.9137786407030228,0,23457,2026-02-02T16:43:00+00:00,4688.0,4706.89,4663.11725,4663.11725,target_hit
23462,2026-02-02T16:48:00+00:00,2026-02-02T16:49:00+00:00,2026-02-02T16:58:00+00:00,0,down,4660.65,4675.65,-15.0,0.8794922129711351,0.99127578118525,3,23469,2026-02-02T16:55:00+00:00,4661.97,4670.14,4635.75475,4637.34675,stop_loss
23472,2026-02-02T16:58:00+00:00,2026-02-02T16:59:00+00:00,2026-02-02T17:01:00+00:00,0,down,4666.21,4681.21,-15.0,0.9943511420429834,0.9924768894054429,1,23473,2026-02-02T16:59:00+00:00,4667.25,4674.05,4643.91375,4642.87895,stop_loss
23477,2026-02-02T17:03:00+00:00,2026-02-02T17:04:00+00:00,2026-02-02T17:07:00+00:00,2,up,4677.98,4701.3699,23.389900000000125,0.5511291574235961,0.5511291574235961,0,23477,2026-02-02T17:03:00+00:00,4677.17,4662.76,4701.3699,4701.3699,target_hit
23489,2026-02-02T17:15:00+00:00,2026-02-02T17:16:00+00:00,2026-02-02T17:18:00+00:00,0,down,4700.83,4677.32585,23.504149999999754,0.9442323764548994,0.957152196072542,0,23489,2026-02-02T17:15:00+00:00,4703.02,4671.09,4677.32585,4677.32585,target_hit
23492,2026-02-02T17:18:00+00:00,2026-02-02T17:19:00+00:00,2026-02-02T18:13:00+00:00,0,down,4678.06,4646.7893,31.270700000000033,0.9566177088371519,0.8791574833556345,2,23494,2026-02-02T17:20:00+00:00,4679.0,4673.07,4646.7893,4654.6697,target_hit
23547,2026-02-02T18:13:00+00:00,2026-02-02T18:14:00+00:00,2026-02-02T18:19:00+00:00,0,down,4646.98,4623.745099999999,23.23490000000038,0.7718834031502717,0.8848436652796892,0,23547,2026-02-02T18:13:00+00:00,4648.57,4658.49,4623.745099999999,4623.745099999999,target_hit
23553,2026-02-02T18:19:00+00:00,2026-02-02T18:20:00+00:00,2026-02-02T18:21:00+00:00,0,down,4623.8,4638.8,-15.0,0.8253665126873305,0.8253665126873305,0,23553,2026-02-02T18:19:00+00:00,4625.44,4657.55,4600.6810000000005,4600.6810000000005,stop_loss
23555,2026-02-02T18:21:00+00:00,2026-02-02T18:22:00+00:00,2026-02-02T18:31:00+00:00,0,down,4636.7,4651.7,-15.0,0.8383619466738366,0.8621135186519273,6,23561,2026-02-02T18:27:00+00:00,4637.67,4660.6,4612.5016000000005,4613.5165,stop_loss
23565,2026-02-02T18:31:00+00:00,2026-02-02T18:32:00+00:00,2026-02-02T18:35:00+00:00,0,down,4648.65,4663.65,-15.0,0.6923380316510512,0.7966493704310277,2,23568,2026-02-02T18:34:00+00:00,4650.52,4658.57,4633.94385,4625.406749999999,stop_loss
23569,2026-02-02T18:35:00+00:00,2026-02-02T18:36:00+00:00,2026-02-02T19:19:00+00:00,0,down,4660.55,4635.19755,25.352450000000317,0.880281210780022,0.5529967047336093,3,23572,2026-02-02T18:38:00+00:00,4662.46,4644.02,4635.19755,4637.24725,target_hit
23613,2026-02-02T19:19:00+00:00,2026-02-02T19:20:00+00:00,2026-02-02T19:39:00+00:00,2,up,4635.57,4662.999,27.429000000000087,0.5621346267175591,0.931262562910961,1,23624,2026-02-02T19:30:00+00:00,4634.32,4682.06,4662.999,4658.74785,target_hit
23633,2026-02-02T19:39:00+00:00,2026-02-02T19:40:00+00:00,2026-02-02T19:45:00+00:00,2,up,4660.62,4701.6915,41.071500000000015,0.8928148586268294,0.9156242047193979,1,23634,2026-02-02T19:40:00+00:00,4660.69,4672.08,4701.6915,4683.9231,target_hit
23639,2026-02-02T19:45:00+00:00,2026-02-02T19:46:00+00:00,2026-02-02T19:53:00+00:00,2,up,4707.22,4692.22,-15.0,0.9338150952726136,0.8915874743811874,1,23644,2026-02-02T19:50:00+00:00,4706.87,4684.12,4731.2384999999995,4730.7561000000005,stop_loss
23647,2026-02-02T19:53:00+00:00,2026-02-02T19:54:00+00:00,2026-02-02T19:56:00+00:00,2,up,4692.17,4677.17,-15.0,0.9512048382729185,0.9671976737942063,0,23647,2026-02-02T19:53:00+00:00,4691.03,4681.7,4715.6308500000005,4715.6308500000005,stop_loss
23650,2026-02-02T19:56:00+00:00,2026-02-02T19:57:00+00:00,2026-02-02T20:16:00+00:00,2,up,4679.0,4686.51,7.510000000000218,0.9418254789653775,0.6813721851488146,1,23651,2026-02-02T19:57:00+00:00,4677.79,4658.93,4708.1436,4702.395,reverse_signal
23670,2026-02-02T20:16:00+00:00,2026-02-02T20:17:00+00:00,2026-02-02T20:22:00+00:00,0,down,4682.8,4659.2865,23.513500000000022,0.7905390510642949,0.8516853729984578,2,23672,2026-02-02T20:18:00+00:00,4683.77,4692.37,4659.2865,4659.386,target_hit
23676,2026-02-02T20:22:00+00:00,2026-02-02T20:23:00+00:00,2026-02-02T20:39:00+00:00,0,down,4658.85,4673.85,-15.0,0.6366269001422149,0.9815335494382177,14,23692,2026-02-02T20:38:00+00:00,4660.36,4661.35,4646.8092,4635.55575,stop_loss
23693,2026-02-02T20:39:00+00:00,2026-02-02T20:40:00+00:00,2026-02-02T20:41:00+00:00,0,down,4668.59,4683.59,-15.0,0.9719531930644764,0.9771467755311074,1,23694,2026-02-02T20:40:00+00:00,4670.47,4661.35,4647.6848,4645.24705,stop_loss
23695,2026-02-02T20:41:00+00:00,2026-02-02T20:42:00+00:00,2026-02-02T20:46:00+00:00,0,down,4681.3,4675.8,5.5,0.9849859113682604,0.9844491352160889,3,23698,2026-02-02T20:44:00+00:00,4682.83,4664.3,4657.445750000001,4657.8935,reverse_signal
23700,2026-02-02T20:46:00+00:00,2026-02-02T20:47:00+00:00,2026-02-02T20:58:00+00:00,2,up,4675.55,4660.55,-15.0,0.7834391996069211,0.8988892877849208,0,23700,2026-02-02T20:46:00+00:00,4674.15,4667.92,4698.92775,4698.92775,stop_loss
23712,2026-02-02T20:58:00+00:00,2026-02-02T20:59:00+00:00,2026-02-02T21:27:00+00:00,2,up,4656.26,4682.08395,25.823949999999968,0.9048309533324308,0.6288938676475908,1,23714,2026-02-02T21:00:00+00:00,4654.58,4675.63,4682.08395,4679.5413,target_hit
23741,2026-02-02T21:27:00+00:00,2026-02-02T21:28:00+00:00,2026-02-02T21:45:00+00:00,2,up,4680.7,4665.7,-15.0,0.7001407622632664,0.5965733672740414,0,23741,2026-02-02T21:27:00+00:00,4678.92,4660.89,4704.1035,4704.1035,stop_loss
23763,2026-02-02T21:49:00+00:00,2026-02-02T21:50:00+00:00,2026-02-02T23:01:00+00:00,0,down,4664.81,4679.81,-15.0,0.7007743796667512,0.6439885007458538,0,23763,2026-02-02T21:49:00+00:00,4665.93,4719.8,4641.48595,4641.48595,stop_loss
23774,2026-02-02T23:01:00+00:00,2026-02-02T23:02:00+00:00,2026-02-02T23:03:00+00:00,0,down,4692.0,4707.0,-15.0,0.5631015642084123,0.5631015642084123,0,23774,2026-02-02T23:01:00+00:00,4692.35,4756.5,4668.54,4668.54,stop_loss
23782,2026-02-02T23:09:00+00:00,2026-02-02T23:10:00+00:00,2026-02-02T23:16:00+00:00,0,down,4716.35,4719.79,-3.4399999999996,0.563121329839197,0.640275034374335,2,23787,2026-02-02T23:14:00+00:00,4718.05,4751.55,4696.1015,4692.76825,reverse_signal
23789,2026-02-02T23:16:00+00:00,2026-02-02T23:17:00+00:00,2026-02-02T23:23:00+00:00,2,up,4725.05,4749.17775,24.12774999999965,0.9542004780913078,0.6703150274241966,1,23790,2026-02-02T23:17:00+00:00,4722.25,4732.4,4749.17775,4748.67525,target_hit
23796,2026-02-02T23:23:00+00:00,2026-02-02T23:24:00+00:00,2026-02-02T23:28:00+00:00,2,up,4752.7,4737.7,-15.0,0.7694145300492893,0.8905266467081849,1,23797,2026-02-02T23:24:00+00:00,4748.85,4754.0,4781.79,4776.4635,stop_loss
23801,2026-02-02T23:28:00+00:00,2026-02-02T23:29:00+00:00,2026-02-02T23:31:00+00:00,2,up,4740.77,4725.77,-15.0,0.8844644587320971,0.7109761199541169,0,23801,2026-02-02T23:28:00+00:00,4738.67,4765.78,4764.47385,4764.47385,stop_loss
23807,2026-02-02T23:34:00+00:00,2026-02-02T23:35:00+00:00,2026-02-02T23:59:00+00:00,2,up,4738.7,4771.65,32.94999999999982,0.5807508395960371,0.578628395015201,1,23812,2026-02-02T23:39:00+00:00,4736.82,4794.2,4773.096750000001,4762.3935,reverse_signal
23832,2026-02-02T23:59:00+00:00,2026-02-03T00:00:00+00:00,2026-02-03T00:03:00+00:00,0,down,4774.45,4789.45,-15.0,0.8681087578855257,0.8681087578855257,0,23832,2026-02-02T23:59:00+00:00,4775.82,4815.78,4750.5777499999995,4750.5777499999995,stop_loss
23848,2026-02-03T00:15:00+00:00,2026-02-03T00:16:00+00:00,2026-02-03T00:26:00+00:00,2,up,4796.9,4824.85425,27.954250000000684,0.6850404059797466,0.6287709194185023,1,23850,2026-02-03T00:17:00+00:00,4796.87,4814.36,4824.85425,4820.884499999999,target_hit
23862,2026-02-03T00:29:00+00:00,2026-02-03T00:30:00+00:00,2026-02-03T00:32:00+00:00,2,up,4821.15,4823.45,2.300000000000182,0.6202286515512482,0.6202286515512482,0,23862,2026-02-03T00:29:00+00:00,4819.35,4798.95,4845.255749999999,4845.255749999999,reverse_signal
23866,2026-02-03T00:33:00+00:00,2026-02-03T00:34:00+00:00,2026-02-03T00:55:00+00:00,0,down,4821.65,4792.32795,29.322049999999763,0.6554826049980456,0.5704540455663196,4,23875,2026-02-03T00:42:00+00:00,4823.88,4799.35,4792.32795,4797.541749999999,target_hit
23889,2026-02-03T00:56:00+00:00,2026-02-03T00:57:00+00:00,2026-02-03T01:30:00+00:00,0,down,4788.17,4803.17,-15.0,0.5825555069002903,0.5599761791733147,1,23891,2026-02-03T00:58:00+00:00,4790.71,4850.07,4764.3585,4764.22915,stop_loss
23908,2026-02-03T01:45:00+00:00,2026-02-03T01:46:00+00:00,2026-02-03T02:02:00+00:00,0,down,4837.8,4832.69,5.110000000000582,0.5650041799341543,0.5784977127976092,2,23911,2026-02-03T01:48:00+00:00,4840.42,4795.8,4809.7902,4813.611,reverse_signal
23925,2026-02-03T02:02:00+00:00,2026-02-03T02:03:00+00:00,2026-02-03T02:04:00+00:00,2,up,4831.37,4816.37,-15.0,0.8637065067103902,0.8250851213490831,0,23925,2026-02-03T02:02:00+00:00,4828.98,4764.15,4855.52685,4855.52685,stop_loss
23928,2026-02-03T02:05:00+00:00,2026-02-03T02:06:00+00:00,2026-02-03T02:07:00+00:00,2,up,4818.1,4803.1,-15.0,0.7404608918218607,0.7404608918218607,0,23928,2026-02-03T02:05:00+00:00,4815.9,4765.47,4842.190500000001,4842.190500000001,stop_loss
23930,2026-02-03T02:07:00+00:00,2026-02-03T02:08:00+00:00,2026-02-03T02:10:00+00:00,2,up,4815.7,4800.7,-15.0,0.7517018138292633,0.7866844500030719,0,23930,2026-02-03T02:07:00+00:00,4813.91,4763.3,4839.778499999999,4839.778499999999,stop_loss
23933,2026-02-03T02:10:00+00:00,2026-02-03T02:11:00+00:00,2026-02-03T02:13:00+00:00,2,up,4807.04,4792.04,-15.0,0.8095504545917312,0.6571982773300786,0,23933,2026-02-03T02:10:00+00:00,4803.08,4781.97,4831.0752,4831.0752,stop_loss
23936,2026-02-03T02:13:00+00:00,2026-02-03T02:14:00+00:00,2026-02-03T02:16:00+00:00,2,up,4797.65,4791.45,-6.199999999999818,0.887427305078188,0.7686715906884051,1,23937,2026-02-03T02:14:00+00:00,4793.78,4778.45,4824.4824,4821.63825,reverse_signal
23939,2026-02-03T02:16:00+00:00,2026-02-03T02:17:00+00:00,2026-02-03T02:30:00+00:00,0,down,4785.91,4761.82125,24.08874999999989,0.8988119133368486,0.7800560330178498,4,23946,2026-02-03T02:23:00+00:00,4787.7,4752.9,4761.82125,4761.98045,target_hit
23953,2026-02-03T02:30:00+00:00,2026-02-03T02:31:00+00:00,2026-02-03T02:35:00+00:00,0,down,4768.2,4783.2,-15.0,0.7860275241897214,0.832466196737665,2,23957,2026-02-03T02:34:00+00:00,4768.08,4784.25,4751.5827,4744.3589999999995,stop_loss
23958,2026-02-03T02:35:00+00:00,2026-02-03T02:36:00+00:00,2026-02-03T02:45:00+00:00,0,down,4782.15,4751.47325,30.67674999999963,0.796170920076733,0.7014348390778705,2,23964,2026-02-03T02:41:00+00:00,4784.07,4786.82,4751.47325,4758.23925,target_hit
23969,2026-02-03T02:46:00+00:00,2026-02-03T02:47:00+00:00,2026-02-03T02:52:00+00:00,0,down,4750.54,4765.54,-15.0,0.7712879429084442,0.9099644912926627,5,23974,2026-02-03T02:51:00+00:00,4752.66,4762.79,4736.498500000001,4726.7873,stop_loss
23975,2026-02-03T02:52:00+00:00,2026-02-03T02:53:00+00:00,2026-02-03T02:59:00+00:00,0,down,4762.79,4777.79,-15.0,0.9475203145597504,0.9588245813582078,6,23981,2026-02-03T02:58:00+00:00,4764.71,4767.85,4750.4285,4738.97605,stop_loss
23982,2026-02-03T02:59:00+00:00,2026-02-03T03:00:00+00:00,2026-02-03T03:37:00+00:00,0,down,4782.92,4797.92,-15.0,0.940539336479382,0.6500619907139982,8,23991,2026-02-03T03:08:00+00:00,4784.25,4783.62,4750.3489,4759.0054,stop_loss
24021,2026-02-03T03:38:00+00:00,2026-02-03T03:39:00+00:00,2026-02-03T04:00:00+00:00,0,down,4800.9,4815.9,-15.0,0.587971663814313,0.8644311398239312,4,24028,2026-02-03T03:45:00+00:00,4802.65,4818.33,4775.5323499999995,4776.8955,stop_loss
24043,2026-02-03T04:00:00+00:00,2026-02-03T04:01:00+00:00,2026-02-03T05:24:00+00:00,0,down,4813.34,4828.34,-15.0,0.6257467960022489,0.997118196135495,7,24059,2026-02-03T04:16:00+00:00,4814.67,4818.47,4787.31315,4789.2733,stop_loss
24132,2026-02-03T05:29:00+00:00,2026-02-03T05:30:00+00:00,2026-02-03T06:17:00+00:00,0,down,4837.52,4852.52,-15.0,0.9965851599155333,0.8054098441950359,6,24179,2026-02-03T06:16:00+00:00,4839.9,4892.3,4824.6555,4813.3324,stop_loss
24180,2026-02-03T06:17:00+00:00,2026-02-03T06:18:00+00:00,2026-02-03T06:25:00+00:00,0,down,4851.91,4866.91,-15.0,0.6145228615818068,0.8662841936845189,2,24183,2026-02-03T06:20:00+00:00,4852.88,4893.01,4826.67535,4827.65045,stop_loss
24188,2026-02-03T06:25:00+00:00,2026-02-03T06:26:00+00:00,2026-02-03T06:40:00+00:00,0,down,4865.65,4880.65,-15.0,0.844444207492173,0.774927832750133,14,24202,2026-02-03T06:39:00+00:00,4865.63,4881.75,4851.37125,4841.32175,stop_loss
24205,2026-02-03T06:42:00+00:00,2026-02-03T06:43:00+00:00,2026-02-03T06:50:00+00:00,0,down,4891.35,4865.480350000001,25.869649999999638,0.6354781378037269,0.9569962720129961,3,24209,2026-02-03T06:46:00+00:00,4892.88,4886.35,4865.480350000001,4866.89325,target_hit
24213,2026-02-03T06:50:00+00:00,2026-02-03T06:51:00+00:00,2026-02-03T06:53:00+00:00,0,down,4869.08,4884.08,-15.0,0.8925194813853121,0.9424374388106271,2,24215,2026-02-03T06:52:00+00:00,4870.04,4887.99,4854.3463,4844.7346,stop_loss
24216,2026-02-03T06:53:00+00:00,2026-02-03T06:54:00+00:00,2026-02-03T15:00:00+00:00,0,down,4879.9,4894.9,-15.0,0.982540766838745,0.9772662797273132,2,24219,2026-02-03T06:56:00+00:00,4880.76,4886.23,4854.2468,4855.500499999999,stop_loss
24223,2026-02-03T15:00:00+00:00,2026-02-03T15:01:00+00:00,2026-02-03T15:09:00+00:00,0,down,4921.74,4936.74,-15.0,0.8977301472808832,0.9144751093082423,3,24231,2026-02-03T15:08:00+00:00,4923.08,4919.53,4910.29515,4897.1313,stop_loss
24232,2026-02-03T15:09:00+00:00,2026-02-03T15:10:00+00:00,2026-02-03T15:25:00+00:00,0,down,4936.81,4910.41455,26.395449999999983,0.9429962944383957,0.7167144035590511,4,24236,2026-02-03T15:13:00+00:00,4937.6,4917.62,4910.41455,4912.125950000001,target_hit
24248,2026-02-03T15:25:00+00:00,2026-02-03T15:26:00+00:00,2026-02-03T15:31:00+00:00,2,up,4918.0,4920.13,2.130000000000109,0.5641121008797466,0.5641121008797466,0,24248,2026-02-03T15:25:00+00:00,4916.16,4926.72,4942.59,4942.59,reverse_signal
24254,2026-02-03T15:31:00+00:00,2026-02-03T15:32:00+00:00,2026-02-03T15:54:00+00:00,0,down,4917.34,4932.34,-15.0,0.9279090088627278,0.9818435564095083,3,24257,2026-02-03T15:34:00+00:00,4918.78,4935.67,4891.429950000001,4892.7533,stop_loss
24283,2026-02-03T16:00:00+00:00,2026-02-03T16:01:00+00:00,2026-02-03T16:16:00+00:00,0,down,4939.06,4954.06,-15.0,0.6802035263375952,0.6733780632295451,3,24289,2026-02-03T16:06:00+00:00,4939.9,4969.39,4909.9469,4914.3647,stop_loss
24299,2026-02-03T16:16:00+00:00,2026-02-03T16:17:00+00:00,2026-02-03T16:27:00+00:00,0,down,4965.13,4980.13,-15.0,0.9200564042917956,0.9328665413376735,2,24301,2026-02-03T16:18:00+00:00,4965.24,4984.01,4939.24965,4940.30435,stop_loss
24310,2026-02-03T16:27:00+00:00,2026-02-03T16:28:00+00:00,2026-02-03T16:38:00+00:00,0,down,4977.38,4992.38,-15.0,0.8677519976289413,0.8116968410700129,1,24320,2026-02-03T16:37:00+00:00,4978.44,4960.96,4960.214300000001,4952.4931,stop_loss
24321,2026-02-03T16:38:00+00:00,2026-02-03T16:39:00+00:00,2026-02-03T16:53:00+00:00,0,down,4991.27,4961.965499999999,29.3045000000011,0.614007159380729,0.8972780658113816,2,24323,2026-02-03T16:40:00+00:00,4992.16,4957.31,4961.965499999999,4966.31365,target_hit
24339,2026-02-03T16:56:00+00:00,2026-02-03T16:57:00+00:00,2026-02-03T17:11:00+00:00,0,down,4960.25,4935.44875,24.801250000000437,0.9884494547417844,0.6408524371668003,0,24339,2026-02-03T16:56:00+00:00,4961.2,4961.91,4935.44875,4935.44875,target_hit
24354,2026-02-03T17:11:00+00:00,2026-02-03T17:12:00+00:00,2026-02-03T17:13:00+00:00,0,down,4926.81,4941.81,-15.0,0.5784196717475424,0.5522357281789585,1,24355,2026-02-03T17:12:00+00:00,4926.92,4953.49,4911.2404,4902.175950000001,stop_loss
24356,2026-02-03T17:13:00+00:00,2026-02-03T17:14:00+00:00,2026-02-03T17:18:00+00:00,0,down,4944.52,4959.52,-15.0,0.5857093995152167,0.8345864102361874,2,24359,2026-02-03T17:16:00+00:00,4946.18,4933.73,4927.17035,4919.7974,stop_loss
24361,2026-02-03T17:18:00+00:00,2026-02-03T17:19:00+00:00,2026-02-03T17:41:00+00:00,0,down,4962.53,4931.1205,31.409499999999753,0.76049050800522,0.7679286671054137,2,24365,2026-02-03T17:22:00+00:00,4963.73,4925.84,4931.1205,4937.71735,target_hit
24388,2026-02-03T17:45:00+00:00,2026-02-03T17:46:00+00:00,2026-02-03T17:48:00+00:00,0,down,4916.04,4931.04,-15.0,0.8085964729262254,0.9341049089895035,1,24390,2026-02-03T17:47:00+00:00,4917.23,4953.51,4901.2108,4891.4598,stop_loss
24391,2026-02-03T17:48:00+00:00,2026-02-03T17:49:00+00:00,2026-02-03T17:52:00+00:00,0,down,4930.91,4945.91,-15.0,0.9370864619557425,0.9355475454341301,3,24394,2026-02-03T17:51:00+00:00,4932.28,4946.11,4920.5735,4906.25545,stop_loss
24395,2026-02-03T17:52:00+00:00,2026-02-03T17:53:00+00:00,2026-02-03T18:29:00+00:00,0,down,4943.27,4917.6681,25.60190000000057,0.9233592525685125,0.5596784212820585,3,24411,2026-02-03T18:08:00+00:00,4944.14,4893.3,4917.6681,4918.553650000001,target_hit
24432,2026-02-03T18:29:00+00:00,2026-02-03T18:30:00+00:00,2026-02-03T18:32:00+00:00,2,up,4909.65,4894.65,-15.0,0.5568697673770368,0.5607738878530032,1,24433,2026-02-03T18:30:00+00:00,4908.76,4909.15,4941.6654,4934.1982499999995,stop_loss
24436,2026-02-03T18:33:00+00:00,2026-02-03T18:34:00+00:00,2026-02-03T19:16:00+00:00,2,up,4892.98,4916.81,23.830000000000837,0.6175116874462379,0.8492122273917028,1,24437,2026-02-03T18:34:00+00:00,4891.5,4907.96,4920.078,4917.4448999999995,reverse_signal
24479,2026-02-03T19:16:00+00:00,2026-02-03T19:17:00+00:00,2026-02-03T19:18:00+00:00,0,down,4915.63,4930.63,-15.0,0.9911755091774395,0.9944851782398736,1,24480,2026-02-03T19:17:00+00:00,4916.08,4943.28,4898.37505,4891.05185,stop_loss
24481,2026-02-03T19:18:00+00:00,2026-02-03T19:19:00+00:00,2026-02-03T19:40:00+00:00,0,down,4928.14,4943.14,-15.0,0.9950560891095656,0.6411540195328531,3,24494,2026-02-03T19:31:00+00:00,4929.29,4925.7,4900.02675,4903.4993,stop_loss
24503,2026-02-03T19:40:00+00:00,2026-02-03T19:41:00+00:00,2026-02-03T20:01:00+00:00,0,down,4941.21,4916.40445,24.80555000000004,0.5714005063025251,0.6514943786120515,4,24507,2026-02-03T19:44:00+00:00,4942.53,4918.0,4916.40445,4916.50395,target_hit
24525,2026-02-03T20:02:00+00:00,2026-02-03T20:03:00+00:00,2026-02-03T20:06:00+00:00,2,up,4919.45,4904.45,-15.0,0.551032558758453,0.551032558758453,0,24525,2026-02-03T20:02:00+00:00,4919.36,4941.77,4944.04725,4944.04725,stop_loss
24530,2026-02-03T20:07:00+00:00,2026-02-03T20:08:00+00:00,2026-02-03T20:16:00+00:00,0,down,4912.7,4916.65,-3.949999999999818,0.7070467162470404,0.7290427119897943,2,24534,2026-02-03T20:11:00+00:00,4912.83,4951.84,4882.61425,4888.1365,reverse_signal
24539,2026-02-03T20:16:00+00:00,2026-02-03T20:17:00+00:00,2026-02-03T20:34:00+00:00,2,up,4925.87,4953.59475,27.724750000000313,0.9876119872584048,0.9276213518417313,1,24541,2026-02-03T20:18:00+00:00,4925.26,4950.08,4953.59475,4950.49935,target_hit
24557,2026-02-03T20:34:00+00:00,2026-02-03T20:35:00+00:00,2026-02-03T20:47:00+00:00,2,up,4956.37,4951.52,-4.849999999999454,0.9911192505724232,0.9780750409423911,0,24557,2026-02-03T20:34:00+00:00,4955.07,4944.26,4981.15185,4981.15185,reverse_signal
24570,2026-02-03T20:47:00+00:00,2026-02-03T20:48:00+00:00,2026-02-03T21:10:00+00:00,0,down,4946.37,4949.22,-2.850000000000364,0.6972667002297781,0.6098327573227851,2,24572,2026-02-03T20:49:00+00:00,4947.35,4958.52,4913.6284,4921.63815,reverse_signal
24593,2026-02-03T21:10:00+00:00,2026-02-03T21:11:00+00:00,2026-02-03T21:40:00+00:00,2,up,4950.82,4935.82,-15.0,0.573903819354651,0.9161955136067537,1,24594,2026-02-03T21:11:00+00:00,4949.62,4951.39,4987.3728,4975.5741,stop_loss
24628,2026-02-03T21:45:00+00:00,2026-02-03T21:46:00+00:00,2026-02-03T23:07:00+00:00,2,up,4938.31,4923.31,-15.0,0.8867826581615742,0.7826352575733897,2,24643,2026-02-03T23:01:00+00:00,4937.13,4934.03,4984.85025,4963.00155,stop_loss
24649,2026-02-03T23:07:00+00:00,2026-02-03T23:08:00+00:00,2026-02-03T23:29:00+00:00,2,up,4913.05,4930.96,17.909999999999854,0.6093177378055394,0.6551041559246492,1,24651,2026-02-03T23:09:00+00:00,4910.09,4928.95,4949.77575,4937.61525,reverse_signal
24671,2026-02-03T23:29:00+00:00,2026-02-03T23:30:00+00:00,2026-02-03T23:30:00+00:00,0,down,4921.35,4936.35,-15.0,0.561891261269694,0.561891261269694,0,24671,2026-02-03T23:29:00+00:00,4924.65,4945.0,4896.74325,4896.74325,stop_loss
24672,2026-02-03T23:30:00+00:00,2026-02-03T23:31:00+00:00,2026-02-03T23:42:00+00:00,0,down,4935.1,4950.1,-15.0,0.5708914608169029,0.5775670968242019,0,24672,2026-02-03T23:30:00+00:00,4936.6,4948.6,4910.4245,4910.4245,stop_loss
24690,2026-02-03T23:48:00+00:00,2026-02-03T23:49:00+00:00,2026-02-04T00:13:00+00:00,2,up,4947.71,4972.9209,25.210900000000038,0.5698910996503848,0.6930732767324655,1,24700,2026-02-03T23:58:00+00:00,4948.25,4992.31,4972.9209,4972.44855,target_hit
24715,2026-02-04T00:13:00+00:00,2026-02-04T00:14:00+00:00,2026-02-04T00:46:00+00:00,2,up,4982.88,4986.28,3.399999999999636,0.8059172974442899,0.9615330155858393,1,24716,2026-02-04T00:14:00+00:00,4981.44,4982.72,5011.34205,5007.7944,reverse_signal
24748,2026-02-04T00:46:00+00:00,2026-02-04T00:47:00+00:00,2026-02-04T00:49:00+00:00,0,down,4988.6,5003.6,-15.0,0.7532851215056429,0.7532851215056429,0,24748,2026-02-04T00:46:00+00:00,4990.73,5042.95,4963.657,4963.657,stop_loss
24755,2026-02-04T00:53:00+00:00,2026-02-04T00:54:00+00:00,2026-02-04T00:55:00+00:00,0,down,4997.66,5012.66,-15.0,0.5802386079031236,0.5802386079031236,0,24755,2026-02-04T00:53:00+00:00,4997.63,5050.71,4972.6717,4972.6717,stop_loss
24762,2026-02-04T01:30:00+00:00,2026-02-04T01:31:00+00:00,2026-02-04T01:46:00+00:00,0,down,5025.47,5040.47,-15.0,0.9528070062420247,0.9772559158944589,3,24769,2026-02-04T01:37:00+00:00,5026.88,5063.55,4994.35275,5000.3426500000005,stop_loss
24804,2026-02-04T02:12:00+00:00,2026-02-04T02:13:00+00:00,2026-02-04T02:34:00+00:00,2,up,5059.5,5044.5,-15.0,0.662523824983883,0.662523824983883,0,24804,2026-02-04T02:12:00+00:00,5058.37,5043.21,5084.7975,5084.7975,stop_loss
24828,2026-02-04T02:36:00+00:00,2026-02-04T02:37:00+00:00,2026-02-04T02:43:00+00:00,0,down,5047.55,5062.55,-15.0,0.9828720087146952,0.9828720087146952,0,24828,2026-02-04T02:36:00+00:00,5048.5,5041.85,5022.31225,5022.31225,stop_loss
24858,2026-02-04T03:06:00+00:00,2026-02-04T03:07:00+00:00,2026-02-04T03:35:00+00:00,0,down,5048.47,5063.47,-15.0,0.6227741215754925,0.5860940997305985,4,24886,2026-02-04T03:34:00+00:00,5050.0,5070.81,5037.6253,5023.22765,stop_loss
24891,2026-02-04T03:39:00+00:00,2026-02-04T03:40:00+00:00,2026-02-04T03:59:00+00:00,0,down,5070.39,5070.21,0.18000000000029104,0.8245921007724408,0.6467814019756785,2,24896,2026-02-04T03:44:00+00:00,5071.25,5065.25,5038.451150000001,5045.03805,reverse_signal
24911,2026-02-04T03:59:00+00:00,2026-02-04T04:00:00+00:00,2026-02-04T04:24:00+00:00,2,up,5070.87,5055.87,-15.0,0.8378344231720178,0.6195315555885866,1,24926,2026-02-04T04:14:00+00:00,5069.73,5070.89,5097.8223,5096.2243499999995,stop_loss
25017,2026-02-04T05:45:00+00:00,2026-02-04T05:46:00+00:00,2026-02-04T06:15:00+00:00,0,down,5084.91,5055.48555,29.424449999999524,0.8579184071299867,0.663824201688404,8,25027,2026-02-04T05:55:00+00:00,5086.89,5066.26,5055.48555,5059.48545,target_hit
25048,2026-02-04T06:16:00+00:00,2026-02-04T06:17:00+00:00,2026-02-04T06:47:00+00:00,0,down,5058.01,5073.01,-15.0,0.8094985666441548,0.9264450294464481,6,25054,2026-02-04T06:22:00+00:00,5059.72,5078.17,5032.40155,5032.719950000001,stop_loss
25092,2026-02-04T15:00:00+00:00,2026-02-04T15:01:00+00:00,2026-02-04T15:03:00+00:00,0,down,4980.99,4995.99,-15.0,0.9133359976702243,0.8801870895229368,1,25094,2026-02-04T15:02:00+00:00,4984.15,4960.36,4962.423199999999,4956.08505,stop_loss
25095,2026-02-04T15:03:00+00:00,2026-02-04T15:04:00+00:00,2026-02-04T15:22:00+00:00,0,down,4997.67,4971.8757,25.794300000000476,0.9721347449120296,0.5607212687180918,4,25101,2026-02-04T15:09:00+00:00,4999.73,4921.78,4971.8757,4972.68165,target_hit
25114,2026-02-04T15:22:00+00:00,2026-02-04T15:23:00+00:00,2026-02-04T15:31:00+00:00,2,up,4954.79,4939.79,-15.0,0.7033307963165487,0.9145914104352757,1,25116,2026-02-04T15:24:00+00:00,4953.22,4936.74,4990.2069,4979.56395,stop_loss
25137,2026-02-04T15:45:00+00:00,2026-02-04T15:46:00+00:00,2026-02-04T15:57:00+00:00,2,up,4936.55,4921.55,-15.0,0.5950652653858161,0.5544708309204605,1,25140,2026-02-04T15:48:00+00:00,4935.02,4930.12,4972.539,4961.23275,stop_loss
25189,2026-02-04T16:37:00+00:00,2026-02-04T16:38:00+00:00,2026-02-04T16:44:00+00:00,0,down,4919.91,4902.95,16.960000000000036,0.850391260878649,0.7290389069537035,0,25189,2026-02-04T16:37:00+00:00,4920.85,4896.07,4895.31045,4895.31045,reverse_signal
25196,2026-02-04T16:44:00+00:00,2026-02-04T16:45:00+00:00,2026-02-04T16:48:00+00:00,0,down,4896.09,4871.60955,24.48045000000002,0.7449572857698707,0.7449572857698707,0,25196,2026-02-04T16:44:00+00:00,4897.45,4905.22,4871.60955,4871.60955,target_hit
25212,2026-02-04T17:00:00+00:00,2026-02-04T17:01:00+00:00,2026-02-04T17:04:00+00:00,0,down,4898.16,4913.16,-15.0,0.9101161651725352,0.9101161651725352,0,25212,2026-02-04T17:00:00+00:00,4899.43,4894.74,4873.6692,4873.6692,stop_loss
25217,2026-02-04T17:05:00+00:00,2026-02-04T17:06:00+00:00,2026-02-04T17:07:00+00:00,2,up,4913.02,4898.02,-15.0,0.5547142441563627,0.5547142441563627,0,25217,2026-02-04T17:05:00+00:00,4912.05,4924.85,4937.5851,4937.5851,stop_loss
25224,2026-02-04T17:12:00+00:00,2026-02-04T17:13:00+00:00,2026-02-04T17:16:00+00:00,0,down,4915.96,4921.86,-5.899999999999636,0.579058574941928,0.9054041254463804,2,25226,2026-02-04T17:14:00+00:00,4917.14,4911.99,4897.20095,4891.3802,reverse_signal
25228,2026-02-04T17:16:00+00:00,2026-02-04T17:17:00+00:00,2026-02-04T17:19:00+00:00,2,up,4923.72,4908.72,-15.0,0.9259903040287467,0.911524155894744,0,25228,2026-02-04T17:16:00+00:00,4922.22,4913.06,4948.3386,4948.3386,stop_loss
25231,2026-02-04T17:19:00+00:00,2026-02-04T17:20:00+00:00,2026-02-04T17:26:00+00:00,2,up,4908.7,4893.7,-15.0,0.8660496860351301,0.9267121737780122,1,25232,2026-02-04T17:20:00+00:00,4907.57,4899.6,4934.13795,4933.2435,stop_loss
25238,2026-02-04T17:26:00+00:00,2026-02-04T17:27:00+00:00,2026-02-04T17:30:00+00:00,2,up,4896.13,4926.39945,30.26944999999978,0.8665628275283863,0.8657483736063836,1,25239,2026-02-04T17:27:00+00:00,4895.29,4899.88,4926.39945,4920.6106500000005,target_hit
25245,2026-02-04T17:33:00+00:00,2026-02-04T17:34:00+00:00,2026-02-04T17:46:00+00:00,0,down,4921.28,4897.489500000001,23.790499999999156,0.6001598481547987,0.5860988738907489,1,25246,2026-02-04T17:34:00+00:00,4923.64,4898.18,4897.489500000001,4896.6736,target_hit
25258,2026-02-04T17:46:00+00:00,2026-02-04T17:47:00+00:00,2026-02-04T18:01:00+00:00,0,down,4898.76,4873.4702,25.28980000000047,0.6995798614161868,0.7017067465076708,6,25266,2026-02-04T17:54:00+00:00,4899.83,4901.95,4873.4702,4874.2662,target_hit
25273,2026-02-04T18:01:00+00:00,2026-02-04T18:02:00+00:00,2026-02-04T18:03:00+00:00,0,down,4873.17,4888.17,-15.0,0.5974489707161068,0.6263518056042343,1,25274,2026-02-04T18:02:00+00:00,4874.35,4928.81,4858.445699999999,4848.80415,stop_loss
25276,2026-02-04T18:04:00+00:00,2026-02-04T18:05:00+00:00,2026-02-04T18:07:00+00:00,0,down,4896.33,4911.33,-15.0,0.5663320307348009,0.5632722017514462,1,25277,2026-02-04T18:05:00+00:00,4897.83,4925.39,4877.5696,4871.84835,stop_loss
25279,2026-02-04T18:07:00+00:00,2026-02-04T18:08:00+00:00,2026-02-04T18:28:00+00:00,0,down,4916.98,4931.98,-15.0,0.5516435219601947,0.6486324407112416,2,25288,2026-02-04T18:16:00+00:00,4918.2,4914.2,4889.04195,4892.3951,stop_loss
25300,2026-02-04T18:28:00+00:00,2026-02-04T18:29:00+00:00,2026-02-04T18:31:00+00:00,0,down,4933.99,4925.89,8.099999999999454,0.6952442494428287,0.6952442494428287,0,25300,2026-02-04T18:28:00+00:00,4935.17,4914.05,4909.320049999999,4909.320049999999,reverse_signal
25303,2026-02-04T18:31:00+00:00,2026-02-04T18:32:00+00:00,2026-02-04T18:39:00+00:00,2,up,4926.02,4911.02,-15.0,0.9940927789857517,0.9475701712845848,0,25303,2026-02-04T18:31:00+00:00,4925.94,4928.43,4950.650100000001,4950.650100000001,stop_loss
25311,2026-02-04T18:39:00+00:00,2026-02-04T18:40:00+00:00,2026-02-04T19:08:00+00:00,2,up,4905.81,4938.630300000001,32.820300000000316,0.9966042397600178,0.9323387692264768,1,25312,2026-02-04T18:40:00+00:00,4904.43,4923.24,4938.630300000001,4930.3390500000005,target_hit
25340,2026-02-04T19:08:00+00:00,2026-02-04T19:09:00+00:00,2026-02-04T19:16:00+00:00,2,up,4941.86,4945.51,3.6500000000005457,0.6902127131205492,0.7813535401958461,1,25345,2026-02-04T19:13:00+00:00,4940.78,4940.91,4968.1672499999995,4966.5693,reverse_signal
25348,2026-02-04T19:16:00+00:00,2026-02-04T19:17:00+00:00,2026-02-04T19:47:00+00:00,0,down,4941.56,4949.26,-7.699999999999818,0.8405192698613041,0.7155431374451903,2,25350,2026-02-04T19:18:00+00:00,4942.42,4941.84,4916.54375,4916.8522,reverse_signal
25380,2026-02-04T19:48:00+00:00,2026-02-04T19:49:00+00:00,2026-02-04T20:11:00+00:00,2,up,4938.66,4923.66,-15.0,0.6196004359314823,0.8467711538050768,1,25382,2026-02-04T19:50:00+00:00,4937.31,4934.56,4970.43855,4963.3533,stop_loss
25403,2026-02-04T20:11:00+00:00,2026-02-04T20:12:00+00:00,2026-02-04T21:15:00+00:00,2,up,4925.33,4953.7455,28.415500000000065,0.8596476001236162,0.7943115087957694,1,25404,2026-02-04T20:12:00+00:00,4924.63,4939.53,4953.7455,4949.95665,target_hit
25467,2026-02-04T21:15:00+00:00,2026-02-04T21:16:00+00:00,2026-02-04T23:01:00+00:00,2,up,4952.44,4982.438249999999,29.998249999999643,0.6622752752256402,0.8673795099326946,1,25468,2026-02-04T21:16:00+00:00,4950.95,4965.89,4982.438249999999,4977.2022,target_hit
25513,2026-02-04T23:02:00+00:00,2026-02-04T23:03:00+00:00,2026-02-04T23:31:00+00:00,2,up,4995.69,5013.8,18.110000000000582,0.822390207660182,0.7978000059488212,0,25513,2026-02-04T23:02:00+00:00,4994.2,5011.9,5020.668449999999,5020.668449999999,timeout
25559,2026-02-04T23:48:00+00:00,2026-02-04T23:49:00+00:00,2026-02-05T00:24:00+00:00,0,down,5014.4,5012.34,2.0599999999994907,0.7710137964455872,0.912228124921993,0,25559,2026-02-04T23:48:00+00:00,5015.98,5006.26,4989.3279999999995,4989.3279999999995,timeout
25632,2026-02-05T01:31:00+00:00,2026-02-05T01:32:00+00:00,2026-02-05T02:00:00+00:00,2,up,4968.09,4953.09,-15.0,0.6685014739800765,0.5651850625247683,1,25634,2026-02-05T01:33:00+00:00,4966.4,4962.54,4993.573649999999,4992.93045,stop_loss
25668,2026-02-05T02:07:00+00:00,2026-02-05T02:08:00+00:00,2026-02-05T02:13:00+00:00,2,up,4933.6,4918.6,-15.0,0.5586094213027742,0.6235921694232109,1,25669,2026-02-05T02:08:00+00:00,4931.58,4917.9,4968.920999999999,4958.268,stop_loss
25674,2026-02-05T02:13:00+00:00,2026-02-05T02:14:00+00:00,2026-02-05T02:14:00+00:00,2,up,4929.17,4914.17,-15.0,0.5830754238417973,0.5830754238417973,0,25674,2026-02-05T02:13:00+00:00,4925.8,4913.16,4953.81585,4953.81585,stop_loss
25675,2026-02-05T02:14:00+00:00,2026-02-05T02:15:00+00:00,2026-02-05T02:15:00+00:00,2,up,4916.0,4901.0,-15.0,0.5984577593734864,0.5984577593734864,0,25675,2026-02-05T02:14:00+00:00,4913.51,4915.05,4940.58,4940.58,stop_loss
25689,2026-02-05T02:28:00+00:00,2026-02-05T02:29:00+00:00,2026-02-05T02:32:00+00:00,2,up,4939.55,4924.55,-15.0,0.6199424241960958,0.7133509275655634,0,25689,2026-02-05T02:28:00+00:00,4935.6,4838.9,4964.24775,4964.24775,stop_loss
25694,2026-02-05T02:33:00+00:00,2026-02-05T02:34:00+00:00,2026-02-05T02:40:00+00:00,2,up,4919.8,4904.8,-15.0,0.6673774602339144,0.7867545841619903,1,25696,2026-02-05T02:35:00+00:00,4917.9,4792.95,4950.931500000001,4944.399,stop_loss
25702,2026-02-05T02:41:00+00:00,2026-02-05T02:42:00+00:00,2026-02-05T02:45:00+00:00,2,up,4904.75,4889.75,-15.0,0.7128379623184279,0.7079880268095059,1,25703,2026-02-05T02:42:00+00:00,4898.63,4835.65,4936.4394,4929.27375,stop_loss
25706,2026-02-05T02:45:00+00:00,2026-02-05T02:46:00+00:00,2026-02-05T02:47:00+00:00,2,up,4878.08,4863.08,-15.0,0.9911390299150034,0.9946194979963472,0,25706,2026-02-05T02:45:00+00:00,4874.55,4853.4,4902.4704,4902.4704,stop_loss
25708,2026-02-05T02:47:00+00:00,2026-02-05T02:48:00+00:00,2026-02-05T02:51:00+00:00,2,up,4842.9,4827.9,-15.0,0.990574834987806,0.9958000518984843,1,25710,2026-02-05T02:49:00+00:00,4840.71,4845.6,4875.858,4867.1145,stop_loss
25712,2026-02-05T02:51:00+00:00,2026-02-05T02:52:00+00:00,2026-02-05T02:53:00+00:00,2,up,4817.25,4841.33625,24.08625000000029,0.996679408264499,0.9943955991261317,0,25712,2026-02-05T02:51:00+00:00,4812.93,4843.15,4841.33625,4841.33625,target_hit
25714,2026-02-05T02:53:00+00:00,2026-02-05T02:54:00+00:00,2026-02-05T02:58:00+00:00,2,up,4843.5,4828.5,-15.0,0.995750239276575,0.995663157050595,1,25715,2026-02-05T02:54:00+00:00,4838.9,4859.1,4868.9235,4867.7175,stop_loss
25719,2026-02-05T02:58:00+00:00,2026-02-05T02:59:00+00:00,2026-02-05T02:59:00+00:00,2,up,4828.3,4813.3,-15.0,0.9973197645373919,0.9973197645373919,0,25719,2026-02-05T02:58:00+00:00,4827.25,4866.91,4852.4415,4852.4415,stop_loss
25720,2026-02-05T02:59:00+00:00,2026-02-05T03:00:00+00:00,2026-02-05T03:00:00+00:00,2,up,4813.18,4798.18,-15.0,0.9956586190663155,0.9956586190663155,0,25720,2026-02-05T02:59:00+00:00,4810.5,4869.45,4837.2459,4837.2459,stop_loss
25722,2026-02-05T03:01:00+00:00,2026-02-05T03:02:00+00:00,2026-02-05T03:04:00+00:00,2,up,4806.85,4837.3665,30.516499999999724,0.5841642168905647,0.6772632105747395,1,25723,2026-02-05T03:02:00+00:00,4803.6,4865.9,4837.3665,4830.88425,target_hit
25725,2026-02-05T03:04:00+00:00,2026-02-05T03:05:00+00:00,2026-02-05T03:20:00+00:00,2,up,4838.4,4869.5466,31.146600000000035,0.6192334699140544,0.6365255281464489,1,25730,2026-02-05T03:09:00+00:00,4835.2,4858.4,4869.5466,4862.592,target_hit
25746,2026-02-05T03:25:00+00:00,2026-02-05T03:26:00+00:00,2026-02-05T03:30:00+00:00,0,down,4875.75,4851.37125,24.378749999999854,0.6411668239245649,0.8083731698204505,0,25746,2026-02-05T03:25:00+00:00,4879.0,4856.18,4851.37125,4851.37125,target_hit
25766,2026-02-05T03:45:00+00:00,2026-02-05T03:46:00+00:00,2026-02-05T04:16:00+00:00,2,up,4866.6,4874.71,8.109999999999673,0.6169594169686985,0.5528651104126721,1,25767,2026-02-05T03:46:00+00:00,4863.75,4871.0,4892.83245,4890.933,reverse_signal
25797,2026-02-05T04:16:00+00:00,2026-02-05T04:17:00+00:00,2026-02-05T05:13:00+00:00,0,down,4880.48,4854.85375,25.626249999999345,0.8536112046087257,0.9448957768569175,9,25807,2026-02-05T04:26:00+00:00,4882.22,4887.23,4854.85375,4856.0776,target_hit
25854,2026-02-05T05:13:00+00:00,2026-02-05T05:14:00+00:00,2026-02-05T05:28:00+00:00,0,down,4852.26,4867.26,-15.0,0.9584041414105939,0.996687066810812,2,25856,2026-02-05T05:15:00+00:00,4854.07,4861.1,4827.17285,4827.9987,stop_loss
25869,2026-02-05T05:28:00+00:00,2026-02-05T05:29:00+00:00,2026-02-05T05:32:00+00:00,0,down,4864.15,4831.21255,32.937449999999444,0.9879657622926082,0.8742103144790844,2,25871,2026-02-05T05:30:00+00:00,4866.22,4897.65,4831.21255,4839.82925,target_hit
25873,2026-02-05T05:32:00+00:00,2026-02-05T05:33:00+00:00,2026-02-05T05:35:00+00:00,0,down,4833.96,4848.96,-15.0,0.7813716478217362,0.8149894004618432,2,25875,2026-02-05T05:34:00+00:00,4835.94,4897.51,4818.6059,4809.7902,stop_loss
25876,2026-02-05T05:35:00+00:00,2026-02-05T05:36:00+00:00,2026-02-05T05:41:00+00:00,0,down,4847.02,4862.02,-15.0,0.8477523886081286,0.9370606518513945,4,25881,2026-02-05T05:40:00+00:00,4850.21,4892.75,4836.7945,4822.784900000001,stop_loss
25882,2026-02-05T05:41:00+00:00,2026-02-05T05:42:00+00:00,2026-02-05T05:42:00+00:00,0,down,4862.65,4877.65,-15.0,0.9360331305587881,0.9360331305587881,0,25882,2026-02-05T05:41:00+00:00,4864.86,4894.8,4838.3367499999995,4838.3367499999995,stop_loss
25883,2026-02-05T05:42:00+00:00,2026-02-05T05:43:00+00:00,2026-02-05T05:45:00+00:00,0,down,4876.71,4891.71,-15.0,0.9306217554101679,0.9185679770622378,2,25885,2026-02-05T05:44:00+00:00,4879.01,4914.0,4862.85355,4852.3264500000005,stop_loss
25886,2026-02-05T05:45:00+00:00,2026-02-05T05:46:00+00:00,2026-02-05T06:09:00+00:00,0,down,4898.85,4913.85,-15.0,0.8260883191287218,0.6414319156450619,4,25896,2026-02-05T05:55:00+00:00,4903.05,4914.3,4873.161749999999,4874.355750000001,stop_loss
25911,2026-02-05T06:10:00+00:00,2026-02-05T06:11:00+00:00,2026-02-05T06:16:00+00:00,0,down,4914.85,4907.02,7.829999999999927,0.5856845468142027,0.697830217543344,1,25913,2026-02-05T06:12:00+00:00,4918.2,4916.3,4890.5643,4890.275750000001,reverse_signal
25917,2026-02-05T06:16:00+00:00,2026-02-05T06:17:00+00:00,2026-02-05T06:55:00+00:00,2,up,4914.49,4899.49,-15.0,0.9270397566111039,0.8017127629839284,1,25919,2026-02-05T06:18:00+00:00,4911.52,4926.97,4942.60005,4939.062449999999,stop_loss
25956,2026-02-05T06:55:00+00:00,2026-02-05T06:56:00+00:00,2026-02-05T15:00:00+00:00,2,up,4905.75,4890.75,-15.0,0.561573794673581,0.668424822734975,1,25957,2026-02-05T06:56:00+00:00,4903.2,4911.12,4935.0525,4930.27875,stop_loss
25961,2026-02-05T15:00:00+00:00,2026-02-05T15:01:00+00:00,2026-02-05T15:28:00+00:00,0,down,4845.1,4816.12835,28.97165000000041,0.5895861749066708,0.5558163235708634,4,25972,2026-02-05T15:11:00+00:00,4846.6,4824.72,4816.12835,4820.874500000001,target_hit
25990,2026-02-05T15:29:00+00:00,2026-02-05T15:30:00+00:00,2026-02-05T15:39:00+00:00,0,down,4819.21,4834.21,-15.0,0.5744256023053084,0.9358865303504259,4,25994,2026-02-05T15:33:00+00:00,4820.49,4811.23,4791.96975,4795.11395,stop_loss
26000,2026-02-05T15:39:00+00:00,2026-02-05T15:40:00+00:00,2026-02-05T15:46:00+00:00,0,down,4833.89,4809.72055,24.169450000000325,0.9772148231130493,0.7030121271937597,0,26000,2026-02-05T15:39:00+00:00,4835.38,4819.37,4809.72055,4809.72055,target_hit
26009,2026-02-05T15:48:00+00:00,2026-02-05T15:49:00+00:00,2026-02-05T15:51:00+00:00,0,down,4806.25,4821.25,-15.0,0.7423746546983963,0.6264664790168933,2,26011,2026-02-05T15:50:00+00:00,4806.82,4834.73,4792.50705,4782.21875,stop_loss
26012,2026-02-05T15:51:00+00:00,2026-02-05T15:52:00+00:00,2026-02-05T16:07:00+00:00,0,down,4820.65,4835.65,-15.0,0.6157956303699303,0.9194738695298865,4,26025,2026-02-05T16:04:00+00:00,4821.85,4850.6,4795.27315,4796.5467499999995,stop_loss
26028,2026-02-05T16:07:00+00:00,2026-02-05T16:08:00+00:00,2026-02-05T16:16:00+00:00,0,down,4830.28,4835.06,-4.780000000000655,0.8642311303841501,0.9780569121777136,2,26030,2026-02-05T16:09:00+00:00,4831.2,4853.18,4802.37745,4806.1286,reverse_signal
26037,2026-02-05T16:16:00+00:00,2026-02-05T16:17:00+00:00,2026-02-05T16:19:00+00:00,2,up,4830.45,4831.68,1.230000000000473,0.7625504111486059,0.7625504111486059,0,26037,2026-02-05T16:16:00+00:00,4828.92,4860.26,4854.60225,4854.60225,reverse_signal
26042,2026-02-05T16:21:00+00:00,2026-02-05T16:22:00+00:00,2026-02-05T16:33:00+00:00,2,up,4842.76,4850.45,7.6899999999996,0.5634403110219633,0.7219667743090603,1,26047,2026-02-05T16:26:00+00:00,4840.94,4898.88,4869.506399999999,4866.973800000001,reverse_signal
26056,2026-02-05T16:35:00+00:00,2026-02-05T16:36:00+00:00,2026-02-05T16:38:00+00:00,0,down,4849.6,4850.05,-0.4499999999998181,0.7457451299726121,0.7457451299726121,0,26056,2026-02-05T16:35:00+00:00,4850.45,4888.75,4825.352000000001,4825.352000000001,reverse_signal
26059,2026-02-05T16:38:00+00:00,2026-02-05T16:39:00+00:00,2026-02-05T16:50:00+00:00,2,up,4864.28,4899.777,35.4970000000003,0.6864589772816525,0.705097959032978,1,26064,2026-02-05T16:43:00+00:00,4862.75,4875.5,4899.777,4888.6014,target_hit
26096,2026-02-05T17:15:00+00:00,2026-02-05T17:16:00+00:00,2026-02-05T18:06:00+00:00,0,down,4873.14,4868.68,4.460000000000036,0.6981334513514635,0.6611798521117676,2,26100,2026-02-05T17:19:00+00:00,4874.32,4871.53,4848.1375,4848.7743,timeout
26157,2026-02-05T18:16:00+00:00,2026-02-05T18:17:00+00:00,2026-02-05T18:24:00+00:00,0,down,4852.56,4867.56,-15.0,0.6412416358182297,0.9243113226524695,2,26161,2026-02-05T18:20:00+00:00,4853.92,4869.84,4828.14795,4828.2972,stop_loss
26165,2026-02-05T18:24:00+00:00,2026-02-05T18:25:00+00:00,2026-02-05T18:46:00+00:00,0,down,4865.27,4869.87,-4.599999999999454,0.8875162654738056,0.552788583999221,6,26171,2026-02-05T18:30:00+00:00,4865.35,4853.94,4835.07315,4840.94365,reverse_signal
26187,2026-02-05T18:46:00+00:00,2026-02-05T18:47:00+00:00,2026-02-05T18:55:00+00:00,2,up,4870.16,4855.16,-15.0,0.852753824714475,0.9135863375587991,0,26187,2026-02-05T18:46:00+00:00,4869.84,4858.84,4894.5108,4894.5108,stop_loss
26196,2026-02-05T18:55:00+00:00,2026-02-05T18:56:00+00:00,2026-02-05T19:33:00+00:00,2,up,4853.88,4838.88,-15.0,0.8979819144026691,0.9277808735809249,1,26197,2026-02-05T18:56:00+00:00,4853.64,4851.8,4878.3303000000005,4878.1494,stop_loss
26234,2026-02-05T19:33:00+00:00,2026-02-05T19:34:00+00:00,2026-02-05T20:00:00+00:00,2,up,4832.76,4817.76,-15.0,0.9836448665673467,0.5970356619985632,1,26235,2026-02-05T19:34:00+00:00,4831.81,4829.27,4860.1398,4856.9238000000005,stop_loss
26267,2026-02-05T20:06:00+00:00,2026-02-05T20:07:00+00:00,2026-02-05T20:23:00+00:00,2,up,4826.08,4811.08,-15.0,0.8163734961216159,0.7489878234203645,1,26271,2026-02-05T20:10:00+00:00,4824.67,4819.31,4866.411,4850.2104,stop_loss
26287,2026-02-05T20:26:00+00:00,2026-02-05T20:27:00+00:00,2026-02-05T20:44:00+00:00,2,up,4821.56,4806.56,-15.0,0.6597868294605381,0.6641566995807124,1,26288,2026-02-05T20:27:00+00:00,4820.6,4805.98,4848.5823,4845.6678,stop_loss
26306,2026-02-05T20:45:00+00:00,2026-02-05T20:46:00+00:00,2026-02-05T20:54:00+00:00,2,up,4816.13,4801.13,-15.0,0.8067002873661052,0.6619657986466461,0,26306,2026-02-05T20:45:00+00:00,4815.18,4807.56,4840.21065,4840.21065,stop_loss
26316,2026-02-05T20:55:00+00:00,2026-02-05T20:56:00+00:00,2026-02-05T21:34:00+00:00,2,up,4801.38,4786.38,-15.0,0.7825131078675203,0.8691108177253488,1,26318,2026-02-05T20:57:00+00:00,4800.41,4800.58,4835.86905,4825.3869,stop_loss
26355,2026-02-05T21:34:00+00:00,2026-02-05T21:35:00+00:00,2026-02-05T23:05:00+00:00,2,up,4769.09,4775.95,6.859999999999673,0.8020562206485735,0.595717081638707,1,26357,2026-02-05T21:36:00+00:00,4767.53,4773.9,4800.653850000001,4792.93545,reverse_signal
26386,2026-02-05T23:06:00+00:00,2026-02-05T23:07:00+00:00,2026-02-05T23:08:00+00:00,0,down,4771.42,4773.33,-1.9099999999998545,0.635109372195222,0.635109372195222,0,26386,2026-02-05T23:06:00+00:00,4774.11,4751.1,4747.5629,4747.5629,reverse_signal
26390,2026-02-05T23:10:00+00:00,2026-02-05T23:11:00+00:00,2026-02-05T23:15:00+00:00,2,up,4779.3,4764.3,-15.0,0.6072169339228833,0.5749700875282694,0,26390,2026-02-05T23:10:00+00:00,4776.6,4748.8,4803.1965,4803.1965,stop_loss
26410,2026-02-05T23:30:00+00:00,2026-02-05T23:31:00+00:00,2026-02-05T23:38:00+00:00,2,up,4754.18,4739.18,-15.0,0.8368795693821459,0.767970977314658,1,26413,2026-02-05T23:33:00+00:00,4753.08,4704.45,4779.32775,4777.950900000001,stop_loss
26420,2026-02-05T23:40:00+00:00,2026-02-05T23:41:00+00:00,2026-02-05T23:46:00+00:00,2,up,4747.51,4732.51,-15.0,0.5912691232457137,0.7465666360548011,1,26422,2026-02-05T23:42:00+00:00,4745.67,4688.87,4773.3781500000005,4771.24755,stop_loss
26426,2026-02-05T23:46:00+00:00,2026-02-05T23:47:00+00:00,2026-02-05T23:49:00+00:00,2,up,4728.71,4713.71,-15.0,0.8485115263400211,0.8033798235386147,1,26427,2026-02-05T23:47:00+00:00,4725.75,4693.5,4755.18765,4752.35355,stop_loss
26429,2026-02-05T23:49:00+00:00,2026-02-05T23:50:00+00:00,2026-02-06T00:00:00+00:00,2,up,4716.23,4701.23,-15.0,0.8323050918200716,0.6709238018399072,1,26435,2026-02-05T23:55:00+00:00,4714.7,4676.7,4740.183,4739.8111499999995,stop_loss
26441,2026-02-06T00:01:00+00:00,2026-02-06T00:02:00+00:00,2026-02-06T00:07:00+00:00,2,up,4700.21,4685.21,-15.0,0.5864384623667906,0.5864384623667906,0,26441,2026-02-06T00:01:00+00:00,4699.92,4713.45,4723.71105,4723.71105,stop_loss
26447,2026-02-06T00:07:00+00:00,2026-02-06T00:08:00+00:00,2026-02-06T00:15:00+00:00,2,up,4691.25,4676.25,-15.0,0.5550470274899337,0.5709137096162403,0,26447,2026-02-06T00:07:00+00:00,4688.87,4717.45,4714.70625,4714.70625,stop_loss
26455,2026-02-06T00:15:00+00:00,2026-02-06T00:16:00+00:00,2026-02-06T00:17:00+00:00,2,up,4676.17,4661.17,-15.0,0.6844407680372381,0.589321077309092,0,26455,2026-02-06T00:15:00+00:00,4673.8,4747.43,4699.55085,4699.55085,stop_loss
26457,2026-02-06T00:17:00+00:00,2026-02-06T00:18:00+00:00,2026-02-06T00:23:00+00:00,2,up,4658.22,4687.3401,29.120100000000093,0.5914973823973992,0.6933145890585213,1,26458,2026-02-06T00:18:00+00:00,4656.65,4756.85,4687.3401,4681.511100000001,target_hit
26463,2026-02-06T00:23:00+00:00,2026-02-06T00:24:00+00:00,2026-02-06T00:28:00+00:00,2,up,4690.14,4725.86175,35.7217499999997,0.6499839971533998,0.65709405526943,1,26464,2026-02-06T00:24:00+00:00,4687.6,4755.5,4725.86175,4713.590700000001,target_hit
26469,2026-02-06T00:29:00+00:00,2026-02-06T00:30:00+00:00,2026-02-06T00:31:00+00:00,2,up,4725.69,4710.69,-15.0,0.6665882128263751,0.5883470630899306,1,26470,2026-02-06T00:30:00+00:00,4723.05,4746.24,4752.63495,4749.31845,stop_loss
26471,2026-02-06T00:31:00+00:00,2026-02-06T00:32:00+00:00,2026-02-06T00:35:00+00:00,2,up,4713.69,4733.8,20.110000000000582,0.5626612124305811,0.5626612124305811,0,26471,2026-02-06T00:31:00+00:00,4712.7,4748.78,4737.258449999999,4737.258449999999,reverse_signal
26475,2026-02-06T00:35:00+00:00,2026-02-06T00:36:00+00:00,2026-02-06T00:40:00+00:00,0,down,4740.48,4755.48,-15.0,0.8228097420218284,0.7260265353234395,1,26479,2026-02-06T00:39:00+00:00,4742.03,4748.2,4717.5935,4716.777599999999,stop_loss
26480,2026-02-06T00:40:00+00:00,2026-02-06T00:41:00+00:00,2026-02-06T00:49:00+00:00,0,down,4747.81,4743.55,4.260000000000218,0.9246382538680529,0.8092371509304561,3,26484,2026-02-06T00:44:00+00:00,4750.16,4738.5,4736.44875,4724.07095,reverse_signal
26491,2026-02-06T00:51:00+00:00,2026-02-06T00:52:00+00:00,2026-02-06T00:54:00+00:00,2,up,4755.93,4740.93,-15.0,0.64938349022649,0.684657587917345,0,26491,2026-02-06T00:51:00+00:00,4753.45,4746.95,4779.709650000001,4779.709650000001,stop_loss
26494,2026-02-06T00:54:00+00:00,2026-02-06T00:55:00+00:00,2026-02-06T01:30:00+00:00,2,up,4742.85,4727.85,-15.0,0.6933707268599731,0.8508362122655997,1,26495,2026-02-06T00:55:00+00:00,4740.01,4722.91,4769.9712,4766.56425,stop_loss
26515,2026-02-06T01:45:00+00:00,2026-02-06T01:46:00+00:00,2026-02-06T01:55:00+00:00,2,up,4743.28,4772.93595,29.655950000000303,0.872044077458541,0.9454837669475442,1,26516,2026-02-06T01:46:00+00:00,4740.1,4790.24,4772.93595,4766.9964,target_hit
26525,2026-02-06T01:55:00+00:00,2026-02-06T01:56:00+00:00,2026-02-06T01:57:00+00:00,2,up,4785.25,4770.25,-15.0,0.9369708504940786,0.9106569337787518,0,26525,2026-02-06T01:55:00+00:00,4783.31,4797.15,4809.17625,4809.17625,stop_loss
26527,2026-02-06T01:57:00+00:00,2026-02-06T01:58:00+00:00,2026-02-06T02:16:00+00:00,2,up,4769.75,4785.65,15.899999999999636,0.8839698152281841,0.5787900309826302,1,26529,2026-02-06T01:59:00+00:00,4765.2,4794.11,4796.8047,4793.59875,reverse_signal
26547,2026-02-06T02:17:00+00:00,2026-02-06T02:18:00+00:00,2026-02-06T02:28:00+00:00,0,down,4795.44,4810.44,-15.0,0.9834270557577709,0.9874397390619014,3,26553,2026-02-06T02:23:00+00:00,4797.58,4826.71,4769.08475,4771.462799999999,stop_loss
26558,2026-02-06T02:28:00+00:00,2026-02-06T02:29:00+00:00,2026-02-06T02:31:00+00:00,0,down,4816.44,4831.44,-15.0,0.9867151079315877,0.9866252945190888,2,26560,2026-02-06T02:30:00+00:00,4818.35,4818.71,4802.41725,4792.3578,stop_loss
26561,2026-02-06T02:31:00+00:00,2026-02-06T02:32:00+00:00,2026-02-06T02:34:00+00:00,0,down,4821.15,4836.15,-15.0,0.9933887515731166,0.9896918208766584,2,26563,2026-02-06T02:33:00+00:00,4823.9,4820.45,4806.11865,4797.04425,stop_loss
26564,2026-02-06T02:34:00+00:00,2026-02-06T02:35:00+00:00,2026-02-06T03:23:00+00:00,0,down,4835.18,4809.18325,25.996750000000247,0.9841966344113915,0.7036966315230668,3,26570,2026-02-06T02:40:00+00:00,4836.74,4838.2,4809.18325,4811.0041,target_hit
26614,2026-02-06T03:24:00+00:00,2026-02-06T03:25:00+00:00,2026-02-06T03:29:00+00:00,0,down,4801.41,4816.41,-15.0,0.609331033180937,0.6935460995290825,1,26615,2026-02-06T03:25:00+00:00,4802.9,4826.54,4790.8056,4777.40295,stop_loss
26619,2026-02-06T03:29:00+00:00,2026-02-06T03:30:00+00:00,2026-02-06T03:34:00+00:00,0,down,4810.51,4825.51,-15.0,0.8718297908307725,0.8718297908307725,0,26619,2026-02-06T03:29:00+00:00,4812.48,4823.39,4786.45745,4786.45745,stop_loss
26644,2026-02-06T03:54:00+00:00,2026-02-06T03:55:00+00:00,2026-02-06T04:19:00+00:00,2,up,4823.34,4818.81,-4.529999999999745,0.8774064370533768,0.8774064370533768,0,26644,2026-02-06T03:54:00+00:00,4822.43,4818.81,4847.4567,4847.4567,timeout
26672,2026-02-06T04:22:00+00:00,2026-02-06T04:23:00+00:00,2026-02-06T05:09:00+00:00,2,up,4812.03,4820.09,8.0600000000004,0.5888396295115719,0.8814135176673645,1,26681,2026-02-06T04:31:00+00:00,4809.8,4813.28,4852.17015,4836.09015,reverse_signal
26720,2026-02-06T05:10:00+00:00,2026-02-06T05:11:00+00:00,2026-02-06T05:25:00+00:00,0,down,4823.49,4838.49,-15.0,0.5637375179636602,0.5637375179636602,0,26720,2026-02-06T05:10:00+00:00,4825.27,4852.94,4799.37255,4799.37255,stop_loss
26754,2026-02-06T05:44:00+00:00,2026-02-06T05:45:00+00:00,2026-02-06T05:50:00+00:00,0,down,4865.05,4880.05,-15.0,0.5849524795515215,0.5849524795515215,0,26754,2026-02-06T05:44:00+00:00,4867.21,4872.61,4840.72475,4840.72475,stop_loss
26775,2026-02-06T06:05:00+00:00,2026-02-06T06:06:00+00:00,2026-02-06T06:08:00+00:00,2,up,4886.25,4871.25,-15.0,0.5877325424680724,0.6077689095479368,0,26775,2026-02-06T06:05:00+00:00,4884.3,4861.1,4910.68125,4910.68125,stop_loss
26778,2026-02-06T06:08:00+00:00,2026-02-06T06:09:00+00:00,2026-02-06T06:20:00+00:00,2,up,4873.28,4858.28,-15.0,0.6047093925115348,0.5541761234007683,0,26778,2026-02-06T06:08:00+00:00,4871.63,4851.15,4897.6464,4897.6464,stop_loss
26790,2026-02-06T06:20:00+00:00,2026-02-06T06:21:00+00:00,2026-02-06T06:34:00+00:00,2,up,4862.23,4847.23,-15.0,0.5770386220499233,0.5550116170780041,1,26793,2026-02-06T06:23:00+00:00,4860.45,4852.04,4887.2145,4886.541149999999,stop_loss
26805,2026-02-06T06:35:00+00:00,2026-02-06T06:36:00+00:00,2026-02-06T06:56:00+00:00,2,up,4843.13,4828.13,-15.0,0.6276596206196515,0.6290070831698256,1,26806,2026-02-06T06:36:00+00:00,4841.36,4845.48,4869.59685,4867.34565,stop_loss
26826,2026-02-06T06:56:00+00:00,2026-02-06T06:57:00+00:00,2026-02-06T15:00:00+00:00,2,up,4829.21,4853.35605,24.146050000000287,0.8280643849709886,0.8280643849709886,0,26826,2026-02-06T06:56:00+00:00,4828.09,4849.26,4853.35605,4853.35605,target_hit
26830,2026-02-06T15:00:00+00:00,2026-02-06T15:01:00+00:00,2026-02-06T15:06:00+00:00,0,down,4944.95,4959.95,-15.0,0.7798751194532885,0.7014674626341967,3,26834,2026-02-06T15:04:00+00:00,4946.62,4956.13,4918.7427,4920.2252499999995,stop_loss
26836,2026-02-06T15:06:00+00:00,2026-02-06T15:07:00+00:00,2026-02-06T15:25:00+00:00,0,down,4958.57,4944.91,13.659999999999854,0.6938018436391082,0.7485593393834242,2,26838,2026-02-06T15:08:00+00:00,4958.4,4955.51,4930.8021,4933.77715,reverse_signal
26855,2026-02-06T15:25:00+00:00,2026-02-06T15:26:00+00:00,2026-02-06T15:45:00+00:00,2,up,4952.41,4937.41,-15.0,0.6803687406355323,0.5924968263644271,1,26859,2026-02-06T15:29:00+00:00,4952.1,4938.45,4979.80515,4977.17205,stop_loss
26890,2026-02-06T16:00:00+00:00,2026-02-06T16:01:00+00:00,2026-02-06T16:26:00+00:00,2,up,4940.78,4925.78,-15.0,0.6838784982672286,0.6360971771944257,1,26891,2026-02-06T16:01:00+00:00,4940.08,4930.07,4969.333049999999,4965.4839,stop_loss
26920,2026-02-06T16:30:00+00:00,2026-02-06T16:31:00+00:00,2026-02-06T16:56:00+00:00,0,down,4935.7,4950.7,-15.0,0.9759522101319119,0.9533803029610546,7,26942,2026-02-06T16:52:00+00:00,4936.28,4955.74,4919.479,4911.0215,stop_loss
26951,2026-02-06T17:01:00+00:00,2026-02-06T17:02:00+00:00,2026-02-06T17:43:00+00:00,2,up,4954.35,4953.01,-1.3400000000001455,0.6905764835358548,0.5861470105467573,1,26968,2026-02-06T17:18:00+00:00,4954.24,4953.01,4981.97595,4979.12175,timeout
27163,2026-02-06T20:33:00+00:00,2026-02-06T20:34:00+00:00,2026-02-06T21:37:00+00:00,0,down,4943.69,4958.69,-15.0,0.8506063453257644,0.6609040414591154,13,27204,2026-02-06T21:14:00+00:00,4943.97,4962.71,4925.22015,4918.971549999999,stop_loss
27257,2026-02-08T23:08:00+00:00,2026-02-08T23:09:00+00:00,2026-02-08T23:11:00+00:00,0,down,4965.5,4980.5,-15.0,0.8423354407017773,0.8423354407017773,0,27257,2026-02-08T23:08:00+00:00,4968.1,5039.96,4940.6725,4940.6725,stop_loss
27264,2026-02-08T23:15:00+00:00,2026-02-08T23:16:00+00:00,2026-02-08T23:22:00+00:00,0,down,4978.87,4993.87,-15.0,0.981928977360434,0.9784017095534974,5,27270,2026-02-08T23:21:00+00:00,4979.91,5035.86,4964.40325,4953.97565,stop_loss
27271,2026-02-08T23:22:00+00:00,2026-02-08T23:23:00+00:00,2026-02-08T23:25:00+00:00,0,down,4991.05,5006.05,-15.0,0.9790511162308024,0.9653544539120623,2,27273,2026-02-08T23:24:00+00:00,4992.3,5046.14,4973.2886,4966.09475,stop_loss
27274,2026-02-08T23:25:00+00:00,2026-02-08T23:26:00+00:00,2026-02-08T23:28:00+00:00,0,down,5008.04,5023.04,-15.0,0.9682277287187973,0.9689671283702683,2,27276,2026-02-08T23:27:00+00:00,5009.53,5039.39,4992.84035,4982.9998,stop_loss
27277,2026-02-08T23:28:00+00:00,2026-02-08T23:29:00+00:00,2026-02-08T23:33:00+00:00,0,down,5023.77,5038.77,-15.0,0.9819157751812229,0.9843967081225888,4,27281,2026-02-08T23:32:00+00:00,5025.3,5043.04,5012.1632500000005,4998.651150000001,stop_loss
27282,2026-02-08T23:33:00+00:00,2026-02-08T23:34:00+00:00,2026-02-09T00:39:00+00:00,0,down,5038.69,5029.42,9.269999999999527,0.9767375529479616,0.9061674282281924,3,27288,2026-02-08T23:39:00+00:00,5039.96,5029.4,5012.213,5013.49655,timeout
27369,2026-02-09T01:30:00+00:00,2026-02-09T01:31:00+00:00,2026-02-09T01:35:00+00:00,0,down,5021.25,4996.14375,25.106249999999818,0.8326973468507819,0.7675898865156142,0,27369,2026-02-09T01:30:00+00:00,5022.53,4992.08,4996.14375,4996.14375,target_hit
27374,2026-02-09T01:35:00+00:00,2026-02-09T01:36:00+00:00,2026-02-09T01:45:00+00:00,0,down,4997.64,5012.64,-15.0,0.556937029909583,0.8835116382270285,3,27383,2026-02-09T01:44:00+00:00,4999.6,4991.16,4985.6465,4972.651800000001,stop_loss
27384,2026-02-09T01:45:00+00:00,2026-02-09T01:46:00+00:00,2026-02-09T02:00:00+00:00,0,down,5005.9,4980.8705,25.029499999999643,0.9113168788439941,0.8543523313836914,0,27384,2026-02-09T01:45:00+00:00,5008.65,4994.33,4980.8705,4980.8705,target_hit
27399,2026-02-09T02:00:00+00:00,2026-02-09T02:01:00+00:00,2026-02-09T02:51:00+00:00,2,up,4980.52,5009.17125,28.65124999999989,0.877367432214952,0.7320193779822721,1,27405,2026-02-09T02:06:00+00:00,4978.56,4997.2,5009.17125,5005.422600000001,target_hit
27493,2026-02-09T03:34:00+00:00,2026-02-09T03:35:00+00:00,2026-02-09T03:59:00+00:00,0,down,5023.2,5016.85,6.349999999999454,0.8810348995786167,0.8810348995786167,0,27493,2026-02-09T03:34:00+00:00,5024.33,5016.85,4998.084,4998.084,timeout
27624,2026-02-09T05:45:00+00:00,2026-02-09T05:46:00+00:00,2026-02-09T06:01:00+00:00,0,down,5027.31,5042.31,-15.0,0.7955877031501308,0.6368636694936416,4,27637,2026-02-09T05:58:00+00:00,5029.05,5020.19,5009.4866999999995,5002.17345,stop_loss
27682,2026-02-09T06:43:00+00:00,2026-02-09T06:44:00+00:00,2026-02-09T07:08:00+00:00,0,down,5031.74,5040.7,-8.960000000000036,0.7787601171385913,0.7787601171385913,0,27682,2026-02-09T06:43:00+00:00,5033.09,5022.06,5006.5813,5006.5813,timeout
27770,2026-02-09T16:11:00+00:00,2026-02-09T16:12:00+00:00,2026-02-09T16:26:00+00:00,0,down,5064.63,5079.63,-15.0,0.9949485049407693,0.9964650476286255,0,27770,2026-02-09T16:11:00+00:00,5065.27,5070.85,5039.30685,5039.30685,stop_loss
28122,2026-02-09T23:04:00+00:00,2026-02-09T23:05:00+00:00,2026-02-09T23:09:00+00:00,2,up,5058.1,5043.1,-15.0,0.5899334637919688,0.5899334637919688,0,28122,2026-02-09T23:04:00+00:00,5055.21,5023.78,5083.3905,5083.3905,stop_loss
28127,2026-02-09T23:09:00+00:00,2026-02-09T23:10:00+00:00,2026-02-09T23:12:00+00:00,2,up,5019.2,5004.2,-15.0,0.6111502616105511,0.5749774423539878,1,28128,2026-02-09T23:10:00+00:00,5024.44,5021.32,5044.949250000001,5044.295999999999,stop_loss
28130,2026-02-09T23:12:00+00:00,2026-02-09T23:13:00+00:00,2026-02-09T23:19:00+00:00,2,up,5013.32,5016.86,3.5399999999999636,0.5586261234583353,0.5586261234583353,0,28130,2026-02-09T23:12:00+00:00,5009.35,5015.99,5038.3866,5038.3866,reverse_signal
28137,2026-02-09T23:19:00+00:00,2026-02-09T23:20:00+00:00,2026-02-09T23:21:00+00:00,0,down,5009.97,5024.97,-15.0,0.6491653980721265,0.8045352839698914,1,28138,2026-02-09T23:20:00+00:00,5013.7,5037.29,4994.173650000001,4984.92015,stop_loss
28139,2026-02-09T23:21:00+00:00,2026-02-09T23:22:00+00:00,2026-02-09T23:45:00+00:00,0,down,5027.15,5042.15,-15.0,0.8777185146081804,0.9541423520437374,2,28162,2026-02-09T23:44:00+00:00,5029.75,5043.74,5016.0935,5002.014249999999,stop_loss
28167,2026-02-09T23:49:00+00:00,2026-02-09T23:50:00+00:00,2026-02-10T00:14:00+00:00,2,up,5035.85,5033.98,-1.8700000000008004,0.5742680320978364,0.5742680320978364,0,28167,2026-02-09T23:49:00+00:00,5034.95,5033.98,5061.0292500000005,5061.0292500000005,timeout
28213,2026-02-10T00:35:00+00:00,2026-02-10T00:36:00+00:00,2026-02-10T02:06:00+00:00,0,down,5026.86,5041.86,-15.0,0.6285987075133356,0.9929961455305476,3,28252,2026-02-10T01:44:00+00:00,5029.5,5045.03,5004.879849999999,5001.7257,stop_loss
28328,2026-02-10T03:00:00+00:00,2026-02-10T03:01:00+00:00,2026-02-10T03:25:00+00:00,0,down,5034.66,5024.91,9.75,0.9764195202472973,0.9764195202472973,0,28328,2026-02-10T03:00:00+00:00,5035.38,5024.91,5009.4866999999995,5009.4866999999995,timeout
28547,2026-02-10T15:00:00+00:00,2026-02-10T15:01:00+00:00,2026-02-10T15:22:00+00:00,0,down,5032.34,5047.34,-15.0,0.9667170612538585,0.9843158933843597,3,28563,2026-02-10T15:16:00+00:00,5032.75,5017.58,5013.29755,5007.1783000000005,stop_loss
28582,2026-02-10T15:35:00+00:00,2026-02-10T15:36:00+00:00,2026-02-10T15:38:00+00:00,0,down,5030.52,5005.3674,25.152600000000348,0.5596054697466808,0.5596054697466808,0,28582,2026-02-10T15:35:00+00:00,5030.63,5018.95,5005.3674,5005.3674,target_hit
28586,2026-02-10T15:39:00+00:00,2026-02-10T15:40:00+00:00,2026-02-10T15:47:00+00:00,0,down,5007.66,5022.66,-15.0,0.6335077796618919,0.838797770367419,5,28593,2026-02-10T15:46:00+00:00,5008.52,5016.69,4996.0542,4982.6217,stop_loss
28594,2026-02-10T15:47:00+00:00,2026-02-10T15:48:00+00:00,2026-02-10T16:54:00+00:00,0,down,5020.18,5020.41,-0.22999999999956344,0.7623315698812492,0.814734317568879,7,28606,2026-02-10T15:59:00+00:00,5021.12,5012.83,4994.999500000001,4995.0791,timeout
29128,2026-02-11T02:12:00+00:00,2026-02-11T02:13:00+00:00,2026-02-11T02:37:00+00:00,2,up,5038.72,5046.83,8.109999999999673,0.9354669600842992,0.9354669600842992,0,29128,2026-02-11T02:12:00+00:00,5038.44,5046.83,5063.9136,5063.9136,timeout
29331,2026-02-11T15:00:00+00:00,2026-02-11T15:01:00+00:00,2026-02-11T15:05:00+00:00,0,down,5057.35,5072.35,-15.0,0.9477973520738435,0.9802756630453132,4,29335,2026-02-11T15:04:00+00:00,5058.42,5049.76,5039.68495,5032.06325,stop_loss
29336,2026-02-11T15:05:00+00:00,2026-02-11T15:06:00+00:00,2026-02-11T15:27:00+00:00,0,down,5076.26,5045.674849999999,30.585150000000795,0.9309014852403291,0.8721772545638831,5,29342,2026-02-11T15:11:00+00:00,5076.6,5055.61,5045.674849999999,5050.8787,target_hit
29358,2026-02-11T15:27:00+00:00,2026-02-11T15:28:00+00:00,2026-02-11T15:52:00+00:00,0,down,5044.38,5059.38,-15.0,0.761409540732022,0.9418761599571694,10,29369,2026-02-11T15:38:00+00:00,5045.61,5057.87,5015.526349999999,5019.158100000001,stop_loss
29383,2026-02-11T15:52:00+00:00,2026-02-11T15:53:00+00:00,2026-02-11T16:33:00+00:00,0,down,5058.1,5073.1,-15.0,0.9867776100444012,0.9879341077794681,4,29406,2026-02-11T16:15:00+00:00,5059.07,5076.35,5029.088199999999,5032.8095,stop_loss
29436,2026-02-11T16:45:00+00:00,2026-02-11T16:46:00+00:00,2026-02-11T17:10:00+00:00,0,down,5075.01,5082.92,-7.9099999999998545,0.8330468486504816,0.8330468486504816,0,29436,2026-02-11T16:45:00+00:00,5075.08,5082.92,5049.634950000001,5049.634950000001,timeout
29589,2026-02-11T19:18:00+00:00,2026-02-11T19:19:00+00:00,2026-02-11T19:49:00+00:00,2,up,5090.2,5085.65,-4.550000000000182,0.8840451668875262,0.9874643425196782,1,29591,2026-02-11T19:20:00+00:00,5089.32,5081.39,5117.5605000000005,5115.651,timeout
29702,2026-02-11T23:10:00+00:00,2026-02-11T23:11:00+00:00,2026-02-11T23:11:00+00:00,2,up,5074.93,5059.93,-15.0,0.6155370352629868,0.6155370352629868,0,29702,2026-02-11T23:10:00+00:00,5072.76,5063.95,5100.30465,5100.30465,stop_loss
29703,2026-02-11T23:11:00+00:00,2026-02-11T23:12:00+00:00,2026-02-11T23:18:00+00:00,2,up,5061.35,5064.38,3.0299999999997453,0.5688654453041715,0.5688654453041715,0,29703,2026-02-11T23:11:00+00:00,5058.65,5062.57,5086.65675,5086.65675,reverse_signal
29768,2026-02-12T00:16:00+00:00,2026-02-12T00:17:00+00:00,2026-02-12T00:41:00+00:00,2,up,5064.75,5057.02,-7.729999999999563,0.6452085861304054,0.6452085861304054,0,29768,2026-02-12T00:16:00+00:00,5063.81,5057.02,5090.07375,5090.07375,timeout
30142,2026-02-12T15:00:00+00:00,2026-02-12T15:01:00+00:00,2026-02-12T15:06:00+00:00,0,down,5040.8,5055.8,-15.0,0.9896549993461478,0.9960993158915794,5,30147,2026-02-12T15:05:00+00:00,5041.3,5070.6,5028.42155,5015.5960000000005,stop_loss
30148,2026-02-12T15:06:00+00:00,2026-02-12T15:07:00+00:00,2026-02-12T15:17:00+00:00,0,down,5053.19,5068.19,-15.0,0.9957569757928513,0.9950787363584782,7,30156,2026-02-12T15:14:00+00:00,5054.09,5068.99,5040.02325,5027.92405,stop_loss
30212,2026-02-12T16:10:00+00:00,2026-02-12T16:11:00+00:00,2026-02-12T16:12:00+00:00,0,down,5034.07,5008.899649999999,25.170350000000326,0.8185959589015374,0.6985182364788309,0,30212,2026-02-12T16:10:00+00:00,5034.15,4942.81,5008.899649999999,5008.899649999999,target_hit
30214,2026-02-12T16:12:00+00:00,2026-02-12T16:13:00+00:00,2026-02-12T16:14:00+00:00,0,down,5009.05,4984.00475,25.045250000000124,0.828307844351698,0.8635464503265684,0,30214,2026-02-12T16:12:00+00:00,5010.35,4942.84,4984.00475,4984.00475,target_hit
30216,2026-02-12T16:14:00+00:00,2026-02-12T16:15:00+00:00,2026-02-12T16:15:00+00:00,0,down,4951.47,4966.47,-15.0,0.9228623750826477,0.9228623750826477,0,30216,2026-02-12T16:14:00+00:00,4951.85,4957.64,4926.71265,4926.71265,stop_loss
30217,2026-02-12T16:15:00+00:00,2026-02-12T16:16:00+00:00,2026-02-12T16:17:00+00:00,0,down,4946.57,4921.837149999999,24.732850000000326,0.6066915384702778,0.6066915384702778,0,30217,2026-02-12T16:15:00+00:00,4948.87,4957.06,4921.837149999999,4921.837149999999,target_hit
30280,2026-02-12T17:18:00+00:00,2026-02-12T17:19:00+00:00,2026-02-12T17:53:00+00:00,2,up,4961.87,4946.87,-15.0,0.5640194521231395,0.8193251360194685,1,30282,2026-02-12T17:20:00+00:00,4961.59,4955.19,4994.2269,4986.67935,stop_loss
30315,2026-02-12T17:53:00+00:00,2026-02-12T17:54:00+00:00,2026-02-12T18:04:00+00:00,2,up,4946.55,4931.55,-15.0,0.6436414042327083,0.5974490905218875,1,30316,2026-02-12T17:54:00+00:00,4946.45,4908.11,4971.44355,4971.28275,stop_loss
30326,2026-02-12T18:04:00+00:00,2026-02-12T18:05:00+00:00,2026-02-12T18:08:00+00:00,2,up,4938.94,4923.94,-15.0,0.5822152453404434,0.6070797705714437,0,30326,2026-02-12T18:04:00+00:00,4938.23,4928.6,4963.6347,4963.6347,stop_loss
30330,2026-02-12T18:08:00+00:00,2026-02-12T18:09:00+00:00,2026-02-12T18:13:00+00:00,2,up,4923.92,4930.12,6.199999999999818,0.596487494423647,0.596487494423647,0,30330,2026-02-12T18:08:00+00:00,4922.88,4931.6,4948.5396,4948.5396,reverse_signal
30335,2026-02-12T18:13:00+00:00,2026-02-12T18:14:00+00:00,2026-02-12T18:39:00+00:00,0,down,4926.97,4941.97,-15.0,0.9785200596571259,0.9981842193855571,4,30340,2026-02-12T18:18:00+00:00,4927.91,4945.99,4889.4897,4902.33515,stop_loss
30361,2026-02-12T18:39:00+00:00,2026-02-12T18:40:00+00:00,2026-02-12T19:44:00+00:00,0,down,4940.83,4946.96,-6.130000000000109,0.9971611725690862,0.5808342465827647,4,30367,2026-02-12T18:45:00+00:00,4940.85,4937.73,4910.8822,4916.12585,timeout
30431,2026-02-12T19:49:00+00:00,2026-02-12T19:50:00+00:00,2026-02-12T20:09:00+00:00,2,up,4954.63,4939.63,-15.0,0.5905682312212351,0.5786648721798946,1,30432,2026-02-12T19:50:00+00:00,4953.65,4936.67,4979.7951,4979.40315,stop_loss
30478,2026-02-12T20:36:00+00:00,2026-02-12T20:37:00+00:00,2026-02-12T21:21:00+00:00,2,up,4923.05,4920.34,-2.7100000000000364,0.6021800834052093,0.6626790388444055,0,30478,2026-02-12T20:36:00+00:00,4922.26,4915.75,4947.66525,4947.66525,timeout
30568,2026-02-12T23:07:00+00:00,2026-02-12T23:08:00+00:00,2026-02-12T23:37:00+00:00,2,up,4905.72,4917.43,11.710000000000036,0.9863103763649153,0.9491085039179645,1,30569,2026-02-12T23:08:00+00:00,4903.52,4921.54,4930.27875,4930.2486,timeout
30608,2026-02-12T23:47:00+00:00,2026-02-12T23:48:00+00:00,2026-02-13T00:03:00+00:00,0,down,4909.9,4924.9,-15.0,0.5668577783289035,0.6580842397253213,5,30623,2026-02-13T00:02:00+00:00,4910.95,4942.14,4898.21585,4885.3505,stop_loss
30625,2026-02-13T00:04:00+00:00,2026-02-13T00:05:00+00:00,2026-02-13T00:07:00+00:00,0,down,4925.34,4940.34,-15.0,0.731367579282687,0.8351061375332074,2,30627,2026-02-13T00:06:00+00:00,4927.05,4945.44,4910.37475,4900.7133,stop_loss
30628,2026-02-13T00:07:00+00:00,2026-02-13T00:08:00+00:00,2026-02-13T00:16:00+00:00,0,down,4939.73,4941.83,-2.100000000000364,0.8862289163738853,0.5615153831083385,7,30635,2026-02-13T00:14:00+00:00,4940.1,4940.65,4918.11585,4915.031349999999,reverse_signal
30645,2026-02-13T00:24:00+00:00,2026-02-13T00:25:00+00:00,2026-02-13T00:54:00+00:00,2,up,4941.06,4933.23,-7.830000000000837,0.6428482655808565,0.768675159500861,0,30645,2026-02-13T00:24:00+00:00,4940.54,4934.13,4965.7653,4965.7653,timeout
30681,2026-02-13T01:30:00+00:00,2026-02-13T01:31:00+00:00,2026-02-13T01:45:00+00:00,0,down,4968.66,4983.66,-15.0,0.5583427120675409,0.6921484941242259,2,30688,2026-02-13T01:37:00+00:00,4969.5,4978.19,4943.40875,4943.816699999999,stop_loss
30696,2026-02-13T01:45:00+00:00,2026-02-13T01:46:00+00:00,2026-02-13T02:22:00+00:00,0,down,4981.46,4982.55,-1.0900000000001455,0.8353455326080116,0.881130970061635,6,30704,2026-02-13T01:53:00+00:00,4982.49,4979.91,4954.692050000001,4956.5527,timeout
30917,2026-02-13T06:02:00+00:00,2026-02-13T06:03:00+00:00,2026-02-13T06:43:00+00:00,0,down,4954.47,4956.34,-1.8699999999998909,0.6238754990939095,0.7889132984543603,5,30933,2026-02-13T06:18:00+00:00,4955.49,4956.34,4928.52355,4929.69765,timeout
30978,2026-02-13T15:03:00+00:00,2026-02-13T15:04:00+00:00,2026-02-13T15:10:00+00:00,2,up,4995.51,5009.85,14.340000000000146,0.5888189314087944,0.5888189314087944,0,30978,2026-02-13T15:03:00+00:00,4994.39,5011.08,5020.48755,5020.48755,reverse_signal
30985,2026-02-13T15:10:00+00:00,2026-02-13T15:11:00+00:00,2026-02-13T15:53:00+00:00,0,down,5010.93,4985.87535,25.054650000000038,0.8204544173397861,0.9575979790964785,0,30985,2026-02-13T15:10:00+00:00,5011.09,5010.95,4985.87535,4985.87535,target_hit
31028,2026-02-13T15:53:00+00:00,2026-02-13T15:54:00+00:00,2026-02-13T16:15:00+00:00,0,down,4984.31,4999.31,-15.0,0.8993866878222995,0.8378109283900974,2,31033,2026-02-13T15:58:00+00:00,4985.22,5007.08,4952.413500000001,4959.38845,stop_loss
31064,2026-02-13T16:29:00+00:00,2026-02-13T16:30:00+00:00,2026-02-13T17:06:00+00:00,0,down,5027.84,5017.99,9.850000000000364,0.8177659362198615,0.9915544277411691,0,31064,2026-02-13T16:29:00+00:00,5028.1,5014.83,5002.7008000000005,5002.7008000000005,timeout
31143,2026-02-13T17:48:00+00:00,2026-02-13T17:49:00+00:00,2026-02-13T18:20:00+00:00,2,up,5021.7,5025.16,3.4600000000000364,0.9904516458263579,0.564698497514831,1,31148,2026-02-13T17:53:00+00:00,5020.98,5026.72,5047.8537,5046.8085,timeout
31384,2026-02-15T23:07:00+00:00,2026-02-15T23:08:00+00:00,2026-02-15T23:16:00+00:00,0,down,5019.03,5034.03,-15.0,0.5603241006453563,0.8449544124860973,3,31388,2026-02-15T23:11:00+00:00,5019.32,5024.48,4991.397599999999,4993.93485,stop_loss
31393,2026-02-15T23:16:00+00:00,2026-02-15T23:17:00+00:00,2026-02-15T23:48:00+00:00,0,down,5030.55,5017.4,13.150000000000546,0.9883939371270591,0.9983378850160332,2,31399,2026-02-15T23:22:00+00:00,5032.85,5019.22,5000.810299999999,5005.39725,timeout
31466,2026-02-16T00:29:00+00:00,2026-02-16T00:30:00+00:00,2026-02-16T00:54:00+00:00,2,up,5013.59,5020.06,6.470000000000255,0.5634111692851386,0.5634111692851386,0,31466,2026-02-16T00:29:00+00:00,5011.97,5020.06,5038.65795,5038.65795,timeout
32291,2026-02-17T05:17:00+00:00,2026-02-17T05:18:00+00:00,2026-02-17T05:32:00+00:00,0,down,4899.9,4874.505,25.394999999999527,0.6391222669439971,0.9782608679342236,3,32295,2026-02-17T05:21:00+00:00,4900.15,4888.01,4874.505,4875.4005,target_hit
32306,2026-02-17T05:32:00+00:00,2026-02-17T05:33:00+00:00,2026-02-17T05:34:00+00:00,0,down,4870.99,4885.99,-15.0,0.9423793218960507,0.9882159601458204,1,32307,2026-02-17T05:33:00+00:00,4873.45,4889.96,4855.47065,4846.63505,stop_loss
32308,2026-02-17T05:34:00+00:00,2026-02-17T05:35:00+00:00,2026-02-17T06:19:00+00:00,0,down,4884.8,4899.8,-15.0,0.9963226287392677,0.9922987458523335,2,32312,2026-02-17T05:38:00+00:00,4886.62,4892.5,4859.8188,4860.376,stop_loss
32394,2026-02-17T15:00:00+00:00,2026-02-17T15:01:00+00:00,2026-02-17T15:32:00+00:00,2,up,4854.65,4862.78,8.13000000000011,0.6485655836046424,0.772705209238131,1,32395,2026-02-17T15:01:00+00:00,4852.85,4871.47,4888.61145,4878.92325,reverse_signal
32426,2026-02-17T15:32:00+00:00,2026-02-17T15:33:00+00:00,2026-02-17T15:40:00+00:00,0,down,4857.4,4872.4,-15.0,0.8428122670534695,0.8815641466721122,1,32430,2026-02-17T15:36:00+00:00,4858.61,4882.96,4834.854249999999,4833.112999999999,stop_loss
32434,2026-02-17T15:40:00+00:00,2026-02-17T15:41:00+00:00,2026-02-17T15:58:00+00:00,0,down,4868.52,4883.52,-15.0,0.9685630657491714,0.9564826913531566,4,32446,2026-02-17T15:52:00+00:00,4869.97,4889.68,4841.00335,4844.1774000000005,stop_loss
32452,2026-02-17T15:58:00+00:00,2026-02-17T15:59:00+00:00,2026-02-17T16:37:00+00:00,0,down,4879.94,4879.85,0.08999999999923602,0.9080543541532415,0.8508318762644806,3,32458,2026-02-17T16:04:00+00:00,4881.23,4884.02,4853.24185,4855.5403,timeout
32495,2026-02-17T16:41:00+00:00,2026-02-17T16:42:00+00:00,2026-02-17T17:00:00+00:00,2,up,4881.69,4866.69,-15.0,0.5936767153527073,0.6160172297153921,0,32495,2026-02-17T16:41:00+00:00,4880.4,4868.67,4906.0984499999995,4906.0984499999995,stop_loss
32517,2026-02-17T17:03:00+00:00,2026-02-17T17:04:00+00:00,2026-02-17T17:39:00+00:00,0,down,4869.59,4864.3,5.289999999999964,0.9276679018989806,0.979081029612269,0,32517,2026-02-17T17:03:00+00:00,4870.74,4862.83,4845.24205,4845.24205,timeout
32562,2026-02-17T17:48:00+00:00,2026-02-17T17:49:00+00:00,2026-02-17T18:18:00+00:00,0,down,4862.43,4877.43,-15.0,0.9820661482565796,0.7814316698916071,2,32565,2026-02-17T17:51:00+00:00,4863.76,4872.73,4836.7746,4838.1178500000005,stop_loss
32641,2026-02-17T19:07:00+00:00,2026-02-17T19:08:00+00:00,2026-02-17T19:32:00+00:00,0,down,4898.07,4880.99,17.079999999999927,0.9412554325247724,0.9412554325247724,0,32641,2026-02-17T19:07:00+00:00,4899.21,4880.99,4873.57965,4873.57965,timeout
32796,2026-02-17T23:19:00+00:00,2026-02-17T23:20:00+00:00,2026-02-17T23:44:00+00:00,2,up,4875.42,4875.34,-0.07999999999992724,0.9340730562116013,0.9340730562116013,0,32796,2026-02-17T23:19:00+00:00,4873.3,4875.34,4899.7971,4899.7971,timeout
32838,2026-02-18T00:01:00+00:00,2026-02-18T00:02:00+00:00,2026-02-18T00:35:00+00:00,0,down,4864.37,4879.37,-15.0,0.8608809958683544,0.5922285630054174,2,32840,2026-02-18T00:03:00+00:00,4865.79,4870.74,4838.21735,4840.04815,stop_loss
33171,2026-02-18T15:00:00+00:00,2026-02-18T15:01:00+00:00,2026-02-18T15:03:00+00:00,0,down,4993.15,5008.15,-15.0,0.9926568527546129,0.9980854054543278,2,33173,2026-02-18T15:02:00+00:00,4994.01,5006.39,4972.9105,4968.184249999999,stop_loss
33174,2026-02-18T15:03:00+00:00,2026-02-18T15:04:00+00:00,2026-02-18T15:38:00+00:00,0,down,5006.9,4999.21,7.6899999999996,0.9976745981165491,0.9902321617161857,2,33177,2026-02-18T15:06:00+00:00,5008.04,5001.82,4977.6865,4981.8655,timeout
33350,2026-02-18T19:27:00+00:00,2026-02-18T19:28:00+00:00,2026-02-18T19:52:00+00:00,0,down,4975.49,4980.63,-5.140000000000327,0.6801199551215655,0.6801199551215655,0,33350,2026-02-18T19:27:00+00:00,4976.23,4980.63,4950.61255,4950.61255,timeout
33719,2026-02-19T15:00:00+00:00,2026-02-19T15:01:00+00:00,2026-02-19T15:30:00+00:00,0,down,5004.55,5019.55,-15.0,0.9991376256869494,0.985234557133356,4,33724,2026-02-19T15:05:00+00:00,5006.2,5019.63,4976.3532,4979.52725,stop_loss
34455,2026-02-20T15:01:00+00:00,2026-02-20T15:02:00+00:00,2026-02-20T15:03:00+00:00,0,down,5062.31,5036.99845,25.311550000000352,0.6619510005222953,0.6619510005222953,0,34455,2026-02-20T15:01:00+00:00,5063.57,5023.51,5036.99845,5036.99845,target_hit
34458,2026-02-20T15:04:00+00:00,2026-02-20T15:05:00+00:00,2026-02-20T15:06:00+00:00,0,down,5027.76,5002.6212000000005,25.13879999999972,0.590127099394218,0.590127099394218,0,34458,2026-02-20T15:04:00+00:00,5028.48,5026.05,5002.6212000000005,5002.6212000000005,target_hit
34460,2026-02-20T15:06:00+00:00,2026-02-20T15:07:00+00:00,2026-02-20T15:08:00+00:00,2,up,4995.72,5020.698600000001,24.97860000000037,0.5809646334448754,0.5809646334448754,0,34460,2026-02-20T15:06:00+00:00,4994.53,5026.35,5020.698600000001,5020.698600000001,target_hit
34463,2026-02-20T15:09:00+00:00,2026-02-20T15:10:00+00:00,2026-02-20T15:17:00+00:00,2,up,5023.49,5024.35,0.8600000000005821,0.7103819735692789,0.6735458219968531,0,34463,2026-02-20T15:09:00+00:00,5021.62,5025.41,5048.6074499999995,5048.6074499999995,reverse_signal
34472,2026-02-20T15:18:00+00:00,2026-02-20T15:19:00+00:00,2026-02-20T15:27:00+00:00,0,down,5043.47,5018.25265,25.217349999999897,0.6665294559810422,0.774452437717309,0,34472,2026-02-20T15:18:00+00:00,5045.62,5044.45,5018.25265,5018.25265,target_hit
34482,2026-02-20T15:28:00+00:00,2026-02-20T15:29:00+00:00,2026-02-20T15:37:00+00:00,0,down,5017.45,5032.45,-15.0,0.8835344769221911,0.9897136956528558,8,34490,2026-02-20T15:36:00+00:00,5018.92,5044.39,5000.4123,4992.36275,stop_loss
34491,2026-02-20T15:37:00+00:00,2026-02-20T15:38:00+00:00,2026-02-20T15:45:00+00:00,0,down,5033.69,5048.69,-15.0,0.9947194123998995,0.9711629623402287,3,34494,2026-02-20T15:40:00+00:00,5034.03,5046.19,5003.6659500000005,5008.5215499999995,stop_loss
34499,2026-02-20T15:45:00+00:00,2026-02-20T15:46:00+00:00,2026-02-20T16:26:00+00:00,0,down,5048.23,5052.56,-4.330000000000837,0.9017511852182347,0.595845094617734,3,34504,2026-02-20T15:50:00+00:00,5048.54,5052.36,5017.73525,5022.98885,timeout
34547,2026-02-20T16:33:00+00:00,2026-02-20T16:34:00+00:00,2026-02-20T17:03:00+00:00,0,down,5065.66,5070.88,-5.220000000000255,0.8153671824200879,0.9401826287839671,2,34552,2026-02-20T16:38:00+00:00,5066.58,5070.88,5038.09295,5040.3317,timeout
34670,2026-02-20T18:36:00+00:00,2026-02-20T18:37:00+00:00,2026-02-20T19:02:00+00:00,2,up,5070.99,5072.75,1.7600000000002183,0.7270074876974009,0.7381099300839611,0,34670,2026-02-20T18:36:00+00:00,5069.33,5072.06,5096.34495,5096.34495,timeout
34878,2026-02-22T23:07:00+00:00,2026-02-22T23:08:00+00:00,2026-02-22T23:16:00+00:00,2,up,5131.16,5147.94,16.779999999999745,0.8613762993176672,0.6729888833910962,1,34879,2026-02-22T23:08:00+00:00,5130.87,5146.29,5164.98645,5156.8158,reverse_signal
34887,2026-02-22T23:16:00+00:00,2026-02-22T23:17:00+00:00,2026-02-22T23:51:00+00:00,0,down,5147.25,5162.25,-15.0,0.9804944967528013,0.9228329583569099,2,34895,2026-02-22T23:24:00+00:00,5147.61,5158.9,5120.7774500000005,5121.51375,stop_loss
35210,2026-02-23T15:00:00+00:00,2026-02-23T15:01:00+00:00,2026-02-23T15:38:00+00:00,0,down,5191.5,5197.83,-6.329999999999927,0.999245937983824,0.996058914160523,4,35222,2026-02-23T15:12:00+00:00,5192.59,5195.35,5163.2639500000005,5165.5425,timeout
35344,2026-02-23T17:14:00+00:00,2026-02-23T17:15:00+00:00,2026-02-23T17:39:00+00:00,0,down,5203.03,5197.41,5.619999999999891,0.9871910573679668,0.9871910573679668,0,35344,2026-02-23T17:14:00+00:00,5203.95,5197.41,5177.01485,5177.01485,timeout
35626,2026-02-23T23:16:00+00:00,2026-02-23T23:17:00+00:00,2026-02-23T23:54:00+00:00,0,down,5248.15,5235.5,12.649999999999636,0.9138764738171767,0.9286124462849332,0,35626,2026-02-23T23:16:00+00:00,5250.16,5239.33,5221.90925,5221.90925,timeout
35730,2026-02-24T01:30:00+00:00,2026-02-24T01:31:00+00:00,2026-02-24T01:46:00+00:00,0,down,5165.54,5179.03,-13.489999999999782,0.9150857792117038,0.8758457902093767,14,35744,2026-02-24T01:44:00+00:00,5167.3,5173.92,5149.3538499999995,5139.7123,reverse_signal
35747,2026-02-24T01:47:00+00:00,2026-02-24T01:48:00+00:00,2026-02-24T01:55:00+00:00,2,up,5178.3,5163.3,-15.0,0.812054846705869,0.8047434854826521,0,35747,2026-02-24T01:47:00+00:00,5177.0,5171.17,5204.1915,5204.1915,stop_loss
35756,2026-02-24T01:56:00+00:00,2026-02-24T01:57:00+00:00,2026-02-24T02:23:00+00:00,2,up,5173.69,5168.06,-5.6299999999992,0.7944206529211086,0.8100361298757597,0,35756,2026-02-24T01:56:00+00:00,5172.38,5171.96,5199.5584499999995,5199.5584499999995,timeout
35886,2026-02-24T04:06:00+00:00,2026-02-24T04:07:00+00:00,2026-02-24T04:31:00+00:00,0,down,5169.66,5170.22,-0.5600000000004002,0.981628583281906,0.981628583281906,0,35886,2026-02-24T04:06:00+00:00,5170.88,5170.22,5143.8117,5143.8117,timeout
36051,2026-02-24T15:02:00+00:00,2026-02-24T15:03:00+00:00,2026-02-24T15:09:00+00:00,0,down,5122.15,5137.15,-15.0,0.9265609265203408,0.9766538726168627,2,36053,2026-02-24T15:04:00+00:00,5122.43,5138.56,5100.30035,5096.53925,stop_loss
36061,2026-02-24T15:12:00+00:00,2026-02-24T15:13:00+00:00,2026-02-24T15:37:00+00:00,0,down,5136.62,5144.55,-7.930000000000291,0.90227077599615,0.90227077599615,0,36061,2026-02-24T15:12:00+00:00,5137.62,5144.55,5110.9369,5110.9369,timeout
36471,2026-02-24T23:17:00+00:00,2026-02-24T23:18:00+00:00,2026-02-24T23:42:00+00:00,0,down,5131.45,5146.45,-15.0,0.9719377896796405,0.885931325283426,2,36482,2026-02-24T23:28:00+00:00,5133.6,5152.08,5104.6286,5105.79275,stop_loss
37159,2026-02-25T21:02:00+00:00,2026-02-25T21:03:00+00:00,2026-02-25T21:16:00+00:00,0,down,5157.13,5172.13,-15.0,0.9119728153925541,0.8855040294847715,2,37161,2026-02-25T21:04:00+00:00,5157.92,5170.31,5131.70255,5131.34435,stop_loss
37214,2026-02-25T21:57:00+00:00,2026-02-25T21:58:00+00:00,2026-02-25T23:03:00+00:00,0,down,5168.7,5183.7,-15.0,0.6376665129265544,0.5911474053184937,0,37214,2026-02-25T21:57:00+00:00,5169.6,5173.13,5142.8565,5142.8565,stop_loss
37270,2026-02-25T23:54:00+00:00,2026-02-25T23:55:00+00:00,2026-02-26T00:28:00+00:00,0,down,5169.46,5184.46,-15.0,0.9605200822034256,0.8527621950393647,4,37301,2026-02-26T00:25:00+00:00,5170.84,5186.98,5155.64225,5143.6127,stop_loss
37548,2026-02-26T15:00:00+00:00,2026-02-26T15:01:00+00:00,2026-02-26T15:27:00+00:00,0,down,5165.69,5138.2397,27.450299999999515,0.9963084770789316,0.9508476167566672,10,37561,2026-02-26T15:13:00+00:00,5166.86,5165.44,5138.2397,5139.86155,target_hit
37575,2026-02-26T15:27:00+00:00,2026-02-26T15:28:00+00:00,2026-02-26T15:30:00+00:00,0,down,5132.54,5147.54,-15.0,0.9152472795537725,0.9776984054755351,1,37576,2026-02-26T15:28:00+00:00,5133.74,5191.78,5115.145750000001,5106.8773,stop_loss
37578,2026-02-26T15:30:00+00:00,2026-02-26T15:31:00+00:00,2026-02-26T15:35:00+00:00,0,down,5144.42,5159.42,-15.0,0.9997330714200348,0.9985244019388113,4,37582,2026-02-26T15:34:00+00:00,5145.4,5185.99,5128.0111,5118.6979,stop_loss
37583,2026-02-26T15:35:00+00:00,2026-02-26T15:36:00+00:00,2026-02-26T15:43:00+00:00,0,down,5161.22,5176.22,-15.0,0.9996531377608125,0.9977181783668375,6,37589,2026-02-26T15:41:00+00:00,5162.05,5178.79,5143.00575,5135.4139000000005,stop_loss
37591,2026-02-26T15:43:00+00:00,2026-02-26T15:44:00+00:00,2026-02-26T15:51:00+00:00,0,down,5172.69,5187.69,-15.0,0.9979003375666433,0.9979003375666433,0,37591,2026-02-26T15:43:00+00:00,5173.99,5177.94,5146.82655,5146.82655,stop_loss
37762,2026-02-26T18:34:00+00:00,2026-02-26T18:35:00+00:00,2026-02-26T18:43:00+00:00,0,down,5167.7,5182.7,-15.0,0.6325285326239569,0.6325285326239569,0,37762,2026-02-26T18:34:00+00:00,5168.71,5180.62,5141.8615,5141.8615,stop_loss
37910,2026-02-26T23:02:00+00:00,2026-02-26T23:03:00+00:00,2026-02-26T23:32:00+00:00,2,up,5181.41,5181.33,-0.07999999999992724,0.8048668237327283,0.7564214113064416,1,37911,2026-02-26T23:03:00+00:00,5178.82,5181.79,5208.0004500000005,5207.31705,timeout
38279,2026-02-27T16:24:00+00:00,2026-02-27T16:25:00+00:00,2026-02-27T16:54:00+00:00,0,down,5229.94,5231.69,-1.75,0.9118691118189441,0.9875006452732282,5,38284,2026-02-27T16:29:00+00:00,5231.03,5231.69,5208.4866999999995,5203.7903,timeout
38584,2026-02-27T21:54:00+00:00,2026-02-27T21:55:00+00:00,2026-03-01T23:04:00+00:00,0,down,5280.6,5295.6,-15.0,0.5832793384064455,0.6054606630126991,1,38588,2026-02-27T21:58:00+00:00,5280.89,5352.97,5254.9532,5254.197,stop_loss
38590,2026-03-01T23:04:00+00:00,2026-03-01T23:05:00+00:00,2026-03-01T23:05:00+00:00,0,down,5355.55,5370.55,-15.0,0.9350549964386314,0.9350549964386314,0,38590,2026-03-01T23:04:00+00:00,5359.59,5356.43,5328.77225,5328.77225,stop_loss
38591,2026-03-01T23:05:00+00:00,2026-03-01T23:06:00+00:00,2026-03-01T23:06:00+00:00,0,down,5367.05,5340.21475,26.835250000000087,0.9059859150355091,0.9059859150355091,0,38591,2026-03-01T23:05:00+00:00,5369.9,5360.22,5340.21475,5340.21475,target_hit
38592,2026-03-01T23:06:00+00:00,2026-03-01T23:07:00+00:00,2026-03-01T23:09:00+00:00,0,down,5340.64,5355.64,-15.0,0.9025895033119304,0.9441537605759263,2,38594,2026-03-01T23:08:00+00:00,5346.16,5367.0,5321.25005,5313.9368,stop_loss
38595,2026-03-01T23:09:00+00:00,2026-03-01T23:10:00+00:00,2026-03-01T23:31:00+00:00,0,down,5350.14,5365.14,-15.0,0.9762634300538264,0.9979301916853666,2,38597,2026-03-01T23:11:00+00:00,5353.24,5368.78,5318.9317,5323.389300000001,stop_loss
38618,2026-03-01T23:32:00+00:00,2026-03-01T23:33:00+00:00,2026-03-01T23:38:00+00:00,0,down,5364.27,5379.27,-15.0,0.6194661822684013,0.6788858446144983,1,38619,2026-03-01T23:33:00+00:00,5366.44,5385.82,5340.165,5337.44865,stop_loss
38624,2026-03-01T23:38:00+00:00,2026-03-01T23:39:00+00:00,2026-03-01T23:42:00+00:00,0,down,5375.57,5390.57,-15.0,0.8337857516895788,0.8337857516895788,0,38624,2026-03-01T23:38:00+00:00,5377.11,5382.53,5348.69215,5348.69215,stop_loss
38630,2026-03-01T23:44:00+00:00,2026-03-01T23:45:00+00:00,2026-03-02T00:32:00+00:00,0,down,5381.44,5363.75,17.6899999999996,0.6953013847604226,0.9597920460093875,14,38647,2026-03-02T00:01:00+00:00,5383.9,5356.78,5349.5578,5354.5328,timeout
38706,2026-03-02T01:30:00+00:00,2026-03-02T01:31:00+00:00,2026-03-02T01:33:00+00:00,0,down,5309.97,5324.97,-15.0,0.9449431667631223,0.9795193505796205,2,38708,2026-03-02T01:32:00+00:00,5312.43,5329.95,5289.897599999999,5283.42015,stop_loss
38709,2026-03-02T01:33:00+00:00,2026-03-02T01:34:00+00:00,2026-03-02T01:42:00+00:00,0,down,5324.67,5339.67,-15.0,0.9784411263461119,0.9629142798666688,8,38717,2026-03-02T01:41:00+00:00,5326.43,5320.9,5306.66335,5298.04665,stop_loss
38718,2026-03-02T01:42:00+00:00,2026-03-02T01:43:00+00:00,2026-03-02T02:01:00+00:00,0,down,5335.9,5331.41,4.489999999999782,0.971387939318458,0.7747534589428058,2,38720,2026-03-02T01:44:00+00:00,5337.87,5328.45,5308.6831999999995,5309.220499999999,reverse_signal
38737,2026-03-02T02:01:00+00:00,2026-03-02T02:02:00+00:00,2026-03-02T02:38:00+00:00,2,up,5329.72,5338.05,8.329999999999927,0.5693888195994198,0.9517367134738945,1,38748,2026-03-02T02:12:00+00:00,5328.38,5336.53,5358.2077500000005,5356.368600000001,timeout
39013,2026-03-02T06:37:00+00:00,2026-03-02T06:38:00+00:00,2026-03-02T15:00:00+00:00,0,down,5377.92,5351.0304,26.889600000000428,0.9814981043639782,0.9814981043639782,0,39013,2026-03-02T06:37:00+00:00,5378.86,5389.43,5351.0304,5351.0304,target_hit
39036,2026-03-02T15:00:00+00:00,2026-03-02T15:01:00+00:00,2026-03-02T15:07:00+00:00,0,down,5322.02,5337.02,-15.0,0.9542687101381679,0.8386205583402819,3,39039,2026-03-02T15:03:00+00:00,5322.27,5331.27,5298.00685,5295.409900000001,stop_loss
39043,2026-03-02T15:07:00+00:00,2026-03-02T15:08:00+00:00,2026-03-02T15:53:00+00:00,0,down,5340.12,5328.31,11.80999999999949,0.7096489082593261,0.7774632575764524,2,39045,2026-03-02T15:09:00+00:00,5340.5,5346.43,5309.3598,5313.4194,reverse_signal
39090,2026-03-02T15:54:00+00:00,2026-03-02T15:55:00+00:00,2026-03-02T15:59:00+00:00,0,down,5333.15,5311.92,21.229999999999563,0.581854433447798,0.581854433447798,0,39090,2026-03-02T15:54:00+00:00,5333.61,5286.24,5306.4842499999995,5306.4842499999995,reverse_signal
39096,2026-03-02T16:00:00+00:00,2026-03-02T16:01:00+00:00,2026-03-02T16:01:00+00:00,2,up,5289.66,5274.66,-15.0,0.8552049698811255,0.8552049698811255,0,39096,2026-03-02T16:00:00+00:00,5288.52,5307.7,5316.1083,5316.1083,stop_loss
39097,2026-03-02T16:01:00+00:00,2026-03-02T16:02:00+00:00,2026-03-02T16:12:00+00:00,2,up,5269.27,5298.6012,29.331199999999626,0.9346722700553869,0.7702805584025612,1,39099,2026-03-02T16:03:00+00:00,5268.69,5309.17,5298.6012,5295.61635,target_hit
39108,2026-03-02T16:12:00+00:00,2026-03-02T16:13:00+00:00,2026-03-02T16:16:00+00:00,2,up,5295.81,5296.65,0.839999999999236,0.8488823624057215,0.80152320301708,1,39109,2026-03-02T16:13:00+00:00,5295.3,5303.98,5327.9271,5322.28905,reverse_signal
39112,2026-03-02T16:16:00+00:00,2026-03-02T16:17:00+00:00,2026-03-02T16:26:00+00:00,0,down,5296.91,5311.91,-15.0,0.9190329373946341,0.9886346655145641,3,39121,2026-03-02T16:25:00+00:00,5296.76,5300.04,5282.9525,5270.42545,stop_loss
39122,2026-03-02T16:26:00+00:00,2026-03-02T16:27:00+00:00,2026-03-02T17:54:00+00:00,0,down,5308.39,5303.56,4.829999999999927,0.9631252937675461,0.9890524042713116,5,39127,2026-03-02T16:31:00+00:00,5308.92,5299.2,5278.3954,5281.8480500000005,timeout
39218,2026-03-02T18:02:00+00:00,2026-03-02T18:03:00+00:00,2026-03-02T18:54:00+00:00,0,down,5300.05,5315.05,-15.0,0.9528596794366229,0.8102630257643316,4,39241,2026-03-02T18:25:00+00:00,5300.44,5311.05,5271.51,5273.54975,stop_loss
39278,2026-03-02T19:02:00+00:00,2026-03-02T19:03:00+00:00,2026-03-02T19:41:00+00:00,0,down,5320.66,5330.4,-9.739999999999782,0.8126192541432359,0.8150848348148243,7,39292,2026-03-02T19:16:00+00:00,5320.99,5330.4,5293.6388,5294.0567,timeout
39355,2026-03-02T20:19:00+00:00,2026-03-02T20:20:00+00:00,2026-03-02T20:54:00+00:00,2,up,5329.66,5339.36,9.699999999999818,0.9996123070796328,0.9256418802252224,1,39356,2026-03-02T20:20:00+00:00,5329.43,5337.79,5363.3031,5356.3083,timeout
39500,2026-03-02T23:45:00+00:00,2026-03-02T23:46:00+00:00,2026-03-03T00:24:00+00:00,2,up,5333.75,5356.87,23.11999999999989,0.8097018536891065,0.6441803782048647,1,39501,2026-03-02T23:46:00+00:00,5332.21,5344.55,5361.6348,5360.41875,timeout
39596,2026-03-03T01:51:00+00:00,2026-03-03T01:52:00+00:00,2026-03-03T02:09:00+00:00,0,down,5359.59,5357.67,1.9200000000000728,0.8257253922375877,0.8272590766916467,0,39596,2026-03-03T01:51:00+00:00,5361.0,5346.16,5332.79205,5332.79205,reverse_signal
39614,2026-03-03T02:09:00+00:00,2026-03-03T02:10:00+00:00,2026-03-03T03:01:00+00:00,2,up,5351.8,5370.53,18.729999999999563,0.9428709265678858,0.8419107980770633,1,39620,2026-03-03T02:15:00+00:00,5351.44,5355.46,5379.57405,5378.559,timeout
39805,2026-03-03T05:40:00+00:00,2026-03-03T05:41:00+00:00,2026-03-03T05:54:00+00:00,0,down,5343.01,5316.29495,26.715049999999792,0.8810858486310515,0.7448436872599857,0,39805,2026-03-03T05:40:00+00:00,5344.19,5321.71,5316.29495,5316.29495,target_hit
39820,2026-03-03T05:55:00+00:00,2026-03-03T05:56:00+00:00,2026-03-03T06:12:00+00:00,2,up,5310.57,5295.57,-15.0,0.7280359039343497,0.6424403760186927,1,39821,2026-03-03T05:56:00+00:00,5309.48,5309.28,5338.067550000001,5337.12285,stop_loss
39837,2026-03-03T06:12:00+00:00,2026-03-03T06:13:00+00:00,2026-03-03T06:14:00+00:00,2,up,5301.35,5286.35,-15.0,0.8270054066140005,0.7769923570193049,0,39837,2026-03-03T06:12:00+00:00,5300.15,5303.47,5327.85675,5327.85675,stop_loss
39839,2026-03-03T06:14:00+00:00,2026-03-03T06:15:00+00:00,2026-03-03T06:16:00+00:00,2,up,5290.93,5293.35,2.4200000000000728,0.5811380958256955,0.5811380958256955,0,39839,2026-03-03T06:14:00+00:00,5289.55,5306.31,5317.38465,5317.38465,reverse_signal
39841,2026-03-03T06:16:00+00:00,2026-03-03T06:17:00+00:00,2026-03-03T06:23:00+00:00,0,down,5298.21,5313.21,-15.0,0.9301431468049883,0.9156642140838746,6,39847,2026-03-03T06:22:00+00:00,5299.74,5308.16,5284.83305,5271.71895,stop_loss
39854,2026-03-03T06:29:00+00:00,2026-03-03T06:30:00+00:00,2026-03-03T06:54:00+00:00,0,down,5316.95,5303.68,13.269999999999527,0.7710568350035911,0.7710568350035911,0,39854,2026-03-03T06:29:00+00:00,5317.96,5303.68,5290.36525,5290.36525,timeout
39886,2026-03-03T15:01:00+00:00,2026-03-03T15:02:00+00:00,2026-03-03T15:04:00+00:00,2,up,5051.2,5036.2,-15.0,0.7991268656302231,0.9215854694511164,1,39887,2026-03-03T15:02:00+00:00,5047.47,5044.25,5083.893,5076.456,stop_loss
39889,2026-03-03T15:04:00+00:00,2026-03-03T15:05:00+00:00,2026-03-03T15:16:00+00:00,2,up,5035.25,5020.25,-15.0,0.8945766659658114,0.9919599271627053,1,39890,2026-03-03T15:05:00+00:00,5031.23,5053.7,5070.57675,5060.42625,stop_loss
39901,2026-03-03T15:16:00+00:00,2026-03-03T15:17:00+00:00,2026-03-03T15:21:00+00:00,2,up,5009.76,5037.542399999999,27.782399999999143,0.9948701915111093,0.9965829187654043,1,39903,2026-03-03T15:18:00+00:00,5007.14,5058.71,5037.542399999999,5034.8088,target_hit
39906,2026-03-03T15:21:00+00:00,2026-03-03T15:22:00+00:00,2026-03-03T15:51:00+00:00,2,up,5045.88,5076.60675,30.72674999999981,0.9969600818253048,0.8714281194510809,1,39913,2026-03-03T15:28:00+00:00,5042.89,5075.62,5076.60675,5071.1094,target_hit
39936,2026-03-03T15:51:00+00:00,2026-03-03T15:52:00+00:00,2026-03-03T16:01:00+00:00,2,up,5082.18,5093.11,10.929999999999382,0.9244945445602946,0.9457767769628311,1,39941,2026-03-03T15:56:00+00:00,5080.71,5111.76,5110.27425,5107.5909,reverse_signal
39946,2026-03-03T16:01:00+00:00,2026-03-03T16:02:00+00:00,2026-03-03T16:05:00+00:00,0,down,5097.29,5112.29,-15.0,0.8575944248211829,0.7711545160547449,1,39949,2026-03-03T16:04:00+00:00,5098.46,5113.6,5083.5445500000005,5071.80355,stop_loss
39951,2026-03-03T16:06:00+00:00,2026-03-03T16:07:00+00:00,2026-03-03T16:37:00+00:00,0,down,5117.36,5132.36,-15.0,0.6689132862709946,0.9342983877369088,6,39972,2026-03-03T16:27:00+00:00,5118.75,5105.57,5090.808050000001,5091.7732,stop_loss
39982,2026-03-03T16:37:00+00:00,2026-03-03T16:38:00+00:00,2026-03-03T16:46:00+00:00,0,down,5128.69,5103.04655,25.643449999999575,0.9734742700060292,0.9572052155875196,0,39982,2026-03-03T16:37:00+00:00,5130.29,5097.7,5103.04655,5103.04655,target_hit
39991,2026-03-03T16:46:00+00:00,2026-03-03T16:47:00+00:00,2026-03-03T17:26:00+00:00,0,down,5102.41,5096.26,6.149999999999636,0.9707137473651832,0.6068930979178894,13,40006,2026-03-03T17:01:00+00:00,5104.2,5096.26,5071.515,5076.89795,timeout
40046,2026-03-03T17:41:00+00:00,2026-03-03T17:42:00+00:00,2026-03-03T18:28:00+00:00,2,up,5075.88,5108.1134999999995,32.23349999999937,0.9749682557980983,0.9696060588004172,1,40051,2026-03-03T17:46:00+00:00,5073.84,5098.95,5108.1134999999995,5101.2594,target_hit
40093,2026-03-03T18:28:00+00:00,2026-03-03T18:29:00+00:00,2026-03-03T19:01:00+00:00,2,up,5113.66,5140.9367999999995,27.27679999999964,0.9736013523009648,0.9514618735817175,1,40099,2026-03-03T18:34:00+00:00,5111.78,5136.02,5140.9367999999995,5139.2283,target_hit
40135,2026-03-03T19:10:00+00:00,2026-03-03T19:11:00+00:00,2026-03-03T19:16:00+00:00,2,up,5121.55,5106.55,-15.0,0.996203290392822,0.9967536914325349,0,40135,2026-03-03T19:10:00+00:00,5119.84,5105.39,5147.15775,5147.15775,stop_loss
40187,2026-03-03T20:02:00+00:00,2026-03-03T20:03:00+00:00,2026-03-03T20:27:00+00:00,2,up,5122.64,5125.89,3.25,0.6737180754303742,0.6737180754303742,0,40187,2026-03-03T20:02:00+00:00,5121.15,5125.89,5148.2532,5148.2532,timeout
40218,2026-03-03T20:33:00+00:00,2026-03-03T20:34:00+00:00,2026-03-03T20:48:00+00:00,2,up,5114.85,5099.85,-15.0,0.9174055062443764,0.9555231694918251,0,40218,2026-03-03T20:33:00+00:00,5112.99,5095.29,5140.42425,5140.42425,stop_loss
40236,2026-03-03T20:51:00+00:00,2026-03-03T20:52:00+00:00,2026-03-03T23:15:00+00:00,2,up,5092.47,5120.14335,27.673350000000028,0.9251109099409056,0.9475347818737487,1,40239,2026-03-03T20:54:00+00:00,5091.33,5093.98,5120.14335,5117.93235,target_hit
40319,2026-03-03T23:15:00+00:00,2026-03-03T23:16:00+00:00,2026-03-03T23:57:00+00:00,2,up,5126.43,5125.03,-1.4000000000005457,0.551917803970478,0.7373598642425849,0,40319,2026-03-03T23:15:00+00:00,5122.5,5117.36,5152.062150000001,5152.062150000001,timeout
40379,2026-03-04T00:15:00+00:00,2026-03-04T00:16:00+00:00,2026-03-04T00:54:00+00:00,2,up,5117.4,5129.31,11.910000000000764,0.9445154771745776,0.9667051399118218,1,40382,2026-03-04T00:18:00+00:00,5115.78,5134.99,5146.3035,5142.987,timeout
40429,2026-03-04T01:35:00+00:00,2026-03-04T01:36:00+00:00,2026-03-04T01:51:00+00:00,2,up,5151.26,5177.0163,25.75630000000001,0.5553926351553397,0.5553926351553397,0,40429,2026-03-04T01:35:00+00:00,5148.87,5176.63,5177.0163,5177.0163,target_hit
40445,2026-03-04T01:51:00+00:00,2026-03-04T01:52:00+00:00,2026-03-04T02:13:00+00:00,0,down,5175.32,5190.32,-15.0,0.5558749546301747,0.5755873027229844,2,40452,2026-03-04T01:58:00+00:00,5177.8,5184.33,5146.1002,5149.4434,stop_loss
40472,2026-03-04T02:18:00+00:00,2026-03-04T02:19:00+00:00,2026-03-04T02:43:00+00:00,0,down,5183.15,5177.46,5.6899999999996,0.5909813300991984,0.5909813300991984,0,40472,2026-03-04T02:18:00+00:00,5185.04,5177.46,5157.2342499999995,5157.2342499999995,timeout
40500,2026-03-04T02:46:00+00:00,2026-03-04T02:47:00+00:00,2026-03-04T03:03:00+00:00,0,down,5176.02,5150.1399,25.88010000000031,0.847667936165041,0.9309378861076347,0,40500,2026-03-04T02:46:00+00:00,5177.38,5157.44,5150.1399,5150.1399,target_hit
40517,2026-03-04T03:03:00+00:00,2026-03-04T03:04:00+00:00,2026-03-04T03:28:00+00:00,2,up,5148.61,5162.81,14.200000000000728,0.5763010592489183,0.5763010592489183,0,40517,2026-03-04T03:03:00+00:00,5147.13,5162.81,5174.35305,5174.35305,timeout
40548,2026-03-04T03:34:00+00:00,2026-03-04T03:35:00+00:00,2026-03-04T03:52:00+00:00,0,down,5156.7,5171.7,-15.0,0.7069081767751485,0.9429530943791579,2,40553,2026-03-04T03:39:00+00:00,5158.19,5175.64,5135.06565,5130.9165,stop_loss
40621,2026-03-04T04:47:00+00:00,2026-03-04T04:48:00+00:00,2026-03-04T05:40:00+00:00,0,down,5155.82,5164.81,-8.990000000000691,0.808244671677934,0.9873470042995105,8,40649,2026-03-04T05:15:00+00:00,5158.11,5164.81,5140.1600499999995,5130.0409,timeout
40706,2026-03-04T06:12:00+00:00,2026-03-04T06:13:00+00:00,2026-03-04T06:59:00+00:00,0,down,5145.18,5160.18,-15.0,0.5700750730098547,0.7039752732457656,9,40738,2026-03-04T06:44:00+00:00,5146.98,5175.45,5124.6679,5119.4541,stop_loss
40753,2026-03-04T06:59:00+00:00,2026-03-04T07:00:00+00:00,2026-03-04T15:00:00+00:00,2,up,5161.21,5146.21,-15.0,0.603903442772433,0.603903442772433,0,40753,2026-03-04T06:59:00+00:00,5159.95,5170.57,5187.01605,5187.01605,stop_loss
40754,2026-03-04T15:00:00+00:00,2026-03-04T15:01:00+00:00,2026-03-04T15:09:00+00:00,0,down,5151.64,5149.94,1.7000000000007276,0.9434730472636188,0.6944292096608591,4,40758,2026-03-04T15:04:00+00:00,5154.8,5156.32,5134.17015,5125.8818,reverse_signal
40763,2026-03-04T15:09:00+00:00,2026-03-04T15:10:00+00:00,2026-03-04T15:11:00+00:00,2,up,5151.51,5136.51,-15.0,0.6013016108391022,0.8409855114383684,0,40763,2026-03-04T15:09:00+00:00,5150.19,5160.53,5177.2675500000005,5177.2675500000005,stop_loss
40765,2026-03-04T15:11:00+00:00,2026-03-04T15:12:00+00:00,2026-03-04T15:14:00+00:00,2,up,5144.67,5129.67,-15.0,0.936967431223328,0.9152966153459372,0,40765,2026-03-04T15:11:00+00:00,5142.5,5161.33,5170.39335,5170.39335,stop_loss
40768,2026-03-04T15:14:00+00:00,2026-03-04T15:15:00+00:00,2026-03-04T15:35:00+00:00,2,up,5135.6,5164.9764,29.376399999999194,0.9036787623744142,0.8295690990610324,1,40769,2026-03-04T15:15:00+00:00,5134.04,5151.41,5164.9764,5161.278,target_hit
40841,2026-03-04T16:27:00+00:00,2026-03-04T16:28:00+00:00,2026-03-04T16:52:00+00:00,0,down,5146.54,5151.24,-4.699999999999818,0.9818158259619406,0.9818158259619406,0,40841,2026-03-04T16:27:00+00:00,5148.4,5151.24,5120.8073,5120.8073,timeout
40905,2026-03-04T17:31:00+00:00,2026-03-04T17:32:00+00:00,2026-03-04T17:56:00+00:00,0,down,5132.36,5147.36,-15.0,0.8420762434518433,0.9374810636575499,4,40918,2026-03-04T17:44:00+00:00,5133.85,5132.48,5112.45925,5106.6982,stop_loss
40979,2026-03-04T18:45:00+00:00,2026-03-04T18:46:00+00:00,2026-03-04T19:30:00+00:00,2,up,5126.38,5125.55,-0.8299999999999272,0.7034917782879334,0.584378279220083,1,40980,2026-03-04T18:46:00+00:00,5124.58,5126.14,5154.7455,5152.0119,timeout
41116,2026-03-04T21:02:00+00:00,2026-03-04T21:03:00+00:00,2026-03-04T21:27:00+00:00,2,up,5140.11,5136.45,-3.6599999999998545,0.9777553193837389,0.9777553193837389,0,41116,2026-03-04T21:02:00+00:00,5138.93,5136.45,5165.810549999999,5165.810549999999,timeout
41308,2026-03-05T01:45:00+00:00,2026-03-05T01:46:00+00:00,2026-03-05T02:10:00+00:00,2,up,5172.04,5176.29,4.25,0.7702297154826687,0.7702297154826687,0,41308,2026-03-05T01:45:00+00:00,5169.88,5176.29,5197.9002,5197.9002,timeout
41562,2026-03-05T05:59:00+00:00,2026-03-05T06:00:00+00:00,2026-03-05T06:12:00+00:00,0,down,5148.19,5122.449049999999,25.74095000000034,0.952182333078747,0.7563269245725242,0,41562,2026-03-05T05:59:00+00:00,5149.56,5143.01,5122.449049999999,5122.449049999999,target_hit
41575,2026-03-05T06:12:00+00:00,2026-03-05T06:13:00+00:00,2026-03-05T06:34:00+00:00,0,down,5132.19,5147.19,-15.0,0.8902624649475219,0.9613875451155958,2,41579,2026-03-05T06:16:00+00:00,5134.16,5153.56,5104.369900000001,5106.529049999999,stop_loss
41623,2026-03-05T15:00:00+00:00,2026-03-05T15:01:00+00:00,2026-03-05T15:02:00+00:00,0,down,5105.32,5120.32,-15.0,0.7651636811167282,0.7661766552677236,1,41624,2026-03-05T15:01:00+00:00,5106.17,5078.05,5091.5145,5079.7934,stop_loss
41625,2026-03-05T15:02:00+00:00,2026-03-05T15:03:00+00:00,2026-03-05T15:06:00+00:00,0,down,5115.81,5090.23095,25.57905000000028,0.8146416657383604,0.7512687937248479,0,41625,2026-03-05T15:02:00+00:00,5116.94,5074.23,5090.23095,5090.23095,target_hit
41630,2026-03-05T15:07:00+00:00,2026-03-05T15:08:00+00:00,2026-03-05T15:08:00+00:00,2,up,5088.44,5073.44,-15.0,0.5699468562408124,0.5699468562408124,0,41630,2026-03-05T15:07:00+00:00,5087.11,5087.39,5113.8822,5113.8822,stop_loss
41631,2026-03-05T15:08:00+00:00,2026-03-05T15:09:00+00:00,2026-03-05T15:16:00+00:00,2,up,5062.31,5085.66,23.349999999999454,0.6199640601646977,0.5749170670725547,1,41632,2026-03-05T15:09:00+00:00,5059.29,5092.04,5094.25455,5087.621550000001,reverse_signal
41639,2026-03-05T15:16:00+00:00,2026-03-05T15:17:00+00:00,2026-03-05T15:59:00+00:00,0,down,5086.28,5101.28,-15.0,0.8472592650361199,0.6494374403202567,4,41643,2026-03-05T15:20:00+00:00,5087.74,5086.89,5060.7889000000005,5060.848599999999,stop_loss
41685,2026-03-05T16:02:00+00:00,2026-03-05T16:03:00+00:00,2026-03-05T16:17:00+00:00,0,down,5100.12,5074.6194,25.500600000000304,0.8589001194925344,0.9740093359879486,0,41685,2026-03-05T16:02:00+00:00,5101.71,5070.11,5074.6194,5074.6194,target_hit
41701,2026-03-05T16:18:00+00:00,2026-03-05T16:19:00+00:00,2026-03-05T18:01:00+00:00,0,down,5076.2,5061.93,14.269999999999527,0.9418297300284972,0.6753743134840106,2,41704,2026-03-05T16:21:00+00:00,5077.8,5075.91,5044.26195,5050.8189999999995,timeout
41809,2026-03-05T18:06:00+00:00,2026-03-05T18:07:00+00:00,2026-03-05T18:31:00+00:00,0,down,5062.72,5077.72,-15.0,0.9774410141420269,0.9986825905782086,1,41833,2026-03-05T18:30:00+00:00,5063.82,5071.74,5051.7145,5037.4064,stop_loss
41834,2026-03-05T18:31:00+00:00,2026-03-05T18:32:00+00:00,2026-03-05T19:19:00+00:00,0,down,5078.53,5070.43,8.099999999999454,0.9985026148644557,0.9910269901856656,5,41853,2026-03-05T18:50:00+00:00,5079.47,5072.96,5050.74935,5053.13735,timeout
41943,2026-03-05T20:20:00+00:00,2026-03-05T20:21:00+00:00,2026-03-05T20:32:00+00:00,0,down,5086.2,5078.53,7.670000000000073,0.5670823992575077,0.5932035175578054,0,41943,2026-03-05T20:20:00+00:00,5087.12,5078.16,5060.769,5060.769,reverse_signal
41956,2026-03-05T20:33:00+00:00,2026-03-05T20:34:00+00:00,2026-03-05T20:59:00+00:00,2,up,5080.32,5076.54,-3.7799999999997453,0.8218219644846909,0.8242711961022016,0,41956,2026-03-05T20:33:00+00:00,5078.96,5077.16,5105.7216,5105.7216,timeout
42116,2026-03-06T00:14:00+00:00,2026-03-06T00:15:00+00:00,2026-03-06T00:40:00+00:00,2,up,5086.21,5083.56,-2.649999999999636,0.5672274777726999,0.9947856174952316,0,42116,2026-03-06T00:14:00+00:00,5085.15,5083.15,5111.64105,5111.64105,timeout
42159,2026-03-06T00:57:00+00:00,2026-03-06T00:58:00+00:00,2026-03-06T01:24:00+00:00,2,up,5085.12,5087.75,2.630000000000109,0.7854321619082911,0.6664290029655987,0,42159,2026-03-06T00:57:00+00:00,5083.57,5084.34,5110.5455999999995,5110.5455999999995,timeout
42169,2026-03-06T01:37:00+00:00,2026-03-06T01:38:00+00:00,2026-03-06T01:52:00+00:00,2,up,5107.79,5137.8213000000005,30.031300000000556,0.7465668306813991,0.7670596041785218,1,42173,2026-03-06T01:41:00+00:00,5106.75,5128.84,5137.8213000000005,5133.32895,target_hit
42186,2026-03-06T01:54:00+00:00,2026-03-06T01:55:00+00:00,2026-03-06T02:10:00+00:00,2,up,5140.02,5125.02,-15.0,0.7911867099076231,0.8115164050448984,1,42188,2026-03-06T01:56:00+00:00,5139.09,5129.0,5166.6648000000005,5165.7201000000005,stop_loss
42202,2026-03-06T02:10:00+00:00,2026-03-06T02:11:00+00:00,2026-03-06T02:39:00+00:00,2,up,5127.58,5127.2,-0.38000000000010914,0.7339042272508582,0.8759384031932449,1,42205,2026-03-06T02:13:00+00:00,5127.19,5125.02,5159.76045,5153.2179,timeout
42310,2026-03-06T05:50:00+00:00,2026-03-06T05:51:00+00:00,2026-03-06T06:15:00+00:00,2,up,5119.98,5115.85,-4.1299999999992,0.5628381144279789,0.5628381144279789,0,42310,2026-03-06T05:50:00+00:00,5118.62,5115.85,5145.5799,5145.5799,timeout
42380,2026-03-06T15:00:00+00:00,2026-03-06T15:01:00+00:00,2026-03-06T15:07:00+00:00,2,up,5131.75,5156.13,24.38000000000011,0.5964058268984025,0.6774158731205798,1,42381,2026-03-06T15:01:00+00:00,5130.66,5168.24,5169.277800000001,5157.40875,reverse_signal
42387,2026-03-06T15:07:00+00:00,2026-03-06T15:08:00+00:00,2026-03-06T15:24:00+00:00,0,down,5147.81,5162.81,-15.0,0.7187145225424706,0.9672690481530304,3,42390,2026-03-06T15:10:00+00:00,5148.79,5158.38,5120.04115,5122.07095,stop_loss
42404,2026-03-06T15:24:00+00:00,2026-03-06T15:25:00+00:00,2026-03-06T15:52:00+00:00,0,down,5165.84,5137.284500000001,28.555499999999483,0.9589555575196838,0.9674993487163651,2,42407,2026-03-06T15:27:00+00:00,5167.09,5139.72,5137.284500000001,5140.0108,target_hit
42432,2026-03-06T15:52:00+00:00,2026-03-06T15:53:00+00:00,2026-03-06T16:16:00+00:00,0,down,5137.93,5152.93,-15.0,0.9732234399812331,0.989950348018275,5,42438,2026-03-06T15:58:00+00:00,5139.72,5141.48,5119.6929,5112.24035,stop_loss
42501,2026-03-06T17:01:00+00:00,2026-03-06T17:02:00+00:00,2026-03-06T17:36:00+00:00,0,down,5138.27,5150.56,-12.289999999999964,0.6497660920225743,0.5948801905037033,2,42511,2026-03-06T17:11:00+00:00,5139.23,5150.56,5112.39955,5112.57865,timeout
42806,2026-03-08T22:07:00+00:00,2026-03-08T22:08:00+00:00,2026-03-08T22:09:00+00:00,0,down,5142.11,5157.11,-15.0,0.5718728018267887,0.5718728018267887,0,42806,2026-03-08T22:07:00+00:00,5145.82,5159.56,5116.39945,5116.39945,stop_loss
42808,2026-03-08T22:09:00+00:00,2026-03-08T22:10:00+00:00,2026-03-08T22:10:00+00:00,0,down,5153.33,5168.33,-15.0,0.5657315008867524,0.5657315008867524,0,42808,2026-03-08T22:09:00+00:00,5163.57,5151.25,5127.56335,5127.56335,stop_loss
42809,2026-03-08T22:10:00+00:00,2026-03-08T22:11:00+00:00,2026-03-08T22:16:00+00:00,0,down,5163.24,5135.035800000001,28.20419999999922,0.5660663791417657,0.6035965060809367,3,42813,2026-03-08T22:14:00+00:00,5170.81,5134.37,5135.035800000001,5137.4238,target_hit
42815,2026-03-08T22:16:00+00:00,2026-03-08T22:17:00+00:00,2026-03-08T22:17:00+00:00,0,down,5133.46,5148.46,-15.0,0.6954289711377566,0.6954289711377566,0,42815,2026-03-08T22:16:00+00:00,5136.85,5117.66,5107.7927,5107.7927,stop_loss
42816,2026-03-08T22:17:00+00:00,2026-03-08T22:18:00+00:00,2026-03-08T22:22:00+00:00,0,down,5140.25,5155.25,-15.0,0.8650056560649716,0.9307485081455016,2,42818,2026-03-08T22:19:00+00:00,5144.31,5128.32,5110.3797,5114.54875,stop_loss
42821,2026-03-08T22:22:00+00:00,2026-03-08T22:23:00+00:00,2026-03-08T22:31:00+00:00,0,down,5151.29,5166.29,-15.0,0.9573901531571709,0.995281315321304,3,42824,2026-03-08T22:25:00+00:00,5155.3,5108.86,5123.314700000001,5125.53355,stop_loss
42830,2026-03-08T22:31:00+00:00,2026-03-08T22:32:00+00:00,2026-03-08T22:41:00+00:00,0,down,5154.66,5125.49375,29.16625000000022,0.9949488164630921,0.9934308958434275,3,42833,2026-03-08T22:34:00+00:00,5157.68,5130.87,5125.49375,5128.8867,target_hit
42840,2026-03-08T22:41:00+00:00,2026-03-08T22:42:00+00:00,2026-03-08T22:45:00+00:00,0,down,5114.75,5129.75,-15.0,0.9918349830308925,0.994781726207909,2,42842,2026-03-08T22:43:00+00:00,5117.66,5116.39,5084.5694,5089.17625,stop_loss
42844,2026-03-08T22:45:00+00:00,2026-03-08T22:46:00+00:00,2026-03-08T22:50:00+00:00,0,down,5132.25,5106.21065,26.039350000000013,0.9974991306515572,0.9907951949806514,2,42846,2026-03-08T22:47:00+00:00,5135.09,5104.35,5106.21065,5106.58875,target_hit
42849,2026-03-08T22:50:00+00:00,2026-03-08T22:51:00+00:00,2026-03-08T22:52:00+00:00,0,down,5106.86,5121.86,-15.0,0.9906481558775432,0.9970487911762899,1,42850,2026-03-08T22:51:00+00:00,5108.86,5102.71,5094.0418,5081.325699999999,stop_loss
42851,2026-03-08T22:52:00+00:00,2026-03-08T22:53:00+00:00,2026-03-08T22:58:00+00:00,0,down,5116.32,5131.32,-15.0,0.9957870971731528,0.9938142954414715,5,42856,2026-03-08T22:57:00+00:00,5120.14,5106.16,5101.7033,5090.738399999999,stop_loss
42857,2026-03-08T22:58:00+00:00,2026-03-08T22:59:00+00:00,2026-03-08T23:35:00+00:00,0,down,5130.84,5095.69,35.150000000000546,0.9918111241620442,0.8594042975468477,4,42861,2026-03-08T23:02:00+00:00,5133.33,5103.41,5094.3204000000005,5105.1858,reverse_signal
42894,2026-03-08T23:35:00+00:00,2026-03-08T23:36:00+00:00,2026-03-08T23:39:00+00:00,2,up,5085.24,5070.24,-15.0,0.9505006485385292,0.9369399935000451,1,42895,2026-03-08T23:36:00+00:00,5084.06,5073.07,5112.54555,5110.6662,stop_loss
42898,2026-03-08T23:39:00+00:00,2026-03-08T23:40:00+00:00,2026-03-08T23:42:00+00:00,2,up,5075.78,5060.78,-15.0,0.8931163043679688,0.9105888632260171,0,42898,2026-03-08T23:39:00+00:00,5068.84,5065.88,5101.158899999999,5101.158899999999,stop_loss
42901,2026-03-08T23:42:00+00:00,2026-03-08T23:43:00+00:00,2026-03-09T00:13:00+00:00,2,up,5047.75,5032.75,-15.0,0.888279874419796,0.9344136074459231,1,42902,2026-03-08T23:43:00+00:00,5044.56,5055.76,5083.5915,5072.98875,stop_loss
42932,2026-03-09T00:13:00+00:00,2026-03-09T00:14:00+00:00,2026-03-09T01:30:00+00:00,2,up,5030.57,5061.1699499999995,30.599949999999808,0.9436472179620031,0.8542415656280333,1,42933,2026-03-09T00:14:00+00:00,5028.59,5056.26,5061.1699499999995,5055.72285,target_hit
42979,2026-03-09T01:30:00+00:00,2026-03-09T01:31:00+00:00,2026-03-09T02:10:00+00:00,0,down,5074.96,5089.96,-15.0,0.6777927785376842,0.9446138543319281,4,42988,2026-03-09T01:39:00+00:00,5076.03,5064.92,5048.73945,5049.5852,stop_loss
43019,2026-03-09T02:10:00+00:00,2026-03-09T02:11:00+00:00,2026-03-09T03:23:00+00:00,0,down,5093.11,5094.86,-1.75,0.9874802960566695,0.9700802582449513,3,43039,2026-03-09T02:30:00+00:00,5094.21,5093.67,5062.62965,5067.64445,timeout
43195,2026-03-09T05:06:00+00:00,2026-03-09T05:07:00+00:00,2026-03-09T05:36:00+00:00,2,up,5101.69,5111.32,9.63000000000011,0.8760512084855347,0.6627021004867811,0,43195,2026-03-09T05:06:00+00:00,5100.6,5101.23,5127.19845,5127.19845,reverse_signal
43226,2026-03-09T05:37:00+00:00,2026-03-09T05:38:00+00:00,2026-03-09T05:45:00+00:00,0,down,5109.38,5124.38,-15.0,0.6456057185456159,0.6435325828443759,1,43233,2026-03-09T05:44:00+00:00,5110.38,5131.17,5096.111400000001,5083.8331,stop_loss
43234,2026-03-09T05:45:00+00:00,2026-03-09T05:46:00+00:00,2026-03-09T05:49:00+00:00,0,down,5125.9,5140.9,-15.0,0.5834248131028615,0.5883109802622141,1,43236,2026-03-09T05:47:00+00:00,5127.05,5132.2,5105.454449999999,5100.2705,stop_loss
43238,2026-03-09T05:49:00+00:00,2026-03-09T05:50:00+00:00,2026-03-09T06:24:00+00:00,0,down,5135.24,5126.8,8.4399999999996,0.6338036858016015,0.573695670849289,0,43238,2026-03-09T05:49:00+00:00,5136.96,5128.66,5109.5638,5109.5638,timeout
43292,2026-03-09T06:43:00+00:00,2026-03-09T06:44:00+00:00,2026-03-09T15:00:00+00:00,2,up,5106.28,5091.28,-15.0,0.6771465524957904,0.6771465524957904,0,43292,2026-03-09T06:43:00+00:00,5105.35,5096.55,5131.8114,5131.8114,stop_loss
43324,2026-03-09T15:15:00+00:00,2026-03-09T15:16:00+00:00,2026-03-09T15:51:00+00:00,0,down,5091.25,5098.84,-7.5900000000001455,0.6839489748883307,0.6143307955263948,2,43331,2026-03-09T15:22:00+00:00,5092.24,5097.32,5065.3659,5065.79375,timeout
43584,2026-03-09T19:44:00+00:00,2026-03-09T19:45:00+00:00,2026-03-09T20:09:00+00:00,0,down,5135.22,5144.18,-8.960000000000036,0.9818630510807977,0.9818630510807977,0,43584,2026-03-09T19:44:00+00:00,5135.55,5144.18,5109.543900000001,5109.543900000001,timeout
43615,2026-03-09T20:15:00+00:00,2026-03-09T20:16:00+00:00,2026-03-09T20:40:00+00:00,0,down,5137.83,5137.61,0.22000000000025466,0.939978886000042,0.939978886000042,0,43615,2026-03-09T20:15:00+00:00,5138.98,5137.61,5112.14085,5112.14085,timeout
43734,2026-03-09T23:15:00+00:00,2026-03-09T23:16:00+00:00,2026-03-09T23:53:00+00:00,2,up,5146.47,5137.6,-8.86999999999989,0.9164286911834205,0.8152094039510887,1,43735,2026-03-09T23:16:00+00:00,5145.57,5147.71,5175.35805,5172.2023500000005,timeout
43839,2026-03-10T01:30:00+00:00,2026-03-10T01:31:00+00:00,2026-03-10T01:41:00+00:00,0,down,5154.44,5169.44,-15.0,0.9826377553993237,0.836614568971158,1,43848,2026-03-10T01:39:00+00:00,5154.9,5176.88,5135.593,5128.667799999999,stop_loss
43852,2026-03-10T01:43:00+00:00,2026-03-10T01:44:00+00:00,2026-03-10T01:57:00+00:00,0,down,5166.43,5181.43,-15.0,0.9636533957008288,0.9054196703708657,0,43852,2026-03-10T01:43:00+00:00,5167.46,5171.99,5140.59785,5140.59785,stop_loss
44202,2026-03-10T18:18:00+00:00,2026-03-10T18:19:00+00:00,2026-03-10T18:23:00+00:00,0,down,5175.79,5190.79,-15.0,0.7471456142858633,0.8771336287385929,3,44206,2026-03-10T18:22:00+00:00,5176.61,5204.53,5162.38835,5149.91105,stop_loss
44207,2026-03-10T18:23:00+00:00,2026-03-10T18:24:00+00:00,2026-03-10T18:30:00+00:00,0,down,5193.49,5208.49,-15.0,0.8582489852502762,0.8053084618136711,3,44211,2026-03-10T18:27:00+00:00,5194.11,5203.18,5173.393050000001,5167.52255,stop_loss
44217,2026-03-10T18:33:00+00:00,2026-03-10T18:34:00+00:00,2026-03-10T19:24:00+00:00,0,down,5198.45,5206.56,-8.110000000000582,0.9817369389308723,0.8688460529084616,2,44219,2026-03-10T18:35:00+00:00,5199.11,5184.68,5167.56235,5172.45775,timeout
44361,2026-03-10T20:57:00+00:00,2026-03-10T20:58:00+00:00,2026-03-10T22:33:00+00:00,2,up,5193.34,5206.74,13.399999999999636,0.754886246245335,0.705900951311851,0,44361,2026-03-10T20:57:00+00:00,5192.44,5192.44,5219.3067,5219.3067,timeout
45358,2026-03-12T15:14:00+00:00,2026-03-12T15:15:00+00:00,2026-03-12T15:42:00+00:00,0,down,5124.69,5132.1,-7.410000000000764,0.9780766288990718,0.9825851200706784,1,45361,2026-03-12T15:17:00+00:00,5125.67,5132.1,5099.2556,5099.06655,timeout
45389,2026-03-12T15:45:00+00:00,2026-03-12T15:46:00+00:00,2026-03-12T16:18:00+00:00,0,down,5130.37,5130.27,0.0999999999994543,0.9962554909319155,0.9998231151344291,1,45397,2026-03-12T15:53:00+00:00,5130.63,5130.27,5109.11605,5104.71815,timeout
45676,2026-03-12T20:32:00+00:00,2026-03-12T20:33:00+00:00,2026-03-12T20:48:00+00:00,0,down,5063.72,5078.72,-15.0,0.6551269041589729,0.6551269041589729,0,45676,2026-03-12T20:32:00+00:00,5064.17,5080.14,5038.401400000001,5038.401400000001,stop_loss
46086,2026-03-13T15:00:00+00:00,2026-03-13T15:01:00+00:00,2026-03-13T15:55:00+00:00,2,up,5046.88,5031.88,-15.0,0.9754383387277308,0.7381779692684114,1,46089,2026-03-13T15:03:00+00:00,5045.79,5065.9,5072.30535,5072.1144,stop_loss
46159,2026-03-13T16:13:00+00:00,2026-03-13T16:14:00+00:00,2026-03-13T16:25:00+00:00,0,down,5025.47,5040.47,-15.0,0.9513304034204991,0.9758534535130639,10,46170,2026-03-13T16:24:00+00:00,5026.47,5044.09,5014.3821,5000.3426500000005,stop_loss
46171,2026-03-13T16:25:00+00:00,2026-03-13T16:26:00+00:00,2026-03-13T17:02:00+00:00,0,down,5040.01,5048.23,-8.219999999999345,0.9856966199394449,0.9985546901042749,2,46183,2026-03-13T16:37:00+00:00,5040.36,5048.23,5023.755,5014.80995,timeout
46472,2026-03-15T22:27:00+00:00,2026-03-15T22:28:00+00:00,2026-03-15T22:52:00+00:00,2,up,5012.97,5020.62,7.649999999999636,0.7185105317616194,0.7185105317616194,0,46472,2026-03-15T22:27:00+00:00,5013.4,5020.62,5038.03485,5038.03485,timeout
46531,2026-03-15T23:26:00+00:00,2026-03-15T23:27:00+00:00,2026-03-15T23:47:00+00:00,2,up,4987.02,4982.69,-4.330000000000837,0.5916381407028146,0.6901470455746239,1,46534,2026-03-15T23:29:00+00:00,4986.76,4985.4,5014.35705,5011.9551,reverse_signal
46552,2026-03-15T23:47:00+00:00,2026-03-15T23:48:00+00:00,2026-03-15T23:56:00+00:00,0,down,4977.38,4992.38,-15.0,0.9040931719136553,0.972271142618265,2,46554,2026-03-15T23:49:00+00:00,4977.42,5022.81,4950.2842,4952.4931,stop_loss
46561,2026-03-15T23:56:00+00:00,2026-03-15T23:57:00+00:00,2026-03-16T00:00:00+00:00,0,down,4992.46,5007.46,-15.0,0.9820294411997839,0.9823091760471777,3,46564,2026-03-15T23:59:00+00:00,4992.78,5021.66,4972.651800000001,4967.4977,stop_loss
46565,2026-03-16T00:00:00+00:00,2026-03-16T00:01:00+00:00,2026-03-16T00:05:00+00:00,0,down,5010.04,5025.04,-15.0,0.8761181099528488,0.7907178359174589,3,46568,2026-03-16T00:03:00+00:00,5010.32,5017.09,4991.915,4984.9898,stop_loss
46570,2026-03-16T00:05:00+00:00,2026-03-16T00:06:00+00:00,2026-03-16T00:39:00+00:00,0,down,5023.94,5027.94,-4.0,0.8041970809903828,0.6300453814933318,3,46575,2026-03-16T00:10:00+00:00,5025.32,5026.37,4995.3577000000005,4998.820299999999,timeout
46647,2026-03-16T01:52:00+00:00,2026-03-16T01:53:00+00:00,2026-03-16T02:00:00+00:00,0,down,5003.09,5018.09,-15.0,0.9136482480790142,0.8989125311410686,5,46653,2026-03-16T01:58:00+00:00,5003.52,5015.56,4988.14395,4978.07455,stop_loss
47160,2026-03-16T18:30:00+00:00,2026-03-16T18:31:00+00:00,2026-03-16T19:08:00+00:00,0,down,5006.4,5011.47,-5.0700000000006185,0.8008228520955044,0.8412275361596525,3,47173,2026-03-16T18:43:00+00:00,5006.69,5011.47,4990.1837000000005,4981.3679999999995,timeout
47580,2026-03-17T15:37:00+00:00,2026-03-17T15:38:00+00:00,2026-03-17T16:06:00+00:00,0,down,4989.19,4995.12,-5.930000000000291,0.9992372956304326,0.9990801195991711,0,47580,2026-03-17T15:37:00+00:00,4989.51,4993.8,4964.244049999999,4964.244049999999,timeout
47981,2026-03-18T15:31:00+00:00,2026-03-18T15:32:00+00:00,2026-03-18T15:56:00+00:00,0,down,4871.41,4865.51,5.899999999999636,0.8464585498858657,0.8464585498858657,0,47981,2026-03-18T15:31:00+00:00,4871.77,4865.51,4847.05295,4847.05295,timeout
48174,2026-03-18T18:44:00+00:00,2026-03-18T18:45:00+00:00,2026-03-18T18:59:00+00:00,0,down,4878.51,4854.117450000001,24.392549999999574,0.7887184286357061,0.7887184286357061,0,48174,2026-03-18T18:44:00+00:00,4878.79,4858.61,4854.117450000001,4854.117450000001,target_hit
48206,2026-03-18T19:16:00+00:00,2026-03-18T19:17:00+00:00,2026-03-18T19:23:00+00:00,2,up,4861.52,4846.52,-15.0,0.7108857316700179,0.8684088476057268,0,48206,2026-03-18T19:16:00+00:00,4860.82,4847.42,4885.8276000000005,4885.8276000000005,stop_loss
48213,2026-03-18T19:23:00+00:00,2026-03-18T19:24:00+00:00,2026-03-18T19:54:00+00:00,2,up,4846.92,4843.61,-3.3100000000004,0.7794415582697263,0.8715302884357914,1,48214,2026-03-18T19:24:00+00:00,4846.66,4844.17,4871.28525,4871.1546,timeout
48283,2026-03-18T20:33:00+00:00,2026-03-18T20:34:00+00:00,2026-03-18T20:48:00+00:00,0,down,4810.13,4825.13,-15.0,0.5899892818822844,0.5617648949202033,2,48288,2026-03-18T20:38:00+00:00,4810.6,4827.46,4793.58165,4786.07935,stop_loss
48310,2026-03-18T22:01:00+00:00,2026-03-18T22:02:00+00:00,2026-03-18T22:14:00+00:00,2,up,4833.12,4818.12,-15.0,0.6589599165162898,0.6260620745735428,1,48311,2026-03-18T22:02:00+00:00,4831.43,4821.1,4860.4815,4857.2856,stop_loss
48323,2026-03-18T22:14:00+00:00,2026-03-18T22:15:00+00:00,2026-03-18T22:21:00+00:00,2,up,4819.68,4804.68,-15.0,0.6427219928496352,0.5872446733020367,1,48328,2026-03-18T22:19:00+00:00,4818.52,4828.2,4845.43665,4843.7784,stop_loss
48330,2026-03-18T22:21:00+00:00,2026-03-18T22:22:00+00:00,2026-03-18T23:22:00+00:00,2,up,4807.85,4832.06,24.210000000000036,0.6221105160784608,0.7654291656506429,1,48336,2026-03-18T22:27:00+00:00,4806.47,4835.67,4845.2055,4831.88925,timeout
48500,2026-03-19T01:41:00+00:00,2026-03-19T01:42:00+00:00,2026-03-19T01:59:00+00:00,2,up,4864.78,4849.78,-15.0,0.7483504914717312,0.7483504914717312,0,48500,2026-03-19T01:41:00+00:00,4864.57,4843.46,4889.1039,4889.1039,stop_loss
48735,2026-03-19T06:35:00+00:00,2026-03-19T06:36:00+00:00,2026-03-19T06:45:00+00:00,0,down,4802.92,4778.9054,24.014600000000428,0.842283594852329,0.9144859280381832,0,48735,2026-03-19T06:35:00+00:00,4803.2,4765.79,4778.9054,4778.9054,target_hit
48745,2026-03-19T06:45:00+00:00,2026-03-19T06:46:00+00:00,2026-03-19T06:47:00+00:00,2,up,4778.44,4763.44,-15.0,0.7883399894271294,0.860673046622658,0,48745,2026-03-19T06:45:00+00:00,4778.03,4779.32,4802.3322,4802.3322,stop_loss
48747,2026-03-19T06:47:00+00:00,2026-03-19T06:48:00+00:00,2026-03-19T06:51:00+00:00,2,up,4765.95,4750.95,-15.0,0.9269300921382878,0.989854033196963,1,48749,2026-03-19T06:49:00+00:00,4765.65,4777.94,4791.1164,4789.77975,stop_loss
48751,2026-03-19T06:51:00+00:00,2026-03-19T06:52:00+00:00,2026-03-19T15:00:00+00:00,2,up,4754.26,4739.26,-15.0,0.9946539326986354,0.994374612277791,1,48752,2026-03-19T06:52:00+00:00,4753.41,4776.29,4779.2573999999995,4778.031300000001,stop_loss
48766,2026-03-19T15:06:00+00:00,2026-03-19T15:07:00+00:00,2026-03-19T15:08:00+00:00,2,up,4633.08,4618.08,-15.0,0.8537312828945907,0.7849296629157096,0,48766,2026-03-19T15:06:00+00:00,4632.79,4589.6,4656.2454,4656.2454,stop_loss
48790,2026-03-19T15:30:00+00:00,2026-03-19T15:31:00+00:00,2026-03-19T15:32:00+00:00,2,up,4596.18,4581.18,-15.0,0.9103720279986612,0.8353059094882289,0,48790,2026-03-19T15:30:00+00:00,4595.96,4590.05,4619.1609,4619.1609,stop_loss
48793,2026-03-19T15:33:00+00:00,2026-03-19T15:34:00+00:00,2026-03-19T15:56:00+00:00,2,up,4574.8,4602.206550000001,27.406550000000607,0.7446045211766856,0.6686699983779795,1,48794,2026-03-19T15:34:00+00:00,4574.31,4596.1,4602.206550000001,4597.674,target_hit
48816,2026-03-19T15:56:00+00:00,2026-03-19T15:57:00+00:00,2026-03-19T16:00:00+00:00,2,up,4608.82,4593.82,-15.0,0.9122095916514872,0.6081818720508643,0,48816,2026-03-19T15:56:00+00:00,4608.51,4613.18,4631.8641,4631.8641,stop_loss
48820,2026-03-19T16:00:00+00:00,2026-03-19T16:01:00+00:00,2026-03-19T16:35:00+00:00,2,up,4602.92,4587.92,-15.0,0.8485895265480146,0.9772802030005385,1,48821,2026-03-19T16:01:00+00:00,4602.51,4607.32,4634.155500000001,4625.9346000000005,stop_loss
48859,2026-03-19T16:39:00+00:00,2026-03-19T16:40:00+00:00,2026-03-19T17:01:00+00:00,0,down,4594.23,4588.14,6.089999999999236,0.5621533797562194,0.5616856884438246,0,48859,2026-03-19T16:39:00+00:00,4594.52,4591.51,4571.258849999999,4571.258849999999,reverse_signal
48881,2026-03-19T17:01:00+00:00,2026-03-19T17:02:00+00:00,2026-03-19T17:31:00+00:00,2,up,4584.34,4613.8746,29.534599999999955,0.9972267306021294,0.8693731628008381,1,48882,2026-03-19T17:02:00+00:00,4584.03,4606.19,4613.8746,4607.2617,target_hit
48911,2026-03-19T17:31:00+00:00,2026-03-19T17:32:00+00:00,2026-03-19T18:25:00+00:00,0,down,4615.98,4608.74,7.239999999999782,0.5763609211734121,0.7266750199085955,6,48938,2026-03-19T17:58:00+00:00,4617.07,4604.9,4592.850350000001,4592.9001,reverse_signal
48969,2026-03-19T18:29:00+00:00,2026-03-19T18:30:00+00:00,2026-03-19T19:00:00+00:00,2,up,4609.37,4632.989699999999,23.619699999999284,0.6279301366613151,0.5503924976402788,1,48985,2026-03-19T18:45:00+00:00,4609.52,4654.87,4632.989699999999,4632.41685,target_hit
49001,2026-03-19T19:01:00+00:00,2026-03-19T19:02:00+00:00,2026-03-19T19:11:00+00:00,0,down,4644.99,4659.99,-15.0,0.5831250107594208,0.9600129884564506,4,49010,2026-03-19T19:10:00+00:00,4645.21,4634.13,4631.89415,4621.76505,stop_loss
49011,2026-03-19T19:11:00+00:00,2026-03-19T19:12:00+00:00,2026-03-19T19:26:00+00:00,0,down,4660.6,4637.2970000000005,23.302999999999884,0.9655004283755813,0.9834970728066164,0,49011,2026-03-19T19:11:00+00:00,4660.96,4640.43,4637.2970000000005,4637.2970000000005,target_hit
49029,2026-03-19T19:29:00+00:00,2026-03-19T19:30:00+00:00,2026-03-19T19:33:00+00:00,2,up,4644.67,4641.99,-2.680000000000291,0.5547750969497027,0.5547750969497027,0,49029,2026-03-19T19:29:00+00:00,4644.11,4640.34,4667.89335,4667.89335,reverse_signal
49033,2026-03-19T19:33:00+00:00,2026-03-19T19:34:00+00:00,2026-03-19T19:47:00+00:00,0,down,4645.77,4635.44,10.330000000000837,0.8311766029875427,0.5526171799404906,2,49035,2026-03-19T19:35:00+00:00,4645.42,4647.14,4610.95935,4622.54115,reverse_signal
49047,2026-03-19T19:47:00+00:00,2026-03-19T19:48:00+00:00,2026-03-19T20:31:00+00:00,2,up,4638.1,4657.75,19.649999999999636,0.8748192622083361,0.6370678203991216,1,49048,2026-03-19T19:48:00+00:00,4637.79,4656.19,4662.597,4661.2905,timeout
49097,2026-03-19T20:37:00+00:00,2026-03-19T20:38:00+00:00,2026-03-19T22:10:00+00:00,0,down,4656.8,4665.23,-8.429999999999382,0.6345127158938415,0.5808520088798554,2,49103,2026-03-19T20:43:00+00:00,4657.2,4666.03,4632.6802,4633.5160000000005,timeout
49161,2026-03-19T22:42:00+00:00,2026-03-19T22:43:00+00:00,2026-03-19T22:59:00+00:00,0,down,4652.01,4639.78,12.230000000000473,0.620464770102008,0.5694475040254441,0,49161,2026-03-19T22:42:00+00:00,4652.28,4643.97,4628.74995,4628.74995,reverse_signal
49179,2026-03-19T23:00:00+00:00,2026-03-19T23:01:00+00:00,2026-03-19T23:16:00+00:00,0,down,4646.85,4642.33,4.520000000000437,0.648723608776221,0.648723608776221,0,49179,2026-03-19T23:00:00+00:00,4647.21,4643.52,4623.61575,4623.61575,reverse_signal
49206,2026-03-19T23:27:00+00:00,2026-03-19T23:28:00+00:00,2026-03-19T23:59:00+00:00,2,up,4645.12,4642.43,-2.6899999999996,0.9598645352861205,0.7449590296022951,1,49233,2026-03-19T23:54:00+00:00,4644.8,4661.0,4669.591799999999,4668.3456,reverse_signal
49238,2026-03-19T23:59:00+00:00,2026-03-20T00:00:00+00:00,2026-03-20T00:08:00+00:00,0,down,4643.47,4658.47,-15.0,0.6436401732746602,0.6436401732746602,0,49238,2026-03-19T23:59:00+00:00,4643.88,4647.84,4620.25265,4620.25265,stop_loss
49295,2026-03-20T00:56:00+00:00,2026-03-20T00:57:00+00:00,2026-03-20T01:22:00+00:00,2,up,4652.29,4667.23,14.9399999999996,0.7149304975353009,0.8478897597431218,0,49295,2026-03-20T00:56:00+00:00,4652.68,4651.35,4675.55145,4675.55145,timeout
49316,2026-03-20T01:47:00+00:00,2026-03-20T01:48:00+00:00,2026-03-20T01:56:00+00:00,0,down,4685.33,4677.62,7.710000000000036,0.8385454962801867,0.6647871364354918,2,49318,2026-03-20T01:49:00+00:00,4686.21,4685.72,4661.9929,4661.90335,reverse_signal
49325,2026-03-20T01:56:00+00:00,2026-03-20T01:57:00+00:00,2026-03-20T02:35:00+00:00,2,up,4674.56,4688.18,13.61999999999989,0.60381015658404,0.905717866517427,1,49328,2026-03-20T01:59:00+00:00,4674.25,4684.91,4700.5759499999995,4697.9328000000005,timeout
49373,2026-03-20T02:44:00+00:00,2026-03-20T02:45:00+00:00,2026-03-20T02:49:00+00:00,0,down,4685.19,4700.19,-15.0,0.9670265277821426,0.9670265277821426,0,49373,2026-03-20T02:44:00+00:00,4685.43,4716.42,4661.76405,4661.76405,stop_loss
49378,2026-03-20T02:49:00+00:00,2026-03-20T02:50:00+00:00,2026-03-20T03:14:00+00:00,2,up,4699.96,4716.6,16.640000000000327,0.5681714020133937,0.5681714020133937,0,49378,2026-03-20T02:49:00+00:00,4699.69,4716.6,4723.4598,4723.4598,timeout
49425,2026-03-20T03:36:00+00:00,2026-03-20T03:37:00+00:00,2026-03-20T04:01:00+00:00,0,down,4731.17,4727.34,3.8299999999999272,0.9876263130339819,0.9876263130339819,0,49425,2026-03-20T03:36:00+00:00,4731.44,4727.34,4707.51415,4707.51415,timeout
49553,2026-03-20T05:44:00+00:00,2026-03-20T05:45:00+00:00,2026-03-20T06:11:00+00:00,0,down,4709.4,4685.853,23.54699999999957,0.6523688890461712,0.8521085108710116,0,49553,2026-03-20T05:44:00+00:00,4709.76,4689.67,4685.853,4685.853,target_hit
49583,2026-03-20T06:14:00+00:00,2026-03-20T06:15:00+00:00,2026-03-20T06:36:00+00:00,2,up,4691.55,4676.55,-15.0,0.5534005933768654,0.5534005933768654,0,49583,2026-03-20T06:14:00+00:00,4691.27,4667.87,4715.00775,4715.00775,stop_loss
49610,2026-03-20T06:41:00+00:00,2026-03-20T06:42:00+00:00,2026-03-20T15:00:00+00:00,0,down,4665.32,4644.5605,20.759500000000116,0.9130120004344674,0.9687600882417947,1,49612,2026-03-20T06:43:00+00:00,4665.59,4684.29,4644.5605,4641.993399999999,target_hit
49629,2026-03-20T15:00:00+00:00,2026-03-20T15:01:00+00:00,2026-03-20T15:25:00+00:00,2,up,4568.21,4553.21,-15.0,0.992221792427646,0.6339765180185022,1,49630,2026-03-20T15:01:00+00:00,4568.06,4540.45,4597.9956,4591.05105,stop_loss
49655,2026-03-20T15:26:00+00:00,2026-03-20T15:27:00+00:00,2026-03-20T15:33:00+00:00,2,up,4541.33,4571.37315,30.043150000000423,0.8673918815156286,0.9566577780991996,1,49656,2026-03-20T15:27:00+00:00,4540.45,4557.45,4571.37315,4564.03665,target_hit
49680,2026-03-20T15:51:00+00:00,2026-03-20T15:52:00+00:00,2026-03-20T16:05:00+00:00,2,up,4556.4,4579.182,22.782000000000153,0.5642304273603784,0.5642304273603784,0,49680,2026-03-20T15:51:00+00:00,4555.58,4585.23,4579.182,4579.182,target_hit
49699,2026-03-20T16:10:00+00:00,2026-03-20T16:11:00+00:00,2026-03-20T16:21:00+00:00,2,up,4573.72,4610.5380000000005,36.81800000000021,0.5823548463237544,0.5872428149239712,1,49704,2026-03-20T16:15:00+00:00,4572.84,4588.37,4610.5380000000005,4596.5886,target_hit
49710,2026-03-20T16:21:00+00:00,2026-03-20T16:22:00+00:00,2026-03-20T16:25:00+00:00,2,up,4608.34,4593.34,-15.0,0.7150341518813621,0.6173225157669515,0,49710,2026-03-20T16:21:00+00:00,4607.36,4579.91,4631.3817,4631.3817,stop_loss
49714,2026-03-20T16:25:00+00:00,2026-03-20T16:26:00+00:00,2026-03-20T16:31:00+00:00,2,up,4591.99,4579.64,-12.349999999999454,0.6221116100734567,0.6005234604000463,0,49714,2026-03-20T16:25:00+00:00,4591.02,4574.98,4614.94995,4614.94995,reverse_signal
49721,2026-03-20T16:32:00+00:00,2026-03-20T16:33:00+00:00,2026-03-20T16:37:00+00:00,0,down,4576.43,4591.43,-15.0,0.7761425396448454,0.8303181637185371,4,49725,2026-03-20T16:36:00+00:00,4577.26,4585.59,4566.5127,4553.54785,stop_loss
49726,2026-03-20T16:37:00+00:00,2026-03-20T16:38:00+00:00,2026-03-20T17:01:00+00:00,0,down,4587.11,4586.48,0.6300000000001091,0.7840790568619717,0.6253150361582837,4,49732,2026-03-20T16:43:00+00:00,4587.85,4597.77,4561.12975,4564.1744499999995,reverse_signal
49750,2026-03-20T17:01:00+00:00,2026-03-20T17:02:00+00:00,2026-03-20T17:24:00+00:00,2,up,4586.45,4571.45,-15.0,0.9046003874963382,0.978950193030826,1,49751,2026-03-20T17:02:00+00:00,4585.29,4569.51,4613.3319,4609.38225,stop_loss
49777,2026-03-20T17:28:00+00:00,2026-03-20T17:29:00+00:00,2026-03-20T17:35:00+00:00,2,up,4573.57,4558.57,-15.0,0.9725544821489809,0.993377355606636,0,49777,2026-03-20T17:28:00+00:00,4574.26,4575.34,4596.437849999999,4596.437849999999,stop_loss
49784,2026-03-20T17:35:00+00:00,2026-03-20T17:36:00+00:00,2026-03-20T18:22:00+00:00,2,up,4559.11,4544.11,-15.0,0.992216704453319,0.7898194381601515,1,49786,2026-03-20T17:37:00+00:00,4558.23,4576.58,4582.28745,4581.9055499999995,stop_loss
49837,2026-03-20T18:28:00+00:00,2026-03-20T18:29:00+00:00,2026-03-20T18:43:00+00:00,0,down,4553.23,4532.07575,21.154249999999593,0.816903571276626,0.785858505095637,1,49838,2026-03-20T18:29:00+00:00,4554.24,4503.38,4532.07575,4530.463849999999,target_hit
49854,2026-03-20T18:45:00+00:00,2026-03-20T18:46:00+00:00,2026-03-20T18:48:00+00:00,2,up,4526.72,4511.72,-15.0,0.6621148972896422,0.575373385848116,0,49854,2026-03-20T18:45:00+00:00,4525.81,4499.39,4549.3536,4549.3536,stop_loss
49857,2026-03-20T18:48:00+00:00,2026-03-20T18:49:00+00:00,2026-03-20T18:55:00+00:00,2,up,4512.96,4497.96,-15.0,0.6749192710259774,0.568381786733585,1,49860,2026-03-20T18:51:00+00:00,4512.24,4500.87,4537.554899999999,4535.5248,stop_loss
49864,2026-03-20T18:55:00+00:00,2026-03-20T18:56:00+00:00,2026-03-20T19:02:00+00:00,2,up,4485.85,4513.133400000001,27.283400000000256,0.6009237058038193,0.6056476673554101,1,49866,2026-03-20T18:57:00+00:00,4484.9,4492.38,4513.133400000001,4508.2792500000005,target_hit
49871,2026-03-20T19:02:00+00:00,2026-03-20T19:03:00+00:00,2026-03-20T19:04:00+00:00,2,up,4513.83,4498.83,-15.0,0.6504828142025929,0.8345233532649252,0,49871,2026-03-20T19:02:00+00:00,4513.03,4496.0,4536.39915,4536.39915,stop_loss
49878,2026-03-20T19:09:00+00:00,2026-03-20T19:10:00+00:00,2026-03-20T19:12:00+00:00,2,up,4502.38,4487.38,-15.0,0.5935214222538903,0.5831708439645983,0,49878,2026-03-20T19:09:00+00:00,4502.33,4497.21,4524.8919000000005,4524.8919000000005,stop_loss
49881,2026-03-20T19:12:00+00:00,2026-03-20T19:13:00+00:00,2026-03-20T20:55:00+00:00,2,up,4497.81,4494.71,-3.100000000000364,0.5746790358230653,0.563547520798473,1,49882,2026-03-20T19:13:00+00:00,4497.04,4504.23,4523.263800000001,4520.2990500000005,reverse_signal
49984,2026-03-20T20:55:00+00:00,2026-03-20T20:56:00+00:00,2026-03-22T22:01:00+00:00,0,down,4496.59,4475.112,21.478000000000065,0.7690800136315595,0.5795324848439873,3,49987,2026-03-20T20:58:00+00:00,4501.11,4528.46,4475.112,4474.1070500000005,target_hit
49989,2026-03-22T22:01:00+00:00,2026-03-22T22:02:00+00:00,2026-03-22T22:03:00+00:00,0,down,4475.53,4453.152349999999,22.377650000000358,0.775668720531321,0.8270695200381146,0,49989,2026-03-22T22:01:00+00:00,4478.3,4530.19,4453.152349999999,4453.152349999999,target_hit
49991,2026-03-22T22:03:00+00:00,2026-03-22T22:04:00+00:00,2026-03-22T22:04:00+00:00,0,down,4455.19,4470.19,-15.0,0.8129928479824591,0.8129928479824591,0,49991,2026-03-22T22:03:00+00:00,4458.84,4533.56,4432.914049999999,4432.914049999999,stop_loss
49992,2026-03-22T22:04:00+00:00,2026-03-22T22:05:00+00:00,2026-03-22T22:05:00+00:00,0,down,4474.96,4489.96,-15.0,0.8772203894672009,0.8772203894672009,0,49992,2026-03-22T22:04:00+00:00,4476.91,4525.0,4452.5852,4452.5852,stop_loss
49994,2026-03-22T22:06:00+00:00,2026-03-22T22:07:00+00:00,2026-03-22T22:07:00+00:00,0,down,4486.78,4501.78,-15.0,0.8677603606881146,0.8677603606881146,0,49994,2026-03-22T22:06:00+00:00,4488.37,4523.59,4464.3461,4464.3461,stop_loss
49995,2026-03-22T22:07:00+00:00,2026-03-22T22:08:00+00:00,2026-03-22T22:19:00+00:00,0,down,4503.78,4518.78,-15.0,0.9465068075890968,0.7818288116847677,4,49999,2026-03-22T22:11:00+00:00,4507.44,4507.47,4478.3159,4481.2611,stop_loss
50008,2026-03-22T22:20:00+00:00,2026-03-22T22:21:00+00:00,2026-03-22T22:24:00+00:00,0,down,4517.26,4532.26,-15.0,0.9668751423119877,0.9518995479165075,3,50011,2026-03-22T22:23:00+00:00,4517.59,4505.89,4498.6537,4494.6737,stop_loss
50012,2026-03-22T22:24:00+00:00,2026-03-22T22:25:00+00:00,2026-03-22T22:55:00+00:00,0,down,4527.18,4502.375,24.80500000000029,0.9772208956716234,0.5543135175307601,4,50017,2026-03-22T22:29:00+00:00,4528.46,4505.65,4502.375,4504.5441,target_hit
50043,2026-03-22T22:55:00+00:00,2026-03-22T22:56:00+00:00,2026-03-22T23:07:00+00:00,2,up,4503.11,4488.11,-15.0,0.5862500404190402,0.5779093685933508,1,50049,2026-03-22T23:01:00+00:00,4502.85,4483.85,4529.4747,4525.62555,stop_loss
50055,2026-03-22T23:07:00+00:00,2026-03-22T23:08:00+00:00,2026-03-22T23:36:00+00:00,2,up,4492.99,4477.99,-15.0,0.5650574117337365,0.6294943630812934,1,50057,2026-03-22T23:09:00+00:00,4493.05,4482.36,4517.56545,4515.454949999999,stop_loss
50084,2026-03-22T23:36:00+00:00,2026-03-22T23:37:00+00:00,2026-03-22T23:48:00+00:00,2,up,4478.73,4463.73,-15.0,0.7964663392920373,0.9108784185128281,1,50086,2026-03-22T23:38:00+00:00,4478.37,4435.78,4503.05325,4501.1236499999995,stop_loss
50096,2026-03-22T23:48:00+00:00,2026-03-22T23:49:00+00:00,2026-03-23T00:03:00+00:00,2,up,4461.44,4446.44,-15.0,0.8452450843913595,0.6847977562635325,1,50097,2026-03-22T23:49:00+00:00,4461.11,4436.58,4485.04365,4483.7472,stop_loss
50111,2026-03-23T00:03:00+00:00,2026-03-23T00:04:00+00:00,2026-03-23T00:15:00+00:00,2,up,4436.03,4421.03,-15.0,0.8510171474625083,0.977418387648183,1,50116,2026-03-23T00:08:00+00:00,4435.78,4418.66,4467.49635,4458.21015,stop_loss
50123,2026-03-23T00:15:00+00:00,2026-03-23T00:16:00+00:00,2026-03-23T00:34:00+00:00,2,up,4416.73,4401.73,-15.0,0.9837152748432342,0.5827065487341295,1,50126,2026-03-23T00:18:00+00:00,4415.47,4358.05,4447.51695,4438.813649999999,stop_loss
50142,2026-03-23T00:34:00+00:00,2026-03-23T00:35:00+00:00,2026-03-23T00:35:00+00:00,2,up,4401.88,4386.88,-15.0,0.5802086278621039,0.5802086278621039,0,50142,2026-03-23T00:34:00+00:00,4401.38,4353.35,4423.8894,4423.8894,stop_loss
50154,2026-03-23T00:46:00+00:00,2026-03-23T00:47:00+00:00,2026-03-23T00:48:00+00:00,2,up,4361.29,4346.29,-15.0,0.971684292123042,0.9399772478231634,0,50154,2026-03-23T00:46:00+00:00,4360.29,4417.13,4383.09645,4383.09645,stop_loss
50156,2026-03-23T00:48:00+00:00,2026-03-23T00:49:00+00:00,2026-03-23T00:52:00+00:00,2,up,4351.27,4336.27,-15.0,0.9747106868888467,0.9188919522326906,1,50158,2026-03-23T00:50:00+00:00,4349.88,4424.07,4373.1168,4373.02635,stop_loss
50160,2026-03-23T00:52:00+00:00,2026-03-23T00:53:00+00:00,2026-03-23T00:57:00+00:00,2,up,4323.32,4352.82585,29.505850000000464,0.9417187621267049,0.8045158261267902,1,50161,2026-03-23T00:53:00+00:00,4321.85,4430.18,4352.82585,4344.9366,target_hit
50165,2026-03-23T00:57:00+00:00,2026-03-23T00:58:00+00:00,2026-03-23T01:30:00+00:00,2,up,4357.14,4389.46815,32.32814999999937,0.916766413293923,0.9502739115876089,1,50166,2026-03-23T00:58:00+00:00,4356.05,4437.97,4389.46815,4378.925700000001,target_hit
50184,2026-03-23T01:46:00+00:00,2026-03-23T01:47:00+00:00,2026-03-23T01:48:00+00:00,2,up,4428.17,4413.17,-15.0,0.5721594084579866,0.6381600359685872,0,50184,2026-03-23T01:46:00+00:00,4427.83,4410.17,4450.31085,4450.31085,stop_loss
50187,2026-03-23T01:49:00+00:00,2026-03-23T01:50:00+00:00,2026-03-23T01:57:00+00:00,2,up,4413.52,4398.52,-15.0,0.6055372463397874,0.6098340144109009,0,50187,2026-03-23T01:49:00+00:00,4412.66,4395.68,4435.587600000001,4435.587600000001,stop_loss
50196,2026-03-23T01:58:00+00:00,2026-03-23T01:59:00+00:00,2026-03-23T02:02:00+00:00,2,up,4392.82,4414.7841,21.964100000000144,0.7046899151985007,0.6033807131584952,0,50196,2026-03-23T01:58:00+00:00,4391.49,4405.92,4414.7841,4414.7841,target_hit
50200,2026-03-23T02:02:00+00:00,2026-03-23T02:03:00+00:00,2026-03-23T02:13:00+00:00,0,down,4416.08,4393.9996,22.080399999999827,0.6517574492162086,0.5596314243272322,0,50200,2026-03-23T02:02:00+00:00,4417.16,4408.06,4393.9996,4393.9996,target_hit
50213,2026-03-23T02:15:00+00:00,2026-03-23T02:16:00+00:00,2026-03-23T02:32:00+00:00,0,down,4408.36,4385.273450000001,23.08654999999908,0.7741370118003514,0.9981811749965963,2,50215,2026-03-23T02:17:00+00:00,4409.06,4375.54,4385.273450000001,4386.3182,target_hit
50230,2026-03-23T02:32:00+00:00,2026-03-23T02:33:00+00:00,2026-03-23T03:12:00+00:00,0,down,4384.15,4352.527999999999,31.6220000000003,0.9980137099369946,0.6434698722252409,2,50235,2026-03-23T02:37:00+00:00,4385.18,4378.01,4352.527999999999,4362.229249999999,target_hit
50270,2026-03-23T03:12:00+00:00,2026-03-23T03:13:00+00:00,2026-03-23T03:20:00+00:00,0,down,4347.69,4362.69,-15.0,0.5569677820483373,0.6198958780720858,1,50271,2026-03-23T03:13:00+00:00,4348.48,4348.59,4328.1007500000005,4325.95155,stop_loss
50316,2026-03-23T03:58:00+00:00,2026-03-23T03:59:00+00:00,2026-03-23T04:00:00+00:00,0,down,4352.66,4367.66,-15.0,0.5533641517499475,0.5735875756869382,1,50317,2026-03-23T03:59:00+00:00,4352.79,4370.55,4331.463849999999,4330.8967,stop_loss
50348,2026-03-23T04:30:00+00:00,2026-03-23T04:31:00+00:00,2026-03-23T04:36:00+00:00,0,down,4363.94,4378.94,-15.0,0.8568428935096694,0.7938795006634377,1,50349,2026-03-23T04:31:00+00:00,4364.29,4363.71,4344.3889,4342.1203,stop_loss
50355,2026-03-23T04:37:00+00:00,2026-03-23T04:38:00+00:00,2026-03-23T05:06:00+00:00,0,down,4371.74,4375.31,-3.5700000000006185,0.8921489010698813,0.794222939240329,2,50359,2026-03-23T04:41:00+00:00,4372.44,4375.31,4350.7171,4349.8813,timeout
50403,2026-03-23T05:25:00+00:00,2026-03-23T05:26:00+00:00,2026-03-23T05:30:00+00:00,2,up,4356.64,4341.64,-15.0,0.6974954689489581,0.6974954689489581,0,50403,2026-03-23T05:25:00+00:00,4356.38,4321.16,4378.4232,4378.4232,stop_loss
50408,2026-03-23T05:30:00+00:00,2026-03-23T05:31:00+00:00,2026-03-23T05:54:00+00:00,0,down,4331.52,4306.559,24.96100000000024,0.8455258040739362,0.915212636367251,4,50416,2026-03-23T05:38:00+00:00,4331.85,4294.07,4306.559,4309.8624,target_hit
50432,2026-03-23T05:54:00+00:00,2026-03-23T05:55:00+00:00,2026-03-23T05:56:00+00:00,0,down,4303.27,4318.27,-15.0,0.7802645789031989,0.8230936974451897,1,50433,2026-03-23T05:55:00+00:00,4305.59,4277.13,4292.5494,4281.753650000001,stop_loss
50434,2026-03-23T05:56:00+00:00,2026-03-23T05:57:00+00:00,2026-03-23T06:03:00+00:00,0,down,4319.21,4290.459900000001,28.750099999999293,0.8339894110307398,0.5646850804487991,2,50436,2026-03-23T05:58:00+00:00,4320.3,4274.73,4290.459900000001,4297.61395,target_hit
50441,2026-03-23T06:03:00+00:00,2026-03-23T06:04:00+00:00,2026-03-23T06:07:00+00:00,0,down,4294.11,4272.63945,21.470550000000003,0.5906970042056969,0.5906970042056969,0,50441,2026-03-23T06:03:00+00:00,4294.07,4252.28,4272.63945,4272.63945,target_hit
50447,2026-03-23T06:09:00+00:00,2026-03-23T06:10:00+00:00,2026-03-23T06:15:00+00:00,2,up,4276.96,4298.3448,21.384799999999814,0.5554921009929773,0.5701727538388572,0,50447,2026-03-23T06:09:00+00:00,4275.42,4236.81,4298.3448,4298.3448,target_hit
50469,2026-03-23T06:31:00+00:00,2026-03-23T06:32:00+00:00,2026-03-23T06:32:00+00:00,2,up,4244.33,4229.33,-15.0,0.5721990654335473,0.5721990654335473,0,50469,2026-03-23T06:31:00+00:00,4243.24,4224.5,4265.55165,4265.55165,stop_loss
50476,2026-03-23T06:38:00+00:00,2026-03-23T06:39:00+00:00,2026-03-23T06:42:00+00:00,2,up,4234.31,4219.31,-15.0,0.5528812902553595,0.5805420398998402,0,50476,2026-03-23T06:38:00+00:00,4233.25,4188.0,4255.48155,4255.48155,stop_loss
50480,2026-03-23T06:42:00+00:00,2026-03-23T06:43:00+00:00,2026-03-23T06:43:00+00:00,2,up,4217.0,4202.0,-15.0,0.6378043405869546,0.6378043405869546,0,50480,2026-03-23T06:42:00+00:00,4216.04,4162.5,4238.085,4238.085,stop_loss
50481,2026-03-23T06:43:00+00:00,2026-03-23T06:44:00+00:00,2026-03-23T06:44:00+00:00,2,up,4198.35,4183.35,-15.0,0.5628430643578276,0.5628430643578276,0,50481,2026-03-23T06:43:00+00:00,4197.21,4143.0,4219.3417500000005,4219.3417500000005,stop_loss
50482,2026-03-23T06:44:00+00:00,2026-03-23T06:45:00+00:00,2026-03-23T06:47:00+00:00,2,up,4183.42,4168.42,-15.0,0.5796189315996,0.9960910344015984,1,50483,2026-03-23T06:45:00+00:00,4181.97,4164.12,4218.1056,4204.3371,stop_loss
50485,2026-03-23T06:47:00+00:00,2026-03-23T06:48:00+00:00,2026-03-23T06:48:00+00:00,2,up,4171.38,4192.2369,20.85689999999977,0.9949953877486422,0.9949953877486422,0,50485,2026-03-23T06:47:00+00:00,4169.49,4141.9,4192.2369,4192.2369,target_hit
50486,2026-03-23T06:48:00+00:00,2026-03-23T06:49:00+00:00,2026-03-23T06:52:00+00:00,2,up,4193.17,4227.5224499999995,34.35244999999941,0.9953872292689371,0.992772788064246,1,50487,2026-03-23T06:49:00+00:00,4191.91,4129.12,4227.5224499999995,4214.13585,target_hit
50490,2026-03-23T06:52:00+00:00,2026-03-23T06:53:00+00:00,2026-03-23T06:54:00+00:00,2,up,4228.49,4213.49,-15.0,0.9881933388490765,0.9936912130398132,0,50490,2026-03-23T06:52:00+00:00,4227.73,4142.45,4249.63245,4249.63245,stop_loss
50492,2026-03-23T06:54:00+00:00,2026-03-23T06:55:00+00:00,2026-03-23T15:00:00+00:00,2,up,4213.08,4243.9340999999995,30.854099999999562,0.9917588170334499,0.9889167167287045,1,50493,2026-03-23T06:55:00+00:00,4211.82,4110.03,4243.9340999999995,4234.1454,target_hit
50498,2026-03-23T15:00:00+00:00,2026-03-23T15:01:00+00:00,2026-03-23T15:17:00+00:00,2,up,4461.28,4446.28,-15.0,0.9981046564277859,0.995601779825871,1,50499,2026-03-23T15:01:00+00:00,4460.41,4445.64,4493.7670499999995,4483.5864,stop_loss
50515,2026-03-23T15:17:00+00:00,2026-03-23T15:18:00+00:00,2026-03-23T15:31:00+00:00,2,up,4440.94,4448.31,7.3700000000008,0.9978116448416015,0.9715096263114258,1,50520,2026-03-23T15:22:00+00:00,4440.69,4400.19,4476.07905,4463.1447,reverse_signal
50529,2026-03-23T15:31:00+00:00,2026-03-23T15:32:00+00:00,2026-03-23T15:34:00+00:00,0,down,4454.77,4432.496150000001,22.273849999999584,0.9909688464568273,0.983805263992174,0,50529,2026-03-23T15:31:00+00:00,4455.22,4367.38,4432.496150000001,4432.496150000001,target_hit
50532,2026-03-23T15:34:00+00:00,2026-03-23T15:35:00+00:00,2026-03-23T15:43:00+00:00,0,down,4433.15,4410.9842499999995,22.165750000000116,0.9711129591941694,0.9705489497420623,0,50532,2026-03-23T15:34:00+00:00,4433.65,4364.35,4410.9842499999995,4410.9842499999995,target_hit
50541,2026-03-23T15:43:00+00:00,2026-03-23T15:44:00+00:00,2026-03-23T15:52:00+00:00,0,down,4411.49,4389.4325499999995,22.057450000000244,0.9855800038067332,0.8743182263365175,0,50541,2026-03-23T15:43:00+00:00,4411.74,4380.12,4389.4325499999995,4389.4325499999995,target_hit
50550,2026-03-23T15:52:00+00:00,2026-03-23T15:53:00+00:00,2026-03-23T15:55:00+00:00,0,down,4394.31,4375.2339,19.076100000000224,0.6650049641753774,0.8260508000095269,1,50552,2026-03-23T15:54:00+00:00,4394.52,4370.69,4375.2339,4372.33845,target_hit
50631,2026-03-23T17:13:00+00:00,2026-03-23T17:14:00+00:00,2026-03-23T17:31:00+00:00,0,down,4405.02,4420.02,-15.0,0.8852364385410827,0.9506282513493242,3,50646,2026-03-23T17:28:00+00:00,4405.09,4417.99,4381.8407,4382.994900000001,stop_loss
50649,2026-03-23T17:31:00+00:00,2026-03-23T17:32:00+00:00,2026-03-23T17:36:00+00:00,0,down,4422.99,4437.99,-15.0,0.9224128164616261,0.9839396451356504,3,50653,2026-03-23T17:35:00+00:00,4423.26,4421.99,4412.57625,4400.87505,stop_loss
50654,2026-03-23T17:36:00+00:00,2026-03-23T17:37:00+00:00,2026-03-23T17:47:00+00:00,0,down,4438.18,4415.989100000001,22.1908999999996,0.9904746506049874,0.9701677372344486,0,50654,2026-03-23T17:36:00+00:00,4438.47,4421.88,4415.989100000001,4415.989100000001,target_hit
50679,2026-03-23T18:01:00+00:00,2026-03-23T18:02:00+00:00,2026-03-23T18:32:00+00:00,0,down,4421.69,4436.69,-15.0,0.5880595803157591,0.8936979688756124,3,50684,2026-03-23T18:06:00+00:00,4421.88,4435.76,4397.999500000001,4399.58155,stop_loss
50723,2026-03-23T18:45:00+00:00,2026-03-23T18:46:00+00:00,2026-03-23T19:05:00+00:00,0,down,4458.99,4435.3717,23.61830000000009,0.949830664479918,0.8470634607381572,3,50728,2026-03-23T18:50:00+00:00,4459.26,4405.79,4435.3717,4436.695049999999,target_hit
50744,2026-03-23T19:06:00+00:00,2026-03-23T19:07:00+00:00,2026-03-23T19:13:00+00:00,2,up,4432.1,4417.1,-15.0,0.6038294819568903,0.5850478750448285,0,50744,2026-03-23T19:06:00+00:00,4431.64,4408.87,4454.2605,4454.2605,stop_loss
50752,2026-03-23T19:14:00+00:00,2026-03-23T19:15:00+00:00,2026-03-23T19:16:00+00:00,2,up,4407.14,4405.42,-1.7200000000002547,0.6250493670404437,0.6250493670404437,0,50752,2026-03-23T19:14:00+00:00,4407.02,4410.17,4429.175700000001,4429.175700000001,reverse_signal
50754,2026-03-23T19:16:00+00:00,2026-03-23T19:17:00+00:00,2026-03-23T19:29:00+00:00,0,down,4399.92,4414.92,-15.0,0.8350255178427529,0.9075437190728878,3,50758,2026-03-23T19:20:00+00:00,4400.25,4420.68,4377.63185,4377.9204,stop_loss
50767,2026-03-23T19:29:00+00:00,2026-03-23T19:30:00+00:00,2026-03-23T19:46:00+00:00,0,down,4410.19,4425.19,-15.0,0.8424870475196578,0.827398154409655,2,50769,2026-03-23T19:31:00+00:00,4410.66,4402.27,4387.12415,4388.13905,stop_loss
50784,2026-03-23T19:46:00+00:00,2026-03-23T19:47:00+00:00,2026-03-23T19:51:00+00:00,0,down,4426.87,4404.73565,22.134350000000268,0.8186623210507366,0.7838720773559518,0,50784,2026-03-23T19:46:00+00:00,4427.18,4403.28,4404.73565,4404.73565,target_hit
50791,2026-03-23T19:53:00+00:00,2026-03-23T19:54:00+00:00,2026-03-23T20:00:00+00:00,0,down,4410.84,4388.785800000001,22.054199999999582,0.8830577913622732,0.9284469500674991,0,50791,2026-03-23T19:53:00+00:00,4411.12,4407.27,4388.785800000001,4388.785800000001,target_hit
50843,2026-03-23T20:45:00+00:00,2026-03-23T20:46:00+00:00,2026-03-23T22:04:00+00:00,0,down,4411.78,4408.64,3.139999999999418,0.8088578934428244,0.6003723838078715,3,50848,2026-03-23T20:50:00+00:00,4412.07,4395.8,4388.07935,4389.7211,reverse_signal
50861,2026-03-23T22:04:00+00:00,2026-03-23T22:05:00+00:00,2026-03-23T22:06:00+00:00,2,up,4383.36,4368.36,-15.0,0.9695726049188922,0.9695726049188922,0,50861,2026-03-23T22:04:00+00:00,4378.7,4413.96,4405.2768,4405.2768,stop_loss
50863,2026-03-23T22:06:00+00:00,2026-03-23T22:07:00+00:00,2026-03-23T22:17:00+00:00,2,up,4379.53,4394.6,15.070000000000618,0.9698447346442197,0.9641006480256604,1,50866,2026-03-23T22:09:00+00:00,4377.42,4403.42,4405.93005,4401.42765,reverse_signal
50874,2026-03-23T22:17:00+00:00,2026-03-23T22:18:00+00:00,2026-03-23T22:27:00+00:00,0,down,4396.38,4411.38,-15.0,0.7651461732169746,0.8239425030633664,8,50883,2026-03-23T22:26:00+00:00,4397.37,4420.52,4381.8606,4374.3981,stop_loss
50884,2026-03-23T22:27:00+00:00,2026-03-23T22:28:00+00:00,2026-03-23T22:52:00+00:00,0,down,4406.82,4421.82,-15.0,0.8645657058748275,0.8925756062751933,4,50889,2026-03-23T22:32:00+00:00,4407.3,4427.43,4384.7063,4384.7859,stop_loss
50909,2026-03-23T22:52:00+00:00,2026-03-23T22:53:00+00:00,2026-03-23T23:07:00+00:00,0,down,4423.4,4438.4,-15.0,0.8652444188113779,0.7155493125481514,13,50923,2026-03-23T23:06:00+00:00,4423.73,4441.96,4408.75545,4401.282999999999,stop_loss
50924,2026-03-23T23:07:00+00:00,2026-03-23T23:08:00+00:00,2026-03-23T23:31:00+00:00,0,down,4437.07,4440.74,-3.6700000000000728,0.5669072347506449,0.6382949236450923,5,50946,2026-03-23T23:29:00+00:00,4438.17,4444.12,4419.929300000001,4414.88465,reverse_signal
50948,2026-03-23T23:31:00+00:00,2026-03-23T23:32:00+00:00,2026-03-23T23:38:00+00:00,2,up,4441.92,4426.92,-15.0,0.9622546716053,0.943181484290087,1,50950,2026-03-23T23:33:00+00:00,4441.66,4437.6,4466.39085,4464.1296,stop_loss
50955,2026-03-23T23:38:00+00:00,2026-03-23T23:39:00+00:00,2026-03-24T00:16:00+00:00,2,up,4428.0,4413.0,-15.0,0.9688810156421884,0.6786240502804632,1,50956,2026-03-23T23:39:00+00:00,4426.91,4430.38,4450.35105,4450.14,stop_loss
50997,2026-03-24T00:20:00+00:00,2026-03-24T00:21:00+00:00,2026-03-24T00:27:00+00:00,2,up,4405.87,4396.37,-9.5,0.8866560759650403,0.7313242876117361,1,50998,2026-03-24T00:21:00+00:00,4404.85,4358.53,4432.70325,4427.89935,reverse_signal
51006,2026-03-24T00:29:00+00:00,2026-03-24T00:30:00+00:00,2026-03-24T00:39:00+00:00,0,down,4377.94,4354.060299999999,23.879700000000412,0.5776991186621431,0.9808018222445964,3,51009,2026-03-24T00:32:00+00:00,4378.87,4373.07,4354.060299999999,4356.0503,target_hit
51016,2026-03-24T00:39:00+00:00,2026-03-24T00:40:00+00:00,2026-03-24T00:47:00+00:00,0,down,4351.71,4366.71,-15.0,0.9723302123510924,0.9559723684910901,0,51016,2026-03-24T00:39:00+00:00,4349.48,4356.69,4329.9514500000005,4329.9514500000005,stop_loss
51025,2026-03-24T00:48:00+00:00,2026-03-24T00:49:00+00:00,2026-03-24T01:30:00+00:00,2,up,4364.89,4349.89,-15.0,0.5711802961255161,0.6179256587351777,1,51034,2026-03-24T00:57:00+00:00,4363.84,4359.76,4394.0208,4386.71445,stop_loss
51038,2026-03-24T01:31:00+00:00,2026-03-24T01:32:00+00:00,2026-03-24T01:41:00+00:00,2,up,4357.17,4342.17,-15.0,0.5529330017487926,0.5616652777832281,0,51038,2026-03-24T01:31:00+00:00,4355.5,4327.36,4378.95585,4378.95585,stop_loss
51058,2026-03-24T01:51:00+00:00,2026-03-24T01:52:00+00:00,2026-03-24T02:11:00+00:00,2,up,4326.74,4311.74,-15.0,0.6283039629784293,0.8485443200264685,1,51059,2026-03-24T01:52:00+00:00,4326.37,4313.31,4353.2178,4348.3737,stop_loss
51078,2026-03-24T02:11:00+00:00,2026-03-24T02:12:00+00:00,2026-03-24T02:22:00+00:00,2,up,4313.77,4337.08755,23.317549999999756,0.9124274228030267,0.6236761911632276,1,51079,2026-03-24T02:12:00+00:00,4312.57,4366.74,4337.08755,4335.33885,target_hit
51089,2026-03-24T02:22:00+00:00,2026-03-24T02:23:00+00:00,2026-03-24T02:35:00+00:00,2,up,4348.3,4369.28,20.979999999999563,0.6380628145143394,0.6214691451169242,1,51096,2026-03-24T02:29:00+00:00,4348.02,4359.2,4373.46855,4370.0415,reverse_signal
51103,2026-03-24T02:36:00+00:00,2026-03-24T02:37:00+00:00,2026-03-24T02:46:00+00:00,0,down,4365.09,4380.09,-15.0,0.6082217711714943,0.9768805998308675,2,51105,2026-03-24T02:38:00+00:00,4366.26,4353.74,4341.2248,4343.26455,stop_loss
51113,2026-03-24T02:46:00+00:00,2026-03-24T02:47:00+00:00,2026-03-24T03:02:00+00:00,0,down,4376.92,4350.4783,26.44170000000031,0.9697893033785465,0.7432917131251305,2,51115,2026-03-24T02:48:00+00:00,4377.69,4359.19,4350.4783,4355.0354,target_hit
51129,2026-03-24T03:02:00+00:00,2026-03-24T03:03:00+00:00,2026-03-24T03:16:00+00:00,0,down,4350.69,4365.69,-15.0,0.7611029560713396,0.9804789712412222,13,51142,2026-03-24T03:15:00+00:00,4351.5,4346.28,4338.7771,4328.936549999999,stop_loss
51143,2026-03-24T03:16:00+00:00,2026-03-24T03:17:00+00:00,2026-03-24T03:45:00+00:00,0,down,4364.6,4338.3791,26.220900000000256,0.9787611823002562,0.8342259978046005,2,51148,2026-03-24T03:21:00+00:00,4365.44,4338.63,4338.3791,4342.777,target_hit
51178,2026-03-24T03:51:00+00:00,2026-03-24T03:52:00+00:00,2026-03-24T04:02:00+00:00,0,down,4338.17,4353.17,-15.0,0.5635216778347845,0.7154986869902542,4,51184,2026-03-24T03:57:00+00:00,4338.43,4332.52,4325.901800000001,4316.47915,stop_loss
51189,2026-03-24T04:02:00+00:00,2026-03-24T04:03:00+00:00,2026-03-24T04:19:00+00:00,0,down,4351.34,4331.82205,19.517950000000383,0.9909964878934253,0.9958057325130796,1,51193,2026-03-24T04:06:00+00:00,4351.72,4337.92,4331.82205,4329.5833,target_hit
51208,2026-03-24T04:21:00+00:00,2026-03-24T04:22:00+00:00,2026-03-24T05:40:00+00:00,0,down,4335.27,4350.27,-15.0,0.9669957896160791,0.6764728931743994,6,51244,2026-03-24T04:57:00+00:00,4335.62,4342.17,4313.2255,4313.593650000001,stop_loss
51288,2026-03-24T05:41:00+00:00,2026-03-24T05:42:00+00:00,2026-03-24T05:44:00+00:00,2,up,4371.86,4356.86,-15.0,0.560442761419645,0.560442761419645,0,51288,2026-03-24T05:41:00+00:00,4371.51,4359.04,4393.7193,4393.7193,stop_loss
51292,2026-03-24T05:45:00+00:00,2026-03-24T05:46:00+00:00,2026-03-24T06:08:00+00:00,0,down,4355.11,4370.11,-15.0,0.6414579171312534,0.5713893893867775,8,51305,2026-03-24T05:58:00+00:00,4355.96,4389.28,4325.11575,4333.334449999999,stop_loss
51325,2026-03-24T06:18:00+00:00,2026-03-24T06:19:00+00:00,2026-03-24T06:22:00+00:00,0,down,4371.5,4386.5,-15.0,0.6551961827065852,0.589310441514262,2,51328,2026-03-24T06:21:00+00:00,4372.45,4380.19,4354.74685,4349.6425,stop_loss
51329,2026-03-24T06:22:00+00:00,2026-03-24T06:23:00+00:00,2026-03-24T06:50:00+00:00,0,down,4389.74,4379.85,9.889999999999418,0.6741580043641089,0.687692591726494,1,51332,2026-03-24T06:25:00+00:00,4391.06,4379.85,4372.2887,4367.7913,timeout
51358,2026-03-24T06:51:00+00:00,2026-03-24T06:52:00+00:00,2026-03-24T06:55:00+00:00,0,down,4381.29,4396.29,-15.0,0.5508610014135962,0.5693075212705359,1,51359,2026-03-24T06:52:00+00:00,4382.5,4423.74,4361.43325,4359.38355,stop_loss
51363,2026-03-24T06:56:00+00:00,2026-03-24T06:57:00+00:00,2026-03-24T15:00:00+00:00,0,down,4402.2,4417.2,-15.0,0.6215984351791284,0.5836004970592108,0,51363,2026-03-24T06:56:00+00:00,4403.21,4418.2,4380.188999999999,4380.188999999999,stop_loss
51367,2026-03-24T15:00:00+00:00,2026-03-24T15:01:00+00:00,2026-03-24T15:38:00+00:00,0,down,4409.8,4424.8,-15.0,0.7763932406435671,0.8502556304748844,6,51375,2026-03-24T15:08:00+00:00,4410.93,4410.65,4385.23365,4387.751,stop_loss
51419,2026-03-24T15:52:00+00:00,2026-03-24T15:53:00+00:00,2026-03-24T16:39:00+00:00,0,down,4422.59,4410.79,11.800000000000182,0.9955824187752356,0.9840748167571067,0,51419,2026-03-24T15:52:00+00:00,4423.77,4419.55,4400.47705,4400.47705,timeout
51468,2026-03-24T16:41:00+00:00,2026-03-24T16:42:00+00:00,2026-03-24T16:45:00+00:00,0,down,4411.37,4426.37,-15.0,0.8408645185436672,0.8408645185436672,0,51468,2026-03-24T16:41:00+00:00,4412.45,4403.08,4389.31315,4389.31315,stop_loss
51497,2026-03-24T17:10:00+00:00,2026-03-24T17:11:00+00:00,2026-03-24T17:32:00+00:00,0,down,4391.72,4391.19,0.5300000000006548,0.5937648934238615,0.7712659029089557,3,51505,2026-03-24T17:18:00+00:00,4392.12,4378.35,4377.064700000001,4369.7614,reverse_signal
51519,2026-03-24T17:32:00+00:00,2026-03-24T17:33:00+00:00,2026-03-24T18:01:00+00:00,2,up,4382.87,4389.75,6.880000000000109,0.5710685818274084,0.9156708826087445,1,51521,2026-03-24T17:34:00+00:00,4382.49,4388.54,4405.186350000001,4404.78435,reverse_signal
51548,2026-03-24T18:01:00+00:00,2026-03-24T18:02:00+00:00,2026-03-24T18:24:00+00:00,0,down,4389.24,4404.24,-15.0,0.8412304469123157,0.6042650359394311,2,51556,2026-03-24T18:09:00+00:00,4389.55,4414.61,4364.63715,4367.2937999999995,stop_loss
51577,2026-03-24T18:30:00+00:00,2026-03-24T18:31:00+00:00,2026-03-24T18:43:00+00:00,0,down,4411.05,4397.89005,13.159950000000208,0.5657830168504934,0.5924009600680068,1,51579,2026-03-24T18:32:00+00:00,4411.4,4392.85,4397.89005,4388.99475,target_hit
51590,2026-03-24T18:43:00+00:00,2026-03-24T18:44:00+00:00,2026-03-24T19:56:00+00:00,2,up,4398.77,4402.8,4.029999999999745,0.6757805669036073,0.5604119586965555,1,51610,2026-03-24T19:03:00+00:00,4398.5,4406.94,4420.90455,4420.76385,timeout
51691,2026-03-24T20:24:00+00:00,2026-03-24T20:25:00+00:00,2026-03-24T20:32:00+00:00,2,up,4464.1,4449.1,-15.0,0.8005547336083705,0.9262985743994774,1,51693,2026-03-24T20:26:00+00:00,4463.82,4472.6,4503.3648,4486.4205,stop_loss
51699,2026-03-24T20:32:00+00:00,2026-03-24T20:33:00+00:00,2026-03-24T20:54:00+00:00,2,up,4456.77,4479.7674,22.99739999999929,0.9289528839501804,0.5593009163697219,1,51700,2026-03-24T20:33:00+00:00,4455.9,4474.22,4479.7674,4479.05385,target_hit
51721,2026-03-24T20:54:00+00:00,2026-03-24T20:55:00+00:00,2026-03-24T22:13:00+00:00,0,down,4480.83,4483.15,-2.319999999999709,0.7363281784988723,0.6816663138366447,0,51721,2026-03-24T20:54:00+00:00,4481.17,4485.69,4458.42585,4458.42585,reverse_signal
51740,2026-03-24T22:14:00+00:00,2026-03-24T22:15:00+00:00,2026-03-24T22:26:00+00:00,2,up,4483.56,4468.56,-15.0,0.5631589223247283,0.7360745831520783,1,51746,2026-03-24T22:20:00+00:00,4483.31,4470.36,4506.63105,4505.977800000001,stop_loss
51752,2026-03-24T22:26:00+00:00,2026-03-24T22:27:00+00:00,2026-03-24T22:30:00+00:00,2,up,4475.04,4460.04,-15.0,0.7537869870407339,0.7537869870407339,0,51752,2026-03-24T22:26:00+00:00,4473.6,4471.54,4497.4152,4497.4152,stop_loss
51817,2026-03-24T23:31:00+00:00,2026-03-24T23:32:00+00:00,2026-03-24T23:36:00+00:00,0,down,4508.16,4523.16,-15.0,0.8068611563439558,0.9174030386784374,1,51819,2026-03-24T23:33:00+00:00,4509.09,4545.67,4485.68885,4485.6192,stop_loss
51822,2026-03-24T23:36:00+00:00,2026-03-24T23:37:00+00:00,2026-03-24T23:39:00+00:00,0,down,4525.72,4540.72,-15.0,0.6800074896358039,0.5865039969694167,1,51824,2026-03-24T23:38:00+00:00,4525.97,4550.69,4504.1461,4503.0914,stop_loss
51826,2026-03-24T23:40:00+00:00,2026-03-24T23:41:00+00:00,2026-03-24T23:50:00+00:00,0,down,4537.14,4552.14,-15.0,0.8002556377245797,0.9702133770146618,4,51831,2026-03-24T23:45:00+00:00,4538.56,4552.61,4513.678199999999,4514.4543,stop_loss
51836,2026-03-24T23:50:00+00:00,2026-03-24T23:51:00+00:00,2026-03-25T00:05:00+00:00,0,down,4541.2,4556.2,-15.0,0.8795805964333787,0.9284585754003248,9,51850,2026-03-25T00:04:00+00:00,4542.31,4554.73,4531.996150000001,4518.494,stop_loss
51851,2026-03-25T00:05:00+00:00,2026-03-25T00:06:00+00:00,2026-03-25T00:36:00+00:00,0,down,4548.1,4563.1,-15.0,0.8111350322856812,0.7089510742451228,7,51862,2026-03-25T00:16:00+00:00,4549.39,4570.42,4518.70295,4525.3595000000005,stop_loss
51924,2026-03-25T01:48:00+00:00,2026-03-25T01:49:00+00:00,2026-03-25T03:39:00+00:00,0,down,4594.59,4574.99,19.600000000000364,0.7182428319407237,0.8764221822900883,2,51955,2026-03-25T02:19:00+00:00,4595.47,4593.6,4564.81125,4571.61705,timeout
52116,2026-03-25T05:00:00+00:00,2026-03-25T05:01:00+00:00,2026-03-25T05:25:00+00:00,0,down,4571.29,4559.23,12.0600000000004,0.6162246507395521,0.6162246507395521,0,52116,2026-03-25T05:00:00+00:00,4572.3,4561.25,4548.43355,4548.43355,timeout
52121,2026-03-25T05:30:00+00:00,2026-03-25T05:31:00+00:00,2026-03-25T06:52:00+00:00,0,down,4553.6,4549.59,4.010000000000218,0.9903289880485041,0.8673134301205976,29,52156,2026-03-25T06:05:00+00:00,4554.56,4555.09,4525.72765,4530.832,timeout
52227,2026-03-25T15:16:00+00:00,2026-03-25T15:17:00+00:00,2026-03-25T15:22:00+00:00,0,down,4538.82,4553.82,-15.0,0.6106302933281726,0.7803462701349142,2,52232,2026-03-25T15:21:00+00:00,4538.99,4554.54,4530.08575,4516.1259,stop_loss
52233,2026-03-25T15:22:00+00:00,2026-03-25T15:23:00+00:00,2026-03-25T16:18:00+00:00,0,down,4556.44,4548.54,7.899999999999636,0.6469680109486868,0.9228608467079396,2,52237,2026-03-25T15:26:00+00:00,4556.69,4561.49,4533.17025,4533.6578,timeout
52293,2026-03-25T16:22:00+00:00,2026-03-25T16:23:00+00:00,2026-03-25T16:40:00+00:00,0,down,4549.12,4559.85,-10.730000000000473,0.8717589168320252,0.9532163344140685,2,52296,2026-03-25T16:25:00+00:00,4549.55,4550.08,4537.3791,4526.3744,reverse_signal
52344,2026-03-25T17:13:00+00:00,2026-03-25T17:14:00+00:00,2026-03-25T17:38:00+00:00,2,up,4554.13,4563.36,9.229999999999563,0.5736546201664666,0.5736546201664666,0,52344,2026-03-25T17:13:00+00:00,4553.37,4563.36,4576.9006500000005,4576.9006500000005,timeout
52394,2026-03-25T18:03:00+00:00,2026-03-25T18:04:00+00:00,2026-03-25T18:28:00+00:00,0,down,4548.62,4552.57,-3.949999999999818,0.7027407129715733,0.7027407129715733,0,52394,2026-03-25T18:03:00+00:00,4549.03,4552.57,4525.8769,4525.8769,timeout
52459,2026-03-25T19:08:00+00:00,2026-03-25T19:09:00+00:00,2026-03-25T19:11:00+00:00,0,down,4516.43,4493.84785,22.582150000000183,0.5956088762888699,0.6511396492127297,0,52459,2026-03-25T19:08:00+00:00,4516.67,4514.2,4493.84785,4493.84785,target_hit
52462,2026-03-25T19:11:00+00:00,2026-03-25T19:12:00+00:00,2026-03-25T19:13:00+00:00,0,down,4489.45,4504.45,-15.0,0.7779324751707335,0.6716973299013912,1,52463,2026-03-25T19:12:00+00:00,4489.64,4506.51,4476.37565,4467.00275,stop_loss
52464,2026-03-25T19:13:00+00:00,2026-03-25T19:14:00+00:00,2026-03-25T19:21:00+00:00,0,down,4507.17,4512.12,-4.949999999999818,0.6730072166763348,0.6449152734966022,1,52465,2026-03-25T19:14:00+00:00,4507.52,4512.16,4486.96245,4484.63415,reverse_signal
52472,2026-03-25T19:21:00+00:00,2026-03-25T19:22:00+00:00,2026-03-25T19:54:00+00:00,2,up,4507.81,4518.16,10.349999999999454,0.9773631190143509,0.9619789469546238,1,52473,2026-03-25T19:22:00+00:00,4507.56,4522.16,4533.0525,4530.349050000001,timeout
52512,2026-03-25T20:01:00+00:00,2026-03-25T20:02:00+00:00,2026-03-25T20:26:00+00:00,0,down,4539.89,4526.95,12.94000000000051,0.6898274388258847,0.6898274388258847,0,52512,2026-03-25T20:01:00+00:00,4540.2,4526.95,4517.19055,4517.19055,timeout
52542,2026-03-25T20:31:00+00:00,2026-03-25T20:32:00+00:00,2026-03-25T20:38:00+00:00,2,up,4522.95,4507.95,-15.0,0.5896676106776719,0.573032076255647,0,52542,2026-03-25T20:31:00+00:00,4522.46,4505.49,4545.56475,4545.56475,stop_loss
52549,2026-03-25T20:38:00+00:00,2026-03-25T20:39:00+00:00,2026-03-25T20:48:00+00:00,2,up,4503.43,4506.18,2.75,0.5510321937041442,0.5577250581795327,1,52550,2026-03-25T20:39:00+00:00,4503.55,4526.24,4526.5401,4525.94715,reverse_signal
52559,2026-03-25T20:48:00+00:00,2026-03-25T20:49:00+00:00,2026-03-25T22:04:00+00:00,0,down,4506.5,4521.5,-15.0,0.6779268823011946,0.6991048509350324,0,52559,2026-03-25T20:48:00+00:00,4506.3,4512.56,4483.9675,4483.9675,stop_loss
52576,2026-03-25T22:06:00+00:00,2026-03-25T22:07:00+00:00,2026-03-25T22:08:00+00:00,2,up,4526.2,4511.2,-15.0,0.7234877280319358,0.6342038037380792,0,52576,2026-03-25T22:06:00+00:00,4524.98,4514.5,4548.831,4548.831,stop_loss
52578,2026-03-25T22:08:00+00:00,2026-03-25T22:09:00+00:00,2026-03-25T22:11:00+00:00,2,up,4512.64,4511.63,-1.0100000000002183,0.7668720896458624,0.7668720896458624,0,52578,2026-03-25T22:08:00+00:00,4511.66,4515.76,4535.2032,4535.2032,reverse_signal
52583,2026-03-25T22:13:00+00:00,2026-03-25T22:14:00+00:00,2026-03-25T22:48:00+00:00,2,up,4514.61,4520.88,6.270000000000437,0.660669745153762,0.6756977582203674,0,52583,2026-03-25T22:13:00+00:00,4514.41,4522.11,4537.18305,4537.18305,timeout
52619,2026-03-25T22:49:00+00:00,2026-03-25T22:50:00+00:00,2026-03-25T23:02:00+00:00,2,up,4518.78,4503.78,-15.0,0.5637405939716034,0.5769973463763982,1,52620,2026-03-25T22:50:00+00:00,4518.52,4508.86,4545.102449999999,4541.3739,stop_loss
52632,2026-03-25T23:02:00+00:00,2026-03-25T23:03:00+00:00,2026-03-25T23:32:00+00:00,2,up,4508.33,4511.13,2.800000000000182,0.5995317968781483,0.5717939388681579,1,52633,2026-03-25T23:03:00+00:00,4508.05,4504.49,4531.81635,4530.87165,reverse_signal
52662,2026-03-25T23:32:00+00:00,2026-03-25T23:33:00+00:00,2026-03-25T23:50:00+00:00,0,down,4507.46,4493.28,14.180000000000291,0.694739734094312,0.9102343406900361,2,52666,2026-03-25T23:36:00+00:00,4507.87,4508.29,4477.022400000001,4484.9227,reverse_signal
52681,2026-03-25T23:51:00+00:00,2026-03-25T23:52:00+00:00,2026-03-26T00:18:00+00:00,2,up,4496.46,4534.7208,38.26080000000002,0.7269762376429728,0.6227511369158989,1,52693,2026-03-26T00:03:00+00:00,4495.44,4524.46,4534.7208,4518.9423,target_hit
52708,2026-03-26T00:18:00+00:00,2026-03-26T00:19:00+00:00,2026-03-26T00:53:00+00:00,2,up,4530.18,4531.64,1.4600000000000364,0.6405810310179141,0.9803366316337936,0,52708,2026-03-26T00:18:00+00:00,4529.29,4527.11,4552.8309,4552.8309,timeout
52750,2026-03-26T01:30:00+00:00,2026-03-26T01:31:00+00:00,2026-03-26T01:57:00+00:00,2,up,4536.63,4533.52,-3.1099999999996726,0.7150851156189172,0.7240290098691822,0,52750,2026-03-26T01:30:00+00:00,4536.08,4529.74,4559.31315,4559.31315,timeout
52815,2026-03-26T02:35:00+00:00,2026-03-26T02:36:00+00:00,2026-03-26T03:36:00+00:00,0,down,4516.88,4515.87,1.0100000000002183,0.80392497205083,0.808161518946541,0,52815,2026-03-26T02:35:00+00:00,4517.22,4504.85,4494.2956,4494.2956,timeout
52927,2026-03-26T04:27:00+00:00,2026-03-26T04:28:00+00:00,2026-03-26T04:58:00+00:00,2,up,4521.46,4520.06,-1.3999999999996362,0.9629839527936969,0.5541807909369574,1,52930,2026-03-26T04:30:00+00:00,4521.17,4519.96,4544.80095,4544.0673,timeout
52992,2026-03-26T05:32:00+00:00,2026-03-26T05:33:00+00:00,2026-03-26T05:52:00+00:00,0,down,4486.52,4464.0874,22.432600000000093,0.7225590204502249,0.648502795002865,0,52992,2026-03-26T05:32:00+00:00,4486.84,4449.81,4464.0874,4464.0874,target_hit
53013,2026-03-26T05:53:00+00:00,2026-03-26T05:54:00+00:00,2026-03-26T05:58:00+00:00,0,down,4464.02,4449.87,14.150000000000546,0.6351138635353717,0.6351138635353717,0,53013,2026-03-26T05:53:00+00:00,4464.3,4431.4,4441.6999000000005,4441.6999000000005,reverse_signal
53020,2026-03-26T06:00:00+00:00,2026-03-26T06:01:00+00:00,2026-03-26T06:07:00+00:00,0,down,4445.44,4425.98,19.460000000000036,0.8160287099418676,0.8160287099418676,0,53020,2026-03-26T06:00:00+00:00,4447.34,4434.32,4423.212799999999,4423.212799999999,reverse_signal
53027,2026-03-26T06:07:00+00:00,2026-03-26T06:08:00+00:00,2026-03-26T06:13:00+00:00,2,up,4436.44,4421.44,-15.0,0.8455212023792964,0.918831422766273,1,53029,2026-03-26T06:09:00+00:00,4436.18,4436.7,4459.8885,4458.6222,stop_loss
53033,2026-03-26T06:13:00+00:00,2026-03-26T06:14:00+00:00,2026-03-26T06:46:00+00:00,2,up,4424.9,4450.290749999999,25.39074999999957,0.6756439269535449,0.5913400229045854,1,53037,2026-03-26T06:17:00+00:00,4424.61,4441.4,4450.290749999999,4447.0244999999995,target_hit
53067,2026-03-26T06:47:00+00:00,2026-03-26T06:48:00+00:00,2026-03-26T15:20:00+00:00,2,up,4453.93,4455.42,1.4899999999997817,0.8948875734458492,0.6193697780784926,1,53080,2026-03-26T15:00:00+00:00,4453.8,4450.71,4487.7069,4476.1996500000005,reverse_signal
53110,2026-03-26T15:30:00+00:00,2026-03-26T15:31:00+00:00,2026-03-26T15:57:00+00:00,2,up,4450.71,4435.71,-15.0,0.9001389175153068,0.5553466285370163,0,53110,2026-03-26T15:30:00+00:00,4449.58,4443.15,4472.96355,4472.96355,stop_loss
53140,2026-03-26T16:00:00+00:00,2026-03-26T16:01:00+00:00,2026-03-26T16:16:00+00:00,0,down,4437.18,4435.35,1.8299999999999272,0.6909912922471746,0.9450282302585075,2,53146,2026-03-26T16:06:00+00:00,4437.36,4384.16,4419.6706,4414.9941,reverse_signal
53156,2026-03-26T16:16:00+00:00,2026-03-26T16:17:00+00:00,2026-03-26T16:21:00+00:00,2,up,4428.69,4413.69,-15.0,0.9654528955579169,0.9201173020929652,0,53156,2026-03-26T16:16:00+00:00,4427.9,4380.52,4450.833449999999,4450.833449999999,stop_loss
53161,2026-03-26T16:21:00+00:00,2026-03-26T16:22:00+00:00,2026-03-26T16:25:00+00:00,2,up,4401.78,4386.78,-15.0,0.9889466688216274,0.9484759307121767,1,53163,2026-03-26T16:23:00+00:00,4400.67,4388.43,4425.02505,4423.7889,stop_loss
53165,2026-03-26T16:25:00+00:00,2026-03-26T16:26:00+00:00,2026-03-26T16:32:00+00:00,2,up,4395.12,4380.12,-15.0,0.9837886867433159,0.6473342565408459,1,53167,2026-03-26T16:27:00+00:00,4394.83,4386.36,4418.3016,4417.0956,stop_loss
53172,2026-03-26T16:32:00+00:00,2026-03-26T16:33:00+00:00,2026-03-26T16:38:00+00:00,2,up,4388.31,4373.31,-15.0,0.6312877581621945,0.6212166986804485,1,53175,2026-03-26T16:35:00+00:00,4387.79,4394.74,4412.934899999999,4410.25155,stop_loss
53178,2026-03-26T16:38:00+00:00,2026-03-26T16:39:00+00:00,2026-03-26T16:54:00+00:00,2,up,4373.37,4388.37,15.0,0.6244398584725399,0.5680038606058644,1,53183,2026-03-26T16:43:00+00:00,4372.05,4396.3,4399.35735,4395.23685,reverse_signal
53194,2026-03-26T16:54:00+00:00,2026-03-26T16:55:00+00:00,2026-03-26T16:59:00+00:00,0,down,4388.74,4389.52,-0.7800000000006548,0.6224828960633886,0.6224828960633886,0,53194,2026-03-26T16:54:00+00:00,4389.45,4396.3,4366.7963,4366.7963,reverse_signal
53199,2026-03-26T16:59:00+00:00,2026-03-26T17:00:00+00:00,2026-03-26T18:04:00+00:00,2,up,4389.29,4380.35,-8.9399999999996,0.6565561171791584,0.84895617404747,1,53200,2026-03-26T17:00:00+00:00,4389.19,4381.78,4416.713699999999,4411.23645,reverse_signal
53265,2026-03-26T18:05:00+00:00,2026-03-26T18:06:00+00:00,2026-03-26T19:14:00+00:00,0,down,4387.28,4388.31,-1.0300000000006548,0.8551894833835116,0.6038522288205138,2,53268,2026-03-26T18:08:00+00:00,4387.56,4378.86,4363.1148,4365.3436,timeout
53359,2026-03-26T19:39:00+00:00,2026-03-26T19:40:00+00:00,2026-03-26T19:54:00+00:00,2,up,4383.44,4368.44,-15.0,0.9339640525374331,0.9339640525374331,0,53359,2026-03-26T19:39:00+00:00,4383.39,4353.64,4405.3571999999995,4405.3571999999995,stop_loss
53393,2026-03-26T20:13:00+00:00,2026-03-26T20:14:00+00:00,2026-03-26T20:16:00+00:00,0,down,4409.14,4387.094300000001,22.04569999999967,0.9485764812141685,0.9734621661633411,0,53393,2026-03-26T20:13:00+00:00,4410.85,4409.08,4387.094300000001,4387.094300000001,target_hit
53396,2026-03-26T20:16:00+00:00,2026-03-26T20:17:00+00:00,2026-03-26T20:19:00+00:00,0,down,4389.49,4404.49,-15.0,0.6946887954539804,0.6045206185133111,1,53398,2026-03-26T20:18:00+00:00,4390.98,4409.6,4371.691699999999,4367.54255,stop_loss
53399,2026-03-26T20:19:00+00:00,2026-03-26T20:20:00+00:00,2026-03-26T20:21:00+00:00,0,down,4395.43,4410.43,-15.0,0.9236535304140039,0.9358952990040779,1,53400,2026-03-26T20:20:00+00:00,4397.03,4408.69,4375.4528,4373.452850000001,stop_loss
53401,2026-03-26T20:21:00+00:00,2026-03-26T20:22:00+00:00,2026-03-26T20:36:00+00:00,0,down,4409.47,4402.73,6.740000000000691,0.9207317146397328,0.6033058155346297,3,53404,2026-03-26T20:24:00+00:00,4411.08,4402.02,4379.02485,4387.42265,reverse_signal
53416,2026-03-26T20:36:00+00:00,2026-03-26T20:37:00+00:00,2026-03-26T20:51:00+00:00,2,up,4404.09,4389.09,-15.0,0.7678242254145278,0.8918159849923293,1,53418,2026-03-26T20:38:00+00:00,4403.11,4386.94,4430.11035,4426.11045,stop_loss
53431,2026-03-26T20:51:00+00:00,2026-03-26T20:52:00+00:00,2026-03-26T22:15:00+00:00,2,up,4381.43,4405.3974,23.967399999999543,0.94362830854817,0.56911092014173,1,53440,2026-03-26T22:01:00+00:00,4380.33,4396.39,4405.3974,4403.33715,target_hit
53454,2026-03-26T22:15:00+00:00,2026-03-26T22:16:00+00:00,2026-03-26T22:46:00+00:00,2,up,4404.65,4389.65,-15.0,0.554964890425157,0.5507812893270528,1,53457,2026-03-26T22:18:00+00:00,4403.51,4411.62,4428.96465,4426.67325,stop_loss
53488,2026-03-26T22:49:00+00:00,2026-03-26T22:50:00+00:00,2026-03-26T23:14:00+00:00,0,down,4408.21,4393.5,14.710000000000036,0.5596584302309143,0.5596584302309143,0,53488,2026-03-26T22:49:00+00:00,4408.46,4393.5,4386.16895,4386.16895,timeout
53514,2026-03-26T23:15:00+00:00,2026-03-26T23:16:00+00:00,2026-03-26T23:38:00+00:00,0,down,4392.58,4407.58,-15.0,0.8486036449269436,0.7863497550509783,10,53526,2026-03-26T23:27:00+00:00,4393.61,4402.25,4376.607,4370.6170999999995,stop_loss
53550,2026-03-26T23:51:00+00:00,2026-03-26T23:52:00+00:00,2026-03-27T00:05:00+00:00,0,down,4400.34,4409.13,-8.789999999999964,0.5918660212556254,0.5598369666495862,1,53559,2026-03-27T00:00:00+00:00,4401.61,4390.35,4386.955,4378.3383,reverse_signal
53564,2026-03-27T00:05:00+00:00,2026-03-27T00:06:00+00:00,2026-03-27T00:10:00+00:00,2,up,4408.9,4408.59,-0.3099999999994907,0.7275709295649806,0.6476648579282276,0,53564,2026-03-27T00:05:00+00:00,4408.64,4394.05,4430.9445,4430.9445,reverse_signal
53570,2026-03-27T00:11:00+00:00,2026-03-27T00:12:00+00:00,2026-03-27T00:22:00+00:00,2,up,4405.79,4390.79,-15.0,0.638918268642394,0.8759466182637379,1,53571,2026-03-27T00:12:00+00:00,4405.46,4388.63,4430.241,4427.81895,stop_loss
53581,2026-03-27T00:22:00+00:00,2026-03-27T00:23:00+00:00,2026-03-27T00:54:00+00:00,2,up,4387.7,4382.9,-4.800000000000182,0.7907146303041039,0.7546072423758081,1,53583,2026-03-27T00:24:00+00:00,4388.17,4384.32,4411.8696,4409.6385,reverse_signal
53618,2026-03-27T00:59:00+00:00,2026-03-27T01:00:00+00:00,2026-03-27T01:30:00+00:00,0,down,4378.69,4393.69,-15.0,0.8068683644717551,0.8068683644717551,0,53618,2026-03-27T00:59:00+00:00,4378.77,4402.47,4356.79655,4356.79655,stop_loss
53620,2026-03-27T01:31:00+00:00,2026-03-27T01:32:00+00:00,2026-03-27T02:40:00+00:00,2,up,4416.1,4431.0,14.899999999999636,0.9186610124988491,0.7764355510865737,1,53633,2026-03-27T01:44:00+00:00,4415.77,4435.64,4441.36635,4438.1805,timeout
53749,2026-03-27T03:40:00+00:00,2026-03-27T03:41:00+00:00,2026-03-27T03:55:00+00:00,0,down,4440.55,4438.01,2.5399999999999636,0.5519050370249889,0.5519050370249889,0,53749,2026-03-27T03:40:00+00:00,4440.9,4437.29,4418.34725,4418.34725,reverse_signal
53830,2026-03-27T05:01:00+00:00,2026-03-27T05:02:00+00:00,2026-03-27T05:34:00+00:00,0,down,4444.77,4459.77,-15.0,0.5560672626101695,0.686438322249556,3,53839,2026-03-27T05:10:00+00:00,4445.08,4464.87,4421.3820000000005,4422.54615,stop_loss
53883,2026-03-27T05:56:00+00:00,2026-03-27T05:57:00+00:00,2026-03-27T06:21:00+00:00,0,down,4459.6,4459.67,-0.06999999999970896,0.6060779410183349,0.6060779410183349,0,53883,2026-03-27T05:56:00+00:00,4460.03,4459.67,4437.302000000001,4437.302000000001,timeout
53947,2026-03-27T15:00:00+00:00,2026-03-27T15:01:00+00:00,2026-03-27T15:14:00+00:00,2,up,4507.85,4531.9872,24.13719999999921,0.9490633612541286,0.836500215875057,1,53948,2026-03-27T15:01:00+00:00,4506.98,4548.9,4531.9872,4530.38925,target_hit
53961,2026-03-27T15:14:00+00:00,2026-03-27T15:15:00+00:00,2026-03-27T15:21:00+00:00,2,up,4525.47,4548.09735,22.62734999999975,0.8351869573090909,0.8351869573090909,0,53961,2026-03-27T15:14:00+00:00,4524.48,4534.16,4548.09735,4548.09735,target_hit
53969,2026-03-27T15:22:00+00:00,2026-03-27T15:23:00+00:00,2026-03-27T16:01:00+00:00,0,down,4543.81,4521.021299999999,22.788700000000972,0.6688628949298274,0.9837500012440932,7,53976,2026-03-27T15:29:00+00:00,4544.77,4527.34,4521.021299999999,4521.090950000001,target_hit
54068,2026-03-27T17:01:00+00:00,2026-03-27T17:02:00+00:00,2026-03-27T17:26:00+00:00,0,down,4507.63,4489.847949999999,17.78205000000071,0.9132258236038941,0.9919501832730233,4,54080,2026-03-27T17:13:00+00:00,4507.94,4490.87,4489.847949999999,4485.09185,target_hit
54093,2026-03-27T17:26:00+00:00,2026-03-27T17:27:00+00:00,2026-03-27T17:56:00+00:00,2,up,4489.63,4486.79,-2.8400000000001455,0.5693306040902153,0.8009455664513256,1,54097,2026-03-27T17:30:00+00:00,4489.3,4489.44,4512.0882,4512.07815,timeout
54166,2026-03-27T18:39:00+00:00,2026-03-27T18:40:00+00:00,2026-03-27T19:04:00+00:00,0,down,4518.46,4509.35,9.109999999999673,0.5577258882431584,0.5577258882431584,0,54166,2026-03-27T18:39:00+00:00,4518.72,4509.35,4495.8677,4495.8677,timeout
54234,2026-03-27T19:47:00+00:00,2026-03-27T19:48:00+00:00,2026-03-27T20:23:00+00:00,0,down,4508.16,4508.61,-0.4499999999998181,0.6128194963628241,0.557720018062023,4,54245,2026-03-27T19:58:00+00:00,4508.33,4508.61,4492.425,4485.6192,timeout
54292,2026-03-27T20:45:00+00:00,2026-03-27T20:46:00+00:00,2026-03-29T22:01:00+00:00,2,up,4502.43,4487.43,-15.0,0.5505014317850343,0.5505014317850343,0,54292,2026-03-27T20:45:00+00:00,4502.19,4479.87,4524.94215,4524.94215,stop_loss
54308,2026-03-29T22:02:00+00:00,2026-03-29T22:03:00+00:00,2026-03-29T22:04:00+00:00,0,down,4499.23,4514.23,-15.0,0.7079406166695952,0.8118710880205595,1,54309,2026-03-29T22:03:00+00:00,4503.54,4511.96,4479.7487,4476.73385,stop_loss
54310,2026-03-29T22:04:00+00:00,2026-03-29T22:05:00+00:00,2026-03-29T22:08:00+00:00,0,down,4510.98,4488.4250999999995,22.55490000000009,0.8313010021592391,0.9026332411001189,0,54310,2026-03-29T22:04:00+00:00,4513.07,4509.36,4488.4250999999995,4488.4250999999995,target_hit
54314,2026-03-29T22:08:00+00:00,2026-03-29T22:09:00+00:00,2026-03-29T22:14:00+00:00,0,down,4485.02,4500.02,-15.0,0.8324172809880236,0.9646185352216173,3,54317,2026-03-29T22:11:00+00:00,4486.67,4511.81,4460.8835,4462.5949,stop_loss
54320,2026-03-29T22:14:00+00:00,2026-03-29T22:15:00+00:00,2026-03-29T22:21:00+00:00,0,down,4495.27,4510.27,-15.0,0.9711755332912152,0.9952971648860774,2,54323,2026-03-29T22:17:00+00:00,4498.27,4499.33,4472.724,4472.7936500000005,stop_loss
54327,2026-03-29T22:21:00+00:00,2026-03-29T22:22:00+00:00,2026-03-29T22:59:00+00:00,0,down,4506.63,4482.7337,23.896300000000338,0.993209159021354,0.9384206906667284,2,54331,2026-03-29T22:25:00+00:00,4508.35,4489.03,4482.7337,4484.09685,target_hit
54366,2026-03-29T23:00:00+00:00,2026-03-29T23:01:00+00:00,2026-03-29T23:06:00+00:00,0,down,4492.34,4469.8783,22.461699999999837,0.8813360937144834,0.7590785662078505,0,54366,2026-03-29T23:00:00+00:00,4493.37,4478.85,4469.8783,4469.8783,target_hit
54373,2026-03-29T23:07:00+00:00,2026-03-29T23:08:00+00:00,2026-03-29T23:20:00+00:00,0,down,4470.66,4475.69,-5.029999999999745,0.782266687105971,0.7455032463397031,5,54378,2026-03-29T23:12:00+00:00,4471.88,4447.82,4455.7095,4448.3067,reverse_signal
54387,2026-03-29T23:21:00+00:00,2026-03-29T23:22:00+00:00,2026-03-29T23:32:00+00:00,2,up,4477.94,4462.94,-15.0,0.6213129952977698,0.56875698255515,0,54387,2026-03-29T23:21:00+00:00,4477.67,4448.3,4500.329699999999,4500.329699999999,stop_loss
54398,2026-03-29T23:32:00+00:00,2026-03-29T23:33:00+00:00,2026-03-30T00:00:00+00:00,0,down,4460.04,4437.7398,22.300199999999677,0.5833895373230272,0.9816730422184291,0,54398,2026-03-29T23:32:00+00:00,4461.49,4445.05,4437.7398,4437.7398,target_hit
54426,2026-03-30T00:00:00+00:00,2026-03-30T00:01:00+00:00,2026-03-30T00:16:00+00:00,0,down,4434.55,4427.59,6.960000000000036,0.7142753950476821,0.848140367751788,2,54435,2026-03-30T00:09:00+00:00,4435.25,4453.63,4407.949500000001,4412.3772500000005,reverse_signal
54442,2026-03-30T00:16:00+00:00,2026-03-30T00:17:00+00:00,2026-03-30T00:18:00+00:00,0,down,4428.85,4435.73,-6.8799999999992,0.575300680451542,0.575300680451542,0,54442,2026-03-30T00:16:00+00:00,4429.84,4436.51,4406.70575,4406.70575,reverse_signal
54444,2026-03-30T00:18:00+00:00,2026-03-30T00:19:00+00:00,2026-03-30T00:31:00+00:00,2,up,4438.78,4448.87,10.090000000000146,0.9591928404967048,0.5837792156853749,1,54445,2026-03-30T00:19:00+00:00,4438.29,4437.61,4467.11445,4460.9739,reverse_signal
54458,2026-03-30T00:32:00+00:00,2026-03-30T00:33:00+00:00,2026-03-30T01:35:00+00:00,0,down,4457.29,4472.29,-15.0,0.8942869262160814,0.5647221588821905,2,54460,2026-03-30T00:34:00+00:00,4458.27,4433.17,4431.36185,4435.00355,stop_loss
54492,2026-03-30T01:36:00+00:00,2026-03-30T01:37:00+00:00,2026-03-30T02:02:00+00:00,2,up,4475.73,4471.4,-4.329999999999927,0.622320907144776,0.7446885447840172,0,54492,2026-03-30T01:36:00+00:00,4474.77,4471.35,4498.108649999999,4498.108649999999,reverse_signal
54519,2026-03-30T02:03:00+00:00,2026-03-30T02:04:00+00:00,2026-03-30T02:34:00+00:00,0,down,4471.31,4465.73,5.580000000000837,0.9855920348203261,0.9884631389222579,2,54525,2026-03-30T02:09:00+00:00,4472.14,4465.73,4447.32165,4448.95345,timeout
54558,2026-03-30T02:42:00+00:00,2026-03-30T02:43:00+00:00,2026-03-30T03:08:00+00:00,0,down,4491.26,4506.26,-15.0,0.7951142091261223,0.7893336681161159,3,54575,2026-03-30T02:59:00+00:00,4492.25,4511.71,4459.9581499999995,4468.8037,stop_loss
54590,2026-03-30T03:14:00+00:00,2026-03-30T03:15:00+00:00,2026-03-30T03:54:00+00:00,0,down,4504.08,4504.56,-0.48000000000047294,0.780267559222177,0.9971552292681609,6,54605,2026-03-30T03:29:00+00:00,4505.09,4504.56,4485.27095,4481.5596,timeout
54711,2026-03-30T05:15:00+00:00,2026-03-30T05:16:00+00:00,2026-03-30T05:53:00+00:00,2,up,4506.05,4527.0,20.949999999999818,0.5679113695602297,0.8267538349222145,1,54712,2026-03-30T05:16:00+00:00,4504.97,4507.02,4530.4194,4528.58025,timeout
54756,2026-03-30T06:00:00+00:00,2026-03-30T06:01:00+00:00,2026-03-30T06:09:00+00:00,0,down,4519.09,4534.09,-15.0,0.6079774950786836,0.5661187027300362,8,54764,2026-03-30T06:08:00+00:00,4519.36,4532.13,4507.97685,4496.49455,stop_loss
54765,2026-03-30T06:09:00+00:00,2026-03-30T06:10:00+00:00,2026-03-30T06:38:00+00:00,0,down,4528.76,4534.66,-5.899999999999636,0.5571692897903323,0.5614136081124517,3,54769,2026-03-30T06:13:00+00:00,4529.03,4534.66,4507.85745,4506.1162,timeout
55071,2026-03-30T19:15:00+00:00,2026-03-30T19:16:00+00:00,2026-03-30T19:51:00+00:00,0,down,4500.05,4507.13,-7.079999999999927,0.9464293147364305,0.9234248710166868,1,55082,2026-03-30T19:26:00+00:00,4500.33,4507.13,4478.5149,4477.54975,timeout
55112,2026-03-30T19:56:00+00:00,2026-03-30T19:57:00+00:00,2026-03-30T20:21:00+00:00,0,down,4516.65,4507.41,9.239999999999782,0.8090234180135513,0.8090234180135513,0,55112,2026-03-30T19:56:00+00:00,4516.94,4507.41,4494.06675,4494.06675,timeout
55180,2026-03-30T22:05:00+00:00,2026-03-30T22:06:00+00:00,2026-03-30T22:37:00+00:00,2,up,4514.98,4513.15,-1.8299999999999272,0.9742220656057595,0.8145864622777723,0,55180,2026-03-30T22:05:00+00:00,4513.9,4511.47,4537.554899999999,4537.554899999999,timeout
55248,2026-03-30T23:13:00+00:00,2026-03-30T23:14:00+00:00,2026-03-30T23:36:00+00:00,0,down,4497.79,4512.79,-15.0,0.7029140141036089,0.5554906094371537,1,55250,2026-03-30T23:15:00+00:00,4499.44,4511.9,4478.80345,4475.30105,stop_loss
55277,2026-03-30T23:42:00+00:00,2026-03-30T23:43:00+00:00,2026-03-31T00:16:00+00:00,2,up,4516.24,4501.24,-15.0,0.6311795931875378,0.9952512670201099,1,55297,2026-03-31T00:02:00+00:00,4515.28,4509.74,4547.6652,4538.821199999999,stop_loss
55311,2026-03-31T00:16:00+00:00,2026-03-31T00:17:00+00:00,2026-03-31T00:20:00+00:00,2,up,4504.0,4489.0,-15.0,0.997733313485059,0.9976613969913781,0,55311,2026-03-31T00:16:00+00:00,4502.9,4526.8,4526.52,4526.52,stop_loss
55315,2026-03-31T00:20:00+00:00,2026-03-31T00:21:00+00:00,2026-03-31T00:34:00+00:00,2,up,4491.9,4515.31425,23.41425000000072,0.9974770366679979,0.9674202134584886,1,55319,2026-03-31T00:24:00+00:00,4490.86,4537.88,4515.31425,4514.3595,target_hit
55329,2026-03-31T00:34:00+00:00,2026-03-31T00:35:00+00:00,2026-03-31T00:45:00+00:00,2,up,4511.93,4538.59005,26.6600499999995,0.9906830406690994,0.9687663806636502,1,55330,2026-03-31T00:35:00+00:00,4510.78,4548.48,4538.59005,4534.48965,target_hit
55340,2026-03-31T00:45:00+00:00,2026-03-31T00:46:00+00:00,2026-03-31T01:30:00+00:00,2,up,4542.81,4570.48875,27.678750000000036,0.9596076486587233,0.6951157571661947,1,55354,2026-03-31T00:59:00+00:00,4540.91,4584.15,4570.48875,4565.52405,target_hit
55355,2026-03-31T01:30:00+00:00,2026-03-31T01:31:00+00:00,2026-03-31T01:41:00+00:00,0,down,4584.17,4599.17,-15.0,0.8426975701235861,0.8965912114140989,2,55359,2026-03-31T01:34:00+00:00,4584.73,4605.3,4559.19945,4561.24915,stop_loss
55366,2026-03-31T01:41:00+00:00,2026-03-31T01:42:00+00:00,2026-03-31T02:26:00+00:00,0,down,4605.75,4580.43275,25.317250000000058,0.8860921733553957,0.7803862008640274,3,55382,2026-03-31T01:57:00+00:00,4606.79,4586.81,4580.43275,4582.72125,target_hit
55537,2026-03-31T04:32:00+00:00,2026-03-31T04:33:00+00:00,2026-03-31T04:57:00+00:00,0,down,4561.05,4566.51,-5.460000000000036,0.9942638206369309,0.9942638206369309,0,55537,2026-03-31T04:32:00+00:00,4562.59,4566.51,4538.24475,4538.24475,timeout
55746,2026-03-31T16:01:00+00:00,2026-03-31T16:02:00+00:00,2026-03-31T16:36:00+00:00,0,down,4616.38,4618.24,-1.8599999999996726,0.6456249191348804,0.6788849007131943,2,55755,2026-03-31T16:10:00+00:00,4616.84,4616.58,4589.94495,4593.2981,timeout
55785,2026-03-31T16:40:00+00:00,2026-03-31T16:41:00+00:00,2026-03-31T16:47:00+00:00,2,up,4640.28,4636.36,-3.9200000000000728,0.7984253017893617,0.7822956733096448,1,55786,2026-03-31T16:41:00+00:00,4639.46,4642.25,4670.9787,4663.4814,reverse_signal
55792,2026-03-31T16:47:00+00:00,2026-03-31T16:48:00+00:00,2026-03-31T16:50:00+00:00,0,down,4633.94,4648.94,-15.0,0.9146769501169298,0.9966731184128267,2,55794,2026-03-31T16:49:00+00:00,4634.14,4643.32,4618.342250000001,4610.770299999999,stop_loss
55795,2026-03-31T16:50:00+00:00,2026-03-31T16:51:00+00:00,2026-03-31T17:37:00+00:00,0,down,4647.45,4652.8,-5.350000000000364,0.9986021706961621,0.5677082504861475,4,55810,2026-03-31T17:05:00+00:00,4647.52,4650.05,4620.1631,4624.21275,reverse_signal
55842,2026-03-31T17:37:00+00:00,2026-03-31T17:38:00+00:00,2026-03-31T18:32:00+00:00,2,up,4649.02,4662.82,13.799999999999272,0.8472006658897682,0.9467238585590211,1,55846,2026-03-31T17:41:00+00:00,4648.18,4654.17,4674.6369,4672.2651000000005,timeout
55946,2026-03-31T19:21:00+00:00,2026-03-31T19:22:00+00:00,2026-03-31T20:07:00+00:00,0,down,4678.58,4682.31,-3.730000000000473,0.5688438778294761,0.6441923685091487,2,55948,2026-03-31T19:23:00+00:00,4678.84,4683.89,4655.0279,4655.1871,timeout
56069,2026-03-31T22:25:00+00:00,2026-03-31T22:26:00+00:00,2026-03-31T22:38:00+00:00,0,down,4676.78,4691.78,-15.0,0.9562024557396718,0.6859077807825106,1,56080,2026-03-31T22:36:00+00:00,4678.35,4678.68,4656.1821,4653.3961,stop_loss
56083,2026-03-31T22:39:00+00:00,2026-03-31T22:40:00+00:00,2026-03-31T22:47:00+00:00,0,down,4693.62,4670.1519,23.46810000000005,0.629410645466072,0.9546306576871915,0,56083,2026-03-31T22:39:00+00:00,4695.05,4678.25,4670.1519,4670.1519,target_hit
56091,2026-03-31T22:47:00+00:00,2026-03-31T22:48:00+00:00,2026-03-31T22:50:00+00:00,0,down,4662.87,4677.87,-15.0,0.901076052983405,0.9491270954933015,2,56093,2026-03-31T22:49:00+00:00,4664.2,4676.51,4648.291749999999,4639.55565,stop_loss
56094,2026-03-31T22:50:00+00:00,2026-03-31T22:51:00+00:00,2026-03-31T23:31:00+00:00,0,down,4671.63,4686.63,-15.0,0.964762035195187,0.6752691457579283,2,56099,2026-03-31T22:55:00+00:00,4671.78,4675.54,4644.7396,4648.27185,stop_loss
56139,2026-03-31T23:35:00+00:00,2026-03-31T23:36:00+00:00,2026-04-01T00:00:00+00:00,0,down,4688.12,4698.34,-10.220000000000255,0.6279696937603207,0.6279696937603207,0,56139,2026-03-31T23:35:00+00:00,4688.44,4698.34,4664.6794,4664.6794,timeout
56184,2026-04-01T00:20:00+00:00,2026-04-01T00:21:00+00:00,2026-04-01T01:22:00+00:00,0,down,4708.12,4705.94,2.180000000000291,0.6146841771326728,0.8044665148885808,3,56198,2026-04-01T00:34:00+00:00,4708.4,4711.18,4682.2312,4684.5794,timeout
56225,2026-04-01T01:31:00+00:00,2026-04-01T01:32:00+00:00,2026-04-01T02:08:00+00:00,0,down,4700.55,4695.3,5.25,0.9419886782581566,0.9688542127229184,0,56225,2026-04-01T01:31:00+00:00,4701.09,4691.39,4677.0472500000005,4677.0472500000005,reverse_signal
56276,2026-04-01T02:22:00+00:00,2026-04-01T02:23:00+00:00,2026-04-01T02:47:00+00:00,0,down,4684.3,4682.95,1.3500000000003638,0.7191747495980367,0.7191747495980367,0,56276,2026-04-01T02:22:00+00:00,4685.15,4682.95,4660.8785,4660.8785,timeout
56557,2026-04-01T15:03:00+00:00,2026-04-01T15:04:00+00:00,2026-04-01T15:28:00+00:00,0,down,4770.22,4772.41,-2.1899999999996,0.6284792469888629,0.6284792469888629,0,56557,2026-04-01T15:03:00+00:00,4770.49,4772.41,4746.3689,4746.3689,timeout
56745,2026-04-01T18:40:00+00:00,2026-04-01T18:41:00+00:00,2026-04-01T18:47:00+00:00,2,up,4757.27,4752.92,-4.350000000000364,0.5629289549089928,0.5629289549089928,0,56745,2026-04-01T18:40:00+00:00,4756.92,4761.33,4781.056350000001,4781.056350000001,reverse_signal
56916,2026-04-01T22:32:00+00:00,2026-04-01T22:33:00+00:00,2026-04-01T23:00:00+00:00,2,up,4773.02,4773.73,0.7099999999991269,0.7103301459113167,0.6597373608719643,1,56919,2026-04-01T22:35:00+00:00,4770.65,4773.73,4802.412600000001,4796.8851,timeout
57065,2026-04-02T01:31:00+00:00,2026-04-02T01:32:00+00:00,2026-04-02T01:32:00+00:00,2,up,4673.77,4658.77,-15.0,0.5551104950564355,0.5551104950564355,0,57065,2026-04-02T01:31:00+00:00,4671.9,4700.43,4697.13885,4697.13885,stop_loss
57068,2026-04-02T01:34:00+00:00,2026-04-02T01:35:00+00:00,2026-04-02T01:51:00+00:00,2,up,4683.67,4708.5054,24.835399999999936,0.5832507620586111,0.5917601495822064,1,57070,2026-04-02T01:36:00+00:00,4682.28,4692.49,4708.5054,4707.08835,target_hit
57085,2026-04-02T01:51:00+00:00,2026-04-02T01:52:00+00:00,2026-04-02T01:54:00+00:00,2,up,4710.2,4695.2,-15.0,0.6468168466454399,0.9607034023388421,0,57085,2026-04-02T01:51:00+00:00,4709.69,4693.94,4733.751,4733.751,stop_loss
57088,2026-04-02T01:54:00+00:00,2026-04-02T01:55:00+00:00,2026-04-02T02:11:00+00:00,2,up,4701.66,4686.66,-15.0,0.9504171514608322,0.7130146765117128,0,57088,2026-04-02T01:54:00+00:00,4700.89,4690.52,4725.1683,4725.1683,stop_loss
57106,2026-04-02T02:12:00+00:00,2026-04-02T02:13:00+00:00,2026-04-02T02:32:00+00:00,2,up,4686.66,4671.66,-15.0,0.5612470239792886,0.5612470239792886,0,57106,2026-04-02T02:12:00+00:00,4686.37,4659.03,4710.0932999999995,4710.0932999999995,stop_loss
57156,2026-04-02T03:02:00+00:00,2026-04-02T03:03:00+00:00,2026-04-02T03:19:00+00:00,0,down,4680.52,4695.52,-15.0,0.9899373208492199,0.9946655924421525,2,57161,2026-04-02T03:07:00+00:00,4682.42,4692.48,4656.1124500000005,4657.1174,stop_loss
57173,2026-04-02T03:19:00+00:00,2026-04-02T03:20:00+00:00,2026-04-02T03:55:00+00:00,0,down,4690.07,4678.7,11.36999999999989,0.992534180910641,0.9978814369384422,3,57184,2026-04-02T03:30:00+00:00,4691.51,4678.7,4667.41565,4666.61965,timeout
57217,2026-04-02T04:03:00+00:00,2026-04-02T04:04:00+00:00,2026-04-02T04:59:00+00:00,0,down,4676.04,4672.93,3.1099999999996726,0.941592511251884,0.9921750275989665,2,57219,2026-04-02T04:05:00+00:00,4676.38,4666.65,4649.60515,4652.6598,timeout
57311,2026-04-02T05:37:00+00:00,2026-04-02T05:38:00+00:00,2026-04-02T05:42:00+00:00,0,down,4645.11,4639.56,5.549999999999272,0.6827431821216026,0.71045409656857,1,57313,2026-04-02T05:39:00+00:00,4645.42,4585.76,4623.55605,4621.88445,reverse_signal
57320,2026-04-02T05:46:00+00:00,2026-04-02T05:47:00+00:00,2026-04-02T05:49:00+00:00,0,down,4616.69,4593.6065499999995,23.083450000000084,0.7873001677074656,0.7156743289290075,0,57320,2026-04-02T05:46:00+00:00,4617.88,4560.81,4593.6065499999995,4593.6065499999995,target_hit
57323,2026-04-02T05:49:00+00:00,2026-04-02T05:50:00+00:00,2026-04-02T05:53:00+00:00,0,down,4590.82,4605.82,-15.0,0.6535373192468548,0.5775404935729149,1,57324,2026-04-02T05:50:00+00:00,4592.33,4584.47,4578.223849999999,4567.8659,stop_loss
57349,2026-04-02T06:15:00+00:00,2026-04-02T06:16:00+00:00,2026-04-02T15:00:00+00:00,2,up,4584.58,4611.5028,26.92280000000028,0.6004109229336112,0.999191759578566,1,57352,2026-04-02T06:18:00+00:00,4583.09,4583.51,4611.5028,4607.5028999999995,target_hit
57394,2026-04-02T15:00:00+00:00,2026-04-02T15:01:00+00:00,2026-04-02T15:22:00+00:00,2,up,4677.12,4662.12,-15.0,0.8392932115280656,0.8999064136336765,1,57398,2026-04-02T15:04:00+00:00,4676.09,4671.76,4704.53565,4700.5055999999995,stop_loss
57420,2026-04-02T15:26:00+00:00,2026-04-02T15:27:00+00:00,2026-04-02T15:50:00+00:00,2,up,4670.75,4655.75,-15.0,0.8265907723670993,0.8265907723670993,0,57420,2026-04-02T15:26:00+00:00,4669.33,4652.91,4694.10375,4694.10375,stop_loss
57456,2026-04-02T16:02:00+00:00,2026-04-02T16:03:00+00:00,2026-04-02T16:20:00+00:00,0,down,4666.6,4643.267000000001,23.33299999999963,0.9311703293335237,0.5617529076738663,0,57456,2026-04-02T16:02:00+00:00,4667.76,4654.52,4643.267000000001,4643.267000000001,target_hit
57494,2026-04-02T16:40:00+00:00,2026-04-02T16:41:00+00:00,2026-04-02T17:04:00+00:00,0,down,4665.09,4664.25,0.8400000000001455,0.7885618928234374,0.6105294618420987,2,57512,2026-04-02T16:58:00+00:00,4665.49,4664.68,4636.69005,4641.76455,reverse_signal
57589,2026-04-02T18:15:00+00:00,2026-04-02T18:16:00+00:00,2026-04-02T18:53:00+00:00,2,up,4653.8,4668.65,14.849999999999454,0.75190529985387,0.6070232217356137,0,57589,2026-04-02T18:15:00+00:00,4653.13,4659.35,4677.069,4677.069,timeout
57665,2026-04-02T19:31:00+00:00,2026-04-02T19:32:00+00:00,2026-04-02T20:21:00+00:00,2,up,4665.81,4665.94,0.12999999999919964,0.9000886414245636,0.9568837222132656,1,57685,2026-04-02T19:51:00+00:00,4665.01,4673.22,4695.49065,4689.139050000001,timeout
57755,2026-04-05T22:02:00+00:00,2026-04-05T22:03:00+00:00,2026-04-05T22:03:00+00:00,2,up,4649.33,4634.33,-15.0,0.5721880571419333,0.5721880571419333,0,57755,2026-04-05T22:02:00+00:00,4644.56,4635.48,4672.57665,4672.57665,stop_loss
57756,2026-04-05T22:03:00+00:00,2026-04-05T22:04:00+00:00,2026-04-05T22:10:00+00:00,2,up,4637.42,4622.42,-15.0,0.6734084842463124,0.6734084842463124,0,57756,2026-04-05T22:03:00+00:00,4633.86,4636.61,4660.6071,4660.6071,stop_loss
57764,2026-04-05T22:11:00+00:00,2026-04-05T22:12:00+00:00,2026-04-05T22:16:00+00:00,2,up,4624.41,4631.41,7.0,0.6033649940300971,0.6033649940300971,0,57764,2026-04-05T22:11:00+00:00,4621.9,4636.51,4647.53205,4647.53205,reverse_signal
57769,2026-04-05T22:16:00+00:00,2026-04-05T22:17:00+00:00,2026-04-05T22:46:00+00:00,0,down,4635.54,4650.54,-15.0,0.8939527069932224,0.9978672555206263,14,57798,2026-04-05T22:45:00+00:00,4637.86,4635.53,4624.75005,4612.3623,stop_loss
57800,2026-04-05T22:47:00+00:00,2026-04-05T22:48:00+00:00,2026-04-05T22:48:00+00:00,0,down,4620.28,4635.28,-15.0,0.996779069075027,0.996779069075027,0,57800,2026-04-05T22:47:00+00:00,4622.63,4630.15,4597.1786,4597.1786,stop_loss
57801,2026-04-05T22:48:00+00:00,2026-04-05T22:49:00+00:00,2026-04-05T22:54:00+00:00,0,down,4638.65,4626.1729000000005,12.477099999999155,0.9971295366254206,0.9969664096063183,5,57806,2026-04-05T22:53:00+00:00,4640.33,4629.67,4626.1729000000005,4615.456749999999,target_hit
57807,2026-04-05T22:54:00+00:00,2026-04-05T22:55:00+00:00,2026-04-05T22:55:00+00:00,0,down,4630.35,4645.35,-15.0,0.9969674519245918,0.9969674519245918,0,57807,2026-04-05T22:54:00+00:00,4630.94,4625.67,4607.19825,4607.19825,stop_loss
57808,2026-04-05T22:55:00+00:00,2026-04-05T22:56:00+00:00,2026-04-05T23:00:00+00:00,0,down,4633.44,4648.44,-15.0,0.9947196315756474,0.9983413195534719,4,57812,2026-04-05T22:59:00+00:00,4636.08,4620.29,4623.37695,4610.2728,stop_loss
57813,2026-04-05T23:00:00+00:00,2026-04-05T23:01:00+00:00,2026-04-05T23:19:00+00:00,0,down,4648.64,4625.3968,23.243199999999888,0.85383759277264,0.5617561424377895,0,57813,2026-04-05T23:00:00+00:00,4650.87,4621.22,4625.3968,4625.3968,target_hit
57840,2026-04-05T23:27:00+00:00,2026-04-05T23:28:00+00:00,2026-04-05T23:55:00+00:00,2,up,4614.75,4613.43,-1.319999999999709,0.6166319294961926,0.8289286054716758,0,57840,2026-04-05T23:27:00+00:00,4613.21,4616.98,4637.82375,4637.82375,timeout
57874,2026-04-06T00:01:00+00:00,2026-04-06T00:02:00+00:00,2026-04-06T00:15:00+00:00,0,down,4613.56,4628.56,-15.0,0.5944691679059899,0.5776416877771355,3,57884,2026-04-06T00:11:00+00:00,4615.32,4610.74,4600.21335,4590.492200000001,stop_loss
57918,2026-04-06T00:45:00+00:00,2026-04-06T00:46:00+00:00,2026-04-06T01:46:00+00:00,2,up,4619.6,4627.96,8.359999999999673,0.5511629385452059,0.98407552331594,1,57933,2026-04-06T01:30:00+00:00,4618.58,4623.64,4654.9992,4642.698,reverse_signal
57959,2026-04-06T01:56:00+00:00,2026-04-06T01:57:00+00:00,2026-04-06T02:17:00+00:00,2,up,4625.48,4648.95915,23.479150000000118,0.7558060206572494,0.7478996146325669,1,57962,2026-04-06T01:59:00+00:00,4624.22,4664.68,4648.95915,4648.6074,target_hit
57984,2026-04-06T02:21:00+00:00,2026-04-06T02:22:00+00:00,2026-04-06T02:35:00+00:00,0,down,4670.51,4646.40125,24.108750000000327,0.7640141880529076,0.8518017157471824,2,57986,2026-04-06T02:23:00+00:00,4671.53,4654.4,4646.40125,4647.157450000001,target_hit
57998,2026-04-06T02:35:00+00:00,2026-04-06T02:36:00+00:00,2026-04-06T03:04:00+00:00,0,down,4644.64,4635.5,9.140000000000327,0.7775147077763317,0.9375391397153986,2,58002,2026-04-06T02:39:00+00:00,4645.63,4635.5,4628.19275,4621.4168,timeout
58033,2026-04-06T03:10:00+00:00,2026-04-06T03:11:00+00:00,2026-04-06T03:38:00+00:00,2,up,4636.42,4632.33,-4.0900000000001455,0.5950128252558999,0.5708057001699451,0,58033,2026-04-06T03:10:00+00:00,4635.51,4631.37,4659.6021,4659.6021,timeout
58711,2026-04-07T01:52:00+00:00,2026-04-07T01:53:00+00:00,2026-04-07T02:00:00+00:00,2,up,4621.3,4626.38,5.079999999999927,0.6101551454689552,0.5721587482573608,1,58712,2026-04-07T01:53:00+00:00,4620.1,4628.52,4649.1098999999995,4644.4065,reverse_signal
58719,2026-04-07T02:00:00+00:00,2026-04-07T02:01:00+00:00,2026-04-07T02:39:00+00:00,0,down,4628.24,4642.41,-14.170000000000073,0.9341146298824982,0.6055949185458075,3,58727,2026-04-07T02:08:00+00:00,4629.54,4639.18,4604.61125,4605.0988,timeout
59018,2026-04-07T15:00:00+00:00,2026-04-07T15:01:00+00:00,2026-04-07T15:30:00+00:00,2,up,4634.53,4654.84,20.3100000000004,0.9722274390469456,0.9626215847255843,0,59018,2026-04-07T15:00:00+00:00,4633.53,4649.27,4657.70265,4657.70265,timeout
59079,2026-04-07T16:01:00+00:00,2026-04-07T16:02:00+00:00,2026-04-07T16:23:00+00:00,0,down,4655.87,4659.78,-3.9099999999998545,0.9242267499688017,0.9827543870593646,7,59087,2026-04-07T16:09:00+00:00,4656.68,4660.24,4630.8892,4632.59065,reverse_signal
59101,2026-04-07T16:23:00+00:00,2026-04-07T16:24:00+00:00,2026-04-07T16:54:00+00:00,2,up,4660.39,4659.68,-0.7100000000000364,0.8431496546957574,0.8506869948734759,1,59106,2026-04-07T16:28:00+00:00,4659.53,4660.64,4683.99345,4683.69195,timeout
59183,2026-04-07T17:45:00+00:00,2026-04-07T17:46:00+00:00,2026-04-07T18:24:00+00:00,2,up,4672.29,4677.48,5.1899999999996,0.9253696824393518,0.8915597818697258,2,59185,2026-04-07T17:47:00+00:00,4671.35,4681.26,4699.93275,4695.65145,timeout
59279,2026-04-07T19:21:00+00:00,2026-04-07T19:22:00+00:00,2026-04-07T19:45:00+00:00,0,down,4692.54,4707.54,-15.0,0.98275181238845,0.5558030275499566,0,59279,2026-04-07T19:21:00+00:00,4693.79,4714.33,4669.0773,4669.0773,stop_loss
59308,2026-04-07T19:50:00+00:00,2026-04-07T19:51:00+00:00,2026-04-07T20:16:00+00:00,0,down,4707.03,4708.06,-1.0300000000006548,0.5564792924984485,0.5564792924984485,0,59308,2026-04-07T19:50:00+00:00,4707.96,4707.81,4683.49485,4683.49485,reverse_signal
59334,2026-04-07T20:16:00+00:00,2026-04-07T20:17:00+00:00,2026-04-07T20:54:00+00:00,2,up,4707.52,4708.23,0.7099999999991269,0.8778907031442004,0.9868732252177792,1,59336,2026-04-07T20:18:00+00:00,4706.48,4710.51,4731.48975,4731.0576,timeout
59393,2026-04-07T22:16:00+00:00,2026-04-07T22:17:00+00:00,2026-04-07T22:32:00+00:00,0,down,4733.0,4748.0,-15.0,0.9799853474715716,0.9953551494402091,2,59406,2026-04-07T22:29:00+00:00,4734.29,4794.07,4712.718,4709.335,stop_loss
59413,2026-04-07T22:36:00+00:00,2026-04-07T22:37:00+00:00,2026-04-07T22:39:00+00:00,0,down,4763.32,4778.32,-15.0,0.9942584836413699,0.9943146205495276,1,59415,2026-04-07T22:38:00+00:00,4764.63,4822.47,4741.572999999999,4739.5034,stop_loss
59416,2026-04-07T22:39:00+00:00,2026-04-07T22:40:00+00:00,2026-04-07T22:54:00+00:00,0,down,4773.87,4788.87,-15.0,0.9947452683976508,0.7728230528034086,5,59421,2026-04-07T22:44:00+00:00,4775.48,4815.55,4746.5281,4750.00065,stop_loss
59436,2026-04-07T22:59:00+00:00,2026-04-07T23:00:00+00:00,2026-04-07T23:39:00+00:00,0,down,4817.39,4810.87,6.520000000000437,0.7453194190192534,0.7989626675099807,1,59451,2026-04-07T23:14:00+00:00,4818.57,4810.87,4794.55675,4793.30305,timeout
59500,2026-04-08T00:03:00+00:00,2026-04-08T00:04:00+00:00,2026-04-08T00:14:00+00:00,2,up,4846.15,4831.15,-15.0,0.8731731961787643,0.8058377587741186,1,59503,2026-04-08T00:06:00+00:00,4845.22,4819.64,4871.06415,4870.380749999999,stop_loss
59557,2026-04-08T01:30:00+00:00,2026-04-08T01:31:00+00:00,2026-04-08T01:50:00+00:00,0,down,4794.77,4809.77,-15.0,0.9892902888074263,0.9751505881976221,10,59572,2026-04-08T01:45:00+00:00,4796.08,4816.91,4778.99495,4770.79615,stop_loss
59739,2026-04-08T04:32:00+00:00,2026-04-08T04:33:00+00:00,2026-04-08T04:57:00+00:00,0,down,4802.36,4810.39,-8.030000000000655,0.9078075599611831,0.9078075599611831,0,59739,2026-04-08T04:32:00+00:00,4802.93,4800.47,4778.348199999999,4778.348199999999,timeout
59774,2026-04-08T05:31:00+00:00,2026-04-08T05:32:00+00:00,2026-04-08T05:50:00+00:00,0,down,4818.2,4833.2,-15.0,0.7821073463131644,0.812585164404272,5,59787,2026-04-08T05:44:00+00:00,4818.52,4824.76,4798.5069,4794.1089999999995,stop_loss
59813,2026-04-08T06:10:00+00:00,2026-04-08T06:11:00+00:00,2026-04-08T15:00:00+00:00,0,down,4826.58,4807.720600000001,18.85939999999937,0.8341064909269696,0.880187660554936,10,59854,2026-04-08T06:51:00+00:00,4827.13,4811.86,4807.720600000001,4802.4471,target_hit
59863,2026-04-08T15:00:00+00:00,2026-04-08T15:01:00+00:00,2026-04-08T15:40:00+00:00,2,up,4744.28,4759.05,14.770000000000437,0.9854457006932983,0.5589255729013465,1,59864,2026-04-08T15:01:00+00:00,4743.37,4754.91,4769.6496,4768.0014,timeout
59904,2026-04-08T15:41:00+00:00,2026-04-08T15:42:00+00:00,2026-04-08T16:06:00+00:00,0,down,4760.21,4755.61,4.600000000000364,0.8855934874315153,0.8855934874315153,0,59904,2026-04-08T15:41:00+00:00,4760.59,4755.61,4736.40895,4736.40895,timeout
60017,2026-04-08T17:34:00+00:00,2026-04-08T17:35:00+00:00,2026-04-08T18:00:00+00:00,2,up,4745.73,4730.73,-15.0,0.8706219770457784,0.7480514685288545,0,60017,2026-04-08T17:34:00+00:00,4744.82,4731.95,4769.45865,4769.45865,stop_loss
60059,2026-04-08T18:16:00+00:00,2026-04-08T18:17:00+00:00,2026-04-08T18:18:00+00:00,0,down,4742.15,4718.439249999999,23.71075000000019,0.8523033189001791,0.8523033189001791,0,60059,2026-04-08T18:16:00+00:00,4743.24,4713.77,4718.439249999999,4718.439249999999,target_hit
60061,2026-04-08T18:18:00+00:00,2026-04-08T18:19:00+00:00,2026-04-08T18:57:00+00:00,0,down,4724.86,4705.34,19.519999999999527,0.6707084713069924,0.5884744751522097,3,60065,2026-04-08T18:22:00+00:00,4726.33,4715.48,4699.1462,4701.235699999999,timeout
60237,2026-04-08T22:15:00+00:00,2026-04-08T22:16:00+00:00,2026-04-08T22:40:00+00:00,0,down,4714.52,4713.41,1.110000000000582,0.8442229918067289,0.8442229918067289,0,60237,2026-04-08T22:15:00+00:00,4716.4,4713.41,4690.9474,4690.9474,timeout
60742,2026-04-09T15:49:00+00:00,2026-04-09T15:50:00+00:00,2026-04-09T16:03:00+00:00,0,down,4784.97,4799.97,-15.0,0.9109776663929086,0.7943929634941145,2,60754,2026-04-09T16:01:00+00:00,4785.26,4792.55,4772.4379,4761.04515,stop_loss
60998,2026-04-09T22:01:00+00:00,2026-04-09T22:02:00+00:00,2026-04-09T22:28:00+00:00,0,down,4771.21,4759.88,11.329999999999927,0.5555608042555706,0.5755178149893019,0,60998,2026-04-09T22:01:00+00:00,4772.11,4769.23,4747.35395,4747.35395,timeout
61371,2026-04-10T15:42:00+00:00,2026-04-10T15:43:00+00:00,2026-04-10T16:32:00+00:00,0,down,4763.04,4761.09,1.949999999999818,0.9943181844482635,0.78071830965049,0,61371,2026-04-10T15:42:00+00:00,4763.33,4755.14,4739.2248,4739.2248,timeout
