signal_idx,ts,entry_time,exit_time,pred,side,entry_price,exit_price,pnl,entry_signal_prob,last_signal_prob,target_updates,last_target_signal_idx,last_target_time,signal_ts_close,update_ts_close,last_target_price,entry_target_price,exit_reason
115,2025-11-25T17:02:00+00:00,2025-11-25T17:03:00+00:00,2025-11-25T17:04:00+00:00,0,down,4144.23,4147.87,-3.6400000000003274,0.99684169147787,0.99684169147787,0,115,2025-11-25T17:02:00+00:00,4144.84,4149.16,4082.0665499999996,4082.0665499999996,reverse_signal
117,2025-11-25T17:04:00+00:00,2025-11-25T17:05:00+00:00,2025-11-25T18:17:00+00:00,2,up,4147.7,4144.42,-3.2799999999997453,0.8655486907953267,0.9747076660024597,0,117,2025-11-25T17:04:00+00:00,4147.1,4149.07,4209.9155,4209.9155,reverse_signal
190,2025-11-25T18:17:00+00:00,2025-11-25T18:18:00+00:00,2025-11-26T02:27:00+00:00,0,down,4143.35,4158.35,-15.0,0.9998532324712248,0.9996022721960568,0,190,2025-11-25T18:17:00+00:00,4143.6,4136.68,4081.19975,4081.19975,stop_loss
229,2025-11-26T02:59:00+00:00,2025-11-26T03:00:00+00:00,2025-11-26T03:05:00+00:00,2,up,4161.94,4161.87,-0.06999999999970896,0.9991767922958998,0.5676426689370468,1,231,2025-11-26T03:01:00+00:00,4161.66,4162.8,4225.1404999999995,4224.3691,reverse_signal
237,2025-11-26T03:07:00+00:00,2025-11-26T03:08:00+00:00,2025-11-26T15:00:00+00:00,2,up,4167.17,4152.17,-15.0,0.9687135827487512,0.9687135827487512,0,237,2025-11-26T03:07:00+00:00,4166.94,4160.69,4229.67755,4229.67755,stop_loss
389,2025-11-28T00:34:00+00:00,2025-11-28T00:35:00+00:00,2025-11-28T00:36:00+00:00,0,down,4180.26,4179.93,0.32999999999992724,0.6008656590164536,0.6008656590164536,0,389,2025-11-28T00:34:00+00:00,4180.23,4187.36,4117.5561,4117.5561,reverse_signal
392,2025-11-28T00:37:00+00:00,2025-11-28T00:38:00+00:00,2025-11-28T01:46:00+00:00,2,up,4179.02,4191.5,12.479999999999563,0.7789931189636189,0.8109633233904607,1,393,2025-11-28T00:38:00+00:00,4178.93,4189.93,4244.37475,4241.7053000000005,timeout
505,2025-11-28T06:03:00+00:00,2025-11-28T06:04:00+00:00,2025-11-28T15:00:00+00:00,0,down,4183.18,4198.18,-15.0,0.8979578960649612,0.8979578960649612,0,505,2025-11-28T06:03:00+00:00,4183.46,4187.07,4120.4323,4120.4323,stop_loss
811,2025-12-01T03:11:00+00:00,2025-12-01T03:12:00+00:00,2025-12-01T04:11:00+00:00,0,down,4237.44,4221.43,16.00999999999931,0.9994992742659488,0.9994992742659488,0,811,2025-12-01T03:11:00+00:00,4237.78,4238.61,4173.8784,4173.8784,timeout
1635,2025-12-04T15:29:00+00:00,2025-12-04T15:30:00+00:00,2025-12-04T16:29:00+00:00,0,down,4205.99,4216.35,-10.360000000000582,0.9994550727749438,0.9994550727749438,0,1635,2025-12-04T15:29:00+00:00,4206.24,4216.35,4142.9001499999995,4142.9001499999995,timeout
1681,2025-12-05T15:39:00+00:00,2025-12-05T15:40:00+00:00,2025-12-05T16:39:00+00:00,0,down,4257.54,4211.9,45.64000000000033,0.9387064100006678,0.9387064100006678,0,1681,2025-12-05T15:39:00+00:00,4257.87,4211.9,4193.6769,4193.6769,timeout
1981,2025-12-09T16:35:00+00:00,2025-12-09T16:36:00+00:00,2025-12-09T16:57:00+00:00,2,up,4215.02,4214.8,-0.22000000000025466,0.9881326629375383,0.8290511726869628,1,1990,2025-12-09T16:44:00+00:00,4214.7,4207.2,4282.45755,4278.2453000000005,reverse_signal
2017,2025-12-09T17:11:00+00:00,2025-12-09T17:12:00+00:00,2025-12-10T19:35:00+00:00,0,down,4214.29,4209.75,4.539999999999964,0.9912829638887801,0.9991995404813151,3,2026,2025-12-10T19:11:00+00:00,4214.53,4230.67,4149.5193500000005,4151.07565,reverse_signal
2052,2025-12-10T19:37:00+00:00,2025-12-10T19:38:00+00:00,2025-12-10T19:41:00+00:00,2,up,4202.11,4187.11,-15.0,0.9136305939097256,0.9136305939097256,0,2052,2025-12-10T19:37:00+00:00,4201.71,4233.55,4265.14165,4265.14165,stop_loss
2056,2025-12-10T19:41:00+00:00,2025-12-10T19:42:00+00:00,2025-12-10T20:47:00+00:00,2,up,4186.32,4234.81,48.49000000000069,0.9856815040107468,0.9942589939360806,1,2057,2025-12-10T19:42:00+00:00,4186.78,4232.76,4253.1951,4249.114799999999,timeout
2500,2025-12-12T15:22:00+00:00,2025-12-12T15:23:00+00:00,2025-12-12T15:25:00+00:00,2,up,4316.95,4309.39,-7.559999999999491,0.7804200580224608,0.7804200580224608,0,2500,2025-12-12T15:22:00+00:00,4316.67,4276.58,4381.70425,4381.70425,reverse_signal
2503,2025-12-12T15:25:00+00:00,2025-12-12T15:26:00+00:00,2025-12-12T15:27:00+00:00,0,down,4309.18,4313.61,-4.4299999999993815,0.8143212660359439,0.8143212660359439,0,2503,2025-12-12T15:25:00+00:00,4309.55,4285.58,4244.5423,4244.5423,reverse_signal
2505,2025-12-12T15:27:00+00:00,2025-12-12T15:28:00+00:00,2025-12-12T15:30:00+00:00,2,up,4310.42,4295.42,-15.0,0.8336748844054699,0.8336748844054699,0,2505,2025-12-12T15:27:00+00:00,4310.11,4289.55,4375.0763,4375.0763,stop_loss
3210,2025-12-17T15:03:00+00:00,2025-12-17T15:04:00+00:00,2025-12-17T16:03:00+00:00,0,down,4340.41,4329.27,11.139999999999418,0.9885773966526474,0.9885773966526474,0,3210,2025-12-17T15:03:00+00:00,4340.7,4329.27,4275.30385,4275.30385,timeout
3662,2025-12-19T15:54:00+00:00,2025-12-19T15:55:00+00:00,2025-12-19T16:35:00+00:00,2,up,4345.69,4347.58,1.8900000000003274,0.9405406616198712,0.9405406616198712,0,3662,2025-12-19T15:54:00+00:00,4345.52,4346.66,4410.875349999999,4410.875349999999,reverse_signal
3703,2025-12-19T16:35:00+00:00,2025-12-19T16:36:00+00:00,2025-12-22T01:40:00+00:00,0,down,4346.71,4361.71,-15.0,0.999887930173085,0.999887930173085,0,3703,2025-12-19T16:35:00+00:00,4347.02,4350.79,4281.50935,4281.50935,stop_loss
3742,2025-12-22T01:59:00+00:00,2025-12-22T02:00:00+00:00,2025-12-22T02:04:00+00:00,0,down,4382.72,4382.69,0.030000000000654836,0.9872223635520697,0.981375010141773,1,3745,2025-12-22T02:02:00+00:00,4383.04,4387.08,4317.146650000001,4316.979200000001,reverse_signal
3748,2025-12-22T02:05:00+00:00,2025-12-22T02:06:00+00:00,2025-12-22T02:07:00+00:00,2,up,4383.16,4381.67,-1.4899999999997817,0.9961019706933537,0.9961019706933537,0,3748,2025-12-22T02:05:00+00:00,4383.07,4388.94,4448.9074,4448.9074,reverse_signal
3750,2025-12-22T02:07:00+00:00,2025-12-22T02:08:00+00:00,2025-12-22T02:09:00+00:00,0,down,4378.95,4380.44,-1.4899999999997817,0.9819508591774505,0.9819508591774505,0,3750,2025-12-22T02:07:00+00:00,4379.26,4387.98,4313.26575,4313.26575,reverse_signal
3754,2025-12-22T02:11:00+00:00,2025-12-22T02:12:00+00:00,2025-12-22T02:14:00+00:00,0,down,4379.79,4379.23,0.5600000000004002,0.5653864167435583,0.5653864167435583,0,3754,2025-12-22T02:11:00+00:00,4380.25,4387.15,4314.09315,4314.09315,reverse_signal
3757,2025-12-22T02:14:00+00:00,2025-12-22T02:15:00+00:00,2025-12-22T03:02:00+00:00,2,up,4380.88,4385.57,4.6899999999996,0.9997445004299852,0.9998578625803802,1,3758,2025-12-22T02:15:00+00:00,4380.53,4386.29,4446.96875,4446.5932,reverse_signal
3774,2025-12-22T03:03:00+00:00,2025-12-22T03:04:00+00:00,2025-12-23T01:30:00+00:00,0,down,4388.09,4403.09,-15.0,0.9994271561143743,0.9994271561143743,0,3774,2025-12-22T03:03:00+00:00,4388.32,4392.89,4322.26865,4322.26865,stop_loss
3831,2025-12-23T02:06:00+00:00,2025-12-23T02:07:00+00:00,2025-12-23T03:07:00+00:00,0,down,4483.45,4490.53,-7.079999999999927,0.996878169939187,0.8799715210139962,8,3844,2025-12-23T02:19:00+00:00,4483.8,4483.96,4421.074,4416.1982499999995,reverse_signal
3891,2025-12-23T03:10:00+00:00,2025-12-23T03:11:00+00:00,2025-12-23T04:13:00+00:00,0,down,4487.52,4450.48,37.04000000000087,0.8687569932896119,0.8251920134115548,0,3891,2025-12-23T03:10:00+00:00,4487.69,4486.64,4420.207200000001,4420.207200000001,timeout
4046,2025-12-23T17:21:00+00:00,2025-12-23T17:22:00+00:00,2025-12-23T19:06:00+00:00,0,down,4477.82,4492.82,-15.0,0.9873573302038559,0.9845670418936139,0,4046,2025-12-23T17:21:00+00:00,4478.17,4476.36,4410.6527,4410.6527,stop_loss
4081,2025-12-23T19:32:00+00:00,2025-12-23T19:33:00+00:00,2025-12-23T20:47:00+00:00,2,up,4490.16,4508.58,18.420000000000073,0.9992166606358757,0.9794160203655851,1,4086,2025-12-23T19:37:00+00:00,4489.84,4490.0,4559.5627,4557.5124,timeout
4108,2025-12-23T23:43:00+00:00,2025-12-23T23:44:00+00:00,2025-12-24T00:05:00+00:00,0,down,4506.43,4511.39,-4.960000000000036,0.9960016897112846,0.9939898849280466,0,4108,2025-12-23T23:43:00+00:00,4506.7,4517.3,4438.83355,4438.83355,reverse_signal
4156,2025-12-24T00:31:00+00:00,2025-12-24T00:32:00+00:00,2025-12-24T01:31:00+00:00,2,up,4515.24,4520.67,5.430000000000291,0.9982186027089167,0.9982186027089167,0,4156,2025-12-24T00:31:00+00:00,4514.95,4520.67,4582.9686,4582.9686,timeout
4193,2025-12-24T03:01:00+00:00,2025-12-24T03:02:00+00:00,2025-12-24T03:37:00+00:00,0,down,4482.18,4497.18,-15.0,0.9999666961983229,0.9988365030175571,0,4193,2025-12-24T03:01:00+00:00,4482.36,4493.71,4414.947300000001,4414.947300000001,stop_loss
4494,2025-12-26T00:07:00+00:00,2025-12-26T00:08:00+00:00,2025-12-26T00:16:00+00:00,2,up,4500.16,4503.75,3.5900000000001455,0.667315284623505,0.6219619282212475,1,4496,2025-12-26T00:09:00+00:00,4499.83,4519.33,4570.85965,4567.6624,reverse_signal
4503,2025-12-26T00:16:00+00:00,2025-12-26T00:17:00+00:00,2025-12-26T01:32:00+00:00,0,down,4505.01,4513.49,-8.479999999999563,0.8653873407873595,0.8752122970487911,2,4513,2025-12-26T00:26:00+00:00,4505.96,4513.97,4436.94235,4437.434850000001,timeout
4667,2025-12-26T15:36:00+00:00,2025-12-26T15:37:00+00:00,2025-12-26T16:43:00+00:00,0,down,4538.43,4541.17,-2.7399999999997817,0.9999516897033567,0.9950705848694668,4,4673,2025-12-26T15:42:00+00:00,4539.25,4541.31,4469.3587,4470.353550000001,timeout
4895,2025-12-28T23:13:00+00:00,2025-12-28T23:14:00+00:00,2025-12-29T00:29:00+00:00,0,down,4530.3,4485.17,45.13000000000011,0.9980809304310962,0.7232736485748743,0,4895,2025-12-28T23:13:00+00:00,4530.59,4524.11,4462.3455,4462.3455,reverse_signal
4971,2025-12-29T00:29:00+00:00,2025-12-29T00:30:00+00:00,2025-12-29T00:36:00+00:00,0,down,4487.0,4502.0,-15.0,0.8887408299226044,0.8887408299226044,0,4971,2025-12-29T00:29:00+00:00,4487.2,4499.78,4419.695,4419.695,stop_loss
5415,2025-12-30T00:28:00+00:00,2025-12-30T00:29:00+00:00,2025-12-30T00:50:00+00:00,2,up,4349.97,4334.97,-15.0,0.8993239879981693,0.8993239879981693,0,5415,2025-12-30T00:28:00+00:00,4349.64,4335.21,4415.21955,4415.21955,stop_loss
5553,2025-12-30T03:16:00+00:00,2025-12-30T03:17:00+00:00,2025-12-30T04:16:00+00:00,0,down,4359.86,4370.62,-10.760000000000218,0.9915395315030886,0.9915395315030886,0,5553,2025-12-30T03:16:00+00:00,4360.07,4361.59,4294.4621,4294.4621,timeout
5872,2025-12-31T01:35:00+00:00,2025-12-31T01:36:00+00:00,2025-12-31T01:37:00+00:00,2,up,4362.62,4361.93,-0.6899999999995998,0.9816104460126109,0.9816104460126109,0,5872,2025-12-31T01:35:00+00:00,4362.31,4358.69,4428.0593,4428.0593,reverse_signal
5879,2025-12-31T01:42:00+00:00,2025-12-31T01:43:00+00:00,2025-12-31T02:50:00+00:00,2,up,4367.85,4352.85,-15.0,0.9979715438829813,0.9984954007954587,0,5879,2025-12-31T01:42:00+00:00,4367.52,4369.63,4433.36775,4433.36775,stop_loss
6331,2026-01-01T23:45:00+00:00,2026-01-01T23:46:00+00:00,2026-01-02T00:49:00+00:00,2,up,4343.74,4351.76,8.020000000000437,0.9460418467549594,0.997902249811778,1,6334,2026-01-01T23:48:00+00:00,4343.46,4352.39,4409.4239,4408.8961,timeout
6621,2026-01-04T23:40:00+00:00,2026-01-04T23:41:00+00:00,2026-01-05T00:46:00+00:00,2,up,4363.55,4386.78,23.229999999999563,0.9998565076110499,0.9998639176825947,1,6626,2026-01-04T23:45:00+00:00,4363.24,4386.2,4429.08445,4429.00325,timeout
6825,2026-01-05T03:34:00+00:00,2026-01-05T03:35:00+00:00,2026-01-05T04:34:00+00:00,2,up,4404.74,4443.37,38.63000000000011,0.7351921892012196,0.7351921892012196,0,6825,2026-01-05T03:34:00+00:00,4404.42,4404.82,4470.8111,4470.8111,timeout
6873,2026-01-05T15:22:00+00:00,2026-01-05T15:23:00+00:00,2026-01-05T16:25:00+00:00,0,down,4450.0,4443.71,6.289999999999964,0.983133337715057,0.9418104353429081,0,6873,2026-01-05T15:22:00+00:00,4450.31,4446.29,4383.25,4383.25,timeout
6987,2026-01-06T02:32:00+00:00,2026-01-06T02:33:00+00:00,2026-01-06T03:15:00+00:00,2,up,4458.9,4462.45,3.550000000000182,0.9986883549603149,0.9970047465961517,0,6987,2026-01-06T02:32:00+00:00,4458.64,4464.76,4525.7835,4525.7835,reverse_signal
7074,2026-01-06T15:09:00+00:00,2026-01-06T15:10:00+00:00,2026-01-06T15:17:00+00:00,2,up,4487.42,4480.11,-7.3100000000004,0.9907527515463581,0.6871312224755666,0,7074,2026-01-06T15:09:00+00:00,4487.36,4474.46,4554.7313,4554.7313,reverse_signal
7084,2026-01-06T15:19:00+00:00,2026-01-06T15:20:00+00:00,2026-01-06T16:19:00+00:00,2,up,4474.75,4479.85,5.100000000000364,0.9389570412237974,0.9389570412237974,0,7084,2026-01-06T15:19:00+00:00,4474.57,4479.85,4541.87125,4541.87125,timeout
7402,2026-01-07T15:02:00+00:00,2026-01-07T15:03:00+00:00,2026-01-07T16:15:00+00:00,0,down,4438.25,4446.67,-8.420000000000073,0.8924896509492641,0.9999907043102595,2,7411,2026-01-07T15:15:00+00:00,4438.31,4446.67,4362.1512999999995,4371.67625,timeout
7521,2026-01-07T17:05:00+00:00,2026-01-07T17:06:00+00:00,2026-01-08T02:05:00+00:00,2,up,4462.85,4447.85,-15.0,0.6464303306722937,0.9342251519881073,0,7521,2026-01-07T17:05:00+00:00,4462.89,4451.73,4529.7927500000005,4529.7927500000005,stop_loss
7616,2026-01-08T15:14:00+00:00,2026-01-08T15:15:00+00:00,2026-01-08T15:16:00+00:00,0,down,4447.97,4449.39,-1.4200000000000728,0.9629052833029434,0.9629052833029434,0,7616,2026-01-08T15:14:00+00:00,4448.28,4447.31,4381.2504500000005,4381.2504500000005,reverse_signal
7656,2026-01-08T15:54:00+00:00,2026-01-08T15:55:00+00:00,2026-01-08T16:38:00+00:00,0,down,4448.25,4463.25,-15.0,0.9454667383253132,0.9454667383253132,0,7656,2026-01-08T15:54:00+00:00,4448.39,4461.33,4381.52625,4381.52625,stop_loss
7733,2026-01-08T20:30:00+00:00,2026-01-08T20:31:00+00:00,2026-01-08T20:57:00+00:00,0,down,4474.91,4476.37,-1.4600000000000364,0.9643978842793361,0.590672358981241,1,7739,2026-01-08T20:36:00+00:00,4475.18,4474.79,4410.6034500000005,4407.78635,reverse_signal
7762,2026-01-08T20:59:00+00:00,2026-01-08T21:00:00+00:00,2026-01-08T23:01:00+00:00,2,up,4476.46,4482.21,5.75,0.9996498518313496,0.9998276348673167,1,7763,2026-01-08T21:00:00+00:00,4476.07,4482.21,4544.75385,4543.6069,timeout
7880,2026-01-09T15:36:00+00:00,2026-01-09T15:37:00+00:00,2026-01-09T16:45:00+00:00,0,down,4510.62,4502.72,7.899999999999636,0.9998342507941311,0.5515877240764164,2,7889,2026-01-09T15:45:00+00:00,4510.76,4502.72,4446.6446,4442.9607,timeout
8085,2026-01-11T23:15:00+00:00,2026-01-11T23:16:00+00:00,2026-01-11T23:42:00+00:00,0,down,4529.29,4544.29,-15.0,0.9873332235066319,0.9873332235066319,0,8085,2026-01-11T23:15:00+00:00,4529.58,4554.14,4461.35065,4461.35065,stop_loss
8112,2026-01-11T23:42:00+00:00,2026-01-11T23:43:00+00:00,2026-01-12T00:51:00+00:00,2,up,4544.09,4595.67,51.57999999999993,0.9997549711167582,0.9991486636495183,0,8112,2026-01-11T23:42:00+00:00,4543.74,4588.32,4612.2513500000005,4612.2513500000005,timeout
8357,2026-01-12T16:06:00+00:00,2026-01-12T16:07:00+00:00,2026-01-12T17:06:00+00:00,0,down,4624.51,4604.22,20.289999999999964,0.987191659031966,0.987191659031966,0,8357,2026-01-12T16:06:00+00:00,4624.69,4616.16,4555.14235,4555.14235,timeout
8461,2026-01-12T23:55:00+00:00,2026-01-12T23:56:00+00:00,2026-01-13T00:59:00+00:00,0,down,4592.46,4587.41,5.050000000000182,0.9978164302757023,0.9954187848758438,1,8465,2026-01-12T23:59:00+00:00,4592.7,4587.41,4530.32035,4523.5731,timeout
8590,2026-01-13T15:42:00+00:00,2026-01-13T15:43:00+00:00,2026-01-13T16:57:00+00:00,0,down,4612.95,4613.39,-0.4400000000005093,0.967610795494853,0.9999549189329094,2,8605,2026-01-13T15:57:00+00:00,4613.06,4613.39,4549.4786,4543.75575,timeout
8836,2026-01-13T20:35:00+00:00,2026-01-13T20:36:00+00:00,2026-01-13T21:11:00+00:00,0,down,4575.92,4586.76,-10.840000000000146,0.9990609090737931,0.9990609090737931,0,8836,2026-01-13T20:35:00+00:00,4576.51,4588.08,4507.2812,4507.2812,reverse_signal
8877,2026-01-13T21:16:00+00:00,2026-01-13T21:17:00+00:00,2026-01-13T23:21:00+00:00,0,down,4584.23,4595.15,-10.920000000000073,0.8347894610327637,0.9331818729878418,3,8881,2026-01-13T21:20:00+00:00,4584.56,4595.15,4518.3329,4515.466549999999,timeout
9542,2026-01-16T15:20:00+00:00,2026-01-16T15:21:00+00:00,2026-01-16T15:32:00+00:00,0,down,4610.58,4555.41,55.17000000000007,0.9942123953932144,0.9987746088686577,0,9542,2026-01-16T15:20:00+00:00,4610.87,4589.02,4541.4213,4541.4213,reverse_signal
9554,2026-01-16T15:32:00+00:00,2026-01-16T15:33:00+00:00,2026-01-16T15:47:00+00:00,0,down,4553.93,4568.93,-15.0,0.9186390015704022,0.9950013974569204,0,9554,2026-01-16T15:32:00+00:00,4553.8,4589.84,4485.621050000001,4485.621050000001,stop_loss
9743,2026-01-18T23:39:00+00:00,2026-01-18T23:40:00+00:00,2026-01-19T00:39:00+00:00,2,up,4675.16,4678.42,3.2600000000002183,0.9567352942075958,0.9567352942075958,0,9743,2026-01-18T23:39:00+00:00,4674.01,4678.42,4745.2874,4745.2874,timeout
9939,2026-01-20T15:24:00+00:00,2026-01-20T15:25:00+00:00,2026-01-20T16:24:00+00:00,0,down,4729.71,4740.01,-10.300000000000182,0.9996967931198575,0.9996967931198575,0,9939,2026-01-20T15:24:00+00:00,4729.8,4740.01,4658.76435,4658.76435,timeout
10056,2026-01-20T17:21:00+00:00,2026-01-20T17:22:00+00:00,2026-01-20T17:30:00+00:00,2,up,4754.32,4754.85,0.5300000000006548,0.8170481183507027,0.8170481183507027,0,10056,2026-01-20T17:21:00+00:00,4754.22,4764.4,4825.6348,4825.6348,reverse_signal
10065,2026-01-20T17:30:00+00:00,2026-01-20T17:31:00+00:00,2026-01-20T17:32:00+00:00,0,down,4755.32,4755.52,-0.2000000000007276,0.7685614966002209,0.7685614966002209,0,10065,2026-01-20T17:30:00+00:00,4755.63,4761.18,4683.990199999999,4683.990199999999,reverse_signal
10094,2026-01-20T17:59:00+00:00,2026-01-20T18:00:00+00:00,2026-01-20T23:46:00+00:00,0,down,4759.25,4774.25,-15.0,0.9885066408223894,0.9885066408223894,0,10094,2026-01-20T17:59:00+00:00,4759.5,4759.77,4687.86125,4687.86125,stop_loss
10102,2026-01-20T23:47:00+00:00,2026-01-20T23:48:00+00:00,2026-01-21T01:00:00+00:00,0,down,4781.15,4784.85,-3.7000000000007276,0.9369708825008516,0.9995071075018335,1,10132,2026-01-21T00:50:00+00:00,4781.42,4828.69,4713.62885,4709.43275,reverse_signal
10157,2026-01-21T01:45:00+00:00,2026-01-21T01:46:00+00:00,2026-01-21T02:51:00+00:00,2,up,4823.76,4832.77,9.010000000000218,0.9997701594023456,0.9987700687393674,1,10163,2026-01-21T01:51:00+00:00,4823.71,4832.77,4903.870999999999,4896.1164,timeout
10288,2026-01-21T03:56:00+00:00,2026-01-21T03:57:00+00:00,2026-01-21T04:38:00+00:00,0,down,4845.99,4860.99,-15.0,0.9986086461548477,0.9999796343786959,0,10288,2026-01-21T03:56:00+00:00,4846.41,4864.57,4773.30015,4773.30015,stop_loss
10356,2026-01-21T05:04:00+00:00,2026-01-21T05:05:00+00:00,2026-01-21T05:06:00+00:00,0,down,4859.8,4861.3,-1.5,0.5717798633698923,0.5717798633698923,0,10356,2026-01-21T05:04:00+00:00,4860.12,4869.85,4786.903,4786.903,reverse_signal
10358,2026-01-21T05:06:00+00:00,2026-01-21T05:07:00+00:00,2026-01-21T05:14:00+00:00,2,up,4860.14,4864.02,3.880000000000109,0.9305885232244766,0.9208813391305087,1,10359,2026-01-21T05:07:00+00:00,4859.91,4867.98,4933.214650000001,4933.042100000001,reverse_signal
10368,2026-01-21T05:16:00+00:00,2026-01-21T05:17:00+00:00,2026-01-21T06:17:00+00:00,0,down,4869.58,4875.26,-5.680000000000291,0.9829531411618538,0.9470606397719351,1,10369,2026-01-21T05:17:00+00:00,4869.86,4875.26,4797.215950000001,4796.5363,timeout
10447,2026-01-21T06:35:00+00:00,2026-01-21T06:36:00+00:00,2026-01-21T07:35:00+00:00,0,down,4878.88,4856.28,22.600000000000364,0.9999617390198249,0.9999617390198249,0,10447,2026-01-21T06:35:00+00:00,4879.28,4845.65,4805.6968,4805.6968,timeout
10499,2026-01-21T15:27:00+00:00,2026-01-21T15:28:00+00:00,2026-01-21T15:33:00+00:00,0,down,4824.41,4839.41,-15.0,0.9384045141935944,0.9384045141935944,0,10499,2026-01-21T15:27:00+00:00,4824.67,4837.34,4752.04385,4752.04385,stop_loss
10738,2026-01-21T19:26:00+00:00,2026-01-21T19:27:00+00:00,2026-01-21T19:37:00+00:00,0,down,4852.4,4779.614,72.78600000000006,0.9592467774934132,0.9592467774934132,0,10738,2026-01-21T19:26:00+00:00,4852.68,4794.97,4779.614,4779.614,target_hit
11038,2026-01-22T01:57:00+00:00,2026-01-22T01:58:00+00:00,2026-01-22T03:23:00+00:00,0,down,4801.03,4790.31,10.719999999999345,0.9917741913513529,0.998993862669312,0,11038,2026-01-22T01:57:00+00:00,4801.3,4786.78,4729.01455,4729.01455,timeout
11182,2026-01-22T05:53:00+00:00,2026-01-22T05:54:00+00:00,2026-01-22T06:21:00+00:00,0,down,4817.83,4823.06,-5.230000000000473,0.9917957071745038,0.9917957071745038,0,11182,2026-01-22T05:53:00+00:00,4818.18,4822.65,4745.56255,4745.56255,reverse_signal
11210,2026-01-22T06:21:00+00:00,2026-01-22T06:22:00+00:00,2026-01-22T07:29:00+00:00,2,up,4825.07,4828.98,3.9099999999998545,0.9996263470568144,0.9998814509878213,1,11211,2026-01-22T06:22:00+00:00,4824.97,4833.24,4898.5321,4897.44605,timeout
11300,2026-01-22T15:51:00+00:00,2026-01-22T15:52:00+00:00,2026-01-22T16:38:00+00:00,0,down,4868.16,4883.16,-15.0,0.998300340049499,0.998300340049499,0,11300,2026-01-22T15:51:00+00:00,4868.24,4882.79,4795.1376,4795.1376,stop_loss
11414,2026-01-22T17:45:00+00:00,2026-01-22T17:46:00+00:00,2026-01-22T18:02:00+00:00,0,down,4897.44,4907.61,-10.170000000000073,0.9984196469997664,0.6669041833828341,2,11421,2026-01-22T17:52:00+00:00,4897.57,4917.52,4828.3912,4823.9784,reverse_signal
11448,2026-01-22T18:19:00+00:00,2026-01-22T18:20:00+00:00,2026-01-22T18:23:00+00:00,2,up,4911.84,4911.3,-0.5399999999999636,0.9540090041945007,0.9540090041945007,0,11448,2026-01-22T18:19:00+00:00,4911.51,4921.58,4985.5176,4985.5176,reverse_signal
11542,2026-01-22T23:06:00+00:00,2026-01-22T23:07:00+00:00,2026-01-22T23:30:00+00:00,2,up,4952.35,4937.35,-15.0,0.9360048600097675,0.9891324282042886,1,11544,2026-01-22T23:08:00+00:00,4952.09,4958.26,5029.90355,5026.63525,stop_loss
11578,2026-01-22T23:42:00+00:00,2026-01-22T23:43:00+00:00,2026-01-22T23:46:00+00:00,2,up,4936.54,4945.57,9.029999999999745,0.7932895096495303,0.7932895096495303,0,11578,2026-01-22T23:42:00+00:00,4936.25,4951.16,5010.5881,5010.5881,reverse_signal
11582,2026-01-22T23:46:00+00:00,2026-01-22T23:47:00+00:00,2026-01-22T23:56:00+00:00,0,down,4945.43,4960.43,-15.0,0.8289215618084006,0.6824994691861932,3,11585,2026-01-22T23:49:00+00:00,4945.98,4954.64,4876.971399999999,4871.24855,stop_loss
11797,2026-01-23T15:19:00+00:00,2026-01-23T15:20:00+00:00,2026-01-23T15:31:00+00:00,0,down,4949.23,4950.25,-1.0200000000004366,0.9609795251688342,0.9980133110550637,0,11797,2026-01-23T15:19:00+00:00,4949.31,4979.97,4874.99155,4874.99155,reverse_signal
11824,2026-01-23T15:46:00+00:00,2026-01-23T15:47:00+00:00,2026-01-23T16:10:00+00:00,0,down,4960.64,4975.64,-15.0,0.9998973574575835,0.9999892155924558,2,11834,2026-01-23T15:56:00+00:00,4960.84,4981.31,4883.95505,4886.2304,stop_loss
11886,2026-01-23T16:48:00+00:00,2026-01-23T16:49:00+00:00,2026-01-23T17:54:00+00:00,2,up,4975.93,4971.18,-4.75,0.9237033802302049,0.9692388562516603,1,11887,2026-01-23T16:49:00+00:00,4975.75,4983.49,5053.0963,5050.56895,timeout
11992,2026-01-23T18:34:00+00:00,2026-01-23T18:35:00+00:00,2026-01-23T19:34:00+00:00,0,down,4974.56,4977.06,-2.5,0.9988568599303531,0.9988568599303531,0,11992,2026-01-23T18:34:00+00:00,4974.9,4977.06,4899.9416,4899.9416,timeout
12106,2026-01-23T20:28:00+00:00,2026-01-23T20:29:00+00:00,2026-01-25T23:01:00+00:00,0,down,4981.1,4996.1,-15.0,0.7298399499232924,0.8668917635709157,0,12106,2026-01-23T20:28:00+00:00,4981.5,4982.36,4906.3835,4906.3835,stop_loss
12139,2026-01-25T23:09:00+00:00,2026-01-25T23:10:00+00:00,2026-01-25T23:48:00+00:00,0,down,5022.48,5033.14,-10.660000000000764,0.9432375570150602,0.9335432566321229,0,12139,2026-01-25T23:09:00+00:00,5023.37,5042.79,4947.1428,4947.1428,reverse_signal
12266,2026-01-26T01:46:00+00:00,2026-01-26T01:47:00+00:00,2026-01-26T01:54:00+00:00,0,down,5076.07,5082.25,-6.180000000000291,0.9212411492477072,0.7330589367891236,0,12266,2026-01-26T01:46:00+00:00,5076.24,5088.19,4999.9289499999995,4999.9289499999995,reverse_signal
12274,2026-01-26T01:54:00+00:00,2026-01-26T01:55:00+00:00,2026-01-26T02:54:00+00:00,2,up,5078.52,5086.17,7.649999999999636,0.9790459615437034,0.9790459615437034,0,12274,2026-01-26T01:54:00+00:00,5078.05,5086.17,5154.697800000001,5154.697800000001,timeout
12393,2026-01-26T03:53:00+00:00,2026-01-26T03:54:00+00:00,2026-01-26T04:54:00+00:00,0,down,5072.97,5065.87,7.100000000000364,0.9910747663983016,0.9996435372210156,0,12393,2026-01-26T03:53:00+00:00,5073.22,5066.14,4996.8754500000005,4996.8754500000005,timeout
12533,2026-01-26T06:45:00+00:00,2026-01-26T06:46:00+00:00,2026-01-26T06:57:00+00:00,2,up,5098.42,5088.31,-10.109999999999673,0.5716597614489918,0.5716597614489918,0,12533,2026-01-26T06:45:00+00:00,5098.05,5090.08,5174.8963,5174.8963,reverse_signal
12642,2026-01-26T16:34:00+00:00,2026-01-26T16:35:00+00:00,2026-01-26T17:34:00+00:00,2,up,5075.58,5092.92,17.340000000000146,0.8262347965659883,0.8262347965659883,0,12642,2026-01-26T16:34:00+00:00,5075.13,5092.92,5151.7137,5151.7137,timeout
13292,2026-01-27T06:41:00+00:00,2026-01-27T06:42:00+00:00,2026-01-27T15:00:00+00:00,2,up,5087.16,5072.16,-15.0,0.9713432157189673,0.9522854658949141,0,13292,2026-01-27T06:41:00+00:00,5086.88,5099.93,5163.4673999999995,5163.4673999999995,stop_loss
13376,2026-01-27T16:05:00+00:00,2026-01-27T16:06:00+00:00,2026-01-27T16:20:00+00:00,0,down,5087.44,5102.44,-15.0,0.9006732828856346,0.9006732828856346,0,13376,2026-01-27T16:05:00+00:00,5087.53,5083.19,5011.1284,5011.1284,stop_loss
13415,2026-01-27T16:44:00+00:00,2026-01-27T16:45:00+00:00,2026-01-27T17:45:00+00:00,0,down,5088.55,5078.77,9.779999999999745,0.9958892049192726,0.5658982229338312,1,13416,2026-01-27T16:45:00+00:00,5088.82,5083.06,5013.34465,5012.221750000001,timeout
13486,2026-01-27T20:04:00+00:00,2026-01-27T20:05:00+00:00,2026-01-27T20:10:00+00:00,0,down,5118.85,5133.85,-15.0,0.8952691449721649,0.8895756744046508,2,13491,2026-01-27T20:09:00+00:00,5119.18,5181.26,5049.1691,5042.06725,stop_loss
13492,2026-01-27T20:10:00+00:00,2026-01-27T20:11:00+00:00,2026-01-27T20:20:00+00:00,0,down,5134.77,5149.77,-15.0,0.980511833345563,0.9751583606114148,3,13498,2026-01-27T20:16:00+00:00,5135.8,5178.78,5060.3981,5057.74845,stop_loss
13503,2026-01-27T20:21:00+00:00,2026-01-27T20:22:00+00:00,2026-01-27T21:51:00+00:00,2,up,5144.55,5178.66,34.10999999999967,0.8413047350734625,0.9996741969928387,1,13529,2026-01-27T20:47:00+00:00,5144.2,5187.53,5230.4168,5221.71825,timeout
13738,2026-01-28T01:47:00+00:00,2026-01-28T01:48:00+00:00,2026-01-28T01:59:00+00:00,2,up,5223.74,5208.74,-15.0,0.8941156898915353,0.8881430005580854,1,13741,2026-01-28T01:50:00+00:00,5223.47,5227.23,5302.126550000001,5302.0961,stop_loss
13860,2026-01-28T03:49:00+00:00,2026-01-28T03:50:00+00:00,2026-01-28T04:53:00+00:00,0,down,5239.88,5249.83,-9.949999999999818,0.6127544510168859,0.999535712789423,3,13864,2026-01-28T03:53:00+00:00,5240.11,5242.92,5161.1439,5161.2818,timeout
13941,2026-01-28T05:28:00+00:00,2026-01-28T05:29:00+00:00,2026-01-28T05:35:00+00:00,0,down,5259.82,5255.25,4.569999999999709,0.9959682560986158,0.7801459500323653,1,13944,2026-01-28T05:31:00+00:00,5260.41,5260.76,5181.287149999999,5180.9227,reverse_signal
13949,2026-01-28T05:36:00+00:00,2026-01-28T05:37:00+00:00,2026-01-28T05:41:00+00:00,2,up,5258.58,5260.43,1.8500000000003638,0.9957688322249526,0.9984773376110908,1,13951,2026-01-28T05:38:00+00:00,5258.3,5260.94,5338.6361,5337.4587,reverse_signal
13955,2026-01-28T05:42:00+00:00,2026-01-28T05:43:00+00:00,2026-01-28T06:52:00+00:00,2,up,5265.41,5269.42,4.010000000000218,0.9937704044965863,0.9948344886747796,1,13956,2026-01-28T05:43:00+00:00,5265.2,5260.39,5344.512949999999,5344.3911499999995,timeout
14182,2026-01-28T17:29:00+00:00,2026-01-28T17:30:00+00:00,2026-01-28T18:21:00+00:00,0,down,5302.51,5317.51,-15.0,0.9890412360335341,0.9995233909935646,0,14182,2026-01-28T17:29:00+00:00,5302.85,5305.51,5222.97235,5222.97235,stop_loss
14234,2026-01-28T18:21:00+00:00,2026-01-28T18:22:00+00:00,2026-01-28T18:50:00+00:00,0,down,5319.84,5278.96,40.88000000000011,0.9999910693000126,0.9978141161535252,2,14243,2026-01-28T18:30:00+00:00,5320.1,5285.35,5211.5956,5240.0424,reverse_signal
14263,2026-01-28T18:50:00+00:00,2026-01-28T18:51:00+00:00,2026-01-28T19:50:00+00:00,2,up,5282.99,5317.81,34.82000000000062,0.9983473035807513,0.9983473035807513,0,14263,2026-01-28T18:50:00+00:00,5282.81,5317.81,5362.23485,5362.23485,timeout
14362,2026-01-28T20:29:00+00:00,2026-01-28T20:30:00+00:00,2026-01-28T21:30:00+00:00,2,up,5354.84,5381.8,26.960000000000036,0.8401346353857401,0.9864678201874927,1,14363,2026-01-28T20:30:00+00:00,5354.5,5381.8,5439.6895,5435.162600000001,timeout
14494,2026-01-28T23:42:00+00:00,2026-01-28T23:43:00+00:00,2026-01-28T23:44:00+00:00,2,up,5550.8,5535.8,-15.0,0.9538252994155504,0.9538252994155504,0,14494,2026-01-28T23:42:00+00:00,5549.4,5494.18,5634.062,5634.062,stop_loss
14587,2026-01-29T01:45:00+00:00,2026-01-29T01:46:00+00:00,2026-01-29T01:48:00+00:00,0,down,5528.23,5543.23,-15.0,0.9998129399210952,0.9999042752289649,1,14588,2026-01-29T01:46:00+00:00,5528.5,5531.44,5454.0632,5445.306549999999,stop_loss
14590,2026-01-29T01:48:00+00:00,2026-01-29T01:49:00+00:00,2026-01-29T04:34:00+00:00,0,down,5544.71,5559.71,-15.0,0.9998726229566691,0.9999933983175099,3,14637,2026-01-29T02:35:00+00:00,5544.97,5537.24,5456.9591,5461.53935,stop_loss
14789,2026-01-29T05:07:00+00:00,2026-01-29T05:08:00+00:00,2026-01-29T06:02:00+00:00,0,down,5558.74,5573.74,-15.0,0.9724489944842162,0.9999848315808517,2,14792,2026-01-29T05:10:00+00:00,5558.89,5584.12,5472.66,5475.3589,stop_loss
14889,2026-01-29T06:47:00+00:00,2026-01-29T06:48:00+00:00,2026-01-29T15:00:00+00:00,2,up,5562.64,5547.64,-15.0,0.9909457132265258,0.9909457132265258,0,14889,2026-01-29T06:47:00+00:00,5562.39,5549.51,5646.0796,5646.0796,stop_loss
14911,2026-01-29T15:09:00+00:00,2026-01-29T15:10:00+00:00,2026-01-29T15:11:00+00:00,0,down,5413.19,5428.19,-15.0,0.8197567185615816,0.999944257705312,1,14912,2026-01-29T15:10:00+00:00,5417.68,5240.64,5345.7526,5331.99215,stop_loss
14913,2026-01-29T15:11:00+00:00,2026-01-29T15:12:00+00:00,2026-01-29T15:12:00+00:00,0,down,5410.44,5425.44,-15.0,0.9503657308340013,0.9503657308340013,0,14913,2026-01-29T15:11:00+00:00,5413.31,5252.86,5329.283399999999,5329.283399999999,stop_loss
14914,2026-01-29T15:12:00+00:00,2026-01-29T15:13:00+00:00,2026-01-29T15:16:00+00:00,0,down,5424.7,5357.55,67.14999999999964,0.9999379941595482,0.9999236927264702,0,14914,2026-01-29T15:12:00+00:00,5429.57,5254.46,5343.3295,5343.3295,reverse_signal
14919,2026-01-29T15:17:00+00:00,2026-01-29T15:18:00+00:00,2026-01-29T15:22:00+00:00,2,up,5298.86,5357.9,59.039999999999964,0.9981644098245783,0.9574775420820066,1,14920,2026-01-29T15:18:00+00:00,5296.5,5261.94,5420.25225,5378.3429,reverse_signal
14924,2026-01-29T15:22:00+00:00,2026-01-29T15:23:00+00:00,2026-01-29T15:26:00+00:00,0,down,5352.2,5271.9169999999995,80.28300000000036,0.738897607167982,0.8627614994800836,0,14924,2026-01-29T15:22:00+00:00,5354.92,5249.42,5271.9169999999995,5271.9169999999995,target_hit
14928,2026-01-29T15:26:00+00:00,2026-01-29T15:27:00+00:00,2026-01-29T15:27:00+00:00,0,down,5256.16,5177.3176,78.84239999999954,0.8868930519989255,0.8868930519989255,0,14928,2026-01-29T15:26:00+00:00,5257.28,5291.45,5177.3176,5177.3176,target_hit
14929,2026-01-29T15:27:00+00:00,2026-01-29T15:28:00+00:00,2026-01-29T15:28:00+00:00,0,down,5130.68,5145.68,-15.0,0.8075440765436372,0.8075440765436372,0,14929,2026-01-29T15:27:00+00:00,5135.23,5291.12,5053.7198,5053.7198,stop_loss
14931,2026-01-29T15:29:00+00:00,2026-01-29T15:30:00+00:00,2026-01-29T15:30:00+00:00,0,down,5193.41,5208.41,-15.0,0.6763078293717815,0.6763078293717815,0,14931,2026-01-29T15:29:00+00:00,5194.3,5290.77,5115.50885,5115.50885,stop_loss
14932,2026-01-29T15:30:00+00:00,2026-01-29T15:31:00+00:00,2026-01-29T15:31:00+00:00,0,down,5225.59,5240.59,-15.0,0.8737945379369475,0.8737945379369475,0,14932,2026-01-29T15:30:00+00:00,5230.63,5305.18,5147.20615,5147.20615,stop_loss
14933,2026-01-29T15:31:00+00:00,2026-01-29T15:32:00+00:00,2026-01-29T15:36:00+00:00,0,down,5183.24,5129.85,53.38999999999942,0.9318862850340613,0.9269360845655011,0,14933,2026-01-29T15:31:00+00:00,5187.17,5308.25,5105.4914,5105.4914,reverse_signal
14938,2026-01-29T15:36:00+00:00,2026-01-29T15:37:00+00:00,2026-01-29T15:37:00+00:00,0,down,5135.12,5150.12,-15.0,0.9666971120455177,0.9666971120455177,0,14938,2026-01-29T15:36:00+00:00,5138.45,5258.62,5058.0932,5058.0932,stop_loss
14939,2026-01-29T15:37:00+00:00,2026-01-29T15:38:00+00:00,2026-01-29T15:38:00+00:00,0,down,5176.06,5191.06,-15.0,0.8631101896141,0.8631101896141,0,14939,2026-01-29T15:37:00+00:00,5177.94,5261.46,5098.4191,5098.4191,stop_loss
14940,2026-01-29T15:38:00+00:00,2026-01-29T15:39:00+00:00,2026-01-29T15:39:00+00:00,0,down,5209.38,5224.38,-15.0,0.9497666837088636,0.9497666837088636,0,14940,2026-01-29T15:38:00+00:00,5215.0,5257.25,5131.2393,5131.2393,stop_loss
14941,2026-01-29T15:39:00+00:00,2026-01-29T15:40:00+00:00,2026-01-29T15:42:00+00:00,0,down,5201.54,5123.5169,78.02310000000034,0.9377746701684302,0.9377746701684302,0,14941,2026-01-29T15:39:00+00:00,5206.82,5251.73,5123.5169,5123.5169,target_hit
14950,2026-01-29T15:48:00+00:00,2026-01-29T15:49:00+00:00,2026-01-29T16:14:00+00:00,2,up,5166.66,5270.407800000001,103.747800000001,0.8347772622690497,0.5639191820068227,1,14958,2026-01-29T15:56:00+00:00,5163.47,5251.13,5270.407800000001,5244.1599,target_hit
15047,2026-01-29T17:25:00+00:00,2026-01-29T17:26:00+00:00,2026-01-29T17:26:00+00:00,0,down,5344.64,5359.64,-15.0,0.9992049088848328,0.9992049088848328,0,15047,2026-01-29T17:25:00+00:00,5346.03,5332.14,5264.4704,5264.4704,stop_loss
15157,2026-01-29T19:15:00+00:00,2026-01-29T19:16:00+00:00,2026-01-29T19:18:00+00:00,0,down,5313.11,5328.11,-15.0,0.9993627975023807,0.9993627975023807,0,15157,2026-01-29T19:15:00+00:00,5314.94,5292.87,5233.41335,5233.41335,stop_loss
15286,2026-01-29T21:24:00+00:00,2026-01-29T21:25:00+00:00,2026-01-29T21:44:00+00:00,2,up,5404.75,5389.75,-15.0,0.9874511261549395,0.9931370973091427,1,15287,2026-01-29T21:25:00+00:00,5404.86,5412.2,5489.2621,5485.82125,stop_loss
15368,2026-01-29T23:47:00+00:00,2026-01-29T23:48:00+00:00,2026-01-30T00:29:00+00:00,0,down,5440.22,5426.7,13.520000000000437,0.9938085096060838,0.9967213915262831,1,15395,2026-01-30T00:14:00+00:00,5441.29,5311.95,5363.541700000001,5358.6167000000005,reverse_signal
15410,2026-01-30T00:29:00+00:00,2026-01-30T00:30:00+00:00,2026-01-30T01:29:00+00:00,0,down,5426.25,5348.86,77.39000000000033,0.725837497586621,0.725837497586621,0,15410,2026-01-30T00:29:00+00:00,5427.71,5357.81,5344.85625,5344.85625,timeout
15490,2026-01-30T02:19:00+00:00,2026-01-30T02:20:00+00:00,2026-01-30T02:20:00+00:00,0,down,5145.55,5160.55,-15.0,0.5876349095547613,0.5876349095547613,0,15490,2026-01-30T02:19:00+00:00,5146.15,5191.38,5068.36675,5068.36675,stop_loss
15492,2026-01-30T02:21:00+00:00,2026-01-30T02:22:00+00:00,2026-01-30T02:22:00+00:00,0,down,5128.15,5143.15,-15.0,0.8226044988934,0.8226044988934,0,15492,2026-01-30T02:21:00+00:00,5129.75,5184.6,5051.22775,5051.22775,stop_loss
15606,2026-01-30T04:15:00+00:00,2026-01-30T04:16:00+00:00,2026-01-30T05:16:00+00:00,0,down,5222.15,5237.15,-15.0,0.981355472531331,0.9998827576301761,1,15665,2026-01-30T05:14:00+00:00,5222.5,5192.7,5147.75775,5143.817749999999,stop_loss
15683,2026-01-30T05:32:00+00:00,2026-01-30T05:33:00+00:00,2026-01-30T05:37:00+00:00,0,down,5219.25,5234.25,-15.0,0.9990286903943972,0.9990286903943972,0,15683,2026-01-30T05:32:00+00:00,5221.83,5165.13,5140.96125,5140.96125,stop_loss
15711,2026-01-30T06:00:00+00:00,2026-01-30T06:01:00+00:00,2026-01-30T06:07:00+00:00,2,up,5190.0,5175.0,-15.0,0.725614940631365,0.725614940631365,0,15711,2026-01-30T06:00:00+00:00,5188.0,5129.9,5267.85,5267.85,stop_loss
15729,2026-01-30T06:18:00+00:00,2026-01-30T06:19:00+00:00,2026-01-30T06:20:00+00:00,0,down,5167.35,5182.35,-15.0,0.9346892588172565,0.9337429095790659,1,15730,2026-01-30T06:19:00+00:00,5170.65,5177.36,5096.754449999999,5089.83975,stop_loss
15731,2026-01-30T06:20:00+00:00,2026-01-30T06:21:00+00:00,2026-01-30T06:24:00+00:00,0,down,5180.2,5195.2,-15.0,0.6683742041494348,0.9999250314341498,3,15734,2026-01-30T06:23:00+00:00,5182.85,5178.54,5111.5196,5102.496999999999,stop_loss
15740,2026-01-30T06:29:00+00:00,2026-01-30T06:30:00+00:00,2026-01-30T06:38:00+00:00,2,up,5158.43,5177.28,18.849999999999454,0.6741090085453438,0.6741090085453438,0,15740,2026-01-30T06:29:00+00:00,5155.45,5174.13,5235.80645,5235.80645,reverse_signal
15756,2026-01-30T06:45:00+00:00,2026-01-30T06:46:00+00:00,2026-01-30T15:00:00+00:00,2,up,5154.2,5139.2,-15.0,0.7034913832418749,0.7034913832418749,0,15756,2026-01-30T06:45:00+00:00,5152.02,5146.25,5231.513,5231.513,stop_loss
15777,2026-01-30T15:06:00+00:00,2026-01-30T15:07:00+00:00,2026-01-30T15:11:00+00:00,0,down,5003.95,5018.95,-15.0,0.9996362284832679,0.9996362284832679,0,15777,2026-01-30T15:06:00+00:00,5006.35,5036.55,4928.89075,4928.89075,stop_loss
15813,2026-01-30T15:42:00+00:00,2026-01-30T15:43:00+00:00,2026-01-30T16:35:00+00:00,0,down,5061.35,4983.755249999999,77.59475000000111,0.9999865658423024,0.9703431330986467,2,15818,2026-01-30T15:47:00+00:00,5063.03,4995.55,4983.755249999999,4985.42975,target_hit
15872,2026-01-30T16:41:00+00:00,2026-01-30T16:42:00+00:00,2026-01-30T16:48:00+00:00,2,up,4995.69,4980.69,-15.0,0.6693950077327354,0.6693950077327354,0,15872,2026-01-30T16:41:00+00:00,4993.65,4899.15,5070.625349999999,5070.625349999999,stop_loss
15884,2026-01-30T16:53:00+00:00,2026-01-30T16:54:00+00:00,2026-01-30T17:13:00+00:00,0,down,4976.75,4916.45,60.30000000000018,0.8703079429122471,0.9797239056570783,5,15898,2026-01-30T17:07:00+00:00,4978.35,4850.15,4865.25975,4902.09875,reverse_signal
15904,2026-01-30T17:13:00+00:00,2026-01-30T17:14:00+00:00,2026-01-30T17:32:00+00:00,2,up,4913.55,4898.55,-15.0,0.880931113985893,0.6130214307799071,1,15905,2026-01-30T17:14:00+00:00,4911.65,4807.2,4987.71,4987.25325,stop_loss
15947,2026-01-30T17:56:00+00:00,2026-01-30T17:57:00+00:00,2026-01-30T17:57:00+00:00,0,down,4830.1,4845.1,-15.0,0.7933449890662525,0.7933449890662525,0,15947,2026-01-30T17:56:00+00:00,4833.8,4883.1,4757.6485,4757.6485,stop_loss
16074,2026-01-30T20:03:00+00:00,2026-01-30T20:04:00+00:00,2026-01-30T20:05:00+00:00,0,down,4898.6,4913.6,-15.0,0.9984703376810564,0.9966675064151659,1,16075,2026-01-30T20:04:00+00:00,4901.35,4859.21,4837.08875,4825.121,stop_loss
16205,2026-02-01T23:16:00+00:00,2026-02-01T23:17:00+00:00,2026-02-01T23:18:00+00:00,2,up,4734.88,4719.88,-15.0,0.6374082761662679,0.6374082761662679,0,16205,2026-02-01T23:16:00+00:00,4730.43,4844.55,4805.9032,4805.9032,stop_loss
16222,2026-02-01T23:33:00+00:00,2026-02-01T23:34:00+00:00,2026-02-01T23:34:00+00:00,0,down,4732.6,4747.6,-15.0,0.8693550136512133,0.8693550136512133,0,16222,2026-02-01T23:33:00+00:00,4738.1,4814.74,4661.611000000001,4661.611000000001,stop_loss
16223,2026-02-01T23:34:00+00:00,2026-02-01T23:35:00+00:00,2026-02-01T23:36:00+00:00,0,down,4746.07,4761.07,-15.0,0.7165507423576603,0.7165507423576603,0,16223,2026-02-01T23:34:00+00:00,4751.07,4820.72,4674.878949999999,4674.878949999999,stop_loss
16225,2026-02-01T23:36:00+00:00,2026-02-01T23:37:00+00:00,2026-02-01T23:37:00+00:00,0,down,4752.9,4767.9,-15.0,0.5983843526603845,0.5983843526603845,0,16225,2026-02-01T23:36:00+00:00,4757.2,4831.8,4681.6065,4681.6065,stop_loss
16226,2026-02-01T23:37:00+00:00,2026-02-01T23:38:00+00:00,2026-02-01T23:38:00+00:00,0,down,4762.59,4777.59,-15.0,0.9653977761242581,0.9653977761242581,0,16226,2026-02-01T23:37:00+00:00,4767.18,4833.3,4691.15115,4691.15115,stop_loss
16227,2026-02-01T23:38:00+00:00,2026-02-01T23:39:00+00:00,2026-02-01T23:40:00+00:00,0,down,4775.7,4790.7,-15.0,0.9743045309733536,0.7259806018966628,1,16228,2026-02-01T23:39:00+00:00,4780.75,4834.85,4708.7925,4704.0644999999995,stop_loss
16229,2026-02-01T23:40:00+00:00,2026-02-01T23:41:00+00:00,2026-02-01T23:41:00+00:00,2,up,4785.5,4770.5,-15.0,0.8704461871100351,0.8704461871100351,0,16229,2026-02-01T23:40:00+00:00,4780.5,4827.75,4857.2825,4857.2825,stop_loss
16232,2026-02-01T23:43:00+00:00,2026-02-01T23:44:00+00:00,2026-02-01T23:45:00+00:00,2,up,4774.33,4759.33,-15.0,0.9728305538903274,0.8575980770017976,0,16232,2026-02-01T23:43:00+00:00,4771.0,4804.98,4845.94495,4845.94495,stop_loss
16235,2026-02-01T23:46:00+00:00,2026-02-01T23:47:00+00:00,2026-02-01T23:47:00+00:00,2,up,4746.25,4731.25,-15.0,0.9731045934833514,0.9731045934833514,0,16235,2026-02-01T23:46:00+00:00,4749.35,4794.66,4817.44375,4817.44375,stop_loss
16236,2026-02-01T23:47:00+00:00,2026-02-01T23:48:00+00:00,2026-02-01T23:52:00+00:00,2,up,4736.55,4741.52,4.970000000000255,0.8218239468517579,0.8218239468517579,0,16236,2026-02-01T23:47:00+00:00,4733.15,4782.83,4807.59825,4807.59825,reverse_signal
16241,2026-02-01T23:52:00+00:00,2026-02-01T23:53:00+00:00,2026-02-02T00:01:00+00:00,0,down,4753.3,4768.3,-15.0,0.9385441509496888,0.9797021000975112,3,16247,2026-02-01T23:58:00+00:00,4755.9,4782.53,4679.56755,4682.0005,stop_loss
16250,2026-02-02T00:01:00+00:00,2026-02-02T00:02:00+00:00,2026-02-02T00:04:00+00:00,0,down,4764.8,4779.8,-15.0,0.9738236732160203,0.9738236732160203,0,16250,2026-02-02T00:01:00+00:00,4767.2,4749.9,4693.328,4693.328,stop_loss
16316,2026-02-02T01:37:00+00:00,2026-02-02T01:38:00+00:00,2026-02-02T01:47:00+00:00,0,down,4715.8,4730.8,-15.0,0.826566557551018,0.7957203152695027,0,16316,2026-02-02T01:37:00+00:00,4718.4,4757.38,4645.063,4645.063,stop_loss
16438,2026-02-02T03:39:00+00:00,2026-02-02T03:40:00+00:00,2026-02-02T03:44:00+00:00,0,down,4653.16,4668.16,-15.0,0.9999824759146911,0.9488256290384771,1,16442,2026-02-02T03:43:00+00:00,4655.35,4686.64,4594.48325,4583.3625999999995,stop_loss
16459,2026-02-02T04:00:00+00:00,2026-02-02T04:01:00+00:00,2026-02-02T04:01:00+00:00,2,up,4659.75,4644.75,-15.0,0.8463430746916162,0.8463430746916162,0,16459,2026-02-02T04:00:00+00:00,4657.78,4677.76,4729.64625,4729.64625,stop_loss
16465,2026-02-02T04:06:00+00:00,2026-02-02T04:07:00+00:00,2026-02-02T04:47:00+00:00,2,up,4637.56,4707.1234,69.5634,0.7244179833374297,0.8356796412588725,0,16465,2026-02-02T04:06:00+00:00,4636.74,4674.6,4707.1234,4707.1234,target_hit
16564,2026-02-02T05:45:00+00:00,2026-02-02T05:46:00+00:00,2026-02-02T05:46:00+00:00,0,down,4560.62,4575.62,-15.0,0.9489987909282022,0.9489987909282022,0,16564,2026-02-02T05:45:00+00:00,4563.8,4457.8,4492.2107,4492.2107,stop_loss
16565,2026-02-02T05:46:00+00:00,2026-02-02T05:47:00+00:00,2026-02-02T05:53:00+00:00,0,down,4576.2,4507.557,68.64300000000003,0.9648556793221622,0.9637363524262046,0,16565,2026-02-02T05:46:00+00:00,4577.95,4457.0,4507.557,4507.557,target_hit
16572,2026-02-02T05:53:00+00:00,2026-02-02T05:54:00+00:00,2026-02-02T05:54:00+00:00,0,down,4516.15,4531.15,-15.0,0.8884779620673926,0.8884779620673926,0,16572,2026-02-02T05:53:00+00:00,4525.91,4477.8,4448.407749999999,4448.407749999999,stop_loss
16573,2026-02-02T05:54:00+00:00,2026-02-02T05:55:00+00:00,2026-02-02T05:58:00+00:00,0,down,4537.4,4552.4,-15.0,0.9635934737908857,0.8944337862781045,2,16575,2026-02-02T05:56:00+00:00,4540.2,4510.7,4465.152749999999,4469.339,stop_loss
16577,2026-02-02T05:58:00+00:00,2026-02-02T05:59:00+00:00,2026-02-02T06:14:00+00:00,0,down,4564.18,4536.1,28.079999999999927,0.7685778038032767,0.9068596827313959,0,16577,2026-02-02T05:58:00+00:00,4565.7,4504.8,4495.7173,4495.7173,reverse_signal
16593,2026-02-02T06:14:00+00:00,2026-02-02T06:15:00+00:00,2026-02-02T06:17:00+00:00,2,up,4537.1,4522.1,-15.0,0.8278765004671593,0.9854309024928002,1,16594,2026-02-02T06:15:00+00:00,4534.7,4549.1,4611.145,4605.1565,stop_loss
16605,2026-02-02T06:26:00+00:00,2026-02-02T06:27:00+00:00,2026-02-02T06:27:00+00:00,2,up,4454.6,4439.6,-15.0,0.7081215965319587,0.7081215965319587,0,16605,2026-02-02T06:26:00+00:00,4451.2,4569.34,4521.419000000001,4521.419000000001,stop_loss
16606,2026-02-02T06:27:00+00:00,2026-02-02T06:28:00+00:00,2026-02-02T06:37:00+00:00,2,up,4460.13,4445.13,-15.0,0.6464589661406829,0.8922791795769843,1,16611,2026-02-02T06:32:00+00:00,4455.7,4525.39,4543.343,4527.0319500000005,stop_loss
16685,2026-02-02T15:46:00+00:00,2026-02-02T15:47:00+00:00,2026-02-02T16:00:00+00:00,0,down,4658.15,4620.95,37.19999999999982,0.9137942856693608,0.9999492038301369,0,16685,2026-02-02T15:46:00+00:00,4660.35,4660.97,4588.277749999999,4588.277749999999,reverse_signal
16699,2026-02-02T16:00:00+00:00,2026-02-02T16:01:00+00:00,2026-02-02T16:02:00+00:00,2,up,4612.25,4597.25,-15.0,0.6008601544677006,0.5875652414216918,0,16699,2026-02-02T16:00:00+00:00,4610.67,4665.63,4681.43375,4681.43375,stop_loss
16701,2026-02-02T16:02:00+00:00,2026-02-02T16:03:00+00:00,2026-02-02T16:03:00+00:00,0,down,4617.4,4632.4,-15.0,0.9562164247971158,0.9562164247971158,0,16701,2026-02-02T16:02:00+00:00,4619.05,4670.46,4548.138999999999,4548.138999999999,stop_loss
16702,2026-02-02T16:03:00+00:00,2026-02-02T16:04:00+00:00,2026-02-02T16:04:00+00:00,0,down,4629.65,4644.65,-15.0,0.9580398875103022,0.9580398875103022,0,16702,2026-02-02T16:03:00+00:00,4632.39,4678.25,4560.20525,4560.20525,stop_loss
16703,2026-02-02T16:04:00+00:00,2026-02-02T16:05:00+00:00,2026-02-02T16:06:00+00:00,0,down,4643.37,4658.37,-15.0,0.870031211424943,0.93777665043522,1,16704,2026-02-02T16:05:00+00:00,4645.55,4679.63,4579.9348,4573.71945,stop_loss
16844,2026-02-02T18:25:00+00:00,2026-02-02T18:26:00+00:00,2026-02-02T18:31:00+00:00,0,down,4635.95,4650.95,-15.0,0.9999308643236058,0.9999308643236058,0,16844,2026-02-02T18:25:00+00:00,4637.17,4649.6,4566.41075,4566.41075,stop_loss
16851,2026-02-02T18:32:00+00:00,2026-02-02T18:33:00+00:00,2026-02-02T18:34:00+00:00,0,down,4640.74,4655.74,-15.0,0.95135160034433,0.9289070055663115,1,16852,2026-02-02T18:33:00+00:00,4641.78,4652.81,4579.4619999999995,4571.1289,stop_loss
16856,2026-02-02T18:37:00+00:00,2026-02-02T18:38:00+00:00,2026-02-02T18:45:00+00:00,2,up,4668.18,4653.18,-15.0,0.8856408846439665,0.8856408846439665,0,16856,2026-02-02T18:37:00+00:00,4666.35,4654.07,4738.202700000001,4738.202700000001,stop_loss
16869,2026-02-02T18:50:00+00:00,2026-02-02T18:51:00+00:00,2026-02-02T19:40:00+00:00,0,down,4658.14,4673.14,-15.0,0.9999608904244104,0.9999370272395072,0,16869,2026-02-02T18:50:00+00:00,4659.51,4708.85,4588.267900000001,4588.267900000001,stop_loss
16951,2026-02-02T20:12:00+00:00,2026-02-02T20:13:00+00:00,2026-02-02T20:23:00+00:00,0,down,4693.51,4660.01,33.5,0.9248594660951784,0.9674526177250994,2,16954,2026-02-02T20:15:00+00:00,4694.53,4680.74,4614.1537,4623.10735,reverse_signal
16962,2026-02-02T20:23:00+00:00,2026-02-02T20:24:00+00:00,2026-02-02T20:26:00+00:00,0,down,4656.5,4664.22,-7.720000000000255,0.9944369870492367,0.9944369870492367,0,16962,2026-02-02T20:23:00+00:00,4658.6,4668.6,4586.6525,4586.6525,reverse_signal
16986,2026-02-02T20:47:00+00:00,2026-02-02T20:48:00+00:00,2026-02-02T21:27:00+00:00,0,down,4668.16,4683.16,-15.0,0.9998072578248707,0.9778111747330869,2,17012,2026-02-02T21:13:00+00:00,4669.35,4719.7,4604.80605,4598.1376,stop_loss
17091,2026-02-02T23:33:00+00:00,2026-02-02T23:34:00+00:00,2026-02-02T23:35:00+00:00,0,down,4725.72,4740.72,-15.0,0.9948803093639886,0.9948803093639886,0,17091,2026-02-02T23:33:00+00:00,4728.0,4823.88,4654.8342,4654.8342,stop_loss
17093,2026-02-02T23:35:00+00:00,2026-02-02T23:36:00+00:00,2026-02-02T23:39:00+00:00,0,down,4736.3,4751.3,-15.0,0.9562057308578605,0.9691604298978519,2,17095,2026-02-02T23:37:00+00:00,4738.69,4829.97,4667.2747500000005,4665.2555,stop_loss
17097,2026-02-02T23:39:00+00:00,2026-02-02T23:40:00+00:00,2026-02-02T23:51:00+00:00,0,down,4748.85,4763.85,-15.0,0.9769741340967778,0.9769741340967778,0,17097,2026-02-02T23:39:00+00:00,4751.55,4822.5,4677.61725,4677.61725,stop_loss
17236,2026-02-03T02:28:00+00:00,2026-02-03T02:29:00+00:00,2026-02-03T02:30:00+00:00,2,up,4777.5,4762.5,-15.0,0.7594772815877433,0.7594772815877433,0,17236,2026-02-03T02:28:00+00:00,4775.42,4768.39,4849.1625,4849.1625,stop_loss
17239,2026-02-03T02:31:00+00:00,2026-02-03T02:32:00+00:00,2026-02-03T03:00:00+00:00,0,down,4775.7,4790.7,-15.0,0.792920853411466,0.740977655559206,0,17239,2026-02-03T02:31:00+00:00,4777.53,4786.61,4704.0644999999995,4704.0644999999995,stop_loss
17273,2026-02-03T03:05:00+00:00,2026-02-03T03:06:00+00:00,2026-02-03T03:38:00+00:00,0,down,4786.18,4801.18,-15.0,0.9534943983839166,0.9534943983839166,0,17273,2026-02-03T03:05:00+00:00,4787.97,4824.0,4714.3873,4714.3873,stop_loss
17426,2026-02-03T05:38:00+00:00,2026-02-03T05:39:00+00:00,2026-02-03T06:14:00+00:00,0,down,4830.99,4845.99,-15.0,0.9990400380473745,0.9400755351021699,1,17460,2026-02-03T06:12:00+00:00,4832.47,4888.08,4768.02055,4758.5251499999995,stop_loss
17463,2026-02-03T06:15:00+00:00,2026-02-03T06:16:00+00:00,2026-02-03T06:20:00+00:00,0,down,4844.68,4859.68,-15.0,0.98001839464305,0.98001839464305,0,17463,2026-02-03T06:15:00+00:00,4845.87,4885.21,4772.009800000001,4772.009800000001,stop_loss
17468,2026-02-03T06:20:00+00:00,2026-02-03T06:21:00+00:00,2026-02-03T06:22:00+00:00,2,up,4849.06,4854.63,5.569999999999709,0.9677388590729916,0.9677388590729916,0,17468,2026-02-03T06:20:00+00:00,4850.63,4885.51,4921.7959,4921.7959,reverse_signal
17478,2026-02-03T06:30:00+00:00,2026-02-03T06:31:00+00:00,2026-02-03T06:40:00+00:00,0,down,4869.69,4884.69,-15.0,0.9958877572226227,0.988564042667479,1,17485,2026-02-03T06:37:00+00:00,4871.7,4928.38,4802.98805,4796.644649999999,stop_loss
17498,2026-02-03T06:50:00+00:00,2026-02-03T06:51:00+00:00,2026-02-03T06:53:00+00:00,2,up,4870.98,4876.88,5.900000000000546,0.991428191500407,0.991428191500407,0,17498,2026-02-03T06:50:00+00:00,4869.17,4917.28,4944.0446999999995,4944.0446999999995,reverse_signal
17501,2026-02-03T06:53:00+00:00,2026-02-03T06:54:00+00:00,2026-02-03T06:55:00+00:00,2,up,4880.88,4872.4,-8.480000000000473,0.9755725919573086,0.9755725919573086,0,17501,2026-02-03T06:53:00+00:00,4879.78,4918.43,4954.0932,4954.0932,reverse_signal
17503,2026-02-03T06:55:00+00:00,2026-02-03T06:56:00+00:00,2026-02-03T15:00:00+00:00,0,down,4879.01,4894.01,-15.0,0.8645447435210823,0.8645447435210823,0,17503,2026-02-03T06:55:00+00:00,4880.25,4926.8,4805.82485,4805.82485,stop_loss
17583,2026-02-03T16:15:00+00:00,2026-02-03T16:16:00+00:00,2026-02-03T16:16:00+00:00,0,down,4944.86,4959.86,-15.0,0.9992918227200642,0.9992918227200642,0,17583,2026-02-03T16:15:00+00:00,4945.2,4943.9,4870.6871,4870.6871,stop_loss
17587,2026-02-03T16:19:00+00:00,2026-02-03T16:20:00+00:00,2026-02-03T16:28:00+00:00,0,down,4967.27,4978.36,-11.089999999999236,0.9976555985112024,0.9976555985112024,0,17587,2026-02-03T16:19:00+00:00,4968.41,4965.95,4892.760950000001,4892.760950000001,reverse_signal
17607,2026-02-03T16:39:00+00:00,2026-02-03T16:40:00+00:00,2026-02-03T16:45:00+00:00,2,up,4993.75,4978.75,-15.0,0.9604000113260422,0.9604000113260422,0,17607,2026-02-03T16:39:00+00:00,4992.7,4952.33,5068.65625,5068.65625,stop_loss
17613,2026-02-03T16:45:00+00:00,2026-02-03T16:46:00+00:00,2026-02-03T16:51:00+00:00,2,up,4978.88,4963.88,-15.0,0.8140789749816186,0.8140789749816186,0,17613,2026-02-03T16:45:00+00:00,4978.23,4915.95,5053.5632000000005,5053.5632000000005,stop_loss
17619,2026-02-03T16:51:00+00:00,2026-02-03T16:52:00+00:00,2026-02-03T16:57:00+00:00,2,up,4965.95,4960.25,-5.699999999999818,0.7268003302733395,0.5789445248900281,0,17619,2026-02-03T16:51:00+00:00,4965.64,4944.01,5040.439249999999,5040.439249999999,reverse_signal
17722,2026-02-03T18:34:00+00:00,2026-02-03T18:35:00+00:00,2026-02-03T19:09:00+00:00,2,up,4896.48,4881.48,-15.0,0.8544534176844788,0.8544534176844788,0,17722,2026-02-03T18:34:00+00:00,4895.6,4924.55,4969.927199999999,4969.927199999999,stop_loss
17831,2026-02-03T20:23:00+00:00,2026-02-03T20:24:00+00:00,2026-02-03T20:30:00+00:00,0,down,4928.05,4943.05,-15.0,0.9838310418045448,0.9838310418045448,0,17831,2026-02-03T20:23:00+00:00,4928.55,4952.22,4854.12925,4854.12925,stop_loss
17860,2026-02-03T20:52:00+00:00,2026-02-03T20:53:00+00:00,2026-02-03T21:11:00+00:00,0,down,4941.71,4956.71,-15.0,0.9978254992531863,0.9968425922177166,1,17868,2026-02-03T21:00:00+00:00,4942.91,4962.8,4869.02245,4867.58435,stop_loss
18156,2026-02-04T03:19:00+00:00,2026-02-04T03:20:00+00:00,2026-02-04T03:34:00+00:00,0,down,5045.05,5060.05,-15.0,0.9994699295953378,0.9999664314648431,2,18161,2026-02-04T03:24:00+00:00,5047.05,5062.48,4968.8817500000005,4969.37425,stop_loss
18179,2026-02-04T03:42:00+00:00,2026-02-04T03:43:00+00:00,2026-02-04T04:45:00+00:00,0,down,5069.25,5074.05,-4.800000000000182,0.999716154107413,0.9995869734564258,0,18179,2026-02-04T03:42:00+00:00,5070.71,5070.08,4993.21125,4993.21125,timeout
18268,2026-02-04T05:11:00+00:00,2026-02-04T05:12:00+00:00,2026-02-04T05:34:00+00:00,0,down,5082.09,5077.51,4.579999999999927,0.9594621865478072,0.9594621865478072,0,18268,2026-02-04T05:11:00+00:00,5082.37,5061.22,5005.85865,5005.85865,reverse_signal
18298,2026-02-04T05:41:00+00:00,2026-02-04T05:42:00+00:00,2026-02-04T06:41:00+00:00,0,down,5084.85,5065.81,19.039999999999964,0.7780979435220531,0.7780979435220531,0,18298,2026-02-04T05:41:00+00:00,5085.75,5065.81,5008.57725,5008.57725,timeout
18377,2026-02-04T15:00:00+00:00,2026-02-04T15:01:00+00:00,2026-02-04T15:22:00+00:00,2,up,4983.1,4968.1,-15.0,0.7712920092479528,0.9568015092327569,1,18382,2026-02-04T15:05:00+00:00,4982.17,4919.25,5070.42235,5057.846500000001,stop_loss
18401,2026-02-04T15:24:00+00:00,2026-02-04T15:25:00+00:00,2026-02-04T15:28:00+00:00,2,up,4966.4,4951.4,-15.0,0.6071161674430454,0.6071161674430454,0,18401,2026-02-04T15:24:00+00:00,4965.38,4900.93,5040.896,5040.896,stop_loss
18405,2026-02-04T15:28:00+00:00,2026-02-04T15:29:00+00:00,2026-02-04T15:31:00+00:00,2,up,4951.97,4936.97,-15.0,0.72314245366503,0.9373518771515075,1,18406,2026-02-04T15:29:00+00:00,4950.65,4923.43,5031.5377,5026.24955,stop_loss
18413,2026-02-04T15:36:00+00:00,2026-02-04T15:37:00+00:00,2026-02-04T16:41:00+00:00,2,up,4901.15,4902.58,1.430000000000291,0.9899806555605466,0.8737215096827008,1,18417,2026-02-04T15:40:00+00:00,4900.25,4904.27,4997.22055,4974.6672499999995,timeout
18587,2026-02-04T18:30:00+00:00,2026-02-04T18:31:00+00:00,2026-02-04T18:57:00+00:00,0,down,4925.59,4928.5,-2.9099999999998545,0.9999937451733502,0.9994910098016073,0,18587,2026-02-04T18:30:00+00:00,4925.39,4936.59,4851.70615,4851.70615,reverse_signal
18738,2026-02-04T21:01:00+00:00,2026-02-04T21:02:00+00:00,2026-02-04T21:29:00+00:00,0,down,4944.98,4959.98,-15.0,0.999887467303958,0.9997354543812617,0,18738,2026-02-04T21:01:00+00:00,4945.07,4995.95,4870.8053,4870.8053,stop_loss
18986,2026-02-05T02:40:00+00:00,2026-02-05T02:41:00+00:00,2026-02-05T02:44:00+00:00,2,up,4913.07,4898.07,-15.0,0.9954435696343934,0.9954435696343934,0,18986,2026-02-05T02:40:00+00:00,4911.1,4856.58,4986.766049999999,4986.766049999999,stop_loss
18992,2026-02-05T02:46:00+00:00,2026-02-05T02:47:00+00:00,2026-02-05T02:47:00+00:00,2,up,4877.24,4862.24,-15.0,0.935877906902997,0.935877906902997,0,18992,2026-02-05T02:46:00+00:00,4875.28,4868.49,4950.3985999999995,4950.3985999999995,stop_loss
18995,2026-02-05T02:49:00+00:00,2026-02-05T02:50:00+00:00,2026-02-05T02:50:00+00:00,2,up,4855.03,4840.03,-15.0,0.7348754680997263,0.7348754680997263,0,18995,2026-02-05T02:49:00+00:00,4851.6,4865.37,4927.85545,4927.85545,stop_loss
18996,2026-02-05T02:50:00+00:00,2026-02-05T02:51:00+00:00,2026-02-05T02:51:00+00:00,2,up,4844.55,4829.55,-15.0,0.7257967270518185,0.7257967270518185,0,18996,2026-02-05T02:50:00+00:00,4842.4,4853.23,4917.21825,4917.21825,stop_loss
18998,2026-02-05T02:52:00+00:00,2026-02-05T02:53:00+00:00,2026-02-05T03:00:00+00:00,2,up,4818.69,4803.69,-15.0,0.575674302998221,0.575674302998221,0,18998,2026-02-05T02:52:00+00:00,4814.35,4858.4,4890.97035,4890.97035,stop_loss
19024,2026-02-05T03:18:00+00:00,2026-02-05T03:19:00+00:00,2026-02-05T03:36:00+00:00,2,up,4857.21,4842.21,-15.0,0.9168544027491471,0.9168544027491471,0,19024,2026-02-05T03:18:00+00:00,4854.35,4879.78,4930.06815,4930.06815,stop_loss
19147,2026-02-05T05:21:00+00:00,2026-02-05T05:22:00+00:00,2026-02-05T05:23:00+00:00,0,down,4842.37,4857.37,-15.0,0.9999830388262779,0.9999830388262779,0,19147,2026-02-05T05:21:00+00:00,4845.75,4913.9,4769.73445,4769.73445,stop_loss
19157,2026-02-05T05:31:00+00:00,2026-02-05T05:32:00+00:00,2026-02-05T05:41:00+00:00,0,down,4849.56,4864.56,-15.0,0.999984503031785,0.999984503031785,0,19157,2026-02-05T05:31:00+00:00,4850.49,4922.27,4776.8166,4776.8166,stop_loss
19169,2026-02-05T05:43:00+00:00,2026-02-05T05:44:00+00:00,2026-02-05T05:45:00+00:00,0,down,4885.85,4900.85,-15.0,0.9999743923418216,0.999993352792929,1,19170,2026-02-05T05:44:00+00:00,4888.12,4930.29,4813.9806499999995,4812.56225,stop_loss
19174,2026-02-05T05:48:00+00:00,2026-02-05T05:49:00+00:00,2026-02-05T06:08:00+00:00,0,down,4893.37,4908.37,-15.0,0.9674405648659951,0.8503572015415589,1,19179,2026-02-05T05:53:00+00:00,4893.07,4912.13,4831.67125,4819.96945,stop_loss
19235,2026-02-05T06:49:00+00:00,2026-02-05T06:50:00+00:00,2026-02-05T15:00:00+00:00,0,down,4925.68,4851.794800000001,73.88519999999971,0.8709401869613673,0.9833735491907682,0,19235,2026-02-05T06:49:00+00:00,4926.03,4910.03,4851.794800000001,4851.794800000001,target_hit
19246,2026-02-05T15:00:00+00:00,2026-02-05T15:01:00+00:00,2026-02-05T16:38:00+00:00,0,down,4845.1,4860.1,-15.0,0.9930403561702945,0.9999749627012896,0,19246,2026-02-05T15:00:00+00:00,4846.6,4814.8,4772.423500000001,4772.423500000001,stop_loss
19738,2026-02-06T00:13:00+00:00,2026-02-06T00:14:00+00:00,2026-02-06T00:15:00+00:00,2,up,4689.9,4674.9,-15.0,0.8445989427175751,0.8445989427175751,0,19738,2026-02-06T00:13:00+00:00,4688.8,4746.85,4760.2485,4760.2485,stop_loss
19743,2026-02-06T00:18:00+00:00,2026-02-06T00:19:00+00:00,2026-02-06T00:20:00+00:00,0,down,4664.47,4672.82,-8.349999999999454,0.7749018185899159,0.7749018185899159,0,19743,2026-02-06T00:18:00+00:00,4666.35,4720.25,4594.50295,4594.50295,reverse_signal
19745,2026-02-06T00:20:00+00:00,2026-02-06T00:21:00+00:00,2026-02-06T01:28:00+00:00,2,up,4678.32,4719.19,40.86999999999989,0.6049738799079905,0.8904747997942943,1,19749,2026-02-06T00:24:00+00:00,4676.7,4715.38,4772.88525,4748.4947999999995,timeout
19825,2026-02-06T02:10:00+00:00,2026-02-06T02:11:00+00:00,2026-02-06T02:28:00+00:00,0,down,4789.5,4804.5,-15.0,0.9984156878474295,0.9984156878474295,0,19825,2026-02-06T02:10:00+00:00,4791.55,4820.64,4717.6575,4717.6575,stop_loss
19847,2026-02-06T02:32:00+00:00,2026-02-06T02:33:00+00:00,2026-02-06T02:34:00+00:00,2,up,4821.85,4827.2,5.349999999999454,0.7248876027145932,0.7248876027145932,0,19847,2026-02-06T02:32:00+00:00,4820.2,4820.82,4894.177750000001,4894.177750000001,reverse_signal
19849,2026-02-06T02:34:00+00:00,2026-02-06T02:35:00+00:00,2026-02-06T02:43:00+00:00,2,up,4836.51,4821.51,-15.0,0.9124159934450541,0.9124159934450541,0,19849,2026-02-06T02:34:00+00:00,4835.41,4818.54,4909.057650000001,4909.057650000001,stop_loss
19990,2026-02-06T04:55:00+00:00,2026-02-06T04:56:00+00:00,2026-02-06T05:18:00+00:00,0,down,4815.78,4830.78,-15.0,0.9917081289955714,0.9917081289955714,0,19990,2026-02-06T04:55:00+00:00,4817.33,4888.95,4743.543299999999,4743.543299999999,stop_loss
20026,2026-02-06T05:31:00+00:00,2026-02-06T05:32:00+00:00,2026-02-06T05:33:00+00:00,0,down,4839.72,4854.72,-15.0,0.9999832650739401,0.99999314818497,1,20027,2026-02-06T05:32:00+00:00,4841.19,4858.78,4775.5952,4767.1242,stop_loss
20028,2026-02-06T05:33:00+00:00,2026-02-06T05:34:00+00:00,2026-02-06T05:40:00+00:00,0,down,4854.78,4869.78,-15.0,0.9972237167418944,0.9979656875798609,2,20031,2026-02-06T05:36:00+00:00,4855.09,4847.55,4779.5155,4781.958299999999,stop_loss
20041,2026-02-06T05:46:00+00:00,2026-02-06T05:47:00+00:00,2026-02-06T05:50:00+00:00,0,down,4864.74,4879.74,-15.0,0.7430127216256078,0.7430127216256078,0,20041,2026-02-06T05:46:00+00:00,4866.58,4849.63,4791.7689,4791.7689,stop_loss
20048,2026-02-06T05:53:00+00:00,2026-02-06T05:54:00+00:00,2026-02-06T06:17:00+00:00,2,up,4877.6,4862.6,-15.0,0.7014072028899884,0.9953937847423197,1,20051,2026-02-06T05:56:00+00:00,4876.55,4828.09,4959.066699999999,4950.764,stop_loss
20115,2026-02-06T15:00:00+00:00,2026-02-06T15:01:00+00:00,2026-02-06T15:06:00+00:00,0,down,4944.95,4959.95,-15.0,0.9983509435772003,0.9923175500703295,3,20119,2026-02-06T15:04:00+00:00,4946.62,4950.71,4869.3081,4870.77575,stop_loss
20123,2026-02-06T15:08:00+00:00,2026-02-06T15:09:00+00:00,2026-02-06T15:10:00+00:00,2,up,4955.59,4958.0,2.4099999999998545,0.5994068839397493,0.5994068839397493,0,20123,2026-02-06T15:08:00+00:00,4954.65,4944.61,5029.92385,5029.92385,reverse_signal
20126,2026-02-06T15:11:00+00:00,2026-02-06T15:12:00+00:00,2026-02-06T15:33:00+00:00,0,down,4953.53,4953.2,0.32999999999992724,0.7377500943864751,0.7377500943864751,0,20126,2026-02-06T15:11:00+00:00,4954.69,4946.81,4879.2270499999995,4879.2270499999995,reverse_signal
20148,2026-02-06T15:33:00+00:00,2026-02-06T15:34:00+00:00,2026-02-06T15:39:00+00:00,2,up,4955.53,4940.53,-15.0,0.9856882805853362,0.8664771480336971,0,20148,2026-02-06T15:33:00+00:00,4954.66,4933.01,5029.86295,5029.86295,stop_loss
20155,2026-02-06T15:40:00+00:00,2026-02-06T15:41:00+00:00,2026-02-06T17:30:00+00:00,0,down,4952.31,4967.31,-15.0,0.8703060481652045,0.9988830027945569,0,20155,2026-02-06T15:40:00+00:00,4953.16,4946.95,4878.025350000001,4878.025350000001,stop_loss
20305,2026-02-06T18:10:00+00:00,2026-02-06T18:11:00+00:00,2026-02-06T20:03:00+00:00,0,down,4966.95,4956.55,10.399999999999636,0.9999822829325075,0.9966872565985208,2,20356,2026-02-06T19:01:00+00:00,4967.26,4953.31,4888.3186000000005,4892.44575,timeout
20523,2026-02-08T23:09:00+00:00,2026-02-08T23:10:00+00:00,2026-02-08T23:18:00+00:00,0,down,4975.0,4990.0,-15.0,0.9986568936767083,0.9986568936767083,0,20523,2026-02-08T23:09:00+00:00,4977.08,5038.2,4900.375,4900.375,stop_loss
20546,2026-02-08T23:32:00+00:00,2026-02-08T23:33:00+00:00,2026-02-08T23:34:00+00:00,2,up,5036.26,5038.69,2.4299999999993815,0.9889975871065697,0.9889975871065697,0,20546,2026-02-08T23:32:00+00:00,5034.9,5031.04,5111.8039,5111.8039,reverse_signal
20549,2026-02-08T23:35:00+00:00,2026-02-08T23:36:00+00:00,2026-02-08T23:49:00+00:00,0,down,5030.02,5045.02,-15.0,0.9119832182247912,0.936835816035275,2,20554,2026-02-08T23:40:00+00:00,5031.29,5027.89,4968.064200000001,4954.5697,stop_loss
20770,2026-02-09T03:46:00+00:00,2026-02-09T03:47:00+00:00,2026-02-09T04:49:00+00:00,2,up,5019.47,5013.75,-5.720000000000255,0.5564325995561087,0.5812007377950031,1,20773,2026-02-09T03:49:00+00:00,5018.1,5013.75,5097.15745,5094.76205,timeout
20850,2026-02-09T05:36:00+00:00,2026-02-09T05:37:00+00:00,2026-02-09T06:01:00+00:00,0,down,5028.66,5043.66,-15.0,0.9998402094426575,0.9998402094426575,0,20850,2026-02-09T05:36:00+00:00,5029.52,5030.71,4953.2301,4953.2301,stop_loss
20880,2026-02-09T06:06:00+00:00,2026-02-09T06:07:00+00:00,2026-02-09T06:19:00+00:00,2,up,5043.64,5028.64,-15.0,0.9958864283975121,0.9958864283975121,0,20880,2026-02-09T06:06:00+00:00,5042.71,5025.09,5119.2946,5119.2946,stop_loss
20957,2026-02-09T15:23:00+00:00,2026-02-09T15:24:00+00:00,2026-02-09T15:30:00+00:00,2,up,5032.77,5033.51,0.7399999999997817,0.7510860858004024,0.7510860858004024,0,20957,2026-02-09T15:23:00+00:00,5032.43,5074.08,5108.26155,5108.26155,reverse_signal
20964,2026-02-09T15:30:00+00:00,2026-02-09T15:31:00+00:00,2026-02-09T15:34:00+00:00,0,down,5039.82,5054.82,-15.0,0.9944346607762843,0.9944346607762843,0,20964,2026-02-09T15:30:00+00:00,5040.13,5078.07,4964.222699999999,4964.222699999999,stop_loss
21420,2026-02-10T01:35:00+00:00,2026-02-10T01:36:00+00:00,2026-02-10T01:47:00+00:00,0,down,5020.31,5035.31,-15.0,0.9999294889529148,0.9999294889529148,0,21420,2026-02-10T01:35:00+00:00,5021.83,5043.72,4945.00535,4945.00535,stop_loss
21545,2026-02-10T03:40:00+00:00,2026-02-10T03:41:00+00:00,2026-02-10T04:55:00+00:00,0,down,5027.58,5033.48,-5.899999999999636,0.9999630281593851,0.999996460758595,1,21560,2026-02-10T03:55:00+00:00,5028.76,5033.48,4953.5453,4952.1663,timeout
21632,2026-02-10T05:55:00+00:00,2026-02-10T05:56:00+00:00,2026-02-10T06:56:00+00:00,0,down,5038.74,5026.46,12.279999999999745,0.7435083009610286,0.9971013427469297,1,21633,2026-02-10T05:56:00+00:00,5038.81,5026.46,4963.7105,4963.158899999999,timeout
21726,2026-02-10T15:29:00+00:00,2026-02-10T15:30:00+00:00,2026-02-10T16:29:00+00:00,0,down,5032.18,5010.91,21.270000000000437,0.9999894460960508,0.9999894460960508,0,21726,2026-02-10T15:29:00+00:00,5033.06,5010.91,4956.697300000001,4956.697300000001,timeout
22027,2026-02-10T20:30:00+00:00,2026-02-10T20:31:00+00:00,2026-02-10T20:48:00+00:00,0,down,5028.1,5043.1,-15.0,0.9992611680539168,0.9986220790012642,4,22043,2026-02-10T20:46:00+00:00,5028.34,5020.98,4960.46985,4952.6785,stop_loss
22046,2026-02-10T20:49:00+00:00,2026-02-10T20:50:00+00:00,2026-02-10T21:54:00+00:00,0,down,5035.88,5026.17,9.710000000000036,0.9995589883024734,0.9955378678292992,3,22051,2026-02-10T20:54:00+00:00,5036.3,5026.17,4958.7658,4960.3418,timeout
22230,2026-02-11T02:07:00+00:00,2026-02-11T02:08:00+00:00,2026-02-11T02:44:00+00:00,0,down,5039.23,5054.23,-15.0,0.9998739710688422,0.9086649768252425,1,22233,2026-02-11T02:10:00+00:00,5040.19,5051.72,4964.54775,4963.641549999999,stop_loss
22282,2026-02-11T02:59:00+00:00,2026-02-11T03:00:00+00:00,2026-02-11T04:49:00+00:00,0,down,5055.36,5058.42,-3.0600000000004,0.9999772556980584,0.999574504473362,1,22332,2026-02-11T03:49:00+00:00,5055.76,5050.72,4982.7013,4979.5296,timeout
22361,2026-02-11T15:16:00+00:00,2026-02-11T15:17:00+00:00,2026-02-11T16:34:00+00:00,0,down,5066.17,5075.36,-9.1899999999996,0.9998367491710716,0.9987866145824095,2,22375,2026-02-11T15:30:00+00:00,5066.04,5068.55,4974.0924,4990.17745,timeout
22814,2026-02-12T02:05:00+00:00,2026-02-12T02:06:00+00:00,2026-02-12T04:03:00+00:00,0,down,5067.6,5076.66,-9.05999999999949,0.9913944524783271,0.9972472277037745,2,22872,2026-02-12T03:03:00+00:00,5068.46,5057.61,4992.5513,4991.586,timeout
23064,2026-02-12T16:16:00+00:00,2026-02-12T16:17:00+00:00,2026-02-12T16:18:00+00:00,0,down,4947.27,4921.8,25.470000000000255,0.7496498373302427,0.7496498373302427,0,23064,2026-02-12T16:16:00+00:00,4949.75,4963.66,4873.06095,4873.06095,reverse_signal
23066,2026-02-12T16:18:00+00:00,2026-02-12T16:19:00+00:00,2026-02-12T16:19:00+00:00,0,down,4926.18,4941.18,-15.0,0.9968106997573708,0.9968106997573708,0,23066,2026-02-12T16:18:00+00:00,4924.16,4961.89,4852.2873,4852.2873,stop_loss
23067,2026-02-12T16:19:00+00:00,2026-02-12T16:20:00+00:00,2026-02-12T16:22:00+00:00,0,down,4934.25,4922.89,11.359999999999673,0.8871420160362551,0.8216835616549732,0,23067,2026-02-12T16:19:00+00:00,4935.01,4960.24,4860.23625,4860.23625,reverse_signal
23070,2026-02-12T16:22:00+00:00,2026-02-12T16:23:00+00:00,2026-02-12T16:26:00+00:00,2,up,4911.69,4896.69,-15.0,0.8259420776447699,0.9988696534996258,1,23071,2026-02-12T16:23:00+00:00,4910.57,4977.37,5000.295999999999,4985.36535,stop_loss
23074,2026-02-12T16:26:00+00:00,2026-02-12T16:27:00+00:00,2026-02-12T16:56:00+00:00,2,up,4891.15,4948.46,57.3100000000004,0.9998056835988882,0.7068858416359985,1,23075,2026-02-12T16:27:00+00:00,4889.3,4977.42,4969.0949,4964.51725,reverse_signal
23105,2026-02-12T16:57:00+00:00,2026-02-12T16:58:00+00:00,2026-02-12T17:00:00+00:00,2,up,4952.6,4954.45,1.8499999999994543,0.7523752370338491,0.7776891179181369,0,23105,2026-02-12T16:57:00+00:00,4951.54,4944.08,5026.889,5026.889,reverse_signal
23108,2026-02-12T17:00:00+00:00,2026-02-12T17:01:00+00:00,2026-02-12T17:03:00+00:00,0,down,4949.37,4956.31,-6.940000000000509,0.8335829365331147,0.8444656276504908,1,23109,2026-02-12T17:01:00+00:00,4950.47,4944.25,4876.922149999999,4875.129449999999,reverse_signal
23111,2026-02-12T17:03:00+00:00,2026-02-12T17:04:00+00:00,2026-02-12T17:06:00+00:00,0,down,4950.63,4942.49,8.140000000000327,0.556815527708461,0.556815527708461,0,23111,2026-02-12T17:03:00+00:00,4951.75,4933.81,4876.370550000001,4876.370550000001,reverse_signal
23114,2026-02-12T17:06:00+00:00,2026-02-12T17:07:00+00:00,2026-02-12T17:58:00+00:00,2,up,4954.37,4939.37,-15.0,0.9884158601889943,0.9976986594301885,1,23115,2026-02-12T17:07:00+00:00,4952.99,4934.05,5036.17625,5028.68555,stop_loss
23528,2026-02-13T01:31:00+00:00,2026-02-13T01:32:00+00:00,2026-02-13T01:48:00+00:00,0,down,4970.41,4985.41,-15.0,0.9703431270625321,0.9703431270625321,0,23528,2026-02-13T01:31:00+00:00,4971.83,4987.14,4895.8538499999995,4895.8538499999995,stop_loss
23690,2026-02-13T05:19:00+00:00,2026-02-13T05:20:00+00:00,2026-02-13T06:25:00+00:00,0,down,4972.63,4952.42,20.210000000000036,0.9999221523797156,0.9998100315058596,3,23696,2026-02-13T05:25:00+00:00,4973.79,4952.42,4908.59975,4898.04055,timeout
23820,2026-02-13T15:29:00+00:00,2026-02-13T15:30:00+00:00,2026-02-13T15:40:00+00:00,0,down,5009.53,5008.98,0.5500000000001819,0.9989338989191223,0.9823048361813629,2,23822,2026-02-13T15:31:00+00:00,5009.82,5023.89,4933.59905,4934.387049999999,reverse_signal
23880,2026-02-13T16:29:00+00:00,2026-02-13T16:30:00+00:00,2026-02-13T17:36:00+00:00,0,down,5027.84,5025.56,2.2799999999997453,0.9984465365185311,0.9999332207165685,0,23880,2026-02-13T16:29:00+00:00,5028.1,5017.66,4952.4224,4952.4224,timeout
23960,2026-02-13T17:49:00+00:00,2026-02-13T17:50:00+00:00,2026-02-13T18:49:00+00:00,0,down,5021.3,5030.01,-8.710000000000036,0.9866830710167429,0.9866830710167429,0,23960,2026-02-13T17:49:00+00:00,5021.56,5030.01,4945.980500000001,4945.980500000001,timeout
24015,2026-02-13T18:52:00+00:00,2026-02-13T18:53:00+00:00,2026-02-13T19:07:00+00:00,0,down,5027.71,5042.71,-15.0,0.9212629140882819,0.7059436547502675,1,24018,2026-02-13T18:55:00+00:00,5027.68,5033.92,4958.28315,4952.29435,stop_loss
24035,2026-02-13T19:12:00+00:00,2026-02-13T19:13:00+00:00,2026-02-13T20:12:00+00:00,0,down,5040.29,5031.12,9.170000000000073,0.9994220910429432,0.9994220910429432,0,24035,2026-02-13T19:12:00+00:00,5040.49,5031.12,4964.68565,4964.68565,timeout
24152,2026-02-15T23:45:00+00:00,2026-02-15T23:46:00+00:00,2026-02-15T23:48:00+00:00,2,up,5020.77,5017.35,-3.4200000000000728,0.6763992045233013,0.6763992045233013,0,24152,2026-02-15T23:45:00+00:00,5018.89,5012.78,5096.081550000001,5096.081550000001,reverse_signal
24155,2026-02-15T23:48:00+00:00,2026-02-15T23:49:00+00:00,2026-02-15T23:51:00+00:00,2,up,5017.37,5015.0,-2.369999999999891,0.953703848313314,0.8630610980709846,0,24155,2026-02-15T23:48:00+00:00,5015.35,5015.34,5092.63055,5092.63055,reverse_signal
24246,2026-02-16T01:49:00+00:00,2026-02-16T01:50:00+00:00,2026-02-16T02:00:00+00:00,0,down,5028.33,5028.99,-0.6599999999998545,0.9819051961749433,0.9819051961749433,0,24246,2026-02-16T01:49:00+00:00,5029.28,4999.97,4952.90505,4952.90505,reverse_signal
24486,2026-02-16T06:23:00+00:00,2026-02-16T06:24:00+00:00,2026-02-16T06:30:00+00:00,2,up,4991.01,4993.44,2.4299999999993815,0.6136621745052353,0.6136621745052353,0,24486,2026-02-16T06:23:00+00:00,4990.11,4996.39,5065.87515,5065.87515,reverse_signal
24493,2026-02-16T06:30:00+00:00,2026-02-16T06:31:00+00:00,2026-02-16T07:30:00+00:00,0,down,4992.38,4976.91,15.470000000000255,0.9970872094112299,0.9970872094112299,0,24493,2026-02-16T06:30:00+00:00,4993.55,4998.08,4917.4943,4917.4943,timeout
24746,2026-02-17T02:51:00+00:00,2026-02-17T02:52:00+00:00,2026-02-17T05:07:00+00:00,2,up,4962.93,4947.93,-15.0,0.7339484428419225,0.7339484428419225,0,24746,2026-02-17T02:51:00+00:00,4961.87,4958.62,5037.37395,5037.37395,stop_loss
24786,2026-02-17T05:18:00+00:00,2026-02-17T05:19:00+00:00,2026-02-17T05:34:00+00:00,0,down,4900.01,4879.45,20.5600000000004,0.9996700255894008,0.9775807362350395,2,24794,2026-02-17T05:26:00+00:00,4901.31,4893.71,4827.1501,4826.50985,reverse_signal
24802,2026-02-17T05:34:00+00:00,2026-02-17T05:35:00+00:00,2026-02-17T06:47:00+00:00,2,up,4887.45,4902.67,15.220000000000255,0.9993359715684283,0.9999106692527938,0,24802,2026-02-17T05:34:00+00:00,4883.98,4904.07,4960.76175,4960.76175,timeout
24948,2026-02-17T16:00:00+00:00,2026-02-17T16:01:00+00:00,2026-02-17T17:00:00+00:00,0,down,4881.76,4865.34,16.420000000000073,0.9999395317420071,0.9999395317420071,0,24948,2026-02-17T16:00:00+00:00,4882.81,4865.34,4808.533600000001,4808.533600000001,timeout
25011,2026-02-17T17:03:00+00:00,2026-02-17T17:04:00+00:00,2026-02-17T18:20:00+00:00,0,down,4869.59,4884.59,-15.0,0.999913962673403,0.9999952151355805,0,25011,2026-02-17T17:03:00+00:00,4870.74,4870.41,4796.54615,4796.54615,stop_loss
25480,2026-02-18T03:06:00+00:00,2026-02-18T03:07:00+00:00,2026-02-18T15:00:00+00:00,0,down,4915.47,4930.47,-15.0,0.9962540671936989,0.5603227609995994,1,25510,2026-02-18T03:36:00+00:00,4916.72,4936.13,4845.12635,4841.737950000001,stop_loss
25534,2026-02-18T15:00:00+00:00,2026-02-18T15:01:00+00:00,2026-02-18T16:07:00+00:00,2,up,4993.98,5000.78,6.800000000000182,0.9960751506123382,0.9999491108931469,1,25541,2026-02-18T15:07:00+00:00,4993.17,5000.78,5070.97045,5068.8897,timeout
25899,2026-02-19T16:01:00+00:00,2026-02-19T16:02:00+00:00,2026-02-19T17:01:00+00:00,0,down,5012.09,4994.05,18.039999999999964,0.9794987793913575,0.9794987793913575,0,25899,2026-02-19T16:01:00+00:00,5013.18,4994.05,4936.90865,4936.90865,timeout
26125,2026-02-20T01:52:00+00:00,2026-02-20T01:53:00+00:00,2026-02-20T02:05:00+00:00,2,up,4998.23,5003.75,5.520000000000437,0.9687616185485551,0.9687616185485551,0,26125,2026-02-20T01:52:00+00:00,4997.04,4995.33,5073.20345,5073.20345,reverse_signal
26138,2026-02-20T02:05:00+00:00,2026-02-20T02:06:00+00:00,2026-02-20T03:05:00+00:00,0,down,5006.31,4992.14,14.170000000000073,0.9999578143666785,0.9999578143666785,0,26138,2026-02-20T02:05:00+00:00,5007.59,4991.19,4931.21535,4931.21535,timeout
26201,2026-02-20T06:00:00+00:00,2026-02-20T06:01:00+00:00,2026-02-20T06:25:00+00:00,0,down,5014.55,5029.55,-15.0,0.9989233384380727,0.995878300678509,1,26203,2026-02-20T06:02:00+00:00,5015.54,5018.22,4941.6268,4939.33175,stop_loss
26230,2026-02-20T06:29:00+00:00,2026-02-20T06:30:00+00:00,2026-02-20T07:00:00+00:00,2,up,5023.05,5020.5,-2.550000000000182,0.9993120418176678,0.989217126940223,1,26241,2026-02-20T06:40:00+00:00,5022.24,5013.65,5100.8419,5098.395750000001,reverse_signal
26267,2026-02-20T15:06:00+00:00,2026-02-20T15:07:00+00:00,2026-02-20T15:13:00+00:00,2,up,4995.72,5022.85,27.13000000000011,0.7547165437070699,0.5702219577275062,1,26268,2026-02-20T15:07:00+00:00,4994.53,5047.03,5083.59705,5070.6558,reverse_signal
26274,2026-02-20T15:13:00+00:00,2026-02-20T15:14:00+00:00,2026-02-20T15:18:00+00:00,0,down,5024.7,5039.7,-15.0,0.5859863374108623,0.9674045422822911,2,26277,2026-02-20T15:16:00+00:00,5026.76,5052.31,4950.7676,4949.3295,stop_loss
26279,2026-02-20T15:18:00+00:00,2026-02-20T15:19:00+00:00,2026-02-20T16:18:00+00:00,0,down,5043.47,5050.84,-7.369999999999891,0.9470303140859438,0.9470303140859438,0,26279,2026-02-20T15:18:00+00:00,5045.62,5050.84,4967.817950000001,4967.817950000001,timeout
26427,2026-02-20T17:46:00+00:00,2026-02-20T17:47:00+00:00,2026-02-20T18:22:00+00:00,0,down,5070.25,5066.51,3.7399999999997817,0.9997233134911778,0.9968211731358644,0,26427,2026-02-20T17:46:00+00:00,5071.27,5072.52,4994.19625,4994.19625,reverse_signal
26467,2026-02-20T18:26:00+00:00,2026-02-20T18:27:00+00:00,2026-02-20T19:57:00+00:00,0,down,5060.99,5075.99,-15.0,0.8749919582171333,0.8749919582171333,0,26467,2026-02-20T18:26:00+00:00,5061.97,5070.88,4985.07515,4985.07515,stop_loss
26502,2026-02-20T20:59:00+00:00,2026-02-20T21:00:00+00:00,2026-02-20T21:02:00+00:00,0,down,5096.29,5094.92,1.3699999999998909,0.6507790288845217,0.6507790288845217,0,26502,2026-02-20T20:59:00+00:00,5096.94,5108.58,5019.84565,5019.84565,reverse_signal
26505,2026-02-20T21:02:00+00:00,2026-02-20T21:03:00+00:00,2026-02-22T23:19:00+00:00,2,up,5092.66,5141.96,49.30000000000018,0.7569158777117365,0.999808622476559,1,26506,2026-02-20T21:03:00+00:00,5092.06,5117.55,5171.9325,5169.0499,timeout
26723,2026-02-23T02:11:00+00:00,2026-02-23T02:12:00+00:00,2026-02-23T02:20:00+00:00,2,up,5160.59,5159.45,-1.1400000000003274,0.9668738123188146,0.9668738123188146,0,26723,2026-02-23T02:11:00+00:00,5159.35,5158.78,5237.99885,5237.99885,reverse_signal
26732,2026-02-23T02:20:00+00:00,2026-02-23T02:21:00+00:00,2026-02-23T02:41:00+00:00,0,down,5160.61,5175.61,-15.0,0.9974154433364402,0.9966421111364474,0,26732,2026-02-23T02:20:00+00:00,5161.27,5159.9,5083.200849999999,5083.200849999999,stop_loss
26777,2026-02-23T03:05:00+00:00,2026-02-23T03:06:00+00:00,2026-02-23T03:09:00+00:00,0,down,5170.96,5172.19,-1.2299999999995634,0.9641655522094842,0.9641655522094842,0,26777,2026-02-23T03:05:00+00:00,5172.11,5164.99,5093.3956,5093.3956,reverse_signal
26781,2026-02-23T03:09:00+00:00,2026-02-23T03:10:00+00:00,2026-02-23T15:00:00+00:00,0,down,5164.77,5179.77,-15.0,0.9123440206482479,0.9894806201651464,0,26781,2026-02-23T03:09:00+00:00,5166.0,5156.86,5087.29845,5087.29845,stop_loss
26900,2026-02-23T16:49:00+00:00,2026-02-23T16:50:00+00:00,2026-02-23T17:51:00+00:00,0,down,5210.22,5204.1,6.119999999999891,0.9597657501544297,0.9900713233949562,1,26902,2026-02-23T16:51:00+00:00,5210.42,5204.1,5133.396449999999,5132.0667,timeout
27071,2026-02-24T00:01:00+00:00,2026-02-24T00:02:00+00:00,2026-02-24T00:07:00+00:00,0,down,5218.96,5233.96,-15.0,0.9864620111453114,0.8445116771659285,3,27076,2026-02-24T00:06:00+00:00,5220.67,5202.5,5152.6532,5140.6756000000005,stop_loss
27379,2026-02-24T06:35:00+00:00,2026-02-24T06:36:00+00:00,2026-02-24T15:00:00+00:00,2,up,5161.54,5146.54,-15.0,0.9958519237691323,0.9958519237691323,0,27379,2026-02-24T06:35:00+00:00,5160.33,5181.75,5238.9631,5238.9631,stop_loss
27465,2026-02-24T16:01:00+00:00,2026-02-24T16:02:00+00:00,2026-02-24T16:06:00+00:00,2,up,5150.96,5148.67,-2.2899999999999636,0.7346875110714728,0.7346875110714728,0,27465,2026-02-24T16:01:00+00:00,5150.15,5145.6,5228.2244,5228.2244,reverse_signal
27470,2026-02-24T16:06:00+00:00,2026-02-24T16:07:00+00:00,2026-02-24T16:51:00+00:00,2,up,5147.41,5132.41,-15.0,0.6607876180753748,0.6607876180753748,0,27470,2026-02-24T16:06:00+00:00,5146.62,5148.89,5224.62115,5224.62115,stop_loss
27545,2026-02-24T17:25:00+00:00,2026-02-24T17:26:00+00:00,2026-02-24T18:25:00+00:00,0,down,5157.98,5158.23,-0.25,0.998085331030981,0.998085331030981,0,27545,2026-02-24T17:25:00+00:00,5158.31,5158.23,5080.610299999999,5080.610299999999,timeout
27694,2026-02-24T21:26:00+00:00,2026-02-24T21:27:00+00:00,2026-02-24T23:27:00+00:00,0,down,5155.66,5133.09,22.56999999999971,0.9425754503576542,0.9425754503576542,0,27694,2026-02-24T21:26:00+00:00,5156.74,5133.09,5078.3251,5078.3251,timeout
27858,2026-02-25T01:41:00+00:00,2026-02-25T01:42:00+00:00,2026-02-25T02:42:00+00:00,2,up,5183.6,5182.8,-0.8000000000001819,0.9993355904103342,0.9999747520088176,0,27858,2026-02-25T01:41:00+00:00,5182.25,5183.84,5261.354,5261.354,timeout
27961,2026-02-25T03:24:00+00:00,2026-02-25T03:25:00+00:00,2026-02-25T05:49:00+00:00,0,down,5178.78,5193.78,-15.0,0.5811547009475566,0.5811547009475566,0,27961,2026-02-25T03:24:00+00:00,5179.95,5182.36,5101.0983,5101.0983,stop_loss
28018,2026-02-25T05:52:00+00:00,2026-02-25T05:53:00+00:00,2026-02-25T06:02:00+00:00,2,up,5210.36,5195.36,-15.0,0.7620018584164793,0.7620018584164793,0,28018,2026-02-25T05:52:00+00:00,5208.99,5192.67,5288.515399999999,5288.515399999999,stop_loss
28227,2026-02-25T17:21:00+00:00,2026-02-25T17:22:00+00:00,2026-02-25T18:46:00+00:00,0,down,5212.45,5208.41,4.039999999999964,0.9942834236266692,0.9871108218708121,0,28227,2026-02-25T17:21:00+00:00,5212.78,5208.01,5134.26325,5134.26325,timeout
28335,2026-02-25T21:03:00+00:00,2026-02-25T21:04:00+00:00,2026-02-25T23:04:00+00:00,2,up,5160.95,5174.58,13.63000000000011,0.9957989792891054,0.9957989792891054,0,28335,2026-02-25T21:03:00+00:00,5159.27,5174.58,5238.36425,5238.36425,timeout
28452,2026-02-26T00:01:00+00:00,2026-02-26T00:02:00+00:00,2026-02-26T00:17:00+00:00,0,down,5159.16,5174.16,-15.0,0.9995451630806224,0.9999587731650529,4,28460,2026-02-26T00:09:00+00:00,5160.6,5185.25,5085.7717,5081.7726,stop_loss
28505,2026-02-26T00:54:00+00:00,2026-02-26T00:55:00+00:00,2026-02-26T00:58:00+00:00,2,up,5189.91,5189.89,-0.019999999999527063,0.7212003473518,0.7212003473518,0,28505,2026-02-26T00:54:00+00:00,5188.89,5190.1,5267.75865,5267.75865,reverse_signal
28555,2026-02-26T02:14:00+00:00,2026-02-26T02:15:00+00:00,2026-02-26T04:12:00+00:00,0,down,5182.53,5197.53,-15.0,0.998773560108665,0.9977883975801648,3,28560,2026-02-26T02:19:00+00:00,5183.7,5190.31,5111.2832,5104.79205,stop_loss
28856,2026-02-26T20:26:00+00:00,2026-02-26T20:27:00+00:00,2026-02-26T20:28:00+00:00,2,up,5195.87,5194.21,-1.6599999999998545,0.9123489756915273,0.9123489756915273,0,28856,2026-02-26T20:26:00+00:00,5194.9,5184.9,5273.80805,5273.80805,reverse_signal
29088,2026-02-27T15:29:00+00:00,2026-02-27T15:30:00+00:00,2026-02-27T15:57:00+00:00,0,down,5231.39,5246.39,-15.0,0.9997493412916388,0.9568276414603106,5,29114,2026-02-27T15:55:00+00:00,5232.46,5231.71,5160.70065,5152.919150000001,stop_loss
29149,2026-02-27T16:30:00+00:00,2026-02-27T16:31:00+00:00,2026-02-27T18:19:00+00:00,0,down,5237.78,5233.18,4.599999999999454,0.9868495843067954,0.9999331492644647,0,29149,2026-02-27T16:30:00+00:00,5238.11,5229.21,5159.213299999999,5159.213299999999,timeout
29275,2026-02-27T19:12:00+00:00,2026-02-27T19:13:00+00:00,2026-02-27T19:20:00+00:00,0,down,5244.15,5250.47,-6.3200000000006185,0.9990189727796023,0.5728617091902819,2,29281,2026-02-27T19:18:00+00:00,5244.94,5255.41,5172.2547,5165.487749999999,reverse_signal
29289,2026-02-27T19:26:00+00:00,2026-02-27T19:27:00+00:00,2026-02-27T20:35:00+00:00,2,up,5247.66,5256.7,9.039999999999964,0.8839917037281302,0.9652585464982775,1,29293,2026-02-27T19:30:00+00:00,5247.26,5258.77,5327.64365,5326.3749,timeout
29368,2026-02-27T21:45:00+00:00,2026-02-27T21:46:00+00:00,2026-03-01T23:04:00+00:00,0,down,5277.72,5292.72,-15.0,0.9995120363475406,0.9995120363475406,0,29368,2026-02-27T21:45:00+00:00,5277.99,5387.64,5198.5542000000005,5198.5542000000005,stop_loss
29391,2026-03-01T23:12:00+00:00,2026-03-01T23:13:00+00:00,2026-03-01T23:14:00+00:00,2,up,5356.95,5341.95,-15.0,0.963110121773895,0.9953971972358552,0,29391,2026-03-01T23:12:00+00:00,5352.49,5375.82,5437.30425,5437.30425,stop_loss
29393,2026-03-01T23:14:00+00:00,2026-03-01T23:15:00+00:00,2026-03-01T23:46:00+00:00,2,up,5350.35,5377.07,26.719999999999345,0.9982940323201376,0.9982940323201376,0,29393,2026-03-01T23:14:00+00:00,5346.8,5375.97,5430.6052500000005,5430.6052500000005,reverse_signal
29425,2026-03-01T23:46:00+00:00,2026-03-01T23:47:00+00:00,2026-03-02T00:50:00+00:00,0,down,5383.05,5359.8,23.25,0.8827548422104314,0.914918159033233,4,29429,2026-03-01T23:50:00+00:00,5384.6,5359.8,5304.7766,5302.30425,timeout
29633,2026-03-02T03:44:00+00:00,2026-03-02T03:45:00+00:00,2026-03-02T04:44:00+00:00,0,down,5362.09,5354.9,7.190000000000509,0.9952686294470869,0.9952686294470869,0,29633,2026-03-02T03:44:00+00:00,5363.03,5354.9,5281.65865,5281.65865,timeout
29783,2026-03-02T06:36:00+00:00,2026-03-02T06:37:00+00:00,2026-03-02T15:00:00+00:00,2,up,5377.38,5362.38,-15.0,0.9757365367482197,0.9988702693580372,1,29784,2026-03-02T06:37:00+00:00,5376.41,5406.68,5458.53805,5458.0407000000005,stop_loss
30170,2026-03-02T21:03:00+00:00,2026-03-02T21:04:00+00:00,2026-03-02T21:07:00+00:00,2,up,5338.47,5337.87,-0.6000000000003638,0.6190469042624387,0.9373593242695815,0,30170,2026-03-02T21:03:00+00:00,5338.24,5345.01,5418.54705,5418.54705,reverse_signal
30174,2026-03-02T21:07:00+00:00,2026-03-02T21:08:00+00:00,2026-03-02T23:18:00+00:00,0,down,5336.74,5338.24,-1.5,0.9996982511573889,0.6787164862455293,3,30179,2026-03-02T21:12:00+00:00,5337.11,5340.37,5255.5266,5256.6889,timeout
30279,2026-03-03T00:23:00+00:00,2026-03-03T00:24:00+00:00,2026-03-03T01:30:00+00:00,0,down,5355.97,5370.97,-15.0,0.9999909029476131,0.8436745621495704,2,30283,2026-03-03T00:27:00+00:00,5356.99,5377.33,5276.172200000001,5275.630450000001,stop_loss
30493,2026-03-03T05:39:00+00:00,2026-03-03T05:40:00+00:00,2026-03-03T06:40:00+00:00,0,down,5337.18,5312.07,25.110000000000582,0.9481526735755417,0.9410151325224523,1,30494,2026-03-03T05:40:00+00:00,5338.19,5312.07,5264.02715,5257.1223,timeout
30576,2026-03-03T15:02:00+00:00,2026-03-03T15:03:00+00:00,2026-03-03T15:05:00+00:00,0,down,5058.64,5035.25,23.390000000000327,0.9200849665728791,0.6097891037303719,0,30576,2026-03-03T15:02:00+00:00,5062.9,5096.83,4982.7604,4982.7604,reverse_signal
30580,2026-03-03T15:06:00+00:00,2026-03-03T15:07:00+00:00,2026-03-03T15:08:00+00:00,2,up,5058.59,5052.7,-5.890000000000327,0.7991214063474307,0.7991214063474307,0,30580,2026-03-03T15:06:00+00:00,5054.7,5117.4,5134.46885,5134.46885,reverse_signal
30582,2026-03-03T15:08:00+00:00,2026-03-03T15:09:00+00:00,2026-03-03T15:11:00+00:00,0,down,5047.96,5044.44,3.5200000000004366,0.7426604373368637,0.6733305753792012,0,30582,2026-03-03T15:08:00+00:00,5052.21,5114.97,4972.2406,4972.2406,reverse_signal
30585,2026-03-03T15:11:00+00:00,2026-03-03T15:12:00+00:00,2026-03-03T15:13:00+00:00,2,up,5044.91,5029.91,-15.0,0.618586332564617,0.9022418655152615,0,30585,2026-03-03T15:11:00+00:00,5041.98,5104.03,5120.58365,5120.58365,stop_loss
30587,2026-03-03T15:13:00+00:00,2026-03-03T15:14:00+00:00,2026-03-03T15:16:00+00:00,2,up,5030.76,5015.76,-15.0,0.9685089591052087,0.9597739173382285,0,30587,2026-03-03T15:13:00+00:00,5027.15,5105.96,5106.2214,5106.2214,stop_loss
30833,2026-03-03T19:19:00+00:00,2026-03-03T19:20:00+00:00,2026-03-03T19:47:00+00:00,0,down,5113.75,5128.75,-15.0,0.9116688479001405,0.5560714918003206,1,30836,2026-03-03T19:22:00+00:00,5115.19,5123.17,5040.8951,5037.04375,stop_loss
30888,2026-03-03T20:14:00+00:00,2026-03-03T20:15:00+00:00,2026-03-03T21:14:00+00:00,0,down,5118.15,5099.54,18.609999999999673,0.9985089972292371,0.9985089972292371,0,30888,2026-03-03T20:14:00+00:00,5119.06,5099.54,5041.37775,5041.37775,timeout
31113,2026-03-04T01:30:00+00:00,2026-03-04T01:31:00+00:00,2026-03-04T02:35:00+00:00,2,up,5151.99,5169.83,17.840000000000146,0.9988995253170512,0.9979843334589753,0,31113,2026-03-04T01:30:00+00:00,5150.43,5178.71,5229.26985,5229.26985,timeout
31227,2026-03-04T03:24:00+00:00,2026-03-04T03:25:00+00:00,2026-03-04T04:07:00+00:00,0,down,5165.28,5180.28,-15.0,0.9998848088057846,0.9998848088057846,0,31227,2026-03-04T03:24:00+00:00,5167.12,5165.46,5087.8008,5087.8008,stop_loss
31444,2026-03-04T15:01:00+00:00,2026-03-04T15:02:00+00:00,2026-03-04T16:01:00+00:00,0,down,5161.15,5157.46,3.6899999999996,0.9571884650099384,0.9571884650099384,0,31444,2026-03-04T15:01:00+00:00,5163.63,5157.46,5083.732749999999,5083.732749999999,timeout
31766,2026-03-04T20:23:00+00:00,2026-03-04T20:24:00+00:00,2026-03-04T20:35:00+00:00,0,down,5131.86,5138.82,-6.960000000000036,0.7615418323016645,0.8837653910522142,3,31774,2026-03-04T20:31:00+00:00,5132.45,5138.09,5063.67815,5054.8821,reverse_signal
31781,2026-03-04T20:38:00+00:00,2026-03-04T20:39:00+00:00,2026-03-04T20:43:00+00:00,2,up,5141.52,5146.6,5.079999999999927,0.7873638194445566,0.7873638194445566,0,31781,2026-03-04T20:38:00+00:00,5141.15,5136.17,5218.6428000000005,5218.6428000000005,reverse_signal
31833,2026-03-04T23:47:00+00:00,2026-03-04T23:48:00+00:00,2026-03-05T00:18:00+00:00,0,down,5162.07,5177.07,-15.0,0.9286076592130138,0.9981718181776114,2,31847,2026-03-05T00:01:00+00:00,5162.93,5174.97,5084.18585,5084.63895,stop_loss
31870,2026-03-05T00:24:00+00:00,2026-03-05T00:25:00+00:00,2026-03-05T01:27:00+00:00,0,down,5176.16,5177.18,-1.0200000000004366,0.5817748386019086,0.5593110001125035,2,31873,2026-03-05T00:27:00+00:00,5177.33,5176.34,5097.8872,5098.5176,timeout
31994,2026-03-05T03:56:00+00:00,2026-03-05T03:57:00+00:00,2026-03-05T04:56:00+00:00,0,down,5181.26,5157.17,24.090000000000146,0.9983519389678566,0.9983519389678566,0,31994,2026-03-05T03:56:00+00:00,5182.32,5173.27,5103.5411,5103.5411,timeout
32082,2026-03-05T15:21:00+00:00,2026-03-05T15:22:00+00:00,2026-03-05T15:53:00+00:00,0,down,5081.87,5096.87,-15.0,0.9999800541837394,0.9999800541837394,0,32082,2026-03-05T15:21:00+00:00,5083.02,5069.61,5005.64195,5005.64195,stop_loss
32265,2026-03-05T18:24:00+00:00,2026-03-05T18:25:00+00:00,2026-03-05T18:39:00+00:00,0,down,5066.25,5081.25,-15.0,0.9999901802420386,0.9993921151191527,3,32272,2026-03-05T18:31:00+00:00,5067.18,5065.68,5003.277950000001,4990.25625,stop_loss
32378,2026-03-05T20:17:00+00:00,2026-03-05T20:18:00+00:00,2026-03-05T21:25:00+00:00,0,down,5090.47,5079.52,10.949999999999818,0.9998497733223634,0.8339299855656738,0,32378,2026-03-05T20:17:00+00:00,5091.35,5080.98,5014.112950000001,5014.112950000001,timeout
32510,2026-03-05T23:59:00+00:00,2026-03-06T00:00:00+00:00,2026-03-06T00:01:00+00:00,2,up,5087.17,5079.83,-7.3400000000001455,0.796259267485049,0.796259267485049,0,32510,2026-03-05T23:59:00+00:00,5086.36,5083.49,5163.47755,5163.47755,reverse_signal
32513,2026-03-06T00:02:00+00:00,2026-03-06T00:03:00+00:00,2026-03-06T01:33:00+00:00,0,down,5082.1,5097.1,-15.0,0.9987950839080055,0.999925942955029,2,32561,2026-03-06T00:50:00+00:00,5083.31,5133.07,5002.07625,5005.8685000000005,stop_loss
32711,2026-03-06T15:01:00+00:00,2026-03-06T15:02:00+00:00,2026-03-06T15:03:00+00:00,0,down,5143.58,5158.58,-15.0,0.9959280376533557,0.9959280376533557,0,32711,2026-03-06T15:01:00+00:00,5144.42,5144.45,5066.4263,5066.4263,stop_loss
32713,2026-03-06T15:03:00+00:00,2026-03-06T15:04:00+00:00,2026-03-06T15:24:00+00:00,0,down,5145.03,5160.03,-15.0,0.9662430635442965,0.9793605693006933,1,32715,2026-03-06T15:05:00+00:00,5146.32,5145.13,5078.72895,5067.85455,stop_loss
32968,2026-03-06T19:18:00+00:00,2026-03-06T19:19:00+00:00,2026-03-06T19:38:00+00:00,2,up,5172.56,5157.56,-15.0,0.993413363351258,0.5730569988281596,0,32968,2026-03-06T19:18:00+00:00,5171.62,5156.2,5250.1484,5250.1484,stop_loss
33041,2026-03-06T20:31:00+00:00,2026-03-06T20:32:00+00:00,2026-03-06T21:16:00+00:00,0,down,5153.74,5168.74,-15.0,0.9999740226919259,0.9999740226919259,0,33041,2026-03-06T20:31:00+00:00,5154.56,5168.52,5076.4339,5076.4339,stop_loss
33075,2026-03-08T22:07:00+00:00,2026-03-08T22:08:00+00:00,2026-03-08T22:09:00+00:00,0,down,5142.11,5157.11,-15.0,0.9972374773620195,0.9972374773620195,0,33075,2026-03-08T22:07:00+00:00,5145.82,5120.45,5064.978349999999,5064.978349999999,stop_loss
33107,2026-03-08T22:39:00+00:00,2026-03-08T22:40:00+00:00,2026-03-08T23:55:00+00:00,0,down,5132.89,5070.67,62.220000000000255,0.9744089566328901,0.7542624969461774,3,33117,2026-03-08T22:49:00+00:00,5134.37,5066.77,5031.92175,5055.896650000001,timeout
33259,2026-03-09T01:41:00+00:00,2026-03-09T01:42:00+00:00,2026-03-09T02:00:00+00:00,2,up,5078.38,5063.38,-15.0,0.696661514960109,0.696661514960109,0,33259,2026-03-09T01:41:00+00:00,5077.36,5088.81,5154.5557,5154.5557,stop_loss
33428,2026-03-09T05:33:00+00:00,2026-03-09T05:34:00+00:00,2026-03-09T05:44:00+00:00,0,down,5107.39,5122.39,-15.0,0.5885202458387584,0.9782218321239091,3,33433,2026-03-09T05:38:00+00:00,5108.48,5116.69,5031.44895,5030.77915,stop_loss
33443,2026-03-09T05:48:00+00:00,2026-03-09T05:49:00+00:00,2026-03-09T05:56:00+00:00,0,down,5134.37,5125.31,9.05999999999949,0.8546692171915606,0.7855074076605804,0,33443,2026-03-09T05:48:00+00:00,5135.33,5104.26,5057.35445,5057.35445,reverse_signal
33700,2026-03-09T19:21:00+00:00,2026-03-09T19:22:00+00:00,2026-03-09T20:21:00+00:00,2,up,5138.68,5137.18,-1.5,0.9969916015122117,0.9969916015122117,0,33700,2026-03-09T19:21:00+00:00,5137.83,5137.18,5215.760200000001,5215.760200000001,timeout
34307,2026-03-10T18:17:00+00:00,2026-03-10T18:18:00+00:00,2026-03-10T18:28:00+00:00,0,down,5188.89,5203.89,-15.0,0.9954779435032778,0.997048007856424,2,34314,2026-03-10T18:24:00+00:00,5190.49,5206.56,5115.045899999999,5111.05665,stop_loss
34503,2026-03-11T00:31:00+00:00,2026-03-11T00:32:00+00:00,2026-03-11T00:48:00+00:00,0,down,5209.13,5216.08,-6.949999999999818,0.8706123640936964,0.8706123640936964,0,34503,2026-03-11T00:31:00+00:00,5210.04,5217.37,5130.99305,5130.99305,reverse_signal
34520,2026-03-11T00:48:00+00:00,2026-03-11T00:49:00+00:00,2026-03-11T01:59:00+00:00,2,up,5217.28,5208.49,-8.789999999999964,0.9981524173689558,0.7776613642076827,1,34523,2026-03-11T00:51:00+00:00,5216.48,5211.08,5295.91475,5295.5392,timeout
34845,2026-03-11T18:14:00+00:00,2026-03-11T18:15:00+00:00,2026-03-11T19:14:00+00:00,0,down,5171.55,5159.46,12.090000000000146,0.8039739125372718,0.8039739125372718,0,34845,2026-03-11T18:14:00+00:00,5172.62,5172.91,5093.97675,5093.97675,timeout
35039,2026-03-12T00:56:00+00:00,2026-03-12T00:57:00+00:00,2026-03-12T01:55:00+00:00,2,up,5154.16,5166.56,12.400000000000546,0.9606639159239991,0.9606639159239991,0,35039,2026-03-12T00:56:00+00:00,5153.62,5166.21,5231.4724,5231.4724,reverse_signal
35084,2026-03-12T02:11:00+00:00,2026-03-12T02:12:00+00:00,2026-03-12T02:24:00+00:00,0,down,5172.3,5169.64,2.6599999999998545,0.9048502020334214,0.9539887471391219,3,35094,2026-03-12T02:21:00+00:00,5173.18,5153.52,5095.96645,5094.7155,reverse_signal
35097,2026-03-12T02:24:00+00:00,2026-03-12T02:25:00+00:00,2026-03-12T02:45:00+00:00,2,up,5169.63,5154.63,-15.0,0.9623070469704397,0.9623070469704397,0,35097,2026-03-12T02:24:00+00:00,5168.46,5151.18,5247.17445,5247.17445,stop_loss
35142,2026-03-12T03:09:00+00:00,2026-03-12T03:10:00+00:00,2026-03-12T04:09:00+00:00,0,down,5153.04,5153.67,-0.6300000000001091,0.9988530054816807,0.9988530054816807,0,35142,2026-03-12T03:09:00+00:00,5154.01,5153.67,5075.7444,5075.7444,timeout
35240,2026-03-12T06:47:00+00:00,2026-03-12T06:48:00+00:00,2026-03-12T06:53:00+00:00,0,down,5167.16,5168.9,-1.7399999999997817,0.6638549190126448,0.6638549190126448,0,35240,2026-03-12T06:47:00+00:00,5168.02,5180.39,5089.652599999999,5089.652599999999,reverse_signal
35597,2026-03-12T22:07:00+00:00,2026-03-12T22:08:00+00:00,2026-03-12T22:25:00+00:00,0,down,5081.52,5096.52,-15.0,0.9701303853238119,0.9701303853238119,0,35597,2026-03-12T22:07:00+00:00,5083.11,5095.91,5005.297200000001,5005.297200000001,stop_loss
35700,2026-03-12T23:50:00+00:00,2026-03-12T23:51:00+00:00,2026-03-13T01:59:00+00:00,0,down,5097.28,5112.28,-15.0,0.9976255058998117,0.997286901619363,7,35722,2026-03-13T00:12:00+00:00,5097.59,5118.62,5029.6464,5020.8207999999995,stop_loss
35730,2026-03-13T02:05:00+00:00,2026-03-13T02:06:00+00:00,2026-03-13T03:05:00+00:00,0,down,5124.54,5087.05,37.48999999999978,0.9996083843475255,0.9996083843475255,0,35730,2026-03-13T02:05:00+00:00,5124.95,5114.68,5047.6719,5047.6719,timeout
36153,2026-03-15T22:49:00+00:00,2026-03-15T22:50:00+00:00,2026-03-15T23:03:00+00:00,2,up,5020.95,5013.65,-7.300000000000182,0.9644798267620946,0.9644798267620946,0,36153,2026-03-15T22:49:00+00:00,5020.83,4973.73,5096.26425,5096.26425,reverse_signal
36167,2026-03-15T23:03:00+00:00,2026-03-15T23:04:00+00:00,2026-03-16T00:07:00+00:00,0,down,5013.14,5028.14,-15.0,0.9961308711431998,0.9994284581347758,0,36167,2026-03-15T23:03:00+00:00,5013.21,5017.0,4937.9429,4937.9429,stop_loss
36672,2026-03-16T18:35:00+00:00,2026-03-16T18:36:00+00:00,2026-03-16T19:37:00+00:00,2,up,5011.01,5012.72,1.7100000000000364,0.9048245923641776,0.837187654096169,1,36674,2026-03-16T18:37:00+00:00,5011.08,5012.72,5086.2360499999995,5086.17515,timeout
37104,2026-03-18T15:04:00+00:00,2026-03-18T15:05:00+00:00,2026-03-18T16:04:00+00:00,0,down,4869.43,4865.84,3.5900000000001455,0.9999584513347417,0.9999584513347417,0,37104,2026-03-18T15:04:00+00:00,4869.51,4865.84,4796.388550000001,4796.388550000001,timeout
37221,2026-03-18T17:26:00+00:00,2026-03-18T17:27:00+00:00,2026-03-18T18:27:00+00:00,0,down,4893.71,4883.73,9.980000000000473,0.9976098785134344,0.8203649013714293,1,37222,2026-03-18T17:27:00+00:00,4894.09,4883.73,4821.32875,4820.30435,timeout
37297,2026-03-18T18:43:00+00:00,2026-03-18T18:44:00+00:00,2026-03-18T19:43:00+00:00,0,down,4880.8,4850.85,29.949999999999818,0.995705856397066,0.995705856397066,0,37297,2026-03-18T18:43:00+00:00,4881.07,4850.85,4807.588,4807.588,timeout
37518,2026-03-18T23:25:00+00:00,2026-03-18T23:26:00+00:00,2026-03-19T00:36:00+00:00,0,down,4836.4,4846.48,-10.079999999999927,0.9910267503361638,0.9817636206668411,1,37576,2026-03-19T00:23:00+00:00,4836.76,4835.36,4770.52245,4763.853999999999,reverse_signal
37589,2026-03-19T00:36:00+00:00,2026-03-19T00:37:00+00:00,2026-03-19T01:37:00+00:00,0,down,4846.54,4858.3,-11.760000000000218,0.9957648241061201,0.9995336748715778,1,37590,2026-03-19T00:37:00+00:00,4847.52,4858.3,4776.1074,4773.8419,timeout
37600,2026-03-19T01:43:00+00:00,2026-03-19T01:44:00+00:00,2026-03-19T03:00:00+00:00,0,down,4862.7,4860.35,2.3499999999994543,0.8790312938185871,0.9880904006736083,0,37600,2026-03-19T01:43:00+00:00,4862.99,4860.74,4789.7595,4789.7595,timeout
37780,2026-03-19T06:49:00+00:00,2026-03-19T06:50:00+00:00,2026-03-19T06:50:00+00:00,2,up,4767.56,4752.56,-15.0,0.9678992251969203,0.9678992251969203,0,37780,2026-03-19T06:49:00+00:00,4767.28,4750.11,4839.0734,4839.0734,stop_loss
37781,2026-03-19T06:50:00+00:00,2026-03-19T06:51:00+00:00,2026-03-19T15:00:00+00:00,2,up,4752.67,4737.67,-15.0,0.9917545762952096,0.999168501064333,1,37782,2026-03-19T06:51:00+00:00,4752.34,4747.43,4824.71115,4823.96005,stop_loss
38049,2026-03-19T19:18:00+00:00,2026-03-19T19:19:00+00:00,2026-03-19T20:29:00+00:00,0,down,4652.99,4657.63,-4.640000000000327,0.9995117918361804,0.7496331579612749,0,38049,2026-03-19T19:18:00+00:00,4652.52,4658.93,4583.19515,4583.19515,timeout
38367,2026-03-20T02:07:00+00:00,2026-03-20T02:08:00+00:00,2026-03-20T02:49:00+00:00,0,down,4678.58,4693.58,-15.0,0.9515162251041234,0.6715088797684854,1,38372,2026-03-20T02:12:00+00:00,4678.89,4719.45,4616.76395,4608.4012999999995,stop_loss
38461,2026-03-20T03:41:00+00:00,2026-03-20T03:42:00+00:00,2026-03-20T03:50:00+00:00,2,up,4730.99,4723.66,-7.329999999999927,0.8870882809006257,0.9805652386439337,0,38461,2026-03-20T03:41:00+00:00,4730.71,4725.36,4801.95485,4801.95485,reverse_signal
38471,2026-03-20T03:51:00+00:00,2026-03-20T03:52:00+00:00,2026-03-20T04:52:00+00:00,0,down,4724.01,4718.76,5.25,0.9818588934750605,0.9851077402932192,1,38472,2026-03-20T03:52:00+00:00,4725.03,4718.76,4656.87315,4653.14985,timeout
38798,2026-03-20T17:32:00+00:00,2026-03-20T17:33:00+00:00,2026-03-20T17:54:00+00:00,0,down,4561.41,4576.41,-15.0,0.837376108384606,0.999737134445215,2,38801,2026-03-20T17:35:00+00:00,4561.42,4547.4,4490.70365,4492.98885,stop_loss
38882,2026-03-20T18:56:00+00:00,2026-03-20T18:57:00+00:00,2026-03-20T20:20:00+00:00,2,up,4486.33,4510.61,24.279999999999745,0.612032644376447,0.8201735025927221,1,38884,2026-03-20T18:58:00+00:00,4485.15,4503.55,4560.2123,4553.62495,timeout
39064,2026-03-22T22:59:00+00:00,2026-03-22T23:00:00+00:00,2026-03-22T23:26:00+00:00,2,up,4498.51,4483.51,-15.0,0.8878088469646578,0.8878088469646578,0,39064,2026-03-22T22:59:00+00:00,4498.11,4464.09,4565.98765,4565.98765,stop_loss
39142,2026-03-23T00:17:00+00:00,2026-03-23T00:18:00+00:00,2026-03-23T00:34:00+00:00,2,up,4416.84,4401.84,-15.0,0.7245317203582246,0.7245317203582246,0,39142,2026-03-23T00:17:00+00:00,4415.37,4423.58,4483.0926,4483.0926,stop_loss
39161,2026-03-23T00:36:00+00:00,2026-03-23T00:37:00+00:00,2026-03-23T00:37:00+00:00,2,up,4351.05,4336.05,-15.0,0.9938265508685643,0.9938265508685643,0,39161,2026-03-23T00:36:00+00:00,4347.43,4434.51,4416.31575,4416.31575,stop_loss
39162,2026-03-23T00:37:00+00:00,2026-03-23T00:38:00+00:00,2026-03-23T01:30:00+00:00,2,up,4333.07,4418.12245,85.05245000000014,0.9856227764022027,0.8240542956781418,1,39165,2026-03-23T00:40:00+00:00,4331.29,4439.62,4418.12245,4398.066049999999,target_hit
39417,2026-03-23T05:22:00+00:00,2026-03-23T05:23:00+00:00,2026-03-23T06:02:00+00:00,0,down,4359.01,4293.62485,65.38515000000007,0.9955513539680522,0.9988259844926134,0,39417,2026-03-23T05:22:00+00:00,4359.29,4276.3,4293.62485,4293.62485,target_hit
39459,2026-03-23T06:04:00+00:00,2026-03-23T06:05:00+00:00,2026-03-23T06:07:00+00:00,2,up,4287.13,4272.13,-15.0,0.7214207433182881,0.818744530525753,0,39459,2026-03-23T06:04:00+00:00,4286.57,4179.83,4351.43695,4351.43695,stop_loss
39462,2026-03-23T06:07:00+00:00,2026-03-23T06:08:00+00:00,2026-03-23T06:26:00+00:00,2,up,4283.66,4268.66,-15.0,0.9826447004647881,0.9618051285571095,1,39469,2026-03-23T06:14:00+00:00,4282.74,4129.12,4359.019,4347.9149,stop_loss
39485,2026-03-23T06:30:00+00:00,2026-03-23T06:31:00+00:00,2026-03-23T06:32:00+00:00,2,up,4241.46,4226.46,-15.0,0.9980109909318223,0.9940208573352464,1,39486,2026-03-23T06:31:00+00:00,4240.49,4144.54,4306.8886,4305.0819,stop_loss
39487,2026-03-23T06:32:00+00:00,2026-03-23T06:33:00+00:00,2026-03-23T06:43:00+00:00,2,up,4227.32,4212.32,-15.0,0.9893298354834702,0.9304247413959248,1,39488,2026-03-23T06:33:00+00:00,4225.46,4158.54,4291.1561,4290.7298,stop_loss
39498,2026-03-23T06:43:00+00:00,2026-03-23T06:44:00+00:00,2026-03-23T06:44:00+00:00,2,up,4198.35,4183.35,-15.0,0.9850006144818141,0.9850006144818141,0,39498,2026-03-23T06:43:00+00:00,4197.21,4200.77,4261.325250000001,4261.325250000001,stop_loss
39499,2026-03-23T06:44:00+00:00,2026-03-23T06:45:00+00:00,2026-03-23T06:47:00+00:00,2,up,4183.42,4168.42,-15.0,0.9727768303166014,0.9917246796261762,1,39501,2026-03-23T06:46:00+00:00,4181.97,4224.24,4247.2878,4246.1713,stop_loss
39502,2026-03-23T06:47:00+00:00,2026-03-23T06:48:00+00:00,2026-03-23T15:00:00+00:00,2,up,4171.38,4254.7886499999995,83.4086499999994,0.9709391796136061,0.9949402608077648,1,39503,2026-03-23T06:48:00+00:00,4169.49,4222.22,4254.7886499999995,4233.9507,target_hit
39515,2026-03-23T15:00:00+00:00,2026-03-23T15:01:00+00:00,2026-03-23T15:01:00+00:00,0,down,4460.32,4475.32,-15.0,0.9978466283141428,0.9978466283141428,0,39515,2026-03-23T15:00:00+00:00,4461.33,4367.2,4393.4151999999995,4393.4151999999995,stop_loss
39517,2026-03-23T15:02:00+00:00,2026-03-23T15:03:00+00:00,2026-03-23T15:06:00+00:00,0,down,4471.61,4486.61,-15.0,0.9961229855921225,0.9961229855921225,0,39517,2026-03-23T15:02:00+00:00,4471.92,4375.88,4404.535849999999,4404.535849999999,stop_loss
39566,2026-03-23T15:51:00+00:00,2026-03-23T15:52:00+00:00,2026-03-23T17:11:00+00:00,0,down,4402.61,4399.48,3.130000000000109,0.9630132758905642,0.9291666183666921,0,39566,2026-03-23T15:51:00+00:00,4402.94,4379.61,4336.57085,4336.57085,timeout
39705,2026-03-23T18:10:00+00:00,2026-03-23T18:11:00+00:00,2026-03-23T18:31:00+00:00,0,down,4420.59,4435.59,-15.0,0.9824447198210765,0.9824447198210765,0,39705,2026-03-23T18:10:00+00:00,4420.95,4426.64,4354.28115,4354.28115,stop_loss
39762,2026-03-23T19:07:00+00:00,2026-03-23T19:08:00+00:00,2026-03-23T22:02:00+00:00,0,down,4432.72,4419.79,12.930000000000291,0.9504089787425727,0.9999927031592757,0,39762,2026-03-23T19:07:00+00:00,4432.78,4394.2,4366.229200000001,4366.229200000001,timeout
39980,2026-03-23T23:46:00+00:00,2026-03-23T23:47:00+00:00,2026-03-24T00:15:00+00:00,2,up,4430.05,4415.05,-15.0,0.7687096115623687,0.7687096115623687,0,39980,2026-03-23T23:46:00+00:00,4429.1,4358.53,4496.50075,4496.50075,stop_loss
40022,2026-03-24T00:28:00+00:00,2026-03-24T00:29:00+00:00,2026-03-24T00:57:00+00:00,0,down,4377.39,4375.95,1.4400000000005093,0.9988786127957546,0.7942299342321384,0,40022,2026-03-24T00:28:00+00:00,4377.71,4362.53,4311.72915,4311.72915,reverse_signal
40053,2026-03-24T00:59:00+00:00,2026-03-24T01:00:00+00:00,2026-03-24T01:30:00+00:00,2,up,4364.7,4349.7,-15.0,0.6107950751366242,0.6107950751366242,0,40053,2026-03-24T00:59:00+00:00,4364.63,4322.15,4430.1705,4430.1705,stop_loss
40057,2026-03-24T01:33:00+00:00,2026-03-24T01:34:00+00:00,2026-03-24T01:41:00+00:00,2,up,4356.39,4341.39,-15.0,0.9582478775622056,0.9582478775622056,0,40057,2026-03-24T01:33:00+00:00,4355.1,4364.52,4421.73585,4421.73585,stop_loss
40178,2026-03-24T03:34:00+00:00,2026-03-24T03:35:00+00:00,2026-03-24T04:34:00+00:00,0,down,4346.76,4343.19,3.5700000000006185,0.9991677187749616,0.9991677187749616,0,40178,2026-03-24T03:34:00+00:00,4347.65,4343.19,4281.5586,4281.5586,timeout
40299,2026-03-24T05:35:00+00:00,2026-03-24T05:36:00+00:00,2026-03-24T05:40:00+00:00,0,down,4342.55,4357.55,-15.0,0.9768883698101949,0.9770625383117535,0,40299,2026-03-24T05:35:00+00:00,4343.46,4388.01,4277.41175,4277.41175,stop_loss
40304,2026-03-24T05:40:00+00:00,2026-03-24T05:41:00+00:00,2026-03-24T05:42:00+00:00,2,up,4359.75,4371.0,11.25,0.7226636150690512,0.7226636150690512,0,40304,2026-03-24T05:40:00+00:00,4357.55,4388.17,4425.14625,4425.14625,reverse_signal
40306,2026-03-24T05:42:00+00:00,2026-03-24T05:43:00+00:00,2026-03-24T05:44:00+00:00,2,up,4368.44,4361.99,-6.449999999999818,0.8111217709776449,0.8111217709776449,0,40306,2026-03-24T05:42:00+00:00,4367.54,4386.46,4433.9666,4433.9666,reverse_signal
40308,2026-03-24T05:44:00+00:00,2026-03-24T05:45:00+00:00,2026-03-24T06:10:00+00:00,0,down,4358.23,4373.23,-15.0,0.9866267739453055,0.9932507959364135,2,40315,2026-03-24T05:51:00+00:00,4358.99,4382.5,4294.70835,4292.8565499999995,stop_loss
40335,2026-03-24T06:11:00+00:00,2026-03-24T06:12:00+00:00,2026-03-24T06:17:00+00:00,0,down,4370.9,4364.13,6.769999999999527,0.7277633024925022,0.9914869143625892,0,40335,2026-03-24T06:11:00+00:00,4371.37,4422.94,4305.336499999999,4305.336499999999,reverse_signal
40341,2026-03-24T06:17:00+00:00,2026-03-24T06:18:00+00:00,2026-03-24T06:22:00+00:00,0,down,4373.08,4388.08,-15.0,0.8225766341944161,0.8509397471564433,2,40344,2026-03-24T06:20:00+00:00,4374.06,4421.29,4304.81445,4307.4838,stop_loss
40346,2026-03-24T06:22:00+00:00,2026-03-24T06:23:00+00:00,2026-03-24T06:24:00+00:00,0,down,4389.74,4389.23,0.5100000000002183,0.9223449071053468,0.9223449071053468,0,40346,2026-03-24T06:22:00+00:00,4391.06,4416.99,4323.8939,4323.8939,reverse_signal
40371,2026-03-24T06:47:00+00:00,2026-03-24T06:48:00+00:00,2026-03-24T06:55:00+00:00,0,down,4379.38,4394.38,-15.0,0.9528753709698617,0.9528753709698617,0,40371,2026-03-24T06:47:00+00:00,4380.53,4409.17,4313.6893,4313.6893,stop_loss
40385,2026-03-24T15:01:00+00:00,2026-03-24T15:02:00+00:00,2026-03-24T15:39:00+00:00,0,down,4410.51,4425.51,-15.0,0.7212300526246769,0.9863029337571227,2,40389,2026-03-24T15:05:00+00:00,4412.25,4406.76,4346.46025,4344.35235,stop_loss
40514,2026-03-24T17:10:00+00:00,2026-03-24T17:11:00+00:00,2026-03-24T18:13:00+00:00,0,down,4391.72,4390.97,0.75,0.91310914079747,0.9627212251084647,2,40517,2026-03-24T17:13:00+00:00,4392.12,4390.97,4330.75935,4325.8442000000005,timeout
40706,2026-03-24T20:22:00+00:00,2026-03-24T20:23:00+00:00,2026-03-24T20:24:00+00:00,0,down,4430.48,4445.48,-15.0,0.9989867640897299,0.9997514339466398,1,40707,2026-03-24T20:23:00+00:00,4430.76,4479.37,4369.8146,4364.0228,stop_loss
40708,2026-03-24T20:24:00+00:00,2026-03-24T20:25:00+00:00,2026-03-24T20:25:00+00:00,0,down,4463.8,4478.8,-15.0,0.9995899559278141,0.9995899559278141,0,40708,2026-03-24T20:24:00+00:00,4464.12,4473.16,4396.843,4396.843,stop_loss
40709,2026-03-24T20:25:00+00:00,2026-03-24T20:26:00+00:00,2026-03-24T20:48:00+00:00,0,down,4474.89,4461.56,13.329999999999927,0.9999655144186623,0.9608797347876387,0,40709,2026-03-24T20:25:00+00:00,4475.17,4475.21,4407.7666500000005,4407.7666500000005,reverse_signal
40732,2026-03-24T20:48:00+00:00,2026-03-24T20:49:00+00:00,2026-03-24T23:07:00+00:00,2,up,4462.76,4480.06,17.300000000000182,0.9952671246088818,0.9997658989942291,1,40733,2026-03-24T20:49:00+00:00,4462.48,4473.87,4532.8276000000005,4529.7014,timeout
40848,2026-03-24T23:45:00+00:00,2026-03-24T23:46:00+00:00,2026-03-24T23:49:00+00:00,0,down,4534.68,4549.68,-15.0,0.9530673033011487,0.9530673033011487,0,40848,2026-03-24T23:45:00+00:00,4536.36,4572.81,4466.6598,4466.6598,stop_loss
40853,2026-03-24T23:50:00+00:00,2026-03-24T23:51:00+00:00,2026-03-25T00:51:00+00:00,2,up,4542.21,4562.63,20.420000000000073,0.9112743861203744,0.8940358331836991,0,40853,2026-03-24T23:50:00+00:00,4541.3,4562.8,4610.34315,4610.34315,timeout
40941,2026-03-25T01:48:00+00:00,2026-03-25T01:49:00+00:00,2026-03-25T02:48:00+00:00,0,down,4594.59,4595.48,-0.8899999999994179,0.996210554021258,0.996210554021258,0,40941,2026-03-25T01:48:00+00:00,4595.47,4595.48,4525.67115,4525.67115,timeout
41263,2026-03-25T15:48:00+00:00,2026-03-25T15:49:00+00:00,2026-03-25T16:56:00+00:00,0,down,4555.71,4556.55,-0.8400000000001455,0.9995521391572457,0.999991863412168,1,41271,2026-03-25T15:56:00+00:00,4556.16,4556.55,4494.6929,4487.37435,timeout
41340,2026-03-25T17:05:00+00:00,2026-03-25T17:06:00+00:00,2026-03-25T18:01:00+00:00,0,down,4549.51,4564.51,-15.0,0.9999696925034782,0.9999696925034782,0,41340,2026-03-25T17:05:00+00:00,4549.95,4556.55,4481.26735,4481.26735,stop_loss
41398,2026-03-25T18:45:00+00:00,2026-03-25T18:46:00+00:00,2026-03-25T19:56:00+00:00,0,down,4544.9,4524.89,20.00999999999931,0.9985776856216307,0.9999685892406754,0,41398,2026-03-25T18:45:00+00:00,4545.29,4523.3,4476.7265,4476.7265,timeout
41666,2026-03-26T00:14:00+00:00,2026-03-26T00:15:00+00:00,2026-03-26T01:14:00+00:00,0,down,4527.43,4537.02,-9.590000000000146,0.9998651646995025,0.9998651646995025,0,41666,2026-03-26T00:14:00+00:00,4527.72,4539.24,4459.518550000001,4459.518550000001,timeout
41747,2026-03-26T02:05:00+00:00,2026-03-26T02:06:00+00:00,2026-03-26T03:07:00+00:00,0,down,4531.29,4508.54,22.75,0.9984960429691262,0.9999421157510765,1,41749,2026-03-26T02:07:00+00:00,4532.34,4508.54,4463.5373500000005,4463.32065,timeout
41878,2026-03-26T05:30:00+00:00,2026-03-26T05:31:00+00:00,2026-03-26T05:58:00+00:00,0,down,4488.05,4449.87,38.18000000000029,0.9981645862724718,0.9659549826136145,2,41880,2026-03-26T05:32:00+00:00,4488.34,4437.59,4419.5374,4420.72925,reverse_signal
41906,2026-03-26T05:58:00+00:00,2026-03-26T05:59:00+00:00,2026-03-26T06:01:00+00:00,2,up,4446.3,4431.3,-15.0,0.9998363326119714,0.9988276480373746,1,41908,2026-03-26T06:00:00+00:00,4446.22,4457.23,4513.14675,4512.9945,stop_loss
41909,2026-03-26T06:01:00+00:00,2026-03-26T06:02:00+00:00,2026-03-26T06:15:00+00:00,2,up,4431.72,4416.72,-15.0,0.9988738255588756,0.9996114532160033,1,41910,2026-03-26T06:02:00+00:00,4431.41,4454.9,4505.02675,4498.1958,stop_loss
41924,2026-03-26T06:16:00+00:00,2026-03-26T06:17:00+00:00,2026-03-26T07:21:00+00:00,2,up,4424.0,4465.38,41.38000000000011,0.9989036406113961,0.9945662109749629,1,41925,2026-03-26T06:17:00+00:00,4423.12,4444.68,4494.572249999999,4490.36,timeout
41972,2026-03-26T15:04:00+00:00,2026-03-26T15:05:00+00:00,2026-03-26T16:04:00+00:00,0,down,4459.02,4437.82,21.200000000000728,0.8702617117254946,0.8702617117254946,0,41972,2026-03-26T15:04:00+00:00,4459.87,4437.82,4392.1347000000005,4392.1347000000005,timeout
42287,2026-03-26T20:19:00+00:00,2026-03-26T20:20:00+00:00,2026-03-26T20:21:00+00:00,0,down,4395.43,4410.43,-15.0,0.8075454863784088,0.9590465143307654,1,42288,2026-03-26T20:20:00+00:00,4397.03,4405.25,4331.4784,4329.49855,stop_loss
42289,2026-03-26T20:21:00+00:00,2026-03-26T20:22:00+00:00,2026-03-26T20:26:00+00:00,0,down,4409.47,4400.28,9.19000000000051,0.9868562325586535,0.6279000235379015,3,42292,2026-03-26T20:24:00+00:00,4411.08,4400.6,4335.01455,4343.32795,reverse_signal
42294,2026-03-26T20:26:00+00:00,2026-03-26T20:27:00+00:00,2026-03-26T20:39:00+00:00,0,down,4400.51,4415.51,-15.0,0.9987817259545907,0.9338519101272995,2,42297,2026-03-26T20:29:00+00:00,4401.61,4397.33,4339.1417,4334.502350000001,stop_loss
42345,2026-03-26T22:18:00+00:00,2026-03-26T22:19:00+00:00,2026-03-26T22:46:00+00:00,0,down,4406.77,4421.77,-15.0,0.9793353221506086,0.9731256885180406,0,42345,2026-03-26T22:18:00+00:00,4407.96,4399.6,4340.66845,4340.66845,stop_loss
42373,2026-03-26T22:46:00+00:00,2026-03-26T22:47:00+00:00,2026-03-26T23:47:00+00:00,0,down,4405.27,4399.32,5.950000000000728,0.9918462589534661,0.9932095009168822,1,42374,2026-03-26T22:47:00+00:00,4406.86,4399.32,4341.2299,4339.19095,timeout
42728,2026-03-27T05:34:00+00:00,2026-03-27T05:35:00+00:00,2026-03-27T05:39:00+00:00,2,up,4459.69,4471.97,12.280000000000655,0.9064673878721992,0.5503868877198398,1,42729,2026-03-27T05:35:00+00:00,4459.41,4463.95,4531.538549999999,4526.585349999999,reverse_signal
42733,2026-03-27T05:39:00+00:00,2026-03-27T05:40:00+00:00,2026-03-27T06:01:00+00:00,0,down,4473.76,4459.77,13.989999999999782,0.8108015507085796,0.6229267896594568,0,42733,2026-03-27T05:39:00+00:00,4473.92,4466.5,4406.653600000001,4406.653600000001,reverse_signal
42760,2026-03-27T06:06:00+00:00,2026-03-27T06:07:00+00:00,2026-03-27T06:08:00+00:00,2,up,4457.18,4456.74,-0.4400000000005093,0.7876346611211806,0.7876346611211806,0,42760,2026-03-27T06:06:00+00:00,4456.96,4455.06,4524.0377,4524.0377,reverse_signal
42831,2026-03-27T15:17:00+00:00,2026-03-27T15:18:00+00:00,2026-03-27T15:21:00+00:00,0,down,4526.83,4541.83,-15.0,0.9503058491436711,0.7245938651808702,1,42832,2026-03-27T15:18:00+00:00,4527.75,4527.6,4468.097900000001,4458.92755,stop_loss
43132,2026-03-27T20:18:00+00:00,2026-03-27T20:19:00+00:00,2026-03-29T22:15:00+00:00,0,down,4508.37,4498.17,10.199999999999818,0.9998923929982121,0.9998923929982121,0,43132,2026-03-27T20:18:00+00:00,4508.61,4506.29,4440.74445,4440.74445,reverse_signal
43464,2026-03-30T03:21:00+00:00,2026-03-30T03:22:00+00:00,2026-03-30T04:49:00+00:00,0,down,4510.79,4489.31,21.479999999999563,0.9947335136417935,0.9307678859142691,1,43468,2026-03-30T03:25:00+00:00,4512.33,4494.24,4443.16755,4443.12815,timeout
43748,2026-03-30T16:05:00+00:00,2026-03-30T16:06:00+00:00,2026-03-30T17:10:00+00:00,0,down,4542.47,4530.18,12.289999999999964,0.9981854803311555,0.9923168463368932,1,43753,2026-03-30T16:10:00+00:00,4542.78,4530.18,4477.1795999999995,4474.33295,timeout
44077,2026-03-30T23:05:00+00:00,2026-03-30T23:06:00+00:00,2026-03-30T23:37:00+00:00,0,down,4499.32,4514.32,-15.0,0.9998521630194243,0.998372491422045,1,44083,2026-03-30T23:11:00+00:00,4500.45,4520.53,4432.98265,4431.830199999999,stop_loss
44149,2026-03-31T00:17:00+00:00,2026-03-31T00:18:00+00:00,2026-03-31T00:21:00+00:00,0,down,4501.73,4491.9,9.829999999999927,0.6342985693274557,0.6342985693274557,0,44149,2026-03-31T00:17:00+00:00,4502.95,4548.79,4434.204049999999,4434.204049999999,reverse_signal
44154,2026-03-31T00:22:00+00:00,2026-03-31T00:23:00+00:00,2026-03-31T00:51:00+00:00,2,up,4486.39,4535.89,49.5,0.9853630503676455,0.9520070833610665,1,44159,2026-03-31T00:27:00+00:00,4485.76,4576.84,4577.3861,4553.685850000001,reverse_signal
44189,2026-03-31T00:57:00+00:00,2026-03-31T00:58:00+00:00,2026-03-31T01:30:00+00:00,0,down,4540.35,4555.35,-15.0,0.738507382832292,0.9872373048464615,2,44191,2026-03-31T00:59:00+00:00,4541.77,4605.3,4480.67635,4472.244750000001,stop_loss
44223,2026-03-31T02:01:00+00:00,2026-03-31T02:02:00+00:00,2026-03-31T03:01:00+00:00,0,down,4595.06,4570.55,24.51000000000022,0.9893766337149303,0.9893766337149303,0,44223,2026-03-31T02:01:00+00:00,4595.88,4570.55,4526.1341,4526.1341,timeout
44417,2026-03-31T05:39:00+00:00,2026-03-31T05:40:00+00:00,2026-03-31T05:41:00+00:00,0,down,4577.12,4576.5,0.6199999999998909,0.6958956181396195,0.6958956181396195,0,44417,2026-03-31T05:39:00+00:00,4577.9,4562.08,4508.4632,4508.4632,reverse_signal
44600,2026-03-31T16:42:00+00:00,2026-03-31T16:43:00+00:00,2026-03-31T17:16:00+00:00,0,down,4646.55,4643.79,2.7600000000002183,0.9999939114662538,0.9999746567615094,2,44610,2026-03-31T16:52:00+00:00,4646.93,4662.9,4568.87325,4576.85175,reverse_signal
44643,2026-03-31T17:25:00+00:00,2026-03-31T17:26:00+00:00,2026-03-31T18:25:00+00:00,2,up,4645.88,4661.47,15.590000000000146,0.9997610255584282,0.9997610255584282,0,44643,2026-03-31T17:25:00+00:00,4645.62,4661.47,4715.5682,4715.5682,timeout
44780,2026-03-31T19:42:00+00:00,2026-03-31T19:43:00+00:00,2026-03-31T19:53:00+00:00,2,up,4678.77,4679.97,1.199999999999818,0.9317280568774985,0.9317280568774985,0,44780,2026-03-31T19:42:00+00:00,4678.58,4671.93,4748.951550000001,4748.951550000001,reverse_signal
44821,2026-03-31T20:23:00+00:00,2026-03-31T20:24:00+00:00,2026-03-31T22:38:00+00:00,0,down,4673.27,4688.27,-15.0,0.9115998988237353,0.9115998988237353,0,44821,2026-03-31T20:23:00+00:00,4673.6,4682.68,4603.170950000001,4603.170950000001,stop_loss
44923,2026-03-31T23:33:00+00:00,2026-03-31T23:34:00+00:00,2026-04-01T00:05:00+00:00,0,down,4687.66,4702.66,-15.0,0.9999526834868259,0.9999220739672428,1,44951,2026-04-01T00:01:00+00:00,4687.97,4701.96,4626.2101,4617.3451,stop_loss
44958,2026-04-01T00:08:00+00:00,2026-04-01T00:09:00+00:00,2026-04-01T00:25:00+00:00,0,down,4701.91,4716.91,-15.0,0.8499565335511063,0.8499565335511063,0,44958,2026-04-01T00:08:00+00:00,4702.18,4703.46,4631.38135,4631.38135,stop_loss
44990,2026-04-01T00:40:00+00:00,2026-04-01T00:41:00+00:00,2026-04-01T00:44:00+00:00,0,down,4705.32,4705.49,-0.17000000000007276,0.5514814866484317,0.7934723707768236,0,44990,2026-04-01T00:40:00+00:00,4705.39,4681.81,4634.740199999999,4634.740199999999,reverse_signal
45038,2026-04-01T01:58:00+00:00,2026-04-01T01:59:00+00:00,2026-04-01T02:58:00+00:00,0,down,4687.45,4686.99,0.4600000000000364,0.9999501620790934,0.9999501620790934,0,45038,2026-04-01T01:58:00+00:00,4688.39,4686.99,4617.13825,4617.13825,timeout
45343,2026-04-01T17:04:00+00:00,2026-04-01T17:05:00+00:00,2026-04-01T18:05:00+00:00,0,down,4788.91,4767.01,21.899999999999636,0.9998683755106941,0.9995824022226336,1,45344,2026-04-01T17:05:00+00:00,4789.46,4767.01,4720.5731,4717.07635,timeout
45367,2026-04-01T18:06:00+00:00,2026-04-01T18:07:00+00:00,2026-04-01T19:06:00+00:00,0,down,4772.05,4761.53,10.520000000000437,0.9606654234046407,0.9606654234046407,0,45367,2026-04-01T18:06:00+00:00,4772.29,4761.53,4700.46925,4700.46925,timeout
45505,2026-04-01T20:24:00+00:00,2026-04-01T20:25:00+00:00,2026-04-01T22:25:00+00:00,0,down,4763.11,4771.68,-8.570000000000618,0.9756299055186444,0.9756299055186444,0,45505,2026-04-01T20:24:00+00:00,4763.27,4771.68,4691.66335,4691.66335,timeout
45650,2026-04-01T23:51:00+00:00,2026-04-01T23:52:00+00:00,2026-04-02T00:09:00+00:00,0,down,4777.8,4792.8,-15.0,0.9865044908063427,0.9865044908063427,0,45650,2026-04-01T23:51:00+00:00,4781.08,4787.18,4706.133,4706.133,stop_loss
45684,2026-04-02T00:25:00+00:00,2026-04-02T00:26:00+00:00,2026-04-02T01:30:00+00:00,0,down,4793.01,4721.11485,71.89515000000029,0.9995292266250818,0.9821689959521499,0,45684,2026-04-02T00:25:00+00:00,4794.37,4701.57,4721.11485,4721.11485,target_hit
45719,2026-04-02T01:30:00+00:00,2026-04-02T01:31:00+00:00,2026-04-02T01:32:00+00:00,2,up,4685.81,4670.81,-15.0,0.9071868569010569,0.9771291309352138,0,45719,2026-04-02T01:30:00+00:00,4685.54,4686.04,4756.0971500000005,4756.0971500000005,stop_loss
45721,2026-04-02T01:32:00+00:00,2026-04-02T01:33:00+00:00,2026-04-02T03:13:00+00:00,2,up,4664.74,4687.43,22.69000000000051,0.9719971425473839,0.9942222842318642,1,45723,2026-04-02T01:34:00+00:00,4662.44,4670.3,4752.5142,4734.7110999999995,timeout
45980,2026-04-02T05:51:00+00:00,2026-04-02T05:52:00+00:00,2026-04-02T06:02:00+00:00,2,up,4598.44,4583.44,-15.0,0.8657029611616603,0.9970099000616517,1,45982,2026-04-02T05:53:00+00:00,4596.38,4607.52,4675.0697,4667.4166,stop_loss
45991,2026-04-02T06:02:00+00:00,2026-04-02T06:03:00+00:00,2026-04-02T06:07:00+00:00,2,up,4589.51,4574.51,-15.0,0.9930790835962567,0.9998503146426158,0,45991,2026-04-02T06:02:00+00:00,4588.2,4600.25,4658.35265,4658.35265,stop_loss
45996,2026-04-02T06:07:00+00:00,2026-04-02T06:08:00+00:00,2026-04-02T06:08:00+00:00,2,up,4577.03,4562.03,-15.0,0.9999443197202239,0.9999443197202239,0,45996,2026-04-02T06:07:00+00:00,4575.66,4607.71,4645.68545,4645.68545,stop_loss
45997,2026-04-02T06:08:00+00:00,2026-04-02T06:09:00+00:00,2026-04-02T15:00:00+00:00,2,up,4567.86,4644.3760999999995,76.51609999999982,0.9998844657093187,0.9816470696627513,1,46002,2026-04-02T06:13:00+00:00,4567.08,4616.08,4644.3760999999995,4636.3778999999995,target_hit
46363,2026-04-02T20:18:00+00:00,2026-04-02T20:19:00+00:00,2026-04-05T22:25:00+00:00,0,down,4667.08,4639.82,27.26000000000022,0.9457300331851225,0.9046108626979104,1,46369,2026-04-02T20:24:00+00:00,4667.71,4639.82,4597.5662999999995,4597.0738,timeout
46513,2026-04-06T00:09:00+00:00,2026-04-06T00:10:00+00:00,2026-04-06T01:30:00+00:00,0,down,4622.29,4637.29,-15.0,0.9999909337479614,0.9999909337479614,0,46513,2026-04-06T00:09:00+00:00,4623.53,4637.9,4552.95565,4552.95565,stop_loss
46609,2026-04-06T02:15:00+00:00,2026-04-06T02:16:00+00:00,2026-04-06T02:17:00+00:00,0,down,4637.6,4652.6,-15.0,0.9999379444744728,0.9999379444744728,0,46609,2026-04-06T02:15:00+00:00,4638.63,4635.91,4568.036,4568.036,stop_loss
46614,2026-04-06T02:20:00+00:00,2026-04-06T02:21:00+00:00,2026-04-06T03:23:00+00:00,0,down,4667.98,4629.78,38.19999999999982,0.9999237836294373,0.9999931441827228,3,46617,2026-04-06T02:23:00+00:00,4668.9,4629.78,4599.70375,4597.9603,timeout
47053,2026-04-06T17:51:00+00:00,2026-04-06T17:52:00+00:00,2026-04-06T18:53:00+00:00,0,down,4653.63,4653.37,0.2600000000002183,0.99899307960379,0.9992091607719387,2,47055,2026-04-06T17:53:00+00:00,4654.69,4650.55,4586.24865,4583.8255500000005,timeout
47125,2026-04-07T01:55:00+00:00,2026-04-07T01:56:00+00:00,2026-04-07T02:55:00+00:00,2,up,4625.16,4648.16,23.0,0.933527739478699,0.933527739478699,0,47125,2026-04-07T01:55:00+00:00,4624.01,4648.16,4694.5374,4694.5374,timeout
47280,2026-04-07T05:30:00+00:00,2026-04-07T05:31:00+00:00,2026-04-07T05:39:00+00:00,0,down,4625.78,4640.78,-15.0,0.9999528061592204,0.9996520325074515,3,47283,2026-04-07T05:33:00+00:00,4627.28,4646.05,4566.7949,4556.3933,stop_loss
47405,2026-04-07T15:35:00+00:00,2026-04-07T15:36:00+00:00,2026-04-07T16:02:00+00:00,0,down,4647.91,4662.91,-15.0,0.999963687086775,0.999963687086775,0,47405,2026-04-07T15:35:00+00:00,4648.95,4660.31,4578.19135,4578.19135,stop_loss
47556,2026-04-07T18:06:00+00:00,2026-04-07T18:07:00+00:00,2026-04-07T18:11:00+00:00,0,down,4677.53,4678.14,-0.6100000000005821,0.9713099727417547,0.5670052702459082,1,47559,2026-04-07T18:09:00+00:00,4677.95,4662.92,4608.8347,4607.36705,reverse_signal
47561,2026-04-07T18:11:00+00:00,2026-04-07T18:12:00+00:00,2026-04-07T18:14:00+00:00,0,down,4678.64,4682.68,-4.039999999999964,0.686543391238614,0.9418859300954987,1,47562,2026-04-07T18:12:00+00:00,4679.75,4667.06,4612.0261,4608.4604,reverse_signal
47565,2026-04-07T18:15:00+00:00,2026-04-07T18:16:00+00:00,2026-04-07T18:33:00+00:00,2,up,4683.33,4683.6,0.27000000000043656,0.9196951768794048,0.9819763473137484,1,47569,2026-04-07T18:19:00+00:00,4682.41,4689.17,4754.2194,4753.57995,reverse_signal
47640,2026-04-07T19:30:00+00:00,2026-04-07T19:31:00+00:00,2026-04-07T19:45:00+00:00,0,down,4685.1,4700.1,-15.0,0.9999866514515028,0.9999833755077754,0,47640,2026-04-07T19:30:00+00:00,4685.97,4712.47,4614.8235,4614.8235,stop_loss
48102,2026-04-08T05:31:00+00:00,2026-04-08T05:32:00+00:00,2026-04-08T05:50:00+00:00,0,down,4818.2,4833.2,-15.0,0.8680597892750788,0.8437070756154995,3,48110,2026-04-08T05:39:00+00:00,4818.52,4831.91,4747.9955,4745.927,stop_loss
48368,2026-04-08T18:21:00+00:00,2026-04-08T18:22:00+00:00,2026-04-08T19:26:00+00:00,0,down,4726.67,4710.51,16.159999999999854,0.999563532579569,0.9991255967844266,0,48368,2026-04-08T18:21:00+00:00,4727.75,4711.73,4655.76995,4655.76995,timeout
48685,2026-04-09T01:59:00+00:00,2026-04-09T02:00:00+00:00,2026-04-09T02:22:00+00:00,0,down,4726.93,4725.51,1.4200000000000728,0.9974479048876994,0.9983713248420331,0,48685,2026-04-09T01:59:00+00:00,4727.79,4719.84,4656.02605,4656.02605,reverse_signal
48797,2026-04-09T03:51:00+00:00,2026-04-09T03:52:00+00:00,2026-04-09T15:00:00+00:00,0,down,4711.79,4726.79,-15.0,0.9760135202822251,0.9990497302865271,0,48797,2026-04-09T03:51:00+00:00,4712.15,4723.92,4641.11315,4641.11315,stop_loss
48902,2026-04-09T15:49:00+00:00,2026-04-09T15:50:00+00:00,2026-04-09T15:51:00+00:00,0,down,4784.97,4784.89,0.07999999999992724,0.9835720864058863,0.9835720864058863,0,48902,2026-04-09T15:49:00+00:00,4785.26,4784.57,4713.19545,4713.19545,reverse_signal
49283,2026-04-10T15:30:00+00:00,2026-04-10T15:31:00+00:00,2026-04-10T16:40:00+00:00,0,down,4776.5,4760.56,15.9399999999996,0.9999676714134532,0.99999887990387,0,49283,2026-04-10T15:30:00+00:00,4776.78,4757.93,4704.8525,4704.8525,timeout
