timestamp,actual,predicted
2025-05-21 01:00:00+00:00,1,1
2025-05-21 01:01:00+00:00,1,1
2025-05-21 12:20:00+00:00,0,0
2025-05-21 12:28:00+00:00,0,0
2025-05-21 13:46:00+00:00,0,0
2025-05-21 17:30:00+00:00,0,0
2025-05-22 11:00:00+00:00,0,0
2025-05-22 11:55:00+00:00,0,0
2025-05-22 12:37:00+00:00,0,0
2025-05-22 13:51:00+00:00,0,0
2025-05-22 13:59:00+00:00,0,0
2025-05-22 14:00:00+00:00,1,0
2025-05-22 14:01:00+00:00,0,0
2025-05-22 14:07:00+00:00,0,0
2025-05-22 14:08:00+00:00,0,0
2025-05-22 15:07:00+00:00,0,0
2025-05-23 11:44:00+00:00,1,1
2025-05-23 11:48:00+00:00,0,1
2025-05-23 11:49:00+00:00,0,1
2025-05-23 11:54:00+00:00,0,1
2025-05-23 11:57:00+00:00,0,1
2025-05-23 12:01:00+00:00,0,1
2025-05-23 12:02:00+00:00,0,1
2025-05-23 12:07:00+00:00,0,1
2025-05-23 12:11:00+00:00,0,1
2025-05-23 12:13:00+00:00,0,1
2025-05-23 13:00:00+00:00,1,0
2025-05-23 13:20:00+00:00,0,0
2025-05-23 13:21:00+00:00,0,0
2025-05-23 13:32:00+00:00,0,0
2025-05-23 13:35:00+00:00,0,0
2025-05-23 13:36:00+00:00,0,0
2025-05-23 13:58:00+00:00,0,0
2025-05-27 05:46:00+00:00,0,1
2025-05-27 06:46:00+00:00,0,1
2025-05-27 07:51:00+00:00,0,1
2025-05-27 08:00:00+00:00,0,1
2025-05-27 13:00:00+00:00,0,0
2025-05-27 14:00:00+00:00,0,1
2025-05-30 12:11:00+00:00,0,1
2025-05-30 12:12:00+00:00,0,1
2025-05-30 12:13:00+00:00,0,1
2025-05-30 13:16:00+00:00,1,0
2025-05-30 13:45:00+00:00,0,1
2025-06-02 13:30:00+00:00,1,0
2025-06-02 13:54:00+00:00,0,0
2025-06-03 13:30:00+00:00,1,0
2025-06-03 13:46:00+00:00,0,0
2025-06-03 14:00:00+00:00,0,0
2025-06-03 14:07:00+00:00,0,0
2025-06-04 12:15:00+00:00,0,1
2025-06-04 12:32:00+00:00,0,1
2025-06-05 12:49:00+00:00,0,1
2025-06-05 13:00:00+00:00,0,1
2025-06-05 13:06:00+00:00,0,1
2025-06-05 13:33:00+00:00,0,0
2025-06-05 13:37:00+00:00,0,0
2025-06-05 14:05:00+00:00,0,0
2025-06-05 14:06:00+00:00,0,0
2025-06-05 14:41:00+00:00,0,0
2025-06-05 14:59:00+00:00,0,0
2025-06-05 15:06:00+00:00,1,0
2025-06-05 15:15:00+00:00,1,0
2025-06-05 15:48:00+00:00,0,0
2025-06-05 15:54:00+00:00,0,0
2025-06-06 12:30:00+00:00,0,1
2025-06-06 12:31:00+00:00,0,1
2025-06-06 12:32:00+00:00,0,0
2025-06-06 12:33:00+00:00,0,1
2025-06-06 12:34:00+00:00,0,1
2025-06-06 12:40:00+00:00,0,1
2025-06-06 12:44:00+00:00,0,0
2025-06-06 13:00:00+00:00,0,0
2025-06-06 13:18:00+00:00,0,0
2025-06-06 13:31:00+00:00,1,0
2025-06-06 13:32:00+00:00,1,0
2025-06-06 13:42:00+00:00,1,0
2025-06-06 14:16:00+00:00,0,0
2025-06-06 14:17:00+00:00,0,0
2025-06-06 14:24:00+00:00,0,0
2025-06-06 14:30:00+00:00,0,0
2025-06-16 13:18:00+00:00,1,0
2025-06-16 13:44:00+00:00,1,0
2025-06-16 13:54:00+00:00,0,0
2025-06-16 13:57:00+00:00,0,1
2025-06-17 03:23:00+00:00,0,1
2025-06-17 14:37:00+00:00,0,0
2025-06-17 14:39:00+00:00,0,0
2025-06-18 14:20:00+00:00,0,0
2025-06-18 14:21:00+00:00,0,1
2025-06-18 14:25:00+00:00,0,0
2025-06-18 14:30:00+00:00,0,0
2025-06-18 18:08:00+00:00,0,0
2025-06-18 18:40:00+00:00,0,0
2025-06-18 19:13:00+00:00,0,0
2025-06-20 14:00:00+00:00,0,0
2025-06-23 13:46:00+00:00,0,0
2025-06-23 14:04:00+00:00,0,0
2025-06-23 16:42:00+00:00,0,0
2025-06-23 16:43:00+00:00,0,0
2025-06-24 12:30:00+00:00,0,1
2025-06-24 13:40:00+00:00,0,1
2025-06-24 15:20:00+00:00,0,0
2025-06-26 12:30:00+00:00,1,1
2025-06-26 13:46:00+00:00,0,0
2025-06-27 13:05:00+00:00,0,1
2025-06-27 13:32:00+00:00,0,0
2025-07-02 12:15:00+00:00,0,1
2025-07-03 12:30:00+00:00,1,1
2025-07-03 12:34:00+00:00,0,1
2025-07-03 12:37:00+00:00,0,1
2025-07-03 12:38:00+00:00,0,0
2025-07-03 12:39:00+00:00,0,1
2025-07-03 12:43:00+00:00,1,1
2025-07-03 12:51:00+00:00,0,1
2025-07-03 13:03:00+00:00,0,0
2025-07-03 13:10:00+00:00,0,0
2025-07-08 16:57:00+00:00,0,0
2025-07-11 13:41:00+00:00,0,0
2025-07-15 12:31:00+00:00,0,1
2025-07-15 13:35:00+00:00,0,1
2025-07-15 13:46:00+00:00,0,1
2025-07-15 15:31:00+00:00,0,1
2025-07-16 12:33:00+00:00,0,0
2025-07-16 14:54:00+00:00,1,0
2025-07-16 14:56:00+00:00,1,0
2025-07-16 15:03:00+00:00,1,0
2025-07-16 15:16:00+00:00,0,0
2025-07-16 15:17:00+00:00,0,0
2025-07-16 15:19:00+00:00,1,0
2025-07-16 15:21:00+00:00,0,0
2025-07-16 15:26:00+00:00,0,0
2025-07-16 15:30:00+00:00,1,0
2025-07-16 15:31:00+00:00,1,0
2025-07-16 15:35:00+00:00,1,0
2025-07-16 15:36:00+00:00,1,0
2025-07-16 15:37:00+00:00,1,0
2025-07-16 15:42:00+00:00,1,0
2025-07-16 15:46:00+00:00,1,1
2025-07-16 15:50:00+00:00,1,0
2025-07-16 15:54:00+00:00,1,0
2025-07-16 15:55:00+00:00,0,1
2025-07-16 16:05:00+00:00,0,0
2025-07-16 16:15:00+00:00,0,0
2025-07-17 12:30:00+00:00,0,1
2025-07-17 12:34:00+00:00,0,1
2025-07-17 12:44:00+00:00,0,0
2025-07-17 13:36:00+00:00,0,1
2025-07-21 13:46:00+00:00,0,1
2025-07-22 14:00:00+00:00,1,1
2025-07-22 14:01:00+00:00,0,1
2025-07-23 12:21:00+00:00,0,1
2025-07-23 13:16:00+00:00,0,1
2025-07-23 13:34:00+00:00,0,1
2025-07-23 15:55:00+00:00,1,1
2025-07-23 15:57:00+00:00,0,1
2025-07-23 16:00:00+00:00,0,0
2025-07-23 16:01:00+00:00,0,0
2025-07-23 16:05:00+00:00,0,1
2025-07-23 16:12:00+00:00,0,0
2025-07-23 16:16:00+00:00,0,1
2025-07-23 16:21:00+00:00,0,1
2025-07-24 12:02:00+00:00,0,1
2025-07-28 13:50:00+00:00,0,1
2025-07-28 13:53:00+00:00,0,0
2025-07-28 13:54:00+00:00,0,1
2025-07-28 13:58:00+00:00,0,1
2025-07-28 14:00:00+00:00,0,1
2025-07-29 13:31:00+00:00,0,1
2025-07-29 13:36:00+00:00,0,1
2025-07-30 13:33:00+00:00,0,0
2025-07-30 15:20:00+00:00,0,0
2025-07-30 18:34:00+00:00,1,0
2025-07-30 18:36:00+00:00,0,1
2025-07-30 18:37:00+00:00,1,1
2025-07-30 18:39:00+00:00,0,1
2025-07-30 18:48:00+00:00,0,1
2025-07-30 18:52:00+00:00,0,1
2025-07-30 19:01:00+00:00,0,1
2025-07-30 19:07:00+00:00,0,1
2025-07-30 19:08:00+00:00,0,1
2025-07-30 19:12:00+00:00,0,1
2025-07-31 07:45:00+00:00,0,1
2025-08-01 12:30:00+00:00,1,1
2025-08-01 12:31:00+00:00,1,1
2025-08-01 12:33:00+00:00,1,0
2025-08-01 12:37:00+00:00,1,0
2025-08-01 12:42:00+00:00,0,0
2025-08-01 12:46:00+00:00,0,0
2025-08-01 12:51:00+00:00,0,1
2025-08-01 12:58:00+00:00,0,1
2025-08-01 13:07:00+00:00,0,1
2025-08-01 13:09:00+00:00,0,0
2025-08-01 13:17:00+00:00,0,1
2025-08-01 13:32:00+00:00,0,1
2025-08-01 13:46:00+00:00,0,0
2025-08-01 14:00:00+00:00,0,1
2025-08-01 14:02:00+00:00,0,0
2025-08-01 14:05:00+00:00,0,1
2025-08-01 14:25:00+00:00,0,1
2025-08-01 19:30:00+00:00,0,1
2025-08-05 14:00:00+00:00,0,0
2025-08-05 14:24:00+00:00,0,0
2025-08-07 08:05:00+00:00,0,0
2025-08-07 08:20:00+00:00,0,0
2025-08-07 12:30:00+00:00,0,0
2025-08-07 13:49:00+00:00,0,0
2025-08-07 13:50:00+00:00,0,0
2025-08-07 13:59:00+00:00,0,1
2025-08-07 14:08:00+00:00,0,1
2025-08-07 14:09:00+00:00,0,1
2025-08-07 14:15:00+00:00,0,0
2025-08-07 14:21:00+00:00,0,1
2025-08-07 19:30:00+00:00,0,1
2025-08-08 01:19:00+00:00,0,0
2025-08-08 03:33:00+00:00,0,0
2025-08-08 07:41:00+00:00,0,0
2025-08-08 12:30:00+00:00,0,1
2025-08-08 12:48:00+00:00,0,0
2025-08-08 13:25:00+00:00,0,1
2025-08-08 13:30:00+00:00,0,0
2025-08-08 13:34:00+00:00,0,1
2025-08-08 14:08:00+00:00,0,0
2025-08-08 14:27:00+00:00,0,1
2025-08-08 17:59:00+00:00,1,1
2025-08-08 18:04:00+00:00,0,0
2025-08-08 18:11:00+00:00,0,1
2025-08-08 18:14:00+00:00,0,1
2025-08-08 18:20:00+00:00,0,1
2025-08-08 18:25:00+00:00,0,1
2025-08-11 01:07:00+00:00,0,0
2025-08-11 01:12:00+00:00,0,0
2025-08-11 12:30:00+00:00,0,0
2025-08-11 17:35:00+00:00,0,1
2025-08-12 12:20:00+00:00,0,1
2025-08-12 12:30:00+00:00,0,1
2025-08-12 12:50:00+00:00,0,1
2025-08-12 13:00:00+00:00,0,0
2025-08-12 13:01:00+00:00,0,1
2025-08-12 13:44:00+00:00,1,1
2025-08-12 13:47:00+00:00,0,1
2025-08-12 15:28:00+00:00,0,1
2025-08-13 14:03:00+00:00,0,0
2025-08-14 08:00:00+00:00,0,0
2025-08-14 12:30:00+00:00,0,1
2025-08-14 12:31:00+00:00,0,0
2025-08-14 12:34:00+00:00,0,0
2025-08-14 13:24:00+00:00,0,1
2025-08-14 14:05:00+00:00,0,0
2025-08-14 14:07:00+00:00,0,0
2025-08-14 16:16:00+00:00,0,0
2025-08-19 13:10:00+00:00,0,0
2025-08-20 13:44:00+00:00,0,0
2025-08-21 12:34:00+00:00,0,0
2025-08-21 13:45:00+00:00,0,1
2025-08-21 15:29:00+00:00,0,0
2025-08-22 12:32:00+00:00,0,1
2025-08-22 14:00:00+00:00,1,1
2025-08-22 14:01:00+00:00,1,1
2025-08-22 14:02:00+00:00,1,1
2025-08-22 14:04:00+00:00,1,1
2025-08-22 14:05:00+00:00,1,0
2025-08-22 14:06:00+00:00,1,0
2025-08-22 14:08:00+00:00,1,0
2025-08-22 14:10:00+00:00,0,1
2025-08-22 14:30:00+00:00,0,1
2025-08-26 00:03:00+00:00,1,1
2025-08-26 00:15:00+00:00,0,0
2025-08-29 12:30:00+00:00,0,0
2025-08-29 14:00:00+00:00,0,0
2025-09-01 01:58:00+00:00,0,1
2025-09-01 02:07:00+00:00,0,1
2025-09-01 02:08:00+00:00,0,1
2025-09-01 02:09:00+00:00,0,1
2025-09-01 02:10:00+00:00,0,0
2025-09-01 02:11:00+00:00,1,0
2025-09-01 02:55:00+00:00,0,1
2025-09-01 02:57:00+00:00,0,0
2025-09-01 03:02:00+00:00,0,0
2025-09-01 03:03:00+00:00,0,0
2025-09-02 01:48:00+00:00,0,0
2025-09-02 01:49:00+00:00,0,0
2025-09-02 01:51:00+00:00,0,0
2025-09-02 07:53:00+00:00,0,0
2025-09-02 12:30:00+00:00,0,0
2025-09-02 12:33:00+00:00,0,0
2025-09-02 12:36:00+00:00,0,0
2025-09-02 12:39:00+00:00,0,0
2025-09-02 13:35:00+00:00,0,0
2025-09-02 13:47:00+00:00,0,0
2025-09-02 13:53:00+00:00,0,0
2025-09-02 13:56:00+00:00,0,0
2025-09-02 14:00:00+00:00,0,0
2025-09-02 14:07:00+00:00,0,0
2025-09-02 14:31:00+00:00,1,0
2025-09-02 14:35:00+00:00,0,0
2025-09-02 14:44:00+00:00,0,0
2025-09-02 19:53:00+00:00,0,0
2025-09-03 00:22:00+00:00,0,0
2025-09-03 00:24:00+00:00,0,1
2025-09-03 00:26:00+00:00,0,0
2025-09-03 01:00:00+00:00,0,0
2025-09-03 14:00:00+00:00,0,0
2025-09-04 01:39:00+00:00,0,0
2025-09-04 02:00:00+00:00,0,0
2025-09-04 02:49:00+00:00,1,0
2025-09-04 03:12:00+00:00,0,0
2025-09-04 03:13:00+00:00,0,0
2025-09-04 03:15:00+00:00,0,0
2025-09-04 03:18:00+00:00,0,0
2025-09-04 07:01:00+00:00,0,0
2025-09-04 12:30:00+00:00,0,0
2025-09-04 13:40:00+00:00,0,0
2025-09-04 13:45:00+00:00,0,0
2025-09-04 14:00:00+00:00,0,0
2025-09-04 14:05:00+00:00,0,0
2025-09-04 14:11:00+00:00,0,0
2025-09-04 14:50:00+00:00,0,0
2025-09-05 12:30:00+00:00,0,1
2025-09-05 12:37:00+00:00,0,1
2025-09-05 12:41:00+00:00,0,1
2025-09-05 12:42:00+00:00,0,1
2025-09-05 12:45:00+00:00,0,1
2025-09-05 12:47:00+00:00,0,1
2025-09-05 12:48:00+00:00,0,1
2025-09-05 12:50:00+00:00,0,1
2025-09-05 12:51:00+00:00,0,1
2025-09-05 13:20:00+00:00,0,0
2025-09-05 13:46:00+00:00,0,0
2025-09-05 14:01:00+00:00,1,0
2025-09-05 14:18:00+00:00,0,0
2025-09-05 14:30:00+00:00,0,0
2025-09-05 14:35:00+00:00,0,0
2025-09-05 14:37:00+00:00,0,0
2025-09-05 14:39:00+00:00,0,0
2025-09-05 14:44:00+00:00,0,0
2025-09-07 22:07:00+00:00,0,0
2025-09-08 07:10:00+00:00,0,0
2025-09-08 10:14:00+00:00,0,0
2025-09-08 13:02:00+00:00,0,0
2025-09-08 13:54:00+00:00,0,0
2025-09-08 14:08:00+00:00,0,0
2025-09-08 14:18:00+00:00,0,0
2025-09-09 02:09:00+00:00,0,0
2025-09-09 03:01:00+00:00,0,1
2025-09-09 06:05:00+00:00,0,0
2025-09-09 06:08:00+00:00,0,0
2025-09-09 14:00:00+00:00,1,0
2025-09-09 14:03:00+00:00,1,1
2025-09-09 14:05:00+00:00,1,0
2025-09-09 14:06:00+00:00,0,0
2025-09-09 14:07:00+00:00,0,0
2025-09-09 14:08:00+00:00,0,0
2025-09-09 14:09:00+00:00,0,0
2025-09-09 14:14:00+00:00,0,0
2025-09-09 14:15:00+00:00,0,0
2025-09-09 14:18:00+00:00,0,0
2025-09-09 14:19:00+00:00,0,0
2025-09-09 14:30:00+00:00,0,1
2025-09-09 14:31:00+00:00,0,0
2025-09-09 14:38:00+00:00,0,0
2025-09-09 14:47:00+00:00,0,0
2025-09-09 14:52:00+00:00,1,0
2025-09-09 15:14:00+00:00,0,0
2025-09-09 15:16:00+00:00,0,0
2025-09-09 15:19:00+00:00,0,0
2025-09-10 01:00:00+00:00,0,1
2025-09-10 12:30:00+00:00,0,1
2025-09-10 12:33:00+00:00,0,0
2025-09-10 12:39:00+00:00,0,1
2025-09-10 13:06:00+00:00,0,0
2025-09-10 14:41:00+00:00,0,1
2025-09-10 15:23:00+00:00,0,0
2025-09-10 15:24:00+00:00,0,0
2025-09-11 05:32:00+00:00,0,1
2025-09-11 05:56:00+00:00,0,1
2025-09-11 09:15:00+00:00,0,1
2025-09-11 09:18:00+00:00,0,1
2025-09-11 12:30:00+00:00,0,1
2025-09-11 12:31:00+00:00,0,0
2025-09-11 12:32:00+00:00,0,0
2025-09-11 12:33:00+00:00,0,0
2025-09-11 12:34:00+00:00,0,1
2025-09-11 12:36:00+00:00,1,0
2025-09-11 12:38:00+00:00,0,0
2025-09-11 12:42:00+00:00,0,0
2025-09-11 12:44:00+00:00,0,0
2025-09-11 12:45:00+00:00,0,0
2025-09-11 12:50:00+00:00,0,1
2025-09-11 13:16:00+00:00,0,1
2025-09-11 13:17:00+00:00,0,1
2025-09-11 13:22:00+00:00,0,0
2025-09-11 13:38:00+00:00,0,1
2025-09-11 13:41:00+00:00,0,0
2025-09-12 08:11:00+00:00,0,1
2025-09-12 09:05:00+00:00,0,1
2025-09-15 13:20:00+00:00,0,0
2025-09-15 13:37:00+00:00,0,0
2025-09-15 15:49:00+00:00,0,0
2025-09-15 15:54:00+00:00,0,0
2025-09-16 01:04:00+00:00,0,0
2025-09-17 18:00:00+00:00,0,1
2025-09-17 18:02:00+00:00,0,0
2025-09-17 18:03:00+00:00,0,0
2025-09-17 18:04:00+00:00,0,0
2025-09-17 18:07:00+00:00,0,0
2025-09-17 18:08:00+00:00,1,0
2025-09-17 18:10:00+00:00,1,0
2025-09-17 18:12:00+00:00,1,0
2025-09-17 18:14:00+00:00,1,0
2025-09-17 18:16:00+00:00,1,0
2025-09-17 18:18:00+00:00,1,0
2025-09-17 18:32:00+00:00,1,1
2025-09-17 18:35:00+00:00,1,0
2025-09-17 18:36:00+00:00,1,0
2025-09-17 18:37:00+00:00,1,0
2025-09-17 18:39:00+00:00,0,1
2025-09-17 18:40:00+00:00,1,0
2025-09-17 18:41:00+00:00,1,0
2025-09-17 18:45:00+00:00,0,0
2025-09-17 18:46:00+00:00,0,0
2025-09-17 18:47:00+00:00,0,1
2025-09-17 18:49:00+00:00,0,1
2025-09-17 18:50:00+00:00,0,1
2025-09-17 18:51:00+00:00,0,0
2025-09-17 18:55:00+00:00,0,1
2025-09-17 18:56:00+00:00,0,0
2025-09-17 18:57:00+00:00,0,0
2025-09-17 19:00:00+00:00,0,1
2025-09-17 19:01:00+00:00,0,1
2025-09-17 19:02:00+00:00,0,0
2025-09-17 19:09:00+00:00,0,0
2025-09-17 19:11:00+00:00,0,0
2025-09-17 19:13:00+00:00,0,0
2025-09-17 19:16:00+00:00,0,1
2025-09-17 19:21:00+00:00,0,1
2025-09-17 19:30:00+00:00,0,0
2025-09-17 19:32:00+00:00,0,0
2025-09-17 19:37:00+00:00,0,1
2025-09-17 19:48:00+00:00,0,1
2025-09-18 01:03:00+00:00,0,0
2025-09-18 01:10:00+00:00,0,1
2025-09-18 06:10:00+00:00,0,1
2025-09-18 06:17:00+00:00,0,0
2025-09-18 07:42:00+00:00,0,0
2025-09-18 12:30:00+00:00,0,0
2025-09-18 12:34:00+00:00,0,0
2025-09-18 13:05:00+00:00,1,1
2025-09-18 13:40:00+00:00,0,0
2025-09-18 13:44:00+00:00,0,1
2025-09-18 14:05:00+00:00,0,0
2025-09-18 14:31:00+00:00,0,1
2025-09-19 01:50:00+00:00,0,1
2025-09-19 01:51:00+00:00,0,0
2025-09-19 01:52:00+00:00,0,0
2025-09-22 13:33:00+00:00,0,1
2025-09-22 13:40:00+00:00,0,0
2025-09-22 13:42:00+00:00,0,0
2025-09-22 14:07:00+00:00,0,0
2025-09-22 14:53:00+00:00,0,0
2025-09-23 01:31:00+00:00,0,0
2025-09-23 09:03:00+00:00,0,1
2025-09-23 13:50:00+00:00,0,0
2025-09-23 13:56:00+00:00,0,0
2025-09-23 16:35:00+00:00,0,0
2025-09-23 16:36:00+00:00,0,0
2025-09-23 16:38:00+00:00,0,0
2025-09-23 18:51:00+00:00,1,0
2025-09-23 18:57:00+00:00,0,0
2025-09-23 19:00:00+00:00,0,0
2025-09-23 19:05:00+00:00,0,0
2025-09-23 19:15:00+00:00,0,0
2025-09-23 19:17:00+00:00,0,0
2025-09-24 14:08:00+00:00,0,0
2025-09-24 15:34:00+00:00,0,0
2025-09-25 08:02:00+00:00,0,0
2025-09-25 11:03:00+00:00,0,0
2025-09-25 11:05:00+00:00,0,0
2025-09-25 12:30:00+00:00,0,0
2025-09-25 12:34:00+00:00,0,0
2025-09-25 12:36:00+00:00,0,0
2025-09-25 12:37:00+00:00,0,0
2025-09-25 12:38:00+00:00,0,0
2025-09-25 12:50:00+00:00,0,0
2025-09-25 12:55:00+00:00,0,0
2025-09-25 13:04:00+00:00,0,0
2025-09-25 13:18:00+00:00,0,0
2025-09-25 13:34:00+00:00,0,0
2025-09-25 13:40:00+00:00,0,0
2025-09-25 13:51:00+00:00,0,0
2025-09-25 14:05:00+00:00,0,0
2025-09-25 14:08:00+00:00,0,0
2025-09-25 14:17:00+00:00,0,0
2025-09-25 14:39:00+00:00,0,0
2025-09-25 14:50:00+00:00,0,0
2025-09-25 14:57:00+00:00,0,0
2025-09-26 12:31:00+00:00,0,0
2025-09-26 13:08:00+00:00,0,0
2025-09-26 13:34:00+00:00,1,0
2025-09-26 14:02:00+00:00,0,0
2025-09-26 14:32:00+00:00,0,0
2025-09-29 01:06:00+00:00,0,1
2025-09-29 01:24:00+00:00,0,0
2025-09-29 01:31:00+00:00,0,0
2025-09-29 05:05:00+00:00,0,0
2025-09-29 05:06:00+00:00,0,1
2025-09-29 07:46:00+00:00,0,0
2025-09-29 12:01:00+00:00,0,0
2025-09-29 12:30:00+00:00,0,0
2025-09-29 12:39:00+00:00,0,0
2025-09-29 13:02:00+00:00,0,0
2025-09-29 13:49:00+00:00,0,0
2025-09-29 14:00:00+00:00,0,0
2025-09-29 15:06:00+00:00,0,1
2025-09-29 18:09:00+00:00,0,0
2025-09-30 00:06:00+00:00,0,0
2025-09-30 01:24:00+00:00,0,0
2025-09-30 06:20:00+00:00,0,0
2025-09-30 07:09:00+00:00,0,0
2025-09-30 07:41:00+00:00,1,0
2025-09-30 08:12:00+00:00,1,0
2025-09-30 08:19:00+00:00,1,0
2025-09-30 08:21:00+00:00,1,0
2025-09-30 08:22:00+00:00,0,0
2025-09-30 08:24:00+00:00,1,0
2025-09-30 08:29:00+00:00,1,0
2025-09-30 08:30:00+00:00,1,0
2025-09-30 08:36:00+00:00,0,0
2025-09-30 08:40:00+00:00,0,0
2025-09-30 08:42:00+00:00,0,0
2025-09-30 08:53:00+00:00,0,0
2025-09-30 09:11:00+00:00,0,0
2025-09-30 09:12:00+00:00,0,0
2025-09-30 09:13:00+00:00,0,0
2025-09-30 09:15:00+00:00,0,0
2025-09-30 09:18:00+00:00,0,0
2025-09-30 09:24:00+00:00,0,0
2025-09-30 09:25:00+00:00,0,0
2025-09-30 09:30:00+00:00,0,0
2025-09-30 09:45:00+00:00,0,1
2025-09-30 09:46:00+00:00,0,0
2025-09-30 09:51:00+00:00,0,0
2025-09-30 10:47:00+00:00,0,0
2025-09-30 12:32:00+00:00,0,0
2025-09-30 12:42:00+00:00,0,1
2025-09-30 12:45:00+00:00,0,0
2025-09-30 12:49:00+00:00,0,0
2025-09-30 13:23:00+00:00,1,0
2025-09-30 13:32:00+00:00,1,0
2025-09-30 13:38:00+00:00,1,0
2025-09-30 13:54:00+00:00,1,0
2025-09-30 14:05:00+00:00,1,0
2025-09-30 14:25:00+00:00,0,0
2025-09-30 15:02:00+00:00,0,1
2025-09-30 15:08:00+00:00,0,1
2025-09-30 15:13:00+00:00,0,0
2025-09-30 15:14:00+00:00,0,0
2025-09-30 15:19:00+00:00,0,0
2025-09-30 15:26:00+00:00,0,0
2025-09-30 15:43:00+00:00,0,0
2025-09-30 20:00:00+00:00,0,0
2025-10-01 02:14:00+00:00,0,0
2025-10-01 03:03:00+00:00,0,0
2025-10-01 05:08:00+00:00,0,0
2025-10-01 12:15:00+00:00,1,0
2025-10-01 12:16:00+00:00,1,0
2025-10-01 12:24:00+00:00,0,0
2025-10-01 12:26:00+00:00,0,1
2025-10-01 12:28:00+00:00,0,0
2025-10-01 12:55:00+00:00,0,0
2025-10-01 13:11:00+00:00,0,0
2025-10-01 13:14:00+00:00,0,0
2025-10-01 13:30:00+00:00,0,0
2025-10-01 14:46:00+00:00,0,1
2025-10-01 14:47:00+00:00,0,0
2025-10-01 15:11:00+00:00,0,1
2025-10-01 15:17:00+00:00,0,1
2025-10-02 12:42:00+00:00,0,0
2025-10-02 13:31:00+00:00,1,1
2025-10-02 13:32:00+00:00,1,0
2025-10-02 13:45:00+00:00,1,0
2025-10-02 13:47:00+00:00,1,0
2025-10-02 13:49:00+00:00,1,0
2025-10-02 14:06:00+00:00,1,0
2025-10-02 14:08:00+00:00,1,0
2025-10-02 14:25:00+00:00,1,0
2025-10-02 14:31:00+00:00,1,0
2025-10-02 14:37:00+00:00,0,1
2025-10-02 14:38:00+00:00,1,0
2025-10-02 14:39:00+00:00,0,1
2025-10-02 14:42:00+00:00,0,1
2025-10-02 14:46:00+00:00,0,0
2025-10-02 14:48:00+00:00,0,0
2025-10-02 14:49:00+00:00,0,1
2025-10-02 14:51:00+00:00,0,1
2025-10-02 14:53:00+00:00,0,1
2025-10-02 14:57:00+00:00,0,0
2025-10-02 14:58:00+00:00,0,0
2025-10-02 15:00:00+00:00,1,0
2025-10-02 15:03:00+00:00,0,0
2025-10-02 15:12:00+00:00,0,1
2025-10-02 15:16:00+00:00,0,1
2025-10-02 15:22:00+00:00,0,1
2025-10-02 15:30:00+00:00,0,0
2025-10-02 15:37:00+00:00,1,1
2025-10-02 15:41:00+00:00,0,1
2025-10-02 15:42:00+00:00,0,1
2025-10-02 15:51:00+00:00,0,0
2025-10-02 16:03:00+00:00,0,0
2025-10-02 16:10:00+00:00,0,0
2025-10-02 16:24:00+00:00,0,0
2025-10-02 16:42:00+00:00,0,0
2025-10-03 01:06:00+00:00,0,0
2025-10-03 13:03:00+00:00,0,0
2025-10-03 13:31:00+00:00,0,0
2025-10-03 13:33:00+00:00,0,0
2025-10-03 13:34:00+00:00,0,0
2025-10-03 13:48:00+00:00,0,0
2025-10-03 14:08:00+00:00,0,0
2025-10-03 14:14:00+00:00,0,0
2025-10-03 14:15:00+00:00,0,0
2025-10-03 14:16:00+00:00,0,0
2025-10-03 14:38:00+00:00,0,0
2025-10-03 15:08:00+00:00,0,1
2025-10-05 23:04:00+00:00,0,1
2025-10-06 00:13:00+00:00,0,0
2025-10-06 05:31:00+00:00,0,0
2025-10-06 06:07:00+00:00,0,0
2025-10-06 06:28:00+00:00,0,0
2025-10-06 06:47:00+00:00,0,0
2025-10-06 07:40:00+00:00,0,0
2025-10-06 07:47:00+00:00,0,0
2025-10-06 07:58:00+00:00,0,0
2025-10-06 08:26:00+00:00,0,0
2025-10-06 10:08:00+00:00,0,0
2025-10-06 12:20:00+00:00,0,1
2025-10-06 12:22:00+00:00,0,0
2025-10-06 12:38:00+00:00,0,0
2025-10-06 13:25:00+00:00,0,1
2025-10-06 13:36:00+00:00,0,1
2025-10-06 13:41:00+00:00,0,0
2025-10-06 14:33:00+00:00,0,0
2025-10-06 15:55:00+00:00,0,0
2025-10-06 16:06:00+00:00,1,0
2025-10-06 16:09:00+00:00,0,1
2025-10-06 16:10:00+00:00,0,1
2025-10-06 16:12:00+00:00,0,0
2025-10-06 16:14:00+00:00,0,1
2025-10-06 16:16:00+00:00,0,1
2025-10-06 16:20:00+00:00,0,1
2025-10-06 22:11:00+00:00,0,1
2025-10-06 22:40:00+00:00,0,0
2025-10-07 00:43:00+00:00,0,0
2025-10-07 01:00:00+00:00,0,0
2025-10-07 05:12:00+00:00,0,0
2025-10-07 06:42:00+00:00,0,0
2025-10-07 07:22:00+00:00,0,0
2025-10-07 07:23:00+00:00,0,0
2025-10-07 07:40:00+00:00,0,1
2025-10-07 08:22:00+00:00,0,0
2025-10-07 12:52:00+00:00,0,1
2025-10-07 13:30:00+00:00,0,0
2025-10-07 13:47:00+00:00,0,0
2025-10-07 13:52:00+00:00,0,0
2025-10-07 14:11:00+00:00,0,0
2025-10-07 14:12:00+00:00,0,0
2025-10-07 14:17:00+00:00,0,0
2025-10-07 14:21:00+00:00,0,0
2025-10-07 14:45:00+00:00,0,0
2025-10-07 15:46:00+00:00,0,0
2025-10-07 15:54:00+00:00,0,0
2025-10-07 16:06:00+00:00,0,0
2025-10-07 16:21:00+00:00,0,0
2025-10-07 18:00:00+00:00,0,1
2025-10-08 00:30:00+00:00,0,1
2025-10-08 01:00:00+00:00,0,0
2025-10-08 01:27:00+00:00,0,0
2025-10-08 02:00:00+00:00,0,1
2025-10-08 05:44:00+00:00,0,0
2025-10-08 06:06:00+00:00,0,0
2025-10-08 09:46:00+00:00,0,1
2025-10-08 10:31:00+00:00,0,0
2025-10-08 11:04:00+00:00,0,0
2025-10-08 12:15:00+00:00,0,0
2025-10-08 12:29:00+00:00,0,0
2025-10-08 13:30:00+00:00,0,1
2025-10-08 13:33:00+00:00,0,1
2025-10-08 13:36:00+00:00,0,0
2025-10-08 13:40:00+00:00,0,0
2025-10-08 13:41:00+00:00,0,0
2025-10-08 14:06:00+00:00,0,0
2025-10-08 14:25:00+00:00,0,0
2025-10-08 15:07:00+00:00,0,0
2025-10-08 16:11:00+00:00,0,1
2025-10-08 16:46:00+00:00,0,0
2025-10-08 18:13:00+00:00,0,0
2025-10-08 18:15:00+00:00,0,1
2025-10-08 19:06:00+00:00,0,0
2025-10-08 19:09:00+00:00,0,0
2025-10-08 19:10:00+00:00,0,0
2025-10-08 19:16:00+00:00,0,1
2025-10-08 19:30:00+00:00,0,0
2025-10-08 22:09:00+00:00,0,0
2025-10-08 23:52:00+00:00,1,1
2025-10-09 00:24:00+00:00,0,0
2025-10-09 01:01:00+00:00,0,0
2025-10-09 01:03:00+00:00,1,0
2025-10-09 01:04:00+00:00,1,0
2025-10-09 01:05:00+00:00,1,0
2025-10-09 01:06:00+00:00,1,0
2025-10-09 01:10:00+00:00,0,0
2025-10-09 01:12:00+00:00,1,0
2025-10-09 01:13:00+00:00,0,0
2025-10-09 01:15:00+00:00,0,0
2025-10-09 01:27:00+00:00,1,0
2025-10-09 01:29:00+00:00,1,0
2025-10-09 01:31:00+00:00,1,0
2025-10-09 01:33:00+00:00,1,0
2025-10-09 01:49:00+00:00,1,0
2025-10-09 02:02:00+00:00,0,0
2025-10-09 02:17:00+00:00,0,0
2025-10-09 02:18:00+00:00,0,0
2025-10-09 02:20:00+00:00,0,0
2025-10-09 02:36:00+00:00,0,0
2025-10-09 02:38:00+00:00,0,0
2025-10-09 05:31:00+00:00,0,0
2025-10-09 07:01:00+00:00,0,0
2025-10-09 07:03:00+00:00,0,0
2025-10-09 09:05:00+00:00,0,1
2025-10-09 12:49:00+00:00,0,0
2025-10-09 13:10:00+00:00,1,0
2025-10-09 13:15:00+00:00,1,0
2025-10-09 13:30:00+00:00,1,0
2025-10-09 13:34:00+00:00,1,0
2025-10-09 13:41:00+00:00,1,0
2025-10-09 13:42:00+00:00,1,0
2025-10-09 13:44:00+00:00,1,0
2025-10-09 13:47:00+00:00,0,0
2025-10-09 13:48:00+00:00,1,1
2025-10-09 13:51:00+00:00,1,0
2025-10-09 13:54:00+00:00,0,1
2025-10-09 13:55:00+00:00,1,0
2025-10-09 14:02:00+00:00,1,1
2025-10-09 14:12:00+00:00,0,1
2025-10-09 14:16:00+00:00,1,1
2025-10-09 14:19:00+00:00,0,0
2025-10-09 14:22:00+00:00,0,1
2025-10-09 14:25:00+00:00,0,1
2025-10-09 14:26:00+00:00,0,0
2025-10-09 14:28:00+00:00,0,1
2025-10-09 14:33:00+00:00,1,1
2025-10-09 14:37:00+00:00,0,0
2025-10-09 14:48:00+00:00,0,0
2025-10-09 14:52:00+00:00,0,0
2025-10-09 14:56:00+00:00,0,1
2025-10-09 15:10:00+00:00,1,0
2025-10-09 15:29:00+00:00,0,0
2025-10-09 15:45:00+00:00,0,0
2025-10-09 16:24:00+00:00,1,0
2025-10-09 16:25:00+00:00,1,0
2025-10-09 16:34:00+00:00,1,1
2025-10-09 16:35:00+00:00,1,1
2025-10-09 16:38:00+00:00,1,0
2025-10-09 16:41:00+00:00,0,0
2025-10-09 16:42:00+00:00,1,0
2025-10-09 16:43:00+00:00,1,1
2025-10-09 16:45:00+00:00,1,1
2025-10-09 16:49:00+00:00,1,0
2025-10-09 16:52:00+00:00,1,1
2025-10-09 16:54:00+00:00,1,1
2025-10-09 17:00:00+00:00,1,1
2025-10-09 17:05:00+00:00,0,1
2025-10-09 17:11:00+00:00,0,1
2025-10-09 17:13:00+00:00,0,0
2025-10-09 17:14:00+00:00,0,0
2025-10-09 17:16:00+00:00,1,1
2025-10-09 17:17:00+00:00,0,1
2025-10-09 17:18:00+00:00,0,1
2025-10-09 17:23:00+00:00,0,1
2025-10-09 17:24:00+00:00,0,1
2025-10-09 17:31:00+00:00,0,1
2025-10-09 17:50:00+00:00,0,1
2025-10-09 17:53:00+00:00,0,0
2025-10-09 17:56:00+00:00,1,0
2025-10-09 18:06:00+00:00,0,0
2025-10-09 18:13:00+00:00,0,0
2025-10-09 19:42:00+00:00,0,0
2025-10-09 19:53:00+00:00,0,0
2025-10-09 22:12:00+00:00,0,0
2025-10-10 01:25:00+00:00,0,0
2025-10-10 01:59:00+00:00,0,0
2025-10-10 02:00:00+00:00,0,0
2025-10-10 03:27:00+00:00,0,0
2025-10-10 04:14:00+00:00,0,0
2025-10-10 04:15:00+00:00,0,0
2025-10-10 05:35:00+00:00,0,0
2025-10-10 06:00:00+00:00,0,0
2025-10-10 06:39:00+00:00,0,0
2025-10-10 07:07:00+00:00,0,0
2025-10-10 07:08:00+00:00,0,0
2025-10-10 07:58:00+00:00,0,0
2025-10-10 08:09:00+00:00,0,0
2025-10-10 09:18:00+00:00,0,0
2025-10-10 09:53:00+00:00,0,0
2025-10-10 09:59:00+00:00,0,0
2025-10-10 10:53:00+00:00,0,0
2025-10-10 11:46:00+00:00,0,0
2025-10-10 11:47:00+00:00,0,1
2025-10-10 11:48:00+00:00,0,0
2025-10-10 12:25:00+00:00,0,0
2025-10-10 12:47:00+00:00,0,1
2025-10-10 13:01:00+00:00,0,0
2025-10-10 13:07:00+00:00,0,0
2025-10-10 13:28:00+00:00,1,0
2025-10-10 13:33:00+00:00,1,1
2025-10-10 13:37:00+00:00,0,1
2025-10-10 13:38:00+00:00,1,1
2025-10-10 13:48:00+00:00,0,0
2025-10-10 13:49:00+00:00,0,0
2025-10-10 13:51:00+00:00,0,1
2025-10-10 13:54:00+00:00,0,1
2025-10-10 13:56:00+00:00,0,1
2025-10-10 14:00:00+00:00,0,0
2025-10-10 14:18:00+00:00,0,0
2025-10-10 14:27:00+00:00,1,0
2025-10-10 14:37:00+00:00,1,0
2025-10-10 14:58:00+00:00,1,1
2025-10-10 15:04:00+00:00,1,1
2025-10-10 15:05:00+00:00,1,1
2025-10-10 15:06:00+00:00,0,1
2025-10-10 15:07:00+00:00,0,1
2025-10-10 15:10:00+00:00,0,0
2025-10-10 15:11:00+00:00,0,1
2025-10-10 15:14:00+00:00,0,0
2025-10-10 15:20:00+00:00,0,0
2025-10-10 15:21:00+00:00,0,1
2025-10-10 15:23:00+00:00,0,1
2025-10-10 15:24:00+00:00,1,1
2025-10-10 15:26:00+00:00,1,1
2025-10-10 15:27:00+00:00,1,1
2025-10-10 15:30:00+00:00,1,1
2025-10-10 15:33:00+00:00,1,1
2025-10-10 15:34:00+00:00,1,1
2025-10-10 15:35:00+00:00,1,1
2025-10-10 15:36:00+00:00,1,1
2025-10-10 15:38:00+00:00,1,1
2025-10-10 15:40:00+00:00,0,1
2025-10-10 15:41:00+00:00,1,1
2025-10-10 15:44:00+00:00,1,1
2025-10-10 15:46:00+00:00,1,1
2025-10-10 15:48:00+00:00,1,0
2025-10-10 15:53:00+00:00,1,0
2025-10-10 15:59:00+00:00,1,1
2025-10-10 16:02:00+00:00,0,1
2025-10-10 16:03:00+00:00,0,1
2025-10-10 16:05:00+00:00,0,1
2025-10-10 16:06:00+00:00,0,1
2025-10-10 16:08:00+00:00,0,0
2025-10-10 16:09:00+00:00,0,0
2025-10-10 16:14:00+00:00,0,1
2025-10-10 16:17:00+00:00,0,1
2025-10-10 16:18:00+00:00,0,1
2025-10-10 16:19:00+00:00,0,1
2025-10-10 16:20:00+00:00,0,1
2025-10-10 16:30:00+00:00,0,1
2025-10-10 16:50:00+00:00,0,0
2025-10-10 17:30:00+00:00,0,0
2025-10-10 17:34:00+00:00,0,0
2025-10-10 17:35:00+00:00,0,0
2025-10-10 18:22:00+00:00,0,1
2025-10-10 18:23:00+00:00,0,0
2025-10-10 18:34:00+00:00,0,0
2025-10-10 19:08:00+00:00,1,0
2025-10-10 19:49:00+00:00,0,1
2025-10-10 19:55:00+00:00,0,0
2025-10-10 19:59:00+00:00,0,0
2025-10-10 20:56:00+00:00,1,1
2025-10-10 20:58:00+00:00,1,0
2025-10-12 22:24:00+00:00,1,1
2025-10-12 22:25:00+00:00,0,1
2025-10-12 22:30:00+00:00,1,1
2025-10-12 22:32:00+00:00,1,1
2025-10-12 22:33:00+00:00,1,1
2025-10-12 23:04:00+00:00,0,1
2025-10-12 23:06:00+00:00,0,1
2025-10-12 23:08:00+00:00,1,1
2025-10-12 23:10:00+00:00,1,1
2025-10-12 23:14:00+00:00,0,0
2025-10-12 23:15:00+00:00,0,1
2025-10-12 23:50:00+00:00,0,1
2025-10-12 23:55:00+00:00,1,0
2025-10-13 00:12:00+00:00,1,0
2025-10-13 00:22:00+00:00,1,0
2025-10-13 00:23:00+00:00,1,0
2025-10-13 00:26:00+00:00,1,0
2025-10-13 00:35:00+00:00,0,0
2025-10-13 00:36:00+00:00,0,0
2025-10-13 00:38:00+00:00,0,0
2025-10-13 00:39:00+00:00,0,0
2025-10-13 00:42:00+00:00,0,0
2025-10-13 00:47:00+00:00,0,1
2025-10-13 00:53:00+00:00,0,0
2025-10-13 00:59:00+00:00,0,0
2025-10-13 01:00:00+00:00,0,0
2025-10-13 01:05:00+00:00,0,0
2025-10-13 01:14:00+00:00,0,0
2025-10-13 01:17:00+00:00,0,0
2025-10-13 01:18:00+00:00,0,0
2025-10-13 01:24:00+00:00,0,0
2025-10-13 01:30:00+00:00,0,0
2025-10-13 01:37:00+00:00,0,0
2025-10-13 01:39:00+00:00,0,0
2025-10-13 01:40:00+00:00,0,0
2025-10-13 02:04:00+00:00,0,0
2025-10-13 02:07:00+00:00,0,0
2025-10-13 02:10:00+00:00,0,0
2025-10-13 05:09:00+00:00,0,0
2025-10-13 05:51:00+00:00,0,0
2025-10-13 05:56:00+00:00,0,0
2025-10-13 06:08:00+00:00,0,0
2025-10-13 06:19:00+00:00,0,0
2025-10-13 06:33:00+00:00,0,0
2025-10-13 08:30:00+00:00,0,0
2025-10-13 10:00:00+00:00,0,0
2025-10-13 13:01:00+00:00,0,1
2025-10-13 13:03:00+00:00,0,0
2025-10-13 13:31:00+00:00,0,1
2025-10-13 13:33:00+00:00,0,0
2025-10-13 13:35:00+00:00,0,0
2025-10-13 13:43:00+00:00,0,0
2025-10-13 13:45:00+00:00,0,0
2025-10-13 15:06:00+00:00,0,0
2025-10-13 15:08:00+00:00,0,0
2025-10-13 15:10:00+00:00,0,0
2025-10-13 15:27:00+00:00,1,0
2025-10-13 15:31:00+00:00,1,0
2025-10-13 16:36:00+00:00,0,0
2025-10-13 16:45:00+00:00,0,1
2025-10-13 19:06:00+00:00,0,0
2025-10-13 19:09:00+00:00,0,0
2025-10-13 19:10:00+00:00,0,0
2025-10-13 23:33:00+00:00,0,0
2025-10-13 23:34:00+00:00,0,0
2025-10-13 23:36:00+00:00,0,1
2025-10-14 00:02:00+00:00,0,0
2025-10-14 00:12:00+00:00,0,0
2025-10-14 01:00:00+00:00,1,0
2025-10-14 01:11:00+00:00,0,0
2025-10-14 01:24:00+00:00,0,0
2025-10-14 01:34:00+00:00,0,0
2025-10-14 01:40:00+00:00,0,0
2025-10-14 01:41:00+00:00,0,0
2025-10-14 01:54:00+00:00,0,0
2025-10-14 01:58:00+00:00,0,0
2025-10-14 02:17:00+00:00,0,0
2025-10-14 03:09:00+00:00,0,0
2025-10-14 03:55:00+00:00,0,0
2025-10-14 03:56:00+00:00,0,0
2025-10-14 04:17:00+00:00,0,0
2025-10-14 04:18:00+00:00,0,0
2025-10-14 04:20:00+00:00,0,0
2025-10-14 04:36:00+00:00,1,0
2025-10-14 04:47:00+00:00,0,0
2025-10-14 05:07:00+00:00,1,0
2025-10-14 05:35:00+00:00,1,0
2025-10-14 05:36:00+00:00,1,0
2025-10-14 05:37:00+00:00,1,0
2025-10-14 05:38:00+00:00,1,0
2025-10-14 05:39:00+00:00,0,0
2025-10-14 05:40:00+00:00,1,1
2025-10-14 05:41:00+00:00,1,1
2025-10-14 05:42:00+00:00,1,1
2025-10-14 05:43:00+00:00,1,0
2025-10-14 05:44:00+00:00,0,1
2025-10-14 05:45:00+00:00,1,1
2025-10-14 05:46:00+00:00,0,0
2025-10-14 05:47:00+00:00,0,0
2025-10-14 05:48:00+00:00,0,1
2025-10-14 05:50:00+00:00,0,1
2025-10-14 05:51:00+00:00,0,0
2025-10-14 05:52:00+00:00,1,0
2025-10-14 05:54:00+00:00,1,0
2025-10-14 05:55:00+00:00,1,1
2025-10-14 05:56:00+00:00,0,1
2025-10-14 05:57:00+00:00,0,1
2025-10-14 05:58:00+00:00,0,0
2025-10-14 06:03:00+00:00,1,1
2025-10-14 06:04:00+00:00,1,1
2025-10-14 06:05:00+00:00,1,0
2025-10-14 06:07:00+00:00,1,1
2025-10-14 06:08:00+00:00,1,0
2025-10-14 06:10:00+00:00,1,1
2025-10-14 06:13:00+00:00,1,0
2025-10-14 06:14:00+00:00,1,0
2025-10-14 06:15:00+00:00,1,1
2025-10-14 06:19:00+00:00,1,0
2025-10-14 06:20:00+00:00,0,1
2025-10-14 06:21:00+00:00,0,0
2025-10-14 06:22:00+00:00,0,0
2025-10-14 06:23:00+00:00,1,1
2025-10-14 06:24:00+00:00,0,1
2025-10-14 06:25:00+00:00,0,1
2025-10-14 06:29:00+00:00,1,1
2025-10-14 06:34:00+00:00,0,1
2025-10-14 06:35:00+00:00,0,0
2025-10-14 06:41:00+00:00,0,1
2025-10-14 06:43:00+00:00,0,1
2025-10-14 06:44:00+00:00,1,1
2025-10-14 06:45:00+00:00,1,1
2025-10-14 06:50:00+00:00,1,1
2025-10-14 06:53:00+00:00,0,0
2025-10-14 07:00:00+00:00,0,0
2025-10-14 07:12:00+00:00,0,0
2025-10-14 07:14:00+00:00,0,0
2025-10-14 07:15:00+00:00,0,0
2025-10-14 07:16:00+00:00,0,0
2025-10-14 07:17:00+00:00,0,0
2025-10-14 07:26:00+00:00,0,0
2025-10-14 07:35:00+00:00,0,0
2025-10-14 07:37:00+00:00,1,0
2025-10-14 07:40:00+00:00,0,0
2025-10-14 08:03:00+00:00,0,0
2025-10-14 08:10:00+00:00,0,0
2025-10-14 08:12:00+00:00,0,1
2025-10-14 08:40:00+00:00,0,1
2025-10-14 08:41:00+00:00,0,0
2025-10-14 08:42:00+00:00,0,0
2025-10-14 08:45:00+00:00,0,0
2025-10-14 09:04:00+00:00,0,0
2025-10-14 09:10:00+00:00,0,0
2025-10-14 09:45:00+00:00,0,0
2025-10-14 09:48:00+00:00,0,0
2025-10-14 09:56:00+00:00,1,0
2025-10-14 09:57:00+00:00,0,0
2025-10-14 10:20:00+00:00,0,0
2025-10-14 10:34:00+00:00,0,0
2025-10-14 10:46:00+00:00,0,0
2025-10-14 10:49:00+00:00,0,1
2025-10-14 11:42:00+00:00,0,0
2025-10-14 12:20:00+00:00,1,0
2025-10-14 12:32:00+00:00,0,0
2025-10-14 12:37:00+00:00,0,0
2025-10-14 12:45:00+00:00,0,0
2025-10-14 12:56:00+00:00,1,0
2025-10-14 13:00:00+00:00,1,1
2025-10-14 13:03:00+00:00,1,1
2025-10-14 13:04:00+00:00,1,1
2025-10-14 13:06:00+00:00,1,0
2025-10-14 13:07:00+00:00,1,0
2025-10-14 13:14:00+00:00,0,0
2025-10-14 13:15:00+00:00,0,0
2025-10-14 13:18:00+00:00,0,0
2025-10-14 13:28:00+00:00,1,0
2025-10-14 13:31:00+00:00,1,0
2025-10-14 13:36:00+00:00,1,0
2025-10-14 13:39:00+00:00,0,1
2025-10-14 13:46:00+00:00,0,0
2025-10-14 13:47:00+00:00,0,0
2025-10-14 13:48:00+00:00,0,0
2025-10-14 13:50:00+00:00,0,0
2025-10-14 13:58:00+00:00,0,0
2025-10-14 14:00:00+00:00,0,0
2025-10-14 14:01:00+00:00,0,0
2025-10-14 14:05:00+00:00,0,1
2025-10-14 14:07:00+00:00,0,0
2025-10-14 14:10:00+00:00,0,0
2025-10-14 14:35:00+00:00,0,1
2025-10-14 14:49:00+00:00,0,1
2025-10-14 15:01:00+00:00,0,1
2025-10-14 15:12:00+00:00,0,0
2025-10-14 15:33:00+00:00,0,0
2025-10-14 15:54:00+00:00,0,0
2025-10-14 16:08:00+00:00,1,0
2025-10-14 16:20:00+00:00,0,1
2025-10-14 16:22:00+00:00,1,0
2025-10-14 16:23:00+00:00,1,0
2025-10-14 16:39:00+00:00,0,0
2025-10-14 16:41:00+00:00,0,0
2025-10-14 16:43:00+00:00,0,0
2025-10-14 16:50:00+00:00,0,0
2025-10-14 16:53:00+00:00,0,0
2025-10-14 16:57:00+00:00,0,0
2025-10-14 16:59:00+00:00,0,0
2025-10-14 17:01:00+00:00,0,0
2025-10-14 17:29:00+00:00,0,0
2025-10-14 17:45:00+00:00,0,0
2025-10-14 18:01:00+00:00,0,0
2025-10-14 18:16:00+00:00,0,0
2025-10-14 19:36:00+00:00,0,1
2025-10-14 19:38:00+00:00,0,1
2025-10-14 19:39:00+00:00,0,0
2025-10-14 19:48:00+00:00,0,0
2025-10-14 19:54:00+00:00,0,0
2025-10-14 22:13:00+00:00,0,1
2025-10-14 22:14:00+00:00,0,0
2025-10-15 00:33:00+00:00,1,0
2025-10-15 01:00:00+00:00,1,1
2025-10-15 01:04:00+00:00,0,0
2025-10-15 01:05:00+00:00,0,0
2025-10-15 01:12:00+00:00,0,0
2025-10-15 01:13:00+00:00,0,0
2025-10-15 01:24:00+00:00,0,0
2025-10-15 01:25:00+00:00,0,0
2025-10-15 01:40:00+00:00,0,0
2025-10-15 02:31:00+00:00,0,0
2025-10-15 04:25:00+00:00,0,0
2025-10-15 05:31:00+00:00,0,0
2025-10-15 05:32:00+00:00,0,0
2025-10-15 07:37:00+00:00,0,0
2025-10-15 08:25:00+00:00,0,0
2025-10-15 08:30:00+00:00,0,0
2025-10-15 09:15:00+00:00,1,0
2025-10-15 09:19:00+00:00,1,0
2025-10-15 09:20:00+00:00,1,0
2025-10-15 09:21:00+00:00,0,0
2025-10-15 09:22:00+00:00,0,0
2025-10-15 09:27:00+00:00,0,0
2025-10-15 09:32:00+00:00,0,0
2025-10-15 10:16:00+00:00,0,0
2025-10-15 10:24:00+00:00,0,0
2025-10-15 12:16:00+00:00,0,0
2025-10-15 12:19:00+00:00,0,0
2025-10-15 12:20:00+00:00,0,0
2025-10-15 12:26:00+00:00,0,0
2025-10-15 12:51:00+00:00,0,0
2025-10-15 12:57:00+00:00,0,0
2025-10-15 13:00:00+00:00,0,0
2025-10-15 13:06:00+00:00,0,0
2025-10-15 13:12:00+00:00,0,0
2025-10-15 13:18:00+00:00,0,0
2025-10-15 13:23:00+00:00,0,0
2025-10-15 13:31:00+00:00,1,0
2025-10-15 13:39:00+00:00,0,1
2025-10-15 13:43:00+00:00,0,1
2025-10-15 13:49:00+00:00,0,0
2025-10-15 14:00:00+00:00,0,0
2025-10-15 14:01:00+00:00,0,1
2025-10-15 14:10:00+00:00,0,0
2025-10-15 14:34:00+00:00,0,0
2025-10-15 14:50:00+00:00,0,0
2025-10-15 14:59:00+00:00,0,0
2025-10-15 15:33:00+00:00,0,0
2025-10-15 15:34:00+00:00,0,0
2025-10-15 15:35:00+00:00,0,0
2025-10-15 15:38:00+00:00,0,0
2025-10-15 15:50:00+00:00,0,0
2025-10-15 15:51:00+00:00,0,0
2025-10-15 15:53:00+00:00,0,1
2025-10-15 15:56:00+00:00,0,0
2025-10-15 16:07:00+00:00,0,0
2025-10-15 16:10:00+00:00,0,0
2025-10-15 16:12:00+00:00,0,0
2025-10-15 16:15:00+00:00,0,0
2025-10-15 17:13:00+00:00,0,0
2025-10-15 17:16:00+00:00,0,0
2025-10-15 17:18:00+00:00,0,0
2025-10-15 17:23:00+00:00,0,0
2025-10-15 18:04:00+00:00,0,0
2025-10-16 00:59:00+00:00,1,0
2025-10-16 01:01:00+00:00,0,1
2025-10-16 01:03:00+00:00,1,1
2025-10-16 01:06:00+00:00,0,0
2025-10-16 01:11:00+00:00,0,0
2025-10-16 01:48:00+00:00,0,0
2025-10-16 03:13:00+00:00,0,0
2025-10-16 05:14:00+00:00,1,0
2025-10-16 05:23:00+00:00,1,0
2025-10-16 05:30:00+00:00,0,0
2025-10-16 05:31:00+00:00,0,0
2025-10-16 05:33:00+00:00,0,0
2025-10-16 05:34:00+00:00,0,1
2025-10-16 05:37:00+00:00,0,0
2025-10-16 05:39:00+00:00,0,0
2025-10-16 06:00:00+00:00,0,0
2025-10-16 06:04:00+00:00,0,0
2025-10-16 06:12:00+00:00,0,0
2025-10-16 07:30:00+00:00,0,0
2025-10-16 09:40:00+00:00,0,0
2025-10-16 12:31:00+00:00,0,0
2025-10-16 12:38:00+00:00,0,0
2025-10-16 12:39:00+00:00,0,0
2025-10-16 12:40:00+00:00,1,0
2025-10-16 13:00:00+00:00,0,0
2025-10-16 13:01:00+00:00,0,0
2025-10-16 13:26:00+00:00,0,0
2025-10-16 13:30:00+00:00,0,1
2025-10-16 13:36:00+00:00,0,0
2025-10-16 13:41:00+00:00,0,0
2025-10-16 13:55:00+00:00,0,0
2025-10-16 14:00:00+00:00,0,0
2025-10-16 14:05:00+00:00,0,0
2025-10-16 14:20:00+00:00,0,0
2025-10-16 14:27:00+00:00,0,0
2025-10-16 16:18:00+00:00,1,1
2025-10-16 16:19:00+00:00,1,0
2025-10-16 16:23:00+00:00,1,0
2025-10-16 16:24:00+00:00,1,1
2025-10-16 16:27:00+00:00,1,0
2025-10-16 16:33:00+00:00,1,1
2025-10-16 16:34:00+00:00,0,0
2025-10-16 16:36:00+00:00,0,0
2025-10-16 16:39:00+00:00,1,0
2025-10-16 16:41:00+00:00,1,1
2025-10-16 16:46:00+00:00,0,0
2025-10-16 16:48:00+00:00,0,0
2025-10-16 16:55:00+00:00,0,0
2025-10-16 17:03:00+00:00,0,0
2025-10-16 17:10:00+00:00,0,0
2025-10-16 17:46:00+00:00,0,0
2025-10-16 17:47:00+00:00,1,1
2025-10-16 18:05:00+00:00,0,0
2025-10-16 18:14:00+00:00,0,1
2025-10-16 18:15:00+00:00,0,0
2025-10-16 18:16:00+00:00,0,0
2025-10-16 18:17:00+00:00,0,0
2025-10-16 18:20:00+00:00,0,0
2025-10-16 18:23:00+00:00,0,0
2025-10-16 18:27:00+00:00,0,0
2025-10-16 18:30:00+00:00,0,0
2025-10-16 18:31:00+00:00,0,0
2025-10-16 18:35:00+00:00,0,0
2025-10-16 19:53:00+00:00,0,1
2025-10-16 19:54:00+00:00,0,1
2025-10-16 19:55:00+00:00,0,1
2025-10-16 20:03:00+00:00,0,0
2025-10-16 20:04:00+00:00,0,0
2025-10-16 20:48:00+00:00,1,1
2025-10-16 20:53:00+00:00,1,0
2025-10-16 20:55:00+00:00,1,1
2025-10-16 22:01:00+00:00,0,1
2025-10-16 22:04:00+00:00,1,1
2025-10-16 22:05:00+00:00,1,1
2025-10-16 22:06:00+00:00,1,1
2025-10-16 22:08:00+00:00,1,1
2025-10-16 22:09:00+00:00,1,1
2025-10-16 22:11:00+00:00,0,1
2025-10-16 22:14:00+00:00,1,1
2025-10-16 22:15:00+00:00,0,1
2025-10-16 22:16:00+00:00,0,1
2025-10-16 22:18:00+00:00,1,1
2025-10-16 22:22:00+00:00,1,1
2025-10-16 22:24:00+00:00,0,1
2025-10-16 22:26:00+00:00,1,1
2025-10-16 22:34:00+00:00,0,1
2025-10-16 22:35:00+00:00,0,0
2025-10-16 22:36:00+00:00,0,0
2025-10-16 22:37:00+00:00,0,1
2025-10-16 22:40:00+00:00,0,1
2025-10-16 22:52:00+00:00,1,1
2025-10-16 22:53:00+00:00,0,0
2025-10-16 23:01:00+00:00,1,1
2025-10-16 23:32:00+00:00,0,0
2025-10-16 23:33:00+00:00,0,0
2025-10-16 23:36:00+00:00,1,0
2025-10-16 23:37:00+00:00,1,0
2025-10-16 23:38:00+00:00,0,0
2025-10-16 23:40:00+00:00,0,0
2025-10-16 23:45:00+00:00,0,0
2025-10-16 23:47:00+00:00,0,0
2025-10-16 23:50:00+00:00,1,1
2025-10-16 23:53:00+00:00,0,0
2025-10-16 23:54:00+00:00,0,1
2025-10-16 23:55:00+00:00,0,1
2025-10-17 00:13:00+00:00,0,1
2025-10-17 00:37:00+00:00,0,0
2025-10-17 00:48:00+00:00,1,0
2025-10-17 00:59:00+00:00,1,0
2025-10-17 01:01:00+00:00,1,0
2025-10-17 01:02:00+00:00,1,0
2025-10-17 01:03:00+00:00,0,0
2025-10-17 01:04:00+00:00,1,0
2025-10-17 01:09:00+00:00,1,0
2025-10-17 01:10:00+00:00,1,0
2025-10-17 01:12:00+00:00,1,0
2025-10-17 01:16:00+00:00,1,0
2025-10-17 01:17:00+00:00,0,1
2025-10-17 01:18:00+00:00,1,1
2025-10-17 01:23:00+00:00,1,1
2025-10-17 01:26:00+00:00,1,0
2025-10-17 01:32:00+00:00,0,1
2025-10-17 01:35:00+00:00,1,1
2025-10-17 01:36:00+00:00,0,1
2025-10-17 01:38:00+00:00,0,0
2025-10-17 01:39:00+00:00,0,0
2025-10-17 01:40:00+00:00,0,1
2025-10-17 01:42:00+00:00,0,1
2025-10-17 01:43:00+00:00,0,1
2025-10-17 01:44:00+00:00,0,0
2025-10-17 01:45:00+00:00,1,1
2025-10-17 01:46:00+00:00,0,1
2025-10-17 01:47:00+00:00,0,1
2025-10-17 01:48:00+00:00,1,1
2025-10-17 01:50:00+00:00,1,1
2025-10-17 01:51:00+00:00,1,1
2025-10-17 01:52:00+00:00,1,1
2025-10-17 01:54:00+00:00,1,1
2025-10-17 01:55:00+00:00,1,0
2025-10-17 01:56:00+00:00,1,0
2025-10-17 01:57:00+00:00,1,1
2025-10-17 01:58:00+00:00,1,1
2025-10-17 01:59:00+00:00,1,0
2025-10-17 02:00:00+00:00,1,0
2025-10-17 02:06:00+00:00,0,0
2025-10-17 02:07:00+00:00,1,0
2025-10-17 02:09:00+00:00,0,0
2025-10-17 02:16:00+00:00,0,0
2025-10-17 02:20:00+00:00,1,0
2025-10-17 02:26:00+00:00,1,0
2025-10-17 02:30:00+00:00,1,1
2025-10-17 02:32:00+00:00,1,0
2025-10-17 02:37:00+00:00,1,0
2025-10-17 02:40:00+00:00,1,0
2025-10-17 02:45:00+00:00,0,0
2025-10-17 02:46:00+00:00,0,0
2025-10-17 02:56:00+00:00,0,0
2025-10-17 02:57:00+00:00,1,0
2025-10-17 03:03:00+00:00,0,0
2025-10-17 03:04:00+00:00,0,0
2025-10-17 03:08:00+00:00,0,0
2025-10-17 04:16:00+00:00,0,0
2025-10-17 04:18:00+00:00,0,0
2025-10-17 04:59:00+00:00,1,0
2025-10-17 05:01:00+00:00,1,0
2025-10-17 05:17:00+00:00,0,0
2025-10-17 05:31:00+00:00,0,0
2025-10-17 05:32:00+00:00,1,0
2025-10-17 05:33:00+00:00,1,0
2025-10-17 05:34:00+00:00,0,0
2025-10-17 05:35:00+00:00,0,0
2025-10-17 06:12:00+00:00,0,0
2025-10-17 06:13:00+00:00,0,0
2025-10-17 06:33:00+00:00,0,0
2025-10-17 06:35:00+00:00,0,0
2025-10-17 06:38:00+00:00,0,0
2025-10-17 06:39:00+00:00,1,0
2025-10-17 06:42:00+00:00,1,0
2025-10-17 06:50:00+00:00,1,0
2025-10-17 07:03:00+00:00,1,0
2025-10-17 07:14:00+00:00,1,0
2025-10-17 07:18:00+00:00,1,0
2025-10-17 07:19:00+00:00,0,0
2025-10-17 07:20:00+00:00,1,0
2025-10-17 07:21:00+00:00,0,0
2025-10-17 07:22:00+00:00,1,0
2025-10-17 07:23:00+00:00,0,1
2025-10-17 07:24:00+00:00,1,1
2025-10-17 07:25:00+00:00,1,0
2025-10-17 07:26:00+00:00,1,0
2025-10-17 07:27:00+00:00,0,0
2025-10-17 07:29:00+00:00,0,1
2025-10-17 07:30:00+00:00,0,1
2025-10-17 07:31:00+00:00,0,1
2025-10-17 07:36:00+00:00,1,0
2025-10-17 07:40:00+00:00,1,0
2025-10-17 07:43:00+00:00,1,0
2025-10-17 07:50:00+00:00,1,0
2025-10-17 07:57:00+00:00,1,0
2025-10-17 08:00:00+00:00,1,0
2025-10-17 08:01:00+00:00,0,0
2025-10-17 08:02:00+00:00,0,0
2025-10-17 08:03:00+00:00,0,0
2025-10-17 08:05:00+00:00,1,1
2025-10-17 08:07:00+00:00,1,1
2025-10-17 08:08:00+00:00,1,1
2025-10-17 08:10:00+00:00,1,1
2025-10-17 08:11:00+00:00,0,1
2025-10-17 08:16:00+00:00,0,0
2025-10-17 08:18:00+00:00,0,1
2025-10-17 08:19:00+00:00,0,0
2025-10-17 08:21:00+00:00,0,0
2025-10-17 08:22:00+00:00,0,0
2025-10-17 08:27:00+00:00,0,0
2025-10-17 08:30:00+00:00,0,0
2025-10-17 08:32:00+00:00,0,0
2025-10-17 08:46:00+00:00,0,0
2025-10-17 08:57:00+00:00,0,0
2025-10-17 09:07:00+00:00,0,0
2025-10-17 09:26:00+00:00,0,0
2025-10-17 09:37:00+00:00,0,0
2025-10-17 10:30:00+00:00,1,0
2025-10-17 10:33:00+00:00,0,0
2025-10-17 10:34:00+00:00,0,0
2025-10-17 10:37:00+00:00,0,1
2025-10-17 10:41:00+00:00,0,0
2025-10-17 10:48:00+00:00,1,0
2025-10-17 10:55:00+00:00,1,0
2025-10-17 11:01:00+00:00,1,0
2025-10-17 11:02:00+00:00,1,0
2025-10-17 11:09:00+00:00,1,0
2025-10-17 11:12:00+00:00,1,0
2025-10-17 11:13:00+00:00,0,0
2025-10-17 11:15:00+00:00,1,1
2025-10-17 11:19:00+00:00,1,1
2025-10-17 11:21:00+00:00,1,0
2025-10-17 11:30:00+00:00,1,1
2025-10-17 11:38:00+00:00,1,0
2025-10-17 11:39:00+00:00,1,1
2025-10-17 11:42:00+00:00,1,1
2025-10-17 11:43:00+00:00,1,0
2025-10-17 11:49:00+00:00,1,0
2025-10-17 11:50:00+00:00,1,0
2025-10-17 11:51:00+00:00,0,0
2025-10-17 11:56:00+00:00,1,1
2025-10-17 11:59:00+00:00,1,1
2025-10-17 12:00:00+00:00,1,0
2025-10-17 12:01:00+00:00,1,1
2025-10-17 12:02:00+00:00,1,1
2025-10-17 12:05:00+00:00,1,1
2025-10-17 12:06:00+00:00,1,0
2025-10-17 12:07:00+00:00,0,0
2025-10-17 12:11:00+00:00,0,0
2025-10-17 12:12:00+00:00,0,0
2025-10-17 12:13:00+00:00,1,0
2025-10-17 12:15:00+00:00,1,0
2025-10-17 12:16:00+00:00,0,0
2025-10-17 12:17:00+00:00,1,0
2025-10-17 12:18:00+00:00,0,0
2025-10-17 12:20:00+00:00,0,0
2025-10-17 12:24:00+00:00,1,0
2025-10-17 12:25:00+00:00,1,0
2025-10-17 12:26:00+00:00,0,0
2025-10-17 12:29:00+00:00,1,0
2025-10-17 12:31:00+00:00,0,1
2025-10-17 12:34:00+00:00,0,0
2025-10-17 12:44:00+00:00,0,0
2025-10-17 12:49:00+00:00,1,0
2025-10-17 12:51:00+00:00,1,0
2025-10-17 12:55:00+00:00,1,0
2025-10-17 12:56:00+00:00,1,0
2025-10-17 12:59:00+00:00,1,0
2025-10-17 13:00:00+00:00,0,0
2025-10-17 13:02:00+00:00,0,0
2025-10-17 13:07:00+00:00,0,0
2025-10-17 13:11:00+00:00,1,0
2025-10-17 13:17:00+00:00,1,0
2025-10-17 13:22:00+00:00,1,0
2025-10-17 13:23:00+00:00,1,0
2025-10-17 13:31:00+00:00,1,0
2025-10-17 13:32:00+00:00,1,1
2025-10-17 13:33:00+00:00,1,0
2025-10-17 13:35:00+00:00,0,1
2025-10-17 13:36:00+00:00,0,1
2025-10-17 13:38:00+00:00,0,1
2025-10-17 13:39:00+00:00,0,1
2025-10-17 13:42:00+00:00,1,0
2025-10-17 13:43:00+00:00,0,0
2025-10-17 13:44:00+00:00,1,0
2025-10-17 13:45:00+00:00,1,0
2025-10-17 13:46:00+00:00,1,1
2025-10-17 13:48:00+00:00,0,1
2025-10-17 13:54:00+00:00,1,0
2025-10-17 13:56:00+00:00,1,0
2025-10-17 13:57:00+00:00,1,0
2025-10-17 13:59:00+00:00,1,1
2025-10-17 14:00:00+00:00,1,0
2025-10-17 14:01:00+00:00,1,1
2025-10-17 14:03:00+00:00,0,0
2025-10-17 14:04:00+00:00,0,1
2025-10-17 14:05:00+00:00,0,0
2025-10-17 14:06:00+00:00,0,1
2025-10-17 14:07:00+00:00,0,1
2025-10-17 14:08:00+00:00,0,1
2025-10-17 14:10:00+00:00,0,1
2025-10-17 14:13:00+00:00,0,1
2025-10-17 14:14:00+00:00,1,1
2025-10-17 14:15:00+00:00,1,1
2025-10-17 14:17:00+00:00,0,0
2025-10-17 14:19:00+00:00,0,1
2025-10-17 14:20:00+00:00,0,0
2025-10-17 14:21:00+00:00,1,1
2025-10-17 14:22:00+00:00,1,0
2025-10-17 14:23:00+00:00,1,0
2025-10-17 14:25:00+00:00,1,1
2025-10-17 14:27:00+00:00,1,1
2025-10-17 14:32:00+00:00,0,0
2025-10-17 14:33:00+00:00,0,0
2025-10-17 14:34:00+00:00,1,1
2025-10-17 14:37:00+00:00,1,1
2025-10-17 14:38:00+00:00,0,1
2025-10-17 14:39:00+00:00,1,1
2025-10-17 14:40:00+00:00,1,0
2025-10-17 14:41:00+00:00,1,1
2025-10-17 14:42:00+00:00,1,1
2025-10-17 14:45:00+00:00,1,1
2025-10-17 14:46:00+00:00,1,1
2025-10-17 14:52:00+00:00,1,1
2025-10-17 14:53:00+00:00,1,1
2025-10-17 14:55:00+00:00,1,1
2025-10-17 14:57:00+00:00,0,0
2025-10-17 15:01:00+00:00,1,1
2025-10-17 15:06:00+00:00,0,1
2025-10-17 15:07:00+00:00,0,1
2025-10-17 15:08:00+00:00,1,1
2025-10-17 15:09:00+00:00,1,0
2025-10-17 15:12:00+00:00,0,1
2025-10-17 15:15:00+00:00,0,1
2025-10-17 15:20:00+00:00,1,0
2025-10-17 15:21:00+00:00,1,1
2025-10-17 15:23:00+00:00,0,1
2025-10-17 15:28:00+00:00,0,0
2025-10-17 15:29:00+00:00,0,0
2025-10-17 15:31:00+00:00,1,0
2025-10-17 15:35:00+00:00,1,0
2025-10-17 15:42:00+00:00,1,0
2025-10-17 15:45:00+00:00,1,0
2025-10-17 15:50:00+00:00,1,0
2025-10-17 15:52:00+00:00,1,0
2025-10-17 15:57:00+00:00,1,0
2025-10-17 15:58:00+00:00,1,1
2025-10-17 15:59:00+00:00,1,0
2025-10-17 16:00:00+00:00,1,0
2025-10-17 16:03:00+00:00,1,0
2025-10-17 16:06:00+00:00,1,0
2025-10-17 16:07:00+00:00,0,1
2025-10-17 16:08:00+00:00,1,0
2025-10-17 16:09:00+00:00,0,0
2025-10-17 16:10:00+00:00,1,1
2025-10-17 16:11:00+00:00,1,1
2025-10-17 16:13:00+00:00,1,1
2025-10-17 16:15:00+00:00,1,0
2025-10-17 16:18:00+00:00,1,0
2025-10-17 16:20:00+00:00,1,0
2025-10-17 16:24:00+00:00,1,1
2025-10-17 16:25:00+00:00,1,0
2025-10-17 16:26:00+00:00,1,0
2025-10-17 16:29:00+00:00,1,1
2025-10-17 16:30:00+00:00,1,0
2025-10-17 16:33:00+00:00,0,1
2025-10-17 16:34:00+00:00,1,0
2025-10-17 16:37:00+00:00,0,0
2025-10-17 16:39:00+00:00,1,1
2025-10-17 16:41:00+00:00,1,1
2025-10-17 16:44:00+00:00,0,1
2025-10-17 16:46:00+00:00,0,1
2025-10-17 16:47:00+00:00,0,1
2025-10-17 16:48:00+00:00,1,1
2025-10-17 16:50:00+00:00,1,1
2025-10-17 16:51:00+00:00,1,1
2025-10-17 16:52:00+00:00,1,1
2025-10-17 16:54:00+00:00,1,1
2025-10-17 16:55:00+00:00,0,1
2025-10-17 16:57:00+00:00,0,0
2025-10-17 16:59:00+00:00,0,0
2025-10-17 17:02:00+00:00,0,1
2025-10-17 17:08:00+00:00,1,1
2025-10-17 17:09:00+00:00,1,1
2025-10-17 17:10:00+00:00,1,1
2025-10-17 17:11:00+00:00,1,1
2025-10-17 17:14:00+00:00,0,1
2025-10-17 17:15:00+00:00,1,0
2025-10-17 17:17:00+00:00,1,0
2025-10-17 17:20:00+00:00,1,1
2025-10-17 17:22:00+00:00,0,1
2025-10-17 17:28:00+00:00,1,0
2025-10-17 17:33:00+00:00,1,0
2025-10-17 17:34:00+00:00,1,0
2025-10-17 17:35:00+00:00,1,0
2025-10-17 17:38:00+00:00,1,0
2025-10-17 17:40:00+00:00,1,0
2025-10-17 17:41:00+00:00,0,1
2025-10-17 17:45:00+00:00,1,0
2025-10-17 17:46:00+00:00,0,1
2025-10-17 17:47:00+00:00,1,1
2025-10-17 17:49:00+00:00,0,1
2025-10-17 17:51:00+00:00,1,1
2025-10-17 18:02:00+00:00,0,1
2025-10-17 18:06:00+00:00,0,0
2025-10-17 18:10:00+00:00,0,0
2025-10-17 18:13:00+00:00,0,0
2025-10-17 18:19:00+00:00,0,0
2025-10-17 18:26:00+00:00,0,0
2025-10-17 18:30:00+00:00,0,0
2025-10-17 19:19:00+00:00,1,0
2025-10-17 19:27:00+00:00,0,1
2025-10-17 19:30:00+00:00,0,1
2025-10-17 19:31:00+00:00,0,0
2025-10-17 19:32:00+00:00,0,0
2025-10-17 19:50:00+00:00,1,0
2025-10-17 19:54:00+00:00,1,0
2025-10-17 19:57:00+00:00,1,0
2025-10-17 19:58:00+00:00,0,1
2025-10-17 19:59:00+00:00,1,0
2025-10-17 20:05:00+00:00,1,1
2025-10-19 22:02:00+00:00,0,0
2025-10-19 22:03:00+00:00,1,1
2025-10-19 22:04:00+00:00,0,1
2025-10-19 22:05:00+00:00,0,1
2025-10-19 22:06:00+00:00,0,0
2025-10-19 22:08:00+00:00,0,1
2025-10-19 22:09:00+00:00,0,1
2025-10-19 22:10:00+00:00,0,1
2025-10-19 22:22:00+00:00,0,1
2025-10-19 22:33:00+00:00,0,1
2025-10-19 23:16:00+00:00,0,0
2025-10-19 23:51:00+00:00,0,0
2025-10-20 00:11:00+00:00,0,0
2025-10-20 00:15:00+00:00,0,0
2025-10-20 00:18:00+00:00,1,1
2025-10-20 00:19:00+00:00,0,1
2025-10-20 00:24:00+00:00,1,1
2025-10-20 00:26:00+00:00,1,1
2025-10-20 00:30:00+00:00,1,0
2025-10-20 00:36:00+00:00,1,0
2025-10-20 00:37:00+00:00,0,0
2025-10-20 00:40:00+00:00,1,0
2025-10-20 00:42:00+00:00,0,0
2025-10-20 00:43:00+00:00,0,0
2025-10-20 00:44:00+00:00,0,0
2025-10-20 00:46:00+00:00,0,1
2025-10-20 01:00:00+00:00,0,1
2025-10-20 01:01:00+00:00,1,1
2025-10-20 01:03:00+00:00,1,1
2025-10-20 01:06:00+00:00,1,1
2025-10-20 01:09:00+00:00,1,1
2025-10-20 01:11:00+00:00,1,1
2025-10-20 01:12:00+00:00,0,1
2025-10-20 01:14:00+00:00,0,1
2025-10-20 01:22:00+00:00,1,1
2025-10-20 01:23:00+00:00,0,0
2025-10-20 01:27:00+00:00,0,0
2025-10-20 01:53:00+00:00,0,0
2025-10-20 01:54:00+00:00,0,0
2025-10-20 01:55:00+00:00,0,0
2025-10-20 02:09:00+00:00,0,0
2025-10-20 02:39:00+00:00,0,0
2025-10-20 03:01:00+00:00,0,0
2025-10-20 03:35:00+00:00,0,0
2025-10-20 05:22:00+00:00,0,0
2025-10-20 05:32:00+00:00,1,0
2025-10-20 05:44:00+00:00,1,0
2025-10-20 05:49:00+00:00,1,0
2025-10-20 05:50:00+00:00,1,0
2025-10-20 05:55:00+00:00,0,0
2025-10-20 05:59:00+00:00,0,0
2025-10-20 06:23:00+00:00,0,0
2025-10-20 06:25:00+00:00,0,0
2025-10-20 06:29:00+00:00,1,1
2025-10-20 06:31:00+00:00,1,0
2025-10-20 06:32:00+00:00,1,0
2025-10-20 06:35:00+00:00,1,0
2025-10-20 06:40:00+00:00,1,0
2025-10-20 07:07:00+00:00,0,0
2025-10-20 07:08:00+00:00,0,0
2025-10-20 07:12:00+00:00,0,0
2025-10-20 07:22:00+00:00,0,0
2025-10-20 08:03:00+00:00,0,0
2025-10-20 08:32:00+00:00,0,0
2025-10-20 10:13:00+00:00,0,0
2025-10-20 10:36:00+00:00,0,0
2025-10-20 11:59:00+00:00,1,1
2025-10-20 12:12:00+00:00,1,0
2025-10-20 12:18:00+00:00,1,1
2025-10-20 12:19:00+00:00,1,1
2025-10-20 12:30:00+00:00,1,0
2025-10-20 12:32:00+00:00,1,1
2025-10-20 12:33:00+00:00,1,1
2025-10-20 12:35:00+00:00,0,1
2025-10-20 12:36:00+00:00,0,1
2025-10-20 12:37:00+00:00,0,0
2025-10-20 12:39:00+00:00,0,1
2025-10-20 12:42:00+00:00,0,1
2025-10-20 12:52:00+00:00,0,1
2025-10-20 12:58:00+00:00,1,0
2025-10-20 12:59:00+00:00,1,1
2025-10-20 13:03:00+00:00,0,1
2025-10-20 13:05:00+00:00,0,1
2025-10-20 13:06:00+00:00,0,1
2025-10-20 13:12:00+00:00,0,0
2025-10-20 13:20:00+00:00,1,0
2025-10-20 13:30:00+00:00,0,0
2025-10-20 13:32:00+00:00,0,0
2025-10-20 13:33:00+00:00,0,0
2025-10-20 13:34:00+00:00,0,0
2025-10-20 13:38:00+00:00,0,1
2025-10-20 13:39:00+00:00,0,1
2025-10-20 13:40:00+00:00,0,0
2025-10-20 13:43:00+00:00,0,1
2025-10-20 13:47:00+00:00,0,0
2025-10-20 13:49:00+00:00,0,0
2025-10-20 13:55:00+00:00,0,0
2025-10-20 13:59:00+00:00,1,1
2025-10-20 14:00:00+00:00,1,0
2025-10-20 14:06:00+00:00,1,0
2025-10-20 14:07:00+00:00,1,0
2025-10-20 14:09:00+00:00,1,0
2025-10-20 14:10:00+00:00,1,0
2025-10-20 14:15:00+00:00,0,0
2025-10-20 14:20:00+00:00,0,1
2025-10-20 14:22:00+00:00,0,0
2025-10-20 14:26:00+00:00,1,1
2025-10-20 14:32:00+00:00,1,0
2025-10-20 14:37:00+00:00,1,0
2025-10-20 14:46:00+00:00,1,0
2025-10-20 15:00:00+00:00,0,0
2025-10-20 15:18:00+00:00,0,0
2025-10-20 15:22:00+00:00,0,0
2025-10-20 15:24:00+00:00,0,0
2025-10-20 15:25:00+00:00,0,0
2025-10-20 15:40:00+00:00,0,0
2025-10-20 15:41:00+00:00,0,0
2025-10-20 16:05:00+00:00,0,0
2025-10-20 16:06:00+00:00,0,0
2025-10-20 16:16:00+00:00,0,0
2025-10-20 17:22:00+00:00,0,0
2025-10-20 17:39:00+00:00,0,0
2025-10-20 18:29:00+00:00,0,0
2025-10-20 19:55:00+00:00,1,0
2025-10-20 19:57:00+00:00,1,1
2025-10-20 20:01:00+00:00,1,0
2025-10-20 20:02:00+00:00,0,0
2025-10-20 20:05:00+00:00,1,0
2025-10-20 20:07:00+00:00,0,0
2025-10-20 20:13:00+00:00,0,0
2025-10-20 20:14:00+00:00,0,0
2025-10-20 20:16:00+00:00,0,0
2025-10-20 20:21:00+00:00,0,0
2025-10-20 20:22:00+00:00,0,1
2025-10-20 20:26:00+00:00,0,1
2025-10-20 22:03:00+00:00,0,0
2025-10-21 01:13:00+00:00,1,0
2025-10-21 01:21:00+00:00,1,0
2025-10-21 01:24:00+00:00,0,0
2025-10-21 01:30:00+00:00,0,0
2025-10-21 01:37:00+00:00,0,0
2025-10-21 01:39:00+00:00,0,0
2025-10-21 01:40:00+00:00,0,0
2025-10-21 01:42:00+00:00,0,0
2025-10-21 01:48:00+00:00,0,0
2025-10-21 01:51:00+00:00,0,0
2025-10-21 01:59:00+00:00,0,0
2025-10-21 02:00:00+00:00,0,0
2025-10-21 02:06:00+00:00,0,0
2025-10-21 02:30:00+00:00,0,0
2025-10-21 02:36:00+00:00,0,0
2025-10-21 02:37:00+00:00,0,0
2025-10-21 02:49:00+00:00,0,0
2025-10-21 05:25:00+00:00,0,0
2025-10-21 05:30:00+00:00,0,0
2025-10-21 05:31:00+00:00,0,0
2025-10-21 05:35:00+00:00,0,1
2025-10-21 05:36:00+00:00,0,0
2025-10-21 05:39:00+00:00,0,1
2025-10-21 05:41:00+00:00,0,0
2025-10-21 05:52:00+00:00,0,0
2025-10-21 06:04:00+00:00,1,0
2025-10-21 06:41:00+00:00,0,0
2025-10-21 06:48:00+00:00,1,0
2025-10-21 07:02:00+00:00,1,0
2025-10-21 07:06:00+00:00,1,0
2025-10-21 07:07:00+00:00,1,0
2025-10-21 07:33:00+00:00,1,0
2025-10-21 07:34:00+00:00,1,0
2025-10-21 07:36:00+00:00,1,0
2025-10-21 07:37:00+00:00,1,0
2025-10-21 07:40:00+00:00,1,0
2025-10-21 07:42:00+00:00,1,0
2025-10-21 07:59:00+00:00,1,0
2025-10-21 08:01:00+00:00,1,1
2025-10-21 08:02:00+00:00,1,1
2025-10-21 08:03:00+00:00,1,1
2025-10-21 08:04:00+00:00,1,0
2025-10-21 08:06:00+00:00,1,0
2025-10-21 08:09:00+00:00,1,1
2025-10-21 08:12:00+00:00,0,1
2025-10-21 08:13:00+00:00,0,0
2025-10-21 08:14:00+00:00,1,1
2025-10-21 08:15:00+00:00,0,1
2025-10-21 08:18:00+00:00,0,1
2025-10-21 08:19:00+00:00,0,1
2025-10-21 08:21:00+00:00,0,1
2025-10-21 08:22:00+00:00,0,1
2025-10-21 08:24:00+00:00,0,1
2025-10-21 08:25:00+00:00,0,0
2025-10-21 08:28:00+00:00,0,1
2025-10-21 08:33:00+00:00,0,0
2025-10-21 08:41:00+00:00,0,0
2025-10-21 08:43:00+00:00,0,0
2025-10-21 08:50:00+00:00,0,0
2025-10-21 08:51:00+00:00,0,0
2025-10-21 09:02:00+00:00,0,0
2025-10-21 09:03:00+00:00,0,0
2025-10-21 09:05:00+00:00,0,0
2025-10-21 09:06:00+00:00,0,0
2025-10-21 09:10:00+00:00,0,0
2025-10-21 09:13:00+00:00,0,0
2025-10-21 09:14:00+00:00,0,0
2025-10-21 09:17:00+00:00,0,0
2025-10-21 09:20:00+00:00,0,0
2025-10-21 09:22:00+00:00,0,0
2025-10-21 09:26:00+00:00,0,0
2025-10-21 09:38:00+00:00,0,0
2025-10-21 10:05:00+00:00,0,0
2025-10-21 10:15:00+00:00,0,0
2025-10-21 10:20:00+00:00,0,0
2025-10-21 10:23:00+00:00,0,0
2025-10-21 10:25:00+00:00,0,0
2025-10-21 10:57:00+00:00,0,0
2025-10-21 10:58:00+00:00,0,0
2025-10-21 11:17:00+00:00,1,0
2025-10-21 11:18:00+00:00,0,0
2025-10-21 11:19:00+00:00,0,0
2025-10-21 11:21:00+00:00,0,0
2025-10-21 11:29:00+00:00,1,0
2025-10-21 11:43:00+00:00,1,0
2025-10-21 11:45:00+00:00,1,0
2025-10-21 11:50:00+00:00,1,0
2025-10-21 11:54:00+00:00,1,0
2025-10-21 11:56:00+00:00,0,1
2025-10-21 11:57:00+00:00,1,0
2025-10-21 11:58:00+00:00,1,0
2025-10-21 12:01:00+00:00,1,0
2025-10-21 12:08:00+00:00,1,0
2025-10-21 12:10:00+00:00,1,0
2025-10-21 12:11:00+00:00,1,0
2025-10-21 12:12:00+00:00,0,1
2025-10-21 12:16:00+00:00,0,1
2025-10-21 12:17:00+00:00,1,1
2025-10-21 12:26:00+00:00,1,1
2025-10-21 12:27:00+00:00,1,1
2025-10-21 12:31:00+00:00,1,1
2025-10-21 12:33:00+00:00,1,0
2025-10-21 12:42:00+00:00,1,0
2025-10-21 12:47:00+00:00,1,0
2025-10-21 12:48:00+00:00,1,0
2025-10-21 12:50:00+00:00,1,0
2025-10-21 12:52:00+00:00,1,1
2025-10-21 12:54:00+00:00,0,1
2025-10-21 12:55:00+00:00,0,1
2025-10-21 13:00:00+00:00,0,1
2025-10-21 13:01:00+00:00,1,1
2025-10-21 13:02:00+00:00,1,1
2025-10-21 13:03:00+00:00,0,0
2025-10-21 13:04:00+00:00,0,1
2025-10-21 13:06:00+00:00,0,1
2025-10-21 13:07:00+00:00,0,0
2025-10-21 13:08:00+00:00,0,1
2025-10-21 13:11:00+00:00,0,1
2025-10-21 13:12:00+00:00,0,1
2025-10-21 13:13:00+00:00,0,0
2025-10-21 13:16:00+00:00,0,1
2025-10-21 13:19:00+00:00,0,0
2025-10-21 13:21:00+00:00,0,0
2025-10-21 13:24:00+00:00,0,0
2025-10-21 13:25:00+00:00,0,0
2025-10-21 13:27:00+00:00,0,0
2025-10-21 13:28:00+00:00,0,0
2025-10-21 13:30:00+00:00,0,0
2025-10-21 13:32:00+00:00,0,0
2025-10-21 13:35:00+00:00,0,0
2025-10-21 13:36:00+00:00,0,0
2025-10-21 13:37:00+00:00,1,1
2025-10-21 13:40:00+00:00,1,1
2025-10-21 13:41:00+00:00,1,0
2025-10-21 13:42:00+00:00,1,0
2025-10-21 13:43:00+00:00,1,0
2025-10-21 13:45:00+00:00,1,0
2025-10-21 13:46:00+00:00,1,0
2025-10-21 13:47:00+00:00,1,1
2025-10-21 13:48:00+00:00,1,0
2025-10-21 13:49:00+00:00,1,0
2025-10-21 13:50:00+00:00,0,0
2025-10-21 13:52:00+00:00,1,0
2025-10-21 13:53:00+00:00,0,0
2025-10-21 14:01:00+00:00,0,0
2025-10-21 14:02:00+00:00,0,1
2025-10-21 14:04:00+00:00,0,1
2025-10-21 14:05:00+00:00,1,0
2025-10-21 14:06:00+00:00,1,1
2025-10-21 14:07:00+00:00,1,0
2025-10-21 14:08:00+00:00,1,0
2025-10-21 14:10:00+00:00,1,1
2025-10-21 14:11:00+00:00,1,1
2025-10-21 14:12:00+00:00,1,0
2025-10-21 14:14:00+00:00,1,0
2025-10-21 14:15:00+00:00,1,0
2025-10-21 14:18:00+00:00,1,1
2025-10-21 14:20:00+00:00,1,1
2025-10-21 14:22:00+00:00,1,1
2025-10-21 14:28:00+00:00,0,0
2025-10-21 14:30:00+00:00,0,0
2025-10-21 14:33:00+00:00,0,1
2025-10-21 14:35:00+00:00,0,0
2025-10-21 14:38:00+00:00,0,0
2025-10-21 14:41:00+00:00,0,0
2025-10-21 14:42:00+00:00,0,0
2025-10-21 14:43:00+00:00,0,0
2025-10-21 14:44:00+00:00,0,0
2025-10-21 14:45:00+00:00,1,0
2025-10-21 14:46:00+00:00,1,1
2025-10-21 14:49:00+00:00,1,0
2025-10-21 14:50:00+00:00,1,0
2025-10-21 14:53:00+00:00,1,0
2025-10-21 14:54:00+00:00,1,1
2025-10-21 14:55:00+00:00,1,0
2025-10-21 14:57:00+00:00,1,1
2025-10-21 14:58:00+00:00,1,0
2025-10-21 14:59:00+00:00,0,1
2025-10-21 15:00:00+00:00,0,0
2025-10-21 15:01:00+00:00,0,0
2025-10-21 15:02:00+00:00,1,0
2025-10-21 15:04:00+00:00,1,0
2025-10-21 15:07:00+00:00,0,1
2025-10-21 15:10:00+00:00,0,0
2025-10-21 15:11:00+00:00,1,1
2025-10-21 15:12:00+00:00,1,1
2025-10-21 15:14:00+00:00,1,1
2025-10-21 15:16:00+00:00,0,1
2025-10-21 15:20:00+00:00,1,0
2025-10-21 15:21:00+00:00,1,0
2025-10-21 15:22:00+00:00,0,1
2025-10-21 15:23:00+00:00,0,0
2025-10-21 15:29:00+00:00,1,0
2025-10-21 15:30:00+00:00,0,1
2025-10-21 15:31:00+00:00,1,1
2025-10-21 15:36:00+00:00,1,1
2025-10-21 15:41:00+00:00,0,1
2025-10-21 15:42:00+00:00,0,1
2025-10-21 15:43:00+00:00,1,1
2025-10-21 15:51:00+00:00,1,0
2025-10-21 15:55:00+00:00,1,1
2025-10-21 15:56:00+00:00,1,0
2025-10-21 15:57:00+00:00,1,0
2025-10-21 16:00:00+00:00,1,0
2025-10-21 16:02:00+00:00,1,0
2025-10-21 16:06:00+00:00,1,0
2025-10-21 16:10:00+00:00,1,1
2025-10-21 16:12:00+00:00,1,0
2025-10-21 16:15:00+00:00,1,0
2025-10-21 16:17:00+00:00,1,0
2025-10-21 16:18:00+00:00,1,0
2025-10-21 16:21:00+00:00,0,0
2025-10-21 16:38:00+00:00,1,0
2025-10-21 16:39:00+00:00,0,0
2025-10-21 16:40:00+00:00,0,0
2025-10-21 16:42:00+00:00,0,0
2025-10-21 16:47:00+00:00,0,0
2025-10-21 16:50:00+00:00,1,0
2025-10-21 16:53:00+00:00,1,0
2025-10-21 16:56:00+00:00,1,0
2025-10-21 17:00:00+00:00,1,0
2025-10-21 17:01:00+00:00,0,0
2025-10-21 17:02:00+00:00,0,0
2025-10-21 17:10:00+00:00,0,0
2025-10-21 17:12:00+00:00,0,0
2025-10-21 17:13:00+00:00,0,0
2025-10-21 17:15:00+00:00,1,0
2025-10-21 17:17:00+00:00,1,0
2025-10-21 17:18:00+00:00,0,0
2025-10-21 17:26:00+00:00,0,0
2025-10-21 17:27:00+00:00,1,0
2025-10-21 17:31:00+00:00,0,1
2025-10-21 17:33:00+00:00,0,0
2025-10-21 17:36:00+00:00,0,0
2025-10-21 17:39:00+00:00,0,0
2025-10-21 17:52:00+00:00,0,0
2025-10-21 18:00:00+00:00,0,0
2025-10-21 18:01:00+00:00,0,0
2025-10-21 18:02:00+00:00,0,0
2025-10-21 18:06:00+00:00,0,0
2025-10-21 18:14:00+00:00,0,0
2025-10-21 18:41:00+00:00,0,0
2025-10-21 19:00:00+00:00,0,0
2025-10-21 19:02:00+00:00,0,0
2025-10-21 19:10:00+00:00,0,0
2025-10-21 19:17:00+00:00,0,0
2025-10-21 19:18:00+00:00,0,0
2025-10-21 19:24:00+00:00,0,0
2025-10-21 19:39:00+00:00,0,0
2025-10-21 19:40:00+00:00,1,0
2025-10-21 19:41:00+00:00,0,0
2025-10-21 19:57:00+00:00,1,0
2025-10-21 20:02:00+00:00,0,0
2025-10-21 22:05:00+00:00,0,0
2025-10-21 23:49:00+00:00,1,0
2025-10-21 23:50:00+00:00,1,1
2025-10-21 23:53:00+00:00,1,0
2025-10-21 23:55:00+00:00,1,0
2025-10-21 23:57:00+00:00,1,1
2025-10-21 23:58:00+00:00,1,1
2025-10-22 00:00:00+00:00,1,1
2025-10-22 00:01:00+00:00,1,1
2025-10-22 00:02:00+00:00,0,1
2025-10-22 00:04:00+00:00,0,1
2025-10-22 00:05:00+00:00,0,1
2025-10-22 00:06:00+00:00,0,1
2025-10-22 00:07:00+00:00,0,1
2025-10-22 00:08:00+00:00,0,1
2025-10-22 00:09:00+00:00,0,1
2025-10-22 00:10:00+00:00,0,1
2025-10-22 00:11:00+00:00,1,1
2025-10-22 00:12:00+00:00,1,1
2025-10-22 00:13:00+00:00,1,1
2025-10-22 00:14:00+00:00,1,1
2025-10-22 00:15:00+00:00,1,1
2025-10-22 00:16:00+00:00,1,1
2025-10-22 00:17:00+00:00,1,1
2025-10-22 00:18:00+00:00,0,1
2025-10-22 00:19:00+00:00,0,1
2025-10-22 00:21:00+00:00,0,1
2025-10-22 00:22:00+00:00,1,1
2025-10-22 00:24:00+00:00,0,1
2025-10-22 00:25:00+00:00,1,1
2025-10-22 00:26:00+00:00,0,1
2025-10-22 00:27:00+00:00,1,1
2025-10-22 00:30:00+00:00,1,1
2025-10-22 00:33:00+00:00,1,0
2025-10-22 00:34:00+00:00,1,1
2025-10-22 00:35:00+00:00,0,1
2025-10-22 00:39:00+00:00,0,1
2025-10-22 00:40:00+00:00,0,1
2025-10-22 00:45:00+00:00,0,1
2025-10-22 00:46:00+00:00,0,0
2025-10-22 00:48:00+00:00,0,1
2025-10-22 00:50:00+00:00,0,1
2025-10-22 00:56:00+00:00,1,1
2025-10-22 00:57:00+00:00,1,1
2025-10-22 00:58:00+00:00,1,1
2025-10-22 01:00:00+00:00,1,1
2025-10-22 01:01:00+00:00,1,1
2025-10-22 01:02:00+00:00,1,1
2025-10-22 01:03:00+00:00,1,1
2025-10-22 01:04:00+00:00,0,1
2025-10-22 01:05:00+00:00,0,1
2025-10-22 01:06:00+00:00,0,1
2025-10-22 01:08:00+00:00,0,1
2025-10-22 01:09:00+00:00,0,1
2025-10-22 01:11:00+00:00,1,1
2025-10-22 01:12:00+00:00,0,1
2025-10-22 01:14:00+00:00,1,1
2025-10-22 01:17:00+00:00,1,1
2025-10-22 01:18:00+00:00,1,1
2025-10-22 01:21:00+00:00,0,1
2025-10-22 01:22:00+00:00,1,1
2025-10-22 01:23:00+00:00,1,1
2025-10-22 01:24:00+00:00,1,1
2025-10-22 01:25:00+00:00,0,1
2025-10-22 01:33:00+00:00,0,1
2025-10-22 01:38:00+00:00,0,1
2025-10-22 01:39:00+00:00,0,1
2025-10-22 01:42:00+00:00,0,1
2025-10-22 01:50:00+00:00,0,1
2025-10-22 01:51:00+00:00,1,1
2025-10-22 01:52:00+00:00,0,1
2025-10-22 01:53:00+00:00,1,1
2025-10-22 01:55:00+00:00,1,1
2025-10-22 02:00:00+00:00,1,1
2025-10-22 02:06:00+00:00,0,0
2025-10-22 02:08:00+00:00,0,0
2025-10-22 02:15:00+00:00,0,1
2025-10-22 03:27:00+00:00,1,0
2025-10-22 03:42:00+00:00,1,0
2025-10-22 03:43:00+00:00,1,0
2025-10-22 04:05:00+00:00,0,0
2025-10-22 04:11:00+00:00,1,1
2025-10-22 04:12:00+00:00,0,1
2025-10-22 04:13:00+00:00,0,0
2025-10-22 04:47:00+00:00,1,0
2025-10-22 05:31:00+00:00,0,1
2025-10-22 05:49:00+00:00,0,1
2025-10-22 05:51:00+00:00,0,1
2025-10-22 06:00:00+00:00,1,1
2025-10-22 06:04:00+00:00,1,1
2025-10-22 06:11:00+00:00,1,0
2025-10-22 06:18:00+00:00,1,1
2025-10-22 06:31:00+00:00,0,1
2025-10-22 06:42:00+00:00,1,0
2025-10-22 06:45:00+00:00,1,0
2025-10-22 06:47:00+00:00,1,0
2025-10-22 06:48:00+00:00,1,0
2025-10-22 06:52:00+00:00,1,0
2025-10-22 07:03:00+00:00,0,1
2025-10-22 07:04:00+00:00,0,1
2025-10-22 07:06:00+00:00,0,1
2025-10-22 07:07:00+00:00,0,1
2025-10-22 07:09:00+00:00,0,1
2025-10-22 07:10:00+00:00,0,1
2025-10-22 07:12:00+00:00,0,1
2025-10-22 07:15:00+00:00,0,1
2025-10-22 07:16:00+00:00,0,1
2025-10-22 07:22:00+00:00,1,1
2025-10-22 07:25:00+00:00,1,1
2025-10-22 07:48:00+00:00,1,1
2025-10-22 07:56:00+00:00,1,1
2025-10-22 07:57:00+00:00,1,1
2025-10-22 08:01:00+00:00,1,1
2025-10-22 08:02:00+00:00,1,1
2025-10-22 08:03:00+00:00,1,1
2025-10-22 08:05:00+00:00,1,1
2025-10-22 08:08:00+00:00,1,1
2025-10-22 08:09:00+00:00,0,1
2025-10-22 08:12:00+00:00,0,1
2025-10-22 08:13:00+00:00,0,1
2025-10-22 08:15:00+00:00,1,1
2025-10-22 08:17:00+00:00,1,1
2025-10-22 08:18:00+00:00,1,1
2025-10-22 08:19:00+00:00,0,1
2025-10-22 08:20:00+00:00,0,1
2025-10-22 08:21:00+00:00,0,1
2025-10-22 08:22:00+00:00,1,1
2025-10-22 08:23:00+00:00,1,1
2025-10-22 08:24:00+00:00,1,1
2025-10-22 08:27:00+00:00,1,1
2025-10-22 08:28:00+00:00,1,1
2025-10-22 08:40:00+00:00,1,1
2025-10-22 08:41:00+00:00,0,1
2025-10-22 08:43:00+00:00,0,1
2025-10-22 08:44:00+00:00,0,1
2025-10-22 08:46:00+00:00,0,1
2025-10-22 08:47:00+00:00,0,1
2025-10-22 08:52:00+00:00,1,1
2025-10-22 08:53:00+00:00,0,1
2025-10-22 08:55:00+00:00,0,1
2025-10-22 08:57:00+00:00,0,1
2025-10-22 08:59:00+00:00,1,1
2025-10-22 09:00:00+00:00,0,1
2025-10-22 09:01:00+00:00,0,1
2025-10-22 09:03:00+00:00,0,1
2025-10-22 09:08:00+00:00,1,1
2025-10-22 09:09:00+00:00,1,1
2025-10-22 09:10:00+00:00,0,1
2025-10-22 09:12:00+00:00,0,1
2025-10-22 09:13:00+00:00,1,1
2025-10-22 09:14:00+00:00,0,1
2025-10-22 09:16:00+00:00,0,1
2025-10-22 09:22:00+00:00,0,1
2025-10-22 09:26:00+00:00,0,1
2025-10-22 09:32:00+00:00,0,1
2025-10-22 09:34:00+00:00,0,1
2025-10-22 09:37:00+00:00,0,1
2025-10-22 09:39:00+00:00,0,1
2025-10-22 09:43:00+00:00,1,1
2025-10-22 09:45:00+00:00,0,1
2025-10-22 09:46:00+00:00,1,1
2025-10-22 10:01:00+00:00,0,1
2025-10-22 10:02:00+00:00,0,1
2025-10-22 10:03:00+00:00,0,1
2025-10-22 10:05:00+00:00,0,1
2025-10-22 10:07:00+00:00,0,1
2025-10-22 10:13:00+00:00,0,1
2025-10-22 10:24:00+00:00,0,1
2025-10-22 10:27:00+00:00,1,0
2025-10-22 10:34:00+00:00,1,1
2025-10-22 10:36:00+00:00,1,1
2025-10-22 10:37:00+00:00,1,1
2025-10-22 10:41:00+00:00,1,1
2025-10-22 10:43:00+00:00,0,1
2025-10-22 10:44:00+00:00,1,1
2025-10-22 10:45:00+00:00,1,1
2025-10-22 10:46:00+00:00,1,1
2025-10-22 10:49:00+00:00,1,1
2025-10-22 10:50:00+00:00,1,1
2025-10-22 10:52:00+00:00,1,1
2025-10-22 10:53:00+00:00,1,1
2025-10-22 10:54:00+00:00,0,1
2025-10-22 10:56:00+00:00,0,1
2025-10-22 10:58:00+00:00,0,1
2025-10-22 10:59:00+00:00,0,1
2025-10-22 11:01:00+00:00,0,1
2025-10-22 11:02:00+00:00,1,1
2025-10-22 11:04:00+00:00,0,1
2025-10-22 11:05:00+00:00,1,1
2025-10-22 11:09:00+00:00,0,1
2025-10-22 11:10:00+00:00,0,1
2025-10-22 11:11:00+00:00,0,1
2025-10-22 11:14:00+00:00,0,1
2025-10-22 11:17:00+00:00,0,1
2025-10-22 11:20:00+00:00,1,1
2025-10-22 11:25:00+00:00,1,1
2025-10-22 11:26:00+00:00,1,1
2025-10-22 11:27:00+00:00,0,1
2025-10-22 11:29:00+00:00,1,1
2025-10-22 11:30:00+00:00,1,1
2025-10-22 11:36:00+00:00,0,1
2025-10-22 11:37:00+00:00,1,1
2025-10-22 11:43:00+00:00,1,1
2025-10-22 11:48:00+00:00,0,1
2025-10-22 11:50:00+00:00,0,1
2025-10-22 11:51:00+00:00,1,1
2025-10-22 11:59:00+00:00,1,1
2025-10-22 12:01:00+00:00,0,0
2025-10-22 12:03:00+00:00,0,1
2025-10-22 12:08:00+00:00,1,1
2025-10-22 12:10:00+00:00,1,1
2025-10-22 12:20:00+00:00,1,1
2025-10-22 12:26:00+00:00,0,1
2025-10-22 12:28:00+00:00,0,1
2025-10-22 12:31:00+00:00,0,1
2025-10-22 12:44:00+00:00,0,1
2025-10-22 12:49:00+00:00,0,0
2025-10-22 12:51:00+00:00,0,1
2025-10-22 12:53:00+00:00,1,1
2025-10-22 12:55:00+00:00,1,1
2025-10-22 12:56:00+00:00,1,1
2025-10-22 12:59:00+00:00,1,0
2025-10-22 13:00:00+00:00,1,1
2025-10-22 13:02:00+00:00,1,1
2025-10-22 13:03:00+00:00,0,1
2025-10-22 13:04:00+00:00,0,1
2025-10-22 13:05:00+00:00,1,0
2025-10-22 13:06:00+00:00,1,1
2025-10-22 13:07:00+00:00,0,1
2025-10-22 13:11:00+00:00,0,0
2025-10-22 13:12:00+00:00,0,1
2025-10-22 13:14:00+00:00,0,1
2025-10-22 13:17:00+00:00,0,1
2025-10-22 13:20:00+00:00,0,1
2025-10-22 13:30:00+00:00,1,1
2025-10-22 13:31:00+00:00,1,1
2025-10-22 13:33:00+00:00,1,1
2025-10-22 13:36:00+00:00,0,1
2025-10-22 13:37:00+00:00,0,1
2025-10-22 13:38:00+00:00,1,1
2025-10-22 13:39:00+00:00,1,1
2025-10-22 13:40:00+00:00,1,1
2025-10-22 13:44:00+00:00,1,1
2025-10-22 13:48:00+00:00,0,1
2025-10-22 13:49:00+00:00,0,1
2025-10-22 13:51:00+00:00,1,1
2025-10-22 14:02:00+00:00,1,1
2025-10-22 14:03:00+00:00,1,1
2025-10-22 14:05:00+00:00,1,1
2025-10-22 14:06:00+00:00,1,1
2025-10-22 14:07:00+00:00,1,1
2025-10-22 14:08:00+00:00,1,1
2025-10-22 14:10:00+00:00,0,1
2025-10-22 14:14:00+00:00,1,1
2025-10-22 14:17:00+00:00,1,1
2025-10-22 14:19:00+00:00,1,1
2025-10-22 14:20:00+00:00,1,1
2025-10-22 14:22:00+00:00,1,1
2025-10-22 14:27:00+00:00,1,1
2025-10-22 14:30:00+00:00,1,1
2025-10-22 14:31:00+00:00,1,1
2025-10-22 14:32:00+00:00,1,1
2025-10-22 14:37:00+00:00,1,1
2025-10-22 14:39:00+00:00,0,0
2025-10-22 14:41:00+00:00,0,0
2025-10-22 14:44:00+00:00,0,0
2025-10-22 14:45:00+00:00,1,1
2025-10-22 14:48:00+00:00,1,1
2025-10-22 14:49:00+00:00,0,1
2025-10-22 14:54:00+00:00,1,0
2025-10-22 15:00:00+00:00,1,1
2025-10-22 15:01:00+00:00,1,1
2025-10-22 15:05:00+00:00,1,1
2025-10-22 15:06:00+00:00,0,1
2025-10-22 15:07:00+00:00,0,1
2025-10-22 15:08:00+00:00,0,1
2025-10-22 15:11:00+00:00,0,1
2025-10-22 15:12:00+00:00,0,1
2025-10-22 15:16:00+00:00,0,1
2025-10-22 15:17:00+00:00,0,1
2025-10-22 15:20:00+00:00,1,1
2025-10-22 15:22:00+00:00,0,1
2025-10-22 15:25:00+00:00,0,1
2025-10-22 15:35:00+00:00,0,1
2025-10-22 15:40:00+00:00,0,1
2025-10-22 15:56:00+00:00,0,1
2025-10-22 15:57:00+00:00,0,1
2025-10-22 15:59:00+00:00,0,1
2025-10-22 16:02:00+00:00,0,1
2025-10-22 16:04:00+00:00,1,1
2025-10-22 16:11:00+00:00,1,1
2025-10-22 16:14:00+00:00,1,1
2025-10-22 16:17:00+00:00,1,1
2025-10-22 16:20:00+00:00,1,1
2025-10-22 16:25:00+00:00,1,1
2025-10-22 16:30:00+00:00,1,1
2025-10-22 16:31:00+00:00,0,1
2025-10-22 16:32:00+00:00,0,1
2025-10-22 16:33:00+00:00,0,1
2025-10-22 16:37:00+00:00,0,1
2025-10-22 16:42:00+00:00,0,1
2025-10-22 16:45:00+00:00,0,1
2025-10-22 16:49:00+00:00,0,1
2025-10-22 16:50:00+00:00,0,1
2025-10-22 16:52:00+00:00,0,1
2025-10-22 16:55:00+00:00,0,1
2025-10-22 16:56:00+00:00,0,1
2025-10-22 17:01:00+00:00,0,1
2025-10-22 17:03:00+00:00,0,0
2025-10-22 17:09:00+00:00,0,0
2025-10-22 17:20:00+00:00,1,1
2025-10-22 17:31:00+00:00,1,0
2025-10-22 17:32:00+00:00,1,0
2025-10-22 17:41:00+00:00,1,0
2025-10-22 17:48:00+00:00,0,0
2025-10-22 18:14:00+00:00,0,0
2025-10-22 18:16:00+00:00,0,0
2025-10-22 18:18:00+00:00,0,0
2025-10-22 18:22:00+00:00,0,0
2025-10-22 19:01:00+00:00,1,0
2025-10-22 19:03:00+00:00,1,1
2025-10-22 19:14:00+00:00,1,1
2025-10-22 19:23:00+00:00,0,1
2025-10-22 19:25:00+00:00,0,0
2025-10-22 19:34:00+00:00,0,0
2025-10-22 19:37:00+00:00,0,0
2025-10-22 19:48:00+00:00,0,1
2025-10-22 19:52:00+00:00,0,0
2025-10-22 19:56:00+00:00,0,0
2025-10-22 20:24:00+00:00,1,1
2025-10-22 20:25:00+00:00,1,1
2025-10-22 22:03:00+00:00,1,1
2025-10-22 22:32:00+00:00,0,1
2025-10-22 23:10:00+00:00,0,0
2025-10-22 23:11:00+00:00,0,1
2025-10-22 23:12:00+00:00,0,1
2025-10-23 00:00:00+00:00,0,1
2025-10-23 00:01:00+00:00,1,1
2025-10-23 00:21:00+00:00,0,1
2025-10-23 00:24:00+00:00,0,1
2025-10-23 00:27:00+00:00,0,1
2025-10-23 00:32:00+00:00,0,1
2025-10-23 00:37:00+00:00,0,1
2025-10-23 00:39:00+00:00,0,1
2025-10-23 01:00:00+00:00,0,1
2025-10-23 01:01:00+00:00,0,1
2025-10-23 01:05:00+00:00,0,0
2025-10-23 01:09:00+00:00,0,1
2025-10-23 01:10:00+00:00,0,1
2025-10-23 01:11:00+00:00,0,1
2025-10-23 01:20:00+00:00,0,1
2025-10-23 01:22:00+00:00,0,1
2025-10-23 01:24:00+00:00,0,0
2025-10-23 01:31:00+00:00,0,1
2025-10-23 01:43:00+00:00,0,1
2025-10-23 01:46:00+00:00,0,1
2025-10-23 02:01:00+00:00,0,1
2025-10-23 05:31:00+00:00,1,0
2025-10-23 05:32:00+00:00,1,1
2025-10-23 05:54:00+00:00,1,0
2025-10-23 06:00:00+00:00,1,1
2025-10-23 06:04:00+00:00,0,1
2025-10-23 06:09:00+00:00,0,1
2025-10-23 06:18:00+00:00,1,0
2025-10-23 06:19:00+00:00,0,1
2025-10-23 06:24:00+00:00,0,1
2025-10-23 06:32:00+00:00,0,1
2025-10-23 06:39:00+00:00,0,1
2025-10-23 06:40:00+00:00,0,1
2025-10-23 06:41:00+00:00,0,1
2025-10-23 06:43:00+00:00,0,1
2025-10-23 06:51:00+00:00,0,0
2025-10-23 07:04:00+00:00,1,0
2025-10-23 07:25:00+00:00,1,1
2025-10-23 07:35:00+00:00,0,0
2025-10-23 07:37:00+00:00,1,0
2025-10-23 07:38:00+00:00,1,0
2025-10-23 07:40:00+00:00,1,0
2025-10-23 07:41:00+00:00,0,0
2025-10-23 07:42:00+00:00,0,0
2025-10-23 07:51:00+00:00,1,1
2025-10-23 07:55:00+00:00,1,1
2025-10-23 08:00:00+00:00,0,1
2025-10-23 08:03:00+00:00,0,1
2025-10-23 08:05:00+00:00,0,0
2025-10-23 08:15:00+00:00,0,0
2025-10-23 09:08:00+00:00,0,0
2025-10-23 09:09:00+00:00,0,0
2025-10-23 09:10:00+00:00,0,0
2025-10-23 09:21:00+00:00,0,0
2025-10-23 09:46:00+00:00,0,0
2025-10-23 10:28:00+00:00,0,1
2025-10-23 10:45:00+00:00,0,1
2025-10-23 10:48:00+00:00,0,0
2025-10-23 11:00:00+00:00,0,0
2025-10-23 11:02:00+00:00,0,0
2025-10-23 11:07:00+00:00,0,1
2025-10-23 12:27:00+00:00,1,1
2025-10-23 12:30:00+00:00,1,0
2025-10-23 12:31:00+00:00,0,1
2025-10-23 12:39:00+00:00,1,0
2025-10-23 12:43:00+00:00,1,0
2025-10-23 12:51:00+00:00,1,0
2025-10-23 12:57:00+00:00,1,0
2025-10-23 13:00:00+00:00,1,1
2025-10-23 13:06:00+00:00,0,1
2025-10-23 13:08:00+00:00,0,1
2025-10-23 13:15:00+00:00,0,0
2025-10-23 13:18:00+00:00,0,1
2025-10-23 13:22:00+00:00,0,0
2025-10-23 13:24:00+00:00,0,1
2025-10-23 13:30:00+00:00,0,0
2025-10-23 13:31:00+00:00,0,0
2025-10-23 13:32:00+00:00,0,0
2025-10-23 13:33:00+00:00,0,0
2025-10-23 13:42:00+00:00,0,0
2025-10-23 13:44:00+00:00,0,1
2025-10-23 13:46:00+00:00,0,0
2025-10-23 13:47:00+00:00,0,1
2025-10-23 13:48:00+00:00,0,0
2025-10-23 13:49:00+00:00,0,0
2025-10-23 13:53:00+00:00,0,1
2025-10-23 13:57:00+00:00,0,1
2025-10-23 14:11:00+00:00,0,0
2025-10-23 14:13:00+00:00,0,0
2025-10-23 14:14:00+00:00,0,0
2025-10-23 14:15:00+00:00,0,0
2025-10-23 14:16:00+00:00,0,0
2025-10-23 14:23:00+00:00,0,0
2025-10-23 14:46:00+00:00,0,0
2025-10-23 14:53:00+00:00,0,0
2025-10-23 14:55:00+00:00,0,0
2025-10-23 15:06:00+00:00,0,1
2025-10-23 15:13:00+00:00,0,0
2025-10-23 15:20:00+00:00,0,0
2025-10-23 16:21:00+00:00,0,0
2025-10-23 16:42:00+00:00,0,0
2025-10-23 16:44:00+00:00,0,0
2025-10-23 16:51:00+00:00,0,0
2025-10-23 17:23:00+00:00,0,0
2025-10-23 19:37:00+00:00,0,0
2025-10-23 23:53:00+00:00,0,0
2025-10-24 01:01:00+00:00,0,0
2025-10-24 01:12:00+00:00,1,0
2025-10-24 01:21:00+00:00,1,0
2025-10-24 01:23:00+00:00,1,0
2025-10-24 01:35:00+00:00,0,1
2025-10-24 01:51:00+00:00,0,0
2025-10-24 01:53:00+00:00,0,0
2025-10-24 01:54:00+00:00,0,0
2025-10-24 02:00:00+00:00,0,0
2025-10-24 02:07:00+00:00,0,0
2025-10-24 06:03:00+00:00,0,0
2025-10-24 06:06:00+00:00,0,1
2025-10-24 06:25:00+00:00,0,1
2025-10-24 06:27:00+00:00,0,1
2025-10-24 07:02:00+00:00,0,0
2025-10-24 07:38:00+00:00,1,1
2025-10-24 07:41:00+00:00,1,1
2025-10-24 07:51:00+00:00,1,1
2025-10-24 07:54:00+00:00,1,1
2025-10-24 07:56:00+00:00,1,1
2025-10-24 08:01:00+00:00,1,0
2025-10-24 08:04:00+00:00,0,1
2025-10-24 08:06:00+00:00,1,0
2025-10-24 08:07:00+00:00,0,0
2025-10-24 08:08:00+00:00,0,0
2025-10-24 08:10:00+00:00,0,1
2025-10-24 08:11:00+00:00,0,1
2025-10-24 08:12:00+00:00,0,1
2025-10-24 08:13:00+00:00,0,1
2025-10-24 08:14:00+00:00,0,1
2025-10-24 08:15:00+00:00,0,1
2025-10-24 08:17:00+00:00,0,1
2025-10-24 08:24:00+00:00,1,1
2025-10-24 08:32:00+00:00,0,1
2025-10-24 08:36:00+00:00,0,0
2025-10-24 08:41:00+00:00,1,1
2025-10-24 08:42:00+00:00,0,0
2025-10-24 08:47:00+00:00,0,0
2025-10-24 09:51:00+00:00,0,0
2025-10-24 09:54:00+00:00,0,1
2025-10-24 10:03:00+00:00,0,0
2025-10-24 11:06:00+00:00,0,0
2025-10-24 11:07:00+00:00,0,0
2025-10-24 12:30:00+00:00,0,1
2025-10-24 12:37:00+00:00,0,1
2025-10-24 12:38:00+00:00,1,1
2025-10-24 12:41:00+00:00,1,1
2025-10-24 12:42:00+00:00,1,1
2025-10-24 12:43:00+00:00,0,1
2025-10-24 12:47:00+00:00,1,1
2025-10-24 12:55:00+00:00,1,1
2025-10-24 12:59:00+00:00,1,1
2025-10-24 13:01:00+00:00,1,1
2025-10-24 13:02:00+00:00,1,1
2025-10-24 13:05:00+00:00,1,1
2025-10-24 13:06:00+00:00,1,1
2025-10-24 13:07:00+00:00,0,1
2025-10-24 13:09:00+00:00,0,1
2025-10-24 13:10:00+00:00,0,1
2025-10-24 13:12:00+00:00,0,1
2025-10-24 13:16:00+00:00,1,0
2025-10-24 13:24:00+00:00,0,1
2025-10-24 13:30:00+00:00,0,1
2025-10-24 13:32:00+00:00,0,1
2025-10-24 13:33:00+00:00,0,1
2025-10-24 13:34:00+00:00,0,1
2025-10-24 13:38:00+00:00,0,1
2025-10-24 13:40:00+00:00,1,1
2025-10-24 13:41:00+00:00,1,0
2025-10-24 13:44:00+00:00,1,0
2025-10-24 13:48:00+00:00,0,0
2025-10-24 13:49:00+00:00,1,0
2025-10-24 13:51:00+00:00,1,0
2025-10-24 13:52:00+00:00,1,0
2025-10-24 13:54:00+00:00,1,0
2025-10-24 13:57:00+00:00,1,1
2025-10-24 14:03:00+00:00,1,1
2025-10-24 14:06:00+00:00,1,1
2025-10-24 14:12:00+00:00,0,1
2025-10-24 14:13:00+00:00,0,0
2025-10-24 14:21:00+00:00,0,1
2025-10-24 14:23:00+00:00,0,0
2025-10-24 14:40:00+00:00,0,0
2025-10-24 14:41:00+00:00,0,0
2025-10-24 14:52:00+00:00,0,1
2025-10-24 14:54:00+00:00,0,0
2025-10-24 15:19:00+00:00,0,0
2025-10-24 15:20:00+00:00,0,1
2025-10-24 15:45:00+00:00,0,0
2025-10-24 15:47:00+00:00,0,1
2025-10-24 15:52:00+00:00,0,0
2025-10-24 15:56:00+00:00,0,1
2025-10-24 16:09:00+00:00,0,1
2025-10-24 16:28:00+00:00,0,0
2025-10-24 16:41:00+00:00,0,0
2025-10-24 17:29:00+00:00,0,0
2025-10-24 17:45:00+00:00,0,0
2025-10-24 17:52:00+00:00,0,0
2025-10-24 17:58:00+00:00,0,1
2025-10-24 19:04:00+00:00,0,0
2025-10-24 20:11:00+00:00,0,0
2025-10-26 22:07:00+00:00,0,1
2025-10-26 22:09:00+00:00,0,1
2025-10-26 22:10:00+00:00,1,1
2025-10-26 22:11:00+00:00,0,1
2025-10-26 22:12:00+00:00,1,1
2025-10-26 22:14:00+00:00,1,1
2025-10-26 22:20:00+00:00,1,0
2025-10-26 22:26:00+00:00,1,1
2025-10-26 22:30:00+00:00,1,1
2025-10-26 22:44:00+00:00,0,1
2025-10-26 22:47:00+00:00,0,1
2025-10-26 23:45:00+00:00,0,0
2025-10-26 23:46:00+00:00,0,0
2025-10-27 00:00:00+00:00,0,1
2025-10-27 00:01:00+00:00,0,1
2025-10-27 00:03:00+00:00,0,1
2025-10-27 01:00:00+00:00,1,1
2025-10-27 01:01:00+00:00,0,1
2025-10-27 01:02:00+00:00,1,0
2025-10-27 01:04:00+00:00,0,0
2025-10-27 01:05:00+00:00,0,0
2025-10-27 01:18:00+00:00,0,1
2025-10-27 01:31:00+00:00,0,0
2025-10-27 01:36:00+00:00,0,0
2025-10-27 01:38:00+00:00,0,0
2025-10-27 02:04:00+00:00,0,1
2025-10-27 03:03:00+00:00,0,0
2025-10-27 04:05:00+00:00,0,0
2025-10-27 05:57:00+00:00,0,0
2025-10-27 06:04:00+00:00,0,0
2025-10-27 06:55:00+00:00,0,0
2025-10-27 08:53:00+00:00,0,0
2025-10-27 08:54:00+00:00,0,1
2025-10-27 08:55:00+00:00,1,1
2025-10-27 08:59:00+00:00,0,1
2025-10-27 09:00:00+00:00,0,1
2025-10-27 09:01:00+00:00,0,0
2025-10-27 09:07:00+00:00,0,0
2025-10-27 09:09:00+00:00,0,1
2025-10-27 09:10:00+00:00,0,1
2025-10-27 09:11:00+00:00,0,1
2025-10-27 09:16:00+00:00,0,1
2025-10-27 09:17:00+00:00,0,1
2025-10-27 09:20:00+00:00,0,0
2025-10-27 09:36:00+00:00,0,0
2025-10-27 09:37:00+00:00,0,0
2025-10-27 09:40:00+00:00,0,1
2025-10-27 09:51:00+00:00,0,0
2025-10-27 09:52:00+00:00,0,1
2025-10-27 10:11:00+00:00,0,0
2025-10-27 10:30:00+00:00,0,1
2025-10-27 10:33:00+00:00,0,0
2025-10-27 10:36:00+00:00,0,0
2025-10-27 10:37:00+00:00,1,0
2025-10-27 11:07:00+00:00,0,1
2025-10-27 11:10:00+00:00,0,0
2025-10-27 11:20:00+00:00,0,0
2025-10-27 11:37:00+00:00,0,1
2025-10-27 11:38:00+00:00,0,0
2025-10-27 11:40:00+00:00,1,0
2025-10-27 11:42:00+00:00,1,0
2025-10-27 11:47:00+00:00,0,0
2025-10-27 11:48:00+00:00,0,0
2025-10-27 12:01:00+00:00,0,0
2025-10-27 12:02:00+00:00,0,0
2025-10-27 12:10:00+00:00,0,1
2025-10-27 12:12:00+00:00,0,1
2025-10-27 12:24:00+00:00,0,0
2025-10-27 12:28:00+00:00,0,0
2025-10-27 12:30:00+00:00,0,0
2025-10-27 12:42:00+00:00,0,1
2025-10-27 12:47:00+00:00,1,0
2025-10-27 12:49:00+00:00,1,0
2025-10-27 12:53:00+00:00,0,0
2025-10-27 13:05:00+00:00,1,1
2025-10-27 13:22:00+00:00,1,0
2025-10-27 13:26:00+00:00,1,0
2025-10-27 13:30:00+00:00,0,0
2025-10-27 13:31:00+00:00,0,1
2025-10-27 13:32:00+00:00,1,1
2025-10-27 13:33:00+00:00,1,1
2025-10-27 13:34:00+00:00,1,1
2025-10-27 13:36:00+00:00,1,1
2025-10-27 13:40:00+00:00,1,1
2025-10-27 13:41:00+00:00,1,1
2025-10-27 13:43:00+00:00,1,1
2025-10-27 13:44:00+00:00,1,1
2025-10-27 13:45:00+00:00,1,1
2025-10-27 13:47:00+00:00,0,1
2025-10-27 13:50:00+00:00,1,1
2025-10-27 13:54:00+00:00,1,1
2025-10-27 14:00:00+00:00,1,1
2025-10-27 14:02:00+00:00,1,1
2025-10-27 14:03:00+00:00,1,1
2025-10-27 14:05:00+00:00,1,1
2025-10-27 14:06:00+00:00,1,1
2025-10-27 14:08:00+00:00,0,1
2025-10-27 14:09:00+00:00,1,1
2025-10-27 14:16:00+00:00,0,1
2025-10-27 14:17:00+00:00,0,1
2025-10-27 14:18:00+00:00,0,1
2025-10-27 14:22:00+00:00,0,0
2025-10-27 14:28:00+00:00,1,1
2025-10-27 14:29:00+00:00,1,1
2025-10-27 14:30:00+00:00,1,1
2025-10-27 14:35:00+00:00,1,1
2025-10-27 14:37:00+00:00,0,1
2025-10-27 14:40:00+00:00,1,1
2025-10-27 14:45:00+00:00,1,0
2025-10-27 14:48:00+00:00,1,0
2025-10-27 14:50:00+00:00,0,1
2025-10-27 14:52:00+00:00,0,1
2025-10-27 15:00:00+00:00,0,1
2025-10-27 15:05:00+00:00,0,0
2025-10-27 15:12:00+00:00,0,0
2025-10-27 15:21:00+00:00,0,0
2025-10-27 15:42:00+00:00,0,0
2025-10-27 16:01:00+00:00,0,1
2025-10-27 16:29:00+00:00,0,1
2025-10-27 17:24:00+00:00,0,0
2025-10-27 17:28:00+00:00,0,0
2025-10-27 18:47:00+00:00,0,0
2025-10-27 18:59:00+00:00,0,0
2025-10-27 19:01:00+00:00,0,0
2025-10-27 19:02:00+00:00,0,0
2025-10-27 19:29:00+00:00,0,1
2025-10-27 23:31:00+00:00,0,0
2025-10-28 00:20:00+00:00,1,1
2025-10-28 00:21:00+00:00,1,1
2025-10-28 00:22:00+00:00,1,1
2025-10-28 00:30:00+00:00,1,0
2025-10-28 00:31:00+00:00,1,1
2025-10-28 00:36:00+00:00,1,1
2025-10-28 01:00:00+00:00,0,0
2025-10-28 01:19:00+00:00,0,0
2025-10-28 01:32:00+00:00,0,0
2025-10-28 02:05:00+00:00,1,0
2025-10-28 02:06:00+00:00,1,0
2025-10-28 02:37:00+00:00,0,0
2025-10-28 02:52:00+00:00,0,1
2025-10-28 04:22:00+00:00,0,0
2025-10-28 04:26:00+00:00,0,0
2025-10-28 04:41:00+00:00,0,0
2025-10-28 05:30:00+00:00,0,0
2025-10-28 06:00:00+00:00,1,0
2025-10-28 06:28:00+00:00,0,0
2025-10-28 06:33:00+00:00,0,0
2025-10-28 06:56:00+00:00,0,0
2025-10-28 07:03:00+00:00,1,0
2025-10-28 07:17:00+00:00,0,0
2025-10-28 07:20:00+00:00,0,0
2025-10-28 07:26:00+00:00,0,0
2025-10-28 07:27:00+00:00,0,0
2025-10-28 07:31:00+00:00,0,1
2025-10-28 07:33:00+00:00,0,1
2025-10-28 07:34:00+00:00,0,0
2025-10-28 07:38:00+00:00,0,1
2025-10-28 07:48:00+00:00,1,0
2025-10-28 08:09:00+00:00,1,0
2025-10-28 08:17:00+00:00,1,0
2025-10-28 08:20:00+00:00,1,1
2025-10-28 08:36:00+00:00,1,0
2025-10-28 08:47:00+00:00,1,0
2025-10-28 08:52:00+00:00,0,0
2025-10-28 09:03:00+00:00,0,0
2025-10-28 09:05:00+00:00,0,0
2025-10-28 09:06:00+00:00,1,0
2025-10-28 09:09:00+00:00,1,0
2025-10-28 09:13:00+00:00,0,0
2025-10-28 09:17:00+00:00,0,0
2025-10-28 09:21:00+00:00,0,0
2025-10-28 09:26:00+00:00,0,0
2025-10-28 09:44:00+00:00,0,0
2025-10-28 09:48:00+00:00,0,0
2025-10-28 09:55:00+00:00,0,0
2025-10-28 10:26:00+00:00,1,1
2025-10-28 10:42:00+00:00,0,0
2025-10-28 10:53:00+00:00,0,1
2025-10-28 10:54:00+00:00,0,0
2025-10-28 11:02:00+00:00,0,0
2025-10-28 11:16:00+00:00,0,1
2025-10-28 11:17:00+00:00,0,0
2025-10-28 11:18:00+00:00,0,0
2025-10-28 11:30:00+00:00,0,0
2025-10-28 12:29:00+00:00,0,0
2025-10-28 12:36:00+00:00,0,0
2025-10-28 13:00:00+00:00,0,1
2025-10-28 13:08:00+00:00,0,1
2025-10-28 13:18:00+00:00,0,1
2025-10-28 13:21:00+00:00,0,1
2025-10-28 13:31:00+00:00,0,1
2025-10-28 13:34:00+00:00,1,1
2025-10-28 13:36:00+00:00,0,1
2025-10-28 13:41:00+00:00,1,0
2025-10-28 13:42:00+00:00,1,1
2025-10-28 13:46:00+00:00,1,1
2025-10-28 13:58:00+00:00,0,0
2025-10-28 14:10:00+00:00,0,1
2025-10-28 14:11:00+00:00,0,1
2025-10-28 14:14:00+00:00,0,1
2025-10-28 14:25:00+00:00,0,1
2025-10-28 14:31:00+00:00,0,0
2025-10-28 14:48:00+00:00,0,0
2025-10-28 14:50:00+00:00,0,1
2025-10-28 14:56:00+00:00,0,0
2025-10-28 15:31:00+00:00,0,0
2025-10-28 16:30:00+00:00,0,0
2025-10-28 16:33:00+00:00,0,1
2025-10-28 16:37:00+00:00,0,1
2025-10-28 16:47:00+00:00,0,0
2025-10-28 17:12:00+00:00,0,0
2025-10-28 17:31:00+00:00,0,0
2025-10-28 17:48:00+00:00,0,0
2025-10-28 17:52:00+00:00,0,1
2025-10-28 18:32:00+00:00,0,0
2025-10-28 22:10:00+00:00,0,1
2025-10-28 22:20:00+00:00,0,1
2025-10-28 22:29:00+00:00,0,1
2025-10-29 00:41:00+00:00,0,0
2025-10-29 01:05:00+00:00,0,0
2025-10-29 01:09:00+00:00,0,0
2025-10-29 01:40:00+00:00,0,1
2025-10-29 02:35:00+00:00,0,0
2025-10-29 02:49:00+00:00,0,0
2025-10-29 04:13:00+00:00,0,0
2025-10-29 05:31:00+00:00,0,0
2025-10-29 05:34:00+00:00,0,0
2025-10-29 07:10:00+00:00,0,1
2025-10-29 07:17:00+00:00,0,0
2025-10-29 08:30:00+00:00,0,0
2025-10-29 08:45:00+00:00,0,0
2025-10-29 09:45:00+00:00,0,0
2025-10-29 10:07:00+00:00,0,0
2025-10-29 10:38:00+00:00,0,0
2025-10-29 11:36:00+00:00,0,0
2025-10-29 11:58:00+00:00,0,0
2025-10-29 12:12:00+00:00,0,0
2025-10-29 13:00:00+00:00,0,0
2025-10-29 13:04:00+00:00,0,1
2025-10-29 13:12:00+00:00,0,0
2025-10-29 13:16:00+00:00,0,1
2025-10-29 13:30:00+00:00,0,0
2025-10-29 13:32:00+00:00,0,1
2025-10-29 13:38:00+00:00,0,0
2025-10-29 13:40:00+00:00,0,0
2025-10-29 13:47:00+00:00,0,0
2025-10-29 13:49:00+00:00,0,1
2025-10-29 13:50:00+00:00,0,0
2025-10-29 13:51:00+00:00,0,0
2025-10-29 14:03:00+00:00,0,0
2025-10-29 14:37:00+00:00,0,0
2025-10-29 14:41:00+00:00,0,0
2025-10-29 15:16:00+00:00,0,0
2025-10-29 15:50:00+00:00,0,0
2025-10-29 17:05:00+00:00,0,0
2025-10-29 17:20:00+00:00,0,0
2025-10-29 17:32:00+00:00,0,0
2025-10-29 18:00:00+00:00,0,0
2025-10-29 18:02:00+00:00,1,0
2025-10-29 18:04:00+00:00,1,0
2025-10-29 18:05:00+00:00,1,0
2025-10-29 18:08:00+00:00,1,0
2025-10-29 18:12:00+00:00,1,0
2025-10-29 18:14:00+00:00,1,1
2025-10-29 18:15:00+00:00,1,1
2025-10-29 18:23:00+00:00,1,1
2025-10-29 18:27:00+00:00,1,1
2025-10-29 18:28:00+00:00,0,1
2025-10-29 18:30:00+00:00,1,1
2025-10-29 18:33:00+00:00,1,1
2025-10-29 18:35:00+00:00,1,1
2025-10-29 18:36:00+00:00,0,0
2025-10-29 18:37:00+00:00,0,1
2025-10-29 18:38:00+00:00,0,1
2025-10-29 18:39:00+00:00,1,1
2025-10-29 18:41:00+00:00,1,0
2025-10-29 18:43:00+00:00,1,1
2025-10-29 18:49:00+00:00,0,1
2025-10-29 18:50:00+00:00,0,1
2025-10-29 18:52:00+00:00,0,1
2025-10-29 18:55:00+00:00,0,1
2025-10-29 18:56:00+00:00,0,1
2025-10-29 18:57:00+00:00,1,1
2025-10-29 19:00:00+00:00,1,1
2025-10-29 19:01:00+00:00,1,1
2025-10-29 19:03:00+00:00,0,1
2025-10-29 19:05:00+00:00,0,1
2025-10-29 19:07:00+00:00,1,1
2025-10-29 19:08:00+00:00,0,1
2025-10-29 19:11:00+00:00,1,1
2025-10-29 19:15:00+00:00,1,1
2025-10-29 19:22:00+00:00,1,1
2025-10-29 19:23:00+00:00,1,1
2025-10-29 19:25:00+00:00,1,1
2025-10-29 19:27:00+00:00,1,1
2025-10-29 19:28:00+00:00,1,1
2025-10-29 19:31:00+00:00,1,1
2025-10-29 19:32:00+00:00,0,1
2025-10-29 19:34:00+00:00,0,1
2025-10-29 19:36:00+00:00,0,1
2025-10-29 19:40:00+00:00,0,1
2025-10-29 19:41:00+00:00,0,1
2025-10-29 19:43:00+00:00,1,0
2025-10-29 19:44:00+00:00,1,0
2025-10-29 19:45:00+00:00,0,1
2025-10-29 19:46:00+00:00,1,1
2025-10-29 19:47:00+00:00,0,1
2025-10-29 19:48:00+00:00,0,1
2025-10-29 19:50:00+00:00,0,1
2025-10-29 20:01:00+00:00,0,1
2025-10-29 20:03:00+00:00,0,1
2025-10-29 20:06:00+00:00,0,1
2025-10-29 20:09:00+00:00,0,1
2025-10-29 20:26:00+00:00,1,1
2025-10-29 22:05:00+00:00,1,1
2025-10-30 00:01:00+00:00,1,1
2025-10-30 00:02:00+00:00,1,0
2025-10-30 00:36:00+00:00,0,0
2025-10-30 00:44:00+00:00,1,1
2025-10-30 00:46:00+00:00,0,1
2025-10-30 01:00:00+00:00,0,0
2025-10-30 01:02:00+00:00,0,0
2025-10-30 01:06:00+00:00,0,1
2025-10-30 01:09:00+00:00,0,1
2025-10-30 01:14:00+00:00,0,0
2025-10-30 01:20:00+00:00,0,0
2025-10-30 01:25:00+00:00,0,0
2025-10-30 01:34:00+00:00,1,0
2025-10-30 01:39:00+00:00,1,0
2025-10-30 01:58:00+00:00,1,0
2025-10-30 02:00:00+00:00,0,0
2025-10-30 02:04:00+00:00,0,0
2025-10-30 02:07:00+00:00,0,0
2025-10-30 02:10:00+00:00,0,0
2025-10-30 02:11:00+00:00,0,0
2025-10-30 02:12:00+00:00,0,1
2025-10-30 02:47:00+00:00,0,0
2025-10-30 03:01:00+00:00,1,0
2025-10-30 03:02:00+00:00,0,1
2025-10-30 04:18:00+00:00,1,0
2025-10-30 04:21:00+00:00,1,1
2025-10-30 04:34:00+00:00,0,1
2025-10-30 04:36:00+00:00,1,0
2025-10-30 04:37:00+00:00,1,0
2025-10-30 04:38:00+00:00,1,1
2025-10-30 04:39:00+00:00,0,1
2025-10-30 04:42:00+00:00,1,0
2025-10-30 05:04:00+00:00,1,0
2025-10-30 05:12:00+00:00,0,0
2025-10-30 05:24:00+00:00,0,1
2025-10-30 05:25:00+00:00,1,0
2025-10-30 05:32:00+00:00,0,1
2025-10-30 05:33:00+00:00,1,0
2025-10-30 05:34:00+00:00,0,0
2025-10-30 05:44:00+00:00,0,0
2025-10-30 05:50:00+00:00,0,0
2025-10-30 05:51:00+00:00,0,0
2025-10-30 05:54:00+00:00,0,0
2025-10-30 05:56:00+00:00,0,0
2025-10-30 06:01:00+00:00,0,0
2025-10-30 06:07:00+00:00,0,0
2025-10-30 06:12:00+00:00,0,0
2025-10-30 06:19:00+00:00,0,0
2025-10-30 06:23:00+00:00,0,1
2025-10-30 06:24:00+00:00,0,1
2025-10-30 06:38:00+00:00,0,0
2025-10-30 06:57:00+00:00,0,0
2025-10-30 07:00:00+00:00,0,1
2025-10-30 07:07:00+00:00,0,0
2025-10-30 07:10:00+00:00,0,0
2025-10-30 07:19:00+00:00,0,0
2025-10-30 07:26:00+00:00,0,1
2025-10-30 08:00:00+00:00,0,0
2025-10-30 09:00:00+00:00,1,0
2025-10-30 09:01:00+00:00,1,0
2025-10-30 09:03:00+00:00,1,1
2025-10-30 09:05:00+00:00,0,0
2025-10-30 09:10:00+00:00,0,1
2025-10-30 09:13:00+00:00,0,0
2025-10-30 09:15:00+00:00,0,1
2025-10-30 09:18:00+00:00,0,0
2025-10-30 09:49:00+00:00,0,0
2025-10-30 09:51:00+00:00,1,0
2025-10-30 10:20:00+00:00,0,0
2025-10-30 10:21:00+00:00,0,0
2025-10-30 10:25:00+00:00,0,0
2025-10-30 10:26:00+00:00,0,0
2025-10-30 10:34:00+00:00,0,0
2025-10-30 11:19:00+00:00,0,0
2025-10-30 11:20:00+00:00,0,0
2025-10-30 11:30:00+00:00,0,0
2025-10-30 12:02:00+00:00,0,0
2025-10-30 12:10:00+00:00,0,0
2025-10-30 12:11:00+00:00,0,0
2025-10-30 12:23:00+00:00,1,0
2025-10-30 12:29:00+00:00,0,0
2025-10-30 12:35:00+00:00,0,0
2025-10-30 12:37:00+00:00,0,1
2025-10-30 12:47:00+00:00,0,1
2025-10-30 12:50:00+00:00,0,0
2025-10-30 12:55:00+00:00,0,1
2025-10-30 12:58:00+00:00,0,1
2025-10-30 13:01:00+00:00,0,1
2025-10-30 13:02:00+00:00,0,1
2025-10-30 13:04:00+00:00,0,1
2025-10-30 13:13:00+00:00,0,0
2025-10-30 13:18:00+00:00,1,1
2025-10-30 13:30:00+00:00,1,0
2025-10-30 13:31:00+00:00,0,0
2025-10-30 13:33:00+00:00,1,0
2025-10-30 13:37:00+00:00,1,1
2025-10-30 13:39:00+00:00,1,1
2025-10-30 13:44:00+00:00,1,1
2025-10-30 13:50:00+00:00,1,1
2025-10-30 13:51:00+00:00,1,0
2025-10-30 13:53:00+00:00,1,0
2025-10-30 14:03:00+00:00,0,0
2025-10-30 14:07:00+00:00,0,0
2025-10-30 14:13:00+00:00,1,0
2025-10-30 14:21:00+00:00,0,0
2025-10-30 14:23:00+00:00,0,0
2025-10-30 14:33:00+00:00,0,0
2025-10-30 14:34:00+00:00,0,0
2025-10-30 14:43:00+00:00,0,0
2025-10-30 14:46:00+00:00,0,0
2025-10-30 14:47:00+00:00,0,0
2025-10-30 14:55:00+00:00,0,0
2025-10-30 15:06:00+00:00,0,0
2025-10-30 15:10:00+00:00,0,0
2025-10-30 15:24:00+00:00,0,0
2025-10-30 15:37:00+00:00,0,0
2025-10-30 16:02:00+00:00,0,0
2025-10-30 17:46:00+00:00,0,0
2025-10-30 17:48:00+00:00,0,1
2025-10-30 17:58:00+00:00,0,0
2025-10-30 18:37:00+00:00,0,0
2025-10-30 19:21:00+00:00,0,0
2025-10-30 19:30:00+00:00,0,0
2025-10-30 22:50:00+00:00,0,1
2025-10-30 22:55:00+00:00,1,1
2025-10-30 23:01:00+00:00,0,0
2025-10-30 23:12:00+00:00,0,1
2025-10-31 01:10:00+00:00,1,0
2025-10-31 01:27:00+00:00,0,0
2025-10-31 01:54:00+00:00,0,0
2025-10-31 01:55:00+00:00,0,0
2025-10-31 02:01:00+00:00,0,0
2025-10-31 02:04:00+00:00,0,0
2025-10-31 02:11:00+00:00,0,1
2025-10-31 02:14:00+00:00,0,0
2025-10-31 02:16:00+00:00,0,1
2025-10-31 02:35:00+00:00,0,0
2025-10-31 02:37:00+00:00,0,0
2025-10-31 02:40:00+00:00,0,0
2025-10-31 02:45:00+00:00,0,0
2025-10-31 02:54:00+00:00,0,0
2025-10-31 02:57:00+00:00,0,0
2025-10-31 03:10:00+00:00,0,0
2025-10-31 03:13:00+00:00,0,0
2025-10-31 03:45:00+00:00,0,0
2025-10-31 04:33:00+00:00,0,0
2025-10-31 06:07:00+00:00,0,1
2025-10-31 07:04:00+00:00,0,0
2025-10-31 07:44:00+00:00,0,0
2025-10-31 08:54:00+00:00,0,0
2025-10-31 09:22:00+00:00,0,0
2025-10-31 12:22:00+00:00,0,0
2025-10-31 12:39:00+00:00,0,1
2025-10-31 12:41:00+00:00,0,1
2025-10-31 12:47:00+00:00,0,0
2025-10-31 12:51:00+00:00,0,0
2025-10-31 13:32:00+00:00,0,0
2025-10-31 13:33:00+00:00,0,0
2025-10-31 13:34:00+00:00,0,0
2025-10-31 13:37:00+00:00,0,0
2025-10-31 13:43:00+00:00,0,1
2025-10-31 13:47:00+00:00,0,0
2025-10-31 13:51:00+00:00,0,1
2025-10-31 13:52:00+00:00,0,1
2025-10-31 14:00:00+00:00,0,1
2025-10-31 14:02:00+00:00,0,1
2025-10-31 14:11:00+00:00,0,1
2025-10-31 14:16:00+00:00,0,1
2025-10-31 14:21:00+00:00,0,1
2025-10-31 14:31:00+00:00,0,1
2025-10-31 14:45:00+00:00,0,0
2025-10-31 14:54:00+00:00,0,0
2025-10-31 15:00:00+00:00,0,1
2025-10-31 15:05:00+00:00,0,1
2025-10-31 15:06:00+00:00,0,0
2025-10-31 15:07:00+00:00,0,1
2025-10-31 15:45:00+00:00,1,0
2025-10-31 15:56:00+00:00,1,0
2025-10-31 15:57:00+00:00,1,0
2025-10-31 16:03:00+00:00,1,1
2025-10-31 16:04:00+00:00,1,0
2025-10-31 16:07:00+00:00,1,0
2025-10-31 16:09:00+00:00,1,0
2025-10-31 16:14:00+00:00,0,0
2025-10-31 16:18:00+00:00,0,0
2025-10-31 16:30:00+00:00,0,0
2025-10-31 17:31:00+00:00,0,0
2025-10-31 17:41:00+00:00,0,0
2025-10-31 17:46:00+00:00,0,0
2025-10-31 19:19:00+00:00,0,0
2025-11-02 23:01:00+00:00,0,0
2025-11-02 23:03:00+00:00,0,0
2025-11-03 00:01:00+00:00,1,1
2025-11-03 00:02:00+00:00,0,1
2025-11-03 00:14:00+00:00,0,1
2025-11-03 00:16:00+00:00,0,1
2025-11-03 01:02:00+00:00,1,0
2025-11-03 01:05:00+00:00,1,0
2025-11-03 01:08:00+00:00,0,0
2025-11-03 01:27:00+00:00,0,1
2025-11-03 02:21:00+00:00,0,0
2025-11-03 02:33:00+00:00,0,0
2025-11-03 02:40:00+00:00,0,1
2025-11-03 04:07:00+00:00,0,0
2025-11-03 07:01:00+00:00,0,0
2025-11-03 08:06:00+00:00,0,0
2025-11-03 08:28:00+00:00,0,0
2025-11-03 09:15:00+00:00,1,0
2025-11-03 09:26:00+00:00,0,0
2025-11-03 09:32:00+00:00,0,1
2025-11-03 09:49:00+00:00,0,0
2025-11-03 10:00:00+00:00,0,0
2025-11-03 14:28:00+00:00,1,0
2025-11-03 14:31:00+00:00,1,0
2025-11-03 14:34:00+00:00,1,0
2025-11-03 14:45:00+00:00,0,0
2025-11-03 15:00:00+00:00,1,0
2025-11-03 15:23:00+00:00,0,0
2025-11-03 15:24:00+00:00,0,0
2025-11-03 15:27:00+00:00,0,0
2025-11-03 15:35:00+00:00,0,0
2025-11-03 15:38:00+00:00,1,0
2025-11-03 15:45:00+00:00,1,0
2025-11-03 15:52:00+00:00,0,0
2025-11-03 15:57:00+00:00,0,0
2025-11-03 16:07:00+00:00,0,1
2025-11-03 16:16:00+00:00,0,0
2025-11-03 16:18:00+00:00,0,0
2025-11-03 16:19:00+00:00,0,0
2025-11-03 19:03:00+00:00,0,0
2025-11-03 23:13:00+00:00,0,0
2025-11-04 01:26:00+00:00,0,0
2025-11-04 01:32:00+00:00,0,1
2025-11-04 02:49:00+00:00,1,0
2025-11-04 06:08:00+00:00,0,0
2025-11-04 06:55:00+00:00,0,0
2025-11-04 06:56:00+00:00,0,0
2025-11-04 07:20:00+00:00,0,1
2025-11-04 09:34:00+00:00,0,1
2025-11-04 10:00:00+00:00,0,0
2025-11-04 13:34:00+00:00,0,0
2025-11-04 13:38:00+00:00,0,1
2025-11-04 14:06:00+00:00,1,0
2025-11-04 14:11:00+00:00,1,0
2025-11-04 14:29:00+00:00,1,1
2025-11-04 14:32:00+00:00,0,0
2025-11-04 14:33:00+00:00,0,0
2025-11-04 14:36:00+00:00,0,0
2025-11-04 14:38:00+00:00,1,0
2025-11-04 14:42:00+00:00,1,1
2025-11-04 14:44:00+00:00,1,0
2025-11-04 14:45:00+00:00,1,1
2025-11-04 14:47:00+00:00,1,1
2025-11-04 14:48:00+00:00,1,1
2025-11-04 14:50:00+00:00,0,0
2025-11-04 14:53:00+00:00,0,1
2025-11-04 14:55:00+00:00,0,1
2025-11-04 14:58:00+00:00,0,0
2025-11-04 15:04:00+00:00,0,1
2025-11-04 15:05:00+00:00,0,1
2025-11-04 15:11:00+00:00,1,1
2025-11-04 15:20:00+00:00,1,0
2025-11-04 15:21:00+00:00,1,1
2025-11-04 15:32:00+00:00,0,0
2025-11-04 15:38:00+00:00,0,0
2025-11-04 15:39:00+00:00,0,1
2025-11-04 15:45:00+00:00,0,1
2025-11-04 16:00:00+00:00,0,1
2025-11-04 16:06:00+00:00,0,0
2025-11-04 16:17:00+00:00,0,0
2025-11-04 16:23:00+00:00,0,0
2025-11-04 16:35:00+00:00,0,1
2025-11-04 18:29:00+00:00,0,0
2025-11-04 18:32:00+00:00,0,1
2025-11-04 18:35:00+00:00,0,0
2025-11-04 18:36:00+00:00,0,1
2025-11-04 18:41:00+00:00,0,0
2025-11-04 18:44:00+00:00,0,0
2025-11-05 06:04:00+00:00,0,0
2025-11-05 08:05:00+00:00,0,0
2025-11-05 08:11:00+00:00,0,0
2025-11-05 09:24:00+00:00,0,0
2025-11-05 10:02:00+00:00,0,0
2025-11-05 10:04:00+00:00,0,0
2025-11-05 13:15:00+00:00,0,0
2025-11-05 14:31:00+00:00,0,0
2025-11-05 14:37:00+00:00,1,0
2025-11-05 14:41:00+00:00,0,0
2025-11-05 14:47:00+00:00,0,0
2025-11-05 14:57:00+00:00,0,0
2025-11-05 15:00:00+00:00,0,0
2025-11-05 15:18:00+00:00,0,0
2025-11-05 15:25:00+00:00,0,0
2025-11-05 15:40:00+00:00,0,0
2025-11-05 16:15:00+00:00,0,0
2025-11-05 23:01:00+00:00,0,0
2025-11-06 01:07:00+00:00,0,0
2025-11-06 07:00:00+00:00,0,0
2025-11-06 07:20:00+00:00,0,1
2025-11-06 12:03:00+00:00,0,0
2025-11-06 14:18:00+00:00,1,0
2025-11-06 14:20:00+00:00,0,0
2025-11-06 14:28:00+00:00,0,1
2025-11-06 14:38:00+00:00,1,0
2025-11-06 14:41:00+00:00,0,0
2025-11-06 14:42:00+00:00,1,0
2025-11-06 15:02:00+00:00,0,0
2025-11-06 15:04:00+00:00,0,0
2025-11-06 15:10:00+00:00,0,0
2025-11-06 15:18:00+00:00,0,0
2025-11-06 15:37:00+00:00,0,0
2025-11-06 15:38:00+00:00,0,0
2025-11-06 15:44:00+00:00,0,0
2025-11-06 15:45:00+00:00,0,0
2025-11-06 15:47:00+00:00,0,1
2025-11-06 16:01:00+00:00,0,0
2025-11-06 16:04:00+00:00,0,1
2025-11-06 16:34:00+00:00,0,0
2025-11-06 17:20:00+00:00,0,0
2025-11-06 17:21:00+00:00,0,0
2025-11-06 17:23:00+00:00,1,0
2025-11-06 17:42:00+00:00,0,0
2025-11-07 11:27:00+00:00,0,0
2025-11-07 12:49:00+00:00,0,0
2025-11-07 13:50:00+00:00,0,0
2025-11-07 14:30:00+00:00,0,0
2025-11-07 14:31:00+00:00,0,0
2025-11-07 14:42:00+00:00,0,0
2025-11-07 14:56:00+00:00,0,0
2025-11-07 15:01:00+00:00,0,0
2025-11-07 15:18:00+00:00,0,0
2025-11-07 15:22:00+00:00,0,0
2025-11-07 15:23:00+00:00,0,0
2025-11-07 15:38:00+00:00,0,0
2025-11-07 16:30:00+00:00,0,0
2025-11-07 16:34:00+00:00,1,0
2025-11-07 16:42:00+00:00,1,0
2025-11-07 16:46:00+00:00,1,0
2025-11-07 16:58:00+00:00,0,0
2025-11-07 17:04:00+00:00,0,0
2025-11-07 17:06:00+00:00,0,0
2025-11-10 00:47:00+00:00,1,0
2025-11-10 01:00:00+00:00,1,0
2025-11-10 01:21:00+00:00,0,1
2025-11-10 01:31:00+00:00,0,0
2025-11-10 01:34:00+00:00,0,0
2025-11-10 02:01:00+00:00,0,0
2025-11-10 02:32:00+00:00,0,0
2025-11-10 05:30:00+00:00,0,0
2025-11-10 13:02:00+00:00,0,0
2025-11-10 13:51:00+00:00,0,0
2025-11-10 14:06:00+00:00,0,0
2025-11-10 14:16:00+00:00,0,0
2025-11-10 14:33:00+00:00,0,0
2025-11-10 14:37:00+00:00,0,0
2025-11-10 15:00:00+00:00,0,0
2025-11-10 15:07:00+00:00,0,0
2025-11-10 15:32:00+00:00,0,0
2025-11-10 15:46:00+00:00,0,0
2025-11-11 01:04:00+00:00,0,0
2025-11-11 01:07:00+00:00,0,0
2025-11-11 01:15:00+00:00,0,0
2025-11-11 05:36:00+00:00,0,0
2025-11-11 09:02:00+00:00,0,0
2025-11-11 14:20:00+00:00,0,0
2025-11-11 14:49:00+00:00,1,0
2025-11-11 14:50:00+00:00,1,0
2025-11-11 14:59:00+00:00,1,0
2025-11-11 15:02:00+00:00,1,0
2025-11-11 15:21:00+00:00,0,0
2025-11-11 15:22:00+00:00,0,0
2025-11-11 15:27:00+00:00,0,0
2025-11-11 15:28:00+00:00,0,0
2025-11-11 15:39:00+00:00,0,0
2025-11-11 15:40:00+00:00,0,0
2025-11-11 16:02:00+00:00,0,0
2025-11-11 16:30:00+00:00,0,0
2025-11-12 02:41:00+00:00,0,0
2025-11-12 02:51:00+00:00,0,0
2025-11-12 04:05:00+00:00,0,0
2025-11-12 05:31:00+00:00,0,1
2025-11-12 14:36:00+00:00,1,0
2025-11-12 15:10:00+00:00,1,0
2025-11-12 15:11:00+00:00,1,1
2025-11-12 15:13:00+00:00,1,1
2025-11-12 15:16:00+00:00,0,1
2025-11-12 15:21:00+00:00,1,0
2025-11-12 15:22:00+00:00,1,0
2025-11-12 15:33:00+00:00,0,1
2025-11-12 15:41:00+00:00,0,1
2025-11-12 15:48:00+00:00,0,0
2025-11-12 15:51:00+00:00,0,0
2025-11-12 15:52:00+00:00,0,0
2025-11-12 15:55:00+00:00,0,0
2025-11-12 16:11:00+00:00,0,0
2025-11-12 16:32:00+00:00,0,1
2025-11-12 16:39:00+00:00,0,0
2025-11-12 17:24:00+00:00,0,0
2025-11-12 18:03:00+00:00,0,0
2025-11-12 18:28:00+00:00,0,0
2025-11-13 01:00:00+00:00,1,1
2025-11-13 04:06:00+00:00,0,0
2025-11-13 08:03:00+00:00,0,0
2025-11-13 08:15:00+00:00,0,1
2025-11-13 08:22:00+00:00,0,1
2025-11-13 08:32:00+00:00,0,0
2025-11-13 10:58:00+00:00,0,0
2025-11-13 10:59:00+00:00,0,0
2025-11-13 11:00:00+00:00,0,1
2025-11-13 12:56:00+00:00,1,0
2025-11-13 13:01:00+00:00,0,0
2025-11-13 13:03:00+00:00,0,0
2025-11-13 13:24:00+00:00,1,0
2025-11-13 13:31:00+00:00,0,1
2025-11-13 13:33:00+00:00,0,0
2025-11-13 13:35:00+00:00,0,1
2025-11-13 13:36:00+00:00,0,0
2025-11-13 14:03:00+00:00,1,0
2025-11-13 14:08:00+00:00,1,0
2025-11-13 14:13:00+00:00,1,0
2025-11-13 14:29:00+00:00,1,0
2025-11-13 14:30:00+00:00,0,0
2025-11-13 14:31:00+00:00,1,0
2025-11-13 14:36:00+00:00,1,0
2025-11-13 14:39:00+00:00,1,0
2025-11-13 14:41:00+00:00,1,1
2025-11-13 14:42:00+00:00,0,1
2025-11-13 14:43:00+00:00,0,0
2025-11-13 14:45:00+00:00,0,1
2025-11-13 14:49:00+00:00,0,0
2025-11-13 14:55:00+00:00,0,1
2025-11-13 15:01:00+00:00,0,0
2025-11-13 15:06:00+00:00,0,0
2025-11-13 15:15:00+00:00,0,0
2025-11-13 15:26:00+00:00,0,0
2025-11-13 15:32:00+00:00,1,0
2025-11-13 15:38:00+00:00,0,1
2025-11-13 15:47:00+00:00,0,1
2025-11-13 16:00:00+00:00,0,0
2025-11-13 16:38:00+00:00,0,0
2025-11-13 16:41:00+00:00,0,0
2025-11-13 18:31:00+00:00,1,0
2025-11-13 18:32:00+00:00,1,0
2025-11-13 18:33:00+00:00,0,0
2025-11-13 18:35:00+00:00,0,0
2025-11-13 18:37:00+00:00,0,0
2025-11-13 18:38:00+00:00,0,0
2025-11-13 18:40:00+00:00,0,1
2025-11-13 18:43:00+00:00,0,1
2025-11-13 18:46:00+00:00,0,1
2025-11-13 19:01:00+00:00,1,0
2025-11-14 07:22:00+00:00,0,0
2025-11-14 07:25:00+00:00,1,0
2025-11-14 11:12:00+00:00,1,0
2025-11-14 11:17:00+00:00,0,0
2025-11-14 11:18:00+00:00,0,0
2025-11-14 11:47:00+00:00,1,0
2025-11-14 11:54:00+00:00,1,0
2025-11-14 11:56:00+00:00,1,0
2025-11-14 11:57:00+00:00,1,0
2025-11-14 12:02:00+00:00,1,0
2025-11-14 12:11:00+00:00,1,0
2025-11-14 12:12:00+00:00,1,0
2025-11-14 12:17:00+00:00,1,1
2025-11-14 12:20:00+00:00,1,1
2025-11-14 12:23:00+00:00,1,1
2025-11-14 13:01:00+00:00,1,1
2025-11-14 13:02:00+00:00,1,0
2025-11-14 13:06:00+00:00,1,1
2025-11-14 13:11:00+00:00,1,0
2025-11-14 13:12:00+00:00,1,1
2025-11-14 13:13:00+00:00,1,1
2025-11-14 13:15:00+00:00,1,1
2025-11-14 13:19:00+00:00,1,1
2025-11-14 13:22:00+00:00,1,1
2025-11-14 13:23:00+00:00,1,1
2025-11-14 13:24:00+00:00,1,1
2025-11-14 13:25:00+00:00,1,1
2025-11-14 13:26:00+00:00,1,1
2025-11-14 13:27:00+00:00,1,1
2025-11-14 13:28:00+00:00,1,1
2025-11-14 13:29:00+00:00,0,1
2025-11-14 13:30:00+00:00,1,1
2025-11-14 13:34:00+00:00,0,1
2025-11-14 13:35:00+00:00,0,1
2025-11-14 13:36:00+00:00,0,1
2025-11-14 13:37:00+00:00,1,1
2025-11-14 13:44:00+00:00,0,1
2025-11-14 13:50:00+00:00,0,1
2025-11-14 13:52:00+00:00,0,1
2025-11-14 13:53:00+00:00,0,0
2025-11-14 13:56:00+00:00,0,0
2025-11-14 14:00:00+00:00,0,1
2025-11-14 14:01:00+00:00,0,1
2025-11-14 14:04:00+00:00,0,1
2025-11-14 14:05:00+00:00,0,0
2025-11-14 14:09:00+00:00,0,0
2025-11-14 14:10:00+00:00,0,0
2025-11-14 14:25:00+00:00,0,1
2025-11-14 14:32:00+00:00,1,1
2025-11-14 14:33:00+00:00,1,1
2025-11-14 14:34:00+00:00,1,1
2025-11-14 14:35:00+00:00,1,1
2025-11-14 14:37:00+00:00,1,1
2025-11-14 14:39:00+00:00,0,1
2025-11-14 14:40:00+00:00,1,1
2025-11-14 14:41:00+00:00,0,1
2025-11-14 14:49:00+00:00,1,1
2025-11-14 14:50:00+00:00,0,1
2025-11-14 14:52:00+00:00,0,1
2025-11-14 14:53:00+00:00,0,1
2025-11-14 14:54:00+00:00,0,1
2025-11-14 14:58:00+00:00,0,1
2025-11-14 15:00:00+00:00,0,1
2025-11-14 15:03:00+00:00,1,1
2025-11-14 15:06:00+00:00,0,1
2025-11-14 15:07:00+00:00,1,1
2025-11-14 15:09:00+00:00,1,1
2025-11-14 15:11:00+00:00,1,1
2025-11-14 15:14:00+00:00,0,1
2025-11-14 15:38:00+00:00,1,0
2025-11-14 15:46:00+00:00,1,0
2025-11-14 15:47:00+00:00,0,1
2025-11-14 15:50:00+00:00,0,1
2025-11-14 15:53:00+00:00,0,0
2025-11-14 16:00:00+00:00,1,1
2025-11-14 16:19:00+00:00,0,0
2025-11-14 16:22:00+00:00,0,0
2025-11-14 16:38:00+00:00,0,0
2025-11-14 17:09:00+00:00,0,1
2025-11-17 00:01:00+00:00,0,1
2025-11-17 03:00:00+00:00,0,0
2025-11-17 05:30:00+00:00,0,0
2025-11-17 05:32:00+00:00,0,0
2025-11-17 05:37:00+00:00,0,0
2025-11-17 11:00:00+00:00,0,0
2025-11-17 11:35:00+00:00,0,0
2025-11-17 13:05:00+00:00,1,0
2025-11-17 13:06:00+00:00,1,0
2025-11-17 13:24:00+00:00,0,1
2025-11-17 13:37:00+00:00,0,0
2025-11-17 13:45:00+00:00,0,0
2025-11-17 13:50:00+00:00,0,0
2025-11-17 14:00:00+00:00,1,1
2025-11-17 14:11:00+00:00,0,0
2025-11-17 14:34:00+00:00,0,0
2025-11-17 14:37:00+00:00,1,0
2025-11-17 14:38:00+00:00,0,0
2025-11-17 15:00:00+00:00,0,1
2025-11-17 15:01:00+00:00,0,1
2025-11-17 15:08:00+00:00,0,0
2025-11-17 15:20:00+00:00,0,0
2025-11-17 15:25:00+00:00,0,1
2025-11-17 16:04:00+00:00,0,0
2025-11-17 16:09:00+00:00,0,0
2025-11-17 19:32:00+00:00,1,0
2025-11-17 19:37:00+00:00,1,1
2025-11-17 19:39:00+00:00,1,1
2025-11-17 19:41:00+00:00,1,0
2025-11-17 19:42:00+00:00,0,1
2025-11-17 19:45:00+00:00,0,1
2025-11-17 19:46:00+00:00,0,1
2025-11-17 19:56:00+00:00,1,1
2025-11-17 20:01:00+00:00,1,1
2025-11-17 20:07:00+00:00,1,0
2025-11-18 02:57:00+00:00,0,0
2025-11-18 07:39:00+00:00,1,1
2025-11-18 07:40:00+00:00,0,1
2025-11-18 08:06:00+00:00,0,0
2025-11-18 08:33:00+00:00,0,1
2025-11-18 08:34:00+00:00,0,1
2025-11-18 10:46:00+00:00,0,0
2025-11-18 13:00:00+00:00,1,0
2025-11-18 13:03:00+00:00,1,1
2025-11-18 13:35:00+00:00,1,1
2025-11-18 13:36:00+00:00,0,1
2025-11-18 13:38:00+00:00,0,1
2025-11-18 13:39:00+00:00,0,1
2025-11-18 14:04:00+00:00,0,1
2025-11-18 14:15:00+00:00,0,1
2025-11-18 14:32:00+00:00,1,0
2025-11-18 14:44:00+00:00,0,0
2025-11-18 14:46:00+00:00,0,0
2025-11-18 14:48:00+00:00,1,0
2025-11-18 14:52:00+00:00,0,0
2025-11-18 14:53:00+00:00,0,0
2025-11-18 14:56:00+00:00,0,0
2025-11-18 15:02:00+00:00,0,0
2025-11-18 15:09:00+00:00,0,0
2025-11-18 15:13:00+00:00,0,0
2025-11-18 15:18:00+00:00,0,0
2025-11-18 15:20:00+00:00,0,1
2025-11-18 15:27:00+00:00,1,1
2025-11-18 15:30:00+00:00,1,1
2025-11-18 15:35:00+00:00,1,1
2025-11-18 15:47:00+00:00,0,0
2025-11-18 15:50:00+00:00,0,0
2025-11-18 16:03:00+00:00,1,1
2025-11-19 08:11:00+00:00,0,0
2025-11-19 09:46:00+00:00,0,0
2025-11-19 09:55:00+00:00,0,0
2025-11-19 09:57:00+00:00,0,0
2025-11-19 13:06:00+00:00,0,0
2025-11-19 13:20:00+00:00,0,0
2025-11-19 13:31:00+00:00,0,0
2025-11-19 13:32:00+00:00,0,0
2025-11-19 14:31:00+00:00,1,0
2025-11-19 14:35:00+00:00,0,0
2025-11-19 14:55:00+00:00,0,0
2025-11-19 14:59:00+00:00,0,0
2025-11-19 15:05:00+00:00,0,0
2025-11-19 15:14:00+00:00,1,0
2025-11-19 15:17:00+00:00,1,0
2025-11-19 15:26:00+00:00,1,0
2025-11-19 15:39:00+00:00,1,0
2025-11-19 15:45:00+00:00,1,0
2025-11-19 15:53:00+00:00,1,0
2025-11-19 15:55:00+00:00,1,0
2025-11-19 15:59:00+00:00,1,0
2025-11-19 16:01:00+00:00,1,0
2025-11-19 16:14:00+00:00,1,0
2025-11-19 16:17:00+00:00,0,0
2025-11-19 16:25:00+00:00,1,0
2025-11-19 16:26:00+00:00,0,0
2025-11-19 16:28:00+00:00,0,0
2025-11-19 16:30:00+00:00,1,0
2025-11-19 16:31:00+00:00,0,0
2025-11-19 16:36:00+00:00,0,0
2025-11-19 16:39:00+00:00,0,0
2025-11-19 16:48:00+00:00,0,1
2025-11-19 17:03:00+00:00,0,1
2025-11-19 17:04:00+00:00,0,1
2025-11-19 17:11:00+00:00,0,0
2025-11-19 17:41:00+00:00,0,0
2025-11-20 02:07:00+00:00,1,0
2025-11-20 02:17:00+00:00,0,0
2025-11-20 03:07:00+00:00,0,0
2025-11-20 08:04:00+00:00,0,0
2025-11-20 08:12:00+00:00,1,0
2025-11-20 08:13:00+00:00,0,0
2025-11-20 08:57:00+00:00,0,0
2025-11-20 13:06:00+00:00,1,1
2025-11-20 13:07:00+00:00,1,1
2025-11-20 13:30:00+00:00,0,0
2025-11-20 13:33:00+00:00,0,1
2025-11-20 13:34:00+00:00,1,1
2025-11-20 13:35:00+00:00,0,1
2025-11-20 13:37:00+00:00,0,1
2025-11-20 13:38:00+00:00,1,1
2025-11-20 13:41:00+00:00,0,1
2025-11-20 13:42:00+00:00,0,0
2025-11-20 13:43:00+00:00,0,1
2025-11-20 13:44:00+00:00,0,1
2025-11-20 13:46:00+00:00,0,1
2025-11-20 13:47:00+00:00,0,1
2025-11-20 13:49:00+00:00,0,1
2025-11-20 13:50:00+00:00,0,1
2025-11-20 13:57:00+00:00,0,1
2025-11-20 14:11:00+00:00,1,1
2025-11-20 14:15:00+00:00,1,1
2025-11-20 14:31:00+00:00,1,0
2025-11-20 14:33:00+00:00,1,1
2025-11-20 14:34:00+00:00,1,1
2025-11-20 14:36:00+00:00,1,1
2025-11-20 14:46:00+00:00,0,1
2025-11-20 14:48:00+00:00,0,1
2025-11-20 14:49:00+00:00,1,1
2025-11-20 14:55:00+00:00,0,1
2025-11-20 15:00:00+00:00,0,0
2025-11-20 15:01:00+00:00,0,0
2025-11-20 15:06:00+00:00,0,1
2025-11-20 15:33:00+00:00,0,1
2025-11-20 15:34:00+00:00,0,1
2025-11-20 15:40:00+00:00,1,0
2025-11-20 15:57:00+00:00,0,1
2025-11-20 15:59:00+00:00,0,1
2025-11-20 16:26:00+00:00,1,0
2025-11-20 16:27:00+00:00,1,0
2025-11-20 16:31:00+00:00,0,0
2025-11-20 16:45:00+00:00,1,1
2025-11-20 16:54:00+00:00,0,1
2025-11-20 17:05:00+00:00,0,1
2025-11-20 17:14:00+00:00,0,0
2025-11-20 17:21:00+00:00,0,1
2025-11-20 17:30:00+00:00,0,1
2025-11-20 17:52:00+00:00,0,0
2025-11-20 19:23:00+00:00,0,0
2025-11-20 19:24:00+00:00,0,0
2025-11-21 05:56:00+00:00,1,1
2025-11-21 05:57:00+00:00,0,1
2025-11-21 06:28:00+00:00,0,0
2025-11-21 06:30:00+00:00,0,1
2025-11-21 07:01:00+00:00,0,0
2025-11-21 07:04:00+00:00,0,1
2025-11-21 08:04:00+00:00,0,0
2025-11-21 08:17:00+00:00,0,0
2025-11-21 12:30:00+00:00,0,1
2025-11-21 12:31:00+00:00,0,1
2025-11-21 12:32:00+00:00,0,1
2025-11-21 12:45:00+00:00,0,1
2025-11-21 12:47:00+00:00,0,0
2025-11-21 13:47:00+00:00,0,0
2025-11-21 14:34:00+00:00,0,1
2025-11-21 14:37:00+00:00,0,1
2025-11-21 14:50:00+00:00,0,0
2025-11-21 15:40:00+00:00,0,0
2025-11-21 15:44:00+00:00,0,0
2025-11-21 15:45:00+00:00,0,0
2025-11-21 16:50:00+00:00,0,1
2025-11-21 16:51:00+00:00,0,1
2025-11-21 16:55:00+00:00,0,1
2025-11-21 17:00:00+00:00,0,1
2025-11-24 01:03:00+00:00,0,1
2025-11-24 14:40:00+00:00,1,0
2025-11-24 14:41:00+00:00,1,0
2025-11-24 15:05:00+00:00,0,0
2025-11-24 18:38:00+00:00,0,0
2025-11-24 18:39:00+00:00,0,0
2025-11-25 08:35:00+00:00,0,0
2025-11-25 08:50:00+00:00,0,1
2025-11-25 08:52:00+00:00,0,1
2025-11-25 12:44:00+00:00,1,0
2025-11-25 12:51:00+00:00,1,0
2025-11-25 13:30:00+00:00,0,1
2025-11-25 13:38:00+00:00,0,0
2025-11-25 13:39:00+00:00,0,0
2025-11-25 14:31:00+00:00,0,0
2025-11-25 14:32:00+00:00,1,0
2025-11-25 14:33:00+00:00,0,1
2025-11-25 14:39:00+00:00,0,0
2025-11-25 14:40:00+00:00,0,0
2025-11-25 14:44:00+00:00,0,1
2025-11-25 14:46:00+00:00,0,1
2025-11-25 14:51:00+00:00,0,1
2025-11-25 15:08:00+00:00,0,0
2025-11-25 15:51:00+00:00,0,0
2025-11-25 17:03:00+00:00,0,0
2025-11-25 17:11:00+00:00,0,1
2025-11-26 13:30:00+00:00,1,0
2025-11-26 14:06:00+00:00,0,0
2025-11-26 14:09:00+00:00,0,1
2025-11-26 14:32:00+00:00,0,0
2025-11-26 14:57:00+00:00,0,0
2025-11-26 15:00:00+00:00,1,0
2025-11-26 16:00:00+00:00,0,0
2025-11-28 14:40:00+00:00,1,1
2025-11-28 14:41:00+00:00,0,0
2025-11-28 14:43:00+00:00,0,0
2025-11-28 15:10:00+00:00,0,0
2025-11-30 23:08:00+00:00,0,1
2025-11-30 23:10:00+00:00,0,1
2025-12-01 01:06:00+00:00,0,0
2025-12-01 01:55:00+00:00,0,0
2025-12-01 02:00:00+00:00,0,0
2025-12-01 05:15:00+00:00,0,1
2025-12-01 05:22:00+00:00,0,0
2025-12-01 05:30:00+00:00,0,0
2025-12-01 10:04:00+00:00,0,0
2025-12-01 13:40:00+00:00,1,0
2025-12-01 13:59:00+00:00,1,0
2025-12-01 14:01:00+00:00,1,0
2025-12-01 14:05:00+00:00,1,1
2025-12-01 14:31:00+00:00,1,1
2025-12-01 14:32:00+00:00,1,1
2025-12-01 14:35:00+00:00,0,1
2025-12-01 14:37:00+00:00,0,1
2025-12-01 14:38:00+00:00,0,1
2025-12-01 14:43:00+00:00,1,1
2025-12-01 14:44:00+00:00,0,0
2025-12-01 14:45:00+00:00,0,1
2025-12-01 14:48:00+00:00,0,1
2025-12-01 14:50:00+00:00,0,1
2025-12-01 15:00:00+00:00,1,0
2025-12-01 15:10:00+00:00,0,0
2025-12-01 15:13:00+00:00,0,0
2025-12-01 15:15:00+00:00,0,0
2025-12-01 15:18:00+00:00,0,0
2025-12-01 15:35:00+00:00,0,1
2025-12-01 15:39:00+00:00,0,0
2025-12-01 15:48:00+00:00,0,0
2025-12-01 16:16:00+00:00,0,0
2025-12-02 01:14:00+00:00,0,0
2025-12-02 09:21:00+00:00,0,0
2025-12-02 09:26:00+00:00,0,0
2025-12-02 09:36:00+00:00,0,0
2025-12-02 13:00:00+00:00,0,0
2025-12-02 14:02:00+00:00,0,0
2025-12-02 14:41:00+00:00,1,0
2025-12-02 14:45:00+00:00,0,0
2025-12-02 14:46:00+00:00,1,1
2025-12-02 14:48:00+00:00,1,0
2025-12-02 14:53:00+00:00,1,0
2025-12-02 15:05:00+00:00,1,1
2025-12-02 15:16:00+00:00,1,0
2025-12-02 15:20:00+00:00,1,0
2025-12-02 15:29:00+00:00,1,0
2025-12-02 15:33:00+00:00,1,0
2025-12-02 15:37:00+00:00,1,0
2025-12-02 15:54:00+00:00,0,1
2025-12-02 15:55:00+00:00,0,0
2025-12-02 15:58:00+00:00,1,0
2025-12-02 16:00:00+00:00,0,0
2025-12-02 16:01:00+00:00,1,1
2025-12-02 16:02:00+00:00,0,0
2025-12-02 16:13:00+00:00,0,0
2025-12-02 17:00:00+00:00,0,0
2025-12-03 13:15:00+00:00,1,1
2025-12-03 13:52:00+00:00,0,1
2025-12-03 13:56:00+00:00,0,0
2025-12-03 14:05:00+00:00,0,0
2025-12-03 14:16:00+00:00,0,0
2025-12-03 14:31:00+00:00,1,0
2025-12-03 14:33:00+00:00,1,0
2025-12-03 14:36:00+00:00,1,1
2025-12-03 14:42:00+00:00,1,0
2025-12-03 14:43:00+00:00,1,0
2025-12-03 14:45:00+00:00,0,1
2025-12-03 14:49:00+00:00,0,1
2025-12-03 14:51:00+00:00,0,0
2025-12-03 14:53:00+00:00,0,0
2025-12-03 14:57:00+00:00,0,1
2025-12-03 15:03:00+00:00,0,0
2025-12-03 15:04:00+00:00,0,1
2025-12-03 15:50:00+00:00,0,0
2025-12-03 16:54:00+00:00,0,0
2025-12-03 16:55:00+00:00,0,0
2025-12-03 16:56:00+00:00,0,0
2025-12-04 03:03:00+00:00,0,0
2025-12-04 08:59:00+00:00,0,0
2025-12-04 14:32:00+00:00,1,0
2025-12-04 14:41:00+00:00,0,1
2025-12-04 14:44:00+00:00,0,1
2025-12-04 14:48:00+00:00,0,1
2025-12-04 14:53:00+00:00,0,1
2025-12-04 15:04:00+00:00,0,1
2025-12-04 15:07:00+00:00,0,1
2025-12-04 15:10:00+00:00,0,1
2025-12-04 16:17:00+00:00,0,0
2025-12-05 13:01:00+00:00,0,0
2025-12-05 14:35:00+00:00,0,0
2025-12-05 15:32:00+00:00,1,0
2025-12-05 15:50:00+00:00,1,0
2025-12-05 16:09:00+00:00,1,0
2025-12-05 16:10:00+00:00,1,1
2025-12-05 16:11:00+00:00,0,1
2025-12-05 16:14:00+00:00,0,0
2025-12-05 16:15:00+00:00,0,0
2025-12-05 16:17:00+00:00,0,0
2025-12-05 16:18:00+00:00,0,0
2025-12-05 16:22:00+00:00,0,0
2025-12-05 16:25:00+00:00,0,1
2025-12-05 16:30:00+00:00,0,0
2025-12-08 13:00:00+00:00,0,0
2025-12-08 14:57:00+00:00,1,1
2025-12-08 15:00:00+00:00,0,0
2025-12-08 15:05:00+00:00,0,0
2025-12-08 15:14:00+00:00,0,0
2025-12-08 15:17:00+00:00,0,0
2025-12-09 14:11:00+00:00,0,0
2025-12-09 14:33:00+00:00,0,0
2025-12-09 15:00:00+00:00,0,1
2025-12-09 15:02:00+00:00,0,1
2025-12-09 15:58:00+00:00,0,0
2025-12-09 16:01:00+00:00,0,0
2025-12-10 14:40:00+00:00,0,1
2025-12-10 19:00:00+00:00,1,0
2025-12-10 19:01:00+00:00,0,1
2025-12-10 19:02:00+00:00,0,1
2025-12-10 19:04:00+00:00,0,1
2025-12-10 19:06:00+00:00,1,0
2025-12-10 19:11:00+00:00,1,1
2025-12-10 19:22:00+00:00,0,0
2025-12-10 19:28:00+00:00,0,1
2025-12-10 19:34:00+00:00,0,0
2025-12-10 19:36:00+00:00,0,1
2025-12-10 19:37:00+00:00,0,1
2025-12-10 19:40:00+00:00,1,1
2025-12-10 19:41:00+00:00,1,1
2025-12-10 19:42:00+00:00,1,1
2025-12-10 19:43:00+00:00,1,1
2025-12-10 19:45:00+00:00,1,1
2025-12-10 19:52:00+00:00,1,1
2025-12-10 19:55:00+00:00,1,1
2025-12-10 19:57:00+00:00,1,1
2025-12-10 19:58:00+00:00,1,0
2025-12-10 20:00:00+00:00,1,1
2025-12-10 20:01:00+00:00,1,1
2025-12-10 20:04:00+00:00,0,1
2025-12-10 20:07:00+00:00,0,0
2025-12-10 20:11:00+00:00,0,0
2025-12-10 20:16:00+00:00,0,0
2025-12-10 20:24:00+00:00,0,0
2025-12-10 20:25:00+00:00,0,0
2025-12-11 01:02:00+00:00,0,0
2025-12-11 03:09:00+00:00,0,0
2025-12-11 13:16:00+00:00,0,0
2025-12-11 14:37:00+00:00,0,0
2025-12-11 14:45:00+00:00,0,0
2025-12-11 14:48:00+00:00,0,0
2025-12-11 14:51:00+00:00,0,1
2025-12-11 15:21:00+00:00,0,0
2025-12-11 15:40:00+00:00,0,0
2025-12-11 15:41:00+00:00,0,0
2025-12-11 15:51:00+00:00,0,0
2025-12-11 15:57:00+00:00,0,0
2025-12-11 15:59:00+00:00,0,0
2025-12-11 16:00:00+00:00,0,0
2025-12-11 16:47:00+00:00,0,1
2025-12-11 16:48:00+00:00,0,1
2025-12-11 16:51:00+00:00,0,1
2025-12-11 16:53:00+00:00,0,0
2025-12-11 17:11:00+00:00,0,0
2025-12-11 19:00:00+00:00,0,0
2025-12-11 19:02:00+00:00,0,0
2025-12-11 19:08:00+00:00,0,0
2025-12-12 11:00:00+00:00,0,0
2025-12-12 13:30:00+00:00,0,0
2025-12-12 14:30:00+00:00,0,0
2025-12-12 14:31:00+00:00,0,0
2025-12-12 14:36:00+00:00,0,0
2025-12-12 14:38:00+00:00,0,0
2025-12-12 14:39:00+00:00,0,1
2025-12-12 14:41:00+00:00,0,1
2025-12-12 14:59:00+00:00,1,0
2025-12-12 15:01:00+00:00,1,0
2025-12-12 15:07:00+00:00,1,0
2025-12-12 15:16:00+00:00,1,1
2025-12-12 15:18:00+00:00,1,0
2025-12-12 15:19:00+00:00,1,1
2025-12-12 15:20:00+00:00,1,1
2025-12-12 15:24:00+00:00,0,1
2025-12-12 15:26:00+00:00,1,1
2025-12-12 15:27:00+00:00,0,1
2025-12-12 15:28:00+00:00,0,1
2025-12-12 15:29:00+00:00,0,0
2025-12-12 15:30:00+00:00,0,0
2025-12-12 15:31:00+00:00,0,1
2025-12-12 15:33:00+00:00,0,1
2025-12-12 15:36:00+00:00,0,1
2025-12-12 15:38:00+00:00,1,1
2025-12-12 15:40:00+00:00,1,1
2025-12-12 15:44:00+00:00,1,0
2025-12-12 15:45:00+00:00,1,0
2025-12-12 15:50:00+00:00,1,0
2025-12-12 15:53:00+00:00,1,1
2025-12-12 15:55:00+00:00,1,0
2025-12-12 15:58:00+00:00,1,0
2025-12-12 15:59:00+00:00,1,0
2025-12-12 16:01:00+00:00,1,0
2025-12-12 16:04:00+00:00,0,0
2025-12-12 16:06:00+00:00,1,0
2025-12-12 16:07:00+00:00,0,0
2025-12-12 16:11:00+00:00,0,0
2025-12-12 16:12:00+00:00,1,1
2025-12-12 16:13:00+00:00,1,1
2025-12-12 16:18:00+00:00,0,1
2025-12-12 16:21:00+00:00,0,1
2025-12-12 16:24:00+00:00,0,1
2025-12-12 16:34:00+00:00,1,1
2025-12-12 16:38:00+00:00,0,1
2025-12-12 16:40:00+00:00,1,0
2025-12-12 16:42:00+00:00,1,1
2025-12-12 16:43:00+00:00,1,0
2025-12-12 16:44:00+00:00,0,0
2025-12-12 16:45:00+00:00,0,0
2025-12-12 16:46:00+00:00,0,1
2025-12-12 16:47:00+00:00,0,1
2025-12-12 16:50:00+00:00,0,1
2025-12-12 16:57:00+00:00,0,0
2025-12-12 17:02:00+00:00,0,1
2025-12-12 17:04:00+00:00,0,1
2025-12-12 17:25:00+00:00,0,0
2025-12-12 17:33:00+00:00,0,0
2025-12-12 17:40:00+00:00,0,0
2025-12-15 14:01:00+00:00,0,0
2025-12-15 14:31:00+00:00,0,0
2025-12-15 14:36:00+00:00,0,0
2025-12-15 14:37:00+00:00,1,0
2025-12-15 14:42:00+00:00,0,0
2025-12-15 14:51:00+00:00,0,1
2025-12-15 14:53:00+00:00,0,0
2025-12-15 15:00:00+00:00,0,0
2025-12-15 15:05:00+00:00,0,0
2025-12-15 15:20:00+00:00,0,1
2025-12-15 15:22:00+00:00,1,1
2025-12-15 15:24:00+00:00,0,1
2025-12-15 15:28:00+00:00,0,1
2025-12-15 15:30:00+00:00,0,1
2025-12-15 16:04:00+00:00,1,0
2025-12-15 16:05:00+00:00,0,0
2025-12-15 16:07:00+00:00,1,0
2025-12-15 16:09:00+00:00,1,0
2025-12-15 16:18:00+00:00,1,0
2025-12-15 16:22:00+00:00,0,0
2025-12-15 16:25:00+00:00,0,0
2025-12-15 16:34:00+00:00,0,0
2025-12-15 16:36:00+00:00,0,0
2025-12-15 16:38:00+00:00,0,1
2025-12-16 02:54:00+00:00,0,0
2025-12-16 02:58:00+00:00,0,0
2025-12-16 03:14:00+00:00,0,0
2025-12-16 05:30:00+00:00,0,0
2025-12-16 13:30:00+00:00,0,0
2025-12-16 13:34:00+00:00,1,0
2025-12-16 13:40:00+00:00,0,1
2025-12-16 13:41:00+00:00,1,1
2025-12-16 13:46:00+00:00,1,0
2025-12-16 13:47:00+00:00,1,0
2025-12-16 13:55:00+00:00,1,1
2025-12-16 14:02:00+00:00,0,1
2025-12-16 14:15:00+00:00,0,1
2025-12-16 14:33:00+00:00,0,0
2025-12-16 14:38:00+00:00,0,0
2025-12-16 14:39:00+00:00,0,0
2025-12-16 14:40:00+00:00,0,1
2025-12-16 14:41:00+00:00,0,1
2025-12-16 14:59:00+00:00,0,0
2025-12-16 15:04:00+00:00,0,1
2025-12-16 15:12:00+00:00,0,0
2025-12-16 15:18:00+00:00,0,0
2025-12-16 15:22:00+00:00,0,1
2025-12-16 15:31:00+00:00,0,1
2025-12-16 15:36:00+00:00,0,0
2025-12-16 16:30:00+00:00,0,0
2025-12-16 16:40:00+00:00,0,0
2025-12-16 19:26:00+00:00,0,0
2025-12-17 13:46:00+00:00,0,0
2025-12-17 13:50:00+00:00,0,0
2025-12-17 13:58:00+00:00,1,0
2025-12-17 14:10:00+00:00,0,0
2025-12-17 14:12:00+00:00,0,0
2025-12-17 14:14:00+00:00,0,1
2025-12-17 14:15:00+00:00,0,0
2025-12-17 14:26:00+00:00,0,0
2025-12-17 14:34:00+00:00,0,0
2025-12-17 14:35:00+00:00,0,0
2025-12-17 14:37:00+00:00,0,0
2025-12-17 15:18:00+00:00,0,0
2025-12-17 15:35:00+00:00,0,0
2025-12-17 15:36:00+00:00,0,0
2025-12-17 15:38:00+00:00,0,0
2025-12-17 15:40:00+00:00,0,0
2025-12-17 15:48:00+00:00,0,0
2025-12-17 15:57:00+00:00,0,0
2025-12-17 16:05:00+00:00,0,1
2025-12-18 13:06:00+00:00,1,0
2025-12-18 13:30:00+00:00,0,1
2025-12-18 13:36:00+00:00,0,1
2025-12-18 13:55:00+00:00,0,0
2025-12-18 13:57:00+00:00,0,0
2025-12-18 14:00:00+00:00,1,0
2025-12-18 14:01:00+00:00,1,0
2025-12-18 14:31:00+00:00,1,0
2025-12-18 14:33:00+00:00,1,1
2025-12-18 14:35:00+00:00,1,0
2025-12-18 14:37:00+00:00,0,1
2025-12-18 14:41:00+00:00,0,1
2025-12-18 14:43:00+00:00,1,1
2025-12-18 14:45:00+00:00,1,0
2025-12-18 14:46:00+00:00,1,1
2025-12-18 14:47:00+00:00,0,1
2025-12-18 14:48:00+00:00,1,1
2025-12-18 14:50:00+00:00,1,1
2025-12-18 14:51:00+00:00,0,1
2025-12-18 14:55:00+00:00,0,1
2025-12-18 15:22:00+00:00,0,1
2025-12-18 16:10:00+00:00,1,0
2025-12-18 16:11:00+00:00,0,0
2025-12-18 16:13:00+00:00,0,0
2025-12-18 16:14:00+00:00,0,0
2025-12-18 16:15:00+00:00,0,1
2025-12-18 16:27:00+00:00,1,0
2025-12-18 16:52:00+00:00,1,0
2025-12-18 17:05:00+00:00,1,0
2025-12-18 17:06:00+00:00,1,0
2025-12-18 17:08:00+00:00,0,0
2025-12-18 17:09:00+00:00,0,0
2025-12-18 17:11:00+00:00,0,0
2025-12-18 17:16:00+00:00,0,0
2025-12-18 17:18:00+00:00,0,0
2025-12-18 17:31:00+00:00,0,0
2025-12-18 17:40:00+00:00,0,0
2025-12-18 17:50:00+00:00,0,0
2025-12-19 14:38:00+00:00,0,1
2025-12-19 14:45:00+00:00,0,0
2025-12-19 14:46:00+00:00,1,0
2025-12-19 14:47:00+00:00,1,0
2025-12-19 14:48:00+00:00,1,1
2025-12-19 15:02:00+00:00,0,0
2025-12-19 15:24:00+00:00,0,0
2025-12-19 15:31:00+00:00,0,0
2025-12-19 16:00:00+00:00,0,0
2025-12-19 16:11:00+00:00,0,0
2025-12-22 00:00:00+00:00,0,1
2025-12-22 00:01:00+00:00,0,1
2025-12-22 01:00:00+00:00,0,0
2025-12-22 01:01:00+00:00,0,0
2025-12-22 01:02:00+00:00,0,0
2025-12-22 01:39:00+00:00,0,0
2025-12-22 05:33:00+00:00,0,0
2025-12-22 05:36:00+00:00,0,0
2025-12-22 05:37:00+00:00,0,0
2025-12-22 13:24:00+00:00,0,0
2025-12-22 13:25:00+00:00,0,0
2025-12-22 14:30:00+00:00,0,0
2025-12-22 14:39:00+00:00,0,0
2025-12-22 14:53:00+00:00,0,0
2025-12-22 15:15:00+00:00,1,0
2025-12-22 15:17:00+00:00,0,0
2025-12-22 15:45:00+00:00,0,0
2025-12-22 16:07:00+00:00,0,0
2025-12-22 16:32:00+00:00,0,0
2025-12-23 01:00:00+00:00,0,0
2025-12-23 01:09:00+00:00,0,1
2025-12-23 01:11:00+00:00,0,1
2025-12-23 01:17:00+00:00,0,0
2025-12-23 01:20:00+00:00,0,0
2025-12-23 01:27:00+00:00,0,0
2025-12-23 02:32:00+00:00,0,0
2025-12-23 13:51:00+00:00,1,1
2025-12-23 13:52:00+00:00,1,1
2025-12-23 13:54:00+00:00,1,0
2025-12-23 13:55:00+00:00,1,0
2025-12-23 14:00:00+00:00,1,0
2025-12-23 14:03:00+00:00,1,1
2025-12-23 14:05:00+00:00,0,0
2025-12-23 14:07:00+00:00,0,0
2025-12-23 14:08:00+00:00,0,1
2025-12-23 14:09:00+00:00,1,0
2025-12-23 14:30:00+00:00,1,1
2025-12-23 14:31:00+00:00,1,1
2025-12-23 14:34:00+00:00,1,1
2025-12-23 14:40:00+00:00,1,1
2025-12-23 14:42:00+00:00,1,1
2025-12-23 14:44:00+00:00,1,0
2025-12-23 14:50:00+00:00,1,1
2025-12-23 14:58:00+00:00,0,1
2025-12-23 15:00:00+00:00,0,0
2025-12-23 15:01:00+00:00,0,1
2025-12-23 15:02:00+00:00,1,1
2025-12-23 15:05:00+00:00,1,1
2025-12-23 15:07:00+00:00,0,0
2025-12-23 15:11:00+00:00,0,0
2025-12-23 15:12:00+00:00,0,0
2025-12-23 19:01:00+00:00,0,0
2025-12-23 23:37:00+00:00,0,0
2025-12-24 01:00:00+00:00,0,1
2025-12-24 01:01:00+00:00,0,0
2025-12-24 01:02:00+00:00,0,0
2025-12-24 01:04:00+00:00,0,0
2025-12-24 01:23:00+00:00,0,0
2025-12-24 02:07:00+00:00,0,0
2025-12-24 02:08:00+00:00,0,0
2025-12-24 02:55:00+00:00,1,0
2025-12-24 02:57:00+00:00,1,0
2025-12-24 02:58:00+00:00,0,0
2025-12-24 02:59:00+00:00,1,1
2025-12-24 03:00:00+00:00,1,1
2025-12-24 03:01:00+00:00,0,0
2025-12-24 03:05:00+00:00,0,0
2025-12-24 03:19:00+00:00,0,0
2025-12-24 14:30:00+00:00,0,0
2025-12-24 14:35:00+00:00,1,1
2025-12-24 14:36:00+00:00,0,1
2025-12-24 14:38:00+00:00,0,0
2025-12-24 14:40:00+00:00,0,0
2025-12-24 14:41:00+00:00,0,0
2025-12-24 14:42:00+00:00,1,1
2025-12-24 14:45:00+00:00,0,0
2025-12-24 14:50:00+00:00,0,1
2025-12-24 14:51:00+00:00,0,1
2025-12-24 14:52:00+00:00,0,1
2025-12-24 14:57:00+00:00,0,1
2025-12-24 15:02:00+00:00,1,1
2025-12-24 15:11:00+00:00,1,1
2025-12-24 15:18:00+00:00,0,1
2025-12-24 15:37:00+00:00,0,0
2025-12-24 15:40:00+00:00,0,0
2025-12-24 15:46:00+00:00,1,0
2025-12-24 15:49:00+00:00,0,0
2025-12-24 16:02:00+00:00,0,0
2025-12-26 01:04:00+00:00,1,1
2025-12-26 01:06:00+00:00,1,0
2025-12-26 01:07:00+00:00,1,0
2025-12-26 01:10:00+00:00,0,0
2025-12-26 01:15:00+00:00,0,0
2025-12-26 01:42:00+00:00,0,0
2025-12-26 01:43:00+00:00,0,0
2025-12-26 13:01:00+00:00,0,0
2025-12-26 14:30:00+00:00,0,0
2025-12-26 14:33:00+00:00,0,0
2025-12-26 14:47:00+00:00,1,0
2025-12-26 14:51:00+00:00,1,1
2025-12-26 14:55:00+00:00,1,0
2025-12-26 15:06:00+00:00,0,0
2025-12-26 15:32:00+00:00,0,0
2025-12-26 15:37:00+00:00,0,1
2025-12-26 15:49:00+00:00,0,0
2025-12-26 16:11:00+00:00,0,0
2025-12-26 17:29:00+00:00,0,0
2025-12-26 17:54:00+00:00,0,0
2025-12-28 23:03:00+00:00,0,0
2025-12-28 23:12:00+00:00,0,0
2025-12-28 23:14:00+00:00,0,1
2025-12-28 23:15:00+00:00,0,1
2025-12-29 00:18:00+00:00,1,1
2025-12-29 00:22:00+00:00,1,1
2025-12-29 00:26:00+00:00,0,1
2025-12-29 00:30:00+00:00,1,1
2025-12-29 00:32:00+00:00,1,1
2025-12-29 00:33:00+00:00,1,1
2025-12-29 00:34:00+00:00,0,1
2025-12-29 00:36:00+00:00,0,0
2025-12-29 00:38:00+00:00,1,1
2025-12-29 00:40:00+00:00,0,0
2025-12-29 00:43:00+00:00,1,0
2025-12-29 00:44:00+00:00,1,1
2025-12-29 00:45:00+00:00,1,0
2025-12-29 00:48:00+00:00,0,0
2025-12-29 00:51:00+00:00,0,1
2025-12-29 01:00:00+00:00,1,1
2025-12-29 01:01:00+00:00,0,1
2025-12-29 01:10:00+00:00,0,0
2025-12-29 01:37:00+00:00,0,1
2025-12-29 06:28:00+00:00,1,0
2025-12-29 06:52:00+00:00,1,1
2025-12-29 07:00:00+00:00,0,1
2025-12-29 07:02:00+00:00,0,1
2025-12-29 07:03:00+00:00,1,1
2025-12-29 07:04:00+00:00,1,1
2025-12-29 07:05:00+00:00,1,1
2025-12-29 07:07:00+00:00,1,1
2025-12-29 07:08:00+00:00,0,0
2025-12-29 07:11:00+00:00,0,0
2025-12-29 07:12:00+00:00,0,0
2025-12-29 08:49:00+00:00,0,0
2025-12-29 08:56:00+00:00,0,0
2025-12-29 09:44:00+00:00,0,0
2025-12-29 11:39:00+00:00,0,0
2025-12-29 11:40:00+00:00,0,0
2025-12-29 11:42:00+00:00,0,0
2025-12-29 11:43:00+00:00,0,0
2025-12-29 11:44:00+00:00,0,0
2025-12-29 13:04:00+00:00,1,0
2025-12-29 13:11:00+00:00,1,1
2025-12-29 13:40:00+00:00,1,1
2025-12-29 13:41:00+00:00,1,0
2025-12-29 13:42:00+00:00,1,1
2025-12-29 13:43:00+00:00,1,1
2025-12-29 13:45:00+00:00,1,1
2025-12-29 13:48:00+00:00,1,1
2025-12-29 13:50:00+00:00,0,1
2025-12-29 13:53:00+00:00,1,1
2025-12-29 13:54:00+00:00,0,1
2025-12-29 13:57:00+00:00,1,1
2025-12-29 13:59:00+00:00,1,1
2025-12-29 14:00:00+00:00,1,1
2025-12-29 14:01:00+00:00,1,0
2025-12-29 14:03:00+00:00,1,1
2025-12-29 14:06:00+00:00,0,1
2025-12-29 14:07:00+00:00,0,1
2025-12-29 14:08:00+00:00,0,1
2025-12-29 14:10:00+00:00,0,1
2025-12-29 14:13:00+00:00,1,1
2025-12-29 14:15:00+00:00,1,1
2025-12-29 14:16:00+00:00,1,0
2025-12-29 14:18:00+00:00,1,1
2025-12-29 14:23:00+00:00,1,1
2025-12-29 14:24:00+00:00,1,1
2025-12-29 14:26:00+00:00,1,1
2025-12-29 14:27:00+00:00,1,1
2025-12-29 14:30:00+00:00,0,1
2025-12-29 14:34:00+00:00,1,1
2025-12-29 14:35:00+00:00,1,1
2025-12-29 14:37:00+00:00,1,1
2025-12-29 14:40:00+00:00,0,1
2025-12-29 14:41:00+00:00,0,1
2025-12-29 14:43:00+00:00,0,1
2025-12-29 14:44:00+00:00,0,1
2025-12-29 14:45:00+00:00,1,1
2025-12-29 14:46:00+00:00,1,1
2025-12-29 14:48:00+00:00,1,0
2025-12-29 14:50:00+00:00,1,1
2025-12-29 14:51:00+00:00,1,1
2025-12-29 14:53:00+00:00,1,1
2025-12-29 14:54:00+00:00,1,1
2025-12-29 14:55:00+00:00,1,1
2025-12-29 14:56:00+00:00,1,1
2025-12-29 14:57:00+00:00,1,1
2025-12-29 14:58:00+00:00,1,1
2025-12-29 15:00:00+00:00,1,1
2025-12-29 15:02:00+00:00,1,1
2025-12-29 15:06:00+00:00,0,1
2025-12-29 15:07:00+00:00,0,1
2025-12-29 15:08:00+00:00,0,1
2025-12-29 15:09:00+00:00,1,1
2025-12-29 15:11:00+00:00,1,1
2025-12-29 15:12:00+00:00,1,1
2025-12-29 15:13:00+00:00,1,1
2025-12-29 15:15:00+00:00,1,1
2025-12-29 15:16:00+00:00,0,1
2025-12-29 15:17:00+00:00,1,1
2025-12-29 15:20:00+00:00,0,1
2025-12-29 15:21:00+00:00,0,1
2025-12-29 15:24:00+00:00,1,0
2025-12-29 15:25:00+00:00,0,1
2025-12-29 15:29:00+00:00,1,1
2025-12-29 15:30:00+00:00,0,1
2025-12-29 15:31:00+00:00,1,1
2025-12-29 15:34:00+00:00,0,1
2025-12-29 15:35:00+00:00,0,1
2025-12-29 15:38:00+00:00,0,1
2025-12-29 15:41:00+00:00,0,1
2025-12-29 15:42:00+00:00,0,1
2025-12-29 15:43:00+00:00,0,0
2025-12-29 15:44:00+00:00,0,1
2025-12-29 15:46:00+00:00,0,1
2025-12-29 15:47:00+00:00,0,1
2025-12-29 15:50:00+00:00,0,1
2025-12-29 15:58:00+00:00,0,1
2025-12-29 16:00:00+00:00,0,1
2025-12-29 16:01:00+00:00,0,1
2025-12-29 16:05:00+00:00,0,1
2025-12-29 16:13:00+00:00,0,1
2025-12-29 16:15:00+00:00,0,1
2025-12-29 16:16:00+00:00,1,1
2025-12-29 16:54:00+00:00,1,0
2025-12-29 17:06:00+00:00,0,0
2025-12-29 17:38:00+00:00,0,0
2025-12-29 17:40:00+00:00,0,0
2025-12-30 01:04:00+00:00,1,0
2025-12-30 01:06:00+00:00,1,0
2025-12-30 06:36:00+00:00,0,0
2025-12-30 10:30:00+00:00,0,0
2025-12-30 10:31:00+00:00,0,0
2025-12-30 13:20:00+00:00,0,0
2025-12-30 13:30:00+00:00,0,0
2025-12-30 13:32:00+00:00,0,0
2025-12-30 13:34:00+00:00,0,1
2025-12-30 13:36:00+00:00,0,1
2025-12-30 13:46:00+00:00,0,0
2025-12-30 13:47:00+00:00,0,0
2025-12-30 14:31:00+00:00,1,0
2025-12-30 14:32:00+00:00,1,1
2025-12-30 14:35:00+00:00,1,1
2025-12-30 14:38:00+00:00,0,1
2025-12-30 14:40:00+00:00,0,0
2025-12-30 14:44:00+00:00,0,1
2025-12-30 14:45:00+00:00,0,1
2025-12-30 14:46:00+00:00,0,0
2025-12-30 14:47:00+00:00,1,1
2025-12-30 14:48:00+00:00,0,1
2025-12-30 14:52:00+00:00,0,1
2025-12-30 14:55:00+00:00,0,1
2025-12-30 15:00:00+00:00,0,1
2025-12-30 15:02:00+00:00,0,0
2025-12-30 15:04:00+00:00,0,0
2025-12-30 15:05:00+00:00,0,0
2025-12-30 15:19:00+00:00,0,1
2025-12-30 15:32:00+00:00,0,0
2025-12-30 15:41:00+00:00,0,0
2025-12-30 17:00:00+00:00,0,0
2025-12-30 19:52:00+00:00,0,0
2025-12-30 19:59:00+00:00,0,0
2025-12-31 05:40:00+00:00,1,0
2025-12-31 05:48:00+00:00,1,0
2025-12-31 05:49:00+00:00,1,1
2025-12-31 05:50:00+00:00,0,1
2025-12-31 05:51:00+00:00,0,1
2025-12-31 05:52:00+00:00,0,1
2025-12-31 05:53:00+00:00,0,1
2025-12-31 05:54:00+00:00,0,1
2025-12-31 05:57:00+00:00,0,1
2025-12-31 05:59:00+00:00,0,1
2025-12-31 06:01:00+00:00,1,1
2025-12-31 06:02:00+00:00,1,1
2025-12-31 06:05:00+00:00,1,0
2025-12-31 06:11:00+00:00,1,0
2025-12-31 06:12:00+00:00,1,1
2025-12-31 10:30:00+00:00,0,0
2025-12-31 13:40:00+00:00,0,0
2025-12-31 14:05:00+00:00,0,0
2025-12-31 14:30:00+00:00,0,1
2025-12-31 14:39:00+00:00,0,1
2025-12-31 14:44:00+00:00,0,1
2025-12-31 14:46:00+00:00,1,1
2025-12-31 14:48:00+00:00,0,1
2026-01-02 12:41:00+00:00,0,0
2026-01-02 13:20:00+00:00,1,0
2026-01-02 13:21:00+00:00,1,0
2026-01-02 13:24:00+00:00,0,0
2026-01-02 13:29:00+00:00,0,0
2026-01-02 14:00:00+00:00,1,0
2026-01-02 14:30:00+00:00,1,0
2026-01-02 14:31:00+00:00,1,0
2026-01-02 14:34:00+00:00,1,0
2026-01-02 14:35:00+00:00,0,0
2026-01-02 14:36:00+00:00,1,0
2026-01-02 14:39:00+00:00,0,0
2026-01-02 14:43:00+00:00,1,0
2026-01-02 14:47:00+00:00,1,0
2026-01-02 15:03:00+00:00,0,0
2026-01-02 15:04:00+00:00,0,0
2026-01-02 15:10:00+00:00,0,1
2026-01-02 15:11:00+00:00,0,1
2026-01-02 15:13:00+00:00,0,1
2026-01-02 15:18:00+00:00,0,1
2026-01-02 15:23:00+00:00,0,0
2026-01-02 15:24:00+00:00,0,0
2026-01-02 15:30:00+00:00,0,1
2026-01-02 15:33:00+00:00,1,1
2026-01-02 16:01:00+00:00,0,0
2026-01-02 16:03:00+00:00,0,1
2026-01-02 16:16:00+00:00,0,1
2026-01-02 16:23:00+00:00,0,0
2026-01-02 16:26:00+00:00,0,1
2026-01-04 23:09:00+00:00,0,1
2026-01-04 23:10:00+00:00,0,1
2026-01-04 23:12:00+00:00,0,1
2026-01-04 23:16:00+00:00,0,1
2026-01-04 23:50:00+00:00,0,0
2026-01-05 00:40:00+00:00,1,0
2026-01-05 01:00:00+00:00,1,0
2026-01-05 01:02:00+00:00,0,1
2026-01-05 01:04:00+00:00,1,1
2026-01-05 01:05:00+00:00,0,1
2026-01-05 01:07:00+00:00,1,1
2026-01-05 01:10:00+00:00,0,1
2026-01-05 01:12:00+00:00,0,1
2026-01-05 01:25:00+00:00,0,0
2026-01-05 01:26:00+00:00,0,1
2026-01-05 01:50:00+00:00,0,0
2026-01-05 01:53:00+00:00,0,1
2026-01-05 02:30:00+00:00,0,0
2026-01-05 03:02:00+00:00,0,0
2026-01-05 06:25:00+00:00,0,0
2026-01-05 11:25:00+00:00,0,0
2026-01-05 11:26:00+00:00,0,0
2026-01-05 11:27:00+00:00,0,1
2026-01-05 11:28:00+00:00,0,0
2026-01-05 12:42:00+00:00,0,0
2026-01-05 13:01:00+00:00,0,0
2026-01-05 13:08:00+00:00,0,0
2026-01-05 13:09:00+00:00,0,0
2026-01-05 13:22:00+00:00,1,1
2026-01-05 13:23:00+00:00,0,0
2026-01-05 13:29:00+00:00,1,0
2026-01-05 13:31:00+00:00,1,0
2026-01-05 13:33:00+00:00,1,0
2026-01-05 14:10:00+00:00,0,0
2026-01-05 14:31:00+00:00,1,0
2026-01-05 14:32:00+00:00,1,0
2026-01-05 14:35:00+00:00,1,0
2026-01-05 14:39:00+00:00,1,0
2026-01-05 14:40:00+00:00,1,0
2026-01-05 14:44:00+00:00,1,0
2026-01-05 14:46:00+00:00,1,0
2026-01-05 15:00:00+00:00,0,0
2026-01-05 15:03:00+00:00,0,0
2026-01-05 15:10:00+00:00,0,0
2026-01-05 15:12:00+00:00,0,0
2026-01-05 15:16:00+00:00,0,0
2026-01-05 15:25:00+00:00,0,0
2026-01-05 15:26:00+00:00,0,0
2026-01-05 15:36:00+00:00,0,0
2026-01-05 15:39:00+00:00,0,0
2026-01-05 15:44:00+00:00,0,0
2026-01-05 16:06:00+00:00,0,0
2026-01-05 16:49:00+00:00,0,0
2026-01-05 16:59:00+00:00,0,0
2026-01-05 17:01:00+00:00,0,0
2026-01-05 17:03:00+00:00,0,0
2026-01-05 17:05:00+00:00,0,0
2026-01-06 05:47:00+00:00,0,0
2026-01-06 05:56:00+00:00,0,0
2026-01-06 09:11:00+00:00,0,0
2026-01-06 09:47:00+00:00,0,0
2026-01-06 13:02:00+00:00,0,0
2026-01-06 13:16:00+00:00,0,0
2026-01-06 13:20:00+00:00,0,0
2026-01-06 13:21:00+00:00,0,0
2026-01-06 13:53:00+00:00,0,0
2026-01-06 14:16:00+00:00,1,0
2026-01-06 14:30:00+00:00,1,0
2026-01-06 14:31:00+00:00,0,0
2026-01-06 14:34:00+00:00,0,1
2026-01-06 14:38:00+00:00,0,0
2026-01-06 14:45:00+00:00,0,0
2026-01-06 14:52:00+00:00,1,1
2026-01-06 15:06:00+00:00,1,0
2026-01-06 15:10:00+00:00,0,0
2026-01-06 15:13:00+00:00,1,0
2026-01-06 15:19:00+00:00,0,0
2026-01-06 15:26:00+00:00,0,0
2026-01-06 15:33:00+00:00,0,1
2026-01-06 15:37:00+00:00,0,0
2026-01-06 15:38:00+00:00,0,1
2026-01-06 15:57:00+00:00,0,0
2026-01-06 16:05:00+00:00,0,0
2026-01-06 16:45:00+00:00,0,0
2026-01-07 01:05:00+00:00,0,0
2026-01-07 01:10:00+00:00,0,0
2026-01-07 01:11:00+00:00,0,0
2026-01-07 01:34:00+00:00,0,1
2026-01-07 05:34:00+00:00,0,0
2026-01-07 12:21:00+00:00,0,0
2026-01-07 13:06:00+00:00,0,0
2026-01-07 13:08:00+00:00,0,0
2026-01-07 13:10:00+00:00,0,1
2026-01-07 13:15:00+00:00,0,1
2026-01-07 13:17:00+00:00,0,1
2026-01-07 13:23:00+00:00,0,0
2026-01-07 13:29:00+00:00,0,0
2026-01-07 13:30:00+00:00,0,1
2026-01-07 13:37:00+00:00,0,1
2026-01-07 13:44:00+00:00,0,1
2026-01-07 13:56:00+00:00,0,1
2026-01-07 14:15:00+00:00,0,1
2026-01-07 14:30:00+00:00,1,1
2026-01-07 14:32:00+00:00,1,1
2026-01-07 14:33:00+00:00,1,1
2026-01-07 14:37:00+00:00,0,1
2026-01-07 14:43:00+00:00,1,1
2026-01-07 14:46:00+00:00,1,1
2026-01-07 14:52:00+00:00,1,1
2026-01-07 14:55:00+00:00,1,1
2026-01-07 15:00:00+00:00,0,1
2026-01-07 15:07:00+00:00,0,1
2026-01-07 15:08:00+00:00,1,1
2026-01-07 15:10:00+00:00,0,1
2026-01-07 15:11:00+00:00,0,1
2026-01-07 15:14:00+00:00,1,1
2026-01-07 15:18:00+00:00,1,1
2026-01-07 15:20:00+00:00,1,1
2026-01-07 15:25:00+00:00,0,1
2026-01-07 15:29:00+00:00,0,1
2026-01-07 15:32:00+00:00,0,1
2026-01-07 15:44:00+00:00,0,1
2026-01-07 16:21:00+00:00,0,0
2026-01-07 16:22:00+00:00,0,0
2026-01-08 05:43:00+00:00,0,0
2026-01-08 06:04:00+00:00,0,0
2026-01-08 12:05:00+00:00,0,0
2026-01-08 12:06:00+00:00,0,0
2026-01-08 13:30:00+00:00,0,0
2026-01-08 14:32:00+00:00,1,1
2026-01-08 14:33:00+00:00,1,1
2026-01-08 14:38:00+00:00,1,1
2026-01-08 14:39:00+00:00,1,1
2026-01-08 14:43:00+00:00,1,1
2026-01-08 14:50:00+00:00,1,1
2026-01-08 15:00:00+00:00,1,1
2026-01-08 15:05:00+00:00,0,0
2026-01-08 15:09:00+00:00,0,0
2026-01-08 15:14:00+00:00,0,0
2026-01-08 15:16:00+00:00,0,0
2026-01-08 16:32:00+00:00,0,0
2026-01-08 20:27:00+00:00,0,0
2026-01-08 20:30:00+00:00,0,1
2026-01-09 13:31:00+00:00,0,1
2026-01-09 13:32:00+00:00,0,1
2026-01-09 13:35:00+00:00,0,1
2026-01-09 13:37:00+00:00,0,1
2026-01-09 13:47:00+00:00,0,1
2026-01-09 13:50:00+00:00,0,0
2026-01-09 13:52:00+00:00,0,0
2026-01-09 13:53:00+00:00,0,0
2026-01-09 14:00:00+00:00,0,1
2026-01-09 14:10:00+00:00,0,0
2026-01-09 14:20:00+00:00,0,0
2026-01-09 14:30:00+00:00,0,1
2026-01-09 14:32:00+00:00,0,1
2026-01-09 14:34:00+00:00,0,1
2026-01-09 14:35:00+00:00,0,1
2026-01-09 14:43:00+00:00,1,1
2026-01-09 14:50:00+00:00,1,1
2026-01-09 14:51:00+00:00,1,0
2026-01-09 15:04:00+00:00,1,1
2026-01-09 15:22:00+00:00,0,0
2026-01-09 15:26:00+00:00,0,0
2026-01-09 15:31:00+00:00,0,0
2026-01-09 16:11:00+00:00,0,0
2026-01-09 16:13:00+00:00,0,0
2026-01-09 16:15:00+00:00,0,0
2026-01-09 17:53:00+00:00,0,0
2026-01-09 17:56:00+00:00,1,0
2026-01-09 18:05:00+00:00,0,0
2026-01-11 23:01:00+00:00,1,0
2026-01-11 23:06:00+00:00,0,0
2026-01-11 23:30:00+00:00,0,0
2026-01-11 23:41:00+00:00,1,0
2026-01-12 00:17:00+00:00,1,0
2026-01-12 00:18:00+00:00,1,0
2026-01-12 00:26:00+00:00,1,1
2026-01-12 00:32:00+00:00,1,1
2026-01-12 00:37:00+00:00,0,0
2026-01-12 00:39:00+00:00,0,0
2026-01-12 00:47:00+00:00,1,0
2026-01-12 00:53:00+00:00,1,1
2026-01-12 00:56:00+00:00,0,0
2026-01-12 01:01:00+00:00,0,0
2026-01-12 01:02:00+00:00,0,0
2026-01-12 01:08:00+00:00,0,0
2026-01-12 01:10:00+00:00,0,0
2026-01-12 01:11:00+00:00,0,0
2026-01-12 01:15:00+00:00,0,0
2026-01-12 02:09:00+00:00,0,0
2026-01-12 13:03:00+00:00,0,0
2026-01-12 13:07:00+00:00,0,0
2026-01-12 13:12:00+00:00,0,0
2026-01-12 13:15:00+00:00,0,0
2026-01-12 13:41:00+00:00,0,0
2026-01-12 14:00:00+00:00,1,0
2026-01-12 14:02:00+00:00,1,0
2026-01-12 14:03:00+00:00,0,0
2026-01-12 14:15:00+00:00,0,0
2026-01-12 14:22:00+00:00,0,0
2026-01-12 14:28:00+00:00,1,0
2026-01-12 14:30:00+00:00,1,0
2026-01-12 14:31:00+00:00,1,0
2026-01-12 14:35:00+00:00,1,0
2026-01-12 14:36:00+00:00,1,0
2026-01-12 14:38:00+00:00,0,0
2026-01-12 14:39:00+00:00,0,0
2026-01-12 14:40:00+00:00,0,0
2026-01-12 14:43:00+00:00,0,1
2026-01-12 14:58:00+00:00,1,1
2026-01-12 15:00:00+00:00,1,0
2026-01-12 15:01:00+00:00,0,0
2026-01-12 15:04:00+00:00,1,1
2026-01-12 15:05:00+00:00,0,0
2026-01-12 15:06:00+00:00,0,1
2026-01-12 15:12:00+00:00,0,1
2026-01-12 15:33:00+00:00,0,0
2026-01-12 15:40:00+00:00,0,0
2026-01-12 16:13:00+00:00,1,0
2026-01-12 16:36:00+00:00,0,0
2026-01-12 16:40:00+00:00,0,0
2026-01-12 18:16:00+00:00,0,0
2026-01-12 23:12:00+00:00,0,0
2026-01-12 23:15:00+00:00,0,1
2026-01-13 05:31:00+00:00,0,0
2026-01-13 13:12:00+00:00,0,1
2026-01-13 13:25:00+00:00,0,0
2026-01-13 13:30:00+00:00,0,0
2026-01-13 13:31:00+00:00,0,0
2026-01-13 13:32:00+00:00,0,1
2026-01-13 13:41:00+00:00,0,1
2026-01-13 13:56:00+00:00,0,0
2026-01-13 13:58:00+00:00,0,1
2026-01-13 14:14:00+00:00,0,0
2026-01-13 14:30:00+00:00,0,1
2026-01-13 14:31:00+00:00,0,1
2026-01-13 14:32:00+00:00,1,1
2026-01-13 14:47:00+00:00,1,0
2026-01-13 14:52:00+00:00,1,0
2026-01-13 14:57:00+00:00,1,0
2026-01-13 14:58:00+00:00,1,0
2026-01-13 15:00:00+00:00,1,0
2026-01-13 15:03:00+00:00,0,0
2026-01-13 15:04:00+00:00,0,1
2026-01-13 15:17:00+00:00,0,0
2026-01-13 15:18:00+00:00,0,0
2026-01-13 15:20:00+00:00,0,0
2026-01-13 15:21:00+00:00,0,0
2026-01-13 15:23:00+00:00,0,0
2026-01-13 15:38:00+00:00,0,1
2026-01-13 16:06:00+00:00,0,0
2026-01-13 16:09:00+00:00,0,0
2026-01-13 16:12:00+00:00,1,0
2026-01-13 16:27:00+00:00,1,1
2026-01-13 16:30:00+00:00,0,0
2026-01-13 17:58:00+00:00,0,0
2026-01-13 18:03:00+00:00,0,0
2026-01-13 18:21:00+00:00,0,0
2026-01-13 19:16:00+00:00,0,0
2026-01-13 20:32:00+00:00,0,0
2026-01-13 20:34:00+00:00,0,0
2026-01-13 20:35:00+00:00,0,0
2026-01-13 20:40:00+00:00,0,0
2026-01-14 01:00:00+00:00,0,0
2026-01-14 05:55:00+00:00,0,0
2026-01-14 05:57:00+00:00,0,0
2026-01-14 05:58:00+00:00,0,0
2026-01-14 06:01:00+00:00,0,0
2026-01-14 06:12:00+00:00,0,0
2026-01-14 07:00:00+00:00,0,0
2026-01-14 14:31:00+00:00,1,0
2026-01-14 14:35:00+00:00,1,0
2026-01-14 14:39:00+00:00,0,0
2026-01-14 14:42:00+00:00,0,0
2026-01-14 14:46:00+00:00,1,1
2026-01-14 14:48:00+00:00,0,0
2026-01-14 15:00:00+00:00,0,0
2026-01-14 15:01:00+00:00,0,0
2026-01-14 15:02:00+00:00,1,0
2026-01-14 15:06:00+00:00,0,0
2026-01-14 15:08:00+00:00,1,0
2026-01-14 15:11:00+00:00,0,1
2026-01-14 15:16:00+00:00,0,0
2026-01-14 15:18:00+00:00,0,0
2026-01-14 15:22:00+00:00,0,0
2026-01-14 15:23:00+00:00,0,0
2026-01-14 15:29:00+00:00,0,1
2026-01-14 15:32:00+00:00,0,0
2026-01-14 15:35:00+00:00,0,0
2026-01-14 15:37:00+00:00,0,0
2026-01-14 15:43:00+00:00,0,0
2026-01-14 20:02:00+00:00,0,0
2026-01-14 20:06:00+00:00,0,0
2026-01-14 20:07:00+00:00,0,0
2026-01-15 01:24:00+00:00,0,0
2026-01-15 01:30:00+00:00,0,0
2026-01-15 01:31:00+00:00,1,0
2026-01-15 01:32:00+00:00,1,0
2026-01-15 01:33:00+00:00,0,0
2026-01-15 01:34:00+00:00,1,0
2026-01-15 01:35:00+00:00,0,0
2026-01-15 13:18:00+00:00,1,0
2026-01-15 13:33:00+00:00,0,1
2026-01-15 13:36:00+00:00,0,1
2026-01-15 13:38:00+00:00,0,1
2026-01-15 13:42:00+00:00,0,1
2026-01-15 13:45:00+00:00,1,1
2026-01-15 13:48:00+00:00,1,1
2026-01-15 13:50:00+00:00,1,1
2026-01-15 13:56:00+00:00,1,1
2026-01-15 13:57:00+00:00,1,1
2026-01-15 14:03:00+00:00,0,1
2026-01-15 14:15:00+00:00,0,0
2026-01-15 14:30:00+00:00,0,0
2026-01-15 14:32:00+00:00,0,1
2026-01-15 14:36:00+00:00,0,1
2026-01-15 14:40:00+00:00,0,1
2026-01-15 14:46:00+00:00,0,1
2026-01-15 14:54:00+00:00,0,0
2026-01-15 15:00:00+00:00,0,1
2026-01-15 15:01:00+00:00,0,0
2026-01-15 15:06:00+00:00,0,0
2026-01-15 16:11:00+00:00,1,0
2026-01-16 13:01:00+00:00,1,1
2026-01-16 13:02:00+00:00,0,0
2026-01-16 13:16:00+00:00,0,0
2026-01-16 13:18:00+00:00,0,1
2026-01-16 13:27:00+00:00,1,1
2026-01-16 13:35:00+00:00,0,0
2026-01-16 14:31:00+00:00,0,1
2026-01-16 14:34:00+00:00,0,1
2026-01-16 14:36:00+00:00,0,1
2026-01-16 14:40:00+00:00,0,1
2026-01-16 15:19:00+00:00,1,1
2026-01-16 15:20:00+00:00,1,1
2026-01-16 15:21:00+00:00,1,1
2026-01-16 15:22:00+00:00,1,1
2026-01-16 15:23:00+00:00,1,1
2026-01-16 15:24:00+00:00,1,0
2026-01-16 15:26:00+00:00,1,1
2026-01-16 15:28:00+00:00,0,0
2026-01-16 15:29:00+00:00,0,1
2026-01-16 15:31:00+00:00,0,0
2026-01-16 15:33:00+00:00,1,0
2026-01-16 15:36:00+00:00,0,1
2026-01-16 15:37:00+00:00,1,1
2026-01-16 15:38:00+00:00,1,1
2026-01-16 15:39:00+00:00,1,1
2026-01-16 15:40:00+00:00,1,1
2026-01-16 15:41:00+00:00,1,1
2026-01-16 15:45:00+00:00,1,1
2026-01-16 15:47:00+00:00,1,1
2026-01-16 15:50:00+00:00,1,1
2026-01-16 15:51:00+00:00,1,1
2026-01-16 15:52:00+00:00,1,1
2026-01-16 15:53:00+00:00,1,1
2026-01-16 15:54:00+00:00,1,1
2026-01-16 15:55:00+00:00,1,1
2026-01-16 15:56:00+00:00,1,1
2026-01-16 16:00:00+00:00,1,1
2026-01-16 16:03:00+00:00,1,0
2026-01-16 16:06:00+00:00,0,1
2026-01-16 16:07:00+00:00,0,1
2026-01-16 16:13:00+00:00,0,1
2026-01-16 16:15:00+00:00,0,1
2026-01-16 16:18:00+00:00,0,1
2026-01-16 16:19:00+00:00,0,1
2026-01-16 16:21:00+00:00,0,1
2026-01-16 16:38:00+00:00,0,0
2026-01-16 16:49:00+00:00,0,1
2026-01-16 17:22:00+00:00,0,0
2026-01-18 23:16:00+00:00,1,0
2026-01-18 23:17:00+00:00,1,1
2026-01-18 23:22:00+00:00,0,1
2026-01-18 23:25:00+00:00,0,1
2026-01-18 23:28:00+00:00,0,0
2026-01-18 23:29:00+00:00,0,1
2026-01-18 23:33:00+00:00,0,1
2026-01-18 23:40:00+00:00,0,0
2026-01-19 00:22:00+00:00,0,0
2026-01-19 01:20:00+00:00,0,0
2026-01-20 05:55:00+00:00,0,0
2026-01-20 06:00:00+00:00,0,0
2026-01-20 06:03:00+00:00,0,0
2026-01-20 13:23:00+00:00,1,0
2026-01-20 13:34:00+00:00,1,1
2026-01-20 13:44:00+00:00,1,0
2026-01-20 13:52:00+00:00,1,1
2026-01-20 14:00:00+00:00,0,1
2026-01-20 14:02:00+00:00,0,1
2026-01-20 14:04:00+00:00,0,1
2026-01-20 14:05:00+00:00,0,1
2026-01-20 14:11:00+00:00,0,0
2026-01-20 14:13:00+00:00,0,0
2026-01-20 14:27:00+00:00,0,0
2026-01-20 14:30:00+00:00,0,0
2026-01-20 14:33:00+00:00,0,0
2026-01-20 14:34:00+00:00,0,1
2026-01-20 14:38:00+00:00,0,0
2026-01-20 14:40:00+00:00,0,0
2026-01-20 14:43:00+00:00,0,1
2026-01-20 14:47:00+00:00,0,1
2026-01-20 14:48:00+00:00,0,1
2026-01-20 14:53:00+00:00,0,0
2026-01-20 15:07:00+00:00,1,0
2026-01-20 15:08:00+00:00,1,0
2026-01-20 15:16:00+00:00,0,1
2026-01-20 15:18:00+00:00,0,1
2026-01-20 15:23:00+00:00,0,1
2026-01-20 15:25:00+00:00,0,0
2026-01-20 15:29:00+00:00,0,1
2026-01-20 15:30:00+00:00,0,1
2026-01-20 15:35:00+00:00,0,1
2026-01-20 15:40:00+00:00,0,1
2026-01-20 16:56:00+00:00,0,0
2026-01-20 17:01:00+00:00,0,0
2026-01-20 23:44:00+00:00,0,0
2026-01-20 23:46:00+00:00,0,1
2026-01-20 23:47:00+00:00,0,1
2026-01-21 01:04:00+00:00,1,0
2026-01-21 01:09:00+00:00,1,1
2026-01-21 01:10:00+00:00,1,0
2026-01-21 01:13:00+00:00,1,0
2026-01-21 01:19:00+00:00,1,0
2026-01-21 01:24:00+00:00,1,0
2026-01-21 01:26:00+00:00,1,0
2026-01-21 01:30:00+00:00,0,1
2026-01-21 01:33:00+00:00,1,0
2026-01-21 01:34:00+00:00,1,0
2026-01-21 01:37:00+00:00,0,0
2026-01-21 01:38:00+00:00,1,0
2026-01-21 01:54:00+00:00,1,1
2026-01-21 01:55:00+00:00,1,0
2026-01-21 02:00:00+00:00,1,0
2026-01-21 02:01:00+00:00,1,0
2026-01-21 02:13:00+00:00,0,0
2026-01-21 02:21:00+00:00,1,0
2026-01-21 03:13:00+00:00,0,0
2026-01-21 03:14:00+00:00,0,0
2026-01-21 03:15:00+00:00,0,0
2026-01-21 04:55:00+00:00,0,0
2026-01-21 05:26:00+00:00,0,0
2026-01-21 05:34:00+00:00,0,0
2026-01-21 06:04:00+00:00,0,0
2026-01-21 06:22:00+00:00,1,0
2026-01-21 06:25:00+00:00,1,0
2026-01-21 06:38:00+00:00,1,0
2026-01-21 06:42:00+00:00,1,0
2026-01-21 06:48:00+00:00,1,0
2026-01-21 06:55:00+00:00,1,0
2026-01-21 06:56:00+00:00,0,0
2026-01-21 06:57:00+00:00,0,1
2026-01-21 07:00:00+00:00,0,1
2026-01-21 07:08:00+00:00,0,0
2026-01-21 07:22:00+00:00,1,0
2026-01-21 07:28:00+00:00,0,0
2026-01-21 08:05:00+00:00,0,0
2026-01-21 09:26:00+00:00,0,0
2026-01-21 11:46:00+00:00,0,0
2026-01-21 13:01:00+00:00,0,0
2026-01-21 14:01:00+00:00,1,0
2026-01-21 14:02:00+00:00,1,0
2026-01-21 14:05:00+00:00,0,0
2026-01-21 14:07:00+00:00,1,0
2026-01-21 14:08:00+00:00,0,0
2026-01-21 14:09:00+00:00,1,0
2026-01-21 14:10:00+00:00,1,1
2026-01-21 14:11:00+00:00,1,1
2026-01-21 14:13:00+00:00,1,0
2026-01-21 14:14:00+00:00,1,0
2026-01-21 14:15:00+00:00,1,1
2026-01-21 14:16:00+00:00,1,1
2026-01-21 14:19:00+00:00,1,1
2026-01-21 14:20:00+00:00,0,1
2026-01-21 14:22:00+00:00,1,1
2026-01-21 14:26:00+00:00,0,1
2026-01-21 14:30:00+00:00,0,1
2026-01-21 14:32:00+00:00,0,1
2026-01-21 14:34:00+00:00,0,1
2026-01-21 14:36:00+00:00,0,1
2026-01-21 14:37:00+00:00,1,1
2026-01-21 14:39:00+00:00,1,1
2026-01-21 14:40:00+00:00,1,1
2026-01-21 14:43:00+00:00,1,1
2026-01-21 14:44:00+00:00,1,1
2026-01-21 14:47:00+00:00,1,1
2026-01-21 14:49:00+00:00,0,1
2026-01-21 14:51:00+00:00,0,1
2026-01-21 14:54:00+00:00,0,1
2026-01-21 14:59:00+00:00,0,1
2026-01-21 15:00:00+00:00,0,1
2026-01-21 15:02:00+00:00,1,1
2026-01-21 15:03:00+00:00,1,1
2026-01-21 15:06:00+00:00,1,0
2026-01-21 15:11:00+00:00,1,0
2026-01-21 15:13:00+00:00,1,0
2026-01-21 15:16:00+00:00,1,1
2026-01-21 15:17:00+00:00,1,1
2026-01-21 15:18:00+00:00,0,1
2026-01-21 15:19:00+00:00,0,1
2026-01-21 15:21:00+00:00,1,0
2026-01-21 15:23:00+00:00,1,0
2026-01-21 15:28:00+00:00,1,1
2026-01-21 15:29:00+00:00,1,1
2026-01-21 15:30:00+00:00,0,1
2026-01-21 15:31:00+00:00,1,1
2026-01-21 15:32:00+00:00,0,1
2026-01-21 15:38:00+00:00,0,1
2026-01-21 15:39:00+00:00,0,0
2026-01-21 15:43:00+00:00,1,1
2026-01-21 15:44:00+00:00,0,1
2026-01-21 15:47:00+00:00,0,1
2026-01-21 15:53:00+00:00,1,0
2026-01-21 16:05:00+00:00,1,0
2026-01-21 16:19:00+00:00,0,0
2026-01-21 16:26:00+00:00,0,0
2026-01-21 16:30:00+00:00,1,0
2026-01-21 16:40:00+00:00,1,0
2026-01-21 16:42:00+00:00,1,1
2026-01-21 16:44:00+00:00,1,0
2026-01-21 16:52:00+00:00,0,1
2026-01-21 16:53:00+00:00,1,1
2026-01-21 17:03:00+00:00,0,1
2026-01-21 17:12:00+00:00,0,0
2026-01-21 17:16:00+00:00,0,0
2026-01-21 17:26:00+00:00,0,0
2026-01-21 17:30:00+00:00,0,0
2026-01-21 17:31:00+00:00,1,0
2026-01-21 17:32:00+00:00,1,1
2026-01-21 17:35:00+00:00,0,1
2026-01-21 17:41:00+00:00,1,1
2026-01-21 19:27:00+00:00,1,1
2026-01-21 19:28:00+00:00,0,1
2026-01-21 19:29:00+00:00,1,1
2026-01-21 19:30:00+00:00,0,1
2026-01-21 19:32:00+00:00,1,1
2026-01-21 19:35:00+00:00,0,0
2026-01-21 19:36:00+00:00,0,1
2026-01-21 19:37:00+00:00,0,0
2026-01-21 19:38:00+00:00,0,1
2026-01-21 19:39:00+00:00,0,0
2026-01-21 19:40:00+00:00,0,0
2026-01-21 19:41:00+00:00,0,1
2026-01-21 19:44:00+00:00,1,0
2026-01-21 19:48:00+00:00,0,1
2026-01-21 19:50:00+00:00,1,1
2026-01-21 19:51:00+00:00,1,0
2026-01-21 19:54:00+00:00,1,1
2026-01-21 19:55:00+00:00,1,1
2026-01-21 19:57:00+00:00,1,1
2026-01-21 20:00:00+00:00,0,1
2026-01-21 20:02:00+00:00,1,1
2026-01-21 20:03:00+00:00,1,1
2026-01-21 20:06:00+00:00,1,1
2026-01-21 20:14:00+00:00,1,0
2026-01-21 20:18:00+00:00,1,0
2026-01-21 20:20:00+00:00,0,0
2026-01-21 20:22:00+00:00,1,0
2026-01-21 20:24:00+00:00,1,0
2026-01-21 20:27:00+00:00,1,0
2026-01-21 20:30:00+00:00,1,0
2026-01-21 20:31:00+00:00,0,0
2026-01-21 20:32:00+00:00,1,0
2026-01-21 20:35:00+00:00,1,0
2026-01-21 20:36:00+00:00,1,1
2026-01-21 20:42:00+00:00,1,0
2026-01-21 20:43:00+00:00,1,0
2026-01-21 20:51:00+00:00,0,0
2026-01-21 20:52:00+00:00,0,0
2026-01-21 21:00:00+00:00,1,1
2026-01-21 23:58:00+00:00,0,1
2026-01-22 00:00:00+00:00,0,1
2026-01-22 01:00:00+00:00,0,0
2026-01-22 01:01:00+00:00,1,1
2026-01-22 01:03:00+00:00,1,1
2026-01-22 01:05:00+00:00,1,1
2026-01-22 01:20:00+00:00,0,0
2026-01-22 12:00:00+00:00,0,0
2026-01-22 13:30:00+00:00,0,0
2026-01-22 13:42:00+00:00,0,0
2026-01-22 14:31:00+00:00,0,0
2026-01-22 14:32:00+00:00,0,1
2026-01-22 14:33:00+00:00,0,0
2026-01-22 14:34:00+00:00,0,0
2026-01-22 14:35:00+00:00,0,0
2026-01-22 14:36:00+00:00,0,1
2026-01-22 14:38:00+00:00,0,1
2026-01-22 14:49:00+00:00,0,1
2026-01-22 14:56:00+00:00,0,1
2026-01-22 14:57:00+00:00,0,0
2026-01-22 14:59:00+00:00,1,1
2026-01-22 15:00:00+00:00,1,1
2026-01-22 15:01:00+00:00,1,1
2026-01-22 15:02:00+00:00,1,1
2026-01-22 15:26:00+00:00,1,0
2026-01-22 15:28:00+00:00,1,0
2026-01-22 15:31:00+00:00,0,0
2026-01-22 15:34:00+00:00,0,0
2026-01-22 15:40:00+00:00,1,0
2026-01-22 15:41:00+00:00,0,1
2026-01-22 15:52:00+00:00,0,0
2026-01-22 16:10:00+00:00,0,0
2026-01-22 16:18:00+00:00,0,0
2026-01-22 16:34:00+00:00,0,0
2026-01-22 16:50:00+00:00,0,1
2026-01-22 16:55:00+00:00,1,0
2026-01-22 17:00:00+00:00,1,0
2026-01-22 17:01:00+00:00,0,0
2026-01-22 17:08:00+00:00,1,0
2026-01-22 17:09:00+00:00,1,1
2026-01-22 17:13:00+00:00,1,1
2026-01-22 17:27:00+00:00,1,0
2026-01-22 18:01:00+00:00,0,0
2026-01-22 18:08:00+00:00,0,0
2026-01-22 18:14:00+00:00,0,0
2026-01-22 19:27:00+00:00,0,0
2026-01-22 19:48:00+00:00,1,0
2026-01-22 23:01:00+00:00,0,0
2026-01-22 23:08:00+00:00,1,1
2026-01-22 23:11:00+00:00,1,1
2026-01-22 23:14:00+00:00,0,0
2026-01-22 23:55:00+00:00,0,0
2026-01-23 01:00:00+00:00,1,1
2026-01-23 01:01:00+00:00,0,1
2026-01-23 01:02:00+00:00,1,1
2026-01-23 01:03:00+00:00,0,1
2026-01-23 01:04:00+00:00,0,1
2026-01-23 01:05:00+00:00,1,0
2026-01-23 01:08:00+00:00,0,0
2026-01-23 01:15:00+00:00,0,0
2026-01-23 06:11:00+00:00,0,0
2026-01-23 08:20:00+00:00,1,0
2026-01-23 08:22:00+00:00,1,0
2026-01-23 08:23:00+00:00,1,0
2026-01-23 08:25:00+00:00,0,0
2026-01-23 08:27:00+00:00,0,0
2026-01-23 08:29:00+00:00,0,0
2026-01-23 08:33:00+00:00,0,0
2026-01-23 08:52:00+00:00,0,0
2026-01-23 09:00:00+00:00,0,0
2026-01-23 09:01:00+00:00,0,0
2026-01-23 12:02:00+00:00,0,0
2026-01-23 13:02:00+00:00,0,0
2026-01-23 13:20:00+00:00,0,0
2026-01-23 13:30:00+00:00,0,0
2026-01-23 13:31:00+00:00,0,0
2026-01-23 13:32:00+00:00,0,0
2026-01-23 13:36:00+00:00,0,0
2026-01-23 14:30:00+00:00,1,1
2026-01-23 14:33:00+00:00,0,1
2026-01-23 14:36:00+00:00,0,1
2026-01-23 14:41:00+00:00,0,1
2026-01-23 14:58:00+00:00,0,0
2026-01-23 14:59:00+00:00,0,1
2026-01-23 15:02:00+00:00,0,0
2026-01-23 15:09:00+00:00,0,0
2026-01-23 15:10:00+00:00,0,0
2026-01-23 15:15:00+00:00,0,0
2026-01-23 15:18:00+00:00,0,0
2026-01-23 15:38:00+00:00,1,0
2026-01-23 15:41:00+00:00,1,0
2026-01-23 15:50:00+00:00,1,0
2026-01-23 16:09:00+00:00,0,0
2026-01-23 16:15:00+00:00,0,0
2026-01-23 16:17:00+00:00,0,0
2026-01-23 16:28:00+00:00,0,0
2026-01-23 16:45:00+00:00,0,0
2026-01-23 16:46:00+00:00,0,0
2026-01-23 17:54:00+00:00,0,0
2026-01-23 17:55:00+00:00,0,0
2026-01-23 17:56:00+00:00,1,0
2026-01-23 18:00:00+00:00,0,0
2026-01-23 18:30:00+00:00,0,0
2026-01-23 18:49:00+00:00,1,0
2026-01-23 20:00:00+00:00,0,0
2026-01-25 23:02:00+00:00,0,0
2026-01-25 23:04:00+00:00,0,0
2026-01-25 23:05:00+00:00,1,0
2026-01-25 23:11:00+00:00,1,1
2026-01-25 23:16:00+00:00,0,1
2026-01-25 23:18:00+00:00,0,0
2026-01-25 23:19:00+00:00,0,1
2026-01-25 23:22:00+00:00,0,1
2026-01-25 23:26:00+00:00,1,1
2026-01-25 23:28:00+00:00,1,1
2026-01-25 23:29:00+00:00,1,1
2026-01-25 23:31:00+00:00,0,0
2026-01-25 23:40:00+00:00,0,0
2026-01-25 23:52:00+00:00,0,0
2026-01-25 23:54:00+00:00,0,0
2026-01-26 00:08:00+00:00,0,0
2026-01-26 00:11:00+00:00,0,0
2026-01-26 00:58:00+00:00,1,0
2026-01-26 00:59:00+00:00,0,0
2026-01-26 01:01:00+00:00,1,1
2026-01-26 01:03:00+00:00,1,0
2026-01-26 01:04:00+00:00,1,0
2026-01-26 01:05:00+00:00,1,0
2026-01-26 01:09:00+00:00,1,0
2026-01-26 01:12:00+00:00,1,0
2026-01-26 01:18:00+00:00,1,1
2026-01-26 01:22:00+00:00,0,0
2026-01-26 01:26:00+00:00,0,0
2026-01-26 01:28:00+00:00,0,0
2026-01-26 01:32:00+00:00,0,0
2026-01-26 01:34:00+00:00,0,0
2026-01-26 01:36:00+00:00,0,0
2026-01-26 01:38:00+00:00,0,0
2026-01-26 01:41:00+00:00,0,0
2026-01-26 01:45:00+00:00,0,0
2026-01-26 01:46:00+00:00,0,0
2026-01-26 01:51:00+00:00,1,0
2026-01-26 01:52:00+00:00,0,0
2026-01-26 01:53:00+00:00,0,0
2026-01-26 01:54:00+00:00,0,0
2026-01-26 01:55:00+00:00,0,0
2026-01-26 02:00:00+00:00,0,0
2026-01-26 02:03:00+00:00,1,0
2026-01-26 02:04:00+00:00,0,0
2026-01-26 02:10:00+00:00,0,1
2026-01-26 02:22:00+00:00,0,0
2026-01-26 02:30:00+00:00,0,0
2026-01-26 02:32:00+00:00,0,0
2026-01-26 02:33:00+00:00,0,0
2026-01-26 05:19:00+00:00,1,0
2026-01-26 06:02:00+00:00,0,0
2026-01-26 06:25:00+00:00,1,0
2026-01-26 06:44:00+00:00,0,0
2026-01-26 06:45:00+00:00,0,0
2026-01-26 06:47:00+00:00,1,1
2026-01-26 06:51:00+00:00,1,0
2026-01-26 06:55:00+00:00,0,0
2026-01-26 06:56:00+00:00,0,0
2026-01-26 06:57:00+00:00,0,0
2026-01-26 06:58:00+00:00,0,0
2026-01-26 07:06:00+00:00,0,0
2026-01-26 08:51:00+00:00,0,0
2026-01-26 09:00:00+00:00,0,0
2026-01-26 09:40:00+00:00,0,0
2026-01-26 09:49:00+00:00,0,0
2026-01-26 12:56:00+00:00,1,0
2026-01-26 13:02:00+00:00,0,1
2026-01-26 13:04:00+00:00,0,1
2026-01-26 13:10:00+00:00,1,0
2026-01-26 13:20:00+00:00,0,0
2026-01-26 13:30:00+00:00,0,0
2026-01-26 13:32:00+00:00,1,1
2026-01-26 13:34:00+00:00,0,1
2026-01-26 14:00:00+00:00,1,1
2026-01-26 14:01:00+00:00,1,1
2026-01-26 14:03:00+00:00,1,1
2026-01-26 14:05:00+00:00,1,0
2026-01-26 14:16:00+00:00,1,0
2026-01-26 14:27:00+00:00,0,0
2026-01-26 14:33:00+00:00,0,0
2026-01-26 14:37:00+00:00,0,0
2026-01-26 14:41:00+00:00,0,0
2026-01-26 14:45:00+00:00,0,0
2026-01-26 14:50:00+00:00,0,0
2026-01-26 14:52:00+00:00,0,0
2026-01-26 15:00:00+00:00,0,0
2026-01-26 15:01:00+00:00,0,0
2026-01-26 15:16:00+00:00,0,0
2026-01-26 15:20:00+00:00,0,0
2026-01-26 15:22:00+00:00,0,0
2026-01-26 15:34:00+00:00,1,0
2026-01-26 15:35:00+00:00,1,0
2026-01-26 15:41:00+00:00,1,0
2026-01-26 15:42:00+00:00,1,0
2026-01-26 15:55:00+00:00,0,0
2026-01-26 16:02:00+00:00,1,0
2026-01-26 16:03:00+00:00,1,0
2026-01-26 16:17:00+00:00,1,0
2026-01-26 16:20:00+00:00,1,0
2026-01-26 16:22:00+00:00,1,0
2026-01-26 16:27:00+00:00,0,0
2026-01-26 16:28:00+00:00,1,0
2026-01-26 16:30:00+00:00,0,0
2026-01-26 16:31:00+00:00,0,0
2026-01-26 16:33:00+00:00,0,0
2026-01-26 16:34:00+00:00,1,0
2026-01-26 16:38:00+00:00,1,1
2026-01-26 16:40:00+00:00,0,1
2026-01-26 17:21:00+00:00,0,0
2026-01-26 17:24:00+00:00,1,0
2026-01-26 17:30:00+00:00,1,0
2026-01-26 17:46:00+00:00,1,0
2026-01-26 18:05:00+00:00,1,0
2026-01-26 18:07:00+00:00,1,0
2026-01-26 18:15:00+00:00,1,0
2026-01-26 18:17:00+00:00,1,0
2026-01-26 18:24:00+00:00,1,0
2026-01-26 18:31:00+00:00,1,0
2026-01-26 18:35:00+00:00,0,0
2026-01-26 18:36:00+00:00,1,0
2026-01-26 18:39:00+00:00,0,1
2026-01-26 18:45:00+00:00,0,0
2026-01-26 18:48:00+00:00,1,0
2026-01-26 18:49:00+00:00,1,0
2026-01-26 18:50:00+00:00,1,0
2026-01-26 18:51:00+00:00,1,0
2026-01-26 18:52:00+00:00,1,0
2026-01-26 18:56:00+00:00,1,0
2026-01-26 18:57:00+00:00,1,0
2026-01-26 19:01:00+00:00,1,1
2026-01-26 19:02:00+00:00,0,1
2026-01-26 19:03:00+00:00,0,1
2026-01-26 19:04:00+00:00,0,1
2026-01-26 19:05:00+00:00,0,1
2026-01-26 19:07:00+00:00,1,1
2026-01-26 19:08:00+00:00,1,1
2026-01-26 19:11:00+00:00,0,1
2026-01-26 19:12:00+00:00,1,1
2026-01-26 19:15:00+00:00,1,1
2026-01-26 19:16:00+00:00,1,1
2026-01-26 19:17:00+00:00,1,1
2026-01-26 19:19:00+00:00,1,1
2026-01-26 19:20:00+00:00,0,1
2026-01-26 19:21:00+00:00,0,1
2026-01-26 19:25:00+00:00,0,1
2026-01-26 19:26:00+00:00,0,1
2026-01-26 19:27:00+00:00,0,1
2026-01-26 19:30:00+00:00,0,1
2026-01-26 19:31:00+00:00,0,0
2026-01-26 19:35:00+00:00,0,0
2026-01-26 19:37:00+00:00,0,0
2026-01-26 19:38:00+00:00,0,1
2026-01-26 19:39:00+00:00,0,1
2026-01-26 19:40:00+00:00,0,1
2026-01-26 19:41:00+00:00,0,1
2026-01-26 19:43:00+00:00,0,1
2026-01-26 19:46:00+00:00,0,1
2026-01-26 19:47:00+00:00,0,1
2026-01-26 19:48:00+00:00,1,1
2026-01-26 19:49:00+00:00,1,1
2026-01-26 19:50:00+00:00,1,1
2026-01-26 19:51:00+00:00,1,1
2026-01-26 19:52:00+00:00,1,1
2026-01-26 19:53:00+00:00,1,1
2026-01-26 19:55:00+00:00,1,1
2026-01-26 20:00:00+00:00,1,1
2026-01-26 20:04:00+00:00,1,1
2026-01-26 20:05:00+00:00,0,1
2026-01-26 20:08:00+00:00,1,0
2026-01-26 20:10:00+00:00,0,0
2026-01-26 20:11:00+00:00,0,1
2026-01-26 20:16:00+00:00,0,1
2026-01-26 20:20:00+00:00,0,1
2026-01-26 20:21:00+00:00,0,1
2026-01-26 20:23:00+00:00,0,0
2026-01-26 20:24:00+00:00,0,0
2026-01-26 20:27:00+00:00,0,1
2026-01-26 20:28:00+00:00,0,1
2026-01-26 20:37:00+00:00,0,1
2026-01-26 20:40:00+00:00,0,1
2026-01-26 20:46:00+00:00,0,0
2026-01-26 20:51:00+00:00,1,1
2026-01-26 21:14:00+00:00,1,0
2026-01-26 21:17:00+00:00,1,1
2026-01-26 21:18:00+00:00,1,0
2026-01-26 21:20:00+00:00,0,1
2026-01-26 21:22:00+00:00,0,1
2026-01-26 21:23:00+00:00,0,1
2026-01-26 21:31:00+00:00,0,0
2026-01-26 21:32:00+00:00,0,1
2026-01-26 21:36:00+00:00,1,1
2026-01-26 21:37:00+00:00,1,1
2026-01-26 21:40:00+00:00,1,1
2026-01-26 21:43:00+00:00,1,0
2026-01-26 21:45:00+00:00,1,0
2026-01-26 23:02:00+00:00,1,0
2026-01-26 23:04:00+00:00,1,0
2026-01-26 23:05:00+00:00,1,0
2026-01-27 00:50:00+00:00,1,1
2026-01-27 00:51:00+00:00,1,1
2026-01-27 00:52:00+00:00,1,0
2026-01-27 01:01:00+00:00,1,1
2026-01-27 01:02:00+00:00,1,1
2026-01-27 01:04:00+00:00,1,1
2026-01-27 01:05:00+00:00,1,1
2026-01-27 01:07:00+00:00,1,1
2026-01-27 01:08:00+00:00,1,1
2026-01-27 01:11:00+00:00,0,1
2026-01-27 01:12:00+00:00,0,1
2026-01-27 01:13:00+00:00,0,0
2026-01-27 01:14:00+00:00,0,1
2026-01-27 01:18:00+00:00,0,0
2026-01-27 01:41:00+00:00,0,0
2026-01-27 06:47:00+00:00,0,0
2026-01-27 06:55:00+00:00,0,0
2026-01-27 07:38:00+00:00,0,1
2026-01-27 07:43:00+00:00,0,0
2026-01-27 09:45:00+00:00,0,0
2026-01-27 09:52:00+00:00,0,0
2026-01-27 11:47:00+00:00,0,0
2026-01-27 11:48:00+00:00,0,0
2026-01-27 11:51:00+00:00,1,0
2026-01-27 12:32:00+00:00,0,0
2026-01-27 13:05:00+00:00,0,0
2026-01-27 13:10:00+00:00,0,0
2026-01-27 13:11:00+00:00,0,0
2026-01-27 13:12:00+00:00,0,0
2026-01-27 13:16:00+00:00,0,0
2026-01-27 13:34:00+00:00,1,0
2026-01-27 13:37:00+00:00,1,1
2026-01-27 13:45:00+00:00,1,0
2026-01-27 13:53:00+00:00,1,0
2026-01-27 14:00:00+00:00,0,0
2026-01-27 14:01:00+00:00,1,1
2026-01-27 14:02:00+00:00,0,1
2026-01-27 14:04:00+00:00,0,1
2026-01-27 14:05:00+00:00,0,1
2026-01-27 14:06:00+00:00,0,1
2026-01-27 14:07:00+00:00,0,1
2026-01-27 14:11:00+00:00,0,1
2026-01-27 14:13:00+00:00,0,1
2026-01-27 14:16:00+00:00,1,0
2026-01-27 14:18:00+00:00,1,1
2026-01-27 14:20:00+00:00,0,1
2026-01-27 14:22:00+00:00,0,1
2026-01-27 14:25:00+00:00,0,1
2026-01-27 14:30:00+00:00,0,1
2026-01-27 14:31:00+00:00,0,0
2026-01-27 14:32:00+00:00,0,1
2026-01-27 14:33:00+00:00,0,1
2026-01-27 14:36:00+00:00,1,1
2026-01-27 14:37:00+00:00,1,1
2026-01-27 14:39:00+00:00,0,1
2026-01-27 14:40:00+00:00,1,1
2026-01-27 14:41:00+00:00,1,1
2026-01-27 14:42:00+00:00,1,1
2026-01-27 14:45:00+00:00,1,1
2026-01-27 14:48:00+00:00,0,1
2026-01-27 14:49:00+00:00,0,1
2026-01-27 14:51:00+00:00,1,1
2026-01-27 14:52:00+00:00,0,1
2026-01-27 14:54:00+00:00,0,1
2026-01-27 14:55:00+00:00,1,1
2026-01-27 14:57:00+00:00,1,1
2026-01-27 15:01:00+00:00,1,1
2026-01-27 15:03:00+00:00,0,1
2026-01-27 15:04:00+00:00,0,1
2026-01-27 15:05:00+00:00,0,1
2026-01-27 15:08:00+00:00,0,1
2026-01-27 15:12:00+00:00,1,0
2026-01-27 15:13:00+00:00,1,1
2026-01-27 15:14:00+00:00,1,0
2026-01-27 15:15:00+00:00,1,1
2026-01-27 15:16:00+00:00,1,1
2026-01-27 15:24:00+00:00,0,0
2026-01-27 15:25:00+00:00,1,1
2026-01-27 15:30:00+00:00,1,0
2026-01-27 15:40:00+00:00,1,0
2026-01-27 15:59:00+00:00,0,0
2026-01-27 16:04:00+00:00,0,0
2026-01-27 16:11:00+00:00,0,0
2026-01-27 16:21:00+00:00,0,0
2026-01-27 16:31:00+00:00,0,0
2026-01-27 16:42:00+00:00,0,0
2026-01-27 16:43:00+00:00,0,0
2026-01-27 17:16:00+00:00,0,0
2026-01-27 17:51:00+00:00,0,0
2026-01-27 20:03:00+00:00,1,0
2026-01-27 20:04:00+00:00,1,0
2026-01-27 20:06:00+00:00,1,0
2026-01-27 20:07:00+00:00,1,1
2026-01-27 20:08:00+00:00,1,0
2026-01-27 20:09:00+00:00,1,1
2026-01-27 20:10:00+00:00,1,1
2026-01-27 20:13:00+00:00,1,1
2026-01-27 20:15:00+00:00,1,1
2026-01-27 20:18:00+00:00,1,1
2026-01-27 20:20:00+00:00,0,1
2026-01-27 20:21:00+00:00,0,1
2026-01-27 20:22:00+00:00,0,1
2026-01-27 20:23:00+00:00,1,1
2026-01-27 20:30:00+00:00,0,1
2026-01-27 20:32:00+00:00,1,1
2026-01-27 20:33:00+00:00,1,0
2026-01-27 20:34:00+00:00,1,1
2026-01-27 20:42:00+00:00,0,1
2026-01-27 20:43:00+00:00,1,1
2026-01-27 20:45:00+00:00,1,1
2026-01-27 20:46:00+00:00,1,1
2026-01-27 20:47:00+00:00,1,1
2026-01-27 20:48:00+00:00,0,1
2026-01-27 20:49:00+00:00,1,1
2026-01-27 20:50:00+00:00,1,1
2026-01-27 20:51:00+00:00,1,1
2026-01-27 20:53:00+00:00,0,1
2026-01-27 20:54:00+00:00,0,1
2026-01-27 20:56:00+00:00,0,1
2026-01-27 20:57:00+00:00,0,1
2026-01-27 20:58:00+00:00,0,1
2026-01-27 21:00:00+00:00,0,1
2026-01-27 21:01:00+00:00,0,1
2026-01-27 21:02:00+00:00,0,1
2026-01-27 21:04:00+00:00,0,1
2026-01-27 21:05:00+00:00,0,1
2026-01-27 21:06:00+00:00,0,1
2026-01-27 21:07:00+00:00,0,1
2026-01-27 21:11:00+00:00,0,1
2026-01-27 21:12:00+00:00,0,1
2026-01-27 21:14:00+00:00,0,1
2026-01-27 21:26:00+00:00,0,1
2026-01-27 21:50:00+00:00,1,1
2026-01-27 23:13:00+00:00,0,0
2026-01-28 00:01:00+00:00,0,0
2026-01-28 01:02:00+00:00,1,0
2026-01-28 01:03:00+00:00,0,1
2026-01-28 01:06:00+00:00,0,1
2026-01-28 01:07:00+00:00,0,1
2026-01-28 01:09:00+00:00,0,1
2026-01-28 01:10:00+00:00,0,1
2026-01-28 01:11:00+00:00,1,1
2026-01-28 01:12:00+00:00,1,1
2026-01-28 01:14:00+00:00,1,0
2026-01-28 01:17:00+00:00,1,1
2026-01-28 01:30:00+00:00,1,1
2026-01-28 01:40:00+00:00,0,1
2026-01-28 01:44:00+00:00,0,1
2026-01-28 01:45:00+00:00,0,1
2026-01-28 01:48:00+00:00,0,1
2026-01-28 01:50:00+00:00,1,1
2026-01-28 01:51:00+00:00,0,0
2026-01-28 01:56:00+00:00,0,0
2026-01-28 01:57:00+00:00,0,0
2026-01-28 01:59:00+00:00,1,0
2026-01-28 02:00:00+00:00,0,0
2026-01-28 02:01:00+00:00,1,1
2026-01-28 02:10:00+00:00,1,0
2026-01-28 02:32:00+00:00,0,1
2026-01-28 02:33:00+00:00,1,0
2026-01-28 02:54:00+00:00,0,0
2026-01-28 02:55:00+00:00,0,0
2026-01-28 03:03:00+00:00,0,0
2026-01-28 03:08:00+00:00,1,1
2026-01-28 03:16:00+00:00,0,0
2026-01-28 05:28:00+00:00,0,0
2026-01-28 05:32:00+00:00,0,0
2026-01-28 05:41:00+00:00,0,1
2026-01-28 07:00:00+00:00,1,0
2026-01-28 07:18:00+00:00,0,0
2026-01-28 07:22:00+00:00,1,0
2026-01-28 07:25:00+00:00,0,0
2026-01-28 07:37:00+00:00,0,0
2026-01-28 07:49:00+00:00,1,0
2026-01-28 07:50:00+00:00,1,0
2026-01-28 07:51:00+00:00,1,1
2026-01-28 08:01:00+00:00,0,0
2026-01-28 08:08:00+00:00,0,0
2026-01-28 08:32:00+00:00,1,1
2026-01-28 08:34:00+00:00,1,0
2026-01-28 08:38:00+00:00,1,1
2026-01-28 08:45:00+00:00,0,0
2026-01-28 09:12:00+00:00,1,0
2026-01-28 09:17:00+00:00,0,1
2026-01-28 09:19:00+00:00,0,1
2026-01-28 09:20:00+00:00,0,1
2026-01-28 09:30:00+00:00,0,0
2026-01-28 09:32:00+00:00,0,0
2026-01-28 09:45:00+00:00,0,0
2026-01-28 11:04:00+00:00,1,1
2026-01-28 11:05:00+00:00,0,1
2026-01-28 11:07:00+00:00,0,1
2026-01-28 11:10:00+00:00,0,0
2026-01-28 11:16:00+00:00,0,0
2026-01-28 11:21:00+00:00,0,0
2026-01-28 11:24:00+00:00,0,0
2026-01-28 12:04:00+00:00,0,0
2026-01-28 12:59:00+00:00,0,0
2026-01-28 13:02:00+00:00,1,0
2026-01-28 13:05:00+00:00,1,0
2026-01-28 13:08:00+00:00,1,1
2026-01-28 13:11:00+00:00,0,0
2026-01-28 13:15:00+00:00,1,0
2026-01-28 13:21:00+00:00,1,0
2026-01-28 13:35:00+00:00,1,0
2026-01-28 13:37:00+00:00,0,1
2026-01-28 13:41:00+00:00,0,1
2026-01-28 13:42:00+00:00,0,1
2026-01-28 13:45:00+00:00,0,0
2026-01-28 13:46:00+00:00,0,0
2026-01-28 13:55:00+00:00,0,0
2026-01-28 14:05:00+00:00,1,1
2026-01-28 14:06:00+00:00,1,1
2026-01-28 14:07:00+00:00,1,0
2026-01-28 14:10:00+00:00,0,0
2026-01-28 14:12:00+00:00,0,0
2026-01-28 14:21:00+00:00,0,0
2026-01-28 14:27:00+00:00,0,1
2026-01-28 14:32:00+00:00,0,1
2026-01-28 14:34:00+00:00,0,1
2026-01-28 14:35:00+00:00,0,1
2026-01-28 14:36:00+00:00,0,1
2026-01-28 14:39:00+00:00,0,1
2026-01-28 14:40:00+00:00,0,1
2026-01-28 14:42:00+00:00,0,1
2026-01-28 14:45:00+00:00,0,1
2026-01-28 14:52:00+00:00,0,1
2026-01-28 14:55:00+00:00,0,1
2026-01-28 14:58:00+00:00,0,1
2026-01-28 15:00:00+00:00,1,1
2026-01-28 15:04:00+00:00,1,0
2026-01-28 15:07:00+00:00,0,1
2026-01-28 15:08:00+00:00,0,1
2026-01-28 15:09:00+00:00,1,1
2026-01-28 15:10:00+00:00,1,1
2026-01-28 15:12:00+00:00,0,1
2026-01-28 15:15:00+00:00,0,1
2026-01-28 15:16:00+00:00,0,1
2026-01-28 15:17:00+00:00,1,1
2026-01-28 15:18:00+00:00,1,1
2026-01-28 15:20:00+00:00,1,1
2026-01-28 15:22:00+00:00,1,1
2026-01-28 15:23:00+00:00,0,1
2026-01-28 15:24:00+00:00,0,1
2026-01-28 15:26:00+00:00,1,1
2026-01-28 15:27:00+00:00,1,1
2026-01-28 15:29:00+00:00,0,1
2026-01-28 15:30:00+00:00,0,1
2026-01-28 15:36:00+00:00,0,1
2026-01-28 15:40:00+00:00,0,0
2026-01-28 15:50:00+00:00,1,1
2026-01-28 15:54:00+00:00,0,0
2026-01-28 15:57:00+00:00,0,0
2026-01-28 16:09:00+00:00,0,1
2026-01-28 16:21:00+00:00,0,1
2026-01-28 16:33:00+00:00,1,1
2026-01-28 16:35:00+00:00,1,0
2026-01-28 16:46:00+00:00,0,1
2026-01-28 16:48:00+00:00,0,1
2026-01-28 17:06:00+00:00,0,1
2026-01-28 17:31:00+00:00,0,0
2026-01-28 17:39:00+00:00,1,0
2026-01-28 17:50:00+00:00,0,0
2026-01-28 17:51:00+00:00,0,0
2026-01-28 17:58:00+00:00,0,1
2026-01-28 18:18:00+00:00,0,1
2026-01-28 18:20:00+00:00,0,1
2026-01-28 18:21:00+00:00,1,1
2026-01-28 18:23:00+00:00,1,1
2026-01-28 18:29:00+00:00,1,0
2026-01-28 18:30:00+00:00,0,1
2026-01-28 18:31:00+00:00,0,1
2026-01-28 18:32:00+00:00,0,1
2026-01-28 18:33:00+00:00,0,1
2026-01-28 18:35:00+00:00,0,1
2026-01-28 18:38:00+00:00,1,1
2026-01-28 18:40:00+00:00,0,1
2026-01-28 18:41:00+00:00,1,1
2026-01-28 18:43:00+00:00,0,1
2026-01-28 18:44:00+00:00,1,1
2026-01-28 18:49:00+00:00,1,1
2026-01-28 18:50:00+00:00,0,1
2026-01-28 18:51:00+00:00,1,1
2026-01-28 18:59:00+00:00,0,1
2026-01-28 19:00:00+00:00,0,1
2026-01-28 19:01:00+00:00,1,1
2026-01-28 19:03:00+00:00,1,1
2026-01-28 19:07:00+00:00,1,1
2026-01-28 19:08:00+00:00,1,1
2026-01-28 19:11:00+00:00,1,1
2026-01-28 19:12:00+00:00,1,1
2026-01-28 19:14:00+00:00,0,1
2026-01-28 19:18:00+00:00,0,1
2026-01-28 19:20:00+00:00,0,1
2026-01-28 19:21:00+00:00,0,1
2026-01-28 19:23:00+00:00,0,1
2026-01-28 19:26:00+00:00,1,1
2026-01-28 19:33:00+00:00,1,1
2026-01-28 19:35:00+00:00,1,1
2026-01-28 19:37:00+00:00,0,1
2026-01-28 19:39:00+00:00,1,1
2026-01-28 19:42:00+00:00,1,1
2026-01-28 19:43:00+00:00,1,1
2026-01-28 19:48:00+00:00,1,1
2026-01-28 19:51:00+00:00,1,1
2026-01-28 19:53:00+00:00,1,1
2026-01-28 19:54:00+00:00,1,1
2026-01-28 19:56:00+00:00,1,1
2026-01-28 19:57:00+00:00,0,1
2026-01-28 19:59:00+00:00,1,1
2026-01-28 20:00:00+00:00,0,1
2026-01-28 20:02:00+00:00,1,1
2026-01-28 20:03:00+00:00,0,1
2026-01-28 20:06:00+00:00,0,1
2026-01-28 20:07:00+00:00,1,1
2026-01-28 20:08:00+00:00,1,1
2026-01-28 20:09:00+00:00,0,1
2026-01-28 20:12:00+00:00,1,1
2026-01-28 20:16:00+00:00,1,1
2026-01-28 20:17:00+00:00,1,1
2026-01-28 20:19:00+00:00,1,1
2026-01-28 20:20:00+00:00,1,1
2026-01-28 20:23:00+00:00,1,1
2026-01-28 20:25:00+00:00,1,1
2026-01-28 20:27:00+00:00,1,1
2026-01-28 20:30:00+00:00,1,1
2026-01-28 20:35:00+00:00,1,1
2026-01-28 20:36:00+00:00,1,1
2026-01-28 20:38:00+00:00,0,1
2026-01-28 20:41:00+00:00,0,1
2026-01-28 20:42:00+00:00,1,0
2026-01-28 20:43:00+00:00,0,1
2026-01-28 20:44:00+00:00,0,1
2026-01-28 20:48:00+00:00,1,0
2026-01-28 20:51:00+00:00,0,1
2026-01-28 20:52:00+00:00,1,1
2026-01-28 20:54:00+00:00,1,1
2026-01-28 20:56:00+00:00,0,1
2026-01-28 20:57:00+00:00,0,1
2026-01-28 21:00:00+00:00,0,0
2026-01-28 21:01:00+00:00,0,0
2026-01-28 21:06:00+00:00,0,0
2026-01-28 21:07:00+00:00,0,0
2026-01-28 21:11:00+00:00,1,0
2026-01-28 21:12:00+00:00,1,0
2026-01-28 21:50:00+00:00,1,1
2026-01-28 21:52:00+00:00,1,1
2026-01-28 21:53:00+00:00,1,1
2026-01-28 21:55:00+00:00,1,1
2026-01-28 23:01:00+00:00,0,1
2026-01-28 23:02:00+00:00,0,0
2026-01-28 23:06:00+00:00,1,1
2026-01-28 23:07:00+00:00,1,1
2026-01-28 23:10:00+00:00,1,1
2026-01-28 23:11:00+00:00,1,0
2026-01-28 23:12:00+00:00,1,1
2026-01-28 23:14:00+00:00,1,1
2026-01-28 23:15:00+00:00,1,0
2026-01-28 23:16:00+00:00,0,0
2026-01-28 23:17:00+00:00,0,0
2026-01-28 23:19:00+00:00,0,0
2026-01-28 23:20:00+00:00,0,0
2026-01-28 23:21:00+00:00,0,0
2026-01-28 23:22:00+00:00,0,0
2026-01-28 23:23:00+00:00,0,0
2026-01-28 23:24:00+00:00,0,0
2026-01-28 23:28:00+00:00,0,0
2026-01-28 23:30:00+00:00,0,0
2026-01-28 23:33:00+00:00,0,0
2026-01-28 23:34:00+00:00,0,0
2026-01-28 23:35:00+00:00,0,0
2026-01-28 23:36:00+00:00,0,0
2026-01-28 23:37:00+00:00,0,1
2026-01-28 23:38:00+00:00,0,1
2026-01-28 23:39:00+00:00,1,1
2026-01-28 23:40:00+00:00,1,0
2026-01-28 23:42:00+00:00,0,1
2026-01-28 23:44:00+00:00,0,1
2026-01-28 23:45:00+00:00,1,1
2026-01-28 23:46:00+00:00,0,1
2026-01-28 23:47:00+00:00,0,1
2026-01-28 23:49:00+00:00,0,1
2026-01-28 23:55:00+00:00,0,1
2026-01-28 23:56:00+00:00,1,1
2026-01-28 23:57:00+00:00,1,1
2026-01-29 00:00:00+00:00,0,1
2026-01-29 00:01:00+00:00,1,1
2026-01-29 00:02:00+00:00,0,1
2026-01-29 00:07:00+00:00,0,1
2026-01-29 00:17:00+00:00,0,1
2026-01-29 00:28:00+00:00,0,1
2026-01-29 00:29:00+00:00,0,1
2026-01-29 00:32:00+00:00,0,1
2026-01-29 00:33:00+00:00,0,1
2026-01-29 00:34:00+00:00,1,0
2026-01-29 00:38:00+00:00,0,0
2026-01-29 00:39:00+00:00,1,0
2026-01-29 00:41:00+00:00,0,1
2026-01-29 00:42:00+00:00,0,1
2026-01-29 00:43:00+00:00,0,1
2026-01-29 00:48:00+00:00,0,1
2026-01-29 00:49:00+00:00,0,1
2026-01-29 00:50:00+00:00,0,1
2026-01-29 00:52:00+00:00,1,1
2026-01-29 00:55:00+00:00,0,1
2026-01-29 00:59:00+00:00,0,0
2026-01-29 01:00:00+00:00,0,1
2026-01-29 01:01:00+00:00,0,1
2026-01-29 01:02:00+00:00,0,1
2026-01-29 01:03:00+00:00,0,1
2026-01-29 01:04:00+00:00,0,1
2026-01-29 01:05:00+00:00,0,1
2026-01-29 01:15:00+00:00,1,1
2026-01-29 01:19:00+00:00,0,1
2026-01-29 01:20:00+00:00,1,1
2026-01-29 01:21:00+00:00,1,1
2026-01-29 01:23:00+00:00,1,1
2026-01-29 01:25:00+00:00,1,1
2026-01-29 01:26:00+00:00,1,1
2026-01-29 01:28:00+00:00,1,1
2026-01-29 01:30:00+00:00,0,1
2026-01-29 01:32:00+00:00,0,0
2026-01-29 01:33:00+00:00,0,0
2026-01-29 01:38:00+00:00,0,0
2026-01-29 01:40:00+00:00,0,0
2026-01-29 01:41:00+00:00,1,0
2026-01-29 01:42:00+00:00,1,0
2026-01-29 01:43:00+00:00,0,0
2026-01-29 01:45:00+00:00,0,1
2026-01-29 01:46:00+00:00,0,0
2026-01-29 01:48:00+00:00,1,0
2026-01-29 01:49:00+00:00,0,1
2026-01-29 01:50:00+00:00,1,0
2026-01-29 01:51:00+00:00,1,0
2026-01-29 01:54:00+00:00,1,1
2026-01-29 01:55:00+00:00,0,0
2026-01-29 01:56:00+00:00,0,1
2026-01-29 01:58:00+00:00,1,0
2026-01-29 02:00:00+00:00,1,0
2026-01-29 02:01:00+00:00,0,1
2026-01-29 02:02:00+00:00,1,1
2026-01-29 02:03:00+00:00,0,1
2026-01-29 02:07:00+00:00,0,1
2026-01-29 02:08:00+00:00,1,1
2026-01-29 02:09:00+00:00,1,1
2026-01-29 02:10:00+00:00,0,1
2026-01-29 02:11:00+00:00,0,1
2026-01-29 02:13:00+00:00,0,1
2026-01-29 02:14:00+00:00,0,1
2026-01-29 02:30:00+00:00,0,1
2026-01-29 02:31:00+00:00,0,0
2026-01-29 02:34:00+00:00,0,1
2026-01-29 02:36:00+00:00,1,1
2026-01-29 02:45:00+00:00,0,1
2026-01-29 02:53:00+00:00,0,1
2026-01-29 03:01:00+00:00,1,0
2026-01-29 03:02:00+00:00,1,0
2026-01-29 03:03:00+00:00,0,1
2026-01-29 03:04:00+00:00,1,1
2026-01-29 03:05:00+00:00,0,1
2026-01-29 03:11:00+00:00,0,1
2026-01-29 03:16:00+00:00,0,1
2026-01-29 03:17:00+00:00,1,1
2026-01-29 03:24:00+00:00,0,1
2026-01-29 03:28:00+00:00,1,1
2026-01-29 04:02:00+00:00,1,0
2026-01-29 04:34:00+00:00,0,0
2026-01-29 04:40:00+00:00,1,0
2026-01-29 04:41:00+00:00,1,0
2026-01-29 05:21:00+00:00,0,0
2026-01-29 05:22:00+00:00,0,1
2026-01-29 05:23:00+00:00,1,1
2026-01-29 05:25:00+00:00,1,0
2026-01-29 05:28:00+00:00,1,0
2026-01-29 05:32:00+00:00,1,0
2026-01-29 05:34:00+00:00,1,0
2026-01-29 05:35:00+00:00,1,0
2026-01-29 05:40:00+00:00,1,0
2026-01-29 05:41:00+00:00,1,0
2026-01-29 06:00:00+00:00,1,0
2026-01-29 06:02:00+00:00,0,0
2026-01-29 06:03:00+00:00,0,0
2026-01-29 06:04:00+00:00,0,0
2026-01-29 06:05:00+00:00,1,0
2026-01-29 06:08:00+00:00,0,0
2026-01-29 06:09:00+00:00,1,0
2026-01-29 06:11:00+00:00,0,0
2026-01-29 06:12:00+00:00,1,0
2026-01-29 06:17:00+00:00,0,0
2026-01-29 06:18:00+00:00,0,0
2026-01-29 06:19:00+00:00,0,0
2026-01-29 06:20:00+00:00,0,0
2026-01-29 06:21:00+00:00,1,0
2026-01-29 06:23:00+00:00,1,0
2026-01-29 06:24:00+00:00,1,0
2026-01-29 06:31:00+00:00,1,0
2026-01-29 06:36:00+00:00,1,0
2026-01-29 06:46:00+00:00,1,0
2026-01-29 06:47:00+00:00,0,0
2026-01-29 06:48:00+00:00,1,0
2026-01-29 06:49:00+00:00,1,0
2026-01-29 06:50:00+00:00,1,0
2026-01-29 06:51:00+00:00,1,0
2026-01-29 06:54:00+00:00,1,0
2026-01-29 06:55:00+00:00,1,0
2026-01-29 06:56:00+00:00,0,1
2026-01-29 06:58:00+00:00,0,0
2026-01-29 06:59:00+00:00,0,0
2026-01-29 07:00:00+00:00,1,0
2026-01-29 07:01:00+00:00,1,0
2026-01-29 07:04:00+00:00,1,0
2026-01-29 07:13:00+00:00,1,0
2026-01-29 07:16:00+00:00,0,0
2026-01-29 07:17:00+00:00,1,0
2026-01-29 07:19:00+00:00,1,0
2026-01-29 07:23:00+00:00,1,1
2026-01-29 07:28:00+00:00,0,0
2026-01-29 07:29:00+00:00,0,0
2026-01-29 07:30:00+00:00,1,0
2026-01-29 07:40:00+00:00,1,1
2026-01-29 08:02:00+00:00,1,0
2026-01-29 08:04:00+00:00,1,1
2026-01-29 08:05:00+00:00,0,1
2026-01-29 08:07:00+00:00,1,0
2026-01-29 08:08:00+00:00,0,1
2026-01-29 08:10:00+00:00,1,0
2026-01-29 08:15:00+00:00,1,0
2026-01-29 08:17:00+00:00,0,0
2026-01-29 08:20:00+00:00,1,0
2026-01-29 08:31:00+00:00,1,1
2026-01-29 08:37:00+00:00,1,1
2026-01-29 08:42:00+00:00,1,1
2026-01-29 08:43:00+00:00,0,1
2026-01-29 08:44:00+00:00,1,1
2026-01-29 08:46:00+00:00,1,1
2026-01-29 08:48:00+00:00,0,1
2026-01-29 08:49:00+00:00,0,1
2026-01-29 08:52:00+00:00,0,1
2026-01-29 08:57:00+00:00,0,1
2026-01-29 08:59:00+00:00,0,0
2026-01-29 09:01:00+00:00,1,1
2026-01-29 09:02:00+00:00,1,1
2026-01-29 09:06:00+00:00,0,1
2026-01-29 09:08:00+00:00,1,1
2026-01-29 10:06:00+00:00,1,0
2026-01-29 10:12:00+00:00,1,0
2026-01-29 10:20:00+00:00,1,0
2026-01-29 10:31:00+00:00,0,0
2026-01-29 10:33:00+00:00,1,0
2026-01-29 10:56:00+00:00,0,0
2026-01-29 10:57:00+00:00,0,0
2026-01-29 10:58:00+00:00,0,0
2026-01-29 11:02:00+00:00,1,0
2026-01-29 11:03:00+00:00,1,1
2026-01-29 11:04:00+00:00,1,1
2026-01-29 11:06:00+00:00,1,0
2026-01-29 11:07:00+00:00,1,0
2026-01-29 11:11:00+00:00,1,0
2026-01-29 11:12:00+00:00,1,0
2026-01-29 11:16:00+00:00,0,1
2026-01-29 11:17:00+00:00,1,0
2026-01-29 11:45:00+00:00,1,0
2026-01-29 11:46:00+00:00,0,0
2026-01-29 11:48:00+00:00,0,0
2026-01-29 12:13:00+00:00,0,0
2026-01-29 12:17:00+00:00,0,0
2026-01-29 12:19:00+00:00,0,0
2026-01-29 12:37:00+00:00,0,0
2026-01-29 12:42:00+00:00,0,0
2026-01-29 12:46:00+00:00,1,0
2026-01-29 12:55:00+00:00,1,0
2026-01-29 12:56:00+00:00,1,0
2026-01-29 13:01:00+00:00,1,0
2026-01-29 13:10:00+00:00,1,1
2026-01-29 13:11:00+00:00,0,0
2026-01-29 13:14:00+00:00,0,0
2026-01-29 13:15:00+00:00,0,0
2026-01-29 13:17:00+00:00,0,1
2026-01-29 13:20:00+00:00,0,0
2026-01-29 13:22:00+00:00,0,0
2026-01-29 13:35:00+00:00,1,0
2026-01-29 13:36:00+00:00,1,0
2026-01-29 13:37:00+00:00,1,1
2026-01-29 13:39:00+00:00,0,0
2026-01-29 13:42:00+00:00,0,1
2026-01-29 13:43:00+00:00,0,0
2026-01-29 13:44:00+00:00,0,1
2026-01-29 13:47:00+00:00,0,0
2026-01-29 13:50:00+00:00,1,0
2026-01-29 13:56:00+00:00,0,1
2026-01-29 13:57:00+00:00,1,1
2026-01-29 13:58:00+00:00,1,1
2026-01-29 14:07:00+00:00,0,1
2026-01-29 14:08:00+00:00,0,1
2026-01-29 14:09:00+00:00,0,0
2026-01-29 14:14:00+00:00,0,1
2026-01-29 14:15:00+00:00,0,1
2026-01-29 14:22:00+00:00,0,1
2026-01-29 14:24:00+00:00,0,1
2026-01-29 14:25:00+00:00,0,1
2026-01-29 14:26:00+00:00,0,1
2026-01-29 14:27:00+00:00,1,1
2026-01-29 14:29:00+00:00,1,0
2026-01-29 14:30:00+00:00,1,1
2026-01-29 14:33:00+00:00,1,1
2026-01-29 14:34:00+00:00,0,1
2026-01-29 14:35:00+00:00,0,1
2026-01-29 14:36:00+00:00,0,1
2026-01-29 14:37:00+00:00,0,1
2026-01-29 14:38:00+00:00,1,0
2026-01-29 14:39:00+00:00,1,1
2026-01-29 14:40:00+00:00,1,1
2026-01-29 14:41:00+00:00,1,1
2026-01-29 14:42:00+00:00,1,1
2026-01-29 14:45:00+00:00,1,1
2026-01-29 14:46:00+00:00,0,1
2026-01-29 14:47:00+00:00,0,1
2026-01-29 14:48:00+00:00,0,1
2026-01-29 14:49:00+00:00,1,1
2026-01-29 14:50:00+00:00,1,1
2026-01-29 14:53:00+00:00,0,1
2026-01-29 14:54:00+00:00,0,1
2026-01-29 14:57:00+00:00,0,1
2026-01-29 14:58:00+00:00,1,1
2026-01-29 15:01:00+00:00,0,1
2026-01-29 15:03:00+00:00,0,0
2026-01-29 15:04:00+00:00,0,1
2026-01-29 15:06:00+00:00,1,1
2026-01-29 15:07:00+00:00,1,0
2026-01-29 15:08:00+00:00,1,0
2026-01-29 15:09:00+00:00,0,0
2026-01-29 15:10:00+00:00,1,1
2026-01-29 15:12:00+00:00,1,1
2026-01-29 15:13:00+00:00,1,1
2026-01-29 15:14:00+00:00,1,1
2026-01-29 15:15:00+00:00,0,1
2026-01-29 15:16:00+00:00,0,1
2026-01-29 15:17:00+00:00,0,1
2026-01-29 15:18:00+00:00,0,1
2026-01-29 15:19:00+00:00,0,1
2026-01-29 15:20:00+00:00,0,1
2026-01-29 15:21:00+00:00,1,1
2026-01-29 15:22:00+00:00,1,1
2026-01-29 15:23:00+00:00,1,1
2026-01-29 15:24:00+00:00,0,1
2026-01-29 15:26:00+00:00,1,1
2026-01-29 15:27:00+00:00,0,1
2026-01-29 15:31:00+00:00,0,1
2026-01-29 15:32:00+00:00,0,1
2026-01-29 15:33:00+00:00,0,1
2026-01-29 15:34:00+00:00,0,1
2026-01-29 15:36:00+00:00,0,1
2026-01-29 15:37:00+00:00,0,1
2026-01-29 15:38:00+00:00,0,1
2026-01-29 15:39:00+00:00,0,1
2026-01-29 15:40:00+00:00,0,1
2026-01-29 15:44:00+00:00,1,1
2026-01-29 15:45:00+00:00,0,1
2026-01-29 15:47:00+00:00,1,1
2026-01-29 15:48:00+00:00,0,1
2026-01-29 15:50:00+00:00,0,1
2026-01-29 15:54:00+00:00,0,1
2026-01-29 16:06:00+00:00,0,1
2026-01-29 16:07:00+00:00,0,1
2026-01-29 16:08:00+00:00,1,1
2026-01-29 16:13:00+00:00,0,1
2026-01-29 16:14:00+00:00,0,0
2026-01-29 16:15:00+00:00,0,1
2026-01-29 16:16:00+00:00,0,1
2026-01-29 16:18:00+00:00,0,1
2026-01-29 16:20:00+00:00,0,1
2026-01-29 16:24:00+00:00,0,1
2026-01-29 16:25:00+00:00,0,1
2026-01-29 16:28:00+00:00,0,1
2026-01-29 16:30:00+00:00,0,1
2026-01-29 16:31:00+00:00,0,1
2026-01-29 16:34:00+00:00,0,1
2026-01-29 16:35:00+00:00,0,1
2026-01-29 16:36:00+00:00,0,1
2026-01-29 16:49:00+00:00,0,1
2026-01-29 16:54:00+00:00,1,1
2026-01-29 17:00:00+00:00,1,1
2026-01-29 17:05:00+00:00,0,1
2026-01-29 17:13:00+00:00,1,1
2026-01-29 17:15:00+00:00,1,1
2026-01-29 17:18:00+00:00,0,0
2026-01-29 17:19:00+00:00,0,0
2026-01-29 17:20:00+00:00,0,0
2026-01-29 17:22:00+00:00,0,0
2026-01-29 17:25:00+00:00,0,0
2026-01-29 17:26:00+00:00,0,0
2026-01-29 17:27:00+00:00,0,0
2026-01-29 17:30:00+00:00,0,0
2026-01-29 17:36:00+00:00,0,1
2026-01-29 17:42:00+00:00,1,0
2026-01-29 17:48:00+00:00,1,1
2026-01-29 17:56:00+00:00,0,1
2026-01-29 18:12:00+00:00,1,1
2026-01-29 18:24:00+00:00,0,1
2026-01-29 18:27:00+00:00,1,1
2026-01-29 18:31:00+00:00,0,1
2026-01-29 19:00:00+00:00,0,1
2026-01-29 19:15:00+00:00,0,1
2026-01-29 19:23:00+00:00,1,1
2026-01-29 19:31:00+00:00,1,1
2026-01-29 19:32:00+00:00,0,1
2026-01-29 19:37:00+00:00,1,1
2026-01-29 19:42:00+00:00,1,1
2026-01-29 19:46:00+00:00,1,1
2026-01-29 19:54:00+00:00,0,1
2026-01-29 20:01:00+00:00,0,1
2026-01-29 20:06:00+00:00,0,1
2026-01-29 20:22:00+00:00,0,1
2026-01-29 20:42:00+00:00,1,0
2026-01-29 20:46:00+00:00,1,0
2026-01-29 20:50:00+00:00,1,0
2026-01-29 20:51:00+00:00,0,0
2026-01-29 20:56:00+00:00,0,0
2026-01-29 20:59:00+00:00,0,0
2026-01-29 21:00:00+00:00,0,0
2026-01-29 21:27:00+00:00,0,1
2026-01-29 21:28:00+00:00,0,0
2026-01-29 23:17:00+00:00,1,1
2026-01-30 00:47:00+00:00,0,1
2026-01-30 01:00:00+00:00,1,1
2026-01-30 01:01:00+00:00,0,1
2026-01-30 01:02:00+00:00,1,1
2026-01-30 01:11:00+00:00,0,1
2026-01-30 01:14:00+00:00,0,1
2026-01-30 01:46:00+00:00,0,1
2026-01-30 02:12:00+00:00,0,1
2026-01-30 02:14:00+00:00,0,1
2026-01-30 02:15:00+00:00,0,1
2026-01-30 02:19:00+00:00,0,1
2026-01-30 02:20:00+00:00,0,0
2026-01-30 02:22:00+00:00,0,0
2026-01-30 02:26:00+00:00,0,1
2026-01-30 02:37:00+00:00,0,1
2026-01-30 02:38:00+00:00,0,1
2026-01-30 07:11:00+00:00,1,0
2026-01-30 07:35:00+00:00,0,1
2026-01-30 07:37:00+00:00,0,1
2026-01-30 08:01:00+00:00,0,1
2026-01-30 08:36:00+00:00,0,1
2026-01-30 08:40:00+00:00,0,1
2026-01-30 08:46:00+00:00,0,1
2026-01-30 08:54:00+00:00,0,1
2026-01-30 09:01:00+00:00,0,1
2026-01-30 09:07:00+00:00,1,1
2026-01-30 09:12:00+00:00,0,1
2026-01-30 09:13:00+00:00,0,1
2026-01-30 09:17:00+00:00,1,1
2026-01-30 09:25:00+00:00,0,1
2026-01-30 09:28:00+00:00,0,1
2026-01-30 09:29:00+00:00,0,1
2026-01-30 09:31:00+00:00,0,1
2026-01-30 09:42:00+00:00,0,1
2026-01-30 09:44:00+00:00,0,1
2026-01-30 09:45:00+00:00,0,1
2026-01-30 09:52:00+00:00,0,1
2026-01-30 09:57:00+00:00,0,1
2026-01-30 09:58:00+00:00,1,1
2026-01-30 10:00:00+00:00,0,1
2026-01-30 10:01:00+00:00,0,1
2026-01-30 10:02:00+00:00,0,1
2026-01-30 10:03:00+00:00,0,1
2026-01-30 10:20:00+00:00,0,0
2026-01-30 10:21:00+00:00,0,0
2026-01-30 10:25:00+00:00,0,0
2026-01-30 10:43:00+00:00,0,0
2026-01-30 10:59:00+00:00,0,0
2026-01-30 11:27:00+00:00,0,1
2026-01-30 11:49:00+00:00,1,1
2026-01-30 11:53:00+00:00,0,1
2026-01-30 11:56:00+00:00,1,1
2026-01-30 11:57:00+00:00,1,1
2026-01-30 11:58:00+00:00,0,1
2026-01-30 12:06:00+00:00,0,1
2026-01-30 12:27:00+00:00,0,1
2026-01-30 12:37:00+00:00,0,1
2026-01-30 12:46:00+00:00,0,1
2026-01-30 12:47:00+00:00,0,1
2026-01-30 12:55:00+00:00,0,1
2026-01-30 12:56:00+00:00,1,1
2026-01-30 12:59:00+00:00,0,1
2026-01-30 13:00:00+00:00,0,1
2026-01-30 13:01:00+00:00,0,1
2026-01-30 13:02:00+00:00,0,1
2026-01-30 13:03:00+00:00,0,1
2026-01-30 13:04:00+00:00,1,1
2026-01-30 13:05:00+00:00,1,1
2026-01-30 13:07:00+00:00,0,1
2026-01-30 13:18:00+00:00,0,1
2026-01-30 13:19:00+00:00,1,1
2026-01-30 13:23:00+00:00,0,1
2026-01-30 13:25:00+00:00,0,0
2026-01-30 13:35:00+00:00,0,1
2026-01-30 13:45:00+00:00,0,1
2026-01-30 13:46:00+00:00,0,1
2026-01-30 13:47:00+00:00,0,1
2026-01-30 13:49:00+00:00,1,1
2026-01-30 13:50:00+00:00,1,1
2026-01-30 14:00:00+00:00,1,1
2026-01-30 14:01:00+00:00,0,1
2026-01-30 14:03:00+00:00,0,1
2026-01-30 14:05:00+00:00,0,0
2026-01-30 14:07:00+00:00,0,1
2026-01-30 14:22:00+00:00,0,1
2026-01-30 14:31:00+00:00,0,1
2026-01-30 14:32:00+00:00,0,1
2026-01-30 14:33:00+00:00,1,1
2026-01-30 14:35:00+00:00,1,1
2026-01-30 14:36:00+00:00,0,1
2026-01-30 14:52:00+00:00,1,1
2026-01-30 14:54:00+00:00,0,1
2026-01-30 14:55:00+00:00,0,1
2026-01-30 14:56:00+00:00,0,1
2026-01-30 14:57:00+00:00,0,1
2026-01-30 15:00:00+00:00,0,1
2026-01-30 15:01:00+00:00,0,1
2026-01-30 15:02:00+00:00,0,1
2026-01-30 15:04:00+00:00,1,1
2026-01-30 15:05:00+00:00,0,1
2026-01-30 15:07:00+00:00,0,1
2026-01-30 15:09:00+00:00,1,1
2026-01-30 15:10:00+00:00,1,1
2026-01-30 15:11:00+00:00,0,1
2026-01-30 15:18:00+00:00,0,1
2026-01-30 15:25:00+00:00,0,1
2026-01-30 15:35:00+00:00,0,1
2026-01-30 15:50:00+00:00,1,1
2026-01-30 15:51:00+00:00,1,1
2026-01-30 15:52:00+00:00,1,1
2026-01-30 15:54:00+00:00,0,1
2026-01-30 15:57:00+00:00,0,1
2026-01-30 16:02:00+00:00,1,1
2026-01-30 16:03:00+00:00,1,1
2026-01-30 16:12:00+00:00,1,1
2026-01-30 16:17:00+00:00,1,1
2026-01-30 16:33:00+00:00,0,1
2026-01-30 16:34:00+00:00,0,1
2026-01-30 16:35:00+00:00,0,1
2026-01-30 16:43:00+00:00,1,1
2026-01-30 16:45:00+00:00,1,1
2026-01-30 17:06:00+00:00,1,1
2026-01-30 17:07:00+00:00,0,1
2026-01-30 17:12:00+00:00,0,1
2026-01-30 17:17:00+00:00,0,1
2026-01-30 17:22:00+00:00,0,1
2026-01-30 17:42:00+00:00,0,1
2026-01-30 17:43:00+00:00,0,1
2026-01-30 17:44:00+00:00,0,1
2026-01-30 17:48:00+00:00,0,1
2026-01-30 17:52:00+00:00,0,1
2026-01-30 17:53:00+00:00,0,1
2026-01-30 17:54:00+00:00,0,1
2026-01-30 17:55:00+00:00,0,0
2026-01-30 17:57:00+00:00,0,1
2026-01-30 18:01:00+00:00,0,1
2026-01-30 18:02:00+00:00,0,1
2026-01-30 18:03:00+00:00,0,1
2026-01-30 18:08:00+00:00,0,1
2026-01-30 18:09:00+00:00,0,1
2026-01-30 18:10:00+00:00,0,1
2026-01-30 18:12:00+00:00,0,1
2026-01-30 18:16:00+00:00,0,1
2026-01-30 18:17:00+00:00,0,1
2026-01-30 18:18:00+00:00,0,1
2026-01-30 18:19:00+00:00,0,1
2026-01-30 18:20:00+00:00,0,1
2026-01-30 18:21:00+00:00,0,0
2026-01-30 18:22:00+00:00,0,1
2026-01-30 18:23:00+00:00,0,1
2026-01-30 18:24:00+00:00,0,1
2026-01-30 18:27:00+00:00,0,1
2026-01-30 18:28:00+00:00,0,1
2026-01-30 18:29:00+00:00,0,1
2026-01-30 18:32:00+00:00,0,1
2026-01-30 18:36:00+00:00,0,1
2026-01-30 18:37:00+00:00,0,1
2026-01-30 18:41:00+00:00,1,1
2026-01-30 18:42:00+00:00,0,1
2026-01-30 18:44:00+00:00,1,1
2026-01-30 18:45:00+00:00,0,1
2026-01-30 18:47:00+00:00,1,1
2026-01-30 18:53:00+00:00,0,1
2026-01-30 18:55:00+00:00,0,0
2026-01-30 18:57:00+00:00,0,1
2026-01-30 19:00:00+00:00,0,1
2026-01-30 19:02:00+00:00,0,1
2026-01-30 19:09:00+00:00,0,1
2026-01-30 19:22:00+00:00,0,1
2026-01-30 20:01:00+00:00,0,1
2026-01-30 21:21:00+00:00,0,1
2026-01-30 21:23:00+00:00,0,0
2026-01-30 21:26:00+00:00,0,1
2026-01-30 21:52:00+00:00,1,1
2026-02-02 00:13:00+00:00,0,0
2026-02-02 00:16:00+00:00,0,1
2026-02-02 00:20:00+00:00,0,1
2026-02-02 00:23:00+00:00,0,1
2026-02-02 00:24:00+00:00,1,1
2026-02-02 00:25:00+00:00,0,1
2026-02-02 00:44:00+00:00,1,1
2026-02-02 00:47:00+00:00,0,1
2026-02-02 00:56:00+00:00,0,1
2026-02-02 01:00:00+00:00,0,1
2026-02-02 01:01:00+00:00,0,1
2026-02-02 01:02:00+00:00,1,1
2026-02-02 01:04:00+00:00,0,1
2026-02-02 01:07:00+00:00,0,1
2026-02-02 01:15:00+00:00,0,1
2026-02-02 01:16:00+00:00,0,1
2026-02-02 01:20:00+00:00,0,1
2026-02-02 01:23:00+00:00,1,1
2026-02-02 01:36:00+00:00,0,1
2026-02-02 02:32:00+00:00,1,0
2026-02-02 02:48:00+00:00,1,1
2026-02-02 03:40:00+00:00,0,1
2026-02-02 03:41:00+00:00,0,1
2026-02-02 03:49:00+00:00,0,1
2026-02-02 04:01:00+00:00,0,1
2026-02-02 04:02:00+00:00,0,1
2026-02-02 04:08:00+00:00,0,1
2026-02-02 05:40:00+00:00,1,1
2026-02-02 05:48:00+00:00,0,1
2026-02-02 05:52:00+00:00,0,1
2026-02-02 06:21:00+00:00,0,1
2026-02-02 06:23:00+00:00,0,1
2026-02-02 06:27:00+00:00,0,1
2026-02-02 06:28:00+00:00,0,1
2026-02-02 06:30:00+00:00,0,1
2026-02-02 06:38:00+00:00,1,1
2026-02-02 06:57:00+00:00,0,0
2026-02-02 07:07:00+00:00,0,0
2026-02-02 08:09:00+00:00,0,1
2026-02-02 09:55:00+00:00,1,0
2026-02-02 12:19:00+00:00,0,1
2026-02-02 12:23:00+00:00,0,1
2026-02-02 12:47:00+00:00,1,1
2026-02-02 12:51:00+00:00,0,1
2026-02-02 13:00:00+00:00,0,1
2026-02-02 13:01:00+00:00,0,1
2026-02-02 13:02:00+00:00,0,1
2026-02-02 13:07:00+00:00,0,1
2026-02-02 13:20:00+00:00,0,1
2026-02-02 13:23:00+00:00,1,1
2026-02-02 13:39:00+00:00,0,1
2026-02-02 13:48:00+00:00,0,1
2026-02-02 13:53:00+00:00,0,1
2026-02-02 14:05:00+00:00,0,1
2026-02-02 14:12:00+00:00,0,1
2026-02-02 14:22:00+00:00,1,1
2026-02-02 14:28:00+00:00,0,1
2026-02-02 14:30:00+00:00,0,1
2026-02-02 14:31:00+00:00,0,1
2026-02-02 14:32:00+00:00,0,1
2026-02-02 14:33:00+00:00,0,1
2026-02-02 14:34:00+00:00,0,1
2026-02-02 14:37:00+00:00,0,1
2026-02-02 14:38:00+00:00,0,1
2026-02-02 14:40:00+00:00,1,1
2026-02-02 14:41:00+00:00,1,0
2026-02-02 14:42:00+00:00,1,1
2026-02-02 14:43:00+00:00,1,1
2026-02-02 14:46:00+00:00,1,1
2026-02-02 14:49:00+00:00,0,1
2026-02-02 14:56:00+00:00,0,1
2026-02-02 15:01:00+00:00,0,1
2026-02-02 15:13:00+00:00,0,1
2026-02-02 15:14:00+00:00,0,1
2026-02-02 15:28:00+00:00,0,1
2026-02-02 15:30:00+00:00,0,1
2026-02-02 15:32:00+00:00,0,1
2026-02-02 15:39:00+00:00,1,1
2026-02-02 15:42:00+00:00,0,1
2026-02-02 15:43:00+00:00,0,1
2026-02-02 15:46:00+00:00,0,1
2026-02-02 15:47:00+00:00,0,1
2026-02-02 15:50:00+00:00,0,1
2026-02-02 15:53:00+00:00,0,1
2026-02-02 16:00:00+00:00,0,1
2026-02-02 16:01:00+00:00,1,1
2026-02-02 16:03:00+00:00,1,1
2026-02-02 16:04:00+00:00,1,1
2026-02-02 16:06:00+00:00,0,1
2026-02-02 16:09:00+00:00,0,1
2026-02-02 16:12:00+00:00,0,0
2026-02-02 16:13:00+00:00,0,0
2026-02-02 16:14:00+00:00,0,0
2026-02-02 16:21:00+00:00,1,1
2026-02-02 16:22:00+00:00,1,1
2026-02-02 17:06:00+00:00,0,1
2026-02-02 17:07:00+00:00,0,1
2026-02-02 17:08:00+00:00,1,1
2026-02-02 17:09:00+00:00,1,1
2026-02-02 18:01:00+00:00,0,1
2026-02-02 18:19:00+00:00,1,1
2026-02-02 18:30:00+00:00,1,1
2026-02-02 19:40:00+00:00,0,1
2026-02-02 19:41:00+00:00,0,1
2026-02-02 19:42:00+00:00,0,1
2026-02-02 19:43:00+00:00,0,0
2026-02-02 19:45:00+00:00,1,0
2026-02-03 06:50:00+00:00,1,0
2026-02-03 07:31:00+00:00,0,1
2026-02-03 07:33:00+00:00,0,1
2026-02-03 07:34:00+00:00,0,0
2026-02-03 07:36:00+00:00,0,1
2026-02-03 07:38:00+00:00,0,1
2026-02-03 07:41:00+00:00,0,1
2026-02-03 07:45:00+00:00,0,0
2026-02-03 08:00:00+00:00,0,0
2026-02-03 08:06:00+00:00,1,1
2026-02-03 08:12:00+00:00,0,1
2026-02-03 08:15:00+00:00,0,1
2026-02-03 08:18:00+00:00,1,0
2026-02-03 08:24:00+00:00,0,0
2026-02-03 08:57:00+00:00,1,0
2026-02-03 08:58:00+00:00,1,1
2026-02-03 09:10:00+00:00,0,0
2026-02-03 09:25:00+00:00,0,0
2026-02-03 09:27:00+00:00,0,1
2026-02-03 09:30:00+00:00,1,0
2026-02-03 11:02:00+00:00,1,1
2026-02-03 11:24:00+00:00,1,1
2026-02-03 11:26:00+00:00,1,0
2026-02-03 12:00:00+00:00,0,1
2026-02-03 12:02:00+00:00,1,1
2026-02-03 13:05:00+00:00,1,0
2026-02-03 13:26:00+00:00,0,1
2026-02-03 13:28:00+00:00,0,0
2026-02-03 13:34:00+00:00,0,1
2026-02-03 13:40:00+00:00,0,0
2026-02-03 13:45:00+00:00,1,0
2026-02-03 13:47:00+00:00,1,0
2026-02-03 13:48:00+00:00,1,0
2026-02-03 13:50:00+00:00,1,0
2026-02-03 13:51:00+00:00,1,0
2026-02-03 13:53:00+00:00,1,0
2026-02-03 14:00:00+00:00,1,0
2026-02-03 14:05:00+00:00,1,0
2026-02-03 14:15:00+00:00,0,1
2026-02-03 14:16:00+00:00,0,1
2026-02-03 14:20:00+00:00,0,1
2026-02-03 14:27:00+00:00,0,1
2026-02-03 14:29:00+00:00,0,0
2026-02-03 14:31:00+00:00,0,1
2026-02-03 14:32:00+00:00,0,0
2026-02-03 14:40:00+00:00,0,0
2026-02-03 14:52:00+00:00,0,1
2026-02-03 14:54:00+00:00,0,1
2026-02-03 14:55:00+00:00,0,1
2026-02-03 14:57:00+00:00,0,1
2026-02-03 15:10:00+00:00,1,1
2026-02-03 15:11:00+00:00,1,1
2026-02-03 15:12:00+00:00,1,1
2026-02-03 15:13:00+00:00,1,1
2026-02-03 15:15:00+00:00,1,1
2026-02-03 15:20:00+00:00,0,1
2026-02-03 16:16:00+00:00,0,1
2026-02-03 16:18:00+00:00,0,0
2026-02-03 16:19:00+00:00,0,0
2026-02-03 16:20:00+00:00,0,0
2026-02-03 16:21:00+00:00,0,0
2026-02-03 16:22:00+00:00,0,0
2026-02-03 16:27:00+00:00,0,0
2026-02-03 16:33:00+00:00,0,1
2026-02-03 16:38:00+00:00,1,1
2026-02-03 16:46:00+00:00,1,1
2026-02-03 16:50:00+00:00,1,1
2026-02-03 16:53:00+00:00,0,1
2026-02-03 17:00:00+00:00,0,1
2026-02-03 17:06:00+00:00,0,1
2026-02-03 17:10:00+00:00,0,1
2026-02-03 17:11:00+00:00,0,1
2026-02-03 17:12:00+00:00,0,1
2026-02-03 17:18:00+00:00,1,1
2026-02-03 17:42:00+00:00,0,1
2026-02-03 17:43:00+00:00,0,1
2026-02-03 17:45:00+00:00,0,1
2026-02-03 17:46:00+00:00,1,1
2026-02-03 17:47:00+00:00,0,1
2026-02-03 17:48:00+00:00,0,1
2026-02-03 17:51:00+00:00,1,1
2026-02-03 18:07:00+00:00,1,1
2026-02-03 18:12:00+00:00,1,1
2026-02-03 18:13:00+00:00,1,1
2026-02-03 18:24:00+00:00,1,1
2026-02-03 18:29:00+00:00,1,1
2026-02-03 18:30:00+00:00,1,1
2026-02-03 18:32:00+00:00,0,1
2026-02-03 18:35:00+00:00,0,1
2026-02-03 19:08:00+00:00,1,1
2026-02-03 19:09:00+00:00,1,0
2026-02-03 19:11:00+00:00,1,1
2026-02-03 19:14:00+00:00,1,1
2026-02-03 19:18:00+00:00,0,1
2026-02-03 19:52:00+00:00,0,1
2026-02-03 20:00:00+00:00,0,1
2026-02-03 20:01:00+00:00,0,1
2026-02-03 20:03:00+00:00,1,1
2026-02-03 20:34:00+00:00,1,1
2026-02-03 20:36:00+00:00,0,0
2026-02-03 20:49:00+00:00,1,1
2026-02-04 00:14:00+00:00,0,0
2026-02-04 01:00:00+00:00,0,1
2026-02-04 01:06:00+00:00,0,1
2026-02-04 01:10:00+00:00,1,0
2026-02-04 11:16:00+00:00,0,0
2026-02-04 11:17:00+00:00,1,1
2026-02-04 13:00:00+00:00,0,0
2026-02-04 13:41:00+00:00,1,1
2026-02-04 13:43:00+00:00,1,1
2026-02-04 13:49:00+00:00,0,1
2026-02-04 13:54:00+00:00,1,1
2026-02-04 14:05:00+00:00,1,1
2026-02-04 14:32:00+00:00,0,1
2026-02-04 14:33:00+00:00,1,1
2026-02-04 14:35:00+00:00,1,1
2026-02-04 14:36:00+00:00,1,1
2026-02-04 14:37:00+00:00,0,1
2026-02-04 14:38:00+00:00,0,1
2026-02-04 14:41:00+00:00,0,1
2026-02-04 14:45:00+00:00,0,1
2026-02-04 14:48:00+00:00,0,1
2026-02-04 14:49:00+00:00,0,1
2026-02-04 14:50:00+00:00,0,1
2026-02-04 14:51:00+00:00,1,1
2026-02-04 14:52:00+00:00,0,1
2026-02-04 14:54:00+00:00,1,1
2026-02-04 14:56:00+00:00,0,1
2026-02-04 14:58:00+00:00,0,1
2026-02-04 15:07:00+00:00,1,1
2026-02-04 15:10:00+00:00,1,1
2026-02-04 15:22:00+00:00,0,1
2026-02-04 15:24:00+00:00,0,1
2026-02-04 15:25:00+00:00,1,1
2026-02-04 15:27:00+00:00,1,1
2026-02-04 15:28:00+00:00,0,1
2026-02-04 15:29:00+00:00,1,1
2026-02-04 15:30:00+00:00,1,1
2026-02-04 15:31:00+00:00,0,1
2026-02-04 15:32:00+00:00,0,1
2026-02-04 15:34:00+00:00,0,1
2026-02-04 15:35:00+00:00,0,1
2026-02-04 15:36:00+00:00,1,1
2026-02-04 15:37:00+00:00,0,1
2026-02-04 15:40:00+00:00,0,1
2026-02-04 15:41:00+00:00,0,1
2026-02-04 15:42:00+00:00,0,1
2026-02-04 15:44:00+00:00,1,1
2026-02-04 15:48:00+00:00,1,1
2026-02-04 15:49:00+00:00,0,1
2026-02-04 15:52:00+00:00,1,1
2026-02-04 15:56:00+00:00,1,1
2026-02-04 15:57:00+00:00,0,1
2026-02-04 16:00:00+00:00,0,1
2026-02-04 16:02:00+00:00,0,1
2026-02-04 16:05:00+00:00,0,1
2026-02-04 16:11:00+00:00,0,1
2026-02-04 16:12:00+00:00,1,1
2026-02-04 16:16:00+00:00,0,1
2026-02-04 16:21:00+00:00,0,1
2026-02-04 16:22:00+00:00,0,1
2026-02-04 16:23:00+00:00,0,1
2026-02-04 16:24:00+00:00,0,1
2026-02-04 16:27:00+00:00,0,1
2026-02-04 16:29:00+00:00,0,1
2026-02-04 16:39:00+00:00,0,1
2026-02-04 16:47:00+00:00,0,0
2026-02-04 16:48:00+00:00,1,1
2026-02-04 16:49:00+00:00,1,1
2026-02-04 16:50:00+00:00,1,1
2026-02-04 16:53:00+00:00,0,1
2026-02-04 17:13:00+00:00,1,1
2026-02-04 17:25:00+00:00,0,1
2026-02-04 17:28:00+00:00,0,1
2026-02-04 17:30:00+00:00,1,1
2026-02-04 17:31:00+00:00,1,1
2026-02-04 17:36:00+00:00,0,1
2026-02-04 18:00:00+00:00,1,1
2026-02-04 18:01:00+00:00,1,1
2026-02-04 18:03:00+00:00,1,1
2026-02-04 18:04:00+00:00,1,1
2026-02-04 18:05:00+00:00,1,1
2026-02-04 18:25:00+00:00,0,1
2026-02-04 18:28:00+00:00,0,1
2026-02-04 18:29:00+00:00,0,1
2026-02-04 19:52:00+00:00,1,1
2026-02-04 19:53:00+00:00,1,1
2026-02-05 01:12:00+00:00,1,1
2026-02-05 01:15:00+00:00,0,1
2026-02-05 02:51:00+00:00,0,1
2026-02-05 09:01:00+00:00,1,1
2026-02-05 09:02:00+00:00,1,1
2026-02-05 09:56:00+00:00,1,1
2026-02-05 12:06:00+00:00,0,1
2026-02-05 12:19:00+00:00,1,1
2026-02-05 12:27:00+00:00,0,1
2026-02-05 12:30:00+00:00,0,1
2026-02-05 12:36:00+00:00,0,1
2026-02-05 12:45:00+00:00,1,1
2026-02-05 13:00:00+00:00,0,1
2026-02-05 13:01:00+00:00,0,1
2026-02-05 13:06:00+00:00,1,0
2026-02-05 13:11:00+00:00,0,1
2026-02-05 13:40:00+00:00,1,1
2026-02-05 14:01:00+00:00,0,1
2026-02-05 14:06:00+00:00,0,1
2026-02-05 14:31:00+00:00,0,1
2026-02-05 14:33:00+00:00,1,1
2026-02-05 14:34:00+00:00,0,1
2026-02-05 14:37:00+00:00,0,1
2026-02-05 14:38:00+00:00,0,1
2026-02-05 14:39:00+00:00,0,1
2026-02-05 14:40:00+00:00,1,1
2026-02-05 14:47:00+00:00,0,1
2026-02-05 14:49:00+00:00,0,1
2026-02-05 14:50:00+00:00,0,1
2026-02-05 14:51:00+00:00,1,1
2026-02-05 14:55:00+00:00,0,1
2026-02-05 15:08:00+00:00,1,1
2026-02-05 15:10:00+00:00,1,1
2026-02-05 15:35:00+00:00,0,1
2026-02-05 15:55:00+00:00,0,1
2026-02-05 16:06:00+00:00,0,1
2026-02-05 16:45:00+00:00,0,0
2026-02-05 16:49:00+00:00,0,1
2026-02-05 16:50:00+00:00,1,1
2026-02-05 18:24:00+00:00,0,1
2026-02-05 21:34:00+00:00,0,1
2026-02-05 21:35:00+00:00,1,1
2026-02-05 23:49:00+00:00,0,1
2026-02-06 00:15:00+00:00,0,1
2026-02-06 00:17:00+00:00,1,0
2026-02-06 00:24:00+00:00,1,1
2026-02-06 01:01:00+00:00,0,1
2026-02-06 13:00:00+00:00,1,1
2026-02-06 13:01:00+00:00,0,1
2026-02-06 13:02:00+00:00,0,0
2026-02-06 13:05:00+00:00,0,1
2026-02-06 13:26:00+00:00,1,1
2026-02-06 13:39:00+00:00,1,0
2026-02-06 14:23:00+00:00,0,1
2026-02-06 14:25:00+00:00,1,1
2026-02-06 14:26:00+00:00,1,1
2026-02-06 14:30:00+00:00,1,0
2026-02-06 14:31:00+00:00,1,1
2026-02-06 14:32:00+00:00,1,0
2026-02-06 14:37:00+00:00,0,1
2026-02-06 14:39:00+00:00,0,1
2026-02-06 14:40:00+00:00,1,1
2026-02-06 14:43:00+00:00,1,0
2026-02-06 14:50:00+00:00,1,1
2026-02-06 15:06:00+00:00,1,1
2026-02-06 15:20:00+00:00,0,1
2026-02-06 15:45:00+00:00,0,1
2026-02-06 16:28:00+00:00,1,1
2026-02-06 16:40:00+00:00,0,1
2026-02-08 23:26:00+00:00,1,1
2026-02-08 23:33:00+00:00,0,1
2026-02-09 08:18:00+00:00,0,1
2026-02-09 10:27:00+00:00,0,0
2026-02-09 13:29:00+00:00,0,0
2026-02-09 13:30:00+00:00,0,1
2026-02-09 14:31:00+00:00,0,1
2026-02-09 14:34:00+00:00,0,1
2026-02-09 14:35:00+00:00,0,1
2026-02-09 15:33:00+00:00,1,1
2026-02-09 15:34:00+00:00,0,1
2026-02-09 15:49:00+00:00,0,0
2026-02-10 12:53:00+00:00,1,0
2026-02-10 13:37:00+00:00,1,0
2026-02-10 14:16:00+00:00,0,1
2026-02-10 14:17:00+00:00,1,0
2026-02-10 14:31:00+00:00,1,0
2026-02-10 14:35:00+00:00,1,0
2026-02-10 14:36:00+00:00,1,0
2026-02-10 14:37:00+00:00,1,0
2026-02-10 14:47:00+00:00,0,1
2026-02-10 14:48:00+00:00,1,1
2026-02-10 14:49:00+00:00,0,1
2026-02-10 14:54:00+00:00,1,1
2026-02-10 14:55:00+00:00,1,1
2026-02-10 15:29:00+00:00,1,1
2026-02-10 15:31:00+00:00,1,1
2026-02-10 15:36:00+00:00,1,0
2026-02-10 15:37:00+00:00,0,1
2026-02-10 15:38:00+00:00,1,1
2026-02-10 15:39:00+00:00,1,1
2026-02-10 15:40:00+00:00,0,1
2026-02-10 15:41:00+00:00,0,0
2026-02-10 15:46:00+00:00,0,1
2026-02-10 16:21:00+00:00,0,0
2026-02-11 10:44:00+00:00,0,1
2026-02-11 10:45:00+00:00,0,1
2026-02-11 11:03:00+00:00,1,1
2026-02-11 11:28:00+00:00,0,1
2026-02-11 12:41:00+00:00,1,1
2026-02-11 13:30:00+00:00,1,0
2026-02-11 13:31:00+00:00,1,0
2026-02-11 13:33:00+00:00,1,1
2026-02-11 13:34:00+00:00,1,0
2026-02-11 13:35:00+00:00,1,0
2026-02-11 13:37:00+00:00,1,0
2026-02-11 13:39:00+00:00,0,1
2026-02-11 13:41:00+00:00,0,1
2026-02-11 13:42:00+00:00,1,1
2026-02-11 13:45:00+00:00,0,1
2026-02-11 14:31:00+00:00,0,1
2026-02-11 14:32:00+00:00,0,1
2026-02-11 14:34:00+00:00,0,0
2026-02-11 14:38:00+00:00,0,1
2026-02-11 14:39:00+00:00,0,1
2026-02-11 14:41:00+00:00,1,1
2026-02-11 14:53:00+00:00,0,1
2026-02-11 15:05:00+00:00,1,0
2026-02-11 15:11:00+00:00,1,1
2026-02-11 15:13:00+00:00,1,1
2026-02-11 15:15:00+00:00,1,1
2026-02-11 15:16:00+00:00,1,1
2026-02-11 15:24:00+00:00,0,1
2026-02-11 15:28:00+00:00,0,0
2026-02-11 15:38:00+00:00,1,0
2026-02-11 15:39:00+00:00,0,1
2026-02-11 15:45:00+00:00,0,1
2026-02-11 15:52:00+00:00,0,1
2026-02-12 14:14:00+00:00,1,1
2026-02-12 14:32:00+00:00,1,1
2026-02-12 15:00:00+00:00,1,1
2026-02-12 15:01:00+00:00,1,1
2026-02-12 15:59:00+00:00,1,0
2026-02-12 16:03:00+00:00,1,1
2026-02-12 16:10:00+00:00,1,0
2026-02-12 16:11:00+00:00,1,0
2026-02-12 16:12:00+00:00,1,0
2026-02-12 16:13:00+00:00,1,1
2026-02-12 16:14:00+00:00,0,0
2026-02-12 16:15:00+00:00,0,0
2026-02-12 16:17:00+00:00,0,0
2026-02-12 16:18:00+00:00,0,0
2026-02-12 16:22:00+00:00,0,0
2026-02-12 16:23:00+00:00,0,0
2026-02-12 16:26:00+00:00,0,0
2026-02-12 16:28:00+00:00,0,0
2026-02-12 16:31:00+00:00,1,0
2026-02-12 16:32:00+00:00,0,0
2026-02-12 16:35:00+00:00,0,0
2026-02-12 16:36:00+00:00,0,0
2026-02-12 16:37:00+00:00,0,0
2026-02-12 16:38:00+00:00,0,0
2026-02-12 16:39:00+00:00,0,0
2026-02-12 16:41:00+00:00,0,0
2026-02-12 16:42:00+00:00,0,0
2026-02-12 16:46:00+00:00,0,1
2026-02-12 16:47:00+00:00,1,1
2026-02-12 16:48:00+00:00,0,1
2026-02-12 16:49:00+00:00,1,1
2026-02-12 16:50:00+00:00,0,1
2026-02-12 16:53:00+00:00,0,1
2026-02-12 16:55:00+00:00,1,1
2026-02-12 17:00:00+00:00,0,1
2026-02-12 17:06:00+00:00,1,1
2026-02-12 17:07:00+00:00,0,1
2026-02-12 17:20:00+00:00,0,1
2026-02-12 17:21:00+00:00,0,1
2026-02-12 17:23:00+00:00,1,1
2026-02-12 17:24:00+00:00,1,1
2026-02-12 17:29:00+00:00,1,1
2026-02-12 17:30:00+00:00,0,1
2026-02-12 18:00:00+00:00,0,1
2026-02-12 18:08:00+00:00,0,1
2026-02-12 18:19:00+00:00,1,0
2026-02-12 18:21:00+00:00,1,1
2026-02-12 18:51:00+00:00,1,1
2026-02-12 20:30:00+00:00,0,1
2026-02-13 13:30:00+00:00,0,1
2026-02-13 13:32:00+00:00,0,1
2026-02-13 14:06:00+00:00,0,1
2026-02-13 14:34:00+00:00,1,1
2026-02-13 14:35:00+00:00,1,1
2026-02-13 14:36:00+00:00,1,1
2026-02-13 14:37:00+00:00,0,0
2026-02-13 14:39:00+00:00,0,0
2026-02-13 14:40:00+00:00,0,1
2026-02-13 14:41:00+00:00,1,1
2026-02-13 14:42:00+00:00,1,1
2026-02-13 14:43:00+00:00,1,1
2026-02-13 14:44:00+00:00,1,1
2026-02-13 14:45:00+00:00,0,1
2026-02-13 14:50:00+00:00,1,1
2026-02-13 14:56:00+00:00,1,1
2026-02-13 15:37:00+00:00,1,1
2026-02-13 15:46:00+00:00,0,1
2026-02-13 16:03:00+00:00,1,1
2026-02-13 16:26:00+00:00,0,1
2026-02-13 16:28:00+00:00,1,1
2026-02-13 16:29:00+00:00,1,0
2026-02-13 16:37:00+00:00,0,1
2026-02-17 05:32:00+00:00,1,1
2026-02-17 14:01:00+00:00,1,1
2026-02-17 14:04:00+00:00,0,1
2026-02-17 14:05:00+00:00,0,1
2026-02-17 14:06:00+00:00,0,1
2026-02-17 14:31:00+00:00,1,1
2026-02-17 14:33:00+00:00,0,1
2026-02-17 14:38:00+00:00,1,1
2026-02-17 14:52:00+00:00,1,1
2026-02-17 15:00:00+00:00,1,1
2026-02-17 15:18:00+00:00,0,1
2026-02-17 15:19:00+00:00,0,1
2026-02-17 15:22:00+00:00,0,1
2026-02-17 15:36:00+00:00,1,1
2026-02-17 15:57:00+00:00,0,1
2026-02-17 16:00:00+00:00,0,1
2026-02-17 16:06:00+00:00,0,0
2026-02-17 16:51:00+00:00,1,1
2026-02-17 16:57:00+00:00,1,1
2026-02-17 17:00:00+00:00,0,1
2026-02-17 17:02:00+00:00,0,0
2026-02-17 17:08:00+00:00,0,1
2026-02-17 17:10:00+00:00,0,1
2026-02-17 17:26:00+00:00,0,0
2026-02-17 17:51:00+00:00,1,0
2026-02-17 17:52:00+00:00,1,1
2026-02-17 17:55:00+00:00,1,0
2026-02-17 18:15:00+00:00,1,0
2026-02-17 18:24:00+00:00,1,0
2026-02-17 18:26:00+00:00,1,0
2026-02-17 18:36:00+00:00,1,0
2026-02-17 18:40:00+00:00,0,0
2026-02-17 18:56:00+00:00,1,0
2026-02-17 18:57:00+00:00,1,0
2026-02-17 18:58:00+00:00,1,0
2026-02-17 19:29:00+00:00,0,0
2026-02-17 20:02:00+00:00,0,0
2026-02-17 20:41:00+00:00,0,0
2026-02-17 20:50:00+00:00,0,0
2026-02-17 20:58:00+00:00,0,1
2026-02-17 23:03:00+00:00,0,0
2026-02-17 23:50:00+00:00,1,1
2026-02-18 01:00:00+00:00,0,0
2026-02-18 01:03:00+00:00,0,1
2026-02-18 13:00:00+00:00,0,0
2026-02-18 13:06:00+00:00,0,0
2026-02-18 13:07:00+00:00,0,1
2026-02-18 13:36:00+00:00,0,0
2026-02-18 13:40:00+00:00,0,0
2026-02-18 13:45:00+00:00,0,0
2026-02-18 14:31:00+00:00,1,0
2026-02-18 14:32:00+00:00,1,1
2026-02-18 14:33:00+00:00,1,1
2026-02-18 14:35:00+00:00,1,1
2026-02-18 14:36:00+00:00,1,0
2026-02-18 15:01:00+00:00,0,1
2026-02-18 15:03:00+00:00,0,1
2026-02-18 15:04:00+00:00,0,1
2026-02-18 15:06:00+00:00,0,1
2026-02-18 15:07:00+00:00,0,1
2026-02-18 15:14:00+00:00,0,0
2026-02-18 15:16:00+00:00,0,1
2026-02-18 15:17:00+00:00,0,1
2026-02-18 15:19:00+00:00,0,1
2026-02-18 15:25:00+00:00,0,0
2026-02-18 15:30:00+00:00,0,1
2026-02-18 15:40:00+00:00,0,0
2026-02-18 15:45:00+00:00,0,0
2026-02-18 16:35:00+00:00,0,0
2026-02-18 16:41:00+00:00,0,0
2026-02-18 16:49:00+00:00,0,0
2026-02-18 18:25:00+00:00,0,0
2026-02-18 18:34:00+00:00,0,0
2026-02-18 18:38:00+00:00,0,0
2026-02-18 19:26:00+00:00,0,0
2026-02-18 19:27:00+00:00,0,0
2026-02-18 19:28:00+00:00,0,0
2026-02-18 19:31:00+00:00,0,1
2026-02-18 19:34:00+00:00,0,0
2026-02-18 19:36:00+00:00,0,0
2026-02-18 23:01:00+00:00,1,0
2026-02-19 09:29:00+00:00,0,0
2026-02-19 09:36:00+00:00,0,0
2026-02-19 09:37:00+00:00,0,0
2026-02-19 10:03:00+00:00,0,0
2026-02-19 10:10:00+00:00,0,0
2026-02-19 12:05:00+00:00,0,0
2026-02-19 13:02:00+00:00,1,0
2026-02-19 13:03:00+00:00,0,0
2026-02-19 13:30:00+00:00,0,1
2026-02-19 13:31:00+00:00,0,0
2026-02-19 14:01:00+00:00,1,0
2026-02-19 14:07:00+00:00,0,0
2026-02-19 14:14:00+00:00,1,1
2026-02-19 14:15:00+00:00,0,0
2026-02-19 14:30:00+00:00,1,0
2026-02-19 14:35:00+00:00,1,1
2026-02-19 14:38:00+00:00,1,0
2026-02-19 14:41:00+00:00,1,0
2026-02-19 14:42:00+00:00,1,0
2026-02-19 14:44:00+00:00,1,0
2026-02-19 14:46:00+00:00,1,0
2026-02-19 14:50:00+00:00,1,0
2026-02-19 14:51:00+00:00,1,0
2026-02-19 14:53:00+00:00,0,0
2026-02-19 15:03:00+00:00,0,0
2026-02-19 15:04:00+00:00,0,0
2026-02-19 15:05:00+00:00,1,0
2026-02-19 15:07:00+00:00,0,0
2026-02-19 15:09:00+00:00,0,1
2026-02-19 15:16:00+00:00,1,0
2026-02-19 15:18:00+00:00,1,0
2026-02-19 15:23:00+00:00,1,0
2026-02-19 15:24:00+00:00,0,0
2026-02-19 15:25:00+00:00,0,0
2026-02-19 15:26:00+00:00,0,0
2026-02-19 15:27:00+00:00,0,0
2026-02-19 15:30:00+00:00,0,0
2026-02-19 15:32:00+00:00,1,0
2026-02-19 15:34:00+00:00,1,0
2026-02-19 15:36:00+00:00,0,0
2026-02-19 15:51:00+00:00,0,0
2026-02-19 16:05:00+00:00,0,0
2026-02-19 16:08:00+00:00,0,0
2026-02-19 16:36:00+00:00,0,0
2026-02-19 16:48:00+00:00,0,0
2026-02-20 01:00:00+00:00,0,0
2026-02-20 09:06:00+00:00,0,0
2026-02-20 12:03:00+00:00,0,0
2026-02-20 12:33:00+00:00,0,1
2026-02-20 13:31:00+00:00,1,0
2026-02-20 13:32:00+00:00,1,0
2026-02-20 13:49:00+00:00,0,0
2026-02-20 13:50:00+00:00,0,0
2026-02-20 13:57:00+00:00,0,0
2026-02-20 14:30:00+00:00,0,0
2026-02-20 14:31:00+00:00,0,0
2026-02-20 14:35:00+00:00,0,0
2026-02-20 14:37:00+00:00,0,0
2026-02-20 14:41:00+00:00,0,0
2026-02-20 14:42:00+00:00,0,0
2026-02-20 14:45:00+00:00,1,1
2026-02-20 14:52:00+00:00,1,0
2026-02-20 14:56:00+00:00,0,0
2026-02-20 15:00:00+00:00,0,0
2026-02-20 15:01:00+00:00,1,0
2026-02-20 15:02:00+00:00,0,1
2026-02-20 15:03:00+00:00,0,0
2026-02-20 15:04:00+00:00,0,1
2026-02-20 15:05:00+00:00,0,0
2026-02-20 15:06:00+00:00,1,0
2026-02-20 15:07:00+00:00,1,0
2026-02-20 15:08:00+00:00,0,1
2026-02-20 15:09:00+00:00,0,1
2026-02-20 15:10:00+00:00,1,1
2026-02-20 15:11:00+00:00,1,1
2026-02-20 15:12:00+00:00,0,1
2026-02-20 15:15:00+00:00,0,1
2026-02-20 15:16:00+00:00,0,1
2026-02-20 15:17:00+00:00,0,1
2026-02-20 15:18:00+00:00,1,1
2026-02-20 15:19:00+00:00,0,1
2026-02-20 15:21:00+00:00,0,1
2026-02-20 15:23:00+00:00,0,1
2026-02-20 15:24:00+00:00,0,1
2026-02-20 15:27:00+00:00,1,0
2026-02-20 15:28:00+00:00,1,0
2026-02-20 15:29:00+00:00,1,1
2026-02-20 15:32:00+00:00,1,1
2026-02-20 15:34:00+00:00,1,1
2026-02-20 15:37:00+00:00,1,1
2026-02-20 15:40:00+00:00,1,1
2026-02-20 15:41:00+00:00,0,1
2026-02-20 15:42:00+00:00,0,1
2026-02-20 15:45:00+00:00,0,1
2026-02-20 15:47:00+00:00,0,1
2026-02-20 15:49:00+00:00,0,1
2026-02-20 15:50:00+00:00,1,1
2026-02-20 15:54:00+00:00,1,1
2026-02-20 15:56:00+00:00,1,1
2026-02-20 15:57:00+00:00,1,1
2026-02-20 16:01:00+00:00,1,1
2026-02-20 16:04:00+00:00,1,1
2026-02-20 16:05:00+00:00,1,1
2026-02-20 16:06:00+00:00,0,0
2026-02-20 16:07:00+00:00,1,0
2026-02-20 16:13:00+00:00,0,0
2026-02-20 16:30:00+00:00,0,0
2026-02-20 16:32:00+00:00,0,1
2026-02-20 16:55:00+00:00,0,0
2026-02-20 17:04:00+00:00,0,0
2026-02-20 17:13:00+00:00,0,0
2026-02-20 17:14:00+00:00,0,0
2026-02-20 17:20:00+00:00,1,1
2026-02-20 17:27:00+00:00,0,0
2026-02-20 17:28:00+00:00,0,0
2026-02-20 18:26:00+00:00,0,0
2026-02-20 18:29:00+00:00,0,0
2026-02-20 18:30:00+00:00,0,0
2026-02-20 18:31:00+00:00,0,0
2026-02-20 18:36:00+00:00,0,0
2026-02-20 18:45:00+00:00,0,0
2026-02-20 20:57:00+00:00,0,1
2026-02-22 23:02:00+00:00,1,1
2026-02-22 23:06:00+00:00,1,0
2026-02-22 23:07:00+00:00,1,0
2026-02-22 23:08:00+00:00,1,1
2026-02-22 23:09:00+00:00,1,1
2026-02-22 23:10:00+00:00,1,1
2026-02-22 23:14:00+00:00,1,1
2026-02-22 23:17:00+00:00,1,1
2026-02-22 23:28:00+00:00,0,0
2026-02-22 23:31:00+00:00,0,0
2026-02-22 23:40:00+00:00,0,1
2026-02-22 23:45:00+00:00,0,0
2026-02-22 23:47:00+00:00,0,1
2026-02-23 00:00:00+00:00,0,1
2026-02-23 00:01:00+00:00,1,0
2026-02-23 00:03:00+00:00,0,1
2026-02-23 00:05:00+00:00,0,1
2026-02-23 00:08:00+00:00,0,1
2026-02-23 00:09:00+00:00,0,1
2026-02-23 00:10:00+00:00,0,1
2026-02-23 00:11:00+00:00,0,1
2026-02-23 00:13:00+00:00,1,1
2026-02-23 00:14:00+00:00,1,0
2026-02-23 00:15:00+00:00,1,0
2026-02-23 00:18:00+00:00,0,1
2026-02-23 00:19:00+00:00,1,1
2026-02-23 00:20:00+00:00,1,1
2026-02-23 00:24:00+00:00,0,1
2026-02-23 00:25:00+00:00,1,1
2026-02-23 00:26:00+00:00,0,1
2026-02-23 00:29:00+00:00,0,1
2026-02-23 00:30:00+00:00,1,0
2026-02-23 00:31:00+00:00,1,1
2026-02-23 00:32:00+00:00,0,1
2026-02-23 00:37:00+00:00,0,0
2026-02-23 01:01:00+00:00,0,0
2026-02-23 01:10:00+00:00,0,0
2026-02-23 01:32:00+00:00,0,0
2026-02-23 01:40:00+00:00,0,0
2026-02-23 02:41:00+00:00,1,0
2026-02-23 03:09:00+00:00,0,1
2026-02-23 03:10:00+00:00,0,0
2026-02-23 03:12:00+00:00,0,0
2026-02-23 03:15:00+00:00,0,1
2026-02-23 07:03:00+00:00,0,0
2026-02-23 07:06:00+00:00,1,0
2026-02-23 07:07:00+00:00,1,1
2026-02-23 07:20:00+00:00,0,0
2026-02-23 07:24:00+00:00,0,1
2026-02-23 07:25:00+00:00,0,1
2026-02-23 07:27:00+00:00,0,1
2026-02-23 07:34:00+00:00,0,1
2026-02-23 07:36:00+00:00,0,1
2026-02-23 07:38:00+00:00,0,1
2026-02-23 08:01:00+00:00,0,0
2026-02-23 08:24:00+00:00,0,0
2026-02-23 08:29:00+00:00,1,1
2026-02-23 08:32:00+00:00,0,0
2026-02-23 10:30:00+00:00,0,0
2026-02-23 12:39:00+00:00,0,0
2026-02-23 13:23:00+00:00,0,0
2026-02-23 14:12:00+00:00,1,0
2026-02-23 14:30:00+00:00,1,0
2026-02-23 14:36:00+00:00,1,0
2026-02-23 14:44:00+00:00,0,0
2026-02-23 14:45:00+00:00,0,0
2026-02-23 14:46:00+00:00,0,1
2026-02-23 14:50:00+00:00,0,0
2026-02-23 14:51:00+00:00,0,0
2026-02-23 14:56:00+00:00,0,0
2026-02-23 14:57:00+00:00,0,0
2026-02-23 14:58:00+00:00,0,0
2026-02-23 14:59:00+00:00,0,0
2026-02-23 15:01:00+00:00,1,1
2026-02-23 15:02:00+00:00,0,1
2026-02-23 15:04:00+00:00,0,1
2026-02-23 15:06:00+00:00,0,1
2026-02-23 15:11:00+00:00,0,1
2026-02-23 15:13:00+00:00,0,1
2026-02-23 15:14:00+00:00,0,1
2026-02-23 15:20:00+00:00,1,1
2026-02-23 15:21:00+00:00,1,1
2026-02-23 15:34:00+00:00,0,0
2026-02-23 15:35:00+00:00,0,0
2026-02-23 15:37:00+00:00,0,0
2026-02-23 15:43:00+00:00,0,0
2026-02-23 15:48:00+00:00,0,0
2026-02-23 15:52:00+00:00,0,0
2026-02-23 15:53:00+00:00,0,0
2026-02-23 15:56:00+00:00,0,0
2026-02-23 15:57:00+00:00,0,0
2026-02-23 15:59:00+00:00,0,1
2026-02-23 16:00:00+00:00,0,1
2026-02-23 16:03:00+00:00,1,0
2026-02-23 16:06:00+00:00,1,0
2026-02-23 16:08:00+00:00,1,1
2026-02-23 16:13:00+00:00,0,0
2026-02-23 16:17:00+00:00,0,0
2026-02-23 16:18:00+00:00,0,0
2026-02-23 16:22:00+00:00,0,0
2026-02-23 16:31:00+00:00,0,1
2026-02-23 16:32:00+00:00,0,1
2026-02-23 16:34:00+00:00,0,1
2026-02-23 16:35:00+00:00,0,0
2026-02-23 16:36:00+00:00,0,0
2026-02-23 16:52:00+00:00,1,0
2026-02-23 16:54:00+00:00,1,0
2026-02-23 17:15:00+00:00,0,0
2026-02-23 17:16:00+00:00,0,0
2026-02-23 17:35:00+00:00,0,0
2026-02-23 17:36:00+00:00,0,0
2026-02-23 17:39:00+00:00,0,0
2026-02-23 17:40:00+00:00,0,0
2026-02-23 17:42:00+00:00,0,0
2026-02-23 17:50:00+00:00,0,0
2026-02-23 17:52:00+00:00,0,0
2026-02-23 17:53:00+00:00,0,0
2026-02-23 18:28:00+00:00,0,0
2026-02-23 18:30:00+00:00,0,0
2026-02-23 20:52:00+00:00,0,0
2026-02-23 23:02:00+00:00,0,0
2026-02-23 23:03:00+00:00,0,0
2026-02-23 23:11:00+00:00,0,1
2026-02-23 23:15:00+00:00,1,1
2026-02-23 23:23:00+00:00,1,0
2026-02-24 00:01:00+00:00,0,0
2026-02-24 00:04:00+00:00,0,0
2026-02-24 00:05:00+00:00,0,0
2026-02-24 00:06:00+00:00,0,0
2026-02-24 00:55:00+00:00,1,0
2026-02-24 01:00:00+00:00,1,0
2026-02-24 01:03:00+00:00,1,0
2026-02-24 01:04:00+00:00,1,0
2026-02-24 01:05:00+00:00,1,0
2026-02-24 01:06:00+00:00,0,0
2026-02-24 01:09:00+00:00,1,0
2026-02-24 01:11:00+00:00,1,0
2026-02-24 01:12:00+00:00,1,1
2026-02-24 01:13:00+00:00,1,1
2026-02-24 01:15:00+00:00,0,1
2026-02-24 01:16:00+00:00,1,0
2026-02-24 01:17:00+00:00,0,1
2026-02-24 01:19:00+00:00,0,1
2026-02-24 01:20:00+00:00,0,1
2026-02-24 01:22:00+00:00,0,1
2026-02-24 01:24:00+00:00,1,1
2026-02-24 01:26:00+00:00,1,0
2026-02-24 01:27:00+00:00,0,1
2026-02-24 01:28:00+00:00,1,1
2026-02-24 01:29:00+00:00,0,0
2026-02-24 01:32:00+00:00,0,0
2026-02-24 01:35:00+00:00,0,1
2026-02-24 01:36:00+00:00,0,0
2026-02-24 01:37:00+00:00,0,0
2026-02-24 01:38:00+00:00,0,0
2026-02-24 01:40:00+00:00,0,0
2026-02-24 01:42:00+00:00,0,0
2026-02-24 01:45:00+00:00,0,0
2026-02-24 01:52:00+00:00,0,1
2026-02-24 01:56:00+00:00,0,0
2026-02-24 01:57:00+00:00,0,0
2026-02-24 01:59:00+00:00,0,0
2026-02-24 02:09:00+00:00,0,0
2026-02-24 02:10:00+00:00,1,0
2026-02-24 02:32:00+00:00,0,0
2026-02-24 02:40:00+00:00,0,0
2026-02-24 02:58:00+00:00,0,0
2026-02-24 03:57:00+00:00,0,0
2026-02-24 04:00:00+00:00,0,0
2026-02-24 04:01:00+00:00,0,1
2026-02-24 05:56:00+00:00,1,0
2026-02-24 06:21:00+00:00,0,0
2026-02-24 06:29:00+00:00,0,0
2026-02-24 06:35:00+00:00,0,1
2026-02-24 06:39:00+00:00,0,0
2026-02-24 07:06:00+00:00,0,0
2026-02-24 07:12:00+00:00,1,0
2026-02-24 07:15:00+00:00,0,0
2026-02-24 07:23:00+00:00,0,0
2026-02-24 08:24:00+00:00,0,0
2026-02-24 08:33:00+00:00,0,0
2026-02-24 10:30:00+00:00,0,0
2026-02-24 12:17:00+00:00,0,0
2026-02-24 12:18:00+00:00,0,0
2026-02-24 12:20:00+00:00,0,0
2026-02-24 12:21:00+00:00,0,0
2026-02-24 12:53:00+00:00,0,0
2026-02-24 12:54:00+00:00,0,0
2026-02-24 12:55:00+00:00,0,0
2026-02-24 13:00:00+00:00,1,1
2026-02-24 13:03:00+00:00,1,1
2026-02-24 13:10:00+00:00,1,0
2026-02-24 13:11:00+00:00,1,0
2026-02-24 13:30:00+00:00,1,1
2026-02-24 13:39:00+00:00,1,0
2026-02-24 13:40:00+00:00,1,1
2026-02-24 13:41:00+00:00,1,1
2026-02-24 13:45:00+00:00,1,1
2026-02-24 13:47:00+00:00,1,1
2026-02-24 13:48:00+00:00,1,1
2026-02-24 13:49:00+00:00,1,1
2026-02-24 13:51:00+00:00,1,1
2026-02-24 13:57:00+00:00,0,1
2026-02-24 13:59:00+00:00,0,1
2026-02-24 14:01:00+00:00,0,0
2026-02-24 14:04:00+00:00,0,1
2026-02-24 14:06:00+00:00,0,0
2026-02-24 14:11:00+00:00,0,1
2026-02-24 14:13:00+00:00,1,1
2026-02-24 14:14:00+00:00,1,1
2026-02-24 14:16:00+00:00,1,1
2026-02-24 14:20:00+00:00,1,0
2026-02-24 14:26:00+00:00,1,0
2026-02-24 14:30:00+00:00,0,0
2026-02-24 14:31:00+00:00,1,0
2026-02-24 14:32:00+00:00,1,0
2026-02-24 14:36:00+00:00,0,0
2026-02-24 14:38:00+00:00,0,1
2026-02-24 14:40:00+00:00,0,1
2026-02-24 14:41:00+00:00,0,1
2026-02-24 14:47:00+00:00,0,1
2026-02-24 14:49:00+00:00,0,1
2026-02-24 14:52:00+00:00,0,1
2026-02-24 14:53:00+00:00,0,1
2026-02-24 14:57:00+00:00,1,1
2026-02-24 15:04:00+00:00,1,1
2026-02-24 15:05:00+00:00,1,1
2026-02-24 15:23:00+00:00,0,0
2026-02-24 15:29:00+00:00,0,0
2026-02-24 15:34:00+00:00,0,0
2026-02-24 15:45:00+00:00,0,0
2026-02-24 15:50:00+00:00,0,0
2026-02-24 15:55:00+00:00,0,0
2026-02-24 16:20:00+00:00,0,0
2026-02-24 16:30:00+00:00,0,0
2026-02-24 16:33:00+00:00,1,1
2026-02-24 16:35:00+00:00,1,0
2026-02-24 16:37:00+00:00,0,0
2026-02-24 16:40:00+00:00,0,0
2026-02-24 16:42:00+00:00,0,0
2026-02-24 16:45:00+00:00,0,0
2026-02-24 16:51:00+00:00,1,0
2026-02-24 16:54:00+00:00,1,1
2026-02-24 17:10:00+00:00,0,0
2026-02-24 19:21:00+00:00,0,0
2026-02-24 20:26:00+00:00,0,0
2026-02-24 20:51:00+00:00,0,0
2026-02-24 20:55:00+00:00,0,0
2026-02-24 20:56:00+00:00,0,0
2026-02-24 23:01:00+00:00,1,1
2026-02-24 23:02:00+00:00,0,0
2026-02-24 23:42:00+00:00,0,0
2026-02-25 01:00:00+00:00,1,1
2026-02-25 01:03:00+00:00,1,1
2026-02-25 01:05:00+00:00,1,0
2026-02-25 01:07:00+00:00,1,0
2026-02-25 01:13:00+00:00,0,0
2026-02-25 01:14:00+00:00,0,1
2026-02-25 01:17:00+00:00,0,0
2026-02-25 01:24:00+00:00,0,0
2026-02-25 01:25:00+00:00,0,0
2026-02-25 01:35:00+00:00,0,0
2026-02-25 01:36:00+00:00,0,0
2026-02-25 01:43:00+00:00,0,0
2026-02-25 02:00:00+00:00,0,0
2026-02-25 02:50:00+00:00,0,0
2026-02-25 03:00:00+00:00,0,0
2026-02-25 05:30:00+00:00,0,0
2026-02-25 05:43:00+00:00,1,0
2026-02-25 05:49:00+00:00,1,0
2026-02-25 05:55:00+00:00,1,0
2026-02-25 06:00:00+00:00,0,0
2026-02-25 06:07:00+00:00,0,0
2026-02-25 06:08:00+00:00,0,1
2026-02-25 06:14:00+00:00,0,0
2026-02-25 08:00:00+00:00,0,0
2026-02-25 10:26:00+00:00,0,0
2026-02-25 11:10:00+00:00,0,0
2026-02-25 11:16:00+00:00,1,0
2026-02-25 11:22:00+00:00,0,0
2026-02-25 13:41:00+00:00,0,0
2026-02-25 13:42:00+00:00,0,0
2026-02-25 13:46:00+00:00,0,0
2026-02-25 14:28:00+00:00,0,0
2026-02-25 14:32:00+00:00,0,1
2026-02-25 14:34:00+00:00,0,1
2026-02-25 14:35:00+00:00,1,0
2026-02-25 14:36:00+00:00,0,0
2026-02-25 14:37:00+00:00,1,0
2026-02-25 14:39:00+00:00,1,0
2026-02-25 14:40:00+00:00,1,0
2026-02-25 14:41:00+00:00,1,1
2026-02-25 14:42:00+00:00,1,1
2026-02-25 14:44:00+00:00,1,1
2026-02-25 14:49:00+00:00,1,1
2026-02-25 14:51:00+00:00,0,0
2026-02-25 15:12:00+00:00,0,0
2026-02-25 15:23:00+00:00,0,0
2026-02-25 15:25:00+00:00,0,0
2026-02-25 15:27:00+00:00,1,0
2026-02-25 15:32:00+00:00,0,0
2026-02-25 15:41:00+00:00,0,0
2026-02-25 15:45:00+00:00,0,0
2026-02-25 15:46:00+00:00,0,0
2026-02-25 15:50:00+00:00,0,0
2026-02-25 16:02:00+00:00,0,0
2026-02-25 16:03:00+00:00,0,0
2026-02-25 16:11:00+00:00,0,0
2026-02-25 16:34:00+00:00,0,0
2026-02-25 17:45:00+00:00,0,0
2026-02-25 17:54:00+00:00,0,0
2026-02-25 19:14:00+00:00,0,0
2026-02-25 19:29:00+00:00,0,0
2026-02-25 20:04:00+00:00,1,0
2026-02-25 20:15:00+00:00,1,1
2026-02-25 20:16:00+00:00,1,0
2026-02-25 20:45:00+00:00,1,0
2026-02-25 20:46:00+00:00,0,0
2026-02-25 20:48:00+00:00,1,0
2026-02-25 20:50:00+00:00,1,0
2026-02-25 20:57:00+00:00,1,0
2026-02-25 20:58:00+00:00,1,1
2026-02-25 21:00:00+00:00,0,0
2026-02-25 21:16:00+00:00,0,1
2026-02-25 23:03:00+00:00,0,1
2026-02-25 23:48:00+00:00,0,0
2026-02-25 23:59:00+00:00,1,1
2026-02-26 00:03:00+00:00,0,1
2026-02-26 00:04:00+00:00,1,0
2026-02-26 00:07:00+00:00,1,1
2026-02-26 00:20:00+00:00,1,0
2026-02-26 00:23:00+00:00,1,0
2026-02-26 01:00:00+00:00,0,1
2026-02-26 01:03:00+00:00,0,0
2026-02-26 01:06:00+00:00,0,0
2026-02-26 01:07:00+00:00,0,0
2026-02-26 01:08:00+00:00,0,0
2026-02-26 01:15:00+00:00,0,0
2026-02-26 01:23:00+00:00,0,0
2026-02-26 01:34:00+00:00,0,0
2026-02-26 01:41:00+00:00,0,0
2026-02-26 01:52:00+00:00,0,0
2026-02-26 02:40:00+00:00,0,0
2026-02-26 02:45:00+00:00,0,0
2026-02-26 08:27:00+00:00,0,1
2026-02-26 08:31:00+00:00,0,0
2026-02-26 08:34:00+00:00,0,0
2026-02-26 08:48:00+00:00,0,0
2026-02-26 08:49:00+00:00,0,0
2026-02-26 12:01:00+00:00,1,0
2026-02-26 13:04:00+00:00,0,0
2026-02-26 13:05:00+00:00,0,0
2026-02-26 13:19:00+00:00,0,0
2026-02-26 13:30:00+00:00,0,1
2026-02-26 13:44:00+00:00,0,0
2026-02-26 14:02:00+00:00,1,0
2026-02-26 14:03:00+00:00,0,0
2026-02-26 14:05:00+00:00,0,1
2026-02-26 14:22:00+00:00,1,0
2026-02-26 14:30:00+00:00,1,0
2026-02-26 14:31:00+00:00,1,0
2026-02-26 14:32:00+00:00,1,0
2026-02-26 14:34:00+00:00,0,0
2026-02-26 14:36:00+00:00,1,0
2026-02-26 14:38:00+00:00,0,1
2026-02-26 14:40:00+00:00,0,1
2026-02-26 14:41:00+00:00,0,0
2026-02-26 14:43:00+00:00,1,1
2026-02-26 14:44:00+00:00,1,0
2026-02-26 14:47:00+00:00,1,1
2026-02-26 14:49:00+00:00,1,0
2026-02-26 14:51:00+00:00,1,1
2026-02-26 14:52:00+00:00,1,1
2026-02-26 15:01:00+00:00,0,1
2026-02-26 15:02:00+00:00,0,1
2026-02-26 15:12:00+00:00,0,0
2026-02-26 15:13:00+00:00,0,1
2026-02-26 15:15:00+00:00,0,0
2026-02-26 15:19:00+00:00,0,0
2026-02-26 15:21:00+00:00,0,0
2026-02-26 15:27:00+00:00,1,1
2026-02-26 15:28:00+00:00,1,1
2026-02-26 15:35:00+00:00,1,1
2026-02-26 15:39:00+00:00,1,1
2026-02-26 15:42:00+00:00,0,0
2026-02-26 15:45:00+00:00,0,0
2026-02-26 15:47:00+00:00,0,0
2026-02-26 15:51:00+00:00,0,0
2026-02-26 16:00:00+00:00,0,0
2026-02-26 16:04:00+00:00,0,0
2026-02-26 16:13:00+00:00,0,0
2026-02-26 16:16:00+00:00,0,0
2026-02-26 16:17:00+00:00,0,0
2026-02-26 16:34:00+00:00,0,0
2026-02-26 17:12:00+00:00,1,0
2026-02-26 17:14:00+00:00,0,0
2026-02-26 17:49:00+00:00,0,0
2026-02-26 17:51:00+00:00,0,0
2026-02-26 17:53:00+00:00,0,0
2026-02-26 18:08:00+00:00,0,0
2026-02-26 18:34:00+00:00,1,0
2026-02-26 18:37:00+00:00,1,0
2026-02-26 18:38:00+00:00,0,0
2026-02-26 18:39:00+00:00,0,1
2026-02-26 20:58:00+00:00,0,0
2026-02-27 00:33:00+00:00,0,0
2026-02-27 01:01:00+00:00,0,1
2026-02-27 01:06:00+00:00,1,0
2026-02-27 01:08:00+00:00,1,0
2026-02-27 01:32:00+00:00,1,0
2026-02-27 01:37:00+00:00,0,0
2026-02-27 02:01:00+00:00,0,0
2026-02-27 02:05:00+00:00,1,0
2026-02-27 02:08:00+00:00,1,0
2026-02-27 02:36:00+00:00,0,1
2026-02-27 07:14:00+00:00,0,0
2026-02-27 07:32:00+00:00,0,0
2026-02-27 08:00:00+00:00,0,0
2026-02-27 10:12:00+00:00,0,0
2026-02-27 13:01:00+00:00,1,0
2026-02-27 13:07:00+00:00,1,1
2026-02-27 13:08:00+00:00,1,1
2026-02-27 13:15:00+00:00,0,1
2026-02-27 13:20:00+00:00,0,1
2026-02-27 13:22:00+00:00,0,0
2026-02-27 13:23:00+00:00,1,1
2026-02-27 13:28:00+00:00,1,0
2026-02-27 13:30:00+00:00,0,0
2026-02-27 13:32:00+00:00,1,0
2026-02-27 13:34:00+00:00,0,1
2026-02-27 13:35:00+00:00,0,1
2026-02-27 13:37:00+00:00,0,1
2026-02-27 13:40:00+00:00,1,1
2026-02-27 13:41:00+00:00,1,1
2026-02-27 13:42:00+00:00,1,1
2026-02-27 13:48:00+00:00,1,1
2026-02-27 13:56:00+00:00,0,1
2026-02-27 14:04:00+00:00,0,0
2026-02-27 14:10:00+00:00,0,0
2026-02-27 14:21:00+00:00,1,0
2026-02-27 14:27:00+00:00,0,0
2026-02-27 14:29:00+00:00,0,0
2026-02-27 14:31:00+00:00,0,1
2026-02-27 14:32:00+00:00,1,1
2026-02-27 14:33:00+00:00,0,1
2026-02-27 14:34:00+00:00,0,1
2026-02-27 14:35:00+00:00,0,1
2026-02-27 14:37:00+00:00,0,1
2026-02-27 14:39:00+00:00,1,1
2026-02-27 14:41:00+00:00,1,1
2026-02-27 14:42:00+00:00,1,1
2026-02-27 14:43:00+00:00,0,1
2026-02-27 15:05:00+00:00,0,0
2026-02-27 15:07:00+00:00,0,0
2026-02-27 15:08:00+00:00,1,1
2026-02-27 15:09:00+00:00,0,1
2026-02-27 15:10:00+00:00,1,1
2026-02-27 15:16:00+00:00,0,0
2026-02-27 15:18:00+00:00,1,0
2026-02-27 15:21:00+00:00,1,1
2026-02-27 15:26:00+00:00,1,1
2026-02-27 15:29:00+00:00,1,0
2026-02-27 15:34:00+00:00,1,0
2026-02-27 15:42:00+00:00,0,0
2026-02-27 15:48:00+00:00,0,0
2026-02-27 15:52:00+00:00,0,1
2026-02-27 15:55:00+00:00,0,0
2026-02-27 15:57:00+00:00,0,0
2026-02-27 15:59:00+00:00,0,0
2026-02-27 16:00:00+00:00,0,0
2026-02-27 16:10:00+00:00,0,0
2026-02-27 16:13:00+00:00,1,0
2026-02-27 16:15:00+00:00,1,0
2026-02-27 16:19:00+00:00,1,0
2026-02-27 16:20:00+00:00,1,0
2026-02-27 16:22:00+00:00,0,0
2026-02-27 16:23:00+00:00,0,0
2026-02-27 16:24:00+00:00,0,0
2026-02-27 16:25:00+00:00,0,0
2026-02-27 16:30:00+00:00,0,0
2026-02-27 16:31:00+00:00,0,0
2026-02-27 16:38:00+00:00,0,0
2026-02-27 16:42:00+00:00,0,0
2026-02-27 17:13:00+00:00,0,0
2026-02-27 17:22:00+00:00,0,0
2026-02-27 17:43:00+00:00,0,0
2026-02-27 18:27:00+00:00,1,0
2026-02-27 18:43:00+00:00,0,0
2026-02-27 18:47:00+00:00,0,0
2026-02-27 18:50:00+00:00,0,0
2026-02-27 19:10:00+00:00,0,0
2026-02-27 19:12:00+00:00,0,0
2026-02-27 19:13:00+00:00,0,0
2026-02-27 20:21:00+00:00,0,0
2026-02-27 20:23:00+00:00,0,0
2026-02-27 20:27:00+00:00,0,0
2026-02-27 21:40:00+00:00,1,0
2026-03-01 23:04:00+00:00,0,0
2026-03-01 23:05:00+00:00,0,0
2026-03-01 23:06:00+00:00,0,0
2026-03-01 23:08:00+00:00,1,0
2026-03-01 23:09:00+00:00,0,0
2026-03-01 23:11:00+00:00,1,0
2026-03-01 23:12:00+00:00,0,0
2026-03-01 23:14:00+00:00,1,0
2026-03-01 23:18:00+00:00,0,0
2026-03-01 23:19:00+00:00,1,0
2026-03-01 23:20:00+00:00,1,0
2026-03-01 23:21:00+00:00,1,0
2026-03-01 23:23:00+00:00,1,0
2026-03-01 23:24:00+00:00,1,0
2026-03-01 23:25:00+00:00,1,0
2026-03-01 23:28:00+00:00,1,0
2026-03-01 23:30:00+00:00,1,0
2026-03-01 23:31:00+00:00,1,0
2026-03-01 23:36:00+00:00,0,0
2026-03-01 23:37:00+00:00,0,0
2026-03-01 23:41:00+00:00,1,0
2026-03-01 23:45:00+00:00,0,1
2026-03-01 23:46:00+00:00,1,1
2026-03-01 23:54:00+00:00,1,0
2026-03-01 23:55:00+00:00,1,0
2026-03-01 23:56:00+00:00,1,0
2026-03-02 00:00:00+00:00,1,0
2026-03-02 00:01:00+00:00,1,0
2026-03-02 00:02:00+00:00,0,0
2026-03-02 00:03:00+00:00,1,1
2026-03-02 00:04:00+00:00,1,0
2026-03-02 00:12:00+00:00,1,1
2026-03-02 00:16:00+00:00,1,0
2026-03-02 00:18:00+00:00,0,1
2026-03-02 00:20:00+00:00,0,0
2026-03-02 00:22:00+00:00,1,1
2026-03-02 00:26:00+00:00,0,0
2026-03-02 00:28:00+00:00,0,1
2026-03-02 00:31:00+00:00,0,0
2026-03-02 00:33:00+00:00,1,0
2026-03-02 00:50:00+00:00,1,0
2026-03-02 00:52:00+00:00,1,1
2026-03-02 00:53:00+00:00,1,0
2026-03-02 00:56:00+00:00,1,0
2026-03-02 00:58:00+00:00,1,0
2026-03-02 00:59:00+00:00,1,0
2026-03-02 01:00:00+00:00,1,1
2026-03-02 01:01:00+00:00,0,1
2026-03-02 01:03:00+00:00,0,1
2026-03-02 01:04:00+00:00,0,1
2026-03-02 01:05:00+00:00,0,1
2026-03-02 01:06:00+00:00,0,1
2026-03-02 01:11:00+00:00,0,1
2026-03-02 01:13:00+00:00,1,1
2026-03-02 01:16:00+00:00,1,0
2026-03-02 01:18:00+00:00,1,1
2026-03-02 01:19:00+00:00,1,1
2026-03-02 01:20:00+00:00,0,1
2026-03-02 01:21:00+00:00,1,1
2026-03-02 01:23:00+00:00,0,1
2026-03-02 01:24:00+00:00,0,1
2026-03-02 01:25:00+00:00,0,0
2026-03-02 01:26:00+00:00,0,1
2026-03-02 01:29:00+00:00,1,1
2026-03-02 01:30:00+00:00,1,0
2026-03-02 01:31:00+00:00,1,0
2026-03-02 01:33:00+00:00,0,0
2026-03-02 01:38:00+00:00,0,0
2026-03-02 01:41:00+00:00,0,0
2026-03-02 01:42:00+00:00,1,0
2026-03-02 01:44:00+00:00,0,0
2026-03-02 01:47:00+00:00,0,0
2026-03-02 01:52:00+00:00,0,0
2026-03-02 01:54:00+00:00,0,1
2026-03-02 02:00:00+00:00,0,0
2026-03-02 02:07:00+00:00,1,0
2026-03-02 02:15:00+00:00,0,0
2026-03-02 02:41:00+00:00,0,0
2026-03-02 02:43:00+00:00,0,0
2026-03-02 02:44:00+00:00,0,0
2026-03-02 03:03:00+00:00,0,0
2026-03-02 04:37:00+00:00,0,0
2026-03-02 05:33:00+00:00,1,0
2026-03-02 06:06:00+00:00,0,0
2026-03-02 07:08:00+00:00,1,1
2026-03-02 07:09:00+00:00,0,0
2026-03-02 07:12:00+00:00,0,1
2026-03-02 07:17:00+00:00,0,0
2026-03-02 07:25:00+00:00,0,0
2026-03-02 07:29:00+00:00,0,0
2026-03-02 07:46:00+00:00,0,0
2026-03-02 08:01:00+00:00,0,0
2026-03-02 08:15:00+00:00,0,0
2026-03-02 08:28:00+00:00,1,0
2026-03-02 08:30:00+00:00,1,0
2026-03-02 08:43:00+00:00,0,0
2026-03-02 08:44:00+00:00,0,0
2026-03-02 08:45:00+00:00,0,0
2026-03-02 08:55:00+00:00,0,0
2026-03-02 09:02:00+00:00,0,0
2026-03-02 10:05:00+00:00,0,0
2026-03-02 10:07:00+00:00,0,0
2026-03-02 11:45:00+00:00,1,0
2026-03-02 11:46:00+00:00,0,1
2026-03-02 12:00:00+00:00,0,1
2026-03-02 13:01:00+00:00,1,0
2026-03-02 13:02:00+00:00,0,0
2026-03-02 13:03:00+00:00,0,0
2026-03-02 13:05:00+00:00,0,0
2026-03-02 13:08:00+00:00,0,1
2026-03-02 13:09:00+00:00,0,0
2026-03-02 13:11:00+00:00,1,0
2026-03-02 13:12:00+00:00,1,0
2026-03-02 13:16:00+00:00,1,0
2026-03-02 13:20:00+00:00,0,0
2026-03-02 13:22:00+00:00,0,1
2026-03-02 13:23:00+00:00,1,1
2026-03-02 13:27:00+00:00,0,1
2026-03-02 13:28:00+00:00,0,1
2026-03-02 13:30:00+00:00,1,1
2026-03-02 13:31:00+00:00,1,1
2026-03-02 13:33:00+00:00,1,0
2026-03-02 13:36:00+00:00,1,1
2026-03-02 13:38:00+00:00,1,1
2026-03-02 13:40:00+00:00,1,1
2026-03-02 13:42:00+00:00,1,1
2026-03-02 13:43:00+00:00,1,1
2026-03-02 13:44:00+00:00,1,1
2026-03-02 13:53:00+00:00,1,0
2026-03-02 14:00:00+00:00,1,0
2026-03-02 14:01:00+00:00,1,1
2026-03-02 14:04:00+00:00,1,1
2026-03-02 14:05:00+00:00,1,1
2026-03-02 14:09:00+00:00,1,1
2026-03-02 14:11:00+00:00,1,1
2026-03-02 14:14:00+00:00,1,1
2026-03-02 14:16:00+00:00,1,1
2026-03-02 14:21:00+00:00,1,1
2026-03-02 14:22:00+00:00,1,1
2026-03-02 14:24:00+00:00,1,1
2026-03-02 14:25:00+00:00,0,1
2026-03-02 14:26:00+00:00,1,0
2026-03-02 14:27:00+00:00,0,0
2026-03-02 14:28:00+00:00,0,0
2026-03-02 14:31:00+00:00,0,1
2026-03-02 14:33:00+00:00,1,0
2026-03-02 14:34:00+00:00,1,0
2026-03-02 14:35:00+00:00,0,0
2026-03-02 14:36:00+00:00,0,1
2026-03-02 14:37:00+00:00,0,1
2026-03-02 14:38:00+00:00,0,1
2026-03-02 14:40:00+00:00,1,1
2026-03-02 14:42:00+00:00,1,1
2026-03-02 14:43:00+00:00,1,1
2026-03-02 14:45:00+00:00,1,1
2026-03-02 14:46:00+00:00,0,0
2026-03-02 14:48:00+00:00,1,0
2026-03-02 14:50:00+00:00,0,0
2026-03-02 14:56:00+00:00,0,0
2026-03-02 15:00:00+00:00,0,0
2026-03-02 15:04:00+00:00,0,0
2026-03-02 15:05:00+00:00,0,1
2026-03-02 15:07:00+00:00,1,1
2026-03-02 15:08:00+00:00,1,1
2026-03-02 15:09:00+00:00,0,1
2026-03-02 15:12:00+00:00,0,1
2026-03-02 15:14:00+00:00,0,1
2026-03-02 15:17:00+00:00,0,1
2026-03-02 15:20:00+00:00,0,1
2026-03-02 15:26:00+00:00,0,1
2026-03-02 15:28:00+00:00,0,1
2026-03-02 15:30:00+00:00,1,1
2026-03-02 15:31:00+00:00,1,0
2026-03-02 15:34:00+00:00,1,1
2026-03-02 15:35:00+00:00,1,1
2026-03-02 15:37:00+00:00,1,0
2026-03-02 15:40:00+00:00,1,1
2026-03-02 15:45:00+00:00,1,1
2026-03-02 15:46:00+00:00,0,1
2026-03-02 15:47:00+00:00,1,1
2026-03-02 15:51:00+00:00,1,1
2026-03-02 15:54:00+00:00,1,1
2026-03-02 15:55:00+00:00,1,1
2026-03-02 15:56:00+00:00,1,1
2026-03-02 15:57:00+00:00,1,1
2026-03-02 15:59:00+00:00,1,1
2026-03-02 16:00:00+00:00,0,0
2026-03-02 16:01:00+00:00,1,0
2026-03-02 16:03:00+00:00,1,0
2026-03-02 16:05:00+00:00,1,0
2026-03-02 16:06:00+00:00,0,1
2026-03-02 16:07:00+00:00,1,1
2026-03-02 16:08:00+00:00,1,1
2026-03-02 16:11:00+00:00,0,1
2026-03-02 16:13:00+00:00,0,1
2026-03-02 16:15:00+00:00,0,0
2026-03-02 16:17:00+00:00,1,0
2026-03-02 16:18:00+00:00,1,1
2026-03-02 16:22:00+00:00,1,1
2026-03-02 16:23:00+00:00,0,1
2026-03-02 16:25:00+00:00,1,1
2026-03-02 16:31:00+00:00,1,0
2026-03-02 16:33:00+00:00,0,0
2026-03-02 16:35:00+00:00,1,1
2026-03-02 16:36:00+00:00,0,1
2026-03-02 16:38:00+00:00,0,1
2026-03-02 16:42:00+00:00,0,1
2026-03-02 16:46:00+00:00,0,1
2026-03-02 16:47:00+00:00,0,1
2026-03-02 16:48:00+00:00,0,1
2026-03-02 16:51:00+00:00,1,1
2026-03-02 16:55:00+00:00,0,1
2026-03-02 16:57:00+00:00,1,1
2026-03-02 16:59:00+00:00,1,1
2026-03-02 17:00:00+00:00,1,1
2026-03-02 17:02:00+00:00,1,1
2026-03-02 17:03:00+00:00,1,1
2026-03-02 17:04:00+00:00,1,1
2026-03-02 17:05:00+00:00,0,1
2026-03-02 17:11:00+00:00,1,1
2026-03-02 17:12:00+00:00,1,1
2026-03-02 17:20:00+00:00,0,1
2026-03-02 17:23:00+00:00,0,1
2026-03-02 17:28:00+00:00,0,0
2026-03-02 17:29:00+00:00,0,1
2026-03-02 17:30:00+00:00,0,0
2026-03-02 17:31:00+00:00,1,0
2026-03-02 17:34:00+00:00,1,0
2026-03-02 17:38:00+00:00,1,0
2026-03-02 17:40:00+00:00,0,0
2026-03-02 17:45:00+00:00,0,0
2026-03-02 17:51:00+00:00,0,0
2026-03-02 17:52:00+00:00,0,0
2026-03-02 18:02:00+00:00,0,0
2026-03-02 18:05:00+00:00,0,0
2026-03-02 18:11:00+00:00,1,0
2026-03-02 18:12:00+00:00,1,0
2026-03-02 18:16:00+00:00,0,0
2026-03-02 18:24:00+00:00,1,0
2026-03-02 18:26:00+00:00,1,0
2026-03-02 18:28:00+00:00,0,0
2026-03-02 19:01:00+00:00,0,0
2026-03-02 19:04:00+00:00,0,0
2026-03-02 19:08:00+00:00,0,0
2026-03-02 19:11:00+00:00,0,0
2026-03-02 19:16:00+00:00,0,0
2026-03-02 20:06:00+00:00,0,0
2026-03-02 20:08:00+00:00,0,1
2026-03-02 20:10:00+00:00,0,0
2026-03-02 20:15:00+00:00,0,0
2026-03-02 20:16:00+00:00,0,0
2026-03-02 20:18:00+00:00,0,0
2026-03-02 20:19:00+00:00,0,0
2026-03-02 20:20:00+00:00,0,1
2026-03-02 20:21:00+00:00,0,1
2026-03-02 20:22:00+00:00,0,1
2026-03-02 20:24:00+00:00,0,1
2026-03-02 20:28:00+00:00,0,1
2026-03-02 20:32:00+00:00,0,1
2026-03-02 20:33:00+00:00,0,1
2026-03-02 20:35:00+00:00,0,1
2026-03-02 20:37:00+00:00,0,1
2026-03-02 20:45:00+00:00,0,1
2026-03-02 20:58:00+00:00,0,0
2026-03-03 00:17:00+00:00,0,1
2026-03-03 01:00:00+00:00,1,0
2026-03-03 01:02:00+00:00,0,1
2026-03-03 01:07:00+00:00,1,1
2026-03-03 01:14:00+00:00,0,1
2026-03-03 01:21:00+00:00,1,1
2026-03-03 01:46:00+00:00,1,0
2026-03-03 01:47:00+00:00,0,1
2026-03-03 01:51:00+00:00,1,0
2026-03-03 01:54:00+00:00,0,1
2026-03-03 01:56:00+00:00,1,1
2026-03-03 01:59:00+00:00,1,0
2026-03-03 02:00:00+00:00,1,0
2026-03-03 02:02:00+00:00,1,1
2026-03-03 02:03:00+00:00,0,1
2026-03-03 02:05:00+00:00,1,1
2026-03-03 02:06:00+00:00,1,0
2026-03-03 02:08:00+00:00,0,1
2026-03-03 02:10:00+00:00,1,0
2026-03-03 02:15:00+00:00,0,0
2026-03-03 02:16:00+00:00,1,1
2026-03-03 02:30:00+00:00,0,0
2026-03-03 05:30:00+00:00,1,0
2026-03-03 05:31:00+00:00,1,0
2026-03-03 05:34:00+00:00,1,0
2026-03-03 05:36:00+00:00,1,0
2026-03-03 05:38:00+00:00,0,0
2026-03-03 05:40:00+00:00,1,0
2026-03-03 05:47:00+00:00,1,1
2026-03-03 05:48:00+00:00,1,1
2026-03-03 05:51:00+00:00,1,1
2026-03-03 05:54:00+00:00,1,0
2026-03-03 05:55:00+00:00,0,0
2026-03-03 05:57:00+00:00,1,0
2026-03-03 06:03:00+00:00,1,0
2026-03-03 06:05:00+00:00,1,0
2026-03-03 06:07:00+00:00,1,1
2026-03-03 06:08:00+00:00,0,1
2026-03-03 06:11:00+00:00,0,1
2026-03-03 06:12:00+00:00,0,1
2026-03-03 06:13:00+00:00,0,1
2026-03-03 06:15:00+00:00,1,1
2026-03-03 06:16:00+00:00,1,0
2026-03-03 06:18:00+00:00,0,0
2026-03-03 06:21:00+00:00,0,0
2026-03-03 06:24:00+00:00,0,0
2026-03-03 06:26:00+00:00,0,0
2026-03-03 06:27:00+00:00,1,0
2026-03-03 06:28:00+00:00,1,0
2026-03-03 06:35:00+00:00,0,0
2026-03-03 06:39:00+00:00,0,0
2026-03-03 06:40:00+00:00,1,0
2026-03-03 06:44:00+00:00,0,0
2026-03-03 06:51:00+00:00,1,0
2026-03-03 07:00:00+00:00,1,0
2026-03-03 07:38:00+00:00,0,0
2026-03-03 08:01:00+00:00,1,0
2026-03-03 08:05:00+00:00,1,0
2026-03-03 08:07:00+00:00,1,0
2026-03-03 08:15:00+00:00,0,0
2026-03-03 08:16:00+00:00,1,0
2026-03-03 08:17:00+00:00,1,0
2026-03-03 08:23:00+00:00,1,0
2026-03-03 08:35:00+00:00,1,0
2026-03-03 08:41:00+00:00,1,0
2026-03-03 08:43:00+00:00,1,0
2026-03-03 08:51:00+00:00,1,0
2026-03-03 08:55:00+00:00,1,0
2026-03-03 09:00:00+00:00,1,1
2026-03-03 09:04:00+00:00,0,1
2026-03-03 09:05:00+00:00,0,1
2026-03-03 09:06:00+00:00,0,1
2026-03-03 09:07:00+00:00,1,1
2026-03-03 09:17:00+00:00,1,0
2026-03-03 09:18:00+00:00,1,0
2026-03-03 09:19:00+00:00,1,0
2026-03-03 09:22:00+00:00,1,0
2026-03-03 09:23:00+00:00,1,1
2026-03-03 09:25:00+00:00,0,0
2026-03-03 09:26:00+00:00,0,1
2026-03-03 09:27:00+00:00,1,1
2026-03-03 09:28:00+00:00,1,1
2026-03-03 09:30:00+00:00,1,0
2026-03-03 09:31:00+00:00,1,0
2026-03-03 09:33:00+00:00,0,0
2026-03-03 09:36:00+00:00,0,1
2026-03-03 09:37:00+00:00,1,1
2026-03-03 09:40:00+00:00,1,0
2026-03-03 09:41:00+00:00,1,0
2026-03-03 09:49:00+00:00,1,1
2026-03-03 09:51:00+00:00,0,1
2026-03-03 09:52:00+00:00,0,0
2026-03-03 09:54:00+00:00,1,0
2026-03-03 09:55:00+00:00,0,0
2026-03-03 10:02:00+00:00,0,1
2026-03-03 10:03:00+00:00,1,0
2026-03-03 10:05:00+00:00,1,1
2026-03-03 10:08:00+00:00,1,1
2026-03-03 10:09:00+00:00,1,1
2026-03-03 10:16:00+00:00,0,1
2026-03-03 10:18:00+00:00,1,1
2026-03-03 10:20:00+00:00,1,1
2026-03-03 10:30:00+00:00,1,1
2026-03-03 10:33:00+00:00,1,1
2026-03-03 10:37:00+00:00,1,0
2026-03-03 10:38:00+00:00,0,0
2026-03-03 10:39:00+00:00,0,0
2026-03-03 10:40:00+00:00,1,0
2026-03-03 10:43:00+00:00,1,1
2026-03-03 10:45:00+00:00,1,1
2026-03-03 10:49:00+00:00,0,1
2026-03-03 10:50:00+00:00,0,1
2026-03-03 10:55:00+00:00,0,1
2026-03-03 10:58:00+00:00,0,1
2026-03-03 10:59:00+00:00,0,1
2026-03-03 11:00:00+00:00,1,1
2026-03-03 11:02:00+00:00,1,1
2026-03-03 11:03:00+00:00,1,1
2026-03-03 11:04:00+00:00,1,1
2026-03-03 11:05:00+00:00,1,1
2026-03-03 11:06:00+00:00,1,1
2026-03-03 11:07:00+00:00,1,1
2026-03-03 11:08:00+00:00,0,0
2026-03-03 11:09:00+00:00,0,1
2026-03-03 11:10:00+00:00,0,0
2026-03-03 11:11:00+00:00,0,0
2026-03-03 11:12:00+00:00,1,0
2026-03-03 11:13:00+00:00,1,0
2026-03-03 11:15:00+00:00,0,1
2026-03-03 11:16:00+00:00,0,0
2026-03-03 11:17:00+00:00,0,0
2026-03-03 11:18:00+00:00,0,0
2026-03-03 11:19:00+00:00,1,0
2026-03-03 11:20:00+00:00,0,0
2026-03-03 11:21:00+00:00,1,0
2026-03-03 11:24:00+00:00,1,0
2026-03-03 11:25:00+00:00,1,0
2026-03-03 11:26:00+00:00,1,1
2026-03-03 11:27:00+00:00,0,0
2026-03-03 11:28:00+00:00,0,0
2026-03-03 11:29:00+00:00,0,0
2026-03-03 11:31:00+00:00,0,0
2026-03-03 11:32:00+00:00,1,0
2026-03-03 11:33:00+00:00,0,0
2026-03-03 11:34:00+00:00,0,0
2026-03-03 11:35:00+00:00,0,0
2026-03-03 11:37:00+00:00,0,0
2026-03-03 11:38:00+00:00,0,0
2026-03-03 11:40:00+00:00,0,0
2026-03-03 11:41:00+00:00,1,0
2026-03-03 11:43:00+00:00,1,0
2026-03-03 11:44:00+00:00,1,0
2026-03-03 11:45:00+00:00,1,0
2026-03-03 11:47:00+00:00,1,0
2026-03-03 11:48:00+00:00,0,0
2026-03-03 11:49:00+00:00,1,0
2026-03-03 11:50:00+00:00,1,0
2026-03-03 11:51:00+00:00,1,0
2026-03-03 11:52:00+00:00,1,0
2026-03-03 11:54:00+00:00,0,0
2026-03-03 11:57:00+00:00,0,0
2026-03-03 11:59:00+00:00,1,0
2026-03-03 12:00:00+00:00,0,0
2026-03-03 12:02:00+00:00,1,0
2026-03-03 12:04:00+00:00,1,0
2026-03-03 12:05:00+00:00,1,0
2026-03-03 12:06:00+00:00,1,0
2026-03-03 12:07:00+00:00,1,0
2026-03-03 12:10:00+00:00,1,0
2026-03-03 12:14:00+00:00,0,0
2026-03-03 12:15:00+00:00,1,0
2026-03-03 12:16:00+00:00,1,0
2026-03-03 12:17:00+00:00,1,0
2026-03-03 12:18:00+00:00,0,0
2026-03-03 12:19:00+00:00,0,0
2026-03-03 12:20:00+00:00,0,0
2026-03-03 12:23:00+00:00,0,0
2026-03-03 12:24:00+00:00,0,0
2026-03-03 12:26:00+00:00,0,0
2026-03-03 12:27:00+00:00,0,0
2026-03-03 12:32:00+00:00,0,1
2026-03-03 12:33:00+00:00,0,1
2026-03-03 12:35:00+00:00,0,1
2026-03-03 12:36:00+00:00,0,1
2026-03-03 12:37:00+00:00,0,1
2026-03-03 12:38:00+00:00,0,1
2026-03-03 12:39:00+00:00,0,1
2026-03-03 12:43:00+00:00,0,1
2026-03-03 12:47:00+00:00,0,1
2026-03-03 12:51:00+00:00,0,0
2026-03-03 12:52:00+00:00,0,1
2026-03-03 12:54:00+00:00,0,0
2026-03-03 12:55:00+00:00,0,0
2026-03-03 12:56:00+00:00,1,0
2026-03-03 12:57:00+00:00,1,0
2026-03-03 13:00:00+00:00,1,0
2026-03-03 13:01:00+00:00,1,0
2026-03-03 13:02:00+00:00,1,0
2026-03-03 13:03:00+00:00,1,1
2026-03-03 13:05:00+00:00,0,0
2026-03-03 13:06:00+00:00,1,1
2026-03-03 13:07:00+00:00,0,0
2026-03-03 13:09:00+00:00,0,0
2026-03-03 13:10:00+00:00,0,0
2026-03-03 13:11:00+00:00,0,1
2026-03-03 13:13:00+00:00,0,1
2026-03-03 13:17:00+00:00,0,1
2026-03-03 13:19:00+00:00,0,1
2026-03-03 13:20:00+00:00,1,1
2026-03-03 13:21:00+00:00,0,1
2026-03-03 13:22:00+00:00,0,1
2026-03-03 13:23:00+00:00,0,1
2026-03-03 13:24:00+00:00,0,1
2026-03-03 13:29:00+00:00,1,1
2026-03-03 13:30:00+00:00,1,1
2026-03-03 13:31:00+00:00,0,1
2026-03-03 13:33:00+00:00,1,0
2026-03-03 13:34:00+00:00,1,0
2026-03-03 13:35:00+00:00,1,0
2026-03-03 13:36:00+00:00,1,0
2026-03-03 13:39:00+00:00,0,1
2026-03-03 13:40:00+00:00,0,1
2026-03-03 13:41:00+00:00,0,1
2026-03-03 13:42:00+00:00,0,1
2026-03-03 13:43:00+00:00,0,1
2026-03-03 13:44:00+00:00,0,1
2026-03-03 13:45:00+00:00,0,0
2026-03-03 13:47:00+00:00,0,0
2026-03-03 13:48:00+00:00,0,1
2026-03-03 13:49:00+00:00,0,1
2026-03-03 13:51:00+00:00,0,1
2026-03-03 13:53:00+00:00,0,1
2026-03-03 13:55:00+00:00,0,0
2026-03-03 13:56:00+00:00,0,0
2026-03-03 13:57:00+00:00,0,0
2026-03-03 13:58:00+00:00,0,0
2026-03-03 14:01:00+00:00,0,0
2026-03-03 14:02:00+00:00,0,1
2026-03-03 14:05:00+00:00,0,1
2026-03-03 14:07:00+00:00,0,0
2026-03-03 14:08:00+00:00,1,1
2026-03-03 14:09:00+00:00,1,0
2026-03-03 14:14:00+00:00,1,1
2026-03-03 14:15:00+00:00,1,1
2026-03-03 14:17:00+00:00,1,1
2026-03-03 14:19:00+00:00,1,1
2026-03-03 14:21:00+00:00,0,1
2026-03-03 14:23:00+00:00,0,1
2026-03-03 14:24:00+00:00,0,1
2026-03-03 14:25:00+00:00,0,1
2026-03-03 14:26:00+00:00,0,1
2026-03-03 14:27:00+00:00,1,1
2026-03-03 14:29:00+00:00,1,1
2026-03-03 14:30:00+00:00,1,1
2026-03-03 14:31:00+00:00,0,1
2026-03-03 14:32:00+00:00,0,1
2026-03-03 14:33:00+00:00,0,0
2026-03-03 14:35:00+00:00,0,1
2026-03-03 14:37:00+00:00,0,1
2026-03-03 14:38:00+00:00,1,1
2026-03-03 14:40:00+00:00,1,1
2026-03-03 14:41:00+00:00,1,1
2026-03-03 14:42:00+00:00,1,0
2026-03-03 14:44:00+00:00,1,1
2026-03-03 14:45:00+00:00,0,1
2026-03-03 14:46:00+00:00,1,1
2026-03-03 14:47:00+00:00,1,1
2026-03-03 14:49:00+00:00,0,1
2026-03-03 14:50:00+00:00,0,0
2026-03-03 14:51:00+00:00,0,0
2026-03-03 14:52:00+00:00,0,0
2026-03-03 14:53:00+00:00,0,0
2026-03-03 14:54:00+00:00,0,0
2026-03-03 14:56:00+00:00,0,0
2026-03-03 14:58:00+00:00,0,0
2026-03-03 14:59:00+00:00,0,0
2026-03-03 15:00:00+00:00,0,0
2026-03-03 15:02:00+00:00,0,0
2026-03-03 15:03:00+00:00,0,0
2026-03-03 15:04:00+00:00,0,0
2026-03-03 15:05:00+00:00,0,0
2026-03-03 15:06:00+00:00,0,0
2026-03-03 15:08:00+00:00,0,0
2026-03-03 15:09:00+00:00,0,1
2026-03-03 15:10:00+00:00,0,1
2026-03-03 15:12:00+00:00,0,1
2026-03-03 15:13:00+00:00,0,1
2026-03-03 15:14:00+00:00,0,1
2026-03-03 15:15:00+00:00,0,1
2026-03-03 15:16:00+00:00,0,0
2026-03-03 15:17:00+00:00,1,0
2026-03-03 15:18:00+00:00,1,0
2026-03-03 15:19:00+00:00,1,0
2026-03-03 15:20:00+00:00,1,1
2026-03-03 15:21:00+00:00,1,1
2026-03-03 15:22:00+00:00,1,1
2026-03-03 15:24:00+00:00,1,1
2026-03-03 15:25:00+00:00,1,1
2026-03-03 15:28:00+00:00,0,1
2026-03-03 15:29:00+00:00,1,1
2026-03-03 15:30:00+00:00,1,0
2026-03-03 15:31:00+00:00,0,0
2026-03-03 15:32:00+00:00,1,0
2026-03-03 15:36:00+00:00,1,1
2026-03-03 15:37:00+00:00,0,0
2026-03-03 15:38:00+00:00,0,0
2026-03-03 15:43:00+00:00,1,1
2026-03-03 15:45:00+00:00,1,1
2026-03-03 15:46:00+00:00,1,1
2026-03-03 15:47:00+00:00,1,0
2026-03-03 15:51:00+00:00,1,1
2026-03-03 15:54:00+00:00,1,1
2026-03-03 15:56:00+00:00,1,1
2026-03-03 15:57:00+00:00,1,0
2026-03-03 16:01:00+00:00,1,0
2026-03-03 16:03:00+00:00,1,0
2026-03-03 16:04:00+00:00,1,0
2026-03-03 16:05:00+00:00,0,0
2026-03-03 16:11:00+00:00,1,1
2026-03-03 16:12:00+00:00,1,1
2026-03-03 16:13:00+00:00,1,1
2026-03-03 16:17:00+00:00,0,1
2026-03-03 16:18:00+00:00,0,0
2026-03-03 16:22:00+00:00,0,0
2026-03-03 16:23:00+00:00,0,0
2026-03-03 16:24:00+00:00,0,0
2026-03-03 16:27:00+00:00,0,1
2026-03-03 16:29:00+00:00,0,0
2026-03-03 16:36:00+00:00,1,1
2026-03-03 16:39:00+00:00,1,1
2026-03-03 16:41:00+00:00,1,1
2026-03-03 16:45:00+00:00,0,1
2026-03-03 16:46:00+00:00,0,1
2026-03-03 16:47:00+00:00,1,1
2026-03-03 16:48:00+00:00,1,1
2026-03-03 16:49:00+00:00,1,1
2026-03-03 16:53:00+00:00,1,1
2026-03-03 16:55:00+00:00,1,1
2026-03-03 16:56:00+00:00,1,1
2026-03-03 17:00:00+00:00,0,1
2026-03-03 17:03:00+00:00,0,1
2026-03-03 17:08:00+00:00,0,1
2026-03-03 17:13:00+00:00,0,1
2026-03-03 17:14:00+00:00,0,1
2026-03-03 17:15:00+00:00,1,1
2026-03-03 17:18:00+00:00,1,0
2026-03-03 17:20:00+00:00,1,1
2026-03-03 17:23:00+00:00,1,1
2026-03-03 17:27:00+00:00,0,1
2026-03-03 17:28:00+00:00,0,1
2026-03-03 17:29:00+00:00,0,1
2026-03-03 17:31:00+00:00,0,0
2026-03-03 17:33:00+00:00,1,0
2026-03-03 17:35:00+00:00,1,1
2026-03-03 17:40:00+00:00,0,1
2026-03-03 17:41:00+00:00,1,1
2026-03-03 17:42:00+00:00,0,1
2026-03-03 17:43:00+00:00,1,1
2026-03-03 17:47:00+00:00,0,1
2026-03-03 17:50:00+00:00,1,0
2026-03-03 17:53:00+00:00,1,1
2026-03-03 17:56:00+00:00,1,1
2026-03-03 17:57:00+00:00,1,0
2026-03-03 18:00:00+00:00,1,0
2026-03-03 18:12:00+00:00,1,0
2026-03-03 18:13:00+00:00,1,0
2026-03-03 18:14:00+00:00,0,0
2026-03-03 18:25:00+00:00,1,0
2026-03-03 18:28:00+00:00,1,0
2026-03-03 18:32:00+00:00,1,0
2026-03-03 18:33:00+00:00,0,0
2026-03-03 18:37:00+00:00,0,0
2026-03-03 18:39:00+00:00,0,0
2026-03-03 18:43:00+00:00,0,0
2026-03-03 18:47:00+00:00,0,0
2026-03-03 18:50:00+00:00,0,0
2026-03-03 18:55:00+00:00,0,0
2026-03-03 18:56:00+00:00,0,0
2026-03-03 19:01:00+00:00,1,0
2026-03-03 19:02:00+00:00,1,0
2026-03-03 19:04:00+00:00,1,0
2026-03-03 19:07:00+00:00,1,0
2026-03-03 19:09:00+00:00,1,0
2026-03-03 19:10:00+00:00,1,0
2026-03-03 19:11:00+00:00,1,0
2026-03-03 19:12:00+00:00,0,1
2026-03-03 19:15:00+00:00,1,0
2026-03-03 19:16:00+00:00,0,1
2026-03-03 19:17:00+00:00,1,1
2026-03-03 19:18:00+00:00,1,0
2026-03-03 19:19:00+00:00,0,1
2026-03-03 19:24:00+00:00,0,1
2026-03-03 19:26:00+00:00,1,1
2026-03-03 19:33:00+00:00,1,1
2026-03-03 19:34:00+00:00,1,0
2026-03-03 19:35:00+00:00,1,1
2026-03-03 19:37:00+00:00,0,1
2026-03-03 19:38:00+00:00,0,1
2026-03-03 19:43:00+00:00,1,1
2026-03-03 19:44:00+00:00,0,0
2026-03-03 19:46:00+00:00,0,0
2026-03-03 19:48:00+00:00,0,1
2026-03-03 19:49:00+00:00,0,1
2026-03-03 19:51:00+00:00,0,1
2026-03-03 19:53:00+00:00,0,1
2026-03-03 19:55:00+00:00,0,1
2026-03-03 19:56:00+00:00,1,1
2026-03-03 19:58:00+00:00,0,1
2026-03-03 20:00:00+00:00,0,1
2026-03-03 20:01:00+00:00,1,1
2026-03-03 20:02:00+00:00,0,1
2026-03-03 20:03:00+00:00,0,1
2026-03-03 20:10:00+00:00,1,1
2026-03-03 20:16:00+00:00,0,1
2026-03-03 20:18:00+00:00,1,1
2026-03-03 20:19:00+00:00,0,1
2026-03-03 20:20:00+00:00,1,1
2026-03-03 20:21:00+00:00,1,1
2026-03-03 20:23:00+00:00,1,1
2026-03-03 20:24:00+00:00,1,0
2026-03-03 20:29:00+00:00,1,1
2026-03-03 20:32:00+00:00,1,0
2026-03-03 20:33:00+00:00,1,1
2026-03-03 20:35:00+00:00,1,1
2026-03-03 20:36:00+00:00,1,1
2026-03-03 20:38:00+00:00,1,1
2026-03-03 20:40:00+00:00,1,1
2026-03-03 20:41:00+00:00,0,1
2026-03-03 20:42:00+00:00,1,1
2026-03-03 20:46:00+00:00,0,1
2026-03-03 20:48:00+00:00,0,0
2026-03-03 20:49:00+00:00,1,0
2026-03-03 20:50:00+00:00,0,0
2026-03-03 20:51:00+00:00,0,1
2026-03-03 20:55:00+00:00,0,1
2026-03-03 23:01:00+00:00,1,0
2026-03-03 23:02:00+00:00,1,1
2026-03-03 23:03:00+00:00,0,0
2026-03-03 23:15:00+00:00,0,0
2026-03-03 23:18:00+00:00,0,1
2026-03-03 23:19:00+00:00,0,1
2026-03-03 23:32:00+00:00,1,0
2026-03-04 00:01:00+00:00,1,0
2026-03-04 00:02:00+00:00,1,1
2026-03-04 00:03:00+00:00,1,0
2026-03-04 00:04:00+00:00,1,1
2026-03-04 00:09:00+00:00,1,0
2026-03-04 00:18:00+00:00,1,0
2026-03-04 00:19:00+00:00,1,0
2026-03-04 00:53:00+00:00,1,0
2026-03-04 01:00:00+00:00,0,0
2026-03-04 01:01:00+00:00,0,0
2026-03-04 01:02:00+00:00,0,0
2026-03-04 01:05:00+00:00,1,1
2026-03-04 01:07:00+00:00,1,1
2026-03-04 01:08:00+00:00,0,1
2026-03-04 01:11:00+00:00,0,1
2026-03-04 01:12:00+00:00,0,1
2026-03-04 01:13:00+00:00,0,1
2026-03-04 01:15:00+00:00,0,1
2026-03-04 01:25:00+00:00,0,0
2026-03-04 01:26:00+00:00,1,0
2026-03-04 01:27:00+00:00,0,1
2026-03-04 01:29:00+00:00,1,1
2026-03-04 01:30:00+00:00,1,1
2026-03-04 01:33:00+00:00,1,1
2026-03-04 01:35:00+00:00,1,1
2026-03-04 01:36:00+00:00,1,0
2026-03-04 01:37:00+00:00,1,1
2026-03-04 01:39:00+00:00,1,1
2026-03-04 01:41:00+00:00,1,1
2026-03-04 01:43:00+00:00,1,0
2026-03-04 01:47:00+00:00,1,0
2026-03-04 01:49:00+00:00,0,0
2026-03-04 01:57:00+00:00,0,0
2026-03-04 01:58:00+00:00,0,0
2026-03-04 01:59:00+00:00,0,0
2026-03-04 02:06:00+00:00,0,0
2026-03-04 02:09:00+00:00,1,0
2026-03-04 02:12:00+00:00,1,0
2026-03-04 02:15:00+00:00,1,0
2026-03-04 02:16:00+00:00,1,0
2026-03-04 02:31:00+00:00,1,0
2026-03-04 02:33:00+00:00,0,0
2026-03-04 02:36:00+00:00,0,0
2026-03-04 02:38:00+00:00,0,0
2026-03-04 02:39:00+00:00,1,0
2026-03-04 02:40:00+00:00,1,0
2026-03-04 02:48:00+00:00,1,0
2026-03-04 02:50:00+00:00,1,0
2026-03-04 02:54:00+00:00,1,0
2026-03-04 02:56:00+00:00,0,0
2026-03-04 02:59:00+00:00,0,0
2026-03-04 03:02:00+00:00,0,0
2026-03-04 03:03:00+00:00,1,0
2026-03-04 03:04:00+00:00,1,0
2026-03-04 03:10:00+00:00,0,0
2026-03-04 03:15:00+00:00,1,0
2026-03-04 03:17:00+00:00,0,0
2026-03-04 03:19:00+00:00,0,0
2026-03-04 03:27:00+00:00,1,0
2026-03-04 03:33:00+00:00,1,1
2026-03-04 03:40:00+00:00,0,0
2026-03-04 03:57:00+00:00,1,0
2026-03-04 04:01:00+00:00,1,1
2026-03-04 04:42:00+00:00,0,0
2026-03-04 04:43:00+00:00,0,1
2026-03-04 04:47:00+00:00,0,1
2026-03-04 05:10:00+00:00,0,0
2026-03-04 05:15:00+00:00,0,0
2026-03-04 05:36:00+00:00,1,0
2026-03-04 05:37:00+00:00,1,1
2026-03-04 05:42:00+00:00,1,1
2026-03-04 05:45:00+00:00,0,1
2026-03-04 05:47:00+00:00,1,1
2026-03-04 05:54:00+00:00,1,1
2026-03-04 05:57:00+00:00,1,1
2026-03-04 06:00:00+00:00,1,1
2026-03-04 06:01:00+00:00,0,0
2026-03-04 06:06:00+00:00,1,0
2026-03-04 06:08:00+00:00,0,0
2026-03-04 06:10:00+00:00,0,0
2026-03-04 06:12:00+00:00,0,0
2026-03-04 06:14:00+00:00,0,0
2026-03-04 06:15:00+00:00,0,0
2026-03-04 06:16:00+00:00,0,0
2026-03-04 06:21:00+00:00,0,0
2026-03-04 06:23:00+00:00,0,0
2026-03-04 06:24:00+00:00,1,0
2026-03-04 06:28:00+00:00,1,0
2026-03-04 06:31:00+00:00,1,1
2026-03-04 06:33:00+00:00,1,1
2026-03-04 06:34:00+00:00,1,0
2026-03-04 06:38:00+00:00,0,0
2026-03-04 06:39:00+00:00,1,0
2026-03-04 06:50:00+00:00,0,1
2026-03-04 06:51:00+00:00,1,1
2026-03-04 07:00:00+00:00,0,0
2026-03-04 07:02:00+00:00,0,0
2026-03-04 07:17:00+00:00,0,0
2026-03-04 08:02:00+00:00,0,0
2026-03-04 08:03:00+00:00,0,0
2026-03-04 08:04:00+00:00,1,0
2026-03-04 08:08:00+00:00,1,0
2026-03-04 08:09:00+00:00,1,0
2026-03-04 08:16:00+00:00,1,1
2026-03-04 08:18:00+00:00,1,0
2026-03-04 08:22:00+00:00,1,0
2026-03-04 08:23:00+00:00,0,0
2026-03-04 08:30:00+00:00,0,0
2026-03-04 08:42:00+00:00,0,0
2026-03-04 08:49:00+00:00,1,0
2026-03-04 08:57:00+00:00,0,0
2026-03-04 09:00:00+00:00,1,0
2026-03-04 09:15:00+00:00,0,0
2026-03-04 10:08:00+00:00,0,0
2026-03-04 10:14:00+00:00,0,0
2026-03-04 10:15:00+00:00,0,0
2026-03-04 10:16:00+00:00,0,0
2026-03-04 10:18:00+00:00,0,0
2026-03-04 10:20:00+00:00,0,0
2026-03-04 10:35:00+00:00,0,0
2026-03-04 12:03:00+00:00,1,0
2026-03-04 12:04:00+00:00,1,0
2026-03-04 12:16:00+00:00,1,0
2026-03-04 12:17:00+00:00,1,0
2026-03-04 12:26:00+00:00,0,0
2026-03-04 12:30:00+00:00,0,0
2026-03-04 12:40:00+00:00,1,0
2026-03-04 12:43:00+00:00,1,0
2026-03-04 12:47:00+00:00,0,0
2026-03-04 12:55:00+00:00,1,0
2026-03-04 13:00:00+00:00,0,0
2026-03-04 13:01:00+00:00,1,1
2026-03-04 13:05:00+00:00,0,0
2026-03-04 13:09:00+00:00,0,0
2026-03-04 13:13:00+00:00,1,0
2026-03-04 13:17:00+00:00,1,0
2026-03-04 13:18:00+00:00,1,0
2026-03-04 13:19:00+00:00,1,1
2026-03-04 13:22:00+00:00,0,0
2026-03-04 13:23:00+00:00,0,1
2026-03-04 13:24:00+00:00,0,0
2026-03-04 13:27:00+00:00,1,0
2026-03-04 13:31:00+00:00,1,0
2026-03-04 13:32:00+00:00,1,1
2026-03-04 13:40:00+00:00,1,1
2026-03-04 13:41:00+00:00,1,0
2026-03-04 13:53:00+00:00,1,1
2026-03-04 13:54:00+00:00,1,1
2026-03-04 13:55:00+00:00,0,1
2026-03-04 13:56:00+00:00,0,1
2026-03-04 13:59:00+00:00,0,1
2026-03-04 14:00:00+00:00,0,0
2026-03-04 14:05:00+00:00,1,1
2026-03-04 14:12:00+00:00,0,1
2026-03-04 14:16:00+00:00,0,1
2026-03-04 14:20:00+00:00,0,1
2026-03-04 14:27:00+00:00,0,1
2026-03-04 14:30:00+00:00,0,0
2026-03-04 14:31:00+00:00,1,0
2026-03-04 14:33:00+00:00,1,0
2026-03-04 14:34:00+00:00,1,1
2026-03-04 14:36:00+00:00,1,1
2026-03-04 14:37:00+00:00,1,1
2026-03-04 14:38:00+00:00,1,1
2026-03-04 14:40:00+00:00,1,1
2026-03-04 14:41:00+00:00,1,1
2026-03-04 14:43:00+00:00,1,1
2026-03-04 14:46:00+00:00,1,1
2026-03-04 14:47:00+00:00,1,1
2026-03-04 14:48:00+00:00,0,1
2026-03-04 14:49:00+00:00,1,1
2026-03-04 14:50:00+00:00,0,1
2026-03-04 14:51:00+00:00,0,0
2026-03-04 14:53:00+00:00,1,1
2026-03-04 14:54:00+00:00,0,1
2026-03-04 14:55:00+00:00,0,1
2026-03-04 14:56:00+00:00,0,1
2026-03-04 14:58:00+00:00,0,1
2026-03-04 14:59:00+00:00,0,1
2026-03-04 15:00:00+00:00,0,1
2026-03-04 15:01:00+00:00,1,1
2026-03-04 15:02:00+00:00,1,1
2026-03-04 15:05:00+00:00,0,1
2026-03-04 15:11:00+00:00,0,1
2026-03-04 15:14:00+00:00,1,1
2026-03-04 15:15:00+00:00,1,1
2026-03-04 15:21:00+00:00,0,1
2026-03-04 15:27:00+00:00,0,0
2026-03-04 15:31:00+00:00,1,0
2026-03-04 15:35:00+00:00,1,0
2026-03-04 15:36:00+00:00,1,0
2026-03-04 15:37:00+00:00,1,0
2026-03-04 15:39:00+00:00,0,0
2026-03-04 15:43:00+00:00,1,0
2026-03-04 15:44:00+00:00,0,0
2026-03-04 15:50:00+00:00,0,0
2026-03-04 15:53:00+00:00,0,0
2026-03-04 15:54:00+00:00,0,0
2026-03-04 15:58:00+00:00,0,0
2026-03-04 16:00:00+00:00,0,0
2026-03-04 16:02:00+00:00,1,0
2026-03-04 16:04:00+00:00,0,0
2026-03-04 16:05:00+00:00,0,0
2026-03-04 16:07:00+00:00,0,0
2026-03-04 16:15:00+00:00,0,0
2026-03-04 16:16:00+00:00,0,0
2026-03-04 16:20:00+00:00,0,0
2026-03-04 16:21:00+00:00,0,1
2026-03-04 16:22:00+00:00,0,0
2026-03-04 16:25:00+00:00,0,0
2026-03-04 16:26:00+00:00,0,1
2026-03-04 16:28:00+00:00,0,0
2026-03-04 16:29:00+00:00,0,0
2026-03-04 16:31:00+00:00,0,1
2026-03-04 16:32:00+00:00,0,1
2026-03-04 16:34:00+00:00,0,1
2026-03-04 16:37:00+00:00,0,0
2026-03-04 16:40:00+00:00,1,1
2026-03-04 16:43:00+00:00,1,1
2026-03-04 16:44:00+00:00,1,1
2026-03-04 16:47:00+00:00,1,1
2026-03-04 16:52:00+00:00,1,1
2026-03-04 17:10:00+00:00,1,1
2026-03-04 17:11:00+00:00,1,0
2026-03-04 17:22:00+00:00,0,0
2026-03-04 17:23:00+00:00,1,0
2026-03-04 17:24:00+00:00,0,1
2026-03-04 17:25:00+00:00,0,1
2026-03-04 17:30:00+00:00,0,1
2026-03-04 17:31:00+00:00,0,1
2026-03-04 17:37:00+00:00,0,1
2026-03-04 17:41:00+00:00,0,1
2026-03-04 18:04:00+00:00,1,0
2026-03-04 18:07:00+00:00,1,0
2026-03-04 18:09:00+00:00,1,0
2026-03-04 18:10:00+00:00,0,0
2026-03-04 18:11:00+00:00,0,0
2026-03-04 18:14:00+00:00,0,0
2026-03-04 18:15:00+00:00,0,0
2026-03-04 18:21:00+00:00,0,0
2026-03-04 18:23:00+00:00,0,0
2026-03-04 18:31:00+00:00,1,0
2026-03-04 18:38:00+00:00,0,0
2026-03-04 18:39:00+00:00,0,0
2026-03-04 18:40:00+00:00,1,0
2026-03-04 18:41:00+00:00,1,0
2026-03-04 18:44:00+00:00,0,0
2026-03-04 18:46:00+00:00,0,0
2026-03-04 20:37:00+00:00,0,0
2026-03-04 20:50:00+00:00,0,0
2026-03-04 20:52:00+00:00,0,0
2026-03-04 21:00:00+00:00,0,1
2026-03-05 01:06:00+00:00,0,1
2026-03-05 01:16:00+00:00,0,0
2026-03-05 01:25:00+00:00,0,0
2026-03-05 01:32:00+00:00,0,0
2026-03-05 01:41:00+00:00,0,0
2026-03-05 01:51:00+00:00,0,0
2026-03-05 01:54:00+00:00,0,0
2026-03-05 02:00:00+00:00,0,0
2026-03-05 02:05:00+00:00,0,0
2026-03-05 02:24:00+00:00,0,0
2026-03-05 05:50:00+00:00,1,0
2026-03-05 05:58:00+00:00,1,1
2026-03-05 06:00:00+00:00,1,1
2026-03-05 06:01:00+00:00,1,1
2026-03-05 06:02:00+00:00,1,1
2026-03-05 06:06:00+00:00,0,1
2026-03-05 06:08:00+00:00,0,1
2026-03-05 06:10:00+00:00,0,1
2026-03-05 06:11:00+00:00,1,1
2026-03-05 06:12:00+00:00,1,0
2026-03-05 06:18:00+00:00,1,1
2026-03-05 06:19:00+00:00,1,0
2026-03-05 06:21:00+00:00,1,0
2026-03-05 06:22:00+00:00,1,0
2026-03-05 06:36:00+00:00,1,0
2026-03-05 06:37:00+00:00,1,0
2026-03-05 06:40:00+00:00,0,0
2026-03-05 07:02:00+00:00,0,0
2026-03-05 07:05:00+00:00,0,0
2026-03-05 07:45:00+00:00,1,0
2026-03-05 08:06:00+00:00,0,0
2026-03-05 08:07:00+00:00,0,0
2026-03-05 08:09:00+00:00,0,0
2026-03-05 08:12:00+00:00,1,0
2026-03-05 08:23:00+00:00,1,1
2026-03-05 08:30:00+00:00,1,0
2026-03-05 09:06:00+00:00,1,1
2026-03-05 09:08:00+00:00,1,0
2026-03-05 09:09:00+00:00,1,0
2026-03-05 09:11:00+00:00,1,0
2026-03-05 09:16:00+00:00,1,1
2026-03-05 09:17:00+00:00,1,1
2026-03-05 09:27:00+00:00,1,0
2026-03-05 09:39:00+00:00,0,0
2026-03-05 09:40:00+00:00,0,0
2026-03-05 09:42:00+00:00,0,0
2026-03-05 09:49:00+00:00,0,0
2026-03-05 10:00:00+00:00,0,0
2026-03-05 13:00:00+00:00,1,0
2026-03-05 13:09:00+00:00,0,0
2026-03-05 13:10:00+00:00,1,0
2026-03-05 13:14:00+00:00,1,1
2026-03-05 13:16:00+00:00,1,1
2026-03-05 13:17:00+00:00,1,1
2026-03-05 13:18:00+00:00,1,1
2026-03-05 13:20:00+00:00,0,1
2026-03-05 13:22:00+00:00,0,1
2026-03-05 13:23:00+00:00,1,1
2026-03-05 13:24:00+00:00,1,1
2026-03-05 13:25:00+00:00,1,1
2026-03-05 13:26:00+00:00,1,1
2026-03-05 13:28:00+00:00,0,1
2026-03-05 13:30:00+00:00,1,1
2026-03-05 13:32:00+00:00,1,1
2026-03-05 13:33:00+00:00,0,1
2026-03-05 13:34:00+00:00,1,1
2026-03-05 13:40:00+00:00,1,1
2026-03-05 13:41:00+00:00,0,1
2026-03-05 13:42:00+00:00,1,1
2026-03-05 13:46:00+00:00,1,1
2026-03-05 13:47:00+00:00,0,1
2026-03-05 13:48:00+00:00,0,1
2026-03-05 13:49:00+00:00,0,1
2026-03-05 13:50:00+00:00,1,1
2026-03-05 13:52:00+00:00,1,1
2026-03-05 13:54:00+00:00,1,1
2026-03-05 13:55:00+00:00,0,1
2026-03-05 13:58:00+00:00,0,1
2026-03-05 13:59:00+00:00,0,1
2026-03-05 14:01:00+00:00,0,1
2026-03-05 14:03:00+00:00,0,1
2026-03-05 14:04:00+00:00,1,1
2026-03-05 14:06:00+00:00,1,1
2026-03-05 14:12:00+00:00,1,1
2026-03-05 14:14:00+00:00,0,1
2026-03-05 14:16:00+00:00,0,1
2026-03-05 14:17:00+00:00,0,1
2026-03-05 14:19:00+00:00,0,1
2026-03-05 14:21:00+00:00,0,1
2026-03-05 14:22:00+00:00,0,1
2026-03-05 14:23:00+00:00,0,1
2026-03-05 14:29:00+00:00,1,1
2026-03-05 14:30:00+00:00,1,1
2026-03-05 14:31:00+00:00,0,1
2026-03-05 14:34:00+00:00,1,1
2026-03-05 14:36:00+00:00,1,1
2026-03-05 14:37:00+00:00,1,1
2026-03-05 14:39:00+00:00,0,1
2026-03-05 14:40:00+00:00,0,1
2026-03-05 14:42:00+00:00,0,1
2026-03-05 14:43:00+00:00,0,1
2026-03-05 14:44:00+00:00,0,1
2026-03-05 14:47:00+00:00,0,1
2026-03-05 14:48:00+00:00,0,1
2026-03-05 14:49:00+00:00,0,1
2026-03-05 14:50:00+00:00,0,1
2026-03-05 14:51:00+00:00,0,1
2026-03-05 14:58:00+00:00,0,1
2026-03-05 14:59:00+00:00,0,1
2026-03-05 15:00:00+00:00,0,1
2026-03-05 15:01:00+00:00,1,1
2026-03-05 15:03:00+00:00,1,1
2026-03-05 15:04:00+00:00,1,1
2026-03-05 15:07:00+00:00,1,1
2026-03-05 15:08:00+00:00,1,1
2026-03-05 15:09:00+00:00,1,1
2026-03-05 15:11:00+00:00,1,1
2026-03-05 15:13:00+00:00,0,1
2026-03-05 15:18:00+00:00,0,1
2026-03-05 15:19:00+00:00,0,1
2026-03-05 15:24:00+00:00,1,1
2026-03-05 15:27:00+00:00,1,1
2026-03-05 15:28:00+00:00,1,1
2026-03-05 15:29:00+00:00,0,1
2026-03-05 15:31:00+00:00,0,1
2026-03-05 15:33:00+00:00,0,1
2026-03-05 15:35:00+00:00,0,1
2026-03-05 15:36:00+00:00,0,1
2026-03-05 15:37:00+00:00,0,1
2026-03-05 15:38:00+00:00,0,1
2026-03-05 15:39:00+00:00,0,1
2026-03-05 15:41:00+00:00,0,1
2026-03-05 15:42:00+00:00,0,1
2026-03-05 15:45:00+00:00,0,1
2026-03-05 15:53:00+00:00,1,1
2026-03-05 15:56:00+00:00,0,1
2026-03-05 15:57:00+00:00,1,1
2026-03-05 15:59:00+00:00,1,1
2026-03-05 16:04:00+00:00,1,1
2026-03-05 16:05:00+00:00,1,1
2026-03-05 16:06:00+00:00,1,1
2026-03-05 16:08:00+00:00,1,1
2026-03-05 16:10:00+00:00,1,1
2026-03-05 16:13:00+00:00,1,0
2026-03-05 16:21:00+00:00,0,0
2026-03-05 16:22:00+00:00,0,0
2026-03-05 16:23:00+00:00,0,1
2026-03-05 16:26:00+00:00,1,0
2026-03-05 16:27:00+00:00,0,1
2026-03-05 16:29:00+00:00,0,1
2026-03-05 16:30:00+00:00,1,1
2026-03-05 16:31:00+00:00,1,1
2026-03-05 16:37:00+00:00,1,1
2026-03-05 16:38:00+00:00,1,1
2026-03-05 16:39:00+00:00,1,1
2026-03-05 16:41:00+00:00,1,1
2026-03-05 16:42:00+00:00,1,1
2026-03-05 16:43:00+00:00,1,1
2026-03-05 16:44:00+00:00,0,1
2026-03-05 16:45:00+00:00,0,1
2026-03-05 16:48:00+00:00,0,1
2026-03-05 16:49:00+00:00,0,0
2026-03-05 16:51:00+00:00,0,1
2026-03-05 16:52:00+00:00,0,1
2026-03-05 16:54:00+00:00,0,1
2026-03-05 17:01:00+00:00,0,0
2026-03-05 17:04:00+00:00,1,0
2026-03-05 17:13:00+00:00,1,0
2026-03-05 17:14:00+00:00,1,0
2026-03-05 17:16:00+00:00,1,1
2026-03-05 17:27:00+00:00,1,1
2026-03-05 17:35:00+00:00,0,0
2026-03-05 17:36:00+00:00,0,1
2026-03-05 17:37:00+00:00,0,1
2026-03-05 17:41:00+00:00,0,1
2026-03-05 17:46:00+00:00,0,0
2026-03-05 17:50:00+00:00,0,1
2026-03-05 17:58:00+00:00,0,1
2026-03-05 18:02:00+00:00,1,1
2026-03-05 18:03:00+00:00,1,1
2026-03-05 18:05:00+00:00,0,0
2026-03-05 18:06:00+00:00,1,0
2026-03-05 18:07:00+00:00,0,0
2026-03-05 18:10:00+00:00,0,0
2026-03-05 18:20:00+00:00,0,1
2026-03-05 18:22:00+00:00,0,0
2026-03-05 18:24:00+00:00,0,1
2026-03-05 18:25:00+00:00,1,1
2026-03-05 18:28:00+00:00,0,1
2026-03-05 18:29:00+00:00,0,1
2026-03-05 18:30:00+00:00,0,0
2026-03-05 18:36:00+00:00,0,1
2026-03-05 18:37:00+00:00,0,0
2026-03-05 18:38:00+00:00,0,0
2026-03-05 18:42:00+00:00,1,1
2026-03-05 18:45:00+00:00,0,1
2026-03-05 18:50:00+00:00,0,0
2026-03-05 18:51:00+00:00,0,1
2026-03-05 19:01:00+00:00,0,0
2026-03-05 19:02:00+00:00,1,0
2026-03-05 19:16:00+00:00,0,0
2026-03-05 19:19:00+00:00,0,0
2026-03-05 19:20:00+00:00,0,1
2026-03-05 19:23:00+00:00,0,0
2026-03-05 19:25:00+00:00,0,1
2026-03-05 19:26:00+00:00,0,0
2026-03-05 19:30:00+00:00,0,0
2026-03-05 19:32:00+00:00,1,1
2026-03-05 19:51:00+00:00,1,0
2026-03-05 19:52:00+00:00,1,0
2026-03-05 19:57:00+00:00,1,0
2026-03-05 20:11:00+00:00,1,0
2026-03-05 20:13:00+00:00,0,0
2026-03-05 20:15:00+00:00,0,0
2026-03-05 20:16:00+00:00,0,1
2026-03-05 20:18:00+00:00,1,0
2026-03-05 20:19:00+00:00,0,0
2026-03-05 20:20:00+00:00,0,1
2026-03-05 20:22:00+00:00,0,0
2026-03-05 20:25:00+00:00,0,0
2026-03-05 20:28:00+00:00,0,0
2026-03-05 20:34:00+00:00,0,0
2026-03-05 20:46:00+00:00,0,1
2026-03-05 20:56:00+00:00,0,0
2026-03-05 23:03:00+00:00,0,0
2026-03-05 23:18:00+00:00,0,0
2026-03-05 23:19:00+00:00,1,0
2026-03-06 00:00:00+00:00,0,0
2026-03-06 00:15:00+00:00,0,0
2026-03-06 00:44:00+00:00,0,0
2026-03-06 01:00:00+00:00,1,1
2026-03-06 01:13:00+00:00,1,1
2026-03-06 01:34:00+00:00,1,0
2026-03-06 01:35:00+00:00,1,0
2026-03-06 01:37:00+00:00,1,0
2026-03-06 01:40:00+00:00,1,0
2026-03-06 01:43:00+00:00,1,0
2026-03-06 01:50:00+00:00,0,0
2026-03-06 01:51:00+00:00,0,0
2026-03-06 01:54:00+00:00,0,0
2026-03-06 01:57:00+00:00,0,0
2026-03-06 02:00:00+00:00,0,0
2026-03-06 02:12:00+00:00,0,0
2026-03-06 05:30:00+00:00,0,0
2026-03-06 05:49:00+00:00,0,0
2026-03-06 09:13:00+00:00,0,0
2026-03-06 09:36:00+00:00,0,0
2026-03-06 09:41:00+00:00,0,0
2026-03-06 09:46:00+00:00,0,0
2026-03-06 10:01:00+00:00,0,1
2026-03-06 10:02:00+00:00,0,0
2026-03-06 10:04:00+00:00,0,1
2026-03-06 10:13:00+00:00,0,1
2026-03-06 11:22:00+00:00,1,0
2026-03-06 11:44:00+00:00,0,1
2026-03-06 11:57:00+00:00,1,1
2026-03-06 11:58:00+00:00,1,0
2026-03-06 12:00:00+00:00,0,0
2026-03-06 12:34:00+00:00,1,0
2026-03-06 13:01:00+00:00,1,0
2026-03-06 13:02:00+00:00,0,0
2026-03-06 13:05:00+00:00,1,0
2026-03-06 13:06:00+00:00,0,0
2026-03-06 13:07:00+00:00,1,0
2026-03-06 13:13:00+00:00,1,1
2026-03-06 13:20:00+00:00,1,0
2026-03-06 13:30:00+00:00,0,0
2026-03-06 13:31:00+00:00,0,1
2026-03-06 13:32:00+00:00,0,1
2026-03-06 13:33:00+00:00,1,0
2026-03-06 13:35:00+00:00,1,1
2026-03-06 13:38:00+00:00,1,1
2026-03-06 13:40:00+00:00,1,1
2026-03-06 13:43:00+00:00,1,1
2026-03-06 13:45:00+00:00,1,1
2026-03-06 13:50:00+00:00,1,1
2026-03-06 13:51:00+00:00,1,1
2026-03-06 13:52:00+00:00,1,1
2026-03-06 13:53:00+00:00,0,1
2026-03-06 13:55:00+00:00,0,0
2026-03-06 13:56:00+00:00,0,1
2026-03-06 13:57:00+00:00,1,0
2026-03-06 13:58:00+00:00,1,0
2026-03-06 13:59:00+00:00,1,0
2026-03-06 14:00:00+00:00,1,1
2026-03-06 14:01:00+00:00,0,1
2026-03-06 14:04:00+00:00,1,1
2026-03-06 14:12:00+00:00,0,1
2026-03-06 14:15:00+00:00,1,1
2026-03-06 14:22:00+00:00,0,1
2026-03-06 14:24:00+00:00,0,0
2026-03-06 14:25:00+00:00,0,1
2026-03-06 14:29:00+00:00,0,1
2026-03-06 14:33:00+00:00,0,1
2026-03-06 14:34:00+00:00,0,1
2026-03-06 14:35:00+00:00,1,1
2026-03-06 14:37:00+00:00,1,1
2026-03-06 14:39:00+00:00,1,1
2026-03-06 14:41:00+00:00,0,1
2026-03-06 14:42:00+00:00,1,1
2026-03-06 14:44:00+00:00,1,1
2026-03-06 14:45:00+00:00,0,1
2026-03-06 14:47:00+00:00,1,1
2026-03-06 14:50:00+00:00,1,1
2026-03-06 14:51:00+00:00,1,1
2026-03-06 14:55:00+00:00,1,1
2026-03-06 14:57:00+00:00,1,1
2026-03-06 14:58:00+00:00,1,0
2026-03-06 14:59:00+00:00,1,1
2026-03-06 15:01:00+00:00,1,0
2026-03-06 15:02:00+00:00,0,1
2026-03-06 15:03:00+00:00,1,0
2026-03-06 15:05:00+00:00,0,1
2026-03-06 15:07:00+00:00,0,1
2026-03-06 15:08:00+00:00,0,1
2026-03-06 15:09:00+00:00,0,1
2026-03-06 15:10:00+00:00,0,1
2026-03-06 15:12:00+00:00,1,1
2026-03-06 15:13:00+00:00,0,1
2026-03-06 15:14:00+00:00,0,0
2026-03-06 15:15:00+00:00,0,1
2026-03-06 15:20:00+00:00,0,1
2026-03-06 15:24:00+00:00,1,1
2026-03-06 15:26:00+00:00,1,1
2026-03-06 15:27:00+00:00,1,1
2026-03-06 15:28:00+00:00,1,1
2026-03-06 15:30:00+00:00,1,1
2026-03-06 15:33:00+00:00,1,1
2026-03-06 15:35:00+00:00,1,0
2026-03-06 15:36:00+00:00,1,1
2026-03-06 15:43:00+00:00,0,1
2026-03-06 15:44:00+00:00,1,0
2026-03-06 15:50:00+00:00,0,0
2026-03-06 15:53:00+00:00,0,0
2026-03-06 15:56:00+00:00,0,0
2026-03-06 15:59:00+00:00,0,1
2026-03-06 16:04:00+00:00,1,0
2026-03-06 16:05:00+00:00,0,0
2026-03-06 16:10:00+00:00,0,0
2026-03-06 16:12:00+00:00,0,0
2026-03-06 16:15:00+00:00,1,0
2026-03-06 16:27:00+00:00,0,0
2026-03-06 16:33:00+00:00,0,1
2026-03-06 16:39:00+00:00,0,0
2026-03-06 16:41:00+00:00,0,1
2026-03-06 16:43:00+00:00,0,0
2026-03-06 16:45:00+00:00,0,0
2026-03-06 16:47:00+00:00,0,0
2026-03-06 16:54:00+00:00,0,0
2026-03-06 16:57:00+00:00,1,0
2026-03-06 16:58:00+00:00,0,1
2026-03-06 17:02:00+00:00,0,1
2026-03-06 17:04:00+00:00,0,1
2026-03-06 17:08:00+00:00,0,1
2026-03-06 17:16:00+00:00,0,0
2026-03-06 17:17:00+00:00,0,0
2026-03-06 17:19:00+00:00,0,1
2026-03-06 17:25:00+00:00,0,0
2026-03-06 17:28:00+00:00,0,0
2026-03-06 17:30:00+00:00,0,0
2026-03-06 17:46:00+00:00,0,0
2026-03-06 18:01:00+00:00,1,0
2026-03-06 18:13:00+00:00,1,0
2026-03-06 18:43:00+00:00,0,0
2026-03-06 19:22:00+00:00,0,0
2026-03-06 20:40:00+00:00,0,0
2026-03-06 20:58:00+00:00,0,0
2026-03-08 22:01:00+00:00,1,1
2026-03-08 22:02:00+00:00,1,1
2026-03-08 22:03:00+00:00,1,0
2026-03-08 22:05:00+00:00,0,1
2026-03-08 22:06:00+00:00,0,1
2026-03-08 22:07:00+00:00,0,0
2026-03-08 22:08:00+00:00,0,0
2026-03-08 22:09:00+00:00,0,0
2026-03-08 22:10:00+00:00,1,1
2026-03-08 22:11:00+00:00,0,0
2026-03-08 22:12:00+00:00,1,1
2026-03-08 22:15:00+00:00,0,0
2026-03-08 22:16:00+00:00,0,1
2026-03-08 22:17:00+00:00,0,1
2026-03-08 22:18:00+00:00,0,1
2026-03-08 22:19:00+00:00,0,1
2026-03-08 22:20:00+00:00,0,1
2026-03-08 22:22:00+00:00,0,1
2026-03-08 22:23:00+00:00,1,1
2026-03-08 22:24:00+00:00,0,1
2026-03-08 22:29:00+00:00,1,1
2026-03-08 22:30:00+00:00,1,1
2026-03-08 22:31:00+00:00,1,1
2026-03-08 22:33:00+00:00,1,1
2026-03-08 22:34:00+00:00,1,1
2026-03-08 22:36:00+00:00,0,1
2026-03-08 22:37:00+00:00,1,1
2026-03-08 22:38:00+00:00,1,1
2026-03-08 22:39:00+00:00,1,1
2026-03-08 22:40:00+00:00,1,1
2026-03-08 22:41:00+00:00,0,1
2026-03-08 22:42:00+00:00,0,1
2026-03-08 22:43:00+00:00,0,0
2026-03-08 22:44:00+00:00,1,0
2026-03-08 22:45:00+00:00,1,1
2026-03-08 22:49:00+00:00,0,1
2026-03-08 22:51:00+00:00,0,1
2026-03-08 22:54:00+00:00,0,1
2026-03-08 22:56:00+00:00,0,1
2026-03-08 22:57:00+00:00,1,1
2026-03-08 23:00:00+00:00,1,1
2026-03-08 23:01:00+00:00,1,1
2026-03-08 23:02:00+00:00,1,1
2026-03-08 23:06:00+00:00,1,1
2026-03-08 23:08:00+00:00,1,1
2026-03-08 23:10:00+00:00,0,0
2026-03-08 23:12:00+00:00,1,1
2026-03-08 23:13:00+00:00,1,1
2026-03-08 23:16:00+00:00,1,1
2026-03-08 23:27:00+00:00,1,1
2026-03-08 23:35:00+00:00,1,1
2026-03-08 23:37:00+00:00,1,1
2026-03-08 23:39:00+00:00,0,1
2026-03-08 23:42:00+00:00,0,1
2026-03-08 23:43:00+00:00,0,1
2026-03-08 23:44:00+00:00,1,1
2026-03-08 23:45:00+00:00,1,1
2026-03-08 23:46:00+00:00,0,1
2026-03-08 23:47:00+00:00,0,1
2026-03-08 23:48:00+00:00,0,1
2026-03-08 23:51:00+00:00,0,1
2026-03-08 23:55:00+00:00,0,1
2026-03-08 23:57:00+00:00,1,1
2026-03-09 00:01:00+00:00,1,1
2026-03-09 00:02:00+00:00,1,1
2026-03-09 00:03:00+00:00,1,1
2026-03-09 00:05:00+00:00,1,1
2026-03-09 00:09:00+00:00,1,1
2026-03-09 00:10:00+00:00,0,1
2026-03-09 00:13:00+00:00,1,1
2026-03-09 00:14:00+00:00,1,1
2026-03-09 00:16:00+00:00,0,1
2026-03-09 00:17:00+00:00,0,1
2026-03-09 00:18:00+00:00,0,1
2026-03-09 00:19:00+00:00,0,1
2026-03-09 00:21:00+00:00,0,1
2026-03-09 00:27:00+00:00,0,1
2026-03-09 00:35:00+00:00,0,0
2026-03-09 00:37:00+00:00,0,1
2026-03-09 00:38:00+00:00,0,0
2026-03-09 00:46:00+00:00,0,1
2026-03-09 00:47:00+00:00,0,1
2026-03-09 00:48:00+00:00,0,1
2026-03-09 00:52:00+00:00,0,1
2026-03-09 00:56:00+00:00,0,1
2026-03-09 00:58:00+00:00,0,1
2026-03-09 01:00:00+00:00,1,0
2026-03-09 01:02:00+00:00,1,1
2026-03-09 01:04:00+00:00,1,1
2026-03-09 01:05:00+00:00,1,1
2026-03-09 01:06:00+00:00,1,1
2026-03-09 01:09:00+00:00,1,1
2026-03-09 01:11:00+00:00,1,1
2026-03-09 01:13:00+00:00,0,0
2026-03-09 01:14:00+00:00,0,0
2026-03-09 01:15:00+00:00,0,0
2026-03-09 01:19:00+00:00,1,0
2026-03-09 01:21:00+00:00,1,0
2026-03-09 01:22:00+00:00,1,0
2026-03-09 01:25:00+00:00,0,0
2026-03-09 01:30:00+00:00,0,1
2026-03-09 01:31:00+00:00,0,1
2026-03-09 01:32:00+00:00,0,0
2026-03-09 01:36:00+00:00,0,1
2026-03-09 01:39:00+00:00,0,1
2026-03-09 01:40:00+00:00,0,1
2026-03-09 01:45:00+00:00,0,0
2026-03-09 01:46:00+00:00,0,0
2026-03-09 01:47:00+00:00,0,0
2026-03-09 01:49:00+00:00,0,0
2026-03-09 01:50:00+00:00,0,0
2026-03-09 01:51:00+00:00,0,1
2026-03-09 01:53:00+00:00,0,1
2026-03-09 01:58:00+00:00,0,1
2026-03-09 01:59:00+00:00,0,1
2026-03-09 02:00:00+00:00,1,1
2026-03-09 02:01:00+00:00,0,1
2026-03-09 02:02:00+00:00,1,1
2026-03-09 02:03:00+00:00,1,1
2026-03-09 02:04:00+00:00,1,1
2026-03-09 02:05:00+00:00,1,1
2026-03-09 02:07:00+00:00,0,0
2026-03-09 02:10:00+00:00,1,0
2026-03-09 02:17:00+00:00,0,1
2026-03-09 02:19:00+00:00,1,1
2026-03-09 02:20:00+00:00,1,1
2026-03-09 02:30:00+00:00,0,1
2026-03-09 02:36:00+00:00,0,1
2026-03-09 02:47:00+00:00,0,0
2026-03-09 02:48:00+00:00,0,0
2026-03-09 03:01:00+00:00,0,0
2026-03-09 03:04:00+00:00,0,0
2026-03-09 03:11:00+00:00,0,0
2026-03-09 03:15:00+00:00,0,0
2026-03-09 03:25:00+00:00,0,0
2026-03-09 03:29:00+00:00,0,0
2026-03-09 03:30:00+00:00,0,0
2026-03-09 03:41:00+00:00,0,1
2026-03-09 05:06:00+00:00,0,0
2026-03-09 05:21:00+00:00,1,0
2026-03-09 05:22:00+00:00,1,0
2026-03-09 05:23:00+00:00,1,1
2026-03-09 05:31:00+00:00,1,1
2026-03-09 05:33:00+00:00,1,1
2026-03-09 05:35:00+00:00,1,1
2026-03-09 05:36:00+00:00,1,1
2026-03-09 05:42:00+00:00,1,1
2026-03-09 05:43:00+00:00,1,0
2026-03-09 05:44:00+00:00,0,1
2026-03-09 05:45:00+00:00,0,1
2026-03-09 05:46:00+00:00,0,1
2026-03-09 05:48:00+00:00,0,0
2026-03-09 05:50:00+00:00,1,1
2026-03-09 05:51:00+00:00,0,1
2026-03-09 05:52:00+00:00,0,1
2026-03-09 05:54:00+00:00,0,1
2026-03-09 05:56:00+00:00,0,1
2026-03-09 05:58:00+00:00,1,1
2026-03-09 06:03:00+00:00,0,1
2026-03-09 06:05:00+00:00,1,1
2026-03-09 06:27:00+00:00,1,1
2026-03-09 06:43:00+00:00,0,1
2026-03-09 06:48:00+00:00,0,1
2026-03-09 07:03:00+00:00,0,1
2026-03-09 07:04:00+00:00,0,1
2026-03-09 07:45:00+00:00,0,1
2026-03-09 08:00:00+00:00,0,0
2026-03-09 08:05:00+00:00,0,0
2026-03-09 08:06:00+00:00,0,0
2026-03-09 08:17:00+00:00,0,0
2026-03-09 08:32:00+00:00,1,0
2026-03-09 08:34:00+00:00,1,0
2026-03-09 08:49:00+00:00,1,0
2026-03-09 08:50:00+00:00,1,0
2026-03-09 09:04:00+00:00,1,0
2026-03-09 09:12:00+00:00,0,0
2026-03-09 09:13:00+00:00,0,1
2026-03-09 09:21:00+00:00,0,0
2026-03-09 09:28:00+00:00,1,0
2026-03-09 09:34:00+00:00,1,0
2026-03-09 09:39:00+00:00,1,1
2026-03-09 09:42:00+00:00,0,0
2026-03-09 09:43:00+00:00,0,0
2026-03-09 09:44:00+00:00,0,0
2026-03-09 09:45:00+00:00,0,1
2026-03-09 09:46:00+00:00,0,1
2026-03-09 09:50:00+00:00,0,0
2026-03-09 10:30:00+00:00,0,0
2026-03-09 10:52:00+00:00,0,0
2026-03-09 10:59:00+00:00,0,0
2026-03-09 11:00:00+00:00,0,0
2026-03-09 11:20:00+00:00,0,0
2026-03-09 11:27:00+00:00,0,0
2026-03-09 11:30:00+00:00,0,0
2026-03-09 11:31:00+00:00,0,0
2026-03-09 12:01:00+00:00,0,0
2026-03-09 12:20:00+00:00,0,0
2026-03-09 13:02:00+00:00,0,0
2026-03-09 13:11:00+00:00,0,1
2026-03-09 13:17:00+00:00,0,0
2026-03-09 13:25:00+00:00,0,0
2026-03-09 13:29:00+00:00,0,0
2026-03-09 13:30:00+00:00,1,0
2026-03-09 13:31:00+00:00,0,1
2026-03-09 13:34:00+00:00,1,0
2026-03-09 13:37:00+00:00,1,1
2026-03-09 13:40:00+00:00,1,1
2026-03-09 13:41:00+00:00,1,1
2026-03-09 13:42:00+00:00,0,1
2026-03-09 13:43:00+00:00,0,1
2026-03-09 13:45:00+00:00,0,1
2026-03-09 13:46:00+00:00,1,1
2026-03-09 13:50:00+00:00,0,1
2026-03-09 13:53:00+00:00,0,1
2026-03-09 13:54:00+00:00,0,1
2026-03-09 13:58:00+00:00,0,1
2026-03-09 13:59:00+00:00,0,1
2026-03-09 14:00:00+00:00,0,1
2026-03-09 14:06:00+00:00,0,1
2026-03-09 14:08:00+00:00,1,1
2026-03-09 14:09:00+00:00,0,1
2026-03-09 14:10:00+00:00,1,1
2026-03-09 14:11:00+00:00,1,1
2026-03-09 14:13:00+00:00,1,1
2026-03-09 14:15:00+00:00,1,1
2026-03-09 14:16:00+00:00,1,1
2026-03-09 14:21:00+00:00,1,1
2026-03-09 14:22:00+00:00,1,1
2026-03-09 14:23:00+00:00,1,1
2026-03-09 14:24:00+00:00,1,1
2026-03-09 14:26:00+00:00,1,1
2026-03-09 14:28:00+00:00,1,1
2026-03-09 14:31:00+00:00,1,1
2026-03-09 14:38:00+00:00,0,1
2026-03-09 14:40:00+00:00,0,0
2026-03-09 14:41:00+00:00,0,0
2026-03-09 14:43:00+00:00,0,0
2026-03-09 14:44:00+00:00,1,0
2026-03-09 14:46:00+00:00,1,1
2026-03-09 14:52:00+00:00,0,1
2026-03-09 15:02:00+00:00,0,1
2026-03-09 15:07:00+00:00,0,1
2026-03-09 15:08:00+00:00,0,1
2026-03-09 15:12:00+00:00,0,1
2026-03-09 15:13:00+00:00,0,1
2026-03-09 15:16:00+00:00,0,1
2026-03-09 15:21:00+00:00,0,0
2026-03-09 15:23:00+00:00,0,0
2026-03-09 15:59:00+00:00,0,0
2026-03-09 16:03:00+00:00,0,0
2026-03-09 16:15:00+00:00,0,0
2026-03-09 17:32:00+00:00,0,0
2026-03-09 17:40:00+00:00,0,0
2026-03-09 19:01:00+00:00,0,0
2026-03-09 19:06:00+00:00,1,0
2026-03-09 19:19:00+00:00,0,0
2026-03-09 19:30:00+00:00,0,0
2026-03-09 19:31:00+00:00,0,0
2026-03-09 19:34:00+00:00,0,0
2026-03-09 19:35:00+00:00,1,1
2026-03-09 19:36:00+00:00,0,1
2026-03-09 19:37:00+00:00,1,0
2026-03-09 19:39:00+00:00,0,1
2026-03-09 19:40:00+00:00,0,1
2026-03-09 19:43:00+00:00,0,0
2026-03-09 19:58:00+00:00,0,0
2026-03-09 22:01:00+00:00,1,0
2026-03-09 22:03:00+00:00,1,1
2026-03-09 22:04:00+00:00,0,1
2026-03-09 22:45:00+00:00,0,0
2026-03-09 22:59:00+00:00,0,1
2026-03-09 23:03:00+00:00,0,0
2026-03-10 00:00:00+00:00,0,0
2026-03-10 00:01:00+00:00,0,0
2026-03-10 01:00:00+00:00,1,1
2026-03-10 01:03:00+00:00,1,0
2026-03-10 01:04:00+00:00,1,0
2026-03-10 01:05:00+00:00,0,1
2026-03-10 01:07:00+00:00,1,0
2026-03-10 01:09:00+00:00,1,0
2026-03-10 01:11:00+00:00,1,1
2026-03-10 01:18:00+00:00,1,1
2026-03-10 01:20:00+00:00,1,1
2026-03-10 01:21:00+00:00,1,0
2026-03-10 01:25:00+00:00,0,1
2026-03-10 01:27:00+00:00,1,1
2026-03-10 01:30:00+00:00,1,0
2026-03-10 01:33:00+00:00,1,0
2026-03-10 01:42:00+00:00,1,0
2026-03-10 01:50:00+00:00,0,0
2026-03-10 01:57:00+00:00,0,0
2026-03-10 01:59:00+00:00,0,0
2026-03-10 02:04:00+00:00,0,0
2026-03-10 02:08:00+00:00,0,0
2026-03-10 02:58:00+00:00,0,0
2026-03-10 08:30:00+00:00,0,0
2026-03-10 08:39:00+00:00,0,0
2026-03-10 10:37:00+00:00,1,0
2026-03-10 10:38:00+00:00,1,0
2026-03-10 10:39:00+00:00,1,0
2026-03-10 10:41:00+00:00,1,0
2026-03-10 11:04:00+00:00,0,0
2026-03-10 11:05:00+00:00,0,0
2026-03-10 11:15:00+00:00,0,0
2026-03-10 11:31:00+00:00,0,0
2026-03-10 12:10:00+00:00,1,0
2026-03-10 13:00:00+00:00,1,0
2026-03-10 13:18:00+00:00,0,0
2026-03-10 13:21:00+00:00,0,1
2026-03-10 13:28:00+00:00,1,0
2026-03-10 13:30:00+00:00,1,0
2026-03-10 13:31:00+00:00,1,0
2026-03-10 13:33:00+00:00,1,0
2026-03-10 13:34:00+00:00,1,0
2026-03-10 13:35:00+00:00,1,0
2026-03-10 13:38:00+00:00,1,1
2026-03-10 13:41:00+00:00,1,1
2026-03-10 13:45:00+00:00,0,1
2026-03-10 13:46:00+00:00,0,1
2026-03-10 13:48:00+00:00,0,0
2026-03-10 13:50:00+00:00,1,1
2026-03-10 13:53:00+00:00,1,1
2026-03-10 13:58:00+00:00,1,1
2026-03-10 13:59:00+00:00,1,1
2026-03-10 14:01:00+00:00,1,1
2026-03-10 14:02:00+00:00,0,1
2026-03-10 14:04:00+00:00,0,0
2026-03-10 14:07:00+00:00,1,1
2026-03-10 14:08:00+00:00,1,1
2026-03-10 14:10:00+00:00,1,1
2026-03-10 14:11:00+00:00,1,0
2026-03-10 14:12:00+00:00,1,1
2026-03-10 14:16:00+00:00,0,1
2026-03-10 14:17:00+00:00,0,1
2026-03-10 14:19:00+00:00,0,0
2026-03-10 14:25:00+00:00,0,1
2026-03-10 14:26:00+00:00,0,1
2026-03-10 14:36:00+00:00,1,1
2026-03-10 14:37:00+00:00,0,1
2026-03-10 14:38:00+00:00,0,1
2026-03-10 14:50:00+00:00,1,0
2026-03-10 15:01:00+00:00,1,0
2026-03-10 15:13:00+00:00,0,0
2026-03-10 15:31:00+00:00,0,0
2026-03-10 15:33:00+00:00,0,1
2026-03-10 15:36:00+00:00,0,0
2026-03-10 15:46:00+00:00,0,0
2026-03-10 15:51:00+00:00,0,0
2026-03-10 15:54:00+00:00,0,0
2026-03-10 17:16:00+00:00,0,0
2026-03-10 17:24:00+00:00,0,0
2026-03-10 18:00:00+00:00,1,0
2026-03-10 18:02:00+00:00,1,0
2026-03-10 18:14:00+00:00,1,0
2026-03-10 18:16:00+00:00,1,0
2026-03-10 18:17:00+00:00,0,0
2026-03-10 18:18:00+00:00,0,0
2026-03-10 18:19:00+00:00,1,0
2026-03-10 18:20:00+00:00,1,0
2026-03-10 18:21:00+00:00,1,0
2026-03-10 18:23:00+00:00,0,0
2026-03-10 18:26:00+00:00,0,0
2026-03-10 18:28:00+00:00,0,1
2026-03-10 18:33:00+00:00,0,0
2026-03-10 18:35:00+00:00,0,0
2026-03-10 18:36:00+00:00,0,0
2026-03-10 18:38:00+00:00,0,1
2026-03-10 18:39:00+00:00,0,1
2026-03-10 18:40:00+00:00,0,1
2026-03-10 18:42:00+00:00,0,1
2026-03-10 18:46:00+00:00,0,1
2026-03-10 18:58:00+00:00,0,0
2026-03-10 19:00:00+00:00,1,0
2026-03-10 19:01:00+00:00,0,0
2026-03-10 19:02:00+00:00,0,1
2026-03-10 19:11:00+00:00,0,0
2026-03-10 19:30:00+00:00,0,0
2026-03-10 19:31:00+00:00,0,0
2026-03-10 19:32:00+00:00,0,0
2026-03-10 19:33:00+00:00,0,0
2026-03-10 19:36:00+00:00,0,0
2026-03-10 19:41:00+00:00,0,0
2026-03-10 19:54:00+00:00,0,0
2026-03-11 00:18:00+00:00,1,0
2026-03-11 00:23:00+00:00,0,0
2026-03-11 01:03:00+00:00,0,0
2026-03-11 01:04:00+00:00,0,0
2026-03-11 02:02:00+00:00,0,0
2026-03-11 05:30:00+00:00,0,0
2026-03-11 07:37:00+00:00,0,0
2026-03-11 07:40:00+00:00,0,0
2026-03-11 08:26:00+00:00,0,0
2026-03-11 08:38:00+00:00,0,0
2026-03-11 08:39:00+00:00,0,0
2026-03-11 10:42:00+00:00,0,0
2026-03-11 12:30:00+00:00,1,1
2026-03-11 12:35:00+00:00,0,0
2026-03-11 12:36:00+00:00,0,0
2026-03-11 12:38:00+00:00,0,0
2026-03-11 12:40:00+00:00,0,0
2026-03-11 12:41:00+00:00,0,0
2026-03-11 12:47:00+00:00,0,0
2026-03-11 12:48:00+00:00,0,0
2026-03-11 12:51:00+00:00,0,1
2026-03-11 12:59:00+00:00,0,0
2026-03-11 13:03:00+00:00,0,1
2026-03-11 13:06:00+00:00,1,1
2026-03-11 13:10:00+00:00,1,0
2026-03-11 13:20:00+00:00,1,0
2026-03-11 13:30:00+00:00,0,0
2026-03-11 13:34:00+00:00,0,1
2026-03-11 13:36:00+00:00,0,1
2026-03-11 13:43:00+00:00,0,0
2026-03-11 13:44:00+00:00,0,0
2026-03-11 13:45:00+00:00,0,0
2026-03-11 13:46:00+00:00,0,0
2026-03-11 13:47:00+00:00,0,0
2026-03-11 13:51:00+00:00,1,1
2026-03-11 13:52:00+00:00,1,1
2026-03-11 13:53:00+00:00,1,1
2026-03-11 14:01:00+00:00,0,1
2026-03-11 14:03:00+00:00,0,1
2026-03-11 14:04:00+00:00,0,1
2026-03-11 14:06:00+00:00,0,1
2026-03-11 14:07:00+00:00,0,1
2026-03-11 14:09:00+00:00,0,1
2026-03-11 14:10:00+00:00,0,1
2026-03-11 14:11:00+00:00,0,1
2026-03-11 14:28:00+00:00,1,0
2026-03-11 14:31:00+00:00,1,0
2026-03-11 14:32:00+00:00,1,0
2026-03-11 14:40:00+00:00,0,0
2026-03-11 14:42:00+00:00,0,0
2026-03-11 14:47:00+00:00,0,0
2026-03-11 14:48:00+00:00,1,0
2026-03-11 14:50:00+00:00,1,0
2026-03-11 14:52:00+00:00,1,0
2026-03-11 14:59:00+00:00,0,0
2026-03-11 15:07:00+00:00,0,0
2026-03-11 15:11:00+00:00,0,0
2026-03-11 15:14:00+00:00,0,0
2026-03-11 15:16:00+00:00,0,0
2026-03-11 15:29:00+00:00,0,0
2026-03-11 15:30:00+00:00,0,0
2026-03-11 15:36:00+00:00,0,0
2026-03-11 15:42:00+00:00,0,0
2026-03-11 15:59:00+00:00,0,0
2026-03-11 16:04:00+00:00,0,0
2026-03-11 16:15:00+00:00,0,0
2026-03-11 16:26:00+00:00,0,0
2026-03-11 17:44:00+00:00,0,0
2026-03-11 22:56:00+00:00,1,1
2026-03-11 22:57:00+00:00,1,1
2026-03-11 23:00:00+00:00,0,0
2026-03-11 23:02:00+00:00,0,0
2026-03-11 23:45:00+00:00,0,0
2026-03-12 00:00:00+00:00,1,0
2026-03-12 00:08:00+00:00,1,0
2026-03-12 00:25:00+00:00,0,0
2026-03-12 01:00:00+00:00,0,0
2026-03-12 01:01:00+00:00,0,1
2026-03-12 01:04:00+00:00,0,1
2026-03-12 01:15:00+00:00,0,1
2026-03-12 02:39:00+00:00,0,0
2026-03-12 02:45:00+00:00,0,0
2026-03-12 02:51:00+00:00,0,0
2026-03-12 07:42:00+00:00,0,0
2026-03-12 07:45:00+00:00,0,0
2026-03-12 08:00:00+00:00,0,1
2026-03-12 12:05:00+00:00,0,0
2026-03-12 12:49:00+00:00,1,0
2026-03-12 13:03:00+00:00,1,1
2026-03-12 13:15:00+00:00,1,0
2026-03-12 13:22:00+00:00,1,0
2026-03-12 13:24:00+00:00,1,0
2026-03-12 13:25:00+00:00,1,1
2026-03-12 13:30:00+00:00,1,0
2026-03-12 13:31:00+00:00,0,1
2026-03-12 13:32:00+00:00,0,1
2026-03-12 13:36:00+00:00,0,1
2026-03-12 13:37:00+00:00,0,1
2026-03-12 13:39:00+00:00,0,1
2026-03-12 13:43:00+00:00,0,0
2026-03-12 13:44:00+00:00,0,1
2026-03-12 13:45:00+00:00,0,0
2026-03-12 13:50:00+00:00,0,1
2026-03-12 13:53:00+00:00,0,0
2026-03-12 14:00:00+00:00,0,0
2026-03-12 14:02:00+00:00,1,0
2026-03-12 14:06:00+00:00,0,0
2026-03-12 14:12:00+00:00,1,0
2026-03-12 14:16:00+00:00,0,0
2026-03-12 14:21:00+00:00,1,0
2026-03-12 14:33:00+00:00,1,0
2026-03-12 14:35:00+00:00,1,0
2026-03-12 14:37:00+00:00,0,0
2026-03-12 14:38:00+00:00,1,0
2026-03-12 14:44:00+00:00,1,0
2026-03-12 14:46:00+00:00,1,0
2026-03-12 14:47:00+00:00,1,0
2026-03-12 14:48:00+00:00,1,0
2026-03-12 14:53:00+00:00,1,0
2026-03-12 14:57:00+00:00,1,0
2026-03-12 15:00:00+00:00,1,1
2026-03-12 15:03:00+00:00,1,1
2026-03-12 15:05:00+00:00,1,1
2026-03-12 15:06:00+00:00,1,1
2026-03-12 15:11:00+00:00,0,1
2026-03-12 15:13:00+00:00,0,1
2026-03-12 15:15:00+00:00,0,1
2026-03-12 15:17:00+00:00,0,0
2026-03-12 15:18:00+00:00,0,0
2026-03-12 15:20:00+00:00,0,0
2026-03-12 15:30:00+00:00,0,0
2026-03-12 15:35:00+00:00,0,0
2026-03-12 15:37:00+00:00,0,0
2026-03-12 15:39:00+00:00,0,1
2026-03-12 15:40:00+00:00,0,1
2026-03-12 15:42:00+00:00,0,0
2026-03-12 15:46:00+00:00,0,1
2026-03-12 15:48:00+00:00,0,0
2026-03-12 16:08:00+00:00,0,1
2026-03-12 16:20:00+00:00,0,0
2026-03-12 16:30:00+00:00,0,0
2026-03-12 16:46:00+00:00,0,0
2026-03-12 16:49:00+00:00,1,0
2026-03-12 16:51:00+00:00,0,0
2026-03-12 16:53:00+00:00,0,0
2026-03-12 17:38:00+00:00,0,0
2026-03-12 17:39:00+00:00,0,0
2026-03-12 17:41:00+00:00,0,0
2026-03-12 17:43:00+00:00,0,0
2026-03-12 18:23:00+00:00,1,0
2026-03-12 18:49:00+00:00,0,0
2026-03-12 18:59:00+00:00,0,0
2026-03-12 19:02:00+00:00,0,0
2026-03-12 19:05:00+00:00,0,0
2026-03-12 19:07:00+00:00,0,0
2026-03-12 19:08:00+00:00,0,0
2026-03-12 19:55:00+00:00,1,0
2026-03-12 19:57:00+00:00,1,0
2026-03-12 20:26:00+00:00,0,0
2026-03-12 20:30:00+00:00,1,0
2026-03-12 20:32:00+00:00,1,1
2026-03-12 20:33:00+00:00,1,0
2026-03-12 20:34:00+00:00,1,0
2026-03-13 01:00:00+00:00,0,0
2026-03-13 02:00:00+00:00,0,0
2026-03-13 05:43:00+00:00,0,0
2026-03-13 06:29:00+00:00,0,0
2026-03-13 06:51:00+00:00,0,0
2026-03-13 08:00:00+00:00,0,0
2026-03-13 08:02:00+00:00,0,1
2026-03-13 08:03:00+00:00,0,0
2026-03-13 08:06:00+00:00,0,1
2026-03-13 08:21:00+00:00,1,0
2026-03-13 09:06:00+00:00,0,0
2026-03-13 10:33:00+00:00,0,0
2026-03-13 11:58:00+00:00,0,0
2026-03-13 12:00:00+00:00,0,0
2026-03-13 12:01:00+00:00,0,0
2026-03-13 12:11:00+00:00,0,0
2026-03-13 12:45:00+00:00,0,0
2026-03-13 13:04:00+00:00,1,0
2026-03-13 13:10:00+00:00,0,0
2026-03-13 13:25:00+00:00,0,0
2026-03-13 13:33:00+00:00,0,0
2026-03-13 13:37:00+00:00,0,0
2026-03-13 13:43:00+00:00,1,0
2026-03-13 13:44:00+00:00,1,0
2026-03-13 13:45:00+00:00,1,0
2026-03-13 13:55:00+00:00,1,0
2026-03-13 14:00:00+00:00,1,0
2026-03-13 14:01:00+00:00,1,0
2026-03-13 14:07:00+00:00,1,0
2026-03-13 14:12:00+00:00,1,0
2026-03-13 14:14:00+00:00,1,0
2026-03-13 14:17:00+00:00,1,0
2026-03-13 14:18:00+00:00,1,0
2026-03-13 14:32:00+00:00,1,0
2026-03-13 14:35:00+00:00,1,0
2026-03-13 14:37:00+00:00,1,1
2026-03-13 14:40:00+00:00,1,0
2026-03-13 14:45:00+00:00,1,0
2026-03-13 14:46:00+00:00,1,0
2026-03-13 14:50:00+00:00,1,1
2026-03-13 14:51:00+00:00,1,0
2026-03-13 14:52:00+00:00,0,1
2026-03-13 14:54:00+00:00,1,0
2026-03-13 14:55:00+00:00,0,1
2026-03-13 14:56:00+00:00,1,0
2026-03-13 14:57:00+00:00,1,1
2026-03-13 15:00:00+00:00,1,1
2026-03-13 15:03:00+00:00,1,1
2026-03-13 15:05:00+00:00,0,0
2026-03-13 15:07:00+00:00,0,0
2026-03-13 15:09:00+00:00,1,0
2026-03-13 15:11:00+00:00,0,1
2026-03-13 15:12:00+00:00,1,0
2026-03-13 15:17:00+00:00,1,0
2026-03-13 15:18:00+00:00,1,0
2026-03-13 15:19:00+00:00,1,0
2026-03-13 15:21:00+00:00,1,0
2026-03-13 15:23:00+00:00,1,0
2026-03-13 15:24:00+00:00,1,0
2026-03-13 15:27:00+00:00,1,0
2026-03-13 15:28:00+00:00,1,0
2026-03-13 15:29:00+00:00,1,0
2026-03-13 15:36:00+00:00,1,1
2026-03-13 15:39:00+00:00,1,0
2026-03-13 15:40:00+00:00,1,1
2026-03-13 15:43:00+00:00,0,0
2026-03-13 15:44:00+00:00,0,0
2026-03-13 15:45:00+00:00,1,0
2026-03-13 15:46:00+00:00,0,1
2026-03-13 15:47:00+00:00,1,1
2026-03-13 15:49:00+00:00,1,1
2026-03-13 15:52:00+00:00,1,1
2026-03-13 15:53:00+00:00,0,1
2026-03-13 15:54:00+00:00,0,1
2026-03-13 15:56:00+00:00,1,0
2026-03-13 15:57:00+00:00,0,1
2026-03-13 15:59:00+00:00,0,1
2026-03-13 16:01:00+00:00,0,1
2026-03-13 16:02:00+00:00,1,1
2026-03-13 16:03:00+00:00,0,1
2026-03-13 16:05:00+00:00,0,1
2026-03-13 16:07:00+00:00,0,1
2026-03-13 16:12:00+00:00,0,1
2026-03-13 16:13:00+00:00,1,1
2026-03-13 16:14:00+00:00,1,0
2026-03-13 16:17:00+00:00,0,0
2026-03-13 16:19:00+00:00,1,0
2026-03-13 16:20:00+00:00,0,0
2026-03-13 16:26:00+00:00,0,0
2026-03-13 16:28:00+00:00,0,0
2026-03-13 16:30:00+00:00,0,0
2026-03-13 16:36:00+00:00,0,0
2026-03-13 16:43:00+00:00,0,0
2026-03-13 16:50:00+00:00,0,0
2026-03-13 17:12:00+00:00,0,0
2026-03-13 17:14:00+00:00,0,0
2026-03-13 17:15:00+00:00,0,0
2026-03-13 17:28:00+00:00,0,0
2026-03-13 17:30:00+00:00,0,0
2026-03-13 17:36:00+00:00,1,0
2026-03-13 17:38:00+00:00,1,0
2026-03-13 17:41:00+00:00,0,0
2026-03-13 17:46:00+00:00,0,0
2026-03-13 17:49:00+00:00,0,0
2026-03-13 18:12:00+00:00,0,0
2026-03-13 18:29:00+00:00,0,0
2026-03-13 19:08:00+00:00,1,0
2026-03-13 19:41:00+00:00,0,0
2026-03-13 19:46:00+00:00,0,0
2026-03-13 19:50:00+00:00,0,0
2026-03-13 19:53:00+00:00,0,0
2026-03-13 19:55:00+00:00,0,0
2026-03-13 19:57:00+00:00,0,0
2026-03-13 19:58:00+00:00,0,0
2026-03-15 22:08:00+00:00,1,1
2026-03-15 22:18:00+00:00,0,1
2026-03-15 22:21:00+00:00,1,1
2026-03-15 22:22:00+00:00,0,0
2026-03-15 23:02:00+00:00,1,0
2026-03-15 23:20:00+00:00,0,1
2026-03-15 23:22:00+00:00,0,1
2026-03-15 23:23:00+00:00,1,0
2026-03-15 23:24:00+00:00,0,0
2026-03-15 23:34:00+00:00,0,1
2026-03-15 23:35:00+00:00,0,0
2026-03-15 23:42:00+00:00,0,0
2026-03-15 23:47:00+00:00,1,0
2026-03-15 23:49:00+00:00,1,1
2026-03-15 23:50:00+00:00,1,0
2026-03-15 23:55:00+00:00,1,1
2026-03-15 23:56:00+00:00,1,1
2026-03-15 23:57:00+00:00,1,0
2026-03-15 23:58:00+00:00,1,1
2026-03-16 00:00:00+00:00,1,1
2026-03-16 00:01:00+00:00,0,1
2026-03-16 00:02:00+00:00,0,1
2026-03-16 00:03:00+00:00,0,1
2026-03-16 00:04:00+00:00,0,0
2026-03-16 00:07:00+00:00,0,0
2026-03-16 00:33:00+00:00,1,0
2026-03-16 00:35:00+00:00,1,0
2026-03-16 01:00:00+00:00,1,1
2026-03-16 01:01:00+00:00,1,1
2026-03-16 01:03:00+00:00,1,1
2026-03-16 01:06:00+00:00,1,1
2026-03-16 01:07:00+00:00,1,1
2026-03-16 01:09:00+00:00,1,1
2026-03-16 01:10:00+00:00,1,1
2026-03-16 01:12:00+00:00,0,1
2026-03-16 01:13:00+00:00,0,1
2026-03-16 01:14:00+00:00,1,1
2026-03-16 01:15:00+00:00,0,1
2026-03-16 01:18:00+00:00,0,1
2026-03-16 01:23:00+00:00,0,1
2026-03-16 01:28:00+00:00,1,1
2026-03-16 01:31:00+00:00,1,1
2026-03-16 01:32:00+00:00,1,1
2026-03-16 01:35:00+00:00,1,1
2026-03-16 01:44:00+00:00,0,0
2026-03-16 01:50:00+00:00,0,0
2026-03-16 01:54:00+00:00,0,0
2026-03-16 01:55:00+00:00,0,0
2026-03-16 02:30:00+00:00,0,0
2026-03-16 02:31:00+00:00,0,0
2026-03-16 05:39:00+00:00,1,0
2026-03-16 06:15:00+00:00,1,0
2026-03-16 06:47:00+00:00,0,0
2026-03-16 06:48:00+00:00,0,0
2026-03-16 06:50:00+00:00,0,0
2026-03-16 07:15:00+00:00,0,0
2026-03-16 07:16:00+00:00,0,0
2026-03-16 07:37:00+00:00,0,1
2026-03-16 07:45:00+00:00,0,1
2026-03-16 08:00:00+00:00,0,0
2026-03-16 08:13:00+00:00,0,0
2026-03-16 08:16:00+00:00,0,1
2026-03-16 08:27:00+00:00,0,1
2026-03-16 09:05:00+00:00,0,0
2026-03-16 09:50:00+00:00,0,0
2026-03-16 10:09:00+00:00,0,0
2026-03-16 11:10:00+00:00,0,0
2026-03-16 11:18:00+00:00,0,0
2026-03-16 11:19:00+00:00,0,0
2026-03-16 11:53:00+00:00,1,0
2026-03-16 12:01:00+00:00,1,0
2026-03-16 12:28:00+00:00,0,0
2026-03-16 13:01:00+00:00,0,0
2026-03-16 13:15:00+00:00,0,0
2026-03-16 13:32:00+00:00,0,0
2026-03-16 13:33:00+00:00,0,0
2026-03-16 13:34:00+00:00,0,0
2026-03-16 13:35:00+00:00,0,0
2026-03-16 13:38:00+00:00,0,1
2026-03-16 13:42:00+00:00,0,1
2026-03-16 13:43:00+00:00,0,1
2026-03-16 13:48:00+00:00,0,1
2026-03-16 13:49:00+00:00,1,1
2026-03-16 13:58:00+00:00,1,1
2026-03-16 14:00:00+00:00,1,0
2026-03-16 14:03:00+00:00,1,1
2026-03-16 14:08:00+00:00,1,0
2026-03-16 14:09:00+00:00,1,0
2026-03-16 14:10:00+00:00,1,1
2026-03-16 14:13:00+00:00,1,1
2026-03-16 14:19:00+00:00,1,0
2026-03-16 14:30:00+00:00,1,0
2026-03-16 14:33:00+00:00,0,1
2026-03-16 14:34:00+00:00,1,0
2026-03-16 14:47:00+00:00,0,0
2026-03-16 14:48:00+00:00,0,0
2026-03-16 14:49:00+00:00,0,0
2026-03-16 14:56:00+00:00,0,0
2026-03-16 14:58:00+00:00,0,0
2026-03-16 15:05:00+00:00,0,0
2026-03-16 15:10:00+00:00,0,0
2026-03-16 15:14:00+00:00,0,0
2026-03-16 15:25:00+00:00,0,0
2026-03-16 15:28:00+00:00,0,0
2026-03-16 15:29:00+00:00,0,0
2026-03-16 15:52:00+00:00,0,0
2026-03-16 15:57:00+00:00,0,0
2026-03-16 16:03:00+00:00,0,0
2026-03-16 16:04:00+00:00,0,0
2026-03-16 16:07:00+00:00,1,0
2026-03-16 16:21:00+00:00,0,0
2026-03-16 16:26:00+00:00,0,0
2026-03-16 16:27:00+00:00,1,1
2026-03-16 16:36:00+00:00,1,0
2026-03-16 16:48:00+00:00,0,0
2026-03-16 17:00:00+00:00,0,0
2026-03-16 17:29:00+00:00,0,0
2026-03-16 17:32:00+00:00,0,0
2026-03-16 18:27:00+00:00,0,0
2026-03-17 01:03:00+00:00,1,0
2026-03-17 01:04:00+00:00,0,0
2026-03-17 01:50:00+00:00,0,0
2026-03-17 06:01:00+00:00,0,0
2026-03-17 06:02:00+00:00,0,0
2026-03-17 06:03:00+00:00,0,0
2026-03-17 06:06:00+00:00,0,0
2026-03-17 10:06:00+00:00,0,0
2026-03-17 10:43:00+00:00,0,0
2026-03-17 10:44:00+00:00,0,0
2026-03-17 13:01:00+00:00,0,0
2026-03-17 13:32:00+00:00,1,0
2026-03-17 13:33:00+00:00,0,1
2026-03-17 13:35:00+00:00,0,0
2026-03-17 13:38:00+00:00,0,0
2026-03-17 13:39:00+00:00,1,1
2026-03-17 13:41:00+00:00,1,1
2026-03-17 13:50:00+00:00,0,0
2026-03-17 13:51:00+00:00,0,0
2026-03-17 13:52:00+00:00,0,1
2026-03-17 13:53:00+00:00,0,1
2026-03-17 13:54:00+00:00,0,0
2026-03-17 14:02:00+00:00,0,0
2026-03-17 14:08:00+00:00,0,1
2026-03-17 14:18:00+00:00,0,0
2026-03-17 14:19:00+00:00,0,0
2026-03-17 14:32:00+00:00,0,0
2026-03-17 14:38:00+00:00,0,0
2026-03-17 14:43:00+00:00,0,0
2026-03-17 15:01:00+00:00,1,0
2026-03-17 15:08:00+00:00,1,0
2026-03-17 15:21:00+00:00,1,0
2026-03-17 15:27:00+00:00,1,0
2026-03-17 15:29:00+00:00,1,0
2026-03-17 15:30:00+00:00,1,0
2026-03-17 15:34:00+00:00,0,0
2026-03-17 15:35:00+00:00,0,1
2026-03-17 15:36:00+00:00,0,1
2026-03-17 15:37:00+00:00,0,0
2026-03-17 15:38:00+00:00,0,0
2026-03-17 15:40:00+00:00,1,1
2026-03-17 15:44:00+00:00,1,0
2026-03-17 15:45:00+00:00,0,0
2026-03-17 15:46:00+00:00,0,0
2026-03-17 16:11:00+00:00,0,0
2026-03-17 17:29:00+00:00,0,0
2026-03-18 03:05:00+00:00,0,0
2026-03-18 05:37:00+00:00,0,0
2026-03-18 08:21:00+00:00,0,0
2026-03-18 08:47:00+00:00,0,0
2026-03-18 09:20:00+00:00,0,0
2026-03-18 10:35:00+00:00,0,0
2026-03-18 10:36:00+00:00,0,0
2026-03-18 10:38:00+00:00,1,0
2026-03-18 10:50:00+00:00,1,0
2026-03-18 10:56:00+00:00,1,0
2026-03-18 10:57:00+00:00,0,1
2026-03-18 10:58:00+00:00,1,1
2026-03-18 11:03:00+00:00,0,1
2026-03-18 11:07:00+00:00,0,1
2026-03-18 11:08:00+00:00,0,1
2026-03-18 11:09:00+00:00,0,0
2026-03-18 11:10:00+00:00,0,1
2026-03-18 11:11:00+00:00,0,0
2026-03-18 11:14:00+00:00,1,1
2026-03-18 11:26:00+00:00,1,0
2026-03-18 11:27:00+00:00,0,1
2026-03-18 11:30:00+00:00,1,1
2026-03-18 11:32:00+00:00,1,1
2026-03-18 11:34:00+00:00,1,1
2026-03-18 11:35:00+00:00,1,1
2026-03-18 11:36:00+00:00,1,1
2026-03-18 11:40:00+00:00,1,1
2026-03-18 11:46:00+00:00,1,1
2026-03-18 11:49:00+00:00,1,1
2026-03-18 11:50:00+00:00,1,1
2026-03-18 11:51:00+00:00,1,1
2026-03-18 11:53:00+00:00,1,1
2026-03-18 11:58:00+00:00,1,1
2026-03-18 11:59:00+00:00,1,0
2026-03-18 12:01:00+00:00,0,0
2026-03-18 12:02:00+00:00,1,0
2026-03-18 12:03:00+00:00,1,1
2026-03-18 12:04:00+00:00,1,1
2026-03-18 12:06:00+00:00,1,1
2026-03-18 12:07:00+00:00,1,1
2026-03-18 12:09:00+00:00,1,1
2026-03-18 12:11:00+00:00,1,1
2026-03-18 12:12:00+00:00,1,1
2026-03-18 12:13:00+00:00,1,0
2026-03-18 12:16:00+00:00,1,1
2026-03-18 12:18:00+00:00,1,0
2026-03-18 12:19:00+00:00,1,1
2026-03-18 12:21:00+00:00,1,0
2026-03-18 12:23:00+00:00,1,1
2026-03-18 12:24:00+00:00,1,1
2026-03-18 12:26:00+00:00,1,0
2026-03-18 12:27:00+00:00,1,0
2026-03-18 12:30:00+00:00,1,1
2026-03-18 12:32:00+00:00,1,1
2026-03-18 12:37:00+00:00,0,0
2026-03-18 12:40:00+00:00,1,1
2026-03-18 12:42:00+00:00,0,1
2026-03-18 12:43:00+00:00,0,0
2026-03-18 12:44:00+00:00,0,1
2026-03-18 12:46:00+00:00,0,0
2026-03-18 12:51:00+00:00,1,0
2026-03-18 12:52:00+00:00,1,0
2026-03-18 12:53:00+00:00,1,0
2026-03-18 12:55:00+00:00,1,1
2026-03-18 12:57:00+00:00,1,1
2026-03-18 13:00:00+00:00,0,1
2026-03-18 13:01:00+00:00,0,1
2026-03-18 13:02:00+00:00,0,1
2026-03-18 13:07:00+00:00,0,1
2026-03-18 13:11:00+00:00,0,1
2026-03-18 13:12:00+00:00,0,0
2026-03-18 13:13:00+00:00,0,0
2026-03-18 13:14:00+00:00,0,0
2026-03-18 13:15:00+00:00,0,1
2026-03-18 13:17:00+00:00,1,0
2026-03-18 13:19:00+00:00,1,0
2026-03-18 13:20:00+00:00,1,0
2026-03-18 13:21:00+00:00,1,0
2026-03-18 13:22:00+00:00,0,0
2026-03-18 13:25:00+00:00,0,0
2026-03-18 13:26:00+00:00,0,0
2026-03-18 13:29:00+00:00,0,0
2026-03-18 13:30:00+00:00,1,0
2026-03-18 13:31:00+00:00,1,0
2026-03-18 13:33:00+00:00,1,0
2026-03-18 13:34:00+00:00,1,0
2026-03-18 13:35:00+00:00,1,0
2026-03-18 13:39:00+00:00,1,0
2026-03-18 13:40:00+00:00,0,1
2026-03-18 13:41:00+00:00,0,1
2026-03-18 13:42:00+00:00,0,1
2026-03-18 13:43:00+00:00,0,1
2026-03-18 13:45:00+00:00,0,1
2026-03-18 13:46:00+00:00,0,1
2026-03-18 13:47:00+00:00,0,1
2026-03-18 13:48:00+00:00,0,1
2026-03-18 13:50:00+00:00,1,1
2026-03-18 13:54:00+00:00,0,1
2026-03-18 13:56:00+00:00,0,1
2026-03-18 13:57:00+00:00,0,1
2026-03-18 14:03:00+00:00,0,1
2026-03-18 14:05:00+00:00,1,1
2026-03-18 14:10:00+00:00,1,1
2026-03-18 14:11:00+00:00,1,1
2026-03-18 14:12:00+00:00,1,1
2026-03-18 14:13:00+00:00,1,1
2026-03-18 14:20:00+00:00,0,0
2026-03-18 14:25:00+00:00,0,1
2026-03-18 14:27:00+00:00,0,0
2026-03-18 14:29:00+00:00,0,0
2026-03-18 14:31:00+00:00,1,0
2026-03-18 14:33:00+00:00,0,1
2026-03-18 14:35:00+00:00,1,1
2026-03-18 14:38:00+00:00,0,1
2026-03-18 14:39:00+00:00,1,1
2026-03-18 14:45:00+00:00,0,0
2026-03-18 14:47:00+00:00,0,0
2026-03-18 14:53:00+00:00,0,1
2026-03-18 15:00:00+00:00,0,1
2026-03-18 15:01:00+00:00,0,1
2026-03-18 15:06:00+00:00,0,1
2026-03-18 15:10:00+00:00,0,1
2026-03-18 15:17:00+00:00,0,0
2026-03-18 15:18:00+00:00,0,1
2026-03-18 15:20:00+00:00,0,1
2026-03-18 15:24:00+00:00,0,1
2026-03-18 15:25:00+00:00,0,0
2026-03-18 15:46:00+00:00,1,1
2026-03-18 16:02:00+00:00,0,0
2026-03-18 16:03:00+00:00,0,0
2026-03-18 16:04:00+00:00,0,0
2026-03-18 16:13:00+00:00,0,0
2026-03-18 16:35:00+00:00,0,0
2026-03-18 17:24:00+00:00,0,0
2026-03-18 18:00:00+00:00,1,0
2026-03-18 18:01:00+00:00,0,1
2026-03-18 18:03:00+00:00,0,1
2026-03-18 18:04:00+00:00,1,1
2026-03-18 18:05:00+00:00,0,1
2026-03-18 18:12:00+00:00,1,1
2026-03-18 18:15:00+00:00,1,1
2026-03-18 18:16:00+00:00,1,1
2026-03-18 18:31:00+00:00,1,0
2026-03-18 18:33:00+00:00,0,1
2026-03-18 18:36:00+00:00,1,1
2026-03-18 18:37:00+00:00,1,1
2026-03-18 18:45:00+00:00,1,1
2026-03-18 18:51:00+00:00,1,0
2026-03-18 18:52:00+00:00,1,0
2026-03-18 18:59:00+00:00,0,1
2026-03-18 19:04:00+00:00,0,0
2026-03-18 19:07:00+00:00,0,0
2026-03-18 19:10:00+00:00,0,0
2026-03-18 19:11:00+00:00,0,0
2026-03-18 19:12:00+00:00,1,0
2026-03-18 19:15:00+00:00,1,0
2026-03-18 19:21:00+00:00,0,0
2026-03-18 19:23:00+00:00,0,1
2026-03-18 19:28:00+00:00,0,1
2026-03-18 19:34:00+00:00,1,0
2026-03-18 19:41:00+00:00,1,0
2026-03-18 19:46:00+00:00,1,1
2026-03-18 19:47:00+00:00,1,0
2026-03-18 19:48:00+00:00,1,1
2026-03-18 20:00:00+00:00,1,1
2026-03-18 20:09:00+00:00,1,1
2026-03-18 20:14:00+00:00,0,1
2026-03-18 20:28:00+00:00,1,1
2026-03-18 20:32:00+00:00,1,1
2026-03-18 22:02:00+00:00,1,1
2026-03-18 22:03:00+00:00,1,1
2026-03-18 22:04:00+00:00,0,1
2026-03-18 22:15:00+00:00,1,0
2026-03-18 22:20:00+00:00,1,0
2026-03-18 22:21:00+00:00,1,1
2026-03-18 22:24:00+00:00,0,1
2026-03-18 22:36:00+00:00,0,1
2026-03-18 22:37:00+00:00,0,1
2026-03-18 22:48:00+00:00,0,1
2026-03-18 22:49:00+00:00,0,1
2026-03-19 01:00:00+00:00,0,1
2026-03-19 01:02:00+00:00,0,1
2026-03-19 01:03:00+00:00,0,1
2026-03-19 01:04:00+00:00,1,1
2026-03-19 01:05:00+00:00,1,1
2026-03-19 01:09:00+00:00,1,0
2026-03-19 01:35:00+00:00,0,0
2026-03-19 02:07:00+00:00,0,0
2026-03-19 05:30:00+00:00,0,0
2026-03-19 05:39:00+00:00,0,0
2026-03-19 05:47:00+00:00,1,0
2026-03-19 06:00:00+00:00,1,0
2026-03-19 06:01:00+00:00,1,1
2026-03-19 06:02:00+00:00,1,0
2026-03-19 06:06:00+00:00,1,1
2026-03-19 06:21:00+00:00,1,0
2026-03-19 06:23:00+00:00,1,1
2026-03-19 06:28:00+00:00,1,1
2026-03-19 06:29:00+00:00,1,1
2026-03-19 06:31:00+00:00,1,0
2026-03-19 06:32:00+00:00,1,0
2026-03-19 06:34:00+00:00,1,1
2026-03-19 06:35:00+00:00,1,1
2026-03-19 06:37:00+00:00,1,1
2026-03-19 06:40:00+00:00,1,1
2026-03-19 06:42:00+00:00,1,1
2026-03-19 06:43:00+00:00,1,1
2026-03-19 06:45:00+00:00,1,1
2026-03-19 06:46:00+00:00,0,1
2026-03-19 06:47:00+00:00,0,1
2026-03-19 06:48:00+00:00,0,1
2026-03-19 06:49:00+00:00,0,1
2026-03-19 06:50:00+00:00,1,0
2026-03-19 06:57:00+00:00,0,1
2026-03-19 06:58:00+00:00,0,1
2026-03-19 07:01:00+00:00,0,1
2026-03-19 07:03:00+00:00,0,1
2026-03-19 07:06:00+00:00,0,0
2026-03-19 07:08:00+00:00,1,1
2026-03-19 07:12:00+00:00,1,1
2026-03-19 07:13:00+00:00,1,1
2026-03-19 07:22:00+00:00,1,0
2026-03-19 07:25:00+00:00,1,0
2026-03-19 07:26:00+00:00,0,0
2026-03-19 07:27:00+00:00,0,0
2026-03-19 07:28:00+00:00,1,0
2026-03-19 07:30:00+00:00,0,0
2026-03-19 07:33:00+00:00,1,0
2026-03-19 07:40:00+00:00,1,1
2026-03-19 07:42:00+00:00,1,1
2026-03-19 07:43:00+00:00,1,0
2026-03-19 07:44:00+00:00,0,1
2026-03-19 07:46:00+00:00,1,1
2026-03-19 07:54:00+00:00,1,1
2026-03-19 07:55:00+00:00,1,1
2026-03-19 07:57:00+00:00,1,1
2026-03-19 07:58:00+00:00,1,1
2026-03-19 07:59:00+00:00,0,1
2026-03-19 08:00:00+00:00,1,0
2026-03-19 08:02:00+00:00,1,1
2026-03-19 08:05:00+00:00,0,1
2026-03-19 08:06:00+00:00,0,1
2026-03-19 08:08:00+00:00,0,1
2026-03-19 08:10:00+00:00,0,1
2026-03-19 08:11:00+00:00,0,1
2026-03-19 08:13:00+00:00,0,1
2026-03-19 08:14:00+00:00,0,1
2026-03-19 08:15:00+00:00,0,1
2026-03-19 08:17:00+00:00,1,0
2026-03-19 08:18:00+00:00,1,1
2026-03-19 08:20:00+00:00,1,1
2026-03-19 08:21:00+00:00,1,1
2026-03-19 08:22:00+00:00,1,1
2026-03-19 08:23:00+00:00,1,1
2026-03-19 08:25:00+00:00,1,1
2026-03-19 08:29:00+00:00,1,1
2026-03-19 08:31:00+00:00,1,1
2026-03-19 08:33:00+00:00,0,1
2026-03-19 08:35:00+00:00,1,1
2026-03-19 08:36:00+00:00,1,1
2026-03-19 08:38:00+00:00,1,1
2026-03-19 08:39:00+00:00,0,1
2026-03-19 08:40:00+00:00,1,0
2026-03-19 08:41:00+00:00,0,0
2026-03-19 08:42:00+00:00,1,1
2026-03-19 08:44:00+00:00,1,1
2026-03-19 08:45:00+00:00,1,1
2026-03-19 08:46:00+00:00,0,1
2026-03-19 08:47:00+00:00,0,1
2026-03-19 08:48:00+00:00,1,1
2026-03-19 08:49:00+00:00,0,1
2026-03-19 08:53:00+00:00,1,0
2026-03-19 08:54:00+00:00,0,1
2026-03-19 08:56:00+00:00,0,0
2026-03-19 08:57:00+00:00,0,1
2026-03-19 08:59:00+00:00,0,0
2026-03-19 09:00:00+00:00,0,0
2026-03-19 09:01:00+00:00,1,0
2026-03-19 09:02:00+00:00,0,0
2026-03-19 09:03:00+00:00,1,0
2026-03-19 09:04:00+00:00,0,0
2026-03-19 09:07:00+00:00,0,1
2026-03-19 09:08:00+00:00,1,1
2026-03-19 09:09:00+00:00,0,0
2026-03-19 09:10:00+00:00,1,1
2026-03-19 09:13:00+00:00,1,1
2026-03-19 09:14:00+00:00,1,0
2026-03-19 09:16:00+00:00,1,0
2026-03-19 09:17:00+00:00,0,0
2026-03-19 09:19:00+00:00,0,0
2026-03-19 09:21:00+00:00,1,1
2026-03-19 09:22:00+00:00,1,0
2026-03-19 09:24:00+00:00,0,1
2026-03-19 09:26:00+00:00,0,0
2026-03-19 09:27:00+00:00,0,1
2026-03-19 09:30:00+00:00,0,1
2026-03-19 09:32:00+00:00,1,1
2026-03-19 09:34:00+00:00,1,1
2026-03-19 09:35:00+00:00,1,1
2026-03-19 09:37:00+00:00,1,1
2026-03-19 09:40:00+00:00,1,1
2026-03-19 09:42:00+00:00,0,1
2026-03-19 09:46:00+00:00,1,1
2026-03-19 09:48:00+00:00,1,1
2026-03-19 09:50:00+00:00,0,1
2026-03-19 09:51:00+00:00,0,1
2026-03-19 09:53:00+00:00,0,1
2026-03-19 09:58:00+00:00,0,1
2026-03-19 10:00:00+00:00,0,1
2026-03-19 10:02:00+00:00,0,1
2026-03-19 10:04:00+00:00,1,1
2026-03-19 10:08:00+00:00,1,0
2026-03-19 10:09:00+00:00,1,0
2026-03-19 10:15:00+00:00,1,1
2026-03-19 10:17:00+00:00,0,1
2026-03-19 10:20:00+00:00,0,1
2026-03-19 10:21:00+00:00,0,0
2026-03-19 10:24:00+00:00,0,1
2026-03-19 10:25:00+00:00,0,1
2026-03-19 10:26:00+00:00,0,1
2026-03-19 10:32:00+00:00,0,1
2026-03-19 10:33:00+00:00,1,1
2026-03-19 10:36:00+00:00,1,1
2026-03-19 10:40:00+00:00,0,1
2026-03-19 10:44:00+00:00,0,1
2026-03-19 10:45:00+00:00,0,1
2026-03-19 10:47:00+00:00,0,1
2026-03-19 10:50:00+00:00,0,1
2026-03-19 10:52:00+00:00,0,1
2026-03-19 10:53:00+00:00,1,1
2026-03-19 10:54:00+00:00,0,1
2026-03-19 10:57:00+00:00,1,1
2026-03-19 10:58:00+00:00,0,1
2026-03-19 10:59:00+00:00,0,1
2026-03-19 11:01:00+00:00,1,1
2026-03-19 11:02:00+00:00,1,1
2026-03-19 11:03:00+00:00,1,1
2026-03-19 11:04:00+00:00,1,1
2026-03-19 11:07:00+00:00,1,1
2026-03-19 11:10:00+00:00,1,0
2026-03-19 11:14:00+00:00,1,0
2026-03-19 11:15:00+00:00,0,0
2026-03-19 11:19:00+00:00,1,1
2026-03-19 11:31:00+00:00,1,0
2026-03-19 11:32:00+00:00,1,1
2026-03-19 11:34:00+00:00,1,1
2026-03-19 11:35:00+00:00,1,1
2026-03-19 11:38:00+00:00,1,1
2026-03-19 11:39:00+00:00,1,1
2026-03-19 11:41:00+00:00,1,1
2026-03-19 11:42:00+00:00,1,1
2026-03-19 11:46:00+00:00,0,1
2026-03-19 11:47:00+00:00,1,1
2026-03-19 11:48:00+00:00,1,1
2026-03-19 11:49:00+00:00,1,1
2026-03-19 11:50:00+00:00,1,1
2026-03-19 11:55:00+00:00,1,1
2026-03-19 11:56:00+00:00,1,1
2026-03-19 12:01:00+00:00,1,1
2026-03-19 12:02:00+00:00,1,1
2026-03-19 12:03:00+00:00,0,1
2026-03-19 12:04:00+00:00,1,1
2026-03-19 12:05:00+00:00,1,1
2026-03-19 12:09:00+00:00,1,1
2026-03-19 12:10:00+00:00,1,1
2026-03-19 12:11:00+00:00,0,1
2026-03-19 12:12:00+00:00,1,1
2026-03-19 12:15:00+00:00,0,1
2026-03-19 12:16:00+00:00,1,1
2026-03-19 12:18:00+00:00,1,1
2026-03-19 12:19:00+00:00,1,1
2026-03-19 12:21:00+00:00,1,1
2026-03-19 12:24:00+00:00,0,1
2026-03-19 12:26:00+00:00,0,1
2026-03-19 12:27:00+00:00,0,1
2026-03-19 12:31:00+00:00,1,1
2026-03-19 12:32:00+00:00,1,1
2026-03-19 12:33:00+00:00,0,0
2026-03-19 12:34:00+00:00,0,0
2026-03-19 12:35:00+00:00,1,1
2026-03-19 12:38:00+00:00,1,1
2026-03-19 12:40:00+00:00,1,1
2026-03-19 12:42:00+00:00,1,1
2026-03-19 12:43:00+00:00,0,1
2026-03-19 12:44:00+00:00,0,1
2026-03-19 12:45:00+00:00,0,1
2026-03-19 12:46:00+00:00,0,1
2026-03-19 12:47:00+00:00,0,1
2026-03-19 12:49:00+00:00,0,0
2026-03-19 12:50:00+00:00,0,1
2026-03-19 12:51:00+00:00,0,1
2026-03-19 12:53:00+00:00,0,1
2026-03-19 12:54:00+00:00,0,1
2026-03-19 12:57:00+00:00,1,1
2026-03-19 12:59:00+00:00,1,1
2026-03-19 13:00:00+00:00,0,0
2026-03-19 13:01:00+00:00,0,0
2026-03-19 13:02:00+00:00,1,0
2026-03-19 13:03:00+00:00,0,0
2026-03-19 13:04:00+00:00,0,1
2026-03-19 13:05:00+00:00,0,0
2026-03-19 13:06:00+00:00,0,0
2026-03-19 13:07:00+00:00,0,0
2026-03-19 13:08:00+00:00,0,0
2026-03-19 13:09:00+00:00,0,0
2026-03-19 13:10:00+00:00,1,0
2026-03-19 13:12:00+00:00,0,0
2026-03-19 13:13:00+00:00,0,0
2026-03-19 13:14:00+00:00,0,0
2026-03-19 13:15:00+00:00,1,0
2026-03-19 13:16:00+00:00,0,0
2026-03-19 13:17:00+00:00,0,0
2026-03-19 13:20:00+00:00,0,0
2026-03-19 13:21:00+00:00,0,0
2026-03-19 13:22:00+00:00,0,0
2026-03-19 13:23:00+00:00,0,0
2026-03-19 13:25:00+00:00,0,0
2026-03-19 13:27:00+00:00,0,0
2026-03-19 13:28:00+00:00,0,0
2026-03-19 13:29:00+00:00,0,0
2026-03-19 13:30:00+00:00,0,0
2026-03-19 13:31:00+00:00,0,0
2026-03-19 13:32:00+00:00,0,0
2026-03-19 13:33:00+00:00,0,1
2026-03-19 13:34:00+00:00,0,1
2026-03-19 13:35:00+00:00,0,1
2026-03-19 13:38:00+00:00,0,1
2026-03-19 13:39:00+00:00,0,1
2026-03-19 13:40:00+00:00,0,1
2026-03-19 13:41:00+00:00,0,1
2026-03-19 13:44:00+00:00,0,1
2026-03-19 13:46:00+00:00,0,1
2026-03-19 13:47:00+00:00,1,1
2026-03-19 13:49:00+00:00,1,1
2026-03-19 13:50:00+00:00,1,1
2026-03-19 13:51:00+00:00,1,1
2026-03-19 13:52:00+00:00,1,1
2026-03-19 13:53:00+00:00,0,1
2026-03-19 13:54:00+00:00,0,1
2026-03-19 13:56:00+00:00,0,0
2026-03-19 13:59:00+00:00,0,0
2026-03-19 14:00:00+00:00,0,0
2026-03-19 14:04:00+00:00,0,0
2026-03-19 14:05:00+00:00,0,0
2026-03-19 14:06:00+00:00,0,1
2026-03-19 14:10:00+00:00,0,0
2026-03-19 14:11:00+00:00,1,0
2026-03-19 14:12:00+00:00,1,0
2026-03-19 14:13:00+00:00,1,1
2026-03-19 14:14:00+00:00,1,1
2026-03-19 14:15:00+00:00,1,1
2026-03-19 14:18:00+00:00,0,1
2026-03-19 14:20:00+00:00,0,1
2026-03-19 14:21:00+00:00,0,1
2026-03-19 14:22:00+00:00,0,1
2026-03-19 14:24:00+00:00,0,1
2026-03-19 14:26:00+00:00,0,1
2026-03-19 14:27:00+00:00,0,1
2026-03-19 14:28:00+00:00,1,1
2026-03-19 14:29:00+00:00,1,0
2026-03-19 14:31:00+00:00,1,1
2026-03-19 14:32:00+00:00,1,1
2026-03-19 14:34:00+00:00,0,1
2026-03-19 14:35:00+00:00,0,1
2026-03-19 14:36:00+00:00,0,1
2026-03-19 14:38:00+00:00,0,1
2026-03-19 14:39:00+00:00,0,1
2026-03-19 14:42:00+00:00,0,1
2026-03-19 14:45:00+00:00,0,1
2026-03-19 14:49:00+00:00,0,1
2026-03-19 14:50:00+00:00,0,1
2026-03-19 14:51:00+00:00,0,1
2026-03-19 14:55:00+00:00,0,1
2026-03-19 14:56:00+00:00,0,1
2026-03-19 14:57:00+00:00,0,1
2026-03-19 14:59:00+00:00,0,1
2026-03-19 15:01:00+00:00,0,1
2026-03-19 15:02:00+00:00,0,1
2026-03-19 15:04:00+00:00,0,1
2026-03-19 15:05:00+00:00,1,1
2026-03-19 15:07:00+00:00,1,1
2026-03-19 15:08:00+00:00,0,1
2026-03-19 15:12:00+00:00,0,1
2026-03-19 15:13:00+00:00,1,1
2026-03-19 15:14:00+00:00,1,1
2026-03-19 15:15:00+00:00,1,1
2026-03-19 15:16:00+00:00,1,1
2026-03-19 15:17:00+00:00,0,1
2026-03-19 15:19:00+00:00,1,1
2026-03-19 15:21:00+00:00,0,1
2026-03-19 15:22:00+00:00,0,1
2026-03-19 15:26:00+00:00,0,1
2026-03-19 15:27:00+00:00,0,1
2026-03-19 15:30:00+00:00,0,1
2026-03-19 15:31:00+00:00,0,1
2026-03-19 15:32:00+00:00,0,1
2026-03-19 15:33:00+00:00,1,1
2026-03-19 15:34:00+00:00,0,1
2026-03-19 15:37:00+00:00,1,1
2026-03-19 15:39:00+00:00,0,1
2026-03-19 15:41:00+00:00,1,1
2026-03-19 15:43:00+00:00,1,1
2026-03-19 15:44:00+00:00,1,1
2026-03-19 15:46:00+00:00,1,1
2026-03-19 15:48:00+00:00,1,1
2026-03-19 15:49:00+00:00,1,1
2026-03-19 15:50:00+00:00,1,1
2026-03-19 15:53:00+00:00,0,1
2026-03-19 15:56:00+00:00,0,0
2026-03-19 15:57:00+00:00,0,1
2026-03-19 16:00:00+00:00,0,1
2026-03-19 16:01:00+00:00,0,1
2026-03-19 16:02:00+00:00,0,0
2026-03-19 16:04:00+00:00,0,1
2026-03-19 16:05:00+00:00,1,1
2026-03-19 16:06:00+00:00,0,1
2026-03-19 16:07:00+00:00,1,1
2026-03-19 16:09:00+00:00,1,1
2026-03-19 16:10:00+00:00,0,1
2026-03-19 16:11:00+00:00,1,1
2026-03-19 16:13:00+00:00,0,1
2026-03-19 16:16:00+00:00,0,1
2026-03-19 16:17:00+00:00,0,1
2026-03-19 16:19:00+00:00,1,1
2026-03-19 16:22:00+00:00,1,1
2026-03-19 16:23:00+00:00,1,1
2026-03-19 16:27:00+00:00,1,1
2026-03-19 16:33:00+00:00,0,1
2026-03-19 16:35:00+00:00,0,1
2026-03-19 16:36:00+00:00,0,0
2026-03-19 16:38:00+00:00,0,1
2026-03-19 16:40:00+00:00,0,1
2026-03-19 16:41:00+00:00,1,1
2026-03-19 16:42:00+00:00,0,1
2026-03-19 16:43:00+00:00,0,1
2026-03-19 16:51:00+00:00,0,1
2026-03-19 16:52:00+00:00,1,1
2026-03-19 16:54:00+00:00,0,0
2026-03-19 16:59:00+00:00,0,1
2026-03-19 17:00:00+00:00,0,1
2026-03-19 17:01:00+00:00,0,1
2026-03-19 17:02:00+00:00,0,1
2026-03-19 17:05:00+00:00,0,1
2026-03-19 17:06:00+00:00,0,1
2026-03-19 17:08:00+00:00,1,1
2026-03-19 17:09:00+00:00,1,1
2026-03-19 17:11:00+00:00,1,1
2026-03-19 17:15:00+00:00,1,1
2026-03-19 17:16:00+00:00,1,1
2026-03-19 17:17:00+00:00,1,1
2026-03-19 17:18:00+00:00,1,1
2026-03-19 17:19:00+00:00,1,1
2026-03-19 17:20:00+00:00,1,1
2026-03-19 17:24:00+00:00,0,0
2026-03-19 17:26:00+00:00,0,1
2026-03-19 17:27:00+00:00,1,1
2026-03-19 17:28:00+00:00,1,1
2026-03-19 17:30:00+00:00,0,1
2026-03-19 17:31:00+00:00,0,0
2026-03-19 17:32:00+00:00,0,1
2026-03-19 17:33:00+00:00,1,1
2026-03-19 17:35:00+00:00,1,1
2026-03-19 17:38:00+00:00,1,1
2026-03-19 17:41:00+00:00,1,1
2026-03-19 17:42:00+00:00,1,1
2026-03-19 17:45:00+00:00,0,0
2026-03-19 17:50:00+00:00,0,1
2026-03-19 17:51:00+00:00,0,0
2026-03-19 17:52:00+00:00,1,1
2026-03-19 17:54:00+00:00,1,0
2026-03-19 17:55:00+00:00,1,1
2026-03-19 17:58:00+00:00,0,1
2026-03-19 18:02:00+00:00,0,1
2026-03-19 18:04:00+00:00,0,0
2026-03-19 18:05:00+00:00,0,1
2026-03-19 18:10:00+00:00,0,1
2026-03-19 18:17:00+00:00,0,1
2026-03-19 18:18:00+00:00,0,1
2026-03-19 18:23:00+00:00,1,1
2026-03-19 18:24:00+00:00,0,1
2026-03-19 18:33:00+00:00,1,1
2026-03-19 18:35:00+00:00,1,1
2026-03-19 18:36:00+00:00,1,0
2026-03-19 18:37:00+00:00,1,1
2026-03-19 18:38:00+00:00,1,0
2026-03-19 18:46:00+00:00,1,0
2026-03-19 18:57:00+00:00,1,0
2026-03-19 18:58:00+00:00,1,1
2026-03-19 19:00:00+00:00,1,1
2026-03-19 19:01:00+00:00,0,1
2026-03-19 19:03:00+00:00,1,1
2026-03-19 19:04:00+00:00,1,1
2026-03-19 19:06:00+00:00,0,0
2026-03-19 19:08:00+00:00,1,1
2026-03-19 19:09:00+00:00,0,0
2026-03-19 19:10:00+00:00,1,0
2026-03-19 19:11:00+00:00,1,0
2026-03-19 19:12:00+00:00,0,1
2026-03-19 19:14:00+00:00,1,1
2026-03-19 19:16:00+00:00,0,1
2026-03-19 19:17:00+00:00,1,1
2026-03-19 19:18:00+00:00,1,1
2026-03-19 19:19:00+00:00,1,0
2026-03-19 19:20:00+00:00,0,1
2026-03-19 19:22:00+00:00,1,1
2026-03-19 19:24:00+00:00,0,1
2026-03-19 19:25:00+00:00,0,1
2026-03-19 19:27:00+00:00,0,1
2026-03-19 19:28:00+00:00,1,1
2026-03-19 19:29:00+00:00,0,1
2026-03-19 19:30:00+00:00,0,1
2026-03-19 19:33:00+00:00,0,1
2026-03-19 19:35:00+00:00,1,0
2026-03-19 19:36:00+00:00,0,0
2026-03-19 19:37:00+00:00,0,1
2026-03-19 19:38:00+00:00,0,1
2026-03-19 19:49:00+00:00,1,1
2026-03-19 19:51:00+00:00,1,1
2026-03-19 19:54:00+00:00,1,1
2026-03-19 19:55:00+00:00,0,1
2026-03-19 19:58:00+00:00,0,1
2026-03-19 20:00:00+00:00,0,1
2026-03-19 20:02:00+00:00,0,0
2026-03-19 22:15:00+00:00,1,0
2026-03-19 22:34:00+00:00,0,1
2026-03-19 22:59:00+00:00,0,1
2026-03-19 23:00:00+00:00,0,0
2026-03-20 01:00:00+00:00,0,1
2026-03-20 01:01:00+00:00,1,1
2026-03-20 01:03:00+00:00,0,1
2026-03-20 01:04:00+00:00,0,1
2026-03-20 01:06:00+00:00,0,1
2026-03-20 01:07:00+00:00,0,1
2026-03-20 01:09:00+00:00,0,1
2026-03-20 01:11:00+00:00,0,1
2026-03-20 01:12:00+00:00,1,1
2026-03-20 01:14:00+00:00,1,1
2026-03-20 01:18:00+00:00,1,1
2026-03-20 01:20:00+00:00,1,0
2026-03-20 01:21:00+00:00,1,0
2026-03-20 01:30:00+00:00,1,0
2026-03-20 01:34:00+00:00,1,1
2026-03-20 01:37:00+00:00,1,1
2026-03-20 01:40:00+00:00,0,1
2026-03-20 01:44:00+00:00,0,0
2026-03-20 01:45:00+00:00,1,1
2026-03-20 01:47:00+00:00,0,1
2026-03-20 01:50:00+00:00,0,1
2026-03-20 01:56:00+00:00,0,1
2026-03-20 01:58:00+00:00,0,0
2026-03-20 02:00:00+00:00,0,1
2026-03-20 02:06:00+00:00,1,1
2026-03-20 02:49:00+00:00,1,1
2026-03-20 03:04:00+00:00,1,1
2026-03-20 03:05:00+00:00,1,0
2026-03-20 03:07:00+00:00,0,0
2026-03-20 03:17:00+00:00,0,1
2026-03-20 03:18:00+00:00,0,0
2026-03-20 03:20:00+00:00,0,1
2026-03-20 05:30:00+00:00,1,0
2026-03-20 05:31:00+00:00,1,0
2026-03-20 05:35:00+00:00,0,0
2026-03-20 05:38:00+00:00,1,1
2026-03-20 05:50:00+00:00,1,1
2026-03-20 05:52:00+00:00,1,0
2026-03-20 05:57:00+00:00,0,1
2026-03-20 06:02:00+00:00,1,1
2026-03-20 06:03:00+00:00,1,1
2026-03-20 06:04:00+00:00,1,1
2026-03-20 06:08:00+00:00,1,1
2026-03-20 06:10:00+00:00,0,1
2026-03-20 06:12:00+00:00,1,1
2026-03-20 06:17:00+00:00,1,1
2026-03-20 06:22:00+00:00,1,1
2026-03-20 06:27:00+00:00,1,1
2026-03-20 06:29:00+00:00,1,0
2026-03-20 06:30:00+00:00,1,1
2026-03-20 06:31:00+00:00,0,1
2026-03-20 06:36:00+00:00,0,1
2026-03-20 06:38:00+00:00,0,1
2026-03-20 06:39:00+00:00,0,0
2026-03-20 06:43:00+00:00,1,1
2026-03-20 06:45:00+00:00,0,1
2026-03-20 06:46:00+00:00,0,1
2026-03-20 06:47:00+00:00,0,1
2026-03-20 06:48:00+00:00,1,1
2026-03-20 06:50:00+00:00,0,1
2026-03-20 06:51:00+00:00,1,1
2026-03-20 07:00:00+00:00,1,0
2026-03-20 07:08:00+00:00,0,0
2026-03-20 07:10:00+00:00,1,0
2026-03-20 08:11:00+00:00,0,0
2026-03-20 08:20:00+00:00,1,0
2026-03-20 08:26:00+00:00,1,0
2026-03-20 08:28:00+00:00,1,1
2026-03-20 08:30:00+00:00,1,1
2026-03-20 08:31:00+00:00,1,1
2026-03-20 08:32:00+00:00,1,1
2026-03-20 08:38:00+00:00,0,1
2026-03-20 08:45:00+00:00,0,1
2026-03-20 08:51:00+00:00,0,1
2026-03-20 08:55:00+00:00,0,1
2026-03-20 08:56:00+00:00,0,1
2026-03-20 08:57:00+00:00,1,1
2026-03-20 09:10:00+00:00,1,1
2026-03-20 09:34:00+00:00,1,0
2026-03-20 09:40:00+00:00,1,1
2026-03-20 09:46:00+00:00,1,1
2026-03-20 09:47:00+00:00,0,1
2026-03-20 09:49:00+00:00,1,0
2026-03-20 09:53:00+00:00,1,1
2026-03-20 09:54:00+00:00,0,0
2026-03-20 09:55:00+00:00,1,0
2026-03-20 09:59:00+00:00,1,1
2026-03-20 10:01:00+00:00,0,1
2026-03-20 10:02:00+00:00,0,1
2026-03-20 10:03:00+00:00,0,1
2026-03-20 10:05:00+00:00,0,1
2026-03-20 10:06:00+00:00,1,1
2026-03-20 10:07:00+00:00,0,1
2026-03-20 10:09:00+00:00,0,1
2026-03-20 10:10:00+00:00,0,1
2026-03-20 10:11:00+00:00,0,0
2026-03-20 10:12:00+00:00,1,1
2026-03-20 10:18:00+00:00,0,1
2026-03-20 10:20:00+00:00,0,1
2026-03-20 10:23:00+00:00,0,0
2026-03-20 10:25:00+00:00,0,1
2026-03-20 10:32:00+00:00,0,0
2026-03-20 10:37:00+00:00,1,0
2026-03-20 10:39:00+00:00,1,0
2026-03-20 10:41:00+00:00,1,0
2026-03-20 10:43:00+00:00,0,0
2026-03-20 10:45:00+00:00,0,1
2026-03-20 10:51:00+00:00,0,1
2026-03-20 10:52:00+00:00,0,1
2026-03-20 10:54:00+00:00,0,1
2026-03-20 10:55:00+00:00,1,1
2026-03-20 10:56:00+00:00,1,1
2026-03-20 10:57:00+00:00,1,1
2026-03-20 11:00:00+00:00,1,1
2026-03-20 11:02:00+00:00,1,1
2026-03-20 11:03:00+00:00,0,1
2026-03-20 11:05:00+00:00,0,1
2026-03-20 11:08:00+00:00,0,1
2026-03-20 11:10:00+00:00,0,1
2026-03-20 11:11:00+00:00,0,1
2026-03-20 11:13:00+00:00,0,0
2026-03-20 11:21:00+00:00,0,1
2026-03-20 11:22:00+00:00,1,1
2026-03-20 11:31:00+00:00,0,1
2026-03-20 11:39:00+00:00,1,0
2026-03-20 11:40:00+00:00,0,0
2026-03-20 11:51:00+00:00,1,0
2026-03-20 11:52:00+00:00,1,1
2026-03-20 12:00:00+00:00,0,0
2026-03-20 12:01:00+00:00,0,0
2026-03-20 12:02:00+00:00,0,0
2026-03-20 12:09:00+00:00,1,1
2026-03-20 12:10:00+00:00,1,0
2026-03-20 12:12:00+00:00,1,1
2026-03-20 12:17:00+00:00,0,1
2026-03-20 12:18:00+00:00,1,1
2026-03-20 12:19:00+00:00,1,0
2026-03-20 12:20:00+00:00,1,1
2026-03-20 12:23:00+00:00,1,1
2026-03-20 12:32:00+00:00,0,1
2026-03-20 12:39:00+00:00,0,1
2026-03-20 12:41:00+00:00,0,1
2026-03-20 12:42:00+00:00,0,1
2026-03-20 12:44:00+00:00,0,1
2026-03-20 12:46:00+00:00,1,0
2026-03-20 12:48:00+00:00,0,1
2026-03-20 12:49:00+00:00,0,1
2026-03-20 12:50:00+00:00,1,0
2026-03-20 13:00:00+00:00,1,1
2026-03-20 13:02:00+00:00,1,1
2026-03-20 13:03:00+00:00,1,1
2026-03-20 13:04:00+00:00,1,1
2026-03-20 13:06:00+00:00,0,1
2026-03-20 13:10:00+00:00,0,1
2026-03-20 13:11:00+00:00,1,1
2026-03-20 13:12:00+00:00,0,1
2026-03-20 13:13:00+00:00,1,1
2026-03-20 13:18:00+00:00,1,1
2026-03-20 13:20:00+00:00,1,1
2026-03-20 13:22:00+00:00,1,1
2026-03-20 13:30:00+00:00,1,1
2026-03-20 13:31:00+00:00,0,1
2026-03-20 13:33:00+00:00,0,1
2026-03-20 13:34:00+00:00,0,1
2026-03-20 13:36:00+00:00,1,1
2026-03-20 13:43:00+00:00,1,1
2026-03-20 13:46:00+00:00,1,1
2026-03-20 13:49:00+00:00,1,1
2026-03-20 13:50:00+00:00,1,1
2026-03-20 13:51:00+00:00,1,1
2026-03-20 13:52:00+00:00,1,1
2026-03-20 13:56:00+00:00,1,1
2026-03-20 13:58:00+00:00,1,1
2026-03-20 13:59:00+00:00,1,0
2026-03-20 14:01:00+00:00,0,1
2026-03-20 14:02:00+00:00,1,1
2026-03-20 14:03:00+00:00,1,1
2026-03-20 14:05:00+00:00,1,1
2026-03-20 14:07:00+00:00,1,1
2026-03-20 14:08:00+00:00,0,0
2026-03-20 14:09:00+00:00,0,0
2026-03-20 14:10:00+00:00,1,1
2026-03-20 14:11:00+00:00,1,0
2026-03-20 14:12:00+00:00,1,0
2026-03-20 14:14:00+00:00,1,0
2026-03-20 14:15:00+00:00,1,1
2026-03-20 14:17:00+00:00,0,1
2026-03-20 14:18:00+00:00,0,0
2026-03-20 14:19:00+00:00,1,0
2026-03-20 14:20:00+00:00,0,1
2026-03-20 14:22:00+00:00,0,1
2026-03-20 14:23:00+00:00,0,1
2026-03-20 14:24:00+00:00,0,0
2026-03-20 14:25:00+00:00,0,1
2026-03-20 14:27:00+00:00,1,1
2026-03-20 14:29:00+00:00,0,1
2026-03-20 14:30:00+00:00,0,1
2026-03-20 14:33:00+00:00,1,1
2026-03-20 14:34:00+00:00,1,1
2026-03-20 14:37:00+00:00,1,1
2026-03-20 14:41:00+00:00,0,1
2026-03-20 14:44:00+00:00,1,1
2026-03-20 14:46:00+00:00,1,1
2026-03-20 14:47:00+00:00,0,1
2026-03-20 14:48:00+00:00,1,1
2026-03-20 14:49:00+00:00,0,1
2026-03-20 14:54:00+00:00,0,0
2026-03-20 14:55:00+00:00,0,1
2026-03-20 14:57:00+00:00,0,1
2026-03-20 14:58:00+00:00,0,1
2026-03-20 15:00:00+00:00,0,1
2026-03-20 15:01:00+00:00,1,0
2026-03-20 15:02:00+00:00,1,1
2026-03-20 15:08:00+00:00,0,0
2026-03-20 15:11:00+00:00,1,1
2026-03-20 15:12:00+00:00,1,0
2026-03-20 15:15:00+00:00,1,1
2026-03-20 15:16:00+00:00,0,0
2026-03-20 15:17:00+00:00,1,0
2026-03-20 15:19:00+00:00,0,0
2026-03-20 15:20:00+00:00,0,0
2026-03-20 15:21:00+00:00,0,0
2026-03-20 15:23:00+00:00,1,1
2026-03-20 15:24:00+00:00,0,0
2026-03-20 15:25:00+00:00,1,1
2026-03-20 15:27:00+00:00,1,1
2026-03-20 15:28:00+00:00,0,1
2026-03-20 15:29:00+00:00,0,1
2026-03-20 15:31:00+00:00,0,1
2026-03-20 15:33:00+00:00,0,1
2026-03-20 15:34:00+00:00,0,1
2026-03-20 15:35:00+00:00,0,1
2026-03-20 15:39:00+00:00,0,1
2026-03-20 15:42:00+00:00,0,1
2026-03-20 15:43:00+00:00,0,1
2026-03-20 15:44:00+00:00,0,1
2026-03-20 15:45:00+00:00,0,1
2026-03-20 15:46:00+00:00,1,1
2026-03-20 15:48:00+00:00,1,1
2026-03-20 15:50:00+00:00,1,1
2026-03-20 15:51:00+00:00,1,1
2026-03-20 15:55:00+00:00,1,1
2026-03-20 16:00:00+00:00,1,1
2026-03-20 16:03:00+00:00,1,1
2026-03-20 16:05:00+00:00,0,1
2026-03-20 16:06:00+00:00,1,1
2026-03-20 16:11:00+00:00,0,1
2026-03-20 16:12:00+00:00,0,0
2026-03-20 16:14:00+00:00,0,0
2026-03-20 16:17:00+00:00,0,0
2026-03-20 16:18:00+00:00,0,0
2026-03-20 16:19:00+00:00,0,0
2026-03-20 16:20:00+00:00,1,0
2026-03-20 16:22:00+00:00,1,0
2026-03-20 16:24:00+00:00,1,0
2026-03-20 16:25:00+00:00,1,0
2026-03-20 16:26:00+00:00,0,0
2026-03-20 16:30:00+00:00,0,1
2026-03-20 16:31:00+00:00,1,0
2026-03-20 16:33:00+00:00,0,0
2026-03-20 16:35:00+00:00,0,0
2026-03-20 16:36:00+00:00,0,0
2026-03-20 16:45:00+00:00,1,1
2026-03-20 16:47:00+00:00,0,1
2026-03-20 16:49:00+00:00,0,0
2026-03-20 16:52:00+00:00,0,1
2026-03-20 16:55:00+00:00,0,0
2026-03-20 17:02:00+00:00,0,1
2026-03-20 17:03:00+00:00,0,1
2026-03-20 17:04:00+00:00,0,1
2026-03-20 17:05:00+00:00,0,1
2026-03-20 17:06:00+00:00,0,0
2026-03-20 17:07:00+00:00,1,1
2026-03-20 17:09:00+00:00,1,1
2026-03-20 17:15:00+00:00,1,1
2026-03-20 17:22:00+00:00,1,0
2026-03-20 17:23:00+00:00,1,1
2026-03-20 17:24:00+00:00,0,1
2026-03-20 17:25:00+00:00,1,0
2026-03-20 17:27:00+00:00,0,0
2026-03-20 17:28:00+00:00,1,0
2026-03-20 17:31:00+00:00,0,1
2026-03-20 17:32:00+00:00,0,1
2026-03-20 17:35:00+00:00,1,1
2026-03-20 17:46:00+00:00,0,0
2026-03-20 17:50:00+00:00,0,0
2026-03-20 17:53:00+00:00,1,0
2026-03-20 18:02:00+00:00,1,0
2026-03-20 18:03:00+00:00,1,0
2026-03-20 18:08:00+00:00,1,0
2026-03-20 18:09:00+00:00,1,0
2026-03-20 18:10:00+00:00,0,0
2026-03-20 18:11:00+00:00,0,0
2026-03-20 18:12:00+00:00,1,0
2026-03-20 18:14:00+00:00,1,1
2026-03-20 18:19:00+00:00,1,1
2026-03-20 18:20:00+00:00,1,1
2026-03-20 18:21:00+00:00,1,1
2026-03-20 18:22:00+00:00,0,1
2026-03-20 18:23:00+00:00,0,1
2026-03-20 18:25:00+00:00,1,1
2026-03-20 18:26:00+00:00,1,0
2026-03-20 18:28:00+00:00,1,1
2026-03-20 18:31:00+00:00,1,1
2026-03-20 18:34:00+00:00,1,0
2026-03-20 18:36:00+00:00,1,1
2026-03-20 18:39:00+00:00,1,1
2026-03-20 18:41:00+00:00,1,1
2026-03-20 18:42:00+00:00,1,1
2026-03-20 18:43:00+00:00,1,1
2026-03-20 18:46:00+00:00,1,0
2026-03-20 18:47:00+00:00,1,1
2026-03-20 18:48:00+00:00,1,1
2026-03-20 18:51:00+00:00,1,0
2026-03-20 18:53:00+00:00,0,1
2026-03-20 18:55:00+00:00,1,1
2026-03-20 18:57:00+00:00,1,1
2026-03-20 18:59:00+00:00,0,1
2026-03-20 19:00:00+00:00,1,1
2026-03-20 19:01:00+00:00,1,1
2026-03-20 19:03:00+00:00,1,1
2026-03-20 19:04:00+00:00,0,1
2026-03-20 19:06:00+00:00,1,1
2026-03-20 19:07:00+00:00,0,1
2026-03-20 19:08:00+00:00,0,1
2026-03-20 19:11:00+00:00,1,1
2026-03-20 19:12:00+00:00,0,1
2026-03-20 19:13:00+00:00,0,1
2026-03-20 19:15:00+00:00,1,0
2026-03-20 19:16:00+00:00,0,1
2026-03-20 19:19:00+00:00,0,0
2026-03-20 19:20:00+00:00,1,0
2026-03-20 19:21:00+00:00,1,1
2026-03-20 19:24:00+00:00,1,1
2026-03-20 19:26:00+00:00,1,1
2026-03-20 19:27:00+00:00,1,0
2026-03-20 19:30:00+00:00,0,0
2026-03-20 19:31:00+00:00,0,0
2026-03-20 19:33:00+00:00,0,1
2026-03-20 19:34:00+00:00,0,1
2026-03-20 19:37:00+00:00,0,1
2026-03-20 19:39:00+00:00,0,1
2026-03-20 19:43:00+00:00,0,1
2026-03-20 19:44:00+00:00,1,1
2026-03-20 19:45:00+00:00,0,1
2026-03-20 19:47:00+00:00,1,1
2026-03-20 19:48:00+00:00,0,1
2026-03-20 19:54:00+00:00,1,1
2026-03-20 19:55:00+00:00,0,1
2026-03-20 19:56:00+00:00,0,1
2026-03-20 19:57:00+00:00,0,1
2026-03-20 20:05:00+00:00,0,1
2026-03-20 20:09:00+00:00,0,1
2026-03-22 22:01:00+00:00,0,1
2026-03-22 22:02:00+00:00,0,0
2026-03-22 22:03:00+00:00,1,1
2026-03-22 22:04:00+00:00,1,0
2026-03-22 22:05:00+00:00,1,1
2026-03-22 22:06:00+00:00,1,1
2026-03-22 22:07:00+00:00,0,1
2026-03-22 22:09:00+00:00,0,1
2026-03-22 22:10:00+00:00,0,1
2026-03-22 22:11:00+00:00,1,1
2026-03-22 22:18:00+00:00,0,1
2026-03-22 22:20:00+00:00,0,1
2026-03-22 22:21:00+00:00,0,1
2026-03-22 22:23:00+00:00,0,1
2026-03-22 22:24:00+00:00,1,1
2026-03-22 22:26:00+00:00,1,1
2026-03-22 22:28:00+00:00,1,1
2026-03-22 22:29:00+00:00,1,1
2026-03-22 22:32:00+00:00,1,1
2026-03-22 22:36:00+00:00,0,1
2026-03-22 22:38:00+00:00,1,1
2026-03-22 22:41:00+00:00,1,1
2026-03-22 22:45:00+00:00,1,1
2026-03-22 22:46:00+00:00,1,1
2026-03-22 22:57:00+00:00,0,1
2026-03-22 23:01:00+00:00,1,1
2026-03-22 23:03:00+00:00,1,1
2026-03-22 23:07:00+00:00,1,1
2026-03-22 23:13:00+00:00,1,1
2026-03-22 23:19:00+00:00,1,1
2026-03-22 23:22:00+00:00,1,1
2026-03-22 23:25:00+00:00,1,1
2026-03-22 23:27:00+00:00,1,0
2026-03-22 23:31:00+00:00,1,1
2026-03-22 23:43:00+00:00,1,1
2026-03-22 23:45:00+00:00,1,1
2026-03-22 23:46:00+00:00,1,1
2026-03-22 23:48:00+00:00,0,1
2026-03-22 23:52:00+00:00,0,1
2026-03-22 23:53:00+00:00,0,1
2026-03-22 23:59:00+00:00,1,1
2026-03-23 00:00:00+00:00,1,1
2026-03-23 00:01:00+00:00,1,0
2026-03-23 00:02:00+00:00,1,1
2026-03-23 00:03:00+00:00,0,1
2026-03-23 00:04:00+00:00,0,1
2026-03-23 00:05:00+00:00,0,1
2026-03-23 00:06:00+00:00,0,0
2026-03-23 00:07:00+00:00,1,1
2026-03-23 00:09:00+00:00,1,1
2026-03-23 00:11:00+00:00,1,1
2026-03-23 00:13:00+00:00,1,1
2026-03-23 00:14:00+00:00,1,1
2026-03-23 00:15:00+00:00,0,0
2026-03-23 00:18:00+00:00,0,1
2026-03-23 00:20:00+00:00,0,1
2026-03-23 00:21:00+00:00,0,1
2026-03-23 00:23:00+00:00,1,1
2026-03-23 00:24:00+00:00,1,1
2026-03-23 00:26:00+00:00,1,1
2026-03-23 00:27:00+00:00,1,1
2026-03-23 00:30:00+00:00,1,1
2026-03-23 00:31:00+00:00,1,0
2026-03-23 00:34:00+00:00,0,0
2026-03-23 00:35:00+00:00,0,0
2026-03-23 00:36:00+00:00,0,0
2026-03-23 00:37:00+00:00,0,0
2026-03-23 00:38:00+00:00,0,0
2026-03-23 00:39:00+00:00,0,0
2026-03-23 00:40:00+00:00,0,0
2026-03-23 00:41:00+00:00,0,0
2026-03-23 00:43:00+00:00,0,0
2026-03-23 00:47:00+00:00,0,0
2026-03-23 00:48:00+00:00,0,0
2026-03-23 00:49:00+00:00,0,0
2026-03-23 00:50:00+00:00,0,0
2026-03-23 00:52:00+00:00,1,0
2026-03-23 00:53:00+00:00,1,0
2026-03-23 00:54:00+00:00,1,0
2026-03-23 00:56:00+00:00,0,0
2026-03-23 00:57:00+00:00,0,0
2026-03-23 00:58:00+00:00,0,0
2026-03-23 00:59:00+00:00,0,0
2026-03-23 01:00:00+00:00,1,0
2026-03-23 01:01:00+00:00,0,0
2026-03-23 01:04:00+00:00,1,1
2026-03-23 01:05:00+00:00,1,1
2026-03-23 01:07:00+00:00,1,0
2026-03-23 01:08:00+00:00,0,0
2026-03-23 01:09:00+00:00,1,0
2026-03-23 01:11:00+00:00,0,0
2026-03-23 01:12:00+00:00,0,0
2026-03-23 01:13:00+00:00,0,0
2026-03-23 01:15:00+00:00,0,0
2026-03-23 01:18:00+00:00,0,0
2026-03-23 01:20:00+00:00,0,0
2026-03-23 01:22:00+00:00,0,0
2026-03-23 01:23:00+00:00,0,0
2026-03-23 01:24:00+00:00,0,0
2026-03-23 01:25:00+00:00,0,1
2026-03-23 01:30:00+00:00,0,1
2026-03-23 01:31:00+00:00,1,0
2026-03-23 01:33:00+00:00,1,1
2026-03-23 01:34:00+00:00,1,0
2026-03-23 01:35:00+00:00,0,1
2026-03-23 01:37:00+00:00,1,0
2026-03-23 01:40:00+00:00,1,1
2026-03-23 01:43:00+00:00,1,1
2026-03-23 01:44:00+00:00,1,0
2026-03-23 01:45:00+00:00,1,1
2026-03-23 01:46:00+00:00,1,1
2026-03-23 01:47:00+00:00,1,1
2026-03-23 01:48:00+00:00,1,1
2026-03-23 01:49:00+00:00,1,1
2026-03-23 01:50:00+00:00,0,0
2026-03-23 01:52:00+00:00,0,0
2026-03-23 01:53:00+00:00,0,0
2026-03-23 01:54:00+00:00,0,1
2026-03-23 01:57:00+00:00,0,1
2026-03-23 01:59:00+00:00,0,0
2026-03-23 02:01:00+00:00,0,0
2026-03-23 02:02:00+00:00,1,1
2026-03-23 02:03:00+00:00,1,1
2026-03-23 02:04:00+00:00,1,1
2026-03-23 02:05:00+00:00,1,1
2026-03-23 02:09:00+00:00,0,1
2026-03-23 02:12:00+00:00,0,1
2026-03-23 02:13:00+00:00,0,1
2026-03-23 02:14:00+00:00,0,1
2026-03-23 02:15:00+00:00,1,1
2026-03-23 02:16:00+00:00,1,1
2026-03-23 02:17:00+00:00,1,1
2026-03-23 02:18:00+00:00,0,1
2026-03-23 02:20:00+00:00,1,1
2026-03-23 02:26:00+00:00,1,1
2026-03-23 02:27:00+00:00,1,1
2026-03-23 02:28:00+00:00,1,1
2026-03-23 02:31:00+00:00,1,1
2026-03-23 02:32:00+00:00,1,1
2026-03-23 02:37:00+00:00,0,1
2026-03-23 02:40:00+00:00,0,0
2026-03-23 02:41:00+00:00,0,0
2026-03-23 02:42:00+00:00,0,0
2026-03-23 02:43:00+00:00,1,1
2026-03-23 02:44:00+00:00,1,1
2026-03-23 02:45:00+00:00,1,1
2026-03-23 02:46:00+00:00,0,1
2026-03-23 02:47:00+00:00,1,0
2026-03-23 02:52:00+00:00,1,0
2026-03-23 02:53:00+00:00,0,1
2026-03-23 02:56:00+00:00,0,0
2026-03-23 02:59:00+00:00,0,0
2026-03-23 03:00:00+00:00,0,0
2026-03-23 03:01:00+00:00,1,0
2026-03-23 03:02:00+00:00,1,0
2026-03-23 03:03:00+00:00,1,0
2026-03-23 03:04:00+00:00,1,0
2026-03-23 03:05:00+00:00,1,0
2026-03-23 03:07:00+00:00,1,1
2026-03-23 03:09:00+00:00,1,0
2026-03-23 03:12:00+00:00,0,1
2026-03-23 03:15:00+00:00,0,0
2026-03-23 03:17:00+00:00,1,1
2026-03-23 03:18:00+00:00,0,1
2026-03-23 03:20:00+00:00,1,1
2026-03-23 03:23:00+00:00,0,1
2026-03-23 03:25:00+00:00,0,1
2026-03-23 03:26:00+00:00,0,0
2026-03-23 03:27:00+00:00,0,1
2026-03-23 03:30:00+00:00,0,0
2026-03-23 03:31:00+00:00,1,0
2026-03-23 03:32:00+00:00,0,1
2026-03-23 03:33:00+00:00,0,1
2026-03-23 03:34:00+00:00,0,0
2026-03-23 03:35:00+00:00,0,0
2026-03-23 03:36:00+00:00,0,1
2026-03-23 03:40:00+00:00,1,1
2026-03-23 03:46:00+00:00,1,1
2026-03-23 03:47:00+00:00,1,0
2026-03-23 03:51:00+00:00,0,0
2026-03-23 03:52:00+00:00,1,1
2026-03-23 04:00:00+00:00,0,1
2026-03-23 04:01:00+00:00,0,1
2026-03-23 04:02:00+00:00,1,1
2026-03-23 04:06:00+00:00,0,0
2026-03-23 04:30:00+00:00,0,1
2026-03-23 04:33:00+00:00,0,0
2026-03-23 04:34:00+00:00,0,0
2026-03-23 04:36:00+00:00,1,1
2026-03-23 04:52:00+00:00,0,0
2026-03-23 04:56:00+00:00,0,1
2026-03-23 05:01:00+00:00,1,1
2026-03-23 05:07:00+00:00,1,1
2026-03-23 05:08:00+00:00,1,1
2026-03-23 05:18:00+00:00,1,1
2026-03-23 05:20:00+00:00,1,1
2026-03-23 05:22:00+00:00,1,1
2026-03-23 05:30:00+00:00,1,1
2026-03-23 05:31:00+00:00,0,1
2026-03-23 05:33:00+00:00,0,0
2026-03-23 05:34:00+00:00,1,0
2026-03-23 05:38:00+00:00,1,1
2026-03-23 05:40:00+00:00,1,1
2026-03-23 05:41:00+00:00,1,1
2026-03-23 05:42:00+00:00,1,1
2026-03-23 05:48:00+00:00,1,0
2026-03-23 05:49:00+00:00,1,0
2026-03-23 05:51:00+00:00,1,0
2026-03-23 05:52:00+00:00,0,1
2026-03-23 05:55:00+00:00,1,1
2026-03-23 05:56:00+00:00,1,0
2026-03-23 05:58:00+00:00,1,1
2026-03-23 06:00:00+00:00,1,1
2026-03-23 06:02:00+00:00,0,1
2026-03-23 06:04:00+00:00,0,1
2026-03-23 06:05:00+00:00,0,1
2026-03-23 06:07:00+00:00,0,1
2026-03-23 06:08:00+00:00,0,1
2026-03-23 06:14:00+00:00,0,1
2026-03-23 06:16:00+00:00,1,1
2026-03-23 06:17:00+00:00,1,1
2026-03-23 06:18:00+00:00,1,1
2026-03-23 06:19:00+00:00,1,1
2026-03-23 06:20:00+00:00,1,1
2026-03-23 06:25:00+00:00,1,1
2026-03-23 06:26:00+00:00,1,1
2026-03-23 06:27:00+00:00,1,1
2026-03-23 06:28:00+00:00,1,1
2026-03-23 06:29:00+00:00,1,0
2026-03-23 06:32:00+00:00,0,0
2026-03-23 06:34:00+00:00,1,1
2026-03-23 06:35:00+00:00,0,1
2026-03-23 06:36:00+00:00,0,1
2026-03-23 06:38:00+00:00,0,1
2026-03-23 06:42:00+00:00,0,0
2026-03-23 06:43:00+00:00,0,0
2026-03-23 06:44:00+00:00,0,0
2026-03-23 06:45:00+00:00,0,0
2026-03-23 06:46:00+00:00,0,0
2026-03-23 06:47:00+00:00,0,0
2026-03-23 06:48:00+00:00,0,0
2026-03-23 06:49:00+00:00,0,0
2026-03-23 06:50:00+00:00,0,0
2026-03-23 06:51:00+00:00,1,0
2026-03-23 06:52:00+00:00,1,0
2026-03-23 06:54:00+00:00,0,0
2026-03-23 06:55:00+00:00,1,0
2026-03-23 06:58:00+00:00,1,1
2026-03-23 07:00:00+00:00,1,1
2026-03-23 07:01:00+00:00,0,0
2026-03-23 07:02:00+00:00,0,1
2026-03-23 07:03:00+00:00,0,0
2026-03-23 07:04:00+00:00,0,0
2026-03-23 07:05:00+00:00,0,0
2026-03-23 07:06:00+00:00,0,0
2026-03-23 07:07:00+00:00,0,0
2026-03-23 07:08:00+00:00,0,0
2026-03-23 07:09:00+00:00,0,0
2026-03-23 07:10:00+00:00,0,0
2026-03-23 07:11:00+00:00,0,0
2026-03-23 07:12:00+00:00,0,0
2026-03-23 07:13:00+00:00,0,0
2026-03-23 07:14:00+00:00,0,0
2026-03-23 07:16:00+00:00,0,0
2026-03-23 07:17:00+00:00,0,0
2026-03-23 07:18:00+00:00,0,0
2026-03-23 07:20:00+00:00,0,0
2026-03-23 07:21:00+00:00,1,0
2026-03-23 07:22:00+00:00,1,0
2026-03-23 07:23:00+00:00,1,0
2026-03-23 07:24:00+00:00,0,0
2026-03-23 07:25:00+00:00,1,0
2026-03-23 07:28:00+00:00,0,0
2026-03-23 07:31:00+00:00,0,0
2026-03-23 07:33:00+00:00,1,0
2026-03-23 07:34:00+00:00,1,0
2026-03-23 07:35:00+00:00,1,0
2026-03-23 07:36:00+00:00,1,0
2026-03-23 07:38:00+00:00,0,0
2026-03-23 07:39:00+00:00,1,0
2026-03-23 07:40:00+00:00,1,0
2026-03-23 07:41:00+00:00,0,0
2026-03-23 07:42:00+00:00,1,0
2026-03-23 07:43:00+00:00,0,0
2026-03-23 07:44:00+00:00,0,0
2026-03-23 07:46:00+00:00,0,0
2026-03-23 07:49:00+00:00,0,0
2026-03-23 07:50:00+00:00,0,0
2026-03-23 07:51:00+00:00,0,0
2026-03-23 07:52:00+00:00,0,1
2026-03-23 07:53:00+00:00,1,1
2026-03-23 07:54:00+00:00,0,1
2026-03-23 07:55:00+00:00,1,0
2026-03-23 07:56:00+00:00,0,1
2026-03-23 07:59:00+00:00,1,0
2026-03-23 08:00:00+00:00,0,0
2026-03-23 08:01:00+00:00,1,0
2026-03-23 08:02:00+00:00,0,0
2026-03-23 08:03:00+00:00,0,0
2026-03-23 08:04:00+00:00,1,0
2026-03-23 08:06:00+00:00,0,0
2026-03-23 08:07:00+00:00,0,0
2026-03-23 08:08:00+00:00,0,0
2026-03-23 08:09:00+00:00,0,0
2026-03-23 08:11:00+00:00,0,0
2026-03-23 08:14:00+00:00,0,0
2026-03-23 08:16:00+00:00,0,0
2026-03-23 08:17:00+00:00,0,0
2026-03-23 08:20:00+00:00,1,0
2026-03-23 08:21:00+00:00,1,0
2026-03-23 08:22:00+00:00,0,0
2026-03-23 08:23:00+00:00,1,0
2026-03-23 08:24:00+00:00,1,1
2026-03-23 08:26:00+00:00,1,0
2026-03-23 08:27:00+00:00,1,1
2026-03-23 08:28:00+00:00,1,0
2026-03-23 08:30:00+00:00,0,1
2026-03-23 08:31:00+00:00,0,1
2026-03-23 08:32:00+00:00,0,0
2026-03-23 08:34:00+00:00,0,0
2026-03-23 08:35:00+00:00,0,0
2026-03-23 08:36:00+00:00,0,1
2026-03-23 08:37:00+00:00,0,1
2026-03-23 08:38:00+00:00,0,0
2026-03-23 08:39:00+00:00,0,1
2026-03-23 08:41:00+00:00,0,0
2026-03-23 08:43:00+00:00,0,1
2026-03-23 08:44:00+00:00,0,0
2026-03-23 08:45:00+00:00,0,0
2026-03-23 08:46:00+00:00,0,1
2026-03-23 08:49:00+00:00,0,0
2026-03-23 08:50:00+00:00,0,0
2026-03-23 08:51:00+00:00,0,1
2026-03-23 08:52:00+00:00,0,0
2026-03-23 08:54:00+00:00,0,1
2026-03-23 08:55:00+00:00,1,1
2026-03-23 08:57:00+00:00,1,1
2026-03-23 08:58:00+00:00,0,1
2026-03-23 08:59:00+00:00,0,1
2026-03-23 09:00:00+00:00,0,1
2026-03-23 09:01:00+00:00,0,1
2026-03-23 09:04:00+00:00,0,1
2026-03-23 09:07:00+00:00,0,1
2026-03-23 09:08:00+00:00,0,1
2026-03-23 09:09:00+00:00,0,1
2026-03-23 09:10:00+00:00,0,1
2026-03-23 09:14:00+00:00,0,1
2026-03-23 09:15:00+00:00,0,1
2026-03-23 09:16:00+00:00,0,0
2026-03-23 09:17:00+00:00,0,1
2026-03-23 09:19:00+00:00,0,0
2026-03-23 09:21:00+00:00,0,0
2026-03-23 09:24:00+00:00,0,0
2026-03-23 09:27:00+00:00,0,0
2026-03-23 09:29:00+00:00,1,0
2026-03-23 09:31:00+00:00,1,1
2026-03-23 09:32:00+00:00,1,1
2026-03-23 09:34:00+00:00,1,1
2026-03-23 09:36:00+00:00,1,1
2026-03-23 09:37:00+00:00,0,0
2026-03-23 09:38:00+00:00,0,0
2026-03-23 09:39:00+00:00,0,0
2026-03-23 09:40:00+00:00,0,0
2026-03-23 09:41:00+00:00,0,1
2026-03-23 09:42:00+00:00,1,0
2026-03-23 09:44:00+00:00,1,0
2026-03-23 09:45:00+00:00,1,0
2026-03-23 09:46:00+00:00,1,1
2026-03-23 09:49:00+00:00,1,1
2026-03-23 09:52:00+00:00,1,0
2026-03-23 09:55:00+00:00,1,1
2026-03-23 09:56:00+00:00,1,0
2026-03-23 09:58:00+00:00,0,0
2026-03-23 10:02:00+00:00,0,0
2026-03-23 10:09:00+00:00,0,0
2026-03-23 10:10:00+00:00,0,1
2026-03-23 10:12:00+00:00,0,0
2026-03-23 10:13:00+00:00,0,1
2026-03-23 10:14:00+00:00,0,1
2026-03-23 10:15:00+00:00,0,1
2026-03-23 10:18:00+00:00,0,0
2026-03-23 10:19:00+00:00,0,0
2026-03-23 10:20:00+00:00,0,0
2026-03-23 10:21:00+00:00,0,1
2026-03-23 10:22:00+00:00,0,1
2026-03-23 10:23:00+00:00,0,1
2026-03-23 10:25:00+00:00,0,1
2026-03-23 10:27:00+00:00,0,1
2026-03-23 10:30:00+00:00,0,1
2026-03-23 10:35:00+00:00,0,1
2026-03-23 10:36:00+00:00,0,1
2026-03-23 10:37:00+00:00,1,1
2026-03-23 10:38:00+00:00,1,1
2026-03-23 10:41:00+00:00,1,1
2026-03-23 10:42:00+00:00,0,0
2026-03-23 10:45:00+00:00,1,1
2026-03-23 10:49:00+00:00,0,1
2026-03-23 10:50:00+00:00,0,1
2026-03-23 10:51:00+00:00,0,1
2026-03-23 10:57:00+00:00,1,1
2026-03-23 10:59:00+00:00,1,1
2026-03-23 11:00:00+00:00,1,1
2026-03-23 11:01:00+00:00,0,1
2026-03-23 11:03:00+00:00,1,1
2026-03-23 11:05:00+00:00,1,0
2026-03-23 11:06:00+00:00,0,0
2026-03-23 11:07:00+00:00,0,0
2026-03-23 11:08:00+00:00,0,0
2026-03-23 11:09:00+00:00,0,0
2026-03-23 11:10:00+00:00,0,0
2026-03-23 11:11:00+00:00,0,0
2026-03-23 11:12:00+00:00,0,0
2026-03-23 11:14:00+00:00,1,0
2026-03-23 11:15:00+00:00,0,0
2026-03-23 11:16:00+00:00,0,1
2026-03-23 11:17:00+00:00,0,1
2026-03-23 11:18:00+00:00,0,1
2026-03-23 11:20:00+00:00,0,1
2026-03-23 11:21:00+00:00,0,1
2026-03-23 11:22:00+00:00,0,0
2026-03-23 11:23:00+00:00,0,1
2026-03-23 11:24:00+00:00,0,1
2026-03-23 11:25:00+00:00,0,1
2026-03-23 11:26:00+00:00,0,1
2026-03-23 11:27:00+00:00,0,1
2026-03-23 11:28:00+00:00,0,1
2026-03-23 11:29:00+00:00,0,0
2026-03-23 11:31:00+00:00,0,1
2026-03-23 11:34:00+00:00,1,1
2026-03-23 11:36:00+00:00,1,1
2026-03-23 11:37:00+00:00,0,1
2026-03-23 11:38:00+00:00,0,1
2026-03-23 11:39:00+00:00,0,1
2026-03-23 11:40:00+00:00,0,1
2026-03-23 11:41:00+00:00,0,1
2026-03-23 11:43:00+00:00,1,1
2026-03-23 11:45:00+00:00,1,1
2026-03-23 11:46:00+00:00,0,0
2026-03-23 11:47:00+00:00,0,0
2026-03-23 11:49:00+00:00,0,1
2026-03-23 11:50:00+00:00,0,0
2026-03-23 11:51:00+00:00,0,1
2026-03-23 11:52:00+00:00,0,0
2026-03-23 11:53:00+00:00,1,0
2026-03-23 11:54:00+00:00,0,1
2026-03-23 11:55:00+00:00,0,0
2026-03-23 11:56:00+00:00,0,0
2026-03-23 11:57:00+00:00,0,0
2026-03-23 11:58:00+00:00,0,0
2026-03-23 11:59:00+00:00,0,0
2026-03-23 12:00:00+00:00,0,0
2026-03-23 12:01:00+00:00,0,0
2026-03-23 12:02:00+00:00,0,0
2026-03-23 12:03:00+00:00,0,0
2026-03-23 12:05:00+00:00,1,0
2026-03-23 12:06:00+00:00,0,0
2026-03-23 12:07:00+00:00,1,0
2026-03-23 12:08:00+00:00,1,0
2026-03-23 12:09:00+00:00,0,1
2026-03-23 12:10:00+00:00,0,0
2026-03-23 12:11:00+00:00,0,1
2026-03-23 12:13:00+00:00,0,1
2026-03-23 12:14:00+00:00,1,0
2026-03-23 12:15:00+00:00,1,0
2026-03-23 12:16:00+00:00,1,1
2026-03-23 12:17:00+00:00,0,1
2026-03-23 12:18:00+00:00,0,1
2026-03-23 12:19:00+00:00,0,1
2026-03-23 12:20:00+00:00,0,0
2026-03-23 12:21:00+00:00,0,1
2026-03-23 12:22:00+00:00,0,1
2026-03-23 12:24:00+00:00,0,1
2026-03-23 12:29:00+00:00,0,1
2026-03-23 12:30:00+00:00,1,1
2026-03-23 12:31:00+00:00,1,1
2026-03-23 12:32:00+00:00,1,1
2026-03-23 12:33:00+00:00,1,1
2026-03-23 12:37:00+00:00,0,0
2026-03-23 12:38:00+00:00,1,0
2026-03-23 12:41:00+00:00,0,1
2026-03-23 12:42:00+00:00,0,1
2026-03-23 12:46:00+00:00,0,1
2026-03-23 12:49:00+00:00,0,0
2026-03-23 12:51:00+00:00,0,1
2026-03-23 12:52:00+00:00,0,0
2026-03-23 12:53:00+00:00,0,0
2026-03-23 12:55:00+00:00,0,0
2026-03-23 12:56:00+00:00,0,0
2026-03-23 12:59:00+00:00,1,0
2026-03-23 13:00:00+00:00,1,1
2026-03-23 13:01:00+00:00,1,1
2026-03-23 13:02:00+00:00,0,1
2026-03-23 13:03:00+00:00,1,1
2026-03-23 13:05:00+00:00,0,1
2026-03-23 13:08:00+00:00,0,1
2026-03-23 13:09:00+00:00,0,1
2026-03-23 13:11:00+00:00,0,1
2026-03-23 13:13:00+00:00,0,0
2026-03-23 13:14:00+00:00,0,1
2026-03-23 13:15:00+00:00,0,1
2026-03-23 13:17:00+00:00,0,0
2026-03-23 13:19:00+00:00,0,0
2026-03-23 13:20:00+00:00,0,1
2026-03-23 13:21:00+00:00,0,0
2026-03-23 13:22:00+00:00,0,1
2026-03-23 13:23:00+00:00,0,1
2026-03-23 13:24:00+00:00,0,0
2026-03-23 13:25:00+00:00,1,1
2026-03-23 13:26:00+00:00,0,0
2026-03-23 13:27:00+00:00,0,1
2026-03-23 13:29:00+00:00,1,1
2026-03-23 13:31:00+00:00,0,1
2026-03-23 13:32:00+00:00,1,1
2026-03-23 13:33:00+00:00,0,1
2026-03-23 13:34:00+00:00,1,1
2026-03-23 13:36:00+00:00,0,1
2026-03-23 13:37:00+00:00,0,1
2026-03-23 13:38:00+00:00,1,1
2026-03-23 13:39:00+00:00,0,1
2026-03-23 13:40:00+00:00,0,1
2026-03-23 13:41:00+00:00,0,1
2026-03-23 13:42:00+00:00,0,1
2026-03-23 13:43:00+00:00,0,1
2026-03-23 13:44:00+00:00,1,1
2026-03-23 13:45:00+00:00,1,1
2026-03-23 13:46:00+00:00,1,1
2026-03-23 13:51:00+00:00,0,1
2026-03-23 13:52:00+00:00,0,1
2026-03-23 13:53:00+00:00,0,1
2026-03-23 13:54:00+00:00,0,1
2026-03-23 13:55:00+00:00,1,1
2026-03-23 13:56:00+00:00,1,1
2026-03-23 13:57:00+00:00,1,1
2026-03-23 14:00:00+00:00,0,1
2026-03-23 14:01:00+00:00,0,1
2026-03-23 14:03:00+00:00,0,1
2026-03-23 14:04:00+00:00,0,1
2026-03-23 14:06:00+00:00,1,1
2026-03-23 14:07:00+00:00,0,1
2026-03-23 14:08:00+00:00,1,1
2026-03-23 14:10:00+00:00,1,1
2026-03-23 14:11:00+00:00,1,1
2026-03-23 14:13:00+00:00,0,1
2026-03-23 14:14:00+00:00,1,1
2026-03-23 14:15:00+00:00,0,1
2026-03-23 14:17:00+00:00,0,1
2026-03-23 14:18:00+00:00,0,1
2026-03-23 14:19:00+00:00,0,1
2026-03-23 14:21:00+00:00,0,1
2026-03-23 14:24:00+00:00,1,1
2026-03-23 14:25:00+00:00,1,1
2026-03-23 14:26:00+00:00,1,0
2026-03-23 14:27:00+00:00,1,1
2026-03-23 14:28:00+00:00,0,1
2026-03-23 14:30:00+00:00,0,1
2026-03-23 14:32:00+00:00,1,1
2026-03-23 14:33:00+00:00,1,1
2026-03-23 14:34:00+00:00,1,1
2026-03-23 14:35:00+00:00,1,1
2026-03-23 14:36:00+00:00,1,0
2026-03-23 14:37:00+00:00,1,1
2026-03-23 14:38:00+00:00,1,1
2026-03-23 14:39:00+00:00,1,1
2026-03-23 14:40:00+00:00,0,1
2026-03-23 14:41:00+00:00,1,1
2026-03-23 14:42:00+00:00,1,1
2026-03-23 14:43:00+00:00,1,1
2026-03-23 14:45:00+00:00,0,1
2026-03-23 14:46:00+00:00,1,1
2026-03-23 14:47:00+00:00,1,1
2026-03-23 14:48:00+00:00,0,1
2026-03-23 14:49:00+00:00,1,1
2026-03-23 14:50:00+00:00,0,1
2026-03-23 14:51:00+00:00,0,1
2026-03-23 14:52:00+00:00,0,1
2026-03-23 14:54:00+00:00,0,1
2026-03-23 14:55:00+00:00,0,1
2026-03-23 14:56:00+00:00,0,1
2026-03-23 14:57:00+00:00,0,1
2026-03-23 14:59:00+00:00,0,1
2026-03-23 15:01:00+00:00,0,1
2026-03-23 15:04:00+00:00,0,1
2026-03-23 15:05:00+00:00,1,1
2026-03-23 15:06:00+00:00,1,1
2026-03-23 15:07:00+00:00,1,0
2026-03-23 15:08:00+00:00,1,1
2026-03-23 15:09:00+00:00,1,1
2026-03-23 15:10:00+00:00,1,1
2026-03-23 15:12:00+00:00,1,1
2026-03-23 15:14:00+00:00,1,1
2026-03-23 15:16:00+00:00,1,1
2026-03-23 15:17:00+00:00,0,1
2026-03-23 15:18:00+00:00,0,1
2026-03-23 15:19:00+00:00,0,1
2026-03-23 15:20:00+00:00,0,1
2026-03-23 15:21:00+00:00,0,1
2026-03-23 15:22:00+00:00,1,1
2026-03-23 15:26:00+00:00,0,1
2026-03-23 15:27:00+00:00,1,1
2026-03-23 15:28:00+00:00,0,1
2026-03-23 15:29:00+00:00,1,1
2026-03-23 15:31:00+00:00,1,1
2026-03-23 15:33:00+00:00,1,1
2026-03-23 15:34:00+00:00,1,1
2026-03-23 15:35:00+00:00,1,1
2026-03-23 15:36:00+00:00,1,1
2026-03-23 15:43:00+00:00,1,0
2026-03-23 15:44:00+00:00,1,0
2026-03-23 15:45:00+00:00,1,0
2026-03-23 15:46:00+00:00,1,1
2026-03-23 15:52:00+00:00,1,1
2026-03-23 15:53:00+00:00,1,1
2026-03-23 15:54:00+00:00,1,1
2026-03-23 15:55:00+00:00,0,1
2026-03-23 15:56:00+00:00,0,0
2026-03-23 15:57:00+00:00,0,1
2026-03-23 15:58:00+00:00,1,1
2026-03-23 15:59:00+00:00,0,0
2026-03-23 16:01:00+00:00,0,1
2026-03-23 16:03:00+00:00,0,1
2026-03-23 16:04:00+00:00,0,1
2026-03-23 16:05:00+00:00,1,1
2026-03-23 16:06:00+00:00,0,1
2026-03-23 16:08:00+00:00,0,1
2026-03-23 16:09:00+00:00,0,1
2026-03-23 16:11:00+00:00,1,1
2026-03-23 16:12:00+00:00,1,1
2026-03-23 16:13:00+00:00,1,1
2026-03-23 16:15:00+00:00,1,1
2026-03-23 16:17:00+00:00,0,0
2026-03-23 16:18:00+00:00,0,1
2026-03-23 16:20:00+00:00,0,1
2026-03-23 16:21:00+00:00,1,1
2026-03-23 16:22:00+00:00,0,0
2026-03-23 16:25:00+00:00,0,0
2026-03-23 16:27:00+00:00,1,0
2026-03-23 16:28:00+00:00,1,0
2026-03-23 16:29:00+00:00,1,0
2026-03-23 16:30:00+00:00,1,1
2026-03-23 16:31:00+00:00,1,1
2026-03-23 16:34:00+00:00,1,0
2026-03-23 16:36:00+00:00,0,0
2026-03-23 16:38:00+00:00,1,0
2026-03-23 16:39:00+00:00,1,0
2026-03-23 16:40:00+00:00,1,0
2026-03-23 16:41:00+00:00,1,1
2026-03-23 16:43:00+00:00,0,1
2026-03-23 16:44:00+00:00,0,0
2026-03-23 16:46:00+00:00,0,1
2026-03-23 16:48:00+00:00,1,1
2026-03-23 16:49:00+00:00,0,1
2026-03-23 16:51:00+00:00,1,1
2026-03-23 16:52:00+00:00,0,1
2026-03-23 16:56:00+00:00,0,1
2026-03-23 16:57:00+00:00,1,1
2026-03-23 17:00:00+00:00,0,1
2026-03-23 17:02:00+00:00,1,1
2026-03-23 17:06:00+00:00,1,1
2026-03-23 17:07:00+00:00,1,1
2026-03-23 17:08:00+00:00,0,1
2026-03-23 17:09:00+00:00,1,1
2026-03-23 17:11:00+00:00,0,1
2026-03-23 17:13:00+00:00,0,1
2026-03-23 17:14:00+00:00,1,1
2026-03-23 17:16:00+00:00,1,1
2026-03-23 17:17:00+00:00,0,1
2026-03-23 17:20:00+00:00,1,1
2026-03-23 17:21:00+00:00,1,1
2026-03-23 17:23:00+00:00,1,0
2026-03-23 17:26:00+00:00,1,1
2026-03-23 17:28:00+00:00,1,0
2026-03-23 17:30:00+00:00,1,1
2026-03-23 17:31:00+00:00,0,1
2026-03-23 17:33:00+00:00,0,0
2026-03-23 17:35:00+00:00,1,0
2026-03-23 17:36:00+00:00,1,0
2026-03-23 17:37:00+00:00,1,0
2026-03-23 17:42:00+00:00,0,1
2026-03-23 17:47:00+00:00,0,0
2026-03-23 17:50:00+00:00,0,0
2026-03-23 17:54:00+00:00,0,1
2026-03-23 17:56:00+00:00,0,1
2026-03-23 18:00:00+00:00,0,1
2026-03-23 18:04:00+00:00,0,1
2026-03-23 18:05:00+00:00,0,1
2026-03-23 18:06:00+00:00,0,1
2026-03-23 18:07:00+00:00,1,1
2026-03-23 18:08:00+00:00,1,1
2026-03-23 18:10:00+00:00,0,1
2026-03-23 18:13:00+00:00,0,1
2026-03-23 18:14:00+00:00,0,1
2026-03-23 18:16:00+00:00,1,1
2026-03-23 18:17:00+00:00,1,1
2026-03-23 18:22:00+00:00,1,1
2026-03-23 18:25:00+00:00,1,1
2026-03-23 18:26:00+00:00,1,1
2026-03-23 18:30:00+00:00,0,1
2026-03-23 18:31:00+00:00,0,1
2026-03-23 18:33:00+00:00,0,1
2026-03-23 18:34:00+00:00,0,1
2026-03-23 18:36:00+00:00,0,1
2026-03-23 18:39:00+00:00,0,0
2026-03-23 18:41:00+00:00,0,1
2026-03-23 18:42:00+00:00,1,0
2026-03-23 18:49:00+00:00,1,0
2026-03-23 18:50:00+00:00,1,1
2026-03-23 18:52:00+00:00,1,1
2026-03-23 18:53:00+00:00,1,1
2026-03-23 18:54:00+00:00,1,1
2026-03-23 18:59:00+00:00,1,1
2026-03-23 19:03:00+00:00,1,1
2026-03-23 19:04:00+00:00,1,1
2026-03-23 19:06:00+00:00,1,0
2026-03-23 19:09:00+00:00,1,0
2026-03-23 19:10:00+00:00,1,1
2026-03-23 19:11:00+00:00,1,1
2026-03-23 19:12:00+00:00,1,0
2026-03-23 19:13:00+00:00,0,1
2026-03-23 19:14:00+00:00,0,0
2026-03-23 19:16:00+00:00,0,0
2026-03-23 19:17:00+00:00,0,0
2026-03-23 19:20:00+00:00,0,0
2026-03-23 19:26:00+00:00,0,1
2026-03-23 19:28:00+00:00,0,1
2026-03-23 19:32:00+00:00,0,0
2026-03-23 19:33:00+00:00,0,0
2026-03-23 19:41:00+00:00,0,1
2026-03-23 19:42:00+00:00,0,0
2026-03-23 19:44:00+00:00,0,0
2026-03-23 19:45:00+00:00,1,0
2026-03-23 19:46:00+00:00,1,0
2026-03-23 19:48:00+00:00,1,1
2026-03-23 19:50:00+00:00,1,1
2026-03-23 19:51:00+00:00,0,1
2026-03-23 19:52:00+00:00,1,0
2026-03-23 19:55:00+00:00,1,1
2026-03-23 19:57:00+00:00,1,1
2026-03-23 19:58:00+00:00,0,1
2026-03-23 20:00:00+00:00,1,0
2026-03-23 20:01:00+00:00,1,0
2026-03-23 20:16:00+00:00,0,0
2026-03-23 22:03:00+00:00,1,1
2026-03-23 22:04:00+00:00,0,1
2026-03-23 22:05:00+00:00,0,1
2026-03-23 22:07:00+00:00,1,0
2026-03-23 22:13:00+00:00,0,1
2026-03-23 22:20:00+00:00,1,1
2026-03-23 22:22:00+00:00,1,1
2026-03-23 22:24:00+00:00,1,1
2026-03-23 22:27:00+00:00,1,1
2026-03-23 22:36:00+00:00,1,1
2026-03-23 22:52:00+00:00,1,0
2026-03-23 22:54:00+00:00,0,1
2026-03-23 23:07:00+00:00,0,1
2026-03-23 23:37:00+00:00,0,1
2026-03-23 23:40:00+00:00,0,1
2026-03-23 23:45:00+00:00,0,1
2026-03-23 23:46:00+00:00,0,0
2026-03-23 23:47:00+00:00,0,0
2026-03-24 00:01:00+00:00,1,1
2026-03-24 00:02:00+00:00,1,1
2026-03-24 00:12:00+00:00,1,1
2026-03-24 00:14:00+00:00,1,1
2026-03-24 00:15:00+00:00,1,1
2026-03-24 00:16:00+00:00,1,1
2026-03-24 00:17:00+00:00,1,1
2026-03-24 00:19:00+00:00,1,1
2026-03-24 00:20:00+00:00,1,1
2026-03-24 00:21:00+00:00,1,1
2026-03-24 00:26:00+00:00,1,1
2026-03-24 00:27:00+00:00,1,1
2026-03-24 00:28:00+00:00,0,1
2026-03-24 00:30:00+00:00,1,1
2026-03-24 00:31:00+00:00,1,1
2026-03-24 00:32:00+00:00,0,1
2026-03-24 00:33:00+00:00,0,1
2026-03-24 00:34:00+00:00,0,1
2026-03-24 00:36:00+00:00,0,1
2026-03-24 00:38:00+00:00,0,1
2026-03-24 00:39:00+00:00,0,1
2026-03-24 00:40:00+00:00,0,1
2026-03-24 00:41:00+00:00,0,1
2026-03-24 00:43:00+00:00,0,1
2026-03-24 00:45:00+00:00,0,0
2026-03-24 00:46:00+00:00,0,0
2026-03-24 00:47:00+00:00,0,0
2026-03-24 00:48:00+00:00,0,1
2026-03-24 00:50:00+00:00,0,1
2026-03-24 00:53:00+00:00,1,1
2026-03-24 00:56:00+00:00,1,1
2026-03-24 00:59:00+00:00,1,1
2026-03-24 01:01:00+00:00,1,1
2026-03-24 01:02:00+00:00,1,1
2026-03-24 01:04:00+00:00,0,1
2026-03-24 01:06:00+00:00,1,0
2026-03-24 01:07:00+00:00,0,1
2026-03-24 01:08:00+00:00,0,0
2026-03-24 01:09:00+00:00,0,1
2026-03-24 01:10:00+00:00,0,0
2026-03-24 01:11:00+00:00,1,0
2026-03-24 01:12:00+00:00,0,1
2026-03-24 01:13:00+00:00,0,1
2026-03-24 01:14:00+00:00,0,1
2026-03-24 01:15:00+00:00,0,1
2026-03-24 01:19:00+00:00,0,0
2026-03-24 01:20:00+00:00,0,0
2026-03-24 01:22:00+00:00,1,1
2026-03-24 01:23:00+00:00,0,1
2026-03-24 01:24:00+00:00,1,0
2026-03-24 01:25:00+00:00,1,1
2026-03-24 01:26:00+00:00,1,1
2026-03-24 01:29:00+00:00,0,1
2026-03-24 01:31:00+00:00,0,1
2026-03-24 01:34:00+00:00,1,0
2026-03-24 01:37:00+00:00,1,1
2026-03-24 01:39:00+00:00,1,1
2026-03-24 01:41:00+00:00,0,1
2026-03-24 01:42:00+00:00,0,1
2026-03-24 01:43:00+00:00,0,0
2026-03-24 01:44:00+00:00,0,0
2026-03-24 01:45:00+00:00,0,0
2026-03-24 01:47:00+00:00,1,1
2026-03-24 01:48:00+00:00,0,0
2026-03-24 01:49:00+00:00,1,1
2026-03-24 01:50:00+00:00,0,1
2026-03-24 01:51:00+00:00,0,1
2026-03-24 01:52:00+00:00,0,0
2026-03-24 01:54:00+00:00,0,1
2026-03-24 01:59:00+00:00,0,1
2026-03-24 02:00:00+00:00,1,1
2026-03-24 02:01:00+00:00,0,0
2026-03-24 02:04:00+00:00,0,0
2026-03-24 02:05:00+00:00,0,1
2026-03-24 02:06:00+00:00,0,0
2026-03-24 02:08:00+00:00,0,1
2026-03-24 02:10:00+00:00,1,1
2026-03-24 02:13:00+00:00,1,1
2026-03-24 02:16:00+00:00,0,0
2026-03-24 02:17:00+00:00,1,1
2026-03-24 02:20:00+00:00,1,1
2026-03-24 02:21:00+00:00,1,0
2026-03-24 02:22:00+00:00,0,0
2026-03-24 02:23:00+00:00,1,1
2026-03-24 02:24:00+00:00,1,1
2026-03-24 02:25:00+00:00,1,1
2026-03-24 02:26:00+00:00,1,1
2026-03-24 02:28:00+00:00,1,1
2026-03-24 02:29:00+00:00,1,1
2026-03-24 02:32:00+00:00,0,1
2026-03-24 02:34:00+00:00,1,0
2026-03-24 02:38:00+00:00,0,1
2026-03-24 02:40:00+00:00,1,1
2026-03-24 02:43:00+00:00,0,1
2026-03-24 02:46:00+00:00,1,0
2026-03-24 02:48:00+00:00,1,0
2026-03-24 02:49:00+00:00,0,1
2026-03-24 02:50:00+00:00,0,1
2026-03-24 02:57:00+00:00,1,1
2026-03-24 02:59:00+00:00,1,1
2026-03-24 03:00:00+00:00,1,1
2026-03-24 03:01:00+00:00,0,1
2026-03-24 03:02:00+00:00,0,1
2026-03-24 03:05:00+00:00,0,1
2026-03-24 03:08:00+00:00,0,1
2026-03-24 03:10:00+00:00,0,1
2026-03-24 03:16:00+00:00,1,0
2026-03-24 03:19:00+00:00,1,1
2026-03-24 03:20:00+00:00,1,1
2026-03-24 03:21:00+00:00,1,1
2026-03-24 03:22:00+00:00,1,1
2026-03-24 03:25:00+00:00,1,1
2026-03-24 03:28:00+00:00,1,1
2026-03-24 03:30:00+00:00,0,1
2026-03-24 03:31:00+00:00,0,1
2026-03-24 03:32:00+00:00,0,1
2026-03-24 03:33:00+00:00,0,1
2026-03-24 03:36:00+00:00,0,1
2026-03-24 03:45:00+00:00,0,1
2026-03-24 03:47:00+00:00,0,1
2026-03-24 03:56:00+00:00,1,0
2026-03-24 04:01:00+00:00,1,0
2026-03-24 04:05:00+00:00,1,1
2026-03-24 04:17:00+00:00,0,1
2026-03-24 04:19:00+00:00,0,0
2026-03-24 04:21:00+00:00,0,0
2026-03-24 04:28:00+00:00,0,1
2026-03-24 04:31:00+00:00,0,1
2026-03-24 04:57:00+00:00,0,1
2026-03-24 05:05:00+00:00,1,0
2026-03-24 05:11:00+00:00,0,1
2026-03-24 05:12:00+00:00,0,1
2026-03-24 05:13:00+00:00,0,1
2026-03-24 05:18:00+00:00,0,1
2026-03-24 05:19:00+00:00,0,1
2026-03-24 05:30:00+00:00,1,1
2026-03-24 05:34:00+00:00,1,1
2026-03-24 05:35:00+00:00,1,1
2026-03-24 05:36:00+00:00,1,1
2026-03-24 05:40:00+00:00,0,0
2026-03-24 05:41:00+00:00,0,1
2026-03-24 05:42:00+00:00,0,1
2026-03-24 05:43:00+00:00,0,1
2026-03-24 05:44:00+00:00,0,1
2026-03-24 05:45:00+00:00,0,1
2026-03-24 05:46:00+00:00,0,1
2026-03-24 05:47:00+00:00,0,1
2026-03-24 05:50:00+00:00,0,1
2026-03-24 05:51:00+00:00,0,1
2026-03-24 05:54:00+00:00,1,1
2026-03-24 05:55:00+00:00,0,1
2026-03-24 05:56:00+00:00,1,1
2026-03-24 05:57:00+00:00,1,1
2026-03-24 06:00:00+00:00,1,1
2026-03-24 06:03:00+00:00,1,1
2026-03-24 06:05:00+00:00,1,1
2026-03-24 06:08:00+00:00,1,1
2026-03-24 06:10:00+00:00,0,1
2026-03-24 06:11:00+00:00,0,1
2026-03-24 06:12:00+00:00,1,1
2026-03-24 06:15:00+00:00,1,1
2026-03-24 06:16:00+00:00,1,1
2026-03-24 06:17:00+00:00,1,1
2026-03-24 06:20:00+00:00,1,1
2026-03-24 06:21:00+00:00,1,1
2026-03-24 06:22:00+00:00,0,1
2026-03-24 06:24:00+00:00,0,1
2026-03-24 06:25:00+00:00,0,1
2026-03-24 06:27:00+00:00,0,1
2026-03-24 06:28:00+00:00,0,1
2026-03-24 06:33:00+00:00,0,1
2026-03-24 06:36:00+00:00,1,1
2026-03-24 06:37:00+00:00,0,1
2026-03-24 06:38:00+00:00,0,1
2026-03-24 06:39:00+00:00,0,1
2026-03-24 06:40:00+00:00,0,1
2026-03-24 06:42:00+00:00,0,1
2026-03-24 06:44:00+00:00,1,1
2026-03-24 06:45:00+00:00,1,1
2026-03-24 06:46:00+00:00,1,1
2026-03-24 06:48:00+00:00,1,1
2026-03-24 06:51:00+00:00,1,1
2026-03-24 06:53:00+00:00,1,1
2026-03-24 06:54:00+00:00,1,1
2026-03-24 06:55:00+00:00,1,1
2026-03-24 06:56:00+00:00,1,1
2026-03-24 07:00:00+00:00,0,0
2026-03-24 07:01:00+00:00,0,0
2026-03-24 07:02:00+00:00,0,0
2026-03-24 07:03:00+00:00,0,0
2026-03-24 07:05:00+00:00,0,0
2026-03-24 07:09:00+00:00,0,0
2026-03-24 07:10:00+00:00,1,0
2026-03-24 07:23:00+00:00,0,0
2026-03-24 07:28:00+00:00,0,1
2026-03-24 07:30:00+00:00,1,1
2026-03-24 07:32:00+00:00,1,1
2026-03-24 07:33:00+00:00,0,1
2026-03-24 07:35:00+00:00,0,1
2026-03-24 07:39:00+00:00,0,1
2026-03-24 07:40:00+00:00,0,1
2026-03-24 07:41:00+00:00,0,1
2026-03-24 07:42:00+00:00,0,1
2026-03-24 07:43:00+00:00,0,1
2026-03-24 07:44:00+00:00,0,1
2026-03-24 07:45:00+00:00,0,1
2026-03-24 07:47:00+00:00,0,1
2026-03-24 07:48:00+00:00,0,1
2026-03-24 07:52:00+00:00,1,1
2026-03-24 07:54:00+00:00,1,1
2026-03-24 07:56:00+00:00,1,1
2026-03-24 08:00:00+00:00,0,1
2026-03-24 08:01:00+00:00,0,0
2026-03-24 08:02:00+00:00,1,1
2026-03-24 08:03:00+00:00,0,1
2026-03-24 08:05:00+00:00,1,1
2026-03-24 08:06:00+00:00,1,1
2026-03-24 08:07:00+00:00,1,1
2026-03-24 08:11:00+00:00,1,1
2026-03-24 08:18:00+00:00,0,1
2026-03-24 08:20:00+00:00,1,1
2026-03-24 08:23:00+00:00,0,1
2026-03-24 08:24:00+00:00,1,1
2026-03-24 08:25:00+00:00,1,1
2026-03-24 08:26:00+00:00,1,1
2026-03-24 08:30:00+00:00,0,1
2026-03-24 08:31:00+00:00,0,1
2026-03-24 08:35:00+00:00,0,0
2026-03-24 08:39:00+00:00,1,1
2026-03-24 08:40:00+00:00,0,0
2026-03-24 08:47:00+00:00,0,0
2026-03-24 08:50:00+00:00,0,1
2026-03-24 08:52:00+00:00,0,1
2026-03-24 08:54:00+00:00,0,1
2026-03-24 08:55:00+00:00,0,1
2026-03-24 09:07:00+00:00,0,1
2026-03-24 09:11:00+00:00,1,1
2026-03-24 09:16:00+00:00,1,1
2026-03-24 09:17:00+00:00,1,1
2026-03-24 09:18:00+00:00,1,1
2026-03-24 09:39:00+00:00,0,0
2026-03-24 09:56:00+00:00,0,0
2026-03-24 09:58:00+00:00,0,0
2026-03-24 09:59:00+00:00,0,1
2026-03-24 10:01:00+00:00,0,1
2026-03-24 10:02:00+00:00,0,0
2026-03-24 10:09:00+00:00,0,1
2026-03-24 10:21:00+00:00,0,0
2026-03-24 10:34:00+00:00,0,0
2026-03-24 10:37:00+00:00,0,0
2026-03-24 10:48:00+00:00,0,1
2026-03-24 10:53:00+00:00,0,1
2026-03-24 10:55:00+00:00,1,0
2026-03-24 10:57:00+00:00,1,1
2026-03-24 11:01:00+00:00,1,0
2026-03-24 11:02:00+00:00,1,1
2026-03-24 11:03:00+00:00,0,0
2026-03-24 11:04:00+00:00,1,0
2026-03-24 11:05:00+00:00,1,1
2026-03-24 11:06:00+00:00,0,0
2026-03-24 11:12:00+00:00,0,0
2026-03-24 11:16:00+00:00,0,0
2026-03-24 11:18:00+00:00,0,0
2026-03-24 11:19:00+00:00,0,0
2026-03-24 11:23:00+00:00,0,1
2026-03-24 11:25:00+00:00,0,0
2026-03-24 11:32:00+00:00,0,0
2026-03-24 11:33:00+00:00,1,1
2026-03-24 11:35:00+00:00,1,1
2026-03-24 11:37:00+00:00,1,1
2026-03-24 11:47:00+00:00,1,1
2026-03-24 11:51:00+00:00,1,1
2026-03-24 11:52:00+00:00,0,1
2026-03-24 11:53:00+00:00,0,1
2026-03-24 11:54:00+00:00,0,1
2026-03-24 11:58:00+00:00,0,1
2026-03-24 12:00:00+00:00,0,1
2026-03-24 12:01:00+00:00,0,1
2026-03-24 12:02:00+00:00,0,1
2026-03-24 12:04:00+00:00,0,1
2026-03-24 12:06:00+00:00,0,1
2026-03-24 12:12:00+00:00,0,1
2026-03-24 12:13:00+00:00,1,1
2026-03-24 12:15:00+00:00,1,1
2026-03-24 12:16:00+00:00,1,1
2026-03-24 12:20:00+00:00,1,1
2026-03-24 12:21:00+00:00,1,1
2026-03-24 12:22:00+00:00,1,1
2026-03-24 12:23:00+00:00,1,1
2026-03-24 12:24:00+00:00,1,1
2026-03-24 12:26:00+00:00,1,1
2026-03-24 12:30:00+00:00,1,1
2026-03-24 12:31:00+00:00,1,1
2026-03-24 12:32:00+00:00,1,1
2026-03-24 12:33:00+00:00,0,1
2026-03-24 12:34:00+00:00,1,1
2026-03-24 12:35:00+00:00,1,1
2026-03-24 12:36:00+00:00,1,1
2026-03-24 12:37:00+00:00,0,0
2026-03-24 12:39:00+00:00,1,1
2026-03-24 12:40:00+00:00,1,1
2026-03-24 12:43:00+00:00,0,1
2026-03-24 12:44:00+00:00,0,1
2026-03-24 12:45:00+00:00,0,1
2026-03-24 12:47:00+00:00,1,1
2026-03-24 12:48:00+00:00,0,1
2026-03-24 12:49:00+00:00,1,1
2026-03-24 12:51:00+00:00,0,1
2026-03-24 12:52:00+00:00,1,1
2026-03-24 12:53:00+00:00,1,1
2026-03-24 12:56:00+00:00,1,1
2026-03-24 13:00:00+00:00,0,1
2026-03-24 13:01:00+00:00,0,1
2026-03-24 13:02:00+00:00,1,1
2026-03-24 13:06:00+00:00,1,1
2026-03-24 13:08:00+00:00,0,1
2026-03-24 13:11:00+00:00,1,1
2026-03-24 13:13:00+00:00,1,1
2026-03-24 13:18:00+00:00,0,1
2026-03-24 13:24:00+00:00,0,1
2026-03-24 13:25:00+00:00,0,1
2026-03-24 13:29:00+00:00,1,1
2026-03-24 13:30:00+00:00,1,1
2026-03-24 13:31:00+00:00,0,1
2026-03-24 13:32:00+00:00,0,1
2026-03-24 13:35:00+00:00,1,1
2026-03-24 13:39:00+00:00,1,1
2026-03-24 13:42:00+00:00,1,1
2026-03-24 13:43:00+00:00,1,1
2026-03-24 13:47:00+00:00,0,1
2026-03-24 13:49:00+00:00,1,1
2026-03-24 13:51:00+00:00,1,1
2026-03-24 13:52:00+00:00,1,1
2026-03-24 13:53:00+00:00,0,1
2026-03-24 13:54:00+00:00,1,1
2026-03-24 13:55:00+00:00,1,1
2026-03-24 13:56:00+00:00,1,1
2026-03-24 13:59:00+00:00,1,1
2026-03-24 14:00:00+00:00,1,1
2026-03-24 14:02:00+00:00,1,1
2026-03-24 14:03:00+00:00,1,0
2026-03-24 14:05:00+00:00,1,1
2026-03-24 14:07:00+00:00,0,0
2026-03-24 14:09:00+00:00,0,0
2026-03-24 14:10:00+00:00,0,1
2026-03-24 14:11:00+00:00,0,0
2026-03-24 14:12:00+00:00,1,1
2026-03-24 14:14:00+00:00,1,1
2026-03-24 14:15:00+00:00,1,1
2026-03-24 14:17:00+00:00,1,1
2026-03-24 14:19:00+00:00,1,1
2026-03-24 14:24:00+00:00,1,0
2026-03-24 14:26:00+00:00,0,1
2026-03-24 14:27:00+00:00,0,0
2026-03-24 14:28:00+00:00,0,0
2026-03-24 14:33:00+00:00,0,1
2026-03-24 14:36:00+00:00,1,1
2026-03-24 14:38:00+00:00,0,1
2026-03-24 14:39:00+00:00,0,0
2026-03-24 14:40:00+00:00,0,1
2026-03-24 14:42:00+00:00,0,0
2026-03-24 14:43:00+00:00,0,0
2026-03-24 14:45:00+00:00,0,1
2026-03-24 14:46:00+00:00,0,1
2026-03-24 14:48:00+00:00,0,1
2026-03-24 14:49:00+00:00,1,1
2026-03-24 14:51:00+00:00,0,0
2026-03-24 14:52:00+00:00,0,1
2026-03-24 14:53:00+00:00,1,0
2026-03-24 14:54:00+00:00,1,0
2026-03-24 14:55:00+00:00,1,0
2026-03-24 14:57:00+00:00,1,1
2026-03-24 15:00:00+00:00,0,1
2026-03-24 15:09:00+00:00,1,0
2026-03-24 15:11:00+00:00,1,1
2026-03-24 15:14:00+00:00,0,1
2026-03-24 15:17:00+00:00,1,1
2026-03-24 15:22:00+00:00,1,0
2026-03-24 15:24:00+00:00,0,1
2026-03-24 15:25:00+00:00,0,1
2026-03-24 15:26:00+00:00,0,1
2026-03-24 15:33:00+00:00,1,1
2026-03-24 15:34:00+00:00,0,0
2026-03-24 15:36:00+00:00,0,1
2026-03-24 15:37:00+00:00,1,1
2026-03-24 15:40:00+00:00,1,0
2026-03-24 15:43:00+00:00,1,1
2026-03-24 15:48:00+00:00,1,1
2026-03-24 15:50:00+00:00,1,1
2026-03-24 15:55:00+00:00,0,1
2026-03-24 15:58:00+00:00,0,1
2026-03-24 16:00:00+00:00,1,1
2026-03-24 16:07:00+00:00,0,1
2026-03-24 16:14:00+00:00,0,0
2026-03-24 16:17:00+00:00,0,0
2026-03-24 16:19:00+00:00,0,0
2026-03-24 16:35:00+00:00,0,0
2026-03-24 16:42:00+00:00,0,0
2026-03-24 16:43:00+00:00,1,0
2026-03-24 16:46:00+00:00,1,1
2026-03-24 16:49:00+00:00,1,0
2026-03-24 16:53:00+00:00,1,1
2026-03-24 16:56:00+00:00,1,0
2026-03-24 16:57:00+00:00,1,1
2026-03-24 17:02:00+00:00,1,1
2026-03-24 17:03:00+00:00,1,1
2026-03-24 17:04:00+00:00,1,1
2026-03-24 17:05:00+00:00,0,1
2026-03-24 17:06:00+00:00,1,1
2026-03-24 17:08:00+00:00,0,1
2026-03-24 17:11:00+00:00,1,1
2026-03-24 17:12:00+00:00,0,1
2026-03-24 17:13:00+00:00,1,1
2026-03-24 17:24:00+00:00,1,1
2026-03-24 17:27:00+00:00,1,1
2026-03-24 17:29:00+00:00,1,0
2026-03-24 17:31:00+00:00,0,1
2026-03-24 17:32:00+00:00,0,0
2026-03-24 17:37:00+00:00,0,0
2026-03-24 17:42:00+00:00,1,1
2026-03-24 17:45:00+00:00,1,0
2026-03-24 17:46:00+00:00,1,0
2026-03-24 17:47:00+00:00,1,0
2026-03-24 17:51:00+00:00,1,0
2026-03-24 17:55:00+00:00,1,1
2026-03-24 17:56:00+00:00,1,1
2026-03-24 18:09:00+00:00,1,1
2026-03-24 18:11:00+00:00,1,0
2026-03-24 18:19:00+00:00,0,0
2026-03-24 18:23:00+00:00,0,0
2026-03-24 18:24:00+00:00,0,0
2026-03-24 18:30:00+00:00,0,0
2026-03-24 18:31:00+00:00,1,1
2026-03-24 18:35:00+00:00,1,0
2026-03-24 18:40:00+00:00,1,0
2026-03-24 18:41:00+00:00,1,1
2026-03-24 18:42:00+00:00,0,1
2026-03-24 18:43:00+00:00,0,1
2026-03-24 18:47:00+00:00,0,1
2026-03-24 18:51:00+00:00,0,0
2026-03-24 18:55:00+00:00,0,1
2026-03-24 18:58:00+00:00,1,0
2026-03-24 18:59:00+00:00,1,1
2026-03-24 19:00:00+00:00,0,1
2026-03-24 19:03:00+00:00,0,0
2026-03-24 19:09:00+00:00,0,1
2026-03-24 19:17:00+00:00,0,0
2026-03-24 19:35:00+00:00,0,0
2026-03-24 20:21:00+00:00,1,0
2026-03-24 20:22:00+00:00,1,1
2026-03-24 20:23:00+00:00,1,1
2026-03-24 20:24:00+00:00,0,0
2026-03-24 20:25:00+00:00,0,0
2026-03-24 20:26:00+00:00,1,0
2026-03-24 20:27:00+00:00,0,1
2026-03-24 20:28:00+00:00,1,0
2026-03-24 20:30:00+00:00,0,1
2026-03-24 20:31:00+00:00,1,0
2026-03-24 20:32:00+00:00,1,1
2026-03-24 20:35:00+00:00,1,1
2026-03-24 20:36:00+00:00,0,1
2026-03-24 20:38:00+00:00,0,1
2026-03-24 20:40:00+00:00,0,1
2026-03-24 20:41:00+00:00,1,1
2026-03-24 20:44:00+00:00,1,0
2026-03-24 20:49:00+00:00,0,1
2026-03-24 20:50:00+00:00,0,0
2026-03-24 20:52:00+00:00,1,0
2026-03-24 20:54:00+00:00,1,0
2026-03-24 20:55:00+00:00,1,0
2026-03-24 22:02:00+00:00,0,0
2026-03-24 22:05:00+00:00,1,0
2026-03-24 22:25:00+00:00,0,1
2026-03-24 22:28:00+00:00,0,1
2026-03-24 22:30:00+00:00,1,1
2026-03-24 22:32:00+00:00,1,1
2026-03-24 22:46:00+00:00,1,1
2026-03-24 22:59:00+00:00,0,0
2026-03-24 23:16:00+00:00,1,1
2026-03-24 23:17:00+00:00,1,1
2026-03-24 23:19:00+00:00,1,1
2026-03-24 23:22:00+00:00,1,1
2026-03-24 23:35:00+00:00,1,0
2026-03-24 23:36:00+00:00,1,0
2026-03-24 23:39:00+00:00,0,0
2026-03-24 23:40:00+00:00,0,0
2026-03-24 23:43:00+00:00,0,0
2026-03-24 23:45:00+00:00,1,1
2026-03-24 23:48:00+00:00,0,1
2026-03-24 23:49:00+00:00,0,1
2026-03-24 23:50:00+00:00,1,0
2026-03-24 23:51:00+00:00,1,1
2026-03-24 23:55:00+00:00,1,0
2026-03-24 23:57:00+00:00,0,0
2026-03-24 23:58:00+00:00,1,0
2026-03-25 00:00:00+00:00,1,1
2026-03-25 00:03:00+00:00,0,1
2026-03-25 00:04:00+00:00,0,1
2026-03-25 00:05:00+00:00,0,1
2026-03-25 00:09:00+00:00,1,1
2026-03-25 00:10:00+00:00,0,1
2026-03-25 00:15:00+00:00,1,0
2026-03-25 00:16:00+00:00,1,0
2026-03-25 00:26:00+00:00,1,0
2026-03-25 00:28:00+00:00,1,1
2026-03-25 00:34:00+00:00,0,1
2026-03-25 00:42:00+00:00,0,1
2026-03-25 00:45:00+00:00,0,0
2026-03-25 00:48:00+00:00,0,1
2026-03-25 01:01:00+00:00,1,0
2026-03-25 01:03:00+00:00,1,0
2026-03-25 01:04:00+00:00,1,1
2026-03-25 01:05:00+00:00,1,1
2026-03-25 01:06:00+00:00,1,1
2026-03-25 01:08:00+00:00,1,1
2026-03-25 01:13:00+00:00,1,1
2026-03-25 01:16:00+00:00,1,1
2026-03-25 01:18:00+00:00,1,0
2026-03-25 01:19:00+00:00,1,0
2026-03-25 01:23:00+00:00,1,0
2026-03-25 01:24:00+00:00,1,0
2026-03-25 01:42:00+00:00,0,0
2026-03-25 01:44:00+00:00,0,0
2026-03-25 01:45:00+00:00,0,0
2026-03-25 01:47:00+00:00,0,0
2026-03-25 01:56:00+00:00,1,0
2026-03-25 02:00:00+00:00,0,0
2026-03-25 02:02:00+00:00,0,0
2026-03-25 02:03:00+00:00,0,0
2026-03-25 02:08:00+00:00,0,0
2026-03-25 02:09:00+00:00,1,0
2026-03-25 02:12:00+00:00,1,0
2026-03-25 02:14:00+00:00,0,0
2026-03-25 02:30:00+00:00,0,0
2026-03-25 02:45:00+00:00,1,1
2026-03-25 02:49:00+00:00,1,0
2026-03-25 03:03:00+00:00,0,0
2026-03-25 03:14:00+00:00,0,0
2026-03-25 05:33:00+00:00,0,0
2026-03-25 05:50:00+00:00,1,0
2026-03-25 06:01:00+00:00,0,1
2026-03-25 06:03:00+00:00,0,1
2026-03-25 06:09:00+00:00,0,1
2026-03-25 06:10:00+00:00,0,1
2026-03-25 06:12:00+00:00,0,1
2026-03-25 06:13:00+00:00,1,0
2026-03-25 06:15:00+00:00,0,1
2026-03-25 06:17:00+00:00,0,1
2026-03-25 06:18:00+00:00,0,1
2026-03-25 07:14:00+00:00,1,0
2026-03-25 07:35:00+00:00,0,0
2026-03-25 07:36:00+00:00,1,0
2026-03-25 07:38:00+00:00,0,0
2026-03-25 07:40:00+00:00,0,0
2026-03-25 07:57:00+00:00,1,1
2026-03-25 08:02:00+00:00,1,1
2026-03-25 08:08:00+00:00,0,0
2026-03-25 08:10:00+00:00,0,0
2026-03-25 08:13:00+00:00,0,1
2026-03-25 08:15:00+00:00,0,0
2026-03-25 08:20:00+00:00,0,0
2026-03-25 08:36:00+00:00,0,0
2026-03-25 08:38:00+00:00,0,1
2026-03-25 08:40:00+00:00,0,0
2026-03-25 08:54:00+00:00,0,0
2026-03-25 09:02:00+00:00,1,0
2026-03-25 09:23:00+00:00,1,0
2026-03-25 09:37:00+00:00,1,0
2026-03-25 09:45:00+00:00,0,0
2026-03-25 09:46:00+00:00,0,1
2026-03-25 09:47:00+00:00,0,1
2026-03-25 09:50:00+00:00,0,0
2026-03-25 09:59:00+00:00,0,1
2026-03-25 10:00:00+00:00,0,0
2026-03-25 10:01:00+00:00,0,0
2026-03-25 11:22:00+00:00,0,0
2026-03-25 11:23:00+00:00,0,0
2026-03-25 11:30:00+00:00,0,0
2026-03-25 11:47:00+00:00,0,0
2026-03-25 11:50:00+00:00,0,0
2026-03-25 12:05:00+00:00,0,0
2026-03-25 12:06:00+00:00,1,0
2026-03-25 12:13:00+00:00,1,1
2026-03-25 12:15:00+00:00,1,1
2026-03-25 12:16:00+00:00,1,1
2026-03-25 12:20:00+00:00,1,1
2026-03-25 12:23:00+00:00,0,1
2026-03-25 12:24:00+00:00,0,1
2026-03-25 12:27:00+00:00,0,1
2026-03-25 12:28:00+00:00,0,1
2026-03-25 12:30:00+00:00,0,1
2026-03-25 12:31:00+00:00,1,1
2026-03-25 12:32:00+00:00,1,1
2026-03-25 12:33:00+00:00,1,0
2026-03-25 12:35:00+00:00,1,0
2026-03-25 12:36:00+00:00,0,1
2026-03-25 12:39:00+00:00,0,1
2026-03-25 12:40:00+00:00,0,1
2026-03-25 12:44:00+00:00,0,1
2026-03-25 12:45:00+00:00,1,0
2026-03-25 12:46:00+00:00,1,0
2026-03-25 12:54:00+00:00,1,0
2026-03-25 12:55:00+00:00,1,0
2026-03-25 12:59:00+00:00,1,1
2026-03-25 13:00:00+00:00,1,0
2026-03-25 13:03:00+00:00,0,1
2026-03-25 13:04:00+00:00,0,0
2026-03-25 13:05:00+00:00,0,1
2026-03-25 13:07:00+00:00,0,1
2026-03-25 13:12:00+00:00,0,1
2026-03-25 13:17:00+00:00,0,1
2026-03-25 13:18:00+00:00,0,1
2026-03-25 13:21:00+00:00,0,1
2026-03-25 13:23:00+00:00,0,1
2026-03-25 13:27:00+00:00,0,1
2026-03-25 13:29:00+00:00,1,1
2026-03-25 13:33:00+00:00,1,1
2026-03-25 13:34:00+00:00,1,1
2026-03-25 13:35:00+00:00,1,1
2026-03-25 13:37:00+00:00,0,1
2026-03-25 13:38:00+00:00,1,1
2026-03-25 13:39:00+00:00,0,1
2026-03-25 13:40:00+00:00,1,1
2026-03-25 13:42:00+00:00,1,1
2026-03-25 13:43:00+00:00,1,1
2026-03-25 13:45:00+00:00,1,1
2026-03-25 13:50:00+00:00,0,0
2026-03-25 13:53:00+00:00,0,1
2026-03-25 13:56:00+00:00,0,1
2026-03-25 13:59:00+00:00,0,1
2026-03-25 14:00:00+00:00,1,1
2026-03-25 14:01:00+00:00,1,1
2026-03-25 14:02:00+00:00,0,1
2026-03-25 14:03:00+00:00,1,1
2026-03-25 14:05:00+00:00,1,1
2026-03-25 14:07:00+00:00,1,1
2026-03-25 14:09:00+00:00,1,1
2026-03-25 14:15:00+00:00,0,1
2026-03-25 14:16:00+00:00,0,1
2026-03-25 14:19:00+00:00,0,1
2026-03-25 14:23:00+00:00,1,0
2026-03-25 14:24:00+00:00,1,1
2026-03-25 14:25:00+00:00,1,1
2026-03-25 14:27:00+00:00,0,1
2026-03-25 14:29:00+00:00,0,0
2026-03-25 14:32:00+00:00,0,0
2026-03-25 14:45:00+00:00,1,0
2026-03-25 14:48:00+00:00,1,0
2026-03-25 14:50:00+00:00,1,0
2026-03-25 14:51:00+00:00,1,0
2026-03-25 14:54:00+00:00,1,0
2026-03-25 15:03:00+00:00,1,0
2026-03-25 15:05:00+00:00,1,1
2026-03-25 15:09:00+00:00,0,0
2026-03-25 15:10:00+00:00,0,0
2026-03-25 15:14:00+00:00,0,0
2026-03-25 15:16:00+00:00,0,1
2026-03-25 15:17:00+00:00,1,1
2026-03-25 15:18:00+00:00,1,1
2026-03-25 15:19:00+00:00,0,1
2026-03-25 15:21:00+00:00,0,1
2026-03-25 15:22:00+00:00,0,1
2026-03-25 15:29:00+00:00,0,0
2026-03-25 15:30:00+00:00,0,0
2026-03-25 16:24:00+00:00,0,0
2026-03-25 16:25:00+00:00,0,0
2026-03-25 16:52:00+00:00,0,0
2026-03-25 17:02:00+00:00,0,0
2026-03-25 17:05:00+00:00,0,0
2026-03-25 17:07:00+00:00,0,0
2026-03-25 17:12:00+00:00,0,0
2026-03-25 17:16:00+00:00,1,0
2026-03-25 17:18:00+00:00,1,0
2026-03-25 17:21:00+00:00,0,0
2026-03-25 17:26:00+00:00,0,0
2026-03-25 17:29:00+00:00,0,1
2026-03-25 17:33:00+00:00,0,0
2026-03-25 17:34:00+00:00,0,0
2026-03-25 17:52:00+00:00,0,0
2026-03-25 17:54:00+00:00,1,0
2026-03-25 18:00:00+00:00,0,0
2026-03-25 18:02:00+00:00,0,0
2026-03-25 18:03:00+00:00,0,1
2026-03-25 18:04:00+00:00,0,0
2026-03-25 18:05:00+00:00,0,0
2026-03-25 18:09:00+00:00,0,1
2026-03-25 18:21:00+00:00,1,0
2026-03-25 18:49:00+00:00,1,0
2026-03-25 18:50:00+00:00,1,0
2026-03-25 18:55:00+00:00,1,0
2026-03-25 18:56:00+00:00,1,0
2026-03-25 19:08:00+00:00,0,0
2026-03-25 19:09:00+00:00,0,0
2026-03-25 19:10:00+00:00,0,0
2026-03-25 19:11:00+00:00,1,0
2026-03-25 19:12:00+00:00,1,0
2026-03-25 19:13:00+00:00,1,0
2026-03-25 19:15:00+00:00,0,0
2026-03-25 19:17:00+00:00,1,0
2026-03-25 19:19:00+00:00,1,0
2026-03-25 19:21:00+00:00,1,0
2026-03-25 19:23:00+00:00,1,0
2026-03-25 19:30:00+00:00,0,0
2026-03-25 19:37:00+00:00,1,0
2026-03-25 19:40:00+00:00,1,1
2026-03-25 19:42:00+00:00,0,0
2026-03-25 19:49:00+00:00,1,1
2026-03-25 19:50:00+00:00,1,1
2026-03-25 19:51:00+00:00,1,1
2026-03-25 19:56:00+00:00,0,1
2026-03-25 19:57:00+00:00,0,1
2026-03-25 20:00:00+00:00,1,1
2026-03-25 20:01:00+00:00,1,1
2026-03-25 20:03:00+00:00,1,1
2026-03-25 20:09:00+00:00,1,1
2026-03-25 20:37:00+00:00,0,1
2026-03-25 20:38:00+00:00,1,0
2026-03-25 20:40:00+00:00,1,1
2026-03-25 20:41:00+00:00,1,1
2026-03-25 22:05:00+00:00,1,1
2026-03-25 22:07:00+00:00,0,1
2026-03-25 22:34:00+00:00,0,0
2026-03-25 23:02:00+00:00,0,0
2026-03-25 23:06:00+00:00,1,1
2026-03-25 23:37:00+00:00,1,1
2026-03-26 00:00:00+00:00,1,1
2026-03-26 00:05:00+00:00,1,0
2026-03-26 00:13:00+00:00,0,1
2026-03-26 01:00:00+00:00,0,1
2026-03-26 01:02:00+00:00,0,1
2026-03-26 01:15:00+00:00,0,0
2026-03-26 01:18:00+00:00,0,1
2026-03-26 01:21:00+00:00,0,0
2026-03-26 01:24:00+00:00,0,1
2026-03-26 01:56:00+00:00,1,0
2026-03-26 02:35:00+00:00,0,0
2026-03-26 02:37:00+00:00,0,0
2026-03-26 02:56:00+00:00,0,0
2026-03-26 03:02:00+00:00,0,1
2026-03-26 05:26:00+00:00,1,0
2026-03-26 05:30:00+00:00,1,0
2026-03-26 05:33:00+00:00,1,0
2026-03-26 05:35:00+00:00,1,1
2026-03-26 05:36:00+00:00,1,0
2026-03-26 05:41:00+00:00,1,0
2026-03-26 05:44:00+00:00,1,1
2026-03-26 05:45:00+00:00,1,1
2026-03-26 05:46:00+00:00,1,1
2026-03-26 05:48:00+00:00,1,1
2026-03-26 05:49:00+00:00,1,1
2026-03-26 05:51:00+00:00,1,1
2026-03-26 05:53:00+00:00,1,1
2026-03-26 05:56:00+00:00,1,1
2026-03-26 05:57:00+00:00,1,1
2026-03-26 05:58:00+00:00,1,1
2026-03-26 05:59:00+00:00,0,0
2026-03-26 06:00:00+00:00,1,1
2026-03-26 06:01:00+00:00,0,0
2026-03-26 06:02:00+00:00,0,0
2026-03-26 06:03:00+00:00,0,1
2026-03-26 06:05:00+00:00,0,1
2026-03-26 06:06:00+00:00,0,1
2026-03-26 06:07:00+00:00,0,0
2026-03-26 06:10:00+00:00,0,1
2026-03-26 06:11:00+00:00,0,1
2026-03-26 06:14:00+00:00,1,1
2026-03-26 06:15:00+00:00,1,1
2026-03-26 06:16:00+00:00,1,0
2026-03-26 06:17:00+00:00,1,1
2026-03-26 06:20:00+00:00,1,1
2026-03-26 06:21:00+00:00,1,1
2026-03-26 06:27:00+00:00,1,1
2026-03-26 06:29:00+00:00,1,1
2026-03-26 06:35:00+00:00,0,1
2026-03-26 06:36:00+00:00,1,1
2026-03-26 06:37:00+00:00,1,1
2026-03-26 06:38:00+00:00,1,1
2026-03-26 06:39:00+00:00,0,1
2026-03-26 06:44:00+00:00,0,1
2026-03-26 06:49:00+00:00,0,1
2026-03-26 06:58:00+00:00,0,1
2026-03-26 07:01:00+00:00,0,1
2026-03-26 07:04:00+00:00,0,1
2026-03-26 07:05:00+00:00,0,1
2026-03-26 07:06:00+00:00,0,0
2026-03-26 07:09:00+00:00,0,1
2026-03-26 07:10:00+00:00,0,1
2026-03-26 07:20:00+00:00,1,1
2026-03-26 07:21:00+00:00,0,1
2026-03-26 07:23:00+00:00,0,1
2026-03-26 07:30:00+00:00,0,1
2026-03-26 07:31:00+00:00,0,1
2026-03-26 07:32:00+00:00,0,1
2026-03-26 07:33:00+00:00,1,1
2026-03-26 07:40:00+00:00,1,0
2026-03-26 07:44:00+00:00,1,0
2026-03-26 07:57:00+00:00,1,1
2026-03-26 08:02:00+00:00,1,1
2026-03-26 08:06:00+00:00,1,1
2026-03-26 08:13:00+00:00,1,1
2026-03-26 08:16:00+00:00,0,1
2026-03-26 08:17:00+00:00,1,1
2026-03-26 08:18:00+00:00,1,1
2026-03-26 08:24:00+00:00,0,1
2026-03-26 08:26:00+00:00,1,1
2026-03-26 08:29:00+00:00,0,1
2026-03-26 08:31:00+00:00,1,0
2026-03-26 08:34:00+00:00,1,1
2026-03-26 08:35:00+00:00,1,1
2026-03-26 08:38:00+00:00,0,1
2026-03-26 08:39:00+00:00,1,1
2026-03-26 08:41:00+00:00,0,1
2026-03-26 08:42:00+00:00,1,1
2026-03-26 08:44:00+00:00,1,1
2026-03-26 08:45:00+00:00,0,1
2026-03-26 08:50:00+00:00,0,1
2026-03-26 08:52:00+00:00,0,1
2026-03-26 08:53:00+00:00,0,1
2026-03-26 08:54:00+00:00,1,1
2026-03-26 08:56:00+00:00,1,1
2026-03-26 08:58:00+00:00,0,1
2026-03-26 09:03:00+00:00,0,1
2026-03-26 09:05:00+00:00,0,1
2026-03-26 09:07:00+00:00,0,1
2026-03-26 09:22:00+00:00,1,0
2026-03-26 09:23:00+00:00,0,1
2026-03-26 09:25:00+00:00,0,1
2026-03-26 09:30:00+00:00,0,0
2026-03-26 09:38:00+00:00,0,0
2026-03-26 09:39:00+00:00,0,0
2026-03-26 09:50:00+00:00,1,1
2026-03-26 09:51:00+00:00,1,0
2026-03-26 09:52:00+00:00,1,1
2026-03-26 09:59:00+00:00,1,1
2026-03-26 10:03:00+00:00,1,1
2026-03-26 10:05:00+00:00,1,1
2026-03-26 10:06:00+00:00,1,1
2026-03-26 10:09:00+00:00,1,1
2026-03-26 10:15:00+00:00,0,1
2026-03-26 10:21:00+00:00,0,0
2026-03-26 10:22:00+00:00,0,0
2026-03-26 10:26:00+00:00,1,0
2026-03-26 10:29:00+00:00,0,0
2026-03-26 10:35:00+00:00,0,0
2026-03-26 10:37:00+00:00,0,0
2026-03-26 10:39:00+00:00,1,0
2026-03-26 10:40:00+00:00,0,0
2026-03-26 10:42:00+00:00,1,0
2026-03-26 10:47:00+00:00,1,0
2026-03-26 10:48:00+00:00,0,0
2026-03-26 10:50:00+00:00,0,0
2026-03-26 10:52:00+00:00,0,0
2026-03-26 10:56:00+00:00,0,0
2026-03-26 11:00:00+00:00,0,0
2026-03-26 11:01:00+00:00,0,0
2026-03-26 11:20:00+00:00,1,1
2026-03-26 11:21:00+00:00,1,1
2026-03-26 11:44:00+00:00,1,0
2026-03-26 11:46:00+00:00,1,0
2026-03-26 11:49:00+00:00,0,1
2026-03-26 11:50:00+00:00,1,1
2026-03-26 11:51:00+00:00,1,1
2026-03-26 11:57:00+00:00,1,1
2026-03-26 12:07:00+00:00,0,1
2026-03-26 12:08:00+00:00,0,1
2026-03-26 12:09:00+00:00,0,1
2026-03-26 12:15:00+00:00,1,0
2026-03-26 12:16:00+00:00,1,0
2026-03-26 12:18:00+00:00,0,1
2026-03-26 12:31:00+00:00,1,0
2026-03-26 12:33:00+00:00,0,1
2026-03-26 12:36:00+00:00,0,1
2026-03-26 12:37:00+00:00,1,1
2026-03-26 12:40:00+00:00,0,1
2026-03-26 12:44:00+00:00,0,0
2026-03-26 12:45:00+00:00,0,1
2026-03-26 12:56:00+00:00,1,1
2026-03-26 13:00:00+00:00,1,1
2026-03-26 13:01:00+00:00,1,1
2026-03-26 13:04:00+00:00,1,1
2026-03-26 13:08:00+00:00,1,1
2026-03-26 13:12:00+00:00,1,1
2026-03-26 13:14:00+00:00,1,1
2026-03-26 13:23:00+00:00,0,0
2026-03-26 13:27:00+00:00,0,0
2026-03-26 13:31:00+00:00,0,1
2026-03-26 13:32:00+00:00,0,1
2026-03-26 13:33:00+00:00,1,1
2026-03-26 13:34:00+00:00,0,1
2026-03-26 13:35:00+00:00,1,1
2026-03-26 13:37:00+00:00,0,1
2026-03-26 13:39:00+00:00,1,1
2026-03-26 13:40:00+00:00,1,1
2026-03-26 13:41:00+00:00,1,1
2026-03-26 13:42:00+00:00,1,1
2026-03-26 13:43:00+00:00,1,1
2026-03-26 13:44:00+00:00,0,1
2026-03-26 13:45:00+00:00,0,1
2026-03-26 13:49:00+00:00,0,1
2026-03-26 13:51:00+00:00,0,0
2026-03-26 13:57:00+00:00,0,1
2026-03-26 13:58:00+00:00,1,1
2026-03-26 13:59:00+00:00,0,1
2026-03-26 14:08:00+00:00,1,1
2026-03-26 14:09:00+00:00,1,1
2026-03-26 14:11:00+00:00,1,1
2026-03-26 14:12:00+00:00,1,1
2026-03-26 14:15:00+00:00,0,1
2026-03-26 14:22:00+00:00,1,0
2026-03-26 14:29:00+00:00,0,1
2026-03-26 14:33:00+00:00,0,0
2026-03-26 14:34:00+00:00,1,1
2026-03-26 14:35:00+00:00,1,1
2026-03-26 14:36:00+00:00,1,0
2026-03-26 14:37:00+00:00,0,1
2026-03-26 14:42:00+00:00,0,1
2026-03-26 14:45:00+00:00,1,1
2026-03-26 14:46:00+00:00,1,1
2026-03-26 14:48:00+00:00,1,1
2026-03-26 14:52:00+00:00,1,1
2026-03-26 14:53:00+00:00,0,1
2026-03-26 14:54:00+00:00,0,1
2026-03-26 14:55:00+00:00,0,1
2026-03-26 14:56:00+00:00,1,1
2026-03-26 15:01:00+00:00,1,1
2026-03-26 15:07:00+00:00,0,1
2026-03-26 15:10:00+00:00,1,1
2026-03-26 15:16:00+00:00,1,1
2026-03-26 15:22:00+00:00,1,1
2026-03-26 15:28:00+00:00,1,0
2026-03-26 15:30:00+00:00,1,0
2026-03-26 15:31:00+00:00,0,1
2026-03-26 15:33:00+00:00,0,0
2026-03-26 15:38:00+00:00,1,0
2026-03-26 15:41:00+00:00,1,0
2026-03-26 15:42:00+00:00,1,0
2026-03-26 15:56:00+00:00,1,0
2026-03-26 16:01:00+00:00,0,0
2026-03-26 16:02:00+00:00,0,0
2026-03-26 16:03:00+00:00,1,1
2026-03-26 16:06:00+00:00,1,0
2026-03-26 16:15:00+00:00,1,0
2026-03-26 16:16:00+00:00,1,0
2026-03-26 16:20:00+00:00,1,1
2026-03-26 16:21:00+00:00,1,1
2026-03-26 16:22:00+00:00,0,1
2026-03-26 16:23:00+00:00,1,1
2026-03-26 16:25:00+00:00,1,1
2026-03-26 16:28:00+00:00,1,1
2026-03-26 16:29:00+00:00,1,1
2026-03-26 16:30:00+00:00,0,1
2026-03-26 16:31:00+00:00,0,1
2026-03-26 16:32:00+00:00,0,1
2026-03-26 16:34:00+00:00,1,1
2026-03-26 16:37:00+00:00,1,1
2026-03-26 16:38:00+00:00,1,1
2026-03-26 16:39:00+00:00,1,0
2026-03-26 16:40:00+00:00,1,1
2026-03-26 16:43:00+00:00,1,1
2026-03-26 16:44:00+00:00,1,1
2026-03-26 16:47:00+00:00,0,1
2026-03-26 16:50:00+00:00,1,1
2026-03-26 16:51:00+00:00,0,1
2026-03-26 17:00:00+00:00,0,1
2026-03-26 17:01:00+00:00,0,1
2026-03-26 17:02:00+00:00,0,1
2026-03-26 17:05:00+00:00,0,0
2026-03-26 17:06:00+00:00,1,0
2026-03-26 17:08:00+00:00,0,1
2026-03-26 17:18:00+00:00,0,1
2026-03-26 17:19:00+00:00,0,1
2026-03-26 17:20:00+00:00,0,1
2026-03-26 17:22:00+00:00,0,1
2026-03-26 17:25:00+00:00,0,1
2026-03-26 17:31:00+00:00,0,1
2026-03-26 17:34:00+00:00,0,1
2026-03-26 17:38:00+00:00,1,1
2026-03-26 17:39:00+00:00,1,0
2026-03-26 17:40:00+00:00,0,1
2026-03-26 17:52:00+00:00,0,1
2026-03-26 17:55:00+00:00,0,0
2026-03-26 17:57:00+00:00,0,0
2026-03-26 18:03:00+00:00,0,0
2026-03-26 18:05:00+00:00,0,1
2026-03-26 18:08:00+00:00,0,0
2026-03-26 18:12:00+00:00,0,1
2026-03-26 18:15:00+00:00,0,1
2026-03-26 18:20:00+00:00,1,1
2026-03-26 18:21:00+00:00,1,1
2026-03-26 18:30:00+00:00,0,1
2026-03-26 18:34:00+00:00,0,1
2026-03-26 18:35:00+00:00,0,1
2026-03-26 18:40:00+00:00,0,0
2026-03-26 18:47:00+00:00,1,0
2026-03-26 19:02:00+00:00,0,0
2026-03-26 19:25:00+00:00,1,0
2026-03-26 19:31:00+00:00,0,0
2026-03-26 19:35:00+00:00,0,0
2026-03-26 19:50:00+00:00,0,0
2026-03-26 19:54:00+00:00,0,0
2026-03-26 20:00:00+00:00,1,1
2026-03-26 20:01:00+00:00,0,1
2026-03-26 20:03:00+00:00,1,1
2026-03-26 20:04:00+00:00,1,1
2026-03-26 20:11:00+00:00,1,0
2026-03-26 20:12:00+00:00,0,0
2026-03-26 20:13:00+00:00,0,0
2026-03-26 20:14:00+00:00,0,0
2026-03-26 20:15:00+00:00,0,1
2026-03-26 20:17:00+00:00,0,0
2026-03-26 20:18:00+00:00,0,1
2026-03-26 20:19:00+00:00,0,1
2026-03-26 20:21:00+00:00,0,1
2026-03-26 20:22:00+00:00,1,0
2026-03-26 20:24:00+00:00,0,1
2026-03-26 20:32:00+00:00,0,1
2026-03-26 20:33:00+00:00,0,1
2026-03-26 20:39:00+00:00,1,1
2026-03-26 20:41:00+00:00,1,1
2026-03-26 20:42:00+00:00,1,1
2026-03-26 20:50:00+00:00,0,0
2026-03-26 20:51:00+00:00,1,1
2026-03-26 20:53:00+00:00,1,0
2026-03-26 20:56:00+00:00,1,0
2026-03-26 22:02:00+00:00,1,1
2026-03-26 22:05:00+00:00,1,0
2026-03-26 22:06:00+00:00,1,1
2026-03-27 00:22:00+00:00,0,1
2026-03-27 01:00:00+00:00,1,1
2026-03-27 01:01:00+00:00,1,1
2026-03-27 01:03:00+00:00,1,1
2026-03-27 01:05:00+00:00,1,0
2026-03-27 01:31:00+00:00,1,0
2026-03-27 02:00:00+00:00,0,0
2026-03-27 02:01:00+00:00,0,0
2026-03-27 02:11:00+00:00,0,0
2026-03-27 02:30:00+00:00,0,0
2026-03-27 02:48:00+00:00,0,0
2026-03-27 03:29:00+00:00,0,0
2026-03-27 03:40:00+00:00,0,1
2026-03-27 05:30:00+00:00,1,1
2026-03-27 05:31:00+00:00,1,0
2026-03-27 05:34:00+00:00,0,1
2026-03-27 05:35:00+00:00,0,1
2026-03-27 05:38:00+00:00,1,1
2026-03-27 05:41:00+00:00,0,1
2026-03-27 05:44:00+00:00,0,1
2026-03-27 05:57:00+00:00,0,0
2026-03-27 06:00:00+00:00,0,0
2026-03-27 06:05:00+00:00,1,0
2026-03-27 06:09:00+00:00,0,0
2026-03-27 06:10:00+00:00,0,0
2026-03-27 06:14:00+00:00,0,1
2026-03-27 06:15:00+00:00,0,1
2026-03-27 06:20:00+00:00,0,1
2026-03-27 08:17:00+00:00,0,0
2026-03-27 08:24:00+00:00,0,0
2026-03-27 09:00:00+00:00,0,0
2026-03-27 09:12:00+00:00,0,0
2026-03-27 10:41:00+00:00,0,0
2026-03-27 10:42:00+00:00,0,0
2026-03-27 10:45:00+00:00,0,0
2026-03-27 11:07:00+00:00,1,1
2026-03-27 11:08:00+00:00,0,1
2026-03-27 11:10:00+00:00,0,0
2026-03-27 12:01:00+00:00,0,0
2026-03-27 12:11:00+00:00,1,0
2026-03-27 12:16:00+00:00,0,1
2026-03-27 12:19:00+00:00,0,0
2026-03-27 12:20:00+00:00,1,0
2026-03-27 12:25:00+00:00,0,1
2026-03-27 12:54:00+00:00,1,0
2026-03-27 13:00:00+00:00,1,0
2026-03-27 13:01:00+00:00,1,1
2026-03-27 13:06:00+00:00,0,0
2026-03-27 13:09:00+00:00,0,0
2026-03-27 13:11:00+00:00,0,0
2026-03-27 13:15:00+00:00,1,0
2026-03-27 13:21:00+00:00,0,0
2026-03-27 13:22:00+00:00,0,0
2026-03-27 13:23:00+00:00,0,1
2026-03-27 13:26:00+00:00,0,1
2026-03-27 13:31:00+00:00,1,0
2026-03-27 13:37:00+00:00,1,0
2026-03-27 13:38:00+00:00,1,0
2026-03-27 13:44:00+00:00,1,1
2026-03-27 13:45:00+00:00,0,0
2026-03-27 13:46:00+00:00,0,0
2026-03-27 13:49:00+00:00,0,1
2026-03-27 13:50:00+00:00,1,1
2026-03-27 13:59:00+00:00,1,1
2026-03-27 14:00:00+00:00,1,1
2026-03-27 14:02:00+00:00,1,0
2026-03-27 14:03:00+00:00,0,0
2026-03-27 14:06:00+00:00,1,1
2026-03-27 14:07:00+00:00,0,1
2026-03-27 14:08:00+00:00,1,1
2026-03-27 14:09:00+00:00,1,1
2026-03-27 14:11:00+00:00,1,1
2026-03-27 14:12:00+00:00,1,1
2026-03-27 14:13:00+00:00,1,1
2026-03-27 14:14:00+00:00,1,1
2026-03-27 14:16:00+00:00,0,1
2026-03-27 14:21:00+00:00,1,1
2026-03-27 14:24:00+00:00,0,1
2026-03-27 14:26:00+00:00,1,1
2026-03-27 14:31:00+00:00,1,0
2026-03-27 14:34:00+00:00,1,0
2026-03-27 14:35:00+00:00,1,1
2026-03-27 14:37:00+00:00,1,1
2026-03-27 14:42:00+00:00,1,1
2026-03-27 14:44:00+00:00,1,0
2026-03-27 14:47:00+00:00,1,1
2026-03-27 14:48:00+00:00,1,1
2026-03-27 14:50:00+00:00,1,1
2026-03-27 14:51:00+00:00,1,0
2026-03-27 14:52:00+00:00,0,0
2026-03-27 14:53:00+00:00,1,0
2026-03-27 14:54:00+00:00,1,1
2026-03-27 14:55:00+00:00,1,1
2026-03-27 14:56:00+00:00,1,1
2026-03-27 14:58:00+00:00,0,0
2026-03-27 15:03:00+00:00,1,0
2026-03-27 15:06:00+00:00,1,0
2026-03-27 15:07:00+00:00,1,1
2026-03-27 15:08:00+00:00,1,0
2026-03-27 15:12:00+00:00,1,1
2026-03-27 15:13:00+00:00,1,1
2026-03-27 15:14:00+00:00,1,1
2026-03-27 15:17:00+00:00,1,1
2026-03-27 15:18:00+00:00,0,1
2026-03-27 15:19:00+00:00,0,0
2026-03-27 15:20:00+00:00,0,0
2026-03-27 15:21:00+00:00,1,1
2026-03-27 15:23:00+00:00,1,1
2026-03-27 15:24:00+00:00,1,0
2026-03-27 15:26:00+00:00,1,0
2026-03-27 15:29:00+00:00,1,1
2026-03-27 15:31:00+00:00,1,1
2026-03-27 15:32:00+00:00,1,1
2026-03-27 15:35:00+00:00,0,1
2026-03-27 15:36:00+00:00,1,1
2026-03-27 15:43:00+00:00,0,1
2026-03-27 15:46:00+00:00,0,1
2026-03-27 15:49:00+00:00,1,1
2026-03-27 15:55:00+00:00,0,1
2026-03-27 16:02:00+00:00,1,0
2026-03-27 16:04:00+00:00,1,0
2026-03-27 16:11:00+00:00,1,0
2026-03-27 16:18:00+00:00,1,0
2026-03-27 16:30:00+00:00,1,0
2026-03-27 16:32:00+00:00,0,0
2026-03-27 16:35:00+00:00,0,0
2026-03-27 16:46:00+00:00,1,0
2026-03-27 16:48:00+00:00,1,0
2026-03-27 16:50:00+00:00,1,1
2026-03-27 16:51:00+00:00,1,0
2026-03-27 16:59:00+00:00,1,0
2026-03-27 17:00:00+00:00,1,0
2026-03-27 17:01:00+00:00,0,1
2026-03-27 17:06:00+00:00,1,1
2026-03-27 17:07:00+00:00,1,1
2026-03-27 17:15:00+00:00,0,1
2026-03-27 17:22:00+00:00,0,1
2026-03-27 17:25:00+00:00,0,1
2026-03-27 17:29:00+00:00,0,1
2026-03-27 17:30:00+00:00,0,1
2026-03-27 17:32:00+00:00,0,1
2026-03-27 17:36:00+00:00,0,1
2026-03-27 17:40:00+00:00,1,0
2026-03-27 17:47:00+00:00,1,0
2026-03-27 18:01:00+00:00,1,1
2026-03-27 18:15:00+00:00,1,1
2026-03-27 18:21:00+00:00,1,1
2026-03-27 18:36:00+00:00,0,0
2026-03-27 18:37:00+00:00,0,0
2026-03-27 18:38:00+00:00,0,1
2026-03-27 19:12:00+00:00,0,0
2026-03-27 19:40:00+00:00,0,0
2026-03-27 19:49:00+00:00,0,0
2026-03-27 19:53:00+00:00,0,0
2026-03-27 19:55:00+00:00,0,0
2026-03-27 19:57:00+00:00,0,0
2026-03-29 22:01:00+00:00,0,0
2026-03-29 22:02:00+00:00,0,1
2026-03-29 22:04:00+00:00,1,1
2026-03-29 22:05:00+00:00,1,1
2026-03-29 22:07:00+00:00,0,1
2026-03-29 22:08:00+00:00,1,1
2026-03-29 22:11:00+00:00,1,1
2026-03-29 22:12:00+00:00,1,1
2026-03-29 22:14:00+00:00,0,1
2026-03-29 22:15:00+00:00,0,1
2026-03-29 22:16:00+00:00,0,1
2026-03-29 22:17:00+00:00,0,1
2026-03-29 22:19:00+00:00,1,1
2026-03-29 22:31:00+00:00,1,1
2026-03-29 22:44:00+00:00,1,0
2026-03-29 23:00:00+00:00,1,0
2026-03-29 23:08:00+00:00,1,1
2026-03-29 23:10:00+00:00,1,1
2026-03-29 23:32:00+00:00,1,1
2026-03-29 23:35:00+00:00,1,1
2026-03-29 23:37:00+00:00,0,1
2026-03-29 23:49:00+00:00,0,1
2026-03-29 23:52:00+00:00,0,1
2026-03-30 00:00:00+00:00,0,1
2026-03-30 00:03:00+00:00,0,1
2026-03-30 00:04:00+00:00,0,1
2026-03-30 00:08:00+00:00,0,1
2026-03-30 00:12:00+00:00,1,1
2026-03-30 00:13:00+00:00,1,1
2026-03-30 00:17:00+00:00,1,0
2026-03-30 00:18:00+00:00,1,1
2026-03-30 00:19:00+00:00,0,1
2026-03-30 00:20:00+00:00,0,1
2026-03-30 00:21:00+00:00,1,1
2026-03-30 00:24:00+00:00,1,1
2026-03-30 00:26:00+00:00,1,0
2026-03-30 00:27:00+00:00,1,1
2026-03-30 00:28:00+00:00,1,1
2026-03-30 00:29:00+00:00,0,1
2026-03-30 00:32:00+00:00,1,1
2026-03-30 00:34:00+00:00,1,1
2026-03-30 00:35:00+00:00,0,1
2026-03-30 00:37:00+00:00,0,1
2026-03-30 00:38:00+00:00,0,0
2026-03-30 00:39:00+00:00,0,1
2026-03-30 00:40:00+00:00,1,1
2026-03-30 00:48:00+00:00,0,0
2026-03-30 00:50:00+00:00,1,1
2026-03-30 00:54:00+00:00,1,1
2026-03-30 01:00:00+00:00,1,1
2026-03-30 01:05:00+00:00,1,1
2026-03-30 01:06:00+00:00,1,0
2026-03-30 01:09:00+00:00,0,1
2026-03-30 01:12:00+00:00,0,0
2026-03-30 01:14:00+00:00,0,0
2026-03-30 01:15:00+00:00,1,1
2026-03-30 01:17:00+00:00,0,1
2026-03-30 01:20:00+00:00,0,1
2026-03-30 01:21:00+00:00,0,1
2026-03-30 01:24:00+00:00,1,1
2026-03-30 01:28:00+00:00,1,1
2026-03-30 01:31:00+00:00,1,1
2026-03-30 01:33:00+00:00,0,1
2026-03-30 01:34:00+00:00,0,0
2026-03-30 01:35:00+00:00,0,0
2026-03-30 01:39:00+00:00,0,1
2026-03-30 01:40:00+00:00,0,1
2026-03-30 01:41:00+00:00,0,1
2026-03-30 01:43:00+00:00,0,1
2026-03-30 01:50:00+00:00,0,0
2026-03-30 01:51:00+00:00,0,1
2026-03-30 02:00:00+00:00,0,0
2026-03-30 02:07:00+00:00,0,0
2026-03-30 02:32:00+00:00,0,0
2026-03-30 02:33:00+00:00,1,1
2026-03-30 02:34:00+00:00,1,1
2026-03-30 02:39:00+00:00,1,1
2026-03-30 02:41:00+00:00,1,0
2026-03-30 02:42:00+00:00,0,1
2026-03-30 02:44:00+00:00,0,1
2026-03-30 03:00:00+00:00,1,1
2026-03-30 03:04:00+00:00,1,1
2026-03-30 03:06:00+00:00,0,1
2026-03-30 03:08:00+00:00,0,0
2026-03-30 03:20:00+00:00,1,1
2026-03-30 03:23:00+00:00,1,1
2026-03-30 03:24:00+00:00,1,1
2026-03-30 05:45:00+00:00,1,1
2026-03-30 05:49:00+00:00,0,1
2026-03-30 05:51:00+00:00,0,0
2026-03-30 06:00:00+00:00,1,1
2026-03-30 06:01:00+00:00,1,1
2026-03-30 06:10:00+00:00,0,1
2026-03-30 06:20:00+00:00,1,1
2026-03-30 06:28:00+00:00,1,0
2026-03-30 06:35:00+00:00,0,0
2026-03-30 06:37:00+00:00,0,0
2026-03-30 06:48:00+00:00,1,1
2026-03-30 06:53:00+00:00,1,1
2026-03-30 06:57:00+00:00,0,0
2026-03-30 07:00:00+00:00,0,0
2026-03-30 07:06:00+00:00,0,0
2026-03-30 07:34:00+00:00,1,1
2026-03-30 07:38:00+00:00,0,1
2026-03-30 07:40:00+00:00,0,1
2026-03-30 08:05:00+00:00,0,0
2026-03-30 08:23:00+00:00,0,0
2026-03-30 09:08:00+00:00,0,0
2026-03-30 09:15:00+00:00,0,0
2026-03-30 09:21:00+00:00,0,0
2026-03-30 11:18:00+00:00,1,0
2026-03-30 11:20:00+00:00,1,0
2026-03-30 11:27:00+00:00,1,0
2026-03-30 11:29:00+00:00,1,1
2026-03-30 11:42:00+00:00,1,1
2026-03-30 11:43:00+00:00,1,1
2026-03-30 11:44:00+00:00,0,0
2026-03-30 11:48:00+00:00,0,0
2026-03-30 11:50:00+00:00,1,1
2026-03-30 11:51:00+00:00,1,1
2026-03-30 11:52:00+00:00,1,1
2026-03-30 11:55:00+00:00,0,1
2026-03-30 11:58:00+00:00,0,1
2026-03-30 12:00:00+00:00,1,1
2026-03-30 12:01:00+00:00,1,1
2026-03-30 12:03:00+00:00,1,0
2026-03-30 12:30:00+00:00,0,0
2026-03-30 12:45:00+00:00,0,0
2026-03-30 12:49:00+00:00,0,0
2026-03-30 12:51:00+00:00,0,0
2026-03-30 12:52:00+00:00,0,0
2026-03-30 12:56:00+00:00,1,1
2026-03-30 13:00:00+00:00,1,0
2026-03-30 13:01:00+00:00,1,1
2026-03-30 13:02:00+00:00,1,1
2026-03-30 13:04:00+00:00,1,1
2026-03-30 13:05:00+00:00,1,1
2026-03-30 13:07:00+00:00,1,1
2026-03-30 13:08:00+00:00,0,1
2026-03-30 13:09:00+00:00,1,1
2026-03-30 13:20:00+00:00,1,1
2026-03-30 13:22:00+00:00,0,1
2026-03-30 13:23:00+00:00,1,1
2026-03-30 13:30:00+00:00,1,1
2026-03-30 13:34:00+00:00,1,1
2026-03-30 13:35:00+00:00,0,1
2026-03-30 13:36:00+00:00,1,1
2026-03-30 13:37:00+00:00,1,1
2026-03-30 13:40:00+00:00,1,1
2026-03-30 13:41:00+00:00,1,1
2026-03-30 13:48:00+00:00,1,1
2026-03-30 13:57:00+00:00,0,1
2026-03-30 13:58:00+00:00,0,1
2026-03-30 14:00:00+00:00,0,1
2026-03-30 14:01:00+00:00,0,1
2026-03-30 14:05:00+00:00,1,1
2026-03-30 14:11:00+00:00,0,1
2026-03-30 14:12:00+00:00,0,0
2026-03-30 14:13:00+00:00,1,1
2026-03-30 14:15:00+00:00,0,1
2026-03-30 14:18:00+00:00,1,1
2026-03-30 14:21:00+00:00,1,1
2026-03-30 14:22:00+00:00,1,1
2026-03-30 14:25:00+00:00,1,1
2026-03-30 14:30:00+00:00,0,1
2026-03-30 14:31:00+00:00,1,1
2026-03-30 14:35:00+00:00,1,1
2026-03-30 14:36:00+00:00,0,1
2026-03-30 14:37:00+00:00,0,1
2026-03-30 14:39:00+00:00,0,1
2026-03-30 14:41:00+00:00,0,1
2026-03-30 14:46:00+00:00,0,1
2026-03-30 14:47:00+00:00,0,1
2026-03-30 14:48:00+00:00,0,1
2026-03-30 14:50:00+00:00,0,1
2026-03-30 14:53:00+00:00,0,1
2026-03-30 15:00:00+00:00,0,1
2026-03-30 15:02:00+00:00,0,1
2026-03-30 15:03:00+00:00,0,1
2026-03-30 15:07:00+00:00,1,1
2026-03-30 15:12:00+00:00,0,1
2026-03-30 15:14:00+00:00,1,0
2026-03-30 15:16:00+00:00,1,1
2026-03-30 15:21:00+00:00,1,0
2026-03-30 15:24:00+00:00,1,0
2026-03-30 15:33:00+00:00,0,1
2026-03-30 15:34:00+00:00,0,0
2026-03-30 15:35:00+00:00,0,1
2026-03-30 15:37:00+00:00,0,0
2026-03-30 15:49:00+00:00,0,0
2026-03-30 15:50:00+00:00,0,0
2026-03-30 15:53:00+00:00,0,0
2026-03-30 15:54:00+00:00,1,0
2026-03-30 15:56:00+00:00,0,0
2026-03-30 16:04:00+00:00,0,0
2026-03-30 16:07:00+00:00,0,0
2026-03-30 16:10:00+00:00,0,0
2026-03-30 16:16:00+00:00,0,0
2026-03-30 16:18:00+00:00,0,0
2026-03-30 16:31:00+00:00,1,0
2026-03-30 16:55:00+00:00,1,0
2026-03-30 17:02:00+00:00,0,0
2026-03-30 17:10:00+00:00,0,0
2026-03-30 17:14:00+00:00,0,0
2026-03-30 17:16:00+00:00,0,0
2026-03-30 17:24:00+00:00,0,0
2026-03-30 17:30:00+00:00,0,0
2026-03-30 17:31:00+00:00,0,0
2026-03-30 17:49:00+00:00,0,0
2026-03-30 17:53:00+00:00,0,0
2026-03-30 17:57:00+00:00,0,0
2026-03-30 18:01:00+00:00,0,0
2026-03-30 18:07:00+00:00,0,0
2026-03-30 18:37:00+00:00,1,0
2026-03-30 18:54:00+00:00,0,1
2026-03-30 18:59:00+00:00,0,0
2026-03-30 19:01:00+00:00,0,0
2026-03-30 19:06:00+00:00,0,0
2026-03-30 19:10:00+00:00,0,0
2026-03-30 19:22:00+00:00,0,0
2026-03-30 19:33:00+00:00,0,0
2026-03-30 19:34:00+00:00,0,0
2026-03-30 19:38:00+00:00,0,0
2026-03-30 19:45:00+00:00,0,0
2026-03-30 19:55:00+00:00,0,0
2026-03-30 19:56:00+00:00,0,0
2026-03-30 23:08:00+00:00,1,0
2026-03-31 00:00:00+00:00,0,1
2026-03-31 00:02:00+00:00,0,1
2026-03-31 00:05:00+00:00,0,1
2026-03-31 00:15:00+00:00,0,1
2026-03-31 00:16:00+00:00,0,1
2026-03-31 00:20:00+00:00,1,1
2026-03-31 00:22:00+00:00,1,1
2026-03-31 00:24:00+00:00,1,1
2026-03-31 00:25:00+00:00,1,1
2026-03-31 00:26:00+00:00,1,1
2026-03-31 00:27:00+00:00,1,1
2026-03-31 00:35:00+00:00,1,1
2026-03-31 00:36:00+00:00,1,1
2026-03-31 00:37:00+00:00,1,1
2026-03-31 00:38:00+00:00,1,0
2026-03-31 00:43:00+00:00,1,1
2026-03-31 00:44:00+00:00,1,0
2026-03-31 00:45:00+00:00,1,0
2026-03-31 00:48:00+00:00,1,1
2026-03-31 00:53:00+00:00,1,1
2026-03-31 00:57:00+00:00,1,1
2026-03-31 00:59:00+00:00,0,1
2026-03-31 01:03:00+00:00,0,1
2026-03-31 01:09:00+00:00,1,1
2026-03-31 01:11:00+00:00,1,1
2026-03-31 01:12:00+00:00,1,1
2026-03-31 01:14:00+00:00,1,1
2026-03-31 01:18:00+00:00,1,1
2026-03-31 01:19:00+00:00,1,1
2026-03-31 01:21:00+00:00,1,1
2026-03-31 01:23:00+00:00,1,0
2026-03-31 01:24:00+00:00,1,0
2026-03-31 01:25:00+00:00,1,0
2026-03-31 01:26:00+00:00,1,0
2026-03-31 01:27:00+00:00,1,0
2026-03-31 01:31:00+00:00,0,0
2026-03-31 01:33:00+00:00,1,0
2026-03-31 01:34:00+00:00,1,1
2026-03-31 01:38:00+00:00,1,1
2026-03-31 01:39:00+00:00,1,0
2026-03-31 01:40:00+00:00,0,1
2026-03-31 01:41:00+00:00,0,0
2026-03-31 01:42:00+00:00,0,0
2026-03-31 01:43:00+00:00,1,0
2026-03-31 01:45:00+00:00,1,0
2026-03-31 01:46:00+00:00,0,1
2026-03-31 01:48:00+00:00,1,1
2026-03-31 01:49:00+00:00,0,1
2026-03-31 01:50:00+00:00,0,1
2026-03-31 01:51:00+00:00,1,1
2026-03-31 01:56:00+00:00,1,1
2026-03-31 01:57:00+00:00,1,1
2026-03-31 02:00:00+00:00,0,0
2026-03-31 02:02:00+00:00,0,1
2026-03-31 02:04:00+00:00,1,0
2026-03-31 02:05:00+00:00,1,1
2026-03-31 02:06:00+00:00,1,1
2026-03-31 02:12:00+00:00,1,1
2026-03-31 02:15:00+00:00,1,1
2026-03-31 02:25:00+00:00,0,0
2026-03-31 02:32:00+00:00,1,0
2026-03-31 02:37:00+00:00,1,0
2026-03-31 02:40:00+00:00,1,0
2026-03-31 02:46:00+00:00,1,0
2026-03-31 02:47:00+00:00,0,1
2026-03-31 02:48:00+00:00,0,1
2026-03-31 02:54:00+00:00,0,1
2026-03-31 02:55:00+00:00,0,1
2026-03-31 03:24:00+00:00,0,0
2026-03-31 05:10:00+00:00,1,0
2026-03-31 05:31:00+00:00,0,1
2026-03-31 05:33:00+00:00,0,1
2026-03-31 05:34:00+00:00,1,1
2026-03-31 06:00:00+00:00,0,0
2026-03-31 06:02:00+00:00,0,0
2026-03-31 06:18:00+00:00,0,0
2026-03-31 07:01:00+00:00,0,0
2026-03-31 07:13:00+00:00,0,0
2026-03-31 07:20:00+00:00,0,0
2026-03-31 07:27:00+00:00,0,1
2026-03-31 08:01:00+00:00,0,0
2026-03-31 09:30:00+00:00,0,0
2026-03-31 09:39:00+00:00,0,0
2026-03-31 10:00:00+00:00,1,0
2026-03-31 10:36:00+00:00,0,0
2026-03-31 10:38:00+00:00,1,0
2026-03-31 10:39:00+00:00,1,1
2026-03-31 10:40:00+00:00,1,1
2026-03-31 10:42:00+00:00,1,1
2026-03-31 10:44:00+00:00,1,1
2026-03-31 10:50:00+00:00,1,1
2026-03-31 11:00:00+00:00,1,1
2026-03-31 11:02:00+00:00,1,1
2026-03-31 11:11:00+00:00,1,1
2026-03-31 11:14:00+00:00,1,0
2026-03-31 11:15:00+00:00,1,0
2026-03-31 11:16:00+00:00,1,0
2026-03-31 11:20:00+00:00,1,0
2026-03-31 11:23:00+00:00,1,0
2026-03-31 11:24:00+00:00,1,0
2026-03-31 11:25:00+00:00,0,0
2026-03-31 11:26:00+00:00,0,0
2026-03-31 11:27:00+00:00,0,0
2026-03-31 11:29:00+00:00,1,0
2026-03-31 11:31:00+00:00,1,1
2026-03-31 11:33:00+00:00,1,1
2026-03-31 11:37:00+00:00,0,0
2026-03-31 11:39:00+00:00,0,1
2026-03-31 11:44:00+00:00,1,0
2026-03-31 11:46:00+00:00,0,0
2026-03-31 11:48:00+00:00,0,1
2026-03-31 12:06:00+00:00,1,0
2026-03-31 12:10:00+00:00,0,0
2026-03-31 12:13:00+00:00,0,0
2026-03-31 12:14:00+00:00,0,1
2026-03-31 12:18:00+00:00,0,0
2026-03-31 12:22:00+00:00,0,0
2026-03-31 12:23:00+00:00,0,1
2026-03-31 12:28:00+00:00,0,0
2026-03-31 12:34:00+00:00,0,1
2026-03-31 12:38:00+00:00,0,0
2026-03-31 12:42:00+00:00,0,0
2026-03-31 12:47:00+00:00,0,0
2026-03-31 12:50:00+00:00,0,1
2026-03-31 13:01:00+00:00,0,1
2026-03-31 13:06:00+00:00,1,1
2026-03-31 13:08:00+00:00,1,1
2026-03-31 13:09:00+00:00,0,1
2026-03-31 13:13:00+00:00,1,1
2026-03-31 13:14:00+00:00,0,1
2026-03-31 13:21:00+00:00,0,0
2026-03-31 13:24:00+00:00,0,0
2026-03-31 13:25:00+00:00,0,0
2026-03-31 13:30:00+00:00,1,0
2026-03-31 13:32:00+00:00,1,1
2026-03-31 13:33:00+00:00,1,1
2026-03-31 13:39:00+00:00,1,1
2026-03-31 13:40:00+00:00,1,1
2026-03-31 13:51:00+00:00,1,0
2026-03-31 13:53:00+00:00,0,0
2026-03-31 13:54:00+00:00,0,0
2026-03-31 13:55:00+00:00,1,1
2026-03-31 13:56:00+00:00,1,1
2026-03-31 13:58:00+00:00,1,1
2026-03-31 14:00:00+00:00,0,1
2026-03-31 14:01:00+00:00,0,0
2026-03-31 14:02:00+00:00,0,1
2026-03-31 14:03:00+00:00,0,1
2026-03-31 14:05:00+00:00,0,1
2026-03-31 14:07:00+00:00,1,1
2026-03-31 14:09:00+00:00,1,1
2026-03-31 14:14:00+00:00,0,1
2026-03-31 14:15:00+00:00,0,1
2026-03-31 14:21:00+00:00,0,1
2026-03-31 14:23:00+00:00,0,1
2026-03-31 14:25:00+00:00,0,1
2026-03-31 14:28:00+00:00,0,1
2026-03-31 14:31:00+00:00,0,1
2026-03-31 14:33:00+00:00,1,1
2026-03-31 14:34:00+00:00,1,1
2026-03-31 14:35:00+00:00,0,1
2026-03-31 14:36:00+00:00,0,1
2026-03-31 14:48:00+00:00,1,0
2026-03-31 14:55:00+00:00,1,1
2026-03-31 14:57:00+00:00,1,1
2026-03-31 14:58:00+00:00,1,1
2026-03-31 15:00:00+00:00,1,1
2026-03-31 15:01:00+00:00,0,1
2026-03-31 15:02:00+00:00,0,1
2026-03-31 15:08:00+00:00,0,0
2026-03-31 15:16:00+00:00,0,1
2026-03-31 15:20:00+00:00,0,0
2026-03-31 15:22:00+00:00,0,0
2026-03-31 15:26:00+00:00,0,0
2026-03-31 15:34:00+00:00,0,0
2026-03-31 15:51:00+00:00,0,0
2026-03-31 15:54:00+00:00,0,0
2026-03-31 15:55:00+00:00,1,1
2026-03-31 15:56:00+00:00,1,1
2026-03-31 16:01:00+00:00,1,0
2026-03-31 16:10:00+00:00,1,0
2026-03-31 16:13:00+00:00,1,0
2026-03-31 16:23:00+00:00,1,1
2026-03-31 16:24:00+00:00,1,1
2026-03-31 16:38:00+00:00,1,0
2026-03-31 16:39:00+00:00,1,1
2026-03-31 16:40:00+00:00,0,1
2026-03-31 16:41:00+00:00,0,1
2026-03-31 16:43:00+00:00,0,1
2026-03-31 16:49:00+00:00,0,0
2026-03-31 16:50:00+00:00,0,1
2026-03-31 16:51:00+00:00,0,1
2026-03-31 16:52:00+00:00,1,1
2026-03-31 16:53:00+00:00,0,1
2026-03-31 16:54:00+00:00,1,1
2026-03-31 16:59:00+00:00,1,1
2026-03-31 17:00:00+00:00,1,1
2026-03-31 17:02:00+00:00,0,1
2026-03-31 17:04:00+00:00,0,1
2026-03-31 17:05:00+00:00,1,1
2026-03-31 17:07:00+00:00,0,1
2026-03-31 17:08:00+00:00,0,1
2026-03-31 17:09:00+00:00,1,1
2026-03-31 17:11:00+00:00,1,1
2026-03-31 17:12:00+00:00,1,1
2026-03-31 17:19:00+00:00,0,1
2026-03-31 17:21:00+00:00,0,1
2026-03-31 17:22:00+00:00,0,0
2026-03-31 17:25:00+00:00,1,1
2026-03-31 17:27:00+00:00,1,1
2026-03-31 17:29:00+00:00,1,1
2026-03-31 17:31:00+00:00,0,1
2026-03-31 17:32:00+00:00,0,1
2026-03-31 17:34:00+00:00,0,1
2026-03-31 17:36:00+00:00,0,1
2026-03-31 17:37:00+00:00,1,1
2026-03-31 17:42:00+00:00,0,1
2026-03-31 17:43:00+00:00,0,1
2026-03-31 17:48:00+00:00,0,1
2026-03-31 17:49:00+00:00,0,1
2026-03-31 17:56:00+00:00,0,1
2026-03-31 18:01:00+00:00,0,0
2026-03-31 18:07:00+00:00,0,0
2026-03-31 18:08:00+00:00,0,0
2026-03-31 18:35:00+00:00,0,0
2026-03-31 18:37:00+00:00,0,0
2026-03-31 18:40:00+00:00,0,0
2026-03-31 19:00:00+00:00,0,0
2026-03-31 19:08:00+00:00,1,0
2026-03-31 19:10:00+00:00,0,1
2026-03-31 19:18:00+00:00,0,1
2026-03-31 19:20:00+00:00,0,1
2026-03-31 19:30:00+00:00,0,0
2026-03-31 19:41:00+00:00,0,0
2026-03-31 19:44:00+00:00,0,0
2026-03-31 19:53:00+00:00,0,0
2026-03-31 20:00:00+00:00,0,1
2026-03-31 22:25:00+00:00,0,1
2026-03-31 22:37:00+00:00,0,1
2026-03-31 22:38:00+00:00,1,0
2026-03-31 22:41:00+00:00,1,1
2026-03-31 22:42:00+00:00,1,1
2026-03-31 22:44:00+00:00,1,1
2026-03-31 22:47:00+00:00,1,1
2026-03-31 22:49:00+00:00,0,1
2026-03-31 23:55:00+00:00,1,0
2026-04-01 00:05:00+00:00,1,0
2026-04-01 00:17:00+00:00,0,1
2026-04-01 00:24:00+00:00,1,0
2026-04-01 00:31:00+00:00,1,0
2026-04-01 00:34:00+00:00,0,0
2026-04-01 00:52:00+00:00,1,1
2026-04-01 00:56:00+00:00,0,1
2026-04-01 00:57:00+00:00,0,1
2026-04-01 01:00:00+00:00,1,1
2026-04-01 01:01:00+00:00,0,1
2026-04-01 01:02:00+00:00,1,1
2026-04-01 01:04:00+00:00,1,1
2026-04-01 01:05:00+00:00,0,1
2026-04-01 01:06:00+00:00,0,1
2026-04-01 01:07:00+00:00,0,1
2026-04-01 01:08:00+00:00,1,1
2026-04-01 01:11:00+00:00,1,1
2026-04-01 01:13:00+00:00,1,1
2026-04-01 01:15:00+00:00,1,1
2026-04-01 01:21:00+00:00,0,1
2026-04-01 01:25:00+00:00,0,1
2026-04-01 01:26:00+00:00,1,1
2026-04-01 01:32:00+00:00,0,1
2026-04-01 01:34:00+00:00,0,1
2026-04-01 01:39:00+00:00,0,1
2026-04-01 01:40:00+00:00,0,1
2026-04-01 01:41:00+00:00,0,0
2026-04-01 01:52:00+00:00,0,1
2026-04-01 02:04:00+00:00,0,1
2026-04-01 05:26:00+00:00,0,0
2026-04-01 05:30:00+00:00,0,1
2026-04-01 05:37:00+00:00,0,0
2026-04-01 05:41:00+00:00,1,0
2026-04-01 05:58:00+00:00,1,0
2026-04-01 06:14:00+00:00,1,0
2026-04-01 06:17:00+00:00,1,0
2026-04-01 06:24:00+00:00,1,0
2026-04-01 06:29:00+00:00,1,0
2026-04-01 06:35:00+00:00,1,0
2026-04-01 06:45:00+00:00,0,1
2026-04-01 06:47:00+00:00,0,1
2026-04-01 06:48:00+00:00,0,1
2026-04-01 06:49:00+00:00,0,1
2026-04-01 06:52:00+00:00,0,1
2026-04-01 07:00:00+00:00,0,0
2026-04-01 07:03:00+00:00,1,0
2026-04-01 07:06:00+00:00,1,1
2026-04-01 07:09:00+00:00,0,1
2026-04-01 07:21:00+00:00,0,0
2026-04-01 07:33:00+00:00,0,0
2026-04-01 07:36:00+00:00,1,0
2026-04-01 07:40:00+00:00,1,0
2026-04-01 07:41:00+00:00,1,1
2026-04-01 07:42:00+00:00,1,0
2026-04-01 07:43:00+00:00,1,0
2026-04-01 07:45:00+00:00,0,0
2026-04-01 07:48:00+00:00,0,1
2026-04-01 07:51:00+00:00,0,1
2026-04-01 07:55:00+00:00,1,1
2026-04-01 07:56:00+00:00,1,1
2026-04-01 07:57:00+00:00,1,1
2026-04-01 07:58:00+00:00,1,1
2026-04-01 08:00:00+00:00,1,1
2026-04-01 08:01:00+00:00,1,1
2026-04-01 08:02:00+00:00,1,1
2026-04-01 08:03:00+00:00,0,0
2026-04-01 08:04:00+00:00,0,1
2026-04-01 08:05:00+00:00,0,0
2026-04-01 08:06:00+00:00,1,1
2026-04-01 08:15:00+00:00,0,0
2026-04-01 08:25:00+00:00,0,0
2026-04-01 08:40:00+00:00,1,0
2026-04-01 09:34:00+00:00,0,0
2026-04-01 10:50:00+00:00,0,0
2026-04-01 11:17:00+00:00,1,0
2026-04-01 11:25:00+00:00,0,0
2026-04-01 11:30:00+00:00,0,1
2026-04-01 11:39:00+00:00,1,1
2026-04-01 11:56:00+00:00,1,0
2026-04-01 12:07:00+00:00,0,0
2026-04-01 12:18:00+00:00,0,0
2026-04-01 12:21:00+00:00,0,0
2026-04-01 12:28:00+00:00,0,0
2026-04-01 12:29:00+00:00,0,0
2026-04-01 12:31:00+00:00,0,1
2026-04-01 12:35:00+00:00,1,0
2026-04-01 12:36:00+00:00,0,1
2026-04-01 12:37:00+00:00,0,0
2026-04-01 12:44:00+00:00,1,0
2026-04-01 12:46:00+00:00,1,1
2026-04-01 12:48:00+00:00,0,1
2026-04-01 12:51:00+00:00,0,1
2026-04-01 12:52:00+00:00,0,1
2026-04-01 13:00:00+00:00,1,1
2026-04-01 13:04:00+00:00,1,1
2026-04-01 13:07:00+00:00,1,1
2026-04-01 13:16:00+00:00,0,0
2026-04-01 13:18:00+00:00,0,0
2026-04-01 13:21:00+00:00,0,1
2026-04-01 13:24:00+00:00,0,0
2026-04-01 13:27:00+00:00,0,0
2026-04-01 13:28:00+00:00,0,0
2026-04-01 13:35:00+00:00,0,1
2026-04-01 13:37:00+00:00,0,0
2026-04-01 13:42:00+00:00,0,1
2026-04-01 13:43:00+00:00,0,1
2026-04-01 13:44:00+00:00,0,1
2026-04-01 13:47:00+00:00,0,1
2026-04-01 13:48:00+00:00,0,1
2026-04-01 13:50:00+00:00,0,1
2026-04-01 13:51:00+00:00,0,1
2026-04-01 13:52:00+00:00,0,1
2026-04-01 13:53:00+00:00,1,1
2026-04-01 13:54:00+00:00,0,1
2026-04-01 13:55:00+00:00,0,1
2026-04-01 13:57:00+00:00,0,1
2026-04-01 14:00:00+00:00,1,1
2026-04-01 14:01:00+00:00,0,1
2026-04-01 14:04:00+00:00,0,1
2026-04-01 14:06:00+00:00,0,1
2026-04-01 14:08:00+00:00,0,1
2026-04-01 14:11:00+00:00,1,1
2026-04-01 14:12:00+00:00,0,1
2026-04-01 14:19:00+00:00,0,0
2026-04-01 14:24:00+00:00,1,1
2026-04-01 14:26:00+00:00,1,1
2026-04-01 14:28:00+00:00,1,1
2026-04-01 14:35:00+00:00,1,1
2026-04-01 14:37:00+00:00,1,0
2026-04-01 14:39:00+00:00,1,1
2026-04-01 14:40:00+00:00,1,1
2026-04-01 14:41:00+00:00,1,1
2026-04-01 14:42:00+00:00,1,0
2026-04-01 14:46:00+00:00,1,0
2026-04-01 14:52:00+00:00,1,1
2026-04-01 14:54:00+00:00,0,0
2026-04-01 14:55:00+00:00,1,0
2026-04-01 15:02:00+00:00,1,0
2026-04-01 15:03:00+00:00,0,0
2026-04-01 15:04:00+00:00,1,0
2026-04-01 15:10:00+00:00,1,0
2026-04-01 15:11:00+00:00,0,0
2026-04-01 15:18:00+00:00,1,0
2026-04-01 15:22:00+00:00,0,0
2026-04-01 15:24:00+00:00,1,0
2026-04-01 15:31:00+00:00,0,1
2026-04-01 16:03:00+00:00,0,0
2026-04-01 16:11:00+00:00,0,0
2026-04-01 16:14:00+00:00,0,0
2026-04-01 16:15:00+00:00,0,0
2026-04-01 16:19:00+00:00,0,0
2026-04-01 16:39:00+00:00,0,0
2026-04-01 17:17:00+00:00,0,0
2026-04-01 17:29:00+00:00,1,0
2026-04-01 17:35:00+00:00,0,0
2026-04-01 18:03:00+00:00,0,0
2026-04-01 18:06:00+00:00,1,0
2026-04-01 18:07:00+00:00,1,0
2026-04-01 18:17:00+00:00,1,0
2026-04-01 18:20:00+00:00,0,0
2026-04-01 18:21:00+00:00,0,0
2026-04-01 18:23:00+00:00,0,0
2026-04-01 18:30:00+00:00,0,1
2026-04-01 18:35:00+00:00,0,0
2026-04-01 18:37:00+00:00,1,1
2026-04-01 18:39:00+00:00,0,0
2026-04-01 18:40:00+00:00,0,1
2026-04-01 18:41:00+00:00,0,1
2026-04-01 18:46:00+00:00,0,1
2026-04-01 18:47:00+00:00,0,1
2026-04-01 19:04:00+00:00,1,1
2026-04-01 19:05:00+00:00,0,1
2026-04-01 19:28:00+00:00,0,0
2026-04-01 19:36:00+00:00,0,0
2026-04-01 19:40:00+00:00,1,0
2026-04-01 19:44:00+00:00,0,0
2026-04-01 19:50:00+00:00,0,0
2026-04-01 19:55:00+00:00,0,0
2026-04-01 22:51:00+00:00,1,1
2026-04-01 23:21:00+00:00,1,0
2026-04-01 23:45:00+00:00,0,0
2026-04-02 00:00:00+00:00,0,0
2026-04-02 00:02:00+00:00,1,1
2026-04-02 00:08:00+00:00,0,0
2026-04-02 00:21:00+00:00,1,0
2026-04-02 00:46:00+00:00,1,1
2026-04-02 01:00:00+00:00,1,1
2026-04-02 01:03:00+00:00,0,1
2026-04-02 01:04:00+00:00,0,1
2026-04-02 01:05:00+00:00,0,1
2026-04-02 01:06:00+00:00,0,1
2026-04-02 01:08:00+00:00,0,0
2026-04-02 01:09:00+00:00,0,0
2026-04-02 01:10:00+00:00,1,1
2026-04-02 01:12:00+00:00,1,1
2026-04-02 01:13:00+00:00,1,1
2026-04-02 01:15:00+00:00,1,1
2026-04-02 01:16:00+00:00,1,1
2026-04-02 01:17:00+00:00,1,0
2026-04-02 01:21:00+00:00,1,1
2026-04-02 01:22:00+00:00,0,1
2026-04-02 01:23:00+00:00,1,0
2026-04-02 01:24:00+00:00,1,1
2026-04-02 01:25:00+00:00,0,0
2026-04-02 01:26:00+00:00,0,1
2026-04-02 01:28:00+00:00,1,0
2026-04-02 01:29:00+00:00,0,0
2026-04-02 01:30:00+00:00,0,0
2026-04-02 01:31:00+00:00,0,0
2026-04-02 01:32:00+00:00,1,0
2026-04-02 01:34:00+00:00,1,0
2026-04-02 01:35:00+00:00,1,0
2026-04-02 01:36:00+00:00,1,1
2026-04-02 01:37:00+00:00,0,1
2026-04-02 01:39:00+00:00,0,1
2026-04-02 01:40:00+00:00,1,1
2026-04-02 01:42:00+00:00,0,1
2026-04-02 01:43:00+00:00,0,1
2026-04-02 01:44:00+00:00,0,1
2026-04-02 01:46:00+00:00,0,1
2026-04-02 01:47:00+00:00,0,1
2026-04-02 01:48:00+00:00,0,1
2026-04-02 01:49:00+00:00,0,1
2026-04-02 01:50:00+00:00,1,1
2026-04-02 01:51:00+00:00,1,1
2026-04-02 01:52:00+00:00,1,1
2026-04-02 01:53:00+00:00,1,1
2026-04-02 01:57:00+00:00,1,1
2026-04-02 01:59:00+00:00,1,1
2026-04-02 02:00:00+00:00,0,1
2026-04-02 02:03:00+00:00,0,1
2026-04-02 02:04:00+00:00,1,1
2026-04-02 02:05:00+00:00,0,1
2026-04-02 02:07:00+00:00,1,1
2026-04-02 02:08:00+00:00,0,1
2026-04-02 02:10:00+00:00,1,1
2026-04-02 02:11:00+00:00,0,0
2026-04-02 02:12:00+00:00,0,1
2026-04-02 02:15:00+00:00,1,1
2026-04-02 02:16:00+00:00,1,1
2026-04-02 02:17:00+00:00,1,1
2026-04-02 02:18:00+00:00,1,1
2026-04-02 02:19:00+00:00,1,1
2026-04-02 02:24:00+00:00,1,1
2026-04-02 02:30:00+00:00,1,1
2026-04-02 02:31:00+00:00,0,1
2026-04-02 02:32:00+00:00,0,0
2026-04-02 02:36:00+00:00,1,1
2026-04-02 02:37:00+00:00,1,1
2026-04-02 02:38:00+00:00,0,0
2026-04-02 02:39:00+00:00,1,1
2026-04-02 02:40:00+00:00,1,0
2026-04-02 02:41:00+00:00,1,1
2026-04-02 02:45:00+00:00,0,1
2026-04-02 02:47:00+00:00,1,1
2026-04-02 02:48:00+00:00,1,1
2026-04-02 02:52:00+00:00,0,1
2026-04-02 02:53:00+00:00,1,1
2026-04-02 02:54:00+00:00,1,1
2026-04-02 02:55:00+00:00,0,1
2026-04-02 03:00:00+00:00,0,1
2026-04-02 03:07:00+00:00,1,1
2026-04-02 03:08:00+00:00,0,1
2026-04-02 03:11:00+00:00,0,0
2026-04-02 03:21:00+00:00,1,0
2026-04-02 04:06:00+00:00,0,0
2026-04-02 05:30:00+00:00,1,1
2026-04-02 05:32:00+00:00,1,0
2026-04-02 05:33:00+00:00,1,0
2026-04-02 05:34:00+00:00,1,1
2026-04-02 05:37:00+00:00,1,1
2026-04-02 05:38:00+00:00,1,1
2026-04-02 05:40:00+00:00,1,1
2026-04-02 05:45:00+00:00,1,1
2026-04-02 05:46:00+00:00,1,0
2026-04-02 05:47:00+00:00,1,0
2026-04-02 05:49:00+00:00,0,0
2026-04-02 05:50:00+00:00,1,0
2026-04-02 05:51:00+00:00,0,1
2026-04-02 05:52:00+00:00,1,1
2026-04-02 05:53:00+00:00,1,1
2026-04-02 05:55:00+00:00,1,1
2026-04-02 06:01:00+00:00,0,0
2026-04-02 06:05:00+00:00,0,0
2026-04-02 06:06:00+00:00,0,0
2026-04-02 06:07:00+00:00,0,0
2026-04-02 06:08:00+00:00,0,1
2026-04-02 06:10:00+00:00,1,0
2026-04-02 06:12:00+00:00,1,0
2026-04-02 06:13:00+00:00,1,1
2026-04-02 06:14:00+00:00,1,1
2026-04-02 06:16:00+00:00,1,1
2026-04-02 06:17:00+00:00,1,1
2026-04-02 06:20:00+00:00,0,1
2026-04-02 06:22:00+00:00,0,1
2026-04-02 06:24:00+00:00,1,1
2026-04-02 06:26:00+00:00,1,1
2026-04-02 06:27:00+00:00,1,1
2026-04-02 06:34:00+00:00,0,1
2026-04-02 06:35:00+00:00,1,1
2026-04-02 06:37:00+00:00,0,1
2026-04-02 06:38:00+00:00,0,1
2026-04-02 06:41:00+00:00,1,1
2026-04-02 06:43:00+00:00,1,1
2026-04-02 06:44:00+00:00,1,1
2026-04-02 06:46:00+00:00,1,1
2026-04-02 06:47:00+00:00,1,1
2026-04-02 06:49:00+00:00,1,1
2026-04-02 06:53:00+00:00,0,1
2026-04-02 06:54:00+00:00,1,1
2026-04-02 06:56:00+00:00,1,1
2026-04-02 06:59:00+00:00,1,1
2026-04-02 07:03:00+00:00,1,1
2026-04-02 07:11:00+00:00,1,0
2026-04-02 07:14:00+00:00,1,0
2026-04-02 07:17:00+00:00,1,0
2026-04-02 07:18:00+00:00,1,0
2026-04-02 07:21:00+00:00,1,0
2026-04-02 07:30:00+00:00,1,0
2026-04-02 07:33:00+00:00,1,0
2026-04-02 07:34:00+00:00,0,0
2026-04-02 07:35:00+00:00,1,0
2026-04-02 07:36:00+00:00,1,0
2026-04-02 07:41:00+00:00,0,0
2026-04-02 07:42:00+00:00,0,0
2026-04-02 07:44:00+00:00,0,0
2026-04-02 07:48:00+00:00,0,0
2026-04-02 07:50:00+00:00,0,0
2026-04-02 08:00:00+00:00,1,0
2026-04-02 08:01:00+00:00,0,0
2026-04-02 08:05:00+00:00,0,1
2026-04-02 08:12:00+00:00,0,1
2026-04-02 08:13:00+00:00,1,0
2026-04-02 08:16:00+00:00,1,0
2026-04-02 08:21:00+00:00,0,0
2026-04-02 08:37:00+00:00,1,0
2026-04-02 08:38:00+00:00,1,0
2026-04-02 08:44:00+00:00,0,0
2026-04-02 08:48:00+00:00,1,0
2026-04-02 08:49:00+00:00,0,0
2026-04-02 08:51:00+00:00,0,0
2026-04-02 08:58:00+00:00,0,1
2026-04-02 09:01:00+00:00,0,0
2026-04-02 09:03:00+00:00,0,0
2026-04-02 09:04:00+00:00,0,1
2026-04-02 09:05:00+00:00,0,0
2026-04-02 09:11:00+00:00,0,0
2026-04-02 09:16:00+00:00,0,0
2026-04-02 09:21:00+00:00,0,1
2026-04-02 09:26:00+00:00,0,0
2026-04-02 09:37:00+00:00,0,0
2026-04-02 10:05:00+00:00,1,0
2026-04-02 10:06:00+00:00,1,0
2026-04-02 10:16:00+00:00,0,0
2026-04-02 10:17:00+00:00,0,0
2026-04-02 10:22:00+00:00,1,0
2026-04-02 10:23:00+00:00,0,0
2026-04-02 10:25:00+00:00,0,1
2026-04-02 10:42:00+00:00,0,1
2026-04-02 10:48:00+00:00,0,0
2026-04-02 11:02:00+00:00,1,1
2026-04-02 11:26:00+00:00,1,1
2026-04-02 11:28:00+00:00,1,1
2026-04-02 11:29:00+00:00,1,1
2026-04-02 11:31:00+00:00,0,1
2026-04-02 11:41:00+00:00,0,1
2026-04-02 11:42:00+00:00,1,1
2026-04-02 11:49:00+00:00,0,1
2026-04-02 11:52:00+00:00,1,1
2026-04-02 11:57:00+00:00,1,1
2026-04-02 12:03:00+00:00,1,1
2026-04-02 12:08:00+00:00,1,1
2026-04-02 12:14:00+00:00,0,1
2026-04-02 12:20:00+00:00,0,1
2026-04-02 12:21:00+00:00,1,0
2026-04-02 12:30:00+00:00,1,1
2026-04-02 12:47:00+00:00,0,0
2026-04-02 12:48:00+00:00,1,1
2026-04-02 12:52:00+00:00,1,0
2026-04-02 12:53:00+00:00,1,1
2026-04-02 12:55:00+00:00,1,1
2026-04-02 12:56:00+00:00,1,1
2026-04-02 12:58:00+00:00,1,1
2026-04-02 12:59:00+00:00,0,1
2026-04-02 13:00:00+00:00,1,1
2026-04-02 13:01:00+00:00,0,1
2026-04-02 13:02:00+00:00,1,1
2026-04-02 13:03:00+00:00,1,1
2026-04-02 13:04:00+00:00,0,1
2026-04-02 13:05:00+00:00,0,1
2026-04-02 13:08:00+00:00,0,1
2026-04-02 13:12:00+00:00,1,1
2026-04-02 13:14:00+00:00,1,1
2026-04-02 13:15:00+00:00,0,1
2026-04-02 13:22:00+00:00,0,1
2026-04-02 13:23:00+00:00,1,1
2026-04-02 13:25:00+00:00,1,1
2026-04-02 13:26:00+00:00,1,1
2026-04-02 13:30:00+00:00,0,0
2026-04-02 13:31:00+00:00,0,1
2026-04-02 13:32:00+00:00,0,0
2026-04-02 13:33:00+00:00,0,1
2026-04-02 13:35:00+00:00,0,1
2026-04-02 13:38:00+00:00,0,1
2026-04-02 13:39:00+00:00,1,1
2026-04-02 13:41:00+00:00,1,1
2026-04-02 13:42:00+00:00,1,1
2026-04-02 13:44:00+00:00,1,1
2026-04-02 13:46:00+00:00,1,1
2026-04-02 13:47:00+00:00,1,0
2026-04-02 13:48:00+00:00,1,1
2026-04-02 13:49:00+00:00,1,0
2026-04-02 13:56:00+00:00,1,0
2026-04-02 13:57:00+00:00,0,0
2026-04-02 14:00:00+00:00,0,0
2026-04-02 14:01:00+00:00,1,1
2026-04-02 14:03:00+00:00,1,1
2026-04-02 14:06:00+00:00,1,0
2026-04-02 14:07:00+00:00,1,0
2026-04-02 14:08:00+00:00,1,0
2026-04-02 14:11:00+00:00,0,0
2026-04-02 14:12:00+00:00,1,0
2026-04-02 14:14:00+00:00,1,1
2026-04-02 14:15:00+00:00,1,1
2026-04-02 14:17:00+00:00,1,0
2026-04-02 14:18:00+00:00,1,0
2026-04-02 14:21:00+00:00,1,0
2026-04-02 14:22:00+00:00,1,0
2026-04-02 14:23:00+00:00,0,0
2026-04-02 14:24:00+00:00,0,0
2026-04-02 14:25:00+00:00,1,0
2026-04-02 14:28:00+00:00,1,0
2026-04-02 14:33:00+00:00,1,1
2026-04-02 14:34:00+00:00,1,1
2026-04-02 14:35:00+00:00,0,1
2026-04-02 14:37:00+00:00,0,1
2026-04-02 14:38:00+00:00,0,1
2026-04-02 14:39:00+00:00,0,1
2026-04-02 14:41:00+00:00,0,1
2026-04-02 14:42:00+00:00,0,1
2026-04-02 14:45:00+00:00,1,1
2026-04-02 14:47:00+00:00,1,1
2026-04-02 14:48:00+00:00,1,1
2026-04-02 14:49:00+00:00,1,1
2026-04-02 14:50:00+00:00,0,1
2026-04-02 14:52:00+00:00,1,1
2026-04-02 14:53:00+00:00,0,1
2026-04-02 14:54:00+00:00,1,1
2026-04-02 14:59:00+00:00,1,1
2026-04-02 15:00:00+00:00,0,1
2026-04-02 15:02:00+00:00,0,1
2026-04-02 15:03:00+00:00,0,1
2026-04-02 15:04:00+00:00,1,1
2026-04-02 15:05:00+00:00,0,1
2026-04-02 15:07:00+00:00,0,1
2026-04-02 15:10:00+00:00,1,1
2026-04-02 15:12:00+00:00,1,1
2026-04-02 15:13:00+00:00,1,1
2026-04-02 15:14:00+00:00,0,1
2026-04-02 15:15:00+00:00,1,0
2026-04-02 15:17:00+00:00,1,0
2026-04-02 15:20:00+00:00,0,0
2026-04-02 15:21:00+00:00,0,0
2026-04-02 15:22:00+00:00,0,0
2026-04-02 15:26:00+00:00,1,0
2026-04-02 15:27:00+00:00,1,1
2026-04-02 15:29:00+00:00,1,0
2026-04-02 15:34:00+00:00,1,1
2026-04-02 15:40:00+00:00,1,1
2026-04-02 15:45:00+00:00,0,1
2026-04-02 15:51:00+00:00,0,0
2026-04-02 15:52:00+00:00,0,1
2026-04-02 15:53:00+00:00,0,1
2026-04-02 15:54:00+00:00,0,1
2026-04-02 15:55:00+00:00,1,1
2026-04-02 15:56:00+00:00,0,1
2026-04-02 16:01:00+00:00,1,1
2026-04-02 16:06:00+00:00,0,1
2026-04-02 16:07:00+00:00,0,1
2026-04-02 16:08:00+00:00,1,1
2026-04-02 16:09:00+00:00,0,1
2026-04-02 16:10:00+00:00,0,1
2026-04-02 16:13:00+00:00,0,1
2026-04-02 16:19:00+00:00,1,1
2026-04-02 16:22:00+00:00,0,1
2026-04-02 16:32:00+00:00,0,1
2026-04-02 16:33:00+00:00,0,1
2026-04-02 16:35:00+00:00,0,1
2026-04-02 16:38:00+00:00,0,1
2026-04-02 16:44:00+00:00,0,1
2026-04-02 16:53:00+00:00,0,1
2026-04-02 16:58:00+00:00,0,0
2026-04-02 17:02:00+00:00,0,0
2026-04-02 17:03:00+00:00,0,1
2026-04-02 17:06:00+00:00,1,0
2026-04-02 17:08:00+00:00,0,1
2026-04-02 17:25:00+00:00,0,0
2026-04-02 17:28:00+00:00,0,0
2026-04-02 17:30:00+00:00,0,1
2026-04-02 17:39:00+00:00,0,0
2026-04-02 17:48:00+00:00,0,0
2026-04-02 17:49:00+00:00,0,0
2026-04-02 17:50:00+00:00,0,0
2026-04-02 19:05:00+00:00,0,0
2026-04-02 19:15:00+00:00,0,0
2026-04-02 19:23:00+00:00,0,0
2026-04-02 19:24:00+00:00,0,0
2026-04-02 19:28:00+00:00,0,0
2026-04-02 19:59:00+00:00,0,0
2026-04-05 22:01:00+00:00,1,0
2026-04-05 22:02:00+00:00,1,1
2026-04-05 22:03:00+00:00,0,0
2026-04-05 22:06:00+00:00,0,1
2026-04-05 22:10:00+00:00,1,0
2026-04-05 22:11:00+00:00,0,0
2026-04-05 22:48:00+00:00,0,1
2026-04-05 22:54:00+00:00,0,1
2026-04-05 22:55:00+00:00,0,1
2026-04-05 22:57:00+00:00,1,1
2026-04-05 23:01:00+00:00,1,1
2026-04-05 23:02:00+00:00,1,1
2026-04-06 00:01:00+00:00,0,1
2026-04-06 00:04:00+00:00,1,1
2026-04-06 00:05:00+00:00,0,1
2026-04-06 00:19:00+00:00,0,1
2026-04-06 00:24:00+00:00,0,1
2026-04-06 00:27:00+00:00,1,1
2026-04-06 00:41:00+00:00,1,1
2026-04-06 01:00:00+00:00,0,0
2026-04-06 01:01:00+00:00,0,0
2026-04-06 01:07:00+00:00,0,0
2026-04-06 01:16:00+00:00,0,1
2026-04-06 01:18:00+00:00,0,0
2026-04-06 01:41:00+00:00,1,1
2026-04-06 02:10:00+00:00,1,0
2026-04-06 02:11:00+00:00,1,0
2026-04-06 02:17:00+00:00,0,1
2026-04-06 02:19:00+00:00,1,1
2026-04-06 02:20:00+00:00,1,1
2026-04-06 02:24:00+00:00,1,1
2026-04-06 03:03:00+00:00,0,0
2026-04-06 03:19:00+00:00,1,0
2026-04-06 06:50:00+00:00,0,0
2026-04-06 07:42:00+00:00,1,0
2026-04-06 07:49:00+00:00,1,0
2026-04-06 07:50:00+00:00,0,0
2026-04-06 07:52:00+00:00,0,0
2026-04-06 07:55:00+00:00,0,0
2026-04-06 07:59:00+00:00,0,0
2026-04-06 08:04:00+00:00,0,0
2026-04-06 08:05:00+00:00,0,1
2026-04-06 08:25:00+00:00,0,0
2026-04-06 09:50:00+00:00,0,0
2026-04-06 10:14:00+00:00,0,0
2026-04-06 10:46:00+00:00,0,0
2026-04-06 10:48:00+00:00,0,0
2026-04-06 12:20:00+00:00,0,0
2026-04-06 12:21:00+00:00,0,1
2026-04-06 12:25:00+00:00,1,0
2026-04-06 12:31:00+00:00,0,0
2026-04-06 13:07:00+00:00,0,0
2026-04-06 13:09:00+00:00,0,0
2026-04-06 13:22:00+00:00,1,1
2026-04-06 13:30:00+00:00,0,1
2026-04-06 13:32:00+00:00,1,1
2026-04-06 13:33:00+00:00,0,1
2026-04-06 13:36:00+00:00,1,1
2026-04-06 13:39:00+00:00,0,1
2026-04-06 13:41:00+00:00,0,1
2026-04-06 13:43:00+00:00,0,1
2026-04-06 13:44:00+00:00,1,1
2026-04-06 13:46:00+00:00,0,1
2026-04-06 13:49:00+00:00,1,1
2026-04-06 13:50:00+00:00,1,1
2026-04-06 13:52:00+00:00,0,1
2026-04-06 13:53:00+00:00,0,1
2026-04-06 13:56:00+00:00,0,1
2026-04-06 14:03:00+00:00,0,1
2026-04-06 14:04:00+00:00,1,1
2026-04-06 14:10:00+00:00,1,1
2026-04-06 14:13:00+00:00,1,1
2026-04-06 14:14:00+00:00,1,1
2026-04-06 14:17:00+00:00,1,0
2026-04-06 14:19:00+00:00,0,0
2026-04-06 14:34:00+00:00,1,0
2026-04-06 14:38:00+00:00,0,1
2026-04-06 14:39:00+00:00,1,0
2026-04-06 14:40:00+00:00,1,0
2026-04-06 14:44:00+00:00,1,1
2026-04-06 14:45:00+00:00,1,0
2026-04-06 14:51:00+00:00,1,1
2026-04-06 14:55:00+00:00,1,0
2026-04-06 14:59:00+00:00,1,0
2026-04-06 15:00:00+00:00,1,1
2026-04-06 15:03:00+00:00,0,1
2026-04-06 15:05:00+00:00,0,1
2026-04-06 15:07:00+00:00,1,1
2026-04-06 15:10:00+00:00,0,0
2026-04-06 15:11:00+00:00,0,0
2026-04-06 15:14:00+00:00,0,0
2026-04-06 15:15:00+00:00,0,0
2026-04-06 15:19:00+00:00,0,0
2026-04-06 15:25:00+00:00,0,0
2026-04-06 15:27:00+00:00,0,0
2026-04-06 15:37:00+00:00,0,1
2026-04-06 15:38:00+00:00,0,0
2026-04-06 15:46:00+00:00,0,0
2026-04-06 16:02:00+00:00,0,0
2026-04-06 17:12:00+00:00,0,0
2026-04-06 17:29:00+00:00,0,0
2026-04-06 18:11:00+00:00,0,0
2026-04-06 18:39:00+00:00,0,0
2026-04-06 18:56:00+00:00,0,0
2026-04-06 19:17:00+00:00,0,0
2026-04-07 00:00:00+00:00,0,0
2026-04-07 01:00:00+00:00,0,1
2026-04-07 01:01:00+00:00,0,1
2026-04-07 01:02:00+00:00,1,0
2026-04-07 01:08:00+00:00,1,1
2026-04-07 01:09:00+00:00,0,1
2026-04-07 01:10:00+00:00,0,0
2026-04-07 01:11:00+00:00,0,0
2026-04-07 01:16:00+00:00,0,1
2026-04-07 01:17:00+00:00,0,1
2026-04-07 01:20:00+00:00,1,1
2026-04-07 01:23:00+00:00,0,0
2026-04-07 01:26:00+00:00,0,1
2026-04-07 01:32:00+00:00,1,1
2026-04-07 01:36:00+00:00,1,1
2026-04-07 01:37:00+00:00,1,1
2026-04-07 01:38:00+00:00,0,0
2026-04-07 01:39:00+00:00,1,1
2026-04-07 01:41:00+00:00,1,1
2026-04-07 01:46:00+00:00,1,1
2026-04-07 01:48:00+00:00,1,1
2026-04-07 01:49:00+00:00,0,0
2026-04-07 01:51:00+00:00,0,1
2026-04-07 01:52:00+00:00,0,0
2026-04-07 01:53:00+00:00,0,0
2026-04-07 01:56:00+00:00,1,1
2026-04-07 01:57:00+00:00,0,0
2026-04-07 02:01:00+00:00,1,1
2026-04-07 02:07:00+00:00,1,1
2026-04-07 02:08:00+00:00,1,1
2026-04-07 02:09:00+00:00,1,1
2026-04-07 02:13:00+00:00,1,0
2026-04-07 02:30:00+00:00,0,0
2026-04-07 02:48:00+00:00,0,0
2026-04-07 05:26:00+00:00,0,0
2026-04-07 05:28:00+00:00,0,0
2026-04-07 05:30:00+00:00,1,0
2026-04-07 05:32:00+00:00,0,1
2026-04-07 05:34:00+00:00,0,1
2026-04-07 05:41:00+00:00,0,1
2026-04-07 05:46:00+00:00,0,1
2026-04-07 05:56:00+00:00,0,1
2026-04-07 06:04:00+00:00,0,0
2026-04-07 07:26:00+00:00,0,0
2026-04-07 07:32:00+00:00,1,0
2026-04-07 08:02:00+00:00,1,1
2026-04-07 08:04:00+00:00,1,0
2026-04-07 08:11:00+00:00,1,1
2026-04-07 08:12:00+00:00,1,1
2026-04-07 08:17:00+00:00,1,0
2026-04-07 08:20:00+00:00,0,1
2026-04-07 08:21:00+00:00,0,1
2026-04-07 08:22:00+00:00,0,0
2026-04-07 08:24:00+00:00,0,0
2026-04-07 08:31:00+00:00,0,1
2026-04-07 08:34:00+00:00,0,1
2026-04-07 08:38:00+00:00,0,1
2026-04-07 08:45:00+00:00,0,0
2026-04-07 08:46:00+00:00,0,0
2026-04-07 09:17:00+00:00,1,0
2026-04-07 09:30:00+00:00,1,0
2026-04-07 09:37:00+00:00,0,0
2026-04-07 09:43:00+00:00,0,0
2026-04-07 09:48:00+00:00,0,0
2026-04-07 10:01:00+00:00,1,0
2026-04-07 10:09:00+00:00,1,1
2026-04-07 10:25:00+00:00,1,1
2026-04-07 10:26:00+00:00,1,1
2026-04-07 10:28:00+00:00,1,1
2026-04-07 10:38:00+00:00,1,0
2026-04-07 10:42:00+00:00,1,0
2026-04-07 10:44:00+00:00,1,1
2026-04-07 10:45:00+00:00,1,1
2026-04-07 10:47:00+00:00,1,0
2026-04-07 10:49:00+00:00,1,1
2026-04-07 10:50:00+00:00,1,1
2026-04-07 10:53:00+00:00,1,1
2026-04-07 10:56:00+00:00,1,1
2026-04-07 11:02:00+00:00,0,0
2026-04-07 11:03:00+00:00,0,0
2026-04-07 11:04:00+00:00,1,1
2026-04-07 11:10:00+00:00,0,1
2026-04-07 11:12:00+00:00,1,1
2026-04-07 11:16:00+00:00,1,1
2026-04-07 11:17:00+00:00,1,0
2026-04-07 11:21:00+00:00,1,1
2026-04-07 11:23:00+00:00,0,1
2026-04-07 11:25:00+00:00,0,1
2026-04-07 11:30:00+00:00,0,1
2026-04-07 11:37:00+00:00,0,1
2026-04-07 11:41:00+00:00,0,0
2026-04-07 11:45:00+00:00,0,0
2026-04-07 12:18:00+00:00,0,0
2026-04-07 12:19:00+00:00,0,0
2026-04-07 12:21:00+00:00,0,0
2026-04-07 12:48:00+00:00,0,0
2026-04-07 12:52:00+00:00,0,0
2026-04-07 12:55:00+00:00,0,0
2026-04-07 12:56:00+00:00,0,1
2026-04-07 13:00:00+00:00,0,1
2026-04-07 13:01:00+00:00,0,0
2026-04-07 13:07:00+00:00,1,0
2026-04-07 13:10:00+00:00,0,1
2026-04-07 13:22:00+00:00,1,0
2026-04-07 13:31:00+00:00,1,1
2026-04-07 13:37:00+00:00,1,1
2026-04-07 13:41:00+00:00,0,0
2026-04-07 13:46:00+00:00,1,1
2026-04-07 13:54:00+00:00,1,1
2026-04-07 13:56:00+00:00,0,1
2026-04-07 14:00:00+00:00,0,0
2026-04-07 14:02:00+00:00,0,0
2026-04-07 14:04:00+00:00,0,1
2026-04-07 14:06:00+00:00,1,1
2026-04-07 14:08:00+00:00,1,1
2026-04-07 14:10:00+00:00,0,1
2026-04-07 14:17:00+00:00,1,1
2026-04-07 14:20:00+00:00,1,1
2026-04-07 14:21:00+00:00,1,1
2026-04-07 14:23:00+00:00,0,1
2026-04-07 14:25:00+00:00,0,1
2026-04-07 14:26:00+00:00,0,1
2026-04-07 14:29:00+00:00,0,1
2026-04-07 14:32:00+00:00,0,0
2026-04-07 14:33:00+00:00,1,0
2026-04-07 14:39:00+00:00,1,0
2026-04-07 14:43:00+00:00,1,1
2026-04-07 14:50:00+00:00,0,1
2026-04-07 14:54:00+00:00,0,0
2026-04-07 14:58:00+00:00,0,0
2026-04-07 15:02:00+00:00,1,0
2026-04-07 15:04:00+00:00,1,0
2026-04-07 15:11:00+00:00,0,0
2026-04-07 15:15:00+00:00,0,0
2026-04-07 15:16:00+00:00,0,0
2026-04-07 15:19:00+00:00,0,0
2026-04-07 15:25:00+00:00,0,0
2026-04-07 15:29:00+00:00,0,0
2026-04-07 15:32:00+00:00,1,1
2026-04-07 15:39:00+00:00,1,0
2026-04-07 15:43:00+00:00,1,1
2026-04-07 15:46:00+00:00,0,1
2026-04-07 15:56:00+00:00,0,0
2026-04-07 16:02:00+00:00,0,0
2026-04-07 16:03:00+00:00,0,0
2026-04-07 16:10:00+00:00,0,0
2026-04-07 16:27:00+00:00,0,0
2026-04-07 16:31:00+00:00,0,0
2026-04-07 17:06:00+00:00,0,0
2026-04-07 17:09:00+00:00,0,0
2026-04-07 17:16:00+00:00,1,0
2026-04-07 17:30:00+00:00,1,0
2026-04-07 17:32:00+00:00,0,0
2026-04-07 17:35:00+00:00,0,1
2026-04-07 17:37:00+00:00,0,0
2026-04-07 17:39:00+00:00,0,1
2026-04-07 17:47:00+00:00,0,0
2026-04-07 18:50:00+00:00,0,0
2026-04-07 18:55:00+00:00,1,0
2026-04-07 19:02:00+00:00,1,0
2026-04-07 19:05:00+00:00,1,0
2026-04-07 19:10:00+00:00,1,0
2026-04-07 19:18:00+00:00,1,1
2026-04-07 19:19:00+00:00,1,1
2026-04-07 19:20:00+00:00,0,1
2026-04-07 19:21:00+00:00,0,0
2026-04-07 19:23:00+00:00,1,0
2026-04-07 19:24:00+00:00,1,0
2026-04-07 19:29:00+00:00,1,1
2026-04-07 19:32:00+00:00,1,0
2026-04-07 19:36:00+00:00,1,0
2026-04-07 19:44:00+00:00,1,1
2026-04-07 19:45:00+00:00,0,0
2026-04-07 19:49:00+00:00,0,1
2026-04-07 19:51:00+00:00,0,1
2026-04-07 19:52:00+00:00,0,0
2026-04-07 20:01:00+00:00,0,1
2026-04-07 20:05:00+00:00,0,1
2026-04-07 20:08:00+00:00,0,1
2026-04-07 20:36:00+00:00,1,1
2026-04-07 20:41:00+00:00,0,1
2026-04-07 22:02:00+00:00,0,1
2026-04-07 22:04:00+00:00,0,1
2026-04-07 22:05:00+00:00,0,1
2026-04-07 22:08:00+00:00,0,1
2026-04-07 22:10:00+00:00,0,1
2026-04-07 22:12:00+00:00,0,1
2026-04-07 22:13:00+00:00,0,1
2026-04-07 22:14:00+00:00,0,1
2026-04-07 22:33:00+00:00,1,1
2026-04-07 22:34:00+00:00,1,1
2026-04-07 22:39:00+00:00,0,0
2026-04-07 22:40:00+00:00,0,1
2026-04-07 22:41:00+00:00,0,0
2026-04-07 22:44:00+00:00,1,1
2026-04-07 22:48:00+00:00,1,1
2026-04-07 22:49:00+00:00,1,1
2026-04-07 22:50:00+00:00,1,1
2026-04-07 22:53:00+00:00,1,1
2026-04-07 22:54:00+00:00,1,1
2026-04-07 22:55:00+00:00,1,1
2026-04-07 22:57:00+00:00,0,0
2026-04-07 22:58:00+00:00,0,0
2026-04-07 23:00:00+00:00,1,1
2026-04-07 23:01:00+00:00,0,0
2026-04-07 23:03:00+00:00,0,1
2026-04-07 23:04:00+00:00,0,1
2026-04-07 23:05:00+00:00,0,1
2026-04-07 23:07:00+00:00,1,1
2026-04-07 23:14:00+00:00,0,1
2026-04-07 23:15:00+00:00,1,1
2026-04-07 23:16:00+00:00,0,0
2026-04-07 23:19:00+00:00,0,0
2026-04-07 23:20:00+00:00,0,1
2026-04-07 23:22:00+00:00,0,0
2026-04-07 23:23:00+00:00,0,1
2026-04-07 23:25:00+00:00,1,1
2026-04-07 23:26:00+00:00,1,0
2026-04-07 23:32:00+00:00,1,0
2026-04-07 23:37:00+00:00,1,1
2026-04-07 23:50:00+00:00,1,0
2026-04-07 23:52:00+00:00,1,0
2026-04-07 23:54:00+00:00,1,1
2026-04-07 23:58:00+00:00,0,1
2026-04-08 00:00:00+00:00,0,1
2026-04-08 00:02:00+00:00,1,0
2026-04-08 00:03:00+00:00,0,1
2026-04-08 00:08:00+00:00,1,1
2026-04-08 00:10:00+00:00,1,1
2026-04-08 00:11:00+00:00,1,1
2026-04-08 00:12:00+00:00,1,1
2026-04-08 00:14:00+00:00,1,1
2026-04-08 00:15:00+00:00,1,1
2026-04-08 00:20:00+00:00,1,1
2026-04-08 00:25:00+00:00,0,1
2026-04-08 00:33:00+00:00,0,0
2026-04-08 00:37:00+00:00,1,1
2026-04-08 00:40:00+00:00,0,0
2026-04-08 00:45:00+00:00,0,0
2026-04-08 00:46:00+00:00,0,1
2026-04-08 00:50:00+00:00,1,1
2026-04-08 00:53:00+00:00,1,1
2026-04-08 00:59:00+00:00,1,1
2026-04-08 01:02:00+00:00,0,1
2026-04-08 01:05:00+00:00,1,1
2026-04-08 01:18:00+00:00,0,1
2026-04-08 01:19:00+00:00,0,1
2026-04-08 01:20:00+00:00,1,1
2026-04-08 01:21:00+00:00,0,1
2026-04-08 01:22:00+00:00,0,1
2026-04-08 01:24:00+00:00,0,1
2026-04-08 01:26:00+00:00,1,1
2026-04-08 01:28:00+00:00,1,1
2026-04-08 01:33:00+00:00,1,1
2026-04-08 01:50:00+00:00,0,0
2026-04-08 02:00:00+00:00,0,0
2026-04-08 02:01:00+00:00,0,0
2026-04-08 05:33:00+00:00,1,0
2026-04-08 05:40:00+00:00,1,0
2026-04-08 05:49:00+00:00,0,0
2026-04-08 05:51:00+00:00,0,0
2026-04-08 05:53:00+00:00,0,0
2026-04-08 05:56:00+00:00,0,1
2026-04-08 06:00:00+00:00,0,0
2026-04-08 06:08:00+00:00,0,0
2026-04-08 06:30:00+00:00,1,0
2026-04-08 06:36:00+00:00,1,1
2026-04-08 06:45:00+00:00,1,0
2026-04-08 06:46:00+00:00,1,0
2026-04-08 06:52:00+00:00,0,0
2026-04-08 06:54:00+00:00,0,1
2026-04-08 07:00:00+00:00,0,1
2026-04-08 07:25:00+00:00,0,1
2026-04-08 07:33:00+00:00,0,0
2026-04-08 07:35:00+00:00,0,0
2026-04-08 07:36:00+00:00,0,1
2026-04-08 07:41:00+00:00,0,1
2026-04-08 07:45:00+00:00,0,1
2026-04-08 08:24:00+00:00,0,0
2026-04-08 08:26:00+00:00,0,0
2026-04-08 08:41:00+00:00,0,0
2026-04-08 08:42:00+00:00,0,0
2026-04-08 08:43:00+00:00,0,0
2026-04-08 08:46:00+00:00,0,0
2026-04-08 08:50:00+00:00,0,1
2026-04-08 08:51:00+00:00,0,1
2026-04-08 09:43:00+00:00,0,0
2026-04-08 09:44:00+00:00,0,0
2026-04-08 09:45:00+00:00,0,1
2026-04-08 09:47:00+00:00,0,0
2026-04-08 10:16:00+00:00,0,0
2026-04-08 10:55:00+00:00,0,0
2026-04-08 11:25:00+00:00,0,0
2026-04-08 11:28:00+00:00,0,0
2026-04-08 11:35:00+00:00,1,0
2026-04-08 11:36:00+00:00,1,1
2026-04-08 11:41:00+00:00,0,0
2026-04-08 11:57:00+00:00,1,0
2026-04-08 12:19:00+00:00,0,0
2026-04-08 12:20:00+00:00,0,0
2026-04-08 12:21:00+00:00,1,1
2026-04-08 12:22:00+00:00,1,1
2026-04-08 12:24:00+00:00,1,0
2026-04-08 12:25:00+00:00,1,1
2026-04-08 12:26:00+00:00,1,1
2026-04-08 12:29:00+00:00,1,0
2026-04-08 12:30:00+00:00,0,0
2026-04-08 12:37:00+00:00,0,0
2026-04-08 12:48:00+00:00,0,0
2026-04-08 12:54:00+00:00,1,0
2026-04-08 13:00:00+00:00,1,1
2026-04-08 13:04:00+00:00,1,0
2026-04-08 13:10:00+00:00,1,0
2026-04-08 13:18:00+00:00,1,0
2026-04-08 13:29:00+00:00,1,0
2026-04-08 13:30:00+00:00,0,1
2026-04-08 13:31:00+00:00,0,0
2026-04-08 13:34:00+00:00,0,1
2026-04-08 13:37:00+00:00,0,1
2026-04-08 13:38:00+00:00,0,0
2026-04-08 13:45:00+00:00,0,1
2026-04-08 13:46:00+00:00,1,0
2026-04-08 13:51:00+00:00,0,1
2026-04-08 13:53:00+00:00,0,1
2026-04-08 13:56:00+00:00,0,1
2026-04-08 14:00:00+00:00,1,1
2026-04-08 14:03:00+00:00,1,0
2026-04-08 14:04:00+00:00,1,1
2026-04-08 14:08:00+00:00,1,1
2026-04-08 14:09:00+00:00,1,1
2026-04-08 14:15:00+00:00,1,1
2026-04-08 14:19:00+00:00,1,1
2026-04-08 14:20:00+00:00,1,1
2026-04-08 14:25:00+00:00,1,1
2026-04-08 14:27:00+00:00,1,1
2026-04-08 14:29:00+00:00,1,1
2026-04-08 14:30:00+00:00,1,1
2026-04-08 14:31:00+00:00,0,1
2026-04-08 14:32:00+00:00,0,0
2026-04-08 14:33:00+00:00,0,0
2026-04-08 14:34:00+00:00,0,1
2026-04-08 14:38:00+00:00,1,1
2026-04-08 14:39:00+00:00,1,1
2026-04-08 14:40:00+00:00,1,0
2026-04-08 14:43:00+00:00,1,1
2026-04-08 14:47:00+00:00,1,1
2026-04-08 14:51:00+00:00,0,1
2026-04-08 14:54:00+00:00,1,1
2026-04-08 14:55:00+00:00,0,1
2026-04-08 14:56:00+00:00,1,1
2026-04-08 14:57:00+00:00,1,1
2026-04-08 14:58:00+00:00,0,1
2026-04-08 14:59:00+00:00,1,1
2026-04-08 15:00:00+00:00,0,1
2026-04-08 15:05:00+00:00,0,1
2026-04-08 15:10:00+00:00,1,1
2026-04-08 15:13:00+00:00,0,0
2026-04-08 15:15:00+00:00,0,0
2026-04-08 15:16:00+00:00,0,0
2026-04-08 15:17:00+00:00,0,0
2026-04-08 15:18:00+00:00,0,0
2026-04-08 16:04:00+00:00,0,0
2026-04-08 16:14:00+00:00,0,0
2026-04-08 16:16:00+00:00,0,0
2026-04-08 16:17:00+00:00,0,0
2026-04-08 16:21:00+00:00,0,0
2026-04-08 16:24:00+00:00,0,0
2026-04-08 16:33:00+00:00,0,0
2026-04-08 17:33:00+00:00,1,0
2026-04-08 17:34:00+00:00,1,0
2026-04-08 17:35:00+00:00,1,0
2026-04-08 17:39:00+00:00,1,0
2026-04-08 17:46:00+00:00,1,0
2026-04-08 17:55:00+00:00,0,0
2026-04-08 17:56:00+00:00,1,0
2026-04-08 18:18:00+00:00,1,1
2026-04-08 18:19:00+00:00,1,1
2026-04-08 18:22:00+00:00,1,1
2026-04-08 18:23:00+00:00,1,1
2026-04-08 18:26:00+00:00,1,1
2026-04-08 18:43:00+00:00,0,1
2026-04-08 18:45:00+00:00,0,1
2026-04-08 18:51:00+00:00,0,0
2026-04-08 18:52:00+00:00,0,0
2026-04-08 19:01:00+00:00,0,0
2026-04-08 19:06:00+00:00,1,0
2026-04-08 19:07:00+00:00,1,0
2026-04-08 19:10:00+00:00,0,0
2026-04-08 19:30:00+00:00,1,0
2026-04-08 19:36:00+00:00,0,0
2026-04-08 19:41:00+00:00,0,0
2026-04-09 01:00:00+00:00,0,1
2026-04-09 01:02:00+00:00,0,1
2026-04-09 01:03:00+00:00,0,1
2026-04-09 01:06:00+00:00,0,1
2026-04-09 01:09:00+00:00,0,1
2026-04-09 01:11:00+00:00,0,1
2026-04-09 01:13:00+00:00,0,1
2026-04-09 01:14:00+00:00,0,1
2026-04-09 01:22:00+00:00,0,1
2026-04-09 01:27:00+00:00,1,1
2026-04-09 01:30:00+00:00,1,0
2026-04-09 01:34:00+00:00,0,1
2026-04-09 05:30:00+00:00,0,0
2026-04-09 05:57:00+00:00,0,0
2026-04-09 06:53:00+00:00,1,0
2026-04-09 06:54:00+00:00,1,0
2026-04-09 06:55:00+00:00,0,0
2026-04-09 07:01:00+00:00,0,0
2026-04-09 07:10:00+00:00,1,0
2026-04-09 07:19:00+00:00,0,0
2026-04-09 07:27:00+00:00,1,0
2026-04-09 07:30:00+00:00,0,1
2026-04-09 07:36:00+00:00,0,1
2026-04-09 07:41:00+00:00,0,1
2026-04-09 07:46:00+00:00,0,1
2026-04-09 07:50:00+00:00,0,1
2026-04-09 11:45:00+00:00,0,0
2026-04-09 12:05:00+00:00,0,0
2026-04-09 12:09:00+00:00,0,0
2026-04-09 12:30:00+00:00,0,0
2026-04-09 12:33:00+00:00,0,0
2026-04-09 12:42:00+00:00,0,0
2026-04-09 12:47:00+00:00,0,0
2026-04-09 13:00:00+00:00,1,1
2026-04-09 13:05:00+00:00,1,1
2026-04-09 13:10:00+00:00,1,0
2026-04-09 13:28:00+00:00,1,0
2026-04-09 13:29:00+00:00,1,0
2026-04-09 13:31:00+00:00,1,0
2026-04-09 13:32:00+00:00,1,0
2026-04-09 13:33:00+00:00,1,0
2026-04-09 13:35:00+00:00,0,1
2026-04-09 13:38:00+00:00,0,1
2026-04-09 13:40:00+00:00,0,1
2026-04-09 13:50:00+00:00,0,0
2026-04-09 13:51:00+00:00,0,1
2026-04-09 13:53:00+00:00,0,0
2026-04-09 14:01:00+00:00,0,0
2026-04-09 14:03:00+00:00,1,0
2026-04-09 14:12:00+00:00,1,0
2026-04-09 14:16:00+00:00,0,0
2026-04-09 14:18:00+00:00,0,0
2026-04-09 14:23:00+00:00,1,0
2026-04-09 14:26:00+00:00,1,1
2026-04-09 14:27:00+00:00,0,1
2026-04-09 14:31:00+00:00,0,1
2026-04-09 14:36:00+00:00,1,0
2026-04-09 14:37:00+00:00,1,1
2026-04-09 14:39:00+00:00,1,1
2026-04-09 14:45:00+00:00,1,1
2026-04-09 15:02:00+00:00,1,1
2026-04-09 15:15:00+00:00,1,0
2026-04-09 15:16:00+00:00,1,0
2026-04-09 15:17:00+00:00,1,0
2026-04-09 15:22:00+00:00,0,0
2026-04-09 15:32:00+00:00,0,0
2026-04-09 15:33:00+00:00,0,0
2026-04-09 15:38:00+00:00,0,1
2026-04-09 15:40:00+00:00,0,1
2026-04-09 15:46:00+00:00,0,1
2026-04-09 15:48:00+00:00,0,1
2026-04-09 15:49:00+00:00,0,0
2026-04-09 15:52:00+00:00,0,1
2026-04-09 15:58:00+00:00,0,0
2026-04-09 16:09:00+00:00,0,0
2026-04-09 16:18:00+00:00,0,0
2026-04-09 16:40:00+00:00,0,0
2026-04-09 16:50:00+00:00,0,0
2026-04-09 17:30:00+00:00,0,0
2026-04-09 17:38:00+00:00,1,0
2026-04-09 18:02:00+00:00,1,0
2026-04-09 18:03:00+00:00,0,0
2026-04-09 18:05:00+00:00,1,0
2026-04-09 18:07:00+00:00,0,0
2026-04-09 18:08:00+00:00,0,0
2026-04-09 18:09:00+00:00,0,0
2026-04-09 18:23:00+00:00,0,0
2026-04-09 18:30:00+00:00,0,0
2026-04-09 18:34:00+00:00,0,0
2026-04-09 19:55:00+00:00,0,0
2026-04-10 01:33:00+00:00,0,0
2026-04-10 01:34:00+00:00,1,0
2026-04-10 01:36:00+00:00,1,0
2026-04-10 01:50:00+00:00,1,0
2026-04-10 02:04:00+00:00,0,0
2026-04-10 02:32:00+00:00,0,0
2026-04-10 06:00:00+00:00,0,0
2026-04-10 06:49:00+00:00,0,0
2026-04-10 08:47:00+00:00,1,0
2026-04-10 08:51:00+00:00,1,0
2026-04-10 09:19:00+00:00,0,0
2026-04-10 09:20:00+00:00,0,1
2026-04-10 11:44:00+00:00,0,0
2026-04-10 12:30:00+00:00,0,1
2026-04-10 12:33:00+00:00,0,1
2026-04-10 12:42:00+00:00,0,1
2026-04-10 12:46:00+00:00,0,1
2026-04-10 12:48:00+00:00,0,1
2026-04-10 12:49:00+00:00,0,1
2026-04-10 12:54:00+00:00,0,1
2026-04-10 12:55:00+00:00,0,1
2026-04-10 13:03:00+00:00,0,1
2026-04-10 13:06:00+00:00,0,1
2026-04-10 13:30:00+00:00,0,1
2026-04-10 13:34:00+00:00,0,1
2026-04-10 13:37:00+00:00,0,1
2026-04-10 13:42:00+00:00,1,1
2026-04-10 14:02:00+00:00,0,0
2026-04-10 14:07:00+00:00,0,0
2026-04-10 14:10:00+00:00,1,1
2026-04-10 14:12:00+00:00,0,0
2026-04-10 14:14:00+00:00,0,0
2026-04-10 14:15:00+00:00,0,0
2026-04-10 14:16:00+00:00,0,1
2026-04-10 14:18:00+00:00,0,0
2026-04-10 14:30:00+00:00,1,1
2026-04-10 14:34:00+00:00,0,0
2026-04-10 14:42:00+00:00,0,0
2026-04-10 14:43:00+00:00,0,1
2026-04-10 14:48:00+00:00,0,1
2026-04-10 14:49:00+00:00,0,1
2026-04-10 14:50:00+00:00,0,1
2026-04-10 14:51:00+00:00,1,1
2026-04-10 14:54:00+00:00,0,1
2026-04-10 14:57:00+00:00,1,1
2026-04-10 14:58:00+00:00,0,1
2026-04-10 15:08:00+00:00,0,1
2026-04-10 15:09:00+00:00,1,1
2026-04-10 15:11:00+00:00,1,0
2026-04-10 15:15:00+00:00,1,0
2026-04-10 15:25:00+00:00,1,0
2026-04-10 15:29:00+00:00,1,0
2026-04-10 15:35:00+00:00,1,0
2026-04-10 15:36:00+00:00,0,0
2026-04-10 15:39:00+00:00,0,1
2026-04-10 15:42:00+00:00,0,1
2026-04-10 15:46:00+00:00,0,1
2026-04-10 15:47:00+00:00,1,1
2026-04-10 15:48:00+00:00,0,1
2026-04-10 15:55:00+00:00,0,0
2026-04-10 16:04:00+00:00,0,1
2026-04-10 16:07:00+00:00,0,1
2026-04-10 16:20:00+00:00,0,0
2026-04-10 16:24:00+00:00,0,0
2026-04-10 16:41:00+00:00,0,0
2026-04-10 17:29:00+00:00,0,0
2026-04-10 18:04:00+00:00,0,0
2026-04-10 18:08:00+00:00,0,0
2026-04-10 20:25:00+00:00,1,0
2026-04-12 22:06:00+00:00,0,0
2026-04-12 22:07:00+00:00,1,0
2026-04-12 22:08:00+00:00,0,0
2026-04-12 22:09:00+00:00,0,0
2026-04-12 22:10:00+00:00,1,0
2026-04-12 22:12:00+00:00,1,0
2026-04-12 22:19:00+00:00,1,1
2026-04-12 22:21:00+00:00,1,1
2026-04-12 22:23:00+00:00,0,1
2026-04-12 22:24:00+00:00,0,1
2026-04-12 22:25:00+00:00,0,0
2026-04-12 22:26:00+00:00,0,0
2026-04-12 22:27:00+00:00,0,0
2026-04-12 22:28:00+00:00,0,0
2026-04-12 22:33:00+00:00,0,0
2026-04-13 00:00:00+00:00,0,1
2026-04-13 00:59:00+00:00,1,1
2026-04-13 01:00:00+00:00,1,0
2026-04-13 01:01:00+00:00,0,1
2026-04-13 01:05:00+00:00,1,1
2026-04-13 01:07:00+00:00,0,1
2026-04-13 01:08:00+00:00,1,1
2026-04-13 01:09:00+00:00,0,1
2026-04-13 01:10:00+00:00,0,1
2026-04-13 01:20:00+00:00,0,1
2026-04-13 01:22:00+00:00,0,1
2026-04-13 01:30:00+00:00,0,0
2026-04-13 01:34:00+00:00,0,0
2026-04-13 01:36:00+00:00,0,1
2026-04-13 01:48:00+00:00,0,0
2026-04-13 01:55:00+00:00,0,0
2026-04-13 01:56:00+00:00,0,1
2026-04-13 02:30:00+00:00,0,0
2026-04-13 02:39:00+00:00,0,0
2026-04-13 07:01:00+00:00,0,0
2026-04-13 07:48:00+00:00,0,0
2026-04-13 09:09:00+00:00,0,0
2026-04-13 09:12:00+00:00,0,0
2026-04-13 11:43:00+00:00,0,0
2026-04-13 11:48:00+00:00,0,0
2026-04-13 12:01:00+00:00,0,0
2026-04-13 12:20:00+00:00,1,0
2026-04-13 13:01:00+00:00,0,0
2026-04-13 13:11:00+00:00,0,0
2026-04-13 13:47:00+00:00,0,0
2026-04-13 13:48:00+00:00,0,0
2026-04-13 13:49:00+00:00,1,1
2026-04-13 13:51:00+00:00,1,1
2026-04-13 13:52:00+00:00,0,1
2026-04-13 13:57:00+00:00,1,1
2026-04-13 14:01:00+00:00,0,1
2026-04-13 14:02:00+00:00,0,1
2026-04-13 14:15:00+00:00,0,1
2026-04-13 14:17:00+00:00,0,1
2026-04-13 14:30:00+00:00,0,0
2026-04-13 14:33:00+00:00,0,0
2026-04-13 14:34:00+00:00,0,0
2026-04-13 14:44:00+00:00,1,0
2026-04-13 14:47:00+00:00,0,0
2026-04-13 14:50:00+00:00,0,0
2026-04-13 15:00:00+00:00,0,0
2026-04-13 15:02:00+00:00,0,1
2026-04-13 15:05:00+00:00,0,0
2026-04-13 15:08:00+00:00,0,0
2026-04-13 15:09:00+00:00,0,1
2026-04-13 15:11:00+00:00,0,1
2026-04-13 15:24:00+00:00,0,0
2026-04-13 15:33:00+00:00,1,0
2026-04-13 16:06:00+00:00,1,0
2026-04-13 16:07:00+00:00,1,0
2026-04-13 16:33:00+00:00,0,0
2026-04-13 16:41:00+00:00,0,0
2026-04-13 16:43:00+00:00,0,0
2026-04-13 16:44:00+00:00,0,0
2026-04-13 16:50:00+00:00,0,0
2026-04-13 16:51:00+00:00,0,0
2026-04-13 17:07:00+00:00,1,0
2026-04-13 17:17:00+00:00,0,0
2026-04-13 17:18:00+00:00,0,0
2026-04-13 17:19:00+00:00,0,0
2026-04-13 17:29:00+00:00,0,0
2026-04-13 17:30:00+00:00,0,0
2026-04-13 17:53:00+00:00,0,0
2026-04-14 00:00:00+00:00,1,0
2026-04-14 01:00:00+00:00,0,0
2026-04-14 01:03:00+00:00,0,0
2026-04-14 01:05:00+00:00,0,0
2026-04-14 01:11:00+00:00,0,0
2026-04-14 01:12:00+00:00,0,0
2026-04-14 02:30:00+00:00,0,0
2026-04-14 06:00:00+00:00,0,0
2026-04-14 07:05:00+00:00,1,0
2026-04-14 07:10:00+00:00,1,0
2026-04-14 07:23:00+00:00,0,0
2026-04-14 07:25:00+00:00,0,0
2026-04-14 07:26:00+00:00,0,0
2026-04-14 08:06:00+00:00,0,0
2026-04-14 10:35:00+00:00,1,0
2026-04-14 10:38:00+00:00,0,0
2026-04-14 10:39:00+00:00,0,0
2026-04-14 10:40:00+00:00,0,0
2026-04-14 10:41:00+00:00,1,1
2026-04-14 10:42:00+00:00,0,1
2026-04-14 10:44:00+00:00,0,0
2026-04-14 11:58:00+00:00,0,0
2026-04-14 11:59:00+00:00,0,0
2026-04-14 12:17:00+00:00,0,0
2026-04-14 12:20:00+00:00,0,0
2026-04-14 12:23:00+00:00,0,0
2026-04-14 12:31:00+00:00,0,0
2026-04-14 12:51:00+00:00,1,0
2026-04-14 13:00:00+00:00,1,0
2026-04-14 13:33:00+00:00,0,0
2026-04-14 13:34:00+00:00,0,0
2026-04-14 13:39:00+00:00,0,0
2026-04-14 13:42:00+00:00,0,1
2026-04-14 13:50:00+00:00,1,0
2026-04-14 13:51:00+00:00,1,0
2026-04-14 13:58:00+00:00,1,0
2026-04-14 14:00:00+00:00,0,0
2026-04-14 14:03:00+00:00,0,1
2026-04-14 14:04:00+00:00,1,1
2026-04-14 14:09:00+00:00,0,0
2026-04-14 14:11:00+00:00,1,1
2026-04-14 14:14:00+00:00,1,0
2026-04-14 14:17:00+00:00,0,0
2026-04-14 14:19:00+00:00,0,0
2026-04-14 14:27:00+00:00,0,0
2026-04-14 14:38:00+00:00,0,0
2026-04-14 14:40:00+00:00,0,0
2026-04-14 14:44:00+00:00,0,0
2026-04-14 14:47:00+00:00,0,0
2026-04-14 14:55:00+00:00,0,0
2026-04-14 15:00:00+00:00,0,0
2026-04-14 15:02:00+00:00,0,0
2026-04-14 15:04:00+00:00,0,0
2026-04-14 15:11:00+00:00,1,0
2026-04-14 15:19:00+00:00,0,0
2026-04-14 15:30:00+00:00,0,0
2026-04-14 15:51:00+00:00,0,0
2026-04-14 16:19:00+00:00,0,0
2026-04-14 16:23:00+00:00,0,0
2026-04-14 17:03:00+00:00,1,0
2026-04-14 17:05:00+00:00,1,0
2026-04-14 17:06:00+00:00,0,1
2026-04-14 17:10:00+00:00,0,0
2026-04-14 17:31:00+00:00,0,0
2026-04-14 17:38:00+00:00,0,0
2026-04-14 18:10:00+00:00,0,0
2026-04-14 22:02:00+00:00,0,0
2026-04-15 01:01:00+00:00,1,0
2026-04-15 01:10:00+00:00,1,0
2026-04-15 01:11:00+00:00,0,0
2026-04-15 01:16:00+00:00,1,1
2026-04-15 01:18:00+00:00,1,1
2026-04-15 01:20:00+00:00,0,1
2026-04-15 01:21:00+00:00,0,1
2026-04-15 01:25:00+00:00,0,0
2026-04-15 01:27:00+00:00,0,1
2026-04-15 01:30:00+00:00,0,1
2026-04-15 02:30:00+00:00,0,0
2026-04-15 02:35:00+00:00,0,0
2026-04-15 02:38:00+00:00,0,0
2026-04-15 05:36:00+00:00,0,0
2026-04-15 05:37:00+00:00,0,0
2026-04-15 05:43:00+00:00,0,0
2026-04-15 05:44:00+00:00,0,0
2026-04-15 06:33:00+00:00,0,0
2026-04-15 06:47:00+00:00,0,0
2026-04-15 07:01:00+00:00,0,0
2026-04-15 09:02:00+00:00,1,0
2026-04-15 09:08:00+00:00,1,0
2026-04-15 09:11:00+00:00,0,0
2026-04-15 09:13:00+00:00,0,0
2026-04-15 09:30:00+00:00,0,0
2026-04-15 13:20:00+00:00,0,0
2026-04-15 13:31:00+00:00,0,1
2026-04-15 13:38:00+00:00,0,0
2026-04-15 13:43:00+00:00,0,0
2026-04-15 13:57:00+00:00,0,0
2026-04-15 14:02:00+00:00,0,0
2026-04-15 14:10:00+00:00,0,0
2026-04-15 14:11:00+00:00,0,0
2026-04-15 14:30:00+00:00,1,0
2026-04-15 14:38:00+00:00,0,0
2026-04-15 14:40:00+00:00,0,0
2026-04-15 15:03:00+00:00,1,0
2026-04-15 15:06:00+00:00,0,0
2026-04-15 15:07:00+00:00,0,0
2026-04-15 15:08:00+00:00,0,0
2026-04-15 15:12:00+00:00,1,0
2026-04-15 15:16:00+00:00,0,0
2026-04-15 15:18:00+00:00,1,0
2026-04-15 15:23:00+00:00,0,0
2026-04-15 15:29:00+00:00,0,0
2026-04-15 15:31:00+00:00,0,0
2026-04-15 15:40:00+00:00,0,0
2026-04-15 16:42:00+00:00,0,0
2026-04-15 17:28:00+00:00,0,0
2026-04-15 18:02:00+00:00,0,0
2026-04-16 00:00:00+00:00,0,0
2026-04-16 00:40:00+00:00,0,0
2026-04-16 01:35:00+00:00,0,0
2026-04-16 05:34:00+00:00,0,0
2026-04-16 06:54:00+00:00,0,0
2026-04-16 10:01:00+00:00,0,0
2026-04-16 12:33:00+00:00,0,0
2026-04-16 13:34:00+00:00,1,0
2026-04-16 13:41:00+00:00,1,0
2026-04-16 13:47:00+00:00,1,1
2026-04-16 13:51:00+00:00,1,0
2026-04-16 13:52:00+00:00,0,1
2026-04-16 14:02:00+00:00,0,0
2026-04-16 14:05:00+00:00,0,1
2026-04-16 14:07:00+00:00,1,1
2026-04-16 14:08:00+00:00,1,1
2026-04-16 14:32:00+00:00,0,0
2026-04-16 14:39:00+00:00,0,0
2026-04-16 14:40:00+00:00,1,0
2026-04-16 14:41:00+00:00,1,0
2026-04-16 14:43:00+00:00,1,0
2026-04-16 14:45:00+00:00,1,1
2026-04-16 14:51:00+00:00,1,1
2026-04-16 15:05:00+00:00,0,0
2026-04-16 15:08:00+00:00,0,0
2026-04-16 15:18:00+00:00,0,0
2026-04-16 15:36:00+00:00,0,0
2026-04-16 15:37:00+00:00,0,0
2026-04-16 16:33:00+00:00,0,0
2026-04-16 16:35:00+00:00,0,0
2026-04-16 16:50:00+00:00,0,0
2026-04-16 17:28:00+00:00,0,0
2026-04-16 17:29:00+00:00,0,0
2026-04-16 17:59:00+00:00,0,0
2026-04-17 01:09:00+00:00,0,0
2026-04-17 01:11:00+00:00,0,0
2026-04-17 01:31:00+00:00,0,0
2026-04-17 01:55:00+00:00,0,0
2026-04-17 11:45:00+00:00,0,0
2026-04-17 12:24:00+00:00,1,0
2026-04-17 12:25:00+00:00,1,0
2026-04-17 12:26:00+00:00,1,0
2026-04-17 12:47:00+00:00,1,0
2026-04-17 12:49:00+00:00,1,1
2026-04-17 12:52:00+00:00,1,1
2026-04-17 12:57:00+00:00,1,0
2026-04-17 12:59:00+00:00,0,1
2026-04-17 13:00:00+00:00,1,0
2026-04-17 13:04:00+00:00,1,0
2026-04-17 13:06:00+00:00,1,0
2026-04-17 13:07:00+00:00,1,1
2026-04-17 13:09:00+00:00,0,1
2026-04-17 13:10:00+00:00,1,0
2026-04-17 13:11:00+00:00,1,0
2026-04-17 13:15:00+00:00,1,0
2026-04-17 13:16:00+00:00,0,0
2026-04-17 13:17:00+00:00,0,0
2026-04-17 13:18:00+00:00,0,1
2026-04-17 13:19:00+00:00,0,1
2026-04-17 13:20:00+00:00,1,1
2026-04-17 13:22:00+00:00,1,1
2026-04-17 13:24:00+00:00,0,1
2026-04-17 13:27:00+00:00,1,1
2026-04-17 13:34:00+00:00,1,1
2026-04-17 13:35:00+00:00,1,1
2026-04-17 13:36:00+00:00,0,1
2026-04-17 13:41:00+00:00,0,1
2026-04-17 13:44:00+00:00,0,1
2026-04-17 13:45:00+00:00,0,1
2026-04-17 13:46:00+00:00,1,1
2026-04-17 13:47:00+00:00,1,1
2026-04-17 13:48:00+00:00,1,1
2026-04-17 13:49:00+00:00,1,1
2026-04-17 13:54:00+00:00,0,1
2026-04-17 14:02:00+00:00,0,1
2026-04-17 14:06:00+00:00,0,1
2026-04-17 14:12:00+00:00,1,0
2026-04-17 14:14:00+00:00,0,0
2026-04-17 14:15:00+00:00,0,1
2026-04-17 14:17:00+00:00,0,1
2026-04-17 14:21:00+00:00,0,1
2026-04-17 14:28:00+00:00,0,1
2026-04-17 14:33:00+00:00,0,0
2026-04-17 14:36:00+00:00,0,1
2026-04-17 14:40:00+00:00,0,0
2026-04-17 14:43:00+00:00,0,0
2026-04-17 14:50:00+00:00,0,1
2026-04-17 14:52:00+00:00,0,1
2026-04-17 14:54:00+00:00,0,1
2026-04-17 14:59:00+00:00,0,1
2026-04-17 15:00:00+00:00,0,1
2026-04-17 15:03:00+00:00,0,1
2026-04-17 15:06:00+00:00,1,1
2026-04-17 15:10:00+00:00,0,1
2026-04-17 15:16:00+00:00,0,1
2026-04-17 15:19:00+00:00,0,1
2026-04-17 15:23:00+00:00,0,0
2026-04-17 15:25:00+00:00,0,1
2026-04-17 15:26:00+00:00,0,0
2026-04-17 15:31:00+00:00,0,1
2026-04-17 15:42:00+00:00,0,1
2026-04-17 15:43:00+00:00,0,1
2026-04-17 16:00:00+00:00,0,0
2026-04-17 16:01:00+00:00,0,0
2026-04-17 16:08:00+00:00,0,0
2026-04-17 17:08:00+00:00,0,0
2026-04-17 17:24:00+00:00,0,0
2026-04-17 17:25:00+00:00,0,0
2026-04-19 22:01:00+00:00,0,0
2026-04-19 22:04:00+00:00,1,0
2026-04-19 22:06:00+00:00,0,0
2026-04-19 22:09:00+00:00,0,0
2026-04-19 22:10:00+00:00,0,0
2026-04-19 22:11:00+00:00,0,0
2026-04-19 22:12:00+00:00,0,0
2026-04-19 23:43:00+00:00,0,1
2026-04-19 23:45:00+00:00,1,0
2026-04-19 23:48:00+00:00,1,1
2026-04-20 00:00:00+00:00,0,1
2026-04-20 00:02:00+00:00,0,1
2026-04-20 00:07:00+00:00,0,1
2026-04-20 00:15:00+00:00,1,0
2026-04-20 00:59:00+00:00,1,0
2026-04-20 01:00:00+00:00,1,0
2026-04-20 01:03:00+00:00,1,0
2026-04-20 01:06:00+00:00,1,0
2026-04-20 01:08:00+00:00,1,0
2026-04-20 01:15:00+00:00,1,1
2026-04-20 01:31:00+00:00,0,0
2026-04-20 01:48:00+00:00,0,0
2026-04-20 05:30:00+00:00,0,0
2026-04-20 05:31:00+00:00,0,0
2026-04-20 05:42:00+00:00,0,0
2026-04-20 05:45:00+00:00,0,0
2026-04-20 05:54:00+00:00,0,1
2026-04-20 06:00:00+00:00,0,1
2026-04-20 06:02:00+00:00,0,1
2026-04-20 06:30:00+00:00,0,0
2026-04-20 06:56:00+00:00,0,0
2026-04-20 06:58:00+00:00,0,0
2026-04-20 07:18:00+00:00,0,0
2026-04-20 07:30:00+00:00,0,0
2026-04-20 11:53:00+00:00,0,0
2026-04-20 12:06:00+00:00,0,0
2026-04-20 12:15:00+00:00,0,0
2026-04-20 12:20:00+00:00,1,0
2026-04-20 12:22:00+00:00,0,0
2026-04-20 12:27:00+00:00,0,0
2026-04-20 13:00:00+00:00,1,0
2026-04-20 13:08:00+00:00,0,0
2026-04-20 13:12:00+00:00,0,0
2026-04-20 13:27:00+00:00,0,0
2026-04-20 13:29:00+00:00,0,0
2026-04-20 13:31:00+00:00,0,1
2026-04-20 13:34:00+00:00,0,0
2026-04-20 13:38:00+00:00,0,0
2026-04-20 13:46:00+00:00,0,0
2026-04-20 13:47:00+00:00,0,0
2026-04-20 14:04:00+00:00,0,0
2026-04-20 14:08:00+00:00,0,0
2026-04-20 14:10:00+00:00,0,0
2026-04-20 14:13:00+00:00,0,0
2026-04-20 14:14:00+00:00,0,0
2026-04-20 14:34:00+00:00,1,0
2026-04-20 14:51:00+00:00,0,0
2026-04-20 14:54:00+00:00,0,0
2026-04-20 14:55:00+00:00,0,0
2026-04-20 15:03:00+00:00,0,0
2026-04-20 15:08:00+00:00,0,0
2026-04-20 15:10:00+00:00,0,0
2026-04-20 15:12:00+00:00,0,0
2026-04-20 15:14:00+00:00,0,0
2026-04-20 15:15:00+00:00,0,0
2026-04-20 15:18:00+00:00,0,0
2026-04-20 15:30:00+00:00,0,0
2026-04-20 17:24:00+00:00,0,0
2026-04-20 22:03:00+00:00,0,0
2026-04-21 00:25:00+00:00,0,0
2026-04-21 01:02:00+00:00,0,0
2026-04-21 05:30:00+00:00,0,0
2026-04-21 06:01:00+00:00,0,0
2026-04-21 06:02:00+00:00,0,0
2026-04-21 06:03:00+00:00,0,0
2026-04-21 06:04:00+00:00,0,0
2026-04-21 06:12:00+00:00,0,0
2026-04-21 06:21:00+00:00,0,0
2026-04-21 07:02:00+00:00,0,0
2026-04-21 07:10:00+00:00,0,0
2026-04-21 07:15:00+00:00,0,0
2026-04-21 08:06:00+00:00,0,0
2026-04-21 08:11:00+00:00,0,0
2026-04-21 11:09:00+00:00,0,0
2026-04-21 12:19:00+00:00,0,0
2026-04-21 12:30:00+00:00,0,0
2026-04-21 12:32:00+00:00,1,0
2026-04-21 12:38:00+00:00,1,1
2026-04-21 13:02:00+00:00,0,0
2026-04-21 13:04:00+00:00,0,1
2026-04-21 13:05:00+00:00,0,0
2026-04-21 13:06:00+00:00,0,0
2026-04-21 13:08:00+00:00,1,1
2026-04-21 13:14:00+00:00,1,0
2026-04-21 13:15:00+00:00,1,1
2026-04-21 13:31:00+00:00,0,0
2026-04-21 13:32:00+00:00,0,0
2026-04-21 13:35:00+00:00,1,1
2026-04-21 13:38:00+00:00,0,0
2026-04-21 13:39:00+00:00,0,0
2026-04-21 13:40:00+00:00,0,1
2026-04-21 13:41:00+00:00,0,1
2026-04-21 13:46:00+00:00,1,0
2026-04-21 13:57:00+00:00,1,0
2026-04-21 14:00:00+00:00,1,0
2026-04-21 14:04:00+00:00,1,0
2026-04-21 14:20:00+00:00,1,0
2026-04-21 14:33:00+00:00,1,0
2026-04-21 14:36:00+00:00,1,0
2026-04-21 14:39:00+00:00,1,0
2026-04-21 14:40:00+00:00,1,0
2026-04-21 14:43:00+00:00,1,0
2026-04-21 14:44:00+00:00,0,0
2026-04-21 14:46:00+00:00,1,1
2026-04-21 14:48:00+00:00,1,1
2026-04-21 14:49:00+00:00,1,1
2026-04-21 14:51:00+00:00,1,1
2026-04-21 14:52:00+00:00,1,1
2026-04-21 14:55:00+00:00,1,1
2026-04-21 14:56:00+00:00,0,1
2026-04-21 14:57:00+00:00,1,1
2026-04-21 15:00:00+00:00,1,1
2026-04-21 15:07:00+00:00,1,1
2026-04-21 15:09:00+00:00,0,1
2026-04-21 15:10:00+00:00,0,1
2026-04-21 15:18:00+00:00,0,0
2026-04-21 15:19:00+00:00,0,0
2026-04-21 15:22:00+00:00,0,0
2026-04-21 15:23:00+00:00,0,0
2026-04-21 15:26:00+00:00,0,0
2026-04-21 15:37:00+00:00,0,0
2026-04-21 15:42:00+00:00,0,0
2026-04-21 16:04:00+00:00,1,0
2026-04-21 16:25:00+00:00,1,0
2026-04-21 16:29:00+00:00,0,0
2026-04-21 16:32:00+00:00,1,0
2026-04-21 16:33:00+00:00,1,0
2026-04-21 16:51:00+00:00,0,0
2026-04-21 16:53:00+00:00,0,0
2026-04-21 16:55:00+00:00,0,0
2026-04-21 17:01:00+00:00,1,0
2026-04-21 17:10:00+00:00,0,0
2026-04-21 17:18:00+00:00,1,0
2026-04-21 17:26:00+00:00,1,0
2026-04-21 17:32:00+00:00,0,0
2026-04-21 17:38:00+00:00,0,0
2026-04-21 17:42:00+00:00,1,0
2026-04-21 17:43:00+00:00,1,0
2026-04-21 17:45:00+00:00,1,0
2026-04-21 18:16:00+00:00,0,0
2026-04-21 18:22:00+00:00,1,0
2026-04-21 18:54:00+00:00,0,0
2026-04-21 18:57:00+00:00,1,0
2026-04-21 19:14:00+00:00,1,0
2026-04-21 19:21:00+00:00,1,0
2026-04-21 19:35:00+00:00,1,0
2026-04-21 19:38:00+00:00,1,0
2026-04-21 19:41:00+00:00,0,0
2026-04-21 19:42:00+00:00,1,0
2026-04-21 19:43:00+00:00,1,0
2026-04-21 19:45:00+00:00,1,0
2026-04-21 19:46:00+00:00,1,0
2026-04-21 19:47:00+00:00,0,0
2026-04-21 19:55:00+00:00,0,0
2026-04-21 20:09:00+00:00,1,1
2026-04-21 20:10:00+00:00,1,1
2026-04-21 20:11:00+00:00,1,1
2026-04-21 20:16:00+00:00,1,0
2026-04-21 20:18:00+00:00,1,1
2026-04-21 22:02:00+00:00,0,0
2026-04-22 00:00:00+00:00,0,0
2026-04-22 01:04:00+00:00,0,0
2026-04-22 01:07:00+00:00,0,0
2026-04-22 01:08:00+00:00,0,0
2026-04-22 05:16:00+00:00,0,0
2026-04-22 05:18:00+00:00,0,0
2026-04-22 06:00:00+00:00,0,0
2026-04-22 12:29:00+00:00,0,0
2026-04-22 12:30:00+00:00,0,0
2026-04-22 12:35:00+00:00,0,0
2026-04-22 12:48:00+00:00,0,0
2026-04-22 13:09:00+00:00,0,0
2026-04-22 13:19:00+00:00,0,0
2026-04-22 13:30:00+00:00,0,0
2026-04-22 14:09:00+00:00,0,0
2026-04-22 14:11:00+00:00,0,0
2026-04-22 14:30:00+00:00,0,0
2026-04-22 14:35:00+00:00,0,0
2026-04-22 14:41:00+00:00,0,0
2026-04-22 15:10:00+00:00,0,0
2026-04-22 15:17:00+00:00,0,0
2026-04-22 15:35:00+00:00,0,0
2026-04-22 17:01:00+00:00,0,0
2026-04-22 18:48:00+00:00,0,0
2026-04-23 00:09:00+00:00,0,0
2026-04-23 00:10:00+00:00,0,0
2026-04-23 00:12:00+00:00,0,0
2026-04-23 00:13:00+00:00,1,1
2026-04-23 00:14:00+00:00,1,0
2026-04-23 00:17:00+00:00,1,0
2026-04-23 00:18:00+00:00,1,1
2026-04-23 00:19:00+00:00,1,1
2026-04-23 00:20:00+00:00,1,1
2026-04-23 00:25:00+00:00,0,1
2026-04-23 00:26:00+00:00,0,1
2026-04-23 00:28:00+00:00,0,1
2026-04-23 00:30:00+00:00,0,1
2026-04-23 00:31:00+00:00,0,1
2026-04-23 00:35:00+00:00,0,1
2026-04-23 01:00:00+00:00,0,0
2026-04-23 01:02:00+00:00,1,0
2026-04-23 01:03:00+00:00,1,1
2026-04-23 01:29:00+00:00,1,0
2026-04-23 01:51:00+00:00,1,0
2026-04-23 01:53:00+00:00,1,0
2026-04-23 02:08:00+00:00,0,0
2026-04-23 02:10:00+00:00,0,0
2026-04-23 02:12:00+00:00,0,0
2026-04-23 02:13:00+00:00,0,0
2026-04-23 02:20:00+00:00,0,0
2026-04-23 02:23:00+00:00,0,0
2026-04-23 02:30:00+00:00,0,0
2026-04-23 02:37:00+00:00,0,0
2026-04-23 02:42:00+00:00,0,0
2026-04-23 02:47:00+00:00,0,0
2026-04-23 02:54:00+00:00,0,0
2026-04-23 02:55:00+00:00,0,0
2026-04-23 03:01:00+00:00,0,0
2026-04-23 03:06:00+00:00,0,0
2026-04-23 05:30:00+00:00,1,0
2026-04-23 05:31:00+00:00,0,0
2026-04-23 05:50:00+00:00,0,0
2026-04-23 07:00:00+00:00,0,0
2026-04-23 07:10:00+00:00,0,0
2026-04-23 07:20:00+00:00,0,0
2026-04-23 08:00:00+00:00,1,0
2026-04-23 08:32:00+00:00,0,0
2026-04-23 08:47:00+00:00,0,0
2026-04-23 10:14:00+00:00,0,0
2026-04-23 10:15:00+00:00,0,0
2026-04-23 10:17:00+00:00,0,0
2026-04-23 10:33:00+00:00,0,0
2026-04-23 11:52:00+00:00,1,0
2026-04-23 12:00:00+00:00,0,1
2026-04-23 12:01:00+00:00,0,1
2026-04-23 12:05:00+00:00,0,0
2026-04-23 12:45:00+00:00,0,0
2026-04-23 12:46:00+00:00,0,1
2026-04-23 13:00:00+00:00,0,0
2026-04-23 13:23:00+00:00,0,0
2026-04-23 13:34:00+00:00,0,0
2026-04-23 13:38:00+00:00,0,0
2026-04-23 13:51:00+00:00,1,0
2026-04-23 13:54:00+00:00,0,0
2026-04-23 13:55:00+00:00,0,0
2026-04-23 13:58:00+00:00,0,0
2026-04-23 13:59:00+00:00,0,1
2026-04-23 14:00:00+00:00,0,0
2026-04-23 14:04:00+00:00,0,0
2026-04-23 14:05:00+00:00,0,1
2026-04-23 14:06:00+00:00,0,0
2026-04-23 14:38:00+00:00,0,0
2026-04-23 14:46:00+00:00,0,0
2026-04-23 15:44:00+00:00,0,0
2026-04-23 15:45:00+00:00,0,0
2026-04-23 15:54:00+00:00,0,0
2026-04-23 17:01:00+00:00,1,0
2026-04-23 17:08:00+00:00,1,0
2026-04-23 17:09:00+00:00,1,0
2026-04-23 17:25:00+00:00,0,0
2026-04-23 17:26:00+00:00,1,0
2026-04-23 17:28:00+00:00,0,0
2026-04-23 17:29:00+00:00,0,1
2026-04-23 17:36:00+00:00,0,1
2026-04-23 17:39:00+00:00,0,1
2026-04-23 17:40:00+00:00,0,1
2026-04-23 17:41:00+00:00,0,0
2026-04-23 17:42:00+00:00,0,1
2026-04-23 17:44:00+00:00,0,1
2026-04-23 17:46:00+00:00,1,0
2026-04-23 17:47:00+00:00,1,1
2026-04-23 17:53:00+00:00,1,1
2026-04-23 17:54:00+00:00,1,1
2026-04-23 17:55:00+00:00,0,1
2026-04-23 17:58:00+00:00,0,1
2026-04-23 18:01:00+00:00,0,1
2026-04-23 18:10:00+00:00,0,0
2026-04-23 18:11:00+00:00,0,0
2026-04-23 18:29:00+00:00,1,0
2026-04-23 18:42:00+00:00,0,0
2026-04-23 19:11:00+00:00,0,0
2026-04-23 19:58:00+00:00,0,0
2026-04-24 00:00:00+00:00,0,0
2026-04-24 00:03:00+00:00,0,0
2026-04-24 01:01:00+00:00,0,0
2026-04-24 01:31:00+00:00,0,0
2026-04-24 01:43:00+00:00,0,0
2026-04-24 02:24:00+00:00,0,0
2026-04-24 02:36:00+00:00,0,0
2026-04-24 02:48:00+00:00,0,0
2026-04-24 02:55:00+00:00,0,0
2026-04-24 04:22:00+00:00,0,0
2026-04-24 04:47:00+00:00,0,0
2026-04-24 06:30:00+00:00,0,0
2026-04-24 08:15:00+00:00,0,0
2026-04-24 11:00:00+00:00,1,0
2026-04-24 11:06:00+00:00,1,0
2026-04-24 11:07:00+00:00,0,1
2026-04-24 11:08:00+00:00,1,0
2026-04-24 11:16:00+00:00,1,1
2026-04-24 11:21:00+00:00,0,1
2026-04-24 11:22:00+00:00,0,1
2026-04-24 11:23:00+00:00,0,0
2026-04-24 11:26:00+00:00,0,0
2026-04-24 11:30:00+00:00,0,0
2026-04-24 11:31:00+00:00,0,1
2026-04-24 11:32:00+00:00,0,1
2026-04-24 12:49:00+00:00,0,0
2026-04-24 13:08:00+00:00,0,0
2026-04-24 13:21:00+00:00,1,0
2026-04-24 13:38:00+00:00,1,0
2026-04-24 13:39:00+00:00,1,0
2026-04-24 13:40:00+00:00,1,0
2026-04-24 13:48:00+00:00,0,0
2026-04-24 13:57:00+00:00,1,0
2026-04-24 14:38:00+00:00,0,0
2026-04-24 14:43:00+00:00,0,0
2026-04-24 15:32:00+00:00,0,0
2026-04-24 15:34:00+00:00,0,0
2026-04-24 15:44:00+00:00,0,0
2026-04-24 15:50:00+00:00,0,1
2026-04-24 15:51:00+00:00,0,1
2026-04-24 15:52:00+00:00,0,1
2026-04-24 17:24:00+00:00,0,0
2026-04-26 22:06:00+00:00,0,0
2026-04-26 22:09:00+00:00,0,1
2026-04-26 22:11:00+00:00,0,0
2026-04-27 00:58:00+00:00,0,0
2026-04-27 01:01:00+00:00,0,0
2026-04-27 01:06:00+00:00,0,0
2026-04-27 01:13:00+00:00,0,0
2026-04-27 02:38:00+00:00,0,0
2026-04-27 06:30:00+00:00,0,0
2026-04-27 13:01:00+00:00,0,0
2026-04-27 13:15:00+00:00,0,0
2026-04-27 13:31:00+00:00,0,0
2026-04-27 13:33:00+00:00,0,0
2026-04-27 13:49:00+00:00,0,0
2026-04-27 14:11:00+00:00,0,0
2026-04-27 14:26:00+00:00,1,0
2026-04-27 14:35:00+00:00,1,0
2026-04-27 14:52:00+00:00,0,0
2026-04-27 14:53:00+00:00,0,0
2026-04-27 15:02:00+00:00,0,0
2026-04-27 15:10:00+00:00,0,0
2026-04-27 15:22:00+00:00,0,0
2026-04-27 15:29:00+00:00,0,0
2026-04-28 01:57:00+00:00,0,0
2026-04-28 02:00:00+00:00,0,0
2026-04-28 02:03:00+00:00,0,0
2026-04-28 02:05:00+00:00,0,0
2026-04-28 05:06:00+00:00,1,0
2026-04-28 05:30:00+00:00,1,0
2026-04-28 05:34:00+00:00,1,0
2026-04-28 05:35:00+00:00,0,1
2026-04-28 05:40:00+00:00,0,0
2026-04-28 05:44:00+00:00,0,0
2026-04-28 06:02:00+00:00,0,0
2026-04-28 06:04:00+00:00,0,0
2026-04-28 06:22:00+00:00,0,0
2026-04-28 06:27:00+00:00,0,1
2026-04-28 06:46:00+00:00,0,0
2026-04-28 06:50:00+00:00,0,0
2026-04-28 07:00:00+00:00,0,0
2026-04-28 07:02:00+00:00,0,0
2026-04-28 07:04:00+00:00,0,0
2026-04-28 07:34:00+00:00,0,0
2026-04-28 07:55:00+00:00,0,1
2026-04-28 07:56:00+00:00,0,1
2026-04-28 07:57:00+00:00,0,1
2026-04-28 08:00:00+00:00,0,1
2026-04-28 08:01:00+00:00,0,1
2026-04-28 08:02:00+00:00,0,1
2026-04-28 08:06:00+00:00,0,1
2026-04-28 08:11:00+00:00,0,1
2026-04-28 08:30:00+00:00,0,0
2026-04-28 09:44:00+00:00,0,0
2026-04-28 09:47:00+00:00,0,0
2026-04-28 09:57:00+00:00,0,0
2026-04-28 10:00:00+00:00,0,0
2026-04-28 11:22:00+00:00,1,0
2026-04-28 11:30:00+00:00,1,0
2026-04-28 11:31:00+00:00,1,1
2026-04-28 11:36:00+00:00,0,0
2026-04-28 11:37:00+00:00,0,0
2026-04-28 11:39:00+00:00,0,0
2026-04-28 11:40:00+00:00,0,0
2026-04-28 11:46:00+00:00,0,1
2026-04-28 11:48:00+00:00,1,1
2026-04-28 11:51:00+00:00,1,1
2026-04-28 11:52:00+00:00,1,1
2026-04-28 12:00:00+00:00,1,1
2026-04-28 12:02:00+00:00,1,1
2026-04-28 12:03:00+00:00,1,1
2026-04-28 12:05:00+00:00,1,1
2026-04-28 12:08:00+00:00,1,1
2026-04-28 12:09:00+00:00,1,0
2026-04-28 12:18:00+00:00,1,0
2026-04-28 12:20:00+00:00,1,1
2026-04-28 12:21:00+00:00,0,1
2026-04-28 12:24:00+00:00,1,1
2026-04-28 12:25:00+00:00,1,1
2026-04-28 12:26:00+00:00,1,0
2026-04-28 12:30:00+00:00,1,1
2026-04-28 12:32:00+00:00,1,1
2026-04-28 12:35:00+00:00,0,1
2026-04-28 12:47:00+00:00,1,1
2026-04-28 12:50:00+00:00,1,1
2026-04-28 13:00:00+00:00,0,0
2026-04-28 13:02:00+00:00,0,1
2026-04-28 13:04:00+00:00,0,1
2026-04-28 13:06:00+00:00,0,0
2026-04-28 13:08:00+00:00,0,1
2026-04-28 13:12:00+00:00,0,0
2026-04-28 13:18:00+00:00,0,0
2026-04-28 13:29:00+00:00,0,0
2026-04-28 13:30:00+00:00,0,1
2026-04-28 13:31:00+00:00,0,1
2026-04-28 13:32:00+00:00,0,1
2026-04-28 13:33:00+00:00,0,1
2026-04-28 13:40:00+00:00,0,1
2026-04-28 13:41:00+00:00,0,1
2026-04-28 13:42:00+00:00,1,1
2026-04-28 13:44:00+00:00,0,1
2026-04-28 13:45:00+00:00,1,1
2026-04-28 13:49:00+00:00,1,1
2026-04-28 13:53:00+00:00,1,1
2026-04-28 13:55:00+00:00,0,1
2026-04-28 14:00:00+00:00,0,1
2026-04-28 14:02:00+00:00,0,1
2026-04-28 14:04:00+00:00,0,1
2026-04-28 14:05:00+00:00,0,1
2026-04-28 14:06:00+00:00,0,1
2026-04-28 14:09:00+00:00,0,1
2026-04-28 14:13:00+00:00,0,1
2026-04-28 14:16:00+00:00,0,1
2026-04-28 14:17:00+00:00,0,0
2026-04-28 14:22:00+00:00,0,1
2026-04-28 14:33:00+00:00,0,0
2026-04-28 14:35:00+00:00,0,1
2026-04-28 14:39:00+00:00,1,0
2026-04-28 14:41:00+00:00,0,1
2026-04-28 14:51:00+00:00,1,1
2026-04-28 14:52:00+00:00,0,1
2026-04-28 14:56:00+00:00,0,1
2026-04-28 14:59:00+00:00,0,0
2026-04-28 15:00:00+00:00,0,1
2026-04-28 15:01:00+00:00,0,1
2026-04-28 15:06:00+00:00,0,1
2026-04-28 15:16:00+00:00,0,0
2026-04-28 15:24:00+00:00,0,0
2026-04-28 15:26:00+00:00,0,0
2026-04-28 15:31:00+00:00,0,0
2026-04-28 15:37:00+00:00,0,0
2026-04-28 15:52:00+00:00,0,0
2026-04-28 16:17:00+00:00,0,0
2026-04-28 16:52:00+00:00,0,0
2026-04-28 17:24:00+00:00,0,0
2026-04-29 00:00:00+00:00,0,0
2026-04-29 01:00:00+00:00,0,0
2026-04-29 01:02:00+00:00,0,0
2026-04-29 01:04:00+00:00,0,0
2026-04-29 01:07:00+00:00,0,0
2026-04-29 01:08:00+00:00,0,0
2026-04-29 01:09:00+00:00,0,0
2026-04-29 01:16:00+00:00,0,0
2026-04-29 01:38:00+00:00,0,0
2026-04-29 01:41:00+00:00,0,0
2026-04-29 02:00:00+00:00,0,0
2026-04-29 02:01:00+00:00,0,1
2026-04-29 02:06:00+00:00,0,0
2026-04-29 06:00:00+00:00,0,0
2026-04-29 06:11:00+00:00,0,0
2026-04-29 07:26:00+00:00,0,0
2026-04-29 07:27:00+00:00,0,0
2026-04-29 07:39:00+00:00,0,0
2026-04-29 07:46:00+00:00,0,0
2026-04-29 08:00:00+00:00,0,0
2026-04-29 08:02:00+00:00,0,0
2026-04-29 08:38:00+00:00,0,0
2026-04-29 09:44:00+00:00,0,0
2026-04-29 09:50:00+00:00,1,0
2026-04-29 09:56:00+00:00,1,0
2026-04-29 10:03:00+00:00,0,0
2026-04-29 12:30:00+00:00,0,0
2026-04-29 12:51:00+00:00,1,0
2026-04-29 12:57:00+00:00,1,0
2026-04-29 12:59:00+00:00,1,0
2026-04-29 13:00:00+00:00,1,0
2026-04-29 13:20:00+00:00,1,0
2026-04-29 13:30:00+00:00,1,0
2026-04-29 13:31:00+00:00,1,0
2026-04-29 13:38:00+00:00,0,0
2026-04-29 13:39:00+00:00,0,0
2026-04-29 13:40:00+00:00,0,0
2026-04-29 13:43:00+00:00,1,1
2026-04-29 13:45:00+00:00,1,0
2026-04-29 13:46:00+00:00,1,1
2026-04-29 13:47:00+00:00,1,1
2026-04-29 13:50:00+00:00,1,1
2026-04-29 13:55:00+00:00,0,1
2026-04-29 14:01:00+00:00,0,1
2026-04-29 14:07:00+00:00,1,1
2026-04-29 14:10:00+00:00,0,1
2026-04-29 14:12:00+00:00,0,1
2026-04-29 14:16:00+00:00,0,0
2026-04-29 14:17:00+00:00,0,0
2026-04-29 14:18:00+00:00,0,0
2026-04-29 14:31:00+00:00,0,0
2026-04-29 14:33:00+00:00,0,0
2026-04-29 14:54:00+00:00,0,0
2026-04-29 15:00:00+00:00,0,0
2026-04-29 15:06:00+00:00,0,0
2026-04-29 15:11:00+00:00,0,0
2026-04-29 15:36:00+00:00,0,0
2026-04-29 15:40:00+00:00,0,0
2026-04-29 15:45:00+00:00,0,0
2026-04-29 15:53:00+00:00,0,0
2026-04-29 15:56:00+00:00,1,0
2026-04-29 16:00:00+00:00,0,0
2026-04-29 16:02:00+00:00,0,0
2026-04-29 16:03:00+00:00,0,0
2026-04-29 16:30:00+00:00,0,0
2026-04-29 16:36:00+00:00,0,0
2026-04-29 18:00:00+00:00,1,0
2026-04-29 18:01:00+00:00,1,0
2026-04-29 18:06:00+00:00,0,1
2026-04-29 18:14:00+00:00,0,0
2026-04-29 18:16:00+00:00,0,1
2026-04-29 18:19:00+00:00,0,1
2026-04-29 18:20:00+00:00,0,0
2026-04-29 18:31:00+00:00,1,1
2026-04-29 18:34:00+00:00,1,0
2026-04-29 18:36:00+00:00,0,1
2026-04-29 18:37:00+00:00,0,1
2026-04-29 18:41:00+00:00,1,1
2026-04-29 18:44:00+00:00,1,1
2026-04-29 18:47:00+00:00,1,0
2026-04-29 18:50:00+00:00,0,1
2026-04-29 18:55:00+00:00,0,1
2026-04-29 19:00:00+00:00,0,1
2026-04-29 19:06:00+00:00,0,1
2026-04-29 19:14:00+00:00,0,0
2026-04-29 20:06:00+00:00,0,0
2026-04-30 00:18:00+00:00,0,0
2026-04-30 01:28:00+00:00,0,0
2026-04-30 01:35:00+00:00,0,0
2026-04-30 02:30:00+00:00,0,0
2026-04-30 04:30:00+00:00,0,0
2026-04-30 05:31:00+00:00,0,0
2026-04-30 06:03:00+00:00,0,0
2026-04-30 06:04:00+00:00,0,0
2026-04-30 06:26:00+00:00,1,0
2026-04-30 06:57:00+00:00,0,0
2026-04-30 07:16:00+00:00,0,0
2026-04-30 08:03:00+00:00,1,1
2026-04-30 08:04:00+00:00,0,0
2026-04-30 08:05:00+00:00,0,0
2026-04-30 08:11:00+00:00,0,1
2026-04-30 08:12:00+00:00,0,1
2026-04-30 09:10:00+00:00,0,0
2026-04-30 09:28:00+00:00,0,0
2026-04-30 10:27:00+00:00,0,0
2026-04-30 10:29:00+00:00,0,0
2026-04-30 10:34:00+00:00,0,0
2026-04-30 11:09:00+00:00,0,0
2026-04-30 11:13:00+00:00,0,0
2026-04-30 11:27:00+00:00,0,0
2026-04-30 11:29:00+00:00,0,0
2026-04-30 11:30:00+00:00,0,1
2026-04-30 12:02:00+00:00,0,0
2026-04-30 12:16:00+00:00,0,0
2026-04-30 12:20:00+00:00,0,0
2026-04-30 12:51:00+00:00,0,0
2026-04-30 12:56:00+00:00,1,0
2026-04-30 13:09:00+00:00,1,0
2026-04-30 13:16:00+00:00,0,0
2026-04-30 14:08:00+00:00,0,0
2026-04-30 14:09:00+00:00,0,1
2026-04-30 14:10:00+00:00,0,1
2026-04-30 14:16:00+00:00,0,0
2026-04-30 14:18:00+00:00,0,0
2026-04-30 14:22:00+00:00,0,0
2026-04-30 14:30:00+00:00,0,0
2026-04-30 14:32:00+00:00,0,0
2026-04-30 14:40:00+00:00,0,0
2026-04-30 14:46:00+00:00,0,0
2026-04-30 16:01:00+00:00,0,0
2026-04-30 16:55:00+00:00,0,0
2026-04-30 16:56:00+00:00,0,0
2026-04-30 17:38:00+00:00,0,0
2026-04-30 18:00:00+00:00,0,0
2026-04-30 19:20:00+00:00,0,0
2026-04-30 19:50:00+00:00,0,0
2026-05-01 06:06:00+00:00,0,0
2026-05-01 07:07:00+00:00,0,0
2026-05-01 07:08:00+00:00,0,0
2026-05-01 07:22:00+00:00,0,0
2026-05-01 07:23:00+00:00,0,1
2026-05-01 08:10:00+00:00,0,0
2026-05-01 12:13:00+00:00,1,0
2026-05-01 12:14:00+00:00,1,1
2026-05-01 12:17:00+00:00,1,0
2026-05-01 12:22:00+00:00,0,0
2026-05-01 12:25:00+00:00,0,1
2026-05-01 12:29:00+00:00,0,0
2026-05-01 12:30:00+00:00,0,0
2026-05-01 12:41:00+00:00,0,0
2026-05-01 13:32:00+00:00,1,0
2026-05-01 13:33:00+00:00,1,0
2026-05-01 13:37:00+00:00,1,0
2026-05-01 13:38:00+00:00,1,0
2026-05-01 13:40:00+00:00,1,1
2026-05-01 13:44:00+00:00,1,0
2026-05-01 13:45:00+00:00,1,0
2026-05-01 13:47:00+00:00,1,0
2026-05-01 13:50:00+00:00,1,0
2026-05-01 13:52:00+00:00,1,0
2026-05-01 13:53:00+00:00,1,0
2026-05-01 13:55:00+00:00,1,1
2026-05-01 14:00:00+00:00,1,1
2026-05-01 14:01:00+00:00,1,0
2026-05-01 14:04:00+00:00,1,0
2026-05-01 14:07:00+00:00,1,1
2026-05-01 14:11:00+00:00,0,1
2026-05-01 14:12:00+00:00,1,0
2026-05-01 14:17:00+00:00,1,0
2026-05-01 14:19:00+00:00,1,0
2026-05-01 14:23:00+00:00,1,0
2026-05-01 14:24:00+00:00,1,1
2026-05-01 14:27:00+00:00,1,0
2026-05-01 14:29:00+00:00,0,1
2026-05-01 14:35:00+00:00,0,1
2026-05-01 14:41:00+00:00,0,0
2026-05-01 14:43:00+00:00,0,0
2026-05-01 14:44:00+00:00,0,0
2026-05-01 16:23:00+00:00,0,0
2026-05-01 16:25:00+00:00,0,0
2026-05-01 16:29:00+00:00,0,0
2026-05-01 17:29:00+00:00,0,0
2026-05-01 18:16:00+00:00,0,0
2026-05-03 22:02:00+00:00,0,1
2026-05-03 22:03:00+00:00,0,1
2026-05-04 00:00:00+00:00,0,0
2026-05-04 00:01:00+00:00,0,0
2026-05-04 01:02:00+00:00,0,0
2026-05-04 01:11:00+00:00,0,0
2026-05-04 02:00:00+00:00,1,0
2026-05-04 03:45:00+00:00,0,0
2026-05-04 03:46:00+00:00,0,0
2026-05-04 05:19:00+00:00,0,0
2026-05-04 05:25:00+00:00,0,0
2026-05-04 06:05:00+00:00,0,0
2026-05-04 06:09:00+00:00,0,0
2026-05-04 06:33:00+00:00,0,0
2026-05-04 08:04:00+00:00,0,0
2026-05-04 08:16:00+00:00,0,0
2026-05-04 10:01:00+00:00,1,0
2026-05-04 10:02:00+00:00,1,0
2026-05-04 10:03:00+00:00,1,0
2026-05-04 10:05:00+00:00,0,0
2026-05-04 10:06:00+00:00,0,0
2026-05-04 10:07:00+00:00,0,1
2026-05-04 10:08:00+00:00,0,1
2026-05-04 10:13:00+00:00,0,1
2026-05-04 10:14:00+00:00,0,1
2026-05-04 10:21:00+00:00,1,1
2026-05-04 10:22:00+00:00,1,1
2026-05-04 10:24:00+00:00,1,1
2026-05-04 10:26:00+00:00,1,1
2026-05-04 10:32:00+00:00,0,1
2026-05-04 10:33:00+00:00,0,1
2026-05-04 10:39:00+00:00,0,0
2026-05-04 11:04:00+00:00,0,0
2026-05-04 11:39:00+00:00,1,0
2026-05-04 12:16:00+00:00,0,0
2026-05-04 12:18:00+00:00,0,0
2026-05-04 12:20:00+00:00,1,0
2026-05-04 12:22:00+00:00,0,1
2026-05-04 12:38:00+00:00,0,1
2026-05-04 12:59:00+00:00,0,0
2026-05-04 13:00:00+00:00,0,1
2026-05-04 13:06:00+00:00,0,0
2026-05-04 13:08:00+00:00,0,0
2026-05-04 13:32:00+00:00,0,1
2026-05-04 13:34:00+00:00,0,1
2026-05-04 13:40:00+00:00,1,1
2026-05-04 13:41:00+00:00,0,1
2026-05-04 14:35:00+00:00,1,0
2026-05-04 14:46:00+00:00,1,0
2026-05-04 14:56:00+00:00,1,0
2026-05-04 14:59:00+00:00,1,0
2026-05-04 15:13:00+00:00,1,0
2026-05-04 15:14:00+00:00,1,1
2026-05-04 15:15:00+00:00,1,1
2026-05-04 15:17:00+00:00,1,1
2026-05-04 15:18:00+00:00,1,1
2026-05-04 15:19:00+00:00,1,1
2026-05-04 15:20:00+00:00,1,1
2026-05-04 15:21:00+00:00,1,1
2026-05-04 15:23:00+00:00,0,1
2026-05-04 15:24:00+00:00,0,1
2026-05-04 15:25:00+00:00,0,1
2026-05-04 15:26:00+00:00,0,1
2026-05-04 15:27:00+00:00,0,1
2026-05-04 15:28:00+00:00,1,1
2026-05-04 15:31:00+00:00,0,1
2026-05-04 15:32:00+00:00,0,1
2026-05-04 15:33:00+00:00,1,1
2026-05-04 15:36:00+00:00,1,1
2026-05-04 15:45:00+00:00,1,1
2026-05-04 15:47:00+00:00,1,1
2026-05-04 15:49:00+00:00,1,1
2026-05-04 15:51:00+00:00,0,0
2026-05-04 15:53:00+00:00,1,1
2026-05-04 15:59:00+00:00,1,1
2026-05-04 16:00:00+00:00,1,1
2026-05-04 16:01:00+00:00,0,1
2026-05-04 16:04:00+00:00,1,1
2026-05-04 16:07:00+00:00,0,0
2026-05-04 16:08:00+00:00,0,1
2026-05-04 16:10:00+00:00,1,1
2026-05-04 16:11:00+00:00,0,1
2026-05-04 16:13:00+00:00,0,1
2026-05-04 16:18:00+00:00,0,1
2026-05-04 16:19:00+00:00,0,1
2026-05-04 16:27:00+00:00,0,1
2026-05-04 16:47:00+00:00,1,1
2026-05-04 17:04:00+00:00,0,0
2026-05-04 17:14:00+00:00,0,0
2026-05-04 17:17:00+00:00,0,0
2026-05-05 00:15:00+00:00,0,0
2026-05-05 01:02:00+00:00,0,0
2026-05-05 05:34:00+00:00,0,0
2026-05-05 06:00:00+00:00,0,0
2026-05-05 06:30:00+00:00,0,0
2026-05-05 07:00:00+00:00,0,0
2026-05-05 07:37:00+00:00,0,0
2026-05-05 07:38:00+00:00,0,0
2026-05-05 09:00:00+00:00,0,0
2026-05-05 09:30:00+00:00,0,0
2026-05-05 10:34:00+00:00,0,0
2026-05-05 12:06:00+00:00,1,0
2026-05-05 12:07:00+00:00,1,0
2026-05-05 12:11:00+00:00,1,0
2026-05-05 13:35:00+00:00,0,0
2026-05-05 14:47:00+00:00,0,0
2026-05-05 22:52:00+00:00,1,0
2026-05-05 22:55:00+00:00,0,1
2026-05-05 23:14:00+00:00,0,1
2026-05-06 00:18:00+00:00,1,0
2026-05-06 00:55:00+00:00,0,0
2026-05-06 01:24:00+00:00,0,0
2026-05-06 01:47:00+00:00,0,0
2026-05-06 03:39:00+00:00,0,0
2026-05-06 04:27:00+00:00,0,0
2026-05-06 05:56:00+00:00,0,0
2026-05-06 05:58:00+00:00,0,0
2026-05-06 06:08:00+00:00,0,1
2026-05-06 07:59:00+00:00,0,0
2026-05-06 08:00:00+00:00,0,0
2026-05-06 08:50:00+00:00,0,1
2026-05-06 08:52:00+00:00,0,0
2026-05-06 08:53:00+00:00,0,0
2026-05-06 08:57:00+00:00,0,0
2026-05-06 08:59:00+00:00,0,0
2026-05-06 09:02:00+00:00,0,0
2026-05-06 09:03:00+00:00,0,0
2026-05-06 09:04:00+00:00,0,1
2026-05-06 09:08:00+00:00,0,0
2026-05-06 09:18:00+00:00,0,0
2026-05-06 09:21:00+00:00,0,0
2026-05-06 09:32:00+00:00,0,0
2026-05-06 10:30:00+00:00,0,0
2026-05-06 10:31:00+00:00,0,0
2026-05-06 10:50:00+00:00,0,0
2026-05-06 10:51:00+00:00,0,0
2026-05-06 10:53:00+00:00,0,0
2026-05-06 10:54:00+00:00,0,1
2026-05-06 10:56:00+00:00,0,0
2026-05-06 10:57:00+00:00,0,0
2026-05-06 11:02:00+00:00,0,0
2026-05-06 11:12:00+00:00,0,0
2026-05-06 11:29:00+00:00,1,0
2026-05-06 11:31:00+00:00,1,0
2026-05-06 11:42:00+00:00,1,0
2026-05-06 12:03:00+00:00,1,0
2026-05-06 12:06:00+00:00,1,0
2026-05-06 12:10:00+00:00,0,0
2026-05-06 12:14:00+00:00,0,0
2026-05-06 12:18:00+00:00,1,0
2026-05-06 12:19:00+00:00,1,1
2026-05-06 12:20:00+00:00,0,1
2026-05-06 12:21:00+00:00,0,1
2026-05-06 12:23:00+00:00,0,1
2026-05-06 12:29:00+00:00,0,0
2026-05-06 12:30:00+00:00,0,1
2026-05-06 12:31:00+00:00,0,1
2026-05-06 12:37:00+00:00,0,1
2026-05-06 12:54:00+00:00,1,0
2026-05-06 12:59:00+00:00,0,0
2026-05-06 13:01:00+00:00,1,0
2026-05-06 13:04:00+00:00,0,0
2026-05-06 13:06:00+00:00,0,0
2026-05-06 13:08:00+00:00,1,0
2026-05-06 13:14:00+00:00,1,0
2026-05-06 13:15:00+00:00,1,1
2026-05-06 13:31:00+00:00,1,1
2026-05-06 13:33:00+00:00,1,0
2026-05-06 13:34:00+00:00,0,0
2026-05-06 13:39:00+00:00,1,0
2026-05-06 13:40:00+00:00,0,0
2026-05-06 13:47:00+00:00,1,0
2026-05-06 13:49:00+00:00,0,0
2026-05-06 13:50:00+00:00,1,0
2026-05-06 13:51:00+00:00,0,0
2026-05-06 13:53:00+00:00,0,0
2026-05-06 14:00:00+00:00,0,0
2026-05-06 14:06:00+00:00,0,0
2026-05-06 14:07:00+00:00,0,0
2026-05-06 14:15:00+00:00,1,0
2026-05-06 14:22:00+00:00,1,0
2026-05-06 16:06:00+00:00,0,0
2026-05-07 00:04:00+00:00,0,0
2026-05-07 00:07:00+00:00,0,0
2026-05-07 00:09:00+00:00,0,0
2026-05-07 01:10:00+00:00,0,1
2026-05-07 01:16:00+00:00,0,0
2026-05-07 01:39:00+00:00,0,0
2026-05-07 02:11:00+00:00,0,0
2026-05-07 02:16:00+00:00,0,0
2026-05-07 05:30:00+00:00,0,0
2026-05-07 06:31:00+00:00,1,0
2026-05-07 06:35:00+00:00,0,1
2026-05-07 06:39:00+00:00,0,1
2026-05-07 06:40:00+00:00,0,1
2026-05-07 06:41:00+00:00,0,1
2026-05-07 06:43:00+00:00,0,1
2026-05-07 06:44:00+00:00,0,1
2026-05-07 06:45:00+00:00,0,1
2026-05-07 07:07:00+00:00,0,1
2026-05-07 07:15:00+00:00,0,0
2026-05-07 08:01:00+00:00,0,0
2026-05-07 08:07:00+00:00,0,0
2026-05-07 08:08:00+00:00,0,0
2026-05-07 08:14:00+00:00,0,0
2026-05-07 08:25:00+00:00,0,0
2026-05-07 09:04:00+00:00,0,0
2026-05-07 09:07:00+00:00,0,0
2026-05-07 12:01:00+00:00,0,0
2026-05-07 12:10:00+00:00,0,0
2026-05-07 12:22:00+00:00,0,0
2026-05-07 12:30:00+00:00,0,0
2026-05-07 12:50:00+00:00,0,0
2026-05-07 12:59:00+00:00,0,0
2026-05-07 13:00:00+00:00,0,0
2026-05-07 13:10:00+00:00,1,0
2026-05-07 13:13:00+00:00,1,1
2026-05-07 13:32:00+00:00,0,0
2026-05-07 13:33:00+00:00,0,0
2026-05-07 13:35:00+00:00,0,1
2026-05-07 13:40:00+00:00,0,0
2026-05-07 13:45:00+00:00,0,0
2026-05-07 13:46:00+00:00,0,0
2026-05-07 13:47:00+00:00,0,0
2026-05-07 13:51:00+00:00,1,0
2026-05-07 14:12:00+00:00,0,0
2026-05-07 14:15:00+00:00,0,1
2026-05-07 14:16:00+00:00,0,0
2026-05-07 14:20:00+00:00,0,0
2026-05-07 14:36:00+00:00,0,0
2026-05-07 14:42:00+00:00,0,0
2026-05-07 14:44:00+00:00,0,0
2026-05-07 14:45:00+00:00,1,0
2026-05-07 15:24:00+00:00,1,0
2026-05-07 15:26:00+00:00,1,0
2026-05-07 15:28:00+00:00,1,0
2026-05-07 15:31:00+00:00,1,0
2026-05-07 15:43:00+00:00,1,0
2026-05-07 15:55:00+00:00,1,0
2026-05-07 16:02:00+00:00,1,0
2026-05-07 16:09:00+00:00,0,0
2026-05-07 16:10:00+00:00,0,1
2026-05-07 16:15:00+00:00,0,0
2026-05-07 16:18:00+00:00,0,0
2026-05-07 16:20:00+00:00,0,0
2026-05-07 16:23:00+00:00,0,0
2026-05-07 16:30:00+00:00,0,0
2026-05-07 16:32:00+00:00,0,0
2026-05-07 17:18:00+00:00,0,0
2026-05-07 17:22:00+00:00,1,0
2026-05-07 17:23:00+00:00,1,0
2026-05-07 17:25:00+00:00,0,0
2026-05-07 17:26:00+00:00,0,0
2026-05-07 17:27:00+00:00,1,1
2026-05-07 17:28:00+00:00,0,1
2026-05-07 17:33:00+00:00,0,1
2026-05-07 17:34:00+00:00,0,1
2026-05-07 17:37:00+00:00,0,1
2026-05-07 17:47:00+00:00,0,1
2026-05-07 18:09:00+00:00,0,0
2026-05-07 18:43:00+00:00,0,0
2026-05-07 18:44:00+00:00,0,0
2026-05-07 18:49:00+00:00,0,1
2026-05-07 18:50:00+00:00,0,1
2026-05-07 18:51:00+00:00,0,1
2026-05-07 18:55:00+00:00,0,0
2026-05-07 19:07:00+00:00,0,0
2026-05-07 19:17:00+00:00,0,0
2026-05-07 19:27:00+00:00,0,0
2026-05-07 19:28:00+00:00,0,0
2026-05-07 19:41:00+00:00,0,0
2026-05-07 19:52:00+00:00,0,0
2026-05-07 19:58:00+00:00,0,0
2026-05-07 20:00:00+00:00,0,0
2026-05-07 20:02:00+00:00,0,1
