{
  "trades": 494,
  "total_pnl": 2105.0499999999893,
  "avg_trade": 4.261234817813744,
  "n_days": 28,
  "avg_trades_per_day": 17.642857142857142,
  "avg_day": 75.18035714285676,
  "positive_days_pct": 71.42857142857143,
  "max_drawdown": -151.08000000000175,
  "long": {
    "trades": 278,
    "wins": 145,
    "losses": 133,
    "win_rate": 52.15827338129496,
    "total_pnl": 1435.4999999999973,
    "avg_trade": 5.163669064748191
  },
  "short": {
    "trades": 216,
    "wins": 105,
    "losses": 111,
    "win_rate": 48.61111111111111,
    "total_pnl": 669.549999999992,
    "avg_trade": 3.0997685185184816
  },
  "streaks": {
    "max_win_streak": 10,
    "max_loss_streak": 8,
    "current_win_streak": 1,
    "current_loss_streak": 0
  },
  "reverse_signal": {
    "trades": 182,
    "wins": 130,
    "losses": 52,
    "breakeven": 0,
    "avg_pnl": 9.66379120879119,
    "win_rate_pct": 71.42857142857143,
    "loss_rate_pct": 28.57142857142857
  },
  "target_hit": {
    "trades": 120,
    "avg_pnl": 25.59241666666666
  },
  "timeout": {
    "trades": 39,
    "wins": 0,
    "losses": 39,
    "breakeven": 0,
    "avg_pnl": -6.098717948718122,
    "win_rate_pct": 0.0,
    "loss_rate_pct": 100.0
  },
  "all": {
    "trades": 494,
    "total_pnl": 2105.0499999999893,
    "avg_trade": 4.261234817813744,
    "median_trade": 0.3800000000001091,
    "win_rate_pct": 50.607287449392715,
    "gross_profit": 5189.75,
    "gross_loss": -3084.7000000000107,
    "profit_factor": 1.6824164424417227,
    "best_trade": 207.25,
    "worst_trade": -18.0,
    "avg_win": 20.759,
    "avg_loss": -12.642213114754142,
    "max_win_streak": 10,
    "max_loss_streak": 8,
    "current_streak": 1,
    "current_win_streak": 1,
    "current_loss_streak": 0,
    "avg_duration_min": 18.54251012145749,
    "median_duration_min": 16.0,
    "min_duration_min": 1.0,
    "max_duration_min": 117.0,
    "n_days": 28,
    "avg_trades_per_day": 17.642857142857142,
    "avg_day": 75.18035714285676,
    "median_day": 33.80499999999893,
    "best_day": 578.6200000000017,
    "worst_day": -66.71000000000186,
    "positive_days_pct": 71.42857142857143,
    "trade_max_drawdown": -151.08000000000175,
    "daily_max_drawdown": -80.63000000000375,
    "exit_reason_counts": {
      "reverse_signal": 182,
      "stop_loss": 153,
      "target_hit": 120,
      "timeout": 39
    },
    "reverse_signal_stats": {
      "trades": 182,
      "wins": 130,
      "losses": 52,
      "breakeven": 0,
      "avg_pnl": 9.66379120879119,
      "win_rate_pct": 71.42857142857143,
      "loss_rate_pct": 28.57142857142857
    },
    "target_hit_stats": {
      "trades": 120,
      "avg_pnl": 25.59241666666666
    },
    "timeout_stats": {
      "trades": 39,
      "wins": 0,
      "losses": 39,
      "breakeven": 0,
      "avg_pnl": -6.098717948718122,
      "win_rate_pct": 0.0,
      "loss_rate_pct": 100.0
    },
    "target_updates_mean": 1.5222672064777327,
    "target_updates_median": 1.0,
    "target_updates_max": 14
  },
  "long_up": {
    "trades": 278,
    "total_pnl": 1435.4999999999973,
    "avg_trade": 5.163669064748191,
    "median_trade": 0.9200000000000728,
    "win_rate_pct": 52.15827338129496,
    "gross_profit": 3036.379999999999,
    "gross_loss": -1600.880000000002,
    "profit_factor": 1.8966943181250284,
    "best_trade": 207.25,
    "worst_trade": -15.0,
    "avg_win": 20.940551724137926,
    "avg_loss": -12.036691729323323,
    "max_win_streak": 8,
    "max_loss_streak": 7,
    "current_streak": 4,
    "current_win_streak": 0,
    "current_loss_streak": 4,
    "avg_duration_min": 19.784172661870503,
    "median_duration_min": 17.0,
    "min_duration_min": 1.0,
    "max_duration_min": 117.0,
    "n_days": 26,
    "avg_trades_per_day": 10.692307692307692,
    "avg_day": 55.21153846153835,
    "median_day": 33.66499999999951,
    "best_day": 370.84000000000015,
    "worst_day": -46.780000000000655,
    "positive_days_pct": 76.92307692307693,
    "trade_max_drawdown": -120.83999999999924,
    "daily_max_drawdown": -53.81000000000131,
    "exit_reason_counts": {
      "stop_loss": 89,
      "reverse_signal": 88,
      "target_hit": 83,
      "timeout": 18
    },
    "reverse_signal_stats": {
      "trades": 88,
      "wins": 62,
      "losses": 26,
      "breakeven": 0,
      "avg_pnl": 9.740113636363606,
      "win_rate_pct": 70.45454545454545,
      "loss_rate_pct": 29.545454545454547
    },
    "target_hit_stats": {
      "trades": 83,
      "avg_pnl": 24.15337349397591
    },
    "timeout_stats": {
      "trades": 18,
      "wins": 0,
      "losses": 18,
      "breakeven": 0,
      "avg_pnl": -5.075555555555588,
      "win_rate_pct": 0.0,
      "loss_rate_pct": 100.0
    },
    "target_updates_mean": 1.5359712230215827,
    "target_updates_median": 1.0,
    "target_updates_max": 14
  },
  "short_down": {
    "trades": 216,
    "total_pnl": 669.549999999992,
    "avg_trade": 3.0997685185184816,
    "median_trade": -1.0950000000002547,
    "win_rate_pct": 48.61111111111111,
    "gross_profit": 2153.370000000001,
    "gross_loss": -1483.8200000000088,
    "profit_factor": 1.4512339771670337,
    "best_trade": 154.39000000000033,
    "worst_trade": -18.0,
    "avg_win": 20.508285714285723,
    "avg_loss": -13.367747747747828,
    "max_win_streak": 9,
    "max_loss_streak": 4,
    "current_streak": 1,
    "current_win_streak": 1,
    "current_loss_streak": 0,
    "avg_duration_min": 16.944444444444443,
    "median_duration_min": 14.0,
    "min_duration_min": 1.0,
    "max_duration_min": 71.0,
    "n_days": 26,
    "avg_trades_per_day": 8.307692307692308,
    "avg_day": 25.75192307692277,
    "median_day": 7.614999999999782,
    "best_day": 207.78000000000156,
    "worst_day": -51.720000000000255,
    "positive_days_pct": 61.53846153846154,
    "trade_max_drawdown": -229.82000000000517,
    "daily_max_drawdown": -167.52000000000498,
    "exit_reason_counts": {
      "reverse_signal": 94,
      "stop_loss": 64,
      "target_hit": 37,
      "timeout": 21
    },
    "reverse_signal_stats": {
      "trades": 94,
      "wins": 68,
      "losses": 26,
      "breakeven": 0,
      "avg_pnl": 9.592340425531908,
      "win_rate_pct": 72.3404255319149,
      "loss_rate_pct": 27.659574468085108
    },
    "target_hit_stats": {
      "trades": 37,
      "avg_pnl": 28.820540540540506
    },
    "timeout_stats": {
      "trades": 21,
      "wins": 0,
      "losses": 21,
      "breakeven": 0,
      "avg_pnl": -6.975714285714578,
      "win_rate_pct": 0.0,
      "loss_rate_pct": 100.0
    },
    "target_updates_mean": 1.5046296296296295,
    "target_updates_median": 1.0,
    "target_updates_max": 10
  }
}