{
  "all": {
    "trades": 229,
    "total_pnl": 1102.2699999999904,
    "avg_trade": 4.813406113537076,
    "median_trade": 2.1299999999991996,
    "win_rate_pct": 53.7117903930131,
    "gross_profit": 2355.479999999994,
    "gross_loss": -1253.2100000000037,
    "profit_factor": 1.879557296861649,
    "best_trade": 110.94000000000052,
    "worst_trade": -18.0,
    "avg_win": 19.150243902438977,
    "avg_loss": -11.822735849056638,
    "max_win_streak": 13,
    "max_loss_streak": 7,
    "current_streak": 13,
    "avg_duration_min": 23.78165938864629,
    "median_duration_min": 20.0,
    "min_duration_min": 1.0,
    "max_duration_min": 501.0,
    "n_days": 30,
    "avg_day": 36.742333333333015,
    "median_day": 18.804999999999833,
    "best_day": 381.0199999999977,
    "worst_day": -70.26000000000022,
    "positive_days_pct": 73.33333333333333,
    "trade_max_drawdown": -107.07999999999993,
    "daily_max_drawdown": -70.26000000000022,
    "exit_reason_counts": {
      "signal_target": 93,
      "reverse_signal": 74,
      "stop_loss": 62
    },
    "target_updates_mean": 1.2008733624454149,
    "target_updates_median": 1.0,
    "target_updates_max": 10
  },
  "long_up": {
    "trades": 146,
    "total_pnl": 659.6099999999888,
    "avg_trade": 4.5178767123286905,
    "median_trade": 1.389999999999418,
    "win_rate_pct": 51.369863013698634,
    "gross_profit": 1462.8599999999906,
    "gross_loss": -803.2500000000018,
    "profit_factor": 1.8211764705882194,
    "best_trade": 110.94000000000052,
    "worst_trade": -15.0,
    "avg_win": 19.504799999999875,
    "avg_loss": -11.313380281690167,
    "max_win_streak": 9,
    "max_loss_streak": 9,
    "current_streak": 9,
    "avg_duration_min": 21.171232876712327,
    "median_duration_min": 25.0,
    "min_duration_min": 1.0,
    "max_duration_min": 103.0,
    "n_days": 29,
    "avg_day": 22.745172413792716,
    "median_day": 18.77000000000043,
    "best_day": 177.65999999999985,
    "worst_day": -90.0,
    "positive_days_pct": 75.86206896551724,
    "trade_max_drawdown": -126.81999999999971,
    "daily_max_drawdown": -90.0,
    "exit_reason_counts": {
      "signal_target": 69,
      "stop_loss": 43,
      "reverse_signal": 34
    },
    "target_updates_mean": 1.047945205479452,
    "target_updates_median": 0.0,
    "target_updates_max": 10
  },
  "short_down": {
    "trades": 83,
    "total_pnl": 442.6600000000017,
    "avg_trade": 5.333253012048213,
    "median_trade": 3.339999999999236,
    "win_rate_pct": 57.831325301204814,
    "gross_profit": 892.6200000000035,
    "gross_loss": -449.96000000000186,
    "profit_factor": 1.983776335674282,
    "best_trade": 90.97999999999956,
    "worst_trade": -18.0,
    "avg_win": 18.596250000000072,
    "avg_loss": -12.856000000000053,
    "max_win_streak": 9,
    "max_loss_streak": 4,
    "current_streak": 4,
    "avg_duration_min": 28.373493975903614,
    "median_duration_min": 13.0,
    "min_duration_min": 1.0,
    "max_duration_min": 501.0,
    "n_days": 18,
    "avg_day": 24.592222222222315,
    "median_day": 10.5900000000006,
    "best_day": 259.08000000000266,
    "worst_day": -40.6800000000012,
    "positive_days_pct": 61.111111111111114,
    "trade_max_drawdown": -91.80000000000018,
    "daily_max_drawdown": -40.6800000000012,
    "exit_reason_counts": {
      "reverse_signal": 40,
      "signal_target": 24,
      "stop_loss": 19
    },
    "target_updates_mean": 1.4698795180722892,
    "target_updates_median": 1.0,
    "target_updates_max": 9
  }
}