threshold_pct,hits,samples,positive_rate_pct
0.2,126,367,34.332425068119896
0.3,74,367,20.16348773841962
0.6,13,367,3.5422343324250685
0.7,8,367,2.17983651226158
